carrier,horizon,event_year,N_original,n_observed,n_missing,observed_fraction,observed_etf_mean_bp,full_index_mean_bp,eligible_index_mean_bp,excluded_index_mean_bp,index_composition_shift_bp,observed_mean_tracking_residual_bp,missing_etf_mean_to_zero_bp,gamma_to_zero_bp,gamma_zero_scenario_bp_NOT_ESTIMATE,missing_returns_imputed,unconditional_mean_identified,gamma_bp,scenario_all_pair_mean_bp_NOT_ESTIMATE
512100.SH,1,pooled,1296,1271,25,0.9807098765432098,-0.8613703471410961,-0.4665715062302289,-0.4491995653475644,-1.349760980704895,0.017371940882664527,-0.4121707817935319,43.792068448653325,45.55400021115176,-0.8787422880237608,False,False,-100.0,-2.807754633702773
512100.SH,1,pooled,1296,1271,25,0.9807098765432098,-0.8613703471410961,-0.4665715062302289,-0.4491995653475644,-1.349760980704895,0.017371940882664527,-0.4121707817935319,43.792068448653325,45.55400021115176,-0.8787422880237608,False,False,-50.0,-1.8432484608632669
512100.SH,1,pooled,1296,1271,25,0.9807098765432098,-0.8613703471410961,-0.4665715062302289,-0.4491995653475644,-1.349760980704895,0.017371940882664527,-0.4121707817935319,43.792068448653325,45.55400021115176,-0.8787422880237608,False,False,-25.0,-1.360995374443514
512100.SH,1,pooled,1296,1271,25,0.9807098765432098,-0.8613703471410961,-0.4665715062302289,-0.4491995653475644,-1.349760980704895,0.017371940882664527,-0.4121707817935319,43.792068448653325,45.55400021115176,-0.8787422880237608,False,False,-10.0,-1.071643522591662
512100.SH,1,pooled,1296,1271,25,0.9807098765432098,-0.8613703471410961,-0.4665715062302289,-0.4491995653475644,-1.349760980704895,0.017371940882664527,-0.4121707817935319,43.792068448653325,45.55400021115176,-0.8787422880237608,False,False,-5.0,-0.9751929053077114
512100.SH,1,pooled,1296,1271,25,0.9807098765432098,-0.8613703471410961,-0.4665715062302289,-0.4491995653475644,-1.349760980704895,0.017371940882664527,-0.4121707817935319,43.792068448653325,45.55400021115176,-0.8787422880237608,False,False,0.0,-0.8787422880237608
512100.SH,1,pooled,1296,1271,25,0.9807098765432098,-0.8613703471410961,-0.4665715062302289,-0.4491995653475644,-1.349760980704895,0.017371940882664527,-0.4121707817935319,43.792068448653325,45.55400021115176,-0.8787422880237608,False,False,5.0,-0.7822916707398101
512100.SH,1,pooled,1296,1271,25,0.9807098765432098,-0.8613703471410961,-0.4665715062302289,-0.4491995653475644,-1.349760980704895,0.017371940882664527,-0.4121707817935319,43.792068448653325,45.55400021115176,-0.8787422880237608,False,False,10.0,-0.6858410534558596
512100.SH,1,pooled,1296,1271,25,0.9807098765432098,-0.8613703471410961,-0.4665715062302289,-0.4491995653475644,-1.349760980704895,0.017371940882664527,-0.4121707817935319,43.792068448653325,45.55400021115176,-0.8787422880237608,False,False,25.0,-0.3964892016040077
512100.SH,1,pooled,1296,1271,25,0.9807098765432098,-0.8613703471410961,-0.4665715062302289,-0.4491995653475644,-1.349760980704895,0.017371940882664527,-0.4121707817935319,43.792068448653325,45.55400021115176,-0.8787422880237608,False,False,50.0,0.08576388481574537
512100.SH,1,pooled,1296,1271,25,0.9807098765432098,-0.8613703471410961,-0.4665715062302289,-0.4491995653475644,-1.349760980704895,0.017371940882664527,-0.4121707817935319,43.792068448653325,45.55400021115176,-0.8787422880237608,False,False,100.0,1.0502700576552515
512100.SH,1,2021,186,168,18,0.9032258064516129,-1.8121966084532783,0.14500495872042082,0.13084146598141527,0.2771975576178044,-0.014163492739005551,-1.9430380744346942,16.913835012230596,18.579675529047492,-1.7980331157142735,False,False,-100.0,-11.475452470552984
512100.SH,1,2021,186,168,18,0.9032258064516129,-1.8121966084532783,0.14500495872042082,0.13084146598141527,0.2771975576178044,-0.014163492739005551,-1.9430380744346942,16.913835012230596,18.579675529047492,-1.7980331157142735,False,False,-50.0,-6.636742793133628
512100.SH,1,2021,186,168,18,0.9032258064516129,-1.8121966084532783,0.14500495872042082,0.13084146598141527,0.2771975576178044,-0.014163492739005551,-1.9430380744346942,16.913835012230596,18.579675529047492,-1.7980331157142735,False,False,-25.0,-4.217387954423951
512100.SH,1,2021,186,168,18,0.9032258064516129,-1.8121966084532783,0.14500495872042082,0.13084146598141527,0.2771975576178044,-0.014163492739005551,-1.9430380744346942,16.913835012230596,18.579675529047492,-1.7980331157142735,False,False,-10.0,-2.7657750511981445
512100.SH,1,2021,186,168,18,0.9032258064516129,-1.8121966084532783,0.14500495872042082,0.13084146598141527,0.2771975576178044,-0.014163492739005551,-1.9430380744346942,16.913835012230596,18.579675529047492,-1.7980331157142735,False,False,-5.0,-2.281904083456209
512100.SH,1,2021,186,168,18,0.9032258064516129,-1.8121966084532783,0.14500495872042082,0.13084146598141527,0.2771975576178044,-0.014163492739005551,-1.9430380744346942,16.913835012230596,18.579675529047492,-1.7980331157142735,False,False,0.0,-1.7980331157142735
512100.SH,1,2021,186,168,18,0.9032258064516129,-1.8121966084532783,0.14500495872042082,0.13084146598141527,0.2771975576178044,-0.014163492739005551,-1.9430380744346942,16.913835012230596,18.579675529047492,-1.7980331157142735,False,False,5.0,-1.314162147972338
512100.SH,1,2021,186,168,18,0.9032258064516129,-1.8121966084532783,0.14500495872042082,0.13084146598141527,0.2771975576178044,-0.014163492739005551,-1.9430380744346942,16.913835012230596,18.579675529047492,-1.7980331157142735,False,False,10.0,-0.8302911802304025
512100.SH,1,2021,186,168,18,0.9032258064516129,-1.8121966084532783,0.14500495872042082,0.13084146598141527,0.2771975576178044,-0.014163492739005551,-1.9430380744346942,16.913835012230596,18.579675529047492,-1.7980331157142735,False,False,25.0,0.621321722995404
512100.SH,1,2021,186,168,18,0.9032258064516129,-1.8121966084532783,0.14500495872042082,0.13084146598141527,0.2771975576178044,-0.014163492739005551,-1.9430380744346942,16.913835012230596,18.579675529047492,-1.7980331157142735,False,False,50.0,3.0406765617050815
512100.SH,1,2021,186,168,18,0.9032258064516129,-1.8121966084532783,0.14500495872042082,0.13084146598141527,0.2771975576178044,-0.014163492739005551,-1.9430380744346942,16.913835012230596,18.579675529047492,-1.7980331157142735,False,False,100.0,7.879386239124436
512100.SH,1,2022,309,302,7,0.9773462783171522,-1.3155039641935076,-0.5850462217908624,-0.470350006551767,-5.53336865067755,0.1146962152390954,-0.8451539576417406,56.75459959806276,63.133122206382055,-1.4302001794326031,False,False,-100.0,-3.695572347717393
512100.SH,1,2022,309,302,7,0.9773462783171522,-1.3155039641935076,-0.5850462217908624,-0.470350006551767,-5.53336865067755,0.1146962152390954,-0.8451539576417406,56.75459959806276,63.133122206382055,-1.4302001794326031,False,False,-50.0,-2.562886263574998
512100.SH,1,2022,309,302,7,0.9773462783171522,-1.3155039641935076,-0.5850462217908624,-0.470350006551767,-5.53336865067755,0.1146962152390954,-0.8451539576417406,56.75459959806276,63.133122206382055,-1.4302001794326031,False,False,-25.0,-1.9965432215038006
512100.SH,1,2022,309,302,7,0.9773462783171522,-1.3155039641935076,-0.5850462217908624,-0.470350006551767,-5.53336865067755,0.1146962152390954,-0.8451539576417406,56.75459959806276,63.133122206382055,-1.4302001794326031,False,False,-10.0,-1.656737396261082
512100.SH,1,2022,309,302,7,0.9773462783171522,-1.3155039641935076,-0.5850462217908624,-0.470350006551767,-5.53336865067755,0.1146962152390954,-0.8451539576417406,56.75459959806276,63.133122206382055,-1.4302001794326031,False,False,-5.0,-1.5434687878468427
512100.SH,1,2022,309,302,7,0.9773462783171522,-1.3155039641935076,-0.5850462217908624,-0.470350006551767,-5.53336865067755,0.1146962152390954,-0.8451539576417406,56.75459959806276,63.133122206382055,-1.4302001794326031,False,False,0.0,-1.4302001794326031
512100.SH,1,2022,309,302,7,0.9773462783171522,-1.3155039641935076,-0.5850462217908624,-0.470350006551767,-5.53336865067755,0.1146962152390954,-0.8451539576417406,56.75459959806276,63.133122206382055,-1.4302001794326031,False,False,5.0,-1.3169315710183636
512100.SH,1,2022,309,302,7,0.9773462783171522,-1.3155039641935076,-0.5850462217908624,-0.470350006551767,-5.53336865067755,0.1146962152390954,-0.8451539576417406,56.75459959806276,63.133122206382055,-1.4302001794326031,False,False,10.0,-1.2036629626041242
512100.SH,1,2022,309,302,7,0.9773462783171522,-1.3155039641935076,-0.5850462217908624,-0.470350006551767,-5.53336865067755,0.1146962152390954,-0.8451539576417406,56.75459959806276,63.133122206382055,-1.4302001794326031,False,False,25.0,-0.8638571373614057
512100.SH,1,2022,309,302,7,0.9773462783171522,-1.3155039641935076,-0.5850462217908624,-0.470350006551767,-5.53336865067755,0.1146962152390954,-0.8451539576417406,56.75459959806276,63.133122206382055,-1.4302001794326031,False,False,50.0,-0.2975140952902082
512100.SH,1,2022,309,302,7,0.9773462783171522,-1.3155039641935076,-0.5850462217908624,-0.470350006551767,-5.53336865067755,0.1146962152390954,-0.8451539576417406,56.75459959806276,63.133122206382055,-1.4302001794326031,False,False,100.0,0.8351719888521867
512100.SH,1,2023,178,178,0,1.0,-0.7365091385342616,-0.9675532141941686,-0.9675532141941686,,0.0,0.23104407565990706,,,-0.7365091385342616,False,True,-100.0,-0.7365091385342616
512100.SH,1,2023,178,178,0,1.0,-0.7365091385342616,-0.9675532141941686,-0.9675532141941686,,0.0,0.23104407565990706,,,-0.7365091385342616,False,True,-50.0,-0.7365091385342616
512100.SH,1,2023,178,178,0,1.0,-0.7365091385342616,-0.9675532141941686,-0.9675532141941686,,0.0,0.23104407565990706,,,-0.7365091385342616,False,True,-25.0,-0.7365091385342616
512100.SH,1,2023,178,178,0,1.0,-0.7365091385342616,-0.9675532141941686,-0.9675532141941686,,0.0,0.23104407565990706,,,-0.7365091385342616,False,True,-10.0,-0.7365091385342616
512100.SH,1,2023,178,178,0,1.0,-0.7365091385342616,-0.9675532141941686,-0.9675532141941686,,0.0,0.23104407565990706,,,-0.7365091385342616,False,True,-5.0,-0.7365091385342616
512100.SH,1,2023,178,178,0,1.0,-0.7365091385342616,-0.9675532141941686,-0.9675532141941686,,0.0,0.23104407565990706,,,-0.7365091385342616,False,True,0.0,-0.7365091385342616
512100.SH,1,2023,178,178,0,1.0,-0.7365091385342616,-0.9675532141941686,-0.9675532141941686,,0.0,0.23104407565990706,,,-0.7365091385342616,False,True,5.0,-0.7365091385342616
512100.SH,1,2023,178,178,0,1.0,-0.7365091385342616,-0.9675532141941686,-0.9675532141941686,,0.0,0.23104407565990706,,,-0.7365091385342616,False,True,10.0,-0.7365091385342616
512100.SH,1,2023,178,178,0,1.0,-0.7365091385342616,-0.9675532141941686,-0.9675532141941686,,0.0,0.23104407565990706,,,-0.7365091385342616,False,True,25.0,-0.7365091385342616
512100.SH,1,2023,178,178,0,1.0,-0.7365091385342616,-0.9675532141941686,-0.9675532141941686,,0.0,0.23104407565990706,,,-0.7365091385342616,False,True,50.0,-0.7365091385342616
512100.SH,1,2023,178,178,0,1.0,-0.7365091385342616,-0.9675532141941686,-0.9675532141941686,,0.0,0.23104407565990706,,,-0.7365091385342616,False,True,100.0,-0.7365091385342616
512100.SH,1,2024,374,374,0,1.0,-1.3523970546595334,-1.2837043716504246,-1.2837043716504246,,0.0,-0.06869268300910848,,,-1.3523970546595332,False,True,-100.0,-1.3523970546595332
512100.SH,1,2024,374,374,0,1.0,-1.3523970546595334,-1.2837043716504246,-1.2837043716504246,,0.0,-0.06869268300910848,,,-1.3523970546595332,False,True,-50.0,-1.3523970546595332
512100.SH,1,2024,374,374,0,1.0,-1.3523970546595334,-1.2837043716504246,-1.2837043716504246,,0.0,-0.06869268300910848,,,-1.3523970546595332,False,True,-25.0,-1.3523970546595332
512100.SH,1,2024,374,374,0,1.0,-1.3523970546595334,-1.2837043716504246,-1.2837043716504246,,0.0,-0.06869268300910848,,,-1.3523970546595332,False,True,-10.0,-1.3523970546595332
512100.SH,1,2024,374,374,0,1.0,-1.3523970546595334,-1.2837043716504246,-1.2837043716504246,,0.0,-0.06869268300910848,,,-1.3523970546595332,False,True,-5.0,-1.3523970546595332
512100.SH,1,2024,374,374,0,1.0,-1.3523970546595334,-1.2837043716504246,-1.2837043716504246,,0.0,-0.06869268300910848,,,-1.3523970546595332,False,True,0.0,-1.3523970546595332
512100.SH,1,2024,374,374,0,1.0,-1.3523970546595334,-1.2837043716504246,-1.2837043716504246,,0.0,-0.06869268300910848,,,-1.3523970546595332,False,True,5.0,-1.3523970546595332
512100.SH,1,2024,374,374,0,1.0,-1.3523970546595334,-1.2837043716504246,-1.2837043716504246,,0.0,-0.06869268300910848,,,-1.3523970546595332,False,True,10.0,-1.3523970546595332
512100.SH,1,2024,374,374,0,1.0,-1.3523970546595334,-1.2837043716504246,-1.2837043716504246,,0.0,-0.06869268300910848,,,-1.3523970546595332,False,True,25.0,-1.3523970546595332
512100.SH,1,2024,374,374,0,1.0,-1.3523970546595334,-1.2837043716504246,-1.2837043716504246,,0.0,-0.06869268300910848,,,-1.3523970546595332,False,True,50.0,-1.3523970546595332
512100.SH,1,2024,374,374,0,1.0,-1.3523970546595334,-1.2837043716504246,-1.2837043716504246,,0.0,-0.06869268300910848,,,-1.3523970546595332,False,True,100.0,-1.3523970546595332
512100.SH,1,2025,249,249,0,1.0,0.9792154268755858,0.8090827118908527,0.8090827118908527,,0.0,0.17013271498473317,,,0.9792154268755858,False,True,-100.0,0.9792154268755858
512100.SH,1,2025,249,249,0,1.0,0.9792154268755858,0.8090827118908527,0.8090827118908527,,0.0,0.17013271498473317,,,0.9792154268755858,False,True,-50.0,0.9792154268755858
512100.SH,1,2025,249,249,0,1.0,0.9792154268755858,0.8090827118908527,0.8090827118908527,,0.0,0.17013271498473317,,,0.9792154268755858,False,True,-25.0,0.9792154268755858
512100.SH,1,2025,249,249,0,1.0,0.9792154268755858,0.8090827118908527,0.8090827118908527,,0.0,0.17013271498473317,,,0.9792154268755858,False,True,-10.0,0.9792154268755858
512100.SH,1,2025,249,249,0,1.0,0.9792154268755858,0.8090827118908527,0.8090827118908527,,0.0,0.17013271498473317,,,0.9792154268755858,False,True,-5.0,0.9792154268755858
512100.SH,1,2025,249,249,0,1.0,0.9792154268755858,0.8090827118908527,0.8090827118908527,,0.0,0.17013271498473317,,,0.9792154268755858,False,True,0.0,0.9792154268755858
512100.SH,1,2025,249,249,0,1.0,0.9792154268755858,0.8090827118908527,0.8090827118908527,,0.0,0.17013271498473317,,,0.9792154268755858,False,True,5.0,0.9792154268755858
512100.SH,1,2025,249,249,0,1.0,0.9792154268755858,0.8090827118908527,0.8090827118908527,,0.0,0.17013271498473317,,,0.9792154268755858,False,True,10.0,0.9792154268755858
512100.SH,1,2025,249,249,0,1.0,0.9792154268755858,0.8090827118908527,0.8090827118908527,,0.0,0.17013271498473317,,,0.9792154268755858,False,True,25.0,0.9792154268755858
512100.SH,1,2025,249,249,0,1.0,0.9792154268755858,0.8090827118908527,0.8090827118908527,,0.0,0.17013271498473317,,,0.9792154268755858,False,True,50.0,0.9792154268755858
512100.SH,1,2025,249,249,0,1.0,0.9792154268755858,0.8090827118908527,0.8090827118908527,,0.0,0.17013271498473317,,,0.9792154268755858,False,True,100.0,0.9792154268755858
512100.SH,5,pooled,1296,1268,28,0.9783950617283951,0.984380088481504,1.1595861163433336,1.1117978555647132,3.323711640175117,-0.04778826077862042,-0.12741776708320915,-44.57835543551954,-47.77464930861148,1.0321683492601246,False,False,-100.0,-1.128325477900369
512100.SH,5,pooled,1296,1268,28,0.9783950617283951,0.984380088481504,1.1595861163433336,1.1117978555647132,3.323711640175117,-0.04778826077862042,-0.12741776708320915,-44.57835543551954,-47.77464930861148,1.0321683492601246,False,False,-50.0,-0.04807856432012225
512100.SH,5,pooled,1296,1268,28,0.9783950617283951,0.984380088481504,1.1595861163433336,1.1117978555647132,3.323711640175117,-0.04778826077862042,-0.12741776708320915,-44.57835543551954,-47.77464930861148,1.0321683492601246,False,False,-25.0,0.49204489247000116
512100.SH,5,pooled,1296,1268,28,0.9783950617283951,0.984380088481504,1.1595861163433336,1.1117978555647132,3.323711640175117,-0.04778826077862042,-0.12741776708320915,-44.57835543551954,-47.77464930861148,1.0321683492601246,False,False,-10.0,0.8161189665440752
512100.SH,5,pooled,1296,1268,28,0.9783950617283951,0.984380088481504,1.1595861163433336,1.1117978555647132,3.323711640175117,-0.04778826077862042,-0.12741776708320915,-44.57835543551954,-47.77464930861148,1.0321683492601246,False,False,-5.0,0.9241436579020998
512100.SH,5,pooled,1296,1268,28,0.9783950617283951,0.984380088481504,1.1595861163433336,1.1117978555647132,3.323711640175117,-0.04778826077862042,-0.12741776708320915,-44.57835543551954,-47.77464930861148,1.0321683492601246,False,False,0.0,1.0321683492601246
512100.SH,5,pooled,1296,1268,28,0.9783950617283951,0.984380088481504,1.1595861163433336,1.1117978555647132,3.323711640175117,-0.04778826077862042,-0.12741776708320915,-44.57835543551954,-47.77464930861148,1.0321683492601246,False,False,5.0,1.1401930406181493
512100.SH,5,pooled,1296,1268,28,0.9783950617283951,0.984380088481504,1.1595861163433336,1.1117978555647132,3.323711640175117,-0.04778826077862042,-0.12741776708320915,-44.57835543551954,-47.77464930861148,1.0321683492601246,False,False,10.0,1.248217731976174
512100.SH,5,pooled,1296,1268,28,0.9783950617283951,0.984380088481504,1.1595861163433336,1.1117978555647132,3.323711640175117,-0.04778826077862042,-0.12741776708320915,-44.57835543551954,-47.77464930861148,1.0321683492601246,False,False,25.0,1.572291806050248
512100.SH,5,pooled,1296,1268,28,0.9783950617283951,0.984380088481504,1.1595861163433336,1.1117978555647132,3.323711640175117,-0.04778826077862042,-0.12741776708320915,-44.57835543551954,-47.77464930861148,1.0321683492601246,False,False,50.0,2.112415262840371
512100.SH,5,pooled,1296,1268,28,0.9783950617283951,0.984380088481504,1.1595861163433336,1.1117978555647132,3.323711640175117,-0.04778826077862042,-0.12741776708320915,-44.57835543551954,-47.77464930861148,1.0321683492601246,False,False,100.0,3.192662176420618
512100.SH,5,2021,186,170,16,0.9139784946236559,-0.9046074774396482,0.8094807596200853,0.4312054730634837,4.828655679283978,-0.37827528655660153,-1.335812950503132,9.611454447796262,6.118611719015418,-0.5263321908830467,False,False,-100.0,-9.128482728517456
512100.SH,5,2021,186,170,16,0.9139784946236559,-0.9046074774396482,0.8094807596200853,0.4312054730634837,4.828655679283978,-0.37827528655660153,-1.335812950503132,9.611454447796262,6.118611719015418,-0.5263321908830467,False,False,-50.0,-4.827407459700252
512100.SH,5,2021,186,170,16,0.9139784946236559,-0.9046074774396482,0.8094807596200853,0.4312054730634837,4.828655679283978,-0.37827528655660153,-1.335812950503132,9.611454447796262,6.118611719015418,-0.5263321908830467,False,False,-25.0,-2.676869825291649
512100.SH,5,2021,186,170,16,0.9139784946236559,-0.9046074774396482,0.8094807596200853,0.4312054730634837,4.828655679283978,-0.37827528655660153,-1.335812950503132,9.611454447796262,6.118611719015418,-0.5263321908830467,False,False,-10.0,-1.3865472446464877
512100.SH,5,2021,186,170,16,0.9139784946236559,-0.9046074774396482,0.8094807596200853,0.4312054730634837,4.828655679283978,-0.37827528655660153,-1.335812950503132,9.611454447796262,6.118611719015418,-0.5263321908830467,False,False,-5.0,-0.9564397177647672
512100.SH,5,2021,186,170,16,0.9139784946236559,-0.9046074774396482,0.8094807596200853,0.4312054730634837,4.828655679283978,-0.37827528655660153,-1.335812950503132,9.611454447796262,6.118611719015418,-0.5263321908830467,False,False,0.0,-0.5263321908830467
512100.SH,5,2021,186,170,16,0.9139784946236559,-0.9046074774396482,0.8094807596200853,0.4312054730634837,4.828655679283978,-0.37827528655660153,-1.335812950503132,9.611454447796262,6.118611719015418,-0.5263321908830467,False,False,5.0,-0.09622466400132623
512100.SH,5,2021,186,170,16,0.9139784946236559,-0.9046074774396482,0.8094807596200853,0.4312054730634837,4.828655679283978,-0.37827528655660153,-1.335812950503132,9.611454447796262,6.118611719015418,-0.5263321908830467,False,False,10.0,0.33388286288039426
512100.SH,5,2021,186,170,16,0.9139784946236559,-0.9046074774396482,0.8094807596200853,0.4312054730634837,4.828655679283978,-0.37827528655660153,-1.335812950503132,9.611454447796262,6.118611719015418,-0.5263321908830467,False,False,25.0,1.6242054435255557
512100.SH,5,2021,186,170,16,0.9139784946236559,-0.9046074774396482,0.8094807596200853,0.4312054730634837,4.828655679283978,-0.37827528655660153,-1.335812950503132,9.611454447796262,6.118611719015418,-0.5263321908830467,False,False,50.0,3.774743077934158
512100.SH,5,2021,186,170,16,0.9139784946236559,-0.9046074774396482,0.8094807596200853,0.4312054730634837,4.828655679283978,-0.37827528655660153,-1.335812950503132,9.611454447796262,6.118611719015418,-0.5263321908830467,False,False,100.0,8.075818346751364
512100.SH,5,2022,309,298,11,0.9644012944983819,2.044837232436111,2.2741096861655032,2.3483020750851917,0.26417042270485863,0.07419238891968849,-0.3034648426490809,-55.39649956963282,-55.35720514968859,1.9706448435164223,False,False,-100.0,-1.5892257066453899
512100.SH,5,2022,309,298,11,0.9644012944983819,2.044837232436111,2.2741096861655032,2.3483020750851917,0.26417042270485863,0.07419238891968849,-0.3034648426490809,-55.39649956963282,-55.35720514968859,1.9706448435164223,False,False,-50.0,0.19070956843551623
512100.SH,5,2022,309,298,11,0.9644012944983819,2.044837232436111,2.2741096861655032,2.3483020750851917,0.26417042270485863,0.07419238891968849,-0.3034648426490809,-55.39649956963282,-55.35720514968859,1.9706448435164223,False,False,-25.0,1.0806772059759693
512100.SH,5,2022,309,298,11,0.9644012944983819,2.044837232436111,2.2741096861655032,2.3483020750851917,0.26417042270485863,0.07419238891968849,-0.3034648426490809,-55.39649956963282,-55.35720514968859,1.9706448435164223,False,False,-10.0,1.614657788500241
512100.SH,5,2022,309,298,11,0.9644012944983819,2.044837232436111,2.2741096861655032,2.3483020750851917,0.26417042270485863,0.07419238891968849,-0.3034648426490809,-55.39649956963282,-55.35720514968859,1.9706448435164223,False,False,-5.0,1.7926513160083317
512100.SH,5,2022,309,298,11,0.9644012944983819,2.044837232436111,2.2741096861655032,2.3483020750851917,0.26417042270485863,0.07419238891968849,-0.3034648426490809,-55.39649956963282,-55.35720514968859,1.9706448435164223,False,False,0.0,1.9706448435164223
512100.SH,5,2022,309,298,11,0.9644012944983819,2.044837232436111,2.2741096861655032,2.3483020750851917,0.26417042270485863,0.07419238891968849,-0.3034648426490809,-55.39649956963282,-55.35720514968859,1.9706448435164223,False,False,5.0,2.148638371024513
512100.SH,5,2022,309,298,11,0.9644012944983819,2.044837232436111,2.2741096861655032,2.3483020750851917,0.26417042270485863,0.07419238891968849,-0.3034648426490809,-55.39649956963282,-55.35720514968859,1.9706448435164223,False,False,10.0,2.3266318985326038
512100.SH,5,2022,309,298,11,0.9644012944983819,2.044837232436111,2.2741096861655032,2.3483020750851917,0.26417042270485863,0.07419238891968849,-0.3034648426490809,-55.39649956963282,-55.35720514968859,1.9706448435164223,False,False,25.0,2.8606124810568754
512100.SH,5,2022,309,298,11,0.9644012944983819,2.044837232436111,2.2741096861655032,2.3483020750851917,0.26417042270485863,0.07419238891968849,-0.3034648426490809,-55.39649956963282,-55.35720514968859,1.9706448435164223,False,False,50.0,3.7505801185973286
512100.SH,5,2022,309,298,11,0.9644012944983819,2.044837232436111,2.2741096861655032,2.3483020750851917,0.26417042270485863,0.07419238891968849,-0.3034648426490809,-55.39649956963282,-55.35720514968859,1.9706448435164223,False,False,100.0,5.530515393678234
512100.SH,5,2023,178,178,0,1.0,-1.0842670517864494,-1.340350635292841,-1.340350635292841,,0.0,0.2560835835063913,,,-1.0842670517864497,False,True,-100.0,-1.0842670517864497
512100.SH,5,2023,178,178,0,1.0,-1.0842670517864494,-1.340350635292841,-1.340350635292841,,0.0,0.2560835835063913,,,-1.0842670517864497,False,True,-50.0,-1.0842670517864497
512100.SH,5,2023,178,178,0,1.0,-1.0842670517864494,-1.340350635292841,-1.340350635292841,,0.0,0.2560835835063913,,,-1.0842670517864497,False,True,-25.0,-1.0842670517864497
512100.SH,5,2023,178,178,0,1.0,-1.0842670517864494,-1.340350635292841,-1.340350635292841,,0.0,0.2560835835063913,,,-1.0842670517864497,False,True,-10.0,-1.0842670517864497
512100.SH,5,2023,178,178,0,1.0,-1.0842670517864494,-1.340350635292841,-1.340350635292841,,0.0,0.2560835835063913,,,-1.0842670517864497,False,True,-5.0,-1.0842670517864497
512100.SH,5,2023,178,178,0,1.0,-1.0842670517864494,-1.340350635292841,-1.340350635292841,,0.0,0.2560835835063913,,,-1.0842670517864497,False,True,0.0,-1.0842670517864497
512100.SH,5,2023,178,178,0,1.0,-1.0842670517864494,-1.340350635292841,-1.340350635292841,,0.0,0.2560835835063913,,,-1.0842670517864497,False,True,5.0,-1.0842670517864497
512100.SH,5,2023,178,178,0,1.0,-1.0842670517864494,-1.340350635292841,-1.340350635292841,,0.0,0.2560835835063913,,,-1.0842670517864497,False,True,10.0,-1.0842670517864497
512100.SH,5,2023,178,178,0,1.0,-1.0842670517864494,-1.340350635292841,-1.340350635292841,,0.0,0.2560835835063913,,,-1.0842670517864497,False,True,25.0,-1.0842670517864497
512100.SH,5,2023,178,178,0,1.0,-1.0842670517864494,-1.340350635292841,-1.340350635292841,,0.0,0.2560835835063913,,,-1.0842670517864497,False,True,50.0,-1.0842670517864497
512100.SH,5,2023,178,178,0,1.0,-1.0842670517864494,-1.340350635292841,-1.340350635292841,,0.0,0.2560835835063913,,,-1.0842670517864497,False,True,100.0,-1.0842670517864497
512100.SH,5,2024,374,373,1,0.9973262032085561,1.7354071070628845,1.7268235907175782,1.6968698727125147,12.899560406606225,-0.029953718005063523,0.038537234350369536,-647.306850934456,-660.2449485754124,1.7653608250679478,False,False,-100.0,1.4979811459235628
512100.SH,5,2024,374,373,1,0.9973262032085561,1.7354071070628845,1.7268235907175782,1.6968698727125147,12.899560406606225,-0.029953718005063523,0.038537234350369536,-647.306850934456,-660.2449485754124,1.7653608250679478,False,False,-50.0,1.6316709854957554
512100.SH,5,2024,374,373,1,0.9973262032085561,1.7354071070628845,1.7268235907175782,1.6968698727125147,12.899560406606225,-0.029953718005063523,0.038537234350369536,-647.306850934456,-660.2449485754124,1.7653608250679478,False,False,-25.0,1.6985159052818515
512100.SH,5,2024,374,373,1,0.9973262032085561,1.7354071070628845,1.7268235907175782,1.6968698727125147,12.899560406606225,-0.029953718005063523,0.038537234350369536,-647.306850934456,-660.2449485754124,1.7653608250679478,False,False,-10.0,1.7386228571535092
512100.SH,5,2024,374,373,1,0.9973262032085561,1.7354071070628845,1.7268235907175782,1.6968698727125147,12.899560406606225,-0.029953718005063523,0.038537234350369536,-647.306850934456,-660.2449485754124,1.7653608250679478,False,False,-5.0,1.7519918411107285
512100.SH,5,2024,374,373,1,0.9973262032085561,1.7354071070628845,1.7268235907175782,1.6968698727125147,12.899560406606225,-0.029953718005063523,0.038537234350369536,-647.306850934456,-660.2449485754124,1.7653608250679478,False,False,0.0,1.7653608250679478
512100.SH,5,2024,374,373,1,0.9973262032085561,1.7354071070628845,1.7268235907175782,1.6968698727125147,12.899560406606225,-0.029953718005063523,0.038537234350369536,-647.306850934456,-660.2449485754124,1.7653608250679478,False,False,5.0,1.778729809025167
512100.SH,5,2024,374,373,1,0.9973262032085561,1.7354071070628845,1.7268235907175782,1.6968698727125147,12.899560406606225,-0.029953718005063523,0.038537234350369536,-647.306850934456,-660.2449485754124,1.7653608250679478,False,False,10.0,1.7920987929823864
512100.SH,5,2024,374,373,1,0.9973262032085561,1.7354071070628845,1.7268235907175782,1.6968698727125147,12.899560406606225,-0.029953718005063523,0.038537234350369536,-647.306850934456,-660.2449485754124,1.7653608250679478,False,False,25.0,1.832205744854044
512100.SH,5,2024,374,373,1,0.9973262032085561,1.7354071070628845,1.7268235907175782,1.6968698727125147,12.899560406606225,-0.029953718005063523,0.038537234350369536,-647.306850934456,-660.2449485754124,1.7653608250679478,False,False,50.0,1.8990506646401402
512100.SH,5,2024,374,373,1,0.9973262032085561,1.7354071070628845,1.7268235907175782,1.6968698727125147,12.899560406606225,-0.029953718005063523,0.038537234350369536,-647.306850934456,-660.2449485754124,1.7653608250679478,False,False,100.0,2.0327405042123328
512100.SH,5,2025,249,249,0,1.0,1.3586683227986296,0.9731352715672079,0.9731352715672079,,0.0,0.38553305123142145,,,1.3586683227986294,False,True,-100.0,1.3586683227986294
512100.SH,5,2025,249,249,0,1.0,1.3586683227986296,0.9731352715672079,0.9731352715672079,,0.0,0.38553305123142145,,,1.3586683227986294,False,True,-50.0,1.3586683227986294
512100.SH,5,2025,249,249,0,1.0,1.3586683227986296,0.9731352715672079,0.9731352715672079,,0.0,0.38553305123142145,,,1.3586683227986294,False,True,-25.0,1.3586683227986294
512100.SH,5,2025,249,249,0,1.0,1.3586683227986296,0.9731352715672079,0.9731352715672079,,0.0,0.38553305123142145,,,1.3586683227986294,False,True,-10.0,1.3586683227986294
512100.SH,5,2025,249,249,0,1.0,1.3586683227986296,0.9731352715672079,0.9731352715672079,,0.0,0.38553305123142145,,,1.3586683227986294,False,True,-5.0,1.3586683227986294
512100.SH,5,2025,249,249,0,1.0,1.3586683227986296,0.9731352715672079,0.9731352715672079,,0.0,0.38553305123142145,,,1.3586683227986294,False,True,0.0,1.3586683227986294
512100.SH,5,2025,249,249,0,1.0,1.3586683227986296,0.9731352715672079,0.9731352715672079,,0.0,0.38553305123142145,,,1.3586683227986294,False,True,5.0,1.3586683227986294
512100.SH,5,2025,249,249,0,1.0,1.3586683227986296,0.9731352715672079,0.9731352715672079,,0.0,0.38553305123142145,,,1.3586683227986294,False,True,10.0,1.3586683227986294
512100.SH,5,2025,249,249,0,1.0,1.3586683227986296,0.9731352715672079,0.9731352715672079,,0.0,0.38553305123142145,,,1.3586683227986294,False,True,25.0,1.3586683227986294
512100.SH,5,2025,249,249,0,1.0,1.3586683227986296,0.9731352715672079,0.9731352715672079,,0.0,0.38553305123142145,,,1.3586683227986294,False,True,50.0,1.3586683227986294
512100.SH,5,2025,249,249,0,1.0,1.3586683227986296,0.9731352715672079,0.9731352715672079,,0.0,0.38553305123142145,,,1.3586683227986294,False,True,100.0,1.3586683227986294
512100.SH,15,pooled,1296,1268,28,0.9783950617283951,4.368361145540591,3.8452727610421333,3.893563542903984,1.6583902110126056,0.04829078186185054,0.4747976026366075,-197.82435473376677,-199.957542547416,4.320070363678741,False,False,-100.0,2.159576536518247
512100.SH,15,pooled,1296,1268,28,0.9783950617283951,4.368361145540591,3.8452727610421333,3.893563542903984,1.6583902110126056,0.04829078186185054,0.4747976026366075,-197.82435473376677,-199.957542547416,4.320070363678741,False,False,-50.0,3.239823450098494
512100.SH,15,pooled,1296,1268,28,0.9783950617283951,4.368361145540591,3.8452727610421333,3.893563542903984,1.6583902110126056,0.04829078186185054,0.4747976026366075,-197.82435473376677,-199.957542547416,4.320070363678741,False,False,-25.0,3.7799469068886173
512100.SH,15,pooled,1296,1268,28,0.9783950617283951,4.368361145540591,3.8452727610421333,3.893563542903984,1.6583902110126056,0.04829078186185054,0.4747976026366075,-197.82435473376677,-199.957542547416,4.320070363678741,False,False,-10.0,4.104020980962692
512100.SH,15,pooled,1296,1268,28,0.9783950617283951,4.368361145540591,3.8452727610421333,3.893563542903984,1.6583902110126056,0.04829078186185054,0.4747976026366075,-197.82435473376677,-199.957542547416,4.320070363678741,False,False,-5.0,4.212045672320716
512100.SH,15,pooled,1296,1268,28,0.9783950617283951,4.368361145540591,3.8452727610421333,3.893563542903984,1.6583902110126056,0.04829078186185054,0.4747976026366075,-197.82435473376677,-199.957542547416,4.320070363678741,False,False,0.0,4.320070363678741
512100.SH,15,pooled,1296,1268,28,0.9783950617283951,4.368361145540591,3.8452727610421333,3.893563542903984,1.6583902110126056,0.04829078186185054,0.4747976026366075,-197.82435473376677,-199.957542547416,4.320070363678741,False,False,5.0,4.428095055036765
512100.SH,15,pooled,1296,1268,28,0.9783950617283951,4.368361145540591,3.8452727610421333,3.893563542903984,1.6583902110126056,0.04829078186185054,0.4747976026366075,-197.82435473376677,-199.957542547416,4.320070363678741,False,False,10.0,4.53611974639479
512100.SH,15,pooled,1296,1268,28,0.9783950617283951,4.368361145540591,3.8452727610421333,3.893563542903984,1.6583902110126056,0.04829078186185054,0.4747976026366075,-197.82435473376677,-199.957542547416,4.320070363678741,False,False,25.0,4.860193820468864
512100.SH,15,pooled,1296,1268,28,0.9783950617283951,4.368361145540591,3.8452727610421333,3.893563542903984,1.6583902110126056,0.04829078186185054,0.4747976026366075,-197.82435473376677,-199.957542547416,4.320070363678741,False,False,50.0,5.400317277258988
512100.SH,15,pooled,1296,1268,28,0.9783950617283951,4.368361145540591,3.8452727610421333,3.893563542903984,1.6583902110126056,0.04829078186185054,0.4747976026366075,-197.82435473376677,-199.957542547416,4.320070363678741,False,False,100.0,6.480564190839234
512100.SH,15,2021,186,165,21,0.8870967741935484,-0.09273159930695625,0.7454617316770866,0.7385966932467902,0.7994013193436876,-0.0068650384302964,-0.831328292553747,0.7286054231260848,0.7605323963361345,-0.08586656087666034,False,False,-100.0,-11.37618914152182
512100.SH,15,2021,186,165,21,0.8870967741935484,-0.09273159930695625,0.7454617316770866,0.7385966932467902,0.7994013193436876,-0.0068650384302964,-0.831328292553747,0.7286054231260848,0.7605323963361345,-0.08586656087666034,False,False,-50.0,-5.73102785119924
512100.SH,15,2021,186,165,21,0.8870967741935484,-0.09273159930695625,0.7454617316770866,0.7385966932467902,0.7994013193436876,-0.0068650384302964,-0.831328292553747,0.7286054231260848,0.7605323963361345,-0.08586656087666034,False,False,-25.0,-2.9084472060379505
512100.SH,15,2021,186,165,21,0.8870967741935484,-0.09273159930695625,0.7454617316770866,0.7385966932467902,0.7994013193436876,-0.0068650384302964,-0.831328292553747,0.7286054231260848,0.7605323963361345,-0.08586656087666034,False,False,-10.0,-1.2148988189411765
512100.SH,15,2021,186,165,21,0.8870967741935484,-0.09273159930695625,0.7454617316770866,0.7385966932467902,0.7994013193436876,-0.0068650384302964,-0.831328292553747,0.7286054231260848,0.7605323963361345,-0.08586656087666034,False,False,-5.0,-0.6503826899089183
512100.SH,15,2021,186,165,21,0.8870967741935484,-0.09273159930695625,0.7454617316770866,0.7385966932467902,0.7994013193436876,-0.0068650384302964,-0.831328292553747,0.7286054231260848,0.7605323963361345,-0.08586656087666034,False,False,0.0,-0.08586656087666034
512100.SH,15,2021,186,165,21,0.8870967741935484,-0.09273159930695625,0.7454617316770866,0.7385966932467902,0.7994013193436876,-0.0068650384302964,-0.831328292553747,0.7286054231260848,0.7605323963361345,-0.08586656087666034,False,False,5.0,0.47864956815559767
512100.SH,15,2021,186,165,21,0.8870967741935484,-0.09273159930695625,0.7454617316770866,0.7385966932467902,0.7994013193436876,-0.0068650384302964,-0.831328292553747,0.7286054231260848,0.7605323963361345,-0.08586656087666034,False,False,10.0,1.0431656971878556
512100.SH,15,2021,186,165,21,0.8870967741935484,-0.09273159930695625,0.7454617316770866,0.7385966932467902,0.7994013193436876,-0.0068650384302964,-0.831328292553747,0.7286054231260848,0.7605323963361345,-0.08586656087666034,False,False,25.0,2.7367140842846296
512100.SH,15,2021,186,165,21,0.8870967741935484,-0.09273159930695625,0.7454617316770866,0.7385966932467902,0.7994013193436876,-0.0068650384302964,-0.831328292553747,0.7286054231260848,0.7605323963361345,-0.08586656087666034,False,False,50.0,5.55929472944592
512100.SH,15,2021,186,165,21,0.8870967741935484,-0.09273159930695625,0.7454617316770866,0.7385966932467902,0.7994013193436876,-0.0068650384302964,-0.831328292553747,0.7286054231260848,0.7605323963361345,-0.08586656087666034,False,False,100.0,11.2044560197685
512100.SH,15,2022,309,303,6,0.9805825242718447,3.3348034381603244,2.8288910431398673,2.8801097176313757,0.2423479813186873,0.05121867449150841,0.4546937205289492,-168.40757362709638,-169.10461532894405,3.2835847636688165,False,False,-100.0,1.3418371908532827
512100.SH,15,2022,309,303,6,0.9805825242718447,3.3348034381603244,2.8288910431398673,2.8801097176313757,0.2423479813186873,0.05121867449150841,0.4546937205289492,-168.40757362709638,-169.10461532894405,3.2835847636688165,False,False,-50.0,2.3127109772610495
512100.SH,15,2022,309,303,6,0.9805825242718447,3.3348034381603244,2.8288910431398673,2.8801097176313757,0.2423479813186873,0.05121867449150841,0.4546937205289492,-168.40757362709638,-169.10461532894405,3.2835847636688165,False,False,-25.0,2.798147870464933
512100.SH,15,2022,309,303,6,0.9805825242718447,3.3348034381603244,2.8288910431398673,2.8801097176313757,0.2423479813186873,0.05121867449150841,0.4546937205289492,-168.40757362709638,-169.10461532894405,3.2835847636688165,False,False,-10.0,3.089410006387263
512100.SH,15,2022,309,303,6,0.9805825242718447,3.3348034381603244,2.8288910431398673,2.8801097176313757,0.2423479813186873,0.05121867449150841,0.4546937205289492,-168.40757362709638,-169.10461532894405,3.2835847636688165,False,False,-5.0,3.18649738502804
512100.SH,15,2022,309,303,6,0.9805825242718447,3.3348034381603244,2.8288910431398673,2.8801097176313757,0.2423479813186873,0.05121867449150841,0.4546937205289492,-168.40757362709638,-169.10461532894405,3.2835847636688165,False,False,0.0,3.2835847636688165
512100.SH,15,2022,309,303,6,0.9805825242718447,3.3348034381603244,2.8288910431398673,2.8801097176313757,0.2423479813186873,0.05121867449150841,0.4546937205289492,-168.40757362709638,-169.10461532894405,3.2835847636688165,False,False,5.0,3.380672142309593
512100.SH,15,2022,309,303,6,0.9805825242718447,3.3348034381603244,2.8288910431398673,2.8801097176313757,0.2423479813186873,0.05121867449150841,0.4546937205289492,-168.40757362709638,-169.10461532894405,3.2835847636688165,False,False,10.0,3.4777595209503698
512100.SH,15,2022,309,303,6,0.9805825242718447,3.3348034381603244,2.8288910431398673,2.8801097176313757,0.2423479813186873,0.05121867449150841,0.4546937205289492,-168.40757362709638,-169.10461532894405,3.2835847636688165,False,False,25.0,3.7690216568726997
512100.SH,15,2022,309,303,6,0.9805825242718447,3.3348034381603244,2.8288910431398673,2.8801097176313757,0.2423479813186873,0.05121867449150841,0.4546937205289492,-168.40757362709638,-169.10461532894405,3.2835847636688165,False,False,50.0,4.254458550076583
512100.SH,15,2022,309,303,6,0.9805825242718447,3.3348034381603244,2.8288910431398673,2.8801097176313757,0.2423479813186873,0.05121867449150841,0.4546937205289492,-168.40757362709638,-169.10461532894405,3.2835847636688165,False,False,100.0,5.2253323364843505
512100.SH,15,2023,178,178,0,1.0,0.5705053730184201,-0.6129969421646428,-0.6129969421646428,,0.0,1.1835023151830626,,,0.5705053730184197,False,True,-100.0,0.5705053730184197
512100.SH,15,2023,178,178,0,1.0,0.5705053730184201,-0.6129969421646428,-0.6129969421646428,,0.0,1.1835023151830626,,,0.5705053730184197,False,True,-50.0,0.5705053730184197
512100.SH,15,2023,178,178,0,1.0,0.5705053730184201,-0.6129969421646428,-0.6129969421646428,,0.0,1.1835023151830626,,,0.5705053730184197,False,True,-25.0,0.5705053730184197
512100.SH,15,2023,178,178,0,1.0,0.5705053730184201,-0.6129969421646428,-0.6129969421646428,,0.0,1.1835023151830626,,,0.5705053730184197,False,True,-10.0,0.5705053730184197
512100.SH,15,2023,178,178,0,1.0,0.5705053730184201,-0.6129969421646428,-0.6129969421646428,,0.0,1.1835023151830626,,,0.5705053730184197,False,True,-5.0,0.5705053730184197
512100.SH,15,2023,178,178,0,1.0,0.5705053730184201,-0.6129969421646428,-0.6129969421646428,,0.0,1.1835023151830626,,,0.5705053730184197,False,True,0.0,0.5705053730184197
512100.SH,15,2023,178,178,0,1.0,0.5705053730184201,-0.6129969421646428,-0.6129969421646428,,0.0,1.1835023151830626,,,0.5705053730184197,False,True,5.0,0.5705053730184197
512100.SH,15,2023,178,178,0,1.0,0.5705053730184201,-0.6129969421646428,-0.6129969421646428,,0.0,1.1835023151830626,,,0.5705053730184197,False,True,10.0,0.5705053730184197
512100.SH,15,2023,178,178,0,1.0,0.5705053730184201,-0.6129969421646428,-0.6129969421646428,,0.0,1.1835023151830626,,,0.5705053730184197,False,True,25.0,0.5705053730184197
512100.SH,15,2023,178,178,0,1.0,0.5705053730184201,-0.6129969421646428,-0.6129969421646428,,0.0,1.1835023151830626,,,0.5705053730184197,False,True,50.0,0.5705053730184197
512100.SH,15,2023,178,178,0,1.0,0.5705053730184201,-0.6129969421646428,-0.6129969421646428,,0.0,1.1835023151830626,,,0.5705053730184197,False,True,100.0,0.5705053730184197
512100.SH,15,2024,374,373,1,0.9973262032085561,8.611523324014962,8.681498952759691,8.629188198439413,28.1934103142234,-0.05231075432027765,-0.017664874424449344,-3212.098199857581,-3240.2739452973806,8.663834078335242,False,False,-100.0,8.396454399190857
512100.SH,15,2024,374,373,1,0.9973262032085561,8.611523324014962,8.681498952759691,8.629188198439413,28.1934103142234,-0.05231075432027765,-0.017664874424449344,-3212.098199857581,-3240.2739452973806,8.663834078335242,False,False,-50.0,8.53014423876305
512100.SH,15,2024,374,373,1,0.9973262032085561,8.611523324014962,8.681498952759691,8.629188198439413,28.1934103142234,-0.05231075432027765,-0.017664874424449344,-3212.098199857581,-3240.2739452973806,8.663834078335242,False,False,-25.0,8.596989158549146
512100.SH,15,2024,374,373,1,0.9973262032085561,8.611523324014962,8.681498952759691,8.629188198439413,28.1934103142234,-0.05231075432027765,-0.017664874424449344,-3212.098199857581,-3240.2739452973806,8.663834078335242,False,False,-10.0,8.637096110420803
512100.SH,15,2024,374,373,1,0.9973262032085561,8.611523324014962,8.681498952759691,8.629188198439413,28.1934103142234,-0.05231075432027765,-0.017664874424449344,-3212.098199857581,-3240.2739452973806,8.663834078335242,False,False,-5.0,8.650465094378022
512100.SH,15,2024,374,373,1,0.9973262032085561,8.611523324014962,8.681498952759691,8.629188198439413,28.1934103142234,-0.05231075432027765,-0.017664874424449344,-3212.098199857581,-3240.2739452973806,8.663834078335242,False,False,0.0,8.663834078335242
512100.SH,15,2024,374,373,1,0.9973262032085561,8.611523324014962,8.681498952759691,8.629188198439413,28.1934103142234,-0.05231075432027765,-0.017664874424449344,-3212.098199857581,-3240.2739452973806,8.663834078335242,False,False,5.0,8.677203062292461
512100.SH,15,2024,374,373,1,0.9973262032085561,8.611523324014962,8.681498952759691,8.629188198439413,28.1934103142234,-0.05231075432027765,-0.017664874424449344,-3212.098199857581,-3240.2739452973806,8.663834078335242,False,False,10.0,8.690572046249681
512100.SH,15,2024,374,373,1,0.9973262032085561,8.611523324014962,8.681498952759691,8.629188198439413,28.1934103142234,-0.05231075432027765,-0.017664874424449344,-3212.098199857581,-3240.2739452973806,8.663834078335242,False,False,25.0,8.730678998121338
512100.SH,15,2024,374,373,1,0.9973262032085561,8.611523324014962,8.681498952759691,8.629188198439413,28.1934103142234,-0.05231075432027765,-0.017664874424449344,-3212.098199857581,-3240.2739452973806,8.663834078335242,False,False,50.0,8.797523917907434
512100.SH,15,2024,374,373,1,0.9973262032085561,8.611523324014962,8.681498952759691,8.629188198439413,28.1934103142234,-0.05231075432027765,-0.017664874424449344,-3212.098199857581,-3240.2739452973806,8.663834078335242,False,False,100.0,8.931213757479627
512100.SH,15,2025,249,249,0,1.0,4.940919873147303,3.3450728163117636,3.3450728163117636,,0.0,1.5958470568355394,,,4.940919873147303,False,True,-100.0,4.940919873147303
512100.SH,15,2025,249,249,0,1.0,4.940919873147303,3.3450728163117636,3.3450728163117636,,0.0,1.5958470568355394,,,4.940919873147303,False,True,-50.0,4.940919873147303
512100.SH,15,2025,249,249,0,1.0,4.940919873147303,3.3450728163117636,3.3450728163117636,,0.0,1.5958470568355394,,,4.940919873147303,False,True,-25.0,4.940919873147303
512100.SH,15,2025,249,249,0,1.0,4.940919873147303,3.3450728163117636,3.3450728163117636,,0.0,1.5958470568355394,,,4.940919873147303,False,True,-10.0,4.940919873147303
512100.SH,15,2025,249,249,0,1.0,4.940919873147303,3.3450728163117636,3.3450728163117636,,0.0,1.5958470568355394,,,4.940919873147303,False,True,-5.0,4.940919873147303
512100.SH,15,2025,249,249,0,1.0,4.940919873147303,3.3450728163117636,3.3450728163117636,,0.0,1.5958470568355394,,,4.940919873147303,False,True,0.0,4.940919873147303
512100.SH,15,2025,249,249,0,1.0,4.940919873147303,3.3450728163117636,3.3450728163117636,,0.0,1.5958470568355394,,,4.940919873147303,False,True,5.0,4.940919873147303
512100.SH,15,2025,249,249,0,1.0,4.940919873147303,3.3450728163117636,3.3450728163117636,,0.0,1.5958470568355394,,,4.940919873147303,False,True,10.0,4.940919873147303
512100.SH,15,2025,249,249,0,1.0,4.940919873147303,3.3450728163117636,3.3450728163117636,,0.0,1.5958470568355394,,,4.940919873147303,False,True,25.0,4.940919873147303
512100.SH,15,2025,249,249,0,1.0,4.940919873147303,3.3450728163117636,3.3450728163117636,,0.0,1.5958470568355394,,,4.940919873147303,False,True,50.0,4.940919873147303
512100.SH,15,2025,249,249,0,1.0,4.940919873147303,3.3450728163117636,3.3450728163117636,,0.0,1.5958470568355394,,,4.940919873147303,False,True,100.0,4.940919873147303
512100.SH,30,pooled,1296,1259,37,0.9714506172839507,7.073796684740678,6.07436184426975,6.527167804962136,-9.333278818209019,0.45280596069238666,0.5466288797785406,-240.7002709753652,-231.91362103693473,6.620990724048291,False,False,-100.0,3.7660524524433523
512100.SH,30,pooled,1296,1259,37,0.9714506172839507,7.073796684740678,6.07436184426975,6.527167804962136,-9.333278818209019,0.45280596069238666,0.5466288797785406,-240.7002709753652,-231.91362103693473,6.620990724048291,False,False,-50.0,5.193521588245821
512100.SH,30,pooled,1296,1259,37,0.9714506172839507,7.073796684740678,6.07436184426975,6.527167804962136,-9.333278818209019,0.45280596069238666,0.5466288797785406,-240.7002709753652,-231.91362103693473,6.620990724048291,False,False,-25.0,5.9072561561470565
512100.SH,30,pooled,1296,1259,37,0.9714506172839507,7.073796684740678,6.07436184426975,6.527167804962136,-9.333278818209019,0.45280596069238666,0.5466288797785406,-240.7002709753652,-231.91362103693473,6.620990724048291,False,False,-10.0,6.335496896887797
512100.SH,30,pooled,1296,1259,37,0.9714506172839507,7.073796684740678,6.07436184426975,6.527167804962136,-9.333278818209019,0.45280596069238666,0.5466288797785406,-240.7002709753652,-231.91362103693473,6.620990724048291,False,False,-5.0,6.478243810468044
512100.SH,30,pooled,1296,1259,37,0.9714506172839507,7.073796684740678,6.07436184426975,6.527167804962136,-9.333278818209019,0.45280596069238666,0.5466288797785406,-240.7002709753652,-231.91362103693473,6.620990724048291,False,False,0.0,6.620990724048291
512100.SH,30,pooled,1296,1259,37,0.9714506172839507,7.073796684740678,6.07436184426975,6.527167804962136,-9.333278818209019,0.45280596069238666,0.5466288797785406,-240.7002709753652,-231.91362103693473,6.620990724048291,False,False,5.0,6.763737637628537
512100.SH,30,pooled,1296,1259,37,0.9714506172839507,7.073796684740678,6.07436184426975,6.527167804962136,-9.333278818209019,0.45280596069238666,0.5466288797785406,-240.7002709753652,-231.91362103693473,6.620990724048291,False,False,10.0,6.906484551208784
512100.SH,30,pooled,1296,1259,37,0.9714506172839507,7.073796684740678,6.07436184426975,6.527167804962136,-9.333278818209019,0.45280596069238666,0.5466288797785406,-240.7002709753652,-231.91362103693473,6.620990724048291,False,False,25.0,7.334725291949525
512100.SH,30,pooled,1296,1259,37,0.9714506172839507,7.073796684740678,6.07436184426975,6.527167804962136,-9.333278818209019,0.45280596069238666,0.5466288797785406,-240.7002709753652,-231.91362103693473,6.620990724048291,False,False,50.0,8.048459859850759
512100.SH,30,pooled,1296,1259,37,0.9714506172839507,7.073796684740678,6.07436184426975,6.527167804962136,-9.333278818209019,0.45280596069238666,0.5466288797785406,-240.7002709753652,-231.91362103693473,6.620990724048291,False,False,100.0,9.475928995653229
512100.SH,30,2021,186,159,27,0.8548387096774194,1.2571493902823745,1.757081502536413,3.6571836717542014,-9.432409049523883,1.9001021692177884,-2.4000342814718247,-7.403213076107317,4.429230254888392,-0.6429527789354117,False,False,-100.0,-15.159081811193477
512100.SH,30,2021,186,159,27,0.8548387096774194,1.2571493902823745,1.757081502536413,3.6571836717542014,-9.432409049523883,1.9001021692177884,-2.4000342814718247,-7.403213076107317,4.429230254888392,-0.6429527789354117,False,False,-50.0,-7.901017295064444
512100.SH,30,2021,186,159,27,0.8548387096774194,1.2571493902823745,1.757081502536413,3.6571836717542014,-9.432409049523883,1.9001021692177884,-2.4000342814718247,-7.403213076107317,4.429230254888392,-0.6429527789354117,False,False,-25.0,-4.271985036999928
512100.SH,30,2021,186,159,27,0.8548387096774194,1.2571493902823745,1.757081502536413,3.6571836717542014,-9.432409049523883,1.9001021692177884,-2.4000342814718247,-7.403213076107317,4.429230254888392,-0.6429527789354117,False,False,-10.0,-2.0945656821612184
512100.SH,30,2021,186,159,27,0.8548387096774194,1.2571493902823745,1.757081502536413,3.6571836717542014,-9.432409049523883,1.9001021692177884,-2.4000342814718247,-7.403213076107317,4.429230254888392,-0.6429527789354117,False,False,-5.0,-1.368759230548315
512100.SH,30,2021,186,159,27,0.8548387096774194,1.2571493902823745,1.757081502536413,3.6571836717542014,-9.432409049523883,1.9001021692177884,-2.4000342814718247,-7.403213076107317,4.429230254888392,-0.6429527789354117,False,False,0.0,-0.6429527789354117
512100.SH,30,2021,186,159,27,0.8548387096774194,1.2571493902823745,1.757081502536413,3.6571836717542014,-9.432409049523883,1.9001021692177884,-2.4000342814718247,-7.403213076107317,4.429230254888392,-0.6429527789354117,False,False,5.0,0.08285367267749155
512100.SH,30,2021,186,159,27,0.8548387096774194,1.2571493902823745,1.757081502536413,3.6571836717542014,-9.432409049523883,1.9001021692177884,-2.4000342814718247,-7.403213076107317,4.429230254888392,-0.6429527789354117,False,False,10.0,0.8086601242903948
512100.SH,30,2021,186,159,27,0.8548387096774194,1.2571493902823745,1.757081502536413,3.6571836717542014,-9.432409049523883,1.9001021692177884,-2.4000342814718247,-7.403213076107317,4.429230254888392,-0.6429527789354117,False,False,25.0,2.9860794791291045
512100.SH,30,2021,186,159,27,0.8548387096774194,1.2571493902823745,1.757081502536413,3.6571836717542014,-9.432409049523883,1.9001021692177884,-2.4000342814718247,-7.403213076107317,4.429230254888392,-0.6429527789354117,False,False,50.0,6.615111737193621
512100.SH,30,2021,186,159,27,0.8548387096774194,1.2571493902823745,1.757081502536413,3.6571836717542014,-9.432409049523883,1.9001021692177884,-2.4000342814718247,-7.403213076107317,4.429230254888392,-0.6429527789354117,False,False,100.0,13.873176253322654
512100.SH,30,2022,309,301,8,0.9741100323624595,9.349099219428336,8.747154722193212,9.129991311312725,-5.657071943428461,0.38283658911951335,0.21910790811560957,-351.7598581309911,-346.32189409567826,8.966262630308822,False,False,-100.0,6.377265866554777
512100.SH,30,2022,309,301,8,0.9741100323624595,9.349099219428336,8.747154722193212,9.129991311312725,-5.657071943428461,0.38283658911951335,0.21910790811560957,-351.7598581309911,-346.32189409567826,8.966262630308822,False,False,-50.0,7.671764248431799
512100.SH,30,2022,309,301,8,0.9741100323624595,9.349099219428336,8.747154722193212,9.129991311312725,-5.657071943428461,0.38283658911951335,0.21910790811560957,-351.7598581309911,-346.32189409567826,8.966262630308822,False,False,-25.0,8.31901343937031
512100.SH,30,2022,309,301,8,0.9741100323624595,9.349099219428336,8.747154722193212,9.129991311312725,-5.657071943428461,0.38283658911951335,0.21910790811560957,-351.7598581309911,-346.32189409567826,8.966262630308822,False,False,-10.0,8.707362953933417
512100.SH,30,2022,309,301,8,0.9741100323624595,9.349099219428336,8.747154722193212,9.129991311312725,-5.657071943428461,0.38283658911951335,0.21910790811560957,-351.7598581309911,-346.32189409567826,8.966262630308822,False,False,-5.0,8.83681279212112
512100.SH,30,2022,309,301,8,0.9741100323624595,9.349099219428336,8.747154722193212,9.129991311312725,-5.657071943428461,0.38283658911951335,0.21910790811560957,-351.7598581309911,-346.32189409567826,8.966262630308822,False,False,0.0,8.966262630308822
512100.SH,30,2022,309,301,8,0.9741100323624595,9.349099219428336,8.747154722193212,9.129991311312725,-5.657071943428461,0.38283658911951335,0.21910790811560957,-351.7598581309911,-346.32189409567826,8.966262630308822,False,False,5.0,9.095712468496524
512100.SH,30,2022,309,301,8,0.9741100323624595,9.349099219428336,8.747154722193212,9.129991311312725,-5.657071943428461,0.38283658911951335,0.21910790811560957,-351.7598581309911,-346.32189409567826,8.966262630308822,False,False,10.0,9.225162306684227
512100.SH,30,2022,309,301,8,0.9741100323624595,9.349099219428336,8.747154722193212,9.129991311312725,-5.657071943428461,0.38283658911951335,0.21910790811560957,-351.7598581309911,-346.32189409567826,8.966262630308822,False,False,25.0,9.613511821247334
512100.SH,30,2022,309,301,8,0.9741100323624595,9.349099219428336,8.747154722193212,9.129991311312725,-5.657071943428461,0.38283658911951335,0.21910790811560957,-351.7598581309911,-346.32189409567826,8.966262630308822,False,False,50.0,10.260761012185846
512100.SH,30,2022,309,301,8,0.9741100323624595,9.349099219428336,8.747154722193212,9.129991311312725,-5.657071943428461,0.38283658911951335,0.21910790811560957,-351.7598581309911,-346.32189409567826,8.966262630308822,False,False,100.0,11.555259394062869
512100.SH,30,2023,178,178,0,1.0,1.246439507344891,0.5617246256228843,0.5617246256228843,,0.0,0.6847148817220056,,,1.2464395073448897,False,True,-100.0,1.2464395073448897
512100.SH,30,2023,178,178,0,1.0,1.246439507344891,0.5617246256228843,0.5617246256228843,,0.0,0.6847148817220056,,,1.2464395073448897,False,True,-50.0,1.2464395073448897
512100.SH,30,2023,178,178,0,1.0,1.246439507344891,0.5617246256228843,0.5617246256228843,,0.0,0.6847148817220056,,,1.2464395073448897,False,True,-25.0,1.2464395073448897
512100.SH,30,2023,178,178,0,1.0,1.246439507344891,0.5617246256228843,0.5617246256228843,,0.0,0.6847148817220056,,,1.2464395073448897,False,True,-10.0,1.2464395073448897
512100.SH,30,2023,178,178,0,1.0,1.246439507344891,0.5617246256228843,0.5617246256228843,,0.0,0.6847148817220056,,,1.2464395073448897,False,True,-5.0,1.2464395073448897
512100.SH,30,2023,178,178,0,1.0,1.246439507344891,0.5617246256228843,0.5617246256228843,,0.0,0.6847148817220056,,,1.2464395073448897,False,True,0.0,1.2464395073448897
512100.SH,30,2023,178,178,0,1.0,1.246439507344891,0.5617246256228843,0.5617246256228843,,0.0,0.6847148817220056,,,1.2464395073448897,False,True,5.0,1.2464395073448897
512100.SH,30,2023,178,178,0,1.0,1.246439507344891,0.5617246256228843,0.5617246256228843,,0.0,0.6847148817220056,,,1.2464395073448897,False,True,10.0,1.2464395073448897
512100.SH,30,2023,178,178,0,1.0,1.246439507344891,0.5617246256228843,0.5617246256228843,,0.0,0.6847148817220056,,,1.2464395073448897,False,True,25.0,1.2464395073448897
512100.SH,30,2023,178,178,0,1.0,1.246439507344891,0.5617246256228843,0.5617246256228843,,0.0,0.6847148817220056,,,1.2464395073448897,False,True,50.0,1.2464395073448897
512100.SH,30,2023,178,178,0,1.0,1.246439507344891,0.5617246256228843,0.5617246256228843,,0.0,0.6847148817220056,,,1.2464395073448897,False,True,100.0,1.2464395073448897
512100.SH,30,2024,374,373,1,0.9973262032085561,12.011298807106227,10.660320823360374,10.646877505540068,15.674678370334316,-0.013443317820305722,1.3644213015661582,-4480.214455050623,-4497.253554722523,12.024742124926533,False,False,-100.0,11.757362445782148
512100.SH,30,2024,374,373,1,0.9973262032085561,12.011298807106227,10.660320823360374,10.646877505540068,15.674678370334316,-0.013443317820305722,1.3644213015661582,-4480.214455050623,-4497.253554722523,12.024742124926533,False,False,-50.0,11.891052285354341
512100.SH,30,2024,374,373,1,0.9973262032085561,12.011298807106227,10.660320823360374,10.646877505540068,15.674678370334316,-0.013443317820305722,1.3644213015661582,-4480.214455050623,-4497.253554722523,12.024742124926533,False,False,-25.0,11.957897205140437
512100.SH,30,2024,374,373,1,0.9973262032085561,12.011298807106227,10.660320823360374,10.646877505540068,15.674678370334316,-0.013443317820305722,1.3644213015661582,-4480.214455050623,-4497.253554722523,12.024742124926533,False,False,-10.0,11.998004157012094
512100.SH,30,2024,374,373,1,0.9973262032085561,12.011298807106227,10.660320823360374,10.646877505540068,15.674678370334316,-0.013443317820305722,1.3644213015661582,-4480.214455050623,-4497.253554722523,12.024742124926533,False,False,-5.0,12.011373140969313
512100.SH,30,2024,374,373,1,0.9973262032085561,12.011298807106227,10.660320823360374,10.646877505540068,15.674678370334316,-0.013443317820305722,1.3644213015661582,-4480.214455050623,-4497.253554722523,12.024742124926533,False,False,0.0,12.024742124926533
512100.SH,30,2024,374,373,1,0.9973262032085561,12.011298807106227,10.660320823360374,10.646877505540068,15.674678370334316,-0.013443317820305722,1.3644213015661582,-4480.214455050623,-4497.253554722523,12.024742124926533,False,False,5.0,12.038111108883752
512100.SH,30,2024,374,373,1,0.9973262032085561,12.011298807106227,10.660320823360374,10.646877505540068,15.674678370334316,-0.013443317820305722,1.3644213015661582,-4480.214455050623,-4497.253554722523,12.024742124926533,False,False,10.0,12.051480092840972
512100.SH,30,2024,374,373,1,0.9973262032085561,12.011298807106227,10.660320823360374,10.646877505540068,15.674678370334316,-0.013443317820305722,1.3644213015661582,-4480.214455050623,-4497.253554722523,12.024742124926533,False,False,25.0,12.091587044712629
512100.SH,30,2024,374,373,1,0.9973262032085561,12.011298807106227,10.660320823360374,10.646877505540068,15.674678370334316,-0.013443317820305722,1.3644213015661582,-4480.214455050623,-4497.253554722523,12.024742124926533,False,False,50.0,12.158431964498725
512100.SH,30,2024,374,373,1,0.9973262032085561,12.011298807106227,10.660320823360374,10.646877505540068,15.674678370334316,-0.013443317820305722,1.3644213015661582,-4480.214455050623,-4497.253554722523,12.024742124926533,False,False,100.0,12.292121804070918
512100.SH,30,2025,249,248,1,0.9959839357429718,4.797837583176101,3.035092410628382,3.2935983266369457,-61.07437475949551,0.25850591600856365,1.5042392565391542,-1189.863720627673,-1130.2935851247164,4.539331667167536,False,False,-100.0,4.137725241464725
512100.SH,30,2025,249,248,1,0.9959839357429718,4.797837583176101,3.035092410628382,3.2935983266369457,-61.07437475949551,0.25850591600856365,1.5042392565391542,-1189.863720627673,-1130.2935851247164,4.539331667167536,False,False,-50.0,4.338528454316131
512100.SH,30,2025,249,248,1,0.9959839357429718,4.797837583176101,3.035092410628382,3.2935983266369457,-61.07437475949551,0.25850591600856365,1.5042392565391542,-1189.863720627673,-1130.2935851247164,4.539331667167536,False,False,-25.0,4.438930060741833
512100.SH,30,2025,249,248,1,0.9959839357429718,4.797837583176101,3.035092410628382,3.2935983266369457,-61.07437475949551,0.25850591600856365,1.5042392565391542,-1189.863720627673,-1130.2935851247164,4.539331667167536,False,False,-10.0,4.499171024597255
512100.SH,30,2025,249,248,1,0.9959839357429718,4.797837583176101,3.035092410628382,3.2935983266369457,-61.07437475949551,0.25850591600856365,1.5042392565391542,-1189.863720627673,-1130.2935851247164,4.539331667167536,False,False,-5.0,4.519251345882395
512100.SH,30,2025,249,248,1,0.9959839357429718,4.797837583176101,3.035092410628382,3.2935983266369457,-61.07437475949551,0.25850591600856365,1.5042392565391542,-1189.863720627673,-1130.2935851247164,4.539331667167536,False,False,0.0,4.539331667167536
512100.SH,30,2025,249,248,1,0.9959839357429718,4.797837583176101,3.035092410628382,3.2935983266369457,-61.07437475949551,0.25850591600856365,1.5042392565391542,-1189.863720627673,-1130.2935851247164,4.539331667167536,False,False,5.0,4.559411988452677
512100.SH,30,2025,249,248,1,0.9959839357429718,4.797837583176101,3.035092410628382,3.2935983266369457,-61.07437475949551,0.25850591600856365,1.5042392565391542,-1189.863720627673,-1130.2935851247164,4.539331667167536,False,False,10.0,4.579492309737817
512100.SH,30,2025,249,248,1,0.9959839357429718,4.797837583176101,3.035092410628382,3.2935983266369457,-61.07437475949551,0.25850591600856365,1.5042392565391542,-1189.863720627673,-1130.2935851247164,4.539331667167536,False,False,25.0,4.639733273593239
512100.SH,30,2025,249,248,1,0.9959839357429718,4.797837583176101,3.035092410628382,3.2935983266369457,-61.07437475949551,0.25850591600856365,1.5042392565391542,-1189.863720627673,-1130.2935851247164,4.539331667167536,False,False,50.0,4.740134880018942
512100.SH,30,2025,249,248,1,0.9959839357429718,4.797837583176101,3.035092410628382,3.2935983266369457,-61.07437475949551,0.25850591600856365,1.5042392565391542,-1189.863720627673,-1130.2935851247164,4.539331667167536,False,False,100.0,4.940938092870347
512100.SH,60,pooled,1296,1261,35,0.9729938271604939,6.976346922546371,7.187690866857203,7.198426635462912,6.8008964608057925,0.01073576860570924,-0.2220797129165403,-251.3478134094564,-257.9266301573457,6.965611153940663,False,False,-100.0,4.264993869990046
512100.SH,60,pooled,1296,1261,35,0.9729938271604939,6.976346922546371,7.187690866857203,7.198426635462912,6.8008964608057925,0.01073576860570924,-0.2220797129165403,-251.3478134094564,-257.9266301573457,6.965611153940663,False,False,-50.0,5.615302511965354
512100.SH,60,pooled,1296,1261,35,0.9729938271604939,6.976346922546371,7.187690866857203,7.198426635462912,6.8008964608057925,0.01073576860570924,-0.2220797129165403,-251.3478134094564,-257.9266301573457,6.965611153940663,False,False,-25.0,6.290456832953009
512100.SH,60,pooled,1296,1261,35,0.9729938271604939,6.976346922546371,7.187690866857203,7.198426635462912,6.8008964608057925,0.01073576860570924,-0.2220797129165403,-251.3478134094564,-257.9266301573457,6.965611153940663,False,False,-10.0,6.695549425545601
512100.SH,60,pooled,1296,1261,35,0.9729938271604939,6.976346922546371,7.187690866857203,7.198426635462912,6.8008964608057925,0.01073576860570924,-0.2220797129165403,-251.3478134094564,-257.9266301573457,6.965611153940663,False,False,-5.0,6.830580289743132
512100.SH,60,pooled,1296,1261,35,0.9729938271604939,6.976346922546371,7.187690866857203,7.198426635462912,6.8008964608057925,0.01073576860570924,-0.2220797129165403,-251.3478134094564,-257.9266301573457,6.965611153940663,False,False,0.0,6.965611153940663
512100.SH,60,pooled,1296,1261,35,0.9729938271604939,6.976346922546371,7.187690866857203,7.198426635462912,6.8008964608057925,0.01073576860570924,-0.2220797129165403,-251.3478134094564,-257.9266301573457,6.965611153940663,False,False,5.0,7.100642018138194
512100.SH,60,pooled,1296,1261,35,0.9729938271604939,6.976346922546371,7.187690866857203,7.198426635462912,6.8008964608057925,0.01073576860570924,-0.2220797129165403,-251.3478134094564,-257.9266301573457,6.965611153940663,False,False,10.0,7.235672882335725
512100.SH,60,pooled,1296,1261,35,0.9729938271604939,6.976346922546371,7.187690866857203,7.198426635462912,6.8008964608057925,0.01073576860570924,-0.2220797129165403,-251.3478134094564,-257.9266301573457,6.965611153940663,False,False,25.0,7.640765474928317
512100.SH,60,pooled,1296,1261,35,0.9729938271604939,6.976346922546371,7.187690866857203,7.198426635462912,6.8008964608057925,0.01073576860570924,-0.2220797129165403,-251.3478134094564,-257.9266301573457,6.965611153940663,False,False,50.0,8.31591979591597
512100.SH,60,pooled,1296,1261,35,0.9729938271604939,6.976346922546371,7.187690866857203,7.198426635462912,6.8008964608057925,0.01073576860570924,-0.2220797129165403,-251.3478134094564,-257.9266301573457,6.965611153940663,False,False,100.0,9.66622843789128
512100.SH,60,2021,186,163,23,0.8763440860215054,-3.6264117388563863,-2.713054198362662,-0.741091299064962,-16.688269528168107,1.9719628992976999,-2.885320439791426,25.700222323199608,45.273812291159146,-5.5983746381540875,False,False,-100.0,-17.963966036003548
512100.SH,60,2021,186,163,23,0.8763440860215054,-3.6264117388563863,-2.713054198362662,-0.741091299064962,-16.688269528168107,1.9719628992976999,-2.885320439791426,25.700222323199608,45.273812291159146,-5.5983746381540875,False,False,-50.0,-11.78117033707882
512100.SH,60,2021,186,163,23,0.8763440860215054,-3.6264117388563863,-2.713054198362662,-0.741091299064962,-16.688269528168107,1.9719628992976999,-2.885320439791426,25.700222323199608,45.273812291159146,-5.5983746381540875,False,False,-25.0,-8.689772487616453
512100.SH,60,2021,186,163,23,0.8763440860215054,-3.6264117388563863,-2.713054198362662,-0.741091299064962,-16.688269528168107,1.9719628992976999,-2.885320439791426,25.700222323199608,45.273812291159146,-5.5983746381540875,False,False,-10.0,-6.834933777939034
512100.SH,60,2021,186,163,23,0.8763440860215054,-3.6264117388563863,-2.713054198362662,-0.741091299064962,-16.688269528168107,1.9719628992976999,-2.885320439791426,25.700222323199608,45.273812291159146,-5.5983746381540875,False,False,-5.0,-6.2166542080465605
512100.SH,60,2021,186,163,23,0.8763440860215054,-3.6264117388563863,-2.713054198362662,-0.741091299064962,-16.688269528168107,1.9719628992976999,-2.885320439791426,25.700222323199608,45.273812291159146,-5.5983746381540875,False,False,0.0,-5.5983746381540875
512100.SH,60,2021,186,163,23,0.8763440860215054,-3.6264117388563863,-2.713054198362662,-0.741091299064962,-16.688269528168107,1.9719628992976999,-2.885320439791426,25.700222323199608,45.273812291159146,-5.5983746381540875,False,False,5.0,-4.9800950682616145
512100.SH,60,2021,186,163,23,0.8763440860215054,-3.6264117388563863,-2.713054198362662,-0.741091299064962,-16.688269528168107,1.9719628992976999,-2.885320439791426,25.700222323199608,45.273812291159146,-5.5983746381540875,False,False,10.0,-4.3618154983691415
512100.SH,60,2021,186,163,23,0.8763440860215054,-3.6264117388563863,-2.713054198362662,-0.741091299064962,-16.688269528168107,1.9719628992976999,-2.885320439791426,25.700222323199608,45.273812291159146,-5.5983746381540875,False,False,25.0,-2.506976788691722
512100.SH,60,2021,186,163,23,0.8763440860215054,-3.6264117388563863,-2.713054198362662,-0.741091299064962,-16.688269528168107,1.9719628992976999,-2.885320439791426,25.700222323199608,45.273812291159146,-5.5983746381540875,False,False,50.0,0.5844210607706435
512100.SH,60,2021,186,163,23,0.8763440860215054,-3.6264117388563863,-2.713054198362662,-0.741091299064962,-16.688269528168107,1.9719628992976999,-2.885320439791426,25.700222323199608,45.273812291159146,-5.5983746381540875,False,False,100.0,6.7672167596953745
512100.SH,60,2022,309,300,9,0.970873786407767,4.594940742329887,4.977016619690019,4.174307968787063,31.733971649788614,-0.8027086509029564,0.420632773542825,-153.16469141099623,-185.31929583432765,5.397649393232844,False,False,-100.0,2.485028034009543
512100.SH,60,2022,309,300,9,0.970873786407767,4.594940742329887,4.977016619690019,4.174307968787063,31.733971649788614,-0.8027086509029564,0.420632773542825,-153.16469141099623,-185.31929583432765,5.397649393232844,False,False,-50.0,3.9413387136211933
512100.SH,60,2022,309,300,9,0.970873786407767,4.594940742329887,4.977016619690019,4.174307968787063,31.733971649788614,-0.8027086509029564,0.420632773542825,-153.16469141099623,-185.31929583432765,5.397649393232844,False,False,-25.0,4.669494053427019
512100.SH,60,2022,309,300,9,0.970873786407767,4.594940742329887,4.977016619690019,4.174307968787063,31.733971649788614,-0.8027086509029564,0.420632773542825,-153.16469141099623,-185.31929583432765,5.397649393232844,False,False,-10.0,5.106387257310514
512100.SH,60,2022,309,300,9,0.970873786407767,4.594940742329887,4.977016619690019,4.174307968787063,31.733971649788614,-0.8027086509029564,0.420632773542825,-153.16469141099623,-185.31929583432765,5.397649393232844,False,False,-5.0,5.252018325271679
512100.SH,60,2022,309,300,9,0.970873786407767,4.594940742329887,4.977016619690019,4.174307968787063,31.733971649788614,-0.8027086509029564,0.420632773542825,-153.16469141099623,-185.31929583432765,5.397649393232844,False,False,0.0,5.397649393232844
512100.SH,60,2022,309,300,9,0.970873786407767,4.594940742329887,4.977016619690019,4.174307968787063,31.733971649788614,-0.8027086509029564,0.420632773542825,-153.16469141099623,-185.31929583432765,5.397649393232844,False,False,5.0,5.543280461194009
512100.SH,60,2022,309,300,9,0.970873786407767,4.594940742329887,4.977016619690019,4.174307968787063,31.733971649788614,-0.8027086509029564,0.420632773542825,-153.16469141099623,-185.31929583432765,5.397649393232844,False,False,10.0,5.688911529155174
512100.SH,60,2022,309,300,9,0.970873786407767,4.594940742329887,4.977016619690019,4.174307968787063,31.733971649788614,-0.8027086509029564,0.420632773542825,-153.16469141099623,-185.31929583432765,5.397649393232844,False,False,25.0,6.125804733038669
512100.SH,60,2022,309,300,9,0.970873786407767,4.594940742329887,4.977016619690019,4.174307968787063,31.733971649788614,-0.8027086509029564,0.420632773542825,-153.16469141099623,-185.31929583432765,5.397649393232844,False,False,50.0,6.853960072844495
512100.SH,60,2022,309,300,9,0.970873786407767,4.594940742329887,4.977016619690019,4.174307968787063,31.733971649788614,-0.8027086509029564,0.420632773542825,-153.16469141099623,-185.31929583432765,5.397649393232844,False,False,100.0,8.310270752456145
512100.SH,60,2023,178,177,1,0.9943820224719101,-3.588528502093626,-4.541562420402232,-4.567328607610706,0.019052715497513972,-0.025766187208473568,0.9788001055170792,635.1695448705718,634.1716920495572,-3.562762314885153,False,False,-100.0,-4.124560067694142
512100.SH,60,2023,178,177,1,0.9943820224719101,-3.588528502093626,-4.541562420402232,-4.567328607610706,0.019052715497513972,-0.025766187208473568,0.9788001055170792,635.1695448705718,634.1716920495572,-3.562762314885153,False,False,-50.0,-3.8436611912896472
512100.SH,60,2023,178,177,1,0.9943820224719101,-3.588528502093626,-4.541562420402232,-4.567328607610706,0.019052715497513972,-0.025766187208473568,0.9788001055170792,635.1695448705718,634.1716920495572,-3.562762314885153,False,False,-25.0,-3.7032117530874
512100.SH,60,2023,178,177,1,0.9943820224719101,-3.588528502093626,-4.541562420402232,-4.567328607610706,0.019052715497513972,-0.025766187208473568,0.9788001055170792,635.1695448705718,634.1716920495572,-3.562762314885153,False,False,-10.0,-3.6189420901660516
512100.SH,60,2023,178,177,1,0.9943820224719101,-3.588528502093626,-4.541562420402232,-4.567328607610706,0.019052715497513972,-0.025766187208473568,0.9788001055170792,635.1695448705718,634.1716920495572,-3.562762314885153,False,False,-5.0,-3.5908522025256024
512100.SH,60,2023,178,177,1,0.9943820224719101,-3.588528502093626,-4.541562420402232,-4.567328607610706,0.019052715497513972,-0.025766187208473568,0.9788001055170792,635.1695448705718,634.1716920495572,-3.562762314885153,False,False,0.0,-3.562762314885153
512100.SH,60,2023,178,177,1,0.9943820224719101,-3.588528502093626,-4.541562420402232,-4.567328607610706,0.019052715497513972,-0.025766187208473568,0.9788001055170792,635.1695448705718,634.1716920495572,-3.562762314885153,False,False,5.0,-3.534672427244703
512100.SH,60,2023,178,177,1,0.9943820224719101,-3.588528502093626,-4.541562420402232,-4.567328607610706,0.019052715497513972,-0.025766187208473568,0.9788001055170792,635.1695448705718,634.1716920495572,-3.562762314885153,False,False,10.0,-3.506582539604254
512100.SH,60,2023,178,177,1,0.9943820224719101,-3.588528502093626,-4.541562420402232,-4.567328607610706,0.019052715497513972,-0.025766187208473568,0.9788001055170792,635.1695448705718,634.1716920495572,-3.562762314885153,False,False,25.0,-3.4223128766829056
512100.SH,60,2023,178,177,1,0.9943820224719101,-3.588528502093626,-4.541562420402232,-4.567328607610706,0.019052715497513972,-0.025766187208473568,0.9788001055170792,635.1695448705718,634.1716920495572,-3.562762314885153,False,False,50.0,-3.2818634384806584
512100.SH,60,2023,178,177,1,0.9943820224719101,-3.588528502093626,-4.541562420402232,-4.567328607610706,0.019052715497513972,-0.025766187208473568,0.9788001055170792,635.1695448705718,634.1716920495572,-3.562762314885153,False,False,100.0,-3.000964562076164
512100.SH,60,2024,374,373,1,0.9973262032085561,15.114829871480708,16.875522697889274,15.84502649443933,401.2506065847177,-1.0304962034499443,-0.7301966229586219,-5637.831542062304,-6038.351952024063,16.14532607493065,False,False,-100.0,15.877946395786266
512100.SH,60,2024,374,373,1,0.9973262032085561,15.114829871480708,16.875522697889274,15.84502649443933,401.2506065847177,-1.0304962034499443,-0.7301966229586219,-5637.831542062304,-6038.351952024063,16.14532607493065,False,False,-50.0,16.01163623535846
512100.SH,60,2024,374,373,1,0.9973262032085561,15.114829871480708,16.875522697889274,15.84502649443933,401.2506065847177,-1.0304962034499443,-0.7301966229586219,-5637.831542062304,-6038.351952024063,16.14532607493065,False,False,-25.0,16.078481155144555
512100.SH,60,2024,374,373,1,0.9973262032085561,15.114829871480708,16.875522697889274,15.84502649443933,401.2506065847177,-1.0304962034499443,-0.7301966229586219,-5637.831542062304,-6038.351952024063,16.14532607493065,False,False,-10.0,16.118588107016212
512100.SH,60,2024,374,373,1,0.9973262032085561,15.114829871480708,16.875522697889274,15.84502649443933,401.2506065847177,-1.0304962034499443,-0.7301966229586219,-5637.831542062304,-6038.351952024063,16.14532607493065,False,False,-5.0,16.131957090973433
512100.SH,60,2024,374,373,1,0.9973262032085561,15.114829871480708,16.875522697889274,15.84502649443933,401.2506065847177,-1.0304962034499443,-0.7301966229586219,-5637.831542062304,-6038.351952024063,16.14532607493065,False,False,0.0,16.14532607493065
512100.SH,60,2024,374,373,1,0.9973262032085561,15.114829871480708,16.875522697889274,15.84502649443933,401.2506065847177,-1.0304962034499443,-0.7301966229586219,-5637.831542062304,-6038.351952024063,16.14532607493065,False,False,5.0,16.15869505888787
512100.SH,60,2024,374,373,1,0.9973262032085561,15.114829871480708,16.875522697889274,15.84502649443933,401.2506065847177,-1.0304962034499443,-0.7301966229586219,-5637.831542062304,-6038.351952024063,16.14532607493065,False,False,10.0,16.17206404284509
512100.SH,60,2024,374,373,1,0.9973262032085561,15.114829871480708,16.875522697889274,15.84502649443933,401.2506065847177,-1.0304962034499443,-0.7301966229586219,-5637.831542062304,-6038.351952024063,16.14532607493065,False,False,25.0,16.212170994716747
512100.SH,60,2024,374,373,1,0.9973262032085561,15.114829871480708,16.875522697889274,15.84502649443933,401.2506065847177,-1.0304962034499443,-0.7301966229586219,-5637.831542062304,-6038.351952024063,16.14532607493065,False,False,50.0,16.279015914502843
512100.SH,60,2024,374,373,1,0.9973262032085561,15.114829871480708,16.875522697889274,15.84502649443933,401.2506065847177,-1.0304962034499443,-0.7301966229586219,-5637.831542062304,-6038.351952024063,16.14532607493065,False,False,100.0,16.412705754075034
512100.SH,60,2025,249,248,1,0.9959839357429718,12.125541785781719,11.160361167386275,11.467515159481556,-65.0138288722435,0.30715399209528016,0.6580266263001635,-3007.1343628738664,-2942.778560627923,11.818387793686439,False,False,-100.0,11.416781367983628
512100.SH,60,2025,249,248,1,0.9959839357429718,12.125541785781719,11.160361167386275,11.467515159481556,-65.0138288722435,0.30715399209528016,0.6580266263001635,-3007.1343628738664,-2942.778560627923,11.818387793686439,False,False,-50.0,11.617584580835032
512100.SH,60,2025,249,248,1,0.9959839357429718,12.125541785781719,11.160361167386275,11.467515159481556,-65.0138288722435,0.30715399209528016,0.6580266263001635,-3007.1343628738664,-2942.778560627923,11.818387793686439,False,False,-25.0,11.717986187260736
512100.SH,60,2025,249,248,1,0.9959839357429718,12.125541785781719,11.160361167386275,11.467515159481556,-65.0138288722435,0.30715399209528016,0.6580266263001635,-3007.1343628738664,-2942.778560627923,11.818387793686439,False,False,-10.0,11.778227151116157
512100.SH,60,2025,249,248,1,0.9959839357429718,12.125541785781719,11.160361167386275,11.467515159481556,-65.0138288722435,0.30715399209528016,0.6580266263001635,-3007.1343628738664,-2942.778560627923,11.818387793686439,False,False,-5.0,11.798307472401298
512100.SH,60,2025,249,248,1,0.9959839357429718,12.125541785781719,11.160361167386275,11.467515159481556,-65.0138288722435,0.30715399209528016,0.6580266263001635,-3007.1343628738664,-2942.778560627923,11.818387793686439,False,False,0.0,11.818387793686439
512100.SH,60,2025,249,248,1,0.9959839357429718,12.125541785781719,11.160361167386275,11.467515159481556,-65.0138288722435,0.30715399209528016,0.6580266263001635,-3007.1343628738664,-2942.778560627923,11.818387793686439,False,False,5.0,11.83846811497158
512100.SH,60,2025,249,248,1,0.9959839357429718,12.125541785781719,11.160361167386275,11.467515159481556,-65.0138288722435,0.30715399209528016,0.6580266263001635,-3007.1343628738664,-2942.778560627923,11.818387793686439,False,False,10.0,11.85854843625672
512100.SH,60,2025,249,248,1,0.9959839357429718,12.125541785781719,11.160361167386275,11.467515159481556,-65.0138288722435,0.30715399209528016,0.6580266263001635,-3007.1343628738664,-2942.778560627923,11.818387793686439,False,False,25.0,11.918789400112141
512100.SH,60,2025,249,248,1,0.9959839357429718,12.125541785781719,11.160361167386275,11.467515159481556,-65.0138288722435,0.30715399209528016,0.6580266263001635,-3007.1343628738664,-2942.778560627923,11.818387793686439,False,False,50.0,12.019191006537845
512100.SH,60,2025,249,248,1,0.9959839357429718,12.125541785781719,11.160361167386275,11.467515159481556,-65.0138288722435,0.30715399209528016,0.6580266263001635,-3007.1343628738664,-2942.778560627923,11.818387793686439,False,False,100.0,12.21999421938925
512100.SH,120,pooled,1296,1265,31,0.9760802469135802,7.026176853075836,6.123478940001012,6.697179667620907,-17.28721204190761,0.5737007276198955,0.32899718545492923,-286.7133457787398,-269.7551309222871,6.452476125455941,False,False,-100.0,4.060500816813965
512100.SH,120,pooled,1296,1265,31,0.9760802469135802,7.026176853075836,6.123478940001012,6.697179667620907,-17.28721204190761,0.5737007276198955,0.32899718545492923,-286.7133457787398,-269.7551309222871,6.452476125455941,False,False,-50.0,5.256488471134953
512100.SH,120,pooled,1296,1265,31,0.9760802469135802,7.026176853075836,6.123478940001012,6.697179667620907,-17.28721204190761,0.5737007276198955,0.32899718545492923,-286.7133457787398,-269.7551309222871,6.452476125455941,False,False,-25.0,5.854482298295447
512100.SH,120,pooled,1296,1265,31,0.9760802469135802,7.026176853075836,6.123478940001012,6.697179667620907,-17.28721204190761,0.5737007276198955,0.32899718545492923,-286.7133457787398,-269.7551309222871,6.452476125455941,False,False,-10.0,6.213278594591743
512100.SH,120,pooled,1296,1265,31,0.9760802469135802,7.026176853075836,6.123478940001012,6.697179667620907,-17.28721204190761,0.5737007276198955,0.32899718545492923,-286.7133457787398,-269.7551309222871,6.452476125455941,False,False,-5.0,6.332877360023842
512100.SH,120,pooled,1296,1265,31,0.9760802469135802,7.026176853075836,6.123478940001012,6.697179667620907,-17.28721204190761,0.5737007276198955,0.32899718545492923,-286.7133457787398,-269.7551309222871,6.452476125455941,False,False,0.0,6.452476125455941
512100.SH,120,pooled,1296,1265,31,0.9760802469135802,7.026176853075836,6.123478940001012,6.697179667620907,-17.28721204190761,0.5737007276198955,0.32899718545492923,-286.7133457787398,-269.7551309222871,6.452476125455941,False,False,5.0,6.5720748908880395
512100.SH,120,pooled,1296,1265,31,0.9760802469135802,7.026176853075836,6.123478940001012,6.697179667620907,-17.28721204190761,0.5737007276198955,0.32899718545492923,-286.7133457787398,-269.7551309222871,6.452476125455941,False,False,10.0,6.691673656320138
512100.SH,120,pooled,1296,1265,31,0.9760802469135802,7.026176853075836,6.123478940001012,6.697179667620907,-17.28721204190761,0.5737007276198955,0.32899718545492923,-286.7133457787398,-269.7551309222871,6.452476125455941,False,False,25.0,7.050469952616434
512100.SH,120,pooled,1296,1265,31,0.9760802469135802,7.026176853075836,6.123478940001012,6.697179667620907,-17.28721204190761,0.5737007276198955,0.32899718545492923,-286.7133457787398,-269.7551309222871,6.452476125455941,False,False,50.0,7.648463779776928
512100.SH,120,pooled,1296,1265,31,0.9760802469135802,7.026176853075836,6.123478940001012,6.697179667620907,-17.28721204190761,0.5737007276198955,0.32899718545492923,-286.7133457787398,-269.7551309222871,6.452476125455941,False,False,100.0,8.844451434097916
512100.SH,120,2021,186,163,23,0.8763440860215054,-4.849963917957872,-3.077835077164134,-2.221304554720828,-9.148029649262353,0.8565305224433062,-2.628659363237043,34.37148341857101,46.148172431070385,-5.706494440401177,False,False,-100.0,-18.07208583825064
512100.SH,120,2021,186,163,23,0.8763440860215054,-4.849963917957872,-3.077835077164134,-2.221304554720828,-9.148029649262353,0.8565305224433062,-2.628659363237043,34.37148341857101,46.148172431070385,-5.706494440401177,False,False,-50.0,-11.889290139325908
512100.SH,120,2021,186,163,23,0.8763440860215054,-4.849963917957872,-3.077835077164134,-2.221304554720828,-9.148029649262353,0.8565305224433062,-2.628659363237043,34.37148341857101,46.148172431070385,-5.706494440401177,False,False,-25.0,-8.797892289863542
512100.SH,120,2021,186,163,23,0.8763440860215054,-4.849963917957872,-3.077835077164134,-2.221304554720828,-9.148029649262353,0.8565305224433062,-2.628659363237043,34.37148341857101,46.148172431070385,-5.706494440401177,False,False,-10.0,-6.943053580186123
512100.SH,120,2021,186,163,23,0.8763440860215054,-4.849963917957872,-3.077835077164134,-2.221304554720828,-9.148029649262353,0.8565305224433062,-2.628659363237043,34.37148341857101,46.148172431070385,-5.706494440401177,False,False,-5.0,-6.32477401029365
512100.SH,120,2021,186,163,23,0.8763440860215054,-4.849963917957872,-3.077835077164134,-2.221304554720828,-9.148029649262353,0.8565305224433062,-2.628659363237043,34.37148341857101,46.148172431070385,-5.706494440401177,False,False,0.0,-5.706494440401177
512100.SH,120,2021,186,163,23,0.8763440860215054,-4.849963917957872,-3.077835077164134,-2.221304554720828,-9.148029649262353,0.8565305224433062,-2.628659363237043,34.37148341857101,46.148172431070385,-5.706494440401177,False,False,5.0,-5.088214870508704
512100.SH,120,2021,186,163,23,0.8763440860215054,-4.849963917957872,-3.077835077164134,-2.221304554720828,-9.148029649262353,0.8565305224433062,-2.628659363237043,34.37148341857101,46.148172431070385,-5.706494440401177,False,False,10.0,-4.469935300616231
512100.SH,120,2021,186,163,23,0.8763440860215054,-4.849963917957872,-3.077835077164134,-2.221304554720828,-9.148029649262353,0.8565305224433062,-2.628659363237043,34.37148341857101,46.148172431070385,-5.706494440401177,False,False,25.0,-2.6150965909388115
512100.SH,120,2021,186,163,23,0.8763440860215054,-4.849963917957872,-3.077835077164134,-2.221304554720828,-9.148029649262353,0.8565305224433062,-2.628659363237043,34.37148341857101,46.148172431070385,-5.706494440401177,False,False,50.0,0.476301258523554
512100.SH,120,2021,186,163,23,0.8763440860215054,-4.849963917957872,-3.077835077164134,-2.221304554720828,-9.148029649262353,0.8565305224433062,-2.628659363237043,34.37148341857101,46.148172431070385,-5.706494440401177,False,False,100.0,6.659096957448285
512100.SH,120,2022,309,303,6,0.9805825242718447,-4.26577757532975,-6.3056767524570585,-5.418737968055459,-51.09608536473778,0.8869387844015995,1.1529603927257115,215.42176755415235,265.3648925261644,-5.152716359731347,False,False,-100.0,-7.094463932546881
512100.SH,120,2022,309,303,6,0.9805825242718447,-4.26577757532975,-6.3056767524570585,-5.418737968055459,-51.09608536473778,0.8869387844015995,1.1529603927257115,215.42176755415235,265.3648925261644,-5.152716359731347,False,False,-50.0,-6.123590146139113
512100.SH,120,2022,309,303,6,0.9805825242718447,-4.26577757532975,-6.3056767524570585,-5.418737968055459,-51.09608536473778,0.8869387844015995,1.1529603927257115,215.42176755415235,265.3648925261644,-5.152716359731347,False,False,-25.0,-5.63815325293523
512100.SH,120,2022,309,303,6,0.9805825242718447,-4.26577757532975,-6.3056767524570585,-5.418737968055459,-51.09608536473778,0.8869387844015995,1.1529603927257115,215.42176755415235,265.3648925261644,-5.152716359731347,False,False,-10.0,-5.3468911170129
512100.SH,120,2022,309,303,6,0.9805825242718447,-4.26577757532975,-6.3056767524570585,-5.418737968055459,-51.09608536473778,0.8869387844015995,1.1529603927257115,215.42176755415235,265.3648925261644,-5.152716359731347,False,False,-5.0,-5.249803738372123
512100.SH,120,2022,309,303,6,0.9805825242718447,-4.26577757532975,-6.3056767524570585,-5.418737968055459,-51.09608536473778,0.8869387844015995,1.1529603927257115,215.42176755415235,265.3648925261644,-5.152716359731347,False,False,0.0,-5.152716359731347
512100.SH,120,2022,309,303,6,0.9805825242718447,-4.26577757532975,-6.3056767524570585,-5.418737968055459,-51.09608536473778,0.8869387844015995,1.1529603927257115,215.42176755415235,265.3648925261644,-5.152716359731347,False,False,5.0,-5.05562898109057
512100.SH,120,2022,309,303,6,0.9805825242718447,-4.26577757532975,-6.3056767524570585,-5.418737968055459,-51.09608536473778,0.8869387844015995,1.1529603927257115,215.42176755415235,265.3648925261644,-5.152716359731347,False,False,10.0,-4.9585416024497935
512100.SH,120,2022,309,303,6,0.9805825242718447,-4.26577757532975,-6.3056767524570585,-5.418737968055459,-51.09608536473778,0.8869387844015995,1.1529603927257115,215.42176755415235,265.3648925261644,-5.152716359731347,False,False,25.0,-4.6672794665274635
512100.SH,120,2022,309,303,6,0.9805825242718447,-4.26577757532975,-6.3056767524570585,-5.418737968055459,-51.09608536473778,0.8869387844015995,1.1529603927257115,215.42176755415235,265.3648925261644,-5.152716359731347,False,False,50.0,-4.18184257332358
512100.SH,120,2022,309,303,6,0.9805825242718447,-4.26577757532975,-6.3056767524570585,-5.418737968055459,-51.09608536473778,0.8869387844015995,1.1529603927257115,215.42176755415235,265.3648925261644,-5.152716359731347,False,False,100.0,-3.210968786915813
512100.SH,120,2023,178,178,0,1.0,-10.723485035320257,-11.609307971561288,-11.609307971561288,,0.0,0.885822936241031,,,-10.723485035320257,False,True,-100.0,-10.723485035320257
512100.SH,120,2023,178,178,0,1.0,-10.723485035320257,-11.609307971561288,-11.609307971561288,,0.0,0.885822936241031,,,-10.723485035320257,False,True,-50.0,-10.723485035320257
512100.SH,120,2023,178,178,0,1.0,-10.723485035320257,-11.609307971561288,-11.609307971561288,,0.0,0.885822936241031,,,-10.723485035320257,False,True,-25.0,-10.723485035320257
512100.SH,120,2023,178,178,0,1.0,-10.723485035320257,-11.609307971561288,-11.609307971561288,,0.0,0.885822936241031,,,-10.723485035320257,False,True,-10.0,-10.723485035320257
512100.SH,120,2023,178,178,0,1.0,-10.723485035320257,-11.609307971561288,-11.609307971561288,,0.0,0.885822936241031,,,-10.723485035320257,False,True,-5.0,-10.723485035320257
512100.SH,120,2023,178,178,0,1.0,-10.723485035320257,-11.609307971561288,-11.609307971561288,,0.0,0.885822936241031,,,-10.723485035320257,False,True,0.0,-10.723485035320257
512100.SH,120,2023,178,178,0,1.0,-10.723485035320257,-11.609307971561288,-11.609307971561288,,0.0,0.885822936241031,,,-10.723485035320257,False,True,5.0,-10.723485035320257
512100.SH,120,2023,178,178,0,1.0,-10.723485035320257,-11.609307971561288,-11.609307971561288,,0.0,0.885822936241031,,,-10.723485035320257,False,True,10.0,-10.723485035320257
512100.SH,120,2023,178,178,0,1.0,-10.723485035320257,-11.609307971561288,-11.609307971561288,,0.0,0.885822936241031,,,-10.723485035320257,False,True,25.0,-10.723485035320257
512100.SH,120,2023,178,178,0,1.0,-10.723485035320257,-11.609307971561288,-11.609307971561288,,0.0,0.885822936241031,,,-10.723485035320257,False,True,50.0,-10.723485035320257
512100.SH,120,2023,178,178,0,1.0,-10.723485035320257,-11.609307971561288,-11.609307971561288,,0.0,0.885822936241031,,,-10.723485035320257,False,True,100.0,-10.723485035320257
512100.SH,120,2024,374,374,0,1.0,22.072664334143326,22.005118141924356,22.005118141924356,,0.0,0.06754619221896602,,,22.072664334143322,False,True,-100.0,22.072664334143322
512100.SH,120,2024,374,374,0,1.0,22.072664334143326,22.005118141924356,22.005118141924356,,0.0,0.06754619221896602,,,22.072664334143322,False,True,-50.0,22.072664334143322
512100.SH,120,2024,374,374,0,1.0,22.072664334143326,22.005118141924356,22.005118141924356,,0.0,0.06754619221896602,,,22.072664334143322,False,True,-25.0,22.072664334143322
512100.SH,120,2024,374,374,0,1.0,22.072664334143326,22.005118141924356,22.005118141924356,,0.0,0.06754619221896602,,,22.072664334143322,False,True,-10.0,22.072664334143322
512100.SH,120,2024,374,374,0,1.0,22.072664334143326,22.005118141924356,22.005118141924356,,0.0,0.06754619221896602,,,22.072664334143322,False,True,-5.0,22.072664334143322
512100.SH,120,2024,374,374,0,1.0,22.072664334143326,22.005118141924356,22.005118141924356,,0.0,0.06754619221896602,,,22.072664334143322,False,True,0.0,22.072664334143322
512100.SH,120,2024,374,374,0,1.0,22.072664334143326,22.005118141924356,22.005118141924356,,0.0,0.06754619221896602,,,22.072664334143322,False,True,5.0,22.072664334143322
512100.SH,120,2024,374,374,0,1.0,22.072664334143326,22.005118141924356,22.005118141924356,,0.0,0.06754619221896602,,,22.072664334143322,False,True,10.0,22.072664334143322
512100.SH,120,2024,374,374,0,1.0,22.072664334143326,22.005118141924356,22.005118141924356,,0.0,0.06754619221896602,,,22.072664334143322,False,True,25.0,22.072664334143322
512100.SH,120,2024,374,374,0,1.0,22.072664334143326,22.005118141924356,22.005118141924356,,0.0,0.06754619221896602,,,22.072664334143322,False,True,50.0,22.072664334143322
512100.SH,120,2024,374,374,0,1.0,22.072664334143326,22.005118141924356,22.005118141924356,,0.0,0.06754619221896602,,,22.072664334143322,False,True,100.0,22.072664334143322
512100.SH,120,2025,249,247,2,0.9919678714859438,18.72385554012301,17.24298305606937,17.45921117465161,-9.46118958883746,0.21622811858224011,1.2646443654714015,-2312.396159205192,-2304.199613981826,18.50762742154077,False,False,-100.0,17.70441457013515
512100.SH,120,2025,249,247,2,0.9919678714859438,18.72385554012301,17.24298305606937,17.45921117465161,-9.46118958883746,0.21622811858224011,1.2646443654714015,-2312.396159205192,-2304.199613981826,18.50762742154077,False,False,-50.0,18.10602099583796
512100.SH,120,2025,249,247,2,0.9919678714859438,18.72385554012301,17.24298305606937,17.45921117465161,-9.46118958883746,0.21622811858224011,1.2646443654714015,-2312.396159205192,-2304.199613981826,18.50762742154077,False,False,-25.0,18.306824208689367
512100.SH,120,2025,249,247,2,0.9919678714859438,18.72385554012301,17.24298305606937,17.45921117465161,-9.46118958883746,0.21622811858224011,1.2646443654714015,-2312.396159205192,-2304.199613981826,18.50762742154077,False,False,-10.0,18.427306136400208
512100.SH,120,2025,249,247,2,0.9919678714859438,18.72385554012301,17.24298305606937,17.45921117465161,-9.46118958883746,0.21622811858224011,1.2646443654714015,-2312.396159205192,-2304.199613981826,18.50762742154077,False,False,-5.0,18.46746677897049
512100.SH,120,2025,249,247,2,0.9919678714859438,18.72385554012301,17.24298305606937,17.45921117465161,-9.46118958883746,0.21622811858224011,1.2646443654714015,-2312.396159205192,-2304.199613981826,18.50762742154077,False,False,0.0,18.50762742154077
512100.SH,120,2025,249,247,2,0.9919678714859438,18.72385554012301,17.24298305606937,17.45921117465161,-9.46118958883746,0.21622811858224011,1.2646443654714015,-2312.396159205192,-2304.199613981826,18.50762742154077,False,False,5.0,18.547788064111053
512100.SH,120,2025,249,247,2,0.9919678714859438,18.72385554012301,17.24298305606937,17.45921117465161,-9.46118958883746,0.21622811858224011,1.2646443654714015,-2312.396159205192,-2304.199613981826,18.50762742154077,False,False,10.0,18.587948706681335
512100.SH,120,2025,249,247,2,0.9919678714859438,18.72385554012301,17.24298305606937,17.45921117465161,-9.46118958883746,0.21622811858224011,1.2646443654714015,-2312.396159205192,-2304.199613981826,18.50762742154077,False,False,25.0,18.708430634392176
512100.SH,120,2025,249,247,2,0.9919678714859438,18.72385554012301,17.24298305606937,17.45921117465161,-9.46118958883746,0.21622811858224011,1.2646443654714015,-2312.396159205192,-2304.199613981826,18.50762742154077,False,False,50.0,18.909233847243584
512100.SH,120,2025,249,247,2,0.9919678714859438,18.72385554012301,17.24298305606937,17.45921117465161,-9.46118958883746,0.21622811858224011,1.2646443654714015,-2312.396159205192,-2304.199613981826,18.50762742154077,False,False,100.0,19.310840272946393
512100.SH,240,pooled,1296,1261,35,0.9729938271604939,4.1313616818752426,3.907559038037295,4.397399513795206,-13.740693531412067,0.48984047575791134,-0.2660378319199637,-148.84705945270517,-134.84032808937317,3.641521206117331,False,False,-100.0,0.9409039221667141
512100.SH,240,pooled,1296,1261,35,0.9729938271604939,4.1313616818752426,3.907559038037295,4.397399513795206,-13.740693531412067,0.48984047575791134,-0.2660378319199637,-148.84705945270517,-134.84032808937317,3.641521206117331,False,False,-50.0,2.2912125641420227
512100.SH,240,pooled,1296,1261,35,0.9729938271604939,4.1313616818752426,3.907559038037295,4.397399513795206,-13.740693531412067,0.48984047575791134,-0.2660378319199637,-148.84705945270517,-134.84032808937317,3.641521206117331,False,False,-25.0,2.966366885129677
512100.SH,240,pooled,1296,1261,35,0.9729938271604939,4.1313616818752426,3.907559038037295,4.397399513795206,-13.740693531412067,0.48984047575791134,-0.2660378319199637,-148.84705945270517,-134.84032808937317,3.641521206117331,False,False,-10.0,3.3714594777222695
512100.SH,240,pooled,1296,1261,35,0.9729938271604939,4.1313616818752426,3.907559038037295,4.397399513795206,-13.740693531412067,0.48984047575791134,-0.2660378319199637,-148.84705945270517,-134.84032808937317,3.641521206117331,False,False,-5.0,3.5064903419198004
512100.SH,240,pooled,1296,1261,35,0.9729938271604939,4.1313616818752426,3.907559038037295,4.397399513795206,-13.740693531412067,0.48984047575791134,-0.2660378319199637,-148.84705945270517,-134.84032808937317,3.641521206117331,False,False,0.0,3.641521206117331
512100.SH,240,pooled,1296,1261,35,0.9729938271604939,4.1313616818752426,3.907559038037295,4.397399513795206,-13.740693531412067,0.48984047575791134,-0.2660378319199637,-148.84705945270517,-134.84032808937317,3.641521206117331,False,False,5.0,3.776552070314862
512100.SH,240,pooled,1296,1261,35,0.9729938271604939,4.1313616818752426,3.907559038037295,4.397399513795206,-13.740693531412067,0.48984047575791134,-0.2660378319199637,-148.84705945270517,-134.84032808937317,3.641521206117331,False,False,10.0,3.911582934512393
512100.SH,240,pooled,1296,1261,35,0.9729938271604939,4.1313616818752426,3.907559038037295,4.397399513795206,-13.740693531412067,0.48984047575791134,-0.2660378319199637,-148.84705945270517,-134.84032808937317,3.641521206117331,False,False,25.0,4.3166755271049855
512100.SH,240,pooled,1296,1261,35,0.9729938271604939,4.1313616818752426,3.907559038037295,4.397399513795206,-13.740693531412067,0.48984047575791134,-0.2660378319199637,-148.84705945270517,-134.84032808937317,3.641521206117331,False,False,50.0,4.99182984809264
512100.SH,240,pooled,1296,1261,35,0.9729938271604939,4.1313616818752426,3.907559038037295,4.397399513795206,-13.740693531412067,0.48984047575791134,-0.2660378319199637,-148.84705945270517,-134.84032808937317,3.641521206117331,False,False,100.0,6.342138490067948
512100.SH,240,2021,186,163,23,0.8763440860215054,-21.646546070842003,-17.123983810147106,-20.910050392670062,9.707705448602537,-3.786066582522956,-0.7364956781719463,153.40813084988028,144.43692107944972,-17.86047948831905,False,False,-100.0,-30.226070886168515
512100.SH,240,2021,186,163,23,0.8763440860215054,-21.646546070842003,-17.123983810147106,-20.910050392670062,9.707705448602537,-3.786066582522956,-0.7364956781719463,153.40813084988028,144.43692107944972,-17.86047948831905,False,False,-50.0,-24.043275187243783
512100.SH,240,2021,186,163,23,0.8763440860215054,-21.646546070842003,-17.123983810147106,-20.910050392670062,9.707705448602537,-3.786066582522956,-0.7364956781719463,153.40813084988028,144.43692107944972,-17.86047948831905,False,False,-25.0,-20.951877337781415
512100.SH,240,2021,186,163,23,0.8763440860215054,-21.646546070842003,-17.123983810147106,-20.910050392670062,9.707705448602537,-3.786066582522956,-0.7364956781719463,153.40813084988028,144.43692107944972,-17.86047948831905,False,False,-10.0,-19.097038628104
512100.SH,240,2021,186,163,23,0.8763440860215054,-21.646546070842003,-17.123983810147106,-20.910050392670062,9.707705448602537,-3.786066582522956,-0.7364956781719463,153.40813084988028,144.43692107944972,-17.86047948831905,False,False,-5.0,-18.478759058211523
512100.SH,240,2021,186,163,23,0.8763440860215054,-21.646546070842003,-17.123983810147106,-20.910050392670062,9.707705448602537,-3.786066582522956,-0.7364956781719463,153.40813084988028,144.43692107944972,-17.86047948831905,False,False,0.0,-17.86047948831905
512100.SH,240,2021,186,163,23,0.8763440860215054,-21.646546070842003,-17.123983810147106,-20.910050392670062,9.707705448602537,-3.786066582522956,-0.7364956781719463,153.40813084988028,144.43692107944972,-17.86047948831905,False,False,5.0,-17.24219991842658
512100.SH,240,2021,186,163,23,0.8763440860215054,-21.646546070842003,-17.123983810147106,-20.910050392670062,9.707705448602537,-3.786066582522956,-0.7364956781719463,153.40813084988028,144.43692107944972,-17.86047948831905,False,False,10.0,-16.623920348534103
512100.SH,240,2021,186,163,23,0.8763440860215054,-21.646546070842003,-17.123983810147106,-20.910050392670062,9.707705448602537,-3.786066582522956,-0.7364956781719463,153.40813084988028,144.43692107944972,-17.86047948831905,False,False,25.0,-14.769081638856685
512100.SH,240,2021,186,163,23,0.8763440860215054,-21.646546070842003,-17.123983810147106,-20.910050392670062,9.707705448602537,-3.786066582522956,-0.7364956781719463,153.40813084988028,144.43692107944972,-17.86047948831905,False,False,50.0,-11.677683789394319
512100.SH,240,2021,186,163,23,0.8763440860215054,-21.646546070842003,-17.123983810147106,-20.910050392670062,9.707705448602537,-3.786066582522956,-0.7364956781719463,153.40813084988028,144.43692107944972,-17.86047948831905,False,False,100.0,-5.494888090469589
512100.SH,240,2022,309,300,9,0.970873786407767,-4.145056814540265,-5.007080040799808,-4.824242796421213,-11.101654853419667,0.18283724437859483,0.6791859818809501,138.1685604846755,148.5910293562141,-4.327894058918858,False,False,-100.0,-7.240515418142159
512100.SH,240,2022,309,300,9,0.970873786407767,-4.145056814540265,-5.007080040799808,-4.824242796421213,-11.101654853419667,0.18283724437859483,0.6791859818809501,138.1685604846755,148.5910293562141,-4.327894058918858,False,False,-50.0,-5.784204738530509
512100.SH,240,2022,309,300,9,0.970873786407767,-4.145056814540265,-5.007080040799808,-4.824242796421213,-11.101654853419667,0.18283724437859483,0.6791859818809501,138.1685604846755,148.5910293562141,-4.327894058918858,False,False,-25.0,-5.056049398724683
512100.SH,240,2022,309,300,9,0.970873786407767,-4.145056814540265,-5.007080040799808,-4.824242796421213,-11.101654853419667,0.18283724437859483,0.6791859818809501,138.1685604846755,148.5910293562141,-4.327894058918858,False,False,-10.0,-4.619156194841188
512100.SH,240,2022,309,300,9,0.970873786407767,-4.145056814540265,-5.007080040799808,-4.824242796421213,-11.101654853419667,0.18283724437859483,0.6791859818809501,138.1685604846755,148.5910293562141,-4.327894058918858,False,False,-5.0,-4.473525126880023
512100.SH,240,2022,309,300,9,0.970873786407767,-4.145056814540265,-5.007080040799808,-4.824242796421213,-11.101654853419667,0.18283724437859483,0.6791859818809501,138.1685604846755,148.5910293562141,-4.327894058918858,False,False,0.0,-4.327894058918858
512100.SH,240,2022,309,300,9,0.970873786407767,-4.145056814540265,-5.007080040799808,-4.824242796421213,-11.101654853419667,0.18283724437859483,0.6791859818809501,138.1685604846755,148.5910293562141,-4.327894058918858,False,False,5.0,-4.1822629909576925
512100.SH,240,2022,309,300,9,0.970873786407767,-4.145056814540265,-5.007080040799808,-4.824242796421213,-11.101654853419667,0.18283724437859483,0.6791859818809501,138.1685604846755,148.5910293562141,-4.327894058918858,False,False,10.0,-4.036631922996528
512100.SH,240,2022,309,300,9,0.970873786407767,-4.145056814540265,-5.007080040799808,-4.824242796421213,-11.101654853419667,0.18283724437859483,0.6791859818809501,138.1685604846755,148.5910293562141,-4.327894058918858,False,False,25.0,-3.5997387191130326
512100.SH,240,2022,309,300,9,0.970873786407767,-4.145056814540265,-5.007080040799808,-4.824242796421213,-11.101654853419667,0.18283724437859483,0.6791859818809501,138.1685604846755,148.5910293562141,-4.327894058918858,False,False,50.0,-2.871583379307207
512100.SH,240,2022,309,300,9,0.970873786407767,-4.145056814540265,-5.007080040799808,-4.824242796421213,-11.101654853419667,0.18283724437859483,0.6791859818809501,138.1685604846755,148.5910293562141,-4.327894058918858,False,False,100.0,-1.415272699695557
512100.SH,240,2023,178,178,0,1.0,-13.154919525020597,-14.345623291349714,-14.345623291349714,,0.0,1.1907037663291156,,,-13.154919525020599,False,True,-100.0,-13.154919525020599
512100.SH,240,2023,178,178,0,1.0,-13.154919525020597,-14.345623291349714,-14.345623291349714,,0.0,1.1907037663291156,,,-13.154919525020599,False,True,-50.0,-13.154919525020599
512100.SH,240,2023,178,178,0,1.0,-13.154919525020597,-14.345623291349714,-14.345623291349714,,0.0,1.1907037663291156,,,-13.154919525020599,False,True,-25.0,-13.154919525020599
512100.SH,240,2023,178,178,0,1.0,-13.154919525020597,-14.345623291349714,-14.345623291349714,,0.0,1.1907037663291156,,,-13.154919525020599,False,True,-10.0,-13.154919525020599
512100.SH,240,2023,178,178,0,1.0,-13.154919525020597,-14.345623291349714,-14.345623291349714,,0.0,1.1907037663291156,,,-13.154919525020599,False,True,-5.0,-13.154919525020599
512100.SH,240,2023,178,178,0,1.0,-13.154919525020597,-14.345623291349714,-14.345623291349714,,0.0,1.1907037663291156,,,-13.154919525020599,False,True,0.0,-13.154919525020599
512100.SH,240,2023,178,178,0,1.0,-13.154919525020597,-14.345623291349714,-14.345623291349714,,0.0,1.1907037663291156,,,-13.154919525020599,False,True,5.0,-13.154919525020599
512100.SH,240,2023,178,178,0,1.0,-13.154919525020597,-14.345623291349714,-14.345623291349714,,0.0,1.1907037663291156,,,-13.154919525020599,False,True,10.0,-13.154919525020599
512100.SH,240,2023,178,178,0,1.0,-13.154919525020597,-14.345623291349714,-14.345623291349714,,0.0,1.1907037663291156,,,-13.154919525020599,False,True,25.0,-13.154919525020599
512100.SH,240,2023,178,178,0,1.0,-13.154919525020597,-14.345623291349714,-14.345623291349714,,0.0,1.1907037663291156,,,-13.154919525020599,False,True,50.0,-13.154919525020599
512100.SH,240,2023,178,178,0,1.0,-13.154919525020597,-14.345623291349714,-14.345623291349714,,0.0,1.1907037663291156,,,-13.154919525020599,False,True,100.0,-13.154919525020599
512100.SH,240,2024,374,373,1,0.9973262032085561,20.69058015026636,21.556901095017068,23.07704648909382,-545.457330895609,1.5201453940767529,-2.386466338827461,-7717.5863960493525,-7169.742598814913,19.170434756189607,False,False,-100.0,18.903055077045224
512100.SH,240,2024,374,373,1,0.9973262032085561,20.69058015026636,21.556901095017068,23.07704648909382,-545.457330895609,1.5201453940767529,-2.386466338827461,-7717.5863960493525,-7169.742598814913,19.170434756189607,False,False,-50.0,19.036744916617415
512100.SH,240,2024,374,373,1,0.9973262032085561,20.69058015026636,21.556901095017068,23.07704648909382,-545.457330895609,1.5201453940767529,-2.386466338827461,-7717.5863960493525,-7169.742598814913,19.170434756189607,False,False,-25.0,19.10358983640351
512100.SH,240,2024,374,373,1,0.9973262032085561,20.69058015026636,21.556901095017068,23.07704648909382,-545.457330895609,1.5201453940767529,-2.386466338827461,-7717.5863960493525,-7169.742598814913,19.170434756189607,False,False,-10.0,19.143696788275168
512100.SH,240,2024,374,373,1,0.9973262032085561,20.69058015026636,21.556901095017068,23.07704648909382,-545.457330895609,1.5201453940767529,-2.386466338827461,-7717.5863960493525,-7169.742598814913,19.170434756189607,False,False,-5.0,19.15706577223239
512100.SH,240,2024,374,373,1,0.9973262032085561,20.69058015026636,21.556901095017068,23.07704648909382,-545.457330895609,1.5201453940767529,-2.386466338827461,-7717.5863960493525,-7169.742598814913,19.170434756189607,False,False,0.0,19.170434756189607
512100.SH,240,2024,374,373,1,0.9973262032085561,20.69058015026636,21.556901095017068,23.07704648909382,-545.457330895609,1.5201453940767529,-2.386466338827461,-7717.5863960493525,-7169.742598814913,19.170434756189607,False,False,5.0,19.183803740146825
512100.SH,240,2024,374,373,1,0.9973262032085561,20.69058015026636,21.556901095017068,23.07704648909382,-545.457330895609,1.5201453940767529,-2.386466338827461,-7717.5863960493525,-7169.742598814913,19.170434756189607,False,False,10.0,19.197172724104046
512100.SH,240,2024,374,373,1,0.9973262032085561,20.69058015026636,21.556901095017068,23.07704648909382,-545.457330895609,1.5201453940767529,-2.386466338827461,-7717.5863960493525,-7169.742598814913,19.170434756189607,False,False,25.0,19.237279675975703
512100.SH,240,2024,374,373,1,0.9973262032085561,20.69058015026636,21.556901095017068,23.07704648909382,-545.457330895609,1.5201453940767529,-2.386466338827461,-7717.5863960493525,-7169.742598814913,19.170434756189607,False,False,50.0,19.3041245957618
512100.SH,240,2024,374,373,1,0.9973262032085561,20.69058015026636,21.556901095017068,23.07704648909382,-545.457330895609,1.5201453940767529,-2.386466338827461,-7717.5863960493525,-7169.742598814913,19.170434756189607,False,False,100.0,19.43781443533399
512100.SH,240,2025,249,247,2,0.9919678714859438,18.64591260792844,17.219619160300006,17.59722447471901,-29.414637170447342,0.3776053144190037,1.0486881332094276,-2302.7702070791624,-2274.4042580419245,18.268307293509434,False,False,-100.0,17.465094442103812
512100.SH,240,2025,249,247,2,0.9919678714859438,18.64591260792844,17.219619160300006,17.59722447471901,-29.414637170447342,0.3776053144190037,1.0486881332094276,-2302.7702070791624,-2274.4042580419245,18.268307293509434,False,False,-50.0,17.86670086780662
512100.SH,240,2025,249,247,2,0.9919678714859438,18.64591260792844,17.219619160300006,17.59722447471901,-29.414637170447342,0.3776053144190037,1.0486881332094276,-2302.7702070791624,-2274.4042580419245,18.268307293509434,False,False,-25.0,18.06750408065803
512100.SH,240,2025,249,247,2,0.9919678714859438,18.64591260792844,17.219619160300006,17.59722447471901,-29.414637170447342,0.3776053144190037,1.0486881332094276,-2302.7702070791624,-2274.4042580419245,18.268307293509434,False,False,-10.0,18.18798600836887
512100.SH,240,2025,249,247,2,0.9919678714859438,18.64591260792844,17.219619160300006,17.59722447471901,-29.414637170447342,0.3776053144190037,1.0486881332094276,-2302.7702070791624,-2274.4042580419245,18.268307293509434,False,False,-5.0,18.228146650939152
512100.SH,240,2025,249,247,2,0.9919678714859438,18.64591260792844,17.219619160300006,17.59722447471901,-29.414637170447342,0.3776053144190037,1.0486881332094276,-2302.7702070791624,-2274.4042580419245,18.268307293509434,False,False,0.0,18.268307293509434
512100.SH,240,2025,249,247,2,0.9919678714859438,18.64591260792844,17.219619160300006,17.59722447471901,-29.414637170447342,0.3776053144190037,1.0486881332094276,-2302.7702070791624,-2274.4042580419245,18.268307293509434,False,False,5.0,18.308467936079715
512100.SH,240,2025,249,247,2,0.9919678714859438,18.64591260792844,17.219619160300006,17.59722447471901,-29.414637170447342,0.3776053144190037,1.0486881332094276,-2302.7702070791624,-2274.4042580419245,18.268307293509434,False,False,10.0,18.348628578649997
512100.SH,240,2025,249,247,2,0.9919678714859438,18.64591260792844,17.219619160300006,17.59722447471901,-29.414637170447342,0.3776053144190037,1.0486881332094276,-2302.7702070791624,-2274.4042580419245,18.268307293509434,False,False,25.0,18.46911050636084
512100.SH,240,2025,249,247,2,0.9919678714859438,18.64591260792844,17.219619160300006,17.59722447471901,-29.414637170447342,0.3776053144190037,1.0486881332094276,-2302.7702070791624,-2274.4042580419245,18.268307293509434,False,False,50.0,18.669913719212246
512100.SH,240,2025,249,247,2,0.9919678714859438,18.64591260792844,17.219619160300006,17.59722447471901,-29.414637170447342,0.3776053144190037,1.0486881332094276,-2302.7702070791624,-2274.4042580419245,18.268307293509434,False,False,100.0,19.071520144915056
588000.SH,1,pooled,1802,1802,0,1.0,0.6304762827847618,0.5316330131534883,0.5316330131534883,,0.0,0.09884326963127331,,,0.6304762827847616,False,True,-100.0,0.6304762827847616
588000.SH,1,pooled,1802,1802,0,1.0,0.6304762827847618,0.5316330131534883,0.5316330131534883,,0.0,0.09884326963127331,,,0.6304762827847616,False,True,-50.0,0.6304762827847616
588000.SH,1,pooled,1802,1802,0,1.0,0.6304762827847618,0.5316330131534883,0.5316330131534883,,0.0,0.09884326963127331,,,0.6304762827847616,False,True,-25.0,0.6304762827847616
588000.SH,1,pooled,1802,1802,0,1.0,0.6304762827847618,0.5316330131534883,0.5316330131534883,,0.0,0.09884326963127331,,,0.6304762827847616,False,True,-10.0,0.6304762827847616
588000.SH,1,pooled,1802,1802,0,1.0,0.6304762827847618,0.5316330131534883,0.5316330131534883,,0.0,0.09884326963127331,,,0.6304762827847616,False,True,-5.0,0.6304762827847616
588000.SH,1,pooled,1802,1802,0,1.0,0.6304762827847618,0.5316330131534883,0.5316330131534883,,0.0,0.09884326963127331,,,0.6304762827847616,False,True,0.0,0.6304762827847616
588000.SH,1,pooled,1802,1802,0,1.0,0.6304762827847618,0.5316330131534883,0.5316330131534883,,0.0,0.09884326963127331,,,0.6304762827847616,False,True,5.0,0.6304762827847616
588000.SH,1,pooled,1802,1802,0,1.0,0.6304762827847618,0.5316330131534883,0.5316330131534883,,0.0,0.09884326963127331,,,0.6304762827847616,False,True,10.0,0.6304762827847616
588000.SH,1,pooled,1802,1802,0,1.0,0.6304762827847618,0.5316330131534883,0.5316330131534883,,0.0,0.09884326963127331,,,0.6304762827847616,False,True,25.0,0.6304762827847616
588000.SH,1,pooled,1802,1802,0,1.0,0.6304762827847618,0.5316330131534883,0.5316330131534883,,0.0,0.09884326963127331,,,0.6304762827847616,False,True,50.0,0.6304762827847616
588000.SH,1,pooled,1802,1802,0,1.0,0.6304762827847618,0.5316330131534883,0.5316330131534883,,0.0,0.09884326963127331,,,0.6304762827847616,False,True,100.0,0.6304762827847616
588000.SH,1,2021,336,336,0,1.0,0.4443723588591431,0.9802544835350604,0.9802544835350604,,0.0,-0.5358821246759172,,,0.44437235885914317,False,True,-100.0,0.44437235885914317
588000.SH,1,2021,336,336,0,1.0,0.4443723588591431,0.9802544835350604,0.9802544835350604,,0.0,-0.5358821246759172,,,0.44437235885914317,False,True,-50.0,0.44437235885914317
588000.SH,1,2021,336,336,0,1.0,0.4443723588591431,0.9802544835350604,0.9802544835350604,,0.0,-0.5358821246759172,,,0.44437235885914317,False,True,-25.0,0.44437235885914317
588000.SH,1,2021,336,336,0,1.0,0.4443723588591431,0.9802544835350604,0.9802544835350604,,0.0,-0.5358821246759172,,,0.44437235885914317,False,True,-10.0,0.44437235885914317
588000.SH,1,2021,336,336,0,1.0,0.4443723588591431,0.9802544835350604,0.9802544835350604,,0.0,-0.5358821246759172,,,0.44437235885914317,False,True,-5.0,0.44437235885914317
588000.SH,1,2021,336,336,0,1.0,0.4443723588591431,0.9802544835350604,0.9802544835350604,,0.0,-0.5358821246759172,,,0.44437235885914317,False,True,0.0,0.44437235885914317
588000.SH,1,2021,336,336,0,1.0,0.4443723588591431,0.9802544835350604,0.9802544835350604,,0.0,-0.5358821246759172,,,0.44437235885914317,False,True,5.0,0.44437235885914317
588000.SH,1,2021,336,336,0,1.0,0.4443723588591431,0.9802544835350604,0.9802544835350604,,0.0,-0.5358821246759172,,,0.44437235885914317,False,True,10.0,0.44437235885914317
588000.SH,1,2021,336,336,0,1.0,0.4443723588591431,0.9802544835350604,0.9802544835350604,,0.0,-0.5358821246759172,,,0.44437235885914317,False,True,25.0,0.44437235885914317
588000.SH,1,2021,336,336,0,1.0,0.4443723588591431,0.9802544835350604,0.9802544835350604,,0.0,-0.5358821246759172,,,0.44437235885914317,False,True,50.0,0.44437235885914317
588000.SH,1,2021,336,336,0,1.0,0.4443723588591431,0.9802544835350604,0.9802544835350604,,0.0,-0.5358821246759172,,,0.44437235885914317,False,True,100.0,0.44437235885914317
588000.SH,1,2022,409,409,0,1.0,0.816047629151775,1.0513164902977485,1.0513164902977485,,0.0,-0.23526886114597345,,,0.8160476291517751,False,True,-100.0,0.8160476291517751
588000.SH,1,2022,409,409,0,1.0,0.816047629151775,1.0513164902977485,1.0513164902977485,,0.0,-0.23526886114597345,,,0.8160476291517751,False,True,-50.0,0.8160476291517751
588000.SH,1,2022,409,409,0,1.0,0.816047629151775,1.0513164902977485,1.0513164902977485,,0.0,-0.23526886114597345,,,0.8160476291517751,False,True,-25.0,0.8160476291517751
588000.SH,1,2022,409,409,0,1.0,0.816047629151775,1.0513164902977485,1.0513164902977485,,0.0,-0.23526886114597345,,,0.8160476291517751,False,True,-10.0,0.8160476291517751
588000.SH,1,2022,409,409,0,1.0,0.816047629151775,1.0513164902977485,1.0513164902977485,,0.0,-0.23526886114597345,,,0.8160476291517751,False,True,-5.0,0.8160476291517751
588000.SH,1,2022,409,409,0,1.0,0.816047629151775,1.0513164902977485,1.0513164902977485,,0.0,-0.23526886114597345,,,0.8160476291517751,False,True,0.0,0.8160476291517751
588000.SH,1,2022,409,409,0,1.0,0.816047629151775,1.0513164902977485,1.0513164902977485,,0.0,-0.23526886114597345,,,0.8160476291517751,False,True,5.0,0.8160476291517751
588000.SH,1,2022,409,409,0,1.0,0.816047629151775,1.0513164902977485,1.0513164902977485,,0.0,-0.23526886114597345,,,0.8160476291517751,False,True,10.0,0.8160476291517751
588000.SH,1,2022,409,409,0,1.0,0.816047629151775,1.0513164902977485,1.0513164902977485,,0.0,-0.23526886114597345,,,0.8160476291517751,False,True,25.0,0.8160476291517751
588000.SH,1,2022,409,409,0,1.0,0.816047629151775,1.0513164902977485,1.0513164902977485,,0.0,-0.23526886114597345,,,0.8160476291517751,False,True,50.0,0.8160476291517751
588000.SH,1,2022,409,409,0,1.0,0.816047629151775,1.0513164902977485,1.0513164902977485,,0.0,-0.23526886114597345,,,0.8160476291517751,False,True,100.0,0.8160476291517751
588000.SH,1,2023,235,235,0,1.0,-2.4256814492726027,-1.964992336935868,-1.964992336935868,,0.0,-0.4606891123367343,,,-2.425681449272602,False,True,-100.0,-2.425681449272602
588000.SH,1,2023,235,235,0,1.0,-2.4256814492726027,-1.964992336935868,-1.964992336935868,,0.0,-0.4606891123367343,,,-2.425681449272602,False,True,-50.0,-2.425681449272602
588000.SH,1,2023,235,235,0,1.0,-2.4256814492726027,-1.964992336935868,-1.964992336935868,,0.0,-0.4606891123367343,,,-2.425681449272602,False,True,-25.0,-2.425681449272602
588000.SH,1,2023,235,235,0,1.0,-2.4256814492726027,-1.964992336935868,-1.964992336935868,,0.0,-0.4606891123367343,,,-2.425681449272602,False,True,-10.0,-2.425681449272602
588000.SH,1,2023,235,235,0,1.0,-2.4256814492726027,-1.964992336935868,-1.964992336935868,,0.0,-0.4606891123367343,,,-2.425681449272602,False,True,-5.0,-2.425681449272602
588000.SH,1,2023,235,235,0,1.0,-2.4256814492726027,-1.964992336935868,-1.964992336935868,,0.0,-0.4606891123367343,,,-2.425681449272602,False,True,0.0,-2.425681449272602
588000.SH,1,2023,235,235,0,1.0,-2.4256814492726027,-1.964992336935868,-1.964992336935868,,0.0,-0.4606891123367343,,,-2.425681449272602,False,True,5.0,-2.425681449272602
588000.SH,1,2023,235,235,0,1.0,-2.4256814492726027,-1.964992336935868,-1.964992336935868,,0.0,-0.4606891123367343,,,-2.425681449272602,False,True,10.0,-2.425681449272602
588000.SH,1,2023,235,235,0,1.0,-2.4256814492726027,-1.964992336935868,-1.964992336935868,,0.0,-0.4606891123367343,,,-2.425681449272602,False,True,25.0,-2.425681449272602
588000.SH,1,2023,235,235,0,1.0,-2.4256814492726027,-1.964992336935868,-1.964992336935868,,0.0,-0.4606891123367343,,,-2.425681449272602,False,True,50.0,-2.425681449272602
588000.SH,1,2023,235,235,0,1.0,-2.4256814492726027,-1.964992336935868,-1.964992336935868,,0.0,-0.4606891123367343,,,-2.425681449272602,False,True,100.0,-2.425681449272602
588000.SH,1,2024,436,436,0,1.0,2.1025355831081014,0.9533864137296149,0.9533864137296149,,0.0,1.1491491693784865,,,2.1025355831081014,False,True,-100.0,2.1025355831081014
588000.SH,1,2024,436,436,0,1.0,2.1025355831081014,0.9533864137296149,0.9533864137296149,,0.0,1.1491491693784865,,,2.1025355831081014,False,True,-50.0,2.1025355831081014
588000.SH,1,2024,436,436,0,1.0,2.1025355831081014,0.9533864137296149,0.9533864137296149,,0.0,1.1491491693784865,,,2.1025355831081014,False,True,-25.0,2.1025355831081014
588000.SH,1,2024,436,436,0,1.0,2.1025355831081014,0.9533864137296149,0.9533864137296149,,0.0,1.1491491693784865,,,2.1025355831081014,False,True,-10.0,2.1025355831081014
588000.SH,1,2024,436,436,0,1.0,2.1025355831081014,0.9533864137296149,0.9533864137296149,,0.0,1.1491491693784865,,,2.1025355831081014,False,True,-5.0,2.1025355831081014
588000.SH,1,2024,436,436,0,1.0,2.1025355831081014,0.9533864137296149,0.9533864137296149,,0.0,1.1491491693784865,,,2.1025355831081014,False,True,0.0,2.1025355831081014
588000.SH,1,2024,436,436,0,1.0,2.1025355831081014,0.9533864137296149,0.9533864137296149,,0.0,1.1491491693784865,,,2.1025355831081014,False,True,5.0,2.1025355831081014
588000.SH,1,2024,436,436,0,1.0,2.1025355831081014,0.9533864137296149,0.9533864137296149,,0.0,1.1491491693784865,,,2.1025355831081014,False,True,10.0,2.1025355831081014
588000.SH,1,2024,436,436,0,1.0,2.1025355831081014,0.9533864137296149,0.9533864137296149,,0.0,1.1491491693784865,,,2.1025355831081014,False,True,25.0,2.1025355831081014
588000.SH,1,2024,436,436,0,1.0,2.1025355831081014,0.9533864137296149,0.9533864137296149,,0.0,1.1491491693784865,,,2.1025355831081014,False,True,50.0,2.1025355831081014
588000.SH,1,2024,436,436,0,1.0,2.1025355831081014,0.9533864137296149,0.9533864137296149,,0.0,1.1491491693784865,,,2.1025355831081014,False,True,100.0,2.1025355831081014
588000.SH,1,2025,386,386,0,1.0,0.7937183808868449,0.6340555997327554,0.6340555997327554,,0.0,0.15966278115408913,,,0.7937183808868445,False,True,-100.0,0.7937183808868445
588000.SH,1,2025,386,386,0,1.0,0.7937183808868449,0.6340555997327554,0.6340555997327554,,0.0,0.15966278115408913,,,0.7937183808868445,False,True,-50.0,0.7937183808868445
588000.SH,1,2025,386,386,0,1.0,0.7937183808868449,0.6340555997327554,0.6340555997327554,,0.0,0.15966278115408913,,,0.7937183808868445,False,True,-25.0,0.7937183808868445
588000.SH,1,2025,386,386,0,1.0,0.7937183808868449,0.6340555997327554,0.6340555997327554,,0.0,0.15966278115408913,,,0.7937183808868445,False,True,-10.0,0.7937183808868445
588000.SH,1,2025,386,386,0,1.0,0.7937183808868449,0.6340555997327554,0.6340555997327554,,0.0,0.15966278115408913,,,0.7937183808868445,False,True,-5.0,0.7937183808868445
588000.SH,1,2025,386,386,0,1.0,0.7937183808868449,0.6340555997327554,0.6340555997327554,,0.0,0.15966278115408913,,,0.7937183808868445,False,True,0.0,0.7937183808868445
588000.SH,1,2025,386,386,0,1.0,0.7937183808868449,0.6340555997327554,0.6340555997327554,,0.0,0.15966278115408913,,,0.7937183808868445,False,True,5.0,0.7937183808868445
588000.SH,1,2025,386,386,0,1.0,0.7937183808868449,0.6340555997327554,0.6340555997327554,,0.0,0.15966278115408913,,,0.7937183808868445,False,True,10.0,0.7937183808868445
588000.SH,1,2025,386,386,0,1.0,0.7937183808868449,0.6340555997327554,0.6340555997327554,,0.0,0.15966278115408913,,,0.7937183808868445,False,True,25.0,0.7937183808868445
588000.SH,1,2025,386,386,0,1.0,0.7937183808868449,0.6340555997327554,0.6340555997327554,,0.0,0.15966278115408913,,,0.7937183808868445,False,True,50.0,0.7937183808868445
588000.SH,1,2025,386,386,0,1.0,0.7937183808868449,0.6340555997327554,0.6340555997327554,,0.0,0.15966278115408913,,,0.7937183808868445,False,True,100.0,0.7937183808868445
588000.SH,5,pooled,1802,1802,0,1.0,1.921663816144551,1.2589246319356613,1.2589246319356613,,0.0,0.6627391842088896,,,1.9216638161445507,False,True,-100.0,1.9216638161445507
588000.SH,5,pooled,1802,1802,0,1.0,1.921663816144551,1.2589246319356613,1.2589246319356613,,0.0,0.6627391842088896,,,1.9216638161445507,False,True,-50.0,1.9216638161445507
588000.SH,5,pooled,1802,1802,0,1.0,1.921663816144551,1.2589246319356613,1.2589246319356613,,0.0,0.6627391842088896,,,1.9216638161445507,False,True,-25.0,1.9216638161445507
588000.SH,5,pooled,1802,1802,0,1.0,1.921663816144551,1.2589246319356613,1.2589246319356613,,0.0,0.6627391842088896,,,1.9216638161445507,False,True,-10.0,1.9216638161445507
588000.SH,5,pooled,1802,1802,0,1.0,1.921663816144551,1.2589246319356613,1.2589246319356613,,0.0,0.6627391842088896,,,1.9216638161445507,False,True,-5.0,1.9216638161445507
588000.SH,5,pooled,1802,1802,0,1.0,1.921663816144551,1.2589246319356613,1.2589246319356613,,0.0,0.6627391842088896,,,1.9216638161445507,False,True,0.0,1.9216638161445507
588000.SH,5,pooled,1802,1802,0,1.0,1.921663816144551,1.2589246319356613,1.2589246319356613,,0.0,0.6627391842088896,,,1.9216638161445507,False,True,5.0,1.9216638161445507
588000.SH,5,pooled,1802,1802,0,1.0,1.921663816144551,1.2589246319356613,1.2589246319356613,,0.0,0.6627391842088896,,,1.9216638161445507,False,True,10.0,1.9216638161445507
588000.SH,5,pooled,1802,1802,0,1.0,1.921663816144551,1.2589246319356613,1.2589246319356613,,0.0,0.6627391842088896,,,1.9216638161445507,False,True,25.0,1.9216638161445507
588000.SH,5,pooled,1802,1802,0,1.0,1.921663816144551,1.2589246319356613,1.2589246319356613,,0.0,0.6627391842088896,,,1.9216638161445507,False,True,50.0,1.9216638161445507
588000.SH,5,pooled,1802,1802,0,1.0,1.921663816144551,1.2589246319356613,1.2589246319356613,,0.0,0.6627391842088896,,,1.9216638161445507,False,True,100.0,1.9216638161445507
588000.SH,5,2021,336,336,0,1.0,1.2315811272494759,0.3472534650753693,0.3472534650753693,,0.0,0.884327662174107,,,1.2315811272494763,False,True,-100.0,1.2315811272494763
588000.SH,5,2021,336,336,0,1.0,1.2315811272494759,0.3472534650753693,0.3472534650753693,,0.0,0.884327662174107,,,1.2315811272494763,False,True,-50.0,1.2315811272494763
588000.SH,5,2021,336,336,0,1.0,1.2315811272494759,0.3472534650753693,0.3472534650753693,,0.0,0.884327662174107,,,1.2315811272494763,False,True,-25.0,1.2315811272494763
588000.SH,5,2021,336,336,0,1.0,1.2315811272494759,0.3472534650753693,0.3472534650753693,,0.0,0.884327662174107,,,1.2315811272494763,False,True,-10.0,1.2315811272494763
588000.SH,5,2021,336,336,0,1.0,1.2315811272494759,0.3472534650753693,0.3472534650753693,,0.0,0.884327662174107,,,1.2315811272494763,False,True,-5.0,1.2315811272494763
588000.SH,5,2021,336,336,0,1.0,1.2315811272494759,0.3472534650753693,0.3472534650753693,,0.0,0.884327662174107,,,1.2315811272494763,False,True,0.0,1.2315811272494763
588000.SH,5,2021,336,336,0,1.0,1.2315811272494759,0.3472534650753693,0.3472534650753693,,0.0,0.884327662174107,,,1.2315811272494763,False,True,5.0,1.2315811272494763
588000.SH,5,2021,336,336,0,1.0,1.2315811272494759,0.3472534650753693,0.3472534650753693,,0.0,0.884327662174107,,,1.2315811272494763,False,True,10.0,1.2315811272494763
588000.SH,5,2021,336,336,0,1.0,1.2315811272494759,0.3472534650753693,0.3472534650753693,,0.0,0.884327662174107,,,1.2315811272494763,False,True,25.0,1.2315811272494763
588000.SH,5,2021,336,336,0,1.0,1.2315811272494759,0.3472534650753693,0.3472534650753693,,0.0,0.884327662174107,,,1.2315811272494763,False,True,50.0,1.2315811272494763
588000.SH,5,2021,336,336,0,1.0,1.2315811272494759,0.3472534650753693,0.3472534650753693,,0.0,0.884327662174107,,,1.2315811272494763,False,True,100.0,1.2315811272494763
588000.SH,5,2022,409,409,0,1.0,4.451708595084244,4.153118864551855,4.153118864551855,,0.0,0.29858973053238863,,,4.451708595084244,False,True,-100.0,4.451708595084244
588000.SH,5,2022,409,409,0,1.0,4.451708595084244,4.153118864551855,4.153118864551855,,0.0,0.29858973053238863,,,4.451708595084244,False,True,-50.0,4.451708595084244
588000.SH,5,2022,409,409,0,1.0,4.451708595084244,4.153118864551855,4.153118864551855,,0.0,0.29858973053238863,,,4.451708595084244,False,True,-25.0,4.451708595084244
588000.SH,5,2022,409,409,0,1.0,4.451708595084244,4.153118864551855,4.153118864551855,,0.0,0.29858973053238863,,,4.451708595084244,False,True,-10.0,4.451708595084244
588000.SH,5,2022,409,409,0,1.0,4.451708595084244,4.153118864551855,4.153118864551855,,0.0,0.29858973053238863,,,4.451708595084244,False,True,-5.0,4.451708595084244
588000.SH,5,2022,409,409,0,1.0,4.451708595084244,4.153118864551855,4.153118864551855,,0.0,0.29858973053238863,,,4.451708595084244,False,True,0.0,4.451708595084244
588000.SH,5,2022,409,409,0,1.0,4.451708595084244,4.153118864551855,4.153118864551855,,0.0,0.29858973053238863,,,4.451708595084244,False,True,5.0,4.451708595084244
588000.SH,5,2022,409,409,0,1.0,4.451708595084244,4.153118864551855,4.153118864551855,,0.0,0.29858973053238863,,,4.451708595084244,False,True,10.0,4.451708595084244
588000.SH,5,2022,409,409,0,1.0,4.451708595084244,4.153118864551855,4.153118864551855,,0.0,0.29858973053238863,,,4.451708595084244,False,True,25.0,4.451708595084244
588000.SH,5,2022,409,409,0,1.0,4.451708595084244,4.153118864551855,4.153118864551855,,0.0,0.29858973053238863,,,4.451708595084244,False,True,50.0,4.451708595084244
588000.SH,5,2022,409,409,0,1.0,4.451708595084244,4.153118864551855,4.153118864551855,,0.0,0.29858973053238863,,,4.451708595084244,False,True,100.0,4.451708595084244
588000.SH,5,2023,235,235,0,1.0,-1.12037186631103,-1.3262045065098584,-1.3262045065098584,,0.0,0.20583264019882797,,,-1.1203718663110305,False,True,-100.0,-1.1203718663110305
588000.SH,5,2023,235,235,0,1.0,-1.12037186631103,-1.3262045065098584,-1.3262045065098584,,0.0,0.20583264019882797,,,-1.1203718663110305,False,True,-50.0,-1.1203718663110305
588000.SH,5,2023,235,235,0,1.0,-1.12037186631103,-1.3262045065098584,-1.3262045065098584,,0.0,0.20583264019882797,,,-1.1203718663110305,False,True,-25.0,-1.1203718663110305
588000.SH,5,2023,235,235,0,1.0,-1.12037186631103,-1.3262045065098584,-1.3262045065098584,,0.0,0.20583264019882797,,,-1.1203718663110305,False,True,-10.0,-1.1203718663110305
588000.SH,5,2023,235,235,0,1.0,-1.12037186631103,-1.3262045065098584,-1.3262045065098584,,0.0,0.20583264019882797,,,-1.1203718663110305,False,True,-5.0,-1.1203718663110305
588000.SH,5,2023,235,235,0,1.0,-1.12037186631103,-1.3262045065098584,-1.3262045065098584,,0.0,0.20583264019882797,,,-1.1203718663110305,False,True,0.0,-1.1203718663110305
588000.SH,5,2023,235,235,0,1.0,-1.12037186631103,-1.3262045065098584,-1.3262045065098584,,0.0,0.20583264019882797,,,-1.1203718663110305,False,True,5.0,-1.1203718663110305
588000.SH,5,2023,235,235,0,1.0,-1.12037186631103,-1.3262045065098584,-1.3262045065098584,,0.0,0.20583264019882797,,,-1.1203718663110305,False,True,10.0,-1.1203718663110305
588000.SH,5,2023,235,235,0,1.0,-1.12037186631103,-1.3262045065098584,-1.3262045065098584,,0.0,0.20583264019882797,,,-1.1203718663110305,False,True,25.0,-1.1203718663110305
588000.SH,5,2023,235,235,0,1.0,-1.12037186631103,-1.3262045065098584,-1.3262045065098584,,0.0,0.20583264019882797,,,-1.1203718663110305,False,True,50.0,-1.1203718663110305
588000.SH,5,2023,235,235,0,1.0,-1.12037186631103,-1.3262045065098584,-1.3262045065098584,,0.0,0.20583264019882797,,,-1.1203718663110305,False,True,100.0,-1.1203718663110305
588000.SH,5,2024,436,436,0,1.0,3.2439481827418035,1.62305869410202,1.62305869410202,,0.0,1.6208894886397829,,,3.2439481827418026,False,True,-100.0,3.2439481827418026
588000.SH,5,2024,436,436,0,1.0,3.2439481827418035,1.62305869410202,1.62305869410202,,0.0,1.6208894886397829,,,3.2439481827418026,False,True,-50.0,3.2439481827418026
588000.SH,5,2024,436,436,0,1.0,3.2439481827418035,1.62305869410202,1.62305869410202,,0.0,1.6208894886397829,,,3.2439481827418026,False,True,-25.0,3.2439481827418026
588000.SH,5,2024,436,436,0,1.0,3.2439481827418035,1.62305869410202,1.62305869410202,,0.0,1.6208894886397829,,,3.2439481827418026,False,True,-10.0,3.2439481827418026
588000.SH,5,2024,436,436,0,1.0,3.2439481827418035,1.62305869410202,1.62305869410202,,0.0,1.6208894886397829,,,3.2439481827418026,False,True,-5.0,3.2439481827418026
588000.SH,5,2024,436,436,0,1.0,3.2439481827418035,1.62305869410202,1.62305869410202,,0.0,1.6208894886397829,,,3.2439481827418026,False,True,0.0,3.2439481827418026
588000.SH,5,2024,436,436,0,1.0,3.2439481827418035,1.62305869410202,1.62305869410202,,0.0,1.6208894886397829,,,3.2439481827418026,False,True,5.0,3.2439481827418026
588000.SH,5,2024,436,436,0,1.0,3.2439481827418035,1.62305869410202,1.62305869410202,,0.0,1.6208894886397829,,,3.2439481827418026,False,True,10.0,3.2439481827418026
588000.SH,5,2024,436,436,0,1.0,3.2439481827418035,1.62305869410202,1.62305869410202,,0.0,1.6208894886397829,,,3.2439481827418026,False,True,25.0,3.2439481827418026
588000.SH,5,2024,436,436,0,1.0,3.2439481827418035,1.62305869410202,1.62305869410202,,0.0,1.6208894886397829,,,3.2439481827418026,False,True,50.0,3.2439481827418026
588000.SH,5,2024,436,436,0,1.0,3.2439481827418035,1.62305869410202,1.62305869410202,,0.0,1.6208894886397829,,,3.2439481827418026,False,True,100.0,3.2439481827418026
588000.SH,5,2025,386,386,0,1.0,0.20001063071208963,0.14840382197503824,0.14840382197503824,,0.0,0.0516068087370515,,,0.20001063071208974,False,True,-100.0,0.20001063071208974
588000.SH,5,2025,386,386,0,1.0,0.20001063071208963,0.14840382197503824,0.14840382197503824,,0.0,0.0516068087370515,,,0.20001063071208974,False,True,-50.0,0.20001063071208974
588000.SH,5,2025,386,386,0,1.0,0.20001063071208963,0.14840382197503824,0.14840382197503824,,0.0,0.0516068087370515,,,0.20001063071208974,False,True,-25.0,0.20001063071208974
588000.SH,5,2025,386,386,0,1.0,0.20001063071208963,0.14840382197503824,0.14840382197503824,,0.0,0.0516068087370515,,,0.20001063071208974,False,True,-10.0,0.20001063071208974
588000.SH,5,2025,386,386,0,1.0,0.20001063071208963,0.14840382197503824,0.14840382197503824,,0.0,0.0516068087370515,,,0.20001063071208974,False,True,-5.0,0.20001063071208974
588000.SH,5,2025,386,386,0,1.0,0.20001063071208963,0.14840382197503824,0.14840382197503824,,0.0,0.0516068087370515,,,0.20001063071208974,False,True,0.0,0.20001063071208974
588000.SH,5,2025,386,386,0,1.0,0.20001063071208963,0.14840382197503824,0.14840382197503824,,0.0,0.0516068087370515,,,0.20001063071208974,False,True,5.0,0.20001063071208974
588000.SH,5,2025,386,386,0,1.0,0.20001063071208963,0.14840382197503824,0.14840382197503824,,0.0,0.0516068087370515,,,0.20001063071208974,False,True,10.0,0.20001063071208974
588000.SH,5,2025,386,386,0,1.0,0.20001063071208963,0.14840382197503824,0.14840382197503824,,0.0,0.0516068087370515,,,0.20001063071208974,False,True,25.0,0.20001063071208974
588000.SH,5,2025,386,386,0,1.0,0.20001063071208963,0.14840382197503824,0.14840382197503824,,0.0,0.0516068087370515,,,0.20001063071208974,False,True,50.0,0.20001063071208974
588000.SH,5,2025,386,386,0,1.0,0.20001063071208963,0.14840382197503824,0.14840382197503824,,0.0,0.0516068087370515,,,0.20001063071208974,False,True,100.0,0.20001063071208974
588000.SH,15,pooled,1802,1802,0,1.0,3.1180378283437116,2.127547953081916,2.127547953081916,,0.0,0.9904898752617955,,,3.1180378283437116,False,True,-100.0,3.1180378283437116
588000.SH,15,pooled,1802,1802,0,1.0,3.1180378283437116,2.127547953081916,2.127547953081916,,0.0,0.9904898752617955,,,3.1180378283437116,False,True,-50.0,3.1180378283437116
588000.SH,15,pooled,1802,1802,0,1.0,3.1180378283437116,2.127547953081916,2.127547953081916,,0.0,0.9904898752617955,,,3.1180378283437116,False,True,-25.0,3.1180378283437116
588000.SH,15,pooled,1802,1802,0,1.0,3.1180378283437116,2.127547953081916,2.127547953081916,,0.0,0.9904898752617955,,,3.1180378283437116,False,True,-10.0,3.1180378283437116
588000.SH,15,pooled,1802,1802,0,1.0,3.1180378283437116,2.127547953081916,2.127547953081916,,0.0,0.9904898752617955,,,3.1180378283437116,False,True,-5.0,3.1180378283437116
588000.SH,15,pooled,1802,1802,0,1.0,3.1180378283437116,2.127547953081916,2.127547953081916,,0.0,0.9904898752617955,,,3.1180378283437116,False,True,0.0,3.1180378283437116
588000.SH,15,pooled,1802,1802,0,1.0,3.1180378283437116,2.127547953081916,2.127547953081916,,0.0,0.9904898752617955,,,3.1180378283437116,False,True,5.0,3.1180378283437116
588000.SH,15,pooled,1802,1802,0,1.0,3.1180378283437116,2.127547953081916,2.127547953081916,,0.0,0.9904898752617955,,,3.1180378283437116,False,True,10.0,3.1180378283437116
588000.SH,15,pooled,1802,1802,0,1.0,3.1180378283437116,2.127547953081916,2.127547953081916,,0.0,0.9904898752617955,,,3.1180378283437116,False,True,25.0,3.1180378283437116
588000.SH,15,pooled,1802,1802,0,1.0,3.1180378283437116,2.127547953081916,2.127547953081916,,0.0,0.9904898752617955,,,3.1180378283437116,False,True,50.0,3.1180378283437116
588000.SH,15,pooled,1802,1802,0,1.0,3.1180378283437116,2.127547953081916,2.127547953081916,,0.0,0.9904898752617955,,,3.1180378283437116,False,True,100.0,3.1180378283437116
588000.SH,15,2021,336,336,0,1.0,3.8750526486843198,3.657947693449743,3.657947693449743,,0.0,0.21710495523457768,,,3.8750526486843206,False,True,-100.0,3.8750526486843206
588000.SH,15,2021,336,336,0,1.0,3.8750526486843198,3.657947693449743,3.657947693449743,,0.0,0.21710495523457768,,,3.8750526486843206,False,True,-50.0,3.8750526486843206
588000.SH,15,2021,336,336,0,1.0,3.8750526486843198,3.657947693449743,3.657947693449743,,0.0,0.21710495523457768,,,3.8750526486843206,False,True,-25.0,3.8750526486843206
588000.SH,15,2021,336,336,0,1.0,3.8750526486843198,3.657947693449743,3.657947693449743,,0.0,0.21710495523457768,,,3.8750526486843206,False,True,-10.0,3.8750526486843206
588000.SH,15,2021,336,336,0,1.0,3.8750526486843198,3.657947693449743,3.657947693449743,,0.0,0.21710495523457768,,,3.8750526486843206,False,True,-5.0,3.8750526486843206
588000.SH,15,2021,336,336,0,1.0,3.8750526486843198,3.657947693449743,3.657947693449743,,0.0,0.21710495523457768,,,3.8750526486843206,False,True,0.0,3.8750526486843206
588000.SH,15,2021,336,336,0,1.0,3.8750526486843198,3.657947693449743,3.657947693449743,,0.0,0.21710495523457768,,,3.8750526486843206,False,True,5.0,3.8750526486843206
588000.SH,15,2021,336,336,0,1.0,3.8750526486843198,3.657947693449743,3.657947693449743,,0.0,0.21710495523457768,,,3.8750526486843206,False,True,10.0,3.8750526486843206
588000.SH,15,2021,336,336,0,1.0,3.8750526486843198,3.657947693449743,3.657947693449743,,0.0,0.21710495523457768,,,3.8750526486843206,False,True,25.0,3.8750526486843206
588000.SH,15,2021,336,336,0,1.0,3.8750526486843198,3.657947693449743,3.657947693449743,,0.0,0.21710495523457768,,,3.8750526486843206,False,True,50.0,3.8750526486843206
588000.SH,15,2021,336,336,0,1.0,3.8750526486843198,3.657947693449743,3.657947693449743,,0.0,0.21710495523457768,,,3.8750526486843206,False,True,100.0,3.8750526486843206
588000.SH,15,2022,409,409,0,1.0,7.91376974993818,7.593750754322411,7.593750754322411,,0.0,0.3200189956157701,,,7.913769749938181,False,True,-100.0,7.913769749938181
588000.SH,15,2022,409,409,0,1.0,7.91376974993818,7.593750754322411,7.593750754322411,,0.0,0.3200189956157701,,,7.913769749938181,False,True,-50.0,7.913769749938181
588000.SH,15,2022,409,409,0,1.0,7.91376974993818,7.593750754322411,7.593750754322411,,0.0,0.3200189956157701,,,7.913769749938181,False,True,-25.0,7.913769749938181
588000.SH,15,2022,409,409,0,1.0,7.91376974993818,7.593750754322411,7.593750754322411,,0.0,0.3200189956157701,,,7.913769749938181,False,True,-10.0,7.913769749938181
588000.SH,15,2022,409,409,0,1.0,7.91376974993818,7.593750754322411,7.593750754322411,,0.0,0.3200189956157701,,,7.913769749938181,False,True,-5.0,7.913769749938181
588000.SH,15,2022,409,409,0,1.0,7.91376974993818,7.593750754322411,7.593750754322411,,0.0,0.3200189956157701,,,7.913769749938181,False,True,0.0,7.913769749938181
588000.SH,15,2022,409,409,0,1.0,7.91376974993818,7.593750754322411,7.593750754322411,,0.0,0.3200189956157701,,,7.913769749938181,False,True,5.0,7.913769749938181
588000.SH,15,2022,409,409,0,1.0,7.91376974993818,7.593750754322411,7.593750754322411,,0.0,0.3200189956157701,,,7.913769749938181,False,True,10.0,7.913769749938181
588000.SH,15,2022,409,409,0,1.0,7.91376974993818,7.593750754322411,7.593750754322411,,0.0,0.3200189956157701,,,7.913769749938181,False,True,25.0,7.913769749938181
588000.SH,15,2022,409,409,0,1.0,7.91376974993818,7.593750754322411,7.593750754322411,,0.0,0.3200189956157701,,,7.913769749938181,False,True,50.0,7.913769749938181
588000.SH,15,2022,409,409,0,1.0,7.91376974993818,7.593750754322411,7.593750754322411,,0.0,0.3200189956157701,,,7.913769749938181,False,True,100.0,7.913769749938181
588000.SH,15,2023,235,235,0,1.0,-6.34936503160182,-8.159231319835891,-8.159231319835891,,0.0,1.8098662882340701,,,-6.349365031601821,False,True,-100.0,-6.349365031601821
588000.SH,15,2023,235,235,0,1.0,-6.34936503160182,-8.159231319835891,-8.159231319835891,,0.0,1.8098662882340701,,,-6.349365031601821,False,True,-50.0,-6.349365031601821
588000.SH,15,2023,235,235,0,1.0,-6.34936503160182,-8.159231319835891,-8.159231319835891,,0.0,1.8098662882340701,,,-6.349365031601821,False,True,-25.0,-6.349365031601821
588000.SH,15,2023,235,235,0,1.0,-6.34936503160182,-8.159231319835891,-8.159231319835891,,0.0,1.8098662882340701,,,-6.349365031601821,False,True,-10.0,-6.349365031601821
588000.SH,15,2023,235,235,0,1.0,-6.34936503160182,-8.159231319835891,-8.159231319835891,,0.0,1.8098662882340701,,,-6.349365031601821,False,True,-5.0,-6.349365031601821
588000.SH,15,2023,235,235,0,1.0,-6.34936503160182,-8.159231319835891,-8.159231319835891,,0.0,1.8098662882340701,,,-6.349365031601821,False,True,0.0,-6.349365031601821
588000.SH,15,2023,235,235,0,1.0,-6.34936503160182,-8.159231319835891,-8.159231319835891,,0.0,1.8098662882340701,,,-6.349365031601821,False,True,5.0,-6.349365031601821
588000.SH,15,2023,235,235,0,1.0,-6.34936503160182,-8.159231319835891,-8.159231319835891,,0.0,1.8098662882340701,,,-6.349365031601821,False,True,10.0,-6.349365031601821
588000.SH,15,2023,235,235,0,1.0,-6.34936503160182,-8.159231319835891,-8.159231319835891,,0.0,1.8098662882340701,,,-6.349365031601821,False,True,25.0,-6.349365031601821
588000.SH,15,2023,235,235,0,1.0,-6.34936503160182,-8.159231319835891,-8.159231319835891,,0.0,1.8098662882340701,,,-6.349365031601821,False,True,50.0,-6.349365031601821
588000.SH,15,2023,235,235,0,1.0,-6.34936503160182,-8.159231319835891,-8.159231319835891,,0.0,1.8098662882340701,,,-6.349365031601821,False,True,100.0,-6.349365031601821
588000.SH,15,2024,436,436,0,1.0,9.49592092365278,7.092996915094078,7.092996915094078,,0.0,2.402924008558704,,,9.495920923652783,False,True,-100.0,9.495920923652783
588000.SH,15,2024,436,436,0,1.0,9.49592092365278,7.092996915094078,7.092996915094078,,0.0,2.402924008558704,,,9.495920923652783,False,True,-50.0,9.495920923652783
588000.SH,15,2024,436,436,0,1.0,9.49592092365278,7.092996915094078,7.092996915094078,,0.0,2.402924008558704,,,9.495920923652783,False,True,-25.0,9.495920923652783
588000.SH,15,2024,436,436,0,1.0,9.49592092365278,7.092996915094078,7.092996915094078,,0.0,2.402924008558704,,,9.495920923652783,False,True,-10.0,9.495920923652783
588000.SH,15,2024,436,436,0,1.0,9.49592092365278,7.092996915094078,7.092996915094078,,0.0,2.402924008558704,,,9.495920923652783,False,True,-5.0,9.495920923652783
588000.SH,15,2024,436,436,0,1.0,9.49592092365278,7.092996915094078,7.092996915094078,,0.0,2.402924008558704,,,9.495920923652783,False,True,0.0,9.495920923652783
588000.SH,15,2024,436,436,0,1.0,9.49592092365278,7.092996915094078,7.092996915094078,,0.0,2.402924008558704,,,9.495920923652783,False,True,5.0,9.495920923652783
588000.SH,15,2024,436,436,0,1.0,9.49592092365278,7.092996915094078,7.092996915094078,,0.0,2.402924008558704,,,9.495920923652783,False,True,10.0,9.495920923652783
588000.SH,15,2024,436,436,0,1.0,9.49592092365278,7.092996915094078,7.092996915094078,,0.0,2.402924008558704,,,9.495920923652783,False,True,25.0,9.495920923652783
588000.SH,15,2024,436,436,0,1.0,9.49592092365278,7.092996915094078,7.092996915094078,,0.0,2.402924008558704,,,9.495920923652783,False,True,50.0,9.495920923652783
588000.SH,15,2024,436,436,0,1.0,9.49592092365278,7.092996915094078,7.092996915094078,,0.0,2.402924008558704,,,9.495920923652783,False,True,100.0,9.495920923652783
588000.SH,15,2025,386,386,0,1.0,-4.062606454128146,-4.3424879971060895,-4.3424879971060895,,0.0,0.2798815429779427,,,-4.062606454128146,False,True,-100.0,-4.062606454128146
588000.SH,15,2025,386,386,0,1.0,-4.062606454128146,-4.3424879971060895,-4.3424879971060895,,0.0,0.2798815429779427,,,-4.062606454128146,False,True,-50.0,-4.062606454128146
588000.SH,15,2025,386,386,0,1.0,-4.062606454128146,-4.3424879971060895,-4.3424879971060895,,0.0,0.2798815429779427,,,-4.062606454128146,False,True,-25.0,-4.062606454128146
588000.SH,15,2025,386,386,0,1.0,-4.062606454128146,-4.3424879971060895,-4.3424879971060895,,0.0,0.2798815429779427,,,-4.062606454128146,False,True,-10.0,-4.062606454128146
588000.SH,15,2025,386,386,0,1.0,-4.062606454128146,-4.3424879971060895,-4.3424879971060895,,0.0,0.2798815429779427,,,-4.062606454128146,False,True,-5.0,-4.062606454128146
588000.SH,15,2025,386,386,0,1.0,-4.062606454128146,-4.3424879971060895,-4.3424879971060895,,0.0,0.2798815429779427,,,-4.062606454128146,False,True,0.0,-4.062606454128146
588000.SH,15,2025,386,386,0,1.0,-4.062606454128146,-4.3424879971060895,-4.3424879971060895,,0.0,0.2798815429779427,,,-4.062606454128146,False,True,5.0,-4.062606454128146
588000.SH,15,2025,386,386,0,1.0,-4.062606454128146,-4.3424879971060895,-4.3424879971060895,,0.0,0.2798815429779427,,,-4.062606454128146,False,True,10.0,-4.062606454128146
588000.SH,15,2025,386,386,0,1.0,-4.062606454128146,-4.3424879971060895,-4.3424879971060895,,0.0,0.2798815429779427,,,-4.062606454128146,False,True,25.0,-4.062606454128146
588000.SH,15,2025,386,386,0,1.0,-4.062606454128146,-4.3424879971060895,-4.3424879971060895,,0.0,0.2798815429779427,,,-4.062606454128146,False,True,50.0,-4.062606454128146
588000.SH,15,2025,386,386,0,1.0,-4.062606454128146,-4.3424879971060895,-4.3424879971060895,,0.0,0.2798815429779427,,,-4.062606454128146,False,True,100.0,-4.062606454128146
588000.SH,30,pooled,1802,1801,1,0.9994450610432852,3.9631356026402735,2.176968812744249,2.195339586250669,-30.90879427231963,0.018370773506420246,1.767796016389604,-7137.607220355133,-7108.466222099203,3.944764829133853,False,False,-100.0,3.8892709334623765
588000.SH,30,pooled,1802,1801,1,0.9994450610432852,3.9631356026402735,2.176968812744249,2.195339586250669,-30.90879427231963,0.018370773506420246,1.767796016389604,-7137.607220355133,-7108.466222099203,3.944764829133853,False,False,-50.0,3.917017881298115
588000.SH,30,pooled,1802,1801,1,0.9994450610432852,3.9631356026402735,2.176968812744249,2.195339586250669,-30.90879427231963,0.018370773506420246,1.767796016389604,-7137.607220355133,-7108.466222099203,3.944764829133853,False,False,-25.0,3.9308913552159837
588000.SH,30,pooled,1802,1801,1,0.9994450610432852,3.9631356026402735,2.176968812744249,2.195339586250669,-30.90879427231963,0.018370773506420246,1.767796016389604,-7137.607220355133,-7108.466222099203,3.944764829133853,False,False,-10.0,3.939215439566705
588000.SH,30,pooled,1802,1801,1,0.9994450610432852,3.9631356026402735,2.176968812744249,2.195339586250669,-30.90879427231963,0.018370773506420246,1.767796016389604,-7137.607220355133,-7108.466222099203,3.944764829133853,False,False,-5.0,3.941990134350279
588000.SH,30,pooled,1802,1801,1,0.9994450610432852,3.9631356026402735,2.176968812744249,2.195339586250669,-30.90879427231963,0.018370773506420246,1.767796016389604,-7137.607220355133,-7108.466222099203,3.944764829133853,False,False,0.0,3.944764829133853
588000.SH,30,pooled,1802,1801,1,0.9994450610432852,3.9631356026402735,2.176968812744249,2.195339586250669,-30.90879427231963,0.018370773506420246,1.767796016389604,-7137.607220355133,-7108.466222099203,3.944764829133853,False,False,5.0,3.9475395239174267
588000.SH,30,pooled,1802,1801,1,0.9994450610432852,3.9631356026402735,2.176968812744249,2.195339586250669,-30.90879427231963,0.018370773506420246,1.767796016389604,-7137.607220355133,-7108.466222099203,3.944764829133853,False,False,10.0,3.9503142187010005
588000.SH,30,pooled,1802,1801,1,0.9994450610432852,3.9631356026402735,2.176968812744249,2.195339586250669,-30.90879427231963,0.018370773506420246,1.767796016389604,-7137.607220355133,-7108.466222099203,3.944764829133853,False,False,25.0,3.958638303051722
588000.SH,30,pooled,1802,1801,1,0.9994450610432852,3.9631356026402735,2.176968812744249,2.195339586250669,-30.90879427231963,0.018370773506420246,1.767796016389604,-7137.607220355133,-7108.466222099203,3.944764829133853,False,False,50.0,3.972511776969591
588000.SH,30,pooled,1802,1801,1,0.9994450610432852,3.9631356026402735,2.176968812744249,2.195339586250669,-30.90879427231963,0.018370773506420246,1.767796016389604,-7137.607220355133,-7108.466222099203,3.944764829133853,False,False,100.0,4.000258724805329
588000.SH,30,2021,336,336,0,1.0,6.7191482786612555,6.344111853204707,6.344111853204707,,0.0,0.3750364254565478,,,6.719148278661255,False,True,-100.0,6.719148278661255
588000.SH,30,2021,336,336,0,1.0,6.7191482786612555,6.344111853204707,6.344111853204707,,0.0,0.3750364254565478,,,6.719148278661255,False,True,-50.0,6.719148278661255
588000.SH,30,2021,336,336,0,1.0,6.7191482786612555,6.344111853204707,6.344111853204707,,0.0,0.3750364254565478,,,6.719148278661255,False,True,-25.0,6.719148278661255
588000.SH,30,2021,336,336,0,1.0,6.7191482786612555,6.344111853204707,6.344111853204707,,0.0,0.3750364254565478,,,6.719148278661255,False,True,-10.0,6.719148278661255
588000.SH,30,2021,336,336,0,1.0,6.7191482786612555,6.344111853204707,6.344111853204707,,0.0,0.3750364254565478,,,6.719148278661255,False,True,-5.0,6.719148278661255
588000.SH,30,2021,336,336,0,1.0,6.7191482786612555,6.344111853204707,6.344111853204707,,0.0,0.3750364254565478,,,6.719148278661255,False,True,0.0,6.719148278661255
588000.SH,30,2021,336,336,0,1.0,6.7191482786612555,6.344111853204707,6.344111853204707,,0.0,0.3750364254565478,,,6.719148278661255,False,True,5.0,6.719148278661255
588000.SH,30,2021,336,336,0,1.0,6.7191482786612555,6.344111853204707,6.344111853204707,,0.0,0.3750364254565478,,,6.719148278661255,False,True,10.0,6.719148278661255
588000.SH,30,2021,336,336,0,1.0,6.7191482786612555,6.344111853204707,6.344111853204707,,0.0,0.3750364254565478,,,6.719148278661255,False,True,25.0,6.719148278661255
588000.SH,30,2021,336,336,0,1.0,6.7191482786612555,6.344111853204707,6.344111853204707,,0.0,0.3750364254565478,,,6.719148278661255,False,True,50.0,6.719148278661255
588000.SH,30,2021,336,336,0,1.0,6.7191482786612555,6.344111853204707,6.344111853204707,,0.0,0.3750364254565478,,,6.719148278661255,False,True,100.0,6.719148278661255
588000.SH,30,2022,409,409,0,1.0,14.74082201323968,13.875201938512058,13.875201938512058,,0.0,0.8656200747276216,,,14.74082201323968,False,True,-100.0,14.74082201323968
588000.SH,30,2022,409,409,0,1.0,14.74082201323968,13.875201938512058,13.875201938512058,,0.0,0.8656200747276216,,,14.74082201323968,False,True,-50.0,14.74082201323968
588000.SH,30,2022,409,409,0,1.0,14.74082201323968,13.875201938512058,13.875201938512058,,0.0,0.8656200747276216,,,14.74082201323968,False,True,-25.0,14.74082201323968
588000.SH,30,2022,409,409,0,1.0,14.74082201323968,13.875201938512058,13.875201938512058,,0.0,0.8656200747276216,,,14.74082201323968,False,True,-10.0,14.74082201323968
588000.SH,30,2022,409,409,0,1.0,14.74082201323968,13.875201938512058,13.875201938512058,,0.0,0.8656200747276216,,,14.74082201323968,False,True,-5.0,14.74082201323968
588000.SH,30,2022,409,409,0,1.0,14.74082201323968,13.875201938512058,13.875201938512058,,0.0,0.8656200747276216,,,14.74082201323968,False,True,0.0,14.74082201323968
588000.SH,30,2022,409,409,0,1.0,14.74082201323968,13.875201938512058,13.875201938512058,,0.0,0.8656200747276216,,,14.74082201323968,False,True,5.0,14.74082201323968
588000.SH,30,2022,409,409,0,1.0,14.74082201323968,13.875201938512058,13.875201938512058,,0.0,0.8656200747276216,,,14.74082201323968,False,True,10.0,14.74082201323968
588000.SH,30,2022,409,409,0,1.0,14.74082201323968,13.875201938512058,13.875201938512058,,0.0,0.8656200747276216,,,14.74082201323968,False,True,25.0,14.74082201323968
588000.SH,30,2022,409,409,0,1.0,14.74082201323968,13.875201938512058,13.875201938512058,,0.0,0.8656200747276216,,,14.74082201323968,False,True,50.0,14.74082201323968
588000.SH,30,2022,409,409,0,1.0,14.74082201323968,13.875201938512058,13.875201938512058,,0.0,0.8656200747276216,,,14.74082201323968,False,True,100.0,14.74082201323968
588000.SH,30,2023,235,235,0,1.0,-5.092970849480659,-6.249480362747132,-6.249480362747132,,0.0,1.1565095132664722,,,-5.092970849480659,False,True,-100.0,-5.092970849480659
588000.SH,30,2023,235,235,0,1.0,-5.092970849480659,-6.249480362747132,-6.249480362747132,,0.0,1.1565095132664722,,,-5.092970849480659,False,True,-50.0,-5.092970849480659
588000.SH,30,2023,235,235,0,1.0,-5.092970849480659,-6.249480362747132,-6.249480362747132,,0.0,1.1565095132664722,,,-5.092970849480659,False,True,-25.0,-5.092970849480659
588000.SH,30,2023,235,235,0,1.0,-5.092970849480659,-6.249480362747132,-6.249480362747132,,0.0,1.1565095132664722,,,-5.092970849480659,False,True,-10.0,-5.092970849480659
588000.SH,30,2023,235,235,0,1.0,-5.092970849480659,-6.249480362747132,-6.249480362747132,,0.0,1.1565095132664722,,,-5.092970849480659,False,True,-5.0,-5.092970849480659
588000.SH,30,2023,235,235,0,1.0,-5.092970849480659,-6.249480362747132,-6.249480362747132,,0.0,1.1565095132664722,,,-5.092970849480659,False,True,0.0,-5.092970849480659
588000.SH,30,2023,235,235,0,1.0,-5.092970849480659,-6.249480362747132,-6.249480362747132,,0.0,1.1565095132664722,,,-5.092970849480659,False,True,5.0,-5.092970849480659
588000.SH,30,2023,235,235,0,1.0,-5.092970849480659,-6.249480362747132,-6.249480362747132,,0.0,1.1565095132664722,,,-5.092970849480659,False,True,10.0,-5.092970849480659
588000.SH,30,2023,235,235,0,1.0,-5.092970849480659,-6.249480362747132,-6.249480362747132,,0.0,1.1565095132664722,,,-5.092970849480659,False,True,25.0,-5.092970849480659
588000.SH,30,2023,235,235,0,1.0,-5.092970849480659,-6.249480362747132,-6.249480362747132,,0.0,1.1565095132664722,,,-5.092970849480659,False,True,50.0,-5.092970849480659
588000.SH,30,2023,235,235,0,1.0,-5.092970849480659,-6.249480362747132,-6.249480362747132,,0.0,1.1565095132664722,,,-5.092970849480659,False,True,100.0,-5.092970849480659
588000.SH,30,2024,436,435,1,0.9977064220183486,7.604418197951568,2.566536177343709,2.64349095998661,-30.90879427231963,0.0769547826429009,4.9609272379649605,-3307.9219161089322,-3281.9740490745803,7.52746341530867,False,False,-100.0,7.298105617143532
588000.SH,30,2024,436,435,1,0.9977064220183486,7.604418197951568,2.566536177343709,2.64349095998661,-30.90879427231963,0.0769547826429009,4.9609272379649605,-3307.9219161089322,-3281.9740490745803,7.52746341530867,False,False,-50.0,7.412784516226101
588000.SH,30,2024,436,435,1,0.9977064220183486,7.604418197951568,2.566536177343709,2.64349095998661,-30.90879427231963,0.0769547826429009,4.9609272379649605,-3307.9219161089322,-3281.9740490745803,7.52746341530867,False,False,-25.0,7.470123965767386
588000.SH,30,2024,436,435,1,0.9977064220183486,7.604418197951568,2.566536177343709,2.64349095998661,-30.90879427231963,0.0769547826429009,4.9609272379649605,-3307.9219161089322,-3281.9740490745803,7.52746341530867,False,False,-10.0,7.504527635492156
588000.SH,30,2024,436,435,1,0.9977064220183486,7.604418197951568,2.566536177343709,2.64349095998661,-30.90879427231963,0.0769547826429009,4.9609272379649605,-3307.9219161089322,-3281.9740490745803,7.52746341530867,False,False,-5.0,7.515995525400413
588000.SH,30,2024,436,435,1,0.9977064220183486,7.604418197951568,2.566536177343709,2.64349095998661,-30.90879427231963,0.0769547826429009,4.9609272379649605,-3307.9219161089322,-3281.9740490745803,7.52746341530867,False,False,0.0,7.52746341530867
588000.SH,30,2024,436,435,1,0.9977064220183486,7.604418197951568,2.566536177343709,2.64349095998661,-30.90879427231963,0.0769547826429009,4.9609272379649605,-3307.9219161089322,-3281.9740490745803,7.52746341530867,False,False,5.0,7.538931305216927
588000.SH,30,2024,436,435,1,0.9977064220183486,7.604418197951568,2.566536177343709,2.64349095998661,-30.90879427231963,0.0769547826429009,4.9609272379649605,-3307.9219161089322,-3281.9740490745803,7.52746341530867,False,False,10.0,7.550399195125184
588000.SH,30,2024,436,435,1,0.9977064220183486,7.604418197951568,2.566536177343709,2.64349095998661,-30.90879427231963,0.0769547826429009,4.9609272379649605,-3307.9219161089322,-3281.9740490745803,7.52746341530867,False,False,25.0,7.584802864849954
588000.SH,30,2024,436,435,1,0.9977064220183486,7.604418197951568,2.566536177343709,2.64349095998661,-30.90879427231963,0.0769547826429009,4.9609272379649605,-3307.9219161089322,-3281.9740490745803,7.52746341530867,False,False,50.0,7.642142314391239
588000.SH,30,2024,436,435,1,0.9977064220183486,7.604418197951568,2.566536177343709,2.64349095998661,-30.90879427231963,0.0769547826429009,4.9609272379649605,-3307.9219161089322,-3281.9740490745803,7.52746341530867,False,False,100.0,7.756821213473808
588000.SH,30,2025,386,386,0,1.0,-8.445846039303254,-9.155604308392114,-9.155604308392114,,0.0,0.7097582690888611,,,-8.445846039303254,False,True,-100.0,-8.445846039303254
588000.SH,30,2025,386,386,0,1.0,-8.445846039303254,-9.155604308392114,-9.155604308392114,,0.0,0.7097582690888611,,,-8.445846039303254,False,True,-50.0,-8.445846039303254
588000.SH,30,2025,386,386,0,1.0,-8.445846039303254,-9.155604308392114,-9.155604308392114,,0.0,0.7097582690888611,,,-8.445846039303254,False,True,-25.0,-8.445846039303254
588000.SH,30,2025,386,386,0,1.0,-8.445846039303254,-9.155604308392114,-9.155604308392114,,0.0,0.7097582690888611,,,-8.445846039303254,False,True,-10.0,-8.445846039303254
588000.SH,30,2025,386,386,0,1.0,-8.445846039303254,-9.155604308392114,-9.155604308392114,,0.0,0.7097582690888611,,,-8.445846039303254,False,True,-5.0,-8.445846039303254
588000.SH,30,2025,386,386,0,1.0,-8.445846039303254,-9.155604308392114,-9.155604308392114,,0.0,0.7097582690888611,,,-8.445846039303254,False,True,0.0,-8.445846039303254
588000.SH,30,2025,386,386,0,1.0,-8.445846039303254,-9.155604308392114,-9.155604308392114,,0.0,0.7097582690888611,,,-8.445846039303254,False,True,5.0,-8.445846039303254
588000.SH,30,2025,386,386,0,1.0,-8.445846039303254,-9.155604308392114,-9.155604308392114,,0.0,0.7097582690888611,,,-8.445846039303254,False,True,10.0,-8.445846039303254
588000.SH,30,2025,386,386,0,1.0,-8.445846039303254,-9.155604308392114,-9.155604308392114,,0.0,0.7097582690888611,,,-8.445846039303254,False,True,25.0,-8.445846039303254
588000.SH,30,2025,386,386,0,1.0,-8.445846039303254,-9.155604308392114,-9.155604308392114,,0.0,0.7097582690888611,,,-8.445846039303254,False,True,50.0,-8.445846039303254
588000.SH,30,2025,386,386,0,1.0,-8.445846039303254,-9.155604308392114,-9.155604308392114,,0.0,0.7097582690888611,,,-8.445846039303254,False,True,100.0,-8.445846039303254
588000.SH,60,pooled,1802,1801,1,0.9994450610432852,1.5596486215341627,-0.3934909245511433,-0.55844741253942,296.69314394233595,-0.16495648798827667,2.118096034073584,-2808.927167383027,-3107.738407359438,1.7246051095224406,False,False,-100.0,1.6691112138509645
588000.SH,60,pooled,1802,1801,1,0.9994450610432852,1.5596486215341627,-0.3934909245511433,-0.55844741253942,296.69314394233595,-0.16495648798827667,2.118096034073584,-2808.927167383027,-3107.738407359438,1.7246051095224406,False,False,-50.0,1.6968581616867024
588000.SH,60,pooled,1802,1801,1,0.9994450610432852,1.5596486215341627,-0.3934909245511433,-0.55844741253942,296.69314394233595,-0.16495648798827667,2.118096034073584,-2808.927167383027,-3107.738407359438,1.7246051095224406,False,False,-25.0,1.7107316356045716
588000.SH,60,pooled,1802,1801,1,0.9994450610432852,1.5596486215341627,-0.3934909245511433,-0.55844741253942,296.69314394233595,-0.16495648798827667,2.118096034073584,-2808.927167383027,-3107.738407359438,1.7246051095224406,False,False,-10.0,1.719055719955293
588000.SH,60,pooled,1802,1801,1,0.9994450610432852,1.5596486215341627,-0.3934909245511433,-0.55844741253942,296.69314394233595,-0.16495648798827667,2.118096034073584,-2808.927167383027,-3107.738407359438,1.7246051095224406,False,False,-5.0,1.7218304147388668
588000.SH,60,pooled,1802,1801,1,0.9994450610432852,1.5596486215341627,-0.3934909245511433,-0.55844741253942,296.69314394233595,-0.16495648798827667,2.118096034073584,-2808.927167383027,-3107.738407359438,1.7246051095224406,False,False,0.0,1.7246051095224406
588000.SH,60,pooled,1802,1801,1,0.9994450610432852,1.5596486215341627,-0.3934909245511433,-0.55844741253942,296.69314394233595,-0.16495648798827667,2.118096034073584,-2808.927167383027,-3107.738407359438,1.7246051095224406,False,False,5.0,1.7273798043060145
588000.SH,60,pooled,1802,1801,1,0.9994450610432852,1.5596486215341627,-0.3934909245511433,-0.55844741253942,296.69314394233595,-0.16495648798827667,2.118096034073584,-2808.927167383027,-3107.738407359438,1.7246051095224406,False,False,10.0,1.7301544990895883
588000.SH,60,pooled,1802,1801,1,0.9994450610432852,1.5596486215341627,-0.3934909245511433,-0.55844741253942,296.69314394233595,-0.16495648798827667,2.118096034073584,-2808.927167383027,-3107.738407359438,1.7246051095224406,False,False,25.0,1.7384785834403096
588000.SH,60,pooled,1802,1801,1,0.9994450610432852,1.5596486215341627,-0.3934909245511433,-0.55844741253942,296.69314394233595,-0.16495648798827667,2.118096034073584,-2808.927167383027,-3107.738407359438,1.7246051095224406,False,False,50.0,1.7523520573581788
588000.SH,60,pooled,1802,1801,1,0.9994450610432852,1.5596486215341627,-0.3934909245511433,-0.55844741253942,296.69314394233595,-0.16495648798827667,2.118096034073584,-2808.927167383027,-3107.738407359438,1.7246051095224406,False,False,100.0,1.7800990051939167
588000.SH,60,2021,336,336,0,1.0,2.2331514402241646,0.42275667782016835,0.42275667782016835,,0.0,1.8103947624039958,,,2.233151440224164,False,True,-100.0,2.233151440224164
588000.SH,60,2021,336,336,0,1.0,2.2331514402241646,0.42275667782016835,0.42275667782016835,,0.0,1.8103947624039958,,,2.233151440224164,False,True,-50.0,2.233151440224164
588000.SH,60,2021,336,336,0,1.0,2.2331514402241646,0.42275667782016835,0.42275667782016835,,0.0,1.8103947624039958,,,2.233151440224164,False,True,-25.0,2.233151440224164
588000.SH,60,2021,336,336,0,1.0,2.2331514402241646,0.42275667782016835,0.42275667782016835,,0.0,1.8103947624039958,,,2.233151440224164,False,True,-10.0,2.233151440224164
588000.SH,60,2021,336,336,0,1.0,2.2331514402241646,0.42275667782016835,0.42275667782016835,,0.0,1.8103947624039958,,,2.233151440224164,False,True,-5.0,2.233151440224164
588000.SH,60,2021,336,336,0,1.0,2.2331514402241646,0.42275667782016835,0.42275667782016835,,0.0,1.8103947624039958,,,2.233151440224164,False,True,0.0,2.233151440224164
588000.SH,60,2021,336,336,0,1.0,2.2331514402241646,0.42275667782016835,0.42275667782016835,,0.0,1.8103947624039958,,,2.233151440224164,False,True,5.0,2.233151440224164
588000.SH,60,2021,336,336,0,1.0,2.2331514402241646,0.42275667782016835,0.42275667782016835,,0.0,1.8103947624039958,,,2.233151440224164,False,True,10.0,2.233151440224164
588000.SH,60,2021,336,336,0,1.0,2.2331514402241646,0.42275667782016835,0.42275667782016835,,0.0,1.8103947624039958,,,2.233151440224164,False,True,25.0,2.233151440224164
588000.SH,60,2021,336,336,0,1.0,2.2331514402241646,0.42275667782016835,0.42275667782016835,,0.0,1.8103947624039958,,,2.233151440224164,False,True,50.0,2.233151440224164
588000.SH,60,2021,336,336,0,1.0,2.2331514402241646,0.42275667782016835,0.42275667782016835,,0.0,1.8103947624039958,,,2.233151440224164,False,True,100.0,2.233151440224164
588000.SH,60,2022,409,409,0,1.0,24.533117936430767,22.774291539309115,22.774291539309115,,0.0,1.7588263971216545,,,24.53311793643077,False,True,-100.0,24.53311793643077
588000.SH,60,2022,409,409,0,1.0,24.533117936430767,22.774291539309115,22.774291539309115,,0.0,1.7588263971216545,,,24.53311793643077,False,True,-50.0,24.53311793643077
588000.SH,60,2022,409,409,0,1.0,24.533117936430767,22.774291539309115,22.774291539309115,,0.0,1.7588263971216545,,,24.53311793643077,False,True,-25.0,24.53311793643077
588000.SH,60,2022,409,409,0,1.0,24.533117936430767,22.774291539309115,22.774291539309115,,0.0,1.7588263971216545,,,24.53311793643077,False,True,-10.0,24.53311793643077
588000.SH,60,2022,409,409,0,1.0,24.533117936430767,22.774291539309115,22.774291539309115,,0.0,1.7588263971216545,,,24.53311793643077,False,True,-5.0,24.53311793643077
588000.SH,60,2022,409,409,0,1.0,24.533117936430767,22.774291539309115,22.774291539309115,,0.0,1.7588263971216545,,,24.53311793643077,False,True,0.0,24.53311793643077
588000.SH,60,2022,409,409,0,1.0,24.533117936430767,22.774291539309115,22.774291539309115,,0.0,1.7588263971216545,,,24.53311793643077,False,True,5.0,24.53311793643077
588000.SH,60,2022,409,409,0,1.0,24.533117936430767,22.774291539309115,22.774291539309115,,0.0,1.7588263971216545,,,24.53311793643077,False,True,10.0,24.53311793643077
588000.SH,60,2022,409,409,0,1.0,24.533117936430767,22.774291539309115,22.774291539309115,,0.0,1.7588263971216545,,,24.53311793643077,False,True,25.0,24.53311793643077
588000.SH,60,2022,409,409,0,1.0,24.533117936430767,22.774291539309115,22.774291539309115,,0.0,1.7588263971216545,,,24.53311793643077,False,True,50.0,24.53311793643077
588000.SH,60,2022,409,409,0,1.0,24.533117936430767,22.774291539309115,22.774291539309115,,0.0,1.7588263971216545,,,24.53311793643077,False,True,100.0,24.53311793643077
588000.SH,60,2023,235,235,0,1.0,-5.84364712023579,-8.472459322284012,-8.472459322284012,,0.0,2.6288122020482216,,,-5.84364712023579,False,True,-100.0,-5.84364712023579
588000.SH,60,2023,235,235,0,1.0,-5.84364712023579,-8.472459322284012,-8.472459322284012,,0.0,2.6288122020482216,,,-5.84364712023579,False,True,-50.0,-5.84364712023579
588000.SH,60,2023,235,235,0,1.0,-5.84364712023579,-8.472459322284012,-8.472459322284012,,0.0,2.6288122020482216,,,-5.84364712023579,False,True,-25.0,-5.84364712023579
588000.SH,60,2023,235,235,0,1.0,-5.84364712023579,-8.472459322284012,-8.472459322284012,,0.0,2.6288122020482216,,,-5.84364712023579,False,True,-10.0,-5.84364712023579
588000.SH,60,2023,235,235,0,1.0,-5.84364712023579,-8.472459322284012,-8.472459322284012,,0.0,2.6288122020482216,,,-5.84364712023579,False,True,-5.0,-5.84364712023579
588000.SH,60,2023,235,235,0,1.0,-5.84364712023579,-8.472459322284012,-8.472459322284012,,0.0,2.6288122020482216,,,-5.84364712023579,False,True,0.0,-5.84364712023579
588000.SH,60,2023,235,235,0,1.0,-5.84364712023579,-8.472459322284012,-8.472459322284012,,0.0,2.6288122020482216,,,-5.84364712023579,False,True,5.0,-5.84364712023579
588000.SH,60,2023,235,235,0,1.0,-5.84364712023579,-8.472459322284012,-8.472459322284012,,0.0,2.6288122020482216,,,-5.84364712023579,False,True,10.0,-5.84364712023579
588000.SH,60,2023,235,235,0,1.0,-5.84364712023579,-8.472459322284012,-8.472459322284012,,0.0,2.6288122020482216,,,-5.84364712023579,False,True,25.0,-5.84364712023579
588000.SH,60,2023,235,235,0,1.0,-5.84364712023579,-8.472459322284012,-8.472459322284012,,0.0,2.6288122020482216,,,-5.84364712023579,False,True,50.0,-5.84364712023579
588000.SH,60,2023,235,235,0,1.0,-5.84364712023579,-8.472459322284012,-8.472459322284012,,0.0,2.6288122020482216,,,-5.84364712023579,False,True,100.0,-5.84364712023579
588000.SH,60,2024,436,435,1,0.9977064220183486,1.0170366316459103,-1.9450733456577056,-2.631597983101371,296.69314394233595,-0.6865246374436655,3.648634614747282,-442.410934765971,-742.7527133230552,1.7035612690895763,False,False,-100.0,1.4742034709244387
588000.SH,60,2024,436,435,1,0.9977064220183486,1.0170366316459103,-1.9450733456577056,-2.631597983101371,296.69314394233595,-0.6865246374436655,3.648634614747282,-442.410934765971,-742.7527133230552,1.7035612690895763,False,False,-50.0,1.5888823700070074
588000.SH,60,2024,436,435,1,0.9977064220183486,1.0170366316459103,-1.9450733456577056,-2.631597983101371,296.69314394233595,-0.6865246374436655,3.648634614747282,-442.410934765971,-742.7527133230552,1.7035612690895763,False,False,-25.0,1.6462218195482918
588000.SH,60,2024,436,435,1,0.9977064220183486,1.0170366316459103,-1.9450733456577056,-2.631597983101371,296.69314394233595,-0.6865246374436655,3.648634614747282,-442.410934765971,-742.7527133230552,1.7035612690895763,False,False,-10.0,1.6806254892730625
588000.SH,60,2024,436,435,1,0.9977064220183486,1.0170366316459103,-1.9450733456577056,-2.631597983101371,296.69314394233595,-0.6865246374436655,3.648634614747282,-442.410934765971,-742.7527133230552,1.7035612690895763,False,False,-5.0,1.6920933791813193
588000.SH,60,2024,436,435,1,0.9977064220183486,1.0170366316459103,-1.9450733456577056,-2.631597983101371,296.69314394233595,-0.6865246374436655,3.648634614747282,-442.410934765971,-742.7527133230552,1.7035612690895763,False,False,0.0,1.7035612690895763
588000.SH,60,2024,436,435,1,0.9977064220183486,1.0170366316459103,-1.9450733456577056,-2.631597983101371,296.69314394233595,-0.6865246374436655,3.648634614747282,-442.410934765971,-742.7527133230552,1.7035612690895763,False,False,5.0,1.7150291589978333
588000.SH,60,2024,436,435,1,0.9977064220183486,1.0170366316459103,-1.9450733456577056,-2.631597983101371,296.69314394233595,-0.6865246374436655,3.648634614747282,-442.410934765971,-742.7527133230552,1.7035612690895763,False,False,10.0,1.72649704890609
588000.SH,60,2024,436,435,1,0.9977064220183486,1.0170366316459103,-1.9450733456577056,-2.631597983101371,296.69314394233595,-0.6865246374436655,3.648634614747282,-442.410934765971,-742.7527133230552,1.7035612690895763,False,False,25.0,1.7609007186308607
588000.SH,60,2024,436,435,1,0.9977064220183486,1.0170366316459103,-1.9450733456577056,-2.631597983101371,296.69314394233595,-0.6865246374436655,3.648634614747282,-442.410934765971,-742.7527133230552,1.7035612690895763,False,False,50.0,1.8182401681721452
588000.SH,60,2024,436,435,1,0.9977064220183486,1.0170366316459103,-1.9450733456577056,-2.631597983101371,296.69314394233595,-0.6865246374436655,3.648634614747282,-442.410934765971,-742.7527133230552,1.7035612690895763,False,False,100.0,1.9329190672547139
588000.SH,60,2025,386,386,0,1.0,-18.25028708301305,-18.981145621561296,-18.981145621561296,,0.0,0.7308585385482527,,,-18.250287083013042,False,True,-100.0,-18.250287083013042
588000.SH,60,2025,386,386,0,1.0,-18.25028708301305,-18.981145621561296,-18.981145621561296,,0.0,0.7308585385482527,,,-18.250287083013042,False,True,-50.0,-18.250287083013042
588000.SH,60,2025,386,386,0,1.0,-18.25028708301305,-18.981145621561296,-18.981145621561296,,0.0,0.7308585385482527,,,-18.250287083013042,False,True,-25.0,-18.250287083013042
588000.SH,60,2025,386,386,0,1.0,-18.25028708301305,-18.981145621561296,-18.981145621561296,,0.0,0.7308585385482527,,,-18.250287083013042,False,True,-10.0,-18.250287083013042
588000.SH,60,2025,386,386,0,1.0,-18.25028708301305,-18.981145621561296,-18.981145621561296,,0.0,0.7308585385482527,,,-18.250287083013042,False,True,-5.0,-18.250287083013042
588000.SH,60,2025,386,386,0,1.0,-18.25028708301305,-18.981145621561296,-18.981145621561296,,0.0,0.7308585385482527,,,-18.250287083013042,False,True,0.0,-18.250287083013042
588000.SH,60,2025,386,386,0,1.0,-18.25028708301305,-18.981145621561296,-18.981145621561296,,0.0,0.7308585385482527,,,-18.250287083013042,False,True,5.0,-18.250287083013042
588000.SH,60,2025,386,386,0,1.0,-18.25028708301305,-18.981145621561296,-18.981145621561296,,0.0,0.7308585385482527,,,-18.250287083013042,False,True,10.0,-18.250287083013042
588000.SH,60,2025,386,386,0,1.0,-18.25028708301305,-18.981145621561296,-18.981145621561296,,0.0,0.7308585385482527,,,-18.250287083013042,False,True,25.0,-18.250287083013042
588000.SH,60,2025,386,386,0,1.0,-18.25028708301305,-18.981145621561296,-18.981145621561296,,0.0,0.7308585385482527,,,-18.250287083013042,False,True,50.0,-18.250287083013042
588000.SH,60,2025,386,386,0,1.0,-18.25028708301305,-18.981145621561296,-18.981145621561296,,0.0,0.7308585385482527,,,-18.250287083013042,False,True,100.0,-18.250287083013042
588000.SH,120,pooled,1802,1802,0,1.0,2.1274849756809218,0.02736343292196724,0.02736343292196724,,0.0,2.100121542758955,,,2.127484975680922,False,True,-100.0,2.127484975680922
588000.SH,120,pooled,1802,1802,0,1.0,2.1274849756809218,0.02736343292196724,0.02736343292196724,,0.0,2.100121542758955,,,2.127484975680922,False,True,-50.0,2.127484975680922
588000.SH,120,pooled,1802,1802,0,1.0,2.1274849756809218,0.02736343292196724,0.02736343292196724,,0.0,2.100121542758955,,,2.127484975680922,False,True,-25.0,2.127484975680922
588000.SH,120,pooled,1802,1802,0,1.0,2.1274849756809218,0.02736343292196724,0.02736343292196724,,0.0,2.100121542758955,,,2.127484975680922,False,True,-10.0,2.127484975680922
588000.SH,120,pooled,1802,1802,0,1.0,2.1274849756809218,0.02736343292196724,0.02736343292196724,,0.0,2.100121542758955,,,2.127484975680922,False,True,-5.0,2.127484975680922
588000.SH,120,pooled,1802,1802,0,1.0,2.1274849756809218,0.02736343292196724,0.02736343292196724,,0.0,2.100121542758955,,,2.127484975680922,False,True,0.0,2.127484975680922
588000.SH,120,pooled,1802,1802,0,1.0,2.1274849756809218,0.02736343292196724,0.02736343292196724,,0.0,2.100121542758955,,,2.127484975680922,False,True,5.0,2.127484975680922
588000.SH,120,pooled,1802,1802,0,1.0,2.1274849756809218,0.02736343292196724,0.02736343292196724,,0.0,2.100121542758955,,,2.127484975680922,False,True,10.0,2.127484975680922
588000.SH,120,pooled,1802,1802,0,1.0,2.1274849756809218,0.02736343292196724,0.02736343292196724,,0.0,2.100121542758955,,,2.127484975680922,False,True,25.0,2.127484975680922
588000.SH,120,pooled,1802,1802,0,1.0,2.1274849756809218,0.02736343292196724,0.02736343292196724,,0.0,2.100121542758955,,,2.127484975680922,False,True,50.0,2.127484975680922
588000.SH,120,pooled,1802,1802,0,1.0,2.1274849756809218,0.02736343292196724,0.02736343292196724,,0.0,2.100121542758955,,,2.127484975680922,False,True,100.0,2.127484975680922
588000.SH,120,2021,336,336,0,1.0,-5.361312412816631,-6.906194807372292,-6.906194807372292,,0.0,1.5448823945556596,,,-5.361312412816632,False,True,-100.0,-5.361312412816632
588000.SH,120,2021,336,336,0,1.0,-5.361312412816631,-6.906194807372292,-6.906194807372292,,0.0,1.5448823945556596,,,-5.361312412816632,False,True,-50.0,-5.361312412816632
588000.SH,120,2021,336,336,0,1.0,-5.361312412816631,-6.906194807372292,-6.906194807372292,,0.0,1.5448823945556596,,,-5.361312412816632,False,True,-25.0,-5.361312412816632
588000.SH,120,2021,336,336,0,1.0,-5.361312412816631,-6.906194807372292,-6.906194807372292,,0.0,1.5448823945556596,,,-5.361312412816632,False,True,-10.0,-5.361312412816632
588000.SH,120,2021,336,336,0,1.0,-5.361312412816631,-6.906194807372292,-6.906194807372292,,0.0,1.5448823945556596,,,-5.361312412816632,False,True,-5.0,-5.361312412816632
588000.SH,120,2021,336,336,0,1.0,-5.361312412816631,-6.906194807372292,-6.906194807372292,,0.0,1.5448823945556596,,,-5.361312412816632,False,True,0.0,-5.361312412816632
588000.SH,120,2021,336,336,0,1.0,-5.361312412816631,-6.906194807372292,-6.906194807372292,,0.0,1.5448823945556596,,,-5.361312412816632,False,True,5.0,-5.361312412816632
588000.SH,120,2021,336,336,0,1.0,-5.361312412816631,-6.906194807372292,-6.906194807372292,,0.0,1.5448823945556596,,,-5.361312412816632,False,True,10.0,-5.361312412816632
588000.SH,120,2021,336,336,0,1.0,-5.361312412816631,-6.906194807372292,-6.906194807372292,,0.0,1.5448823945556596,,,-5.361312412816632,False,True,25.0,-5.361312412816632
588000.SH,120,2021,336,336,0,1.0,-5.361312412816631,-6.906194807372292,-6.906194807372292,,0.0,1.5448823945556596,,,-5.361312412816632,False,True,50.0,-5.361312412816632
588000.SH,120,2021,336,336,0,1.0,-5.361312412816631,-6.906194807372292,-6.906194807372292,,0.0,1.5448823945556596,,,-5.361312412816632,False,True,100.0,-5.361312412816632
588000.SH,120,2022,409,409,0,1.0,21.37192195063058,19.467797724119333,19.467797724119333,,0.0,1.9041242265112446,,,21.371921950630576,False,True,-100.0,21.371921950630576
588000.SH,120,2022,409,409,0,1.0,21.37192195063058,19.467797724119333,19.467797724119333,,0.0,1.9041242265112446,,,21.371921950630576,False,True,-50.0,21.371921950630576
588000.SH,120,2022,409,409,0,1.0,21.37192195063058,19.467797724119333,19.467797724119333,,0.0,1.9041242265112446,,,21.371921950630576,False,True,-25.0,21.371921950630576
588000.SH,120,2022,409,409,0,1.0,21.37192195063058,19.467797724119333,19.467797724119333,,0.0,1.9041242265112446,,,21.371921950630576,False,True,-10.0,21.371921950630576
588000.SH,120,2022,409,409,0,1.0,21.37192195063058,19.467797724119333,19.467797724119333,,0.0,1.9041242265112446,,,21.371921950630576,False,True,-5.0,21.371921950630576
588000.SH,120,2022,409,409,0,1.0,21.37192195063058,19.467797724119333,19.467797724119333,,0.0,1.9041242265112446,,,21.371921950630576,False,True,0.0,21.371921950630576
588000.SH,120,2022,409,409,0,1.0,21.37192195063058,19.467797724119333,19.467797724119333,,0.0,1.9041242265112446,,,21.371921950630576,False,True,5.0,21.371921950630576
588000.SH,120,2022,409,409,0,1.0,21.37192195063058,19.467797724119333,19.467797724119333,,0.0,1.9041242265112446,,,21.371921950630576,False,True,10.0,21.371921950630576
588000.SH,120,2022,409,409,0,1.0,21.37192195063058,19.467797724119333,19.467797724119333,,0.0,1.9041242265112446,,,21.371921950630576,False,True,25.0,21.371921950630576
588000.SH,120,2022,409,409,0,1.0,21.37192195063058,19.467797724119333,19.467797724119333,,0.0,1.9041242265112446,,,21.371921950630576,False,True,50.0,21.371921950630576
588000.SH,120,2022,409,409,0,1.0,21.37192195063058,19.467797724119333,19.467797724119333,,0.0,1.9041242265112446,,,21.371921950630576,False,True,100.0,21.371921950630576
588000.SH,120,2023,235,235,0,1.0,-6.766681409648387,-7.715437734299659,-7.715437734299659,,0.0,0.9487563246512719,,,-6.766681409648387,False,True,-100.0,-6.766681409648387
588000.SH,120,2023,235,235,0,1.0,-6.766681409648387,-7.715437734299659,-7.715437734299659,,0.0,0.9487563246512719,,,-6.766681409648387,False,True,-50.0,-6.766681409648387
588000.SH,120,2023,235,235,0,1.0,-6.766681409648387,-7.715437734299659,-7.715437734299659,,0.0,0.9487563246512719,,,-6.766681409648387,False,True,-25.0,-6.766681409648387
588000.SH,120,2023,235,235,0,1.0,-6.766681409648387,-7.715437734299659,-7.715437734299659,,0.0,0.9487563246512719,,,-6.766681409648387,False,True,-10.0,-6.766681409648387
588000.SH,120,2023,235,235,0,1.0,-6.766681409648387,-7.715437734299659,-7.715437734299659,,0.0,0.9487563246512719,,,-6.766681409648387,False,True,-5.0,-6.766681409648387
588000.SH,120,2023,235,235,0,1.0,-6.766681409648387,-7.715437734299659,-7.715437734299659,,0.0,0.9487563246512719,,,-6.766681409648387,False,True,0.0,-6.766681409648387
588000.SH,120,2023,235,235,0,1.0,-6.766681409648387,-7.715437734299659,-7.715437734299659,,0.0,0.9487563246512719,,,-6.766681409648387,False,True,5.0,-6.766681409648387
588000.SH,120,2023,235,235,0,1.0,-6.766681409648387,-7.715437734299659,-7.715437734299659,,0.0,0.9487563246512719,,,-6.766681409648387,False,True,10.0,-6.766681409648387
588000.SH,120,2023,235,235,0,1.0,-6.766681409648387,-7.715437734299659,-7.715437734299659,,0.0,0.9487563246512719,,,-6.766681409648387,False,True,25.0,-6.766681409648387
588000.SH,120,2023,235,235,0,1.0,-6.766681409648387,-7.715437734299659,-7.715437734299659,,0.0,0.9487563246512719,,,-6.766681409648387,False,True,50.0,-6.766681409648387
588000.SH,120,2023,235,235,0,1.0,-6.766681409648387,-7.715437734299659,-7.715437734299659,,0.0,0.9487563246512719,,,-6.766681409648387,False,True,100.0,-6.766681409648387
588000.SH,120,2024,436,436,0,1.0,6.846367787347023,1.7607268211186833,1.7607268211186833,,0.0,5.085640966228341,,,6.846367787347024,False,True,-100.0,6.846367787347024
588000.SH,120,2024,436,436,0,1.0,6.846367787347023,1.7607268211186833,1.7607268211186833,,0.0,5.085640966228341,,,6.846367787347024,False,True,-50.0,6.846367787347024
588000.SH,120,2024,436,436,0,1.0,6.846367787347023,1.7607268211186833,1.7607268211186833,,0.0,5.085640966228341,,,6.846367787347024,False,True,-25.0,6.846367787347024
588000.SH,120,2024,436,436,0,1.0,6.846367787347023,1.7607268211186833,1.7607268211186833,,0.0,5.085640966228341,,,6.846367787347024,False,True,-10.0,6.846367787347024
588000.SH,120,2024,436,436,0,1.0,6.846367787347023,1.7607268211186833,1.7607268211186833,,0.0,5.085640966228341,,,6.846367787347024,False,True,-5.0,6.846367787347024
588000.SH,120,2024,436,436,0,1.0,6.846367787347023,1.7607268211186833,1.7607268211186833,,0.0,5.085640966228341,,,6.846367787347024,False,True,0.0,6.846367787347024
588000.SH,120,2024,436,436,0,1.0,6.846367787347023,1.7607268211186833,1.7607268211186833,,0.0,5.085640966228341,,,6.846367787347024,False,True,5.0,6.846367787347024
588000.SH,120,2024,436,436,0,1.0,6.846367787347023,1.7607268211186833,1.7607268211186833,,0.0,5.085640966228341,,,6.846367787347024,False,True,10.0,6.846367787347024
588000.SH,120,2024,436,436,0,1.0,6.846367787347023,1.7607268211186833,1.7607268211186833,,0.0,5.085640966228341,,,6.846367787347024,False,True,25.0,6.846367787347024
588000.SH,120,2024,436,436,0,1.0,6.846367787347023,1.7607268211186833,1.7607268211186833,,0.0,5.085640966228341,,,6.846367787347024,False,True,50.0,6.846367787347024
588000.SH,120,2024,436,436,0,1.0,6.846367787347023,1.7607268211186833,1.7607268211186833,,0.0,5.085640966228341,,,6.846367787347024,False,True,100.0,6.846367787347024
588000.SH,120,2025,386,386,0,1.0,-11.660190168239456,-11.780020554947304,-11.780020554947304,,0.0,0.11983038670785053,,,-11.660190168239454,False,True,-100.0,-11.660190168239454
588000.SH,120,2025,386,386,0,1.0,-11.660190168239456,-11.780020554947304,-11.780020554947304,,0.0,0.11983038670785053,,,-11.660190168239454,False,True,-50.0,-11.660190168239454
588000.SH,120,2025,386,386,0,1.0,-11.660190168239456,-11.780020554947304,-11.780020554947304,,0.0,0.11983038670785053,,,-11.660190168239454,False,True,-25.0,-11.660190168239454
588000.SH,120,2025,386,386,0,1.0,-11.660190168239456,-11.780020554947304,-11.780020554947304,,0.0,0.11983038670785053,,,-11.660190168239454,False,True,-10.0,-11.660190168239454
588000.SH,120,2025,386,386,0,1.0,-11.660190168239456,-11.780020554947304,-11.780020554947304,,0.0,0.11983038670785053,,,-11.660190168239454,False,True,-5.0,-11.660190168239454
588000.SH,120,2025,386,386,0,1.0,-11.660190168239456,-11.780020554947304,-11.780020554947304,,0.0,0.11983038670785053,,,-11.660190168239454,False,True,0.0,-11.660190168239454
588000.SH,120,2025,386,386,0,1.0,-11.660190168239456,-11.780020554947304,-11.780020554947304,,0.0,0.11983038670785053,,,-11.660190168239454,False,True,5.0,-11.660190168239454
588000.SH,120,2025,386,386,0,1.0,-11.660190168239456,-11.780020554947304,-11.780020554947304,,0.0,0.11983038670785053,,,-11.660190168239454,False,True,10.0,-11.660190168239454
588000.SH,120,2025,386,386,0,1.0,-11.660190168239456,-11.780020554947304,-11.780020554947304,,0.0,0.11983038670785053,,,-11.660190168239454,False,True,25.0,-11.660190168239454
588000.SH,120,2025,386,386,0,1.0,-11.660190168239456,-11.780020554947304,-11.780020554947304,,0.0,0.11983038670785053,,,-11.660190168239454,False,True,50.0,-11.660190168239454
588000.SH,120,2025,386,386,0,1.0,-11.660190168239456,-11.780020554947304,-11.780020554947304,,0.0,0.11983038670785053,,,-11.660190168239454,False,True,100.0,-11.660190168239454
588000.SH,240,pooled,1802,1801,1,0.9994450610432852,6.462454941251031,2.177527952500545,2.639174977668065,-829.2487643742008,0.46164702516751976,3.823279963582967,-11638.881349193107,-10813.455864782489,6.000807916083512,False,False,-100.0,5.945314020412036
588000.SH,240,pooled,1802,1801,1,0.9994450610432852,6.462454941251031,2.177527952500545,2.639174977668065,-829.2487643742008,0.46164702516751976,3.823279963582967,-11638.881349193107,-10813.455864782489,6.000807916083512,False,False,-50.0,5.973060968247774
588000.SH,240,pooled,1802,1801,1,0.9994450610432852,6.462454941251031,2.177527952500545,2.639174977668065,-829.2487643742008,0.46164702516751976,3.823279963582967,-11638.881349193107,-10813.455864782489,6.000807916083512,False,False,-25.0,5.986934442165643
588000.SH,240,pooled,1802,1801,1,0.9994450610432852,6.462454941251031,2.177527952500545,2.639174977668065,-829.2487643742008,0.46164702516751976,3.823279963582967,-11638.881349193107,-10813.455864782489,6.000807916083512,False,False,-10.0,5.9952585265163645
588000.SH,240,pooled,1802,1801,1,0.9994450610432852,6.462454941251031,2.177527952500545,2.639174977668065,-829.2487643742008,0.46164702516751976,3.823279963582967,-11638.881349193107,-10813.455864782489,6.000807916083512,False,False,-5.0,5.998033221299939
588000.SH,240,pooled,1802,1801,1,0.9994450610432852,6.462454941251031,2.177527952500545,2.639174977668065,-829.2487643742008,0.46164702516751976,3.823279963582967,-11638.881349193107,-10813.455864782489,6.000807916083512,False,False,0.0,6.000807916083512
588000.SH,240,pooled,1802,1801,1,0.9994450610432852,6.462454941251031,2.177527952500545,2.639174977668065,-829.2487643742008,0.46164702516751976,3.823279963582967,-11638.881349193107,-10813.455864782489,6.000807916083512,False,False,5.0,6.003582610867086
588000.SH,240,pooled,1802,1801,1,0.9994450610432852,6.462454941251031,2.177527952500545,2.639174977668065,-829.2487643742008,0.46164702516751976,3.823279963582967,-11638.881349193107,-10813.455864782489,6.000807916083512,False,False,10.0,6.00635730565066
588000.SH,240,pooled,1802,1801,1,0.9994450610432852,6.462454941251031,2.177527952500545,2.639174977668065,-829.2487643742008,0.46164702516751976,3.823279963582967,-11638.881349193107,-10813.455864782489,6.000807916083512,False,False,25.0,6.014681390001381
588000.SH,240,pooled,1802,1801,1,0.9994450610432852,6.462454941251031,2.177527952500545,2.639174977668065,-829.2487643742008,0.46164702516751976,3.823279963582967,-11638.881349193107,-10813.455864782489,6.000807916083512,False,False,50.0,6.0285548639192506
588000.SH,240,pooled,1802,1801,1,0.9994450610432852,6.462454941251031,2.177527952500545,2.639174977668065,-829.2487643742008,0.46164702516751976,3.823279963582967,-11638.881349193107,-10813.455864782489,6.000807916083512,False,False,100.0,6.056301811754988
588000.SH,240,2021,336,336,0,1.0,-25.451870609244722,-28.57749613635014,-28.57749613635014,,0.0,3.1256255271054165,,,-25.451870609244722,False,True,-100.0,-25.451870609244722
588000.SH,240,2021,336,336,0,1.0,-25.451870609244722,-28.57749613635014,-28.57749613635014,,0.0,3.1256255271054165,,,-25.451870609244722,False,True,-50.0,-25.451870609244722
588000.SH,240,2021,336,336,0,1.0,-25.451870609244722,-28.57749613635014,-28.57749613635014,,0.0,3.1256255271054165,,,-25.451870609244722,False,True,-25.0,-25.451870609244722
588000.SH,240,2021,336,336,0,1.0,-25.451870609244722,-28.57749613635014,-28.57749613635014,,0.0,3.1256255271054165,,,-25.451870609244722,False,True,-10.0,-25.451870609244722
588000.SH,240,2021,336,336,0,1.0,-25.451870609244722,-28.57749613635014,-28.57749613635014,,0.0,3.1256255271054165,,,-25.451870609244722,False,True,-5.0,-25.451870609244722
588000.SH,240,2021,336,336,0,1.0,-25.451870609244722,-28.57749613635014,-28.57749613635014,,0.0,3.1256255271054165,,,-25.451870609244722,False,True,0.0,-25.451870609244722
588000.SH,240,2021,336,336,0,1.0,-25.451870609244722,-28.57749613635014,-28.57749613635014,,0.0,3.1256255271054165,,,-25.451870609244722,False,True,5.0,-25.451870609244722
588000.SH,240,2021,336,336,0,1.0,-25.451870609244722,-28.57749613635014,-28.57749613635014,,0.0,3.1256255271054165,,,-25.451870609244722,False,True,10.0,-25.451870609244722
588000.SH,240,2021,336,336,0,1.0,-25.451870609244722,-28.57749613635014,-28.57749613635014,,0.0,3.1256255271054165,,,-25.451870609244722,False,True,25.0,-25.451870609244722
588000.SH,240,2021,336,336,0,1.0,-25.451870609244722,-28.57749613635014,-28.57749613635014,,0.0,3.1256255271054165,,,-25.451870609244722,False,True,50.0,-25.451870609244722
588000.SH,240,2021,336,336,0,1.0,-25.451870609244722,-28.57749613635014,-28.57749613635014,,0.0,3.1256255271054165,,,-25.451870609244722,False,True,100.0,-25.451870609244722
588000.SH,240,2022,409,409,0,1.0,24.695651720041866,22.619658112146798,22.619658112146798,,0.0,2.075993607895065,,,24.695651720041862,False,True,-100.0,24.695651720041862
588000.SH,240,2022,409,409,0,1.0,24.695651720041866,22.619658112146798,22.619658112146798,,0.0,2.075993607895065,,,24.695651720041862,False,True,-50.0,24.695651720041862
588000.SH,240,2022,409,409,0,1.0,24.695651720041866,22.619658112146798,22.619658112146798,,0.0,2.075993607895065,,,24.695651720041862,False,True,-25.0,24.695651720041862
588000.SH,240,2022,409,409,0,1.0,24.695651720041866,22.619658112146798,22.619658112146798,,0.0,2.075993607895065,,,24.695651720041862,False,True,-10.0,24.695651720041862
588000.SH,240,2022,409,409,0,1.0,24.695651720041866,22.619658112146798,22.619658112146798,,0.0,2.075993607895065,,,24.695651720041862,False,True,-5.0,24.695651720041862
588000.SH,240,2022,409,409,0,1.0,24.695651720041866,22.619658112146798,22.619658112146798,,0.0,2.075993607895065,,,24.695651720041862,False,True,0.0,24.695651720041862
588000.SH,240,2022,409,409,0,1.0,24.695651720041866,22.619658112146798,22.619658112146798,,0.0,2.075993607895065,,,24.695651720041862,False,True,5.0,24.695651720041862
588000.SH,240,2022,409,409,0,1.0,24.695651720041866,22.619658112146798,22.619658112146798,,0.0,2.075993607895065,,,24.695651720041862,False,True,10.0,24.695651720041862
588000.SH,240,2022,409,409,0,1.0,24.695651720041866,22.619658112146798,22.619658112146798,,0.0,2.075993607895065,,,24.695651720041862,False,True,25.0,24.695651720041862
588000.SH,240,2022,409,409,0,1.0,24.695651720041866,22.619658112146798,22.619658112146798,,0.0,2.075993607895065,,,24.695651720041862,False,True,50.0,24.695651720041862
588000.SH,240,2022,409,409,0,1.0,24.695651720041866,22.619658112146798,22.619658112146798,,0.0,2.075993607895065,,,24.695651720041862,False,True,100.0,24.695651720041862
588000.SH,240,2023,235,235,0,1.0,-15.747717294366954,-18.030833560556417,-18.030833560556417,,0.0,2.283116266189463,,,-15.747717294366954,False,True,-100.0,-15.747717294366954
588000.SH,240,2023,235,235,0,1.0,-15.747717294366954,-18.030833560556417,-18.030833560556417,,0.0,2.283116266189463,,,-15.747717294366954,False,True,-50.0,-15.747717294366954
588000.SH,240,2023,235,235,0,1.0,-15.747717294366954,-18.030833560556417,-18.030833560556417,,0.0,2.283116266189463,,,-15.747717294366954,False,True,-25.0,-15.747717294366954
588000.SH,240,2023,235,235,0,1.0,-15.747717294366954,-18.030833560556417,-18.030833560556417,,0.0,2.283116266189463,,,-15.747717294366954,False,True,-10.0,-15.747717294366954
588000.SH,240,2023,235,235,0,1.0,-15.747717294366954,-18.030833560556417,-18.030833560556417,,0.0,2.283116266189463,,,-15.747717294366954,False,True,-5.0,-15.747717294366954
588000.SH,240,2023,235,235,0,1.0,-15.747717294366954,-18.030833560556417,-18.030833560556417,,0.0,2.283116266189463,,,-15.747717294366954,False,True,0.0,-15.747717294366954
588000.SH,240,2023,235,235,0,1.0,-15.747717294366954,-18.030833560556417,-18.030833560556417,,0.0,2.283116266189463,,,-15.747717294366954,False,True,5.0,-15.747717294366954
588000.SH,240,2023,235,235,0,1.0,-15.747717294366954,-18.030833560556417,-18.030833560556417,,0.0,2.283116266189463,,,-15.747717294366954,False,True,10.0,-15.747717294366954
588000.SH,240,2023,235,235,0,1.0,-15.747717294366954,-18.030833560556417,-18.030833560556417,,0.0,2.283116266189463,,,-15.747717294366954,False,True,25.0,-15.747717294366954
588000.SH,240,2023,235,235,0,1.0,-15.747717294366954,-18.030833560556417,-18.030833560556417,,0.0,2.283116266189463,,,-15.747717294366954,False,True,50.0,-15.747717294366954
588000.SH,240,2023,235,235,0,1.0,-15.747717294366954,-18.030833560556417,-18.030833560556417,,0.0,2.283116266189463,,,-15.747717294366954,False,True,100.0,-15.747717294366954
588000.SH,240,2024,436,435,1,0.9977064220183486,41.7525712585411,29.814684405915994,31.789542908858785,-829.2487643742008,1.9748585029427908,9.963028349682324,-18162.36849746538,-17343.082761440866,39.777712755598316,False,False,-100.0,39.548354957433176
588000.SH,240,2024,436,435,1,0.9977064220183486,41.7525712585411,29.814684405915994,31.789542908858785,-829.2487643742008,1.9748585029427908,9.963028349682324,-18162.36849746538,-17343.082761440866,39.777712755598316,False,False,-50.0,39.663033856515746
588000.SH,240,2024,436,435,1,0.9977064220183486,41.7525712585411,29.814684405915994,31.789542908858785,-829.2487643742008,1.9748585029427908,9.963028349682324,-18162.36849746538,-17343.082761440866,39.777712755598316,False,False,-25.0,39.720373306057034
588000.SH,240,2024,436,435,1,0.9977064220183486,41.7525712585411,29.814684405915994,31.789542908858785,-829.2487643742008,1.9748585029427908,9.963028349682324,-18162.36849746538,-17343.082761440866,39.777712755598316,False,False,-10.0,39.7547769757818
588000.SH,240,2024,436,435,1,0.9977064220183486,41.7525712585411,29.814684405915994,31.789542908858785,-829.2487643742008,1.9748585029427908,9.963028349682324,-18162.36849746538,-17343.082761440866,39.777712755598316,False,False,-5.0,39.76624486569006
588000.SH,240,2024,436,435,1,0.9977064220183486,41.7525712585411,29.814684405915994,31.789542908858785,-829.2487643742008,1.9748585029427908,9.963028349682324,-18162.36849746538,-17343.082761440866,39.777712755598316,False,False,0.0,39.777712755598316
588000.SH,240,2024,436,435,1,0.9977064220183486,41.7525712585411,29.814684405915994,31.789542908858785,-829.2487643742008,1.9748585029427908,9.963028349682324,-18162.36849746538,-17343.082761440866,39.777712755598316,False,False,5.0,39.78918064550657
588000.SH,240,2024,436,435,1,0.9977064220183486,41.7525712585411,29.814684405915994,31.789542908858785,-829.2487643742008,1.9748585029427908,9.963028349682324,-18162.36849746538,-17343.082761440866,39.777712755598316,False,False,10.0,39.80064853541483
588000.SH,240,2024,436,435,1,0.9977064220183486,41.7525712585411,29.814684405915994,31.789542908858785,-829.2487643742008,1.9748585029427908,9.963028349682324,-18162.36849746538,-17343.082761440866,39.777712755598316,False,False,25.0,39.8350522051396
588000.SH,240,2024,436,435,1,0.9977064220183486,41.7525712585411,29.814684405915994,31.789542908858785,-829.2487643742008,1.9748585029427908,9.963028349682324,-18162.36849746538,-17343.082761440866,39.777712755598316,False,False,50.0,39.892391654680885
588000.SH,240,2024,436,435,1,0.9977064220183486,41.7525712585411,29.814684405915994,31.789542908858785,-829.2487643742008,1.9748585029427908,9.963028349682324,-18162.36849746538,-17343.082761440866,39.777712755598316,False,False,100.0,40.007070553763455
588000.SH,240,2025,386,386,0,1.0,-11.3250430385672,-11.625524896106286,-11.625524896106286,,0.0,0.30048185753908807,,,-11.325043038567198,False,True,-100.0,-11.325043038567198
588000.SH,240,2025,386,386,0,1.0,-11.3250430385672,-11.625524896106286,-11.625524896106286,,0.0,0.30048185753908807,,,-11.325043038567198,False,True,-50.0,-11.325043038567198
588000.SH,240,2025,386,386,0,1.0,-11.3250430385672,-11.625524896106286,-11.625524896106286,,0.0,0.30048185753908807,,,-11.325043038567198,False,True,-25.0,-11.325043038567198
588000.SH,240,2025,386,386,0,1.0,-11.3250430385672,-11.625524896106286,-11.625524896106286,,0.0,0.30048185753908807,,,-11.325043038567198,False,True,-10.0,-11.325043038567198
588000.SH,240,2025,386,386,0,1.0,-11.3250430385672,-11.625524896106286,-11.625524896106286,,0.0,0.30048185753908807,,,-11.325043038567198,False,True,-5.0,-11.325043038567198
588000.SH,240,2025,386,386,0,1.0,-11.3250430385672,-11.625524896106286,-11.625524896106286,,0.0,0.30048185753908807,,,-11.325043038567198,False,True,0.0,-11.325043038567198
588000.SH,240,2025,386,386,0,1.0,-11.3250430385672,-11.625524896106286,-11.625524896106286,,0.0,0.30048185753908807,,,-11.325043038567198,False,True,5.0,-11.325043038567198
588000.SH,240,2025,386,386,0,1.0,-11.3250430385672,-11.625524896106286,-11.625524896106286,,0.0,0.30048185753908807,,,-11.325043038567198,False,True,10.0,-11.325043038567198
588000.SH,240,2025,386,386,0,1.0,-11.3250430385672,-11.625524896106286,-11.625524896106286,,0.0,0.30048185753908807,,,-11.325043038567198,False,True,25.0,-11.325043038567198
588000.SH,240,2025,386,386,0,1.0,-11.3250430385672,-11.625524896106286,-11.625524896106286,,0.0,0.30048185753908807,,,-11.325043038567198,False,True,50.0,-11.325043038567198
588000.SH,240,2025,386,386,0,1.0,-11.3250430385672,-11.625524896106286,-11.625524896106286,,0.0,0.30048185753908807,,,-11.325043038567198,False,True,100.0,-11.325043038567198
