contract_code,option_type,strike,expiry,timestamp,bid1,bid1_size,ask1,ask1_size,last_price,volume,open_interest,trading_status
MO2302-C-6500,C,6500.0,2023-02-17,2022-12-06 09:32:49.4,330.6,7,342.0,12,334.4,0,116,TRADING
MO2302-C-6600,C,6600.0,2023-02-17,2022-12-06 09:32:49.4,273.6,1,285.2,7,268.2,0,102,TRADING
MO2302-C-6700,C,6700.0,2023-02-17,2022-12-06 09:32:49.4,223.8,1,234.0,12,219.2,0,118,TRADING
MO2302-C-6800,C,6800.0,2023-02-17,2022-12-06 09:32:49.4,181.8,6,189.8,12,177.0,0,40,TRADING
MO2302-C-6900,C,6900.0,2023-02-17,2022-12-06 09:32:49.4,144.0,1,153.4,6,151.2,0,12,TRADING
MO2302-C-7000,C,7000.0,2023-02-17,2022-12-06 09:32:49.4,114.0,1,121.6,6,115.0,0,140,TRADING
MO2302-C-7100,C,7100.0,2023-02-17,2022-12-06 09:32:49.4,87.8,6,92.8,1,93.0,0,76,TRADING
MO2302-C-7200,C,7200.0,2023-02-17,2022-12-06 09:32:49.4,66.8,6,72.6,6,68.6,0,26,TRADING
MO2302-C-7300,C,7300.0,2023-02-17,2022-12-06 09:32:49.4,50.8,21,54.4,6,52.2,0,37,TRADING
MO2302-P-6300,P,6300.0,2023-02-17,2022-12-06 09:32:49.4,98.8,6,104.0,1,99.6,0,68,TRADING
MO2302-P-6400,P,6400.0,2023-02-17,2022-12-06 09:32:49.4,127.2,13,134.0,1,132.6,0,102,TRADING
MO2302-P-6500,P,6500.0,2023-02-17,2022-12-06 09:32:49.4,165.0,7,172.8,1,175.4,0,119,TRADING
MO2302-P-6600,P,6600.0,2023-02-17,2022-12-06 09:32:49.4,209.0,1,216.4,7,218.2,0,52,TRADING
MO2302-P-6800,P,6800.0,2023-02-17,2022-12-06 09:32:49.4,312.6,1,322.0,1,314.0,0,8,TRADING
MO2302-P-6900,P,6900.0,2023-02-17,2022-12-06 09:32:49.4,371.8,6,384.0,1,386.4,0,2,TRADING
MO2302-P-7000,P,7000.0,2023-02-17,2022-12-06 09:32:49.4,440.2,6,452.4,1,500.0,0,14,TRADING
MO2302-P-7100,P,7100.0,2023-02-17,2022-12-06 09:32:49.4,512.8,6,526.6,7,535.8,0,4,TRADING
MO2302-P-7200,P,7200.0,2023-02-17,2022-12-06 09:32:49.4,591.2,6,604.2,6,730.2,0,15,TRADING
MO2212-C-8200,C,8200.0,2022-12-16,2022-12-06 09:32:49.4,0.6,10,0.8,50,0.6,0,321,TRADING
MO2212-P-8200,P,8200.0,2022-12-16,2022-12-06 09:32:49.4,1489.2,6,1499.2,6,1518.8,0,55,TRADING
MO2212-C-6200,C,6200.0,2022-12-16,2022-12-06 09:32:49.4,504.4,6,511.4,9,491.0,0,219,TRADING
MO2212-C-6400,C,6400.0,2022-12-16,2022-12-06 09:32:49.4,314.6,6,321.4,6,312.6,1,521,TRADING
MO2212-C-6600,C,6600.0,2022-12-16,2022-12-06 09:32:49.4,155.0,1,158.8,2,156.0,70,1244,TRADING
MO2212-C-6800,C,6800.0,2022-12-16,2022-12-06 09:32:49.4,57.4,1,58.4,1,57.2,284,3653,TRADING
MO2212-C-7000,C,7000.0,2022-12-16,2022-12-06 09:32:49.4,17.8,11,18.2,6,17.8,94,2756,TRADING
MO2212-P-6200,P,6200.0,2022-12-16,2022-12-06 09:32:49.4,2.8,22,3.2,61,3.0,21,2036,TRADING
MO2212-P-6400,P,6400.0,2022-12-16,2022-12-06 09:32:49.4,12.4,17,13.0,29,12.6,63,2551,TRADING
MO2212-P-6600,P,6600.0,2022-12-16,2022-12-06 09:32:49.4,50.8,2,51.6,7,51.6,146,2254,TRADING
MO2212-P-6800,P,6800.0,2022-12-16,2022-12-06 09:32:49.4,150.2,1,154.4,10,151.8,0,510,TRADING
MO2212-P-7000,P,7000.0,2022-12-16,2022-12-06 09:32:49.4,309.4,6,315.2,6,314.0,0,127,TRADING
MO2212-P-7200,P,7200.0,2022-12-16,2022-12-06 09:32:49.4,494.8,4,503.0,6,493.8,0,111,TRADING
MO2212-P-7400,P,7400.0,2022-12-16,2022-12-06 09:32:49.4,691.8,10,699.8,6,691.6,0,60,TRADING
MO2212-P-7600,P,7600.0,2022-12-16,2022-12-06 09:32:49.4,890.4,10,899.0,6,919.0,0,44,TRADING
MO2212-P-7800,P,7800.0,2022-12-16,2022-12-06 09:32:49.4,1090.4,4,1099.0,6,1297.4,0,81,TRADING
MO2303-C-6200,C,6200.0,2023-03-17,2022-12-06 09:32:49.4,545.0,6,556.0,6,476.2,0,219,TRADING
MO2303-C-6400,C,6400.0,2023-03-17,2022-12-06 09:32:49.4,411.8,2,424.0,6,413.0,0,167,TRADING
MO2303-C-6600,C,6600.0,2023-03-17,2022-12-06 09:32:49.4,305.6,1,313.6,6,310.0,0,138,TRADING
MO2303-C-6800,C,6800.0,2023-03-17,2022-12-06 09:32:49.4,217.8,1,226.6,6,224.2,0,217,TRADING
MO2303-C-7200,C,7200.0,2023-03-17,2022-12-06 09:32:49.4,103.2,6,108.0,6,107.4,0,190,TRADING
MO2303-P-6400,P,6400.0,2023-03-17,2022-12-06 09:32:49.4,187.0,1,194.8,6,197.2,0,137,TRADING
MO2303-P-7000,P,7000.0,2023-03-17,2022-12-06 09:32:49.4,516.8,6,529.2,7,518.0,0,223,TRADING
MO2303-P-7200,P,7200.0,2023-03-17,2022-12-06 09:32:49.4,667.2,10,678.0,1,666.4,0,55,TRADING
MO2303-P-7600,P,7600.0,2023-03-17,2022-12-06 09:32:49.4,1004.8,6,1017.6,6,1053.0,0,31,TRADING
MO2303-P-7800,P,7800.0,2023-03-17,2022-12-06 09:32:49.4,1187.6,6,1199.6,6,1251.0,0,54,TRADING
MO2306-C-6200,C,6200.0,2023-06-16,2022-12-06 09:32:49.4,573.4,2,586.6,1,582.6,0,108,TRADING
MO2306-C-6400,C,6400.0,2023-06-16,2022-12-06 09:32:49.4,461.0,1,473.8,1,468.6,0,67,TRADING
MO2306-C-6600,C,6600.0,2023-06-16,2022-12-06 09:32:49.4,375.6,1,378.8,17,375.6,1,119,TRADING
MO2306-C-6800,C,6800.0,2023-06-16,2022-12-06 09:32:49.4,285.8,1,295.0,1,294.2,0,208,TRADING
MO2306-C-7000,C,7000.0,2023-06-16,2022-12-06 09:32:49.4,221.0,18,228.6,1,229.2,0,533,TRADING
MO2306-C-7200,C,7200.0,2023-06-16,2022-12-06 09:32:49.4,168.4,1,177.2,1,183.2,0,210,TRADING
MO2306-P-6400,P,6400.0,2023-06-16,2022-12-06 09:32:49.4,342.8,1,353.6,1,353.6,0,243,TRADING
MO2306-P-6600,P,6600.0,2023-06-16,2022-12-06 09:32:49.4,444.4,1,455.2,1,454.0,0,107,TRADING
MO2306-P-6800,P,6800.0,2023-06-16,2022-12-06 09:32:49.4,560.8,1,571.4,1,564.4,0,73,TRADING
MO2306-P-7000,P,7000.0,2023-06-16,2022-12-06 09:32:49.4,690.0,6,703.6,1,720.2,0,55,TRADING
MO2306-P-7200,P,7200.0,2023-06-16,2022-12-06 09:32:49.4,836.6,10,852.8,1,1000.0,0,44,TRADING
MO2306-P-7600,P,7600.0,2023-06-16,2022-12-06 09:32:49.4,1159.4,10,1175.0,7,1346.6,0,35,TRADING
MO2212-P-8000,P,8000.0,2022-12-16,2022-12-06 09:32:49.9,1289.0,9,1298.4,12,1547.4,0,128,TRADING
MO2303-C-8000,C,8000.0,2023-03-17,2022-12-06 09:32:49.9,20.4,6,21.8,6,21.4,0,290,TRADING
MO2303-P-8000,P,8000.0,2023-03-17,2022-12-06 09:32:49.9,1375.8,6,1390.8,6,1536.0,0,90,TRADING
MO2306-P-8000,P,8000.0,2023-06-16,2022-12-06 09:32:49.9,1514.0,4,1529.0,6,1764.6,0,49,TRADING
MO2212-C-6500,C,6500.0,2022-12-16,2022-12-06 09:32:49.9,230.0,6,234.8,8,234.0,19,1038,TRADING
MO2212-C-6700,C,6700.0,2022-12-16,2022-12-06 09:32:49.9,97.4,6,99.6,3,98.2,161,2877,TRADING
MO2212-C-6900,C,6900.0,2022-12-16,2022-12-06 09:32:49.9,32.4,1,32.8,10,32.2,169,2882,TRADING
MO2212-C-7100,C,7100.0,2022-12-16,2022-12-06 09:32:49.9,9.8,15,10.0,18,9.8,96,1309,TRADING
MO2212-P-5900,P,5900.0,2022-12-16,2022-12-06 09:32:49.9,1.0,7,1.2,30,1.0,3,1023,TRADING
MO2212-P-6300,P,6300.0,2022-12-16,2022-12-06 09:32:49.9,5.8,25,6.2,55,5.6,48,2206,TRADING
MO2212-P-6500,P,6500.0,2022-12-16,2022-12-06 09:32:49.9,25.0,22,26.0,11,25.8,141,1722,TRADING
MO2212-P-6700,P,6700.0,2022-12-16,2022-12-06 09:32:49.9,90.6,4,92.6,6,92.2,122,3596,TRADING
MO2212-P-6900,P,6900.0,2022-12-16,2022-12-06 09:32:49.9,223.0,12,227.6,6,228.8,1,196,TRADING
MO2212-P-7100,P,7100.0,2022-12-16,2022-12-06 09:32:49.9,398.6,6,406.2,6,415.6,0,61,TRADING
MO2309-C-5800,C,5800.0,2023-09-15,2022-12-06 09:32:49.9,854.8,1,871.6,6,871.8,0,129,TRADING
MO2309-C-6000,C,6000.0,2023-09-15,2022-12-06 09:32:49.9,728.6,2,745.8,8,740.8,0,132,TRADING
MO2309-C-6200,C,6200.0,2023-09-15,2022-12-06 09:32:49.9,614.4,1,627.8,6,609.0,0,149,TRADING
MO2309-C-6400,C,6400.0,2023-09-15,2022-12-06 09:32:49.9,510.6,1,522.8,1,549.0,0,157,TRADING
MO2309-C-6600,C,6600.0,2023-09-15,2022-12-06 09:32:49.9,422.4,1,431.2,2,427.0,0,170,TRADING
MO2309-C-6800,C,6800.0,2023-09-15,2022-12-06 09:32:49.9,342.2,1,350.4,1,346.0,0,139,TRADING
MO2309-C-7000,C,7000.0,2023-09-15,2022-12-06 09:32:49.9,273.4,1,284.2,1,279.0,0,200,TRADING
MO2309-P-6600,P,6600.0,2023-09-15,2022-12-06 09:32:49.9,569.4,6,581.8,1,578.4,0,46,TRADING
MO2309-P-6800,P,6800.0,2023-09-15,2022-12-06 09:32:49.9,686.2,9,700.0,1,675.8,0,36,TRADING
MO2309-P-7000,P,7000.0,2023-09-15,2022-12-06 09:32:49.9,815.6,6,828.8,1,818.6,0,47,TRADING
MO2212-C-5700,C,5700.0,2022-12-16,2022-12-06 09:32:49.9,1000.6,16,1009.8,6,1015.2,0,53,TRADING
MO2303-C-5600,C,5600.0,2023-03-17,2022-12-06 09:32:49.9,1042.2,6,1055.2,18,1052.0,0,66,TRADING
MO2303-P-5600,P,5600.0,2023-03-17,2022-12-06 09:32:49.9,25.6,10,28.4,28,31.2,0,134,TRADING
MO2306-C-5600,C,5600.0,2023-06-16,2022-12-06 09:32:49.9,1000.4,12,1018.2,4,999.6,0,32,TRADING
MO2309-C-5600,C,5600.0,2023-09-15,2022-12-06 09:32:49.9,1001.0,1,1019.6,8,934.4,0,116,TRADING
MO2309-P-5600,P,5600.0,2023-09-15,2022-12-06 09:32:49.9,177.0,1,184.6,6,181.8,0,155,TRADING
MO2212-C-5600,C,5600.0,2022-12-16,2022-12-06 09:32:49.9,1100.8,6,1109.8,6,1116.8,0,48,TRADING
MO2303-P-8200,P,8200.0,2023-03-17,2022-12-06 09:32:49.9,1567.2,4,1583.2,6,1571.8,0,103,TRADING
MO2306-P-8200,P,8200.0,2023-06-16,2022-12-06 09:32:49.9,1698.6,4,1713.2,6,1802.8,0,42,TRADING
MO2212-C-5800,C,5800.0,2022-12-16,2022-12-06 09:32:49.9,901.4,6,911.0,9,917.6,0,34,TRADING
MO2212-P-5800,P,5800.0,2022-12-16,2022-12-06 09:32:49.9,0.6,56,1.0,25,1.0,0,516,TRADING
MO2303-C-5800,C,5800.0,2023-03-17,2022-12-06 09:32:49.9,862.8,6,875.4,6,876.0,0,101,TRADING
MO2306-C-5800,C,5800.0,2023-06-16,2022-12-06 09:32:49.9,843.4,6,863.2,5,898.0,0,100,TRADING
MO2212-C-6000,C,6000.0,2022-12-16,2022-12-06 09:32:49.9,703.6,6,710.0,6,708.6,0,58,TRADING
MO2303-C-6000,C,6000.0,2023-03-17,2022-12-06 09:32:49.9,695.2,12,708.0,6,703.0,0,120,TRADING
MO2303-P-6000,P,6000.0,2023-03-17,2022-12-06 09:32:49.9,75.0,1,79.2,18,77.2,0,181,TRADING
MO2306-C-6000,C,6000.0,2023-06-16,2022-12-06 09:32:49.9,702.4,7,718.0,16,708.0,0,123,TRADING
MO2306-P-6000,P,6000.0,2023-06-16,2022-12-06 09:32:49.9,192.2,1,201.0,1,194.6,0,112,TRADING
MO2212-C-5900,C,5900.0,2022-12-16,2022-12-06 09:32:49.9,802.8,6,810.4,3,796.2,0,45,TRADING
MO2212-C-6100,C,6100.0,2022-12-16,2022-12-06 09:32:49.9,604.6,6,611.4,3,594.0,0,107,TRADING
MO2212-C-6300,C,6300.0,2022-12-16,2022-12-06 09:32:49.9,409.2,6,415.0,6,401.0,0,204,TRADING
MO2212-C-5500,C,5500.0,2022-12-16,2022-12-06 09:32:49.9,1201.2,6,1209.2,6,1196.0,0,42,TRADING
MO2303-C-5400,C,5400.0,2023-03-17,2022-12-06 09:32:49.9,1228.6,6,1242.0,6,1236.0,0,37,TRADING
MO2303-P-5400,P,5400.0,2023-03-17,2022-12-06 09:32:49.9,15.4,1,15.8,6,15.4,0,138,TRADING
MO2306-C-5400,C,5400.0,2023-06-16,2022-12-06 09:32:49.9,1169.8,6,1186.6,22,1115.0,0,46,TRADING
MO2309-C-5400,C,5400.0,2023-09-15,2022-12-06 09:32:49.9,1149.2,6,1173.0,8,1161.0,0,92,TRADING
MO2309-P-5400,P,5400.0,2023-09-15,2022-12-06 09:32:49.9,133.6,1,140.2,12,139.6,0,61,TRADING
MO2212-C-7500,C,7500.0,2022-12-16,2022-12-06 09:32:49.9,1.2,56,1.6,43,1.2,0,211,TRADING
MO2212-P-7500,P,7500.0,2022-12-16,2022-12-06 09:32:49.9,790.8,6,799.4,6,913.0,0,13,TRADING
MO2301-P-7500,P,7500.0,2023-01-20,2022-12-06 09:32:49.9,819.2,6,830.0,12,837.2,0,13,TRADING
MO2309-C-7600,C,7600.0,2023-09-15,2022-12-06 09:32:49.9,137.8,1,143.0,1,139.2,1,195,TRADING
MO2212-C-5300,C,5300.0,2022-12-16,2022-12-06 09:32:49.9,1400.2,6,1409.8,6,1367.0,0,39,TRADING
MO2212-C-5400,C,5400.0,2022-12-16,2022-12-06 09:32:49.9,1300.4,10,1309.8,6,1266.2,0,41,TRADING
MO2303-C-5200,C,5200.0,2023-03-17,2022-12-06 09:32:49.9,1419.8,6,1434.2,6,1452.4,0,32,TRADING
MO2303-P-5200,P,5200.0,2023-03-17,2022-12-06 09:32:49.9,9.2,6,9.6,6,9.2,5,277,TRADING
MO2306-C-5200,C,5200.0,2023-06-16,2022-12-06 09:32:49.9,1344.8,6,1363.4,6,1236.6,0,34,TRADING
MO2309-C-5200,C,5200.0,2023-09-15,2022-12-06 09:32:49.9,1312.4,6,1329.8,6,1330.2,0,99,TRADING
MO2301-C-5600,C,5600.0,2023-01-20,2022-12-06 09:32:49.9,1083.0,6,1093.6,6,903.0,0,38,TRADING
MO2301-C-7400,C,7400.0,2023-01-20,2022-12-06 09:32:49.9,19.0,6,20.4,6,18.8,1,232,TRADING
MO2212-P-5600,P,5600.0,2022-12-16,2022-12-06 09:32:49.9,0.6,3,0.8,16,0.8,0,324,TRADING
MO2301-C-5700,C,5700.0,2023-01-20,2022-12-06 09:32:49.9,985.4,6,996.6,12,968.2,0,8,TRADING
MO2301-C-5800,C,5800.0,2023-01-20,2022-12-06 09:32:49.9,888.4,6,899.4,18,918.0,0,23,TRADING
MO2301-C-5900,C,5900.0,2023-01-20,2022-12-06 09:32:49.9,793.0,6,802.8,6,805.4,0,29,TRADING
MO2301-C-6000,C,6000.0,2023-01-20,2022-12-06 09:32:49.9,698.4,13,709.0,6,718.8,0,36,TRADING
MO2301-C-6100,C,6100.0,2023-01-20,2022-12-06 09:32:49.9,608.0,6,618.6,6,626.8,0,21,TRADING
MO2301-C-6200,C,6200.0,2023-01-20,2022-12-06 09:32:49.9,519.4,6,530.0,6,520.0,0,47,TRADING
MO2301-C-6300,C,6300.0,2023-01-20,2022-12-06 09:32:49.9,438.6,1,446.4,6,439.0,0,94,TRADING
MO2301-C-6400,C,6400.0,2023-01-20,2022-12-06 09:32:49.9,362.2,1,366.8,1,363.0,0,82,TRADING
MO2301-C-6500,C,6500.0,2023-01-20,2022-12-06 09:32:49.9,294.8,6,297.6,6,296.0,1,191,TRADING
MO2301-C-6600,C,6600.0,2023-01-20,2022-12-06 09:32:49.9,234.2,6,237.2,6,237.0,3,254,TRADING
MO2301-C-6700,C,6700.0,2023-01-20,2022-12-06 09:32:49.9,181.0,6,184.8,6,180.0,5,446,TRADING
MO2301-C-6800,C,6800.0,2023-01-20,2022-12-06 09:32:49.9,138.8,6,141.2,6,140.6,0,277,TRADING
MO2301-C-6900,C,6900.0,2023-01-20,2022-12-06 09:32:49.9,102.4,6,105.8,6,106.6,0,193,TRADING
MO2301-C-7000,C,7000.0,2023-01-20,2022-12-06 09:32:49.9,75.8,6,78.0,6,78.0,0,274,TRADING
MO2301-C-7100,C,7100.0,2023-01-20,2022-12-06 09:32:49.9,53.6,6,55.8,6,56.4,0,345,TRADING
MO2301-P-5700,P,5700.0,2023-01-20,2022-12-06 09:32:49.9,7.0,18,7.6,12,7.6,1,146,TRADING
MO2301-P-5800,P,5800.0,2023-01-20,2022-12-06 09:32:49.9,9.8,6,10.4,18,11.6,6,282,TRADING
MO2301-P-5900,P,5900.0,2023-01-20,2022-12-06 09:32:49.9,13.2,6,14.4,12,14.6,0,248,TRADING
MO2301-P-6100,P,6100.0,2023-01-20,2022-12-06 09:32:49.9,27.8,6,29.6,6,29.2,0,590,TRADING
MO2301-P-6200,P,6200.0,2023-01-20,2022-12-06 09:32:49.9,39.0,6,41.2,10,39.4,3,433,TRADING
MO2301-P-6300,P,6300.0,2023-01-20,2022-12-06 09:32:49.9,56.0,6,58.4,6,57.6,0,398,TRADING
MO2301-P-6400,P,6400.0,2023-01-20,2022-12-06 09:32:49.9,77.8,6,80.2,6,76.0,5,839,TRADING
MO2301-P-6500,P,6500.0,2023-01-20,2022-12-06 09:32:49.9,108.6,15,112.0,6,110.0,0,540,TRADING
MO2301-P-6600,P,6600.0,2023-01-20,2022-12-06 09:32:49.9,147.6,6,151.0,6,147.8,0,311,TRADING
MO2301-P-6700,P,6700.0,2023-01-20,2022-12-06 09:32:49.9,194.6,15,198.6,6,196.8,0,150,TRADING
MO2301-P-6800,P,6800.0,2023-01-20,2022-12-06 09:32:49.9,250.6,6,255.6,6,254.2,4,91,TRADING
MO2301-P-6900,P,6900.0,2023-01-20,2022-12-06 09:32:49.9,312.6,6,320.8,6,319.8,0,48,TRADING
MO2301-P-7000,P,7000.0,2023-01-20,2022-12-06 09:32:49.9,383.4,6,393.2,6,389.6,0,39,TRADING
MO2301-P-7100,P,7100.0,2023-01-20,2022-12-06 09:32:49.9,462.2,12,472.8,7,478.2,0,15,TRADING
MO2301-C-7200,C,7200.0,2023-01-20,2022-12-06 09:32:49.9,39.0,6,41.0,16,41.6,1,255,TRADING
MO2301-P-7200,P,7200.0,2023-01-20,2022-12-06 09:32:49.9,545.6,12,556.2,6,562.2,0,44,TRADING
MO2212-C-7300,C,7300.0,2022-12-16,2022-12-06 09:32:49.9,3.0,28,3.4,55,3.2,3,783,TRADING
MO2212-P-7300,P,7300.0,2022-12-16,2022-12-06 09:32:49.9,592.0,3,599.8,6,586.4,0,24,TRADING
MO2301-C-7300,C,7300.0,2023-01-20,2022-12-06 09:32:49.9,26.8,19,28.8,18,28.0,0,140,TRADING
MO2301-P-7300,P,7300.0,2023-01-20,2022-12-06 09:32:49.9,633.6,18,644.8,6,642.2,0,10,TRADING
MO2309-C-7400,C,7400.0,2023-09-15,2022-12-06 09:32:49.9,175.2,1,180.8,1,180.8,0,99,TRADING
MO2301-P-7400,P,7400.0,2023-01-20,2022-12-06 09:32:49.9,725.8,6,735.2,2,742.2,0,29,TRADING
MO2302-C-5900,C,5900.0,2023-02-17,2022-12-06 09:32:49.9,789.2,6,802.4,6,776.6,0,4,TRADING
MO2302-C-6100,C,6100.0,2023-02-17,2022-12-06 09:32:49.9,615.4,6,631.0,6,500.0,0,2,TRADING
MO2302-C-6200,C,6200.0,2023-02-17,2022-12-06 09:32:49.9,537.2,6,551.0,6,479.6,0,4,TRADING
MO2302-C-6300,C,6300.0,2023-02-17,2022-12-06 09:32:49.9,461.8,1,476.2,6,471.0,0,7,TRADING
MO2302-C-6400,C,6400.0,2023-02-17,2022-12-06 09:32:49.9,392.8,1,404.4,7,327.8,0,30,TRADING
MO2302-C-6500,C,6500.0,2023-02-17,2022-12-06 09:32:49.9,330.6,7,342.0,12,334.4,0,116,TRADING
MO2302-C-6600,C,6600.0,2023-02-17,2022-12-06 09:32:49.9,273.6,1,285.2,7,268.2,0,102,TRADING
MO2302-C-6700,C,6700.0,2023-02-17,2022-12-06 09:32:49.9,223.8,2,234.0,12,219.2,0,118,TRADING
MO2302-C-6800,C,6800.0,2023-02-17,2022-12-06 09:32:49.9,181.8,6,189.8,6,177.0,0,40,TRADING
MO2302-C-6900,C,6900.0,2023-02-17,2022-12-06 09:32:49.9,144.0,1,153.4,6,151.2,0,12,TRADING
MO2302-C-7000,C,7000.0,2023-02-17,2022-12-06 09:32:49.9,114.0,1,121.6,6,115.0,0,140,TRADING
MO2302-C-7100,C,7100.0,2023-02-17,2022-12-06 09:32:49.9,87.8,6,92.8,1,93.0,0,76,TRADING
MO2302-C-7200,C,7200.0,2023-02-17,2022-12-06 09:32:49.9,66.8,6,72.6,6,68.6,0,26,TRADING
MO2302-C-7300,C,7300.0,2023-02-17,2022-12-06 09:32:49.9,50.8,27,54.4,6,52.2,0,37,TRADING
MO2302-C-7400,C,7400.0,2023-02-17,2022-12-06 09:32:49.9,38.0,18,41.2,33,40.2,0,59,TRADING
MO2302-P-6100,P,6100.0,2023-02-17,2022-12-06 09:32:49.9,55.2,6,60.0,6,57.2,0,48,TRADING
MO2302-P-6200,P,6200.0,2023-02-17,2022-12-06 09:32:49.9,75.8,7,80.2,6,77.4,0,98,TRADING
MO2302-P-6300,P,6300.0,2023-02-17,2022-12-06 09:32:49.9,98.8,6,104.0,1,99.6,0,68,TRADING
MO2302-P-6400,P,6400.0,2023-02-17,2022-12-06 09:32:49.9,127.2,13,134.0,1,132.6,0,102,TRADING
MO2302-P-6500,P,6500.0,2023-02-17,2022-12-06 09:32:49.9,165.0,7,172.8,7,175.4,0,119,TRADING
MO2302-P-6600,P,6600.0,2023-02-17,2022-12-06 09:32:49.9,209.0,1,216.4,7,218.2,0,52,TRADING
MO2302-P-6700,P,6700.0,2023-02-17,2022-12-06 09:32:49.9,256.2,6,266.0,7,263.8,0,47,TRADING
MO2302-P-6800,P,6800.0,2023-02-17,2022-12-06 09:32:49.9,312.6,1,322.0,1,314.0,0,8,TRADING
MO2302-P-6900,P,6900.0,2023-02-17,2022-12-06 09:32:49.9,371.4,6,384.0,1,386.4,0,2,TRADING
MO2302-P-7000,P,7000.0,2023-02-17,2022-12-06 09:32:49.9,440.2,6,452.4,1,500.0,0,14,TRADING
MO2302-P-7100,P,7100.0,2023-02-17,2022-12-06 09:32:49.9,512.4,6,526.6,13,535.8,0,4,TRADING
MO2302-P-7200,P,7200.0,2023-02-17,2022-12-06 09:32:49.9,591.2,6,604.2,6,730.2,0,15,TRADING
MO2302-P-7300,P,7300.0,2023-02-17,2022-12-06 09:32:49.9,674.0,6,687.2,6,1000.0,0,2,TRADING
MO2302-P-7400,P,7400.0,2023-02-17,2022-12-06 09:32:49.9,761.0,6,774.4,6,941.6,0,2,TRADING
MO2302-C-5800,C,5800.0,2023-02-17,2022-12-06 09:32:49.9,879.8,6,892.8,6,867.4,0,2,TRADING
MO2212-P-8200,P,8200.0,2022-12-16,2022-12-06 09:32:49.9,1489.2,6,1498.6,6,1518.8,0,55,TRADING
MO2212-C-6200,C,6200.0,2022-12-16,2022-12-06 09:32:49.9,506.0,6,512.4,6,491.0,0,219,TRADING
MO2212-C-6400,C,6400.0,2022-12-16,2022-12-06 09:32:49.9,315.6,6,322.8,22,312.6,1,521,TRADING
MO2212-C-6600,C,6600.0,2022-12-16,2022-12-06 09:32:49.9,155.2,10,158.4,3,156.0,70,1244,TRADING
MO2212-C-6800,C,6800.0,2022-12-16,2022-12-06 09:32:49.9,57.6,1,58.8,3,58.4,285,3652,TRADING
MO2212-C-7000,C,7000.0,2022-12-16,2022-12-06 09:32:49.9,17.8,23,18.4,13,17.8,94,2756,TRADING
MO2212-C-7200,C,7200.0,2022-12-16,2022-12-06 09:32:49.9,5.4,19,5.8,52,5.4,22,1881,TRADING
MO2212-C-7400,C,7400.0,2022-12-16,2022-12-06 09:32:49.9,2.0,6,2.2,18,1.8,0,905,TRADING
MO2212-C-7600,C,7600.0,2022-12-16,2022-12-06 09:32:49.9,1.0,23,1.2,10,1.2,0,589,TRADING
MO2212-C-7800,C,7800.0,2022-12-16,2022-12-06 09:32:49.9,0.8,10,1.0,36,0.8,0,227,TRADING
MO2212-P-6200,P,6200.0,2022-12-16,2022-12-06 09:32:49.9,2.8,16,3.0,15,3.0,21,2036,TRADING
MO2212-P-6400,P,6400.0,2022-12-16,2022-12-06 09:32:49.9,12.4,6,12.8,5,12.6,63,2551,TRADING
MO2212-P-6600,P,6600.0,2022-12-16,2022-12-06 09:32:49.9,50.4,3,50.8,1,50.8,148,2256,TRADING
MO2212-P-6800,P,6800.0,2022-12-16,2022-12-06 09:32:49.9,150.2,1,153.4,6,151.8,0,510,TRADING
MO2212-P-7000,P,7000.0,2022-12-16,2022-12-06 09:32:49.9,308.2,6,314.2,6,314.0,0,127,TRADING
MO2212-P-7200,P,7200.0,2022-12-16,2022-12-06 09:32:49.9,494.2,15,502.0,6,493.8,0,111,TRADING
MO2212-P-7400,P,7400.0,2022-12-16,2022-12-06 09:32:49.9,690.4,4,698.6,6,691.6,0,60,TRADING
MO2212-P-7600,P,7600.0,2022-12-16,2022-12-06 09:32:49.9,890.2,6,898.4,6,919.0,0,44,TRADING
MO2212-P-7800,P,7800.0,2022-12-16,2022-12-06 09:32:49.9,1090.2,6,1098.4,6,1297.4,0,81,TRADING
MO2303-C-6200,C,6200.0,2023-03-17,2022-12-06 09:32:49.9,545.0,6,556.0,6,476.2,0,219,TRADING
MO2303-C-6400,C,6400.0,2023-03-17,2022-12-06 09:32:49.9,411.8,2,424.4,22,413.0,0,167,TRADING
MO2303-C-6600,C,6600.0,2023-03-17,2022-12-06 09:32:49.9,305.6,1,313.6,6,310.0,0,138,TRADING
MO2303-C-6800,C,6800.0,2023-03-17,2022-12-06 09:32:49.9,217.8,1,226.6,6,224.2,0,217,TRADING
MO2303-C-7000,C,7000.0,2023-03-17,2022-12-06 09:32:49.9,151.0,1,157.6,1,153.8,0,366,TRADING
MO2303-C-7200,C,7200.0,2023-03-17,2022-12-06 09:32:49.9,103.2,6,108.0,6,107.4,0,190,TRADING
MO2303-C-7400,C,7400.0,2023-03-17,2022-12-06 09:32:49.9,67.6,6,73.6,22,70.6,0,254,TRADING
MO2303-C-7600,C,7600.0,2023-03-17,2022-12-06 09:32:49.9,45.0,36,48.4,16,48.2,0,405,TRADING
MO2303-C-7800,C,7800.0,2023-03-17,2022-12-06 09:32:49.9,30.8,4,33.2,6,33.2,0,497,TRADING
MO2303-P-6400,P,6400.0,2023-03-17,2022-12-06 09:32:49.9,187.0,1,194.8,12,197.2,0,137,TRADING
MO2303-P-6800,P,6800.0,2023-03-17,2022-12-06 09:32:49.9,385.6,1,396.8,1,407.2,0,97,TRADING
MO2303-P-7000,P,7000.0,2023-03-17,2022-12-06 09:32:49.9,516.0,6,529.2,7,518.0,0,223,TRADING
MO2303-P-7200,P,7200.0,2023-03-17,2022-12-06 09:32:49.9,665.2,12,678.0,1,666.4,0,55,TRADING
MO2303-P-7400,P,7400.0,2023-03-17,2022-12-06 09:32:49.9,829.4,16,844.0,6,998.0,0,52,TRADING
MO2303-P-7600,P,7600.0,2023-03-17,2022-12-06 09:32:49.9,1004.8,6,1017.6,6,1053.0,0,31,TRADING
MO2306-C-6200,C,6200.0,2023-06-16,2022-12-06 09:32:49.9,576.4,1,586.8,5,582.6,0,108,TRADING
MO2306-C-6400,C,6400.0,2023-06-16,2022-12-06 09:32:49.9,461.0,1,473.8,1,468.6,0,67,TRADING
MO2306-C-6600,C,6600.0,2023-06-16,2022-12-06 09:32:49.9,375.6,1,378.8,17,375.6,1,119,TRADING
MO2306-C-6800,C,6800.0,2023-06-16,2022-12-06 09:32:49.9,285.8,1,298.0,6,294.2,0,208,TRADING
MO2306-C-7000,C,7000.0,2023-06-16,2022-12-06 09:32:49.9,221.0,18,228.6,1,229.2,0,533,TRADING
MO2306-C-7600,C,7600.0,2023-06-16,2022-12-06 09:32:49.9,98.2,6,103.4,5,101.2,0,357,TRADING
MO2306-C-7800,C,7800.0,2023-06-16,2022-12-06 09:32:49.9,73.6,6,79.8,7,72.4,0,489,TRADING
MO2306-P-6200,P,6200.0,2023-06-16,2022-12-06 09:32:49.9,259.2,1,269.0,1,263.0,0,264,TRADING
MO2306-P-6400,P,6400.0,2023-06-16,2022-12-06 09:32:49.9,342.8,1,353.6,1,353.6,0,243,TRADING
MO2306-P-6600,P,6600.0,2023-06-16,2022-12-06 09:32:49.9,443.2,12,455.2,1,454.0,0,107,TRADING
MO2306-P-6800,P,6800.0,2023-06-16,2022-12-06 09:32:49.9,560.8,1,571.4,1,564.4,0,73,TRADING
MO2306-P-7000,P,7000.0,2023-06-16,2022-12-06 09:32:49.9,689.8,6,703.6,1,720.2,0,55,TRADING
MO2306-P-7200,P,7200.0,2023-06-16,2022-12-06 09:32:49.9,836.6,4,852.8,1,1000.0,0,44,TRADING
MO2306-P-7400,P,7400.0,2023-06-16,2022-12-06 09:32:49.9,993.6,4,1008.8,1,1011.6,0,34,TRADING
MO2306-P-7600,P,7600.0,2023-06-16,2022-12-06 09:32:49.9,1159.4,10,1175.0,7,1346.6,0,35,TRADING
MO2306-P-7800,P,7800.0,2023-06-16,2022-12-06 09:32:49.9,1334.6,4,1349.0,6,1394.4,0,53,TRADING
MO2212-P-8000,P,8000.0,2022-12-16,2022-12-06 09:32:50.4,1288.2,4,1298.2,6,1547.4,0,128,TRADING
MO2303-C-8000,C,8000.0,2023-03-17,2022-12-06 09:32:50.4,20.4,6,22.0,10,21.4,0,290,TRADING
MO2303-P-8000,P,8000.0,2023-03-17,2022-12-06 09:32:50.4,1375.4,12,1388.8,6,1536.0,0,90,TRADING
MO2306-P-8000,P,8000.0,2023-06-16,2022-12-06 09:32:50.4,1514.0,4,1529.0,6,1764.6,0,49,TRADING
MO2212-C-6500,C,6500.0,2022-12-16,2022-12-06 09:32:50.4,230.8,6,235.6,3,234.0,19,1038,TRADING
MO2212-C-6700,C,6700.0,2022-12-16,2022-12-06 09:32:50.4,97.8,6,100.6,4,98.2,161,2877,TRADING
MO2212-C-6900,C,6900.0,2022-12-16,2022-12-06 09:32:50.4,32.6,5,32.8,1,32.8,178,2873,TRADING
MO2212-C-7100,C,7100.0,2022-12-16,2022-12-06 09:32:50.4,9.8,17,10.0,6,10.0,102,1303,TRADING
MO2212-P-5900,P,5900.0,2022-12-16,2022-12-06 09:32:50.4,1.0,7,1.2,32,1.0,3,1023,TRADING
MO2212-P-6100,P,6100.0,2022-12-16,2022-12-06 09:32:50.4,1.6,6,1.8,19,1.4,2,1560,TRADING
MO2212-P-6300,P,6300.0,2022-12-16,2022-12-06 09:32:50.4,5.8,18,6.2,51,5.6,48,2206,TRADING
MO2212-P-6500,P,6500.0,2022-12-16,2022-12-06 09:32:50.4,25.0,5,25.4,1,25.8,141,1722,TRADING
MO2212-P-6700,P,6700.0,2022-12-16,2022-12-06 09:32:50.4,90.0,10,92.2,6,90.6,126,3596,TRADING
MO2212-P-6900,P,6900.0,2022-12-16,2022-12-06 09:32:50.4,222.0,6,227.0,6,228.8,1,196,TRADING
MO2212-P-7100,P,7100.0,2022-12-16,2022-12-06 09:32:50.4,398.6,6,406.2,14,415.6,0,61,TRADING
MO2309-C-5800,C,5800.0,2023-09-15,2022-12-06 09:32:50.4,855.8,1,871.6,2,871.8,0,129,TRADING
MO2309-C-6000,C,6000.0,2023-09-15,2022-12-06 09:32:50.4,728.6,2,745.8,8,740.8,0,132,TRADING
MO2309-C-6200,C,6200.0,2023-09-15,2022-12-06 09:32:50.4,614.4,1,628.0,8,609.0,0,149,TRADING
MO2309-C-6400,C,6400.0,2023-09-15,2022-12-06 09:32:50.4,510.6,1,523.2,2,549.0,0,157,TRADING
MO2309-C-6600,C,6600.0,2023-09-15,2022-12-06 09:32:50.4,422.4,1,431.8,13,427.0,0,170,TRADING
MO2309-C-6800,C,6800.0,2023-09-15,2022-12-06 09:32:50.4,342.2,1,352.8,8,346.0,0,139,TRADING
MO2309-C-7000,C,7000.0,2023-09-15,2022-12-06 09:32:50.4,273.6,1,284.2,1,279.0,0,200,TRADING
MO2309-C-7200,C,7200.0,2023-09-15,2022-12-06 09:32:50.4,219.6,6,227.8,1,218.4,0,324,TRADING
MO2309-P-5800,P,5800.0,2023-09-15,2022-12-06 09:32:50.4,229.8,9,238.4,6,226.0,0,79,TRADING
MO2309-P-6200,P,6200.0,2023-09-15,2022-12-06 09:32:50.4,373.4,8,384.8,1,375.0,0,123,TRADING
MO2309-P-6600,P,6600.0,2023-09-15,2022-12-06 09:32:50.4,569.4,6,581.8,1,578.4,0,46,TRADING
MO2309-P-6800,P,6800.0,2023-09-15,2022-12-06 09:32:50.4,686.2,8,700.0,1,675.8,0,36,TRADING
MO2309-P-7000,P,7000.0,2023-09-15,2022-12-06 09:32:50.4,815.4,14,828.8,1,818.6,0,47,TRADING
MO2309-P-7200,P,7200.0,2023-09-15,2022-12-06 09:32:50.4,954.6,19,969.8,1,1000.0,0,58,TRADING
MO2212-C-5700,C,5700.0,2022-12-16,2022-12-06 09:32:50.4,1002.6,12,1011.0,6,1015.2,0,53,TRADING
MO2212-P-5700,P,5700.0,2022-12-16,2022-12-06 09:32:50.4,0.6,52,1.0,34,0.8,0,305,TRADING
MO2303-C-5600,C,5600.0,2023-03-17,2022-12-06 09:32:50.4,1042.2,6,1055.6,12,1052.0,0,66,TRADING
MO2303-P-5600,P,5600.0,2023-03-17,2022-12-06 09:32:50.4,25.6,10,28.4,28,31.2,0,134,TRADING
MO2306-C-5600,C,5600.0,2023-06-16,2022-12-06 09:32:50.4,1000.4,12,1019.8,12,999.6,0,32,TRADING
MO2309-C-5600,C,5600.0,2023-09-15,2022-12-06 09:32:50.4,1001.0,1,1019.4,6,934.4,0,116,TRADING
MO2212-C-5600,C,5600.0,2022-12-16,2022-12-06 09:32:50.4,1102.2,6,1110.6,6,1116.8,0,48,TRADING
MO2303-C-8200,C,8200.0,2023-03-17,2022-12-06 09:32:50.4,14.4,10,15.6,10,15.0,0,580,TRADING
MO2303-P-8200,P,8200.0,2023-03-17,2022-12-06 09:32:50.4,1567.0,6,1580.4,6,1571.8,0,103,TRADING
MO2306-P-8200,P,8200.0,2023-06-16,2022-12-06 09:32:50.4,1695.2,10,1713.2,6,1802.8,0,42,TRADING
MO2212-C-5800,C,5800.0,2022-12-16,2022-12-06 09:32:50.4,903.2,6,911.0,6,917.6,0,34,TRADING
MO2212-P-5800,P,5800.0,2022-12-16,2022-12-06 09:32:50.4,0.8,1,1.0,21,1.0,0,516,TRADING
MO2303-C-5800,C,5800.0,2023-03-17,2022-12-06 09:32:50.4,862.8,6,876.2,12,876.0,0,101,TRADING
MO2306-C-5800,C,5800.0,2023-06-16,2022-12-06 09:32:50.4,844.2,1,864.0,6,898.0,0,100,TRADING
MO2212-C-8000,C,8000.0,2022-12-16,2022-12-06 09:32:50.4,0.8,12,1.0,49,0.8,0,940,TRADING
MO2212-C-6000,C,6000.0,2022-12-16,2022-12-06 09:32:50.4,704.4,2,711.8,3,708.6,0,58,TRADING
MO2212-P-6000,P,6000.0,2022-12-16,2022-12-06 09:32:50.4,1.2,6,1.4,7,1.4,0,1401,TRADING
MO2303-C-6000,C,6000.0,2023-03-17,2022-12-06 09:32:50.4,695.2,12,709.4,6,703.0,0,120,TRADING
MO2303-P-6000,P,6000.0,2023-03-17,2022-12-06 09:32:50.4,75.0,1,79.2,18,77.2,0,181,TRADING
MO2306-C-6000,C,6000.0,2023-06-16,2022-12-06 09:32:50.4,702.8,1,718.0,10,708.0,0,123,TRADING
MO2306-P-6000,P,6000.0,2023-06-16,2022-12-06 09:32:50.4,192.2,1,201.0,7,194.6,0,112,TRADING
MO2212-C-5900,C,5900.0,2022-12-16,2022-12-06 09:32:50.4,803.6,2,811.2,15,796.2,0,45,TRADING
MO2212-C-6100,C,6100.0,2022-12-16,2022-12-06 09:32:50.4,605.4,2,612.2,6,594.0,0,107,TRADING
MO2212-C-6300,C,6300.0,2022-12-16,2022-12-06 09:32:50.4,409.6,2,416.4,3,401.0,0,204,TRADING
MO2212-C-5500,C,5500.0,2022-12-16,2022-12-06 09:32:50.4,1201.8,6,1210.2,6,1196.0,0,42,TRADING
MO2212-P-5500,P,5500.0,2022-12-16,2022-12-06 09:32:50.4,0.6,31,0.8,10,0.8,0,502,TRADING
MO2303-C-5400,C,5400.0,2023-03-17,2022-12-06 09:32:50.4,1230.6,6,1242.4,12,1236.0,0,37,TRADING
MO2306-C-5400,C,5400.0,2023-06-16,2022-12-06 09:32:50.4,1170.0,6,1186.6,16,1115.0,0,46,TRADING
MO2309-C-5400,C,5400.0,2023-09-15,2022-12-06 09:32:50.4,1149.2,6,1173.0,8,1161.0,0,92,TRADING
MO2212-C-7500,C,7500.0,2022-12-16,2022-12-06 09:32:50.4,1.2,56,1.6,39,1.2,0,211,TRADING
MO2212-P-7500,P,7500.0,2022-12-16,2022-12-06 09:32:50.4,789.6,4,797.4,12,913.0,0,13,TRADING
MO2301-C-7500,C,7500.0,2023-01-20,2022-12-06 09:32:50.4,13.4,6,14.6,10,13.6,4,275,TRADING
MO2301-P-7500,P,7500.0,2023-01-20,2022-12-06 09:32:50.4,819.2,4,829.8,6,837.2,0,13,TRADING
MO2309-C-7600,C,7600.0,2023-09-15,2022-12-06 09:32:50.4,137.8,1,143.0,1,139.2,1,195,TRADING
MO2212-C-5300,C,5300.0,2022-12-16,2022-12-06 09:32:50.4,1400.8,6,1410.2,6,1367.0,0,39,TRADING
MO2212-C-5400,C,5400.0,2022-12-16,2022-12-06 09:32:50.4,1301.6,6,1310.8,6,1266.2,0,41,TRADING
MO2212-P-5300,P,5300.0,2022-12-16,2022-12-06 09:32:50.4,0.6,13,0.8,18,0.6,0,483,TRADING
MO2212-P-5400,P,5400.0,2022-12-16,2022-12-06 09:32:50.4,0.6,31,0.8,16,0.8,0,296,TRADING
MO2303-C-5200,C,5200.0,2023-03-17,2022-12-06 09:32:50.4,1422.4,6,1434.6,12,1452.4,0,32,TRADING
MO2303-P-5200,P,5200.0,2023-03-17,2022-12-06 09:32:50.4,9.0,24,9.6,12,9.2,5,277,TRADING
MO2306-C-5200,C,5200.0,2023-06-16,2022-12-06 09:32:50.4,1344.8,6,1363.4,6,1236.6,0,34,TRADING
MO2309-C-5200,C,5200.0,2023-09-15,2022-12-06 09:32:50.4,1312.4,6,1329.8,8,1330.2,0,99,TRADING
MO2309-P-5200,P,5200.0,2023-09-15,2022-12-06 09:32:50.4,99.8,1,104.0,5,104.2,0,132,TRADING
MO2301-C-5600,C,5600.0,2023-01-20,2022-12-06 09:32:50.4,1083.0,12,1093.6,10,903.0,0,38,TRADING
MO2301-P-5600,P,5600.0,2023-01-20,2022-12-06 09:32:50.4,5.4,6,5.8,16,5.8,5,208,TRADING
MO2301-C-7400,C,7400.0,2023-01-20,2022-12-06 09:32:50.4,19.0,12,20.4,10,18.8,1,232,TRADING
MO2212-P-5600,P,5600.0,2022-12-16,2022-12-06 09:32:50.4,0.6,3,0.8,16,0.8,0,324,TRADING
MO2301-C-5700,C,5700.0,2023-01-20,2022-12-06 09:32:50.4,985.4,12,996.6,16,968.2,0,8,TRADING
MO2301-C-5800,C,5800.0,2023-01-20,2022-12-06 09:32:50.4,888.6,6,899.4,10,918.0,0,23,TRADING
MO2301-C-5900,C,5900.0,2023-01-20,2022-12-06 09:32:50.4,793.8,6,802.8,10,805.4,0,29,TRADING
MO2301-C-6000,C,6000.0,2023-01-20,2022-12-06 09:32:50.4,700.0,6,709.0,4,718.8,0,36,TRADING
MO2301-C-6100,C,6100.0,2023-01-20,2022-12-06 09:32:50.4,608.2,6,618.6,10,626.8,0,21,TRADING
MO2301-C-6200,C,6200.0,2023-01-20,2022-12-06 09:32:50.4,521.0,6,530.0,10,520.0,0,47,TRADING
MO2301-C-6300,C,6300.0,2023-01-20,2022-12-06 09:32:50.4,438.8,6,446.4,10,439.0,0,94,TRADING
MO2301-C-6400,C,6400.0,2023-01-20,2022-12-06 09:32:50.4,363.8,1,367.4,6,366.8,1,82,TRADING
MO2301-C-6500,C,6500.0,2023-01-20,2022-12-06 09:32:50.4,295.8,6,298.4,6,297.6,2,192,TRADING
MO2301-C-6600,C,6600.0,2023-01-20,2022-12-06 09:32:50.4,235.2,6,237.6,12,237.0,3,254,TRADING
MO2301-C-6700,C,6700.0,2023-01-20,2022-12-06 09:32:50.4,181.8,6,185.4,15,180.0,5,446,TRADING
MO2301-C-6800,C,6800.0,2023-01-20,2022-12-06 09:32:50.4,139.4,6,141.6,6,140.6,0,277,TRADING
MO2301-C-6900,C,6900.0,2023-01-20,2022-12-06 09:32:50.4,102.8,6,106.0,10,106.6,0,193,TRADING
MO2301-C-7000,C,7000.0,2023-01-20,2022-12-06 09:32:50.4,76.2,6,78.0,6,78.0,0,274,TRADING
MO2301-C-7100,C,7100.0,2023-01-20,2022-12-06 09:32:50.4,54.4,1,56.2,4,56.4,0,345,TRADING
MO2301-P-5700,P,5700.0,2023-01-20,2022-12-06 09:32:50.4,7.0,12,7.6,12,7.6,1,146,TRADING
MO2301-P-5800,P,5800.0,2023-01-20,2022-12-06 09:32:50.4,9.8,6,10.4,24,11.6,6,282,TRADING
MO2301-P-6000,P,6000.0,2023-01-20,2022-12-06 09:32:50.4,19.4,12,20.6,6,20.8,23,514,TRADING
MO2301-P-6100,P,6100.0,2023-01-20,2022-12-06 09:32:50.4,27.8,6,29.4,6,29.2,0,590,TRADING
MO2301-P-6200,P,6200.0,2023-01-20,2022-12-06 09:32:50.4,38.8,9,41.2,16,39.4,3,433,TRADING
MO2301-P-6300,P,6300.0,2023-01-20,2022-12-06 09:32:50.4,55.8,4,58.0,6,57.6,0,398,TRADING
MO2301-P-6400,P,6400.0,2023-01-20,2022-12-06 09:32:50.4,77.2,12,79.8,6,76.0,5,839,TRADING
MO2301-P-6500,P,6500.0,2023-01-20,2022-12-06 09:32:50.4,108.6,6,111.6,6,110.0,0,540,TRADING
MO2301-P-6600,P,6600.0,2023-01-20,2022-12-06 09:32:50.4,147.2,6,150.4,6,147.8,0,311,TRADING
MO2301-P-6700,P,6700.0,2023-01-20,2022-12-06 09:32:50.4,194.2,6,197.8,6,196.8,0,150,TRADING
MO2301-P-6800,P,6800.0,2023-01-20,2022-12-06 09:32:50.4,250.2,6,254.8,6,254.2,4,91,TRADING
MO2301-P-6900,P,6900.0,2023-01-20,2022-12-06 09:32:50.4,312.6,4,320.8,12,319.8,0,48,TRADING
MO2301-P-7000,P,7000.0,2023-01-20,2022-12-06 09:32:50.4,383.4,4,393.2,18,389.6,0,39,TRADING
MO2301-P-7100,P,7100.0,2023-01-20,2022-12-06 09:32:50.4,462.2,10,472.6,6,478.2,0,15,TRADING
MO2301-C-7200,C,7200.0,2023-01-20,2022-12-06 09:32:50.4,39.0,6,41.0,16,41.6,1,255,TRADING
MO2301-P-7200,P,7200.0,2023-01-20,2022-12-06 09:32:50.4,545.6,16,556.2,12,562.2,0,44,TRADING
MO2212-C-7300,C,7300.0,2022-12-16,2022-12-06 09:32:50.4,3.0,28,3.4,45,3.2,3,783,TRADING
MO2212-P-7300,P,7300.0,2022-12-16,2022-12-06 09:32:50.4,591.8,6,599.2,6,586.4,0,24,TRADING
MO2301-C-7300,C,7300.0,2023-01-20,2022-12-06 09:32:50.4,27.0,6,28.8,16,28.0,0,140,TRADING
MO2301-P-7300,P,7300.0,2023-01-20,2022-12-06 09:32:50.4,633.6,10,644.6,6,642.2,0,10,TRADING
MO2309-C-7400,C,7400.0,2023-09-15,2022-12-06 09:32:50.4,175.2,1,180.8,1,180.8,0,99,TRADING
MO2309-P-7400,P,7400.0,2023-09-15,2022-12-06 09:32:50.4,1101.4,6,1125.6,1,1132.4,0,44,TRADING
MO2301-P-7400,P,7400.0,2023-01-20,2022-12-06 09:32:50.4,725.8,4,735.2,8,742.2,0,29,TRADING
MO2302-C-5900,C,5900.0,2023-02-17,2022-12-06 09:32:50.4,789.2,6,802.6,16,776.6,0,4,TRADING
MO2302-C-6000,C,6000.0,2023-02-17,2022-12-06 09:32:50.4,702.2,6,715.2,10,475.4,0,9,TRADING
MO2302-C-6100,C,6100.0,2023-02-17,2022-12-06 09:32:50.4,618.0,6,631.2,22,500.0,0,2,TRADING
MO2302-C-6200,C,6200.0,2023-02-17,2022-12-06 09:32:50.4,537.2,12,551.2,22,479.6,0,4,TRADING
MO2302-C-6300,C,6300.0,2023-02-17,2022-12-06 09:32:50.4,462.8,6,476.4,6,471.0,0,7,TRADING
MO2302-C-6400,C,6400.0,2023-02-17,2022-12-06 09:32:50.4,393.2,6,404.4,7,327.8,0,30,TRADING
MO2302-C-6500,C,6500.0,2023-02-17,2022-12-06 09:32:50.4,330.6,13,342.0,6,334.4,0,116,TRADING
MO2302-C-6600,C,6600.0,2023-02-17,2022-12-06 09:32:50.4,275.0,1,285.2,1,268.2,0,102,TRADING
MO2302-C-6700,C,6700.0,2023-02-17,2022-12-06 09:32:50.4,225.6,1,234.2,10,219.2,0,118,TRADING
MO2302-C-6800,C,6800.0,2023-02-17,2022-12-06 09:32:50.4,181.8,6,189.8,6,177.0,0,40,TRADING
MO2302-C-6900,C,6900.0,2023-02-17,2022-12-06 09:32:50.4,144.0,1,153.4,6,151.2,0,12,TRADING
MO2302-C-7000,C,7000.0,2023-02-17,2022-12-06 09:32:50.4,114.0,1,121.6,6,115.0,0,140,TRADING
MO2302-C-7100,C,7100.0,2023-02-17,2022-12-06 09:32:50.4,87.8,6,93.4,4,93.0,0,76,TRADING
MO2302-C-7200,C,7200.0,2023-02-17,2022-12-06 09:32:50.4,66.8,6,72.6,6,68.6,0,26,TRADING
MO2302-C-7300,C,7300.0,2023-02-17,2022-12-06 09:32:50.4,50.8,27,54.4,6,52.2,0,37,TRADING
MO2302-C-7400,C,7400.0,2023-02-17,2022-12-06 09:32:50.4,38.0,18,41.2,24,40.2,0,59,TRADING
MO2302-P-6200,P,6200.0,2023-02-17,2022-12-06 09:32:50.4,75.8,7,80.2,6,77.4,0,98,TRADING
MO2302-P-6300,P,6300.0,2023-02-17,2022-12-06 09:32:50.4,98.8,6,104.0,1,99.6,0,68,TRADING
MO2302-P-6400,P,6400.0,2023-02-17,2022-12-06 09:32:50.4,127.2,6,134.0,1,132.6,0,102,TRADING
MO2302-P-6500,P,6500.0,2023-02-17,2022-12-06 09:32:50.4,165.0,6,172.8,7,175.4,0,119,TRADING
MO2302-P-6600,P,6600.0,2023-02-17,2022-12-06 09:32:50.4,208.8,4,216.4,7,218.2,0,52,TRADING
MO2302-P-6700,P,6700.0,2023-02-17,2022-12-06 09:32:50.4,256.2,6,266.0,14,263.8,0,47,TRADING
MO2302-P-6800,P,6800.0,2023-02-17,2022-12-06 09:32:50.4,312.2,4,322.0,7,314.0,0,8,TRADING
MO2302-P-6900,P,6900.0,2023-02-17,2022-12-06 09:32:50.4,371.4,6,384.0,1,386.4,0,2,TRADING
MO2302-P-7000,P,7000.0,2023-02-17,2022-12-06 09:32:50.4,440.2,6,452.4,7,500.0,0,14,TRADING
MO2302-P-7100,P,7100.0,2023-02-17,2022-12-06 09:32:50.4,512.4,6,526.6,19,535.8,0,4,TRADING
MO2302-P-7200,P,7200.0,2023-02-17,2022-12-06 09:32:50.4,591.0,16,604.2,6,730.2,0,15,TRADING
MO2302-P-7300,P,7300.0,2023-02-17,2022-12-06 09:32:50.4,674.0,6,687.2,6,1000.0,0,2,TRADING
MO2302-P-7400,P,7400.0,2023-02-17,2022-12-06 09:32:50.4,760.8,10,774.4,12,941.6,0,2,TRADING
MO2302-C-5800,C,5800.0,2023-02-17,2022-12-06 09:32:50.4,879.8,6,893.0,10,867.4,0,2,TRADING
MO2302-P-5800,P,5800.0,2023-02-17,2022-12-06 09:32:50.4,20.8,19,23.6,12,20.8,2,16,TRADING
MO2212-C-8200,C,8200.0,2022-12-16,2022-12-06 09:32:50.4,0.6,10,0.8,50,0.6,0,321,TRADING
MO2212-P-8200,P,8200.0,2022-12-16,2022-12-06 09:32:50.4,1488.4,7,1497.2,6,1518.8,0,55,TRADING
MO2212-C-6200,C,6200.0,2022-12-16,2022-12-06 09:32:50.4,506.6,1,512.8,3,491.0,0,219,TRADING
MO2212-C-6400,C,6400.0,2022-12-16,2022-12-06 09:32:50.4,316.4,1,322.8,6,312.6,1,521,TRADING
MO2212-C-6600,C,6600.0,2022-12-16,2022-12-06 09:32:50.4,158.4,1,159.8,6,158.4,71,1243,TRADING
MO2212-C-6800,C,6800.0,2022-12-16,2022-12-06 09:32:50.4,57.8,15,59.8,10,58.8,288,3652,TRADING
MO2212-C-7000,C,7000.0,2022-12-16,2022-12-06 09:32:50.4,18.0,29,18.4,3,17.8,94,2756,TRADING
MO2212-C-7200,C,7200.0,2022-12-16,2022-12-06 09:32:50.4,5.6,15,5.8,26,5.4,22,1881,TRADING
MO2212-C-7400,C,7400.0,2022-12-16,2022-12-06 09:32:50.4,2.0,6,2.2,11,1.8,0,905,TRADING
MO2212-C-7600,C,7600.0,2022-12-16,2022-12-06 09:32:50.4,1.0,23,1.2,10,1.2,0,589,TRADING
MO2212-C-7800,C,7800.0,2022-12-16,2022-12-06 09:32:50.4,0.8,10,1.0,36,0.8,0,227,TRADING
MO2212-P-6200,P,6200.0,2022-12-16,2022-12-06 09:32:50.4,2.8,6,3.0,19,3.0,21,2036,TRADING
MO2212-P-6400,P,6400.0,2022-12-16,2022-12-06 09:32:50.4,12.2,30,12.6,6,12.6,63,2551,TRADING
MO2212-P-6600,P,6600.0,2022-12-16,2022-12-06 09:32:50.4,50.0,2,50.4,1,50.4,151,2259,TRADING
MO2212-P-6800,P,6800.0,2022-12-16,2022-12-06 09:32:50.4,148.4,3,153.2,10,150.2,1,511,TRADING
MO2212-P-7000,P,7000.0,2022-12-16,2022-12-06 09:32:50.4,307.4,3,313.8,2,314.0,0,127,TRADING
MO2212-P-7200,P,7200.0,2022-12-16,2022-12-06 09:32:50.4,494.2,6,502.0,14,493.8,0,111,TRADING
MO2212-P-7400,P,7400.0,2022-12-16,2022-12-06 09:32:50.4,690.2,10,698.0,6,691.6,0,60,TRADING
MO2212-P-7600,P,7600.0,2022-12-16,2022-12-06 09:32:50.4,889.0,4,896.8,6,919.0,0,44,TRADING
MO2212-P-7800,P,7800.0,2022-12-16,2022-12-06 09:32:50.4,1089.2,6,1097.0,6,1297.4,0,81,TRADING
MO2303-C-6200,C,6200.0,2023-03-17,2022-12-06 09:32:50.4,545.0,6,556.2,12,476.2,0,219,TRADING
MO2303-C-6400,C,6400.0,2023-03-17,2022-12-06 09:32:50.4,411.8,2,424.4,16,413.0,0,167,TRADING
MO2303-C-6600,C,6600.0,2023-03-17,2022-12-06 09:32:50.4,305.6,7,314.6,6,310.0,0,138,TRADING
MO2303-C-6800,C,6800.0,2023-03-17,2022-12-06 09:32:50.4,217.8,1,227.0,12,224.2,0,217,TRADING
MO2303-C-7000,C,7000.0,2023-03-17,2022-12-06 09:32:50.4,151.0,1,157.6,1,153.8,0,366,TRADING
MO2303-C-7200,C,7200.0,2023-03-17,2022-12-06 09:32:50.4,103.2,6,108.8,10,107.4,0,190,TRADING
MO2303-C-7400,C,7400.0,2023-03-17,2022-12-06 09:32:50.4,67.6,6,73.6,22,70.6,0,254,TRADING
MO2303-C-7600,C,7600.0,2023-03-17,2022-12-06 09:32:50.4,45.0,36,48.4,12,48.2,0,405,TRADING
MO2303-C-7800,C,7800.0,2023-03-17,2022-12-06 09:32:50.4,30.8,4,33.8,6,33.2,0,497,TRADING
MO2303-P-6200,P,6200.0,2023-03-17,2022-12-06 09:32:50.4,121.6,1,126.6,6,128.8,0,122,TRADING
MO2303-P-6400,P,6400.0,2023-03-17,2022-12-06 09:32:50.4,187.0,1,194.8,12,197.2,0,137,TRADING
MO2303-P-6600,P,6600.0,2023-03-17,2022-12-06 09:32:50.4,274.8,1,285.4,1,290.8,0,141,TRADING
MO2303-P-6800,P,6800.0,2023-03-17,2022-12-06 09:32:50.4,384.4,12,396.8,1,407.2,0,97,TRADING
MO2303-P-7000,P,7000.0,2023-03-17,2022-12-06 09:32:50.4,514.6,16,529.2,7,518.0,0,223,TRADING
MO2303-P-7200,P,7200.0,2023-03-17,2022-12-06 09:32:50.4,664.0,16,678.0,1,666.4,0,55,TRADING
MO2303-P-7400,P,7400.0,2023-03-17,2022-12-06 09:32:50.4,829.4,6,843.6,2,998.0,0,52,TRADING
MO2303-P-7600,P,7600.0,2023-03-17,2022-12-06 09:32:50.4,1004.2,6,1017.6,6,1053.0,0,31,TRADING
MO2303-P-7800,P,7800.0,2023-03-17,2022-12-06 09:32:50.4,1187.2,6,1199.6,6,1251.0,0,54,TRADING
MO2306-C-6200,C,6200.0,2023-06-16,2022-12-06 09:32:50.4,576.4,1,587.6,12,582.6,0,108,TRADING
MO2306-C-6400,C,6400.0,2023-06-16,2022-12-06 09:32:50.4,461.0,1,475.4,18,468.6,0,67,TRADING
MO2306-C-6600,C,6600.0,2023-06-16,2022-12-06 09:32:50.4,375.6,1,378.8,11,375.6,1,119,TRADING
MO2306-C-6800,C,6800.0,2023-06-16,2022-12-06 09:32:50.4,285.8,1,298.0,6,294.2,0,208,TRADING
MO2306-C-7000,C,7000.0,2023-06-16,2022-12-06 09:32:50.4,221.0,18,228.6,1,229.2,0,533,TRADING
MO2306-C-7400,C,7400.0,2023-06-16,2022-12-06 09:32:50.4,126.6,1,132.2,1,129.2,0,419,TRADING
MO2306-C-7600,C,7600.0,2023-06-16,2022-12-06 09:32:50.4,98.2,6,104.0,6,101.2,0,357,TRADING
MO2306-C-7800,C,7800.0,2023-06-16,2022-12-06 09:32:50.4,74.4,6,79.8,1,72.4,0,489,TRADING
MO2306-P-6200,P,6200.0,2023-06-16,2022-12-06 09:32:50.4,259.2,1,269.0,1,263.0,0,264,TRADING
MO2306-P-6400,P,6400.0,2023-06-16,2022-12-06 09:32:50.4,342.8,1,353.6,1,353.6,0,243,TRADING
MO2306-P-6600,P,6600.0,2023-06-16,2022-12-06 09:32:50.4,443.2,6,455.2,1,454.0,0,107,TRADING
MO2306-P-6800,P,6800.0,2023-06-16,2022-12-06 09:32:50.4,559.8,12,571.4,1,564.4,0,73,TRADING
MO2306-P-7000,P,7000.0,2023-06-16,2022-12-06 09:32:50.4,689.6,12,703.6,1,720.2,0,55,TRADING
MO2306-P-7200,P,7200.0,2023-06-16,2022-12-06 09:32:50.4,836.6,4,852.6,6,1000.0,0,44,TRADING
MO2306-P-7400,P,7400.0,2023-06-16,2022-12-06 09:32:50.4,993.6,4,1008.8,1,1011.6,0,34,TRADING
MO2306-P-7600,P,7600.0,2023-06-16,2022-12-06 09:32:50.4,1159.4,4,1174.8,6,1346.6,0,35,TRADING
MO2306-P-7800,P,7800.0,2023-06-16,2022-12-06 09:32:50.4,1334.6,4,1348.8,6,1394.4,0,53,TRADING
MO2212-P-8000,P,8000.0,2022-12-16,2022-12-06 09:32:50.9,1287.4,6,1296.0,12,1547.4,0,128,TRADING
MO2303-C-8000,C,8000.0,2023-03-17,2022-12-06 09:32:50.9,20.4,12,22.0,6,21.4,0,290,TRADING
MO2303-P-8000,P,8000.0,2023-03-17,2022-12-06 09:32:50.9,1375.2,6,1388.8,6,1536.0,0,90,TRADING
MO2306-P-8000,P,8000.0,2023-06-16,2022-12-06 09:32:50.9,1510.8,10,1529.0,6,1764.6,0,49,TRADING
MO2212-C-6500,C,6500.0,2022-12-16,2022-12-06 09:32:50.9,232.0,6,236.2,6,234.0,19,1038,TRADING
MO2212-C-6700,C,6700.0,2022-12-16,2022-12-06 09:32:50.9,98.4,9,101.0,8,98.2,161,2877,TRADING
MO2212-C-6900,C,6900.0,2022-12-16,2022-12-06 09:32:50.9,32.8,5,33.4,3,32.8,179,2873,TRADING
MO2212-C-7100,C,7100.0,2022-12-16,2022-12-06 09:32:50.9,9.8,33,10.0,6,10.0,102,1303,TRADING
MO2212-P-5900,P,5900.0,2022-12-16,2022-12-06 09:32:50.9,1.0,1,1.2,32,1.0,3,1023,TRADING
MO2212-P-6100,P,6100.0,2022-12-16,2022-12-06 09:32:50.9,1.4,70,1.8,19,1.4,2,1560,TRADING
MO2212-P-6300,P,6300.0,2022-12-16,2022-12-06 09:32:50.9,5.8,6,6.0,6,5.6,48,2206,TRADING
MO2212-P-6500,P,6500.0,2022-12-16,2022-12-06 09:32:50.9,24.8,10,25.4,1,25.0,142,1722,TRADING
MO2212-P-6700,P,6700.0,2022-12-16,2022-12-06 09:32:50.9,89.0,3,90.0,1,90.0,136,3587,TRADING
MO2212-P-6900,P,6900.0,2022-12-16,2022-12-06 09:32:50.9,221.2,21,225.8,6,228.8,1,196,TRADING
MO2212-P-7100,P,7100.0,2022-12-16,2022-12-06 09:32:50.9,398.0,9,404.0,6,415.6,0,61,TRADING
MO2309-C-5800,C,5800.0,2023-09-15,2022-12-06 09:32:50.9,855.8,1,873.6,11,871.8,0,129,TRADING
MO2309-C-6000,C,6000.0,2023-09-15,2022-12-06 09:32:50.9,728.6,2,745.6,6,740.8,0,132,TRADING
MO2309-C-6200,C,6200.0,2023-09-15,2022-12-06 09:32:50.9,614.4,1,628.0,8,609.0,0,149,TRADING
MO2309-C-6400,C,6400.0,2023-09-15,2022-12-06 09:32:50.9,510.6,1,523.6,13,549.0,0,157,TRADING
MO2309-C-6600,C,6600.0,2023-09-15,2022-12-06 09:32:50.9,422.4,1,431.8,8,427.0,0,170,TRADING
MO2309-C-6800,C,6800.0,2023-09-15,2022-12-06 09:32:50.9,342.2,1,352.8,6,346.0,0,139,TRADING
MO2309-C-7000,C,7000.0,2023-09-15,2022-12-06 09:32:50.9,273.6,1,284.2,1,279.0,0,200,TRADING
MO2309-C-7200,C,7200.0,2023-09-15,2022-12-06 09:32:50.9,219.6,6,227.8,1,218.4,0,324,TRADING
MO2309-P-5800,P,5800.0,2023-09-15,2022-12-06 09:32:50.9,229.8,1,237.4,1,226.0,0,79,TRADING
MO2309-P-6000,P,6000.0,2023-09-15,2022-12-06 09:32:50.9,294.8,9,306.4,6,312.6,0,48,TRADING
MO2309-P-6200,P,6200.0,2023-09-15,2022-12-06 09:32:50.9,373.4,8,384.8,1,375.0,0,123,TRADING
MO2309-P-6400,P,6400.0,2023-09-15,2022-12-06 09:32:50.9,465.0,1,478.4,1,480.8,0,82,TRADING
MO2309-P-6600,P,6600.0,2023-09-15,2022-12-06 09:32:50.9,569.4,6,581.8,1,578.4,0,46,TRADING
MO2309-P-6800,P,6800.0,2023-09-15,2022-12-06 09:32:50.9,686.2,8,700.0,1,675.8,0,36,TRADING
MO2309-P-7000,P,7000.0,2023-09-15,2022-12-06 09:32:50.9,815.4,12,828.8,1,818.6,0,47,TRADING
MO2309-P-7200,P,7200.0,2023-09-15,2022-12-06 09:32:50.9,954.6,14,969.8,1,1000.0,0,58,TRADING
MO2212-C-5700,C,5700.0,2022-12-16,2022-12-06 09:32:50.9,1004.0,6,1011.2,3,1015.2,0,53,TRADING
MO2303-C-5600,C,5600.0,2023-03-17,2022-12-06 09:32:50.9,1045.0,6,1056.0,12,1052.0,0,66,TRADING
MO2303-P-5600,P,5600.0,2023-03-17,2022-12-06 09:32:50.9,25.6,10,28.4,28,31.2,0,134,TRADING
MO2306-C-5600,C,5600.0,2023-06-16,2022-12-06 09:32:50.9,1000.6,6,1020.6,16,999.6,0,32,TRADING
MO2309-C-5600,C,5600.0,2023-09-15,2022-12-06 09:32:50.9,1001.0,1,1019.4,6,934.4,0,116,TRADING
MO2309-P-5600,P,5600.0,2023-09-15,2022-12-06 09:32:50.9,177.0,1,184.6,6,181.8,0,155,TRADING
MO2212-C-5600,C,5600.0,2022-12-16,2022-12-06 09:32:50.9,1103.2,6,1111.0,3,1116.8,0,48,TRADING
MO2303-P-8200,P,8200.0,2023-03-17,2022-12-06 09:32:50.9,1564.2,12,1580.4,6,1571.8,0,103,TRADING
MO2306-P-8200,P,8200.0,2023-06-16,2022-12-06 09:32:50.9,1695.2,10,1713.2,6,1802.8,0,42,TRADING
MO2212-C-5800,C,5800.0,2022-12-16,2022-12-06 09:32:50.9,904.6,6,912.2,6,917.6,0,34,TRADING
MO2212-P-5800,P,5800.0,2022-12-16,2022-12-06 09:32:50.9,0.6,54,1.0,25,1.0,0,516,TRADING
MO2303-C-5800,C,5800.0,2023-03-17,2022-12-06 09:32:50.9,865.4,6,877.6,6,876.0,0,101,TRADING
MO2303-P-5800,P,5800.0,2023-03-17,2022-12-06 09:32:50.9,44.6,10,47.8,60,47.8,2,195,TRADING
MO2306-C-5800,C,5800.0,2023-06-16,2022-12-06 09:32:50.9,844.4,6,864.0,6,898.0,0,100,TRADING
MO2306-P-5800,P,5800.0,2023-06-16,2022-12-06 09:32:50.9,140.6,1,148.2,6,143.0,0,66,TRADING
MO2212-C-6000,C,6000.0,2022-12-16,2022-12-06 09:32:50.9,705.8,6,712.6,3,708.6,0,58,TRADING
MO2212-P-6000,P,6000.0,2022-12-16,2022-12-06 09:32:50.9,1.0,64,1.4,4,1.4,0,1401,TRADING
MO2303-C-6000,C,6000.0,2023-03-17,2022-12-06 09:32:50.9,697.6,6,710.4,6,703.0,0,120,TRADING
MO2303-P-6000,P,6000.0,2023-03-17,2022-12-06 09:32:50.9,75.0,1,79.2,12,77.2,0,181,TRADING
MO2306-C-6000,C,6000.0,2023-06-16,2022-12-06 09:32:50.9,702.8,1,719.2,16,708.0,0,123,TRADING
MO2306-P-6000,P,6000.0,2023-06-16,2022-12-06 09:32:50.9,192.2,1,201.0,7,194.6,0,112,TRADING
MO2212-C-5900,C,5900.0,2022-12-16,2022-12-06 09:32:50.9,805.2,6,812.2,3,796.2,0,45,TRADING
MO2212-C-6100,C,6100.0,2022-12-16,2022-12-06 09:32:50.9,606.8,6,613.8,15,594.0,0,107,TRADING
MO2212-C-6300,C,6300.0,2022-12-16,2022-12-06 09:32:50.9,411.4,6,417.2,3,401.0,0,204,TRADING
MO2212-C-5500,C,5500.0,2022-12-16,2022-12-06 09:32:50.9,1203.2,6,1211.0,3,1196.0,0,42,TRADING
MO2303-C-5400,C,5400.0,2023-03-17,2022-12-06 09:32:50.9,1230.6,6,1243.0,6,1236.0,0,37,TRADING
MO2303-P-5400,P,5400.0,2023-03-17,2022-12-06 09:32:50.9,15.4,1,15.8,6,15.4,0,138,TRADING
MO2306-C-5400,C,5400.0,2023-06-16,2022-12-06 09:32:50.9,1170.6,6,1186.6,10,1115.0,0,46,TRADING
MO2309-C-5400,C,5400.0,2023-09-15,2022-12-06 09:32:50.9,1152.2,6,1172.8,6,1161.0,0,92,TRADING
MO2309-P-5400,P,5400.0,2023-09-15,2022-12-06 09:32:50.9,133.6,1,140.2,12,139.6,0,61,TRADING
MO2212-P-7500,P,7500.0,2022-12-16,2022-12-06 09:32:50.9,788.8,9,796.0,6,913.0,0,13,TRADING
MO2301-C-7500,C,7500.0,2023-01-20,2022-12-06 09:32:50.9,13.4,10,14.6,10,13.6,4,275,TRADING
MO2301-P-7500,P,7500.0,2023-01-20,2022-12-06 09:32:50.9,818.2,12,827.8,6,837.2,0,13,TRADING
MO2309-C-7600,C,7600.0,2023-09-15,2022-12-06 09:32:50.9,137.8,1,143.0,1,139.2,1,195,TRADING
MO2309-P-7600,P,7600.0,2023-09-15,2022-12-06 09:32:50.9,1260.0,6,1282.2,1,1273.4,0,13,TRADING
MO2212-C-5300,C,5300.0,2022-12-16,2022-12-06 09:32:50.9,1402.4,6,1411.6,6,1367.0,0,39,TRADING
MO2212-C-5400,C,5400.0,2022-12-16,2022-12-06 09:32:50.9,1301.8,6,1311.6,6,1266.2,0,41,TRADING
MO2212-P-5400,P,5400.0,2022-12-16,2022-12-06 09:32:50.9,0.6,30,0.8,16,0.8,0,296,TRADING
MO2303-C-5200,C,5200.0,2023-03-17,2022-12-06 09:32:50.9,1422.4,6,1435.4,12,1452.4,0,32,TRADING
MO2303-P-5200,P,5200.0,2023-03-17,2022-12-06 09:32:50.9,9.0,12,9.6,12,9.2,5,277,TRADING
MO2306-C-5200,C,5200.0,2023-06-16,2022-12-06 09:32:50.9,1346.6,6,1365.4,12,1236.6,0,34,TRADING
MO2309-C-5200,C,5200.0,2023-09-15,2022-12-06 09:32:50.9,1312.4,6,1329.8,2,1330.2,0,99,TRADING
MO2309-P-5200,P,5200.0,2023-09-15,2022-12-06 09:32:50.9,99.8,1,104.0,5,104.2,0,132,TRADING
MO2301-C-5600,C,5600.0,2023-01-20,2022-12-06 09:32:50.9,1085.2,6,1094.2,6,903.0,0,38,TRADING
MO2301-P-5600,P,5600.0,2023-01-20,2022-12-06 09:32:50.9,5.4,6,5.8,16,5.8,5,208,TRADING
MO2301-C-7400,C,7400.0,2023-01-20,2022-12-06 09:32:50.9,19.0,22,20.4,6,18.8,1,232,TRADING
MO2301-C-5700,C,5700.0,2023-01-20,2022-12-06 09:32:50.9,987.6,6,996.6,6,968.2,0,8,TRADING
MO2301-C-5800,C,5800.0,2023-01-20,2022-12-06 09:32:50.9,890.6,6,899.4,6,918.0,0,23,TRADING
MO2301-C-5900,C,5900.0,2023-01-20,2022-12-06 09:32:50.9,794.0,6,804.6,12,805.4,0,29,TRADING
MO2301-C-6000,C,6000.0,2023-01-20,2022-12-06 09:32:50.9,700.2,6,709.0,6,718.8,0,36,TRADING
MO2301-C-6100,C,6100.0,2023-01-20,2022-12-06 09:32:50.9,609.8,6,618.6,6,626.8,0,21,TRADING
MO2301-C-6200,C,6200.0,2023-01-20,2022-12-06 09:32:50.9,521.2,6,530.2,6,520.0,0,47,TRADING
MO2301-C-6300,C,6300.0,2023-01-20,2022-12-06 09:32:50.9,441.0,1,446.4,6,439.0,0,94,TRADING
MO2301-C-6400,C,6400.0,2023-01-20,2022-12-06 09:32:50.9,365.0,1,368.2,6,366.8,1,82,TRADING
MO2301-C-6500,C,6500.0,2023-01-20,2022-12-06 09:32:50.9,296.8,6,298.8,12,297.6,2,192,TRADING
MO2301-C-6600,C,6600.0,2023-01-20,2022-12-06 09:32:50.9,236.0,6,238.0,15,237.0,3,254,TRADING
MO2301-C-6700,C,6700.0,2023-01-20,2022-12-06 09:32:50.9,182.4,6,186.0,12,180.0,5,446,TRADING
MO2301-C-6800,C,6800.0,2023-01-20,2022-12-06 09:32:50.9,140.0,6,142.0,6,140.6,0,277,TRADING
MO2301-C-6900,C,6900.0,2023-01-20,2022-12-06 09:32:50.9,103.4,6,106.2,9,106.6,0,193,TRADING
MO2301-C-7000,C,7000.0,2023-01-20,2022-12-06 09:32:50.9,76.6,6,78.0,6,78.0,0,274,TRADING
MO2301-C-7100,C,7100.0,2023-01-20,2022-12-06 09:32:50.9,54.4,1,56.4,6,56.4,0,345,TRADING
MO2301-P-5800,P,5800.0,2023-01-20,2022-12-06 09:32:50.9,9.8,6,10.4,28,11.6,6,282,TRADING
MO2301-P-5900,P,5900.0,2023-01-20,2022-12-06 09:32:50.9,13.2,6,14.4,12,14.6,0,248,TRADING
MO2301-P-6000,P,6000.0,2023-01-20,2022-12-06 09:32:50.9,19.4,6,20.6,12,20.8,23,514,TRADING
MO2301-P-6100,P,6100.0,2023-01-20,2022-12-06 09:32:50.9,27.8,6,29.2,6,29.2,0,590,TRADING
MO2301-P-6200,P,6200.0,2023-01-20,2022-12-06 09:32:50.9,38.8,6,41.0,6,39.4,3,433,TRADING
MO2301-P-6300,P,6300.0,2023-01-20,2022-12-06 09:32:50.9,55.6,12,58.0,6,57.6,0,398,TRADING
MO2301-P-6400,P,6400.0,2023-01-20,2022-12-06 09:32:50.9,77.2,6,79.4,6,76.0,5,839,TRADING
MO2301-P-6500,P,6500.0,2023-01-20,2022-12-06 09:32:50.9,108.2,9,111.2,6,110.0,0,540,TRADING
MO2301-P-6600,P,6600.0,2023-01-20,2022-12-06 09:32:50.9,147.0,3,149.8,6,147.8,0,311,TRADING
MO2301-P-6700,P,6700.0,2023-01-20,2022-12-06 09:32:50.9,193.2,15,197.2,6,196.8,0,150,TRADING
MO2301-P-6800,P,6800.0,2023-01-20,2022-12-06 09:32:50.9,249.6,6,254.0,6,254.2,4,91,TRADING
MO2301-P-6900,P,6900.0,2023-01-20,2022-12-06 09:32:50.9,312.4,12,320.6,8,319.8,0,48,TRADING
MO2301-P-7000,P,7000.0,2023-01-20,2022-12-06 09:32:50.9,383.2,6,393.2,18,389.6,0,39,TRADING
MO2301-P-7100,P,7100.0,2023-01-20,2022-12-06 09:32:50.9,462.2,6,471.4,6,478.2,0,15,TRADING
MO2301-C-7200,C,7200.0,2023-01-20,2022-12-06 09:32:50.9,39.4,6,41.0,12,41.6,1,255,TRADING
MO2301-P-7200,P,7200.0,2023-01-20,2022-12-06 09:32:50.9,545.6,6,555.0,6,562.2,0,44,TRADING
MO2212-C-7300,C,7300.0,2022-12-16,2022-12-06 09:32:50.9,3.0,30,3.4,37,3.2,3,783,TRADING
MO2212-P-7300,P,7300.0,2022-12-16,2022-12-06 09:32:50.9,590.6,9,597.6,6,586.4,0,24,TRADING
MO2301-C-7300,C,7300.0,2023-01-20,2022-12-06 09:32:50.9,27.0,16,28.8,12,28.0,0,140,TRADING
MO2301-P-7300,P,7300.0,2023-01-20,2022-12-06 09:32:50.9,633.6,6,642.8,6,642.2,0,10,TRADING
MO2309-C-7400,C,7400.0,2023-09-15,2022-12-06 09:32:50.9,175.4,1,180.8,1,180.8,0,99,TRADING
MO2309-P-7400,P,7400.0,2023-09-15,2022-12-06 09:32:50.9,1101.4,8,1125.6,7,1132.4,0,44,TRADING
MO2301-P-7400,P,7400.0,2023-01-20,2022-12-06 09:32:50.9,725.8,6,735.0,6,742.2,0,29,TRADING
MO2302-C-5900,C,5900.0,2023-02-17,2022-12-06 09:32:50.9,791.0,6,802.6,6,776.6,0,4,TRADING
MO2302-C-6000,C,6000.0,2023-02-17,2022-12-06 09:32:50.9,702.2,6,715.4,16,475.4,0,9,TRADING
MO2302-C-6100,C,6100.0,2023-02-17,2022-12-06 09:32:50.9,618.2,6,631.2,12,500.0,0,2,TRADING
MO2302-C-6200,C,6200.0,2023-02-17,2022-12-06 09:32:50.9,537.2,12,551.2,18,479.6,0,4,TRADING
MO2302-C-6300,C,6300.0,2023-02-17,2022-12-06 09:32:50.9,462.8,6,476.4,6,471.0,0,7,TRADING
MO2302-C-6400,C,6400.0,2023-02-17,2022-12-06 09:32:50.9,393.4,6,404.4,1,327.8,0,30,TRADING
MO2302-C-6500,C,6500.0,2023-02-17,2022-12-06 09:32:50.9,330.6,19,342.4,5,334.4,0,116,TRADING
MO2302-C-6600,C,6600.0,2023-02-17,2022-12-06 09:32:50.9,275.2,6,285.2,1,268.2,0,102,TRADING
MO2302-C-6700,C,6700.0,2023-02-17,2022-12-06 09:32:50.9,225.6,1,234.8,10,219.2,0,118,TRADING
MO2302-C-6800,C,6800.0,2023-02-17,2022-12-06 09:32:50.9,181.8,6,190.6,16,177.0,0,40,TRADING
MO2302-C-6900,C,6900.0,2023-02-17,2022-12-06 09:32:50.9,144.0,1,153.6,17,151.2,0,12,TRADING
MO2302-C-7000,C,7000.0,2023-02-17,2022-12-06 09:32:50.9,114.0,1,121.6,6,115.0,0,140,TRADING
MO2302-C-7100,C,7100.0,2023-02-17,2022-12-06 09:32:50.9,87.8,12,93.8,6,93.0,0,76,TRADING
MO2302-C-7200,C,7200.0,2023-02-17,2022-12-06 09:32:50.9,66.8,6,72.6,6,68.6,0,26,TRADING
MO2302-C-7300,C,7300.0,2023-02-17,2022-12-06 09:32:50.9,51.0,6,54.4,6,52.2,0,37,TRADING
MO2302-C-7400,C,7400.0,2023-02-17,2022-12-06 09:32:50.9,38.0,18,41.2,12,40.2,0,59,TRADING
MO2302-P-5900,P,5900.0,2023-02-17,2022-12-06 09:32:50.9,29.2,12,32.4,18,31.6,0,56,TRADING
MO2302-P-6000,P,6000.0,2023-02-17,2022-12-06 09:32:50.9,40.6,10,43.8,18,41.4,0,84,TRADING
MO2302-P-6100,P,6100.0,2023-02-17,2022-12-06 09:32:50.9,55.2,6,60.0,7,57.2,0,48,TRADING
MO2302-P-6200,P,6200.0,2023-02-17,2022-12-06 09:32:50.9,75.8,7,80.2,6,77.4,0,98,TRADING
MO2302-P-6300,P,6300.0,2023-02-17,2022-12-06 09:32:50.9,98.8,6,104.0,1,99.6,0,68,TRADING
MO2302-P-6400,P,6400.0,2023-02-17,2022-12-06 09:32:50.9,127.2,6,134.0,1,132.6,0,102,TRADING
MO2302-P-6500,P,6500.0,2023-02-17,2022-12-06 09:32:50.9,164.8,10,172.8,7,175.4,0,119,TRADING
MO2302-P-6600,P,6600.0,2023-02-17,2022-12-06 09:32:50.9,208.0,6,215.6,6,218.2,0,52,TRADING
MO2302-P-6700,P,6700.0,2023-02-17,2022-12-06 09:32:50.9,256.0,16,265.6,6,263.8,0,47,TRADING
MO2302-P-6800,P,6800.0,2023-02-17,2022-12-06 09:32:50.9,312.0,12,321.2,6,314.0,0,8,TRADING
MO2302-P-6900,P,6900.0,2023-02-17,2022-12-06 09:32:50.9,371.4,6,383.4,6,386.4,0,2,TRADING
MO2302-P-7000,P,7000.0,2023-02-17,2022-12-06 09:32:50.9,440.0,17,452.2,6,500.0,0,14,TRADING
MO2302-P-7100,P,7100.0,2023-02-17,2022-12-06 09:32:50.9,512.2,16,526.4,6,535.8,0,4,TRADING
MO2302-P-7200,P,7200.0,2023-02-17,2022-12-06 09:32:50.9,591.0,6,604.2,6,730.2,0,15,TRADING
MO2302-P-7300,P,7300.0,2023-02-17,2022-12-06 09:32:50.9,673.8,6,687.0,6,1000.0,0,2,TRADING
MO2302-P-7400,P,7400.0,2023-02-17,2022-12-06 09:32:50.9,760.8,4,774.4,12,941.6,0,2,TRADING
MO2302-C-5800,C,5800.0,2023-02-17,2022-12-06 09:32:50.9,881.8,6,894.2,16,867.4,0,2,TRADING
MO2212-C-8200,C,8200.0,2022-12-16,2022-12-06 09:32:50.9,0.6,10,0.8,50,0.6,0,321,TRADING
MO2212-P-8200,P,8200.0,2022-12-16,2022-12-06 09:32:50.9,1486.4,4,1496.2,6,1518.8,0,55,TRADING
MO2212-C-6200,C,6200.0,2022-12-16,2022-12-06 09:32:50.9,508.2,6,514.2,9,491.0,0,219,TRADING
MO2212-C-6400,C,6400.0,2022-12-16,2022-12-06 09:32:50.9,317.6,6,323.0,6,312.6,1,521,TRADING
MO2212-C-6600,C,6600.0,2022-12-16,2022-12-06 09:32:50.9,158.0,6,160.0,1,158.4,71,1243,TRADING
MO2212-C-6800,C,6800.0,2022-12-16,2022-12-06 09:32:50.9,58.0,8,59.8,6,58.8,288,3652,TRADING
MO2212-C-7000,C,7000.0,2022-12-16,2022-12-06 09:32:50.9,18.2,17,18.6,6,18.4,97,2756,TRADING
MO2212-C-7200,C,7200.0,2022-12-16,2022-12-06 09:32:50.9,5.6,15,5.8,18,5.4,22,1881,TRADING
MO2212-C-7600,C,7600.0,2022-12-16,2022-12-06 09:32:50.9,1.0,23,1.2,10,1.2,0,589,TRADING
MO2212-C-7800,C,7800.0,2022-12-16,2022-12-06 09:32:50.9,0.8,10,1.0,30,0.8,0,227,TRADING
MO2212-P-6200,P,6200.0,2022-12-16,2022-12-06 09:32:50.9,2.6,69,3.0,19,3.0,21,2036,TRADING
MO2212-P-6400,P,6400.0,2022-12-16,2022-12-06 09:32:50.9,12.2,9,12.4,6,12.6,63,2551,TRADING
MO2212-P-6600,P,6600.0,2022-12-16,2022-12-06 09:32:50.9,49.6,1,50.0,1,50.0,153,2261,TRADING
MO2212-P-6800,P,6800.0,2022-12-16,2022-12-06 09:32:50.9,147.0,12,151.2,3,150.2,1,511,TRADING
MO2212-P-7000,P,7000.0,2022-12-16,2022-12-06 09:32:50.9,306.4,6,312.2,6,314.0,0,127,TRADING
MO2212-P-7200,P,7200.0,2022-12-16,2022-12-06 09:32:50.9,493.6,9,499.8,6,493.8,0,111,TRADING
MO2212-P-7400,P,7400.0,2022-12-16,2022-12-06 09:32:50.9,688.4,4,696.4,6,691.6,0,60,TRADING
MO2212-P-7600,P,7600.0,2022-12-16,2022-12-06 09:32:50.9,887.8,9,895.4,6,919.0,0,44,TRADING
MO2212-P-7800,P,7800.0,2022-12-16,2022-12-06 09:32:50.9,1088.2,9,1095.6,6,1297.4,0,81,TRADING
MO2303-C-6200,C,6200.0,2023-03-17,2022-12-06 09:32:50.9,546.2,6,557.2,12,476.2,0,219,TRADING
MO2303-C-6400,C,6400.0,2023-03-17,2022-12-06 09:32:50.9,413.4,6,424.4,10,413.0,0,167,TRADING
MO2303-C-6600,C,6600.0,2023-03-17,2022-12-06 09:32:50.9,305.6,7,315.2,6,310.0,0,138,TRADING
MO2303-C-6800,C,6800.0,2023-03-17,2022-12-06 09:32:50.9,217.8,1,227.4,6,224.2,0,217,TRADING
MO2303-C-7000,C,7000.0,2023-03-17,2022-12-06 09:32:50.9,151.0,1,159.6,22,153.8,0,366,TRADING
MO2303-C-7200,C,7200.0,2023-03-17,2022-12-06 09:32:50.9,103.2,6,108.8,4,107.4,0,190,TRADING
MO2303-C-7400,C,7400.0,2023-03-17,2022-12-06 09:32:50.9,67.6,10,73.6,22,70.6,0,254,TRADING
MO2303-C-7600,C,7600.0,2023-03-17,2022-12-06 09:32:50.9,45.6,6,48.4,6,48.2,0,405,TRADING
MO2303-C-7800,C,7800.0,2023-03-17,2022-12-06 09:32:50.9,30.8,4,33.8,6,33.2,0,497,TRADING
MO2303-P-6200,P,6200.0,2023-03-17,2022-12-06 09:32:50.9,121.6,1,126.6,6,128.8,0,122,TRADING
MO2303-P-6400,P,6400.0,2023-03-17,2022-12-06 09:32:50.9,187.0,1,194.8,12,197.2,0,137,TRADING
MO2303-P-6600,P,6600.0,2023-03-17,2022-12-06 09:32:50.9,274.0,12,285.4,1,290.8,0,141,TRADING
MO2303-P-6800,P,6800.0,2023-03-17,2022-12-06 09:32:50.9,383.8,4,396.8,1,407.2,0,97,TRADING
MO2303-P-7000,P,7000.0,2023-03-17,2022-12-06 09:32:50.9,514.6,6,529.2,7,518.0,0,223,TRADING
MO2303-P-7200,P,7200.0,2023-03-17,2022-12-06 09:32:50.9,664.0,10,677.8,6,666.4,0,55,TRADING
MO2303-P-7400,P,7400.0,2023-03-17,2022-12-06 09:32:50.9,828.4,6,841.6,6,998.0,0,52,TRADING
MO2303-P-7600,P,7600.0,2023-03-17,2022-12-06 09:32:50.9,1001.8,6,1017.6,6,1053.0,0,31,TRADING
MO2303-P-7800,P,7800.0,2023-03-17,2022-12-06 09:32:50.9,1186.0,12,1199.6,6,1251.0,0,54,TRADING
MO2306-C-6200,C,6200.0,2023-06-16,2022-12-06 09:32:50.9,576.4,1,587.8,12,582.6,0,108,TRADING
MO2306-C-6400,C,6400.0,2023-06-16,2022-12-06 09:32:50.9,461.0,1,475.4,6,468.6,0,67,TRADING
MO2306-C-6600,C,6600.0,2023-06-16,2022-12-06 09:32:50.9,375.6,1,379.0,16,375.6,1,119,TRADING
MO2306-C-6800,C,6800.0,2023-06-16,2022-12-06 09:32:50.9,286.0,6,298.2,6,294.2,0,208,TRADING
MO2306-C-7200,C,7200.0,2023-06-16,2022-12-06 09:32:50.9,168.4,1,177.2,1,183.2,0,210,TRADING
MO2306-C-7400,C,7400.0,2023-06-16,2022-12-06 09:32:50.9,126.6,1,132.2,1,129.2,0,419,TRADING
MO2306-C-7600,C,7600.0,2023-06-16,2022-12-06 09:32:50.9,98.2,6,104.2,27,101.2,0,357,TRADING
MO2306-C-7800,C,7800.0,2023-06-16,2022-12-06 09:32:50.9,74.4,6,79.8,1,72.4,0,489,TRADING
MO2306-P-6200,P,6200.0,2023-06-16,2022-12-06 09:32:50.9,259.2,1,269.0,1,263.0,0,264,TRADING
MO2306-P-6400,P,6400.0,2023-06-16,2022-12-06 09:32:50.9,342.8,1,353.6,1,353.6,0,243,TRADING
MO2306-P-6600,P,6600.0,2023-06-16,2022-12-06 09:32:50.9,443.0,6,455.2,1,454.0,0,107,TRADING
MO2306-P-6800,P,6800.0,2023-06-16,2022-12-06 09:32:50.9,558.4,12,571.4,1,564.4,0,73,TRADING
MO2306-P-7000,P,7000.0,2023-06-16,2022-12-06 09:32:50.9,689.0,12,703.6,1,720.2,0,55,TRADING
MO2306-P-7200,P,7200.0,2023-06-16,2022-12-06 09:32:50.9,834.8,4,852.6,6,1000.0,0,44,TRADING
MO2306-P-7400,P,7400.0,2023-06-16,2022-12-06 09:32:50.9,990.8,18,1008.8,1,1011.6,0,34,TRADING
MO2306-P-7600,P,7600.0,2023-06-16,2022-12-06 09:32:50.9,1156.2,10,1174.8,6,1346.6,0,35,TRADING
MO2306-P-7800,P,7800.0,2023-06-16,2022-12-06 09:32:50.9,1331.0,6,1348.8,6,1394.4,0,53,TRADING
MO2212-P-8000,P,8000.0,2022-12-16,2022-12-06 09:32:51.4,1286.6,3,1295.8,6,1547.4,0,128,TRADING
MO2303-C-8000,C,8000.0,2023-03-17,2022-12-06 09:32:51.4,20.4,12,22.0,6,21.4,0,290,TRADING
MO2303-P-8000,P,8000.0,2023-03-17,2022-12-06 09:32:51.4,1374.4,12,1386.8,6,1536.0,0,90,TRADING
MO2306-P-8000,P,8000.0,2023-06-16,2022-12-06 09:32:51.4,1510.8,4,1527.8,1,1764.6,0,49,TRADING
MO2212-C-6500,C,6500.0,2022-12-16,2022-12-06 09:32:51.4,232.2,6,237.0,6,234.0,19,1038,TRADING
MO2212-C-6700,C,6700.0,2022-12-16,2022-12-06 09:32:51.4,100.2,9,101.0,2,98.2,161,2877,TRADING
MO2212-C-6900,C,6900.0,2022-12-16,2022-12-06 09:32:51.4,33.2,12,33.8,6,32.8,179,2873,TRADING
MO2212-C-7100,C,7100.0,2022-12-16,2022-12-06 09:32:51.4,9.8,30,10.2,31,10.0,111,1294,TRADING
MO2212-P-5900,P,5900.0,2022-12-16,2022-12-06 09:32:51.4,1.0,1,1.2,32,1.0,3,1023,TRADING
MO2212-P-6100,P,6100.0,2022-12-16,2022-12-06 09:32:51.4,1.4,66,1.8,23,1.4,2,1560,TRADING
MO2212-P-6300,P,6300.0,2022-12-16,2022-12-06 09:32:51.4,5.6,72,6.0,27,5.6,48,2206,TRADING
MO2212-P-6500,P,6500.0,2022-12-16,2022-12-06 09:32:51.4,24.8,10,25.0,1,25.0,142,1722,TRADING
MO2212-P-6700,P,6700.0,2022-12-16,2022-12-06 09:32:51.4,88.6,6,89.6,9,90.0,137,3586,TRADING
MO2212-P-6900,P,6900.0,2022-12-16,2022-12-06 09:32:51.4,220.6,4,222.4,6,228.8,1,196,TRADING
MO2212-P-7100,P,7100.0,2022-12-16,2022-12-06 09:32:51.4,397.0,3,404.0,16,415.6,0,61,TRADING
MO2309-C-5800,C,5800.0,2023-09-15,2022-12-06 09:32:51.4,857.2,6,874.0,12,871.8,0,129,TRADING
MO2309-C-6000,C,6000.0,2023-09-15,2022-12-06 09:32:51.4,734.2,1,745.6,6,740.8,0,132,TRADING
MO2309-C-6200,C,6200.0,2023-09-15,2022-12-06 09:32:51.4,614.4,1,628.0,8,609.0,0,149,TRADING
MO2309-C-6400,C,6400.0,2023-09-15,2022-12-06 09:32:51.4,510.6,1,523.6,8,549.0,0,157,TRADING
MO2309-C-6600,C,6600.0,2023-09-15,2022-12-06 09:32:51.4,422.4,1,431.8,2,427.0,0,170,TRADING
MO2309-C-6800,C,6800.0,2023-09-15,2022-12-06 09:32:51.4,342.2,1,353.2,2,346.0,0,139,TRADING
MO2309-P-5800,P,5800.0,2023-09-15,2022-12-06 09:32:51.4,229.8,1,237.4,1,226.0,0,79,TRADING
MO2309-P-6000,P,6000.0,2023-09-15,2022-12-06 09:32:51.4,294.8,3,306.4,6,312.6,0,48,TRADING
MO2309-P-6200,P,6200.0,2023-09-15,2022-12-06 09:32:51.4,373.4,8,384.8,1,375.0,0,123,TRADING
MO2309-P-6400,P,6400.0,2023-09-15,2022-12-06 09:32:51.4,465.0,1,478.4,1,480.8,0,82,TRADING
MO2309-P-6600,P,6600.0,2023-09-15,2022-12-06 09:32:51.4,569.0,2,581.8,1,578.4,0,46,TRADING
MO2309-P-6800,P,6800.0,2023-09-15,2022-12-06 09:32:51.4,686.2,8,700.0,1,675.8,0,36,TRADING
MO2309-P-7000,P,7000.0,2023-09-15,2022-12-06 09:32:51.4,815.4,6,828.8,1,818.6,0,47,TRADING
MO2212-C-5700,C,5700.0,2022-12-16,2022-12-06 09:32:51.4,1004.8,6,1013.0,6,1015.2,0,53,TRADING
MO2303-C-5600,C,5600.0,2023-03-17,2022-12-06 09:32:51.4,1045.0,6,1057.0,6,1052.0,0,66,TRADING
MO2306-C-5600,C,5600.0,2023-06-16,2022-12-06 09:32:51.4,1003.4,6,1020.6,10,999.6,0,32,TRADING
MO2309-C-5600,C,5600.0,2023-09-15,2022-12-06 09:32:51.4,1001.0,1,1019.4,6,934.4,0,116,TRADING
MO2212-C-5600,C,5600.0,2022-12-16,2022-12-06 09:32:51.4,1103.8,6,1112.6,6,1116.8,0,48,TRADING
MO2303-P-8200,P,8200.0,2023-03-17,2022-12-06 09:32:51.4,1564.0,6,1578.4,6,1571.8,0,103,TRADING
MO2306-P-8200,P,8200.0,2023-06-16,2022-12-06 09:32:51.4,1695.2,4,1713.2,6,1802.8,0,42,TRADING
MO2212-C-5800,C,5800.0,2022-12-16,2022-12-06 09:32:51.4,905.0,6,913.6,6,917.6,0,34,TRADING
MO2212-P-5800,P,5800.0,2022-12-16,2022-12-06 09:32:51.4,0.6,56,1.0,29,1.0,0,516,TRADING
MO2303-C-5800,C,5800.0,2023-03-17,2022-12-06 09:32:51.4,865.4,6,877.8,18,876.0,0,101,TRADING
MO2303-P-5800,P,5800.0,2023-03-17,2022-12-06 09:32:51.4,44.6,10,47.2,6,47.8,2,195,TRADING
MO2306-C-5800,C,5800.0,2023-06-16,2022-12-06 09:32:51.4,846.2,6,864.8,4,898.0,0,100,TRADING
MO2212-C-6000,C,6000.0,2022-12-16,2022-12-06 09:32:51.4,706.6,2,714.0,13,708.6,0,58,TRADING
MO2212-P-6000,P,6000.0,2022-12-16,2022-12-06 09:32:51.4,1.0,60,1.4,4,1.4,0,1401,TRADING
MO2303-C-6000,C,6000.0,2023-03-17,2022-12-06 09:32:51.4,697.6,6,710.8,6,703.0,0,120,TRADING
MO2303-P-6000,P,6000.0,2023-03-17,2022-12-06 09:32:51.4,75.0,1,79.2,6,77.2,0,181,TRADING
MO2306-C-6000,C,6000.0,2023-06-16,2022-12-06 09:32:51.4,702.8,1,719.2,10,708.0,0,123,TRADING
MO2306-P-6000,P,6000.0,2023-06-16,2022-12-06 09:32:51.4,192.2,1,201.0,7,194.6,0,112,TRADING
MO2212-C-5900,C,5900.0,2022-12-16,2022-12-06 09:32:51.4,806.0,2,813.2,6,796.2,0,45,TRADING
MO2212-C-6100,C,6100.0,2022-12-16,2022-12-06 09:32:51.4,607.6,2,614.2,6,594.0,0,107,TRADING
MO2212-C-6300,C,6300.0,2022-12-16,2022-12-06 09:32:51.4,414.4,6,418.4,4,401.0,0,204,TRADING
MO2212-C-5500,C,5500.0,2022-12-16,2022-12-06 09:32:51.4,1203.4,6,1212.0,6,1196.0,0,42,TRADING
MO2303-C-5400,C,5400.0,2023-03-17,2022-12-06 09:32:51.4,1232.6,6,1243.4,6,1236.0,0,37,TRADING
MO2303-P-5400,P,5400.0,2023-03-17,2022-12-06 09:32:51.4,15.4,1,15.8,6,15.4,0,138,TRADING
MO2306-C-5400,C,5400.0,2023-06-16,2022-12-06 09:32:51.4,1170.6,6,1186.6,4,1115.0,0,46,TRADING
MO2309-C-5400,C,5400.0,2023-09-15,2022-12-06 09:32:51.4,1152.2,6,1172.8,6,1161.0,0,92,TRADING
MO2212-C-7500,C,7500.0,2022-12-16,2022-12-06 09:32:51.4,1.2,56,1.6,37,1.2,0,211,TRADING
MO2212-P-7500,P,7500.0,2022-12-16,2022-12-06 09:32:51.4,787.6,4,795.2,6,913.0,0,13,TRADING
MO2301-C-7500,C,7500.0,2023-01-20,2022-12-06 09:32:51.4,13.6,6,14.6,10,13.6,4,275,TRADING
MO2301-P-7500,P,7500.0,2023-01-20,2022-12-06 09:32:51.4,818.2,6,827.6,6,837.2,0,13,TRADING
MO2309-C-7600,C,7600.0,2023-09-15,2022-12-06 09:32:51.4,137.8,1,143.0,1,139.2,1,195,TRADING
MO2309-P-7600,P,7600.0,2023-09-15,2022-12-06 09:32:51.4,1260.0,6,1282.2,1,1273.4,0,13,TRADING
MO2212-C-5300,C,5300.0,2022-12-16,2022-12-06 09:32:51.4,1402.6,12,1412.0,3,1367.0,0,39,TRADING
MO2212-C-5400,C,5400.0,2022-12-16,2022-12-06 09:32:51.4,1303.0,6,1311.8,3,1266.2,0,41,TRADING
MO2212-P-5400,P,5400.0,2022-12-16,2022-12-06 09:32:51.4,0.6,30,0.8,16,0.8,0,296,TRADING
MO2303-C-5200,C,5200.0,2023-03-17,2022-12-06 09:32:51.4,1424.6,6,1435.8,12,1452.4,0,32,TRADING
MO2306-C-5200,C,5200.0,2023-06-16,2022-12-06 09:32:51.4,1348.4,1,1366.0,12,1236.6,0,34,TRADING
MO2309-C-5200,C,5200.0,2023-09-15,2022-12-06 09:32:51.4,1312.4,6,1329.8,2,1330.2,0,99,TRADING
MO2301-C-5600,C,5600.0,2023-01-20,2022-12-06 09:32:51.4,1085.4,6,1095.4,9,903.0,0,38,TRADING
MO2301-C-7400,C,7400.0,2023-01-20,2022-12-06 09:32:51.4,19.2,6,20.4,6,18.8,1,232,TRADING
MO2301-C-5700,C,5700.0,2023-01-20,2022-12-06 09:32:51.4,987.8,6,997.8,6,968.2,0,8,TRADING
MO2301-C-5800,C,5800.0,2023-01-20,2022-12-06 09:32:51.4,890.8,6,900.0,6,918.0,0,23,TRADING
MO2301-C-5900,C,5900.0,2023-01-20,2022-12-06 09:32:51.4,795.4,6,805.2,12,805.4,0,29,TRADING
MO2301-C-6000,C,6000.0,2023-01-20,2022-12-06 09:32:51.4,700.2,6,710.6,6,718.8,0,36,TRADING
MO2301-C-6100,C,6100.0,2023-01-20,2022-12-06 09:32:51.4,610.0,6,619.2,6,626.8,0,21,TRADING
MO2301-C-6200,C,6200.0,2023-01-20,2022-12-06 09:32:51.4,521.2,16,531.2,12,520.0,0,47,TRADING
MO2301-C-6300,C,6300.0,2023-01-20,2022-12-06 09:32:51.4,441.2,6,446.8,6,439.0,0,94,TRADING
MO2301-C-6400,C,6400.0,2023-01-20,2022-12-06 09:32:51.4,365.0,1,369.0,6,366.8,1,82,TRADING
MO2301-C-6500,C,6500.0,2023-01-20,2022-12-06 09:32:51.4,297.6,6,299.4,6,297.6,2,192,TRADING
MO2301-C-6600,C,6600.0,2023-01-20,2022-12-06 09:32:51.4,236.6,6,238.6,6,237.0,3,254,TRADING
MO2301-C-6700,C,6700.0,2023-01-20,2022-12-06 09:32:51.4,183.0,6,186.6,18,180.0,5,446,TRADING
MO2301-C-6800,C,6800.0,2023-01-20,2022-12-06 09:32:51.4,140.4,6,142.0,6,140.6,0,277,TRADING
MO2301-C-6900,C,6900.0,2023-01-20,2022-12-06 09:32:51.4,103.8,6,106.2,6,106.6,0,193,TRADING
MO2301-C-7000,C,7000.0,2023-01-20,2022-12-06 09:32:51.4,76.6,6,78.0,6,78.0,0,274,TRADING
MO2301-C-7100,C,7100.0,2023-01-20,2022-12-06 09:32:51.4,54.4,13,56.4,6,56.4,0,345,TRADING
MO2301-P-5700,P,5700.0,2023-01-20,2022-12-06 09:32:51.4,7.0,12,7.6,16,7.6,1,146,TRADING
MO2301-P-5800,P,5800.0,2023-01-20,2022-12-06 09:32:51.4,9.8,6,10.4,34,11.6,6,282,TRADING
MO2301-P-5900,P,5900.0,2023-01-20,2022-12-06 09:32:51.4,13.2,6,14.4,16,14.6,0,248,TRADING
MO2301-P-6000,P,6000.0,2023-01-20,2022-12-06 09:32:51.4,19.2,25,20.6,22,20.8,23,514,TRADING
MO2301-P-6100,P,6100.0,2023-01-20,2022-12-06 09:32:51.4,27.8,6,29.2,10,29.2,0,590,TRADING
MO2301-P-6200,P,6200.0,2023-01-20,2022-12-06 09:32:51.4,38.4,21,40.8,16,39.4,3,433,TRADING
MO2301-P-6300,P,6300.0,2023-01-20,2022-12-06 09:32:51.4,55.4,6,57.6,6,57.6,0,398,TRADING
MO2301-P-6400,P,6400.0,2023-01-20,2022-12-06 09:32:51.4,76.8,9,79.2,6,76.0,5,839,TRADING
MO2301-P-6500,P,6500.0,2023-01-20,2022-12-06 09:32:51.4,107.8,12,110.6,6,110.0,0,540,TRADING
MO2301-P-6600,P,6600.0,2023-01-20,2022-12-06 09:32:51.4,146.6,12,149.2,6,147.8,0,311,TRADING
MO2301-P-6700,P,6700.0,2023-01-20,2022-12-06 09:32:51.4,192.6,6,196.4,6,196.8,0,150,TRADING
MO2301-P-6800,P,6800.0,2023-01-20,2022-12-06 09:32:51.4,249.2,6,253.0,6,254.2,4,91,TRADING
MO2301-P-6900,P,6900.0,2023-01-20,2022-12-06 09:32:51.4,312.4,6,320.4,6,319.8,0,48,TRADING
MO2301-P-7000,P,7000.0,2023-01-20,2022-12-06 09:32:51.4,382.8,6,393.0,6,389.6,0,39,TRADING
MO2301-P-7100,P,7100.0,2023-01-20,2022-12-06 09:32:51.4,461.4,6,471.2,6,478.2,0,15,TRADING
MO2301-C-7200,C,7200.0,2023-01-20,2022-12-06 09:32:51.4,39.4,6,41.0,6,41.6,1,255,TRADING
MO2301-P-7200,P,7200.0,2023-01-20,2022-12-06 09:32:51.4,543.6,6,554.8,6,562.2,0,44,TRADING
MO2212-C-7300,C,7300.0,2022-12-16,2022-12-06 09:32:51.4,3.2,6,3.4,35,3.2,3,783,TRADING
MO2212-P-7300,P,7300.0,2022-12-16,2022-12-06 09:32:51.4,589.4,4,597.0,6,586.4,0,24,TRADING
MO2301-C-7300,C,7300.0,2023-01-20,2022-12-06 09:32:51.4,27.2,6,28.8,6,28.0,0,140,TRADING
MO2301-P-7300,P,7300.0,2023-01-20,2022-12-06 09:32:51.4,632.0,6,642.6,6,642.2,0,10,TRADING
MO2309-P-7400,P,7400.0,2023-09-15,2022-12-06 09:32:51.4,1101.4,8,1125.6,7,1132.4,0,44,TRADING
MO2301-P-7400,P,7400.0,2023-01-20,2022-12-06 09:32:51.4,724.2,6,734.4,2,742.2,0,29,TRADING
MO2302-C-5900,C,5900.0,2023-02-17,2022-12-06 09:32:51.4,791.2,6,803.4,10,776.6,0,4,TRADING
MO2302-C-6000,C,6000.0,2023-02-17,2022-12-06 09:32:51.4,702.4,6,715.4,6,475.4,0,9,TRADING
MO2302-C-6100,C,6100.0,2023-02-17,2022-12-06 09:32:51.4,618.2,6,631.2,6,500.0,0,2,TRADING
MO2302-C-6200,C,6200.0,2023-02-17,2022-12-06 09:32:51.4,539.0,6,551.2,12,479.6,0,4,TRADING
MO2302-C-6300,C,6300.0,2023-02-17,2022-12-06 09:32:51.4,462.8,12,476.4,6,471.0,0,7,TRADING
MO2302-C-6400,C,6400.0,2023-02-17,2022-12-06 09:32:51.4,393.4,6,404.4,1,327.8,0,30,TRADING
MO2302-C-6500,C,6500.0,2023-02-17,2022-12-06 09:32:51.4,332.2,1,342.4,1,334.4,0,116,TRADING
MO2302-C-6600,C,6600.0,2023-02-17,2022-12-06 09:32:51.4,275.2,6,285.2,1,268.2,0,102,TRADING
MO2302-C-6700,C,6700.0,2023-02-17,2022-12-06 09:32:51.4,225.6,7,235.0,17,219.2,0,118,TRADING
MO2302-C-6800,C,6800.0,2023-02-17,2022-12-06 09:32:51.4,181.8,6,190.6,6,177.0,0,40,TRADING
MO2302-C-6900,C,6900.0,2023-02-17,2022-12-06 09:32:51.4,144.0,1,153.6,13,151.2,0,12,TRADING
MO2302-C-7000,C,7000.0,2023-02-17,2022-12-06 09:32:51.4,114.0,1,121.6,6,115.0,0,140,TRADING
MO2302-C-7100,C,7100.0,2023-02-17,2022-12-06 09:32:51.4,87.8,12,93.8,6,93.0,0,76,TRADING
MO2302-C-7200,C,7200.0,2023-02-17,2022-12-06 09:32:51.4,66.8,6,72.6,6,68.6,0,26,TRADING
MO2302-C-7300,C,7300.0,2023-02-17,2022-12-06 09:32:51.4,51.0,6,54.4,6,52.2,0,37,TRADING
MO2302-C-7400,C,7400.0,2023-02-17,2022-12-06 09:32:51.4,38.0,24,41.2,6,40.2,0,59,TRADING
MO2302-P-5900,P,5900.0,2023-02-17,2022-12-06 09:32:51.4,29.2,12,32.4,18,31.6,0,56,TRADING
MO2302-P-6000,P,6000.0,2023-02-17,2022-12-06 09:32:51.4,40.6,6,43.8,18,41.4,0,84,TRADING
MO2302-P-6100,P,6100.0,2023-02-17,2022-12-06 09:32:51.4,55.2,6,60.0,7,57.2,0,48,TRADING
MO2302-P-6200,P,6200.0,2023-02-17,2022-12-06 09:32:51.4,75.8,7,80.2,6,77.4,0,98,TRADING
MO2302-P-6300,P,6300.0,2023-02-17,2022-12-06 09:32:51.4,98.8,6,104.0,1,99.6,0,68,TRADING
MO2302-P-6400,P,6400.0,2023-02-17,2022-12-06 09:32:51.4,127.2,6,134.0,1,132.6,0,102,TRADING
MO2302-P-6500,P,6500.0,2023-02-17,2022-12-06 09:32:51.4,163.8,16,172.8,7,175.4,0,119,TRADING
MO2302-P-6600,P,6600.0,2023-02-17,2022-12-06 09:32:51.4,207.4,22,215.6,6,218.2,0,52,TRADING
MO2302-P-6700,P,6700.0,2023-02-17,2022-12-06 09:32:51.4,256.0,12,265.6,7,263.8,0,47,TRADING
MO2302-P-6800,P,6800.0,2023-02-17,2022-12-06 09:32:51.4,311.0,22,319.2,1,314.0,0,8,TRADING
MO2302-P-6900,P,6900.0,2023-02-17,2022-12-06 09:32:51.4,371.2,17,383.2,6,386.4,0,2,TRADING
MO2302-P-7000,P,7000.0,2023-02-17,2022-12-06 09:32:51.4,440.0,12,452.2,6,500.0,0,14,TRADING
MO2302-P-7100,P,7100.0,2023-02-17,2022-12-06 09:32:51.4,512.2,12,526.4,6,535.8,0,4,TRADING
MO2302-P-7200,P,7200.0,2023-02-17,2022-12-06 09:32:51.4,590.6,10,604.0,6,730.2,0,15,TRADING
MO2302-P-7300,P,7300.0,2023-02-17,2022-12-06 09:32:51.4,673.4,4,687.0,6,1000.0,0,2,TRADING
MO2302-P-7400,P,7400.0,2023-02-17,2022-12-06 09:32:51.4,759.8,12,772.6,6,941.6,0,2,TRADING
MO2302-C-5800,C,5800.0,2023-02-17,2022-12-06 09:32:51.4,882.0,6,894.2,6,867.4,0,2,TRADING
MO2302-P-5800,P,5800.0,2023-02-17,2022-12-06 09:32:51.4,20.8,19,23.6,12,20.8,2,16,TRADING
MO2212-C-8200,C,8200.0,2022-12-16,2022-12-06 09:32:51.4,0.6,10,0.8,50,0.6,0,321,TRADING
MO2212-P-8200,P,8200.0,2022-12-16,2022-12-06 09:32:51.4,1486.4,4,1495.4,6,1518.8,0,55,TRADING
MO2212-C-6200,C,6200.0,2022-12-16,2022-12-06 09:32:51.4,508.4,6,515.4,9,491.0,0,219,TRADING
MO2212-C-6400,C,6400.0,2022-12-16,2022-12-06 09:32:51.4,321.2,6,324.4,6,312.6,1,521,TRADING
MO2212-C-6600,C,6600.0,2022-12-16,2022-12-06 09:32:51.4,160.2,1,160.6,1,160.0,72,1243,TRADING
MO2212-C-6800,C,6800.0,2022-12-16,2022-12-06 09:32:51.4,59.6,9,60.0,2,59.8,291,3652,TRADING
MO2212-C-7000,C,7000.0,2022-12-16,2022-12-06 09:32:51.4,18.4,21,18.8,26,18.4,97,2756,TRADING
MO2212-C-7200,C,7200.0,2022-12-16,2022-12-06 09:32:51.4,5.6,13,5.8,18,5.4,22,1881,TRADING
MO2212-C-7400,C,7400.0,2022-12-16,2022-12-06 09:32:51.4,2.0,10,2.2,11,1.8,0,905,TRADING
MO2212-C-7600,C,7600.0,2022-12-16,2022-12-06 09:32:51.4,1.0,23,1.2,10,1.2,0,589,TRADING
MO2212-C-7800,C,7800.0,2022-12-16,2022-12-06 09:32:51.4,0.8,10,1.0,30,0.8,0,227,TRADING
MO2212-P-6200,P,6200.0,2022-12-16,2022-12-06 09:32:51.4,2.6,63,2.8,6,3.0,21,2036,TRADING
MO2212-P-6400,P,6400.0,2022-12-16,2022-12-06 09:32:51.4,12.2,6,12.4,19,12.6,63,2551,TRADING
MO2212-P-6600,P,6600.0,2022-12-16,2022-12-06 09:32:51.4,49.0,10,49.6,9,49.6,154,2262,TRADING
MO2212-P-6800,P,6800.0,2022-12-16,2022-12-06 09:32:51.4,147.2,4,148.2,9,150.2,1,511,TRADING
MO2212-P-7000,P,7000.0,2022-12-16,2022-12-06 09:32:51.4,305.8,3,308.0,6,314.0,0,127,TRADING
MO2212-P-7200,P,7200.0,2022-12-16,2022-12-06 09:32:51.4,492.8,6,499.8,10,493.8,0,111,TRADING
MO2212-P-7400,P,7400.0,2022-12-16,2022-12-06 09:32:51.4,688.2,10,695.8,6,691.6,0,60,TRADING
MO2212-P-7600,P,7600.0,2022-12-16,2022-12-06 09:32:51.4,887.8,6,894.6,2,919.0,0,44,TRADING
MO2212-P-7800,P,7800.0,2022-12-16,2022-12-06 09:32:51.4,1087.4,6,1095.4,6,1297.4,0,81,TRADING
MO2303-C-6200,C,6200.0,2023-03-17,2022-12-06 09:32:51.4,546.2,6,557.2,6,476.2,0,219,TRADING
MO2303-C-6400,C,6400.0,2023-03-17,2022-12-06 09:32:51.4,413.4,6,424.6,6,413.0,0,167,TRADING
MO2303-C-6600,C,6600.0,2023-03-17,2022-12-06 09:32:51.4,310.6,1,315.2,6,310.0,0,138,TRADING
MO2303-C-6800,C,6800.0,2023-03-17,2022-12-06 09:32:51.4,217.8,1,227.6,46,224.2,0,217,TRADING
MO2303-C-7000,C,7000.0,2023-03-17,2022-12-06 09:32:51.4,151.0,1,159.6,10,153.8,0,366,TRADING
MO2303-C-7200,C,7200.0,2023-03-17,2022-12-06 09:32:51.4,103.2,6,108.8,4,107.4,0,190,TRADING
MO2303-C-7400,C,7400.0,2023-03-17,2022-12-06 09:32:51.4,68.0,6,73.6,16,70.6,0,254,TRADING
MO2303-C-7600,C,7600.0,2023-03-17,2022-12-06 09:32:51.4,45.6,6,48.6,4,48.2,0,405,TRADING
MO2303-P-6200,P,6200.0,2023-03-17,2022-12-06 09:32:51.4,119.6,10,126.6,6,128.8,0,122,TRADING
MO2303-P-6400,P,6400.0,2023-03-17,2022-12-06 09:32:51.4,185.0,28,194.8,12,197.2,0,137,TRADING
MO2303-P-6600,P,6600.0,2023-03-17,2022-12-06 09:32:51.4,273.8,10,285.4,1,290.8,0,141,TRADING
MO2303-P-6800,P,6800.0,2023-03-17,2022-12-06 09:32:51.4,383.8,4,396.8,1,407.2,0,97,TRADING
MO2303-P-7000,P,7000.0,2023-03-17,2022-12-06 09:32:51.4,513.6,22,527.8,6,518.0,0,223,TRADING
MO2303-P-7200,P,7200.0,2023-03-17,2022-12-06 09:32:51.4,664.0,4,677.8,9,666.4,0,55,TRADING
MO2303-P-7400,P,7400.0,2023-03-17,2022-12-06 09:32:51.4,828.2,6,841.2,2,998.0,0,52,TRADING
MO2303-P-7600,P,7600.0,2023-03-17,2022-12-06 09:32:51.4,1001.8,6,1017.6,6,1053.0,0,31,TRADING
MO2303-P-7800,P,7800.0,2023-03-17,2022-12-06 09:32:51.4,1186.0,6,1199.6,6,1251.0,0,54,TRADING
MO2306-C-6200,C,6200.0,2023-06-16,2022-12-06 09:32:51.4,576.4,1,588.2,12,582.6,0,108,TRADING
MO2306-C-6400,C,6400.0,2023-06-16,2022-12-06 09:32:51.4,461.0,1,476.0,22,468.6,0,67,TRADING
MO2306-C-6600,C,6600.0,2023-06-16,2022-12-06 09:32:51.4,375.6,1,379.0,16,375.6,1,119,TRADING
MO2306-C-6800,C,6800.0,2023-06-16,2022-12-06 09:32:51.4,286.0,6,298.4,1,294.2,0,208,TRADING
MO2306-C-7400,C,7400.0,2023-06-16,2022-12-06 09:32:51.4,126.6,1,132.2,1,129.2,0,419,TRADING
MO2306-C-7600,C,7600.0,2023-06-16,2022-12-06 09:32:51.4,98.8,6,104.2,21,101.2,0,357,TRADING
MO2306-C-7800,C,7800.0,2023-06-16,2022-12-06 09:32:51.4,74.4,6,79.8,1,72.4,0,489,TRADING
MO2306-P-6400,P,6400.0,2023-06-16,2022-12-06 09:32:51.4,342.8,1,353.6,1,353.6,0,243,TRADING
MO2306-P-6600,P,6600.0,2023-06-16,2022-12-06 09:32:51.4,442.0,30,455.2,1,454.0,0,107,TRADING
MO2306-P-6800,P,6800.0,2023-06-16,2022-12-06 09:32:51.4,558.4,6,571.4,1,564.4,0,73,TRADING
MO2306-P-7000,P,7000.0,2023-06-16,2022-12-06 09:32:51.4,688.4,12,703.6,1,720.2,0,55,TRADING
MO2306-P-7400,P,7400.0,2023-06-16,2022-12-06 09:32:51.4,990.8,12,1008.8,1,1011.6,0,34,TRADING
MO2306-P-7600,P,7600.0,2023-06-16,2022-12-06 09:32:51.4,1156.2,10,1174.8,7,1346.6,0,35,TRADING
MO2306-P-7800,P,7800.0,2023-06-16,2022-12-06 09:32:51.4,1330.0,10,1348.8,6,1394.4,0,53,TRADING
MO2212-P-8000,P,8000.0,2022-12-16,2022-12-06 09:32:51.9,1286.2,4,1295.8,6,1547.4,0,128,TRADING
MO2303-P-8000,P,8000.0,2023-03-17,2022-12-06 09:32:51.9,1372.6,6,1386.8,6,1536.0,0,90,TRADING
MO2306-P-8000,P,8000.0,2023-06-16,2022-12-06 09:32:51.9,1510.8,4,1527.8,1,1764.6,0,49,TRADING
MO2212-C-6500,C,6500.0,2022-12-16,2022-12-06 09:32:51.9,233.0,6,237.2,4,234.0,19,1038,TRADING
MO2212-C-6700,C,6700.0,2022-12-16,2022-12-06 09:32:51.9,100.0,6,101.2,1,101.2,166,2877,TRADING
MO2212-C-6900,C,6900.0,2022-12-16,2022-12-06 09:32:51.9,33.4,5,34.0,7,32.8,179,2873,TRADING
MO2212-C-7100,C,7100.0,2022-12-16,2022-12-06 09:32:51.9,10.0,11,10.2,13,10.0,111,1294,TRADING
MO2212-P-6100,P,6100.0,2022-12-16,2022-12-06 09:32:51.9,1.4,60,1.8,23,1.4,2,1560,TRADING
MO2212-P-6300,P,6300.0,2022-12-16,2022-12-06 09:32:51.9,5.6,50,5.8,6,5.6,48,2206,TRADING
MO2212-P-6500,P,6500.0,2022-12-16,2022-12-06 09:32:51.9,24.6,7,25.0,11,24.8,146,1726,TRADING
MO2212-P-6700,P,6700.0,2022-12-16,2022-12-06 09:32:51.9,88.2,6,90.0,6,90.0,137,3586,TRADING
MO2212-P-6900,P,6900.0,2022-12-16,2022-12-06 09:32:51.9,220.2,4,224.2,6,228.8,1,196,TRADING
MO2212-P-7100,P,7100.0,2022-12-16,2022-12-06 09:32:51.9,396.4,4,402.8,6,415.6,0,61,TRADING
MO2309-C-5800,C,5800.0,2023-09-15,2022-12-06 09:32:51.9,857.2,6,874.0,6,871.8,0,129,TRADING
MO2309-C-6000,C,6000.0,2023-09-15,2022-12-06 09:32:51.9,734.2,1,745.6,8,740.8,0,132,TRADING
MO2309-C-6200,C,6200.0,2023-09-15,2022-12-06 09:32:51.9,614.4,1,628.0,8,609.0,0,149,TRADING
MO2309-C-6400,C,6400.0,2023-09-15,2022-12-06 09:32:51.9,510.6,1,523.6,2,549.0,0,157,TRADING
MO2309-C-6600,C,6600.0,2023-09-15,2022-12-06 09:32:51.9,422.4,1,432.8,2,427.0,0,170,TRADING
MO2309-C-6800,C,6800.0,2023-09-15,2022-12-06 09:32:51.9,342.2,1,353.2,2,346.0,0,139,TRADING
MO2309-C-7000,C,7000.0,2023-09-15,2022-12-06 09:32:51.9,273.6,1,284.2,1,279.0,0,200,TRADING
MO2309-P-6000,P,6000.0,2023-09-15,2022-12-06 09:32:51.9,294.8,1,306.4,6,312.6,0,48,TRADING
MO2309-P-6600,P,6600.0,2023-09-15,2022-12-06 09:32:51.9,569.0,2,581.8,1,578.4,0,46,TRADING
MO2309-P-6800,P,6800.0,2023-09-15,2022-12-06 09:32:51.9,686.2,8,700.0,1,675.8,0,36,TRADING
MO2309-P-7000,P,7000.0,2023-09-15,2022-12-06 09:32:51.9,815.4,6,828.8,1,818.6,0,47,TRADING
MO2212-C-5700,C,5700.0,2022-12-16,2022-12-06 09:32:51.9,1005.0,6,1013.2,3,1015.2,0,53,TRADING
MO2303-C-5600,C,5600.0,2023-03-17,2022-12-06 09:32:51.9,1045.0,6,1057.4,18,1052.0,0,66,TRADING
MO2306-C-5600,C,5600.0,2023-06-16,2022-12-06 09:32:51.9,1003.6,6,1020.6,4,999.6,0,32,TRADING
MO2306-P-5600,P,5600.0,2023-06-16,2022-12-06 09:32:51.9,101.4,1,106.0,6,103.0,0,75,TRADING
MO2309-C-5600,C,5600.0,2023-09-15,2022-12-06 09:32:51.9,1001.0,1,1019.4,8,934.4,0,116,TRADING
MO2212-C-5600,C,5600.0,2022-12-16,2022-12-06 09:32:51.9,1104.0,6,1113.4,4,1116.8,0,48,TRADING
MO2303-C-8200,C,8200.0,2023-03-17,2022-12-06 09:32:51.9,14.4,10,15.6,10,15.0,0,580,TRADING
MO2303-P-8200,P,8200.0,2023-03-17,2022-12-06 09:32:51.9,1563.8,18,1578.4,12,1571.8,0,103,TRADING
MO2306-C-8200,C,8200.0,2023-06-16,2022-12-06 09:32:51.9,46.6,4,49.8,24,48.2,0,561,TRADING
MO2306-P-8200,P,8200.0,2023-06-16,2022-12-06 09:32:51.9,1695.2,4,1712.8,1,1802.8,0,42,TRADING
MO2212-C-5800,C,5800.0,2022-12-16,2022-12-06 09:32:51.9,905.2,6,913.8,6,917.6,0,34,TRADING
MO2212-P-5800,P,5800.0,2022-12-16,2022-12-06 09:32:51.9,0.8,1,1.0,29,1.0,0,516,TRADING
MO2303-C-5800,C,5800.0,2023-03-17,2022-12-06 09:32:51.9,865.4,6,877.8,6,876.0,0,101,TRADING
MO2303-P-5800,P,5800.0,2023-03-17,2022-12-06 09:32:51.9,44.6,10,47.2,6,47.8,2,195,TRADING
MO2306-C-5800,C,5800.0,2023-06-16,2022-12-06 09:32:51.9,846.4,6,866.0,12,898.0,0,100,TRADING
MO2212-C-8000,C,8000.0,2022-12-16,2022-12-06 09:32:51.9,0.8,12,1.0,49,0.8,0,940,TRADING
MO2306-P-5800,P,5800.0,2023-06-16,2022-12-06 09:32:51.9,140.6,1,146.4,1,143.0,0,66,TRADING
MO2212-C-6000,C,6000.0,2022-12-16,2022-12-06 09:32:51.9,707.0,6,714.0,4,708.6,0,58,TRADING
MO2212-P-6000,P,6000.0,2022-12-16,2022-12-06 09:32:51.9,1.0,64,1.4,10,1.4,0,1401,TRADING
MO2303-C-6000,C,6000.0,2023-03-17,2022-12-06 09:32:51.9,697.6,6,711.6,18,703.0,0,120,TRADING
MO2306-C-6000,C,6000.0,2023-06-16,2022-12-06 09:32:51.9,702.8,1,719.2,4,708.0,0,123,TRADING
MO2306-P-6000,P,6000.0,2023-06-16,2022-12-06 09:32:51.9,192.2,1,201.0,7,194.6,0,112,TRADING
MO2212-C-5900,C,5900.0,2022-12-16,2022-12-06 09:32:51.9,806.4,6,813.6,7,796.2,0,45,TRADING
MO2212-C-6100,C,6100.0,2022-12-16,2022-12-06 09:32:51.9,608.0,6,614.6,4,594.0,0,107,TRADING
MO2212-C-6300,C,6300.0,2022-12-16,2022-12-06 09:32:51.9,414.4,6,418.8,10,401.0,0,204,TRADING
MO2212-C-5500,C,5500.0,2022-12-16,2022-12-06 09:32:51.9,1203.4,6,1213.0,7,1196.0,0,42,TRADING
MO2303-C-5400,C,5400.0,2023-03-17,2022-12-06 09:32:51.9,1232.6,6,1244.0,12,1236.0,0,37,TRADING
MO2303-P-5400,P,5400.0,2023-03-17,2022-12-06 09:32:51.9,15.4,1,16.0,12,15.4,0,138,TRADING
MO2306-C-5400,C,5400.0,2023-06-16,2022-12-06 09:32:51.9,1170.6,6,1188.4,18,1115.0,0,46,TRADING
MO2309-C-5400,C,5400.0,2023-09-15,2022-12-06 09:32:51.9,1152.2,6,1172.8,8,1161.0,0,92,TRADING
MO2309-P-5400,P,5400.0,2023-09-15,2022-12-06 09:32:51.9,133.6,1,140.2,12,139.6,0,61,TRADING
MO2212-C-7500,C,7500.0,2022-12-16,2022-12-06 09:32:51.9,1.2,56,1.6,41,1.2,0,211,TRADING
MO2212-P-7500,P,7500.0,2022-12-16,2022-12-06 09:32:51.9,787.6,4,795.0,6,913.0,0,13,TRADING
MO2301-C-7500,C,7500.0,2023-01-20,2022-12-06 09:32:51.9,13.6,6,14.6,10,13.6,4,275,TRADING
MO2301-P-7500,P,7500.0,2023-01-20,2022-12-06 09:32:51.9,816.2,12,827.6,6,837.2,0,13,TRADING
MO2212-C-5300,C,5300.0,2022-12-16,2022-12-06 09:32:51.9,1402.8,6,1412.8,4,1367.0,0,39,TRADING
MO2212-C-5400,C,5400.0,2022-12-16,2022-12-06 09:32:51.9,1304.6,6,1313.0,4,1266.2,0,41,TRADING
MO2212-P-5400,P,5400.0,2022-12-16,2022-12-06 09:32:51.9,0.6,31,0.8,16,0.8,0,296,TRADING
MO2303-C-5200,C,5200.0,2023-03-17,2022-12-06 09:32:51.9,1424.6,12,1436.6,6,1452.4,0,32,TRADING
MO2306-C-5200,C,5200.0,2023-06-16,2022-12-06 09:32:51.9,1348.4,1,1366.0,6,1236.6,0,34,TRADING
MO2306-P-5200,P,5200.0,2023-06-16,2022-12-06 09:32:51.9,50.2,1,53.4,18,52.2,0,173,TRADING
MO2309-C-5200,C,5200.0,2023-09-15,2022-12-06 09:32:51.9,1312.4,6,1332.8,13,1330.2,0,99,TRADING
MO2301-C-5600,C,5600.0,2023-01-20,2022-12-06 09:32:51.9,1085.4,7,1095.6,6,903.0,0,38,TRADING
MO2301-C-7400,C,7400.0,2023-01-20,2022-12-06 09:32:51.9,19.2,12,20.4,6,18.8,1,232,TRADING
MO2301-C-5700,C,5700.0,2023-01-20,2022-12-06 09:32:51.9,987.8,6,998.4,6,968.2,0,8,TRADING
MO2301-C-5800,C,5800.0,2023-01-20,2022-12-06 09:32:51.9,890.8,7,901.6,12,918.0,0,23,TRADING
MO2301-C-5900,C,5900.0,2023-01-20,2022-12-06 09:32:51.9,795.6,6,805.6,6,805.4,0,29,TRADING
MO2301-C-6000,C,6000.0,2023-01-20,2022-12-06 09:32:51.9,702.0,6,711.2,12,718.8,0,36,TRADING
MO2301-C-6100,C,6100.0,2023-01-20,2022-12-06 09:32:51.9,610.0,7,619.6,6,626.8,0,21,TRADING
MO2301-C-6200,C,6200.0,2023-01-20,2022-12-06 09:32:51.9,522.8,6,531.2,6,520.0,0,47,TRADING
MO2301-C-6300,C,6300.0,2023-01-20,2022-12-06 09:32:51.9,441.2,6,447.2,6,439.0,0,94,TRADING
MO2301-C-6400,C,6400.0,2023-01-20,2022-12-06 09:32:51.9,366.2,1,369.6,6,366.8,1,82,TRADING
MO2301-C-6500,C,6500.0,2023-01-20,2022-12-06 09:32:51.9,297.6,6,300.0,6,297.6,2,192,TRADING
MO2301-C-6600,C,6600.0,2023-01-20,2022-12-06 09:32:51.9,236.6,6,239.0,12,237.0,3,254,TRADING
MO2301-C-6700,C,6700.0,2023-01-20,2022-12-06 09:32:51.9,183.0,13,186.6,6,180.0,5,446,TRADING
MO2301-C-6800,C,6800.0,2023-01-20,2022-12-06 09:32:51.9,140.4,6,142.6,12,140.6,0,277,TRADING
MO2301-C-6900,C,6900.0,2023-01-20,2022-12-06 09:32:51.9,103.8,12,106.8,15,106.6,0,193,TRADING
MO2301-C-7000,C,7000.0,2023-01-20,2022-12-06 09:32:51.9,76.6,6,78.4,12,78.0,0,274,TRADING
MO2301-C-7100,C,7100.0,2023-01-20,2022-12-06 09:32:51.9,54.4,19,56.4,6,56.4,0,345,TRADING
MO2301-P-5800,P,5800.0,2023-01-20,2022-12-06 09:32:51.9,9.6,40,10.4,40,11.6,6,282,TRADING
MO2301-P-5900,P,5900.0,2023-01-20,2022-12-06 09:32:51.9,13.2,6,14.4,22,14.6,0,248,TRADING
MO2301-P-6000,P,6000.0,2023-01-20,2022-12-06 09:32:51.9,19.2,12,20.4,6,20.8,23,514,TRADING
MO2301-P-6100,P,6100.0,2023-01-20,2022-12-06 09:32:51.9,27.8,6,29.0,6,29.2,0,590,TRADING
MO2301-P-6200,P,6200.0,2023-01-20,2022-12-06 09:32:51.9,38.4,12,40.8,22,39.4,3,433,TRADING
MO2301-P-6300,P,6300.0,2023-01-20,2022-12-06 09:32:51.9,55.2,15,57.6,6,57.6,0,398,TRADING
MO2301-P-6400,P,6400.0,2023-01-20,2022-12-06 09:32:51.9,76.8,6,79.2,6,76.0,5,839,TRADING
MO2301-P-6500,P,6500.0,2023-01-20,2022-12-06 09:32:51.9,107.4,6,110.6,6,110.0,0,540,TRADING
MO2301-P-6600,P,6600.0,2023-01-20,2022-12-06 09:32:51.9,146.2,6,149.2,6,147.8,0,311,TRADING
MO2301-P-6700,P,6700.0,2023-01-20,2022-12-06 09:32:51.9,192.2,6,196.4,6,196.8,0,150,TRADING
MO2301-P-6800,P,6800.0,2023-01-20,2022-12-06 09:32:51.9,248.6,21,253.0,12,254.2,4,91,TRADING
MO2301-P-6900,P,6900.0,2023-01-20,2022-12-06 09:32:51.9,311.6,6,320.4,12,319.8,0,48,TRADING
MO2301-P-7000,P,7000.0,2023-01-20,2022-12-06 09:32:51.9,382.6,3,393.0,12,389.6,0,39,TRADING
MO2301-P-7100,P,7100.0,2023-01-20,2022-12-06 09:32:51.9,460.8,6,471.2,12,478.2,0,15,TRADING
MO2301-C-7200,C,7200.0,2023-01-20,2022-12-06 09:32:51.9,39.4,6,41.0,6,41.6,1,255,TRADING
MO2301-P-7200,P,7200.0,2023-01-20,2022-12-06 09:32:51.9,543.0,4,554.8,13,562.2,0,44,TRADING
MO2212-C-7300,C,7300.0,2022-12-16,2022-12-06 09:32:51.9,3.2,10,3.4,25,3.2,3,783,TRADING
MO2212-P-7300,P,7300.0,2022-12-16,2022-12-06 09:32:51.9,589.4,4,596.4,6,586.4,0,24,TRADING
MO2301-C-7300,C,7300.0,2023-01-20,2022-12-06 09:32:51.9,27.2,6,29.2,6,28.0,0,140,TRADING
MO2301-P-7300,P,7300.0,2023-01-20,2022-12-06 09:32:51.9,631.6,12,642.6,6,642.2,0,10,TRADING
MO2309-P-7400,P,7400.0,2023-09-15,2022-12-06 09:32:51.9,1101.4,8,1119.0,1,1132.4,0,44,TRADING
MO2301-P-7400,P,7400.0,2023-01-20,2022-12-06 09:32:51.9,722.6,6,733.2,6,742.2,0,29,TRADING
MO2302-C-5900,C,5900.0,2023-02-17,2022-12-06 09:32:51.9,791.2,6,803.4,4,776.6,0,4,TRADING
MO2302-C-6000,C,6000.0,2023-02-17,2022-12-06 09:32:51.9,702.4,6,717.2,16,475.4,0,9,TRADING
MO2302-C-6100,C,6100.0,2023-02-17,2022-12-06 09:32:51.9,618.2,6,632.6,16,500.0,0,2,TRADING
MO2302-C-6200,C,6200.0,2023-02-17,2022-12-06 09:32:51.9,539.2,6,553.2,10,479.6,0,4,TRADING
MO2302-C-6300,C,6300.0,2023-02-17,2022-12-06 09:32:51.9,463.0,6,476.6,16,471.0,0,7,TRADING
MO2302-C-6400,C,6400.0,2023-02-17,2022-12-06 09:32:51.9,393.4,6,405.2,4,327.8,0,30,TRADING
MO2302-C-6500,C,6500.0,2023-02-17,2022-12-06 09:32:51.9,332.4,6,342.6,16,334.4,0,116,TRADING
MO2302-C-6600,C,6600.0,2023-02-17,2022-12-06 09:32:51.9,275.2,6,285.4,4,268.2,0,102,TRADING
MO2302-C-6700,C,6700.0,2023-02-17,2022-12-06 09:32:51.9,225.8,6,235.0,11,219.2,0,118,TRADING
MO2302-C-6800,C,6800.0,2023-02-17,2022-12-06 09:32:51.9,181.8,6,190.8,4,177.0,0,40,TRADING
MO2302-C-6900,C,6900.0,2023-02-17,2022-12-06 09:32:51.9,144.0,1,153.6,13,151.2,0,12,TRADING
MO2302-C-7000,C,7000.0,2023-02-17,2022-12-06 09:32:51.9,114.0,1,121.6,6,115.0,0,140,TRADING
MO2302-C-7300,C,7300.0,2023-02-17,2022-12-06 09:32:51.9,51.6,6,54.4,6,52.2,0,37,TRADING
MO2302-C-7400,C,7400.0,2023-02-17,2022-12-06 09:32:51.9,38.0,24,41.2,6,40.2,0,59,TRADING
MO2302-P-5900,P,5900.0,2023-02-17,2022-12-06 09:32:51.9,29.2,6,32.2,6,31.6,0,56,TRADING
MO2302-P-6000,P,6000.0,2023-02-17,2022-12-06 09:32:51.9,40.6,6,43.2,6,41.4,0,84,TRADING
MO2302-P-6100,P,6100.0,2023-02-17,2022-12-06 09:32:51.9,54.6,10,60.0,7,57.2,0,48,TRADING
MO2302-P-6200,P,6200.0,2023-02-17,2022-12-06 09:32:51.9,76.6,7,80.2,6,77.4,0,98,TRADING
MO2302-P-6300,P,6300.0,2023-02-17,2022-12-06 09:32:51.9,98.8,6,104.0,7,99.6,0,68,TRADING
MO2302-P-6400,P,6400.0,2023-02-17,2022-12-06 09:32:51.9,127.2,6,134.0,1,132.6,0,102,TRADING
MO2302-P-6500,P,6500.0,2023-02-17,2022-12-06 09:32:51.9,163.8,16,172.8,7,175.4,0,119,TRADING
MO2302-P-6600,P,6600.0,2023-02-17,2022-12-06 09:32:51.9,207.4,16,215.6,6,218.2,0,52,TRADING
MO2302-P-6700,P,6700.0,2023-02-17,2022-12-06 09:32:51.9,254.8,6,265.6,7,263.8,0,47,TRADING
MO2302-P-6800,P,6800.0,2023-02-17,2022-12-06 09:32:51.9,311.0,16,319.2,1,314.0,0,8,TRADING
MO2302-P-6900,P,6900.0,2023-02-17,2022-12-06 09:32:51.9,371.2,17,383.2,6,386.4,0,2,TRADING
MO2302-P-7000,P,7000.0,2023-02-17,2022-12-06 09:32:51.9,440.0,6,452.2,6,500.0,0,14,TRADING
MO2302-P-7100,P,7100.0,2023-02-17,2022-12-06 09:32:51.9,510.8,16,524.6,6,535.8,0,4,TRADING
MO2302-P-7200,P,7200.0,2023-02-17,2022-12-06 09:32:51.9,590.6,4,603.0,6,730.2,0,15,TRADING
MO2302-P-7300,P,7300.0,2023-02-17,2022-12-06 09:32:51.9,671.8,18,685.8,6,1000.0,0,2,TRADING
MO2302-P-7400,P,7400.0,2023-02-17,2022-12-06 09:32:51.9,759.4,10,772.4,6,941.6,0,2,TRADING
MO2302-C-5800,C,5800.0,2023-02-17,2022-12-06 09:32:51.9,882.0,6,895.4,16,867.4,0,2,TRADING
MO2212-C-8200,C,8200.0,2022-12-16,2022-12-06 09:32:51.9,0.6,10,0.8,50,0.6,0,321,TRADING
MO2212-P-8200,P,8200.0,2022-12-16,2022-12-06 09:32:51.9,1485.6,10,1495.2,6,1518.8,0,55,TRADING
MO2212-C-6200,C,6200.0,2022-12-16,2022-12-06 09:32:51.9,509.4,6,516.0,9,491.0,0,219,TRADING
MO2212-C-6400,C,6400.0,2022-12-16,2022-12-06 09:32:51.9,321.4,6,324.6,6,312.6,1,521,TRADING
MO2212-C-6600,C,6600.0,2022-12-16,2022-12-06 09:32:51.9,159.8,1,161.6,10,160.6,73,1242,TRADING
MO2212-C-6800,C,6800.0,2022-12-16,2022-12-06 09:32:51.9,59.2,6,60.2,4,60.0,293,3651,TRADING
MO2212-C-7000,C,7000.0,2022-12-16,2022-12-06 09:32:51.9,18.4,33,18.8,4,18.4,97,2756,TRADING
MO2212-C-7200,C,7200.0,2022-12-16,2022-12-06 09:32:51.9,5.6,19,5.8,9,5.4,22,1881,TRADING
MO2212-C-7400,C,7400.0,2022-12-16,2022-12-06 09:32:51.9,2.0,10,2.2,5,1.8,0,905,TRADING
MO2212-C-7600,C,7600.0,2022-12-16,2022-12-06 09:32:51.9,1.0,23,1.2,4,1.2,0,589,TRADING
MO2212-C-7800,C,7800.0,2022-12-16,2022-12-06 09:32:51.9,0.8,10,1.0,30,0.8,0,227,TRADING
MO2212-P-6200,P,6200.0,2022-12-16,2022-12-06 09:32:51.9,2.6,63,3.0,35,3.0,21,2036,TRADING
MO2212-P-6400,P,6400.0,2022-12-16,2022-12-06 09:32:51.9,12.0,12,12.2,12,12.6,63,2551,TRADING
MO2212-P-6600,P,6600.0,2022-12-16,2022-12-06 09:32:51.9,49.0,4,49.4,4,49.6,154,2262,TRADING
MO2212-P-6800,P,6800.0,2022-12-16,2022-12-06 09:32:51.9,146.2,1,149.6,4,150.2,1,511,TRADING
MO2212-P-7000,P,7000.0,2022-12-16,2022-12-06 09:32:51.9,305.4,4,309.2,6,314.0,0,127,TRADING
MO2212-P-7200,P,7200.0,2022-12-16,2022-12-06 09:32:51.9,492.2,3,498.6,12,493.8,0,111,TRADING
MO2212-P-7400,P,7400.0,2022-12-16,2022-12-06 09:32:51.9,688.2,4,695.2,6,691.6,0,60,TRADING
MO2212-P-7600,P,7600.0,2022-12-16,2022-12-06 09:32:51.9,887.2,4,894.6,8,919.0,0,44,TRADING
MO2212-P-7800,P,7800.0,2022-12-16,2022-12-06 09:32:51.9,1087.0,4,1095.4,6,1297.4,0,81,TRADING
MO2303-C-6200,C,6200.0,2023-03-17,2022-12-06 09:32:51.9,546.2,6,557.4,12,476.2,0,219,TRADING
MO2303-C-6400,C,6400.0,2023-03-17,2022-12-06 09:32:51.9,413.4,6,424.8,12,413.0,0,167,TRADING
MO2303-C-6600,C,6600.0,2023-03-17,2022-12-06 09:32:51.9,310.6,1,315.2,6,310.0,0,138,TRADING
MO2303-C-6800,C,6800.0,2023-03-17,2022-12-06 09:32:51.9,218.0,6,227.6,10,224.2,0,217,TRADING
MO2303-C-7000,C,7000.0,2023-03-17,2022-12-06 09:32:51.9,151.0,1,159.6,4,153.8,0,366,TRADING
MO2303-C-7200,C,7200.0,2023-03-17,2022-12-06 09:32:51.9,103.2,6,108.8,4,107.4,0,190,TRADING
MO2303-C-7600,C,7600.0,2023-03-17,2022-12-06 09:32:51.9,45.6,6,48.6,4,48.2,0,405,TRADING
MO2303-C-7800,C,7800.0,2023-03-17,2022-12-06 09:32:51.9,30.8,4,33.8,6,33.2,0,497,TRADING
MO2303-P-6200,P,6200.0,2023-03-17,2022-12-06 09:32:51.9,119.6,10,126.6,6,128.8,0,122,TRADING
MO2303-P-6400,P,6400.0,2023-03-17,2022-12-06 09:32:51.9,185.0,10,194.8,12,197.2,0,137,TRADING
MO2303-P-6600,P,6600.0,2023-03-17,2022-12-06 09:32:51.9,273.8,4,285.2,1,290.8,0,141,TRADING
MO2303-P-6800,P,6800.0,2023-03-17,2022-12-06 09:32:51.9,383.8,4,396.8,1,407.2,0,97,TRADING
MO2303-P-7000,P,7000.0,2023-03-17,2022-12-06 09:32:51.9,513.6,10,527.8,7,518.0,0,223,TRADING
MO2303-P-7200,P,7200.0,2023-03-17,2022-12-06 09:32:51.9,663.4,12,677.8,9,666.4,0,55,TRADING
MO2303-P-7400,P,7400.0,2023-03-17,2022-12-06 09:32:51.9,828.0,12,841.2,2,998.0,0,52,TRADING
MO2303-P-7600,P,7600.0,2023-03-17,2022-12-06 09:32:51.9,1001.6,12,1015.2,6,1053.0,0,31,TRADING
MO2303-P-7800,P,7800.0,2023-03-17,2022-12-06 09:32:51.9,1184.8,12,1197.6,6,1251.0,0,54,TRADING
MO2306-C-6200,C,6200.0,2023-06-16,2022-12-06 09:32:51.9,576.4,1,589.2,12,582.6,0,108,TRADING
MO2306-C-6400,C,6400.0,2023-06-16,2022-12-06 09:32:51.9,461.0,1,476.0,10,468.6,0,67,TRADING
MO2306-C-6600,C,6600.0,2023-06-16,2022-12-06 09:32:51.9,375.6,1,379.0,10,375.6,1,119,TRADING
MO2306-C-6800,C,6800.0,2023-06-16,2022-12-06 09:32:51.9,286.0,6,298.4,1,294.2,0,208,TRADING
MO2306-C-7000,C,7000.0,2023-06-16,2022-12-06 09:32:51.9,221.0,18,230.8,6,229.2,0,533,TRADING
MO2306-C-7600,C,7600.0,2023-06-16,2022-12-06 09:32:51.9,98.8,6,104.2,21,101.2,0,357,TRADING
MO2306-C-7800,C,7800.0,2023-06-16,2022-12-06 09:32:51.9,74.4,6,79.8,1,72.4,0,489,TRADING
MO2306-P-6400,P,6400.0,2023-06-16,2022-12-06 09:32:51.9,342.8,1,353.6,1,353.6,0,243,TRADING
MO2306-P-6600,P,6600.0,2023-06-16,2022-12-06 09:32:51.9,442.0,6,455.2,1,454.0,0,107,TRADING
MO2306-P-6800,P,6800.0,2023-06-16,2022-12-06 09:32:51.9,558.4,4,571.4,1,564.4,0,73,TRADING
MO2306-P-7000,P,7000.0,2023-06-16,2022-12-06 09:32:51.9,688.2,18,703.6,1,720.2,0,55,TRADING
MO2306-P-7200,P,7200.0,2023-06-16,2022-12-06 09:32:51.9,834.8,4,852.6,6,1000.0,0,44,TRADING
MO2306-P-7400,P,7400.0,2023-06-16,2022-12-06 09:32:51.9,990.2,10,1008.8,1,1011.6,0,34,TRADING
MO2306-P-7800,P,7800.0,2023-06-16,2022-12-06 09:32:51.9,1330.0,4,1348.8,6,1394.4,0,53,TRADING
MO2212-P-8000,P,8000.0,2022-12-16,2022-12-06 09:32:52.4,1285.2,9,1293.2,6,1547.4,0,128,TRADING
MO2303-P-8000,P,8000.0,2023-03-17,2022-12-06 09:32:52.4,1372.4,12,1386.8,6,1536.0,0,90,TRADING
MO2306-P-8000,P,8000.0,2023-06-16,2022-12-06 09:32:52.4,1510.8,4,1527.6,6,1764.6,0,49,TRADING
MO2212-C-6500,C,6500.0,2022-12-16,2022-12-06 09:32:52.4,233.2,6,238.2,3,234.0,19,1038,TRADING
MO2212-C-6700,C,6700.0,2022-12-16,2022-12-06 09:32:52.4,100.2,1,102.0,6,101.2,167,2877,TRADING
MO2212-C-6900,C,6900.0,2022-12-16,2022-12-06 09:32:52.4,33.6,3,34.2,10,32.8,179,2873,TRADING
MO2212-C-7100,C,7100.0,2022-12-16,2022-12-06 09:32:52.4,10.0,9,10.4,43,10.0,111,1294,TRADING
MO2212-P-5900,P,5900.0,2022-12-16,2022-12-06 09:32:52.4,1.0,1,1.2,32,1.0,3,1023,TRADING
MO2212-P-6100,P,6100.0,2022-12-16,2022-12-06 09:32:52.4,1.4,60,1.8,27,1.4,2,1560,TRADING
MO2212-P-6300,P,6300.0,2022-12-16,2022-12-06 09:32:52.4,5.6,35,5.8,6,5.6,48,2206,TRADING
MO2212-P-6500,P,6500.0,2022-12-16,2022-12-06 09:32:52.4,24.6,1,24.8,5,24.8,146,1726,TRADING
MO2212-P-6700,P,6700.0,2022-12-16,2022-12-06 09:32:52.4,88.0,1,90.0,17,90.0,137,3586,TRADING
MO2212-P-6900,P,6900.0,2022-12-16,2022-12-06 09:32:52.4,219.2,16,224.2,1,228.8,1,196,TRADING
MO2212-P-7100,P,7100.0,2022-12-16,2022-12-06 09:32:52.4,395.4,6,402.8,10,415.6,0,61,TRADING
MO2309-C-5800,C,5800.0,2023-09-15,2022-12-06 09:32:52.4,857.2,6,874.2,13,871.8,0,129,TRADING
MO2309-C-6000,C,6000.0,2023-09-15,2022-12-06 09:32:52.4,734.2,1,745.6,8,740.8,0,132,TRADING
MO2309-C-6200,C,6200.0,2023-09-15,2022-12-06 09:32:52.4,614.4,1,628.0,2,609.0,0,149,TRADING
MO2309-C-6400,C,6400.0,2023-09-15,2022-12-06 09:32:52.4,510.8,6,524.8,25,549.0,0,157,TRADING
MO2309-C-6600,C,6600.0,2023-09-15,2022-12-06 09:32:52.4,422.4,1,432.8,2,427.0,0,170,TRADING
MO2309-C-6800,C,6800.0,2023-09-15,2022-12-06 09:32:52.4,342.2,2,353.2,2,346.0,0,139,TRADING
MO2309-C-7000,C,7000.0,2023-09-15,2022-12-06 09:32:52.4,273.6,1,284.2,1,279.0,0,200,TRADING
MO2309-C-7200,C,7200.0,2023-09-15,2022-12-06 09:32:52.4,219.6,6,227.8,1,218.4,0,324,TRADING
MO2309-P-5800,P,5800.0,2023-09-15,2022-12-06 09:32:52.4,229.8,1,237.4,1,226.0,0,79,TRADING
MO2309-P-6200,P,6200.0,2023-09-15,2022-12-06 09:32:52.4,373.4,8,384.8,1,375.0,0,123,TRADING
MO2309-P-6600,P,6600.0,2023-09-15,2022-12-06 09:32:52.4,569.0,2,581.8,1,578.4,0,46,TRADING
MO2309-P-7000,P,7000.0,2023-09-15,2022-12-06 09:32:52.4,815.4,6,828.8,1,818.6,0,47,TRADING
MO2309-P-7200,P,7200.0,2023-09-15,2022-12-06 09:32:52.4,954.6,14,969.8,1,1000.0,0,58,TRADING
MO2212-C-5700,C,5700.0,2022-12-16,2022-12-06 09:32:52.4,1005.8,6,1014.0,6,1015.2,0,53,TRADING
MO2303-C-5600,C,5600.0,2023-03-17,2022-12-06 09:32:52.4,1045.0,6,1057.4,6,1052.0,0,66,TRADING
MO2306-C-5600,C,5600.0,2023-06-16,2022-12-06 09:32:52.4,1003.6,6,1022.4,12,999.6,0,32,TRADING
MO2309-C-5600,C,5600.0,2023-09-15,2022-12-06 09:32:52.4,1001.0,1,1019.4,8,934.4,0,116,TRADING
MO2309-P-5600,P,5600.0,2023-09-15,2022-12-06 09:32:52.4,177.0,1,183.8,1,181.8,0,155,TRADING
MO2212-C-5600,C,5600.0,2022-12-16,2022-12-06 09:32:52.4,1106.0,6,1113.8,9,1116.8,0,48,TRADING
MO2303-P-8200,P,8200.0,2023-03-17,2022-12-06 09:32:52.4,1563.8,12,1578.4,12,1571.8,0,103,TRADING
MO2306-C-8200,C,8200.0,2023-06-16,2022-12-06 09:32:52.4,46.6,4,49.8,12,48.2,0,561,TRADING
MO2306-P-8200,P,8200.0,2023-06-16,2022-12-06 09:32:52.4,1695.2,4,1712.6,6,1802.8,0,42,TRADING
MO2212-C-5800,C,5800.0,2022-12-16,2022-12-06 09:32:52.4,906.4,6,914.2,6,917.6,0,34,TRADING
MO2212-P-5800,P,5800.0,2022-12-16,2022-12-06 09:32:52.4,0.8,1,1.0,25,1.0,0,516,TRADING
MO2303-C-5800,C,5800.0,2023-03-17,2022-12-06 09:32:52.4,867.4,6,878.6,24,876.0,0,101,TRADING
MO2303-P-5800,P,5800.0,2023-03-17,2022-12-06 09:32:52.4,44.6,6,47.2,6,47.8,2,195,TRADING
MO2306-C-5800,C,5800.0,2023-06-16,2022-12-06 09:32:52.4,846.4,6,866.4,22,898.0,0,100,TRADING
MO2212-C-8000,C,8000.0,2022-12-16,2022-12-06 09:32:52.4,0.8,12,1.0,49,0.8,0,940,TRADING
MO2306-P-5800,P,5800.0,2023-06-16,2022-12-06 09:32:52.4,140.6,1,146.4,1,143.0,0,66,TRADING
MO2212-C-6000,C,6000.0,2022-12-16,2022-12-06 09:32:52.4,707.2,6,715.6,7,708.6,0,58,TRADING
MO2212-P-6000,P,6000.0,2022-12-16,2022-12-06 09:32:52.4,1.2,1,1.4,25,1.4,0,1401,TRADING
MO2303-C-6000,C,6000.0,2023-03-17,2022-12-06 09:32:52.4,697.6,6,711.6,6,703.0,0,120,TRADING
MO2303-P-6000,P,6000.0,2023-03-17,2022-12-06 09:32:52.4,75.0,1,79.2,6,77.2,0,181,TRADING
MO2306-C-6000,C,6000.0,2023-06-16,2022-12-06 09:32:52.4,703.0,6,720.0,12,708.0,0,123,TRADING
MO2212-C-5900,C,5900.0,2022-12-16,2022-12-06 09:32:52.4,806.6,6,815.2,10,796.2,0,45,TRADING
MO2212-C-6100,C,6100.0,2022-12-16,2022-12-06 09:32:52.4,608.2,6,615.2,3,594.0,0,107,TRADING
MO2212-C-6300,C,6300.0,2022-12-16,2022-12-06 09:32:52.4,413.4,6,419.8,3,401.0,0,204,TRADING
MO2212-C-5500,C,5500.0,2022-12-16,2022-12-06 09:32:52.4,1205.8,6,1213.4,6,1196.0,0,42,TRADING
MO2212-P-5500,P,5500.0,2022-12-16,2022-12-06 09:32:52.4,0.6,31,0.8,10,0.8,0,502,TRADING
MO2303-C-5400,C,5400.0,2023-03-17,2022-12-06 09:32:52.4,1232.6,6,1244.6,12,1236.0,0,37,TRADING
MO2303-P-5400,P,5400.0,2023-03-17,2022-12-06 09:32:52.4,15.4,1,16.0,18,15.4,0,138,TRADING
MO2306-C-5400,C,5400.0,2023-06-16,2022-12-06 09:32:52.4,1170.6,6,1188.4,6,1115.0,0,46,TRADING
MO2212-C-7500,C,7500.0,2022-12-16,2022-12-06 09:32:52.4,1.2,56,1.6,35,1.2,0,211,TRADING
MO2212-P-7500,P,7500.0,2022-12-16,2022-12-06 09:32:52.4,786.0,7,794.2,6,913.0,0,13,TRADING
MO2301-C-7500,C,7500.0,2023-01-20,2022-12-06 09:32:52.4,13.6,10,14.6,6,13.6,4,275,TRADING
MO2301-P-7500,P,7500.0,2023-01-20,2022-12-06 09:32:52.4,816.2,6,827.6,10,837.2,0,13,TRADING
MO2212-C-5300,C,5300.0,2022-12-16,2022-12-06 09:32:52.4,1405.2,6,1413.4,9,1367.0,0,39,TRADING
MO2212-C-5400,C,5400.0,2022-12-16,2022-12-06 09:32:52.4,1304.8,6,1314.2,6,1266.2,0,41,TRADING
MO2212-P-5300,P,5300.0,2022-12-16,2022-12-06 09:32:52.4,0.6,13,0.8,18,0.6,0,483,TRADING
MO2212-P-5400,P,5400.0,2022-12-16,2022-12-06 09:32:52.4,0.6,31,0.8,16,0.8,0,296,TRADING
MO2303-C-5200,C,5200.0,2023-03-17,2022-12-06 09:32:52.4,1424.6,12,1437.0,18,1452.4,0,32,TRADING
MO2303-P-5200,P,5200.0,2023-03-17,2022-12-06 09:32:52.4,9.0,6,9.6,12,9.2,5,277,TRADING
MO2309-C-5200,C,5200.0,2023-09-15,2022-12-06 09:32:52.4,1312.4,6,1332.8,8,1330.2,0,99,TRADING
MO2301-C-5600,C,5600.0,2023-01-20,2022-12-06 09:32:52.4,1085.6,6,1096.0,6,903.0,0,38,TRADING
MO2301-P-5600,P,5600.0,2023-01-20,2022-12-06 09:32:52.4,5.4,6,5.8,16,5.8,5,208,TRADING
MO2301-C-7400,C,7400.0,2023-01-20,2022-12-06 09:32:52.4,19.2,16,20.4,6,18.8,1,232,TRADING
MO2301-C-5700,C,5700.0,2023-01-20,2022-12-06 09:32:52.4,987.8,10,998.6,6,968.2,0,8,TRADING
MO2301-C-5800,C,5800.0,2023-01-20,2022-12-06 09:32:52.4,891.4,2,902.0,6,918.0,0,23,TRADING
MO2301-C-5900,C,5900.0,2023-01-20,2022-12-06 09:32:52.4,795.6,10,805.8,6,805.4,0,29,TRADING
MO2301-C-6000,C,6000.0,2023-01-20,2022-12-06 09:32:52.4,702.2,6,711.8,6,718.8,0,36,TRADING
MO2301-C-6100,C,6100.0,2023-01-20,2022-12-06 09:32:52.4,610.6,2,619.6,6,626.8,0,21,TRADING
MO2301-C-6200,C,6200.0,2023-01-20,2022-12-06 09:32:52.4,523.0,6,531.8,12,520.0,0,47,TRADING
MO2301-C-6300,C,6300.0,2023-01-20,2022-12-06 09:32:52.4,442.8,1,447.6,6,439.0,0,94,TRADING
MO2301-C-6400,C,6400.0,2023-01-20,2022-12-06 09:32:52.4,366.2,1,370.2,6,366.8,1,82,TRADING
MO2301-C-6500,C,6500.0,2023-01-20,2022-12-06 09:32:52.4,298.2,6,300.6,6,297.6,2,192,TRADING
MO2301-C-6600,C,6600.0,2023-01-20,2022-12-06 09:32:52.4,237.2,6,239.6,6,237.0,3,254,TRADING
MO2301-C-6700,C,6700.0,2023-01-20,2022-12-06 09:32:52.4,183.6,6,187.2,6,180.0,5,446,TRADING
MO2301-C-6800,C,6800.0,2023-01-20,2022-12-06 09:32:52.4,140.8,6,143.2,12,140.6,0,277,TRADING
MO2301-C-6900,C,6900.0,2023-01-20,2022-12-06 09:32:52.4,103.8,16,107.2,27,106.6,0,193,TRADING
MO2301-C-7000,C,7000.0,2023-01-20,2022-12-06 09:32:52.4,77.0,6,78.6,9,78.0,0,274,TRADING
MO2301-C-7100,C,7100.0,2023-01-20,2022-12-06 09:32:52.4,54.4,23,56.6,12,56.4,0,345,TRADING
MO2301-P-5700,P,5700.0,2023-01-20,2022-12-06 09:32:52.4,7.0,6,7.6,16,7.6,1,146,TRADING
MO2301-P-5800,P,5800.0,2023-01-20,2022-12-06 09:32:52.4,9.6,24,10.4,40,11.6,6,282,TRADING
MO2301-P-5900,P,5900.0,2023-01-20,2022-12-06 09:32:52.4,13.2,6,14.4,22,14.6,0,248,TRADING
MO2301-P-6000,P,6000.0,2023-01-20,2022-12-06 09:32:52.4,19.2,12,20.4,10,20.8,23,514,TRADING
MO2301-P-6100,P,6100.0,2023-01-20,2022-12-06 09:32:52.4,27.8,6,29.0,10,29.2,0,590,TRADING
MO2301-P-6200,P,6200.0,2023-01-20,2022-12-06 09:32:52.4,38.4,6,40.8,22,39.4,3,433,TRADING
MO2301-P-6300,P,6300.0,2023-01-20,2022-12-06 09:32:52.4,55.2,6,57.6,16,57.6,0,398,TRADING
MO2301-P-6400,P,6400.0,2023-01-20,2022-12-06 09:32:52.4,76.4,6,78.8,6,76.0,5,839,TRADING
MO2301-P-6500,P,6500.0,2023-01-20,2022-12-06 09:32:52.4,107.0,18,110.6,10,110.0,0,540,TRADING
MO2301-P-6600,P,6600.0,2023-01-20,2022-12-06 09:32:52.4,145.0,12,148.8,6,147.8,0,311,TRADING
MO2301-P-6700,P,6700.0,2023-01-20,2022-12-06 09:32:52.4,191.4,12,195.8,6,196.8,0,150,TRADING
MO2301-P-6800,P,6800.0,2023-01-20,2022-12-06 09:32:52.4,248.2,6,252.8,4,254.2,4,91,TRADING
MO2301-P-6900,P,6900.0,2023-01-20,2022-12-06 09:32:52.4,311.0,6,318.8,1,319.8,0,48,TRADING
MO2301-P-7000,P,7000.0,2023-01-20,2022-12-06 09:32:52.4,382.4,6,392.4,6,389.6,0,39,TRADING
MO2301-P-7100,P,7100.0,2023-01-20,2022-12-06 09:32:52.4,459.6,21,471.2,17,478.2,0,15,TRADING
MO2301-C-7200,C,7200.0,2023-01-20,2022-12-06 09:32:52.4,39.6,6,41.2,6,41.6,1,255,TRADING
MO2301-P-7200,P,7200.0,2023-01-20,2022-12-06 09:32:52.4,543.0,6,554.8,17,562.2,0,44,TRADING
MO2212-C-7300,C,7300.0,2022-12-16,2022-12-06 09:32:52.4,3.2,10,3.4,22,3.2,3,783,TRADING
MO2212-P-7300,P,7300.0,2022-12-16,2022-12-06 09:32:52.4,588.6,6,596.4,10,586.4,0,24,TRADING
MO2301-C-7300,C,7300.0,2023-01-20,2022-12-06 09:32:52.4,27.2,22,29.2,6,28.0,0,140,TRADING
MO2301-P-7300,P,7300.0,2023-01-20,2022-12-06 09:32:52.4,631.6,6,642.6,10,642.2,0,10,TRADING
MO2301-P-7400,P,7400.0,2023-01-20,2022-12-06 09:32:52.4,722.4,3,733.0,6,742.2,0,29,TRADING
MO2302-C-5900,C,5900.0,2023-02-17,2022-12-06 09:32:52.4,791.2,6,804.6,12,776.6,0,4,TRADING
MO2302-C-6000,C,6000.0,2023-02-17,2022-12-06 09:32:52.4,702.4,6,717.2,6,475.4,0,9,TRADING
MO2302-C-6100,C,6100.0,2023-02-17,2022-12-06 09:32:52.4,618.2,6,632.6,6,500.0,0,2,TRADING
MO2302-C-6200,C,6200.0,2023-02-17,2022-12-06 09:32:52.4,539.2,6,553.4,30,479.6,0,4,TRADING
MO2302-C-6300,C,6300.0,2023-02-17,2022-12-06 09:32:52.4,463.0,7,476.6,12,471.0,0,7,TRADING
MO2302-C-6400,C,6400.0,2023-02-17,2022-12-06 09:32:52.4,393.4,7,407.6,12,327.8,0,30,TRADING
MO2302-C-6500,C,6500.0,2023-02-17,2022-12-06 09:32:52.4,332.4,12,342.6,6,334.4,0,116,TRADING
MO2302-C-6600,C,6600.0,2023-02-17,2022-12-06 09:32:52.4,275.2,6,286.0,12,268.2,0,102,TRADING
MO2302-C-6700,C,6700.0,2023-02-17,2022-12-06 09:32:52.4,225.8,6,235.6,6,219.2,0,118,TRADING
MO2302-C-6800,C,6800.0,2023-02-17,2022-12-06 09:32:52.4,181.8,6,191.4,12,177.0,0,40,TRADING
MO2302-C-6900,C,6900.0,2023-02-17,2022-12-06 09:32:52.4,144.0,1,153.6,13,151.2,0,12,TRADING
MO2302-C-7000,C,7000.0,2023-02-17,2022-12-06 09:32:52.4,114.0,1,121.6,6,115.0,0,140,TRADING
MO2302-C-7100,C,7100.0,2023-02-17,2022-12-06 09:32:52.4,87.8,12,93.8,6,93.0,0,76,TRADING
MO2302-C-7200,C,7200.0,2023-02-17,2022-12-06 09:32:52.4,66.8,6,72.6,6,68.6,0,26,TRADING
MO2302-C-7300,C,7300.0,2023-02-17,2022-12-06 09:32:52.4,51.6,12,54.4,6,52.2,0,37,TRADING
MO2302-C-7400,C,7400.0,2023-02-17,2022-12-06 09:32:52.4,38.0,24,41.2,6,40.2,0,59,TRADING
MO2302-P-5900,P,5900.0,2023-02-17,2022-12-06 09:32:52.4,29.0,6,32.2,6,31.6,0,56,TRADING
MO2302-P-6000,P,6000.0,2023-02-17,2022-12-06 09:32:52.4,40.6,6,43.2,6,41.4,0,84,TRADING
MO2302-P-6100,P,6100.0,2023-02-17,2022-12-06 09:32:52.4,54.4,12,60.0,7,57.2,0,48,TRADING
MO2302-P-6200,P,6200.0,2023-02-17,2022-12-06 09:32:52.4,76.6,7,80.2,6,77.4,0,98,TRADING
MO2302-P-6300,P,6300.0,2023-02-17,2022-12-06 09:32:52.4,98.8,6,103.4,6,99.6,0,68,TRADING
MO2302-P-6400,P,6400.0,2023-02-17,2022-12-06 09:32:52.4,127.2,6,134.0,1,132.6,0,102,TRADING
MO2302-P-6500,P,6500.0,2023-02-17,2022-12-06 09:32:52.4,163.8,12,172.8,7,175.4,0,119,TRADING
MO2302-P-6600,P,6600.0,2023-02-17,2022-12-06 09:32:52.4,207.4,6,215.6,13,218.2,0,52,TRADING
MO2302-P-6700,P,6700.0,2023-02-17,2022-12-06 09:32:52.4,254.0,30,265.6,7,263.8,0,47,TRADING
MO2302-P-6800,P,6800.0,2023-02-17,2022-12-06 09:32:52.4,311.0,12,319.2,8,314.0,0,8,TRADING
MO2302-P-6900,P,6900.0,2023-02-17,2022-12-06 09:32:52.4,371.2,12,383.2,6,386.4,0,2,TRADING
MO2302-P-7000,P,7000.0,2023-02-17,2022-12-06 09:32:52.4,440.0,6,450.8,6,500.0,0,14,TRADING
MO2302-P-7100,P,7100.0,2023-02-17,2022-12-06 09:32:52.4,510.8,6,524.4,6,535.8,0,4,TRADING
MO2302-P-7200,P,7200.0,2023-02-17,2022-12-06 09:32:52.4,590.4,12,602.8,6,730.2,0,15,TRADING
MO2302-P-7300,P,7300.0,2023-02-17,2022-12-06 09:32:52.4,671.8,6,685.6,6,1000.0,0,2,TRADING
MO2302-P-7400,P,7400.0,2023-02-17,2022-12-06 09:32:52.4,758.6,12,772.4,6,941.6,0,2,TRADING
MO2302-C-5800,C,5800.0,2023-02-17,2022-12-06 09:32:52.4,882.0,6,895.4,6,867.4,0,2,TRADING
MO2212-P-8200,P,8200.0,2022-12-16,2022-12-06 09:32:52.4,1484.8,4,1493.4,6,1518.8,0,55,TRADING
MO2212-C-6200,C,6200.0,2022-12-16,2022-12-06 09:32:52.4,509.6,6,516.6,9,491.0,0,219,TRADING
MO2212-C-6400,C,6400.0,2022-12-16,2022-12-06 09:32:52.4,320.4,6,325.4,6,312.6,1,521,TRADING
MO2212-C-6600,C,6600.0,2022-12-16,2022-12-06 09:32:52.4,160.8,1,162.4,6,160.6,73,1242,TRADING
MO2212-C-6800,C,6800.0,2022-12-16,2022-12-06 09:32:52.4,59.4,5,60.6,1,60.2,297,3652,TRADING
MO2212-C-7000,C,7000.0,2022-12-16,2022-12-06 09:32:52.4,18.6,11,19.0,17,18.4,97,2756,TRADING
MO2212-C-7200,C,7200.0,2022-12-16,2022-12-06 09:32:52.4,5.6,25,5.8,6,5.4,22,1881,TRADING
MO2212-C-7400,C,7400.0,2022-12-16,2022-12-06 09:32:52.4,2.0,10,2.2,1,1.8,0,905,TRADING
MO2212-C-7600,C,7600.0,2022-12-16,2022-12-06 09:32:52.4,1.0,23,1.4,64,1.2,0,589,TRADING
MO2212-P-6200,P,6200.0,2022-12-16,2022-12-06 09:32:52.4,2.6,55,2.8,6,3.0,21,2036,TRADING
MO2212-P-6400,P,6400.0,2022-12-16,2022-12-06 09:32:52.4,11.8,24,12.0,6,12.0,69,2551,TRADING
MO2212-P-6600,P,6600.0,2022-12-16,2022-12-06 09:32:52.4,48.4,7,49.4,6,49.0,158,2266,TRADING
MO2212-P-6800,P,6800.0,2022-12-16,2022-12-06 09:32:52.4,146.0,6,149.4,3,150.2,1,511,TRADING
MO2212-P-7000,P,7000.0,2022-12-16,2022-12-06 09:32:52.4,304.6,9,309.8,6,314.0,0,127,TRADING
MO2212-P-7200,P,7200.0,2022-12-16,2022-12-06 09:32:52.4,490.8,6,498.6,22,493.8,0,111,TRADING
MO2212-P-7400,P,7400.0,2022-12-16,2022-12-06 09:32:52.4,686.8,19,695.2,10,691.6,0,60,TRADING
MO2212-P-7600,P,7600.0,2022-12-16,2022-12-06 09:32:52.4,885.6,13,893.2,6,919.0,0,44,TRADING
MO2212-P-7800,P,7800.0,2022-12-16,2022-12-06 09:32:52.4,1085.6,3,1093.2,6,1297.4,0,81,TRADING
MO2303-C-6200,C,6200.0,2023-03-17,2022-12-06 09:32:52.4,546.2,6,557.4,6,476.2,0,219,TRADING
MO2303-C-6400,C,6400.0,2023-03-17,2022-12-06 09:32:52.4,413.4,12,425.0,24,413.0,0,167,TRADING
MO2303-C-6600,C,6600.0,2023-03-17,2022-12-06 09:32:52.4,310.6,1,315.6,12,310.0,0,138,TRADING
MO2303-C-6800,C,6800.0,2023-03-17,2022-12-06 09:32:52.4,218.0,6,228.2,24,224.2,0,217,TRADING
MO2303-C-7200,C,7200.0,2023-03-17,2022-12-06 09:32:52.4,103.6,6,109.0,12,107.4,0,190,TRADING
MO2303-C-7400,C,7400.0,2023-03-17,2022-12-06 09:32:52.4,68.0,12,73.6,16,70.6,0,254,TRADING
MO2303-C-7600,C,7600.0,2023-03-17,2022-12-06 09:32:52.4,45.6,6,48.8,21,48.2,0,405,TRADING
MO2303-P-6200,P,6200.0,2023-03-17,2022-12-06 09:32:52.4,119.6,10,126.6,6,128.8,0,122,TRADING
MO2303-P-6400,P,6400.0,2023-03-17,2022-12-06 09:32:52.4,185.0,10,194.8,12,197.2,0,137,TRADING
MO2303-P-6600,P,6600.0,2023-03-17,2022-12-06 09:32:52.4,273.8,4,285.2,1,290.8,0,141,TRADING
MO2303-P-6800,P,6800.0,2023-03-17,2022-12-06 09:32:52.4,383.8,4,395.4,6,407.2,0,97,TRADING
MO2303-P-7000,P,7000.0,2023-03-17,2022-12-06 09:32:52.4,513.6,10,527.8,7,518.0,0,223,TRADING
MO2303-P-7200,P,7200.0,2023-03-17,2022-12-06 09:32:52.4,663.4,6,677.8,9,666.4,0,55,TRADING
MO2303-P-7400,P,7400.0,2023-03-17,2022-12-06 09:32:52.4,828.0,6,841.2,2,998.0,0,52,TRADING
MO2303-P-7600,P,7600.0,2023-03-17,2022-12-06 09:32:52.4,1001.6,6,1015.2,6,1053.0,0,31,TRADING
MO2303-P-7800,P,7800.0,2023-03-17,2022-12-06 09:32:52.4,1184.8,6,1197.6,6,1251.0,0,54,TRADING
MO2306-C-6200,C,6200.0,2023-06-16,2022-12-06 09:32:52.4,576.4,1,589.2,4,582.6,0,108,TRADING
MO2306-C-6400,C,6400.0,2023-06-16,2022-12-06 09:32:52.4,461.0,1,476.0,4,468.6,0,67,TRADING
MO2306-C-6600,C,6600.0,2023-06-16,2022-12-06 09:32:52.4,375.6,1,379.0,4,375.6,1,119,TRADING
MO2306-C-6800,C,6800.0,2023-06-16,2022-12-06 09:32:52.4,286.0,6,298.4,1,294.2,0,208,TRADING
MO2306-C-7000,C,7000.0,2023-06-16,2022-12-06 09:32:52.4,221.2,6,231.2,1,229.2,0,533,TRADING
MO2306-C-7200,C,7200.0,2023-06-16,2022-12-06 09:32:52.4,169.6,1,177.2,1,183.2,0,210,TRADING
MO2306-C-7600,C,7600.0,2023-06-16,2022-12-06 09:32:52.4,98.8,6,104.2,15,101.2,0,357,TRADING
MO2306-C-7800,C,7800.0,2023-06-16,2022-12-06 09:32:52.4,74.4,6,79.8,1,72.4,0,489,TRADING
MO2306-P-6400,P,6400.0,2023-06-16,2022-12-06 09:32:52.4,342.4,4,353.6,1,353.6,0,243,TRADING
MO2306-P-6600,P,6600.0,2023-06-16,2022-12-06 09:32:52.4,441.2,17,455.2,1,454.0,0,107,TRADING
MO2306-P-6800,P,6800.0,2023-06-16,2022-12-06 09:32:52.4,558.4,4,571.4,1,564.4,0,73,TRADING
MO2306-P-7000,P,7000.0,2023-06-16,2022-12-06 09:32:52.4,688.2,12,703.6,1,720.2,0,55,TRADING
MO2306-P-7200,P,7200.0,2023-06-16,2022-12-06 09:32:52.4,834.8,4,852.6,6,1000.0,0,44,TRADING
MO2306-P-7400,P,7400.0,2023-06-16,2022-12-06 09:32:52.4,990.2,4,1008.6,6,1011.6,0,34,TRADING
MO2306-P-7600,P,7600.0,2023-06-16,2022-12-06 09:32:52.4,1156.2,4,1174.6,6,1346.6,0,35,TRADING
MO2306-P-7800,P,7800.0,2023-06-16,2022-12-06 09:32:52.4,1330.0,4,1348.8,6,1394.4,0,53,TRADING
MO2212-P-8000,P,8000.0,2022-12-16,2022-12-06 09:32:52.9,1284.0,4,1293.0,6,1547.4,0,128,TRADING
MO2303-C-8000,C,8000.0,2023-03-17,2022-12-06 09:32:52.9,20.8,6,22.0,6,21.4,0,290,TRADING
MO2303-P-8000,P,8000.0,2023-03-17,2022-12-06 09:32:52.9,1370.6,6,1384.4,6,1536.0,0,90,TRADING
MO2306-P-8000,P,8000.0,2023-06-16,2022-12-06 09:32:52.9,1510.8,4,1527.6,6,1764.6,0,49,TRADING
MO2212-C-6500,C,6500.0,2022-12-16,2022-12-06 09:32:52.9,234.0,6,238.6,4,234.0,19,1038,TRADING
MO2212-C-6700,C,6700.0,2022-12-16,2022-12-06 09:32:52.9,100.4,14,102.6,5,101.2,167,2877,TRADING
MO2212-C-6900,C,6900.0,2022-12-16,2022-12-06 09:32:52.9,33.8,5,34.2,10,32.8,179,2873,TRADING
MO2212-C-7100,C,7100.0,2022-12-16,2022-12-06 09:32:52.9,10.2,6,10.4,31,10.0,111,1294,TRADING
MO2212-P-6100,P,6100.0,2022-12-16,2022-12-06 09:32:52.9,1.4,60,1.8,35,1.4,2,1560,TRADING
MO2212-P-6300,P,6300.0,2022-12-16,2022-12-06 09:32:52.9,5.6,23,5.8,10,5.6,48,2206,TRADING
MO2212-P-6500,P,6500.0,2022-12-16,2022-12-06 09:32:52.9,24.2,29,24.6,6,24.6,147,1726,TRADING
MO2212-P-6700,P,6700.0,2022-12-16,2022-12-06 09:32:52.9,88.0,1,89.8,14,90.0,137,3586,TRADING
MO2212-P-6900,P,6900.0,2022-12-16,2022-12-06 09:32:52.9,219.2,4,223.8,8,228.8,1,196,TRADING
MO2212-P-7100,P,7100.0,2022-12-16,2022-12-06 09:32:52.9,395.0,4,401.6,6,415.6,0,61,TRADING
MO2309-C-5800,C,5800.0,2023-09-15,2022-12-06 09:32:52.9,857.2,6,874.2,6,871.8,0,129,TRADING
MO2309-C-6000,C,6000.0,2023-09-15,2022-12-06 09:32:52.9,734.2,1,745.6,8,740.8,0,132,TRADING
MO2309-C-6200,C,6200.0,2023-09-15,2022-12-06 09:32:52.9,614.4,1,628.2,2,609.0,0,149,TRADING
MO2309-C-6400,C,6400.0,2023-09-15,2022-12-06 09:32:52.9,517.0,1,524.8,20,549.0,0,157,TRADING
MO2309-C-6600,C,6600.0,2023-09-15,2022-12-06 09:32:52.9,422.4,1,432.8,2,427.0,0,170,TRADING
MO2309-C-6800,C,6800.0,2023-09-15,2022-12-06 09:32:52.9,346.4,1,353.8,19,346.0,0,139,TRADING
MO2309-C-7000,C,7000.0,2023-09-15,2022-12-06 09:32:52.9,273.6,1,284.2,1,279.0,0,200,TRADING
MO2309-C-7200,C,7200.0,2023-09-15,2022-12-06 09:32:52.9,219.6,6,227.8,1,218.4,0,324,TRADING
MO2309-P-5800,P,5800.0,2023-09-15,2022-12-06 09:32:52.9,229.8,1,237.4,1,226.0,0,79,TRADING
MO2309-P-6200,P,6200.0,2023-09-15,2022-12-06 09:32:52.9,373.2,2,384.6,6,375.0,0,123,TRADING
MO2309-P-6400,P,6400.0,2023-09-15,2022-12-06 09:32:52.9,465.0,1,478.4,1,480.8,0,82,TRADING
MO2309-P-6600,P,6600.0,2023-09-15,2022-12-06 09:32:52.9,569.0,2,581.8,1,578.4,0,46,TRADING
MO2309-P-6800,P,6800.0,2023-09-15,2022-12-06 09:32:52.9,686.2,8,700.0,1,675.8,0,36,TRADING
MO2309-P-7000,P,7000.0,2023-09-15,2022-12-06 09:32:52.9,815.4,6,828.8,1,818.6,0,47,TRADING
MO2309-P-7200,P,7200.0,2023-09-15,2022-12-06 09:32:52.9,954.6,14,969.8,1,1000.0,0,58,TRADING
MO2212-C-5700,C,5700.0,2022-12-16,2022-12-06 09:32:52.9,1006.8,6,1015.2,7,1015.2,0,53,TRADING
MO2212-P-5700,P,5700.0,2022-12-16,2022-12-06 09:32:52.9,0.6,52,1.0,38,0.8,0,305,TRADING
MO2303-C-5600,C,5600.0,2023-03-17,2022-12-06 09:32:52.9,1047.8,6,1058.2,12,1052.0,0,66,TRADING
MO2303-P-5600,P,5600.0,2023-03-17,2022-12-06 09:32:52.9,25.6,4,28.4,34,31.2,0,134,TRADING
MO2306-C-5600,C,5600.0,2023-06-16,2022-12-06 09:32:52.9,1006.6,1,1022.8,22,999.6,0,32,TRADING
MO2306-P-5600,P,5600.0,2023-06-16,2022-12-06 09:32:52.9,101.4,1,105.8,6,103.0,0,75,TRADING
MO2309-C-5600,C,5600.0,2023-09-15,2022-12-06 09:32:52.9,1001.0,1,1019.4,2,934.4,0,116,TRADING
MO2309-P-5600,P,5600.0,2023-09-15,2022-12-06 09:32:52.9,177.0,1,183.8,1,181.8,0,155,TRADING
MO2212-C-5600,C,5600.0,2022-12-16,2022-12-06 09:32:52.9,1106.2,6,1114.4,4,1116.8,0,48,TRADING
MO2303-P-8200,P,8200.0,2023-03-17,2022-12-06 09:32:52.9,1561.8,12,1576.0,6,1571.8,0,103,TRADING
MO2306-C-8200,C,8200.0,2023-06-16,2022-12-06 09:32:52.9,46.6,4,49.8,12,48.2,0,561,TRADING
MO2306-P-8200,P,8200.0,2023-06-16,2022-12-06 09:32:52.9,1692.4,10,1712.6,6,1802.8,0,42,TRADING
MO2212-C-5800,C,5800.0,2022-12-16,2022-12-06 09:32:52.9,907.2,6,914.4,3,917.6,0,34,TRADING
MO2303-C-5800,C,5800.0,2023-03-17,2022-12-06 09:32:52.9,867.4,12,878.6,6,876.0,0,101,TRADING
MO2303-P-5800,P,5800.0,2023-03-17,2022-12-06 09:32:52.9,44.2,28,47.2,6,47.8,2,195,TRADING
MO2306-C-5800,C,5800.0,2023-06-16,2022-12-06 09:32:52.9,846.4,7,866.4,10,898.0,0,100,TRADING
MO2306-P-5800,P,5800.0,2023-06-16,2022-12-06 09:32:52.9,140.6,1,146.4,1,143.0,0,66,TRADING
MO2212-C-6000,C,6000.0,2022-12-16,2022-12-06 09:32:52.9,708.4,6,715.6,4,708.6,0,58,TRADING
MO2212-P-6000,P,6000.0,2022-12-16,2022-12-06 09:32:52.9,1.2,1,1.4,21,1.4,0,1401,TRADING
MO2303-C-6000,C,6000.0,2023-03-17,2022-12-06 09:32:52.9,700.2,6,712.0,18,703.0,0,120,TRADING
MO2306-C-6000,C,6000.0,2023-06-16,2022-12-06 09:32:52.9,703.0,6,720.2,10,708.0,0,123,TRADING
MO2212-C-5900,C,5900.0,2022-12-16,2022-12-06 09:32:52.9,807.8,6,815.2,4,796.2,0,45,TRADING
MO2212-C-6100,C,6100.0,2022-12-16,2022-12-06 09:32:52.9,609.4,6,616.2,4,594.0,0,107,TRADING
MO2212-C-6300,C,6300.0,2022-12-16,2022-12-06 09:32:52.9,414.2,2,420.0,4,401.0,0,204,TRADING
MO2212-C-5500,C,5500.0,2022-12-16,2022-12-06 09:32:52.9,1206.0,6,1215.0,6,1196.0,0,42,TRADING
MO2212-P-5500,P,5500.0,2022-12-16,2022-12-06 09:32:52.9,0.6,31,0.8,10,0.8,0,502,TRADING
MO2303-C-5400,C,5400.0,2023-03-17,2022-12-06 09:32:52.9,1235.0,6,1245.4,6,1236.0,0,37,TRADING
MO2303-P-5400,P,5400.0,2023-03-17,2022-12-06 09:32:52.9,15.4,1,16.0,18,15.4,0,138,TRADING
MO2306-C-5400,C,5400.0,2023-06-16,2022-12-06 09:32:52.9,1170.8,6,1188.6,16,1115.0,0,46,TRADING
MO2306-P-5400,P,5400.0,2023-06-16,2022-12-06 09:32:52.9,76.0,4,76.2,6,76.0,11,162,TRADING
MO2309-C-5400,C,5400.0,2023-09-15,2022-12-06 09:32:52.9,1152.4,6,1172.8,2,1161.0,0,92,TRADING
MO2309-P-5400,P,5400.0,2023-09-15,2022-12-06 09:32:52.9,133.6,1,140.2,12,139.6,0,61,TRADING
MO2212-P-7500,P,7500.0,2022-12-16,2022-12-06 09:32:52.9,786.0,4,793.0,6,913.0,0,13,TRADING
MO2301-C-7500,C,7500.0,2023-01-20,2022-12-06 09:32:52.9,13.6,6,14.6,6,13.6,4,275,TRADING
MO2301-P-7500,P,7500.0,2023-01-20,2022-12-06 09:32:52.9,816.0,3,826.0,6,837.2,0,13,TRADING
MO2309-P-7600,P,7600.0,2023-09-15,2022-12-06 09:32:52.9,1260.0,2,1282.0,7,1273.4,0,13,TRADING
MO2212-C-5300,C,5300.0,2022-12-16,2022-12-06 09:32:52.9,1405.4,6,1415.0,10,1367.0,0,39,TRADING
MO2212-C-5400,C,5400.0,2022-12-16,2022-12-06 09:32:52.9,1305.2,6,1314.6,4,1266.2,0,41,TRADING
MO2212-P-5300,P,5300.0,2022-12-16,2022-12-06 09:32:52.9,0.6,13,0.8,18,0.6,0,483,TRADING
MO2303-C-5200,C,5200.0,2023-03-17,2022-12-06 09:32:52.9,1427.0,6,1437.0,6,1452.4,0,32,TRADING
MO2303-P-5200,P,5200.0,2023-03-17,2022-12-06 09:32:52.9,9.0,6,9.6,12,9.2,5,277,TRADING
MO2306-C-5200,C,5200.0,2023-06-16,2022-12-06 09:32:52.9,1348.6,6,1366.0,6,1236.6,0,34,TRADING
MO2306-P-5200,P,5200.0,2023-06-16,2022-12-06 09:32:52.9,50.2,1,53.4,18,52.2,0,173,TRADING
MO2309-C-5200,C,5200.0,2023-09-15,2022-12-06 09:32:52.9,1315.4,6,1332.8,2,1330.2,0,99,TRADING
MO2309-P-5200,P,5200.0,2023-09-15,2022-12-06 09:32:52.9,99.8,1,104.0,5,104.2,0,132,TRADING
MO2301-C-5600,C,5600.0,2023-01-20,2022-12-06 09:32:52.9,1087.2,6,1096.2,9,903.0,0,38,TRADING
MO2301-P-5600,P,5600.0,2023-01-20,2022-12-06 09:32:52.9,5.4,6,5.8,16,5.8,5,208,TRADING
MO2301-C-7400,C,7400.0,2023-01-20,2022-12-06 09:32:52.9,19.4,6,20.4,6,18.8,1,232,TRADING
MO2212-P-5600,P,5600.0,2022-12-16,2022-12-06 09:32:52.9,0.6,3,0.8,16,0.8,0,324,TRADING
MO2301-C-5700,C,5700.0,2023-01-20,2022-12-06 09:32:52.9,989.4,6,999.0,6,968.2,0,8,TRADING
MO2301-C-5800,C,5800.0,2023-01-20,2022-12-06 09:32:52.9,892.4,6,902.2,6,918.0,0,23,TRADING
MO2301-C-5900,C,5900.0,2023-01-20,2022-12-06 09:32:52.9,796.8,6,806.6,15,805.4,0,29,TRADING
MO2301-C-6000,C,6000.0,2023-01-20,2022-12-06 09:32:52.9,702.2,7,712.4,12,718.8,0,36,TRADING
MO2301-C-6100,C,6100.0,2023-01-20,2022-12-06 09:32:52.9,611.6,6,620.2,6,626.8,0,21,TRADING
MO2301-C-6200,C,6200.0,2023-01-20,2022-12-06 09:32:52.9,523.8,1,532.2,21,520.0,0,47,TRADING
MO2301-C-6300,C,6300.0,2023-01-20,2022-12-06 09:32:52.9,443.0,6,448.4,6,439.0,0,94,TRADING
MO2301-C-6400,C,6400.0,2023-01-20,2022-12-06 09:32:52.9,367.4,1,370.8,6,366.8,1,82,TRADING
MO2301-C-6500,C,6500.0,2023-01-20,2022-12-06 09:32:52.9,298.2,6,301.2,6,297.6,2,192,TRADING
MO2301-C-6600,C,6600.0,2023-01-20,2022-12-06 09:32:52.9,237.2,6,240.2,12,237.0,3,254,TRADING
MO2301-C-6700,C,6700.0,2023-01-20,2022-12-06 09:32:52.9,183.8,1,187.8,12,180.0,5,446,TRADING
MO2301-C-6800,C,6800.0,2023-01-20,2022-12-06 09:32:52.9,140.8,6,143.2,6,140.6,0,277,TRADING
MO2301-C-6900,C,6900.0,2023-01-20,2022-12-06 09:32:52.9,104.2,6,107.2,6,106.6,0,193,TRADING
MO2301-C-7000,C,7000.0,2023-01-20,2022-12-06 09:32:52.9,77.0,12,78.8,18,78.0,0,274,TRADING
MO2301-C-7100,C,7100.0,2023-01-20,2022-12-06 09:32:52.9,55.4,1,56.8,6,56.4,0,345,TRADING
MO2301-P-5700,P,5700.0,2023-01-20,2022-12-06 09:32:52.9,6.8,52,7.6,18,7.6,1,146,TRADING
MO2301-P-5800,P,5800.0,2023-01-20,2022-12-06 09:32:52.9,9.6,24,10.4,36,11.6,6,282,TRADING
MO2301-P-5900,P,5900.0,2023-01-20,2022-12-06 09:32:52.9,13.2,6,14.4,24,14.6,0,248,TRADING
MO2301-P-6000,P,6000.0,2023-01-20,2022-12-06 09:32:52.9,19.2,12,20.4,18,20.8,23,514,TRADING
MO2301-P-6100,P,6100.0,2023-01-20,2022-12-06 09:32:52.9,27.6,6,29.0,6,29.2,0,590,TRADING
MO2301-P-6200,P,6200.0,2023-01-20,2022-12-06 09:32:52.9,38.2,21,40.6,10,39.4,3,433,TRADING
MO2301-P-6300,P,6300.0,2023-01-20,2022-12-06 09:32:52.9,54.8,33,57.2,6,57.6,0,398,TRADING
MO2301-P-6400,P,6400.0,2023-01-20,2022-12-06 09:32:52.9,76.0,3,78.8,12,76.0,5,839,TRADING
MO2301-P-6500,P,6500.0,2023-01-20,2022-12-06 09:32:52.9,106.8,3,110.0,6,110.0,0,540,TRADING
MO2301-P-6600,P,6600.0,2023-01-20,2022-12-06 09:32:52.9,144.6,6,148.4,6,147.8,0,311,TRADING
MO2301-P-6700,P,6700.0,2023-01-20,2022-12-06 09:32:52.9,191.2,3,195.8,12,196.8,0,150,TRADING
MO2301-P-6800,P,6800.0,2023-01-20,2022-12-06 09:32:52.9,246.8,6,252.0,6,254.2,4,91,TRADING
MO2301-P-6900,P,6900.0,2023-01-20,2022-12-06 09:32:52.9,309.8,6,318.6,6,319.8,0,48,TRADING
MO2301-P-7000,P,7000.0,2023-01-20,2022-12-06 09:32:52.9,381.8,6,392.2,6,389.6,0,39,TRADING
MO2301-P-7100,P,7100.0,2023-01-20,2022-12-06 09:32:52.9,459.6,6,471.0,12,478.2,0,15,TRADING
MO2301-C-7200,C,7200.0,2023-01-20,2022-12-06 09:32:52.9,39.6,6,41.4,6,41.6,1,255,TRADING
MO2301-P-7200,P,7200.0,2023-01-20,2022-12-06 09:32:52.9,542.8,6,553.4,6,562.2,0,44,TRADING
MO2212-C-7300,C,7300.0,2022-12-16,2022-12-06 09:32:52.9,3.2,16,3.4,10,3.2,3,783,TRADING
MO2212-P-7300,P,7300.0,2022-12-16,2022-12-06 09:32:52.9,587.8,4,595.0,12,586.4,0,24,TRADING
MO2301-C-7300,C,7300.0,2023-01-20,2022-12-06 09:32:52.9,27.6,1,29.2,6,28.0,0,140,TRADING
MO2301-P-7300,P,7300.0,2023-01-20,2022-12-06 09:32:52.9,631.2,3,641.2,6,642.2,0,10,TRADING
MO2309-P-7400,P,7400.0,2023-09-15,2022-12-06 09:32:52.9,1101.4,2,1119.0,1,1132.4,0,44,TRADING
MO2301-P-7400,P,7400.0,2023-01-20,2022-12-06 09:32:52.9,722.2,12,732.4,2,742.2,0,29,TRADING
MO2302-C-5900,C,5900.0,2023-02-17,2022-12-06 09:32:52.9,791.2,6,804.8,12,776.6,0,4,TRADING
MO2302-C-6000,C,6000.0,2023-02-17,2022-12-06 09:32:52.9,704.4,6,717.4,6,475.4,0,9,TRADING
MO2302-C-6100,C,6100.0,2023-02-17,2022-12-06 09:32:52.9,620.0,6,633.2,12,500.0,0,2,TRADING
MO2302-C-6200,C,6200.0,2023-02-17,2022-12-06 09:32:52.9,539.2,6,553.4,12,479.6,0,4,TRADING
MO2302-C-6300,C,6300.0,2023-02-17,2022-12-06 09:32:52.9,464.8,6,478.8,28,471.0,0,7,TRADING
MO2302-C-6400,C,6400.0,2023-02-17,2022-12-06 09:32:52.9,393.4,13,407.6,6,327.8,0,30,TRADING
MO2302-C-6500,C,6500.0,2023-02-17,2022-12-06 09:32:52.9,332.4,12,342.8,6,334.4,0,116,TRADING
MO2302-C-6600,C,6600.0,2023-02-17,2022-12-06 09:32:52.9,275.4,2,286.6,12,268.2,0,102,TRADING
MO2302-C-6700,C,6700.0,2023-02-17,2022-12-06 09:32:52.9,225.8,6,235.8,28,219.2,0,118,TRADING
MO2302-C-6800,C,6800.0,2023-02-17,2022-12-06 09:32:52.9,181.8,6,191.6,24,177.0,0,40,TRADING
MO2302-C-6900,C,6900.0,2023-02-17,2022-12-06 09:32:52.9,144.0,2,153.6,13,151.2,0,12,TRADING
MO2302-C-7000,C,7000.0,2023-02-17,2022-12-06 09:32:52.9,114.0,1,121.6,6,115.0,0,140,TRADING
MO2302-C-7100,C,7100.0,2023-02-17,2022-12-06 09:32:52.9,88.8,6,94.2,16,93.0,0,76,TRADING
MO2302-C-7200,C,7200.0,2023-02-17,2022-12-06 09:32:52.9,66.8,12,72.8,4,68.6,0,26,TRADING
MO2302-C-7300,C,7300.0,2023-02-17,2022-12-06 09:32:52.9,51.6,12,54.4,6,52.2,0,37,TRADING
MO2302-C-7400,C,7400.0,2023-02-17,2022-12-06 09:32:52.9,38.4,6,41.4,16,40.2,0,59,TRADING
MO2302-P-5900,P,5900.0,2023-02-17,2022-12-06 09:32:52.9,29.0,6,32.0,6,31.6,0,56,TRADING
MO2302-P-6000,P,6000.0,2023-02-17,2022-12-06 09:32:52.9,40.6,6,43.2,6,41.4,0,84,TRADING
MO2302-P-6100,P,6100.0,2023-02-17,2022-12-06 09:32:52.9,54.4,12,60.0,7,57.2,0,48,TRADING
MO2302-P-6200,P,6200.0,2023-02-17,2022-12-06 09:32:52.9,76.6,7,79.8,6,77.4,0,98,TRADING
MO2302-P-6300,P,6300.0,2023-02-17,2022-12-06 09:32:52.9,98.6,12,103.4,6,99.6,0,68,TRADING
MO2302-P-6400,P,6400.0,2023-02-17,2022-12-06 09:32:52.9,127.2,6,134.0,7,132.6,0,102,TRADING
MO2302-P-6500,P,6500.0,2023-02-17,2022-12-06 09:32:52.9,163.8,6,172.8,7,175.4,0,119,TRADING
MO2302-P-6600,P,6600.0,2023-02-17,2022-12-06 09:32:52.9,206.2,10,215.6,19,218.2,0,52,TRADING
MO2302-P-6700,P,6700.0,2023-02-17,2022-12-06 09:32:52.9,254.0,30,265.6,13,263.8,0,47,TRADING
MO2302-P-6800,P,6800.0,2023-02-17,2022-12-06 09:32:52.9,310.8,12,319.2,8,314.0,0,8,TRADING
MO2302-P-6900,P,6900.0,2023-02-17,2022-12-06 09:32:52.9,371.2,6,383.2,7,386.4,0,2,TRADING
MO2302-P-7000,P,7000.0,2023-02-17,2022-12-06 09:32:52.9,439.4,6,450.6,6,500.0,0,14,TRADING
MO2302-P-7100,P,7100.0,2023-02-17,2022-12-06 09:32:52.9,510.6,6,524.4,6,535.8,0,4,TRADING
MO2302-P-7200,P,7200.0,2023-02-17,2022-12-06 09:32:52.9,590.2,6,602.8,6,730.2,0,15,TRADING
MO2302-P-7300,P,7300.0,2023-02-17,2022-12-06 09:32:52.9,671.6,6,685.6,6,1000.0,0,2,TRADING
MO2302-P-7400,P,7400.0,2023-02-17,2022-12-06 09:32:52.9,758.4,12,772.4,6,941.6,0,2,TRADING
MO2302-C-5800,C,5800.0,2023-02-17,2022-12-06 09:32:52.9,882.0,6,897.0,30,867.4,0,2,TRADING
MO2302-P-5800,P,5800.0,2023-02-17,2022-12-06 09:32:52.9,20.8,13,23.6,12,20.8,2,16,TRADING
MO2212-P-8200,P,8200.0,2022-12-16,2022-12-06 09:32:52.9,1483.6,10,1493.2,12,1518.8,0,55,TRADING
MO2212-C-6200,C,6200.0,2022-12-16,2022-12-06 09:32:52.9,510.8,6,517.6,10,491.0,0,219,TRADING
MO2212-C-6400,C,6400.0,2022-12-16,2022-12-06 09:32:52.9,320.8,2,326.2,6,312.6,1,521,TRADING
MO2212-C-6600,C,6600.0,2022-12-16,2022-12-06 09:32:52.9,160.8,1,162.6,6,160.6,73,1242,TRADING
MO2212-C-6800,C,6800.0,2022-12-16,2022-12-06 09:32:52.9,59.6,14,60.6,1,60.2,297,3652,TRADING
MO2212-C-7000,C,7000.0,2022-12-16,2022-12-06 09:32:52.9,18.8,11,19.0,5,18.4,97,2756,TRADING
MO2212-C-7200,C,7200.0,2022-12-16,2022-12-06 09:32:52.9,5.6,25,5.8,6,5.4,22,1881,TRADING
MO2212-C-7600,C,7600.0,2022-12-16,2022-12-06 09:32:52.9,1.2,1,1.4,64,1.2,0,589,TRADING
MO2212-P-6200,P,6200.0,2022-12-16,2022-12-06 09:32:52.9,2.6,55,2.8,10,3.0,21,2036,TRADING
MO2212-P-6400,P,6400.0,2022-12-16,2022-12-06 09:32:52.9,11.8,15,12.0,6,12.0,69,2551,TRADING
MO2212-P-6600,P,6600.0,2022-12-16,2022-12-06 09:32:52.9,48.4,1,49.2,4,49.0,158,2266,TRADING
MO2212-P-6800,P,6800.0,2022-12-16,2022-12-06 09:32:52.9,145.0,6,149.0,3,150.2,1,511,TRADING
MO2212-P-7000,P,7000.0,2022-12-16,2022-12-06 09:32:52.9,303.8,4,309.0,2,314.0,0,127,TRADING
MO2212-P-7200,P,7200.0,2022-12-16,2022-12-06 09:32:52.9,490.4,18,497.2,6,493.8,0,111,TRADING
MO2212-P-7400,P,7400.0,2022-12-16,2022-12-06 09:32:52.9,686.8,4,693.8,12,691.6,0,60,TRADING
MO2212-P-7600,P,7600.0,2022-12-16,2022-12-06 09:32:52.9,885.0,4,893.0,6,919.0,0,44,TRADING
MO2212-P-7800,P,7800.0,2022-12-16,2022-12-06 09:32:52.9,1084.8,10,1093.0,6,1297.4,0,81,TRADING
MO2303-C-6200,C,6200.0,2023-03-17,2022-12-06 09:32:52.9,548.6,6,558.0,6,476.2,0,219,TRADING
MO2303-C-6400,C,6400.0,2023-03-17,2022-12-06 09:32:52.9,415.6,6,425.0,6,413.0,0,167,TRADING
MO2303-C-6600,C,6600.0,2023-03-17,2022-12-06 09:32:52.9,310.6,1,315.8,6,310.0,0,138,TRADING
MO2303-C-6800,C,6800.0,2023-03-17,2022-12-06 09:32:52.9,218.2,6,228.2,6,224.2,0,217,TRADING
MO2303-C-7000,C,7000.0,2023-03-17,2022-12-06 09:32:52.9,151.0,7,159.6,4,153.8,0,366,TRADING
MO2303-C-7200,C,7200.0,2023-03-17,2022-12-06 09:32:52.9,103.6,6,109.0,6,107.4,0,190,TRADING
MO2303-C-7400,C,7400.0,2023-03-17,2022-12-06 09:32:52.9,68.0,12,73.6,16,70.6,0,254,TRADING
MO2303-C-7600,C,7600.0,2023-03-17,2022-12-06 09:32:52.9,45.6,6,48.8,15,48.2,0,405,TRADING
MO2303-P-6200,P,6200.0,2023-03-17,2022-12-06 09:32:52.9,119.6,4,126.6,6,128.8,0,122,TRADING
MO2303-P-6400,P,6400.0,2023-03-17,2022-12-06 09:32:52.9,185.0,10,194.8,12,197.2,0,137,TRADING
MO2303-P-6600,P,6600.0,2023-03-17,2022-12-06 09:32:52.9,273.8,4,284.0,6,290.8,0,141,TRADING
MO2303-P-6800,P,6800.0,2023-03-17,2022-12-06 09:32:52.9,383.8,4,395.2,6,407.2,0,97,TRADING
MO2303-P-7000,P,7000.0,2023-03-17,2022-12-06 09:32:52.9,513.6,4,527.8,9,518.0,0,223,TRADING
MO2303-P-7200,P,7200.0,2023-03-17,2022-12-06 09:32:52.9,663.0,12,675.6,6,666.4,0,55,TRADING
MO2303-P-7400,P,7400.0,2023-03-17,2022-12-06 09:32:52.9,826.8,12,839.2,6,998.0,0,52,TRADING
MO2303-P-7600,P,7600.0,2023-03-17,2022-12-06 09:32:52.9,1001.4,6,1015.2,6,1053.0,0,31,TRADING
MO2303-P-7800,P,7800.0,2023-03-17,2022-12-06 09:32:52.9,1184.4,6,1197.6,6,1251.0,0,54,TRADING
MO2306-C-6200,C,6200.0,2023-06-16,2022-12-06 09:32:52.9,576.4,1,589.4,18,582.6,0,108,TRADING
MO2306-C-6400,C,6400.0,2023-06-16,2022-12-06 09:32:52.9,461.0,1,476.8,6,468.6,0,67,TRADING
MO2306-C-6600,C,6600.0,2023-06-16,2022-12-06 09:32:52.9,375.6,1,380.4,12,375.6,1,119,TRADING
MO2306-C-6800,C,6800.0,2023-06-16,2022-12-06 09:32:52.9,286.0,6,298.4,1,294.2,0,208,TRADING
MO2306-C-7000,C,7000.0,2023-06-16,2022-12-06 09:32:52.9,221.2,6,231.2,1,229.2,0,533,TRADING
MO2306-C-7200,C,7200.0,2023-06-16,2022-12-06 09:32:52.9,169.6,1,177.2,1,183.2,0,210,TRADING
MO2306-C-7800,C,7800.0,2023-06-16,2022-12-06 09:32:52.9,74.4,6,79.8,1,72.4,0,489,TRADING
MO2306-P-6400,P,6400.0,2023-06-16,2022-12-06 09:32:52.9,342.4,4,353.6,1,353.6,0,243,TRADING
MO2306-P-6600,P,6600.0,2023-06-16,2022-12-06 09:32:52.9,441.2,15,455.2,1,454.0,0,107,TRADING
MO2306-P-6800,P,6800.0,2023-06-16,2022-12-06 09:32:52.9,558.4,4,571.4,2,564.4,0,73,TRADING
MO2306-P-7000,P,7000.0,2023-06-16,2022-12-06 09:32:52.9,688.2,4,703.4,6,720.2,0,55,TRADING
MO2306-P-7200,P,7200.0,2023-06-16,2022-12-06 09:32:52.9,834.8,4,852.6,6,1000.0,0,44,TRADING
MO2306-P-7400,P,7400.0,2023-06-16,2022-12-06 09:32:52.9,990.2,4,1008.6,7,1011.6,0,34,TRADING
MO2306-P-7600,P,7600.0,2023-06-16,2022-12-06 09:32:52.9,1156.2,4,1174.6,6,1346.6,0,35,TRADING
MO2306-P-7800,P,7800.0,2023-06-16,2022-12-06 09:32:52.9,1330.0,4,1348.8,6,1394.4,0,53,TRADING
MO2212-P-8000,P,8000.0,2022-12-16,2022-12-06 09:32:53.4,1284.0,4,1293.0,6,1547.4,0,128,TRADING
MO2303-C-8000,C,8000.0,2023-03-17,2022-12-06 09:32:53.4,20.8,6,22.0,6,21.4,0,290,TRADING
MO2303-P-8000,P,8000.0,2023-03-17,2022-12-06 09:32:53.4,1370.0,18,1384.4,12,1536.0,0,90,TRADING
MO2306-P-8000,P,8000.0,2023-06-16,2022-12-06 09:32:53.4,1508.0,16,1527.6,6,1764.6,0,49,TRADING
MO2212-C-6500,C,6500.0,2022-12-16,2022-12-06 09:32:53.4,234.2,6,239.2,4,234.0,19,1038,TRADING
MO2212-C-6700,C,6700.0,2022-12-16,2022-12-06 09:32:53.4,100.6,4,102.6,5,101.2,167,2877,TRADING
MO2212-C-6900,C,6900.0,2022-12-16,2022-12-06 09:32:53.4,34.0,3,34.2,6,32.8,179,2873,TRADING
MO2212-C-7100,C,7100.0,2022-12-16,2022-12-06 09:32:53.4,10.0,49,10.4,25,10.0,111,1294,TRADING
MO2212-P-6300,P,6300.0,2022-12-16,2022-12-06 09:32:53.4,5.6,20,5.8,10,5.6,48,2206,TRADING
MO2212-P-6500,P,6500.0,2022-12-16,2022-12-06 09:32:53.4,24.2,26,24.6,7,24.6,147,1726,TRADING
MO2212-P-6700,P,6700.0,2022-12-16,2022-12-06 09:32:53.4,87.4,6,89.6,9,88.0,139,3586,TRADING
MO2212-P-6900,P,6900.0,2022-12-16,2022-12-06 09:32:53.4,218.8,10,223.6,8,228.8,1,196,TRADING
MO2212-P-7100,P,7100.0,2022-12-16,2022-12-06 09:32:53.4,394.4,4,401.6,16,415.6,0,61,TRADING
MO2309-C-5800,C,5800.0,2023-09-15,2022-12-06 09:32:53.4,857.2,6,875.0,2,871.8,0,129,TRADING
MO2309-C-6000,C,6000.0,2023-09-15,2022-12-06 09:32:53.4,734.2,1,745.6,8,740.8,0,132,TRADING
MO2309-C-6200,C,6200.0,2023-09-15,2022-12-06 09:32:53.4,614.4,1,630.4,14,609.0,0,149,TRADING
MO2309-C-6400,C,6400.0,2023-09-15,2022-12-06 09:32:53.4,517.0,1,524.8,8,549.0,0,157,TRADING
MO2309-C-6600,C,6600.0,2023-09-15,2022-12-06 09:32:53.4,422.4,1,433.4,2,427.0,0,170,TRADING
MO2309-C-6800,C,6800.0,2023-09-15,2022-12-06 09:32:53.4,346.4,1,353.8,8,346.0,0,139,TRADING
MO2309-C-7200,C,7200.0,2023-09-15,2022-12-06 09:32:53.4,219.6,6,227.8,1,218.4,0,324,TRADING
MO2309-P-6000,P,6000.0,2023-09-15,2022-12-06 09:32:53.4,294.8,1,306.4,6,312.6,0,48,TRADING
MO2309-P-6200,P,6200.0,2023-09-15,2022-12-06 09:32:53.4,372.2,8,379.8,1,375.0,0,123,TRADING
MO2309-P-6400,P,6400.0,2023-09-15,2022-12-06 09:32:53.4,465.0,1,478.4,1,480.8,0,82,TRADING
MO2309-P-6600,P,6600.0,2023-09-15,2022-12-06 09:32:53.4,568.4,14,581.8,1,578.4,0,46,TRADING
MO2309-P-6800,P,6800.0,2023-09-15,2022-12-06 09:32:53.4,686.2,8,700.0,1,675.8,0,36,TRADING
MO2309-P-7000,P,7000.0,2023-09-15,2022-12-06 09:32:53.4,815.4,6,828.8,1,818.6,0,47,TRADING
MO2309-P-7200,P,7200.0,2023-09-15,2022-12-06 09:32:53.4,954.6,14,969.8,1,1000.0,0,58,TRADING
MO2212-C-5700,C,5700.0,2022-12-16,2022-12-06 09:32:53.4,1007.0,6,1015.8,4,1015.2,0,53,TRADING
MO2303-C-5600,C,5600.0,2023-03-17,2022-12-06 09:32:53.4,1047.8,12,1058.8,6,1052.0,0,66,TRADING
MO2303-P-5600,P,5600.0,2023-03-17,2022-12-06 09:32:53.4,25.6,4,28.4,34,31.2,0,134,TRADING
MO2306-C-5600,C,5600.0,2023-06-16,2022-12-06 09:32:53.4,1006.6,13,1022.8,16,999.6,0,32,TRADING
MO2306-P-5600,P,5600.0,2023-06-16,2022-12-06 09:32:53.4,101.4,1,105.8,12,103.0,0,75,TRADING
MO2309-C-5600,C,5600.0,2023-09-15,2022-12-06 09:32:53.4,1001.0,1,1020.2,8,934.4,0,116,TRADING
MO2309-P-5600,P,5600.0,2023-09-15,2022-12-06 09:32:53.4,177.0,1,183.8,1,181.8,0,155,TRADING
MO2212-C-5600,C,5600.0,2022-12-16,2022-12-06 09:32:53.4,1106.2,6,1115.0,3,1116.8,0,48,TRADING
MO2303-C-8200,C,8200.0,2023-03-17,2022-12-06 09:32:53.4,14.4,10,15.6,4,15.0,0,580,TRADING
MO2303-P-8200,P,8200.0,2023-03-17,2022-12-06 09:32:53.4,1561.0,12,1576.0,6,1571.8,0,103,TRADING
MO2306-P-8200,P,8200.0,2023-06-16,2022-12-06 09:32:53.4,1692.4,4,1712.6,6,1802.8,0,42,TRADING
MO2212-C-5800,C,5800.0,2022-12-16,2022-12-06 09:32:53.4,907.4,6,915.8,6,917.6,0,34,TRADING
MO2303-C-5800,C,5800.0,2023-03-17,2022-12-06 09:32:53.4,867.4,12,880.0,6,876.0,0,101,TRADING
MO2303-P-5800,P,5800.0,2023-03-17,2022-12-06 09:32:53.4,44.2,16,47.2,6,47.8,2,195,TRADING
MO2306-C-5800,C,5800.0,2023-06-16,2022-12-06 09:32:53.4,846.4,7,866.4,4,898.0,0,100,TRADING
MO2306-P-5800,P,5800.0,2023-06-16,2022-12-06 09:32:53.4,140.6,1,146.4,1,143.0,0,66,TRADING
MO2212-C-6000,C,6000.0,2022-12-16,2022-12-06 09:32:53.4,708.6,6,716.2,4,708.6,0,58,TRADING
MO2303-C-6000,C,6000.0,2023-03-17,2022-12-06 09:32:53.4,700.2,12,712.0,12,703.0,0,120,TRADING
MO2306-C-6000,C,6000.0,2023-06-16,2022-12-06 09:32:53.4,703.0,6,720.2,4,708.0,0,123,TRADING
MO2306-P-6000,P,6000.0,2023-06-16,2022-12-06 09:32:53.4,192.2,1,199.0,1,194.6,0,112,TRADING
MO2212-C-5900,C,5900.0,2022-12-16,2022-12-06 09:32:53.4,808.0,6,815.8,4,796.2,0,45,TRADING
MO2212-C-6100,C,6100.0,2022-12-16,2022-12-06 09:32:53.4,609.6,6,617.2,10,594.0,0,107,TRADING
MO2212-C-6300,C,6300.0,2022-12-16,2022-12-06 09:32:53.4,414.4,6,420.6,10,401.0,0,204,TRADING
MO2212-C-5500,C,5500.0,2022-12-16,2022-12-06 09:32:53.4,1206.0,6,1215.0,6,1196.0,0,42,TRADING
MO2303-C-5400,C,5400.0,2023-03-17,2022-12-06 09:32:53.4,1235.0,12,1245.8,18,1236.0,0,37,TRADING
MO2303-P-5400,P,5400.0,2023-03-17,2022-12-06 09:32:53.4,15.4,1,16.0,12,15.4,0,138,TRADING
MO2306-C-5400,C,5400.0,2023-06-16,2022-12-06 09:32:53.4,1173.2,6,1188.6,10,1115.0,0,46,TRADING
MO2306-P-5400,P,5400.0,2023-06-16,2022-12-06 09:32:53.4,72.6,12,76.2,6,76.0,15,166,TRADING
MO2309-C-5400,C,5400.0,2023-09-15,2022-12-06 09:32:53.4,1152.4,6,1173.2,13,1161.0,0,92,TRADING
MO2309-P-5400,P,5400.0,2023-09-15,2022-12-06 09:32:53.4,133.6,1,140.2,12,139.6,0,61,TRADING
MO2212-P-7500,P,7500.0,2022-12-16,2022-12-06 09:32:53.4,785.2,10,793.0,18,913.0,0,13,TRADING
MO2301-C-7500,C,7500.0,2023-01-20,2022-12-06 09:32:53.4,13.6,10,14.6,10,13.6,4,275,TRADING
MO2301-P-7500,P,7500.0,2023-01-20,2022-12-06 09:32:53.4,816.0,6,825.8,6,837.2,0,13,TRADING
MO2309-C-7600,C,7600.0,2023-09-15,2022-12-06 09:32:53.4,137.8,1,143.0,1,139.2,1,195,TRADING
MO2309-P-7600,P,7600.0,2023-09-15,2022-12-06 09:32:53.4,1260.0,2,1282.0,7,1273.4,0,13,TRADING
MO2212-C-5300,C,5300.0,2022-12-16,2022-12-06 09:32:53.4,1405.4,6,1415.0,10,1367.0,0,39,TRADING
MO2212-C-5400,C,5400.0,2022-12-16,2022-12-06 09:32:53.4,1305.4,6,1314.6,4,1266.2,0,41,TRADING
MO2303-C-5200,C,5200.0,2023-03-17,2022-12-06 09:32:53.4,1427.0,6,1438.0,6,1452.4,0,32,TRADING
MO2303-P-5200,P,5200.0,2023-03-17,2022-12-06 09:32:53.4,9.0,6,9.6,6,9.2,5,277,TRADING
MO2306-C-5200,C,5200.0,2023-06-16,2022-12-06 09:32:53.4,1349.4,6,1367.2,16,1236.6,0,34,TRADING
MO2306-P-5200,P,5200.0,2023-06-16,2022-12-06 09:32:53.4,50.2,1,53.4,18,52.2,0,173,TRADING
MO2309-C-5200,C,5200.0,2023-09-15,2022-12-06 09:32:53.4,1315.4,6,1333.4,8,1330.2,0,99,TRADING
MO2309-P-5200,P,5200.0,2023-09-15,2022-12-06 09:32:53.4,99.8,1,104.0,5,104.2,0,132,TRADING
MO2301-C-5600,C,5600.0,2023-01-20,2022-12-06 09:32:53.4,1087.4,6,1096.6,6,903.0,0,38,TRADING
MO2301-C-7400,C,7400.0,2023-01-20,2022-12-06 09:32:53.4,19.4,6,20.4,6,18.8,1,232,TRADING
MO2212-P-5600,P,5600.0,2022-12-16,2022-12-06 09:32:53.4,0.6,3,0.8,16,0.8,0,324,TRADING
MO2301-C-5700,C,5700.0,2023-01-20,2022-12-06 09:32:53.4,989.6,6,999.4,6,968.2,0,8,TRADING
MO2301-C-5800,C,5800.0,2023-01-20,2022-12-06 09:32:53.4,892.6,6,902.8,18,918.0,0,23,TRADING
MO2301-C-5900,C,5900.0,2023-01-20,2022-12-06 09:32:53.4,797.0,6,806.6,6,805.4,0,29,TRADING
MO2301-C-6000,C,6000.0,2023-01-20,2022-12-06 09:32:53.4,702.2,11,712.4,6,718.8,0,36,TRADING
MO2301-C-6100,C,6100.0,2023-01-20,2022-12-06 09:32:53.4,611.8,6,620.8,6,626.8,0,21,TRADING
MO2301-C-6200,C,6200.0,2023-01-20,2022-12-06 09:32:53.4,524.0,6,532.2,6,520.0,0,47,TRADING
MO2301-C-6300,C,6300.0,2023-01-20,2022-12-06 09:32:53.4,443.0,6,448.8,12,439.0,0,94,TRADING
MO2301-C-6400,C,6400.0,2023-01-20,2022-12-06 09:32:53.4,367.4,1,371.6,18,366.8,1,82,TRADING
MO2301-C-6500,C,6500.0,2023-01-20,2022-12-06 09:32:53.4,298.2,6,301.6,18,297.6,2,192,TRADING
MO2301-C-6600,C,6600.0,2023-01-20,2022-12-06 09:32:53.4,237.2,6,240.2,6,237.0,3,254,TRADING
MO2301-C-6700,C,6700.0,2023-01-20,2022-12-06 09:32:53.4,184.0,1,187.8,6,180.0,5,446,TRADING
MO2301-C-6800,C,6800.0,2023-01-20,2022-12-06 09:32:53.4,140.8,12,143.2,6,140.6,0,277,TRADING
MO2301-C-6900,C,6900.0,2023-01-20,2022-12-06 09:32:53.4,104.2,12,107.2,6,106.6,0,193,TRADING
MO2301-C-7000,C,7000.0,2023-01-20,2022-12-06 09:32:53.4,77.0,12,78.8,12,78.0,0,274,TRADING
MO2301-C-7100,C,7100.0,2023-01-20,2022-12-06 09:32:53.4,55.4,1,57.2,31,56.4,0,345,TRADING
MO2301-P-5700,P,5700.0,2023-01-20,2022-12-06 09:32:53.4,6.8,48,7.6,22,7.6,1,146,TRADING
MO2301-P-5800,P,5800.0,2023-01-20,2022-12-06 09:32:53.4,9.6,24,10.4,40,11.6,6,282,TRADING
MO2301-P-5900,P,5900.0,2023-01-20,2022-12-06 09:32:53.4,13.2,6,14.4,28,14.6,0,248,TRADING
MO2301-P-6000,P,6000.0,2023-01-20,2022-12-06 09:32:53.4,19.2,12,20.4,22,20.8,23,514,TRADING
MO2301-P-6100,P,6100.0,2023-01-20,2022-12-06 09:32:53.4,27.4,10,29.0,6,29.2,0,590,TRADING
MO2301-P-6200,P,6200.0,2023-01-20,2022-12-06 09:32:53.4,38.2,12,40.6,16,39.4,3,433,TRADING
MO2301-P-6300,P,6300.0,2023-01-20,2022-12-06 09:32:53.4,54.8,9,57.2,18,57.6,0,398,TRADING
MO2301-P-6400,P,6400.0,2023-01-20,2022-12-06 09:32:53.4,76.0,6,78.8,16,76.0,5,839,TRADING
MO2301-P-6500,P,6500.0,2023-01-20,2022-12-06 09:32:53.4,106.6,12,110.0,12,110.0,0,540,TRADING
MO2301-P-6600,P,6600.0,2023-01-20,2022-12-06 09:32:53.4,144.4,4,148.4,6,147.8,0,311,TRADING
MO2301-P-6700,P,6700.0,2023-01-20,2022-12-06 09:32:53.4,191.0,6,195.8,12,196.8,0,150,TRADING
MO2301-P-6800,P,6800.0,2023-01-20,2022-12-06 09:32:53.4,245.2,15,252.0,18,254.2,4,91,TRADING
MO2301-P-6900,P,6900.0,2023-01-20,2022-12-06 09:32:53.4,309.8,4,318.2,2,319.8,0,48,TRADING
MO2301-P-7000,P,7000.0,2023-01-20,2022-12-06 09:32:53.4,381.0,4,392.2,10,389.6,0,39,TRADING
MO2301-P-7100,P,7100.0,2023-01-20,2022-12-06 09:32:53.4,459.4,3,471.0,16,478.2,0,15,TRADING
MO2301-C-7200,C,7200.0,2023-01-20,2022-12-06 09:32:53.4,39.6,6,41.4,4,41.6,1,255,TRADING
MO2301-P-7200,P,7200.0,2023-01-20,2022-12-06 09:32:53.4,542.0,7,553.2,6,562.2,0,44,TRADING
MO2212-C-7300,C,7300.0,2022-12-16,2022-12-06 09:32:53.4,3.2,10,3.4,10,3.2,3,783,TRADING
MO2212-P-7300,P,7300.0,2022-12-16,2022-12-06 09:32:53.4,587.2,7,595.0,22,586.4,0,24,TRADING
MO2301-C-7300,C,7300.0,2023-01-20,2022-12-06 09:32:53.4,27.6,7,29.2,10,28.0,0,140,TRADING
MO2301-P-7300,P,7300.0,2023-01-20,2022-12-06 09:32:53.4,631.2,6,641.0,6,642.2,0,10,TRADING
MO2309-C-7400,C,7400.0,2023-09-15,2022-12-06 09:32:53.4,175.4,1,180.8,1,180.8,0,99,TRADING
MO2309-P-7400,P,7400.0,2023-09-15,2022-12-06 09:32:53.4,1101.4,2,1119.0,1,1132.4,0,44,TRADING
MO2301-P-7400,P,7400.0,2023-01-20,2022-12-06 09:32:53.4,722.2,6,732.2,6,742.2,0,29,TRADING
MO2302-C-5900,C,5900.0,2023-02-17,2022-12-06 09:32:53.4,791.2,6,805.8,16,776.6,0,4,TRADING
MO2302-C-6000,C,6000.0,2023-02-17,2022-12-06 09:32:53.4,704.6,6,717.6,22,475.4,0,9,TRADING
MO2302-C-6100,C,6100.0,2023-02-17,2022-12-06 09:32:53.4,620.2,6,633.4,16,500.0,0,2,TRADING
MO2302-C-6200,C,6200.0,2023-02-17,2022-12-06 09:32:53.4,539.2,6,553.4,6,479.6,0,4,TRADING
MO2302-C-6300,C,6300.0,2023-02-17,2022-12-06 09:32:53.4,465.0,6,478.8,6,471.0,0,7,TRADING
MO2302-C-6400,C,6400.0,2023-02-17,2022-12-06 09:32:53.4,393.4,13,407.6,6,327.8,0,30,TRADING
MO2302-C-6500,C,6500.0,2023-02-17,2022-12-06 09:32:53.4,332.4,14,343.2,34,334.4,0,116,TRADING
MO2302-C-6600,C,6600.0,2023-02-17,2022-12-06 09:32:53.4,277.6,1,287.2,10,268.2,0,102,TRADING
MO2302-C-6700,C,6700.0,2023-02-17,2022-12-06 09:32:53.4,227.6,1,235.8,18,219.2,0,118,TRADING
MO2302-C-6800,C,6800.0,2023-02-17,2022-12-06 09:32:53.4,182.0,6,191.6,18,177.0,0,40,TRADING
MO2302-C-6900,C,6900.0,2023-02-17,2022-12-06 09:32:53.4,147.0,1,153.6,12,151.2,0,12,TRADING
MO2302-C-7000,C,7000.0,2023-02-17,2022-12-06 09:32:53.4,114.0,1,121.6,6,115.0,0,140,TRADING
MO2302-C-7100,C,7100.0,2023-02-17,2022-12-06 09:32:53.4,88.8,18,94.2,6,93.0,0,76,TRADING
MO2302-C-7200,C,7200.0,2023-02-17,2022-12-06 09:32:53.4,66.8,12,73.4,42,68.6,0,26,TRADING
MO2302-C-7300,C,7300.0,2023-02-17,2022-12-06 09:32:53.4,51.6,12,54.4,6,52.2,0,37,TRADING
MO2302-C-7400,C,7400.0,2023-02-17,2022-12-06 09:32:53.4,38.4,6,41.4,12,40.2,0,59,TRADING
MO2302-P-5900,P,5900.0,2023-02-17,2022-12-06 09:32:53.4,29.0,6,32.0,6,31.6,0,56,TRADING
MO2302-P-6000,P,6000.0,2023-02-17,2022-12-06 09:32:53.4,40.6,6,43.2,6,41.4,0,84,TRADING
MO2302-P-6100,P,6100.0,2023-02-17,2022-12-06 09:32:53.4,54.4,12,60.0,7,57.2,0,48,TRADING
MO2302-P-6200,P,6200.0,2023-02-17,2022-12-06 09:32:53.4,76.6,7,79.8,6,77.4,0,98,TRADING
MO2302-P-6300,P,6300.0,2023-02-17,2022-12-06 09:32:53.4,98.4,4,101.4,1,99.6,0,68,TRADING
MO2302-P-6400,P,6400.0,2023-02-17,2022-12-06 09:32:53.4,127.2,6,134.0,7,132.6,0,102,TRADING
MO2302-P-6500,P,6500.0,2023-02-17,2022-12-06 09:32:53.4,163.8,6,172.8,7,175.4,0,119,TRADING
MO2302-P-6600,P,6600.0,2023-02-17,2022-12-06 09:32:53.4,206.2,6,215.2,1,218.2,0,52,TRADING
MO2302-P-6700,P,6700.0,2023-02-17,2022-12-06 09:32:53.4,254.0,24,265.4,6,263.8,0,47,TRADING
MO2302-P-6800,P,6800.0,2023-02-17,2022-12-06 09:32:53.4,309.4,16,319.2,8,314.0,0,8,TRADING
MO2302-P-6900,P,6900.0,2023-02-17,2022-12-06 09:32:53.4,371.2,6,383.2,13,386.4,0,2,TRADING
MO2302-P-7000,P,7000.0,2023-02-17,2022-12-06 09:32:53.4,439.2,10,450.6,12,500.0,0,14,TRADING
MO2302-P-7100,P,7100.0,2023-02-17,2022-12-06 09:32:53.4,510.2,10,524.4,6,535.8,0,4,TRADING
MO2302-P-7200,P,7200.0,2023-02-17,2022-12-06 09:32:53.4,588.8,16,602.8,6,730.2,0,15,TRADING
MO2302-P-7300,P,7300.0,2023-02-17,2022-12-06 09:32:53.4,670.6,10,685.6,6,1000.0,0,2,TRADING
MO2302-P-7400,P,7400.0,2023-02-17,2022-12-06 09:32:53.4,757.0,28,772.4,6,941.6,0,2,TRADING
MO2302-C-5800,C,5800.0,2023-02-17,2022-12-06 09:32:53.4,882.0,6,897.0,18,867.4,0,2,TRADING
MO2302-P-5800,P,5800.0,2023-02-17,2022-12-06 09:32:53.4,20.8,19,23.6,12,20.8,2,16,TRADING
MO2212-P-8200,P,8200.0,2022-12-16,2022-12-06 09:32:53.4,1483.6,10,1493.2,12,1518.8,0,55,TRADING
MO2212-C-6200,C,6200.0,2022-12-16,2022-12-06 09:32:53.4,511.0,6,518.2,10,491.0,0,219,TRADING
MO2212-C-6400,C,6400.0,2022-12-16,2022-12-06 09:32:53.4,321.0,6,326.8,10,312.6,1,521,TRADING
MO2212-C-6600,C,6600.0,2022-12-16,2022-12-06 09:32:53.4,161.0,1,163.2,10,160.6,73,1242,TRADING
MO2212-C-6800,C,6800.0,2022-12-16,2022-12-06 09:32:53.4,59.8,9,61.0,3,60.6,298,3652,TRADING
MO2212-C-7000,C,7000.0,2022-12-16,2022-12-06 09:32:53.4,18.8,11,19.0,1,18.4,97,2756,TRADING
MO2212-C-7600,C,7600.0,2022-12-16,2022-12-06 09:32:53.4,1.2,1,1.4,54,1.2,0,589,TRADING
MO2212-P-6200,P,6200.0,2022-12-16,2022-12-06 09:32:53.4,2.6,55,2.8,10,3.0,21,2036,TRADING
MO2212-P-6400,P,6400.0,2022-12-16,2022-12-06 09:32:53.4,11.6,21,12.2,22,12.0,69,2551,TRADING
MO2212-P-6600,P,6600.0,2022-12-16,2022-12-06 09:32:53.4,48.0,7,49.2,5,48.4,160,2268,TRADING
MO2212-P-6800,P,6800.0,2022-12-16,2022-12-06 09:32:53.4,145.2,7,148.8,13,150.2,1,511,TRADING
MO2212-P-7000,P,7000.0,2022-12-16,2022-12-06 09:32:53.4,302.6,4,308.8,6,314.0,0,127,TRADING
MO2212-P-7200,P,7200.0,2022-12-16,2022-12-06 09:32:53.4,489.6,6,497.2,18,493.8,0,111,TRADING
MO2212-P-7400,P,7400.0,2022-12-16,2022-12-06 09:32:53.4,686.0,10,693.8,22,691.6,0,60,TRADING
MO2212-P-7600,P,7600.0,2022-12-16,2022-12-06 09:32:53.4,883.8,10,892.2,2,919.0,0,44,TRADING
MO2212-P-7800,P,7800.0,2022-12-16,2022-12-06 09:32:53.4,1084.8,4,1093.0,6,1297.4,0,81,TRADING
MO2303-C-6200,C,6200.0,2023-03-17,2022-12-06 09:32:53.4,548.6,12,558.2,24,476.2,0,219,TRADING
MO2303-C-6400,C,6400.0,2023-03-17,2022-12-06 09:32:53.4,415.6,12,427.0,36,413.0,0,167,TRADING
MO2303-C-6600,C,6600.0,2023-03-17,2022-12-06 09:32:53.4,310.6,1,316.0,6,310.0,0,138,TRADING
MO2303-C-6800,C,6800.0,2023-03-17,2022-12-06 09:32:53.4,218.2,6,228.4,12,224.2,0,217,TRADING
MO2303-C-7200,C,7200.0,2023-03-17,2022-12-06 09:32:53.4,103.6,12,109.2,12,107.4,0,190,TRADING
MO2303-C-7400,C,7400.0,2023-03-17,2022-12-06 09:32:53.4,68.0,12,73.6,16,70.6,0,254,TRADING
MO2303-P-6200,P,6200.0,2023-03-17,2022-12-06 09:32:53.4,119.4,16,126.6,6,128.8,0,122,TRADING
MO2303-P-6400,P,6400.0,2023-03-17,2022-12-06 09:32:53.4,185.0,10,194.8,12,197.2,0,137,TRADING
MO2303-P-6600,P,6600.0,2023-03-17,2022-12-06 09:32:53.4,273.8,4,284.0,12,290.8,0,141,TRADING
MO2303-P-6800,P,6800.0,2023-03-17,2022-12-06 09:32:53.4,383.0,12,395.2,6,407.2,0,97,TRADING
MO2303-P-7000,P,7000.0,2023-03-17,2022-12-06 09:32:53.4,512.4,12,527.8,9,518.0,0,223,TRADING
MO2303-P-7200,P,7200.0,2023-03-17,2022-12-06 09:32:53.4,662.4,12,675.6,12,666.4,0,55,TRADING
MO2303-P-7400,P,7400.0,2023-03-17,2022-12-06 09:32:53.4,825.8,6,839.2,6,998.0,0,52,TRADING
MO2303-P-7600,P,7600.0,2023-03-17,2022-12-06 09:32:53.4,1000.8,30,1015.2,6,1053.0,0,31,TRADING
MO2303-P-7800,P,7800.0,2023-03-17,2022-12-06 09:32:53.4,1183.0,12,1197.6,6,1251.0,0,54,TRADING
MO2306-C-6200,C,6200.0,2023-06-16,2022-12-06 09:32:53.4,576.4,1,589.4,6,582.6,0,108,TRADING
MO2306-C-6400,C,6400.0,2023-06-16,2022-12-06 09:32:53.4,461.2,6,477.4,34,468.6,0,67,TRADING
MO2306-C-6600,C,6600.0,2023-06-16,2022-12-06 09:32:53.4,375.6,1,380.8,15,375.6,1,119,TRADING
MO2306-C-6800,C,6800.0,2023-06-16,2022-12-06 09:32:53.4,286.0,6,298.4,1,294.2,0,208,TRADING
MO2306-C-7200,C,7200.0,2023-06-16,2022-12-06 09:32:53.4,169.6,7,177.2,1,183.2,0,210,TRADING
MO2306-C-7600,C,7600.0,2023-06-16,2022-12-06 09:32:53.4,98.8,6,104.2,6,101.2,0,357,TRADING
MO2306-C-7800,C,7800.0,2023-06-16,2022-12-06 09:32:53.4,74.4,6,79.8,1,72.4,0,489,TRADING
MO2306-P-6200,P,6200.0,2023-06-16,2022-12-06 09:32:53.4,259.2,1,269.0,1,263.0,0,264,TRADING
MO2306-P-6600,P,6600.0,2023-06-16,2022-12-06 09:32:53.4,441.2,10,455.2,1,454.0,0,107,TRADING
MO2306-P-6800,P,6800.0,2023-06-16,2022-12-06 09:32:53.4,558.4,4,571.4,2,564.4,0,73,TRADING
MO2306-P-7000,P,7000.0,2023-06-16,2022-12-06 09:32:53.4,688.2,4,703.4,6,720.2,0,55,TRADING
MO2306-P-7200,P,7200.0,2023-06-16,2022-12-06 09:32:53.4,833.4,22,852.6,6,1000.0,0,44,TRADING
MO2306-P-7400,P,7400.0,2023-06-16,2022-12-06 09:32:53.4,987.6,22,1008.6,7,1011.6,0,34,TRADING
MO2306-P-7600,P,7600.0,2023-06-16,2022-12-06 09:32:53.4,1154.0,16,1174.6,6,1346.6,0,35,TRADING
MO2306-P-7800,P,7800.0,2023-06-16,2022-12-06 09:32:53.4,1328.2,16,1348.8,6,1394.4,0,53,TRADING
MO2212-P-8000,P,8000.0,2022-12-16,2022-12-06 09:32:53.9,1283.2,3,1293.0,10,1547.4,0,128,TRADING
MO2303-C-8000,C,8000.0,2023-03-17,2022-12-06 09:32:53.9,20.8,6,22.0,6,21.4,0,290,TRADING
MO2303-P-8000,P,8000.0,2023-03-17,2022-12-06 09:32:53.9,1370.0,12,1384.4,12,1536.0,0,90,TRADING
MO2306-C-8000,C,8000.0,2023-06-16,2022-12-06 09:32:53.9,58.0,12,64.4,16,56.4,0,411,TRADING
MO2306-P-8000,P,8000.0,2023-06-16,2022-12-06 09:32:53.9,1508.0,16,1527.6,6,1764.6,0,49,TRADING
MO2212-C-6500,C,6500.0,2022-12-16,2022-12-06 09:32:53.9,234.2,8,239.6,6,234.0,19,1038,TRADING
MO2212-C-6700,C,6700.0,2022-12-16,2022-12-06 09:32:53.9,100.8,13,102.6,1,101.2,167,2877,TRADING
MO2212-C-6900,C,6900.0,2022-12-16,2022-12-06 09:32:53.9,34.0,3,34.6,9,32.8,179,2873,TRADING
MO2212-C-7100,C,7100.0,2022-12-16,2022-12-06 09:32:53.9,10.2,9,10.4,19,10.0,111,1294,TRADING
MO2212-P-6300,P,6300.0,2022-12-16,2022-12-06 09:32:53.9,5.6,16,5.8,22,5.6,48,2206,TRADING
MO2212-P-6500,P,6500.0,2022-12-16,2022-12-06 09:32:53.9,24.2,20,24.6,12,24.6,147,1726,TRADING
MO2212-P-6700,P,6700.0,2022-12-16,2022-12-06 09:32:53.9,87.2,1,89.4,14,88.0,139,3586,TRADING
MO2212-P-6900,P,6900.0,2022-12-16,2022-12-06 09:32:53.9,218.0,6,222.8,2,228.8,1,196,TRADING
MO2212-P-7100,P,7100.0,2022-12-16,2022-12-06 09:32:53.9,394.0,9,401.2,6,415.6,0,61,TRADING
MO2309-C-6000,C,6000.0,2023-09-15,2022-12-06 09:32:53.9,734.2,1,745.8,2,740.8,0,132,TRADING
MO2309-C-6200,C,6200.0,2023-09-15,2022-12-06 09:32:53.9,614.4,1,630.4,14,609.0,0,149,TRADING
MO2309-C-6400,C,6400.0,2023-09-15,2022-12-06 09:32:53.9,517.0,1,524.8,2,549.0,0,157,TRADING
MO2309-C-6600,C,6600.0,2023-09-15,2022-12-06 09:32:53.9,422.4,1,434.8,25,427.0,0,170,TRADING
MO2309-C-6800,C,6800.0,2023-09-15,2022-12-06 09:32:53.9,346.4,1,353.8,2,346.0,0,139,TRADING
MO2309-C-7000,C,7000.0,2023-09-15,2022-12-06 09:32:53.9,275.6,1,284.2,1,279.0,0,200,TRADING
MO2309-C-7200,C,7200.0,2023-09-15,2022-12-06 09:32:53.9,219.6,6,227.8,1,218.4,0,324,TRADING
MO2309-P-6200,P,6200.0,2023-09-15,2022-12-06 09:32:53.9,372.2,3,379.8,1,375.0,0,123,TRADING
MO2309-P-6400,P,6400.0,2023-09-15,2022-12-06 09:32:53.9,465.0,1,478.2,6,480.8,0,82,TRADING
