SecurityID,DateTime,SettlementGroupID,SettlementID,LastPrice,PreSettlementPrice,PreClosePrice,PreOpenInterest,OpenPrice,HighPrice,LowPrice,Volume,Turnover,AveragePrice,OpenInterest,ClosePrice,SettlementPrice,UpperLimitPrice,LowerLimitPrice,PreDelta,CurrDelta,BidPrice1,BidPrice2,BidPrice3,BidPrice4,BidPrice5,BidVolume1,BidVolume2,BidVolume3,BidVolume4,BidVolume5,AskPrice1,AskPrice2,AskPrice3,AskPrice4,AskPrice5,AskVolume1,AskVolume2,AskVolume3,AskVolume4,AskVolume5,DerivedQuoteStatus
MO2302-C-6500,20221206093249400,SG01,1,334.4,334.0,334.4,116,0.0,0.0,0.0,0,0,334.4,116,0,0,1005.4,0.2,0,0,330.6,329.4,329.2,328.0,327.4,7,24,12,30,12,342.0,342.4,342.6,342.8,343.2,12,5,12,36,18,EXECUTABLE
MO2302-C-6600,20221206093249400,SG01,1,268.2,280.6,268.2,102,0.0,0.0,0.0,0,0,268.2,102,0,0,952.0,0.2,0,0,273.6,273.4,273.0,272.8,272.4,1,6,6,13,36,285.2,285.4,286.0,286.6,287.4,7,16,18,30,6,EXECUTABLE
MO2302-C-6700,20221206093249400,SG01,1,219.2,228.8,219.2,118,0.0,0.0,0.0,0,0,219.2,118,0,0,900.2,0.2,0,0,223.8,223.6,223.4,223.0,222.8,1,1,12,42,18,234.0,234.2,234.8,235.0,235.6,12,16,24,25,6,EXECUTABLE
MO2302-C-6800,20221206093249400,SG01,1,177.0,186.0,177.0,40,0.0,0.0,0.0,0,0,177.0,40,0,0,857.4,0.2,0,0,181.8,181.4,180.8,180.0,179.8,6,7,6,30,18,189.8,190.0,190.6,190.8,192.0,12,12,22,24,19,EXECUTABLE
MO2302-C-6900,20221206093249400,SG01,1,151.2,146.6,151.2,12,0.0,0.0,0.0,0,0,151.2,12,0,0,818.0,0.2,0,0,144.0,143.8,143.6,143.0,142.8,1,18,1,6,42,153.4,153.6,153.8,154.2,154.4,6,13,10,30,30,EXECUTABLE
MO2302-C-7000,20221206093249400,SG01,1,115.0,115.6,115.0,140,0.0,0.0,0.0,0,0,115.0,140,0,0,787.0,0.2,0,0,114.0,113.4,112.8,112.6,111.8,1,6,12,1,36,121.6,121.8,122.0,122.2,122.4,6,22,7,31,6,EXECUTABLE
MO2302-C-7100,20221206093249400,SG01,1,93.0,90.2,93.0,76,0.0,0.0,0.0,0,0,93.0,76,0,0,761.6,0.2,0,0,87.8,87.2,87.0,86.8,86.4,6,37,18,18,12,92.8,93.4,93.8,94.2,94.4,1,10,6,51,18,EXECUTABLE
MO2302-C-7200,20221206093249400,SG01,1,68.6,69.4,68.6,26,0.0,0.0,0.0,0,0,68.6,26,0,0,740.8,0.2,0,0,66.8,66.6,66.4,66.2,66.0,6,12,1,24,18,72.6,72.8,73.4,73.6,73.8,6,16,30,15,21,EXECUTABLE
MO2302-C-7300,20221206093249400,SG01,1,52.2,53.2,52.2,37,0.0,0.0,0.0,0,0,52.2,37,0,0,724.6,0.2,0,0,50.8,50.6,50.4,50.2,50.0,21,9,12,24,6,54.4,54.6,54.8,55.0,55.2,6,7,15,18,24,EXECUTABLE
MO2302-P-6300,20221206093249400,SG01,1,99.6,101.2,99.6,68,0.0,0.0,0.0,0,0,99.6,68,0,0,772.6,0.2,0,0,98.8,98.6,98.4,98.2,97.8,6,22,18,6,24,104.0,104.2,104.4,104.6,104.8,1,18,30,18,6,EXECUTABLE
MO2302-P-6400,20221206093249400,SG01,1,132.6,130.4,132.6,102,0.0,0.0,0.0,0,0,132.6,102,0,0,801.8,0.2,0,0,127.2,127.0,126.2,125.8,125.6,13,12,23,30,12,134.0,134.8,136.0,136.2,136.4,1,6,12,30,12,EXECUTABLE
MO2302-P-6500,20221206093249400,SG01,1,175.4,169.0,175.4,119,0.0,0.0,0.0,0,0,175.4,119,0,0,840.4,0.2,0,0,165.0,164.8,163.8,163.0,162.6,7,16,6,24,30,172.8,173.4,173.6,173.8,174.2,1,1,36,18,18,EXECUTABLE
MO2302-P-6600,20221206093249400,SG01,1,218.2,214.0,218.2,52,0.0,0.0,0.0,0,0,218.2,52,0,0,885.4,0.2,0,0,209.0,208.8,208.0,207.4,206.6,1,10,12,24,18,216.4,216.8,217.0,217.2,217.4,7,12,18,24,18,EXECUTABLE
MO2302-P-6800,20221206093249400,SG01,1,314.0,314.0,314.0,8,0.0,0.0,0.0,0,0,314.0,8,0,0,985.4,0.2,0,0,312.6,312.2,312.0,311.0,310.8,1,10,30,18,6,322.0,322.6,322.8,323.4,323.8,1,6,13,48,6,EXECUTABLE
MO2302-P-6900,20221206093249400,SG01,1,386.4,381.8,386.4,2,0.0,0.0,0.0,0,0,386.4,2,0,0,1053.2,0.2,0,0,371.8,371.2,370.6,370.4,369.4,6,23,18,24,6,384.0,384.8,385.8,386.0,386.4,1,6,30,18,18,EXECUTABLE
MO2302-P-7000,20221206093249400,SG01,1,500.0,450.2,500.0,14,0.0,0.0,0.0,0,0,500.0,14,0,0,1121.6,0.2,0,0,440.2,440.0,439.4,439.2,438.6,6,17,6,36,12,452.4,453.6,454.0,454.4,454.6,1,18,6,30,18,EXECUTABLE
MO2302-P-7100,20221206093249400,SG01,1,535.8,521.4,535.8,4,0.0,0.0,0.0,0,0,535.8,4,0,0,1192.8,0.2,0,0,512.8,512.2,510.8,510.2,510.0,6,22,24,24,12,526.6,526.8,527.8,528.4,528.6,7,6,30,12,18,EXECUTABLE
MO2302-P-7200,20221206093249400,SG01,1,730.2,599.2,730.2,15,0.0,0.0,0.0,0,0,730.2,15,0,0,1270.6,0.2,0,0,591.2,591.0,590.4,590.2,589.6,6,22,6,24,6,604.2,604.8,605.2,607.4,607.6,6,1,12,24,18,EXECUTABLE
MO2212-C-8200,20221206093249400,SG01,1,0.6,0.6,0.6,321,0.0,0.0,0.0,0,0,0.6,321,0,0,672.0,0.2,0,0,0.6,0.4,0.2,0.0,0.0,10,39,16,0,0,0.8,1.0,0.0,0.0,0.0,50,21,0,0,0,EXECUTABLE
MO2212-P-8200,20221206093249400,SG01,1,1518.8,1504.4,1518.8,55,0.0,0.0,0.0,0,0,1518.8,55,0,0,2175.8,833.0,0,0,1489.2,1489.0,1488.6,1488.2,1487.6,6,7,22,6,12,1499.2,1500.8,1501.0,1501.4,1501.8,6,6,8,10,15,EXECUTABLE
MO2212-C-6200,20221206093249400,SG01,1,491.0,507.2,491.0,219,0.0,0.0,0.0,0,0,491.0,219,0,0,1178.6,0.2,0,0,504.4,504.2,504.0,503.0,502.8,6,6,6,2,4,511.4,511.8,512.4,512.8,513.0,9,14,10,13,6,EXECUTABLE
MO2212-C-6400,20221206093249400,SG01,1,312.6,321.0,321.0,521,312.6,312.6,312.6,1,31260,312.6,521,0,0,992.4,0.2,0,0,314.6,314.0,313.8,313.6,313.0,6,6,1,6,6,321.4,321.6,321.8,322.6,322.8,6,10,12,12,12,EXECUTABLE
MO2212-C-6600,20221206093249400,SG01,1,156.0,159.2,159.2,1235,150.0,163.6,147.0,70,1096020,156.574,1244,0,0,830.6,0.2,0,0,155.0,154.8,154.6,154.2,153.8,1,7,1,12,2,158.8,159.2,159.4,159.6,159.8,2,10,6,6,7,EXECUTABLE
MO2212-C-6800,20221206093249400,SG01,1,57.2,59.8,59.8,3532,52.0,62.0,52.0,284,1677040,59.051,3653,0,0,731.2,0.2,0,0,57.4,57.2,57.0,56.8,56.6,1,7,22,1,10,58.4,58.8,59.0,59.2,59.6,1,3,4,6,12,EXECUTABLE
MO2212-C-7000,20221206093249400,SG01,1,17.8,18.4,18.4,2771,15.8,19.8,15.8,94,175700,18.691,2756,0,0,689.8,0.2,0,0,17.8,17.6,17.4,17.2,16.8,11,32,23,1,6,18.2,18.4,18.6,19.0,19.2,6,17,32,1,6,EXECUTABLE
MO2212-P-6200,20221206093249400,SG01,1,3.0,3.0,3.0,2030,3.4,3.6,2.8,21,6700,3.19,2036,0,0,674.4,0.2,0,0,2.8,2.6,2.2,1.0,0.0,22,51,1,1,0,3.2,3.4,5.2,6.0,7.0,61,6,1,1,1,EXECUTABLE
MO2212-P-6400,20221206093249400,SG01,1,12.6,12.6,12.6,2572,14.2,14.2,11.6,63,76400,12.127,2551,0,0,684.0,0.2,0,0,12.4,12.2,12.0,11.2,10.6,17,38,14,1,2,13.0,13.2,14.0,16.0,17.2,29,34,6,3,1,EXECUTABLE
MO2212-P-6600,20221206093249400,SG01,1,51.6,52.6,52.6,2228,58.0,58.0,47.2,146,755240,51.729,2254,0,0,724.0,0.2,0,0,50.8,50.4,50.2,50.0,49.8,2,3,6,6,22,51.6,51.8,52.0,52.4,52.6,7,12,6,14,7,EXECUTABLE
MO2212-P-6800,20221206093249400,SG01,1,151.8,151.2,151.8,510,0.0,0.0,0.0,0,0,151.8,510,0,0,822.6,0.2,0,0,150.2,150.0,149.2,148.8,148.6,1,6,9,6,8,154.4,154.6,154.8,155.0,155.4,10,6,2,7,12,EXECUTABLE
MO2212-P-7000,20221206093249400,SG01,1,314.0,311.0,314.0,127,0.0,0.0,0.0,0,0,314.0,127,0,0,982.4,0.2,0,0,309.4,308.4,308.2,307.4,306.8,6,26,6,6,6,315.2,316.0,316.4,316.6,316.8,6,2,6,2,10,EXECUTABLE
MO2212-P-7200,20221206093249400,SG01,1,493.8,507.6,493.8,111,0.0,0.0,0.0,0,0,493.8,111,0,0,1179.0,0.2,0,0,494.8,494.6,494.4,494.2,493.6,4,6,3,24,19,503.0,503.4,503.8,504.2,504.6,6,1,6,2,4,EXECUTABLE
MO2212-P-7400,20221206093249400,SG01,1,691.6,705.0,691.6,60,0.0,0.0,0.0,0,0,691.6,60,0,0,1376.4,33.6,0,0,691.8,690.2,689.8,689.2,688.2,10,12,12,6,19,699.8,700.6,700.8,701.0,701.8,6,6,12,2,4,EXECUTABLE
MO2212-P-7600,20221206093249400,SG01,1,919.0,904.2,919.0,44,0.0,0.0,0.0,0,0,919.0,44,0,0,1575.6,232.8,0,0,890.4,890.2,888.8,888.4,888.2,10,6,6,12,21,899.0,899.8,900.4,900.8,901.4,6,14,2,4,9,EXECUTABLE
MO2212-P-7800,20221206093249400,SG01,1,1297.4,1104.0,1297.4,81,0.0,0.0,0.0,0,0,1297.4,81,0,0,1775.4,432.6,0,0,1090.4,1090.2,1089.4,1089.2,1088.2,4,9,16,12,14,1099.0,1100.2,1100.4,1101.4,1101.6,6,14,4,6,6,EXECUTABLE
MO2303-C-6200,20221206093249400,SG01,1,476.2,549.4,476.2,219,0.0,0.0,0.0,0,0,476.2,219,0,0,1220.8,0.2,0,0,545.0,544.2,542.6,542.0,541.4,6,1,12,18,18,556.0,556.2,556.6,557.4,557.8,6,13,6,24,6,EXECUTABLE
MO2303-C-6400,20221206093249400,SG01,1,413.0,417.4,413.0,167,0.0,0.0,0.0,0,0,413.0,167,0,0,1088.8,0.2,0,0,411.8,411.0,410.2,409.4,409.2,2,12,36,12,6,424.0,424.2,424.4,424.6,424.8,6,6,22,25,18,EXECUTABLE
MO2303-C-6600,20221206093249400,SG01,1,310.0,311.6,310.0,138,0.0,0.0,0.0,0,0,310.0,138,0,0,983.0,0.2,0,0,305.6,304.4,303.2,302.0,301.4,1,6,12,18,12,313.6,314.0,314.6,315.4,315.6,6,7,6,36,24,EXECUTABLE
MO2303-C-6800,20221206093249400,SG01,1,224.2,224.2,224.2,217,0.0,0.0,0.0,0,0,224.2,217,0,0,895.6,0.2,0,0,217.8,217.2,217.0,216.8,215.8,1,6,12,6,42,226.6,226.8,227.0,227.4,227.6,6,7,18,12,30,EXECUTABLE
MO2303-C-7200,20221206093249400,SG01,1,107.4,107.2,107.4,190,0.0,0.0,0.0,0,0,107.4,190,0,0,778.6,0.2,0,0,103.2,102.6,102.4,102.2,102.0,6,19,12,21,12,108.0,108.2,108.8,109.0,109.2,6,6,6,22,42,EXECUTABLE
MO2303-P-6400,20221206093249400,SG01,1,197.2,188.8,197.2,137,0.0,0.0,0.0,0,0,197.2,137,0,0,860.2,0.2,0,0,187.0,186.4,185.0,184.8,184.6,1,6,28,24,24,194.8,195.2,195.4,195.6,196.0,6,1,1,12,42,EXECUTABLE
MO2303-P-7000,20221206093249400,SG01,1,518.0,518.8,518.0,223,0.0,0.0,0.0,0,0,518.0,223,0,0,1190.2,0.2,0,0,516.8,516.0,514.6,513.6,512.4,6,6,17,18,24,529.2,529.8,530.2,531.2,531.8,7,1,18,24,18,EXECUTABLE
MO2303-P-7200,20221206093249400,SG01,1,666.4,669.6,666.4,55,0.0,0.0,0.0,0,0,666.4,55,0,0,1341.0,0.2,0,0,667.2,665.2,663.0,662.4,662.2,10,12,30,18,6,678.0,679.6,680.0,681.0,682.0,1,12,12,30,12,EXECUTABLE
MO2303-P-7600,20221206093249400,SG01,1,1053.0,1009.2,1053.0,31,0.0,0.0,0.0,0,0,1053.0,31,0,0,1680.6,337.8,0,0,1004.8,1004.6,1004.2,1001.4,1001.2,6,6,10,30,10,1017.6,1018.4,1019.6,1020.6,1020.8,6,12,6,36,10,EXECUTABLE
MO2303-P-7800,20221206093249400,SG01,1,1251.0,1190.8,1251.0,54,0.0,0.0,0.0,0,0,1251.0,54,0,0,1862.2,519.4,0,0,1187.6,1187.4,1187.2,1186.0,1185.2,6,6,10,30,10,1199.6,1203.4,1204.4,1204.6,1207.0,6,18,30,6,10,EXECUTABLE
MO2306-C-6200,20221206093249400,SG01,1,582.6,578.6,582.6,108,0.0,0.0,0.0,0,0,582.6,108,0,0,1250.0,0.2,0,0,573.4,572.8,572.4,570.0,569.8,2,12,6,24,18,586.6,586.8,587.6,587.8,588.0,1,5,12,24,12,EXECUTABLE
MO2306-C-6400,20221206093249400,SG01,1,468.6,463.4,468.6,67,0.0,0.0,0.0,0,0,468.6,67,0,0,1134.8,0.2,0,0,461.0,460.6,459.8,459.0,458.6,1,1,12,12,30,473.8,474.0,475.4,475.8,476.0,1,6,24,36,11,EXECUTABLE
MO2306-C-6600,20221206093249400,SG01,1,375.6,368.8,375.8,118,375.6,375.6,375.6,1,37560,375.6,119,0,0,1040.2,0.2,0,0,375.6,367.2,367.0,365.8,365.4,1,12,12,6,7,378.8,379.0,380.4,380.8,384.4,17,12,4,6,6,EXECUTABLE
MO2306-C-6800,20221206093249400,SG01,1,294.2,294.2,294.2,208,0.0,0.0,0.0,0,0,294.2,208,0,0,965.6,0.2,0,0,285.8,285.0,284.2,283.0,282.8,1,7,24,24,5,295.0,298.0,298.2,299.4,299.6,1,6,24,24,6,EXECUTABLE
MO2306-C-7000,20221206093249400,SG01,1,229.2,223.2,229.2,533,0.0,0.0,0.0,0,0,229.2,533,0,0,894.6,0.2,0,0,221.0,220.4,219.8,219.6,218.0,18,2,18,12,35,228.6,230.2,230.6,231.4,231.6,1,6,5,36,34,EXECUTABLE
MO2306-C-7200,20221206093249400,SG01,1,183.2,171.6,183.2,210,0.0,0.0,0.0,0,0,183.2,210,0,0,843.0,0.2,0,0,168.4,168.0,167.8,167.6,166.6,1,12,12,13,6,177.2,178.2,178.4,178.8,179.2,1,5,12,18,36,EXECUTABLE
MO2306-P-6400,20221206093249400,SG01,1,353.6,344.6,353.6,243,0.0,0.0,0.0,0,0,353.6,243,0,0,1016.0,0.2,0,0,342.8,342.4,342.2,342.0,341.8,1,6,6,24,11,353.6,354.2,354.4,354.8,355.0,1,6,13,18,24,EXECUTABLE
MO2306-P-6600,20221206093249400,SG01,1,454.0,447.8,454.0,107,0.0,0.0,0.0,0,0,454.0,107,0,0,1119.2,0.2,0,0,444.4,443.6,443.2,443.0,442.0,1,6,12,17,30,455.2,455.4,455.8,457.6,457.8,1,1,6,12,36,EXECUTABLE
MO2306-P-6800,20221206093249400,SG01,1,564.4,564.4,564.4,73,0.0,0.0,0.0,0,0,564.4,73,0,0,1235.8,0.2,0,0,560.8,560.2,559.8,558.4,558.0,1,6,18,12,24,571.4,573.6,574.4,574.8,576.6,1,6,1,18,30,EXECUTABLE
MO2306-P-7000,20221206093249400,SG01,1,720.2,699.0,720.2,55,0.0,0.0,0.0,0,0,720.2,55,0,0,1370.4,27.6,0,0,690.0,689.8,689.6,689.0,688.4,6,7,24,6,5,703.6,706.8,707.0,708.2,708.4,1,12,18,12,24,EXECUTABLE
MO2306-P-7200,20221206093249400,SG01,1,1000.0,840.0,1000.0,44,0.0,0.0,0.0,0,0,1000.0,44,0,0,1511.4,168.6,0,0,836.6,834.8,833.8,833.4,832.0,10,12,6,18,30,852.8,853.4,853.6,853.8,854.0,1,6,12,18,12,EXECUTABLE
MO2306-P-7600,20221206093249400,SG01,1,1346.6,1161.8,1346.6,35,0.0,0.0,0.0,0,0,1346.6,35,0,0,1833.2,490.4,0,0,1159.4,1155.8,1154.0,1153.8,1153.2,10,12,12,18,4,1175.0,1175.4,1178.0,1179.8,1180.8,7,6,42,5,6,EXECUTABLE
MO2212-P-8000,20221206093249900,SG01,1,1547.4,1304.0,1547.4,128,0.0,0.0,0.0,0,0,1547.4,128,0,0,1975.4,632.6,0,0,1289.0,1288.8,1288.2,1286.6,1285.8,9,12,16,6,6,1298.4,1299.8,1300.0,1300.2,1300.4,12,6,10,6,2,EXECUTABLE
MO2303-C-8000,20221206093249900,SG01,1,21.4,21.4,21.4,290,0.0,0.0,0.0,0,0,21.4,290,0,0,692.8,0.2,0,0,20.4,20.0,19.6,2.6,0.6,6,63,4,2,2,21.8,22.0,22.2,22.4,22.6,6,13,18,12,18,EXECUTABLE
MO2303-P-8000,20221206093249900,SG01,1,1536.0,1379.6,1536.0,90,0.0,0.0,0.0,0,0,1536.0,90,0,0,2051.0,708.2,0,0,1375.8,1375.4,1375.2,1374.4,1374.2,6,12,28,16,6,1390.8,1392.0,1393.0,1394.6,1394.8,6,12,6,6,6,EXECUTABLE
MO2306-P-8000,20221206093249900,SG01,1,1764.6,1518.4,1764.6,49,0.0,0.0,0.0,0,0,1764.6,49,0,0,2189.8,847.0,0,0,1514.0,1510.8,1509.2,1507.4,1507.2,4,6,6,5,24,1529.0,1529.8,1532.2,1532.6,1533.6,6,18,6,12,18,EXECUTABLE
MO2212-C-6500,20221206093249900,SG01,1,234.0,231.8,231.8,1035,228.0,240.4,228.0,19,437560,230.295,1038,0,0,903.2,0.2,0,0,230.0,229.4,229.0,228.6,228.2,6,12,3,6,6,234.8,235.0,235.2,235.6,235.8,8,6,6,11,6,EXECUTABLE
MO2212-C-6700,20221206093249900,SG01,1,98.2,99.0,99.0,2860,90.2,103.0,90.2,161,1570420,97.542,2877,0,0,770.4,0.2,0,0,97.4,97.0,96.8,96.6,96.4,6,14,9,6,6,99.6,100.4,100.6,100.8,101.0,3,2,4,4,20,EXECUTABLE
MO2212-C-6900,20221206093249900,SG01,1,32.2,33.4,33.4,2833,30.0,35.2,29.4,169,560180,33.147,2882,0,0,704.8,0.2,0,0,32.4,32.0,31.8,31.6,31.2,1,7,23,11,21,32.8,33.4,33.8,34.4,34.6,10,17,29,6,6,EXECUTABLE
MO2212-C-7100,20221206093249900,SG01,1,9.8,9.8,9.8,1316,8.6,10.6,8.6,96,95500,9.948,1309,0,0,681.2,0.2,0,0,9.8,9.6,9.4,9.2,8.8,15,43,3,6,2,10.0,10.2,10.4,10.6,15.8,18,37,15,1,1,EXECUTABLE
MO2212-P-5900,20221206093249900,SG01,1,1.0,1.2,1.2,1025,1.0,1.0,1.0,3,300,1.0,1023,0,0,672.6,0.2,0,0,1.0,0.8,0.6,0.0,0.0,7,58,3,0,0,1.2,1.4,1.6,0.0,0.0,30,33,7,0,0,EXECUTABLE
MO2212-P-6300,20221206093249900,SG01,1,5.6,6.0,6.0,2206,6.0,7.0,5.4,48,27040,5.633,2206,0,0,677.4,0.2,0,0,5.8,5.6,5.0,2.0,1.2,25,55,3,1,1,6.2,6.4,6.6,8.0,10.4,55,24,1,1,1,EXECUTABLE
MO2212-P-6500,20221206093249900,SG01,1,25.8,25.0,25.0,1729,28.0,28.2,23.4,141,357200,25.333,1722,0,0,696.4,0.2,0,0,25.0,24.8,24.6,24.4,24.2,22,9,7,28,26,26.0,26.2,26.4,26.6,26.8,11,4,6,8,13,EXECUTABLE
MO2212-P-6700,20221206093249900,SG01,1,92.2,95.6,95.6,3590,100.2,100.2,87.4,122,1117240,91.577,3596,0,0,767.0,0.2,0,0,90.6,90.2,90.0,89.6,89.0,4,2,10,18,15,92.6,92.8,93.0,93.2,93.4,6,6,13,6,1,EXECUTABLE
MO2212-P-6900,20221206093249900,SG01,1,228.8,227.0,227.0,196,228.8,228.8,228.8,1,22880,228.8,196,0,0,898.4,0.2,0,0,223.0,222.4,222.0,221.8,221.6,12,6,10,6,6,227.6,229.0,229.2,229.4,229.6,6,20,1,4,6,EXECUTABLE
MO2212-P-7100,20221206093249900,SG01,1,415.6,411.2,415.6,61,0.0,0.0,0.0,0,0,415.6,61,0,0,1082.6,0.2,0,0,398.6,398.2,398.0,397.6,397.4,6,13,19,2,12,406.2,407.2,407.6,408.0,408.6,6,6,4,7,8,EXECUTABLE
MO2309-C-5800,20221206093249900,SG01,1,871.8,871.8,871.8,129,0.0,0.0,0.0,0,0,871.8,129,0,0,1543.2,200.4,0,0,854.8,854.2,853.8,853.2,852.0,1,12,5,3,36,871.6,872.0,873.6,874.0,874.6,6,6,5,30,6,EXECUTABLE
MO2309-C-6000,20221206093249900,SG01,1,740.8,732.4,740.8,132,0.0,0.0,0.0,0,0,740.8,132,0,0,1403.8,61.0,0,0,728.6,726.4,725.8,723.8,723.4,2,5,18,24,12,745.8,746.0,746.4,746.6,746.8,8,1,11,24,3,EXECUTABLE
MO2309-C-6200,20221206093249900,SG01,1,609.0,615.2,609.0,149,0.0,0.0,0.0,0,0,609.0,149,0,0,1286.6,0.2,0,0,614.4,610.8,608.8,608.6,608.0,1,6,29,18,24,627.8,628.0,628.2,630.6,631.0,6,2,13,11,30,EXECUTABLE
MO2309-C-6400,20221206093249900,SG01,1,549.0,509.2,549.0,157,0.0,0.0,0.0,0,0,549.0,157,0,0,1180.6,0.2,0,0,510.6,509.8,508.2,507.4,506.8,1,1,6,23,24,522.8,523.2,523.6,524.2,524.8,1,8,17,18,24,EXECUTABLE
MO2309-C-6600,20221206093249900,SG01,1,427.0,419.8,427.0,170,0.0,0.0,0.0,0,0,427.0,170,0,0,1091.2,0.2,0,0,422.4,419.2,418.4,417.8,417.4,1,1,11,24,30,431.2,431.8,432.8,433.4,434.8,2,17,33,12,6,EXECUTABLE
MO2309-C-6800,20221206093249900,SG01,1,346.0,340.6,346.0,139,0.0,0.0,0.0,0,0,346.0,139,0,0,1012.0,0.2,0,0,342.2,341.0,339.6,339.4,339.2,1,1,5,36,18,350.4,352.8,353.0,353.6,353.8,1,8,3,29,30,EXECUTABLE
MO2309-C-7000,20221206093249900,SG01,1,279.0,277.4,279.0,200,0.0,0.0,0.0,0,0,279.0,200,0,0,948.8,0.2,0,0,273.4,272.8,272.6,270.8,270.4,1,6,12,27,24,284.2,285.0,286.6,287.6,288.0,1,8,12,3,35,EXECUTABLE
MO2309-P-6600,20221206093249900,SG01,1,578.4,577.0,578.4,46,0.0,0.0,0.0,0,0,578.4,46,0,0,1248.4,0.2,0,0,569.4,569.2,569.0,568.4,567.0,6,3,1,29,9,581.8,586.4,586.8,587.0,587.6,1,5,24,30,9,EXECUTABLE
MO2309-P-6800,20221206093249900,SG01,1,675.8,691.0,675.8,36,0.0,0.0,0.0,0,0,675.8,36,0,0,1362.4,19.6,0,0,686.2,685.8,684.0,683.4,683.2,9,12,27,17,6,700.0,704.8,705.0,706.6,707.0,1,17,12,36,6,EXECUTABLE
MO2309-P-7000,20221206093249900,SG01,1,818.6,825.4,818.6,47,0.0,0.0,0.0,0,0,818.6,47,0,0,1496.8,154.0,0,0,815.6,815.4,815.0,813.0,812.4,6,14,5,24,15,828.8,836.0,837.0,838.0,838.2,1,23,18,30,12,EXECUTABLE
MO2212-C-5700,20221206093249900,SG01,1,1015.2,996.2,1015.2,53,0.0,0.0,0.0,0,0,1015.2,53,0,0,1667.6,324.8,0,0,1000.6,1000.2,1000.0,999.4,999.2,16,3,2,6,16,1009.8,1011.2,1011.6,1011.8,1012.0,6,15,4,16,6,EXECUTABLE
MO2303-C-5600,20221206093249900,SG01,1,1052.0,1050.4,1052.0,66,0.0,0.0,0.0,0,0,1052.0,66,0,0,1721.8,379.0,0,0,1042.2,1041.8,1040.2,1039.2,1038.8,6,6,12,6,24,1055.2,1055.6,1056.0,1057.0,1058.0,18,22,6,12,16,EXECUTABLE
MO2303-P-5600,20221206093249900,SG01,1,31.2,26.6,31.2,134,0.0,0.0,0.0,0,0,31.2,134,0,0,698.0,0.2,0,0,25.6,25.4,25.2,25.0,24.8,10,12,18,43,9,28.4,28.6,28.8,29.2,29.4,28,6,51,6,6,EXECUTABLE
MO2306-C-5600,20221206093249900,SG01,1,999.6,1010.8,999.6,32,0.0,0.0,0.0,0,0,999.6,32,0,0,1682.2,339.4,0,0,1000.4,1000.0,999.6,999.0,998.8,12,18,1,24,12,1018.2,1019.8,1020.6,1021.2,1022.4,4,18,6,5,42,EXECUTABLE
MO2309-C-5600,20221206093249900,SG01,1,934.4,1008.8,934.4,116,0.0,0.0,0.0,0,0,934.4,116,0,0,1680.2,337.4,0,0,1001.0,996.8,996.4,996.2,996.0,1,18,11,24,16,1019.6,1019.8,1020.2,1021.2,1021.4,8,3,6,29,22,EXECUTABLE
MO2309-P-5600,20221206093249900,SG01,1,181.8,180.6,181.8,155,0.0,0.0,0.0,0,0,181.8,155,0,0,852.0,0.2,0,0,177.0,176.2,174.8,174.4,173.4,1,8,18,24,26,184.6,184.8,185.0,185.2,185.4,6,15,23,1,30,EXECUTABLE
MO2212-C-5600,20221206093249900,SG01,1,1116.8,1096.0,1116.8,48,0.0,0.0,0.0,0,0,1116.8,48,0,0,1767.4,424.6,0,0,1100.8,1100.2,1100.0,1099.0,1098.8,6,6,10,6,2,1109.8,1110.0,1110.6,1111.0,1111.4,6,3,6,10,5,EXECUTABLE
MO2303-P-8200,20221206093249900,SG01,1,1571.8,1590.6,1571.8,103,0.0,0.0,0.0,0,0,1571.8,103,0,0,2262.0,919.2,0,0,1567.2,1567.0,1565.6,1564.2,1564.0,4,12,6,6,24,1583.2,1583.6,1585.0,1585.2,1585.4,6,12,6,12,36,EXECUTABLE
MO2306-P-8200,20221206093249900,SG01,1,1802.8,1703.8,1802.8,42,0.0,0.0,0.0,0,0,1802.8,42,0,0,2375.2,1032.4,0,0,1698.6,1695.2,1693.0,1692.4,1691.2,4,6,6,6,23,1713.2,1713.4,1716.6,1717.0,1719.8,6,6,18,6,18,EXECUTABLE
MO2212-C-5800,20221206093249900,SG01,1,917.6,896.4,917.6,34,0.0,0.0,0.0,0,0,917.6,34,0,0,1567.8,225.0,0,0,901.4,901.2,899.6,898.8,898.6,6,16,12,6,5,911.0,911.2,911.8,912.0,913.8,9,28,6,12,6,EXECUTABLE
MO2212-P-5800,20221206093249900,SG01,1,1.0,1.0,1.0,516,0.0,0.0,0.0,0,0,1.0,516,0,0,672.4,0.2,0,0,0.6,0.4,0.0,0.0,0.0,56,11,0,0,0,1.0,1.2,1.4,0.0,0.0,25,40,1,0,0,EXECUTABLE
MO2303-C-5800,20221206093249900,SG01,1,876.0,871.0,876.0,101,0.0,0.0,0.0,0,0,876.0,101,0,0,1542.4,199.6,0,0,862.8,862.6,860.6,859.4,858.2,6,6,12,18,24,875.4,875.6,876.2,877.6,877.8,6,6,10,18,6,EXECUTABLE
MO2306-C-5800,20221206093249900,SG01,1,898.0,849.4,898.0,100,0.0,0.0,0.0,0,0,898.0,100,0,0,1520.8,178.0,0,0,843.4,843.2,843.0,841.2,840.4,6,6,13,6,6,863.2,864.0,864.8,866.0,866.4,5,6,6,18,46,EXECUTABLE
MO2212-C-6000,20221206093249900,SG01,1,708.6,697.4,708.6,58,0.0,0.0,0.0,0,0,708.6,58,0,0,1368.8,26.0,0,0,703.6,703.2,702.6,702.4,701.6,6,2,6,6,4,710.0,710.8,711.2,711.8,712.0,6,3,18,6,4,EXECUTABLE
MO2303-C-6000,20221206093249900,SG01,1,703.0,701.8,703.0,120,0.0,0.0,0.0,0,0,703.0,120,0,0,1373.2,30.4,0,0,695.2,694.0,693.0,692.0,691.2,12,18,6,6,24,708.0,708.6,710.4,711.2,711.6,6,6,6,4,48,EXECUTABLE
MO2303-P-6000,20221206093249900,SG01,1,77.2,74.8,77.2,181,0.0,0.0,0.0,0,0,77.2,181,0,0,746.2,0.2,0,0,75.0,74.6,74.0,73.8,73.6,1,6,22,12,42,79.2,79.8,80.0,80.2,80.4,18,12,18,30,6,EXECUTABLE
MO2306-C-6000,20221206093249900,SG01,1,708.0,705.8,708.0,123,0.0,0.0,0.0,0,0,708.0,123,0,0,1377.2,34.4,0,0,702.4,701.8,701.4,701.2,701.0,7,12,12,6,24,718.0,719.2,720.0,720.2,720.6,16,24,6,6,6,EXECUTABLE
MO2306-P-6000,20221206093249900,SG01,1,194.6,194.6,194.6,112,0.0,0.0,0.0,0,0,194.6,112,0,0,866.0,0.2,0,0,192.2,191.8,191.0,190.8,190.6,1,6,10,36,35,201.0,202.0,202.2,202.8,203.0,1,1,24,30,6,EXECUTABLE
MO2212-C-5900,20221206093249900,SG01,1,796.2,805.0,796.2,45,0.0,0.0,0.0,0,0,796.2,45,0,0,1476.4,133.6,0,0,802.8,802.2,802.0,801.8,801.4,6,6,2,1,6,810.4,810.6,810.8,811.2,811.6,3,16,3,6,6,EXECUTABLE
MO2212-C-6100,20221206093249900,SG01,1,594.0,598.4,594.0,107,0.0,0.0,0.0,0,0,594.0,107,0,0,1269.8,0.2,0,0,604.6,603.6,603.4,602.8,602.4,6,6,6,2,4,611.4,612.0,612.4,612.8,613.8,3,25,8,10,12,EXECUTABLE
MO2212-C-6300,20221206093249900,SG01,1,401.0,411.0,401.0,204,0.0,0.0,0.0,0,0,401.0,204,0,0,1082.4,0.2,0,0,409.2,408.2,408.0,407.6,406.8,6,6,6,2,4,415.0,415.2,415.4,416.4,416.6,6,3,10,2,10,EXECUTABLE
MO2212-C-5500,20221206093249900,SG01,1,1196.0,1195.8,1196.0,42,0.0,0.0,0.0,0,0,1196.0,42,0,0,1867.2,524.4,0,0,1201.2,1201.0,1200.6,1199.6,1199.4,6,7,10,6,2,1209.2,1210.2,1210.4,1211.0,1211.8,6,3,16,4,18,EXECUTABLE
MO2303-C-5400,20221206093249900,SG01,1,1236.0,1238.8,1236.0,37,0.0,0.0,0.0,0,0,1236.0,37,0,0,1910.2,567.4,0,0,1228.6,1227.8,1227.6,1227.4,1226.4,6,6,12,30,6,1242.0,1242.4,1242.6,1243.0,1243.4,6,12,6,34,10,EXECUTABLE
MO2303-P-5400,20221206093249900,SG01,1,15.4,15.4,15.4,138,0.0,0.0,0.0,0,0,15.4,138,0,0,686.8,0.2,0,0,15.4,15.0,14.8,14.6,14.0,1,12,10,69,6,15.8,16.0,16.2,16.4,16.6,6,6,6,10,63,EXECUTABLE
MO2306-C-5400,20221206093249900,SG01,1,1115.0,1187.8,1115.0,46,0.0,0.0,0.0,0,0,1115.0,46,0,0,1859.2,516.4,0,0,1169.8,1167.0,1166.8,1164.2,1164.0,6,12,12,30,10,1186.6,1187.2,1187.4,1188.4,1188.6,22,11,6,22,24,EXECUTABLE
MO2309-C-5400,20221206093249900,SG01,1,1161.0,1161.6,1161.0,92,0.0,0.0,0.0,0,0,1161.0,92,0,0,1833.0,490.2,0,0,1149.2,1148.8,1148.6,1146.8,1146.0,6,11,2,22,30,1173.0,1173.2,1174.0,1176.8,1177.0,8,15,6,35,4,EXECUTABLE
MO2309-P-5400,20221206093249900,SG01,1,139.6,136.2,139.6,61,0.0,0.0,0.0,0,0,139.6,61,0,0,807.6,0.2,0,0,133.6,131.4,131.2,131.0,130.6,1,8,6,53,9,140.2,140.4,141.4,141.8,142.0,12,6,6,33,19,EXECUTABLE
MO2212-C-7500,20221206093249900,SG01,1,1.2,1.2,1.2,211,0.0,0.0,0.0,0,0,1.2,211,0,0,672.6,0.2,0,0,1.2,1.0,0.0,0.0,0.0,56,13,0,0,0,1.6,1.8,2.0,2.2,2.8,43,24,7,1,1,EXECUTABLE
MO2212-P-7500,20221206093249900,SG01,1,913.0,804.4,913.0,13,0.0,0.0,0.0,0,0,913.0,13,0,0,1475.8,133.0,0,0,790.8,789.6,789.2,789.0,788.8,6,4,18,15,10,799.4,800.0,800.2,800.4,800.6,6,4,6,12,11,EXECUTABLE
MO2301-P-7500,20221206093249900,SG01,1,837.2,823.8,837.2,13,0.0,0.0,0.0,0,0,837.2,13,0,0,1495.2,152.4,0,0,819.2,818.2,818.0,817.8,816.8,6,6,33,12,18,830.0,830.2,830.8,831.8,832.2,12,12,6,6,33,EXECUTABLE
MO2309-C-7600,20221206093249900,SG01,1,139.2,141.6,141.6,195,139.2,139.2,139.2,1,13920,139.2,195,0,0,813.0,0.2,0,0,137.8,137.2,136.0,135.8,135.6,1,6,6,44,18,143.0,145.6,145.8,146.0,146.2,1,17,8,39,18,EXECUTABLE
MO2212-C-5300,20221206093249900,SG01,1,1367.0,1406.0,1367.0,39,0.0,0.0,0.0,0,0,1367.0,39,0,0,2077.4,734.6,0,0,1400.2,1399.0,1398.8,1398.2,1397.0,6,12,15,6,16,1409.8,1410.2,1410.8,1412.0,1413.4,6,6,4,31,12,EXECUTABLE
MO2212-C-5400,20221206093249900,SG01,1,1266.2,1306.2,1266.2,41,0.0,0.0,0.0,0,0,1266.2,41,0,0,1977.6,634.8,0,0,1300.4,1300.2,1300.0,1299.4,1299.2,10,1,6,3,16,1309.8,1311.0,1311.4,1311.8,1323.6,6,4,12,14,3,EXECUTABLE
MO2303-C-5200,20221206093249900,SG01,1,1452.4,1429.6,1452.4,32,0.0,0.0,0.0,0,0,1452.4,32,0,0,2101.0,758.2,0,0,1419.8,1419.6,1419.2,1417.8,1417.2,6,6,12,6,18,1434.2,1434.6,1435.0,1435.4,1436.6,6,12,6,16,6,EXECUTABLE
MO2303-P-5200,20221206093249900,SG01,1,9.2,9.2,9.2,272,9.2,9.2,9.2,5,4600,9.2,277,0,0,680.6,0.2,0,0,9.2,9.0,8.8,8.6,8.4,6,24,25,6,6,9.6,9.8,10.0,0.0,0.0,6,39,16,0,0,EXECUTABLE
MO2306-C-5200,20221206093249900,SG01,1,1236.6,1355.4,1236.6,34,0.0,0.0,0.0,0,0,1236.6,34,0,0,2026.8,684.0,0,0,1344.8,1344.2,1344.0,1343.6,1343.4,6,6,12,6,24,1363.4,1364.0,1365.4,1367.2,1368.0,6,5,18,34,10,EXECUTABLE
MO2309-C-5200,20221206093249900,SG01,1,1330.2,1330.2,1330.2,99,0.0,0.0,0.0,0,0,1330.2,99,0,0,2001.6,658.8,0,0,1312.4,1311.8,1309.8,1307.4,1307.0,6,12,18,16,12,1329.8,1330.0,1332.8,1334.8,1335.8,6,12,20,22,12,EXECUTABLE
MO2301-C-5600,20221206093249900,SG01,1,903.0,1089.2,903.0,38,0.0,0.0,0.0,0,0,903.0,38,0,0,1760.6,417.8,0,0,1083.0,1082.0,1081.8,1081.4,1081.2,6,6,6,1,6,1093.6,1093.8,1094.2,1095.4,1095.6,6,6,6,36,9,EXECUTABLE
MO2301-C-7400,20221206093249900,SG01,1,18.8,20.4,20.4,232,18.8,18.8,18.8,1,1880,18.8,232,0,0,691.8,0.2,0,0,19.0,18.8,18.6,18.2,1.2,6,31,27,1,5,20.4,20.6,20.8,24.8,0.0,6,31,21,1,0,EXECUTABLE
MO2212-P-5600,20221206093249900,SG01,1,0.8,0.8,0.8,324,0.0,0.0,0.0,0,0,0.8,324,0,0,672.2,0.2,0,0,0.6,0.4,0.0,0.0,0.0,3,64,0,0,0,0.8,1.0,1.2,0.0,0.0,16,49,1,0,0,EXECUTABLE
MO2301-C-5700,20221206093249900,SG01,1,968.2,993.2,968.2,8,0.0,0.0,0.0,0,0,968.2,8,0,0,1664.6,321.8,0,0,985.4,983.8,983.2,982.2,982.0,6,12,12,33,4,996.6,996.8,998.4,999.4,999.8,12,6,18,27,12,EXECUTABLE
MO2301-C-5800,20221206093249900,SG01,1,918.0,883.6,918.0,23,0.0,0.0,0.0,0,0,918.0,23,0,0,1555.0,212.2,0,0,888.4,887.0,886.8,886.6,885.6,6,9,15,24,18,899.4,901.4,901.6,901.8,902.0,18,6,33,18,6,EXECUTABLE
MO2301-C-5900,20221206093249900,SG01,1,805.4,788.0,805.4,29,0.0,0.0,0.0,0,0,805.4,29,0,0,1459.4,116.6,0,0,793.0,792.8,792.0,791.8,791.6,6,6,6,24,27,802.8,803.0,804.6,804.8,805.6,6,6,18,9,12,EXECUTABLE
MO2301-C-6000,20221206093249900,SG01,1,718.8,704.8,718.8,36,0.0,0.0,0.0,0,0,718.8,36,0,0,1376.2,33.4,0,0,698.4,698.2,698.0,697.8,696.8,13,6,6,15,24,709.0,709.2,710.8,711.0,711.2,6,6,6,15,24,EXECUTABLE
MO2301-C-6100,20221206093249900,SG01,1,626.8,612.8,626.8,21,0.0,0.0,0.0,0,0,626.8,21,0,0,1284.2,0.2,0,0,608.0,607.8,607.4,607.2,607.0,6,6,6,7,33,618.6,618.8,619.0,620.4,620.6,6,6,6,33,6,EXECUTABLE
MO2301-C-6200,20221206093249900,SG01,1,520.0,525.4,520.0,47,0.0,0.0,0.0,0,0,520.0,47,0,0,1196.8,0.2,0,0,519.4,519.2,519.0,518.8,518.6,6,6,6,12,12,530.0,530.2,530.4,531.8,532.0,6,6,6,6,15,EXECUTABLE
MO2301-C-6300,20221206093249900,SG01,1,439.0,442.2,439.0,94,0.0,0.0,0.0,0,0,439.0,94,0,0,1113.6,0.2,0,0,438.6,437.0,436.6,436.4,436.2,1,12,9,39,6,446.4,446.6,447.0,447.2,448.6,6,6,3,33,6,EXECUTABLE
MO2301-C-6400,20221206093249900,SG01,1,363.0,365.0,363.0,82,0.0,0.0,0.0,0,0,363.0,82,0,0,1036.4,0.2,0,0,362.2,361.8,361.4,360.8,360.6,1,12,6,6,6,366.8,367.4,368.2,369.0,370.0,1,12,21,9,6,EXECUTABLE
MO2301-C-6500,20221206093249900,SG01,1,296.0,293.0,288.0,191,296.0,296.0,296.0,1,29600,296.0,191,0,0,964.4,0.2,0,0,294.8,293.4,292.8,292.6,291.8,6,1,12,6,6,297.6,298.4,298.6,298.8,299.2,6,6,15,15,6,EXECUTABLE
MO2301-C-6600,20221206093249900,SG01,1,237.0,236.8,236.8,254,241.4,241.4,236.0,3,71440,238.133,254,0,0,908.2,0.2,0,0,234.2,232.6,232.4,232.0,231.8,6,12,1,6,18,237.2,237.6,237.8,238.0,238.2,6,6,6,9,12,EXECUTABLE
MO2301-C-6700,20221206093249900,SG01,1,180.0,186.4,186.4,451,180.0,180.0,180.0,5,90000,180.0,446,0,0,857.8,0.2,0,0,181.0,180.6,180.2,180.0,179.8,6,11,6,12,6,184.8,185.4,185.6,186.4,186.6,6,12,18,12,6,EXECUTABLE
MO2301-C-6800,20221206093249900,SG01,1,140.6,141.2,140.6,277,0.0,0.0,0.0,0,0,140.6,277,0,0,812.6,0.2,0,0,138.8,137.8,137.4,137.2,137.0,6,6,1,7,6,141.2,141.6,142.0,142.6,143.6,6,6,24,12,6,EXECUTABLE
MO2301-C-6900,20221206093249900,SG01,1,106.6,106.6,106.6,193,0.0,0.0,0.0,0,0,106.6,193,0,0,778.0,0.2,0,0,102.4,102.0,101.8,101.4,101.2,6,1,15,16,15,105.8,106.0,106.2,106.6,106.8,6,6,36,6,6,EXECUTABLE
MO2301-C-7000,20221206093249900,SG01,1,78.0,78.0,78.0,274,0.0,0.0,0.0,0,0,78.0,274,0,0,749.4,0.2,0,0,75.8,75.0,74.6,74.4,74.2,6,7,5,27,33,78.0,78.2,78.4,78.6,79.0,6,12,24,12,18,EXECUTABLE
MO2301-C-7100,20221206093249900,SG01,1,56.4,56.4,56.4,345,0.0,0.0,0.0,0,0,56.4,345,0,0,727.8,0.2,0,0,53.6,53.2,53.0,52.8,52.6,6,16,4,1,30,55.8,56.4,56.6,56.8,57.0,6,6,3,15,18,EXECUTABLE
MO2301-P-5700,20221206093249900,SG01,1,7.6,7.6,7.6,145,7.6,7.6,7.6,1,760,7.6,146,0,0,679.0,0.2,0,0,7.0,6.8,6.6,5.4,0.6,18,46,6,1,2,7.6,7.8,8.0,9.8,0.0,12,46,12,1,0,EXECUTABLE
MO2301-P-5800,20221206093249900,SG01,1,11.6,10.2,10.2,276,10.8,11.6,10.8,6,6880,11.467,282,0,0,681.6,0.2,0,0,9.8,9.6,9.4,9.2,8.8,6,40,12,6,2,10.4,10.6,10.8,12.8,0.0,18,40,6,1,0,EXECUTABLE
MO2301-P-5900,20221206093249900,SG01,1,14.6,14.6,14.6,248,0.0,0.0,0.0,0,0,14.6,248,0,0,686.0,0.2,0,0,13.2,13.0,12.8,12.6,12.4,6,34,39,3,1,14.4,14.6,14.8,15.0,15.6,12,13,39,18,1,EXECUTABLE
MO2301-P-6100,20221206093249900,SG01,1,29.2,28.6,29.2,590,0.0,0.0,0.0,0,0,29.2,590,0,0,700.0,0.2,0,0,27.8,27.6,27.4,27.2,27.0,6,16,6,24,27,29.6,29.8,30.2,30.4,30.6,6,22,18,18,18,EXECUTABLE
MO2301-P-6200,20221206093249900,SG01,1,39.4,40.0,40.0,432,44.2,44.2,39.4,3,12300,41.0,433,0,0,711.4,0.2,0,0,39.0,38.8,38.6,38.4,38.2,6,15,21,18,15,41.2,41.4,41.6,41.8,42.0,10,12,21,12,21,EXECUTABLE
MO2301-P-6300,20221206093249900,SG01,1,57.6,57.6,57.6,398,0.0,0.0,0.0,0,0,57.6,398,0,0,729.0,0.2,0,0,56.0,55.6,55.4,55.2,55.0,6,9,21,21,6,58.4,58.6,58.8,59.0,59.2,6,6,10,15,21,EXECUTABLE
MO2301-P-6400,20221206093249900,SG01,1,76.0,78.6,77.4,839,76.4,76.4,76.0,5,38040,76.08,839,0,0,750.0,0.2,0,0,77.8,77.2,77.0,76.8,76.6,6,21,18,15,6,80.2,80.6,80.8,81.0,81.2,6,6,4,18,6,EXECUTABLE
MO2301-P-6500,20221206093249900,SG01,1,110.0,110.4,110.0,540,0.0,0.0,0.0,0,0,110.0,540,0,0,781.8,0.2,0,0,108.6,108.4,108.2,107.8,107.2,15,12,15,12,6,112.0,112.6,112.8,113.0,113.2,6,12,6,3,32,EXECUTABLE
MO2301-P-6600,20221206093249900,SG01,1,147.8,147.8,147.8,311,0.0,0.0,0.0,0,0,147.8,311,0,0,819.2,0.2,0,0,147.6,147.0,146.8,146.4,145.6,6,18,6,6,12,151.0,151.6,151.8,152.2,152.4,6,6,6,3,21,EXECUTABLE
MO2301-P-6700,20221206093249900,SG01,1,196.8,197.8,196.8,150,0.0,0.0,0.0,0,0,196.8,150,0,0,869.2,0.2,0,0,194.6,194.0,193.2,192.0,191.4,15,21,6,6,4,198.6,199.4,199.8,200.4,200.6,6,9,6,18,18,EXECUTABLE
MO2301-P-6800,20221206093249900,SG01,1,254.2,253.0,253.0,94,254.2,254.2,254.2,4,101680,254.2,91,0,0,924.4,0.2,0,0,250.6,249.6,249.4,249.0,248.8,6,3,6,6,21,255.6,256.0,256.2,256.4,256.6,6,12,4,6,6,EXECUTABLE
MO2301-P-6900,20221206093249900,SG01,1,319.8,319.8,319.8,48,0.0,0.0,0.0,0,0,319.8,48,0,0,991.2,0.2,0,0,312.6,312.4,312.0,311.8,311.6,6,12,6,18,12,320.8,321.6,321.8,322.0,323.0,6,12,21,15,10,EXECUTABLE
MO2301-P-7000,20221206093249900,SG01,1,389.6,389.6,389.6,39,0.0,0.0,0.0,0,0,389.6,39,0,0,1061.0,0.2,0,0,383.4,383.2,382.8,382.6,382.4,6,12,18,6,18,393.2,393.6,393.8,394.6,394.8,6,6,1,24,12,EXECUTABLE
MO2301-P-7100,20221206093249900,SG01,1,478.2,468.4,478.2,15,0.0,0.0,0.0,0,0,478.2,15,0,0,1139.8,0.2,0,0,462.2,462.0,460.0,459.8,459.6,12,6,6,31,21,472.8,473.2,473.4,473.8,474.0,7,9,12,21,6,EXECUTABLE
MO2301-C-7200,20221206093249900,SG01,1,41.6,40.6,40.2,254,41.6,41.6,41.6,1,4160,41.6,255,0,0,712.0,0.2,0,0,39.0,38.4,38.2,38.0,37.8,6,18,6,28,24,41.0,41.4,41.6,41.8,42.0,16,18,6,36,6,EXECUTABLE
MO2301-P-7200,20221206093249900,SG01,1,562.2,550.8,562.2,44,0.0,0.0,0.0,0,0,562.2,44,0,0,1222.2,0.2,0,0,545.6,545.4,543.6,543.4,543.0,12,6,6,6,4,556.2,556.4,556.8,557.0,557.2,6,1,12,15,18,EXECUTABLE
MO2212-C-7300,20221206093249900,SG01,1,3.2,3.0,3.0,780,3.2,3.2,3.2,3,960,3.2,783,0,0,674.4,0.2,0,0,3.0,2.8,2.6,1.8,0.0,28,39,7,40,0,3.4,3.6,3.8,6.0,0.0,55,9,1,1,0,EXECUTABLE
MO2212-P-7300,20221206093249900,SG01,1,586.4,605.8,586.4,24,0.0,0.0,0.0,0,0,586.4,24,0,0,1277.2,0.2,0,0,592.0,591.8,591.4,591.2,590.6,3,22,4,6,6,599.8,601.0,601.2,601.4,602.0,6,6,1,10,14,EXECUTABLE
MO2301-C-7300,20221206093249900,SG01,1,28.0,28.4,28.0,140,0.0,0.0,0.0,0,0,28.0,140,0,0,699.8,0.2,0,0,26.8,26.6,26.4,26.2,26.0,19,18,45,7,9,28.8,29.2,29.4,29.6,30.0,18,18,31,6,9,EXECUTABLE
MO2301-P-7300,20221206093249900,SG01,1,642.2,639.0,642.2,10,0.0,0.0,0.0,0,0,642.2,10,0,0,1310.4,0.2,0,0,633.6,632.0,631.8,631.6,631.2,18,18,33,6,10,644.8,645.0,645.8,646.2,646.4,6,12,6,39,12,EXECUTABLE
MO2309-C-7400,20221206093249900,SG01,1,180.8,180.8,180.8,99,0.0,0.0,0.0,0,0,180.8,99,0,0,852.2,0.2,0,0,175.2,175.0,172.8,172.6,172.2,1,6,17,21,24,180.8,183.2,183.6,183.8,184.2,1,11,5,48,24,EXECUTABLE
MO2301-P-7400,20221206093249900,SG01,1,742.2,734.4,742.2,29,0.0,0.0,0.0,0,0,742.2,29,0,0,1405.8,63.0,0,0,725.8,725.2,724.0,723.8,722.4,6,6,6,6,25,735.2,735.8,736.2,737.0,738.0,2,12,6,6,6,EXECUTABLE
MO2302-C-5900,20221206093249900,SG01,1,776.6,792.6,776.6,4,0.0,0.0,0.0,0,0,776.6,4,0,0,1464.0,121.2,0,0,789.2,788.4,787.2,785.8,784.6,6,6,6,12,30,802.4,802.6,804.6,804.8,806.4,6,16,6,6,36,EXECUTABLE
MO2302-C-6100,20221206093249900,SG01,1,500.0,621.6,500.0,2,0.0,0.0,0.0,0,0,500.0,2,0,0,1293.0,0.2,0,0,615.4,614.2,614.0,613.8,611.8,6,6,12,42,12,631.0,631.2,632.6,633.2,633.4,6,22,18,18,12,EXECUTABLE
MO2302-C-6200,20221206093249900,SG01,1,479.6,542.4,479.6,4,0.0,0.0,0.0,0,0,479.6,4,0,0,1213.8,0.2,0,0,537.2,535.8,535.6,535.0,534.6,6,1,12,24,18,551.0,551.2,553.2,553.4,553.8,6,16,6,30,19,EXECUTABLE
MO2302-C-6300,20221206093249900,SG01,1,471.0,465.0,471.0,7,0.0,0.0,0.0,0,0,471.0,7,0,0,1136.4,0.2,0,0,461.8,460.8,460.6,460.4,460.0,1,24,30,12,6,476.2,476.6,478.0,478.6,478.8,6,34,6,6,36,EXECUTABLE
MO2302-C-6400,20221206093249900,SG01,1,327.8,396.4,327.8,30,0.0,0.0,0.0,0,0,327.8,30,0,0,1067.8,0.2,0,0,392.8,392.4,392.0,391.4,390.6,1,18,6,18,30,404.4,405.2,407.0,407.2,407.6,7,16,30,6,18,EXECUTABLE
MO2302-C-6500,20221206093249900,SG01,1,334.4,334.0,334.4,116,0.0,0.0,0.0,0,0,334.4,116,0,0,1005.4,0.2,0,0,330.6,329.4,329.2,328.0,327.4,7,24,12,30,12,342.0,342.4,342.6,342.8,343.2,12,5,12,36,18,EXECUTABLE
MO2302-C-6600,20221206093249900,SG01,1,268.2,280.6,268.2,102,0.0,0.0,0.0,0,0,268.2,102,0,0,952.0,0.2,0,0,273.6,273.4,273.0,272.8,272.6,1,6,6,13,6,285.2,285.4,286.0,286.6,287.4,7,16,6,30,18,EXECUTABLE
MO2302-C-6700,20221206093249900,SG01,1,219.2,228.8,219.2,118,0.0,0.0,0.0,0,0,219.2,118,0,0,900.2,0.2,0,0,223.8,223.4,223.0,222.8,222.4,2,12,42,24,6,234.0,234.2,234.8,235.0,235.6,12,16,12,31,12,EXECUTABLE
MO2302-C-6800,20221206093249900,SG01,1,177.0,186.0,177.0,40,0.0,0.0,0.0,0,0,177.0,40,0,0,857.4,0.2,0,0,181.8,181.4,181.2,180.8,180.0,6,7,1,6,30,189.8,190.0,190.6,190.8,191.8,6,12,16,24,6,EXECUTABLE
MO2302-C-6900,20221206093249900,SG01,1,151.2,146.6,151.2,12,0.0,0.0,0.0,0,0,151.2,12,0,0,818.0,0.2,0,0,144.0,143.8,143.6,143.0,142.8,1,18,1,6,42,153.4,153.6,153.8,154.2,154.4,6,13,10,30,30,EXECUTABLE
MO2302-C-7000,20221206093249900,SG01,1,115.0,115.6,115.0,140,0.0,0.0,0.0,0,0,115.0,140,0,0,787.0,0.2,0,0,114.0,113.4,112.8,112.6,111.8,1,6,12,1,36,121.6,121.8,122.0,122.2,122.4,6,22,7,31,6,EXECUTABLE
MO2302-C-7100,20221206093249900,SG01,1,93.0,90.2,93.0,76,0.0,0.0,0.0,0,0,93.0,76,0,0,761.6,0.2,0,0,87.8,87.4,87.2,87.0,86.8,6,1,37,18,18,92.8,93.4,93.8,94.2,94.4,1,4,6,51,18,EXECUTABLE
MO2302-C-7200,20221206093249900,SG01,1,68.6,69.4,68.6,26,0.0,0.0,0.0,0,0,68.6,26,0,0,740.8,0.2,0,0,66.8,66.6,66.4,66.2,66.0,6,12,7,30,18,72.6,72.8,73.4,73.6,73.8,6,16,24,33,6,EXECUTABLE
MO2302-C-7300,20221206093249900,SG01,1,52.2,53.2,52.2,37,0.0,0.0,0.0,0,0,52.2,37,0,0,724.6,0.2,0,0,50.8,50.6,50.4,50.2,50.0,27,6,12,18,6,54.4,54.6,54.8,55.0,55.2,6,4,15,18,18,EXECUTABLE
MO2302-C-7400,20221206093249900,SG01,1,40.2,40.2,40.2,59,0.0,0.0,0.0,0,0,40.2,59,0,0,711.6,0.2,0,0,38.0,37.8,37.6,37.4,37.2,18,6,39,15,6,41.2,41.4,41.6,41.8,42.8,33,16,27,12,6,EXECUTABLE
MO2302-P-6100,20221206093249900,SG01,1,57.2,57.0,57.2,48,0.0,0.0,0.0,0,0,57.2,48,0,0,728.4,0.2,0,0,55.2,54.6,54.4,54.2,54.0,6,16,6,24,12,60.0,60.2,60.4,60.8,61.6,6,12,1,36,12,EXECUTABLE
MO2302-P-6200,20221206093249900,SG01,1,77.4,77.2,77.4,98,0.0,0.0,0.0,0,0,77.4,98,0,0,748.6,0.2,0,0,75.8,75.4,74.6,74.4,74.0,7,24,54,12,15,80.2,80.4,80.6,81.0,81.2,6,12,6,36,12,EXECUTABLE
MO2302-P-6300,20221206093249900,SG01,1,99.6,101.2,99.6,68,0.0,0.0,0.0,0,0,99.6,68,0,0,772.6,0.2,0,0,98.8,98.6,98.4,98.2,97.8,6,22,18,6,24,104.0,104.2,104.4,104.6,104.8,1,18,30,18,6,EXECUTABLE
MO2302-P-6400,20221206093249900,SG01,1,132.6,130.4,132.6,102,0.0,0.0,0.0,0,0,132.6,102,0,0,801.8,0.2,0,0,127.2,127.0,126.2,125.8,125.6,13,12,23,30,12,134.0,134.8,136.0,136.2,136.4,1,6,12,30,12,EXECUTABLE
MO2302-P-6500,20221206093249900,SG01,1,175.4,169.0,175.4,119,0.0,0.0,0.0,0,0,175.4,119,0,0,840.4,0.2,0,0,165.0,164.8,163.8,163.0,162.6,7,16,6,24,30,172.8,173.4,173.6,173.8,174.2,7,1,36,18,18,EXECUTABLE
MO2302-P-6600,20221206093249900,SG01,1,218.2,214.0,218.2,52,0.0,0.0,0.0,0,0,218.2,52,0,0,885.4,0.2,0,0,209.0,208.8,208.0,207.4,206.6,1,10,12,24,18,216.4,216.8,217.0,217.2,217.4,7,12,18,30,12,EXECUTABLE
MO2302-P-6700,20221206093249900,SG01,1,263.8,262.0,263.8,47,0.0,0.0,0.0,0,0,263.8,47,0,0,933.4,0.2,0,0,256.2,256.0,254.0,253.8,253.6,6,17,42,21,6,266.0,266.2,266.4,267.2,267.4,7,12,24,30,12,EXECUTABLE
MO2302-P-6800,20221206093249900,SG01,1,314.0,314.0,314.0,8,0.0,0.0,0.0,0,0,314.0,8,0,0,985.4,0.2,0,0,312.6,312.2,312.0,311.0,310.8,1,10,30,18,6,322.0,322.6,322.8,323.4,323.8,1,6,13,48,6,EXECUTABLE
MO2302-P-6900,20221206093249900,SG01,1,386.4,381.8,386.4,2,0.0,0.0,0.0,0,0,386.4,2,0,0,1053.2,0.2,0,0,371.4,371.2,370.6,370.4,369.4,6,17,18,30,6,384.0,384.8,385.6,385.8,386.0,1,6,6,30,18,EXECUTABLE
MO2302-P-7000,20221206093249900,SG01,1,500.0,450.2,500.0,14,0.0,0.0,0.0,0,0,500.0,14,0,0,1121.6,0.2,0,0,440.2,440.0,439.4,439.2,438.6,6,17,6,30,6,452.4,452.8,453.6,454.4,454.6,1,6,18,36,18,EXECUTABLE
MO2302-P-7100,20221206093249900,SG01,1,535.8,521.4,535.8,4,0.0,0.0,0.0,0,0,535.8,4,0,0,1192.8,0.2,0,0,512.4,512.2,510.8,510.2,510.0,6,16,24,24,18,526.6,526.8,527.6,527.8,528.4,13,6,6,30,12,EXECUTABLE
MO2302-P-7200,20221206093249900,SG01,1,730.2,599.2,730.2,15,0.0,0.0,0.0,0,0,730.2,15,0,0,1270.6,0.2,0,0,591.2,591.0,590.4,590.2,589.6,6,16,6,18,6,604.2,604.8,605.2,607.4,607.6,6,1,18,18,18,EXECUTABLE
MO2302-P-7300,20221206093249900,SG01,1,1000.0,682.6,1000.0,2,0.0,0.0,0.0,0,0,1000.0,2,0,0,1354.0,11.2,0,0,674.0,673.8,671.8,671.6,670.6,6,10,24,6,18,687.2,688.0,690.0,690.2,693.6,6,18,42,12,6,EXECUTABLE
MO2302-P-7400,20221206093249900,SG01,1,941.6,767.8,941.6,2,0.0,0.0,0.0,0,0,941.6,2,0,0,1439.2,96.4,0,0,761.0,760.8,759.8,758.6,758.4,6,10,24,18,6,774.4,777.0,777.4,777.8,778.0,6,12,6,36,12,EXECUTABLE
MO2302-C-5800,20221206093249900,SG01,1,867.4,882.4,867.4,2,0.0,0.0,0.0,0,0,867.4,2,0,0,1553.8,211.0,0,0,879.8,876.8,876.6,873.2,868.6,6,24,6,30,6,892.8,893.0,895.2,895.4,898.4,6,10,6,6,42,EXECUTABLE
MO2212-P-8200,20221206093249900,SG01,1,1518.8,1504.4,1518.8,55,0.0,0.0,0.0,0,0,1518.8,55,0,0,2175.8,833.0,0,0,1489.2,1489.0,1488.6,1488.4,1487.6,6,3,6,4,22,1498.6,1499.0,1499.2,1500.2,1501.0,6,6,16,6,8,EXECUTABLE
MO2212-C-6200,20221206093249900,SG01,1,491.0,507.2,491.0,219,0.0,0.0,0.0,0,0,491.0,219,0,0,1178.6,0.2,0,0,506.0,504.6,504.4,504.0,503.0,6,6,8,10,3,512.4,512.8,513.0,513.2,514.2,6,12,16,2,4,EXECUTABLE
MO2212-C-6400,20221206093249900,SG01,1,312.6,321.0,321.0,521,312.6,312.6,312.6,1,31260,312.6,521,0,0,992.4,0.2,0,0,315.6,315.0,314.8,314.6,314.0,6,6,8,6,6,322.8,323.0,323.8,324.2,324.6,22,6,12,6,6,EXECUTABLE
MO2212-C-6600,20221206093249900,SG01,1,156.0,159.2,159.2,1235,150.0,163.6,147.0,70,1096020,156.574,1244,0,0,830.6,0.2,0,0,155.2,155.0,154.8,154.6,154.2,10,8,9,1,6,158.4,158.8,159.8,160.0,160.2,3,4,14,1,10,EXECUTABLE
MO2212-C-6800,20221206093249900,SG01,1,58.4,59.8,59.8,3532,52.0,62.0,52.0,285,1682880,59.048,3652,0,0,731.2,0.2,0,0,57.6,57.4,57.2,57.0,56.8,1,6,13,30,5,58.8,59.6,60.0,60.2,60.4,3,10,2,10,18,EXECUTABLE
MO2212-C-7000,20221206093249900,SG01,1,17.8,18.4,18.4,2771,15.8,19.8,15.8,94,175700,18.691,2756,0,0,689.8,0.2,0,0,17.8,17.6,17.4,17.2,16.2,23,30,19,1,1,18.4,18.6,18.8,19.0,19.4,13,24,12,1,6,EXECUTABLE
MO2212-C-7200,20221206093249900,SG01,1,5.4,5.8,5.8,1863,5.4,5.8,4.8,22,11680,5.309,1881,0,0,677.2,0.2,0,0,5.4,5.2,4.4,3.8,3.2,19,48,2,3,2,5.8,6.0,6.4,9.0,9.6,52,15,1,3,1,EXECUTABLE
MO2212-C-7400,20221206093249900,SG01,1,1.8,1.8,1.8,905,0.0,0.0,0.0,0,0,1.8,905,0,0,673.2,0.2,0,0,2.0,1.8,1.6,1.4,1.2,6,53,7,1,40,2.2,2.4,2.6,3.0,3.2,18,41,6,1,1,EXECUTABLE
MO2212-C-7600,20221206093249900,SG01,1,1.2,1.2,1.2,589,0.0,0.0,0.0,0,0,1.2,589,0,0,672.6,0.2,0,0,1.0,0.8,0.6,0.0,0.0,23,36,6,0,0,1.2,1.4,1.6,1.8,2.0,10,54,1,1,1,EXECUTABLE
MO2212-C-7800,20221206093249900,SG01,1,0.8,0.8,0.8,227,0.0,0.0,0.0,0,0,0.8,227,0,0,672.2,0.2,0,0,0.8,0.6,0.4,0.0,0.0,10,49,12,0,0,1.0,1.2,1.4,1.6,1.8,36,36,2,1,1,EXECUTABLE
MO2212-P-6200,20221206093249900,SG01,1,3.0,3.0,3.0,2030,3.4,3.6,2.8,21,6700,3.19,2036,0,0,674.4,0.2,0,0,2.8,2.6,2.2,1.0,0.0,16,51,1,1,0,3.0,3.2,3.4,5.2,6.0,15,46,6,1,1,EXECUTABLE
MO2212-P-6400,20221206093249900,SG01,1,12.6,12.6,12.6,2572,14.2,14.2,11.6,63,76400,12.127,2551,0,0,684.0,0.2,0,0,12.4,12.2,12.0,11.2,10.6,6,38,20,1,2,12.8,13.0,13.2,14.0,16.0,5,30,34,6,3,EXECUTABLE
MO2212-P-6600,20221206093249900,SG01,1,50.8,52.6,52.6,2228,58.0,58.0,47.2,148,765400,51.716,2256,0,0,724.0,0.2,0,0,50.4,50.0,49.8,49.6,49.4,3,5,10,9,6,50.8,51.4,51.6,51.8,52.0,1,15,13,2,1,EXECUTABLE
MO2212-P-6800,20221206093249900,SG01,1,151.8,151.2,151.8,510,0.0,0.0,0.0,0,0,151.8,510,0,0,822.6,0.2,0,0,150.2,149.2,148.6,148.4,148.2,1,6,8,9,4,153.4,154.4,154.8,155.0,155.4,6,16,2,7,18,EXECUTABLE
MO2212-P-7000,20221206093249900,SG01,1,314.0,311.0,314.0,127,0.0,0.0,0.0,0,0,314.0,127,0,0,982.4,0.2,0,0,308.2,307.4,307.2,306.8,306.6,6,3,4,16,6,314.2,315.0,315.2,315.8,316.6,6,6,6,4,5,EXECUTABLE
MO2212-P-7200,20221206093249900,SG01,1,493.8,507.6,493.8,111,0.0,0.0,0.0,0,0,493.8,111,0,0,1179.0,0.2,0,0,494.2,493.6,493.4,493.0,492.8,15,23,2,6,6,502.0,502.8,503.4,503.8,504.2,6,6,11,6,5,EXECUTABLE
MO2212-P-7400,20221206093249900,SG01,1,691.6,705.0,691.6,60,0.0,0.0,0.0,0,0,691.6,60,0,0,1376.4,33.6,0,0,690.4,690.2,689.8,689.2,689.0,4,6,12,3,6,698.6,700.6,700.8,701.0,701.2,6,10,12,5,6,EXECUTABLE
MO2212-P-7600,20221206093249900,SG01,1,919.0,904.2,919.0,44,0.0,0.0,0.0,0,0,919.0,44,0,0,1575.6,232.8,0,0,890.2,889.2,888.8,888.4,888.2,6,4,6,6,21,898.4,899.0,899.6,899.8,900.4,6,6,4,12,2,EXECUTABLE
MO2212-P-7800,20221206093249900,SG01,1,1297.4,1104.0,1297.4,81,0.0,0.0,0.0,0,0,1297.4,81,0,0,1775.4,432.6,0,0,1090.2,1089.2,1089.0,1088.2,1087.4,6,15,4,18,6,1098.4,1098.8,1099.0,1099.2,1100.0,6,6,6,4,6,EXECUTABLE
MO2303-C-6200,20221206093249900,SG01,1,476.2,549.4,476.2,219,0.0,0.0,0.0,0,0,476.2,219,0,0,1220.8,0.2,0,0,545.0,544.2,543.8,542.6,542.0,6,1,6,12,12,556.0,556.2,556.6,557.4,557.8,6,12,6,18,6,EXECUTABLE
MO2303-C-6400,20221206093249900,SG01,1,413.0,417.4,413.0,167,0.0,0.0,0.0,0,0,413.0,167,0,0,1088.8,0.2,0,0,411.8,411.4,411.0,410.2,409.4,2,6,18,36,12,424.4,424.6,424.8,425.0,425.8,22,24,12,6,6,EXECUTABLE
MO2303-C-6600,20221206093249900,SG01,1,310.0,311.6,310.0,138,0.0,0.0,0.0,0,0,310.0,138,0,0,983.0,0.2,0,0,305.6,303.2,302.0,301.8,301.4,1,12,18,6,12,313.6,314.0,314.6,315.4,315.6,6,6,6,24,24,EXECUTABLE
MO2303-C-6800,20221206093249900,SG01,1,224.2,224.2,224.2,217,0.0,0.0,0.0,0,0,224.2,217,0,0,895.6,0.2,0,0,217.8,217.2,217.0,216.8,215.8,1,6,12,6,36,226.6,226.8,227.0,227.4,227.6,6,7,18,12,30,EXECUTABLE
MO2303-C-7000,20221206093249900,SG01,1,153.8,155.6,153.8,366,0.0,0.0,0.0,0,0,153.8,366,0,0,827.0,0.2,0,0,151.0,150.6,150.2,150.0,149.6,1,6,12,12,12,157.6,158.8,159.0,159.6,159.8,1,6,12,46,1,EXECUTABLE
MO2303-C-7200,20221206093249900,SG01,1,107.4,107.2,107.4,190,0.0,0.0,0.0,0,0,107.4,190,0,0,778.6,0.2,0,0,103.2,102.6,102.4,102.2,102.0,6,19,12,18,12,108.0,108.2,108.8,109.0,109.2,6,6,10,18,42,EXECUTABLE
MO2303-C-7400,20221206093249900,SG01,1,70.6,69.8,70.6,254,0.0,0.0,0.0,0,0,70.6,254,0,0,741.2,0.2,0,0,67.6,67.2,67.0,66.8,66.2,6,30,36,4,6,73.6,74.0,74.2,74.6,74.8,22,6,24,18,12,EXECUTABLE
MO2303-C-7600,20221206093249900,SG01,1,48.2,47.4,48.2,405,0.0,0.0,0.0,0,0,48.2,405,0,0,718.8,0.2,0,0,45.0,44.8,44.4,43.8,4.0,36,18,6,4,10,48.4,48.8,49.0,49.2,0.0,16,18,24,6,0,EXECUTABLE
MO2303-C-7800,20221206093249900,SG01,1,33.2,32.0,33.2,497,0.0,0.0,0.0,0,0,33.2,497,0,0,703.4,0.2,0,0,30.8,30.6,30.4,30.2,30.0,4,6,6,24,45,33.2,34.0,34.2,34.4,34.6,6,45,30,6,4,EXECUTABLE
MO2303-P-6400,20221206093249900,SG01,1,197.2,188.8,197.2,137,0.0,0.0,0.0,0,0,197.2,137,0,0,860.2,0.2,0,0,187.0,185.0,184.8,184.6,184.4,1,34,24,24,13,194.8,195.2,195.4,195.6,196.0,12,1,1,12,42,EXECUTABLE
MO2303-P-6800,20221206093249900,SG01,1,407.2,389.2,407.2,97,0.0,0.0,0.0,0,0,407.2,97,0,0,1060.6,0.2,0,0,385.6,385.4,384.4,383.2,383.0,1,6,18,16,18,396.8,397.2,397.6,398.2,399.6,1,12,1,12,30,EXECUTABLE
MO2303-P-7000,20221206093249900,SG01,1,518.0,518.8,518.0,223,0.0,0.0,0.0,0,0,518.0,223,0,0,1190.2,0.2,0,0,516.0,514.6,514.4,513.6,512.4,6,16,6,12,24,529.2,529.4,529.8,530.2,531.2,7,6,1,24,24,EXECUTABLE
MO2303-P-7200,20221206093249900,SG01,1,666.4,669.6,666.4,55,0.0,0.0,0.0,0,0,666.4,55,0,0,1341.0,0.2,0,0,665.2,664.0,663.0,662.4,662.2,12,6,30,12,6,678.0,679.6,680.0,681.0,682.0,1,12,18,30,12,EXECUTABLE
MO2303-P-7400,20221206093249900,SG01,1,998.0,832.6,998.0,52,0.0,0.0,0.0,0,0,998.0,52,0,0,1504.0,161.2,0,0,829.4,828.4,828.2,828.0,826.6,16,24,6,18,6,844.0,845.6,846.4,847.2,848.0,6,6,6,6,12,EXECUTABLE
MO2303-P-7600,20221206093249900,SG01,1,1053.0,1009.2,1053.0,31,0.0,0.0,0.0,0,0,1053.0,31,0,0,1680.6,337.8,0,0,1004.8,1004.6,1004.2,1001.4,1001.2,6,6,10,24,10,1017.6,1018.4,1019.6,1020.6,1020.8,6,12,6,36,10,EXECUTABLE
MO2306-C-6200,20221206093249900,SG01,1,582.6,578.6,582.6,108,0.0,0.0,0.0,0,0,582.6,108,0,0,1250.0,0.2,0,0,576.4,573.4,572.8,572.4,570.0,1,1,12,6,30,586.8,587.6,587.8,588.0,588.2,5,12,18,12,6,EXECUTABLE
MO2306-C-6400,20221206093249900,SG01,1,468.6,463.4,468.6,67,0.0,0.0,0.0,0,0,468.6,67,0,0,1134.8,0.2,0,0,461.0,460.6,459.8,459.0,458.6,1,7,12,6,36,473.8,475.4,475.8,476.0,476.6,1,24,24,17,10,EXECUTABLE
MO2306-C-6600,20221206093249900,SG01,1,375.6,368.8,375.8,118,375.6,375.6,375.6,1,37560,375.6,119,0,0,1040.2,0.2,0,0,375.6,367.2,367.0,366.2,365.8,1,12,12,6,30,378.8,379.0,380.4,380.8,382.2,17,6,10,24,6,EXECUTABLE
MO2306-C-6800,20221206093249900,SG01,1,294.2,294.2,294.2,208,0.0,0.0,0.0,0,0,294.2,208,0,0,965.6,0.2,0,0,285.8,285.0,284.2,283.0,282.8,1,7,24,24,11,298.0,298.2,299.4,299.6,300.2,6,24,18,12,6,EXECUTABLE
MO2306-C-7000,20221206093249900,SG01,1,229.2,223.2,229.2,533,0.0,0.0,0.0,0,0,229.2,533,0,0,894.6,0.2,0,0,221.0,220.4,219.8,219.6,218.0,18,2,18,18,29,228.6,230.6,231.4,231.6,231.8,1,5,36,34,12,EXECUTABLE
MO2306-C-7600,20221206093249900,SG01,1,101.2,99.2,101.2,357,0.0,0.0,0.0,0,0,101.2,357,0,0,770.6,0.2,0,0,98.2,97.6,97.2,97.0,96.8,6,6,6,6,6,103.4,104.0,104.2,104.4,104.8,5,6,46,12,6,EXECUTABLE
MO2306-C-7800,20221206093249900,SG01,1,72.4,76.2,72.4,489,0.0,0.0,0.0,0,0,72.4,489,0,0,747.6,0.2,0,0,73.6,73.4,73.2,73.0,72.8,6,23,22,24,15,79.8,80.0,80.2,80.4,80.6,7,12,6,28,18,EXECUTABLE
MO2306-P-6200,20221206093249900,SG01,1,263.0,261.4,263.0,264,0.0,0.0,0.0,0,0,263.0,264,0,0,932.8,0.2,0,0,259.2,257.6,257.2,257.0,256.4,1,6,5,31,36,269.0,269.4,269.6,270.6,271.2,1,6,31,17,18,EXECUTABLE
MO2306-P-6400,20221206093249900,SG01,1,353.6,344.6,353.6,243,0.0,0.0,0.0,0,0,353.6,243,0,0,1016.0,0.2,0,0,342.8,342.4,342.2,342.0,341.8,1,6,6,24,11,353.6,354.2,354.4,354.8,355.0,1,6,13,18,24,EXECUTABLE
MO2306-P-6600,20221206093249900,SG01,1,454.0,447.8,454.0,107,0.0,0.0,0.0,0,0,454.0,107,0,0,1119.2,0.2,0,0,443.2,443.0,442.0,440.6,440.2,12,17,30,4,18,455.2,455.4,455.8,457.6,457.8,1,1,6,12,42,EXECUTABLE
MO2306-P-6800,20221206093249900,SG01,1,564.4,564.4,564.4,73,0.0,0.0,0.0,0,0,564.4,73,0,0,1235.8,0.2,0,0,560.8,559.8,558.4,558.0,557.0,1,12,12,30,4,571.4,573.6,574.4,574.8,575.0,1,6,1,18,6,EXECUTABLE
MO2306-P-7000,20221206093249900,SG01,1,720.2,699.0,720.2,55,0.0,0.0,0.0,0,0,720.2,55,0,0,1370.4,27.6,0,0,689.8,689.6,689.0,688.4,688.2,6,24,6,6,18,703.6,704.2,706.2,706.8,707.0,1,1,6,12,23,EXECUTABLE
MO2306-P-7200,20221206093249900,SG01,1,1000.0,840.0,1000.0,44,0.0,0.0,0.0,0,0,1000.0,44,0,0,1511.4,168.6,0,0,836.6,834.8,833.8,833.4,832.0,4,12,12,18,24,852.8,853.4,853.6,853.8,854.0,1,6,12,24,12,EXECUTABLE
MO2306-P-7400,20221206093249900,SG01,1,1011.6,1004.2,1011.6,34,0.0,0.0,0.0,0,0,1011.6,34,0,0,1675.6,332.8,0,0,993.6,990.8,987.6,987.2,987.0,4,18,6,24,16,1008.8,1009.0,1009.4,1009.6,1009.8,1,6,13,11,12,EXECUTABLE
MO2306-P-7600,20221206093249900,SG01,1,1346.6,1161.8,1346.6,35,0.0,0.0,0.0,0,0,1346.6,35,0,0,1833.2,490.4,0,0,1159.4,1155.8,1154.0,1153.8,1153.2,10,12,12,12,4,1175.0,1175.4,1178.0,1179.8,1180.8,7,6,36,11,10,EXECUTABLE
MO2306-P-7800,20221206093249900,SG01,1,1394.4,1339.6,1394.4,53,0.0,0.0,0.0,0,0,1394.4,53,0,0,2011.0,668.2,0,0,1334.6,1331.0,1330.0,1326.8,1326.4,4,6,12,30,4,1349.0,1352.0,1352.4,1355.0,1356.0,6,12,6,30,6,EXECUTABLE
MO2212-P-8000,20221206093250400,SG01,1,1547.4,1304.0,1547.4,128,0.0,0.0,0.0,0,0,1547.4,128,0,0,1975.4,632.6,0,0,1288.2,1287.4,1286.6,1286.0,1285.8,4,6,9,6,12,1298.2,1298.4,1298.6,1300.0,1300.2,6,20,4,6,9,EXECUTABLE
MO2303-C-8000,20221206093250400,SG01,1,21.4,21.4,21.4,290,0.0,0.0,0.0,0,0,21.4,290,0,0,692.8,0.2,0,0,20.4,20.0,19.6,2.6,0.6,6,54,4,2,2,22.0,22.2,22.4,22.6,22.8,10,18,12,18,6,EXECUTABLE
MO2303-P-8000,20221206093250400,SG01,1,1536.0,1379.6,1536.0,90,0.0,0.0,0.0,0,0,1536.0,90,0,0,2051.0,708.2,0,0,1375.4,1375.2,1374.4,1374.2,1372.6,12,12,18,4,6,1388.8,1390.8,1392.0,1393.0,1394.6,6,6,6,6,24,EXECUTABLE
MO2306-P-8000,20221206093250400,SG01,1,1764.6,1518.4,1764.6,49,0.0,0.0,0.0,0,0,1764.6,49,0,0,2189.8,847.0,0,0,1514.0,1510.8,1509.2,1507.4,1507.2,4,6,6,6,34,1529.0,1529.8,1532.2,1532.6,1533.4,6,18,6,12,6,EXECUTABLE
MO2212-C-6500,20221206093250400,SG01,1,234.0,231.8,231.8,1035,228.0,240.4,228.0,19,437560,230.295,1038,0,0,903.2,0.2,0,0,230.8,230.2,230.0,229.6,229.4,6,6,3,6,6,235.6,235.8,236.4,236.6,237.6,3,22,2,12,6,EXECUTABLE
MO2212-C-6700,20221206093250400,SG01,1,98.2,99.0,99.0,2860,90.2,103.0,90.2,161,1570420,97.542,2877,0,0,770.4,0.2,0,0,97.8,97.6,97.4,96.8,96.6,6,19,14,6,4,100.6,100.8,101.0,101.2,101.4,4,6,14,10,12,EXECUTABLE
MO2212-C-6900,20221206093250400,SG01,1,32.8,33.4,33.4,2833,30.0,35.2,29.4,178,589700,33.129,2873,0,0,704.8,0.2,0,0,32.6,32.4,32.2,32.0,31.8,5,8,12,6,10,32.8,33.4,33.6,33.8,34.0,1,7,6,3,3,EXECUTABLE
MO2212-C-7100,20221206093250400,SG01,1,10.0,9.8,9.8,1316,8.6,10.6,8.6,102,101500,9.951,1303,0,0,681.2,0.2,0,0,9.8,9.6,9.4,8.8,8.2,17,37,9,2,1,10.0,10.2,10.4,10.6,15.8,6,37,11,1,1,EXECUTABLE
MO2212-P-5900,20221206093250400,SG01,1,1.0,1.2,1.2,1025,1.0,1.0,1.0,3,300,1.0,1023,0,0,672.6,0.2,0,0,1.0,0.8,0.6,0.0,0.0,7,52,5,0,0,1.2,1.4,1.6,0.0,0.0,32,27,7,0,0,EXECUTABLE
MO2212-P-6100,20221206093250400,SG01,1,1.4,2.0,2.0,1560,1.4,1.4,1.4,2,280,1.4,1560,0,0,673.4,0.2,0,0,1.6,1.4,0.8,0.2,0.0,6,70,20,2,0,1.8,2.0,2.2,3.0,0.0,19,38,7,1,0,EXECUTABLE
MO2212-P-6300,20221206093250400,SG01,1,5.6,6.0,6.0,2206,6.0,7.0,5.4,48,27040,5.633,2206,0,0,677.4,0.2,0,0,5.8,5.6,5.0,2.0,1.2,18,55,3,1,1,6.2,6.4,6.6,8.0,10.4,51,21,1,1,1,EXECUTABLE
MO2212-P-6500,20221206093250400,SG01,1,25.8,25.0,25.0,1729,28.0,28.2,23.4,141,357200,25.333,1722,0,0,696.4,0.2,0,0,25.0,24.8,24.6,24.4,24.2,5,10,7,29,32,25.4,25.8,26.0,26.2,26.6,1,6,9,8,9,EXECUTABLE
MO2212-P-6700,20221206093250400,SG01,1,90.6,95.6,95.6,3590,100.2,100.2,87.4,126,1153480,91.546,3596,0,0,767.0,0.2,0,0,90.0,89.6,89.4,89.0,88.8,10,9,2,15,6,92.2,92.4,92.6,93.0,93.2,6,19,18,11,9,EXECUTABLE
MO2212-P-6900,20221206093250400,SG01,1,228.8,227.0,227.0,196,228.8,228.8,228.8,1,22880,228.8,196,0,0,898.4,0.2,0,0,222.0,221.8,221.6,221.4,221.2,6,7,12,3,6,227.0,227.4,227.6,228.4,228.6,6,6,9,6,4,EXECUTABLE
MO2212-P-7100,20221206093250400,SG01,1,415.6,411.2,415.6,61,0.0,0.0,0.0,0,0,415.6,61,0,0,1082.6,0.2,0,0,398.6,398.2,398.0,397.6,397.4,6,4,15,3,12,406.2,406.8,407.2,407.8,408.0,14,10,6,6,10,EXECUTABLE
MO2309-C-5800,20221206093250400,SG01,1,871.8,871.8,871.8,129,0.0,0.0,0.0,0,0,871.8,129,0,0,1543.2,200.4,0,0,855.8,854.8,854.2,853.8,853.2,1,1,12,5,3,871.6,873.6,874.0,874.6,875.6,2,11,30,6,6,EXECUTABLE
MO2309-C-6000,20221206093250400,SG01,1,740.8,732.4,740.8,132,0.0,0.0,0.0,0,0,740.8,132,0,0,1403.8,61.0,0,0,728.6,726.4,726.0,725.8,723.8,2,11,6,18,18,745.8,746.0,746.4,746.6,746.8,8,1,11,24,15,EXECUTABLE
MO2309-C-6200,20221206093250400,SG01,1,609.0,615.2,609.0,149,0.0,0.0,0.0,0,0,609.0,149,0,0,1286.6,0.2,0,0,614.4,613.6,610.8,610.6,609.0,1,1,6,6,3,628.0,628.2,630.6,631.0,631.8,8,12,11,30,6,EXECUTABLE
MO2309-C-6400,20221206093250400,SG01,1,549.0,509.2,549.0,157,0.0,0.0,0.0,0,0,549.0,157,0,0,1180.6,0.2,0,0,510.6,509.8,508.2,507.8,507.4,1,1,6,3,23,523.2,523.6,524.2,524.8,525.0,2,17,18,30,6,EXECUTABLE
MO2309-C-6600,20221206093250400,SG01,1,427.0,419.8,427.0,170,0.0,0.0,0.0,0,0,427.0,170,0,0,1091.2,0.2,0,0,422.4,419.2,418.4,417.8,417.6,1,1,11,24,6,431.8,432.8,433.4,434.8,435.0,13,33,12,6,12,EXECUTABLE
MO2309-C-6800,20221206093250400,SG01,1,346.0,340.6,346.0,139,0.0,0.0,0.0,0,0,346.0,139,0,0,1012.0,0.2,0,0,342.2,341.0,340.6,339.6,339.4,1,1,3,5,36,352.8,353.6,353.8,354.6,355.2,8,29,30,3,12,EXECUTABLE
MO2309-C-7000,20221206093250400,SG01,1,279.0,277.4,279.0,200,0.0,0.0,0.0,0,0,279.0,200,0,0,948.8,0.2,0,0,273.6,272.8,272.6,270.8,270.4,1,9,12,24,24,284.2,285.0,286.6,288.0,288.2,1,8,6,41,12,EXECUTABLE
MO2309-C-7200,20221206093250400,SG01,1,218.4,222.0,218.4,324,0.0,0.0,0.0,0,0,218.4,324,0,0,893.4,0.2,0,0,219.6,219.4,218.4,218.0,217.8,6,3,18,17,30,227.8,229.2,230.0,230.2,231.2,1,19,36,24,15,EXECUTABLE
MO2309-P-5800,20221206093250400,SG01,1,226.0,234.4,226.0,79,0.0,0.0,0.0,0,0,226.0,79,0,0,905.8,0.2,0,0,229.8,228.4,227.8,227.2,227.0,9,18,41,12,6,238.4,238.6,238.8,239.0,239.4,6,3,11,37,12,EXECUTABLE
MO2309-P-6200,20221206093250400,SG01,1,375.0,379.0,375.0,123,0.0,0.0,0.0,0,0,375.0,123,0,0,1050.4,0.2,0,0,373.4,372.2,371.8,371.0,370.8,8,6,36,12,6,384.8,386.0,386.4,386.8,387.2,1,6,11,30,9,EXECUTABLE
MO2309-P-6600,20221206093250400,SG01,1,578.4,577.0,578.4,46,0.0,0.0,0.0,0,0,578.4,46,0,0,1248.4,0.2,0,0,569.4,569.2,569.0,568.4,567.0,6,2,1,29,9,581.8,586.4,586.8,587.0,587.6,1,5,24,30,9,EXECUTABLE
MO2309-P-6800,20221206093250400,SG01,1,675.8,691.0,675.8,36,0.0,0.0,0.0,0,0,675.8,36,0,0,1362.4,19.6,0,0,686.2,685.8,684.0,683.4,683.2,8,12,24,17,6,700.0,704.2,704.8,705.0,706.6,1,3,17,12,36,EXECUTABLE
MO2309-P-7000,20221206093250400,SG01,1,818.6,825.4,818.6,47,0.0,0.0,0.0,0,0,818.6,47,0,0,1496.8,154.0,0,0,815.4,815.0,813.0,812.4,811.8,14,5,24,18,3,828.8,833.6,835.8,836.0,837.0,1,6,3,23,12,EXECUTABLE
MO2309-P-7200,20221206093250400,SG01,1,1000.0,967.0,1000.0,58,0.0,0.0,0.0,0,0,1000.0,58,0,0,1638.4,295.6,0,0,954.6,951.6,951.4,951.2,950.4,19,28,9,6,6,969.8,975.0,976.8,977.4,978.8,1,6,26,6,28,EXECUTABLE
MO2212-C-5700,20221206093250400,SG01,1,1015.2,996.2,1015.2,53,0.0,0.0,0.0,0,0,1015.2,53,0,0,1667.6,324.8,0,0,1002.6,1000.8,1000.6,1000.2,999.2,12,6,6,3,12,1011.0,1011.2,1011.6,1011.8,1012.0,6,9,4,6,6,EXECUTABLE
MO2212-P-5700,20221206093250400,SG01,1,0.8,0.8,0.8,305,0.0,0.0,0.0,0,0,0.8,305,0,0,672.2,0.2,0,0,0.6,0.4,0.0,0.0,0.0,52,15,0,0,0,1.0,1.2,0.0,0.0,0.0,34,27,0,0,0,EXECUTABLE
MO2303-C-5600,20221206093250400,SG01,1,1052.0,1050.4,1052.0,66,0.0,0.0,0.0,0,0,1052.0,66,0,0,1721.8,379.0,0,0,1042.2,1041.8,1040.2,1039.2,1038.8,6,6,18,18,10,1055.6,1056.0,1057.0,1057.4,1058.0,12,12,12,6,10,EXECUTABLE
MO2303-P-5600,20221206093250400,SG01,1,31.2,26.6,31.2,134,0.0,0.0,0.0,0,0,31.2,134,0,0,698.0,0.2,0,0,25.6,25.4,25.2,25.0,24.8,10,12,18,49,9,28.4,28.6,28.8,29.0,29.2,28,6,51,6,6,EXECUTABLE
MO2306-C-5600,20221206093250400,SG01,1,999.6,1010.8,999.6,32,0.0,0.0,0.0,0,0,999.6,32,0,0,1682.2,339.4,0,0,1000.4,1000.0,999.6,999.0,998.8,12,18,1,24,12,1019.8,1020.6,1021.2,1022.4,1022.8,12,10,11,42,6,EXECUTABLE
MO2309-C-5600,20221206093250400,SG01,1,934.4,1008.8,934.4,116,0.0,0.0,0.0,0,0,934.4,116,0,0,1680.2,337.4,0,0,1001.0,996.8,996.4,996.2,996.0,1,18,11,24,22,1019.4,1019.6,1019.8,1020.2,1021.2,6,2,3,6,29,EXECUTABLE
MO2212-C-5600,20221206093250400,SG01,1,1116.8,1096.0,1116.8,48,0.0,0.0,0.0,0,0,1116.8,48,0,0,1767.4,424.6,0,0,1102.2,1101.0,1100.8,1100.0,1099.0,6,6,14,4,9,1110.6,1111.0,1111.4,1111.6,1111.8,6,9,4,6,6,EXECUTABLE
MO2303-C-8200,20221206093250400,SG01,1,15.0,15.0,15.0,580,0.0,0.0,0.0,0,0,15.0,580,0,0,686.4,0.2,0,0,14.4,14.2,14.0,13.0,6.0,10,30,33,2,3,15.6,16.0,16.2,16.4,16.6,10,33,24,6,6,EXECUTABLE
MO2303-P-8200,20221206093250400,SG01,1,1571.8,1590.6,1571.8,103,0.0,0.0,0.0,0,0,1571.8,103,0,0,2262.0,919.2,0,0,1567.0,1565.6,1564.2,1564.0,1563.8,6,6,6,40,6,1580.4,1583.2,1583.6,1585.0,1585.2,6,6,6,6,12,EXECUTABLE
MO2306-P-8200,20221206093250400,SG01,1,1802.8,1703.8,1802.8,42,0.0,0.0,0.0,0,0,1802.8,42,0,0,2375.2,1032.4,0,0,1695.2,1693.0,1692.4,1691.2,1689.0,10,6,12,28,6,1713.2,1713.4,1716.6,1717.0,1719.6,6,6,12,18,6,EXECUTABLE
MO2212-C-5800,20221206093250400,SG01,1,917.6,896.4,917.6,34,0.0,0.0,0.0,0,0,917.6,34,0,0,1567.8,225.0,0,0,903.2,902.8,901.4,901.2,899.6,6,6,6,12,6,911.0,911.2,912.0,913.8,914.4,6,6,13,18,6,EXECUTABLE
MO2212-P-5800,20221206093250400,SG01,1,1.0,1.0,1.0,516,0.0,0.0,0.0,0,0,1.0,516,0,0,672.4,0.2,0,0,0.8,0.6,0.4,0.0,0.0,1,55,7,0,0,1.0,1.2,1.4,0.0,0.0,21,40,1,0,0,EXECUTABLE
MO2303-C-5800,20221206093250400,SG01,1,876.0,871.0,876.0,101,0.0,0.0,0.0,0,0,876.0,101,0,0,1542.4,199.6,0,0,862.8,862.6,861.0,860.6,860.0,6,6,6,12,6,876.2,877.6,877.8,878.2,878.6,12,24,24,6,6,EXECUTABLE
MO2306-C-5800,20221206093250400,SG01,1,898.0,849.4,898.0,100,0.0,0.0,0.0,0,0,898.0,100,0,0,1520.8,178.0,0,0,844.2,843.6,843.4,843.0,842.4,1,6,6,13,5,864.0,864.8,866.0,866.4,867.0,6,6,18,46,5,EXECUTABLE
MO2212-C-8000,20221206093250400,SG01,1,0.8,0.8,0.8,940,0.0,0.0,0.0,0,0,0.8,940,0,0,672.2,0.2,0,0,0.8,0.6,0.4,0.0,0.0,12,39,22,0,0,1.0,1.2,1.4,0.0,0.0,49,27,1,0,0,EXECUTABLE
MO2212-C-6000,20221206093250400,SG01,1,708.6,697.4,708.6,58,0.0,0.0,0.0,0,0,708.6,58,0,0,1368.8,26.0,0,0,704.4,703.8,703.6,703.4,702.6,2,6,12,2,4,711.8,712.0,712.2,712.6,712.8,3,12,4,6,6,EXECUTABLE
MO2212-P-6000,20221206093250400,SG01,1,1.4,1.4,1.4,1401,0.0,0.0,0.0,0,0,1.4,1401,0,0,672.8,0.2,0,0,1.2,1.0,0.8,0.0,0.0,6,61,3,0,0,1.4,1.6,1.8,2.2,2.8,7,50,9,1,1,EXECUTABLE
MO2303-C-6000,20221206093250400,SG01,1,703.0,701.8,703.0,120,0.0,0.0,0.0,0,0,703.0,120,0,0,1373.2,30.4,0,0,695.2,694.0,693.0,692.6,692.0,12,18,6,6,6,709.4,710.4,711.2,711.6,711.8,6,12,4,48,12,EXECUTABLE
MO2303-P-6000,20221206093250400,SG01,1,77.2,74.8,77.2,181,0.0,0.0,0.0,0,0,77.2,181,0,0,746.2,0.2,0,0,75.0,74.6,74.4,74.0,73.8,1,6,4,18,12,79.2,79.8,80.0,80.2,80.4,18,12,22,30,6,EXECUTABLE
MO2306-C-6000,20221206093250400,SG01,1,708.0,705.8,708.0,123,0.0,0.0,0.0,0,0,708.0,123,0,0,1377.2,34.4,0,0,702.8,702.4,701.8,701.4,701.2,1,7,6,12,12,718.0,719.2,720.0,720.2,720.4,10,6,12,12,6,EXECUTABLE
MO2306-P-6000,20221206093250400,SG01,1,194.6,194.6,194.6,112,0.0,0.0,0.0,0,0,194.6,112,0,0,866.0,0.2,0,0,192.2,191.8,191.0,190.8,190.6,1,6,10,36,35,201.0,202.0,202.2,202.8,203.0,7,1,24,30,6,EXECUTABLE
MO2212-C-5900,20221206093250400,SG01,1,796.2,805.0,796.2,45,0.0,0.0,0.0,0,0,796.2,45,0,0,1476.4,133.6,0,0,803.6,803.2,803.0,802.8,802.4,2,6,6,14,4,811.2,811.6,812.0,812.2,813.0,15,6,4,6,6,EXECUTABLE
MO2212-C-6100,20221206093250400,SG01,1,594.0,598.4,594.0,107,0.0,0.0,0.0,0,0,594.0,107,0,0,1269.8,0.2,0,0,605.4,604.8,604.6,604.4,603.4,2,6,8,6,10,612.2,612.8,613.0,613.8,614.4,6,9,4,12,2,EXECUTABLE
MO2212-C-6300,20221206093250400,SG01,1,401.0,411.0,401.0,204,0.0,0.0,0.0,0,0,401.0,204,0,0,1082.4,0.2,0,0,409.6,409.4,409.2,409.0,408.0,2,7,8,6,6,416.4,416.6,416.8,417.2,417.6,3,12,4,6,6,EXECUTABLE
MO2212-C-5500,20221206093250400,SG01,1,1196.0,1195.8,1196.0,42,0.0,0.0,0.0,0,0,1196.0,42,0,0,1867.2,524.4,0,0,1201.8,1201.2,1201.0,1200.6,1199.6,6,8,7,10,3,1210.2,1211.0,1211.8,1212.0,1213.2,6,7,18,6,6,EXECUTABLE
MO2212-P-5500,20221206093250400,SG01,1,0.8,0.8,0.8,502,0.0,0.0,0.0,0,0,0.8,502,0,0,672.2,0.2,0,0,0.6,0.4,0.2,0.0,0.0,31,35,1,0,0,0.8,1.0,1.2,0.0,0.0,10,40,7,0,0,EXECUTABLE
MO2303-C-5400,20221206093250400,SG01,1,1236.0,1238.8,1236.0,37,0.0,0.0,0.0,0,0,1236.0,37,0,0,1910.2,567.4,0,0,1230.6,1228.6,1228.4,1228.0,1227.6,6,6,6,6,12,1242.4,1243.0,1243.4,1244.0,1244.6,12,30,10,6,6,EXECUTABLE
MO2306-C-5400,20221206093250400,SG01,1,1115.0,1187.8,1115.0,46,0.0,0.0,0.0,0,0,1115.0,46,0,0,1859.2,516.4,0,0,1170.0,1169.8,1167.0,1166.8,1164.2,6,6,6,12,30,1186.6,1187.2,1187.4,1188.4,1188.6,16,5,12,22,18,EXECUTABLE
MO2309-C-5400,20221206093250400,SG01,1,1161.0,1161.6,1161.0,92,0.0,0.0,0.0,0,0,1161.0,92,0,0,1833.0,490.2,0,0,1149.2,1148.8,1148.6,1146.8,1146.0,6,11,2,25,30,1173.0,1173.2,1174.0,1176.8,1177.0,8,12,6,35,4,EXECUTABLE
MO2212-C-7500,20221206093250400,SG01,1,1.2,1.2,1.2,211,0.0,0.0,0.0,0,0,1.2,211,0,0,672.6,0.2,0,0,1.2,1.0,0.0,0.0,0.0,56,9,0,0,0,1.6,1.8,2.0,2.2,2.8,39,24,7,1,1,EXECUTABLE
MO2212-P-7500,20221206093250400,SG01,1,913.0,804.4,913.0,13,0.0,0.0,0.0,0,0,913.0,13,0,0,1475.8,133.0,0,0,789.6,789.2,789.0,788.8,787.6,4,6,9,6,6,797.4,799.2,799.4,800.0,800.4,12,6,2,4,6,EXECUTABLE
MO2301-C-7500,20221206093250400,SG01,1,13.6,14.4,13.6,273,12.8,13.6,12.8,4,5240,13.1,275,0,0,685.8,0.2,0,0,13.4,13.2,13.0,12.8,12.6,6,31,27,6,1,14.6,14.8,15.0,15.2,18.2,10,18,33,9,1,EXECUTABLE
MO2301-P-7500,20221206093250400,SG01,1,837.2,823.8,837.2,13,0.0,0.0,0.0,0,0,837.2,13,0,0,1495.2,152.4,0,0,819.2,818.2,818.0,817.8,816.8,4,12,27,12,12,829.8,830.0,830.2,830.8,831.8,6,18,6,6,6,EXECUTABLE
MO2309-C-7600,20221206093250400,SG01,1,139.2,141.6,141.6,195,139.2,139.2,139.2,1,13920,139.2,195,0,0,813.0,0.2,0,0,137.8,137.2,137.0,136.0,135.8,1,6,3,6,41,143.0,145.6,145.8,146.0,146.2,1,17,8,36,18,EXECUTABLE
MO2212-C-5300,20221206093250400,SG01,1,1367.0,1406.0,1367.0,39,0.0,0.0,0.0,0,0,1367.0,39,0,0,2077.4,734.6,0,0,1400.8,1400.4,1400.2,1399.0,1398.8,6,6,14,4,9,1410.2,1410.8,1412.0,1413.4,1414.0,6,4,21,12,6,EXECUTABLE
MO2212-C-5400,20221206093250400,SG01,1,1266.2,1306.2,1266.2,41,0.0,0.0,0.0,0,0,1266.2,41,0,0,1977.6,634.8,0,0,1301.6,1301.2,1300.6,1300.4,1300.2,6,6,6,6,1,1310.8,1311.0,1311.4,1311.8,1313.8,6,4,6,6,6,EXECUTABLE
MO2212-P-5300,20221206093250400,SG01,1,0.6,0.6,0.6,483,0.0,0.0,0.0,0,0,0.6,483,0,0,672.0,0.2,0,0,0.6,0.4,0.0,0.0,0.0,13,53,0,0,0,0.8,1.0,1.2,0.0,0.0,18,44,1,0,0,EXECUTABLE
MO2212-P-5400,20221206093250400,SG01,1,0.8,0.8,0.8,296,0.0,0.0,0.0,0,0,0.8,296,0,0,672.2,0.2,0,0,0.6,0.4,0.0,0.0,0.0,31,35,0,0,0,0.8,1.0,1.2,0.0,0.0,16,33,6,0,0,EXECUTABLE
MO2303-C-5200,20221206093250400,SG01,1,1452.4,1429.6,1452.4,32,0.0,0.0,0.0,0,0,1452.4,32,0,0,2101.0,758.2,0,0,1422.4,1420.0,1419.6,1419.2,1417.8,6,6,6,6,24,1434.6,1435.4,1435.8,1436.6,1437.6,12,24,6,22,6,EXECUTABLE
MO2303-P-5200,20221206093250400,SG01,1,9.2,9.2,9.2,272,9.2,9.2,9.2,5,4600,9.2,277,0,0,680.6,0.2,0,0,9.0,8.8,8.6,8.4,0.6,24,19,12,6,2,9.6,9.8,10.0,0.0,0.0,12,33,16,0,0,EXECUTABLE
MO2306-C-5200,20221206093250400,SG01,1,1236.6,1355.4,1236.6,34,0.0,0.0,0.0,0,0,1236.6,34,0,0,2026.8,684.0,0,0,1344.8,1344.2,1344.0,1343.6,1343.4,6,6,12,12,28,1363.4,1364.0,1365.4,1367.2,1368.0,6,5,18,34,10,EXECUTABLE
MO2309-C-5200,20221206093250400,SG01,1,1330.2,1330.2,1330.2,99,0.0,0.0,0.0,0,0,1330.2,99,0,0,2001.6,658.8,0,0,1312.4,1311.8,1309.8,1308.0,1307.4,6,12,18,3,16,1329.8,1330.0,1332.8,1334.6,1334.8,8,6,17,3,22,EXECUTABLE
MO2309-P-5200,20221206093250400,SG01,1,104.2,103.2,104.2,132,0.0,0.0,0.0,0,0,104.2,132,0,0,774.6,0.2,0,0,99.8,99.2,99.0,98.8,98.6,1,6,23,2,45,104.0,105.0,105.2,105.4,105.6,5,6,18,36,12,EXECUTABLE
MO2301-C-5600,20221206093250400,SG01,1,903.0,1089.2,903.0,38,0.0,0.0,0.0,0,0,903.0,38,0,0,1760.6,417.8,0,0,1083.0,1082.0,1081.8,1081.4,1081.2,12,6,12,16,12,1093.6,1094.2,1095.4,1095.6,1096.4,10,6,33,12,12,EXECUTABLE
MO2301-P-5600,20221206093250400,SG01,1,5.8,5.8,5.8,203,5.8,5.8,5.8,5,2900,5.8,208,0,0,677.2,0.2,0,0,5.4,5.2,5.0,4.8,4.4,6,28,24,12,1,5.8,6.0,6.2,7.8,0.0,16,24,24,1,0,EXECUTABLE
MO2301-C-7400,20221206093250400,SG01,1,18.8,20.4,20.4,232,18.8,18.8,18.8,1,1880,18.8,232,0,0,691.8,0.2,0,0,19.0,18.8,18.6,18.2,1.2,12,25,27,1,5,20.4,20.6,20.8,21.0,24.8,10,27,15,6,1,EXECUTABLE
MO2212-P-5600,20221206093250400,SG01,1,0.8,0.8,0.8,324,0.0,0.0,0.0,0,0,0.8,324,0,0,672.2,0.2,0,0,0.6,0.4,0.0,0.0,0.0,3,60,0,0,0,0.8,1.0,1.2,0.0,0.0,16,45,1,0,0,EXECUTABLE
MO2301-C-5700,20221206093250400,SG01,1,968.2,993.2,968.2,8,0.0,0.0,0.0,0,0,968.2,8,0,0,1664.6,321.8,0,0,985.4,983.8,983.2,982.8,982.2,12,12,12,4,27,996.6,996.8,998.4,999.4,999.8,16,6,12,27,12,EXECUTABLE
MO2301-C-5800,20221206093250400,SG01,1,918.0,883.6,918.0,23,0.0,0.0,0.0,0,0,918.0,23,0,0,1555.0,212.2,0,0,888.6,888.4,887.0,886.8,886.6,6,14,7,3,24,899.4,899.8,901.4,901.6,901.8,10,6,6,27,12,EXECUTABLE
MO2301-C-5900,20221206093250400,SG01,1,805.4,788.0,805.4,29,0.0,0.0,0.0,0,0,805.4,29,0,0,1459.4,116.6,0,0,793.8,793.0,792.8,792.0,791.8,6,12,6,6,18,802.8,804.6,804.8,805.6,805.8,10,12,9,18,12,EXECUTABLE
MO2301-C-6000,20221206093250400,SG01,1,718.8,704.8,718.8,36,0.0,0.0,0.0,0,0,718.8,36,0,0,1376.2,33.4,0,0,700.0,698.4,698.2,697.8,697.0,6,13,7,21,6,709.0,709.2,711.0,711.2,712.4,4,6,15,24,6,EXECUTABLE
MO2301-C-6100,20221206093250400,SG01,1,626.8,612.8,626.8,21,0.0,0.0,0.0,0,0,626.8,21,0,0,1284.2,0.2,0,0,608.2,608.0,607.8,607.6,607.4,6,12,6,6,6,618.6,618.8,619.0,620.4,620.6,10,6,6,27,12,EXECUTABLE
MO2301-C-6200,20221206093250400,SG01,1,520.0,525.4,520.0,47,0.0,0.0,0.0,0,0,520.0,47,0,0,1196.8,0.2,0,0,521.0,519.4,519.0,518.8,518.6,6,12,6,21,18,530.0,530.2,531.8,532.0,532.2,10,6,15,6,9,EXECUTABLE
MO2301-C-6300,20221206093250400,SG01,1,439.0,442.2,439.0,94,0.0,0.0,0.0,0,0,439.0,94,0,0,1113.6,0.2,0,0,438.8,438.6,438.2,437.0,436.6,6,13,6,6,9,446.4,446.6,447.0,447.2,448.6,10,6,3,21,6,EXECUTABLE
MO2301-C-6400,20221206093250400,SG01,1,366.8,365.0,363.0,82,366.8,366.8,366.8,1,36680,366.8,82,0,0,1036.4,0.2,0,0,363.8,362.2,362.0,361.8,361.6,1,6,1,12,6,367.4,368.2,368.4,369.0,369.2,6,6,6,12,4,EXECUTABLE
MO2301-C-6500,20221206093250400,SG01,1,297.6,293.0,288.0,191,296.0,297.6,296.0,2,59360,296.8,192,0,0,964.4,0.2,0,0,295.8,294.2,292.8,292.6,291.8,6,7,6,15,18,298.4,298.6,298.8,299.2,300.2,6,6,12,6,4,EXECUTABLE
MO2301-C-6600,20221206093250400,SG01,1,237.0,236.8,236.8,254,241.4,241.4,236.0,3,71440,238.133,254,0,0,908.2,0.2,0,0,235.2,233.6,233.4,232.6,232.0,6,7,6,12,15,237.6,237.8,238.0,238.2,239.0,12,6,9,12,4,EXECUTABLE
MO2301-C-6700,20221206093250400,SG01,1,180.0,186.4,186.4,451,180.0,180.0,180.0,5,90000,180.0,446,0,0,857.8,0.2,0,0,181.8,181.2,181.0,180.6,180.2,6,3,6,14,6,185.4,185.6,186.0,186.4,186.6,15,6,4,15,6,EXECUTABLE
MO2301-C-6800,20221206093250400,SG01,1,140.6,141.2,140.6,277,0.0,0.0,0.0,0,0,140.6,277,0,0,812.6,0.2,0,0,139.4,138.6,137.8,137.4,137.2,6,6,6,1,28,141.6,142.0,142.6,143.4,143.6,6,25,9,6,6,EXECUTABLE
MO2301-C-6900,20221206093250400,SG01,1,106.6,106.6,106.6,193,0.0,0.0,0.0,0,0,106.6,193,0,0,778.0,0.2,0,0,102.8,102.4,102.0,101.8,101.4,6,6,7,18,28,106.0,106.2,106.6,106.8,107.2,10,24,6,6,6,EXECUTABLE
MO2301-C-7000,20221206093250400,SG01,1,78.0,78.0,78.0,274,0.0,0.0,0.0,0,0,78.0,274,0,0,749.4,0.2,0,0,76.2,75.2,75.0,74.6,74.4,6,10,13,1,21,78.0,78.2,78.4,78.6,79.0,6,12,12,18,6,EXECUTABLE
MO2301-C-7100,20221206093250400,SG01,1,56.4,56.4,56.4,345,0.0,0.0,0.0,0,0,56.4,345,0,0,727.8,0.2,0,0,54.4,54.0,53.6,53.2,52.8,1,6,6,22,1,56.2,56.4,56.6,56.8,57.0,4,6,9,15,12,EXECUTABLE
MO2301-P-5700,20221206093250400,SG01,1,7.6,7.6,7.6,145,7.6,7.6,7.6,1,760,7.6,146,0,0,679.0,0.2,0,0,7.0,6.8,6.6,5.4,0.6,12,52,6,1,2,7.6,7.8,8.0,9.8,0.0,12,52,6,1,0,EXECUTABLE
MO2301-P-5800,20221206093250400,SG01,1,11.6,10.2,10.2,276,10.8,11.6,10.8,6,6880,11.467,282,0,0,681.6,0.2,0,0,9.8,9.6,9.4,9.2,8.8,6,40,18,6,2,10.4,10.6,10.8,12.8,0.0,24,40,6,1,0,EXECUTABLE
MO2301-P-6000,20221206093250400,SG01,1,20.8,20.4,20.4,496,20.0,20.8,20.0,23,46980,20.426,514,0,0,691.8,0.2,0,0,19.4,19.2,19.0,18.8,18.2,12,19,27,6,1,20.6,20.8,21.0,21.2,24.0,6,10,45,9,1,EXECUTABLE
MO2301-P-6100,20221206093250400,SG01,1,29.2,28.6,29.2,590,0.0,0.0,0.0,0,0,29.2,590,0,0,700.0,0.2,0,0,27.8,27.6,27.4,27.2,27.0,6,16,6,18,27,29.4,29.6,29.8,30.2,30.4,6,4,18,12,24,EXECUTABLE
MO2301-P-6200,20221206093250400,SG01,1,39.4,40.0,40.0,432,44.2,44.2,39.4,3,12300,41.0,433,0,0,711.4,0.2,0,0,38.8,38.6,38.4,38.2,37.6,9,15,30,15,6,41.2,41.4,41.6,41.8,42.0,16,6,21,18,21,EXECUTABLE
MO2301-P-6300,20221206093250400,SG01,1,57.6,57.6,57.6,398,0.0,0.0,0.0,0,0,57.6,398,0,0,729.0,0.2,0,0,55.8,55.6,55.4,55.2,55.0,4,15,15,15,12,58.0,58.4,58.6,58.8,59.0,6,12,10,6,15,EXECUTABLE
MO2301-P-6400,20221206093250400,SG01,1,76.0,78.6,77.4,839,76.4,76.4,76.0,5,38040,76.08,839,0,0,750.0,0.2,0,0,77.2,77.0,76.8,76.6,76.4,12,12,18,6,6,79.8,80.4,80.6,81.0,81.2,6,4,6,33,12,EXECUTABLE
MO2301-P-6500,20221206093250400,SG01,1,110.0,110.4,110.0,540,0.0,0.0,0.0,0,0,110.0,540,0,0,781.8,0.2,0,0,108.6,108.4,108.2,107.8,107.4,6,6,19,3,6,111.6,112.0,112.6,112.8,113.0,6,6,18,6,13,EXECUTABLE
MO2301-P-6600,20221206093250400,SG01,1,147.8,147.8,147.8,311,0.0,0.0,0.0,0,0,147.8,311,0,0,819.2,0.2,0,0,147.2,147.0,146.6,146.4,145.6,6,12,4,6,18,150.4,151.0,151.6,151.8,152.2,6,12,12,6,9,EXECUTABLE
MO2301-P-6700,20221206093250400,SG01,1,196.8,197.8,196.8,150,0.0,0.0,0.0,0,0,196.8,150,0,0,869.2,0.2,0,0,194.2,194.0,193.6,193.2,192.4,6,9,4,6,6,197.8,198.6,199.4,199.8,200.4,6,12,6,12,21,EXECUTABLE
MO2301-P-6800,20221206093250400,SG01,1,254.2,253.0,253.0,94,254.2,254.2,254.2,4,101680,254.2,91,0,0,924.4,0.2,0,0,250.2,249.4,249.0,248.8,248.6,6,6,9,15,6,254.8,255.6,256.0,256.2,256.4,6,6,6,10,15,EXECUTABLE
MO2301-P-6900,20221206093250400,SG01,1,319.8,319.8,319.8,48,0.0,0.0,0.0,0,0,319.8,48,0,0,991.2,0.2,0,0,312.6,312.4,312.0,311.8,311.6,4,12,6,12,12,320.8,321.4,321.6,321.8,322.0,12,1,12,15,9,EXECUTABLE
MO2301-P-7000,20221206093250400,SG01,1,389.6,389.6,389.6,39,0.0,0.0,0.0,0,0,389.6,39,0,0,1061.0,0.2,0,0,383.4,383.2,383.0,382.8,382.6,4,12,6,18,6,393.2,393.6,393.8,394.0,394.6,18,6,1,6,24,EXECUTABLE
MO2301-P-7100,20221206093250400,SG01,1,478.2,468.4,478.2,15,0.0,0.0,0.0,0,0,478.2,15,0,0,1139.8,0.2,0,0,462.2,462.0,461.4,459.8,459.6,10,6,6,27,21,472.6,472.8,473.2,473.4,473.8,6,13,9,12,21,EXECUTABLE
MO2301-C-7200,20221206093250400,SG01,1,41.6,40.6,40.2,254,41.6,41.6,41.6,1,4160,41.6,255,0,0,712.0,0.2,0,0,39.0,38.4,38.2,38.0,37.8,6,24,12,28,24,41.0,41.4,41.6,41.8,42.0,16,12,6,36,12,EXECUTABLE
MO2301-P-7200,20221206093250400,SG01,1,562.2,550.8,562.2,44,0.0,0.0,0.0,0,0,562.2,44,0,0,1222.2,0.2,0,0,545.6,545.4,543.6,543.4,543.0,16,6,12,9,6,556.2,556.4,556.8,557.0,557.2,12,1,12,15,18,EXECUTABLE
MO2212-C-7300,20221206093250400,SG01,1,3.2,3.0,3.0,780,3.2,3.2,3.2,3,960,3.2,783,0,0,674.4,0.2,0,0,3.0,2.8,2.6,1.8,0.0,28,29,7,40,0,3.4,3.6,3.8,6.0,0.0,45,9,1,1,0,EXECUTABLE
MO2212-P-7300,20221206093250400,SG01,1,586.4,605.8,586.4,24,0.0,0.0,0.0,0,0,586.4,24,0,0,1277.2,0.2,0,0,591.8,591.2,590.6,588.4,588.2,6,7,21,6,6,599.2,599.8,600.2,600.4,600.6,6,8,6,4,6,EXECUTABLE
MO2301-C-7300,20221206093250400,SG01,1,28.0,28.4,28.0,140,0.0,0.0,0.0,0,0,28.0,140,0,0,699.8,0.2,0,0,27.0,26.8,26.6,26.4,26.2,6,25,12,39,7,28.8,29.2,29.4,29.6,29.8,16,18,27,6,6,EXECUTABLE
MO2301-P-7300,20221206093250400,SG01,1,642.2,639.0,642.2,10,0.0,0.0,0.0,0,0,642.2,10,0,0,1310.4,0.2,0,0,633.6,632.6,632.0,631.8,631.6,10,6,18,27,6,644.6,644.8,645.0,645.2,646.2,6,6,12,6,39,EXECUTABLE
MO2309-C-7400,20221206093250400,SG01,1,180.8,180.8,180.8,99,0.0,0.0,0.0,0,0,180.8,99,0,0,852.2,0.2,0,0,175.2,175.0,174.2,172.8,172.6,1,6,3,17,24,180.8,183.2,183.6,183.8,184.2,1,2,5,48,24,EXECUTABLE
MO2309-P-7400,20221206093250400,SG01,1,1132.4,1117.6,1132.4,44,0.0,0.0,0.0,0,0,1132.4,44,0,0,1789.0,446.2,0,0,1101.4,1101.2,1100.8,1100.6,1097.2,6,1,7,18,22,1125.6,1126.4,1127.0,1128.4,1128.8,1,1,17,3,36,EXECUTABLE
MO2301-P-7400,20221206093250400,SG01,1,742.2,734.4,742.2,29,0.0,0.0,0.0,0,0,742.2,29,0,0,1405.8,63.0,0,0,725.8,725.2,724.0,723.8,722.4,4,6,6,15,18,735.2,735.6,735.8,736.2,737.0,8,6,12,6,9,EXECUTABLE
MO2302-C-5900,20221206093250400,SG01,1,776.6,792.6,776.6,4,0.0,0.0,0.0,0,0,776.6,4,0,0,1464.0,121.2,0,0,789.2,788.6,788.4,787.2,786.2,6,6,6,6,6,802.6,803.4,804.6,804.8,806.4,16,6,6,6,36,EXECUTABLE
MO2302-C-6000,20221206093250400,SG01,1,475.4,705.6,475.4,9,0.0,0.0,0.0,0,0,475.4,9,0,0,1377.0,34.2,0,0,702.2,700.0,699.8,699.4,698.4,6,6,6,18,18,715.2,715.4,717.2,717.4,717.8,10,6,6,36,6,EXECUTABLE
MO2302-C-6100,20221206093250400,SG01,1,500.0,621.6,500.0,2,0.0,0.0,0.0,0,0,500.0,2,0,0,1293.0,0.2,0,0,618.0,615.6,614.2,614.0,613.8,6,6,6,12,36,631.2,632.6,633.2,633.4,633.6,22,18,18,12,6,EXECUTABLE
MO2302-C-6200,20221206093250400,SG01,1,479.6,542.4,479.6,4,0.0,0.0,0.0,0,0,479.6,4,0,0,1213.8,0.2,0,0,537.2,536.6,535.8,535.6,535.0,12,6,1,12,30,551.2,553.2,553.4,553.8,555.2,22,6,30,19,6,EXECUTABLE
MO2302-C-6300,20221206093250400,SG01,1,471.0,465.0,471.0,7,0.0,0.0,0.0,0,0,471.0,7,0,0,1136.4,0.2,0,0,462.8,462.0,461.8,460.8,460.6,6,6,1,24,30,476.4,476.6,478.0,478.6,478.8,6,28,6,6,36,EXECUTABLE
MO2302-C-6400,20221206093250400,SG01,1,327.8,396.4,327.8,30,0.0,0.0,0.0,0,0,327.8,30,0,0,1067.8,0.2,0,0,393.2,392.8,392.4,392.0,391.4,6,1,18,6,18,404.4,405.2,407.0,407.2,407.6,7,16,24,6,18,EXECUTABLE
MO2302-C-6500,20221206093250400,SG01,1,334.4,334.0,334.4,116,0.0,0.0,0.0,0,0,334.4,116,0,0,1005.4,0.2,0,0,330.6,330.4,329.8,329.4,329.2,13,6,6,24,12,342.0,342.4,342.6,342.8,343.2,6,5,12,30,18,EXECUTABLE
MO2302-C-6600,20221206093250400,SG01,1,268.2,280.6,268.2,102,0.0,0.0,0.0,0,0,268.2,102,0,0,952.0,0.2,0,0,275.0,273.6,273.4,273.0,272.8,1,1,6,12,24,285.2,285.4,286.0,286.6,287.4,1,16,6,18,24,EXECUTABLE
MO2302-C-6700,20221206093250400,SG01,1,219.2,228.8,219.2,118,0.0,0.0,0.0,0,0,219.2,118,0,0,900.2,0.2,0,0,225.6,224.0,223.8,223.6,223.4,1,6,7,6,12,234.2,234.8,235.0,235.6,235.8,10,6,31,18,6,EXECUTABLE
MO2302-C-6800,20221206093250400,SG01,1,177.0,186.0,177.0,40,0.0,0.0,0.0,0,0,177.0,40,0,0,857.4,0.2,0,0,181.8,181.4,181.2,180.8,180.0,6,7,1,12,30,189.8,190.0,190.6,190.8,191.6,6,6,16,24,6,EXECUTABLE
MO2302-C-6900,20221206093250400,SG01,1,151.2,146.6,151.2,12,0.0,0.0,0.0,0,0,151.2,12,0,0,818.0,0.2,0,0,144.0,143.8,143.6,143.0,142.8,1,18,7,6,42,153.4,153.6,153.8,154.2,154.4,6,13,10,24,30,EXECUTABLE
MO2302-C-7000,20221206093250400,SG01,1,115.0,115.6,115.0,140,0.0,0.0,0.0,0,0,115.0,140,0,0,787.0,0.2,0,0,114.0,113.4,112.8,112.6,111.8,1,6,12,1,36,121.6,121.8,122.0,122.2,122.4,6,22,7,31,6,EXECUTABLE
MO2302-C-7100,20221206093250400,SG01,1,93.0,90.2,93.0,76,0.0,0.0,0.0,0,0,93.0,76,0,0,761.6,0.2,0,0,87.8,87.4,87.2,87.0,86.8,6,1,43,12,18,93.4,93.8,94.2,94.4,94.8,4,6,51,18,6,EXECUTABLE
MO2302-C-7200,20221206093250400,SG01,1,68.6,69.4,68.6,26,0.0,0.0,0.0,0,0,68.6,26,0,0,740.8,0.2,0,0,66.8,66.6,66.4,66.2,66.0,6,12,7,30,18,72.6,72.8,73.4,73.6,73.8,6,16,24,33,9,EXECUTABLE
MO2302-C-7300,20221206093250400,SG01,1,52.2,53.2,52.2,37,0.0,0.0,0.0,0,0,52.2,37,0,0,724.6,0.2,0,0,50.8,50.6,50.4,50.2,50.0,27,9,12,18,6,54.4,54.6,54.8,55.0,55.2,6,7,15,18,18,EXECUTABLE
MO2302-C-7400,20221206093250400,SG01,1,40.2,40.2,40.2,59,0.0,0.0,0.0,0,0,40.2,59,0,0,711.6,0.2,0,0,38.0,37.8,37.6,37.4,37.2,18,6,48,6,6,41.2,41.4,41.6,41.8,42.8,24,16,36,12,6,EXECUTABLE
MO2302-P-6200,20221206093250400,SG01,1,77.4,77.2,77.4,98,0.0,0.0,0.0,0,0,77.4,98,0,0,748.6,0.2,0,0,75.8,75.4,74.6,74.4,74.0,7,24,54,6,21,80.2,80.4,80.6,81.0,81.2,6,12,6,36,12,EXECUTABLE
MO2302-P-6300,20221206093250400,SG01,1,99.6,101.2,99.6,68,0.0,0.0,0.0,0,0,99.6,68,0,0,772.6,0.2,0,0,98.8,98.6,98.4,98.2,97.8,6,16,12,12,30,104.0,104.2,104.4,104.6,104.8,1,18,30,18,12,EXECUTABLE
MO2302-P-6400,20221206093250400,SG01,1,132.6,130.4,132.6,102,0.0,0.0,0.0,0,0,132.6,102,0,0,801.8,0.2,0,0,127.2,127.0,126.4,126.2,126.0,6,12,1,23,6,134.0,136.0,136.2,136.4,137.2,1,18,30,18,12,EXECUTABLE
MO2302-P-6500,20221206093250400,SG01,1,175.4,169.0,175.4,119,0.0,0.0,0.0,0,0,175.4,119,0,0,840.4,0.2,0,0,165.0,164.8,163.8,163.0,162.6,6,16,6,18,30,172.8,173.4,173.6,173.8,174.2,7,1,36,24,18,EXECUTABLE
MO2302-P-6600,20221206093250400,SG01,1,218.2,214.0,218.2,52,0.0,0.0,0.0,0,0,218.2,52,0,0,885.4,0.2,0,0,208.8,208.0,207.4,206.6,206.0,4,12,24,18,24,216.4,216.8,217.0,217.2,217.4,7,12,18,30,12,EXECUTABLE
MO2302-P-6700,20221206093250400,SG01,1,263.8,262.0,263.8,47,0.0,0.0,0.0,0,0,263.8,47,0,0,933.4,0.2,0,0,256.2,256.0,254.0,253.8,253.2,6,16,42,21,1,266.0,266.2,266.4,267.2,267.4,14,12,24,30,6,EXECUTABLE
MO2302-P-6800,20221206093250400,SG01,1,314.0,314.0,314.0,8,0.0,0.0,0.0,0,0,314.0,8,0,0,985.4,0.2,0,0,312.2,312.0,311.0,310.8,309.0,4,30,18,12,6,322.0,322.6,322.8,323.4,323.8,7,6,13,42,6,EXECUTABLE
MO2302-P-6900,20221206093250400,SG01,1,386.4,381.8,386.4,2,0.0,0.0,0.0,0,0,386.4,2,0,0,1053.2,0.2,0,0,371.4,371.2,370.6,370.4,369.4,6,17,18,24,12,384.0,384.8,385.6,385.8,386.0,1,6,6,36,24,EXECUTABLE
MO2302-P-7000,20221206093250400,SG01,1,500.0,450.2,500.0,14,0.0,0.0,0.0,0,0,500.0,14,0,0,1121.6,0.2,0,0,440.2,440.0,439.4,439.2,438.6,6,17,6,30,6,452.4,452.8,453.6,454.4,454.6,7,6,18,36,18,EXECUTABLE
MO2302-P-7100,20221206093250400,SG01,1,535.8,521.4,535.8,4,0.0,0.0,0.0,0,0,535.8,4,0,0,1192.8,0.2,0,0,512.4,512.2,510.8,510.2,510.0,6,16,18,18,24,526.6,526.8,527.6,527.8,528.4,19,6,6,30,18,EXECUTABLE
MO2302-P-7200,20221206093250400,SG01,1,730.2,599.2,730.2,15,0.0,0.0,0.0,0,0,730.2,15,0,0,1270.6,0.2,0,0,591.0,590.6,590.4,590.2,588.8,16,6,6,18,18,604.2,604.8,605.0,605.2,605.4,6,1,6,18,6,EXECUTABLE
MO2302-P-7300,20221206093250400,SG01,1,1000.0,682.6,1000.0,2,0.0,0.0,0.0,0,0,1000.0,2,0,0,1354.0,11.2,0,0,674.0,673.8,671.8,671.6,670.6,6,10,24,6,24,687.2,688.0,690.0,690.2,693.6,6,18,42,6,12,EXECUTABLE
MO2302-P-7400,20221206093250400,SG01,1,941.6,767.8,941.6,2,0.0,0.0,0.0,0,0,941.6,2,0,0,1439.2,96.4,0,0,760.8,759.8,759.6,758.6,758.4,10,18,6,18,6,774.4,775.2,777.0,777.8,778.0,12,6,12,36,12,EXECUTABLE
MO2302-C-5800,20221206093250400,SG01,1,867.4,882.4,867.4,2,0.0,0.0,0.0,0,0,867.4,2,0,0,1553.8,211.0,0,0,879.8,879.6,876.8,876.6,873.2,6,6,24,6,24,893.0,894.2,895.2,895.4,898.4,10,6,6,6,36,EXECUTABLE
MO2302-P-5800,20221206093250400,SG01,1,20.8,21.6,21.8,16,20.8,20.8,20.8,2,4160,20.8,16,0,0,693.0,0.2,0,0,20.8,20.6,20.4,20.2,20.0,19,4,18,21,12,23.6,23.8,24.0,24.2,24.4,12,6,28,15,12,EXECUTABLE
MO2212-C-8200,20221206093250400,SG01,1,0.6,0.6,0.6,321,0.0,0.0,0.0,0,0,0.6,321,0,0,672.0,0.2,0,0,0.6,0.4,0.2,0.0,0.0,10,36,15,0,0,0.8,1.0,0.0,0.0,0.0,50,17,0,0,0,EXECUTABLE
MO2212-P-8200,20221206093250400,SG01,1,1518.8,1504.4,1518.8,55,0.0,0.0,0.0,0,0,1518.8,55,0,0,2175.8,833.0,0,0,1488.4,1487.6,1486.4,1485.6,1484.8,7,12,6,6,6,1497.2,1498.4,1498.6,1499.2,1500.2,6,6,8,10,9,EXECUTABLE
MO2212-C-6200,20221206093250400,SG01,1,491.0,507.2,491.0,219,0.0,0.0,0.0,0,0,491.0,219,0,0,1178.6,0.2,0,0,506.6,506.2,506.0,505.0,504.6,1,6,14,4,6,512.8,513.0,513.6,514.2,514.4,3,6,6,9,4,EXECUTABLE
MO2212-C-6400,20221206093250400,SG01,1,312.6,321.0,321.0,521,312.6,312.6,312.6,1,31260,312.6,521,0,0,992.4,0.2,0,0,316.4,316.2,315.8,315.6,315.0,1,2,6,8,6,322.8,323.0,323.2,323.8,324.2,6,6,4,6,6,EXECUTABLE
MO2212-C-6600,20221206093250400,SG01,1,158.4,159.2,159.2,1235,150.0,163.6,147.0,71,1111860,156.6,1243,0,0,830.6,0.2,0,0,158.4,156.0,155.2,155.0,154.8,1,3,16,7,11,159.8,160.0,160.2,160.4,160.6,6,1,9,4,1,EXECUTABLE
MO2212-C-6800,20221206093250400,SG01,1,58.8,59.8,59.8,3532,52.0,62.0,52.0,288,1700520,59.046,3652,0,0,731.2,0.2,0,0,57.8,57.6,57.4,57.2,57.0,15,12,1,11,31,59.8,60.0,60.4,60.6,60.8,10,2,9,13,12,EXECUTABLE
MO2212-C-7000,20221206093250400,SG01,1,17.8,18.4,18.4,2771,15.8,19.8,15.8,94,175700,18.691,2756,0,0,689.8,0.2,0,0,18.0,17.8,17.6,17.4,17.2,29,14,16,9,1,18.4,18.6,18.8,19.0,19.6,3,16,8,19,6,EXECUTABLE
MO2212-C-7200,20221206093250400,SG01,1,5.4,5.8,5.8,1863,5.4,5.8,4.8,22,11680,5.309,1881,0,0,677.2,0.2,0,0,5.6,5.4,5.2,4.4,3.8,15,16,32,2,3,5.8,6.0,6.2,6.4,9.0,26,16,9,1,3,EXECUTABLE
MO2212-C-7400,20221206093250400,SG01,1,1.8,1.8,1.8,905,0.0,0.0,0.0,0,0,1.8,905,0,0,673.2,0.2,0,0,2.0,1.8,1.4,1.2,0.0,6,54,1,40,0,2.2,2.4,2.6,3.0,3.2,11,50,6,1,1,EXECUTABLE
MO2212-C-7600,20221206093250400,SG01,1,1.2,1.2,1.2,589,0.0,0.0,0.0,0,0,1.2,589,0,0,672.6,0.2,0,0,1.0,0.8,0.6,0.0,0.0,23,32,6,0,0,1.2,1.4,1.6,1.8,2.0,10,50,1,1,1,EXECUTABLE
MO2212-C-7800,20221206093250400,SG01,1,0.8,0.8,0.8,227,0.0,0.0,0.0,0,0,0.8,227,0,0,672.2,0.2,0,0,0.8,0.6,0.4,0.0,0.0,10,45,12,0,0,1.0,1.2,1.4,1.6,1.8,36,32,2,1,1,EXECUTABLE
MO2212-P-6200,20221206093250400,SG01,1,3.0,3.0,3.0,2030,3.4,3.6,2.8,21,6700,3.19,2036,0,0,674.4,0.2,0,0,2.8,2.6,2.2,1.0,0.0,6,69,1,1,0,3.0,3.2,3.4,5.2,6.0,19,50,6,1,1,EXECUTABLE
MO2212-P-6400,20221206093250400,SG01,1,12.6,12.6,12.6,2572,14.2,14.2,11.6,63,76400,12.127,2551,0,0,684.0,0.2,0,0,12.2,12.0,11.8,11.2,10.6,30,10,14,1,2,12.6,12.8,13.0,13.2,13.4,6,23,12,24,6,EXECUTABLE
MO2212-P-6600,20221206093250400,SG01,1,50.4,52.6,52.6,2228,58.0,58.0,47.2,151,780520,51.69,2259,0,0,724.0,0.2,0,0,50.0,49.6,49.4,49.2,49.0,2,5,15,6,8,50.4,50.8,51.0,51.4,51.6,1,4,8,7,6,EXECUTABLE
MO2212-P-6800,20221206093250400,SG01,1,150.2,151.2,151.8,510,150.2,150.2,150.2,1,15020,150.2,511,0,0,822.6,0.2,0,0,148.4,148.2,148.0,147.8,147.6,3,6,6,6,6,153.2,153.4,153.6,154.4,155.0,10,14,6,12,1,EXECUTABLE
MO2212-P-7000,20221206093250400,SG01,1,314.0,311.0,314.0,127,0.0,0.0,0.0,0,0,314.0,127,0,0,982.4,0.2,0,0,307.4,306.8,306.4,305.8,305.4,3,16,6,12,1,313.8,314.0,314.2,314.4,314.8,2,6,8,6,4,EXECUTABLE
MO2212-P-7200,20221206093250400,SG01,1,493.8,507.6,493.8,111,0.0,0.0,0.0,0,0,493.8,111,0,0,1179.0,0.2,0,0,494.2,493.6,493.4,493.0,492.8,6,10,4,9,18,502.0,502.4,502.8,503.0,503.4,14,10,6,6,1,EXECUTABLE
MO2212-P-7400,20221206093250400,SG01,1,691.6,705.0,691.6,60,0.0,0.0,0.0,0,0,691.6,60,0,0,1376.4,33.6,0,0,690.2,689.2,689.0,688.2,687.0,10,3,12,12,6,698.0,698.6,698.8,699.6,699.8,6,14,6,4,6,EXECUTABLE
MO2212-P-7600,20221206093250400,SG01,1,919.0,904.2,919.0,44,0.0,0.0,0.0,0,0,919.0,44,0,0,1575.6,232.8,0,0,889.0,888.4,888.2,887.8,887.0,4,3,12,6,6,896.8,897.6,898.2,898.4,898.6,6,2,6,8,4,EXECUTABLE
MO2212-P-7800,20221206093250400,SG01,1,1297.4,1104.0,1297.4,81,0.0,0.0,0.0,0,0,1297.4,81,0,0,1775.4,432.6,0,0,1089.2,1089.0,1088.2,1087.4,1087.0,6,4,9,12,6,1097.0,1098.2,1098.4,1099.2,1100.0,6,6,14,7,12,EXECUTABLE
MO2303-C-6200,20221206093250400,SG01,1,476.2,549.4,476.2,219,0.0,0.0,0.0,0,0,476.2,219,0,0,1220.8,0.2,0,0,545.0,544.2,543.8,543.4,542.6,6,1,12,6,12,556.2,557.2,557.4,557.8,558.0,12,6,12,6,6,EXECUTABLE
MO2303-C-6400,20221206093250400,SG01,1,413.0,417.4,413.0,167,0.0,0.0,0.0,0,0,413.0,167,0,0,1088.8,0.2,0,0,411.8,411.4,411.0,410.2,409.4,2,6,24,30,12,424.4,424.6,424.8,425.0,425.8,16,18,12,6,6,EXECUTABLE
MO2303-C-6600,20221206093250400,SG01,1,310.0,311.6,310.0,138,0.0,0.0,0.0,0,0,310.0,138,0,0,983.0,0.2,0,0,305.6,303.4,303.2,302.8,302.0,7,6,12,6,18,314.6,315.2,315.4,315.6,316.0,6,6,24,24,4,EXECUTABLE
MO2303-C-6800,20221206093250400,SG01,1,224.2,224.2,224.2,217,0.0,0.0,0.0,0,0,224.2,217,0,0,895.6,0.2,0,0,217.8,217.2,217.0,216.8,216.2,1,12,12,6,12,227.0,227.4,227.6,228.0,228.4,12,12,40,6,6,EXECUTABLE
MO2303-C-7000,20221206093250400,SG01,1,153.8,155.6,153.8,366,0.0,0.0,0.0,0,0,153.8,366,0,0,827.0,0.2,0,0,151.0,150.8,150.6,150.2,150.0,1,6,6,12,12,157.6,159.0,159.6,159.8,160.0,1,6,28,19,18,EXECUTABLE
MO2303-C-7200,20221206093250400,SG01,1,107.4,107.2,107.4,190,0.0,0.0,0.0,0,0,107.4,190,0,0,778.6,0.2,0,0,103.2,102.6,102.4,102.2,102.0,6,25,12,18,12,108.8,109.0,109.2,109.4,109.6,10,18,54,7,3,EXECUTABLE
MO2303-C-7400,20221206093250400,SG01,1,70.6,69.8,70.6,254,0.0,0.0,0.0,0,0,70.6,254,0,0,741.2,0.2,0,0,67.6,67.2,67.0,66.8,66.6,6,30,36,4,3,73.6,74.0,74.2,74.6,74.8,22,6,24,21,12,EXECUTABLE
MO2303-C-7600,20221206093250400,SG01,1,48.2,47.4,48.2,405,0.0,0.0,0.0,0,0,48.2,405,0,0,718.8,0.2,0,0,45.0,44.8,44.4,4.0,2.6,36,21,10,10,1,48.4,48.6,48.8,49.0,49.2,12,4,21,24,6,EXECUTABLE
MO2303-C-7800,20221206093250400,SG01,1,33.2,32.0,33.2,497,0.0,0.0,0.0,0,0,33.2,497,0,0,703.4,0.2,0,0,30.8,30.6,30.4,30.2,30.0,4,12,12,24,45,33.8,34.0,34.2,34.4,34.6,6,45,30,6,4,EXECUTABLE
MO2303-P-6200,20221206093250400,SG01,1,128.8,121.2,128.8,122,0.0,0.0,0.0,0,0,128.8,122,0,0,792.6,0.2,0,0,121.6,119.6,119.4,118.8,118.4,1,10,12,24,12,126.6,126.8,127.0,127.2,127.4,6,6,12,6,24,EXECUTABLE
MO2303-P-6400,20221206093250400,SG01,1,197.2,188.8,197.2,137,0.0,0.0,0.0,0,0,197.2,137,0,0,860.2,0.2,0,0,187.0,185.0,184.8,184.6,184.4,1,28,24,18,13,194.8,195.2,195.4,195.6,196.0,12,1,1,12,42,EXECUTABLE
MO2303-P-6600,20221206093250400,SG01,1,290.8,279.8,290.8,141,0.0,0.0,0.0,0,0,290.8,141,0,0,951.2,0.2,0,0,274.8,274.0,273.6,273.4,273.2,1,12,6,24,4,285.4,285.6,285.8,286.0,286.2,1,6,6,12,13,EXECUTABLE
MO2303-P-6800,20221206093250400,SG01,1,407.2,389.2,407.2,97,0.0,0.0,0.0,0,0,407.2,97,0,0,1060.6,0.2,0,0,384.4,383.2,383.0,382.8,382.4,12,22,18,6,12,396.8,397.0,397.2,397.4,397.6,1,6,12,6,7,EXECUTABLE
MO2303-P-7000,20221206093250400,SG01,1,518.0,518.8,518.0,223,0.0,0.0,0.0,0,0,518.0,223,0,0,1190.2,0.2,0,0,514.6,514.4,513.6,513.2,512.4,16,6,12,6,24,529.2,529.4,529.8,530.2,530.8,7,12,1,18,6,EXECUTABLE
MO2303-P-7200,20221206093250400,SG01,1,666.4,669.6,666.4,55,0.0,0.0,0.0,0,0,666.4,55,0,0,1341.0,0.2,0,0,664.0,663.4,663.0,662.4,662.2,16,6,30,12,6,678.0,679.6,680.0,681.0,682.0,1,12,18,30,18,EXECUTABLE
MO2303-P-7400,20221206093250400,SG01,1,998.0,832.6,998.0,52,0.0,0.0,0.0,0,0,998.0,52,0,0,1504.0,161.2,0,0,829.4,828.4,828.2,828.0,826.8,6,12,12,18,6,843.6,844.0,844.6,845.6,846.4,2,6,6,6,12,EXECUTABLE
MO2303-P-7600,20221206093250400,SG01,1,1053.0,1009.2,1053.0,31,0.0,0.0,0.0,0,0,1053.0,31,0,0,1680.6,337.8,0,0,1004.2,1001.8,1001.6,1001.4,1001.2,6,6,6,24,10,1017.6,1017.8,1018.4,1019.6,1020.6,6,6,12,6,36,EXECUTABLE
MO2303-P-7800,20221206093250400,SG01,1,1251.0,1190.8,1251.0,54,0.0,0.0,0.0,0,0,1251.0,54,0,0,1862.2,519.4,0,0,1187.2,1186.0,1185.2,1184.8,1184.4,6,30,16,6,12,1199.6,1200.4,1202.2,1203.4,1203.8,6,6,6,12,6,EXECUTABLE
MO2306-C-6200,20221206093250400,SG01,1,582.6,578.6,582.6,108,0.0,0.0,0.0,0,0,582.6,108,0,0,1250.0,0.2,0,0,576.4,573.4,572.8,572.4,570.0,1,1,12,6,36,587.6,587.8,588.2,589.2,589.4,12,18,12,12,5,EXECUTABLE
MO2306-C-6400,20221206093250400,SG01,1,468.6,463.4,468.6,67,0.0,0.0,0.0,0,0,468.6,67,0,0,1134.8,0.2,0,0,461.0,460.6,459.8,459.0,458.8,1,7,12,12,6,475.4,475.8,476.0,476.6,477.4,18,24,29,10,6,EXECUTABLE
MO2306-C-6600,20221206093250400,SG01,1,375.6,368.8,375.8,118,375.6,375.6,375.6,1,37560,375.6,119,0,0,1040.2,0.2,0,0,375.6,367.2,367.0,366.2,365.8,1,12,12,6,30,378.8,379.0,380.4,380.8,381.4,11,6,10,24,6,EXECUTABLE
MO2306-C-6800,20221206093250400,SG01,1,294.2,294.2,294.2,208,0.0,0.0,0.0,0,0,294.2,208,0,0,965.6,0.2,0,0,285.8,285.0,284.2,283.0,282.8,1,7,24,24,11,298.0,298.2,299.4,299.6,300.2,6,24,18,12,6,EXECUTABLE
MO2306-C-7000,20221206093250400,SG01,1,229.2,223.2,229.2,533,0.0,0.0,0.0,0,0,229.2,533,0,0,894.6,0.2,0,0,221.0,220.4,219.8,219.6,218.0,18,2,18,18,29,228.6,230.6,231.4,231.6,231.8,1,5,36,28,12,EXECUTABLE
MO2306-C-7400,20221206093250400,SG01,1,129.2,128.2,129.2,419,0.0,0.0,0.0,0,0,129.2,419,0,0,799.6,0.2,0,0,126.6,125.8,125.6,125.4,125.2,1,6,12,34,6,132.2,136.2,136.4,136.6,137.0,1,6,12,46,20,EXECUTABLE
MO2306-C-7600,20221206093250400,SG01,1,101.2,99.2,101.2,357,0.0,0.0,0.0,0,0,101.2,357,0,0,770.6,0.2,0,0,98.2,97.6,97.2,97.0,96.8,6,6,6,12,24,104.0,104.2,104.4,104.8,105.2,6,27,18,24,6,EXECUTABLE
MO2306-C-7800,20221206093250400,SG01,1,72.4,76.2,72.4,489,0.0,0.0,0.0,0,0,72.4,489,0,0,747.6,0.2,0,0,74.4,73.6,73.4,73.2,73.0,6,6,17,22,24,79.8,80.0,80.2,80.4,80.6,1,6,6,28,24,EXECUTABLE
MO2306-P-6200,20221206093250400,SG01,1,263.0,261.4,263.0,264,0.0,0.0,0.0,0,0,263.0,264,0,0,932.8,0.2,0,0,259.2,257.6,257.2,257.0,256.4,1,6,5,31,30,269.0,269.4,269.6,270.6,271.2,1,6,31,23,12,EXECUTABLE
MO2306-P-6400,20221206093250400,SG01,1,353.6,344.6,353.6,243,0.0,0.0,0.0,0,0,353.6,243,0,0,1016.0,0.2,0,0,342.8,342.4,342.0,341.8,341.0,1,6,24,6,18,353.6,354.2,354.4,354.8,355.0,1,6,18,18,24,EXECUTABLE
MO2306-P-6600,20221206093250400,SG01,1,454.0,447.8,454.0,107,0.0,0.0,0.0,0,0,454.0,107,0,0,1119.2,0.2,0,0,443.2,443.0,442.0,441.2,440.6,6,12,30,5,10,455.2,455.4,455.8,457.0,457.6,1,1,6,5,18,EXECUTABLE
MO2306-P-6800,20221206093250400,SG01,1,564.4,564.4,564.4,73,0.0,0.0,0.0,0,0,564.4,73,0,0,1235.8,0.2,0,0,559.8,558.4,558.0,557.0,556.6,12,6,30,10,6,571.4,572.0,573.6,574.4,574.8,1,6,6,6,30,EXECUTABLE
MO2306-P-7000,20221206093250400,SG01,1,720.2,699.0,720.2,55,0.0,0.0,0.0,0,0,720.2,55,0,0,1370.4,27.6,0,0,689.6,689.0,688.4,688.2,687.2,12,6,18,24,6,703.6,704.2,704.4,706.2,706.8,1,1,6,12,24,EXECUTABLE
MO2306-P-7200,20221206093250400,SG01,1,1000.0,840.0,1000.0,44,0.0,0.0,0.0,0,0,1000.0,44,0,0,1511.4,168.6,0,0,836.6,834.8,833.8,833.4,832.0,4,6,6,18,30,852.6,852.8,853.0,853.6,853.8,6,1,5,12,24,EXECUTABLE
MO2306-P-7400,20221206093250400,SG01,1,1011.6,1004.2,1011.6,34,0.0,0.0,0.0,0,0,1011.6,34,0,0,1675.6,332.8,0,0,993.6,990.8,987.6,987.2,987.0,4,18,6,24,10,1008.8,1009.0,1009.4,1009.6,1009.8,1,6,13,17,16,EXECUTABLE
MO2306-P-7600,20221206093250400,SG01,1,1346.6,1161.8,1346.6,35,0.0,0.0,0.0,0,0,1346.6,35,0,0,1833.2,490.4,0,0,1159.4,1156.2,1155.8,1154.0,1153.8,4,6,6,6,12,1174.8,1175.0,1175.4,1177.8,1178.0,6,7,6,6,30,EXECUTABLE
MO2306-P-7800,20221206093250400,SG01,1,1394.4,1339.6,1394.4,53,0.0,0.0,0.0,0,0,1394.4,53,0,0,2011.0,668.2,0,0,1334.6,1331.0,1330.0,1326.8,1326.4,4,6,6,30,16,1348.8,1349.0,1352.0,1352.4,1355.0,6,6,6,6,30,EXECUTABLE
MO2212-P-8000,20221206093250900,SG01,1,1547.4,1304.0,1547.4,128,0.0,0.0,0.0,0,0,1547.4,128,0,0,1975.4,632.6,0,0,1287.4,1286.6,1286.2,1286.0,1285.8,6,3,4,6,12,1296.0,1298.2,1298.4,1300.0,1300.2,12,10,8,6,9,EXECUTABLE
MO2303-C-8000,20221206093250900,SG01,1,21.4,21.4,21.4,290,0.0,0.0,0.0,0,0,21.4,290,0,0,692.8,0.2,0,0,20.4,20.2,20.0,2.6,0.6,12,6,58,2,2,22.0,22.2,22.4,22.6,22.8,6,22,18,12,6,EXECUTABLE
MO2303-P-8000,20221206093250900,SG01,1,1536.0,1379.6,1536.0,90,0.0,0.0,0.0,0,0,1536.0,90,0,0,2051.0,708.2,0,0,1375.2,1374.4,1373.0,1372.6,1372.4,6,12,6,34,6,1388.8,1390.4,1390.8,1392.0,1393.0,6,6,12,12,12,EXECUTABLE
MO2306-P-8000,20221206093250900,SG01,1,1764.6,1518.4,1764.6,49,0.0,0.0,0.0,0,0,1764.6,49,0,0,2189.8,847.0,0,0,1510.8,1509.2,1507.4,1507.2,1505.6,10,6,12,28,6,1529.0,1529.8,1532.2,1532.6,1533.4,6,18,6,18,10,EXECUTABLE
MO2212-C-6500,20221206093250900,SG01,1,234.0,231.8,231.8,1035,228.0,240.4,228.0,19,437560,230.295,1038,0,0,903.2,0.2,0,0,232.0,231.0,230.8,230.6,229.6,6,6,8,6,4,236.2,237.2,237.6,237.8,238.6,6,10,8,6,6,EXECUTABLE
MO2212-C-6700,20221206093250900,SG01,1,98.2,99.0,99.0,2860,90.2,103.0,90.2,161,1570420,97.542,2877,0,0,770.4,0.2,0,0,98.4,98.2,98.0,97.8,97.6,9,6,14,2,7,101.0,101.2,101.6,102.2,102.6,8,13,4,8,7,EXECUTABLE
MO2212-C-6900,20221206093250900,SG01,1,32.8,33.4,33.4,2833,30.0,35.2,29.4,179,592980,33.127,2873,0,0,704.8,0.2,0,0,32.8,32.6,32.4,32.2,32.0,5,11,9,10,6,33.4,33.6,33.8,34.0,34.2,3,6,4,12,11,EXECUTABLE
MO2212-C-7100,20221206093250900,SG01,1,10.0,9.8,9.8,1316,8.6,10.6,8.6,102,101500,9.951,1303,0,0,681.2,0.2,0,0,9.8,9.6,9.4,8.8,8.6,33,21,9,2,1,10.0,10.2,10.4,10.6,16.6,6,21,12,10,1,EXECUTABLE
MO2212-P-5900,20221206093250900,SG01,1,1.0,1.2,1.2,1025,1.0,1.0,1.0,3,300,1.0,1023,0,0,672.6,0.2,0,0,1.0,0.8,0.6,0.0,0.0,1,58,5,0,0,1.2,1.4,1.6,0.0,0.0,32,33,7,0,0,EXECUTABLE
MO2212-P-6100,20221206093250900,SG01,1,1.4,2.0,2.0,1560,1.4,1.4,1.4,2,280,1.4,1560,0,0,673.4,0.2,0,0,1.4,0.8,0.2,0.0,0.0,70,20,2,0,0,1.8,2.0,2.2,3.0,0.0,19,44,7,1,0,EXECUTABLE
MO2212-P-6300,20221206093250900,SG01,1,5.6,6.0,6.0,2206,6.0,7.0,5.4,48,27040,5.633,2206,0,0,677.4,0.2,0,0,5.8,5.6,5.4,5.0,2.0,6,62,2,3,1,6.0,6.2,6.4,8.0,10.4,6,54,16,1,1,EXECUTABLE
MO2212-P-6500,20221206093250900,SG01,1,25.0,25.0,25.0,1729,28.0,28.2,23.4,142,359700,25.331,1722,0,0,696.4,0.2,0,0,24.8,24.6,24.4,24.2,24.0,10,1,21,26,8,25.4,25.8,26.0,26.2,26.4,1,10,3,6,12,EXECUTABLE
MO2212-P-6700,20221206093250900,SG01,1,90.0,95.6,95.6,3590,100.2,100.2,87.4,136,1243480,91.432,3587,0,0,767.0,0.2,0,0,89.0,88.8,88.6,88.2,88.0,3,15,8,6,1,90.0,91.6,92.0,92.2,92.4,1,6,23,8,1,EXECUTABLE
MO2212-P-6900,20221206093250900,SG01,1,228.8,227.0,227.0,196,228.8,228.8,228.8,1,22880,228.8,196,0,0,898.4,0.2,0,0,221.2,220.4,220.0,219.8,219.2,21,4,6,2,12,225.8,226.4,226.8,227.0,227.2,6,2,6,3,12,EXECUTABLE
MO2212-P-7100,20221206093250900,SG01,1,415.6,411.2,415.6,61,0.0,0.0,0.0,0,0,415.6,61,0,0,1082.6,0.2,0,0,398.0,397.6,397.4,397.0,396.8,9,3,6,6,6,404.0,405.0,406.0,406.2,406.4,6,6,6,13,6,EXECUTABLE
MO2309-C-5800,20221206093250900,SG01,1,871.8,871.8,871.8,129,0.0,0.0,0.0,0,0,871.8,129,0,0,1543.2,200.4,0,0,855.8,855.4,854.8,854.2,853.8,1,6,1,12,23,873.6,874.0,874.2,874.6,875.6,11,6,2,12,12,EXECUTABLE
MO2309-C-6000,20221206093250900,SG01,1,740.8,732.4,740.8,132,0.0,0.0,0.0,0,0,740.8,132,0,0,1403.8,61.0,0,0,728.6,726.4,726.0,725.8,723.8,2,17,6,12,30,745.6,745.8,746.4,746.6,746.8,6,2,11,24,15,EXECUTABLE
MO2309-C-6200,20221206093250900,SG01,1,609.0,615.2,609.0,149,0.0,0.0,0.0,0,0,609.0,149,0,0,1286.6,0.2,0,0,614.4,613.6,610.8,610.6,609.0,1,1,11,30,9,628.0,628.2,630.6,631.0,631.8,8,12,5,18,12,EXECUTABLE
MO2309-C-6400,20221206093250900,SG01,1,549.0,509.2,549.0,157,0.0,0.0,0.0,0,0,549.0,157,0,0,1180.6,0.2,0,0,510.6,509.8,509.6,508.2,507.8,1,1,6,6,21,523.6,524.2,524.8,525.0,525.4,13,12,24,18,3,EXECUTABLE
MO2309-C-6600,20221206093250900,SG01,1,427.0,419.8,427.0,170,0.0,0.0,0.0,0,0,427.0,170,0,0,1091.2,0.2,0,0,422.4,419.4,419.2,418.4,417.8,1,6,1,11,42,431.8,432.8,433.4,434.8,435.0,8,3,11,30,24,EXECUTABLE
MO2309-C-6800,20221206093250900,SG01,1,346.0,340.6,346.0,139,0.0,0.0,0.0,0,0,346.0,139,0,0,1012.0,0.2,0,0,342.2,341.2,341.0,340.6,339.6,1,6,1,3,17,352.8,353.2,353.6,353.8,354.6,6,2,17,12,9,EXECUTABLE
MO2309-C-7000,20221206093250900,SG01,1,279.0,277.4,279.0,200,0.0,0.0,0.0,0,0,279.0,200,0,0,948.8,0.2,0,0,273.6,272.8,272.6,270.8,270.4,1,9,12,24,24,284.2,285.0,286.6,288.0,288.2,1,8,6,35,12,EXECUTABLE
MO2309-C-7200,20221206093250900,SG01,1,218.4,222.0,218.4,324,0.0,0.0,0.0,0,0,218.4,324,0,0,893.4,0.2,0,0,219.6,219.4,218.4,218.0,217.8,6,3,18,17,30,227.8,229.2,230.0,230.2,231.2,1,19,36,18,15,EXECUTABLE
MO2309-P-5800,20221206093250900,SG01,1,226.0,234.4,226.0,79,0.0,0.0,0.0,0,0,226.0,79,0,0,905.8,0.2,0,0,229.8,229.0,228.4,227.8,227.2,1,2,24,41,12,237.4,238.4,238.6,238.8,239.0,1,6,3,11,36,EXECUTABLE
MO2309-P-6000,20221206093250900,SG01,1,312.6,299.6,312.6,48,0.0,0.0,0.0,0,0,312.6,48,0,0,971.0,0.2,0,0,294.8,293.2,291.6,291.2,291.0,9,12,5,42,15,306.4,306.8,307.2,308.6,309.4,6,13,3,29,18,EXECUTABLE
MO2309-P-6200,20221206093250900,SG01,1,375.0,379.0,375.0,123,0.0,0.0,0.0,0,0,375.0,123,0,0,1050.4,0.2,0,0,373.4,372.2,371.8,371.0,370.8,8,6,36,12,6,384.8,385.2,386.0,386.4,386.8,1,3,6,11,30,EXECUTABLE
MO2309-P-6400,20221206093250900,SG01,1,480.8,472.4,480.8,82,0.0,0.0,0.0,0,0,480.8,82,0,0,1143.8,0.2,0,0,465.0,464.6,464.4,464.2,464.0,1,2,6,23,36,478.4,478.8,479.2,480.8,481.2,1,5,6,24,30,EXECUTABLE
MO2309-P-6600,20221206093250900,SG01,1,578.4,577.0,578.4,46,0.0,0.0,0.0,0,0,578.4,46,0,0,1248.4,0.2,0,0,569.4,569.0,568.4,567.0,566.8,6,2,29,6,12,581.8,584.6,584.8,586.4,586.8,1,6,3,5,24,EXECUTABLE
MO2309-P-6800,20221206093250900,SG01,1,675.8,691.0,675.8,36,0.0,0.0,0.0,0,0,675.8,36,0,0,1362.4,19.6,0,0,686.2,685.8,684.0,683.4,683.2,8,6,24,17,12,700.0,702.8,704.2,704.8,705.0,1,6,3,17,6,EXECUTABLE
MO2309-P-7000,20221206093250900,SG01,1,818.6,825.4,818.6,47,0.0,0.0,0.0,0,0,818.6,47,0,0,1496.8,154.0,0,0,815.4,815.0,813.0,812.4,811.8,12,7,24,12,9,828.8,833.6,835.8,836.0,837.0,1,6,3,29,18,EXECUTABLE
MO2309-P-7200,20221206093250900,SG01,1,1000.0,967.0,1000.0,58,0.0,0.0,0.0,0,0,1000.0,58,0,0,1638.4,295.6,0,0,954.6,951.6,951.4,951.2,950.4,14,10,26,12,6,969.8,975.0,976.8,977.4,978.8,1,6,38,18,4,EXECUTABLE
MO2212-C-5700,20221206093250900,SG01,1,1015.2,996.2,1015.2,53,0.0,0.0,0.0,0,0,1015.2,53,0,0,1667.6,324.8,0,0,1004.0,1002.8,1002.6,1001.6,1000.2,6,6,18,6,3,1011.2,1011.8,1012.0,1013.2,1013.6,3,6,12,6,10,EXECUTABLE
MO2303-C-5600,20221206093250900,SG01,1,1052.0,1050.4,1052.0,66,0.0,0.0,0.0,0,0,1052.0,66,0,0,1721.8,379.0,0,0,1045.0,1041.8,1040.2,1039.2,1038.8,6,12,30,18,4,1056.0,1057.0,1057.4,1058.0,1058.2,12,18,6,16,12,EXECUTABLE
MO2303-P-5600,20221206093250900,SG01,1,31.2,26.6,31.2,134,0.0,0.0,0.0,0,0,31.2,134,0,0,698.0,0.2,0,0,25.6,25.4,25.2,25.0,24.8,10,12,18,43,9,28.4,28.6,28.8,29.0,29.2,28,6,51,1,6,EXECUTABLE
MO2306-C-5600,20221206093250900,SG01,1,999.6,1010.8,999.6,32,0.0,0.0,0.0,0,0,999.6,32,0,0,1682.2,339.4,0,0,1000.6,1000.4,1000.2,1000.0,999.6,6,6,5,18,1,1020.6,1021.2,1022.4,1022.8,1024.4,16,6,36,6,5,EXECUTABLE
MO2309-C-5600,20221206093250900,SG01,1,934.4,1008.8,934.4,116,0.0,0.0,0.0,0,0,934.4,116,0,0,1680.2,337.4,0,0,1001.0,996.8,996.4,996.2,996.0,1,18,11,30,16,1019.4,1019.6,1019.8,1020.2,1021.2,6,2,3,18,39,EXECUTABLE
MO2309-P-5600,20221206093250900,SG01,1,181.8,180.6,181.8,155,0.0,0.0,0.0,0,0,181.8,155,0,0,852.0,0.2,0,0,177.0,176.2,174.8,174.4,173.4,1,2,18,24,26,184.6,184.8,185.0,185.2,185.4,6,15,23,1,30,EXECUTABLE
MO2212-C-5600,20221206093250900,SG01,1,1116.8,1096.0,1116.8,48,0.0,0.0,0.0,0,0,1116.8,48,0,0,1767.4,424.6,0,0,1103.2,1102.4,1102.2,1101.8,1100.8,6,6,10,6,8,1111.0,1111.8,1113.4,1113.8,1114.4,3,18,4,6,2,EXECUTABLE
MO2303-P-8200,20221206093250900,SG01,1,1571.8,1590.6,1571.8,103,0.0,0.0,0.0,0,0,1571.8,103,0,0,2262.0,919.2,0,0,1564.2,1564.0,1563.8,1562.8,1560.6,12,30,10,4,6,1580.4,1582.0,1582.4,1583.2,1583.6,6,6,6,6,6,EXECUTABLE
MO2306-P-8200,20221206093250900,SG01,1,1802.8,1703.8,1802.8,42,0.0,0.0,0.0,0,0,1802.8,42,0,0,2375.2,1032.4,0,0,1695.2,1693.0,1692.4,1691.2,1689.0,10,6,12,24,10,1713.2,1713.4,1716.6,1717.0,1719.6,6,6,12,24,10,EXECUTABLE
MO2212-C-5800,20221206093250900,SG01,1,917.6,896.4,917.6,34,0.0,0.0,0.0,0,0,917.6,34,0,0,1567.8,225.0,0,0,904.6,903.4,903.2,902.8,901.6,6,6,10,6,6,912.2,913.8,914.0,914.4,914.6,6,15,4,12,2,EXECUTABLE
MO2212-P-5800,20221206093250900,SG01,1,1.0,1.0,1.0,516,0.0,0.0,0.0,0,0,1.0,516,0,0,672.4,0.2,0,0,0.6,0.4,0.0,0.0,0.0,54,7,0,0,0,1.0,1.2,1.4,0.0,0.0,25,36,1,0,0,EXECUTABLE
MO2303-C-5800,20221206093250900,SG01,1,876.0,871.0,876.0,101,0.0,0.0,0.0,0,0,876.0,101,0,0,1542.4,199.6,0,0,865.4,862.6,861.0,860.6,860.0,6,6,12,24,24,877.6,877.8,878.2,878.6,880.0,6,12,12,18,6,EXECUTABLE
MO2303-P-5800,20221206093250900,SG01,1,47.8,45.6,49.4,195,47.8,47.8,47.8,2,9560,47.8,195,0,0,717.0,0.2,0,0,44.6,44.4,44.2,44.0,43.8,10,18,24,10,18,47.8,48.0,48.4,0.0,0.0,60,27,4,0,0,EXECUTABLE
MO2306-C-5800,20221206093250900,SG01,1,898.0,849.4,898.0,100,0.0,0.0,0.0,0,0,898.0,100,0,0,1520.8,178.0,0,0,844.4,844.2,843.4,843.0,842.4,6,1,12,31,11,864.0,866.0,866.4,867.0,867.4,6,18,36,11,6,EXECUTABLE
MO2306-P-5800,20221206093250900,SG01,1,143.0,143.0,143.0,66,0.0,0.0,0.0,0,0,143.0,66,0,0,814.4,0.2,0,0,140.6,140.0,139.6,138.4,138.2,1,10,12,30,12,148.2,148.4,148.6,148.8,149.6,6,12,6,36,6,EXECUTABLE
MO2212-C-6000,20221206093250900,SG01,1,708.6,697.4,708.6,58,0.0,0.0,0.0,0,0,708.6,58,0,0,1368.8,26.0,0,0,705.8,704.6,704.4,704.0,703.6,6,6,8,4,6,712.6,712.8,713.8,714.0,714.6,3,18,2,4,6,EXECUTABLE
MO2212-P-6000,20221206093250900,SG01,1,1.4,1.4,1.4,1401,0.0,0.0,0.0,0,0,1.4,1401,0,0,672.8,0.2,0,0,1.0,0.0,0.0,0.0,0.0,64,0,0,0,0,1.4,1.6,1.8,2.2,2.8,4,59,9,1,1,EXECUTABLE
MO2303-C-6000,20221206093250900,SG01,1,703.0,701.8,703.0,120,0.0,0.0,0.0,0,0,703.0,120,0,0,1373.2,30.4,0,0,697.6,695.2,694.8,694.0,693.0,6,6,6,24,6,710.4,710.8,711.6,711.8,712.6,6,6,30,18,6,EXECUTABLE
MO2303-P-6000,20221206093250900,SG01,1,77.2,74.8,77.2,181,0.0,0.0,0.0,0,0,77.2,181,0,0,746.2,0.2,0,0,75.0,74.4,74.0,73.8,73.6,1,4,36,24,18,79.2,79.4,79.8,80.0,80.2,12,6,12,16,42,EXECUTABLE
MO2306-C-6000,20221206093250900,SG01,1,708.0,705.8,708.0,123,0.0,0.0,0.0,0,0,708.0,123,0,0,1377.2,34.4,0,0,702.8,702.4,701.8,701.4,701.2,1,7,6,24,30,719.2,720.0,720.2,720.4,720.6,16,6,18,24,6,EXECUTABLE
MO2306-P-6000,20221206093250900,SG01,1,194.6,194.6,194.6,112,0.0,0.0,0.0,0,0,194.6,112,0,0,866.0,0.2,0,0,192.2,191.0,190.8,190.6,189.8,1,10,36,30,3,201.0,201.8,202.0,202.2,202.8,7,5,1,24,30,EXECUTABLE
MO2212-C-5900,20221206093250900,SG01,1,796.2,805.0,796.2,45,0.0,0.0,0.0,0,0,796.2,45,0,0,1476.4,133.6,0,0,805.2,803.8,803.6,803.2,802.8,6,6,6,6,11,812.2,812.6,813.0,813.6,813.8,3,6,15,4,2,EXECUTABLE
MO2212-C-6100,20221206093250900,SG01,1,594.0,598.4,594.0,107,0.0,0.0,0.0,0,0,594.0,107,0,0,1269.8,0.2,0,0,606.8,605.6,605.4,604.8,604.4,6,6,10,4,9,613.8,614.4,614.6,615.2,615.8,15,9,4,6,2,EXECUTABLE
MO2212-C-6300,20221206093250900,SG01,1,401.0,411.0,401.0,204,0.0,0.0,0.0,0,0,401.0,204,0,0,1082.4,0.2,0,0,411.4,409.8,409.6,409.0,408.8,6,6,10,10,6,417.2,417.6,418.4,418.8,419.6,3,12,4,6,8,EXECUTABLE
MO2212-C-5500,20221206093250900,SG01,1,1196.0,1195.8,1196.0,42,0.0,0.0,0.0,0,0,1196.0,42,0,0,1867.2,524.4,0,0,1203.2,1203.0,1202.0,1201.8,1201.4,6,6,6,5,6,1211.0,1211.6,1212.0,1213.0,1213.2,3,6,6,4,12,EXECUTABLE
MO2303-C-5400,20221206093250900,SG01,1,1236.0,1238.8,1236.0,37,0.0,0.0,0.0,0,0,1236.0,37,0,0,1910.2,567.4,0,0,1230.6,1229.4,1228.6,1228.4,1228.0,6,6,6,18,18,1243.0,1243.4,1244.0,1244.6,1245.4,6,6,12,22,12,EXECUTABLE
MO2303-P-5400,20221206093250900,SG01,1,15.4,15.4,15.4,138,0.0,0.0,0.0,0,0,15.4,138,0,0,686.8,0.2,0,0,15.4,15.0,14.8,14.6,14.0,1,12,10,75,6,15.8,16.0,16.2,16.4,16.6,6,6,6,17,63,EXECUTABLE
MO2306-C-5400,20221206093250900,SG01,1,1115.0,1187.8,1115.0,46,0.0,0.0,0.0,0,0,1115.0,46,0,0,1859.2,516.4,0,0,1170.6,1170.0,1169.8,1169.4,1167.0,6,6,6,1,6,1186.6,1187.4,1188.4,1188.6,1189.4,10,6,18,22,6,EXECUTABLE
MO2309-C-5400,20221206093250900,SG01,1,1161.0,1161.6,1161.0,92,0.0,0.0,0.0,0,0,1161.0,92,0,0,1833.0,490.2,0,0,1152.2,1149.4,1148.8,1148.6,1146.8,6,6,11,2,25,1172.8,1173.0,1173.2,1174.0,1176.2,6,2,6,6,6,EXECUTABLE
MO2309-P-5400,20221206093250900,SG01,1,139.6,136.2,139.6,61,0.0,0.0,0.0,0,0,139.6,61,0,0,807.6,0.2,0,0,133.6,131.4,131.2,131.0,130.6,1,8,6,53,6,140.2,140.4,141.4,141.8,142.0,12,9,6,30,19,EXECUTABLE
MO2212-P-7500,20221206093250900,SG01,1,913.0,804.4,913.0,13,0.0,0.0,0.0,0,0,913.0,13,0,0,1475.8,133.0,0,0,788.8,787.6,787.2,786.2,786.0,9,4,6,6,6,796.0,797.2,797.4,797.6,800.0,6,6,14,10,3,EXECUTABLE
MO2301-C-7500,20221206093250900,SG01,1,13.6,14.4,13.6,273,12.8,13.6,12.8,4,5240,13.1,275,0,0,685.8,0.2,0,0,13.4,13.2,13.0,12.8,12.6,10,33,39,6,1,14.6,14.8,15.0,15.2,18.2,10,18,45,9,1,EXECUTABLE
MO2301-P-7500,20221206093250900,SG01,1,837.2,823.8,837.2,13,0.0,0.0,0.0,0,0,837.2,13,0,0,1495.2,152.4,0,0,818.2,818.0,817.8,816.8,816.0,12,12,15,12,10,827.8,829.8,830.0,830.2,830.8,6,6,12,6,21,EXECUTABLE
MO2309-C-7600,20221206093250900,SG01,1,139.2,141.6,141.6,195,139.2,139.2,139.2,1,13920,139.2,195,0,0,813.0,0.2,0,0,137.8,137.2,137.0,136.0,135.8,1,6,3,18,47,143.0,145.6,146.0,146.2,146.6,1,11,48,12,8,EXECUTABLE
MO2309-P-7600,20221206093250900,SG01,1,1273.4,1274.0,1273.4,13,0.0,0.0,0.0,0,0,1273.4,13,0,0,1945.4,602.6,0,0,1260.0,1259.8,1259.2,1259.0,1255.4,6,2,17,22,3,1282.2,1282.8,1285.2,1285.4,1285.6,1,1,5,18,6,EXECUTABLE
MO2212-C-5300,20221206093250900,SG01,1,1367.0,1406.0,1367.0,39,0.0,0.0,0.0,0,0,1367.0,39,0,0,2077.4,734.6,0,0,1402.4,1401.0,1400.8,1400.2,1398.8,6,6,10,8,15,1411.6,1412.0,1412.8,1413.4,1414.0,6,3,4,6,18,EXECUTABLE
MO2212-C-5400,20221206093250900,SG01,1,1266.2,1306.2,1266.2,41,0.0,0.0,0.0,0,0,1266.2,41,0,0,1977.6,634.8,0,0,1301.8,1301.6,1301.4,1301.2,1300.4,6,16,6,6,5,1311.6,1311.8,1313.0,1313.6,1313.8,6,3,4,6,6,EXECUTABLE
MO2212-P-5400,20221206093250900,SG01,1,0.8,0.8,0.8,296,0.0,0.0,0.0,0,0,0.8,296,0,0,672.2,0.2,0,0,0.6,0.4,0.0,0.0,0.0,30,36,0,0,0,0.8,1.0,1.2,0.0,0.0,16,33,6,0,0,EXECUTABLE
MO2303-C-5200,20221206093250900,SG01,1,1452.4,1429.6,1452.4,32,0.0,0.0,0.0,0,0,1452.4,32,0,0,2101.0,758.2,0,0,1422.4,1421.2,1420.0,1419.6,1419.2,6,6,6,12,18,1435.4,1435.8,1436.6,1437.0,1437.6,12,6,18,6,22,EXECUTABLE
MO2303-P-5200,20221206093250900,SG01,1,9.2,9.2,9.2,272,9.2,9.2,9.2,5,4600,9.2,277,0,0,680.6,0.2,0,0,9.0,8.8,8.6,8.4,0.6,12,31,12,6,2,9.6,9.8,10.0,0.0,0.0,12,33,16,0,0,EXECUTABLE
MO2306-C-5200,20221206093250900,SG01,1,1236.6,1355.4,1236.6,34,0.0,0.0,0.0,0,0,1236.6,34,0,0,2026.8,684.0,0,0,1346.6,1345.0,1344.8,1344.0,1343.6,6,6,6,6,23,1365.4,1366.0,1367.2,1367.6,1368.0,12,6,34,5,16,EXECUTABLE
MO2309-C-5200,20221206093250900,SG01,1,1330.2,1330.2,1330.2,99,0.0,0.0,0.0,0,0,1330.2,99,0,0,2001.6,658.8,0,0,1312.4,1311.8,1311.4,1309.8,1308.0,6,13,6,18,9,1329.8,1330.0,1332.8,1333.4,1334.6,2,6,17,6,9,EXECUTABLE
MO2309-P-5200,20221206093250900,SG01,1,104.2,103.2,104.2,132,0.0,0.0,0.0,0,0,104.2,132,0,0,774.6,0.2,0,0,99.8,99.2,99.0,98.8,98.6,1,6,23,2,51,104.0,105.0,105.2,105.4,105.6,5,6,18,36,12,EXECUTABLE
MO2301-C-5600,20221206093250900,SG01,1,903.0,1089.2,903.0,38,0.0,0.0,0.0,0,0,903.0,38,0,0,1760.6,417.8,0,0,1085.2,1083.2,1083.0,1081.8,1081.4,6,6,6,12,38,1094.2,1095.4,1095.6,1096.0,1096.4,6,15,18,6,6,EXECUTABLE
MO2301-P-5600,20221206093250900,SG01,1,5.8,5.8,5.8,203,5.8,5.8,5.8,5,2900,5.8,208,0,0,677.2,0.2,0,0,5.4,5.2,5.0,4.8,4.4,6,22,24,12,1,5.8,6.0,6.2,7.8,0.0,16,30,24,1,0,EXECUTABLE
MO2301-C-7400,20221206093250900,SG01,1,18.8,20.4,20.4,232,18.8,18.8,18.8,1,1880,18.8,232,0,0,691.8,0.2,0,0,19.0,18.8,18.6,18.2,1.2,22,27,21,1,5,20.4,20.6,20.8,21.0,24.8,6,25,21,12,1,EXECUTABLE
MO2301-C-5700,20221206093250900,SG01,1,968.2,993.2,968.2,8,0.0,0.0,0.0,0,0,968.2,8,0,0,1664.6,321.8,0,0,987.6,985.6,985.4,983.8,983.6,6,6,6,6,4,996.6,998.0,998.4,999.4,999.8,6,6,6,27,12,EXECUTABLE
MO2301-C-5800,20221206093250900,SG01,1,918.0,883.6,918.0,23,0.0,0.0,0.0,0,0,918.0,23,0,0,1555.0,212.2,0,0,890.6,888.6,888.4,887.0,886.8,6,6,6,7,15,899.4,899.8,901.6,901.8,902.8,6,6,33,6,4,EXECUTABLE
MO2301-C-5900,20221206093250900,SG01,1,805.4,788.0,805.4,29,0.0,0.0,0.0,0,0,805.4,29,0,0,1459.4,116.6,0,0,794.0,793.8,793.0,792.8,792.0,6,6,12,6,27,804.6,805.2,805.6,805.8,806.6,12,6,9,24,12,EXECUTABLE
MO2301-C-6000,20221206093250900,SG01,1,718.8,704.8,718.8,36,0.0,0.0,0.0,0,0,718.8,36,0,0,1376.2,33.4,0,0,700.2,700.0,698.4,698.2,697.8,6,12,13,1,21,709.0,711.0,711.2,711.6,712.4,6,15,18,6,6,EXECUTABLE
MO2301-C-6100,20221206093250900,SG01,1,626.8,612.8,626.8,21,0.0,0.0,0.0,0,0,626.8,21,0,0,1284.2,0.2,0,0,609.8,608.8,608.2,608.0,607.6,6,2,7,13,27,618.6,618.8,620.4,620.6,621.6,6,6,27,6,4,EXECUTABLE
MO2301-C-6200,20221206093250900,SG01,1,520.0,525.4,520.0,47,0.0,0.0,0.0,0,0,520.0,47,0,0,1196.8,0.2,0,0,521.2,521.0,519.4,519.0,518.8,6,13,12,6,25,530.2,531.2,531.8,532.0,532.2,6,6,15,6,9,EXECUTABLE
MO2301-C-6300,20221206093250900,SG01,1,439.0,442.2,439.0,94,0.0,0.0,0.0,0,0,439.0,94,0,0,1113.6,0.2,0,0,441.0,438.8,438.6,438.4,438.2,1,8,12,6,6,446.4,446.6,447.0,447.2,448.6,6,6,3,15,12,EXECUTABLE
MO2301-C-6400,20221206093250900,SG01,1,366.8,365.0,363.0,82,366.8,366.8,366.8,1,36680,366.8,82,0,0,1036.4,0.2,0,0,365.0,363.8,363.4,362.8,362.2,1,12,6,6,6,368.2,369.0,369.2,370.0,372.4,6,9,24,6,10,EXECUTABLE
MO2301-C-6500,20221206093250900,SG01,1,297.6,293.0,288.0,191,296.0,297.6,296.0,2,59360,296.8,192,0,0,964.4,0.2,0,0,296.8,295.2,294.6,294.4,294.2,6,1,6,6,12,298.8,299.2,299.4,300.2,300.6,12,6,9,12,6,EXECUTABLE
MO2301-C-6600,20221206093250900,SG01,1,237.0,236.8,236.8,254,241.4,241.4,236.0,3,71440,238.133,254,0,0,908.2,0.2,0,0,236.0,234.6,234.2,233.6,233.4,6,1,6,12,18,238.0,238.2,239.0,240.8,241.6,15,12,12,6,4,EXECUTABLE
MO2301-C-6700,20221206093250900,SG01,1,180.0,186.4,186.4,451,180.0,180.0,180.0,5,90000,180.0,446,0,0,857.8,0.2,0,0,182.4,182.2,181.8,181.4,181.0,6,1,6,6,12,186.0,186.4,186.6,188.2,188.4,12,15,15,10,6,EXECUTABLE
MO2301-C-6800,20221206093250900,SG01,1,140.6,141.2,140.6,277,0.0,0.0,0.0,0,0,140.6,277,0,0,812.6,0.2,0,0,140.0,139.4,138.6,138.4,137.8,6,6,1,6,12,142.0,142.2,142.6,143.4,143.6,6,6,15,6,15,EXECUTABLE
MO2301-C-6900,20221206093250900,SG01,1,106.6,106.6,106.6,193,0.0,0.0,0.0,0,0,106.6,193,0,0,778.0,0.2,0,0,103.4,102.8,102.4,102.0,101.8,6,6,6,13,24,106.2,106.6,106.8,107.2,107.4,9,12,12,6,4,EXECUTABLE
MO2301-C-7000,20221206093250900,SG01,1,78.0,78.0,78.0,274,0.0,0.0,0.0,0,0,78.0,274,0,0,749.4,0.2,0,0,76.6,75.8,75.2,75.0,74.6,6,12,4,13,16,78.0,78.2,78.4,78.6,79.0,6,12,3,15,12,EXECUTABLE
MO2301-C-7100,20221206093250900,SG01,1,56.4,56.4,56.4,345,0.0,0.0,0.0,0,0,56.4,345,0,0,727.8,0.2,0,0,54.4,54.0,53.6,53.4,53.2,1,6,12,4,33,56.4,56.6,56.8,57.0,57.2,6,15,15,6,10,EXECUTABLE
MO2301-P-5800,20221206093250900,SG01,1,11.6,10.2,10.2,276,10.8,11.6,10.8,6,6880,11.467,282,0,0,681.6,0.2,0,0,9.8,9.6,9.4,9.2,8.8,6,40,18,6,2,10.4,10.6,10.8,12.8,0.0,28,36,6,1,0,EXECUTABLE
MO2301-P-5900,20221206093250900,SG01,1,14.6,14.6,14.6,248,0.0,0.0,0.0,0,0,14.6,248,0,0,686.0,0.2,0,0,13.2,13.0,12.8,12.6,12.4,6,34,39,3,1,14.4,14.6,14.8,15.0,15.6,12,19,39,18,1,EXECUTABLE
MO2301-P-6000,20221206093250900,SG01,1,20.8,20.4,20.4,496,20.0,20.8,20.0,23,46980,20.426,514,0,0,691.8,0.2,0,0,19.4,19.2,19.0,18.8,18.2,6,25,45,6,1,20.6,20.8,21.0,21.2,24.0,12,10,57,9,1,EXECUTABLE
MO2301-P-6100,20221206093250900,SG01,1,29.2,28.6,29.2,590,0.0,0.0,0.0,0,0,29.2,590,0,0,700.0,0.2,0,0,27.8,27.6,27.4,27.2,27.0,6,12,10,27,12,29.2,29.4,29.8,30.2,30.4,6,4,24,21,24,EXECUTABLE
MO2301-P-6200,20221206093250900,SG01,1,39.4,40.0,40.0,432,44.2,44.2,39.4,3,12300,41.0,433,0,0,711.4,0.2,0,0,38.8,38.6,38.4,38.2,37.8,6,6,18,24,6,41.0,41.2,41.4,41.6,41.8,6,10,12,18,21,EXECUTABLE
MO2301-P-6300,20221206093250900,SG01,1,57.6,57.6,57.6,398,0.0,0.0,0.0,0,0,57.6,398,0,0,729.0,0.2,0,0,55.6,55.4,55.2,55.0,54.8,12,15,18,6,4,58.0,58.4,58.6,58.8,59.0,6,22,6,24,6,EXECUTABLE
MO2301-P-6400,20221206093250900,SG01,1,76.0,78.6,77.4,839,76.4,76.4,76.0,5,38040,76.08,839,0,0,750.0,0.2,0,0,77.2,76.8,76.6,76.4,76.0,6,18,12,6,12,79.4,80.0,80.4,80.6,81.0,6,6,4,18,21,EXECUTABLE
MO2301-P-6500,20221206093250900,SG01,1,110.0,110.4,110.0,540,0.0,0.0,0.0,0,0,110.0,540,0,0,781.8,0.2,0,0,108.2,107.8,107.4,107.2,106.8,9,15,6,6,7,111.2,111.6,112.0,112.6,112.8,6,6,12,10,24,EXECUTABLE
MO2301-P-6600,20221206093250900,SG01,1,147.8,147.8,147.8,311,0.0,0.0,0.0,0,0,147.8,311,0,0,819.2,0.2,0,0,147.0,146.6,146.4,145.6,145.0,3,12,6,15,6,149.8,151.0,151.6,151.8,152.0,6,18,12,6,6,EXECUTABLE
MO2301-P-6700,20221206093250900,SG01,1,196.8,197.8,196.8,150,0.0,0.0,0.0,0,0,196.8,150,0,0,869.2,0.2,0,0,193.2,192.4,191.8,191.4,190.6,15,9,6,10,6,197.2,198.6,199.0,199.8,200.0,6,18,6,21,6,EXECUTABLE
MO2301-P-6800,20221206093250900,SG01,1,254.2,253.0,253.0,94,254.2,254.2,254.2,4,101680,254.2,91,0,0,924.4,0.2,0,0,249.6,249.4,249.0,248.8,248.6,6,6,9,9,6,254.0,255.2,255.4,255.6,256.0,6,4,6,12,6,EXECUTABLE
MO2301-P-6900,20221206093250900,SG01,1,319.8,319.8,319.8,48,0.0,0.0,0.0,0,0,319.8,48,0,0,991.2,0.2,0,0,312.4,311.8,311.6,310.6,309.8,12,12,18,4,6,320.6,320.8,321.4,321.6,321.8,8,12,1,12,15,EXECUTABLE
MO2301-P-7000,20221206093250900,SG01,1,389.6,389.6,389.6,39,0.0,0.0,0.0,0,0,389.6,39,0,0,1061.0,0.2,0,0,383.2,383.0,382.8,382.6,382.4,6,6,18,6,6,393.2,393.6,393.8,394.0,394.4,18,6,1,12,6,EXECUTABLE
MO2301-P-7100,20221206093250900,SG01,1,478.2,468.4,478.2,15,0.0,0.0,0.0,0,0,478.2,15,0,0,1139.8,0.2,0,0,462.2,461.4,459.8,459.6,458.2,6,6,19,21,6,471.4,472.6,472.8,473.2,473.4,6,6,13,9,22,EXECUTABLE
MO2301-C-7200,20221206093250900,SG01,1,41.6,40.6,40.2,254,41.6,41.6,41.6,1,4160,41.6,255,0,0,712.0,0.2,0,0,39.4,38.8,38.6,38.4,38.0,6,12,6,28,18,41.0,41.2,41.4,41.8,42.2,12,4,12,36,6,EXECUTABLE
MO2301-P-7200,20221206093250900,SG01,1,562.2,550.8,562.2,44,0.0,0.0,0.0,0,0,562.2,44,0,0,1222.2,0.2,0,0,545.6,543.6,543.4,543.0,542.8,6,6,15,22,6,555.0,556.0,556.2,556.4,556.8,6,6,12,1,6,EXECUTABLE
MO2212-C-7300,20221206093250900,SG01,1,3.2,3.0,3.0,780,3.2,3.2,3.2,3,960,3.2,783,0,0,674.4,0.2,0,0,3.0,2.8,2.6,1.8,0.0,30,21,7,40,0,3.4,3.6,3.8,6.0,0.0,37,17,1,1,0,EXECUTABLE
MO2212-P-7300,20221206093250900,SG01,1,586.4,605.8,586.4,24,0.0,0.0,0.0,0,0,586.4,24,0,0,1277.2,0.2,0,0,590.6,589.4,588.4,588.2,587.8,9,4,15,12,2,597.6,599.0,599.2,599.8,600.4,6,6,10,2,3,EXECUTABLE
MO2301-C-7300,20221206093250900,SG01,1,28.0,28.4,28.0,140,0.0,0.0,0.0,0,0,28.0,140,0,0,699.8,0.2,0,0,27.0,26.8,26.6,26.4,26.2,16,12,30,27,7,28.8,29.4,29.6,30.0,30.2,12,49,6,9,6,EXECUTABLE
MO2301-P-7300,20221206093250900,SG01,1,642.2,639.0,642.2,10,0.0,0.0,0.0,0,0,642.2,10,0,0,1310.4,0.2,0,0,633.6,632.6,632.0,631.8,631.6,6,6,6,15,18,642.8,644.6,645.0,645.2,646.0,6,12,6,12,6,EXECUTABLE
MO2309-C-7400,20221206093250900,SG01,1,180.8,180.8,180.8,99,0.0,0.0,0.0,0,0,180.8,99,0,0,852.2,0.2,0,0,175.4,175.0,174.2,172.8,172.6,1,6,3,29,30,180.8,183.6,183.8,184.0,184.2,1,5,48,2,24,EXECUTABLE
MO2309-P-7400,20221206093250900,SG01,1,1132.4,1117.6,1132.4,44,0.0,0.0,0.0,0,0,1132.4,44,0,0,1789.0,446.2,0,0,1101.4,1101.2,1100.8,1100.6,1097.2,8,1,5,18,22,1125.6,1126.4,1127.0,1128.4,1128.8,7,1,17,3,40,EXECUTABLE
MO2301-P-7400,20221206093250900,SG01,1,742.2,734.4,742.2,29,0.0,0.0,0.0,0,0,742.2,29,0,0,1405.8,63.0,0,0,725.8,724.0,723.8,722.6,722.4,6,6,15,12,10,735.0,735.2,735.6,735.8,736.2,6,8,6,12,6,EXECUTABLE
MO2302-C-5900,20221206093250900,SG01,1,776.6,792.6,776.6,4,0.0,0.0,0.0,0,0,776.6,4,0,0,1464.0,121.2,0,0,791.0,788.6,788.4,787.2,786.4,6,6,18,18,6,802.6,803.4,804.6,804.8,806.2,6,10,6,12,12,EXECUTABLE
MO2302-C-6000,20221206093250900,SG01,1,475.4,705.6,475.4,9,0.0,0.0,0.0,0,0,475.4,9,0,0,1377.0,34.2,0,0,702.2,700.0,699.8,699.4,698.6,6,6,6,24,6,715.4,717.2,717.4,717.6,717.8,16,6,18,6,12,EXECUTABLE
MO2302-C-6100,20221206093250900,SG01,1,500.0,621.6,500.0,2,0.0,0.0,0.0,0,0,500.0,2,0,0,1293.0,0.2,0,0,618.2,618.0,617.0,614.0,613.8,6,6,6,18,24,631.2,632.6,632.8,633.2,633.4,12,10,6,12,6,EXECUTABLE
MO2302-C-6200,20221206093250900,SG01,1,479.6,542.4,479.6,4,0.0,0.0,0.0,0,0,479.6,4,0,0,1213.8,0.2,0,0,537.2,536.6,535.8,535.6,535.0,12,12,7,6,36,551.2,553.2,553.4,553.8,555.2,18,10,30,13,12,EXECUTABLE
MO2302-C-6300,20221206093250900,SG01,1,471.0,465.0,471.0,7,0.0,0.0,0.0,0,0,471.0,7,0,0,1136.4,0.2,0,0,462.8,462.4,462.0,461.8,460.8,6,6,6,7,36,476.4,476.6,478.6,478.8,479.0,6,16,18,36,12,EXECUTABLE
MO2302-C-6400,20221206093250900,SG01,1,327.8,396.4,327.8,30,0.0,0.0,0.0,0,0,327.8,30,0,0,1067.8,0.2,0,0,393.4,393.2,392.8,392.4,392.0,6,12,1,18,6,404.4,405.2,407.0,407.6,408.8,1,10,24,24,13,EXECUTABLE
MO2302-C-6500,20221206093250900,SG01,1,334.4,334.0,334.4,116,0.0,0.0,0.0,0,0,334.4,116,0,0,1005.4,0.2,0,0,330.6,330.4,329.8,329.4,329.2,19,6,6,24,12,342.4,342.6,342.8,343.2,345.2,5,12,24,24,6,EXECUTABLE
MO2302-C-6600,20221206093250900,SG01,1,268.2,280.6,268.2,102,0.0,0.0,0.0,0,0,268.2,102,0,0,952.0,0.2,0,0,275.2,275.0,274.4,273.6,273.4,6,1,6,1,6,285.2,285.4,286.0,286.6,287.4,1,10,6,18,24,EXECUTABLE
MO2302-C-6700,20221206093250900,SG01,1,219.2,228.8,219.2,118,0.0,0.0,0.0,0,0,219.2,118,0,0,900.2,0.2,0,0,225.6,225.4,224.6,224.0,223.8,1,6,6,6,1,234.8,235.0,235.6,235.8,236.2,10,25,18,12,12,EXECUTABLE
MO2302-C-6800,20221206093250900,SG01,1,177.0,186.0,177.0,40,0.0,0.0,0.0,0,0,177.0,40,0,0,857.4,0.2,0,0,181.8,181.4,181.2,180.8,180.2,6,13,1,12,6,190.6,190.8,191.4,191.6,191.8,16,24,6,18,6,EXECUTABLE
MO2302-C-6900,20221206093250900,SG01,1,151.2,146.6,151.2,12,0.0,0.0,0.0,0,0,151.2,12,0,0,818.0,0.2,0,0,144.0,143.8,143.6,143.0,142.8,1,18,7,12,36,153.6,153.8,154.2,154.4,155.2,17,6,18,30,6,EXECUTABLE
MO2302-C-7000,20221206093250900,SG01,1,115.0,115.6,115.0,140,0.0,0.0,0.0,0,0,115.0,140,0,0,787.0,0.2,0,0,114.0,113.4,112.8,112.6,111.8,1,6,12,1,36,121.6,121.8,122.0,122.2,122.4,6,16,7,30,12,EXECUTABLE
MO2302-C-7100,20221206093250900,SG01,1,93.0,90.2,93.0,76,0.0,0.0,0.0,0,0,93.0,76,0,0,761.6,0.2,0,0,87.8,87.4,87.2,87.0,86.8,12,1,37,12,18,93.8,94.2,94.4,94.6,94.8,6,55,12,6,6,EXECUTABLE
MO2302-C-7200,20221206093250900,SG01,1,68.6,69.4,68.6,26,0.0,0.0,0.0,0,0,68.6,26,0,0,740.8,0.2,0,0,66.8,66.6,66.4,66.2,66.0,6,12,13,30,18,72.6,72.8,73.4,73.6,73.8,6,16,18,33,9,EXECUTABLE
MO2302-C-7300,20221206093250900,SG01,1,52.2,53.2,52.2,37,0.0,0.0,0.0,0,0,52.2,37,0,0,724.6,0.2,0,0,51.0,50.8,50.6,50.4,50.2,6,27,9,12,18,54.4,54.6,54.8,55.0,55.2,6,7,15,18,18,EXECUTABLE
MO2302-C-7400,20221206093250900,SG01,1,40.2,40.2,40.2,59,0.0,0.0,0.0,0,0,40.2,59,0,0,711.6,0.2,0,0,38.0,37.8,37.6,37.4,37.2,18,6,48,6,6,41.2,41.4,41.6,41.8,42.8,12,16,48,12,6,EXECUTABLE
MO2302-P-5900,20221206093250900,SG01,1,31.6,29.8,31.6,56,0.0,0.0,0.0,0,0,31.6,56,0,0,701.2,0.2,0,0,29.2,29.0,28.8,28.6,28.4,12,16,42,12,6,32.4,32.6,32.8,33.0,33.2,18,24,36,12,4,EXECUTABLE
MO2302-P-6000,20221206093250900,SG01,1,41.4,41.4,41.4,84,0.0,0.0,0.0,0,0,41.4,84,0,0,712.8,0.2,0,0,40.6,40.4,40.2,40.0,39.8,10,36,24,18,12,43.8,44.0,44.2,44.4,44.6,18,24,24,12,6,EXECUTABLE
MO2302-P-6100,20221206093250900,SG01,1,57.2,57.0,57.2,48,0.0,0.0,0.0,0,0,57.2,48,0,0,728.4,0.2,0,0,55.2,54.6,54.4,54.2,54.0,6,10,6,24,18,60.0,60.2,60.8,61.0,61.2,7,12,36,6,4,EXECUTABLE
MO2302-P-6200,20221206093250900,SG01,1,77.4,77.2,77.4,98,0.0,0.0,0.0,0,0,77.4,98,0,0,748.6,0.2,0,0,75.8,75.4,75.2,74.6,74.4,7,20,4,54,6,80.2,80.4,80.6,81.0,81.2,6,12,6,36,12,EXECUTABLE
MO2302-P-6300,20221206093250900,SG01,1,99.6,101.2,99.6,68,0.0,0.0,0.0,0,0,99.6,68,0,0,772.6,0.2,0,0,98.8,98.6,98.4,98.2,97.8,6,12,16,12,30,104.0,104.2,104.4,104.6,104.8,1,18,30,18,12,EXECUTABLE
MO2302-P-6400,20221206093250900,SG01,1,132.6,130.4,132.6,102,0.0,0.0,0.0,0,0,132.6,102,0,0,801.8,0.2,0,0,127.2,127.0,126.4,126.2,126.0,6,16,1,37,12,134.0,136.0,136.2,136.4,137.2,1,18,18,30,18,EXECUTABLE
MO2302-P-6500,20221206093250900,SG01,1,175.4,169.0,175.4,119,0.0,0.0,0.0,0,0,175.4,119,0,0,840.4,0.2,0,0,164.8,163.8,163.0,162.6,162.4,10,6,18,30,12,172.8,173.0,173.4,173.6,173.8,7,6,1,36,24,EXECUTABLE
MO2302-P-6600,20221206093250900,SG01,1,218.2,214.0,218.2,52,0.0,0.0,0.0,0,0,218.2,52,0,0,885.4,0.2,0,0,208.0,207.4,206.6,206.0,205.4,6,28,18,18,3,215.6,216.4,216.8,217.0,217.2,6,13,12,18,24,EXECUTABLE
MO2302-P-6700,20221206093250900,SG01,1,263.8,262.0,263.8,47,0.0,0.0,0.0,0,0,263.8,47,0,0,933.4,0.2,0,0,256.0,254.0,253.8,252.4,251.6,16,42,21,6,6,265.6,265.8,266.0,266.2,266.4,6,6,14,12,24,EXECUTABLE
MO2302-P-6800,20221206093250900,SG01,1,314.0,314.0,314.0,8,0.0,0.0,0.0,0,0,314.0,8,0,0,985.4,0.2,0,0,312.0,311.0,310.8,308.8,307.4,12,22,12,6,6,321.2,322.0,322.6,322.8,323.4,6,7,6,13,30,EXECUTABLE
MO2302-P-6900,20221206093250900,SG01,1,386.4,381.8,386.4,2,0.0,0.0,0.0,0,0,386.4,2,0,0,1053.2,0.2,0,0,371.4,371.2,370.6,370.4,369.4,6,17,18,12,6,383.4,384.0,384.4,384.8,385.6,6,1,6,6,12,EXECUTABLE
MO2302-P-7000,20221206093250900,SG01,1,500.0,450.2,500.0,14,0.0,0.0,0.0,0,0,500.0,14,0,0,1121.6,0.2,0,0,440.0,439.4,439.2,438.6,437.8,17,6,30,6,12,452.2,452.4,452.8,453.4,453.6,6,13,12,6,12,EXECUTABLE
MO2302-P-7100,20221206093250900,SG01,1,535.8,521.4,535.8,4,0.0,0.0,0.0,0,0,535.8,4,0,0,1192.8,0.2,0,0,512.2,510.8,510.6,510.2,510.0,16,18,6,18,24,526.4,526.6,526.8,527.8,528.4,6,19,6,30,18,EXECUTABLE
MO2302-P-7200,20221206093250900,SG01,1,730.2,599.2,730.2,15,0.0,0.0,0.0,0,0,730.2,15,0,0,1270.6,0.2,0,0,591.0,590.6,590.4,590.2,589.6,6,10,6,24,6,604.2,604.8,605.0,605.2,605.4,6,1,6,48,12,EXECUTABLE
MO2302-P-7300,20221206093250900,SG01,1,1000.0,682.6,1000.0,2,0.0,0.0,0.0,0,0,1000.0,2,0,0,1354.0,11.2,0,0,673.8,673.4,671.8,671.6,670.6,6,4,30,6,18,687.0,687.2,687.6,688.0,690.0,6,6,6,18,30,EXECUTABLE
MO2302-P-7400,20221206093250900,SG01,1,941.6,767.8,941.6,2,0.0,0.0,0.0,0,0,941.6,2,0,0,1439.2,96.4,0,0,760.8,759.8,759.6,758.6,758.4,4,12,6,30,6,774.4,775.2,777.0,777.8,778.0,12,12,6,42,6,EXECUTABLE
MO2302-C-5800,20221206093250900,SG01,1,867.4,882.4,867.4,2,0.0,0.0,0.0,0,0,867.4,2,0,0,1553.8,211.0,0,0,881.8,879.6,876.8,876.6,873.4,6,6,24,6,6,894.2,895.4,897.0,898.2,898.4,16,6,6,6,36,EXECUTABLE
MO2212-C-8200,20221206093250900,SG01,1,0.6,0.6,0.6,321,0.0,0.0,0.0,0,0,0.6,321,0,0,672.0,0.2,0,0,0.6,0.4,0.2,0.0,0.0,10,35,16,0,0,0.8,1.0,0.0,0.0,0.0,50,17,0,0,0,EXECUTABLE
MO2212-P-8200,20221206093250900,SG01,1,1518.8,1504.4,1518.8,55,0.0,0.0,0.0,0,0,1518.8,55,0,0,2175.8,833.0,0,0,1486.4,1485.6,1484.8,1484.4,1483.4,4,9,18,2,12,1496.2,1497.0,1497.2,1498.6,1499.2,6,6,10,2,9,EXECUTABLE
MO2212-C-6200,20221206093250900,SG01,1,491.0,507.2,491.0,219,0.0,0.0,0.0,0,0,491.0,219,0,0,1178.6,0.2,0,0,508.2,507.0,506.8,506.6,506.2,6,6,6,2,4,514.2,514.4,515.4,516.0,516.2,9,6,9,6,4,EXECUTABLE
MO2212-C-6400,20221206093250900,SG01,1,312.6,321.0,321.0,521,312.6,312.6,312.6,1,31260,312.6,521,0,0,992.4,0.2,0,0,317.6,317.2,316.6,316.0,315.6,6,6,6,4,3,323.0,324.6,324.8,326.0,326.2,6,12,6,6,6,EXECUTABLE
MO2212-C-6600,20221206093250900,SG01,1,158.4,159.2,159.2,1235,150.0,163.6,147.0,71,1111860,156.6,1243,0,0,830.6,0.2,0,0,158.0,157.2,156.6,155.8,155.6,6,2,6,4,6,160.0,160.4,160.6,160.8,161.8,1,6,1,6,4,EXECUTABLE
MO2212-C-6800,20221206093250900,SG01,1,58.8,59.8,59.8,3532,52.0,62.0,52.0,288,1700520,59.046,3652,0,0,731.2,0.2,0,0,58.0,57.8,57.6,57.4,57.2,8,22,12,1,7,59.8,60.0,60.4,60.6,60.8,6,2,4,1,6,EXECUTABLE
MO2212-C-7000,20221206093250900,SG01,1,18.4,18.4,18.4,2771,15.8,19.8,15.8,97,181220,18.682,2756,0,0,689.8,0.2,0,0,18.2,18.0,17.8,17.6,17.4,17,17,16,6,6,18.6,18.8,19.0,19.8,21.0,6,12,19,6,1,EXECUTABLE
MO2212-C-7200,20221206093250900,SG01,1,5.4,5.8,5.8,1863,5.4,5.8,4.8,22,11680,5.309,1881,0,0,677.2,0.2,0,0,5.6,5.4,5.2,4.4,3.8,15,30,24,2,3,5.8,6.0,6.2,6.4,9.0,18,30,9,1,3,EXECUTABLE
MO2212-C-7600,20221206093250900,SG01,1,1.2,1.2,1.2,589,0.0,0.0,0.0,0,0,1.2,589,0,0,672.6,0.2,0,0,1.0,0.8,0.6,0.0,0.0,23,32,6,0,0,1.2,1.4,1.6,1.8,2.0,10,50,1,1,1,EXECUTABLE
MO2212-C-7800,20221206093250900,SG01,1,0.8,0.8,0.8,227,0.0,0.0,0.0,0,0,0.8,227,0,0,672.2,0.2,0,0,0.8,0.6,0.4,0.0,0.0,10,45,12,0,0,1.0,1.2,1.4,1.6,1.8,30,38,2,1,1,EXECUTABLE
MO2212-P-6200,20221206093250900,SG01,1,3.0,3.0,3.0,2030,3.4,3.6,2.8,21,6700,3.19,2036,0,0,674.4,0.2,0,0,2.6,2.2,1.0,0.0,0.0,69,1,1,0,0,3.0,3.2,3.4,5.2,6.0,19,56,6,1,1,EXECUTABLE
MO2212-P-6400,20221206093250900,SG01,1,12.6,12.6,12.6,2572,14.2,14.2,11.6,63,76400,12.127,2551,0,0,684.0,0.2,0,0,12.2,12.0,11.8,11.6,11.2,9,6,37,2,1,12.4,12.6,12.8,13.0,13.2,6,12,33,12,3,EXECUTABLE
MO2212-P-6600,20221206093250900,SG01,1,50.0,52.6,52.6,2228,58.0,58.0,47.2,153,790520,51.668,2261,0,0,724.0,0.2,0,0,49.6,49.0,48.8,48.4,48.0,1,13,6,9,1,50.0,50.4,50.6,50.8,51.0,1,12,7,6,6,EXECUTABLE
MO2212-P-6800,20221206093250900,SG01,1,150.2,151.2,151.8,510,150.2,150.2,150.2,1,15020,150.2,511,0,0,822.6,0.2,0,0,147.0,146.8,146.0,145.4,145.2,12,3,14,4,6,151.2,151.8,153.0,153.2,153.4,3,6,10,13,12,EXECUTABLE
MO2212-P-7000,20221206093250900,SG01,1,314.0,311.0,314.0,127,0.0,0.0,0.0,0,0,314.0,127,0,0,982.4,0.2,0,0,306.4,305.8,305.6,305.4,304.0,6,3,6,10,6,312.2,313.6,313.8,314.4,314.8,6,6,8,9,12,EXECUTABLE
MO2212-P-7200,20221206093250900,SG01,1,493.8,507.6,493.8,111,0.0,0.0,0.0,0,0,493.8,111,0,0,1179.0,0.2,0,0,493.6,493.0,492.8,492.2,491.6,9,3,12,6,4,499.8,500.6,501.8,502.0,502.8,6,6,6,19,6,EXECUTABLE
MO2212-P-7400,20221206093250900,SG01,1,691.6,705.0,691.6,60,0.0,0.0,0.0,0,0,691.6,60,0,0,1376.4,33.6,0,0,688.4,688.2,688.0,687.0,686.8,4,15,6,12,6,696.4,697.8,698.0,698.2,698.6,6,6,6,10,8,EXECUTABLE
MO2212-P-7600,20221206093250900,SG01,1,919.0,904.2,919.0,44,0.0,0.0,0.0,0,0,919.0,44,0,0,1575.6,232.8,0,0,887.8,887.2,887.0,886.2,885.6,9,4,6,9,8,895.4,896.0,896.6,897.2,897.6,6,6,6,4,6,EXECUTABLE
MO2212-P-7800,20221206093250900,SG01,1,1297.4,1104.0,1297.4,81,0.0,0.0,0.0,0,0,1297.4,81,0,0,1775.4,432.6,0,0,1088.2,1087.4,1087.0,1085.6,1084.8,9,12,4,2,6,1095.6,1096.0,1096.8,1097.0,1097.2,6,6,6,4,6,EXECUTABLE
MO2303-C-6200,20221206093250900,SG01,1,476.2,549.4,476.2,219,0.0,0.0,0.0,0,0,476.2,219,0,0,1220.8,0.2,0,0,546.2,545.2,545.0,544.2,543.8,6,2,6,1,12,557.2,557.4,557.8,558.0,558.2,12,6,12,6,12,EXECUTABLE
MO2303-C-6400,20221206093250900,SG01,1,413.0,417.4,413.0,167,0.0,0.0,0.0,0,0,413.0,167,0,0,1088.8,0.2,0,0,413.4,412.4,411.8,411.6,411.0,6,2,2,6,36,424.4,424.6,424.8,425.0,425.8,10,6,24,6,6,EXECUTABLE
MO2303-C-6600,20221206093250900,SG01,1,310.0,311.6,310.0,138,0.0,0.0,0.0,0,0,310.0,138,0,0,983.0,0.2,0,0,305.6,303.4,303.2,302.8,302.2,7,12,12,12,6,315.2,315.4,315.6,315.8,316.0,6,24,18,6,10,EXECUTABLE
MO2303-C-6800,20221206093250900,SG01,1,224.2,224.2,224.2,217,0.0,0.0,0.0,0,0,224.2,217,0,0,895.6,0.2,0,0,217.8,217.2,217.0,216.8,216.4,1,12,18,6,6,227.4,227.6,228.0,228.2,228.4,6,40,12,6,12,EXECUTABLE
MO2303-C-7000,20221206093250900,SG01,1,153.8,155.6,153.8,366,0.0,0.0,0.0,0,0,153.8,366,0,0,827.0,0.2,0,0,151.0,150.8,150.6,150.2,150.0,1,6,6,30,18,159.6,159.8,160.0,160.6,161.0,22,24,24,6,12,EXECUTABLE
MO2303-C-7200,20221206093250900,SG01,1,107.4,107.2,107.4,190,0.0,0.0,0.0,0,0,107.4,190,0,0,778.6,0.2,0,0,103.2,102.6,102.4,102.2,102.0,6,25,12,30,12,108.8,109.0,109.2,109.4,109.6,4,12,48,19,9,EXECUTABLE
MO2303-C-7400,20221206093250900,SG01,1,70.6,69.8,70.6,254,0.0,0.0,0.0,0,0,70.6,254,0,0,741.2,0.2,0,0,67.6,67.2,67.0,66.8,66.6,10,30,36,6,3,73.6,74.0,74.2,74.6,74.8,22,6,24,27,12,EXECUTABLE
MO2303-C-7600,20221206093250900,SG01,1,48.2,47.4,48.2,405,0.0,0.0,0.0,0,0,48.2,405,0,0,718.8,0.2,0,0,45.6,45.4,45.0,44.8,44.4,6,6,36,21,10,48.4,48.6,48.8,49.0,49.2,6,4,21,36,6,EXECUTABLE
MO2303-C-7800,20221206093250900,SG01,1,33.2,32.0,33.2,497,0.0,0.0,0.0,0,0,33.2,497,0,0,703.4,0.2,0,0,30.8,30.6,30.4,30.2,30.0,4,12,18,18,27,33.8,34.0,34.2,34.4,34.6,6,27,30,6,4,EXECUTABLE
MO2303-P-6200,20221206093250900,SG01,1,128.8,121.2,128.8,122,0.0,0.0,0.0,0,0,128.8,122,0,0,792.6,0.2,0,0,121.6,119.6,119.4,118.8,118.6,1,10,12,24,6,126.6,126.8,127.0,127.2,127.4,6,6,12,12,30,EXECUTABLE
MO2303-P-6400,20221206093250900,SG01,1,197.2,188.8,197.2,137,0.0,0.0,0.0,0,0,197.2,137,0,0,860.2,0.2,0,0,187.0,185.0,184.8,184.6,184.4,1,28,24,18,12,194.8,195.2,195.4,195.6,196.0,12,1,1,12,42,EXECUTABLE
MO2303-P-6600,20221206093250900,SG01,1,290.8,279.8,290.8,141,0.0,0.0,0.0,0,0,290.8,141,0,0,951.2,0.2,0,0,274.0,273.8,273.4,273.2,272.8,12,4,24,6,12,285.4,285.6,285.8,286.0,286.2,1,6,6,36,13,EXECUTABLE
MO2303-P-6800,20221206093250900,SG01,1,407.2,389.2,407.2,97,0.0,0.0,0.0,0,0,407.2,97,0,0,1060.6,0.2,0,0,383.8,383.2,383.0,382.8,382.4,4,12,6,18,18,396.8,397.0,397.2,397.4,397.6,1,6,18,30,13,EXECUTABLE
MO2303-P-7000,20221206093250900,SG01,1,518.0,518.8,518.0,223,0.0,0.0,0.0,0,0,518.0,223,0,0,1190.2,0.2,0,0,514.6,514.4,513.6,513.2,512.4,6,6,16,12,24,529.2,529.4,529.8,530.2,530.8,7,12,7,24,12,EXECUTABLE
MO2303-P-7200,20221206093250900,SG01,1,666.4,669.6,666.4,55,0.0,0.0,0.0,0,0,666.4,55,0,0,1341.0,0.2,0,0,664.0,663.4,663.0,662.4,662.2,10,6,30,6,6,677.8,678.0,678.2,679.6,680.0,6,1,6,6,12,EXECUTABLE
MO2303-P-7400,20221206093250900,SG01,1,998.0,832.6,998.0,52,0.0,0.0,0.0,0,0,998.0,52,0,0,1504.0,161.2,0,0,828.4,828.2,828.0,826.8,825.8,6,12,12,24,4,841.6,843.6,844.6,845.6,846.4,6,2,12,24,24,EXECUTABLE
MO2303-P-7600,20221206093250900,SG01,1,1053.0,1009.2,1053.0,31,0.0,0.0,0.0,0,0,1053.0,31,0,0,1680.6,337.8,0,0,1001.8,1001.6,1001.4,1001.2,1001.0,6,12,18,10,6,1017.6,1017.8,1018.4,1019.6,1020.4,6,12,12,6,6,EXECUTABLE
MO2303-P-7800,20221206093250900,SG01,1,1251.0,1190.8,1251.0,54,0.0,0.0,0.0,0,0,1251.0,54,0,0,1862.2,519.4,0,0,1186.0,1185.2,1184.8,1184.4,1183.0,12,6,12,10,4,1199.6,1200.4,1202.2,1203.4,1203.6,6,6,12,24,6,EXECUTABLE
MO2306-C-6200,20221206093250900,SG01,1,582.6,578.6,582.6,108,0.0,0.0,0.0,0,0,582.6,108,0,0,1250.0,0.2,0,0,576.4,575.2,573.4,572.8,572.4,1,6,1,24,12,587.8,588.2,589.2,589.4,591.0,12,18,24,5,10,EXECUTABLE
MO2306-C-6400,20221206093250900,SG01,1,468.6,463.4,468.6,67,0.0,0.0,0.0,0,0,468.6,67,0,0,1134.8,0.2,0,0,461.0,460.8,460.6,459.8,459.0,1,5,7,18,24,475.4,476.0,476.6,477.4,478.2,6,24,10,6,12,EXECUTABLE
MO2306-C-6600,20221206093250900,SG01,1,375.6,368.8,375.8,118,375.6,375.6,375.6,1,37560,375.6,119,0,0,1040.2,0.2,0,0,375.6,367.6,367.2,367.0,366.2,1,6,12,12,12,379.0,380.4,380.8,381.4,381.6,16,6,35,6,6,EXECUTABLE
MO2306-C-6800,20221206093250900,SG01,1,294.2,294.2,294.2,208,0.0,0.0,0.0,0,0,294.2,208,0,0,965.6,0.2,0,0,286.0,285.8,285.0,284.2,283.0,6,1,7,18,24,298.2,298.4,299.4,299.6,300.2,6,1,36,12,6,EXECUTABLE
MO2306-C-7200,20221206093250900,SG01,1,183.2,171.6,183.2,210,0.0,0.0,0.0,0,0,183.2,210,0,0,843.0,0.2,0,0,168.4,168.0,167.8,167.6,166.6,1,18,12,13,6,177.2,178.4,178.8,179.0,179.2,1,6,18,5,36,EXECUTABLE
MO2306-C-7400,20221206093250900,SG01,1,129.2,128.2,129.2,419,0.0,0.0,0.0,0,0,129.2,419,0,0,799.6,0.2,0,0,126.6,126.4,125.8,125.6,125.4,1,6,6,12,34,132.2,136.2,136.4,136.6,137.0,1,6,12,46,14,EXECUTABLE
MO2306-C-7600,20221206093250900,SG01,1,101.2,99.2,101.2,357,0.0,0.0,0.0,0,0,101.2,357,0,0,770.6,0.2,0,0,98.2,97.6,97.2,97.0,96.8,6,6,24,12,15,104.2,104.4,104.8,105.0,105.2,27,18,15,12,12,EXECUTABLE
MO2306-C-7800,20221206093250900,SG01,1,72.4,76.2,72.4,489,0.0,0.0,0.0,0,0,72.4,489,0,0,747.6,0.2,0,0,74.4,73.6,73.4,73.2,73.0,6,6,17,22,24,79.8,80.2,80.4,80.6,80.8,1,12,28,24,27,EXECUTABLE
MO2306-P-6200,20221206093250900,SG01,1,263.0,261.4,263.0,264,0.0,0.0,0.0,0,0,263.0,264,0,0,932.8,0.2,0,0,259.2,257.2,257.0,256.4,256.2,1,5,31,30,6,269.0,269.4,269.6,270.6,271.2,1,6,31,23,12,EXECUTABLE
MO2306-P-6400,20221206093250900,SG01,1,353.6,344.6,353.6,243,0.0,0.0,0.0,0,0,353.6,243,0,0,1016.0,0.2,0,0,342.8,342.4,342.0,341.8,341.0,1,10,24,6,18,353.6,354.2,354.4,354.8,355.0,1,6,18,18,24,EXECUTABLE
MO2306-P-6600,20221206093250900,SG01,1,454.0,447.8,454.0,107,0.0,0.0,0.0,0,0,454.0,107,0,0,1119.2,0.2,0,0,443.0,442.0,441.2,440.8,440.6,6,24,11,6,16,455.2,455.4,455.8,457.0,457.6,1,1,12,23,18,EXECUTABLE
MO2306-P-6800,20221206093250900,SG01,1,564.4,564.4,564.4,73,0.0,0.0,0.0,0,0,564.4,73,0,0,1235.8,0.2,0,0,558.4,558.0,557.0,556.6,553.2,12,36,4,12,6,571.4,572.0,573.6,574.4,574.8,1,6,18,12,18,EXECUTABLE
MO2306-P-7000,20221206093250900,SG01,1,720.2,699.0,720.2,55,0.0,0.0,0.0,0,0,720.2,55,0,0,1370.4,27.6,0,0,689.0,688.4,688.2,687.2,687.0,12,18,18,12,5,703.6,704.2,704.4,706.2,706.8,1,1,6,18,24,EXECUTABLE
MO2306-P-7200,20221206093250900,SG01,1,1000.0,840.0,1000.0,44,0.0,0.0,0.0,0,0,1000.0,44,0,0,1511.4,168.6,0,0,834.8,833.8,833.4,832.0,828.6,4,12,18,30,6,852.6,852.8,853.0,853.6,853.8,6,1,5,18,24,EXECUTABLE
MO2306-P-7400,20221206093250900,SG01,1,1011.6,1004.2,1011.6,34,0.0,0.0,0.0,0,0,1011.6,34,0,0,1675.6,332.8,0,0,990.8,990.2,987.6,987.2,987.0,18,4,6,24,10,1008.8,1009.0,1009.4,1009.6,1009.8,1,6,13,17,16,EXECUTABLE
MO2306-P-7600,20221206093250900,SG01,1,1346.6,1161.8,1346.6,35,0.0,0.0,0.0,0,0,1346.6,35,0,0,1833.2,490.4,0,0,1156.2,1155.8,1154.0,1153.8,1153.2,10,6,6,16,6,1174.8,1175.0,1175.4,1175.8,1177.8,6,7,6,5,12,EXECUTABLE
MO2306-P-7800,20221206093250900,SG01,1,1394.4,1339.6,1394.4,53,0.0,0.0,0.0,0,0,1394.4,53,0,0,2011.0,668.2,0,0,1331.0,1330.0,1326.8,1326.4,1326.2,6,10,30,16,5,1348.8,1349.0,1352.0,1352.4,1355.0,6,6,6,12,34,EXECUTABLE
MO2212-P-8000,20221206093251400,SG01,1,1547.4,1304.0,1547.4,128,0.0,0.0,0.0,0,0,1547.4,128,0,0,1975.4,632.6,0,0,1286.6,1286.2,1285.8,1285.2,1283.8,3,4,16,6,6,1295.8,1296.0,1296.8,1298.4,1300.2,6,24,6,6,13,EXECUTABLE
MO2303-C-8000,20221206093251400,SG01,1,21.4,21.4,21.4,290,0.0,0.0,0.0,0,0,21.4,290,0,0,692.8,0.2,0,0,20.4,20.2,20.0,2.6,0.6,12,9,58,2,2,22.0,22.2,22.4,22.6,22.8,6,25,18,12,6,EXECUTABLE
MO2303-P-8000,20221206093251400,SG01,1,1536.0,1379.6,1536.0,90,0.0,0.0,0.0,0,0,1536.0,90,0,0,2051.0,708.2,0,0,1374.4,1372.6,1372.4,1370.6,1368.8,12,30,16,10,6,1386.8,1390.4,1390.8,1392.0,1393.0,6,6,18,18,10,EXECUTABLE
MO2306-P-8000,20221206093251400,SG01,1,1764.6,1518.4,1764.6,49,0.0,0.0,0.0,0,0,1764.6,49,0,0,2189.8,847.0,0,0,1510.8,1509.2,1508.0,1507.4,1507.2,4,6,6,18,22,1527.8,1529.0,1529.2,1529.8,1532.2,1,6,6,12,6,EXECUTABLE
MO2212-C-6500,20221206093251400,SG01,1,234.0,231.8,231.8,1035,228.0,240.4,228.0,19,437560,230.295,1038,0,0,903.2,0.2,0,0,232.2,232.0,231.8,231.0,230.8,6,12,2,10,6,237.0,237.2,237.6,237.8,238.0,6,4,6,8,10,EXECUTABLE
MO2212-C-6700,20221206093251400,SG01,1,98.2,99.0,99.0,2860,90.2,103.0,90.2,161,1570420,97.542,2877,0,0,770.4,0.2,0,0,100.2,98.6,98.4,98.2,97.8,9,24,9,16,3,101.0,101.2,101.4,101.6,102.2,2,4,6,4,22,EXECUTABLE
MO2212-C-6900,20221206093251400,SG01,1,32.8,33.4,33.4,2833,30.0,35.2,29.4,179,592980,33.127,2873,0,0,704.8,0.2,0,0,33.2,32.8,32.6,32.4,32.0,12,12,16,12,12,33.8,34.0,34.2,34.4,34.6,6,19,9,4,26,EXECUTABLE
MO2212-C-7100,20221206093251400,SG01,1,10.0,9.8,9.8,1316,8.6,10.6,8.6,111,110500,9.955,1294,0,0,681.2,0.2,0,0,9.8,9.6,9.4,8.8,8.6,30,31,3,2,1,10.2,10.4,10.6,16.6,18.2,31,18,10,1,40,EXECUTABLE
MO2212-P-5900,20221206093251400,SG01,1,1.0,1.2,1.2,1025,1.0,1.0,1.0,3,300,1.0,1023,0,0,672.6,0.2,0,0,1.0,0.8,0.6,0.0,0.0,1,58,9,0,0,1.2,1.4,1.6,0.0,0.0,32,37,7,0,0,EXECUTABLE
MO2212-P-6100,20221206093251400,SG01,1,1.4,2.0,2.0,1560,1.4,1.4,1.4,2,280,1.4,1560,0,0,673.4,0.2,0,0,1.4,1.2,0.8,0.2,0.0,66,4,24,2,0,1.8,2.0,2.2,3.0,0.0,23,44,7,1,0,EXECUTABLE
MO2212-P-6300,20221206093251400,SG01,1,5.6,6.0,6.0,2206,6.0,7.0,5.4,48,27040,5.633,2206,0,0,677.4,0.2,0,0,5.6,5.4,5.0,2.0,1.2,72,2,3,1,1,6.0,6.2,6.4,8.0,10.4,27,43,10,1,1,EXECUTABLE
MO2212-P-6500,20221206093251400,SG01,1,25.0,25.0,25.0,1729,28.0,28.2,23.4,142,359700,25.331,1722,0,0,696.4,0.2,0,0,24.8,24.6,24.4,24.2,24.0,10,1,6,38,11,25.0,25.2,25.4,25.6,25.8,1,15,5,4,6,EXECUTABLE
MO2212-P-6700,20221206093251400,SG01,1,90.0,95.6,95.6,3590,100.2,100.2,87.4,137,1252480,91.422,3586,0,0,767.0,0.2,0,0,88.6,88.4,88.2,88.0,87.8,6,2,6,7,6,89.6,90.4,91.4,91.6,92.0,9,6,6,18,4,EXECUTABLE
MO2212-P-6900,20221206093251400,SG01,1,228.8,227.0,227.0,196,228.8,228.8,228.8,1,22880,228.8,196,0,0,898.4,0.2,0,0,220.6,220.2,220.0,219.6,219.4,4,6,12,5,10,222.4,225.4,225.6,225.8,226.2,6,2,6,14,4,EXECUTABLE
MO2212-P-7100,20221206093251400,SG01,1,415.6,411.2,415.6,61,0.0,0.0,0.0,0,0,415.6,61,0,0,1082.6,0.2,0,0,397.0,396.8,396.4,395.4,394.6,3,16,4,6,6,404.0,404.4,404.6,405.0,405.8,16,6,2,6,6,EXECUTABLE
MO2309-C-5800,20221206093251400,SG01,1,871.8,871.8,871.8,129,0.0,0.0,0.0,0,0,871.8,129,0,0,1543.2,200.4,0,0,857.2,855.8,855.4,854.8,854.2,6,1,6,6,6,874.0,874.2,874.6,875.6,875.8,12,7,12,24,6,EXECUTABLE
MO2309-C-6000,20221206093251400,SG01,1,740.8,732.4,740.8,132,0.0,0.0,0.0,0,0,740.8,132,0,0,1403.8,61.0,0,0,734.2,728.6,726.4,726.0,725.8,1,1,17,6,12,745.6,745.8,746.4,746.6,746.8,6,2,11,24,15,EXECUTABLE
MO2309-C-6200,20221206093251400,SG01,1,609.0,615.2,609.0,149,0.0,0.0,0.0,0,0,609.0,149,0,0,1286.6,0.2,0,0,614.4,613.6,610.8,610.6,609.0,1,1,11,42,9,628.0,628.2,630.6,631.0,631.8,8,6,5,30,12,EXECUTABLE
MO2309-C-6400,20221206093251400,SG01,1,549.0,509.2,549.0,157,0.0,0.0,0.0,0,0,549.0,157,0,0,1180.6,0.2,0,0,510.6,510.0,509.8,509.6,508.2,1,6,1,11,12,523.6,524.8,525.0,525.4,526.8,8,29,12,9,6,EXECUTABLE
MO2309-C-6600,20221206093251400,SG01,1,427.0,419.8,427.0,170,0.0,0.0,0.0,0,0,427.0,170,0,0,1091.2,0.2,0,0,422.4,419.6,419.4,419.2,418.4,1,6,6,1,11,431.8,432.8,433.4,434.8,435.0,2,3,17,30,24,EXECUTABLE
MO2309-C-6800,20221206093251400,SG01,1,346.0,340.6,346.0,139,0.0,0.0,0.0,0,0,346.0,139,0,0,1012.0,0.2,0,0,342.2,341.2,341.0,340.6,339.6,1,6,1,9,35,353.2,353.6,353.8,354.2,354.6,2,11,6,6,21,EXECUTABLE
MO2309-P-5800,20221206093251400,SG01,1,226.0,234.4,226.0,79,0.0,0.0,0.0,0,0,226.0,79,0,0,905.8,0.2,0,0,229.8,229.0,228.4,227.8,227.2,1,2,24,41,12,237.4,238.4,238.6,238.8,239.0,1,6,3,11,42,EXECUTABLE
MO2309-P-6000,20221206093251400,SG01,1,312.6,299.6,312.6,48,0.0,0.0,0.0,0,0,312.6,48,0,0,971.0,0.2,0,0,294.8,293.2,291.6,291.2,291.0,3,12,5,42,15,306.4,306.8,307.2,308.6,309.4,6,13,3,29,18,EXECUTABLE
MO2309-P-6200,20221206093251400,SG01,1,375.0,379.0,375.0,123,0.0,0.0,0.0,0,0,375.0,123,0,0,1050.4,0.2,0,0,373.4,372.2,371.8,371.0,370.8,8,6,36,6,12,384.8,385.2,386.0,386.4,386.8,1,3,6,11,36,EXECUTABLE
MO2309-P-6400,20221206093251400,SG01,1,480.8,472.4,480.8,82,0.0,0.0,0.0,0,0,480.8,82,0,0,1143.8,0.2,0,0,465.0,464.6,464.4,464.2,464.0,1,2,6,23,36,478.4,478.8,479.2,480.8,481.2,1,5,6,24,36,EXECUTABLE
MO2309-P-6600,20221206093251400,SG01,1,578.4,577.0,578.4,46,0.0,0.0,0.0,0,0,578.4,46,0,0,1248.4,0.2,0,0,569.0,568.4,566.8,566.4,565.2,2,29,24,6,3,581.8,584.6,584.8,585.8,586.4,1,6,3,6,11,EXECUTABLE
MO2309-P-6800,20221206093251400,SG01,1,675.8,691.0,675.8,36,0.0,0.0,0.0,0,0,675.8,36,0,0,1362.4,19.6,0,0,686.2,685.8,684.0,683.4,683.2,8,6,18,17,18,700.0,702.8,704.2,704.8,705.0,1,12,3,29,12,EXECUTABLE
MO2309-P-7000,20221206093251400,SG01,1,818.6,825.4,818.6,47,0.0,0.0,0.0,0,0,818.6,47,0,0,1496.8,154.0,0,0,815.4,815.0,813.0,812.4,811.8,6,13,24,12,9,828.8,833.6,835.8,836.0,837.0,1,12,3,29,18,EXECUTABLE
MO2212-C-5700,20221206093251400,SG01,1,1015.2,996.2,1015.2,53,0.0,0.0,0.0,0,0,1015.2,53,0,0,1667.6,324.8,0,0,1004.8,1004.2,1004.0,1002.6,1001.6,6,6,10,8,9,1013.0,1013.2,1013.6,1015.2,1015.4,6,3,26,6,6,EXECUTABLE
MO2303-C-5600,20221206093251400,SG01,1,1052.0,1050.4,1052.0,66,0.0,0.0,0.0,0,0,1052.0,66,0,0,1721.8,379.0,0,0,1045.0,1041.8,1040.2,1039.2,1038.8,6,18,24,18,4,1057.0,1057.4,1058.0,1058.2,1058.8,6,24,16,12,6,EXECUTABLE
MO2306-C-5600,20221206093251400,SG01,1,999.6,1010.8,999.6,32,0.0,0.0,0.0,0,0,999.6,32,0,0,1682.2,339.4,0,0,1003.4,1000.6,1000.2,1000.0,999.6,6,6,5,36,7,1020.6,1022.4,1022.8,1023.4,1024.4,10,18,24,6,11,EXECUTABLE
MO2309-C-5600,20221206093251400,SG01,1,934.4,1008.8,934.4,116,0.0,0.0,0.0,0,0,934.4,116,0,0,1680.2,337.4,0,0,1001.0,999.4,996.8,996.4,996.2,1,6,18,8,30,1019.4,1019.6,1020.2,1021.0,1021.2,6,2,18,3,33,EXECUTABLE
MO2212-C-5600,20221206093251400,SG01,1,1116.8,1096.0,1116.8,48,0.0,0.0,0.0,0,0,1116.8,48,0,0,1767.4,424.6,0,0,1103.8,1103.4,1103.2,1102.2,1101.8,6,6,14,4,9,1112.6,1113.4,1113.8,1114.0,1114.4,6,4,3,6,16,EXECUTABLE
MO2303-P-8200,20221206093251400,SG01,1,1571.8,1590.6,1571.8,103,0.0,0.0,0.0,0,0,1571.8,103,0,0,2262.0,919.2,0,0,1564.0,1563.8,1562.8,1561.8,1560.8,6,12,16,6,6,1578.4,1582.0,1582.4,1583.2,1583.6,6,6,18,24,4,EXECUTABLE
MO2306-P-8200,20221206093251400,SG01,1,1802.8,1703.8,1802.8,42,0.0,0.0,0.0,0,0,1802.8,42,0,0,2375.2,1032.4,0,0,1695.2,1693.0,1692.4,1692.2,1691.2,4,6,12,6,24,1713.2,1713.4,1713.6,1716.6,1717.0,6,6,6,6,24,EXECUTABLE
MO2212-C-5800,20221206093251400,SG01,1,917.6,896.4,917.6,34,0.0,0.0,0.0,0,0,917.6,34,0,0,1567.8,225.0,0,0,905.0,904.8,904.6,903.2,902.8,6,6,10,8,3,913.6,913.8,914.0,914.4,914.6,6,6,4,9,10,EXECUTABLE
MO2212-P-5800,20221206093251400,SG01,1,1.0,1.0,1.0,516,0.0,0.0,0.0,0,0,1.0,516,0,0,672.4,0.2,0,0,0.6,0.4,0.0,0.0,0.0,56,11,0,0,0,1.0,1.2,1.4,0.0,0.0,29,36,1,0,0,EXECUTABLE
MO2303-C-5800,20221206093251400,SG01,1,876.0,871.0,876.0,101,0.0,0.0,0.0,0,0,876.0,101,0,0,1542.4,199.6,0,0,865.4,862.6,861.0,860.6,860.0,6,6,12,24,24,877.8,878.2,878.6,880.0,880.2,18,12,18,12,10,EXECUTABLE
MO2303-P-5800,20221206093251400,SG01,1,47.8,45.6,49.4,195,47.8,47.8,47.8,2,9560,47.8,195,0,0,717.0,0.2,0,0,44.6,44.4,44.2,44.0,43.8,10,12,12,16,18,47.2,47.8,48.0,48.2,48.4,6,54,15,6,4,EXECUTABLE
MO2306-C-5800,20221206093251400,SG01,1,898.0,849.4,898.0,100,0.0,0.0,0.0,0,0,898.0,100,0,0,1520.8,178.0,0,0,846.2,844.4,844.2,843.4,843.0,6,6,1,6,31,864.8,866.0,866.4,866.8,867.0,4,12,30,6,11,EXECUTABLE
MO2212-C-6000,20221206093251400,SG01,1,708.6,697.4,708.6,58,0.0,0.0,0.0,0,0,708.6,58,0,0,1368.8,26.0,0,0,706.6,706.0,705.8,705.2,704.4,2,6,16,2,6,714.0,714.6,715.4,715.6,716.0,13,16,6,2,6,EXECUTABLE
MO2212-P-6000,20221206093251400,SG01,1,1.4,1.4,1.4,1401,0.0,0.0,0.0,0,0,1.4,1401,0,0,672.8,0.2,0,0,1.0,0.8,0.0,0.0,0.0,60,8,0,0,0,1.4,1.6,1.8,2.2,2.8,4,63,9,1,1,EXECUTABLE
MO2303-C-6000,20221206093251400,SG01,1,703.0,701.8,703.0,120,0.0,0.0,0.0,0,0,703.0,120,0,0,1373.2,30.4,0,0,697.6,695.2,694.8,694.0,693.0,6,6,12,24,12,710.8,711.6,711.8,712.4,712.6,6,36,12,6,6,EXECUTABLE
MO2303-P-6000,20221206093251400,SG01,1,77.2,74.8,77.2,181,0.0,0.0,0.0,0,0,77.2,181,0,0,746.2,0.2,0,0,75.0,74.4,74.0,73.8,73.6,1,4,36,12,24,79.2,79.4,79.8,80.0,80.2,6,12,12,16,48,EXECUTABLE
MO2306-C-6000,20221206093251400,SG01,1,708.0,705.8,708.0,123,0.0,0.0,0.0,0,0,708.0,123,0,0,1377.2,34.4,0,0,702.8,702.4,701.8,701.4,701.2,1,7,6,24,30,719.2,720.0,720.2,720.4,720.6,10,6,18,24,6,EXECUTABLE
MO2306-P-6000,20221206093251400,SG01,1,194.6,194.6,194.6,112,0.0,0.0,0.0,0,0,194.6,112,0,0,866.0,0.2,0,0,192.2,191.0,190.8,190.6,189.8,1,10,36,24,9,201.0,201.8,202.0,202.2,202.8,7,5,1,24,36,EXECUTABLE
MO2212-C-5900,20221206093251400,SG01,1,796.2,805.0,796.2,45,0.0,0.0,0.0,0,0,796.2,45,0,0,1476.4,133.6,0,0,806.0,805.4,805.2,805.0,803.2,2,12,16,2,3,813.2,813.6,813.8,814.2,815.2,6,7,16,6,6,EXECUTABLE
MO2212-C-6100,20221206093251400,SG01,1,594.0,598.4,594.0,107,0.0,0.0,0.0,0,0,594.0,107,0,0,1269.8,0.2,0,0,607.6,607.0,606.8,606.6,605.4,2,6,6,10,8,614.2,614.4,614.6,615.2,615.8,6,6,4,3,12,EXECUTABLE
MO2212-C-6300,20221206093251400,SG01,1,401.0,411.0,401.0,204,0.0,0.0,0.0,0,0,401.0,204,0,0,1082.4,0.2,0,0,414.4,412.2,411.6,411.4,411.2,6,2,6,12,8,418.4,418.8,419.6,419.8,420.0,4,15,13,6,8,EXECUTABLE
MO2212-C-5500,20221206093251400,SG01,1,1196.0,1195.8,1196.0,42,0.0,0.0,0.0,0,0,1196.0,42,0,0,1867.2,524.4,0,0,1203.4,1203.2,1203.0,1201.8,1201.4,6,18,6,4,10,1212.0,1213.0,1213.2,1215.2,1215.6,6,7,16,12,6,EXECUTABLE
MO2303-C-5400,20221206093251400,SG01,1,1236.0,1238.8,1236.0,37,0.0,0.0,0.0,0,0,1236.0,37,0,0,1910.2,567.4,0,0,1232.6,1229.4,1228.6,1228.4,1228.0,6,6,6,18,22,1243.4,1244.0,1244.6,1245.4,1245.8,6,18,18,16,6,EXECUTABLE
MO2303-P-5400,20221206093251400,SG01,1,15.4,15.4,15.4,138,0.0,0.0,0.0,0,0,15.4,138,0,0,686.8,0.2,0,0,15.4,15.0,14.8,14.6,14.2,1,12,10,69,6,15.8,16.0,16.2,16.4,16.6,6,12,6,11,63,EXECUTABLE
MO2306-C-5400,20221206093251400,SG01,1,1115.0,1187.8,1115.0,46,0.0,0.0,0.0,0,0,1115.0,46,0,0,1859.2,516.4,0,0,1170.6,1170.0,1169.8,1169.4,1167.0,6,6,18,19,4,1186.6,1187.4,1188.4,1188.6,1189.4,4,6,12,18,10,EXECUTABLE
MO2309-C-5400,20221206093251400,SG01,1,1161.0,1161.6,1161.0,92,0.0,0.0,0.0,0,0,1161.0,92,0,0,1833.0,490.2,0,0,1152.2,1149.4,1148.8,1148.6,1146.8,6,6,11,20,13,1172.8,1173.0,1173.2,1174.0,1176.2,6,2,11,24,10,EXECUTABLE
MO2212-C-7500,20221206093251400,SG01,1,1.2,1.2,1.2,211,0.0,0.0,0.0,0,0,1.2,211,0,0,672.6,0.2,0,0,1.2,1.0,0.0,0.0,0.0,56,9,0,0,0,1.6,1.8,2.0,2.2,2.8,37,24,7,1,1,EXECUTABLE
MO2212-P-7500,20221206093251400,SG01,1,913.0,804.4,913.0,13,0.0,0.0,0.0,0,0,913.0,13,0,0,1475.8,133.0,0,0,787.6,787.2,786.2,786.0,785.8,4,6,3,22,6,795.2,796.0,797.0,797.2,797.4,6,10,6,6,8,EXECUTABLE
MO2301-C-7500,20221206093251400,SG01,1,13.6,14.4,13.6,273,12.8,13.6,12.8,4,5240,13.1,275,0,0,685.8,0.2,0,0,13.6,13.4,13.2,13.0,12.8,6,4,33,39,6,14.6,14.8,15.0,15.2,18.2,10,18,39,15,1,EXECUTABLE
MO2301-P-7500,20221206093251400,SG01,1,837.2,823.8,837.2,13,0.0,0.0,0.0,0,0,837.2,13,0,0,1495.2,152.4,0,0,818.2,817.8,816.2,816.0,814.8,6,15,6,22,6,827.6,827.8,829.2,830.0,830.2,6,18,4,6,6,EXECUTABLE
MO2309-C-7600,20221206093251400,SG01,1,139.2,141.6,141.6,195,139.2,139.2,139.2,1,13920,139.2,195,0,0,813.0,0.2,0,0,137.8,137.2,137.0,136.0,135.8,1,6,3,18,47,143.0,145.6,146.0,146.2,146.6,1,5,54,12,8,EXECUTABLE
MO2309-P-7600,20221206093251400,SG01,1,1273.4,1274.0,1273.4,13,0.0,0.0,0.0,0,0,1273.4,13,0,0,1945.4,602.6,0,0,1260.0,1259.8,1259.2,1259.0,1255.4,6,2,11,24,19,1282.2,1282.8,1285.2,1285.4,1285.6,1,1,5,30,28,EXECUTABLE
MO2212-C-5300,20221206093251400,SG01,1,1367.0,1406.0,1367.0,39,0.0,0.0,0.0,0,0,1367.0,39,0,0,2077.4,734.6,0,0,1402.6,1402.4,1402.0,1400.2,1398.8,12,18,6,6,19,1412.0,1412.2,1412.8,1413.4,1414.0,3,6,4,6,16,EXECUTABLE
MO2212-C-5400,20221206093251400,SG01,1,1266.2,1306.2,1266.2,41,0.0,0.0,0.0,0,0,1266.2,41,0,0,1977.6,634.8,0,0,1303.0,1301.8,1301.6,1301.4,1300.4,6,6,16,6,9,1311.8,1312.6,1313.0,1313.6,1313.8,3,6,4,6,4,EXECUTABLE
MO2212-P-5400,20221206093251400,SG01,1,0.8,0.8,0.8,296,0.0,0.0,0.0,0,0,0.8,296,0,0,672.2,0.2,0,0,0.6,0.4,0.0,0.0,0.0,30,40,0,0,0,0.8,1.0,1.2,0.0,0.0,16,37,6,0,0,EXECUTABLE
MO2303-C-5200,20221206093251400,SG01,1,1452.4,1429.6,1452.4,32,0.0,0.0,0.0,0,0,1452.4,32,0,0,2101.0,758.2,0,0,1424.6,1421.2,1420.0,1419.6,1419.2,6,6,12,18,16,1435.8,1436.6,1437.0,1437.6,1438.0,12,12,12,22,6,EXECUTABLE
MO2306-C-5200,20221206093251400,SG01,1,1236.6,1355.4,1236.6,34,0.0,0.0,0.0,0,0,1236.6,34,0,0,2026.8,684.0,0,0,1348.4,1346.8,1346.6,1344.8,1344.0,1,6,6,18,6,1366.0,1367.2,1367.6,1368.0,1370.0,12,34,11,16,6,EXECUTABLE
MO2309-C-5200,20221206093251400,SG01,1,1330.2,1330.2,1330.2,99,0.0,0.0,0.0,0,0,1330.2,99,0,0,2001.6,658.8,0,0,1312.4,1311.8,1311.4,1309.8,1308.0,6,13,6,24,19,1329.8,1332.8,1333.4,1334.6,1334.8,2,23,18,19,6,EXECUTABLE
MO2301-C-5600,20221206093251400,SG01,1,903.0,1089.2,903.0,38,0.0,0.0,0.0,0,0,903.0,38,0,0,1760.6,417.8,0,0,1085.4,1085.2,1084.0,1083.6,1083.2,6,18,4,6,6,1095.4,1095.6,1096.0,1096.2,1096.4,9,18,6,6,12,EXECUTABLE
MO2301-C-7400,20221206093251400,SG01,1,18.8,20.4,20.4,232,18.8,18.8,18.8,1,1880,18.8,232,0,0,691.8,0.2,0,0,19.2,19.0,18.8,18.6,18.2,6,16,27,21,1,20.4,20.6,20.8,21.0,21.2,6,25,21,6,6,EXECUTABLE
MO2301-C-5700,20221206093251400,SG01,1,968.2,993.2,968.2,8,0.0,0.0,0.0,0,0,968.2,8,0,0,1664.6,321.8,0,0,987.8,987.6,986.2,986.0,985.4,6,18,4,6,6,997.8,998.4,998.6,999.4,999.6,6,6,6,9,6,EXECUTABLE
MO2301-C-5800,20221206093251400,SG01,1,918.0,883.6,918.0,23,0.0,0.0,0.0,0,0,918.0,23,0,0,1555.0,212.2,0,0,890.8,890.6,889.4,889.2,888.4,6,20,6,4,6,900.0,901.6,902.0,902.6,902.8,6,21,6,6,6,EXECUTABLE
MO2301-C-5900,20221206093251400,SG01,1,805.4,788.0,805.4,29,0.0,0.0,0.0,0,0,805.4,29,0,0,1459.4,116.6,0,0,795.4,794.0,793.6,793.0,792.8,6,6,4,12,12,805.2,805.6,806.4,806.6,807.0,12,15,6,12,4,EXECUTABLE
MO2301-C-6000,20221206093251400,SG01,1,718.8,704.8,718.8,36,0.0,0.0,0.0,0,0,718.8,36,0,0,1376.2,33.4,0,0,700.2,700.0,699.8,698.4,698.2,6,16,6,7,1,710.6,711.0,711.2,711.6,712.4,6,9,6,6,12,EXECUTABLE
MO2301-C-6100,20221206093251400,SG01,1,626.8,612.8,626.8,21,0.0,0.0,0.0,0,0,626.8,21,0,0,1284.2,0.2,0,0,610.0,609.8,609.2,609.0,608.2,6,20,6,4,1,619.2,619.6,620.4,621.4,621.6,6,6,15,6,12,EXECUTABLE
MO2301-C-6200,20221206093251400,SG01,1,520.0,525.4,520.0,47,0.0,0.0,0.0,0,0,520.0,47,0,0,1196.8,0.2,0,0,521.2,521.0,520.0,519.0,518.8,16,13,6,6,30,531.2,531.8,532.0,532.2,533.4,12,15,3,12,4,EXECUTABLE
MO2301-C-6300,20221206093251400,SG01,1,439.0,442.2,439.0,94,0.0,0.0,0.0,0,0,439.0,94,0,0,1113.6,0.2,0,0,441.2,441.0,440.2,439.4,438.6,6,7,6,6,12,446.8,447.0,447.2,448.6,449.8,6,6,15,12,4,EXECUTABLE
MO2301-C-6400,20221206093251400,SG01,1,366.8,365.0,363.0,82,366.8,366.8,366.8,1,36680,366.8,82,0,0,1036.4,0.2,0,0,365.0,363.8,363.4,362.8,362.2,1,24,12,9,6,369.0,369.2,370.0,371.6,372.4,6,6,15,6,16,EXECUTABLE
MO2301-C-6500,20221206093251400,SG01,1,297.6,293.0,288.0,191,296.0,297.6,296.0,2,59360,296.8,192,0,0,964.4,0.2,0,0,297.6,295.2,294.6,294.4,294.2,6,13,12,15,6,299.4,300.0,300.2,300.6,302.2,6,6,15,6,6,EXECUTABLE
MO2301-C-6600,20221206093251400,SG01,1,237.0,236.8,236.8,254,241.4,241.4,236.0,3,71440,238.133,254,0,0,908.2,0.2,0,0,236.6,234.6,234.4,234.2,233.6,6,7,6,12,9,238.6,239.0,240.8,241.6,241.8,6,12,15,10,6,EXECUTABLE
MO2301-C-6700,20221206093251400,SG01,1,180.0,186.4,186.4,451,180.0,180.0,180.0,5,90000,180.0,446,0,0,857.8,0.2,0,0,183.0,182.4,182.2,182.0,181.8,6,12,1,6,12,186.6,188.0,188.2,188.4,189.2,18,6,21,13,6,EXECUTABLE
MO2301-C-6800,20221206093251400,SG01,1,140.6,141.2,140.6,277,0.0,0.0,0.0,0,0,140.6,277,0,0,812.6,0.2,0,0,140.4,139.4,138.6,138.4,137.8,6,12,1,15,16,142.0,142.6,143.4,143.6,144.0,6,12,15,15,4,EXECUTABLE
MO2301-C-6900,20221206093251400,SG01,1,106.6,106.6,106.6,193,0.0,0.0,0.0,0,0,106.6,193,0,0,778.0,0.2,0,0,103.8,103.4,103.0,102.8,102.4,6,6,6,6,10,106.2,106.6,106.8,107.2,107.4,6,6,21,9,10,EXECUTABLE
MO2301-C-7000,20221206093251400,SG01,1,78.0,78.0,78.0,274,0.0,0.0,0.0,0,0,78.0,274,0,0,749.4,0.2,0,0,76.6,76.2,75.8,75.2,75.0,6,4,18,6,1,78.0,78.2,78.4,78.6,78.8,6,6,6,9,6,EXECUTABLE
MO2301-C-7100,20221206093251400,SG01,1,56.4,56.4,56.4,345,0.0,0.0,0.0,0,0,56.4,345,0,0,727.8,0.2,0,0,54.4,54.0,53.6,53.4,53.2,13,4,12,9,27,56.4,56.6,56.8,57.2,57.4,6,12,15,10,3,EXECUTABLE
MO2301-P-5700,20221206093251400,SG01,1,7.6,7.6,7.6,145,7.6,7.6,7.6,1,760,7.6,146,0,0,679.0,0.2,0,0,7.0,6.8,6.6,5.4,0.6,12,52,6,1,2,7.6,7.8,8.0,9.8,0.0,16,48,6,1,0,EXECUTABLE
MO2301-P-5800,20221206093251400,SG01,1,11.6,10.2,10.2,276,10.8,11.6,10.8,6,6880,11.467,282,0,0,681.6,0.2,0,0,9.8,9.6,9.4,9.0,8.8,6,40,18,6,2,10.4,10.6,10.8,12.8,0.0,34,30,6,1,0,EXECUTABLE
MO2301-P-5900,20221206093251400,SG01,1,14.6,14.6,14.6,248,0.0,0.0,0.0,0,0,14.6,248,0,0,686.0,0.2,0,0,13.2,13.0,12.8,12.6,12.4,6,34,39,3,1,14.4,14.6,14.8,15.0,15.6,16,15,39,18,1,EXECUTABLE
MO2301-P-6000,20221206093251400,SG01,1,20.8,20.4,20.4,496,20.0,20.8,20.0,23,46980,20.426,514,0,0,691.8,0.2,0,0,19.2,19.0,18.8,18.2,16.2,25,45,6,1,1,20.6,20.8,21.0,21.2,24.0,22,6,51,9,1,EXECUTABLE
MO2301-P-6100,20221206093251400,SG01,1,29.2,28.6,29.2,590,0.0,0.0,0.0,0,0,29.2,590,0,0,700.0,0.2,0,0,27.8,27.6,27.4,27.2,27.0,6,6,10,27,18,29.2,29.4,29.8,30.2,30.4,10,6,12,15,36,EXECUTABLE
MO2301-P-6200,20221206093251400,SG01,1,39.4,40.0,40.0,432,44.2,44.2,39.4,3,12300,41.0,433,0,0,711.4,0.2,0,0,38.4,38.2,38.0,37.8,37.6,21,33,3,12,6,40.8,41.0,41.4,41.6,41.8,16,6,12,33,15,EXECUTABLE
MO2301-P-6300,20221206093251400,SG01,1,57.6,57.6,57.6,398,0.0,0.0,0.0,0,0,57.6,398,0,0,729.0,0.2,0,0,55.4,55.2,55.0,54.8,54.6,6,21,6,13,6,57.6,58.0,58.4,58.6,58.8,6,10,18,6,24,EXECUTABLE
MO2301-P-6400,20221206093251400,SG01,1,76.0,78.6,77.4,839,76.4,76.4,76.0,5,38040,76.08,839,0,0,750.0,0.2,0,0,76.8,76.6,76.4,76.0,75.8,9,6,12,18,6,79.2,79.4,79.8,80.0,80.6,6,4,6,12,24,EXECUTABLE
MO2301-P-6500,20221206093251400,SG01,1,110.0,110.4,110.0,540,0.0,0.0,0.0,0,0,110.0,540,0,0,781.8,0.2,0,0,107.8,107.4,107.2,107.0,106.8,12,6,9,6,10,110.6,111.6,111.8,112.0,112.6,6,6,4,18,21,EXECUTABLE
MO2301-P-6600,20221206093251400,SG01,1,147.8,147.8,147.8,311,0.0,0.0,0.0,0,0,147.8,311,0,0,819.2,0.2,0,0,146.6,145.6,145.0,144.6,144.2,12,9,10,6,6,149.2,149.8,150.4,151.0,151.2,6,6,6,12,4,EXECUTABLE
MO2301-P-6700,20221206093251400,SG01,1,196.8,197.8,196.8,150,0.0,0.0,0.0,0,0,196.8,150,0,0,869.2,0.2,0,0,192.6,191.8,191.4,191.2,190.8,6,6,16,6,6,196.4,197.2,197.8,198.6,198.8,6,6,6,12,4,EXECUTABLE
MO2301-P-6800,20221206093251400,SG01,1,254.2,253.0,253.0,94,254.2,254.2,254.2,4,101680,254.2,91,0,0,924.4,0.2,0,0,249.2,249.0,248.8,248.6,246.2,6,6,15,9,18,253.0,253.8,254.0,254.4,254.8,6,4,6,1,6,EXECUTABLE
MO2301-P-6900,20221206093251400,SG01,1,319.8,319.8,319.8,48,0.0,0.0,0.0,0,0,319.8,48,0,0,991.2,0.2,0,0,312.4,311.8,311.6,310.6,309.8,6,3,6,10,18,320.4,320.6,320.8,321.4,321.6,6,6,12,1,12,EXECUTABLE
MO2301-P-7000,20221206093251400,SG01,1,389.6,389.6,389.6,39,0.0,0.0,0.0,0,0,389.6,39,0,0,1061.0,0.2,0,0,382.8,382.6,382.4,382.0,380.8,6,12,18,4,6,393.0,393.2,393.6,393.8,394.0,6,16,6,1,24,EXECUTABLE
MO2301-P-7100,20221206093251400,SG01,1,478.2,468.4,478.2,15,0.0,0.0,0.0,0,0,478.2,15,0,0,1139.8,0.2,0,0,461.4,459.8,459.6,459.4,458.2,6,16,15,6,12,471.2,471.4,472.2,472.8,473.2,6,10,6,13,3,EXECUTABLE
MO2301-C-7200,20221206093251400,SG01,1,41.6,40.6,40.2,254,41.6,41.6,41.6,1,4160,41.6,255,0,0,712.0,0.2,0,0,39.4,38.8,38.6,38.4,38.2,6,16,6,36,6,41.0,41.2,41.4,41.8,42.0,6,10,6,18,6,EXECUTABLE
MO2301-P-7200,20221206093251400,SG01,1,562.2,550.8,562.2,44,0.0,0.0,0.0,0,0,562.2,44,0,0,1222.2,0.2,0,0,543.6,543.0,542.8,542.0,541.8,6,13,30,6,6,554.8,555.0,555.2,555.8,556.2,6,6,4,6,12,EXECUTABLE
MO2212-C-7300,20221206093251400,SG01,1,3.2,3.0,3.0,780,3.2,3.2,3.2,3,960,3.2,783,0,0,674.4,0.2,0,0,3.2,3.0,2.8,2.6,1.8,6,24,25,7,40,3.4,3.6,3.8,6.0,0.0,35,23,1,1,0,EXECUTABLE
MO2212-P-7300,20221206093251400,SG01,1,586.4,605.8,586.4,24,0.0,0.0,0.0,0,0,586.4,24,0,0,1277.2,0.2,0,0,589.4,588.6,588.4,588.2,587.8,4,6,9,12,4,597.0,597.6,597.8,598.6,599.0,6,10,2,6,6,EXECUTABLE
MO2301-C-7300,20221206093251400,SG01,1,28.0,28.4,28.0,140,0.0,0.0,0.0,0,0,28.0,140,0,0,699.8,0.2,0,0,27.2,27.0,26.8,26.6,26.4,6,13,12,30,27,28.8,29.4,29.6,30.0,30.2,6,31,24,15,6,EXECUTABLE
MO2301-P-7300,20221206093251400,SG01,1,642.2,639.0,642.2,10,0.0,0.0,0.0,0,0,642.2,10,0,0,1310.4,0.2,0,0,632.0,631.8,631.6,631.2,629.8,6,21,24,4,6,642.6,642.8,643.8,644.2,644.6,6,12,4,6,6,EXECUTABLE
MO2309-P-7400,20221206093251400,SG01,1,1132.4,1117.6,1132.4,44,0.0,0.0,0.0,0,0,1132.4,44,0,0,1789.0,446.2,0,0,1101.4,1101.2,1100.8,1100.6,1097.2,8,1,5,18,22,1125.6,1126.4,1127.0,1128.4,1128.8,7,1,17,3,46,EXECUTABLE
MO2301-P-7400,20221206093251400,SG01,1,742.2,734.4,742.2,29,0.0,0.0,0.0,0,0,742.2,29,0,0,1405.8,63.0,0,0,724.2,723.8,722.6,722.4,722.2,6,6,21,6,4,734.4,735.0,735.2,735.4,735.6,2,6,6,4,6,EXECUTABLE
MO2302-C-5900,20221206093251400,SG01,1,776.6,792.6,776.6,4,0.0,0.0,0.0,0,0,776.6,4,0,0,1464.0,121.2,0,0,791.2,791.0,788.4,787.2,786.4,6,6,18,18,12,803.4,804.6,804.8,805.8,806.2,10,6,12,6,18,EXECUTABLE
MO2302-C-6000,20221206093251400,SG01,1,475.4,705.6,475.4,9,0.0,0.0,0.0,0,0,475.4,9,0,0,1377.0,34.2,0,0,702.4,702.2,699.8,699.4,698.6,6,6,6,48,12,715.4,717.2,717.4,717.6,717.8,6,10,18,18,18,EXECUTABLE
MO2302-C-6100,20221206093251400,SG01,1,500.0,621.6,500.0,2,0.0,0.0,0.0,0,0,500.0,2,0,0,1293.0,0.2,0,0,618.2,618.0,617.0,614.0,613.8,6,12,12,12,36,631.2,632.6,632.8,633.2,633.4,6,16,6,12,12,EXECUTABLE
MO2302-C-6200,20221206093251400,SG01,1,479.6,542.4,479.6,4,0.0,0.0,0.0,0,0,479.6,4,0,0,1213.8,0.2,0,0,539.0,537.2,536.6,535.8,535.6,6,6,12,19,6,551.2,553.2,553.4,553.8,555.0,12,4,30,13,6,EXECUTABLE
MO2302-C-6300,20221206093251400,SG01,1,471.0,465.0,471.0,7,0.0,0.0,0.0,0,0,471.0,7,0,0,1136.4,0.2,0,0,462.8,462.4,462.0,461.8,460.8,12,6,6,7,42,476.4,476.6,478.6,478.8,479.0,6,16,6,30,30,EXECUTABLE
MO2302-C-6400,20221206093251400,SG01,1,327.8,396.4,327.8,30,0.0,0.0,0.0,0,0,327.8,30,0,0,1067.8,0.2,0,0,393.4,393.2,393.0,392.8,392.4,6,18,1,1,24,404.4,405.2,407.0,407.6,408.8,1,4,6,30,19,EXECUTABLE
MO2302-C-6500,20221206093251400,SG01,1,334.4,334.0,334.4,116,0.0,0.0,0.0,0,0,334.4,116,0,0,1005.4,0.2,0,0,332.2,330.6,330.4,329.8,329.4,1,21,6,6,36,342.4,342.6,342.8,343.2,345.2,1,16,24,24,6,EXECUTABLE
MO2302-C-6600,20221206093251400,SG01,1,268.2,280.6,268.2,102,0.0,0.0,0.0,0,0,268.2,102,0,0,952.0,0.2,0,0,275.2,275.0,274.4,273.6,273.4,6,7,18,19,12,285.2,285.4,286.0,286.6,287.4,1,4,12,18,12,EXECUTABLE
MO2302-C-6700,20221206093251400,SG01,1,219.2,228.8,219.2,118,0.0,0.0,0.0,0,0,219.2,118,0,0,900.2,0.2,0,0,225.6,225.4,225.2,225.0,224.6,7,6,1,6,18,235.0,235.6,235.8,236.2,237.4,17,18,18,18,6,EXECUTABLE
MO2302-C-6800,20221206093251400,SG01,1,177.0,186.0,177.0,40,0.0,0.0,0.0,0,0,177.0,40,0,0,857.4,0.2,0,0,181.8,181.4,181.2,180.8,180.6,6,13,1,18,6,190.6,190.8,191.4,191.6,191.8,6,4,12,24,12,EXECUTABLE
MO2302-C-6900,20221206093251400,SG01,1,151.2,146.6,151.2,12,0.0,0.0,0.0,0,0,151.2,12,0,0,818.0,0.2,0,0,144.0,143.8,143.6,143.0,142.8,1,18,7,24,24,153.6,153.8,154.2,154.4,155.2,13,10,30,18,6,EXECUTABLE
MO2302-C-7000,20221206093251400,SG01,1,115.0,115.6,115.0,140,0.0,0.0,0.0,0,0,115.0,140,0,0,787.0,0.2,0,0,114.0,113.4,112.8,112.6,112.0,1,6,18,1,4,121.6,121.8,122.0,122.2,122.4,6,16,7,18,18,EXECUTABLE
MO2302-C-7100,20221206093251400,SG01,1,93.0,90.2,93.0,76,0.0,0.0,0.0,0,0,93.0,76,0,0,761.6,0.2,0,0,87.8,87.4,87.2,87.0,86.8,12,1,49,12,18,93.8,94.2,94.4,94.6,94.8,6,22,24,15,18,EXECUTABLE
MO2302-C-7200,20221206093251400,SG01,1,68.6,69.4,68.6,26,0.0,0.0,0.0,0,0,68.6,26,0,0,740.8,0.2,0,0,66.8,66.6,66.4,66.2,66.0,6,12,25,18,18,72.6,72.8,73.4,73.6,73.8,6,10,30,21,9,EXECUTABLE
MO2302-C-7300,20221206093251400,SG01,1,52.2,53.2,52.2,37,0.0,0.0,0.0,0,0,52.2,37,0,0,724.6,0.2,0,0,51.0,50.8,50.6,50.4,50.2,6,30,12,12,18,54.4,54.6,54.8,55.0,55.2,6,4,24,18,12,EXECUTABLE
MO2302-C-7400,20221206093251400,SG01,1,40.2,40.2,40.2,59,0.0,0.0,0.0,0,0,40.2,59,0,0,711.6,0.2,0,0,38.0,37.8,37.6,37.4,37.2,24,6,42,6,6,41.2,41.4,41.6,41.8,42.2,6,22,42,12,6,EXECUTABLE
MO2302-P-5900,20221206093251400,SG01,1,31.6,29.8,31.6,56,0.0,0.0,0.0,0,0,31.6,56,0,0,701.2,0.2,0,0,29.2,29.0,28.8,28.6,28.4,12,16,42,12,6,32.4,32.6,32.8,33.0,0.0,18,24,40,12,0,EXECUTABLE
MO2302-P-6000,20221206093251400,SG01,1,41.4,41.4,41.4,84,0.0,0.0,0.0,0,0,41.4,84,0,0,712.8,0.2,0,0,40.6,40.4,40.2,40.0,39.8,6,16,36,12,12,43.8,44.0,44.2,44.6,44.8,18,24,24,6,10,EXECUTABLE
MO2302-P-6100,20221206093251400,SG01,1,57.2,57.0,57.2,48,0.0,0.0,0.0,0,0,57.2,48,0,0,728.4,0.2,0,0,55.2,54.6,54.4,54.2,54.0,6,10,6,24,18,60.0,60.2,60.8,61.0,61.6,7,12,40,6,12,EXECUTABLE
MO2302-P-6200,20221206093251400,SG01,1,77.4,77.2,77.4,98,0.0,0.0,0.0,0,0,77.4,98,0,0,748.6,0.2,0,0,75.8,75.4,75.2,74.6,74.4,7,20,4,42,18,80.2,80.4,80.6,81.0,81.2,6,12,6,36,12,EXECUTABLE
MO2302-P-6300,20221206093251400,SG01,1,99.6,101.2,99.6,68,0.0,0.0,0.0,0,0,99.6,68,0,0,772.6,0.2,0,0,98.8,98.6,98.4,98.2,97.8,6,12,16,12,30,104.0,104.2,104.4,104.6,104.8,1,18,30,18,12,EXECUTABLE
MO2302-P-6400,20221206093251400,SG01,1,132.6,130.4,132.6,102,0.0,0.0,0.0,0,0,132.6,102,0,0,801.8,0.2,0,0,127.2,127.0,126.4,126.2,126.0,6,16,1,48,12,134.0,136.0,136.2,136.4,136.6,1,18,6,42,4,EXECUTABLE
MO2302-P-6500,20221206093251400,SG01,1,175.4,169.0,175.4,119,0.0,0.0,0.0,0,0,175.4,119,0,0,840.4,0.2,0,0,163.8,163.0,162.6,162.4,162.2,16,6,36,18,6,172.8,173.0,173.4,173.6,173.8,7,12,1,42,18,EXECUTABLE
MO2302-P-6600,20221206093251400,SG01,1,218.2,214.0,218.2,52,0.0,0.0,0.0,0,0,218.2,52,0,0,885.4,0.2,0,0,207.4,206.6,206.0,205.4,204.8,22,24,18,6,6,215.6,216.4,216.8,217.0,217.2,6,13,24,18,18,EXECUTABLE
MO2302-P-6700,20221206093251400,SG01,1,263.8,262.0,263.8,47,0.0,0.0,0.0,0,0,263.8,47,0,0,933.4,0.2,0,0,256.0,254.0,253.8,253.4,252.4,12,28,12,12,12,265.6,265.8,266.0,266.2,266.4,7,6,13,24,12,EXECUTABLE
MO2302-P-6800,20221206093251400,SG01,1,314.0,314.0,314.0,8,0.0,0.0,0.0,0,0,314.0,8,0,0,985.4,0.2,0,0,311.0,310.8,308.8,308.6,307.4,22,24,12,6,6,319.2,321.2,322.0,322.6,322.8,1,12,13,6,12,EXECUTABLE
MO2302-P-6900,20221206093251400,SG01,1,386.4,381.8,386.4,2,0.0,0.0,0.0,0,0,386.4,2,0,0,1053.2,0.2,0,0,371.2,370.6,370.4,369.8,369.4,17,6,12,6,18,383.2,383.4,384.0,384.4,384.8,6,6,1,18,24,EXECUTABLE
MO2302-P-7000,20221206093251400,SG01,1,500.0,450.2,500.0,14,0.0,0.0,0.0,0,0,500.0,14,0,0,1121.6,0.2,0,0,440.0,439.4,439.2,438.6,437.8,12,10,18,12,18,452.2,452.4,452.8,453.4,453.6,6,13,24,18,18,EXECUTABLE
MO2302-P-7100,20221206093251400,SG01,1,535.8,521.4,535.8,4,0.0,0.0,0.0,0,0,535.8,4,0,0,1192.8,0.2,0,0,512.2,510.8,510.6,510.2,510.0,12,10,18,18,24,526.4,526.6,526.8,527.8,528.4,6,19,18,18,18,EXECUTABLE
MO2302-P-7200,20221206093251400,SG01,1,730.2,599.2,730.2,15,0.0,0.0,0.0,0,0,730.2,15,0,0,1270.6,0.2,0,0,590.6,590.4,590.2,589.6,588.8,10,6,24,12,12,604.0,604.2,604.8,605.2,605.4,6,6,1,48,12,EXECUTABLE
MO2302-P-7300,20221206093251400,SG01,1,1000.0,682.6,1000.0,2,0.0,0.0,0.0,0,0,1000.0,2,0,0,1354.0,11.2,0,0,673.4,671.8,671.6,670.6,669.6,4,24,6,18,6,687.0,687.2,687.6,688.0,690.0,6,6,6,24,24,EXECUTABLE
MO2302-P-7400,20221206093251400,SG01,1,941.6,767.8,941.6,2,0.0,0.0,0.0,0,0,941.6,2,0,0,1439.2,96.4,0,0,759.8,759.4,758.6,758.4,757.0,12,4,30,12,6,772.6,774.2,775.2,777.0,777.8,6,6,12,6,42,EXECUTABLE
MO2302-C-5800,20221206093251400,SG01,1,867.4,882.4,867.4,2,0.0,0.0,0.0,0,0,867.4,2,0,0,1553.8,211.0,0,0,882.0,881.8,876.8,876.6,873.4,6,6,24,12,12,894.2,895.4,896.8,897.0,898.2,6,10,6,6,12,EXECUTABLE
MO2302-P-5800,20221206093251400,SG01,1,20.8,21.6,21.8,16,20.8,20.8,20.8,2,4160,20.8,16,0,0,693.0,0.2,0,0,20.8,20.6,20.4,20.2,20.0,19,4,18,21,12,23.6,23.8,24.0,24.2,24.4,12,10,24,15,12,EXECUTABLE
MO2212-C-8200,20221206093251400,SG01,1,0.6,0.6,0.6,321,0.0,0.0,0.0,0,0,0.6,321,0,0,672.0,0.2,0,0,0.6,0.4,0.2,0.0,0.0,10,39,16,0,0,0.8,1.0,0.0,0.0,0.0,50,21,0,0,0,EXECUTABLE
MO2212-P-8200,20221206093251400,SG01,1,1518.8,1504.4,1518.8,55,0.0,0.0,0.0,0,0,1518.8,55,0,0,2175.8,833.0,0,0,1486.4,1485.6,1484.8,1483.4,1483.0,4,9,6,16,6,1495.4,1496.0,1496.2,1496.8,1497.2,6,6,8,6,10,EXECUTABLE
MO2212-C-6200,20221206093251400,SG01,1,491.0,507.2,491.0,219,0.0,0.0,0.0,0,0,491.0,219,0,0,1178.6,0.2,0,0,508.4,508.2,507.0,506.6,506.2,6,10,6,5,10,515.4,515.8,516.0,516.2,516.6,9,6,9,14,2,EXECUTABLE
MO2212-C-6400,20221206093251400,SG01,1,312.6,321.0,321.0,521,312.6,312.6,312.6,1,31260,312.6,521,0,0,992.4,0.2,0,0,321.2,318.4,317.8,317.6,317.2,6,2,6,10,8,324.4,324.6,324.8,326.0,326.2,6,6,4,6,22,EXECUTABLE
MO2212-C-6600,20221206093251400,SG01,1,160.0,159.2,159.2,1235,150.0,163.6,147.0,72,1127860,156.647,1243,0,0,830.6,0.2,0,0,160.2,159.8,159.6,158.6,157.6,1,1,9,1,6,160.6,161.0,161.6,162.2,162.4,1,6,4,11,6,EXECUTABLE
MO2212-C-6800,20221206093251400,SG01,1,59.8,59.8,59.8,3532,52.0,62.0,52.0,291,1718460,59.054,3652,0,0,731.2,0.2,0,0,59.6,58.2,58.0,57.8,57.6,9,15,15,6,6,60.0,60.2,60.6,61.0,61.2,2,10,1,9,15,EXECUTABLE
MO2212-C-7000,20221206093251400,SG01,1,18.4,18.4,18.4,2771,15.8,19.8,15.8,97,181220,18.682,2756,0,0,689.8,0.2,0,0,18.4,18.2,18.0,17.8,17.4,21,31,7,16,6,18.8,19.0,19.2,19.4,19.8,26,1,14,15,6,EXECUTABLE
MO2212-C-7200,20221206093251400,SG01,1,5.4,5.8,5.8,1863,5.4,5.8,4.8,22,11680,5.309,1881,0,0,677.2,0.2,0,0,5.6,5.4,5.2,4.4,3.8,13,36,18,2,3,5.8,6.0,6.2,6.4,9.0,18,40,9,1,3,EXECUTABLE
MO2212-C-7400,20221206093251400,SG01,1,1.8,1.8,1.8,905,0.0,0.0,0.0,0,0,1.8,905,0,0,673.2,0.2,0,0,2.0,1.8,1.4,1.2,0.0,10,50,1,40,0,2.2,2.4,2.6,3.0,3.2,11,50,6,1,1,EXECUTABLE
MO2212-C-7600,20221206093251400,SG01,1,1.2,1.2,1.2,589,0.0,0.0,0.0,0,0,1.2,589,0,0,672.6,0.2,0,0,1.0,0.8,0.6,0.0,0.0,23,36,6,0,0,1.2,1.4,1.6,1.8,2.0,10,54,1,1,1,EXECUTABLE
MO2212-C-7800,20221206093251400,SG01,1,0.8,0.8,0.8,227,0.0,0.0,0.0,0,0,0.8,227,0,0,672.2,0.2,0,0,0.8,0.6,0.4,0.0,0.0,10,46,12,0,0,1.0,1.2,1.4,1.6,1.8,30,39,2,1,1,EXECUTABLE
MO2212-P-6200,20221206093251400,SG01,1,3.0,3.0,3.0,2030,3.4,3.6,2.8,21,6700,3.19,2036,0,0,674.4,0.2,0,0,2.6,2.4,2.2,1.0,0.0,63,4,1,1,0,2.8,3.0,3.2,3.4,5.2,6,17,50,6,1,EXECUTABLE
MO2212-P-6400,20221206093251400,SG01,1,12.6,12.6,12.6,2572,14.2,14.2,11.6,63,76400,12.127,2551,0,0,684.0,0.2,0,0,12.2,12.0,11.8,11.6,11.2,6,6,34,18,1,12.4,12.6,12.8,13.0,13.2,19,20,25,12,6,EXECUTABLE
MO2212-P-6600,20221206093251400,SG01,1,49.6,52.6,52.6,2228,58.0,58.0,47.2,154,795480,51.655,2262,0,0,724.0,0.2,0,0,49.0,48.8,48.6,48.4,48.0,10,6,3,22,1,49.6,49.8,50.4,50.6,50.8,9,4,8,2,10,EXECUTABLE
MO2212-P-6800,20221206093251400,SG01,1,150.2,151.2,151.8,510,150.2,150.2,150.2,1,15020,150.2,511,0,0,822.6,0.2,0,0,147.2,147.0,146.4,146.2,146.0,4,6,6,1,8,148.2,150.2,151.0,151.2,151.8,9,3,10,4,6,EXECUTABLE
MO2212-P-7000,20221206093251400,SG01,1,314.0,311.0,314.0,127,0.0,0.0,0.0,0,0,314.0,127,0,0,982.4,0.2,0,0,305.8,305.4,304.8,304.6,304.0,3,10,6,6,4,308.0,311.4,312.0,312.2,312.4,6,2,6,10,6,EXECUTABLE
MO2212-P-7200,20221206093251400,SG01,1,493.8,507.6,493.8,111,0.0,0.0,0.0,0,0,493.8,111,0,0,1179.0,0.2,0,0,492.8,492.2,491.6,491.0,490.8,6,9,14,2,6,499.8,500.0,500.6,501.0,501.6,10,6,6,6,3,EXECUTABLE
MO2212-P-7400,20221206093251400,SG01,1,691.6,705.0,691.6,60,0.0,0.0,0.0,0,0,691.6,60,0,0,1376.4,33.6,0,0,688.2,688.0,687.0,686.8,684.8,10,6,9,16,6,695.8,696.4,697.8,698.2,698.6,6,10,6,9,18,EXECUTABLE
MO2212-P-7600,20221206093251400,SG01,1,919.0,904.2,919.0,44,0.0,0.0,0.0,0,0,919.0,44,0,0,1575.6,232.8,0,0,887.8,887.2,886.2,885.6,884.8,6,4,12,16,6,894.6,895.4,896.0,896.6,896.8,2,10,8,6,6,EXECUTABLE
MO2212-P-7800,20221206093251400,SG01,1,1297.4,1104.0,1297.4,81,0.0,0.0,0.0,0,0,1297.4,81,0,0,1775.4,432.6,0,0,1087.4,1087.0,1085.6,1084.8,1084.0,6,10,3,10,12,1095.4,1095.6,1096.0,1096.6,1097.0,6,12,6,6,3,EXECUTABLE
MO2303-C-6200,20221206093251400,SG01,1,476.2,549.4,476.2,219,0.0,0.0,0.0,0,0,476.2,219,0,0,1220.8,0.2,0,0,546.2,545.0,544.2,543.8,543.4,6,12,19,12,6,557.2,557.4,558.0,558.2,559.0,6,12,12,18,6,EXECUTABLE
MO2303-C-6400,20221206093251400,SG01,1,413.0,417.4,413.0,167,0.0,0.0,0.0,0,0,413.0,167,0,0,1088.8,0.2,0,0,413.4,411.8,411.6,411.0,409.4,6,2,30,36,6,424.6,424.8,425.0,425.8,426.2,6,18,12,12,12,EXECUTABLE
MO2303-C-6600,20221206093251400,SG01,1,310.0,311.6,310.0,138,0.0,0.0,0.0,0,0,310.0,138,0,0,983.0,0.2,0,0,310.6,305.6,303.4,303.2,302.8,1,6,12,18,24,315.2,315.4,315.6,315.8,316.0,6,6,18,18,10,EXECUTABLE
MO2303-C-6800,20221206093251400,SG01,1,224.2,224.2,224.2,217,0.0,0.0,0.0,0,0,224.2,217,0,0,895.6,0.2,0,0,217.8,217.2,217.0,216.8,216.4,1,12,18,6,12,227.6,228.0,228.2,228.4,228.6,46,12,6,12,6,EXECUTABLE
MO2303-C-7000,20221206093251400,SG01,1,153.8,155.6,153.8,366,0.0,0.0,0.0,0,0,153.8,366,0,0,827.0,0.2,0,0,151.0,150.8,150.6,150.2,150.0,1,12,12,24,18,159.6,159.8,160.0,160.6,161.0,10,18,30,12,6,EXECUTABLE
MO2303-C-7200,20221206093251400,SG01,1,107.4,107.2,107.4,190,0.0,0.0,0.0,0,0,107.4,190,0,0,778.6,0.2,0,0,103.2,102.6,102.4,102.2,102.0,6,25,12,30,12,108.8,109.0,109.2,109.4,109.6,4,12,48,19,9,EXECUTABLE
MO2303-C-7400,20221206093251400,SG01,1,70.6,69.8,70.6,254,0.0,0.0,0.0,0,0,70.6,254,0,0,741.2,0.2,0,0,68.0,67.6,67.2,67.0,66.8,6,10,30,30,6,73.6,74.0,74.2,74.6,74.8,16,6,24,33,12,EXECUTABLE
MO2303-C-7600,20221206093251400,SG01,1,48.2,47.4,48.2,405,0.0,0.0,0.0,0,0,48.2,405,0,0,718.8,0.2,0,0,45.6,45.4,45.0,44.8,44.4,6,6,36,21,10,48.6,48.8,49.0,49.2,0.0,4,21,42,6,0,EXECUTABLE
MO2303-P-6200,20221206093251400,SG01,1,128.8,121.2,128.8,122,0.0,0.0,0.0,0,0,128.8,122,0,0,792.6,0.2,0,0,119.6,119.4,118.8,118.6,118.4,10,12,24,12,6,126.6,126.8,127.0,127.2,127.4,6,6,12,12,30,EXECUTABLE
MO2303-P-6400,20221206093251400,SG01,1,197.2,188.8,197.2,137,0.0,0.0,0.0,0,0,197.2,137,0,0,860.2,0.2,0,0,185.0,184.8,184.6,184.4,183.6,28,24,18,12,15,194.8,195.2,195.4,195.6,196.0,12,1,1,12,42,EXECUTABLE
MO2303-P-6600,20221206093251400,SG01,1,290.8,279.8,290.8,141,0.0,0.0,0.0,0,0,290.8,141,0,0,951.2,0.2,0,0,273.8,273.4,273.2,272.8,272.4,10,24,6,12,6,285.4,285.6,285.8,286.0,286.2,1,6,12,36,7,EXECUTABLE
MO2303-P-6800,20221206093251400,SG01,1,407.2,389.2,407.2,97,0.0,0.0,0.0,0,0,407.2,97,0,0,1060.6,0.2,0,0,383.8,383.2,383.0,382.8,382.4,4,12,6,12,18,396.8,397.0,397.2,397.4,397.6,1,6,18,30,13,EXECUTABLE
MO2303-P-7000,20221206093251400,SG01,1,518.0,518.8,518.0,223,0.0,0.0,0.0,0,0,518.0,223,0,0,1190.2,0.2,0,0,513.6,513.2,512.4,512.2,512.0,22,12,24,12,6,527.8,529.2,529.4,529.8,530.2,6,9,12,7,18,EXECUTABLE
MO2303-P-7200,20221206093251400,SG01,1,666.4,669.6,666.4,55,0.0,0.0,0.0,0,0,666.4,55,0,0,1341.0,0.2,0,0,664.0,663.4,663.0,662.4,662.2,4,12,18,12,12,677.8,678.2,679.6,680.0,681.0,9,12,24,12,12,EXECUTABLE
MO2303-P-7400,20221206093251400,SG01,1,998.0,832.6,998.0,52,0.0,0.0,0.0,0,0,998.0,52,0,0,1504.0,161.2,0,0,828.2,828.0,826.8,825.8,825.6,6,12,30,10,6,841.2,841.6,844.2,844.6,845.6,2,6,6,12,24,EXECUTABLE
MO2303-P-7600,20221206093251400,SG01,1,1053.0,1009.2,1053.0,31,0.0,0.0,0.0,0,0,1053.0,31,0,0,1680.6,337.8,0,0,1001.8,1001.6,1001.4,1001.2,1001.0,6,12,6,12,4,1017.6,1017.8,1018.4,1019.6,1020.4,6,12,12,18,10,EXECUTABLE
MO2303-P-7800,20221206093251400,SG01,1,1251.0,1190.8,1251.0,54,0.0,0.0,0.0,0,0,1251.0,54,0,0,1862.2,519.4,0,0,1186.0,1184.8,1184.4,1183.0,1182.8,6,18,18,14,6,1199.6,1200.4,1201.6,1202.2,1203.4,6,6,6,18,18,EXECUTABLE
MO2306-C-6200,20221206093251400,SG01,1,582.6,578.6,582.6,108,0.0,0.0,0.0,0,0,582.6,108,0,0,1250.0,0.2,0,0,576.4,575.2,573.4,572.8,572.4,1,6,1,30,18,588.2,589.2,589.4,591.0,593.0,12,24,17,16,12,EXECUTABLE
MO2306-C-6400,20221206093251400,SG01,1,468.6,463.4,468.6,67,0.0,0.0,0.0,0,0,468.6,67,0,0,1134.8,0.2,0,0,461.0,460.8,460.6,459.8,459.2,1,5,13,18,6,476.0,476.6,476.8,477.4,478.2,22,18,6,6,18,EXECUTABLE
MO2306-C-6600,20221206093251400,SG01,1,375.6,368.8,375.8,118,375.6,375.6,375.6,1,37560,375.6,119,0,0,1040.2,0.2,0,0,375.6,367.6,367.2,367.0,366.2,1,6,12,18,18,379.0,380.4,380.8,381.4,381.6,16,6,29,12,12,EXECUTABLE
MO2306-C-6800,20221206093251400,SG01,1,294.2,294.2,294.2,208,0.0,0.0,0.0,0,0,294.2,208,0,0,965.6,0.2,0,0,286.0,285.8,285.0,284.8,284.2,6,1,13,5,12,298.4,299.4,299.6,300.2,301.6,1,42,6,12,6,EXECUTABLE
MO2306-C-7400,20221206093251400,SG01,1,129.2,128.2,129.2,419,0.0,0.0,0.0,0,0,129.2,419,0,0,799.6,0.2,0,0,126.6,126.4,125.8,125.6,125.4,1,11,6,18,34,132.2,136.4,136.6,137.0,137.4,1,12,52,3,6,EXECUTABLE
MO2306-C-7600,20221206093251400,SG01,1,101.2,99.2,101.2,357,0.0,0.0,0.0,0,0,101.2,357,0,0,770.6,0.2,0,0,98.8,97.6,97.2,97.0,96.8,6,6,24,12,15,104.2,104.4,104.8,105.0,105.2,21,12,15,18,12,EXECUTABLE
MO2306-C-7800,20221206093251400,SG01,1,72.4,76.2,72.4,489,0.0,0.0,0.0,0,0,72.4,489,0,0,747.6,0.2,0,0,74.4,74.0,73.6,73.4,73.2,6,6,6,17,28,79.8,80.2,80.4,80.6,80.8,1,6,34,24,27,EXECUTABLE
MO2306-P-6400,20221206093251400,SG01,1,353.6,344.6,353.6,243,0.0,0.0,0.0,0,0,353.6,243,0,0,1016.0,0.2,0,0,342.8,342.4,342.0,341.8,341.0,1,4,24,6,30,353.6,354.2,354.4,354.8,355.0,1,12,18,18,18,EXECUTABLE
MO2306-P-6600,20221206093251400,SG01,1,454.0,447.8,454.0,107,0.0,0.0,0.0,0,0,454.0,107,0,0,1119.2,0.2,0,0,442.0,441.2,440.8,440.6,440.2,30,11,6,16,18,455.2,455.4,455.8,457.0,457.6,1,1,18,17,18,EXECUTABLE
MO2306-P-6800,20221206093251400,SG01,1,564.4,564.4,564.4,73,0.0,0.0,0.0,0,0,564.4,73,0,0,1235.8,0.2,0,0,558.4,558.0,557.0,556.6,553.2,6,36,4,18,6,571.4,572.0,573.6,574.4,574.8,1,6,18,18,12,EXECUTABLE
MO2306-P-7000,20221206093251400,SG01,1,720.2,699.0,720.2,55,0.0,0.0,0.0,0,0,720.2,55,0,0,1370.4,27.6,0,0,688.4,688.2,687.2,687.0,685.4,12,24,18,6,4,703.6,704.2,704.4,704.6,706.2,1,1,12,11,12,EXECUTABLE
MO2306-P-7400,20221206093251400,SG01,1,1011.6,1004.2,1011.6,34,0.0,0.0,0.0,0,0,1011.6,34,0,0,1675.6,332.8,0,0,990.8,990.2,987.6,987.2,987.0,12,4,12,24,10,1008.8,1009.0,1009.4,1009.6,1009.8,1,6,13,17,16,EXECUTABLE
MO2306-P-7600,20221206093251400,SG01,1,1346.6,1161.8,1346.6,35,0.0,0.0,0.0,0,0,1346.6,35,0,0,1833.2,490.4,0,0,1156.2,1155.8,1154.0,1153.8,1153.2,10,6,6,18,10,1174.8,1175.0,1175.4,1175.8,1177.8,7,6,12,17,16,EXECUTABLE
MO2306-P-7800,20221206093251400,SG01,1,1394.4,1339.6,1394.4,53,0.0,0.0,0.0,0,0,1394.4,53,0,0,2011.0,668.2,0,0,1330.0,1328.2,1326.8,1326.4,1323.8,10,6,30,16,6,1348.8,1349.0,1349.6,1352.0,1352.4,6,6,6,6,6,EXECUTABLE
MO2212-P-8000,20221206093251900,SG01,1,1547.4,1304.0,1547.4,128,0.0,0.0,0.0,0,0,1547.4,128,0,0,1975.4,632.6,0,0,1286.2,1285.2,1283.8,1283.4,1283.2,4,9,22,6,6,1295.8,1296.0,1298.4,1300.2,1311.6,6,30,9,16,9,EXECUTABLE
MO2303-P-8000,20221206093251900,SG01,1,1536.0,1379.6,1536.0,90,0.0,0.0,0.0,0,0,1536.0,90,0,0,2051.0,708.2,0,0,1372.6,1372.4,1370.6,1370.0,1368.8,6,16,34,6,12,1386.8,1389.4,1390.8,1392.0,1393.0,6,6,24,24,10,EXECUTABLE
MO2306-P-8000,20221206093251900,SG01,1,1764.6,1518.4,1764.6,49,0.0,0.0,0.0,0,0,1764.6,49,0,0,2189.8,847.0,0,0,1510.8,1508.0,1507.4,1507.2,1505.6,4,12,18,22,6,1527.8,1529.0,1529.2,1529.8,1532.2,1,6,12,24,10,EXECUTABLE
MO2212-C-6500,20221206093251900,SG01,1,234.0,231.8,231.8,1035,228.0,240.4,228.0,19,437560,230.295,1038,0,0,903.2,0.2,0,0,233.0,232.2,232.0,231.0,230.8,6,18,6,6,9,237.2,237.8,238.0,238.2,238.6,4,6,9,3,4,EXECUTABLE
MO2212-C-6700,20221206093251900,SG01,1,101.2,99.0,99.0,2860,90.2,103.0,90.2,166,1620980,97.649,2877,0,0,770.4,0.2,0,0,100.0,99.6,99.2,98.6,98.4,6,8,10,12,1,101.2,101.6,102.0,102.2,102.4,1,4,6,6,3,EXECUTABLE
MO2212-C-6900,20221206093251900,SG01,1,32.8,33.4,33.4,2833,30.0,35.2,29.4,179,592980,33.127,2873,0,0,704.8,0.2,0,0,33.4,33.2,33.0,32.8,32.6,5,8,10,2,6,34.0,34.2,34.6,34.8,35.0,7,9,23,10,7,EXECUTABLE
MO2212-C-7100,20221206093251900,SG01,1,10.0,9.8,9.8,1316,8.6,10.6,8.6,111,110500,9.955,1294,0,0,681.2,0.2,0,0,10.0,9.8,9.6,9.4,8.8,11,34,7,3,2,10.2,10.4,10.6,10.8,11.0,13,22,1,9,2,EXECUTABLE
MO2212-P-6100,20221206093251900,SG01,1,1.4,2.0,2.0,1560,1.4,1.4,1.4,2,280,1.4,1560,0,0,673.4,0.2,0,0,1.4,1.2,0.8,0.2,0.0,60,14,20,2,0,1.8,2.0,2.2,3.0,0.0,23,44,7,1,0,EXECUTABLE
MO2212-P-6300,20221206093251900,SG01,1,5.6,6.0,6.0,2206,6.0,7.0,5.4,48,27040,5.633,2206,0,0,677.4,0.2,0,0,5.6,5.4,5.0,2.0,1.2,50,24,3,1,1,5.8,6.0,6.2,6.4,8.0,6,43,21,10,1,EXECUTABLE
MO2212-P-6500,20221206093251900,SG01,1,24.8,25.0,25.0,1729,28.0,28.2,23.4,146,369620,25.316,1726,0,0,696.4,0.2,0,0,24.6,24.4,24.2,24.0,23.8,7,6,29,9,27,25.0,25.2,25.6,25.8,26.0,11,4,11,6,1,EXECUTABLE
MO2212-P-6700,20221206093251900,SG01,1,90.0,95.6,95.6,3590,100.2,100.2,87.4,137,1252480,91.422,3586,0,0,767.0,0.2,0,0,88.2,88.0,87.8,87.2,87.0,6,13,2,7,1,90.0,90.4,90.8,91.0,91.2,6,4,2,6,6,EXECUTABLE
MO2212-P-6900,20221206093251900,SG01,1,228.8,227.0,227.0,196,228.8,228.8,228.8,1,22880,228.8,196,0,0,898.4,0.2,0,0,220.2,220.0,219.6,219.4,219.2,4,6,2,6,12,224.2,224.8,225.0,225.4,225.6,6,6,4,4,6,EXECUTABLE
MO2212-P-7100,20221206093251900,SG01,1,415.6,411.2,415.6,61,0.0,0.0,0.0,0,0,415.6,61,0,0,1082.6,0.2,0,0,396.4,395.4,394.6,394.2,394.0,4,9,25,6,6,402.8,403.2,404.0,404.4,404.6,6,6,10,6,2,EXECUTABLE
MO2309-C-5800,20221206093251900,SG01,1,871.8,871.8,871.8,129,0.0,0.0,0.0,0,0,871.8,129,0,0,1543.2,200.4,0,0,857.2,857.0,855.8,855.4,854.8,6,3,1,12,24,874.0,874.2,875.6,875.8,878.0,6,13,18,12,12,EXECUTABLE
MO2309-C-6000,20221206093251900,SG01,1,740.8,732.4,740.8,132,0.0,0.0,0.0,0,0,740.8,132,0,0,1403.8,61.0,0,0,734.2,728.6,726.4,726.2,726.0,1,1,17,3,12,745.6,746.4,746.6,746.8,747.4,8,11,24,12,6,EXECUTABLE
MO2309-C-6200,20221206093251900,SG01,1,609.0,615.2,609.0,149,0.0,0.0,0.0,0,0,609.0,149,0,0,1286.6,0.2,0,0,614.4,613.6,613.2,610.8,610.6,1,1,6,11,42,628.0,628.2,630.6,631.0,631.8,8,6,5,30,12,EXECUTABLE
MO2309-C-6400,20221206093251900,SG01,1,549.0,509.2,549.0,157,0.0,0.0,0.0,0,0,549.0,157,0,0,1180.6,0.2,0,0,510.6,510.0,509.8,509.6,509.0,1,6,1,29,6,523.6,524.8,525.0,525.4,526.8,2,23,12,15,24,EXECUTABLE
MO2309-C-6600,20221206093251900,SG01,1,427.0,419.8,427.0,170,0.0,0.0,0.0,0,0,427.0,170,0,0,1091.2,0.2,0,0,422.4,420.2,419.6,419.4,419.2,1,3,6,12,13,432.8,433.4,434.8,435.0,435.6,2,17,18,24,6,EXECUTABLE
MO2309-C-6800,20221206093251900,SG01,1,346.0,340.6,346.0,139,0.0,0.0,0.0,0,0,346.0,139,0,0,1012.0,0.2,0,0,342.2,342.0,341.2,341.0,340.6,1,3,6,1,12,353.2,353.6,353.8,354.2,354.6,2,11,6,6,30,EXECUTABLE
MO2309-C-7000,20221206093251900,SG01,1,279.0,277.4,279.0,200,0.0,0.0,0.0,0,0,279.0,200,0,0,948.8,0.2,0,0,273.6,272.8,272.6,270.8,270.4,1,15,12,18,24,284.2,285.0,286.6,287.0,288.0,1,2,6,6,35,EXECUTABLE
MO2309-P-6000,20221206093251900,SG01,1,312.6,299.6,312.6,48,0.0,0.0,0.0,0,0,312.6,48,0,0,971.0,0.2,0,0,294.8,293.2,291.6,291.2,291.0,1,14,5,42,12,306.4,306.6,306.8,308.6,309.4,6,3,13,29,18,EXECUTABLE
MO2309-P-6600,20221206093251900,SG01,1,578.4,577.0,578.4,46,0.0,0.0,0.0,0,0,578.4,46,0,0,1248.4,0.2,0,0,569.0,568.4,566.8,566.4,565.4,2,17,6,18,6,581.8,584.6,584.8,585.8,586.2,1,6,3,24,6,EXECUTABLE
MO2309-P-6800,20221206093251900,SG01,1,675.8,691.0,675.8,36,0.0,0.0,0.0,0,0,675.8,36,0,0,1362.4,19.6,0,0,686.2,685.8,684.0,683.4,683.2,8,6,18,17,18,700.0,702.8,704.2,704.8,705.0,1,18,3,23,12,EXECUTABLE
MO2309-P-7000,20221206093251900,SG01,1,818.6,825.4,818.6,47,0.0,0.0,0.0,0,0,818.6,47,0,0,1496.8,154.0,0,0,815.4,815.0,813.0,812.4,811.8,6,13,24,6,15,828.8,830.8,833.6,835.8,836.0,1,6,12,3,23,EXECUTABLE
MO2212-C-5700,20221206093251900,SG01,1,1015.2,996.2,1015.2,53,0.0,0.0,0.0,0,0,1015.2,53,0,0,1667.6,324.8,0,0,1005.0,1004.8,1004.0,1002.8,1002.6,6,14,10,6,6,1013.2,1013.6,1014.0,1015.2,1015.4,3,10,6,6,16,EXECUTABLE
MO2303-C-5600,20221206093251900,SG01,1,1052.0,1050.4,1052.0,66,0.0,0.0,0.0,0,0,1052.0,66,0,0,1721.8,379.0,0,0,1045.0,1043.2,1041.8,1040.2,1039.2,6,6,18,18,18,1057.4,1058.0,1058.2,1058.8,1059.8,18,28,12,6,6,EXECUTABLE
MO2306-C-5600,20221206093251900,SG01,1,999.6,1010.8,999.6,32,0.0,0.0,0.0,0,0,999.6,32,0,0,1682.2,339.4,0,0,1003.6,1003.4,1003.2,1000.0,999.6,6,6,5,48,7,1020.6,1022.4,1022.8,1023.4,1024.4,4,12,24,18,12,EXECUTABLE
MO2306-P-5600,20221206093251900,SG01,1,103.0,103.0,103.0,75,0.0,0.0,0.0,0,0,103.0,75,0,0,774.4,0.2,0,0,101.4,100.2,100.0,99.8,99.6,1,28,42,3,12,106.0,106.2,106.8,107.2,107.6,6,6,18,34,18,EXECUTABLE
MO2309-C-5600,20221206093251900,SG01,1,934.4,1008.8,934.4,116,0.0,0.0,0.0,0,0,934.4,116,0,0,1680.2,337.4,0,0,1001.0,999.4,996.8,996.4,996.2,1,6,18,14,34,1019.4,1020.2,1021.0,1021.2,1021.4,8,18,9,27,6,EXECUTABLE
MO2212-C-5600,20221206093251900,SG01,1,1116.8,1096.0,1116.8,48,0.0,0.0,0.0,0,0,1116.8,48,0,0,1767.4,424.6,0,0,1104.0,1103.8,1103.2,1101.8,1100.8,6,10,20,7,18,1113.4,1113.8,1114.0,1114.4,1115.4,4,9,6,16,6,EXECUTABLE
MO2303-C-8200,20221206093251900,SG01,1,15.0,15.0,15.0,580,0.0,0.0,0.0,0,0,15.0,580,0,0,686.4,0.2,0,0,14.4,14.2,14.0,13.0,6.0,10,30,33,2,3,15.6,16.0,16.2,16.4,16.6,10,33,24,6,6,EXECUTABLE
MO2303-P-8200,20221206093251900,SG01,1,1571.8,1590.6,1571.8,103,0.0,0.0,0.0,0,0,1571.8,103,0,0,2262.0,919.2,0,0,1563.8,1562.8,1561.8,1561.0,1560.8,18,16,18,6,16,1578.4,1582.0,1582.4,1583.2,1583.4,12,6,18,36,6,EXECUTABLE
MO2306-C-8200,20221206093251900,SG01,1,48.2,46.6,48.2,561,0.0,0.0,0.0,0,0,48.2,561,0,0,718.0,0.2,0,0,46.6,46.4,46.2,46.0,45.8,4,17,27,6,24,49.8,50.0,50.2,50.4,51.0,24,30,9,16,1,EXECUTABLE
MO2306-P-8200,20221206093251900,SG01,1,1802.8,1703.8,1802.8,42,0.0,0.0,0.0,0,0,1802.8,42,0,0,2375.2,1032.4,0,0,1695.2,1692.4,1692.2,1691.2,1689.0,4,18,6,28,6,1712.8,1713.2,1713.4,1713.6,1717.0,1,6,6,12,28,EXECUTABLE
MO2212-C-5800,20221206093251900,SG01,1,917.6,896.4,917.6,34,0.0,0.0,0.0,0,0,917.6,34,0,0,1567.8,225.0,0,0,905.2,905.0,904.6,903.2,903.0,6,12,10,8,6,913.8,914.0,914.2,914.4,914.6,6,4,6,3,16,EXECUTABLE
MO2212-P-5800,20221206093251900,SG01,1,1.0,1.0,1.0,516,0.0,0.0,0.0,0,0,1.0,516,0,0,672.4,0.2,0,0,0.8,0.6,0.4,0.0,0.0,1,52,11,0,0,1.0,1.2,1.4,0.0,0.0,29,33,1,0,0,EXECUTABLE
MO2303-C-5800,20221206093251900,SG01,1,876.0,871.0,876.0,101,0.0,0.0,0.0,0,0,876.0,101,0,0,1542.4,199.6,0,0,865.4,863.4,863.0,862.6,861.0,6,6,6,6,6,877.8,878.2,878.6,880.0,880.2,6,6,24,18,10,EXECUTABLE
MO2303-P-5800,20221206093251900,SG01,1,47.8,45.6,49.4,195,47.8,47.8,47.8,2,9560,47.8,195,0,0,717.0,0.2,0,0,44.6,44.2,44.0,43.8,43.6,10,36,16,18,6,47.2,47.6,47.8,48.0,48.2,6,12,42,15,18,EXECUTABLE
MO2306-C-5800,20221206093251900,SG01,1,898.0,849.4,898.0,100,0.0,0.0,0.0,0,0,898.0,100,0,0,1520.8,178.0,0,0,846.4,846.2,844.2,843.4,843.0,6,6,7,6,31,866.0,866.4,866.8,867.0,867.2,12,34,6,17,6,EXECUTABLE
MO2212-C-8000,20221206093251900,SG01,1,0.8,0.8,0.8,940,0.0,0.0,0.0,0,0,0.8,940,0,0,672.2,0.2,0,0,0.8,0.6,0.4,0.0,0.0,12,39,22,0,0,1.0,1.2,1.4,0.0,0.0,49,27,1,0,0,EXECUTABLE
MO2306-P-5800,20221206093251900,SG01,1,143.0,143.0,143.0,66,0.0,0.0,0.0,0,0,143.0,66,0,0,814.4,0.2,0,0,140.6,140.0,139.6,138.4,138.2,1,10,12,30,12,146.4,148.2,148.4,148.8,149.6,1,6,17,36,6,EXECUTABLE
MO2212-C-6000,20221206093251900,SG01,1,708.6,697.4,708.6,58,0.0,0.0,0.0,0,0,708.6,58,0,0,1368.8,26.0,0,0,707.0,706.8,706.6,705.8,705.2,6,6,8,10,5,714.0,714.6,715.0,715.6,716.0,4,6,6,5,13,EXECUTABLE
MO2212-P-6000,20221206093251900,SG01,1,1.4,1.4,1.4,1401,0.0,0.0,0.0,0,0,1.4,1401,0,0,672.8,0.2,0,0,1.0,0.8,0.0,0.0,0.0,64,4,0,0,0,1.4,1.6,1.8,2.2,2.8,10,57,9,1,1,EXECUTABLE
MO2303-C-6000,20221206093251900,SG01,1,703.0,701.8,703.0,120,0.0,0.0,0.0,0,0,703.0,120,0,0,1373.2,30.4,0,0,697.6,695.2,694.8,694.0,693.0,6,12,12,36,6,711.6,711.8,712.0,712.4,712.6,18,6,6,24,12,EXECUTABLE
MO2306-C-6000,20221206093251900,SG01,1,708.0,705.8,708.0,123,0.0,0.0,0.0,0,0,708.0,123,0,0,1377.2,34.4,0,0,702.8,702.4,701.8,701.4,701.2,1,13,6,24,30,719.2,720.0,720.2,720.4,720.6,4,12,12,24,6,EXECUTABLE
MO2306-P-6000,20221206093251900,SG01,1,194.6,194.6,194.6,112,0.0,0.0,0.0,0,0,194.6,112,0,0,866.0,0.2,0,0,192.2,191.0,190.8,190.6,189.8,1,10,36,24,9,201.0,201.8,202.0,202.2,202.8,7,5,1,24,40,EXECUTABLE
MO2212-C-5900,20221206093251900,SG01,1,796.2,805.0,796.2,45,0.0,0.0,0.0,0,0,796.2,45,0,0,1476.4,133.6,0,0,806.4,806.2,806.0,805.4,805.2,6,6,2,6,10,813.6,814.2,815.2,815.6,816.4,7,15,10,2,6,EXECUTABLE
MO2212-C-6100,20221206093251900,SG01,1,594.0,598.4,594.0,107,0.0,0.0,0.0,0,0,594.0,107,0,0,1269.8,0.2,0,0,608.0,607.8,607.6,606.6,605.4,6,6,14,9,10,614.6,615.2,615.6,615.8,617.2,4,3,6,19,8,EXECUTABLE
MO2212-C-6300,20221206093251900,SG01,1,401.0,411.0,401.0,204,0.0,0.0,0.0,0,0,401.0,204,0,0,1082.4,0.2,0,0,414.4,413.2,412.6,412.4,411.4,6,6,6,6,9,418.8,419.8,420.0,421.0,421.6,10,9,13,8,6,EXECUTABLE
MO2212-C-5500,20221206093251900,SG01,1,1196.0,1195.8,1196.0,42,0.0,0.0,0.0,0,0,1196.0,42,0,0,1867.2,524.4,0,0,1203.4,1203.2,1203.0,1202.8,1201.8,6,18,6,6,10,1213.0,1213.2,1213.4,1215.2,1215.4,7,4,6,12,6,EXECUTABLE
MO2303-C-5400,20221206093251900,SG01,1,1236.0,1238.8,1236.0,37,0.0,0.0,0.0,0,0,1236.0,37,0,0,1910.2,567.4,0,0,1232.6,1231.8,1230.4,1228.6,1228.4,6,6,6,12,12,1244.0,1244.6,1245.4,1245.8,1247.4,12,18,22,6,10,EXECUTABLE
MO2303-P-5400,20221206093251900,SG01,1,15.4,15.4,15.4,138,0.0,0.0,0.0,0,0,15.4,138,0,0,686.8,0.2,0,0,15.4,15.0,14.8,14.6,14.2,1,12,10,63,6,16.0,16.2,16.4,16.6,16.8,12,6,11,63,6,EXECUTABLE
MO2306-C-5400,20221206093251900,SG01,1,1115.0,1187.8,1115.0,46,0.0,0.0,0.0,0,0,1115.0,46,0,0,1859.2,516.4,0,0,1170.6,1170.0,1169.8,1169.4,1167.0,6,6,18,31,4,1188.4,1188.6,1189.4,1190.2,1190.6,18,34,10,6,5,EXECUTABLE
MO2309-C-5400,20221206093251900,SG01,1,1161.0,1161.6,1161.0,92,0.0,0.0,0.0,0,0,1161.0,92,0,0,1833.0,490.2,0,0,1152.2,1149.4,1148.8,1148.6,1146.8,6,6,11,32,13,1172.8,1173.2,1174.0,1176.2,1177.6,8,11,36,10,3,EXECUTABLE
MO2309-P-5400,20221206093251900,SG01,1,139.6,136.2,139.6,61,0.0,0.0,0.0,0,0,139.6,61,0,0,807.6,0.2,0,0,133.6,131.4,131.2,131.0,130.6,1,2,6,53,12,140.2,140.4,141.4,141.8,142.0,12,9,6,30,19,EXECUTABLE
MO2212-C-7500,20221206093251900,SG01,1,1.2,1.2,1.2,211,0.0,0.0,0.0,0,0,1.2,211,0,0,672.6,0.2,0,0,1.2,1.0,0.0,0.0,0.0,56,13,0,0,0,1.6,1.8,2.0,2.2,2.8,41,24,7,1,1,EXECUTABLE
MO2212-P-7500,20221206093251900,SG01,1,913.0,804.4,913.0,13,0.0,0.0,0.0,0,0,913.0,13,0,0,1475.8,133.0,0,0,787.6,787.2,786.0,785.8,784.2,4,6,9,16,6,795.0,795.2,796.0,796.2,797.2,6,14,10,6,3,EXECUTABLE
MO2301-C-7500,20221206093251900,SG01,1,13.6,14.4,13.6,273,12.8,13.6,12.8,4,5240,13.1,275,0,0,685.8,0.2,0,0,13.6,13.4,13.2,13.0,12.8,6,4,33,39,6,14.6,14.8,15.0,15.2,18.2,10,12,39,21,1,EXECUTABLE
MO2301-P-7500,20221206093251900,SG01,1,837.2,823.8,837.2,13,0.0,0.0,0.0,0,0,837.2,13,0,0,1495.2,152.4,0,0,816.2,816.0,814.8,813.6,812.6,12,37,12,6,6,827.6,827.8,828.8,830.0,830.2,6,18,6,21,12,EXECUTABLE
MO2212-C-5300,20221206093251900,SG01,1,1367.0,1406.0,1367.0,39,0.0,0.0,0.0,0,0,1367.0,39,0,0,2077.4,734.6,0,0,1402.8,1402.6,1402.4,1400.2,1398.8,6,12,18,9,16,1412.8,1413.4,1414.0,1415.8,1416.2,4,15,16,12,6,EXECUTABLE
MO2212-C-5400,20221206093251900,SG01,1,1266.2,1306.2,1266.2,41,0.0,0.0,0.0,0,0,1266.2,41,0,0,1977.6,634.8,0,0,1304.6,1303.2,1303.0,1302.6,1301.6,6,6,12,6,6,1313.0,1313.6,1313.8,1315.6,1316.0,4,15,4,6,6,EXECUTABLE
MO2212-P-5400,20221206093251900,SG01,1,0.8,0.8,0.8,296,0.0,0.0,0.0,0,0,0.8,296,0,0,672.2,0.2,0,0,0.6,0.4,0.0,0.0,0.0,31,39,0,0,0,0.8,1.0,1.2,0.0,0.0,16,37,6,0,0,EXECUTABLE
MO2303-C-5200,20221206093251900,SG01,1,1452.4,1429.6,1452.4,32,0.0,0.0,0.0,0,0,1452.4,32,0,0,2101.0,758.2,0,0,1424.6,1422.6,1421.2,1420.0,1419.6,12,6,6,12,18,1436.6,1437.0,1437.6,1438.0,1439.8,6,18,22,6,6,EXECUTABLE
MO2306-C-5200,20221206093251900,SG01,1,1236.6,1355.4,1236.6,34,0.0,0.0,0.0,0,0,1236.6,34,0,0,2026.8,684.0,0,0,1348.4,1346.8,1346.6,1344.8,1344.0,1,6,12,36,10,1366.0,1367.2,1367.6,1368.0,1370.0,6,16,11,36,10,EXECUTABLE
MO2306-P-5200,20221206093251900,SG01,1,52.2,51.0,52.2,173,0.0,0.0,0.0,0,0,52.2,173,0,0,722.4,0.2,0,0,50.2,50.0,49.8,49.6,49.4,1,28,27,18,17,53.4,53.6,53.8,54.6,54.8,18,29,31,7,6,EXECUTABLE
MO2309-C-5200,20221206093251900,SG01,1,1330.2,1330.2,1330.2,99,0.0,0.0,0.0,0,0,1330.2,99,0,0,2001.6,658.8,0,0,1312.4,1311.8,1311.4,1309.8,1308.0,6,13,18,12,19,1332.8,1333.4,1334.6,1334.8,1335.8,13,30,13,6,6,EXECUTABLE
MO2301-C-5600,20221206093251900,SG01,1,903.0,1089.2,903.0,38,0.0,0.0,0.0,0,0,903.0,38,0,0,1760.6,417.8,0,0,1085.4,1085.2,1083.6,1083.4,1083.2,7,18,33,6,12,1095.6,1096.0,1096.2,1096.4,1097.4,6,6,21,18,6,EXECUTABLE
MO2301-C-7400,20221206093251900,SG01,1,18.8,20.4,20.4,232,18.8,18.8,18.8,1,1880,18.8,232,0,0,691.8,0.2,0,0,19.2,19.0,18.8,18.6,18.2,12,16,39,21,1,20.4,20.6,20.8,21.0,21.2,6,25,39,6,6,EXECUTABLE
MO2301-C-5700,20221206093251900,SG01,1,968.2,993.2,968.2,8,0.0,0.0,0.0,0,0,968.2,8,0,0,1664.6,321.8,0,0,987.8,987.6,986.0,985.6,985.4,6,18,21,6,24,998.4,998.6,999.4,999.6,999.8,6,6,9,24,6,EXECUTABLE
MO2301-C-5800,20221206093251900,SG01,1,918.0,883.6,918.0,23,0.0,0.0,0.0,0,0,918.0,23,0,0,1555.0,212.2,0,0,890.8,890.6,889.4,889.2,888.6,7,19,6,15,6,901.6,902.0,902.6,902.8,903.0,12,6,9,24,4,EXECUTABLE
MO2301-C-5900,20221206093251900,SG01,1,805.4,788.0,805.4,29,0.0,0.0,0.0,0,0,805.4,29,0,0,1459.4,116.6,0,0,795.6,795.4,793.0,792.8,792.0,6,18,27,30,4,805.6,805.8,806.6,806.8,807.0,6,6,15,6,22,EXECUTABLE
MO2301-C-6000,20221206093251900,SG01,1,718.8,704.8,718.8,36,0.0,0.0,0.0,0,0,718.8,36,0,0,1376.2,33.4,0,0,702.0,701.4,700.2,700.0,699.8,6,1,6,6,12,711.2,711.6,712.4,713.2,714.4,12,15,24,4,6,EXECUTABLE
MO2301-C-6100,20221206093251900,SG01,1,626.8,612.8,626.8,21,0.0,0.0,0.0,0,0,626.8,21,0,0,1284.2,0.2,0,0,610.0,609.8,609.2,609.0,608.4,7,18,6,15,12,619.6,619.8,620.4,621.4,621.6,6,6,6,9,24,EXECUTABLE
MO2301-C-6200,20221206093251900,SG01,1,520.0,525.4,520.0,47,0.0,0.0,0.0,0,0,520.0,47,0,0,1196.8,0.2,0,0,522.8,521.2,521.0,520.0,519.8,6,18,7,6,4,531.2,531.8,532.0,532.2,533.4,6,15,3,18,4,EXECUTABLE
MO2301-C-6300,20221206093251900,SG01,1,439.0,442.2,439.0,94,0.0,0.0,0.0,0,0,439.0,94,0,0,1113.6,0.2,0,0,441.2,441.0,440.6,440.2,439.8,6,7,6,12,6,447.2,447.4,447.6,448.6,449.8,6,6,6,18,10,EXECUTABLE
MO2301-C-6400,20221206093251900,SG01,1,366.8,365.0,363.0,82,366.8,366.8,366.8,1,36680,366.8,82,0,0,1036.4,0.2,0,0,366.2,365.0,364.8,364.6,363.8,1,6,7,6,12,369.6,370.0,370.6,370.8,371.6,6,9,6,6,6,EXECUTABLE
MO2301-C-6500,20221206093251900,SG01,1,297.6,293.0,288.0,191,296.0,297.6,296.0,2,59360,296.8,192,0,0,964.4,0.2,0,0,297.6,296.4,296.0,295.6,295.2,6,1,6,6,6,300.0,300.2,300.6,302.2,302.6,6,15,12,6,6,EXECUTABLE
MO2301-C-6600,20221206093251900,SG01,1,237.0,236.8,236.8,254,241.4,241.4,236.0,3,71440,238.133,254,0,0,908.2,0.2,0,0,236.6,235.6,235.2,235.0,234.6,6,1,6,6,6,239.0,239.2,240.8,241.6,241.8,12,6,15,7,12,EXECUTABLE
MO2301-C-6700,20221206093251900,SG01,1,180.0,186.4,186.4,451,180.0,180.0,180.0,5,90000,180.0,446,0,0,857.8,0.2,0,0,183.0,182.4,182.2,182.0,181.8,13,12,6,15,6,186.6,187.2,188.0,188.2,188.4,6,6,6,12,16,EXECUTABLE
MO2301-C-6800,20221206093251900,SG01,1,140.6,141.2,140.6,277,0.0,0.0,0.0,0,0,140.6,277,0,0,812.6,0.2,0,0,140.4,140.0,139.4,139.0,138.4,6,6,7,6,15,142.6,143.2,143.4,143.6,143.8,12,6,9,15,6,EXECUTABLE
MO2301-C-6900,20221206093251900,SG01,1,106.6,106.6,106.6,193,0.0,0.0,0.0,0,0,106.6,193,0,0,778.0,0.2,0,0,103.8,103.6,103.4,103.0,102.8,12,1,6,12,21,106.8,107.2,107.4,108.0,108.6,15,27,16,6,12,EXECUTABLE
MO2301-C-7000,20221206093251900,SG01,1,78.0,78.0,78.0,274,0.0,0.0,0.0,0,0,78.0,274,0,0,749.4,0.2,0,0,76.6,76.4,76.0,75.8,75.2,6,6,1,16,21,78.4,78.6,78.8,79.0,80.0,12,15,18,15,6,EXECUTABLE
MO2301-C-7100,20221206093251900,SG01,1,56.4,56.4,56.4,345,0.0,0.0,0.0,0,0,56.4,345,0,0,727.8,0.2,0,0,54.4,54.0,53.6,53.4,53.2,19,6,10,18,15,56.4,56.6,56.8,57.2,57.4,6,12,9,19,9,EXECUTABLE
MO2301-P-5800,20221206093251900,SG01,1,11.6,10.2,10.2,276,10.8,11.6,10.8,6,6880,11.467,282,0,0,681.6,0.2,0,0,9.6,9.4,9.0,8.8,1.0,40,24,6,2,8,10.4,10.6,10.8,12.8,0.0,40,30,6,1,0,EXECUTABLE
MO2301-P-5900,20221206093251900,SG01,1,14.6,14.6,14.6,248,0.0,0.0,0.0,0,0,14.6,248,0,0,686.0,0.2,0,0,13.2,13.0,12.8,12.6,12.4,6,34,33,9,1,14.4,14.6,14.8,15.0,15.6,22,9,39,18,1,EXECUTABLE
MO2301-P-6000,20221206093251900,SG01,1,20.8,20.4,20.4,496,20.0,20.8,20.0,23,46980,20.426,514,0,0,691.8,0.2,0,0,19.2,19.0,18.8,18.6,18.4,12,31,12,6,6,20.4,20.6,20.8,21.0,24.0,6,28,12,27,1,EXECUTABLE
MO2301-P-6100,20221206093251900,SG01,1,29.2,28.6,29.2,590,0.0,0.0,0.0,0,0,29.2,590,0,0,700.0,0.2,0,0,27.8,27.6,27.4,27.2,27.0,6,6,10,27,18,29.0,29.2,29.4,29.8,30.2,6,6,10,12,15,EXECUTABLE
MO2301-P-6200,20221206093251900,SG01,1,39.4,40.0,40.0,432,44.2,44.2,39.4,3,12300,41.0,433,0,0,711.4,0.2,0,0,38.4,38.2,38.0,37.8,37.6,12,21,9,18,6,40.8,41.0,41.4,41.6,41.8,22,6,18,24,9,EXECUTABLE
MO2301-P-6300,20221206093251900,SG01,1,57.6,57.6,57.6,398,0.0,0.0,0.0,0,0,57.6,398,0,0,729.0,0.2,0,0,55.2,55.0,54.8,54.6,54.0,15,9,25,6,7,57.6,57.8,58.0,58.4,58.6,6,6,10,15,18,EXECUTABLE
MO2301-P-6400,20221206093251900,SG01,1,76.0,78.6,77.4,839,76.4,76.4,76.0,5,38040,76.08,839,0,0,750.0,0.2,0,0,76.8,76.4,76.0,75.8,75.6,6,18,21,15,6,79.2,79.8,80.0,80.4,80.6,6,16,15,6,21,EXECUTABLE
MO2301-P-6500,20221206093251900,SG01,1,110.0,110.4,110.0,540,0.0,0.0,0.0,0,0,110.0,540,0,0,781.8,0.2,0,0,107.4,107.2,107.0,106.8,106.6,6,15,9,10,6,110.6,111.2,111.6,112.0,112.2,6,6,6,27,4,EXECUTABLE
MO2301-P-6600,20221206093251900,SG01,1,147.8,147.8,147.8,311,0.0,0.0,0.0,0,0,147.8,311,0,0,819.2,0.2,0,0,146.2,145.0,144.6,144.2,144.0,6,10,15,9,6,149.2,149.8,150.2,150.4,151.0,6,18,6,12,15,EXECUTABLE
MO2301-P-6700,20221206093251900,SG01,1,196.8,197.8,196.8,150,0.0,0.0,0.0,0,0,196.8,150,0,0,869.2,0.2,0,0,192.2,191.4,191.2,190.8,190.6,6,10,15,6,6,196.4,197.2,197.8,198.6,198.8,6,18,12,15,6,EXECUTABLE
MO2301-P-6800,20221206093251900,SG01,1,254.2,253.0,253.0,94,254.2,254.2,254.2,4,101680,254.2,91,0,0,924.4,0.2,0,0,248.6,246.2,245.6,245.2,244.6,21,18,6,6,6,253.0,254.0,254.4,254.6,254.8,12,18,10,10,12,EXECUTABLE
MO2301-P-6900,20221206093251900,SG01,1,319.8,319.8,319.8,48,0.0,0.0,0.0,0,0,319.8,48,0,0,991.2,0.2,0,0,311.6,310.6,309.8,309.0,308.2,6,13,21,6,6,320.4,320.6,320.8,321.2,321.4,12,4,12,6,10,EXECUTABLE
MO2301-P-7000,20221206093251900,SG01,1,389.6,389.6,389.6,39,0.0,0.0,0.0,0,0,389.6,39,0,0,1061.0,0.2,0,0,382.6,382.4,382.0,380.8,379.8,3,6,10,24,6,393.0,393.2,393.6,393.8,394.0,12,10,6,13,21,EXECUTABLE
MO2301-P-7100,20221206093251900,SG01,1,478.2,468.4,478.2,15,0.0,0.0,0.0,0,0,478.2,15,0,0,1139.8,0.2,0,0,460.8,459.8,459.6,459.4,458.4,6,4,18,12,6,471.2,471.4,471.6,472.2,472.4,12,12,6,6,4,EXECUTABLE
MO2301-C-7200,20221206093251900,SG01,1,41.6,40.6,40.2,254,41.6,41.6,41.6,1,4160,41.6,255,0,0,712.0,0.2,0,0,39.4,38.8,38.6,38.4,38.2,6,12,6,58,6,41.0,41.2,41.4,41.8,42.0,6,10,6,33,6,EXECUTABLE
MO2301-P-7200,20221206093251900,SG01,1,562.2,550.8,562.2,44,0.0,0.0,0.0,0,0,562.2,44,0,0,1222.2,0.2,0,0,543.0,542.8,542.0,541.8,540.6,4,30,15,12,6,554.8,555.0,555.2,555.8,556.2,13,6,6,21,12,EXECUTABLE
MO2212-C-7300,20221206093251900,SG01,1,3.2,3.0,3.0,780,3.2,3.2,3.2,3,960,3.2,783,0,0,674.4,0.2,0,0,3.2,3.0,2.8,2.6,1.8,10,36,21,7,40,3.4,3.6,3.8,6.0,0.0,25,45,1,1,0,EXECUTABLE
MO2212-P-7300,20221206093251900,SG01,1,586.4,605.8,586.4,24,0.0,0.0,0.0,0,0,586.4,24,0,0,1277.2,0.2,0,0,589.4,588.6,588.2,587.8,587.2,4,6,9,4,6,596.4,597.0,597.6,597.8,598.6,6,12,10,8,3,EXECUTABLE
MO2301-C-7300,20221206093251900,SG01,1,28.0,28.4,28.0,140,0.0,0.0,0.0,0,0,28.0,140,0,0,699.8,0.2,0,0,27.2,27.0,26.8,26.6,26.4,6,16,6,30,27,29.2,29.4,29.6,30.0,30.2,6,31,18,15,12,EXECUTABLE
MO2301-P-7300,20221206093251900,SG01,1,642.2,639.0,642.2,10,0.0,0.0,0.0,0,0,642.2,10,0,0,1310.4,0.2,0,0,631.6,631.2,630.0,629.8,628.6,12,13,6,12,6,642.6,642.8,643.2,643.8,644.2,6,18,6,6,15,EXECUTABLE
MO2309-P-7400,20221206093251900,SG01,1,1132.4,1117.6,1132.4,44,0.0,0.0,0.0,0,0,1132.4,44,0,0,1789.0,446.2,0,0,1101.4,1101.2,1100.8,1100.6,1097.2,8,1,5,18,22,1119.0,1125.6,1127.0,1128.4,1128.8,1,7,17,3,46,EXECUTABLE
MO2301-P-7400,20221206093251900,SG01,1,742.2,734.4,742.2,29,0.0,0.0,0.0,0,0,742.2,29,0,0,1405.8,63.0,0,0,722.6,722.4,722.2,720.0,719.8,6,15,16,6,6,733.2,734.2,734.4,735.2,735.4,6,6,8,6,21,EXECUTABLE
MO2302-C-5900,20221206093251900,SG01,1,776.6,792.6,776.6,4,0.0,0.0,0.0,0,0,776.6,4,0,0,1464.0,121.2,0,0,791.2,791.0,789.0,788.4,787.2,6,6,6,18,30,803.4,804.6,804.8,805.8,806.2,4,12,12,18,18,EXECUTABLE
MO2302-C-6000,20221206093251900,SG01,1,475.4,705.6,475.4,9,0.0,0.0,0.0,0,0,475.4,9,0,0,1377.0,34.2,0,0,702.4,702.2,699.8,699.4,698.8,6,6,6,48,6,717.2,717.4,717.6,717.8,718.6,16,18,12,18,6,EXECUTABLE
MO2302-C-6100,20221206093251900,SG01,1,500.0,621.6,500.0,2,0.0,0.0,0.0,0,0,500.0,2,0,0,1293.0,0.2,0,0,618.2,618.0,617.0,614.0,613.8,6,18,6,12,24,632.6,632.8,633.2,633.4,633.8,16,6,12,18,12,EXECUTABLE
MO2302-C-6200,20221206093251900,SG01,1,479.6,542.4,479.6,4,0.0,0.0,0.0,0,0,479.6,4,0,0,1213.8,0.2,0,0,539.2,539.0,536.6,535.8,535.6,6,12,6,37,12,553.2,553.4,553.8,554.2,554.8,10,24,13,6,6,EXECUTABLE
MO2302-C-6300,20221206093251900,SG01,1,471.0,465.0,471.0,7,0.0,0.0,0.0,0,0,471.0,7,0,0,1136.4,0.2,0,0,463.0,462.8,462.4,462.2,461.8,6,12,12,1,7,476.6,478.6,478.8,479.0,479.2,16,6,30,36,1,EXECUTABLE
MO2302-C-6400,20221206093251900,SG01,1,327.8,396.4,327.8,30,0.0,0.0,0.0,0,0,327.8,30,0,0,1067.8,0.2,0,0,393.4,393.2,393.0,392.8,392.6,6,18,1,7,6,405.2,407.6,408.8,409.4,410.0,4,36,19,12,6,EXECUTABLE
MO2302-C-6500,20221206093251900,SG01,1,334.4,334.0,334.4,116,0.0,0.0,0.0,0,0,334.4,116,0,0,1005.4,0.2,0,0,332.4,332.2,330.6,329.8,329.4,6,1,19,12,30,342.6,342.8,343.2,345.2,345.8,16,6,18,18,6,EXECUTABLE
MO2302-C-6600,20221206093251900,SG01,1,268.2,280.6,268.2,102,0.0,0.0,0.0,0,0,268.2,102,0,0,952.0,0.2,0,0,275.2,275.0,274.4,273.6,273.4,6,13,12,31,12,285.4,286.0,286.6,287.4,287.8,4,12,30,12,6,EXECUTABLE
MO2302-C-6700,20221206093251900,SG01,1,219.2,228.8,219.2,118,0.0,0.0,0.0,0,0,219.2,118,0,0,900.2,0.2,0,0,225.8,225.6,225.4,225.2,225.0,6,7,12,1,18,235.0,235.6,235.8,236.2,237.4,11,12,12,24,30,EXECUTABLE
MO2302-C-6800,20221206093251900,SG01,1,177.0,186.0,177.0,40,0.0,0.0,0.0,0,0,177.0,40,0,0,857.4,0.2,0,0,181.8,181.4,181.2,180.8,180.6,6,13,1,30,12,190.8,191.4,191.6,191.8,192.0,4,18,36,12,1,EXECUTABLE
MO2302-C-6900,20221206093251900,SG01,1,151.2,146.6,151.2,12,0.0,0.0,0.0,0,0,151.2,12,0,0,818.0,0.2,0,0,144.0,143.8,143.6,143.0,142.8,1,18,7,24,24,153.6,153.8,154.2,154.4,155.2,13,10,30,18,6,EXECUTABLE
MO2302-C-7000,20221206093251900,SG01,1,115.0,115.6,115.0,140,0.0,0.0,0.0,0,0,115.0,140,0,0,787.0,0.2,0,0,114.0,113.4,112.8,112.6,112.0,1,6,24,19,4,121.6,121.8,122.0,122.2,122.4,6,16,7,18,24,EXECUTABLE
MO2302-C-7300,20221206093251900,SG01,1,52.2,53.2,52.2,37,0.0,0.0,0.0,0,0,52.2,37,0,0,724.6,0.2,0,0,51.6,51.0,50.8,50.6,50.4,6,6,24,12,12,54.4,54.6,54.8,55.0,55.2,6,4,24,18,12,EXECUTABLE
MO2302-C-7400,20221206093251900,SG01,1,40.2,40.2,40.2,59,0.0,0.0,0.0,0,0,40.2,59,0,0,711.6,0.2,0,0,38.0,37.8,37.6,37.4,37.2,24,12,42,6,6,41.2,41.4,41.6,41.8,42.2,6,22,42,12,6,EXECUTABLE
MO2302-P-5900,20221206093251900,SG01,1,31.6,29.8,31.6,56,0.0,0.0,0.0,0,0,31.6,56,0,0,701.2,0.2,0,0,29.2,29.0,28.8,28.6,28.4,6,10,48,12,12,32.2,32.4,32.6,32.8,33.0,6,24,18,40,6,EXECUTABLE
MO2302-P-6000,20221206093251900,SG01,1,41.4,41.4,41.4,84,0.0,0.0,0.0,0,0,41.4,84,0,0,712.8,0.2,0,0,40.6,40.4,40.2,40.0,39.8,6,16,48,12,12,43.2,43.8,44.0,44.2,44.6,6,18,24,36,6,EXECUTABLE
MO2302-P-6100,20221206093251900,SG01,1,57.2,57.0,57.2,48,0.0,0.0,0.0,0,0,57.2,48,0,0,728.4,0.2,0,0,54.6,54.4,54.2,54.0,53.6,10,12,24,18,12,60.0,60.2,60.8,61.0,61.6,7,12,40,12,12,EXECUTABLE
MO2302-P-6200,20221206093251900,SG01,1,77.4,77.2,77.4,98,0.0,0.0,0.0,0,0,77.4,98,0,0,748.6,0.2,0,0,76.6,75.8,75.4,75.2,74.6,7,7,20,4,42,80.2,80.4,80.6,81.0,81.2,6,12,6,36,12,EXECUTABLE
MO2302-P-6300,20221206093251900,SG01,1,99.6,101.2,99.6,68,0.0,0.0,0.0,0,0,99.6,68,0,0,772.6,0.2,0,0,98.8,98.6,98.4,98.2,97.8,6,12,16,6,30,104.0,104.2,104.4,104.6,104.8,7,18,30,18,6,EXECUTABLE
MO2302-P-6400,20221206093251900,SG01,1,132.6,130.4,132.6,102,0.0,0.0,0.0,0,0,132.6,102,0,0,801.8,0.2,0,0,127.2,127.0,126.4,126.2,126.0,6,16,1,42,12,134.0,136.0,136.2,136.4,136.6,1,18,6,42,10,EXECUTABLE
MO2302-P-6500,20221206093251900,SG01,1,175.4,169.0,175.4,119,0.0,0.0,0.0,0,0,175.4,119,0,0,840.4,0.2,0,0,163.8,163.0,162.6,162.4,162.2,16,6,36,6,6,172.8,173.0,173.4,173.6,173.8,7,12,1,42,18,EXECUTABLE
MO2302-P-6600,20221206093251900,SG01,1,218.2,214.0,218.2,52,0.0,0.0,0.0,0,0,218.2,52,0,0,885.4,0.2,0,0,207.4,206.6,206.0,205.4,205.0,16,6,12,12,6,215.6,216.4,216.6,216.8,217.0,6,13,6,12,12,EXECUTABLE
MO2302-P-6700,20221206093251900,SG01,1,263.8,262.0,263.8,47,0.0,0.0,0.0,0,0,263.8,47,0,0,933.4,0.2,0,0,254.8,254.0,253.8,253.4,252.4,6,34,12,15,18,265.6,265.8,266.0,266.2,266.4,7,6,13,24,12,EXECUTABLE
MO2302-P-6800,20221206093251900,SG01,1,314.0,314.0,314.0,8,0.0,0.0,0.0,0,0,314.0,8,0,0,985.4,0.2,0,0,311.0,310.8,308.8,308.6,307.4,16,6,6,12,12,319.2,319.4,321.2,322.0,322.6,1,6,24,1,12,EXECUTABLE
MO2302-P-6900,20221206093251900,SG01,1,386.4,381.8,386.4,2,0.0,0.0,0.0,0,0,386.4,2,0,0,1053.2,0.2,0,0,371.2,370.6,370.4,369.8,369.4,17,6,12,6,18,383.2,383.4,384.0,384.4,384.8,6,12,1,18,30,EXECUTABLE
MO2302-P-7000,20221206093251900,SG01,1,500.0,450.2,500.0,14,0.0,0.0,0.0,0,0,500.0,14,0,0,1121.6,0.2,0,0,440.0,439.4,439.2,438.6,437.8,6,16,18,6,24,452.2,452.4,452.8,453.4,453.6,6,13,24,18,18,EXECUTABLE
MO2302-P-7100,20221206093251900,SG01,1,535.8,521.4,535.8,4,0.0,0.0,0.0,0,0,535.8,4,0,0,1192.8,0.2,0,0,510.8,510.6,510.2,510.0,509.4,16,18,12,12,6,524.6,526.4,526.6,526.8,527.2,6,6,13,18,6,EXECUTABLE
MO2302-P-7200,20221206093251900,SG01,1,730.2,599.2,730.2,15,0.0,0.0,0.0,0,0,730.2,15,0,0,1270.6,0.2,0,0,590.6,590.4,590.2,589.6,588.8,4,12,24,12,6,603.0,604.0,604.2,604.8,605.2,6,12,6,1,42,EXECUTABLE
MO2302-P-7300,20221206093251900,SG01,1,1000.0,682.6,1000.0,2,0.0,0.0,0.0,0,0,1000.0,2,0,0,1354.0,11.2,0,0,671.8,671.6,670.6,669.6,669.4,18,16,24,6,6,685.8,687.0,687.2,687.6,688.0,6,6,6,6,30,EXECUTABLE
MO2302-P-7400,20221206093251900,SG01,1,941.6,767.8,941.6,2,0.0,0.0,0.0,0,0,941.6,2,0,0,1439.2,96.4,0,0,759.4,758.6,758.4,757.0,756.4,10,18,12,12,6,772.4,772.6,775.2,777.0,777.8,6,12,12,12,24,EXECUTABLE
MO2302-C-5800,20221206093251900,SG01,1,867.4,882.4,867.4,2,0.0,0.0,0.0,0,0,867.4,2,0,0,1553.8,211.0,0,0,882.0,881.8,879.6,876.8,876.6,6,6,6,12,30,895.4,896.8,897.0,898.2,904.0,16,6,18,24,6,EXECUTABLE
MO2212-C-8200,20221206093251900,SG01,1,0.6,0.6,0.6,321,0.0,0.0,0.0,0,0,0.6,321,0,0,672.0,0.2,0,0,0.6,0.4,0.2,0.0,0.0,10,40,15,0,0,0.8,1.0,0.0,0.0,0.0,50,21,0,0,0,EXECUTABLE
MO2212-P-8200,20221206093251900,SG01,1,1518.8,1504.4,1518.8,55,0.0,0.0,0.0,0,0,1518.8,55,0,0,2175.8,833.0,0,0,1485.6,1483.4,1483.0,1482.6,1482.2,10,9,16,8,6,1495.2,1495.4,1495.8,1496.2,1496.8,6,10,6,8,3,EXECUTABLE
MO2212-C-6200,20221206093251900,SG01,1,491.0,507.2,491.0,219,0.0,0.0,0.0,0,0,491.0,219,0,0,1178.6,0.2,0,0,509.4,508.8,508.4,508.2,506.6,6,6,8,10,9,516.0,516.2,516.6,518.0,518.2,9,14,9,2,6,EXECUTABLE
MO2212-C-6400,20221206093251900,SG01,1,312.6,321.0,321.0,521,312.6,312.6,312.6,1,31260,312.6,521,0,0,992.4,0.2,0,0,321.4,319.0,318.8,317.6,317.2,6,10,6,6,9,324.6,324.8,326.2,326.4,327.0,6,4,19,2,6,EXECUTABLE
MO2212-C-6600,20221206093251900,SG01,1,160.6,159.2,159.2,1235,150.0,163.6,147.0,73,1143920,156.701,1242,0,0,830.6,0.2,0,0,159.8,159.4,158.6,158.2,158.0,1,6,1,2,8,161.6,163.0,163.2,163.8,164.2,10,6,14,6,2,EXECUTABLE
MO2212-C-6800,20221206093251900,SG01,1,60.0,59.8,59.8,3532,52.0,62.0,52.0,293,1730460,59.06,3651,0,0,731.2,0.2,0,0,59.2,58.8,58.2,58.0,57.8,6,4,1,8,9,60.2,60.6,60.8,61.0,61.2,4,1,6,9,3,EXECUTABLE
MO2212-C-7000,20221206093251900,SG01,1,18.4,18.4,18.4,2771,15.8,19.8,15.8,97,181220,18.682,2756,0,0,689.8,0.2,0,0,18.4,18.2,18.0,17.4,17.2,33,20,13,6,1,18.8,19.0,19.2,19.4,21.0,4,11,20,12,1,EXECUTABLE
MO2212-C-7200,20221206093251900,SG01,1,5.4,5.8,5.8,1863,5.4,5.8,4.8,22,11680,5.309,1881,0,0,677.2,0.2,0,0,5.6,5.4,5.2,4.4,3.8,19,45,9,2,3,5.8,6.0,6.2,6.4,9.0,9,43,9,1,3,EXECUTABLE
MO2212-C-7400,20221206093251900,SG01,1,1.8,1.8,1.8,905,0.0,0.0,0.0,0,0,1.8,905,0,0,673.2,0.2,0,0,2.0,1.8,1.4,1.2,0.0,10,51,1,40,0,2.2,2.4,2.6,3.0,3.2,5,57,6,1,1,EXECUTABLE
MO2212-C-7600,20221206093251900,SG01,1,1.2,1.2,1.2,589,0.0,0.0,0.0,0,0,1.2,589,0,0,672.6,0.2,0,0,1.0,0.8,0.0,0.0,0.0,23,42,0,0,0,1.2,1.4,1.6,1.8,2.0,4,60,1,1,1,EXECUTABLE
MO2212-C-7800,20221206093251900,SG01,1,0.8,0.8,0.8,227,0.0,0.0,0.0,0,0,0.8,227,0,0,672.2,0.2,0,0,0.8,0.6,0.4,0.0,0.0,10,49,12,0,0,1.0,1.2,1.4,1.6,1.8,30,42,2,1,1,EXECUTABLE
MO2212-P-6200,20221206093251900,SG01,1,3.0,3.0,3.0,2030,3.4,3.6,2.8,21,6700,3.19,2036,0,0,674.4,0.2,0,0,2.6,2.4,2.2,1.0,0.0,63,10,1,1,0,3.0,3.2,3.4,5.2,6.0,35,44,6,1,1,EXECUTABLE
MO2212-P-6400,20221206093251900,SG01,1,12.6,12.6,12.6,2572,14.2,14.2,11.6,63,76400,12.127,2551,0,0,684.0,0.2,0,0,12.0,11.8,11.6,11.4,11.2,12,19,22,2,1,12.2,12.4,12.6,12.8,13.0,12,6,18,25,6,EXECUTABLE
MO2212-P-6600,20221206093251900,SG01,1,49.6,52.6,52.6,2228,58.0,58.0,47.2,154,795480,51.655,2262,0,0,724.0,0.2,0,0,49.0,48.6,48.4,48.2,48.0,4,6,1,12,13,49.4,49.8,50.0,50.2,50.4,4,5,6,6,13,EXECUTABLE
MO2212-P-6800,20221206093251900,SG01,1,150.2,151.2,151.8,510,150.2,150.2,150.2,1,15020,150.2,511,0,0,822.6,0.2,0,0,146.2,146.0,145.2,145.0,144.4,1,12,12,2,6,149.6,150.0,151.0,151.2,151.6,4,6,6,8,4,EXECUTABLE
MO2212-P-7000,20221206093251900,SG01,1,314.0,311.0,314.0,127,0.0,0.0,0.0,0,0,314.0,127,0,0,982.4,0.2,0,0,305.4,304.6,304.0,302.6,302.0,4,9,16,12,6,309.2,310.6,311.0,311.2,312.2,6,4,2,6,9,EXECUTABLE
MO2212-P-7200,20221206093251900,SG01,1,493.8,507.6,493.8,111,0.0,0.0,0.0,0,0,493.8,111,0,0,1179.0,0.2,0,0,492.2,491.6,490.8,490.4,489.6,3,4,16,15,6,498.6,499.8,500.0,500.2,501.6,12,12,6,6,19,EXECUTABLE
MO2212-P-7400,20221206093251900,SG01,1,691.6,705.0,691.6,60,0.0,0.0,0.0,0,0,691.6,60,0,0,1376.4,33.6,0,0,688.2,688.0,687.0,686.8,685.6,4,6,3,16,6,695.2,695.6,695.8,696.4,697.0,6,6,8,10,6,EXECUTABLE
MO2212-P-7600,20221206093251900,SG01,1,919.0,904.2,919.0,44,0.0,0.0,0.0,0,0,919.0,44,0,0,1575.6,232.8,0,0,887.2,885.6,884.8,884.4,883.8,4,15,22,6,2,894.6,895.4,896.0,896.4,896.6,8,10,8,6,3,EXECUTABLE
MO2212-P-7800,20221206093251900,SG01,1,1297.4,1104.0,1297.4,81,0.0,0.0,0.0,0,0,1297.4,81,0,0,1775.4,432.6,0,0,1087.0,1085.6,1084.8,1084.0,1083.8,4,3,12,22,8,1095.4,1095.6,1095.8,1096.0,1097.0,6,18,6,6,13,EXECUTABLE
MO2303-C-6200,20221206093251900,SG01,1,476.2,549.4,476.2,219,0.0,0.0,0.0,0,0,476.2,219,0,0,1220.8,0.2,0,0,546.2,545.8,545.0,544.2,543.8,6,6,12,19,24,557.4,558.0,558.2,559.0,559.4,12,12,18,6,4,EXECUTABLE
MO2303-C-6400,20221206093251900,SG01,1,413.0,417.4,413.0,167,0.0,0.0,0.0,0,0,413.0,167,0,0,1088.8,0.2,0,0,413.4,411.8,411.6,411.0,408.8,6,2,42,24,12,424.8,425.0,425.8,426.2,427.0,12,24,12,12,4,EXECUTABLE
MO2303-C-6600,20221206093251900,SG01,1,310.0,311.6,310.0,138,0.0,0.0,0.0,0,0,310.0,138,0,0,983.0,0.2,0,0,310.6,305.6,305.0,303.4,303.2,1,6,6,6,12,315.2,315.6,315.8,316.0,317.2,6,12,18,16,6,EXECUTABLE
MO2303-C-6800,20221206093251900,SG01,1,224.2,224.2,224.2,217,0.0,0.0,0.0,0,0,224.2,217,0,0,895.6,0.2,0,0,218.0,217.8,217.6,217.2,217.0,6,1,6,6,18,227.6,228.2,228.4,228.6,229.2,10,24,30,12,18,EXECUTABLE
MO2303-C-7000,20221206093251900,SG01,1,153.8,155.6,153.8,366,0.0,0.0,0.0,0,0,153.8,366,0,0,827.0,0.2,0,0,151.0,150.8,150.6,150.2,150.0,1,18,12,18,18,159.6,159.8,160.0,160.6,160.8,4,18,30,12,6,EXECUTABLE
MO2303-C-7200,20221206093251900,SG01,1,107.4,107.2,107.4,190,0.0,0.0,0.0,0,0,107.4,190,0,0,778.6,0.2,0,0,103.2,102.6,102.4,102.2,102.0,6,25,12,30,12,108.8,109.0,109.2,109.4,109.6,4,12,48,18,9,EXECUTABLE
MO2303-C-7600,20221206093251900,SG01,1,48.2,47.4,48.2,405,0.0,0.0,0.0,0,0,48.2,405,0,0,718.8,0.2,0,0,45.6,45.4,45.0,44.8,44.4,6,18,30,15,10,48.6,48.8,49.0,49.2,49.4,4,21,36,6,6,EXECUTABLE
MO2303-C-7800,20221206093251900,SG01,1,33.2,32.0,33.2,497,0.0,0.0,0.0,0,0,33.2,497,0,0,703.4,0.2,0,0,30.8,30.6,30.4,30.2,30.0,4,12,30,18,27,33.8,34.0,34.2,34.4,34.6,6,27,42,6,4,EXECUTABLE
MO2303-P-6200,20221206093251900,SG01,1,128.8,121.2,128.8,122,0.0,0.0,0.0,0,0,128.8,122,0,0,792.6,0.2,0,0,119.6,119.4,118.8,118.6,118.4,10,12,18,12,6,126.6,126.8,127.0,127.2,127.4,6,6,12,12,30,EXECUTABLE
MO2303-P-6400,20221206093251900,SG01,1,197.2,188.8,197.2,137,0.0,0.0,0.0,0,0,197.2,137,0,0,860.2,0.2,0,0,185.0,184.8,184.6,184.4,184.0,10,6,18,18,12,194.8,195.2,195.4,195.6,195.8,12,1,1,24,12,EXECUTABLE
MO2303-P-6600,20221206093251900,SG01,1,290.8,279.8,290.8,141,0.0,0.0,0.0,0,0,290.8,141,0,0,951.2,0.2,0,0,273.8,273.4,273.2,272.8,272.0,4,24,6,18,6,285.2,285.6,285.8,286.0,286.2,1,6,12,36,7,EXECUTABLE
MO2303-P-6800,20221206093251900,SG01,1,407.2,389.2,407.2,97,0.0,0.0,0.0,0,0,407.2,97,0,0,1060.6,0.2,0,0,383.8,383.2,383.0,382.8,382.4,4,12,6,12,24,396.8,397.0,397.2,397.4,397.6,1,6,18,30,13,EXECUTABLE
MO2303-P-7000,20221206093251900,SG01,1,518.0,518.8,518.0,223,0.0,0.0,0.0,0,0,518.0,223,0,0,1190.2,0.2,0,0,513.6,513.2,512.4,512.2,512.0,10,6,18,24,12,527.8,528.0,529.2,529.4,529.8,7,6,6,12,13,EXECUTABLE
MO2303-P-7200,20221206093251900,SG01,1,666.4,669.6,666.4,55,0.0,0.0,0.0,0,0,666.4,55,0,0,1341.0,0.2,0,0,663.4,663.0,662.4,662.2,661.8,12,18,12,6,10,677.8,678.2,679.6,680.0,681.0,9,12,24,12,12,EXECUTABLE
MO2303-P-7400,20221206093251900,SG01,1,998.0,832.6,998.0,52,0.0,0.0,0.0,0,0,998.0,52,0,0,1504.0,161.2,0,0,828.0,826.8,825.8,825.6,823.4,12,24,16,12,6,841.2,841.6,844.2,844.6,845.6,2,12,12,18,24,EXECUTABLE
MO2303-P-7600,20221206093251900,SG01,1,1053.0,1009.2,1053.0,31,0.0,0.0,0.0,0,0,1053.0,31,0,0,1680.6,337.8,0,0,1001.6,1001.4,1001.2,1001.0,1000.8,12,6,12,4,12,1015.2,1017.6,1017.8,1018.4,1019.6,6,6,12,6,18,EXECUTABLE
MO2303-P-7800,20221206093251900,SG01,1,1251.0,1190.8,1251.0,54,0.0,0.0,0.0,0,0,1251.0,54,0,0,1862.2,519.4,0,0,1184.8,1184.4,1183.0,1182.8,1181.6,12,12,28,4,6,1197.6,1199.6,1199.8,1201.6,1202.2,6,6,6,12,18,EXECUTABLE
MO2306-C-6200,20221206093251900,SG01,1,582.6,578.6,582.6,108,0.0,0.0,0.0,0,0,582.6,108,0,0,1250.0,0.2,0,0,576.4,575.2,573.4,573.0,572.8,1,6,7,6,30,589.2,589.4,591.0,591.4,593.0,12,18,12,5,12,EXECUTABLE
MO2306-C-6400,20221206093251900,SG01,1,468.6,463.4,468.6,67,0.0,0.0,0.0,0,0,468.6,67,0,0,1134.8,0.2,0,0,461.0,460.8,460.6,459.8,459.2,1,5,13,24,18,476.0,476.8,477.4,478.2,478.4,10,12,12,12,17,EXECUTABLE
MO2306-C-6600,20221206093251900,SG01,1,375.6,368.8,375.8,118,375.6,375.6,375.6,1,37560,375.6,119,0,0,1040.2,0.2,0,0,375.6,367.6,367.2,367.0,366.2,1,6,12,30,18,379.0,380.4,380.8,381.0,381.4,10,6,17,6,24,EXECUTABLE
MO2306-C-6800,20221206093251900,SG01,1,294.2,294.2,294.2,208,0.0,0.0,0.0,0,0,294.2,208,0,0,965.6,0.2,0,0,286.0,285.8,285.0,284.8,284.6,6,1,19,17,6,298.4,299.4,299.6,300.2,301.6,1,12,12,18,12,EXECUTABLE
MO2306-C-7000,20221206093251900,SG01,1,229.2,223.2,229.2,533,0.0,0.0,0.0,0,0,229.2,533,0,0,894.6,0.2,0,0,221.0,220.4,219.8,219.6,218.2,18,2,23,18,6,230.8,231.4,231.6,231.8,232.2,6,40,24,12,5,EXECUTABLE
MO2306-C-7600,20221206093251900,SG01,1,101.2,99.2,101.2,357,0.0,0.0,0.0,0,0,101.2,357,0,0,770.6,0.2,0,0,98.8,97.8,97.6,97.2,97.0,6,6,6,36,12,104.2,104.4,104.8,105.0,105.2,21,12,27,18,12,EXECUTABLE
MO2306-C-7800,20221206093251900,SG01,1,72.4,76.2,72.4,489,0.0,0.0,0.0,0,0,72.4,489,0,0,747.6,0.2,0,0,74.4,74.2,74.0,73.6,73.4,6,5,6,6,18,79.8,80.4,80.6,80.8,81.0,1,40,18,27,6,EXECUTABLE
MO2306-P-6400,20221206093251900,SG01,1,353.6,344.6,353.6,243,0.0,0.0,0.0,0,0,353.6,243,0,0,1016.0,0.2,0,0,342.8,342.4,342.0,341.8,341.0,1,4,24,6,24,353.6,354.2,354.4,354.8,355.0,1,12,18,18,18,EXECUTABLE
MO2306-P-6600,20221206093251900,SG01,1,454.0,447.8,454.0,107,0.0,0.0,0.0,0,0,454.0,107,0,0,1119.2,0.2,0,0,442.0,441.2,440.8,440.6,440.2,6,11,12,34,18,455.2,455.4,455.8,457.0,457.6,1,1,18,35,12,EXECUTABLE
MO2306-P-6800,20221206093251900,SG01,1,564.4,564.4,564.4,73,0.0,0.0,0.0,0,0,564.4,73,0,0,1235.8,0.2,0,0,558.4,558.0,556.6,556.2,553.2,4,24,30,6,6,571.4,572.0,573.6,574.4,574.8,1,6,18,30,12,EXECUTABLE
MO2306-P-7000,20221206093251900,SG01,1,720.2,699.0,720.2,55,0.0,0.0,0.0,0,0,720.2,55,0,0,1370.4,27.6,0,0,688.2,687.2,687.0,685.4,685.2,18,12,12,10,5,703.6,704.2,704.4,704.6,706.2,1,1,18,23,12,EXECUTABLE
MO2306-P-7200,20221206093251900,SG01,1,1000.0,840.0,1000.0,44,0.0,0.0,0.0,0,0,1000.0,44,0,0,1511.4,168.6,0,0,834.8,833.8,833.4,832.0,831.0,4,6,18,30,6,852.6,852.8,853.0,853.6,853.8,6,7,5,18,24,EXECUTABLE
MO2306-P-7400,20221206093251900,SG01,1,1011.6,1004.2,1011.6,34,0.0,0.0,0.0,0,0,1011.6,34,0,0,1675.6,332.8,0,0,990.2,987.6,987.2,987.0,985.6,10,18,24,10,6,1008.8,1009.0,1009.4,1009.6,1009.8,1,11,19,12,16,EXECUTABLE
MO2306-P-7800,20221206093251900,SG01,1,1394.4,1339.6,1394.4,53,0.0,0.0,0.0,0,0,1394.4,53,0,0,2011.0,668.2,0,0,1330.0,1328.2,1326.8,1326.4,1323.8,4,12,18,18,10,1348.8,1349.0,1349.6,1352.0,1352.4,6,6,18,12,10,EXECUTABLE
MO2212-P-8000,20221206093252400,SG01,1,1547.4,1304.0,1547.4,128,0.0,0.0,0.0,0,0,1547.4,128,0,0,1975.4,632.6,0,0,1285.2,1284.6,1283.8,1283.2,1283.0,9,4,10,12,2,1293.2,1294.4,1295.8,1296.0,1298.4,6,6,10,14,9,EXECUTABLE
MO2303-P-8000,20221206093252400,SG01,1,1536.0,1379.6,1536.0,90,0.0,0.0,0.0,0,0,1536.0,90,0,0,2051.0,708.2,0,0,1372.4,1370.6,1370.0,1369.0,1368.8,12,30,6,6,16,1386.8,1389.4,1390.8,1392.0,1392.8,6,6,24,24,6,EXECUTABLE
MO2306-P-8000,20221206093252400,SG01,1,1764.6,1518.4,1764.6,49,0.0,0.0,0.0,0,0,1764.6,49,0,0,2189.8,847.0,0,0,1510.8,1508.0,1507.4,1507.2,1505.4,4,12,18,22,6,1527.6,1527.8,1529.0,1529.2,1529.8,6,1,6,12,18,EXECUTABLE
MO2212-C-6500,20221206093252400,SG01,1,234.0,231.8,231.8,1035,228.0,240.4,228.0,19,437560,230.295,1038,0,0,903.2,0.2,0,0,233.2,233.0,232.8,232.4,232.2,6,12,4,6,8,238.2,238.4,238.6,238.8,239.0,3,6,16,8,10,EXECUTABLE
MO2212-C-6700,20221206093252400,SG01,1,101.2,99.0,99.0,2860,90.2,103.0,90.2,167,1631100,97.671,2877,0,0,770.4,0.2,0,0,100.2,100.0,99.6,99.4,99.2,1,13,8,1,10,102.0,102.4,102.6,102.8,103.0,6,4,1,11,13,EXECUTABLE
MO2212-C-6900,20221206093252400,SG01,1,32.8,33.4,33.4,2833,30.0,35.2,29.4,179,592980,33.127,2873,0,0,704.8,0.2,0,0,33.6,33.4,33.0,32.8,32.6,3,10,16,8,9,34.2,34.6,34.8,35.0,35.6,10,5,13,28,6,EXECUTABLE
MO2212-C-7100,20221206093252400,SG01,1,10.0,9.8,9.8,1316,8.6,10.6,8.6,111,110500,9.955,1294,0,0,681.2,0.2,0,0,10.0,9.8,9.4,9.0,8.8,9,49,3,1,2,10.4,10.8,11.2,18.2,20.2,43,10,1,40,14,EXECUTABLE
MO2212-P-5900,20221206093252400,SG01,1,1.0,1.2,1.2,1025,1.0,1.0,1.0,3,300,1.0,1023,0,0,672.6,0.2,0,0,1.0,0.8,0.6,0.0,0.0,1,58,9,0,0,1.2,1.4,1.6,0.0,0.0,32,38,6,0,0,EXECUTABLE
MO2212-P-6100,20221206093252400,SG01,1,1.4,2.0,2.0,1560,1.4,1.4,1.4,2,280,1.4,1560,0,0,673.4,0.2,0,0,1.4,1.2,0.8,0.2,0.0,60,14,20,2,0,1.8,2.0,2.2,0.0,0.0,27,45,7,0,0,EXECUTABLE
MO2212-P-6300,20221206093252400,SG01,1,5.6,6.0,6.0,2206,6.0,7.0,5.4,48,27040,5.633,2206,0,0,677.4,0.2,0,0,5.6,5.4,5.0,4.8,2.0,35,45,2,1,1,5.8,6.0,6.2,6.4,8.0,6,61,10,10,1,EXECUTABLE
MO2212-P-6500,20221206093252400,SG01,1,24.8,25.0,25.0,1729,28.0,28.2,23.4,146,369620,25.316,1726,0,0,696.4,0.2,0,0,24.6,24.4,24.2,24.0,23.8,1,6,23,15,14,24.8,25.0,25.2,25.4,25.6,5,6,4,6,5,EXECUTABLE
MO2212-P-6700,20221206093252400,SG01,1,90.0,95.6,95.6,3590,100.2,100.2,87.4,137,1252480,91.422,3586,0,0,767.0,0.2,0,0,88.0,87.6,87.4,87.2,87.0,1,8,6,13,1,90.0,90.2,90.4,90.8,91.0,17,6,2,6,6,EXECUTABLE
MO2212-P-6900,20221206093252400,SG01,1,228.8,227.0,227.0,196,228.8,228.8,228.8,1,22880,228.8,196,0,0,898.4,0.2,0,0,219.2,219.0,218.8,218.2,217.8,16,6,6,9,6,224.2,224.4,224.6,224.8,225.6,1,2,16,6,6,EXECUTABLE
MO2212-P-7100,20221206093252400,SG01,1,415.6,411.2,415.6,61,0.0,0.0,0.0,0,0,415.6,61,0,0,1082.6,0.2,0,0,395.4,395.0,394.6,394.2,394.0,6,4,15,9,10,402.8,403.0,403.2,404.0,404.6,10,8,6,6,19,EXECUTABLE
MO2309-C-5800,20221206093252400,SG01,1,871.8,871.8,871.8,129,0.0,0.0,0.0,0,0,871.8,129,0,0,1543.2,200.4,0,0,857.2,857.0,855.8,855.4,854.8,6,3,1,18,42,874.2,875.6,875.8,877.2,878.0,13,18,6,6,30,EXECUTABLE
MO2309-C-6000,20221206093252400,SG01,1,740.8,732.4,740.8,132,0.0,0.0,0.0,0,0,740.8,132,0,0,1403.8,61.0,0,0,734.2,728.6,726.4,726.2,726.0,1,1,17,15,18,745.6,746.4,746.6,746.8,747.4,8,11,12,12,12,EXECUTABLE
MO2309-C-6200,20221206093252400,SG01,1,609.0,615.2,609.0,149,0.0,0.0,0.0,0,0,609.0,149,0,0,1286.6,0.2,0,0,614.4,613.6,613.2,613.0,610.8,1,1,6,6,11,628.0,628.2,630.4,630.6,631.0,2,6,6,5,30,EXECUTABLE
MO2309-C-6400,20221206093252400,SG01,1,549.0,509.2,549.0,157,0.0,0.0,0.0,0,0,549.0,157,0,0,1180.6,0.2,0,0,510.8,510.6,510.0,509.8,509.6,6,1,9,1,23,524.8,525.0,525.4,526.8,527.4,25,6,12,30,3,EXECUTABLE
MO2309-C-6600,20221206093252400,SG01,1,427.0,419.8,427.0,170,0.0,0.0,0.0,0,0,427.0,170,0,0,1091.2,0.2,0,0,422.4,420.2,419.6,419.4,419.2,1,3,11,12,31,432.8,433.4,434.8,435.0,435.6,2,12,23,18,24,EXECUTABLE
MO2309-C-6800,20221206093252400,SG01,1,346.0,340.6,346.0,139,0.0,0.0,0.0,0,0,346.0,139,0,0,1012.0,0.2,0,0,342.2,342.0,341.2,341.0,340.6,2,3,11,6,18,353.2,353.6,353.8,354.2,354.6,2,6,11,12,12,EXECUTABLE
MO2309-C-7000,20221206093252400,SG01,1,279.0,277.4,279.0,200,0.0,0.0,0.0,0,0,279.0,200,0,0,948.8,0.2,0,0,273.6,272.8,272.6,270.8,270.4,1,15,12,18,24,284.2,285.0,287.0,288.0,288.2,1,2,12,41,12,EXECUTABLE
MO2309-C-7200,20221206093252400,SG01,1,218.4,222.0,218.4,324,0.0,0.0,0.0,0,0,218.4,324,0,0,893.4,0.2,0,0,219.6,219.4,219.2,218.4,218.0,6,3,1,18,17,227.8,229.2,230.0,230.2,231.2,1,19,36,18,15,EXECUTABLE
MO2309-P-5800,20221206093252400,SG01,1,226.0,234.4,226.0,79,0.0,0.0,0.0,0,0,226.0,79,0,0,905.8,0.2,0,0,229.8,229.0,228.4,227.8,227.2,1,2,18,41,18,237.4,238.4,238.6,238.8,239.0,1,6,3,11,42,EXECUTABLE
MO2309-P-6200,20221206093252400,SG01,1,375.0,379.0,375.0,123,0.0,0.0,0.0,0,0,375.0,123,0,0,1050.4,0.2,0,0,373.4,372.2,371.8,371.0,370.8,8,6,36,6,12,384.8,385.2,386.0,386.4,386.8,1,9,6,11,36,EXECUTABLE
MO2309-P-6600,20221206093252400,SG01,1,578.4,577.0,578.4,46,0.0,0.0,0.0,0,0,578.4,46,0,0,1248.4,0.2,0,0,569.0,568.4,566.8,566.4,565.4,2,12,11,30,12,581.8,584.6,584.8,585.8,586.2,1,6,8,42,12,EXECUTABLE
MO2309-P-7000,20221206093252400,SG01,1,818.6,825.4,818.6,47,0.0,0.0,0.0,0,0,818.6,47,0,0,1496.8,154.0,0,0,815.4,815.0,813.0,812.4,811.8,6,13,12,18,15,828.8,830.8,833.6,835.8,836.0,1,6,12,15,29,EXECUTABLE
MO2309-P-7200,20221206093252400,SG01,1,1000.0,967.0,1000.0,58,0.0,0.0,0.0,0,0,1000.0,58,0,0,1638.4,295.6,0,0,954.6,951.6,951.4,951.2,950.4,14,10,20,12,12,969.8,971.6,976.8,977.4,978.8,1,6,38,18,4,EXECUTABLE
MO2212-C-5700,20221206093252400,SG01,1,1015.2,996.2,1015.2,53,0.0,0.0,0.0,0,0,1015.2,53,0,0,1667.6,324.8,0,0,1005.8,1005.0,1004.8,1003.6,1002.8,6,10,14,6,3,1014.0,1015.2,1015.4,1015.6,1016.6,6,7,22,9,6,EXECUTABLE
MO2303-C-5600,20221206093252400,SG01,1,1052.0,1050.4,1052.0,66,0.0,0.0,0.0,0,0,1052.0,66,0,0,1721.8,379.0,0,0,1045.0,1043.4,1043.2,1041.8,1040.2,6,6,6,18,12,1057.4,1058.2,1058.8,1059.8,1062.8,6,12,18,22,10,EXECUTABLE
MO2306-C-5600,20221206093252400,SG01,1,999.6,1010.8,999.6,32,0.0,0.0,0.0,0,0,999.6,32,0,0,1682.2,339.4,0,0,1003.6,1003.4,1003.2,1000.0,999.6,6,6,11,42,7,1022.4,1022.8,1023.4,1024.4,1025.6,12,22,18,12,17,EXECUTABLE
MO2309-C-5600,20221206093252400,SG01,1,934.4,1008.8,934.4,116,0.0,0.0,0.0,0,0,934.4,116,0,0,1680.2,337.4,0,0,1001.0,999.4,996.8,996.4,996.2,1,6,18,20,28,1019.4,1020.2,1021.0,1021.2,1021.4,8,12,9,33,6,EXECUTABLE
MO2309-P-5600,20221206093252400,SG01,1,181.8,180.6,181.8,155,0.0,0.0,0.0,0,0,181.8,155,0,0,852.0,0.2,0,0,177.0,176.2,174.8,174.4,173.4,1,2,18,24,26,183.8,184.6,184.8,185.0,185.4,1,6,15,23,30,EXECUTABLE
MO2212-C-5600,20221206093252400,SG01,1,1116.8,1096.0,1116.8,48,0.0,0.0,0.0,0,0,1116.8,48,0,0,1767.4,424.6,0,0,1106.0,1104.0,1103.8,1103.2,1101.8,6,10,12,8,13,1113.8,1114.0,1114.4,1115.0,1115.4,9,6,16,4,6,EXECUTABLE
MO2303-P-8200,20221206093252400,SG01,1,1571.8,1590.6,1571.8,103,0.0,0.0,0.0,0,0,1571.8,103,0,0,2262.0,919.2,0,0,1563.8,1561.8,1561.0,1560.8,1560.6,12,24,18,16,6,1578.4,1582.0,1582.4,1583.2,1583.4,12,6,18,36,10,EXECUTABLE
MO2306-C-8200,20221206093252400,SG01,1,48.2,46.6,48.2,561,0.0,0.0,0.0,0,0,48.2,561,0,0,718.0,0.2,0,0,46.6,46.4,46.2,45.8,45.0,4,17,27,12,6,49.8,50.0,50.2,50.4,51.0,12,12,21,16,1,EXECUTABLE
MO2306-P-8200,20221206093252400,SG01,1,1802.8,1703.8,1802.8,42,0.0,0.0,0.0,0,0,1802.8,42,0,0,2375.2,1032.4,0,0,1695.2,1692.4,1692.2,1691.2,1690.6,4,12,6,28,6,1712.6,1712.8,1713.2,1713.6,1716.8,6,1,6,24,5,EXECUTABLE
MO2212-C-5800,20221206093252400,SG01,1,917.6,896.4,917.6,34,0.0,0.0,0.0,0,0,917.6,34,0,0,1567.8,225.0,0,0,906.4,905.2,905.0,903.6,903.2,6,10,12,6,11,914.2,914.4,914.6,915.6,915.8,6,3,16,4,6,EXECUTABLE
MO2212-P-5800,20221206093252400,SG01,1,1.0,1.0,1.0,516,0.0,0.0,0.0,0,0,1.0,516,0,0,672.4,0.2,0,0,0.8,0.6,0.4,0.0,0.0,1,57,7,0,0,1.0,1.2,1.4,0.0,0.0,25,40,1,0,0,EXECUTABLE
MO2303-C-5800,20221206093252400,SG01,1,876.0,871.0,876.0,101,0.0,0.0,0.0,0,0,876.0,101,0,0,1542.4,199.6,0,0,867.4,863.4,863.0,862.6,861.0,6,6,12,24,12,878.6,880.0,880.2,880.4,882.4,24,18,12,6,6,EXECUTABLE
MO2303-P-5800,20221206093252400,SG01,1,47.8,45.6,49.4,195,47.8,47.8,47.8,2,9560,47.8,195,0,0,717.0,0.2,0,0,44.6,44.2,44.0,43.8,43.6,6,22,22,18,6,47.2,47.6,47.8,48.0,0.0,6,12,46,21,0,EXECUTABLE
MO2306-C-5800,20221206093252400,SG01,1,898.0,849.4,898.0,100,0.0,0.0,0.0,0,0,898.0,100,0,0,1520.8,178.0,0,0,846.4,846.2,845.4,844.2,843.4,6,6,5,13,6,866.4,866.8,867.0,867.2,867.4,22,12,18,6,6,EXECUTABLE
MO2212-C-8000,20221206093252400,SG01,1,0.8,0.8,0.8,940,0.0,0.0,0.0,0,0,0.8,940,0,0,672.2,0.2,0,0,0.8,0.6,0.4,0.0,0.0,12,43,22,0,0,1.0,1.2,1.4,0.0,0.0,49,31,1,0,0,EXECUTABLE
MO2306-P-5800,20221206093252400,SG01,1,143.0,143.0,143.0,66,0.0,0.0,0.0,0,0,143.0,66,0,0,814.4,0.2,0,0,140.6,140.0,139.6,138.4,138.2,1,10,12,30,12,146.4,146.6,148.2,148.4,148.8,1,6,6,17,36,EXECUTABLE
MO2212-C-6000,20221206093252400,SG01,1,708.6,697.4,708.6,58,0.0,0.0,0.0,0,0,708.6,58,0,0,1368.8,26.0,0,0,707.2,707.0,706.6,705.8,705.2,6,10,8,6,7,715.6,715.8,716.0,716.4,716.6,7,6,13,6,6,EXECUTABLE
MO2212-P-6000,20221206093252400,SG01,1,1.4,1.4,1.4,1401,0.0,0.0,0.0,0,0,1.4,1401,0,0,672.8,0.2,0,0,1.2,1.0,0.8,0.0,0.0,1,57,10,0,0,1.4,1.6,1.8,2.8,0.0,25,43,9,1,0,EXECUTABLE
MO2303-C-6000,20221206093252400,SG01,1,703.0,701.8,703.0,120,0.0,0.0,0.0,0,0,703.0,120,0,0,1373.2,30.4,0,0,697.6,695.2,694.8,694.0,693.2,6,12,18,30,6,711.6,712.0,712.4,712.6,712.8,6,12,36,12,4,EXECUTABLE
MO2303-P-6000,20221206093252400,SG01,1,77.2,74.8,77.2,181,0.0,0.0,0.0,0,0,77.2,181,0,0,746.2,0.2,0,0,75.0,74.4,74.0,73.8,73.6,1,4,36,12,24,79.2,79.4,79.8,80.0,80.2,6,13,12,16,48,EXECUTABLE
MO2306-C-6000,20221206093252400,SG01,1,708.0,705.8,708.0,123,0.0,0.0,0.0,0,0,708.0,123,0,0,1377.2,34.4,0,0,703.0,702.8,702.4,701.4,701.2,6,1,19,24,24,720.0,720.2,720.4,720.6,722.4,12,16,24,6,6,EXECUTABLE
MO2212-C-5900,20221206093252400,SG01,1,796.2,805.0,796.2,45,0.0,0.0,0.0,0,0,796.2,45,0,0,1476.4,133.6,0,0,806.6,806.4,805.4,805.2,803.8,6,12,9,16,6,815.2,815.6,816.2,816.4,816.6,10,3,6,10,12,EXECUTABLE
MO2212-C-6100,20221206093252400,SG01,1,594.0,598.4,594.0,107,0.0,0.0,0.0,0,0,594.0,107,0,0,1269.8,0.2,0,0,608.2,608.0,607.6,606.6,605.6,6,10,8,9,6,615.2,615.8,616.2,617.2,617.4,3,16,10,8,6,EXECUTABLE
MO2212-C-6300,20221206093252400,SG01,1,401.0,411.0,401.0,204,0.0,0.0,0.0,0,0,401.0,204,0,0,1082.4,0.2,0,0,413.4,413.2,412.8,412.6,412.4,6,6,4,6,2,419.8,420.0,420.4,420.6,421.0,3,4,6,6,8,EXECUTABLE
MO2212-C-5500,20221206093252400,SG01,1,1196.0,1195.8,1196.0,42,0.0,0.0,0.0,0,0,1196.0,42,0,0,1867.2,524.4,0,0,1205.8,1204.8,1203.4,1203.2,1202.8,6,6,10,8,3,1213.4,1214.6,1215.2,1215.4,1215.6,6,4,3,10,6,EXECUTABLE
MO2212-P-5500,20221206093252400,SG01,1,0.8,0.8,0.8,502,0.0,0.0,0.0,0,0,0.8,502,0,0,672.2,0.2,0,0,0.6,0.4,0.2,0.0,0.0,31,32,1,0,0,0.8,1.0,1.2,0.0,0.0,10,37,7,0,0,EXECUTABLE
MO2303-C-5400,20221206093252400,SG01,1,1236.0,1238.8,1236.0,37,0.0,0.0,0.0,0,0,1236.0,37,0,0,1910.2,567.4,0,0,1232.6,1231.8,1230.4,1228.6,1228.4,6,6,12,24,10,1244.6,1245.4,1245.8,1246.0,1247.4,12,6,12,6,16,EXECUTABLE
MO2303-P-5400,20221206093252400,SG01,1,15.4,15.4,15.4,138,0.0,0.0,0.0,0,0,15.4,138,0,0,686.8,0.2,0,0,15.4,15.0,14.8,14.6,14.2,1,12,28,51,6,16.0,16.2,16.4,16.6,16.8,18,6,11,57,6,EXECUTABLE
MO2306-C-5400,20221206093252400,SG01,1,1115.0,1187.8,1115.0,46,0.0,0.0,0.0,0,0,1115.0,46,0,0,1859.2,516.4,0,0,1170.6,1170.0,1169.8,1169.4,1167.2,6,6,18,19,6,1188.4,1188.6,1189.4,1190.2,1190.4,6,10,16,12,6,EXECUTABLE
MO2212-C-7500,20221206093252400,SG01,1,1.2,1.2,1.2,211,0.0,0.0,0.0,0,0,1.2,211,0,0,672.6,0.2,0,0,1.2,1.0,0.0,0.0,0.0,56,13,0,0,0,1.6,1.8,2.0,2.2,0.0,35,31,7,1,0,EXECUTABLE
MO2212-P-7500,20221206093252400,SG01,1,913.0,804.4,913.0,13,0.0,0.0,0.0,0,0,913.0,13,0,0,1475.8,133.0,0,0,786.0,785.8,785.2,784.2,784.0,7,6,6,22,6,794.2,795.0,795.2,795.6,797.2,6,10,14,6,13,EXECUTABLE
MO2301-C-7500,20221206093252400,SG01,1,13.6,14.4,13.6,273,12.8,13.6,12.8,4,5240,13.1,275,0,0,685.8,0.2,0,0,13.6,13.2,13.0,12.8,12.6,10,33,39,6,1,14.6,14.8,15.0,15.2,16.0,6,12,39,21,4,EXECUTABLE
MO2301-P-7500,20221206093252400,SG01,1,837.2,823.8,837.2,13,0.0,0.0,0.0,0,0,837.2,13,0,0,1495.2,152.4,0,0,816.2,816.0,814.8,813.6,812.8,6,15,18,12,6,827.6,827.8,828.0,830.0,830.2,10,18,6,27,12,EXECUTABLE
MO2212-C-5300,20221206093252400,SG01,1,1367.0,1406.0,1367.0,39,0.0,0.0,0.0,0,0,1367.0,39,0,0,2077.4,734.6,0,0,1405.2,1402.8,1402.6,1402.4,1400.2,6,10,12,8,9,1413.4,1414.0,1414.4,1415.6,1415.8,9,4,4,6,6,EXECUTABLE
MO2212-C-5400,20221206093252400,SG01,1,1266.2,1306.2,1266.2,41,0.0,0.0,0.0,0,0,1266.2,41,0,0,1977.6,634.8,0,0,1304.8,1304.6,1303.2,1303.0,1302.6,6,16,6,8,3,1314.2,1314.6,1315.6,1316.0,1316.6,6,4,15,7,6,EXECUTABLE
MO2212-P-5300,20221206093252400,SG01,1,0.6,0.6,0.6,483,0.0,0.0,0.0,0,0,0.6,483,0,0,672.0,0.2,0,0,0.6,0.4,0.0,0.0,0.0,13,50,0,0,0,0.8,1.0,1.2,0.0,0.0,18,41,1,0,0,EXECUTABLE
MO2212-P-5400,20221206093252400,SG01,1,0.8,0.8,0.8,296,0.0,0.0,0.0,0,0,0.8,296,0,0,672.2,0.2,0,0,0.6,0.4,0.0,0.0,0.0,31,39,0,0,0,0.8,1.0,1.2,0.0,0.0,16,37,6,0,0,EXECUTABLE
MO2303-C-5200,20221206093252400,SG01,1,1452.4,1429.6,1452.4,32,0.0,0.0,0.0,0,0,1452.4,32,0,0,2101.0,758.2,0,0,1424.6,1422.6,1421.2,1420.0,1419.6,12,12,6,12,22,1437.0,1437.6,1438.0,1439.8,1440.0,18,18,12,16,6,EXECUTABLE
MO2303-P-5200,20221206093252400,SG01,1,9.2,9.2,9.2,272,9.2,9.2,9.2,5,4600,9.2,277,0,0,680.6,0.2,0,0,9.0,8.8,8.6,8.4,0.6,6,31,18,6,2,9.6,9.8,10.0,0.0,0.0,12,37,12,0,0,EXECUTABLE
MO2309-C-5200,20221206093252400,SG01,1,1330.2,1330.2,1330.2,99,0.0,0.0,0.0,0,0,1330.2,99,0,0,2001.6,658.8,0,0,1312.4,1311.8,1311.4,1311.2,1309.8,6,8,11,3,18,1332.8,1333.4,1334.6,1334.8,1335.8,8,12,9,18,6,EXECUTABLE
MO2301-C-5600,20221206093252400,SG01,1,903.0,1089.2,903.0,38,0.0,0.0,0.0,0,0,903.0,38,0,0,1760.6,417.8,0,0,1085.6,1085.4,1085.2,1084.8,1083.6,6,5,18,6,33,1096.0,1096.2,1096.4,1097.4,1098.6,6,27,6,12,12,EXECUTABLE
MO2301-P-5600,20221206093252400,SG01,1,5.8,5.8,5.8,203,5.8,5.8,5.8,5,2900,5.8,208,0,0,677.2,0.2,0,0,5.4,5.2,5.0,4.8,4.4,6,18,24,16,1,5.8,6.0,6.2,7.8,0.0,16,30,24,1,0,EXECUTABLE
MO2301-C-7400,20221206093252400,SG01,1,18.8,20.4,20.4,232,18.8,18.8,18.8,1,1880,18.8,232,0,0,691.8,0.2,0,0,19.2,19.0,18.8,18.6,18.2,16,12,39,21,1,20.4,20.6,20.8,21.0,21.2,6,21,39,6,6,EXECUTABLE
MO2301-C-5700,20221206093252400,SG01,1,968.2,993.2,968.2,8,0.0,0.0,0.0,0,0,968.2,8,0,0,1664.6,321.8,0,0,987.8,987.6,987.0,986.0,985.6,10,18,6,21,6,998.6,999.0,999.4,999.6,999.8,6,6,15,18,6,EXECUTABLE
MO2301-C-5800,20221206093252400,SG01,1,918.0,883.6,918.0,23,0.0,0.0,0.0,0,0,918.0,23,0,0,1555.0,212.2,0,0,891.4,890.8,890.6,890.0,889.4,2,11,19,6,6,902.0,902.2,902.6,902.8,903.0,6,6,15,18,6,EXECUTABLE
MO2301-C-5900,20221206093252400,SG01,1,805.4,788.0,805.4,29,0.0,0.0,0.0,0,0,805.4,29,0,0,1459.4,116.6,0,0,795.6,795.4,794.4,793.0,792.8,10,18,6,27,24,805.8,806.6,806.8,807.0,808.0,6,21,6,18,6,EXECUTABLE
MO2301-C-6000,20221206093252400,SG01,1,718.8,704.8,718.8,36,0.0,0.0,0.0,0,0,718.8,36,0,0,1376.2,33.4,0,0,702.2,702.0,701.4,700.6,700.0,6,22,1,6,9,711.8,712.4,713.2,713.8,714.4,6,18,9,6,18,EXECUTABLE
MO2301-C-6100,20221206093252400,SG01,1,626.8,612.8,626.8,21,0.0,0.0,0.0,0,0,626.8,21,0,0,1284.2,0.2,0,0,610.6,610.0,609.8,609.0,608.4,2,17,18,15,18,619.6,620.2,620.4,621.4,621.6,6,6,6,9,24,EXECUTABLE
MO2301-C-6200,20221206093252400,SG01,1,520.0,525.4,520.0,47,0.0,0.0,0.0,0,0,520.0,47,0,0,1196.8,0.2,0,0,523.0,522.8,521.2,521.0,520.0,6,16,6,7,21,531.8,532.0,532.2,533.2,533.4,12,3,15,6,6,EXECUTABLE
MO2301-C-6300,20221206093252400,SG01,1,439.0,442.2,439.0,94,0.0,0.0,0.0,0,0,439.0,94,0,0,1113.6,0.2,0,0,442.8,441.2,441.0,440.8,440.6,1,10,6,1,12,447.6,448.4,448.6,449.8,451.6,6,12,18,6,6,EXECUTABLE
MO2301-C-6400,20221206093252400,SG01,1,366.8,365.0,363.0,82,366.8,366.8,366.8,1,36680,366.8,82,0,0,1036.4,0.2,0,0,366.2,365.0,364.8,364.6,363.8,1,10,19,21,6,370.2,370.8,371.2,371.6,372.4,6,15,6,12,3,EXECUTABLE
MO2301-C-6500,20221206093252400,SG01,1,297.6,293.0,288.0,191,296.0,297.6,296.0,2,59360,296.8,192,0,0,964.4,0.2,0,0,298.2,296.4,296.2,296.0,295.8,6,1,10,12,6,300.6,301.0,301.6,302.2,302.6,6,6,6,15,6,EXECUTABLE
MO2301-C-6600,20221206093252400,SG01,1,237.0,236.8,236.8,254,241.4,241.4,236.0,3,71440,238.133,254,0,0,908.2,0.2,0,0,237.2,235.6,235.2,235.0,234.6,6,11,12,15,12,239.6,240.2,240.8,241.6,241.8,6,6,6,9,12,EXECUTABLE
MO2301-C-6700,20221206093252400,SG01,1,180.0,186.4,186.4,451,180.0,180.0,180.0,5,90000,180.0,446,0,0,857.8,0.2,0,0,183.6,183.0,182.4,182.2,182.0,6,17,18,6,9,187.2,187.8,188.2,188.4,188.8,6,6,6,15,6,EXECUTABLE
MO2301-C-6800,20221206093252400,SG01,1,140.6,141.2,140.6,277,0.0,0.0,0.0,0,0,140.6,277,0,0,812.6,0.2,0,0,140.8,140.0,139.4,139.0,138.4,6,12,11,6,21,143.2,143.4,143.6,143.8,146.0,12,15,6,12,6,EXECUTABLE
MO2301-C-6900,20221206093252400,SG01,1,106.6,106.6,106.6,193,0.0,0.0,0.0,0,0,106.6,193,0,0,778.0,0.2,0,0,103.8,103.6,103.4,103.0,102.8,16,1,12,18,21,107.2,107.4,108.0,108.6,109.6,27,6,12,12,12,EXECUTABLE
MO2301-C-7000,20221206093252400,SG01,1,78.0,78.0,78.0,274,0.0,0.0,0.0,0,0,78.0,274,0,0,749.4,0.2,0,0,77.0,76.8,76.4,76.0,75.8,6,4,6,7,24,78.6,78.8,79.0,79.2,80.0,9,15,12,6,6,EXECUTABLE
MO2301-C-7100,20221206093252400,SG01,1,56.4,56.4,56.4,345,0.0,0.0,0.0,0,0,56.4,345,0,0,727.8,0.2,0,0,54.4,54.0,53.8,53.6,53.4,23,6,6,6,18,56.6,56.8,57.2,57.4,57.8,12,9,21,9,6,EXECUTABLE
MO2301-P-5700,20221206093252400,SG01,1,7.6,7.6,7.6,145,7.6,7.6,7.6,1,760,7.6,146,0,0,679.0,0.2,0,0,7.0,6.8,6.6,6.4,5.4,6,54,6,4,1,7.6,7.8,8.0,9.8,0.0,16,54,6,1,0,EXECUTABLE
MO2301-P-5800,20221206093252400,SG01,1,11.6,10.2,10.2,276,10.8,11.6,10.8,6,6880,11.467,282,0,0,681.6,0.2,0,0,9.6,9.4,9.0,8.8,1.0,24,24,6,6,8,10.4,10.6,10.8,12.8,0.0,40,18,6,1,0,EXECUTABLE
MO2301-P-5900,20221206093252400,SG01,1,14.6,14.6,14.6,248,0.0,0.0,0.0,0,0,14.6,248,0,0,686.0,0.2,0,0,13.2,13.0,12.8,12.6,12.4,6,30,33,9,1,14.4,14.6,14.8,15.0,15.6,22,9,39,18,1,EXECUTABLE
MO2301-P-6000,20221206093252400,SG01,1,20.8,20.4,20.4,496,20.0,20.8,20.0,23,46980,20.426,514,0,0,691.8,0.2,0,0,19.2,19.0,18.8,18.6,18.4,12,30,12,6,6,20.4,20.6,20.8,21.0,24.0,10,24,12,24,1,EXECUTABLE
MO2301-P-6100,20221206093252400,SG01,1,29.2,28.6,29.2,590,0.0,0.0,0.0,0,0,29.2,590,0,0,700.0,0.2,0,0,27.8,27.6,27.4,27.2,27.0,6,6,6,33,12,29.0,29.2,29.4,29.8,30.2,10,6,6,18,21,EXECUTABLE
MO2301-P-6200,20221206093252400,SG01,1,39.4,40.0,40.0,432,44.2,44.2,39.4,3,12300,41.0,433,0,0,711.4,0.2,0,0,38.4,38.2,38.0,37.8,37.6,6,27,12,18,12,40.8,41.0,41.4,41.6,41.8,22,6,15,24,9,EXECUTABLE
MO2301-P-6300,20221206093252400,SG01,1,57.6,57.6,57.6,398,0.0,0.0,0.0,0,0,57.6,398,0,0,729.0,0.2,0,0,55.2,55.0,54.8,54.6,54.2,6,3,27,9,6,57.6,57.8,58.0,58.4,58.6,16,6,12,24,12,EXECUTABLE
MO2301-P-6400,20221206093252400,SG01,1,76.0,78.6,77.4,839,76.4,76.4,76.0,5,38040,76.08,839,0,0,750.0,0.2,0,0,76.4,76.0,75.8,75.6,75.4,6,9,24,6,12,78.8,79.0,79.4,79.8,80.0,6,4,6,12,9,EXECUTABLE
MO2301-P-6500,20221206093252400,SG01,1,110.0,110.4,110.0,540,0.0,0.0,0.0,0,0,110.0,540,0,0,781.8,0.2,0,0,107.0,106.8,106.6,106.2,105.6,18,15,12,6,6,110.6,111.2,111.6,112.0,112.2,10,12,12,15,6,EXECUTABLE
MO2301-P-6600,20221206093252400,SG01,1,147.8,147.8,147.8,311,0.0,0.0,0.0,0,0,147.8,311,0,0,819.2,0.2,0,0,145.0,144.6,144.2,144.0,143.2,12,9,9,18,6,148.8,149.2,149.8,150.2,150.4,6,4,18,6,6,EXECUTABLE
MO2301-P-6700,20221206093252400,SG01,1,196.8,197.8,196.8,150,0.0,0.0,0.0,0,0,196.8,150,0,0,869.2,0.2,0,0,191.4,191.2,190.8,190.6,190.2,12,9,9,12,6,195.8,196.4,197.2,197.8,198.6,6,4,18,6,15,EXECUTABLE
MO2301-P-6800,20221206093252400,SG01,1,254.2,253.0,253.0,94,254.2,254.2,254.2,4,101680,254.2,91,0,0,924.4,0.2,0,0,248.2,246.2,245.6,245.2,244.8,6,18,12,15,6,252.8,253.0,253.8,254.0,254.4,4,18,6,12,7,EXECUTABLE
MO2301-P-6900,20221206093252400,SG01,1,319.8,319.8,319.8,48,0.0,0.0,0.0,0,0,319.8,48,0,0,991.2,0.2,0,0,311.0,310.6,309.8,309.0,308.2,6,3,21,12,12,318.8,319.8,320.4,320.6,320.8,1,2,16,6,12,EXECUTABLE
MO2301-P-7000,20221206093252400,SG01,1,389.6,389.6,389.6,39,0.0,0.0,0.0,0,0,389.6,39,0,0,1061.0,0.2,0,0,382.4,382.0,380.8,379.0,378.8,6,12,24,6,12,392.4,393.0,393.2,393.8,394.0,6,22,6,22,9,EXECUTABLE
MO2301-P-7100,20221206093252400,SG01,1,478.2,468.4,478.2,15,0.0,0.0,0.0,0,0,478.2,15,0,0,1139.8,0.2,0,0,459.6,459.4,458.4,458.2,456.6,21,15,12,6,6,471.2,471.4,471.6,472.2,472.4,17,12,6,21,6,EXECUTABLE
MO2301-C-7200,20221206093252400,SG01,1,41.6,40.6,40.2,254,41.6,41.6,41.6,1,4160,41.6,255,0,0,712.0,0.2,0,0,39.6,39.2,38.8,38.6,38.4,6,4,18,6,48,41.2,41.4,41.6,41.8,42.0,6,6,6,33,6,EXECUTABLE
MO2301-P-7200,20221206093252400,SG01,1,562.2,550.8,562.2,44,0.0,0.0,0.0,0,0,562.2,44,0,0,1222.2,0.2,0,0,543.0,542.8,542.0,541.8,540.6,6,30,15,12,6,554.8,555.0,555.2,555.8,556.2,17,6,6,21,12,EXECUTABLE
MO2212-C-7300,20221206093252400,SG01,1,3.2,3.0,3.0,780,3.2,3.2,3.2,3,960,3.2,783,0,0,674.4,0.2,0,0,3.2,3.0,2.8,2.6,1.8,10,39,19,6,40,3.4,3.6,3.8,0.0,0.0,22,48,2,0,0,EXECUTABLE
MO2212-P-7300,20221206093252400,SG01,1,586.4,605.8,586.4,24,0.0,0.0,0.0,0,0,586.4,24,0,0,1277.2,0.2,0,0,588.6,588.2,587.8,587.2,586.2,6,3,4,16,14,596.4,597.0,597.2,597.6,597.8,10,12,6,6,2,EXECUTABLE
MO2301-C-7300,20221206093252400,SG01,1,28.0,28.4,28.0,140,0.0,0.0,0.0,0,0,28.0,140,0,0,699.8,0.2,0,0,27.2,27.0,26.8,26.6,26.4,22,12,6,24,21,29.2,29.4,29.6,30.0,30.2,6,27,18,9,12,EXECUTABLE
MO2301-P-7300,20221206093252400,SG01,1,642.2,639.0,642.2,10,0.0,0.0,0.0,0,0,642.2,10,0,0,1310.4,0.2,0,0,631.6,631.2,630.0,629.8,629.2,6,3,12,30,6,642.6,642.8,643.0,643.8,644.2,10,18,6,6,15,EXECUTABLE
MO2301-P-7400,20221206093252400,SG01,1,742.2,734.4,742.2,29,0.0,0.0,0.0,0,0,742.2,29,0,0,1405.8,63.0,0,0,722.4,722.2,720.6,720.0,719.8,3,12,6,12,18,733.0,733.2,734.0,734.4,735.2,6,16,6,12,6,EXECUTABLE
MO2302-C-5900,20221206093252400,SG01,1,776.6,792.6,776.6,4,0.0,0.0,0.0,0,0,776.6,4,0,0,1464.0,121.2,0,0,791.2,791.0,789.0,788.4,787.2,6,6,12,12,36,804.6,804.8,805.8,806.2,806.4,12,12,18,18,12,EXECUTABLE
MO2302-C-6000,20221206093252400,SG01,1,475.4,705.6,475.4,9,0.0,0.0,0.0,0,0,475.4,9,0,0,1377.0,34.2,0,0,702.4,702.2,699.8,699.4,698.8,6,12,12,36,12,717.2,717.4,717.6,717.8,718.6,6,18,18,12,12,EXECUTABLE
MO2302-C-6100,20221206093252400,SG01,1,500.0,621.6,500.0,2,0.0,0.0,0.0,0,0,500.0,2,0,0,1293.0,0.2,0,0,618.2,618.0,617.0,614.2,614.0,6,18,12,4,12,632.6,632.8,633.2,633.4,633.8,6,6,18,18,12,EXECUTABLE
MO2302-C-6200,20221206093252400,SG01,1,479.6,542.4,479.6,4,0.0,0.0,0.0,0,0,479.6,4,0,0,1213.8,0.2,0,0,539.2,539.0,535.8,535.6,535.4,6,24,37,12,4,553.4,553.8,554.2,554.8,555.0,30,13,6,12,6,EXECUTABLE
MO2302-C-6300,20221206093252400,SG01,1,471.0,465.0,471.0,7,0.0,0.0,0.0,0,0,471.0,7,0,0,1136.4,0.2,0,0,463.0,462.8,462.4,462.2,461.8,7,12,18,19,12,476.6,478.8,479.0,479.2,480.0,12,18,42,7,6,EXECUTABLE
MO2302-C-6400,20221206093252400,SG01,1,327.8,396.4,327.8,30,0.0,0.0,0.0,0,0,327.8,30,0,0,1067.8,0.2,0,0,393.4,393.2,393.0,392.8,392.6,7,18,7,18,18,407.6,408.8,409.4,410.0,411.6,12,19,24,18,3,EXECUTABLE
MO2302-C-6500,20221206093252400,SG01,1,334.4,334.0,334.4,116,0.0,0.0,0.0,0,0,334.4,116,0,0,1005.4,0.2,0,0,332.4,332.2,330.6,329.8,329.4,12,7,19,24,24,342.6,342.8,343.2,345.2,345.8,6,6,36,12,6,EXECUTABLE
MO2302-C-6600,20221206093252400,SG01,1,268.2,280.6,268.2,102,0.0,0.0,0.0,0,0,268.2,102,0,0,952.0,0.2,0,0,275.2,275.0,274.4,273.6,273.4,6,13,12,31,12,286.0,286.6,287.4,287.8,288.2,12,24,12,12,6,EXECUTABLE
MO2302-C-6700,20221206093252400,SG01,1,219.2,228.8,219.2,118,0.0,0.0,0.0,0,0,219.2,118,0,0,900.2,0.2,0,0,225.8,225.6,225.4,225.2,225.0,6,7,18,7,24,235.6,235.8,236.2,237.2,237.4,6,18,24,6,30,EXECUTABLE
MO2302-C-6800,20221206093252400,SG01,1,177.0,186.0,177.0,40,0.0,0.0,0.0,0,0,177.0,40,0,0,857.4,0.2,0,0,181.8,181.4,181.2,180.8,180.6,6,13,1,36,12,191.4,191.6,191.8,192.4,193.0,12,36,18,12,6,EXECUTABLE
MO2302-C-6900,20221206093252400,SG01,1,151.2,146.6,151.2,12,0.0,0.0,0.0,0,0,151.2,12,0,0,818.0,0.2,0,0,144.0,143.8,143.6,143.4,143.0,1,18,7,4,12,153.6,153.8,154.2,154.4,155.2,13,6,18,18,6,EXECUTABLE
MO2302-C-7000,20221206093252400,SG01,1,115.0,115.6,115.0,140,0.0,0.0,0.0,0,0,115.0,140,0,0,787.0,0.2,0,0,114.0,113.4,112.8,112.6,111.6,1,7,24,22,6,121.6,121.8,122.0,122.2,122.4,6,12,6,18,12,EXECUTABLE
MO2302-C-7100,20221206093252400,SG01,1,93.0,90.2,93.0,76,0.0,0.0,0.0,0,0,93.0,76,0,0,761.6,0.2,0,0,87.8,87.4,87.2,87.0,86.8,12,1,37,12,18,93.8,94.2,94.4,94.6,94.8,6,12,12,15,24,EXECUTABLE
MO2302-C-7200,20221206093252400,SG01,1,68.6,69.4,68.6,26,0.0,0.0,0.0,0,0,68.6,26,0,0,740.8,0.2,0,0,66.8,66.6,66.4,66.2,66.0,6,12,26,22,18,72.6,72.8,73.4,73.6,73.8,6,6,30,21,9,EXECUTABLE
MO2302-C-7300,20221206093252400,SG01,1,52.2,53.2,52.2,37,0.0,0.0,0.0,0,0,52.2,37,0,0,724.6,0.2,0,0,51.6,51.0,50.8,50.6,50.4,12,6,24,24,6,54.4,54.8,55.0,55.2,56.4,6,24,18,12,12,EXECUTABLE
MO2302-C-7400,20221206093252400,SG01,1,40.2,40.2,40.2,59,0.0,0.0,0.0,0,0,40.2,59,0,0,711.6,0.2,0,0,38.0,37.8,37.6,37.4,37.2,24,12,42,6,10,41.2,41.4,41.6,41.8,42.2,6,18,42,12,6,EXECUTABLE
MO2302-P-5900,20221206093252400,SG01,1,31.6,29.8,31.6,56,0.0,0.0,0.0,0,0,31.6,56,0,0,701.2,0.2,0,0,29.0,28.8,28.6,28.4,28.2,6,48,12,12,6,32.2,32.4,32.6,32.8,33.0,6,28,18,36,6,EXECUTABLE
MO2302-P-6000,20221206093252400,SG01,1,41.4,41.4,41.4,84,0.0,0.0,0.0,0,0,41.4,84,0,0,712.8,0.2,0,0,40.6,40.4,40.2,40.0,39.8,6,12,39,21,12,43.2,43.8,44.0,44.2,44.4,6,27,24,27,4,EXECUTABLE
MO2302-P-6100,20221206093252400,SG01,1,57.2,57.0,57.2,48,0.0,0.0,0.0,0,0,57.2,48,0,0,728.4,0.2,0,0,54.4,54.2,54.0,53.4,52.8,12,24,24,12,10,60.0,60.2,60.4,60.8,61.0,7,12,4,36,12,EXECUTABLE
MO2302-P-6200,20221206093252400,SG01,1,77.4,77.2,77.4,98,0.0,0.0,0.0,0,0,77.4,98,0,0,748.6,0.2,0,0,76.6,75.8,75.4,74.6,74.4,7,7,20,48,24,80.2,80.4,80.6,81.0,81.2,6,12,6,36,12,EXECUTABLE
MO2302-P-6300,20221206093252400,SG01,1,99.6,101.2,99.6,68,0.0,0.0,0.0,0,0,99.6,68,0,0,772.6,0.2,0,0,98.8,98.6,98.4,98.2,97.8,6,12,12,6,30,103.4,104.0,104.2,104.4,104.6,6,7,18,30,18,EXECUTABLE
MO2302-P-6400,20221206093252400,SG01,1,132.6,130.4,132.6,102,0.0,0.0,0.0,0,0,132.6,102,0,0,801.8,0.2,0,0,127.2,127.0,126.4,126.2,126.0,6,12,1,42,12,134.0,136.0,136.2,136.4,136.6,1,22,6,42,6,EXECUTABLE
MO2302-P-6500,20221206093252400,SG01,1,175.4,169.0,175.4,119,0.0,0.0,0.0,0,0,175.4,119,0,0,840.4,0.2,0,0,163.8,163.0,162.6,162.4,162.2,12,6,36,6,6,172.8,173.0,173.4,173.6,173.8,7,12,1,42,18,EXECUTABLE
MO2302-P-6600,20221206093252400,SG01,1,218.2,214.0,218.2,52,0.0,0.0,0.0,0,0,218.2,52,0,0,885.4,0.2,0,0,207.4,206.2,206.0,205.4,205.0,6,6,24,12,12,215.6,216.4,216.6,216.8,217.0,13,12,12,30,18,EXECUTABLE
MO2302-P-6700,20221206093252400,SG01,1,263.8,262.0,263.8,47,0.0,0.0,0.0,0,0,263.8,47,0,0,933.4,0.2,0,0,254.0,253.8,253.4,252.4,251.6,30,12,15,18,6,265.6,265.8,266.0,266.2,266.4,7,6,13,24,12,EXECUTABLE
MO2302-P-6800,20221206093252400,SG01,1,314.0,314.0,314.0,8,0.0,0.0,0.0,0,0,314.0,8,0,0,985.4,0.2,0,0,311.0,310.8,308.6,307.4,307.2,12,6,30,12,6,319.2,319.4,321.2,322.0,322.6,8,6,24,6,30,EXECUTABLE
MO2302-P-6900,20221206093252400,SG01,1,386.4,381.8,386.4,2,0.0,0.0,0.0,0,0,386.4,2,0,0,1053.2,0.2,0,0,371.2,370.6,370.4,369.8,369.4,12,6,12,6,18,383.2,383.4,384.0,384.4,384.8,6,18,1,12,30,EXECUTABLE
MO2302-P-7000,20221206093252400,SG01,1,500.0,450.2,500.0,14,0.0,0.0,0.0,0,0,500.0,14,0,0,1121.6,0.2,0,0,440.0,439.4,439.2,438.6,437.8,6,12,18,6,18,450.8,452.2,452.4,452.8,453.4,6,6,13,18,18,EXECUTABLE
MO2302-P-7100,20221206093252400,SG01,1,535.8,521.4,535.8,4,0.0,0.0,0.0,0,0,535.8,4,0,0,1192.8,0.2,0,0,510.8,510.6,510.2,510.0,509.4,6,12,6,18,12,524.4,524.6,526.6,526.8,527.2,6,18,13,36,12,EXECUTABLE
MO2302-P-7200,20221206093252400,SG01,1,730.2,599.2,730.2,15,0.0,0.0,0.0,0,0,730.2,15,0,0,1270.6,0.2,0,0,590.4,590.2,588.8,588.6,587.0,12,24,18,6,6,602.8,603.0,604.0,604.2,604.8,6,6,12,6,1,EXECUTABLE
MO2302-P-7300,20221206093252400,SG01,1,1000.0,682.6,1000.0,2,0.0,0.0,0.0,0,0,1000.0,2,0,0,1354.0,11.2,0,0,671.8,671.6,670.6,669.6,669.4,6,12,6,18,24,685.6,685.8,687.2,687.6,688.0,6,6,18,18,24,EXECUTABLE
MO2302-P-7400,20221206093252400,SG01,1,941.6,767.8,941.6,2,0.0,0.0,0.0,0,0,941.6,2,0,0,1439.2,96.4,0,0,758.6,758.4,757.0,756.6,756.4,12,12,18,6,6,772.4,772.6,775.2,776.6,777.0,6,24,6,4,18,EXECUTABLE
MO2302-C-5800,20221206093252400,SG01,1,867.4,882.4,867.4,2,0.0,0.0,0.0,0,0,867.4,2,0,0,1553.8,211.0,0,0,882.0,881.8,879.6,876.6,876.2,6,6,18,36,4,895.4,896.8,897.0,898.2,904.0,6,6,24,18,12,EXECUTABLE
MO2212-P-8200,20221206093252400,SG01,1,1518.8,1504.4,1518.8,55,0.0,0.0,0.0,0,0,1518.8,55,0,0,2175.8,833.0,0,0,1484.8,1483.6,1483.4,1483.0,1482.6,4,6,3,12,2,1493.4,1495.2,1495.4,1496.2,1496.8,6,10,12,2,13,EXECUTABLE
MO2212-C-6200,20221206093252400,SG01,1,491.0,507.2,491.0,219,0.0,0.0,0.0,0,0,491.0,219,0,0,1178.6,0.2,0,0,509.6,509.4,508.8,508.4,508.2,6,10,6,2,9,516.6,517.6,518.0,518.2,519.4,9,10,5,16,6,EXECUTABLE
MO2212-C-6400,20221206093252400,SG01,1,312.6,321.0,321.0,521,312.6,312.6,312.6,1,31260,312.6,521,0,0,992.4,0.2,0,0,320.4,319.6,319.2,319.0,318.8,6,4,6,6,8,325.4,326.2,327.0,327.8,328.0,6,17,12,2,6,EXECUTABLE
MO2212-C-6600,20221206093252400,SG01,1,160.6,159.2,159.2,1235,150.0,163.6,147.0,73,1143920,156.701,1242,0,0,830.6,0.2,0,0,160.8,159.8,159.6,158.6,158.2,1,1,6,6,6,162.4,162.8,163.2,163.8,164.2,6,4,14,6,2,EXECUTABLE
MO2212-C-6800,20221206093252400,SG01,1,60.2,59.8,59.8,3532,52.0,62.0,52.0,297,1754540,59.075,3652,0,0,731.2,0.2,0,0,59.4,59.2,59.0,58.4,58.0,5,8,12,9,6,60.6,61.0,61.2,61.8,62.0,1,3,9,1,18,EXECUTABLE
MO2212-C-7000,20221206093252400,SG01,1,18.4,18.4,18.4,2771,15.8,19.8,15.8,97,181220,18.682,2756,0,0,689.8,0.2,0,0,18.6,18.4,18.2,18.0,17.6,11,24,16,15,1,19.0,19.2,19.4,20.8,21.0,17,18,12,1,1,EXECUTABLE
MO2212-C-7200,20221206093252400,SG01,1,5.4,5.8,5.8,1863,5.4,5.8,4.8,22,11680,5.309,1881,0,0,677.2,0.2,0,0,5.6,5.4,4.8,4.4,3.8,25,48,1,1,3,5.8,6.0,6.2,6.4,9.0,6,46,9,2,3,EXECUTABLE
MO2212-C-7400,20221206093252400,SG01,1,1.8,1.8,1.8,905,0.0,0.0,0.0,0,0,1.8,905,0,0,673.2,0.2,0,0,2.0,1.8,1.6,1.2,0.0,10,54,1,40,0,2.2,2.4,2.6,3.0,3.2,1,65,6,1,1,EXECUTABLE
MO2212-C-7600,20221206093252400,SG01,1,1.2,1.2,1.2,589,0.0,0.0,0.0,0,0,1.2,589,0,0,672.6,0.2,0,0,1.0,0.8,0.0,0.0,0.0,23,42,0,0,0,1.4,1.6,1.8,2.0,0.0,64,2,1,1,0,EXECUTABLE
MO2212-P-6200,20221206093252400,SG01,1,3.0,3.0,3.0,2030,3.4,3.6,2.8,21,6700,3.19,2036,0,0,674.4,0.2,0,0,2.6,2.4,2.2,1.0,0.0,55,6,1,1,0,2.8,3.0,3.2,3.4,6.0,6,26,36,6,2,EXECUTABLE
MO2212-P-6400,20221206093252400,SG01,1,12.0,12.6,12.6,2572,14.2,14.2,11.6,69,83600,12.116,2551,0,0,684.0,0.2,0,0,11.8,11.6,11.4,11.2,10.6,24,22,6,1,3,12.0,12.2,12.4,12.6,12.8,6,6,10,24,24,EXECUTABLE
MO2212-P-6600,20221206093252400,SG01,1,49.0,52.6,52.6,2228,58.0,58.0,47.2,158,815080,51.587,2266,0,0,724.0,0.2,0,0,48.4,48.2,48.0,47.8,46.6,7,12,17,6,1,49.4,49.6,49.8,50.2,50.4,6,4,6,6,19,EXECUTABLE
MO2212-P-6800,20221206093252400,SG01,1,150.2,151.2,151.8,510,150.2,150.2,150.2,1,15020,150.2,511,0,0,822.6,0.2,0,0,146.0,145.4,145.2,145.0,144.4,6,6,12,2,6,149.4,149.6,149.8,150.4,151.0,3,6,4,6,6,EXECUTABLE
MO2212-P-7000,20221206093252400,SG01,1,314.0,311.0,314.0,127,0.0,0.0,0.0,0,0,314.0,127,0,0,982.4,0.2,0,0,304.6,303.8,303.4,302.6,302.0,9,4,6,6,22,309.8,310.2,310.4,311.0,311.2,6,4,6,2,6,EXECUTABLE
MO2212-P-7200,20221206093252400,SG01,1,493.8,507.6,493.8,111,0.0,0.0,0.0,0,0,493.8,111,0,0,1179.0,0.2,0,0,490.8,490.4,490.2,489.6,488.2,6,18,4,16,2,498.6,499.6,499.8,500.0,501.6,22,6,8,3,16,EXECUTABLE
MO2212-P-7400,20221206093252400,SG01,1,691.6,705.0,691.6,60,0.0,0.0,0.0,0,0,691.6,60,0,0,1376.4,33.6,0,0,686.8,686.0,685.6,684.8,683.2,19,6,10,12,6,695.2,695.6,695.8,696.4,697.0,10,6,8,15,4,EXECUTABLE
MO2212-P-7600,20221206093252400,SG01,1,919.0,904.2,919.0,44,0.0,0.0,0.0,0,0,919.0,44,0,0,1575.6,232.8,0,0,885.6,884.8,883.8,883.2,882.2,13,6,18,6,6,893.2,893.8,894.4,894.6,895.8,6,6,6,12,6,EXECUTABLE
MO2212-P-7800,20221206093252400,SG01,1,1297.4,1104.0,1297.4,81,0.0,0.0,0.0,0,0,1297.4,81,0,0,1775.4,432.6,0,0,1085.6,1085.4,1084.8,1084.0,1083.8,3,4,6,10,8,1093.2,1093.8,1095.4,1095.6,1095.8,6,6,10,8,6,EXECUTABLE
MO2303-C-6200,20221206093252400,SG01,1,476.2,549.4,476.2,219,0.0,0.0,0.0,0,0,476.2,219,0,0,1220.8,0.2,0,0,546.2,545.8,545.0,544.2,543.8,6,6,18,19,18,557.4,558.0,558.2,559.0,559.4,6,6,24,12,4,EXECUTABLE
MO2303-C-6400,20221206093252400,SG01,1,413.0,417.4,413.0,167,0.0,0.0,0.0,0,0,413.0,167,0,0,1088.8,0.2,0,0,413.4,412.8,411.8,411.6,411.4,12,6,2,36,6,425.0,425.8,426.2,427.0,428.0,24,12,24,10,6,EXECUTABLE
MO2303-C-6600,20221206093252400,SG01,1,310.0,311.6,310.0,138,0.0,0.0,0.0,0,0,310.0,138,0,0,983.0,0.2,0,0,310.6,308.4,305.6,305.0,304.6,1,6,6,12,6,315.6,315.8,316.0,317.2,317.8,12,18,18,18,10,EXECUTABLE
MO2303-C-6800,20221206093252400,SG01,1,224.2,224.2,224.2,217,0.0,0.0,0.0,0,0,224.2,217,0,0,895.6,0.2,0,0,218.0,217.8,217.6,217.2,217.0,6,7,18,18,18,228.2,228.4,228.6,229.2,230.0,24,12,28,24,6,EXECUTABLE
MO2303-C-7200,20221206093252400,SG01,1,107.4,107.2,107.4,190,0.0,0.0,0.0,0,0,107.4,190,0,0,778.6,0.2,0,0,103.6,103.2,102.6,102.4,102.2,6,6,19,16,30,109.0,109.2,109.4,109.6,110.2,12,42,18,13,6,EXECUTABLE
MO2303-C-7400,20221206093252400,SG01,1,70.6,69.8,70.6,254,0.0,0.0,0.0,0,0,70.6,254,0,0,741.2,0.2,0,0,68.0,67.6,67.2,67.0,66.8,12,10,30,30,6,73.6,74.2,74.6,74.8,75.0,16,24,33,12,6,EXECUTABLE
MO2303-C-7600,20221206093252400,SG01,1,48.2,47.4,48.2,405,0.0,0.0,0.0,0,0,48.2,405,0,0,718.8,0.2,0,0,45.6,45.4,45.0,44.8,44.4,6,18,34,15,6,48.8,49.0,49.2,49.4,0.0,21,40,6,6,0,EXECUTABLE
MO2303-P-6200,20221206093252400,SG01,1,128.8,121.2,128.8,122,0.0,0.0,0.0,0,0,128.8,122,0,0,792.6,0.2,0,0,119.6,119.4,118.8,118.6,118.4,10,12,18,12,6,126.6,126.8,127.0,127.2,127.4,6,6,12,12,30,EXECUTABLE
MO2303-P-6400,20221206093252400,SG01,1,197.2,188.8,197.2,137,0.0,0.0,0.0,0,0,197.2,137,0,0,860.2,0.2,0,0,185.0,184.6,184.4,184.0,183.6,10,12,24,18,18,194.8,195.2,195.4,195.6,195.8,12,5,1,36,18,EXECUTABLE
MO2303-P-6600,20221206093252400,SG01,1,290.8,279.8,290.8,141,0.0,0.0,0.0,0,0,290.8,141,0,0,951.2,0.2,0,0,273.8,273.4,273.2,272.8,272.0,4,24,6,18,12,285.2,285.6,285.8,286.0,286.2,1,6,12,36,7,EXECUTABLE
MO2303-P-6800,20221206093252400,SG01,1,407.2,389.2,407.2,97,0.0,0.0,0.0,0,0,407.2,97,0,0,1060.6,0.2,0,0,383.8,383.2,383.0,382.8,382.4,4,6,6,12,30,395.4,396.6,397.0,397.2,397.4,6,7,6,18,24,EXECUTABLE
MO2303-P-7000,20221206093252400,SG01,1,518.0,518.8,518.0,223,0.0,0.0,0.0,0,0,518.0,223,0,0,1190.2,0.2,0,0,513.6,512.4,512.2,512.0,510.0,10,18,24,18,6,527.8,528.0,528.2,529.2,529.4,7,6,6,6,18,EXECUTABLE
MO2303-P-7200,20221206093252400,SG01,1,666.4,669.6,666.4,55,0.0,0.0,0.0,0,0,666.4,55,0,0,1341.0,0.2,0,0,663.4,663.0,662.4,662.2,661.8,6,18,12,6,16,677.8,678.2,679.2,679.6,680.0,9,12,6,24,12,EXECUTABLE
MO2303-P-7400,20221206093252400,SG01,1,998.0,832.6,998.0,52,0.0,0.0,0.0,0,0,998.0,52,0,0,1504.0,161.2,0,0,828.0,826.8,825.8,825.6,823.4,6,24,12,24,6,841.2,841.6,841.8,844.2,844.6,2,12,6,12,18,EXECUTABLE
MO2303-P-7600,20221206093252400,SG01,1,1053.0,1009.2,1053.0,31,0.0,0.0,0.0,0,0,1053.0,31,0,0,1680.6,337.8,0,0,1001.6,1001.4,1001.2,1000.8,999.2,6,6,12,22,6,1015.2,1017.6,1017.8,1018.0,1018.4,6,6,12,6,6,EXECUTABLE
MO2303-P-7800,20221206093252400,SG01,1,1251.0,1190.8,1251.0,54,0.0,0.0,0.0,0,0,1251.0,54,0,0,1862.2,519.4,0,0,1184.8,1184.4,1183.0,1181.6,1180.6,6,12,24,16,4,1197.6,1199.6,1199.8,1201.6,1202.2,6,6,12,18,16,EXECUTABLE
MO2306-C-6200,20221206093252400,SG01,1,582.6,578.6,582.6,108,0.0,0.0,0.0,0,0,582.6,108,0,0,1250.0,0.2,0,0,576.4,575.2,573.4,573.0,572.8,1,6,13,12,42,589.2,589.4,591.0,591.4,592.8,4,24,18,5,6,EXECUTABLE
MO2306-C-6400,20221206093252400,SG01,1,468.6,463.4,468.6,67,0.0,0.0,0.0,0,0,468.6,67,0,0,1134.8,0.2,0,0,461.0,460.8,460.6,459.8,459.4,1,5,13,36,6,476.0,476.8,477.4,477.8,478.2,4,12,24,6,12,EXECUTABLE
MO2306-C-6600,20221206093252400,SG01,1,375.6,368.8,375.8,118,375.6,375.6,375.6,1,37560,375.6,119,0,0,1040.2,0.2,0,0,375.6,368.2,367.6,367.2,367.0,1,6,6,12,30,379.0,380.4,380.8,381.0,381.4,4,12,11,6,36,EXECUTABLE
MO2306-C-6800,20221206093252400,SG01,1,294.2,294.2,294.2,208,0.0,0.0,0.0,0,0,294.2,208,0,0,965.6,0.2,0,0,286.0,285.8,285.0,284.8,284.6,6,1,31,17,12,298.4,299.4,299.6,300.2,301.6,1,12,24,18,12,EXECUTABLE
MO2306-C-7000,20221206093252400,SG01,1,229.2,223.2,229.2,533,0.0,0.0,0.0,0,0,229.2,533,0,0,894.6,0.2,0,0,221.2,221.0,220.4,219.8,219.6,6,18,2,23,18,231.2,231.4,231.6,231.8,232.2,1,34,18,12,11,EXECUTABLE
MO2306-C-7200,20221206093252400,SG01,1,183.2,171.6,183.2,210,0.0,0.0,0.0,0,0,183.2,210,0,0,843.0,0.2,0,0,169.6,168.4,168.0,167.8,167.6,1,1,18,12,12,177.2,178.4,178.8,179.0,179.2,1,6,18,5,36,EXECUTABLE
MO2306-C-7600,20221206093252400,SG01,1,101.2,99.2,101.2,357,0.0,0.0,0.0,0,0,101.2,357,0,0,770.6,0.2,0,0,98.8,97.8,97.6,97.2,97.0,6,6,18,36,6,104.2,104.4,104.8,105.0,105.2,15,12,27,24,12,EXECUTABLE
MO2306-C-7800,20221206093252400,SG01,1,72.4,76.2,72.4,489,0.0,0.0,0.0,0,0,72.4,489,0,0,747.6,0.2,0,0,74.4,74.2,74.0,73.6,73.4,6,5,12,6,18,79.8,80.4,80.6,80.8,81.0,1,40,18,27,6,EXECUTABLE
MO2306-P-6400,20221206093252400,SG01,1,353.6,344.6,353.6,243,0.0,0.0,0.0,0,0,353.6,243,0,0,1016.0,0.2,0,0,342.4,342.0,341.8,341.0,340.8,4,24,6,24,6,353.6,354.2,354.4,354.8,355.0,1,12,18,18,18,EXECUTABLE
MO2306-P-6600,20221206093252400,SG01,1,454.0,447.8,454.0,107,0.0,0.0,0.0,0,0,454.0,107,0,0,1119.2,0.2,0,0,441.2,440.8,440.6,440.2,437.8,17,12,34,18,3,455.2,455.4,455.8,457.0,457.6,1,1,18,35,12,EXECUTABLE
MO2306-P-6800,20221206093252400,SG01,1,564.4,564.4,564.4,73,0.0,0.0,0.0,0,0,564.4,73,0,0,1235.8,0.2,0,0,558.4,558.0,556.6,556.2,555.2,4,18,30,6,6,571.4,572.0,573.0,573.6,574.4,1,6,6,18,30,EXECUTABLE
MO2306-P-7000,20221206093252400,SG01,1,720.2,699.0,720.2,55,0.0,0.0,0.0,0,0,720.2,55,0,0,1370.4,27.6,0,0,688.2,687.2,687.0,685.4,685.2,12,6,18,28,5,703.6,704.2,704.4,704.6,706.2,1,1,18,29,18,EXECUTABLE
MO2306-P-7200,20221206093252400,SG01,1,1000.0,840.0,1000.0,44,0.0,0.0,0.0,0,0,1000.0,44,0,0,1511.4,168.6,0,0,834.8,833.4,832.0,831.0,828.6,4,24,24,12,6,852.6,852.8,853.0,853.6,853.8,6,13,5,12,24,EXECUTABLE
MO2306-P-7400,20221206093252400,SG01,1,1011.6,1004.2,1011.6,34,0.0,0.0,0.0,0,0,1011.6,34,0,0,1675.6,332.8,0,0,990.2,987.6,987.2,987.0,985.6,4,18,24,10,6,1008.6,1008.8,1009.0,1009.4,1009.6,6,1,11,19,6,EXECUTABLE
MO2306-P-7600,20221206093252400,SG01,1,1346.6,1161.8,1346.6,35,0.0,0.0,0.0,0,0,1346.6,35,0,0,1833.2,490.4,0,0,1156.2,1155.8,1154.0,1153.8,1153.6,4,6,6,18,6,1174.6,1174.8,1175.0,1175.4,1175.8,6,1,12,12,17,EXECUTABLE
MO2306-P-7800,20221206093252400,SG01,1,1394.4,1339.6,1394.4,53,0.0,0.0,0.0,0,0,1394.4,53,0,0,2011.0,668.2,0,0,1330.0,1328.2,1326.8,1326.4,1323.8,4,12,18,18,10,1348.8,1349.0,1349.6,1352.0,1352.4,6,6,18,12,10,EXECUTABLE
MO2212-P-8000,20221206093252900,SG01,1,1547.4,1304.0,1547.4,128,0.0,0.0,0.0,0,0,1547.4,128,0,0,1975.4,632.6,0,0,1284.0,1283.2,1283.0,1281.8,1281.2,4,15,10,6,6,1293.0,1293.2,1294.4,1296.0,1298.4,6,18,12,15,4,EXECUTABLE
MO2303-C-8000,20221206093252900,SG01,1,21.4,21.4,21.4,290,0.0,0.0,0.0,0,0,21.4,290,0,0,692.8,0.2,0,0,20.8,20.4,20.2,20.0,2.6,6,6,9,58,2,22.0,22.2,22.4,22.6,23.6,6,19,18,18,12,EXECUTABLE
MO2303-P-8000,20221206093252900,SG01,1,1536.0,1379.6,1536.0,90,0.0,0.0,0.0,0,0,1536.0,90,0,0,2051.0,708.2,0,0,1370.6,1370.0,1369.0,1368.8,1368.2,6,24,18,10,10,1384.4,1387.4,1389.4,1390.8,1392.0,6,6,6,30,18,EXECUTABLE
MO2306-P-8000,20221206093252900,SG01,1,1764.6,1518.4,1764.6,49,0.0,0.0,0.0,0,0,1764.6,49,0,0,2189.8,847.0,0,0,1510.8,1508.0,1507.4,1507.2,1507.0,4,12,12,12,6,1527.6,1527.8,1529.0,1529.2,1529.8,6,1,12,18,16,EXECUTABLE
MO2212-C-6500,20221206093252900,SG01,1,234.0,231.8,231.8,1035,228.0,240.4,228.0,19,437560,230.295,1038,0,0,903.2,0.2,0,0,234.0,233.2,233.0,232.8,232.4,6,8,6,4,6,238.6,239.0,239.6,239.8,240.0,4,21,4,6,2,EXECUTABLE
MO2212-C-6700,20221206093252900,SG01,1,101.2,99.0,99.0,2860,90.2,103.0,90.2,167,1631100,97.671,2877,0,0,770.4,0.2,0,0,100.4,100.2,99.8,99.6,99.4,14,6,6,13,1,102.6,102.8,103.0,103.4,103.6,5,11,12,6,22,EXECUTABLE
MO2212-C-6900,20221206093252900,SG01,1,32.8,33.4,33.4,2833,30.0,35.2,29.4,179,592980,33.127,2873,0,0,704.8,0.2,0,0,33.8,33.6,33.4,33.2,33.0,5,3,5,4,13,34.2,34.6,34.8,35.0,35.2,10,5,9,22,4,EXECUTABLE
MO2212-C-7100,20221206093252900,SG01,1,10.0,9.8,9.8,1316,8.6,10.6,8.6,111,110500,9.955,1294,0,0,681.2,0.2,0,0,10.2,10.0,9.8,9.6,9.4,6,25,27,1,3,10.4,10.6,10.8,11.4,18.2,31,6,16,1,40,EXECUTABLE
MO2212-P-6100,20221206093252900,SG01,1,1.4,2.0,2.0,1560,1.4,1.4,1.4,2,280,1.4,1560,0,0,673.4,0.2,0,0,1.4,1.2,0.8,0.2,0.0,60,14,20,2,0,1.8,2.0,2.2,0.0,0.0,35,37,7,0,0,EXECUTABLE
MO2212-P-6300,20221206093252900,SG01,1,5.6,6.0,6.0,2206,6.0,7.0,5.4,48,27040,5.633,2206,0,0,677.4,0.2,0,0,5.6,5.4,5.0,2.0,1.2,23,51,3,1,1,5.8,6.0,6.2,6.4,8.0,10,51,10,10,1,EXECUTABLE
MO2212-P-6500,20221206093252900,SG01,1,24.6,25.0,25.0,1729,28.0,28.2,23.4,147,372080,25.312,1726,0,0,696.4,0.2,0,0,24.2,24.0,23.8,23.4,23.2,29,12,8,16,6,24.6,24.8,25.0,25.2,25.6,6,5,5,6,11,EXECUTABLE
MO2212-P-6700,20221206093252900,SG01,1,90.0,95.6,95.6,3590,100.2,100.2,87.4,137,1252480,91.422,3586,0,0,767.0,0.2,0,0,88.0,87.4,87.2,87.0,86.8,1,6,15,1,3,89.8,90.0,90.2,90.4,90.6,14,11,6,6,6,EXECUTABLE
MO2212-P-6900,20221206093252900,SG01,1,228.8,227.0,227.0,196,228.8,228.8,228.8,1,22880,228.8,196,0,0,898.4,0.2,0,0,219.2,218.8,218.2,218.0,217.8,4,6,5,12,15,223.8,224.0,224.2,224.4,224.6,8,6,1,2,10,EXECUTABLE
MO2212-P-7100,20221206093252900,SG01,1,415.6,411.2,415.6,61,0.0,0.0,0.0,0,0,415.6,61,0,0,1082.6,0.2,0,0,395.0,394.6,394.2,394.0,393.0,4,9,3,22,6,401.6,402.8,403.0,403.2,403.6,6,4,8,6,6,EXECUTABLE
MO2309-C-5800,20221206093252900,SG01,1,871.8,871.8,871.8,129,0.0,0.0,0.0,0,0,871.8,129,0,0,1543.2,200.4,0,0,857.2,857.0,855.8,855.4,854.8,6,3,6,24,31,874.2,875.0,875.6,875.8,877.2,6,2,12,11,12,EXECUTABLE
MO2309-C-6000,20221206093252900,SG01,1,740.8,732.4,740.8,132,0.0,0.0,0.0,0,0,740.8,132,0,0,1403.8,61.0,0,0,734.2,729.4,728.6,726.4,726.2,1,6,1,17,15,745.6,746.4,746.6,746.8,747.4,8,11,12,12,12,EXECUTABLE
MO2309-C-6200,20221206093252900,SG01,1,609.0,615.2,609.0,149,0.0,0.0,0.0,0,0,609.0,149,0,0,1286.6,0.2,0,0,614.4,613.6,613.2,613.0,612.8,1,1,6,24,6,628.2,630.4,630.6,631.0,634.2,2,12,17,12,6,EXECUTABLE
MO2309-C-6400,20221206093252900,SG01,1,549.0,509.2,549.0,157,0.0,0.0,0.0,0,0,549.0,157,0,0,1180.6,0.2,0,0,517.0,510.8,510.0,509.8,509.6,1,6,14,1,24,524.8,525.0,525.4,526.8,527.4,20,6,17,24,9,EXECUTABLE
MO2309-C-6600,20221206093252900,SG01,1,427.0,419.8,427.0,170,0.0,0.0,0.0,0,0,427.0,170,0,0,1091.2,0.2,0,0,422.4,420.2,419.6,419.4,419.2,1,3,11,12,31,432.8,433.4,434.8,435.0,435.2,2,6,23,18,6,EXECUTABLE
MO2309-C-6800,20221206093252900,SG01,1,346.0,340.6,346.0,139,0.0,0.0,0.0,0,0,346.0,139,0,0,1012.0,0.2,0,0,346.4,342.2,342.0,341.2,341.0,1,1,3,17,6,353.8,354.2,354.6,355.2,356.2,19,12,24,12,12,EXECUTABLE
MO2309-C-7000,20221206093252900,SG01,1,279.0,277.4,279.0,200,0.0,0.0,0.0,0,0,279.0,200,0,0,948.8,0.2,0,0,273.6,272.8,272.6,270.8,270.4,1,15,12,18,24,284.2,285.0,287.0,288.0,288.2,1,2,12,35,12,EXECUTABLE
MO2309-C-7200,20221206093252900,SG01,1,218.4,222.0,218.4,324,0.0,0.0,0.0,0,0,218.4,324,0,0,893.4,0.2,0,0,219.6,219.4,219.2,218.4,218.0,6,3,1,24,23,227.8,229.2,229.8,230.0,230.2,1,17,2,30,18,EXECUTABLE
MO2309-P-5800,20221206093252900,SG01,1,226.0,234.4,226.0,79,0.0,0.0,0.0,0,0,226.0,79,0,0,905.8,0.2,0,0,229.8,229.0,228.4,227.8,227.2,1,2,18,41,18,237.4,238.4,238.6,238.8,239.0,1,6,3,11,42,EXECUTABLE
MO2309-P-6200,20221206093252900,SG01,1,375.0,379.0,375.0,123,0.0,0.0,0.0,0,0,375.0,123,0,0,1050.4,0.2,0,0,373.2,372.2,371.8,371.0,370.8,2,6,30,6,18,384.6,384.8,385.2,386.4,386.8,6,1,9,11,36,EXECUTABLE
MO2309-P-6400,20221206093252900,SG01,1,480.8,472.4,480.8,82,0.0,0.0,0.0,0,0,480.8,82,0,0,1143.8,0.2,0,0,465.0,464.6,464.2,464.0,462.2,1,2,23,42,6,478.4,478.8,479.2,480.8,481.2,1,11,6,18,36,EXECUTABLE
MO2309-P-6600,20221206093252900,SG01,1,578.4,577.0,578.4,46,0.0,0.0,0.0,0,0,578.4,46,0,0,1248.4,0.2,0,0,569.0,568.4,566.8,566.4,565.4,2,12,11,30,12,581.8,584.6,584.8,585.8,586.2,1,6,14,36,12,EXECUTABLE
MO2309-P-6800,20221206093252900,SG01,1,675.8,691.0,675.8,36,0.0,0.0,0.0,0,0,675.8,36,0,0,1362.4,19.6,0,0,686.2,685.8,684.0,683.4,683.2,8,6,18,17,6,700.0,700.4,702.8,704.2,704.8,1,6,12,3,29,EXECUTABLE
MO2309-P-7000,20221206093252900,SG01,1,818.6,825.4,818.6,47,0.0,0.0,0.0,0,0,818.6,47,0,0,1496.8,154.0,0,0,815.4,815.0,814.4,813.0,812.4,6,11,2,12,18,828.8,829.6,833.6,835.8,836.0,1,6,12,15,29,EXECUTABLE
MO2309-P-7200,20221206093252900,SG01,1,1000.0,967.0,1000.0,58,0.0,0.0,0.0,0,0,1000.0,58,0,0,1638.4,295.6,0,0,954.6,951.6,951.4,951.2,950.4,14,10,20,12,6,969.8,970.8,974.0,976.8,977.4,1,6,6,38,18,EXECUTABLE
MO2212-C-5700,20221206093252900,SG01,1,1015.2,996.2,1015.2,53,0.0,0.0,0.0,0,0,1015.2,53,0,0,1667.6,324.8,0,0,1006.8,1006.0,1005.8,1005.0,1004.8,6,6,6,4,8,1015.2,1015.4,1015.6,1016.6,1016.8,7,6,12,10,6,EXECUTABLE
MO2212-P-5700,20221206093252900,SG01,1,0.8,0.8,0.8,305,0.0,0.0,0.0,0,0,0.8,305,0,0,672.2,0.2,0,0,0.6,0.4,0.0,0.0,0.0,52,19,0,0,0,1.0,1.2,0.0,0.0,0.0,38,27,0,0,0,EXECUTABLE
MO2303-C-5600,20221206093252900,SG01,1,1052.0,1050.4,1052.0,66,0.0,0.0,0.0,0,0,1052.0,66,0,0,1721.8,379.0,0,0,1047.8,1043.4,1043.2,1041.8,1040.4,6,6,24,18,6,1058.2,1058.8,1059.8,1060.0,1062.6,12,24,12,6,12,EXECUTABLE
MO2303-P-5600,20221206093252900,SG01,1,31.2,26.6,31.2,134,0.0,0.0,0.0,0,0,31.2,134,0,0,698.0,0.2,0,0,25.6,25.4,25.2,25.0,24.8,4,12,18,49,9,28.4,28.6,28.8,29.0,29.4,34,6,51,7,6,EXECUTABLE
MO2306-C-5600,20221206093252900,SG01,1,999.6,1010.8,999.6,32,0.0,0.0,0.0,0,0,999.6,32,0,0,1682.2,339.4,0,0,1006.6,1003.6,1003.4,1003.2,1000.0,1,6,6,17,36,1022.8,1023.4,1024.4,1025.6,1026.4,22,24,18,17,6,EXECUTABLE
MO2306-P-5600,20221206093252900,SG01,1,103.0,103.0,103.0,75,0.0,0.0,0.0,0,0,103.0,75,0,0,774.4,0.2,0,0,101.4,100.2,100.0,99.8,99.6,1,22,42,3,12,105.8,106.0,106.2,106.8,107.2,6,6,5,12,34,EXECUTABLE
MO2309-C-5600,20221206093252900,SG01,1,934.4,1008.8,934.4,116,0.0,0.0,0.0,0,0,934.4,116,0,0,1680.2,337.4,0,0,1001.0,1000.4,999.4,999.2,996.8,1,1,6,6,18,1019.4,1020.2,1021.0,1021.2,1021.4,2,12,9,27,12,EXECUTABLE
MO2309-P-5600,20221206093252900,SG01,1,181.8,180.6,181.8,155,0.0,0.0,0.0,0,0,181.8,155,0,0,852.0,0.2,0,0,177.0,176.0,174.8,174.4,173.4,1,2,18,24,26,183.8,184.6,184.8,185.0,185.4,1,6,15,23,30,EXECUTABLE
MO2212-C-5600,20221206093252900,SG01,1,1116.8,1096.0,1116.8,48,0.0,0.0,0.0,0,0,1116.8,48,0,0,1767.4,424.6,0,0,1106.2,1106.0,1104.6,1103.2,1101.8,6,24,6,15,10,1114.4,1115.0,1115.4,1115.6,1116.6,4,9,12,4,6,EXECUTABLE
MO2303-P-8200,20221206093252900,SG01,1,1571.8,1590.6,1571.8,103,0.0,0.0,0.0,0,0,1571.8,103,0,0,2262.0,919.2,0,0,1561.8,1561.0,1560.8,1560.6,1560.0,12,30,4,6,4,1576.0,1578.4,1579.0,1580.0,1582.4,6,6,6,6,24,EXECUTABLE
MO2306-C-8200,20221206093252900,SG01,1,48.2,46.6,48.2,561,0.0,0.0,0.0,0,0,48.2,561,0,0,718.0,0.2,0,0,46.6,46.4,46.2,45.8,45.0,4,29,39,12,6,49.8,50.0,50.2,50.4,51.0,12,12,33,22,1,EXECUTABLE
MO2306-P-8200,20221206093252900,SG01,1,1802.8,1703.8,1802.8,42,0.0,0.0,0.0,0,0,1802.8,42,0,0,2375.2,1032.4,0,0,1692.4,1692.2,1691.2,1690.6,1689.8,10,12,24,4,6,1712.6,1712.8,1713.2,1713.6,1716.8,6,1,12,30,9,EXECUTABLE
MO2212-C-5800,20221206093252900,SG01,1,917.6,896.4,917.6,34,0.0,0.0,0.0,0,0,917.6,34,0,0,1567.8,225.0,0,0,907.2,906.6,906.4,905.6,905.2,6,6,6,2,4,914.4,915.6,915.8,917.0,917.8,3,4,28,6,6,EXECUTABLE
MO2303-C-5800,20221206093252900,SG01,1,876.0,871.0,876.0,101,0.0,0.0,0.0,0,0,876.0,101,0,0,1542.4,199.6,0,0,867.4,863.4,863.0,862.6,861.2,12,6,18,36,6,878.6,880.0,880.2,880.4,882.2,6,6,18,24,6,EXECUTABLE
MO2303-P-5800,20221206093252900,SG01,1,47.8,45.6,49.4,195,47.8,47.8,47.8,2,9560,47.8,195,0,0,717.0,0.2,0,0,44.2,44.0,43.8,43.6,42.4,28,34,18,6,6,47.2,47.6,47.8,48.0,0.0,6,18,58,15,0,EXECUTABLE
MO2306-C-5800,20221206093252900,SG01,1,898.0,849.4,898.0,100,0.0,0.0,0.0,0,0,898.0,100,0,0,1520.8,178.0,0,0,846.4,846.2,845.4,844.2,843.4,7,6,11,19,18,866.4,866.8,867.0,867.2,867.4,10,12,6,30,12,EXECUTABLE
MO2306-P-5800,20221206093252900,SG01,1,143.0,143.0,143.0,66,0.0,0.0,0.0,0,0,143.0,66,0,0,814.4,0.2,0,0,140.6,140.0,139.6,138.4,138.2,1,10,12,30,12,146.4,146.6,148.2,148.4,148.8,1,6,6,17,40,EXECUTABLE
MO2212-C-6000,20221206093252900,SG01,1,708.6,697.4,708.6,58,0.0,0.0,0.0,0,0,708.6,58,0,0,1368.8,26.0,0,0,708.4,708.0,707.2,707.0,706.6,6,8,6,4,8,715.6,716.0,716.4,716.6,717.0,4,4,9,15,2,EXECUTABLE
MO2212-P-6000,20221206093252900,SG01,1,1.4,1.4,1.4,1401,0.0,0.0,0.0,0,0,1.4,1401,0,0,672.8,0.2,0,0,1.2,1.0,0.8,0.0,0.0,1,61,6,0,0,1.4,1.6,1.8,2.8,0.0,21,47,9,1,0,EXECUTABLE
MO2303-C-6000,20221206093252900,SG01,1,703.0,701.8,703.0,120,0.0,0.0,0.0,0,0,703.0,120,0,0,1373.2,30.4,0,0,700.2,697.2,695.2,694.8,694.0,6,6,12,12,30,712.0,712.4,712.6,712.8,713.8,18,30,6,10,6,EXECUTABLE
MO2306-C-6000,20221206093252900,SG01,1,708.0,705.8,708.0,123,0.0,0.0,0.0,0,0,708.0,123,0,0,1377.2,34.4,0,0,703.0,702.8,702.4,701.4,701.2,6,6,25,24,18,720.2,720.4,720.6,722.2,722.4,10,30,6,6,6,EXECUTABLE
MO2212-C-5900,20221206093252900,SG01,1,796.2,805.0,796.2,45,0.0,0.0,0.0,0,0,796.2,45,0,0,1476.4,133.6,0,0,807.8,807.6,807.4,806.6,806.4,6,6,2,6,6,815.2,815.6,816.2,816.4,816.6,4,3,12,10,3,EXECUTABLE
MO2212-C-6100,20221206093252900,SG01,1,594.0,598.4,594.0,107,0.0,0.0,0.0,0,0,594.0,107,0,0,1269.8,0.2,0,0,609.4,609.0,608.8,608.2,608.0,6,2,6,6,4,616.2,617.2,617.4,618.6,619.4,4,14,16,6,12,EXECUTABLE
MO2212-C-6300,20221206093252900,SG01,1,401.0,411.0,401.0,204,0.0,0.0,0.0,0,0,401.0,204,0,0,1082.4,0.2,0,0,414.2,413.8,413.4,413.2,412.8,2,6,8,12,4,420.0,420.6,421.0,421.6,422.2,4,9,10,6,8,EXECUTABLE
MO2212-C-5500,20221206093252900,SG01,1,1196.0,1195.8,1196.0,42,0.0,0.0,0.0,0,0,1196.0,42,0,0,1867.2,524.4,0,0,1206.0,1205.8,1204.8,1204.2,1203.2,6,18,6,6,6,1215.0,1215.2,1215.4,1215.6,1217.0,6,7,6,10,6,EXECUTABLE
MO2212-P-5500,20221206093252900,SG01,1,0.8,0.8,0.8,502,0.0,0.0,0.0,0,0,0.8,502,0,0,672.2,0.2,0,0,0.6,0.4,0.2,0.0,0.0,31,39,1,0,0,0.8,1.0,1.2,0.0,0.0,10,44,7,0,0,EXECUTABLE
MO2303-C-5400,20221206093252900,SG01,1,1236.0,1238.8,1236.0,37,0.0,0.0,0.0,0,0,1236.0,37,0,0,1910.2,567.4,0,0,1235.0,1231.8,1230.4,1228.6,1228.4,6,12,12,30,16,1245.4,1245.8,1246.0,1247.4,1248.6,6,12,12,28,6,EXECUTABLE
MO2303-P-5400,20221206093252900,SG01,1,15.4,15.4,15.4,138,0.0,0.0,0.0,0,0,15.4,138,0,0,686.8,0.2,0,0,15.4,15.0,14.8,14.6,14.2,1,12,28,42,6,16.0,16.2,16.4,16.6,16.8,18,6,5,54,6,EXECUTABLE
MO2306-C-5400,20221206093252900,SG01,1,1115.0,1187.8,1115.0,46,0.0,0.0,0.0,0,0,1115.0,46,0,0,1859.2,516.4,0,0,1170.8,1170.6,1169.8,1169.4,1168.0,6,6,18,31,5,1188.6,1189.4,1190.2,1190.4,1190.6,16,12,24,16,6,EXECUTABLE
MO2306-P-5400,20221206093252900,SG01,1,76.0,72.2,80.6,153,77.0,77.0,76.0,11,84500,76.818,162,0,0,743.6,0.2,0,0,76.0,70.8,70.6,70.2,70.0,4,6,17,6,30,76.2,76.6,76.8,77.2,77.4,6,22,19,30,5,EXECUTABLE
MO2309-C-5400,20221206093252900,SG01,1,1161.0,1161.6,1161.0,92,0.0,0.0,0.0,0,0,1161.0,92,0,0,1833.0,490.2,0,0,1152.4,1152.2,1148.8,1148.6,1146.8,6,6,11,32,13,1172.8,1173.2,1174.0,1175.2,1176.2,2,11,36,6,10,EXECUTABLE
MO2309-P-5400,20221206093252900,SG01,1,139.6,136.2,139.6,61,0.0,0.0,0.0,0,0,139.6,61,0,0,807.6,0.2,0,0,133.6,131.4,131.2,131.0,130.6,1,2,6,53,12,140.2,140.4,140.8,141.4,141.8,12,9,1,8,30,EXECUTABLE
MO2212-P-7500,20221206093252900,SG01,1,913.0,804.4,913.0,13,0.0,0.0,0.0,0,0,913.0,13,0,0,1475.8,133.0,0,0,786.0,785.2,784.2,782.6,781.8,4,6,25,6,12,793.0,794.0,794.2,794.6,795.0,6,6,6,6,4,EXECUTABLE
MO2301-C-7500,20221206093252900,SG01,1,13.6,14.4,13.6,273,12.8,13.6,12.8,4,5240,13.1,275,0,0,685.8,0.2,0,0,13.6,13.4,13.2,13.0,12.8,6,6,33,33,6,14.6,14.8,15.0,15.2,18.2,6,12,39,21,1,EXECUTABLE
MO2301-P-7500,20221206093252900,SG01,1,837.2,823.8,837.2,13,0.0,0.0,0.0,0,0,837.2,13,0,0,1495.2,152.4,0,0,816.0,814.8,813.8,813.6,812.8,3,12,6,18,18,826.0,827.4,827.6,827.8,828.0,6,6,6,6,6,EXECUTABLE
MO2309-P-7600,20221206093252900,SG01,1,1273.4,1274.0,1273.4,13,0.0,0.0,0.0,0,0,1273.4,13,0,0,1945.4,602.6,0,0,1260.0,1259.2,1259.0,1257.6,1256.0,2,5,24,6,6,1282.0,1282.2,1282.8,1285.2,1285.4,7,6,1,5,24,EXECUTABLE
MO2212-C-5300,20221206093252900,SG01,1,1367.0,1406.0,1367.0,39,0.0,0.0,0.0,0,0,1367.0,39,0,0,2077.4,734.6,0,0,1405.4,1405.2,1404.8,1404.4,1402.4,6,18,6,6,9,1415.0,1415.6,1415.8,1416.2,1417.8,10,9,4,6,6,EXECUTABLE
MO2212-C-5400,20221206093252900,SG01,1,1266.2,1306.2,1266.2,41,0.0,0.0,0.0,0,0,1266.2,41,0,0,1977.6,634.8,0,0,1305.2,1304.8,1304.6,1304.2,1303.0,6,6,16,6,2,1314.6,1315.2,1315.6,1316.0,1316.6,4,6,9,3,4,EXECUTABLE
MO2212-P-5300,20221206093252900,SG01,1,0.6,0.6,0.6,483,0.0,0.0,0.0,0,0,0.6,483,0,0,672.0,0.2,0,0,0.6,0.4,0.0,0.0,0.0,13,57,0,0,0,0.8,1.0,1.2,0.0,0.0,18,48,1,0,0,EXECUTABLE
MO2303-C-5200,20221206093252900,SG01,1,1452.4,1429.6,1452.4,32,0.0,0.0,0.0,0,0,1452.4,32,0,0,2101.0,758.2,0,0,1427.0,1424.6,1424.0,1423.8,1422.6,6,6,6,6,6,1437.0,1438.0,1439.8,1440.0,1442.2,6,12,34,6,6,EXECUTABLE
MO2303-P-5200,20221206093252900,SG01,1,9.2,9.2,9.2,272,9.2,9.2,9.2,5,4600,9.2,277,0,0,680.6,0.2,0,0,9.0,8.8,8.6,8.4,0.6,6,28,18,6,2,9.6,9.8,10.0,0.0,0.0,12,34,12,0,0,EXECUTABLE
MO2306-C-5200,20221206093252900,SG01,1,1236.6,1355.4,1236.6,34,0.0,0.0,0.0,0,0,1236.6,34,0,0,2026.8,684.0,0,0,1348.6,1348.4,1346.6,1344.8,1344.0,6,1,12,36,10,1366.0,1367.2,1367.6,1368.0,1370.0,6,16,11,30,16,EXECUTABLE
MO2306-P-5200,20221206093252900,SG01,1,52.2,51.0,52.2,173,0.0,0.0,0.0,0,0,52.2,173,0,0,722.4,0.2,0,0,50.2,50.0,49.8,49.6,49.4,1,34,21,18,17,53.4,53.6,53.8,54.6,54.8,18,29,25,13,6,EXECUTABLE
MO2309-C-5200,20221206093252900,SG01,1,1330.2,1330.2,1330.2,99,0.0,0.0,0.0,0,0,1330.2,99,0,0,2001.6,658.8,0,0,1315.4,1312.6,1311.8,1311.4,1311.2,6,6,8,17,3,1332.8,1333.4,1334.6,1334.8,1335.8,2,12,17,18,10,EXECUTABLE
MO2309-P-5200,20221206093252900,SG01,1,104.2,103.2,104.2,132,0.0,0.0,0.0,0,0,104.2,132,0,0,774.6,0.2,0,0,99.8,99.2,99.0,98.6,98.4,1,6,23,53,6,104.0,105.0,105.2,105.4,105.6,5,6,18,36,12,EXECUTABLE
MO2301-C-5600,20221206093252900,SG01,1,903.0,1089.2,903.0,38,0.0,0.0,0.0,0,0,903.0,38,0,0,1760.6,417.8,0,0,1087.2,1085.6,1085.4,1085.2,1084.8,6,12,1,6,18,1096.2,1096.6,1097.4,1098.6,1100.0,9,6,18,6,6,EXECUTABLE
MO2301-P-5600,20221206093252900,SG01,1,5.8,5.8,5.8,203,5.8,5.8,5.8,5,2900,5.8,208,0,0,677.2,0.2,0,0,5.4,5.2,5.0,4.8,4.4,6,28,18,12,1,5.8,6.0,6.2,7.8,0.0,16,24,30,1,0,EXECUTABLE
MO2301-C-7400,20221206093252900,SG01,1,18.8,20.4,20.4,232,18.8,18.8,18.8,1,1880,18.8,232,0,0,691.8,0.2,0,0,19.4,19.2,19.0,18.8,18.6,6,12,6,39,21,20.4,20.6,20.8,21.0,21.2,6,21,33,6,12,EXECUTABLE
MO2212-P-5600,20221206093252900,SG01,1,0.8,0.8,0.8,324,0.0,0.0,0.0,0,0,0.8,324,0,0,672.2,0.2,0,0,0.6,0.4,0.0,0.0,0.0,3,60,0,0,0,0.8,1.0,1.2,0.0,0.0,16,45,1,0,0,EXECUTABLE
MO2301-C-5700,20221206093252900,SG01,1,968.2,993.2,968.2,8,0.0,0.0,0.0,0,0,968.2,8,0,0,1664.6,321.8,0,0,989.4,988.0,987.8,987.6,987.0,6,6,6,6,6,999.0,999.4,999.6,999.8,1002.2,6,15,12,12,6,EXECUTABLE
MO2301-C-5800,20221206093252900,SG01,1,918.0,883.6,918.0,23,0.0,0.0,0.0,0,0,918.0,23,0,0,1555.0,212.2,0,0,892.4,891.6,891.4,890.8,890.6,6,6,8,1,7,902.2,902.6,902.8,903.0,905.4,6,6,27,12,12,EXECUTABLE
MO2301-C-5900,20221206093252900,SG01,1,805.4,788.0,805.4,29,0.0,0.0,0.0,0,0,805.4,29,0,0,1459.4,116.6,0,0,796.8,795.6,795.4,794.4,793.0,6,6,12,18,27,806.6,806.8,807.0,809.6,809.8,15,18,18,6,6,EXECUTABLE
MO2301-C-6000,20221206093252900,SG01,1,718.8,704.8,718.8,36,0.0,0.0,0.0,0,0,718.8,36,0,0,1376.2,33.4,0,0,702.2,702.0,701.8,701.4,700.6,7,18,6,1,24,712.4,713.2,713.8,714.4,714.8,12,9,18,12,6,EXECUTABLE
MO2301-C-6100,20221206093252900,SG01,1,626.8,612.8,626.8,21,0.0,0.0,0.0,0,0,626.8,21,0,0,1284.2,0.2,0,0,611.6,611.0,610.8,610.6,610.0,6,1,6,8,7,620.2,620.4,621.4,621.6,622.0,6,6,9,30,6,EXECUTABLE
MO2301-C-6200,20221206093252900,SG01,1,520.0,525.4,520.0,47,0.0,0.0,0.0,0,0,520.0,47,0,0,1196.8,0.2,0,0,523.8,523.0,522.8,522.6,521.8,1,12,12,6,6,532.2,533.2,533.4,535.8,536.2,21,9,12,6,6,EXECUTABLE
MO2301-C-6300,20221206093252900,SG01,1,439.0,442.2,439.0,94,0.0,0.0,0.0,0,0,439.0,94,0,0,1113.6,0.2,0,0,443.0,442.8,442.0,441.2,441.0,6,7,6,6,12,448.4,448.8,449.2,449.8,451.6,6,6,6,9,12,EXECUTABLE
MO2301-C-6400,20221206093252900,SG01,1,366.8,365.0,363.0,82,366.8,366.8,366.8,1,36680,366.8,82,0,0,1036.4,0.2,0,0,367.4,366.2,365.8,364.8,364.6,1,6,12,13,24,370.8,371.6,371.8,372.4,373.4,6,24,6,6,6,EXECUTABLE
MO2301-C-6500,20221206093252900,SG01,1,297.6,293.0,288.0,191,296.0,297.6,296.0,2,59360,296.8,192,0,0,964.4,0.2,0,0,298.2,297.4,296.8,296.6,296.2,6,1,6,6,12,301.2,301.6,302.2,302.6,303.6,6,12,9,15,6,EXECUTABLE
MO2301-C-6600,20221206093252900,SG01,1,237.0,236.8,236.8,254,241.4,241.4,236.0,3,71440,238.133,254,0,0,908.2,0.2,0,0,237.2,236.6,236.0,235.6,235.2,6,1,6,12,12,240.2,240.8,241.6,241.8,242.6,12,6,9,15,6,EXECUTABLE
MO2301-C-6700,20221206093252900,SG01,1,180.0,186.4,186.4,451,180.0,180.0,180.0,5,90000,180.0,446,0,0,857.8,0.2,0,0,183.8,183.6,183.0,182.4,182.2,1,18,12,6,15,187.8,188.2,188.4,188.6,188.8,12,6,12,6,12,EXECUTABLE
MO2301-C-6800,20221206093252900,SG01,1,140.6,141.2,140.6,277,0.0,0.0,0.0,0,0,140.6,277,0,0,812.6,0.2,0,0,140.8,140.0,139.6,139.4,139.0,6,7,12,6,12,143.2,143.4,143.6,143.8,144.8,6,9,6,15,6,EXECUTABLE
MO2301-C-6900,20221206093252900,SG01,1,106.6,106.6,106.6,193,0.0,0.0,0.0,0,0,106.6,193,0,0,778.0,0.2,0,0,104.2,103.8,103.6,103.4,103.0,6,6,1,12,36,107.2,107.4,107.8,108.0,108.6,6,6,6,9,31,EXECUTABLE
MO2301-C-7000,20221206093252900,SG01,1,78.0,78.0,78.0,274,0.0,0.0,0.0,0,0,78.0,274,0,0,749.4,0.2,0,0,77.0,76.6,76.4,76.0,75.8,12,6,6,16,21,78.8,79.0,79.2,79.6,79.8,18,6,3,6,6,EXECUTABLE
MO2301-C-7100,20221206093252900,SG01,1,56.4,56.4,56.4,345,0.0,0.0,0.0,0,0,56.4,345,0,0,727.8,0.2,0,0,55.4,54.6,54.4,54.0,53.8,1,6,12,6,15,56.8,57.2,57.4,57.6,58.0,6,27,15,7,6,EXECUTABLE
MO2301-P-5700,20221206093252900,SG01,1,7.6,7.6,7.6,145,7.6,7.6,7.6,1,760,7.6,146,0,0,679.0,0.2,0,0,6.8,6.6,5.4,0.6,0.2,52,12,1,2,8,7.6,7.8,8.0,9.8,0.0,18,52,6,1,0,EXECUTABLE
MO2301-P-5800,20221206093252900,SG01,1,11.6,10.2,10.2,276,10.8,11.6,10.8,6,6880,11.467,282,0,0,681.6,0.2,0,0,9.6,9.4,9.0,8.8,1.0,24,24,6,1,8,10.4,10.6,10.8,12.8,0.0,36,18,6,1,0,EXECUTABLE
MO2301-P-5900,20221206093252900,SG01,1,14.6,14.6,14.6,248,0.0,0.0,0.0,0,0,14.6,248,0,0,686.0,0.2,0,0,13.2,13.0,12.8,12.6,12.4,6,24,33,15,1,14.4,14.6,14.8,15.0,15.6,24,9,33,18,1,EXECUTABLE
MO2301-P-6000,20221206093252900,SG01,1,20.8,20.4,20.4,496,20.0,20.8,20.0,23,46980,20.426,514,0,0,691.8,0.2,0,0,19.2,19.0,18.8,18.6,18.4,12,28,24,6,12,20.4,20.6,20.8,21.0,24.0,18,24,22,24,1,EXECUTABLE
MO2301-P-6100,20221206093252900,SG01,1,29.2,28.6,29.2,590,0.0,0.0,0.0,0,0,29.2,590,0,0,700.0,0.2,0,0,27.6,27.4,27.2,27.0,26.6,6,12,37,12,15,29.0,29.2,29.4,29.6,29.8,6,6,12,4,18,EXECUTABLE
MO2301-P-6200,20221206093252900,SG01,1,39.4,40.0,40.0,432,44.2,44.2,39.4,3,12300,41.0,433,0,0,711.4,0.2,0,0,38.2,38.0,37.8,37.6,37.2,21,15,18,15,6,40.6,40.8,41.0,41.2,41.4,10,18,6,6,9,EXECUTABLE
MO2301-P-6300,20221206093252900,SG01,1,57.6,57.6,57.6,398,0.0,0.0,0.0,0,0,57.6,398,0,0,729.0,0.2,0,0,54.8,54.6,54.4,54.2,54.0,33,3,3,18,10,57.2,57.6,57.8,58.0,58.2,6,12,6,15,4,EXECUTABLE
MO2301-P-6400,20221206093252900,SG01,1,76.0,78.6,77.4,839,76.4,76.4,76.0,5,38040,76.08,839,0,0,750.0,0.2,0,0,76.0,75.8,75.6,75.4,75.2,3,12,18,27,6,78.8,79.4,79.8,80.0,80.2,12,12,22,18,6,EXECUTABLE
MO2301-P-6500,20221206093252900,SG01,1,110.0,110.4,110.0,540,0.0,0.0,0.0,0,0,110.0,540,0,0,781.8,0.2,0,0,106.8,106.6,106.2,105.8,105.6,3,21,12,12,18,110.0,110.6,111.2,111.6,112.0,6,12,12,9,25,EXECUTABLE
MO2301-P-6600,20221206093252900,SG01,1,147.8,147.8,147.8,311,0.0,0.0,0.0,0,0,147.8,311,0,0,819.2,0.2,0,0,144.6,144.2,144.0,143.8,143.4,6,6,12,6,6,148.4,148.8,149.8,150.2,150.4,6,12,18,24,6,EXECUTABLE
MO2301-P-6700,20221206093252900,SG01,1,196.8,197.8,196.8,150,0.0,0.0,0.0,0,0,196.8,150,0,0,869.2,0.2,0,0,191.2,191.0,190.8,190.6,190.2,3,6,6,15,12,195.8,196.0,197.2,197.8,198.6,12,6,24,9,15,EXECUTABLE
MO2301-P-6800,20221206093252900,SG01,1,254.2,253.0,253.0,94,254.2,254.2,254.2,4,101680,254.2,91,0,0,924.4,0.2,0,0,246.8,245.6,245.2,245.0,244.8,6,15,9,6,18,252.0,253.0,253.4,253.8,254.0,6,12,6,6,15,EXECUTABLE
MO2301-P-6900,20221206093252900,SG01,1,319.8,319.8,319.8,48,0.0,0.0,0.0,0,0,319.8,48,0,0,991.2,0.2,0,0,309.8,309.0,308.4,308.2,308.0,6,9,6,15,4,318.6,318.8,320.2,320.6,320.8,6,14,6,27,21,EXECUTABLE
MO2301-P-7000,20221206093252900,SG01,1,389.6,389.6,389.6,39,0.0,0.0,0.0,0,0,389.6,39,0,0,1061.0,0.2,0,0,381.8,380.8,379.4,379.0,378.8,6,24,6,18,12,392.2,392.4,392.6,393.0,393.2,6,6,6,12,9,EXECUTABLE
MO2301-P-7100,20221206093252900,SG01,1,478.2,468.4,478.2,15,0.0,0.0,0.0,0,0,478.2,15,0,0,1139.8,0.2,0,0,459.6,459.4,458.4,458.2,457.6,6,3,27,12,6,471.0,471.2,471.4,471.6,472.2,12,7,12,9,19,EXECUTABLE
MO2301-C-7200,20221206093252900,SG01,1,41.6,40.6,40.2,254,41.6,41.6,41.6,1,4160,41.6,255,0,0,712.0,0.2,0,0,39.6,39.2,39.0,38.8,38.6,6,6,1,18,24,41.4,41.6,41.8,42.0,42.2,6,16,27,12,6,EXECUTABLE
MO2301-P-7200,20221206093252900,SG01,1,562.2,550.8,562.2,44,0.0,0.0,0.0,0,0,562.2,44,0,0,1222.2,0.2,0,0,542.8,542.0,541.8,540.6,540.2,6,15,18,12,6,553.4,554.6,554.8,555.2,555.8,6,6,7,6,33,EXECUTABLE
MO2212-C-7300,20221206093252900,SG01,1,3.2,3.0,3.0,780,3.2,3.2,3.2,3,960,3.2,783,0,0,674.4,0.2,0,0,3.2,3.0,2.8,1.8,0.0,16,46,12,40,0,3.4,3.6,3.8,0.0,0.0,10,54,2,0,0,EXECUTABLE
MO2212-P-7300,20221206093252900,SG01,1,586.4,605.8,586.4,24,0.0,0.0,0.0,0,0,586.4,24,0,0,1277.2,0.2,0,0,587.8,587.2,586.2,585.8,584.6,4,9,13,6,6,595.0,596.2,596.4,597.6,597.8,12,6,12,9,7,EXECUTABLE
MO2301-C-7300,20221206093252900,SG01,1,28.0,28.4,28.0,140,0.0,0.0,0.0,0,0,28.0,140,0,0,699.8,0.2,0,0,27.6,27.2,27.0,26.8,26.6,1,24,16,18,6,29.2,29.4,29.6,30.0,30.2,6,27,22,6,15,EXECUTABLE
MO2301-P-7300,20221206093252900,SG01,1,642.2,639.0,642.2,10,0.0,0.0,0.0,0,0,642.2,10,0,0,1310.4,0.2,0,0,631.2,630.0,629.8,629.2,628.0,3,6,24,12,6,641.2,642.6,642.8,643.0,643.2,6,12,6,6,6,EXECUTABLE
MO2309-P-7400,20221206093252900,SG01,1,1132.4,1117.6,1132.4,44,0.0,0.0,0.0,0,0,1132.4,44,0,0,1789.0,446.2,0,0,1101.4,1101.2,1100.8,1100.6,1098.0,2,1,5,12,6,1119.0,1122.4,1123.8,1125.4,1125.6,1,6,6,6,1,EXECUTABLE
MO2301-P-7400,20221206093252900,SG01,1,742.2,734.4,742.2,29,0.0,0.0,0.0,0,0,742.2,29,0,0,1405.8,63.0,0,0,722.2,720.6,720.0,719.8,718.8,12,6,21,24,4,732.4,733.0,733.2,734.0,734.4,2,6,12,6,21,EXECUTABLE
MO2302-C-5900,20221206093252900,SG01,1,776.6,792.6,776.6,4,0.0,0.0,0.0,0,0,776.6,4,0,0,1464.0,121.2,0,0,791.2,791.0,789.0,788.4,787.2,6,6,18,24,18,804.8,805.8,806.2,806.4,806.6,12,6,30,18,4,EXECUTABLE
MO2302-C-6000,20221206093252900,SG01,1,475.4,705.6,475.4,9,0.0,0.0,0.0,0,0,475.4,9,0,0,1377.0,34.2,0,0,704.4,702.4,702.2,699.8,699.4,6,6,12,12,18,717.4,717.6,718.4,718.6,720.0,6,18,4,24,6,EXECUTABLE
MO2302-C-6100,20221206093252900,SG01,1,500.0,621.6,500.0,2,0.0,0.0,0.0,0,0,500.0,2,0,0,1293.0,0.2,0,0,620.0,618.2,618.0,617.0,614.2,6,6,12,12,12,633.2,633.4,633.8,634.2,634.6,12,18,18,4,6,EXECUTABLE
MO2302-C-6200,20221206093252900,SG01,1,479.6,542.4,479.6,4,0.0,0.0,0.0,0,0,479.6,4,0,0,1213.8,0.2,0,0,539.2,539.0,535.8,535.6,534.0,6,24,19,24,3,553.4,553.8,554.2,554.6,554.8,12,7,12,4,24,EXECUTABLE
MO2302-C-6300,20221206093252900,SG01,1,471.0,465.0,471.0,7,0.0,0.0,0.0,0,0,471.0,7,0,0,1136.4,0.2,0,0,464.8,463.0,462.8,462.4,462.2,6,13,6,24,19,478.8,479.0,479.2,480.0,481.0,28,36,7,6,6,EXECUTABLE
MO2302-C-6400,20221206093252900,SG01,1,327.8,396.4,327.8,30,0.0,0.0,0.0,0,0,327.8,30,0,0,1067.8,0.2,0,0,393.4,393.2,393.0,392.8,392.6,13,12,19,24,12,407.6,408.8,409.4,410.0,410.4,6,16,30,18,12,EXECUTABLE
MO2302-C-6500,20221206093252900,SG01,1,334.4,334.0,334.4,116,0.0,0.0,0.0,0,0,334.4,116,0,0,1005.4,0.2,0,0,332.4,332.2,330.6,329.8,329.4,12,13,25,12,24,342.8,343.2,344.0,345.2,345.8,6,36,4,18,6,EXECUTABLE
MO2302-C-6600,20221206093252900,SG01,1,268.2,280.6,268.2,102,0.0,0.0,0.0,0,0,268.2,102,0,0,952.0,0.2,0,0,275.4,275.2,275.0,274.4,273.6,2,7,13,24,18,286.6,287.2,287.4,287.8,288.2,12,4,24,18,12,EXECUTABLE
MO2302-C-6700,20221206093252900,SG01,1,219.2,228.8,219.2,118,0.0,0.0,0.0,0,0,219.2,118,0,0,900.2,0.2,0,0,225.8,225.6,225.4,225.2,225.0,6,7,30,7,24,235.8,236.2,237.2,237.4,237.8,28,24,6,30,6,EXECUTABLE
MO2302-C-6800,20221206093252900,SG01,1,177.0,186.0,177.0,40,0.0,0.0,0.0,0,0,177.0,40,0,0,857.4,0.2,0,0,181.8,181.4,181.2,180.8,180.6,6,13,7,36,6,191.6,191.8,192.0,192.4,192.8,24,12,4,18,6,EXECUTABLE
MO2302-C-6900,20221206093252900,SG01,1,151.2,146.6,151.2,12,0.0,0.0,0.0,0,0,151.2,12,0,0,818.0,0.2,0,0,144.0,143.8,143.6,143.4,143.0,2,24,6,12,30,153.6,153.8,154.2,154.4,155.2,13,10,18,24,12,EXECUTABLE
MO2302-C-7000,20221206093252900,SG01,1,115.0,115.6,115.0,140,0.0,0.0,0.0,0,0,115.0,140,0,0,787.0,0.2,0,0,114.0,113.4,112.8,112.6,111.6,1,7,24,30,6,121.6,121.8,122.0,122.2,122.4,6,16,6,30,12,EXECUTABLE
MO2302-C-7100,20221206093252900,SG01,1,93.0,90.2,93.0,76,0.0,0.0,0.0,0,0,93.0,76,0,0,761.6,0.2,0,0,88.8,88.0,87.8,87.4,87.2,6,6,12,1,43,94.2,94.4,94.6,94.8,95.2,16,24,21,24,6,EXECUTABLE
MO2302-C-7200,20221206093252900,SG01,1,68.6,69.4,68.6,26,0.0,0.0,0.0,0,0,68.6,26,0,0,740.8,0.2,0,0,66.8,66.6,66.4,66.2,66.0,12,12,26,18,12,72.8,73.4,73.6,73.8,74.0,4,42,21,6,6,EXECUTABLE
MO2302-C-7300,20221206093252900,SG01,1,52.2,53.2,52.2,37,0.0,0.0,0.0,0,0,52.2,37,0,0,724.6,0.2,0,0,51.6,51.0,50.8,50.6,50.4,12,9,21,24,6,54.4,54.8,55.0,55.2,56.4,6,25,21,12,12,EXECUTABLE
MO2302-C-7400,20221206093252900,SG01,1,40.2,40.2,40.2,59,0.0,0.0,0.0,0,0,40.2,59,0,0,711.6,0.2,0,0,38.4,38.0,37.8,37.6,37.4,6,18,12,42,6,41.4,41.6,41.8,42.2,42.8,16,42,24,6,6,EXECUTABLE
MO2302-P-5900,20221206093252900,SG01,1,31.6,29.8,31.6,56,0.0,0.0,0.0,0,0,31.6,56,0,0,701.2,0.2,0,0,29.0,28.8,28.6,28.4,28.2,6,25,39,12,6,32.0,32.2,32.4,32.6,32.8,6,6,24,45,9,EXECUTABLE
MO2302-P-6000,20221206093252900,SG01,1,41.4,41.4,41.4,84,0.0,0.0,0.0,0,0,41.4,84,0,0,712.8,0.2,0,0,40.6,40.4,40.2,40.0,39.8,6,16,39,21,12,43.2,43.8,44.0,44.2,44.6,6,27,36,15,6,EXECUTABLE
MO2302-P-6100,20221206093252900,SG01,1,57.2,57.0,57.2,48,0.0,0.0,0.0,0,0,57.2,48,0,0,728.4,0.2,0,0,54.4,54.2,54.0,53.4,53.2,12,18,18,18,6,60.0,60.2,60.8,61.0,61.2,7,12,36,12,12,EXECUTABLE
MO2302-P-6200,20221206093252900,SG01,1,77.4,77.2,77.4,98,0.0,0.0,0.0,0,0,77.4,98,0,0,748.6,0.2,0,0,76.6,75.8,75.4,74.6,74.4,7,7,24,54,15,79.8,80.2,80.4,80.6,81.0,6,6,18,6,36,EXECUTABLE
MO2302-P-6300,20221206093252900,SG01,1,99.6,101.2,99.6,68,0.0,0.0,0.0,0,0,99.6,68,0,0,772.6,0.2,0,0,98.6,98.4,98.2,98.0,97.8,12,4,18,6,30,103.4,104.0,104.2,104.4,104.6,6,7,18,30,30,EXECUTABLE
MO2302-P-6400,20221206093252900,SG01,1,132.6,130.4,132.6,102,0.0,0.0,0.0,0,0,132.6,102,0,0,801.8,0.2,0,0,127.2,127.0,126.4,126.2,126.0,6,16,1,42,12,134.0,136.0,136.2,136.4,136.6,7,18,6,42,6,EXECUTABLE
MO2302-P-6500,20221206093252900,SG01,1,175.4,169.0,175.4,119,0.0,0.0,0.0,0,0,175.4,119,0,0,840.4,0.2,0,0,163.8,163.0,162.6,162.4,162.2,6,16,24,18,6,172.8,173.0,173.4,173.6,173.8,7,12,1,42,18,EXECUTABLE
MO2302-P-6600,20221206093252900,SG01,1,218.2,214.0,218.2,52,0.0,0.0,0.0,0,0,218.2,52,0,0,885.4,0.2,0,0,206.2,206.0,205.4,205.0,204.8,10,18,24,6,12,215.6,216.4,216.6,216.8,217.0,19,18,6,24,18,EXECUTABLE
MO2302-P-6700,20221206093252900,SG01,1,263.8,262.0,263.8,47,0.0,0.0,0.0,0,0,263.8,47,0,0,933.4,0.2,0,0,254.0,253.8,252.4,251.2,250.4,30,16,33,6,6,265.6,265.8,266.0,266.2,266.4,13,6,7,36,12,EXECUTABLE
MO2302-P-6800,20221206093252900,SG01,1,314.0,314.0,314.0,8,0.0,0.0,0.0,0,0,314.0,8,0,0,985.4,0.2,0,0,310.8,309.4,309.2,308.6,307.4,12,6,4,30,6,319.2,319.4,321.2,322.0,322.6,8,12,30,12,18,EXECUTABLE
MO2302-P-6900,20221206093252900,SG01,1,386.4,381.8,386.4,2,0.0,0.0,0.0,0,0,386.4,2,0,0,1053.2,0.2,0,0,371.2,370.6,370.4,370.2,369.8,6,12,12,4,18,383.2,383.4,384.0,384.4,384.8,7,18,1,24,30,EXECUTABLE
MO2302-P-7000,20221206093252900,SG01,1,500.0,450.2,500.0,14,0.0,0.0,0.0,0,0,500.0,14,0,0,1121.6,0.2,0,0,439.4,439.2,438.6,437.8,437.6,6,6,24,18,4,450.6,450.8,452.4,452.8,453.2,6,13,18,18,6,EXECUTABLE
MO2302-P-7100,20221206093252900,SG01,1,535.8,521.4,535.8,4,0.0,0.0,0.0,0,0,535.8,4,0,0,1192.8,0.2,0,0,510.6,510.2,510.0,509.8,509.4,6,6,30,4,12,524.4,524.6,526.6,526.8,527.2,6,24,13,30,12,EXECUTABLE
MO2302-P-7200,20221206093252900,SG01,1,730.2,599.2,730.2,15,0.0,0.0,0.0,0,0,730.2,15,0,0,1270.6,0.2,0,0,590.2,588.8,588.6,587.6,587.0,6,12,18,4,30,602.8,603.0,604.0,604.2,604.8,6,6,18,18,19,EXECUTABLE
MO2302-P-7300,20221206093252900,SG01,1,1000.0,682.6,1000.0,2,0.0,0.0,0.0,0,0,1000.0,2,0,0,1354.0,11.2,0,0,671.6,670.6,670.0,669.6,669.4,6,6,4,24,24,685.6,685.8,687.2,687.6,688.0,6,6,18,36,6,EXECUTABLE
MO2302-P-7400,20221206093252900,SG01,1,941.6,767.8,941.6,2,0.0,0.0,0.0,0,0,941.6,2,0,0,1439.2,96.4,0,0,758.4,757.0,756.6,756.4,756.0,12,36,6,12,4,772.4,772.6,775.2,776.6,777.0,6,24,18,6,24,EXECUTABLE
MO2302-C-5800,20221206093252900,SG01,1,867.4,882.4,867.4,2,0.0,0.0,0.0,0,0,867.4,2,0,0,1553.8,211.0,0,0,882.0,881.8,879.6,876.6,876.4,6,6,18,24,6,897.0,897.8,898.2,899.4,903.8,30,4,6,6,6,EXECUTABLE
MO2302-P-5800,20221206093252900,SG01,1,20.8,21.6,21.8,16,20.8,20.8,20.8,2,4160,20.8,16,0,0,693.0,0.2,0,0,20.8,20.6,20.4,20.2,20.0,13,4,18,21,18,23.6,23.8,24.0,24.2,24.4,12,6,28,15,12,EXECUTABLE
MO2212-P-8200,20221206093252900,SG01,1,1518.8,1504.4,1518.8,55,0.0,0.0,0.0,0,0,1518.8,55,0,0,2175.8,833.0,0,0,1483.6,1483.4,1482.6,1482.2,1480.6,10,3,4,6,12,1493.2,1493.4,1494.4,1495.4,1496.8,12,18,6,6,13,EXECUTABLE
MO2212-C-6200,20221206093252900,SG01,1,491.0,507.2,491.0,219,0.0,0.0,0.0,0,0,491.0,219,0,0,1178.6,0.2,0,0,510.8,509.6,509.4,508.8,508.4,6,12,4,6,2,517.6,518.0,518.2,519.4,519.6,10,5,12,13,9,EXECUTABLE
MO2212-C-6400,20221206093252900,SG01,1,312.6,321.0,321.0,521,312.6,312.6,312.6,1,31260,312.6,521,0,0,992.4,0.2,0,0,320.8,320.6,320.4,320.0,319.0,2,6,10,6,6,326.2,326.8,327.0,327.8,328.0,6,4,6,2,16,EXECUTABLE
MO2212-C-6600,20221206093252900,SG01,1,160.6,159.2,159.2,1235,150.0,163.6,147.0,73,1143920,156.701,1242,0,0,830.6,0.2,0,0,160.8,160.4,159.8,159.2,159.0,1,6,1,6,6,162.6,163.2,163.8,164.0,164.2,6,4,8,6,8,EXECUTABLE
MO2212-C-6800,20221206093252900,SG01,1,60.2,59.8,59.8,3532,52.0,62.0,52.0,297,1754540,59.075,3652,0,0,731.2,0.2,0,0,59.6,59.4,59.0,58.6,58.4,14,6,7,2,7,60.6,61.0,61.4,61.8,62.0,1,3,6,1,15,EXECUTABLE
MO2212-C-7000,20221206093252900,SG01,1,18.4,18.4,18.4,2771,15.8,19.8,15.8,97,181220,18.682,2756,0,0,689.8,0.2,0,0,18.8,18.6,18.4,18.2,18.0,11,12,22,19,9,19.0,19.2,19.4,21.0,23.8,5,18,24,2,1,EXECUTABLE
MO2212-C-7200,20221206093252900,SG01,1,5.4,5.8,5.8,1863,5.4,5.8,4.8,22,11680,5.309,1881,0,0,677.2,0.2,0,0,5.6,5.4,5.2,4.4,3.8,25,48,1,1,3,5.8,6.0,6.2,6.4,9.0,6,46,9,2,3,EXECUTABLE
MO2212-C-7600,20221206093252900,SG01,1,1.2,1.2,1.2,589,0.0,0.0,0.0,0,0,1.2,589,0,0,672.6,0.2,0,0,1.2,1.0,0.8,0.0,0.0,1,22,42,0,0,1.4,1.6,1.8,2.0,0.0,64,2,1,1,0,EXECUTABLE
MO2212-P-6200,20221206093252900,SG01,1,3.0,3.0,3.0,2030,3.4,3.6,2.8,21,6700,3.19,2036,0,0,674.4,0.2,0,0,2.6,2.4,2.2,1.0,0.0,55,12,1,1,0,2.8,3.0,3.2,3.4,6.0,10,28,36,6,2,EXECUTABLE
MO2212-P-6400,20221206093252900,SG01,1,12.0,12.6,12.6,2572,14.2,14.2,11.6,69,83600,12.116,2551,0,0,684.0,0.2,0,0,11.8,11.6,11.4,11.2,10.6,15,15,28,1,3,12.0,12.2,12.4,12.6,12.8,6,10,24,21,9,EXECUTABLE
MO2212-P-6600,20221206093252900,SG01,1,49.0,52.6,52.6,2228,58.0,58.0,47.2,158,815080,51.587,2266,0,0,724.0,0.2,0,0,48.4,48.0,47.8,47.6,47.4,1,7,15,10,6,49.2,49.4,49.6,49.8,50.2,4,12,2,10,4,EXECUTABLE
MO2212-P-6800,20221206093252900,SG01,1,150.2,151.2,151.8,510,150.2,150.2,150.2,1,15020,150.2,511,0,0,822.6,0.2,0,0,145.0,144.8,144.4,144.0,143.8,6,6,6,5,6,149.0,149.2,149.4,149.8,150.2,3,10,4,7,8,EXECUTABLE
MO2212-P-7000,20221206093252900,SG01,1,314.0,311.0,314.0,127,0.0,0.0,0.0,0,0,314.0,127,0,0,982.4,0.2,0,0,303.8,302.6,302.4,302.0,301.6,4,9,6,10,6,309.0,309.6,309.8,310.0,310.2,2,6,8,6,4,EXECUTABLE
MO2212-P-7200,20221206093252900,SG01,1,493.8,507.6,493.8,111,0.0,0.0,0.0,0,0,493.8,111,0,0,1179.0,0.2,0,0,490.4,490.2,489.6,488.4,488.2,18,4,16,6,2,497.2,498.6,498.8,499.8,500.0,6,16,6,8,9,EXECUTABLE
MO2212-P-7400,20221206093252900,SG01,1,691.6,705.0,691.6,60,0.0,0.0,0.0,0,0,691.6,60,0,0,1376.4,33.6,0,0,686.8,686.0,685.6,684.8,684.2,4,6,4,9,6,693.8,695.0,695.2,695.4,695.8,12,6,4,6,2,EXECUTABLE
MO2212-P-7600,20221206093252900,SG01,1,919.0,904.2,919.0,44,0.0,0.0,0.0,0,0,919.0,44,0,0,1575.6,232.8,0,0,885.0,883.8,883.2,882.2,882.0,4,6,9,16,9,893.0,893.2,893.6,893.8,894.6,6,10,2,6,9,EXECUTABLE
MO2212-P-7800,20221206093252900,SG01,1,1297.4,1104.0,1297.4,81,0.0,0.0,0.0,0,0,1297.4,81,0,0,1775.4,432.6,0,0,1084.8,1084.0,1083.8,1082.2,1081.4,10,3,10,6,8,1093.0,1093.2,1093.8,1094.4,1095.6,6,12,6,6,9,EXECUTABLE
MO2303-C-6200,20221206093252900,SG01,1,476.2,549.4,476.2,219,0.0,0.0,0.0,0,0,476.2,219,0,0,1220.8,0.2,0,0,548.6,545.8,545.0,544.2,543.8,6,6,18,19,18,558.0,558.2,559.0,559.4,561.0,6,30,12,4,6,EXECUTABLE
MO2303-C-6400,20221206093252900,SG01,1,413.0,417.4,413.0,167,0.0,0.0,0.0,0,0,413.0,167,0,0,1088.8,0.2,0,0,415.6,413.4,412.8,411.8,411.6,6,6,12,2,42,425.0,425.8,427.0,427.8,428.0,6,6,34,12,12,EXECUTABLE
MO2303-C-6600,20221206093252900,SG01,1,310.0,311.6,310.0,138,0.0,0.0,0.0,0,0,310.0,138,0,0,983.0,0.2,0,0,310.6,308.4,305.6,305.0,304.8,1,6,18,18,6,315.8,316.0,317.2,317.6,317.8,6,6,24,6,16,EXECUTABLE
MO2303-C-6800,20221206093252900,SG01,1,224.2,224.2,224.2,217,0.0,0.0,0.0,0,0,224.2,217,0,0,895.6,0.2,0,0,218.2,218.0,217.8,217.6,217.2,6,6,7,30,24,228.2,228.4,228.6,229.2,229.8,6,12,40,24,6,EXECUTABLE
MO2303-C-7000,20221206093252900,SG01,1,153.8,155.6,153.8,366,0.0,0.0,0.0,0,0,153.8,366,0,0,827.0,0.2,0,0,151.0,150.8,150.6,150.2,150.0,7,18,12,18,18,159.6,159.8,160.0,160.6,160.8,4,18,24,12,12,EXECUTABLE
MO2303-C-7200,20221206093252900,SG01,1,107.4,107.2,107.4,190,0.0,0.0,0.0,0,0,107.4,190,0,0,778.6,0.2,0,0,103.6,103.2,102.8,102.6,102.4,6,6,12,31,10,109.0,109.2,109.4,109.6,109.8,6,18,24,19,12,EXECUTABLE
MO2303-C-7400,20221206093252900,SG01,1,70.6,69.8,70.6,254,0.0,0.0,0.0,0,0,70.6,254,0,0,741.2,0.2,0,0,68.0,67.6,67.2,67.0,66.8,12,10,42,18,6,73.6,74.2,74.6,74.8,75.0,16,12,45,12,6,EXECUTABLE
MO2303-C-7600,20221206093252900,SG01,1,48.2,47.4,48.2,405,0.0,0.0,0.0,0,0,48.2,405,0,0,718.8,0.2,0,0,45.6,45.4,45.2,45.0,44.8,6,24,6,28,9,48.8,49.0,49.2,49.4,0.0,15,34,12,12,0,EXECUTABLE
MO2303-P-6200,20221206093252900,SG01,1,128.8,121.2,128.8,122,0.0,0.0,0.0,0,0,128.8,122,0,0,792.6,0.2,0,0,119.6,119.4,118.8,118.6,118.4,4,12,18,12,6,126.6,126.8,127.0,127.2,127.4,6,6,12,12,30,EXECUTABLE
MO2303-P-6400,20221206093252900,SG01,1,197.2,188.8,197.2,137,0.0,0.0,0.0,0,0,197.2,137,0,0,860.2,0.2,0,0,185.0,184.6,184.4,184.0,183.6,10,12,18,18,12,194.8,195.2,195.4,195.6,195.8,12,11,1,36,18,EXECUTABLE
MO2303-P-6600,20221206093252900,SG01,1,290.8,279.8,290.8,141,0.0,0.0,0.0,0,0,290.8,141,0,0,951.2,0.2,0,0,273.8,273.4,273.2,272.8,272.0,4,18,6,18,12,284.0,285.0,285.2,285.6,285.8,6,6,1,6,12,EXECUTABLE
MO2303-P-6800,20221206093252900,SG01,1,407.2,389.2,407.2,97,0.0,0.0,0.0,0,0,407.2,97,0,0,1060.6,0.2,0,0,383.8,383.0,382.8,382.4,380.4,4,12,12,24,18,395.2,395.4,396.6,397.0,397.2,6,6,7,6,12,EXECUTABLE
MO2303-P-7000,20221206093252900,SG01,1,518.0,518.8,518.0,223,0.0,0.0,0.0,0,0,518.0,223,0,0,1190.2,0.2,0,0,513.6,512.4,512.0,510.2,510.0,4,12,24,6,12,527.8,528.0,528.2,529.2,529.4,9,12,6,24,18,EXECUTABLE
MO2303-P-7200,20221206093252900,SG01,1,666.4,669.6,666.4,55,0.0,0.0,0.0,0,0,666.4,55,0,0,1341.0,0.2,0,0,663.0,662.4,662.2,661.8,659.6,12,12,18,10,12,675.6,677.8,678.2,679.2,679.6,6,3,12,6,36,EXECUTABLE
MO2303-P-7400,20221206093252900,SG01,1,998.0,832.6,998.0,52,0.0,0.0,0.0,0,0,998.0,52,0,0,1504.0,161.2,0,0,826.8,825.8,825.6,823.6,823.4,12,6,24,6,12,839.2,841.2,841.6,841.8,842.4,6,2,12,6,6,EXECUTABLE
MO2303-P-7600,20221206093252900,SG01,1,1053.0,1009.2,1053.0,31,0.0,0.0,0.0,0,0,1053.0,31,0,0,1680.6,337.8,0,0,1001.4,1001.2,1000.8,1000.6,999.4,6,6,18,6,6,1015.2,1017.2,1017.6,1017.8,1018.0,6,6,6,12,18,EXECUTABLE
MO2303-P-7800,20221206093252900,SG01,1,1251.0,1190.8,1251.0,54,0.0,0.0,0.0,0,0,1251.0,54,0,0,1862.2,519.4,0,0,1184.4,1183.0,1181.6,1180.8,1180.6,6,12,34,6,10,1197.6,1199.6,1199.8,1200.0,1201.6,6,6,18,6,24,EXECUTABLE
MO2306-C-6200,20221206093252900,SG01,1,582.6,578.6,582.6,108,0.0,0.0,0.0,0,0,582.6,108,0,0,1250.0,0.2,0,0,576.4,575.2,573.4,573.0,572.8,1,6,13,18,42,589.4,591.0,591.4,592.8,593.0,18,22,5,12,12,EXECUTABLE
MO2306-C-6400,20221206093252900,SG01,1,468.6,463.4,468.6,67,0.0,0.0,0.0,0,0,468.6,67,0,0,1134.8,0.2,0,0,461.0,460.8,460.6,459.8,459.4,1,5,13,42,12,476.8,477.4,477.8,478.2,478.4,6,34,6,12,17,EXECUTABLE
MO2306-C-6600,20221206093252900,SG01,1,375.6,368.8,375.8,118,375.6,375.6,375.6,1,37560,375.6,119,0,0,1040.2,0.2,0,0,375.6,369.0,368.2,367.6,367.2,1,6,6,12,18,380.4,380.8,381.0,381.4,383.2,12,9,12,36,6,EXECUTABLE
MO2306-C-6800,20221206093252900,SG01,1,294.2,294.2,294.2,208,0.0,0.0,0.0,0,0,294.2,208,0,0,965.6,0.2,0,0,286.0,285.8,285.0,284.8,284.6,6,1,31,17,12,298.4,299.4,299.6,300.2,301.6,1,12,18,18,12,EXECUTABLE
MO2306-C-7000,20221206093252900,SG01,1,229.2,223.2,229.2,533,0.0,0.0,0.0,0,0,229.2,533,0,0,894.6,0.2,0,0,221.2,221.0,220.4,219.8,219.6,6,18,2,35,24,231.2,231.4,231.6,231.8,232.2,1,22,18,24,11,EXECUTABLE
MO2306-C-7200,20221206093252900,SG01,1,183.2,171.6,183.2,210,0.0,0.0,0.0,0,0,183.2,210,0,0,843.0,0.2,0,0,169.6,168.4,168.0,167.8,167.6,1,1,18,18,12,177.2,178.4,178.8,179.0,179.2,1,6,18,11,18,EXECUTABLE
MO2306-C-7800,20221206093252900,SG01,1,72.4,76.2,72.4,489,0.0,0.0,0.0,0,0,72.4,489,0,0,747.6,0.2,0,0,74.4,74.2,74.0,73.6,73.4,6,5,12,6,30,79.8,80.4,80.6,80.8,81.0,1,28,18,27,18,EXECUTABLE
MO2306-P-6400,20221206093252900,SG01,1,353.6,344.6,353.6,243,0.0,0.0,0.0,0,0,353.6,243,0,0,1016.0,0.2,0,0,342.4,342.0,341.8,341.0,340.8,4,18,6,24,6,353.6,354.2,354.4,354.8,355.0,1,12,18,18,18,EXECUTABLE
MO2306-P-6600,20221206093252900,SG01,1,454.0,447.8,454.0,107,0.0,0.0,0.0,0,0,454.0,107,0,0,1119.2,0.2,0,0,441.2,440.8,440.6,440.2,438.2,15,12,30,12,12,455.2,455.4,455.8,457.0,457.6,1,1,18,35,12,EXECUTABLE
MO2306-P-6800,20221206093252900,SG01,1,564.4,564.4,564.4,73,0.0,0.0,0.0,0,0,564.4,73,0,0,1235.8,0.2,0,0,558.4,558.0,556.6,556.2,555.2,4,12,18,12,12,571.4,571.6,572.0,573.0,573.6,2,5,6,12,18,EXECUTABLE
MO2306-P-7000,20221206093252900,SG01,1,720.2,699.0,720.2,55,0.0,0.0,0.0,0,0,720.2,55,0,0,1370.4,27.6,0,0,688.2,687.2,687.0,685.4,685.2,4,12,12,24,17,703.4,703.6,704.2,704.4,704.6,6,1,1,18,23,EXECUTABLE
MO2306-P-7200,20221206093252900,SG01,1,1000.0,840.0,1000.0,44,0.0,0.0,0.0,0,0,1000.0,44,0,0,1511.4,168.6,0,0,834.8,833.4,832.0,831.0,828.6,4,18,24,12,12,852.6,852.8,853.0,853.6,853.8,6,13,5,18,18,EXECUTABLE
MO2306-P-7400,20221206093252900,SG01,1,1011.6,1004.2,1011.6,34,0.0,0.0,0.0,0,0,1011.6,34,0,0,1675.6,332.8,0,0,990.2,987.6,987.2,987.0,985.6,4,18,12,18,10,1008.6,1009.0,1009.4,1009.6,1011.2,7,11,31,10,12,EXECUTABLE
MO2306-P-7600,20221206093252900,SG01,1,1346.6,1161.8,1346.6,35,0.0,0.0,0.0,0,0,1346.6,35,0,0,1833.2,490.4,0,0,1156.2,1154.0,1153.8,1153.6,1153.0,4,12,18,10,12,1174.6,1174.8,1175.0,1175.4,1175.8,6,1,12,18,21,EXECUTABLE
MO2306-P-7800,20221206093252900,SG01,1,1394.4,1339.6,1394.4,53,0.0,0.0,0.0,0,0,1394.4,53,0,0,2011.0,668.2,0,0,1330.0,1328.2,1326.8,1326.4,1323.8,4,12,18,12,16,1348.8,1349.0,1349.6,1352.0,1352.4,6,6,18,12,10,EXECUTABLE
MO2212-P-8000,20221206093253400,SG01,1,1547.4,1304.0,1547.4,128,0.0,0.0,0.0,0,0,1547.4,128,0,0,1975.4,632.6,0,0,1284.0,1283.2,1283.0,1281.8,1281.2,4,3,10,12,12,1293.0,1293.2,1294.4,1296.0,1298.4,6,18,12,15,10,EXECUTABLE
MO2303-C-8000,20221206093253400,SG01,1,21.4,21.4,21.4,290,0.0,0.0,0.0,0,0,21.4,290,0,0,692.8,0.2,0,0,20.8,20.6,20.4,20.2,20.0,6,6,12,3,52,22.0,22.2,22.4,22.6,23.6,6,13,24,18,12,EXECUTABLE
MO2303-P-8000,20221206093253400,SG01,1,1536.0,1379.6,1536.0,90,0.0,0.0,0.0,0,0,1536.0,90,0,0,2051.0,708.2,0,0,1370.0,1369.0,1368.8,1368.2,1367.6,18,18,18,14,6,1384.4,1387.4,1389.4,1390.8,1392.0,12,6,12,24,22,EXECUTABLE
MO2306-P-8000,20221206093253400,SG01,1,1764.6,1518.4,1764.6,49,0.0,0.0,0.0,0,0,1764.6,49,0,0,2189.8,847.0,0,0,1508.0,1507.4,1507.2,1507.0,1506.6,16,12,12,10,6,1527.6,1527.8,1529.0,1529.2,1529.8,6,1,12,18,16,EXECUTABLE
MO2212-C-6500,20221206093253400,SG01,1,234.0,231.8,231.8,1035,228.0,240.4,228.0,19,437560,230.295,1038,0,0,903.2,0.2,0,0,234.2,234.0,233.6,233.2,233.0,6,12,10,2,6,239.2,239.6,239.8,240.0,240.2,4,6,6,14,4,EXECUTABLE
MO2212-C-6700,20221206093253400,SG01,1,101.2,99.0,99.0,2860,90.2,103.0,90.2,167,1631100,97.671,2877,0,0,770.4,0.2,0,0,100.6,100.4,100.2,99.8,99.6,4,12,6,6,14,102.6,102.8,103.0,103.4,103.6,5,11,1,9,12,EXECUTABLE
MO2212-C-6900,20221206093253400,SG01,1,32.8,33.4,33.4,2833,30.0,35.2,29.4,179,592980,33.127,2873,0,0,704.8,0.2,0,0,34.0,33.8,33.2,33.0,32.8,3,10,12,13,6,34.2,34.4,34.6,34.8,35.0,6,4,3,9,24,EXECUTABLE
MO2212-C-7100,20221206093253400,SG01,1,10.0,9.8,9.8,1316,8.6,10.6,8.6,111,110500,9.955,1294,0,0,681.2,0.2,0,0,10.0,9.8,9.6,9.4,8.8,49,21,1,3,2,10.4,10.6,10.8,11.0,11.4,25,10,16,14,1,EXECUTABLE
MO2212-P-6300,20221206093253400,SG01,1,5.6,6.0,6.0,2206,6.0,7.0,5.4,48,27040,5.633,2206,0,0,677.4,0.2,0,0,5.6,5.4,5.0,2.0,1.2,20,54,3,1,1,5.8,6.0,6.2,6.4,8.0,10,54,7,10,1,EXECUTABLE
MO2212-P-6500,20221206093253400,SG01,1,24.6,25.0,25.0,1729,28.0,28.2,23.4,147,372080,25.312,1726,0,0,696.4,0.2,0,0,24.2,23.8,23.6,23.4,23.2,26,8,6,18,15,24.6,24.8,25.0,25.2,25.6,7,5,4,15,15,EXECUTABLE
MO2212-P-6700,20221206093253400,SG01,1,88.0,95.6,95.6,3590,100.2,100.2,87.4,139,1270080,91.373,3586,0,0,767.0,0.2,0,0,87.4,87.2,87.0,86.8,86.6,6,7,1,11,16,89.6,89.8,90.2,90.4,90.6,9,16,6,6,6,EXECUTABLE
MO2212-P-6900,20221206093253400,SG01,1,228.8,227.0,227.0,196,228.8,228.8,228.8,1,22880,228.8,196,0,0,898.4,0.2,0,0,218.8,218.0,217.8,217.6,217.0,10,6,18,4,2,223.6,223.8,224.2,224.6,225.6,8,12,7,6,10,EXECUTABLE
MO2212-P-7100,20221206093253400,SG01,1,415.6,411.2,415.6,61,0.0,0.0,0.0,0,0,415.6,61,0,0,1082.6,0.2,0,0,394.4,394.0,393.0,392.6,392.4,4,21,10,12,9,401.6,403.0,403.2,403.6,404.0,16,8,6,13,6,EXECUTABLE
MO2309-C-5800,20221206093253400,SG01,1,871.8,871.8,871.8,129,0.0,0.0,0.0,0,0,871.8,129,0,0,1543.2,200.4,0,0,857.2,857.0,855.8,855.4,854.8,6,3,6,24,31,875.0,875.6,875.8,877.2,878.0,2,18,11,18,24,EXECUTABLE
MO2309-C-6000,20221206093253400,SG01,1,740.8,732.4,740.8,132,0.0,0.0,0.0,0,0,740.8,132,0,0,1403.8,61.0,0,0,734.2,729.4,728.6,726.4,726.2,1,6,1,23,21,745.6,746.4,746.6,746.8,747.4,8,11,12,12,12,EXECUTABLE
MO2309-C-6200,20221206093253400,SG01,1,609.0,615.2,609.0,149,0.0,0.0,0.0,0,0,609.0,149,0,0,1286.6,0.2,0,0,614.4,613.6,613.2,613.0,612.8,1,1,11,42,12,630.4,630.6,631.0,634.0,634.2,14,17,18,6,12,EXECUTABLE
MO2309-C-6400,20221206093253400,SG01,1,549.0,509.2,549.0,157,0.0,0.0,0.0,0,0,549.0,157,0,0,1180.6,0.2,0,0,517.0,510.8,510.0,509.8,509.6,1,6,14,1,24,524.8,525.0,525.4,526.8,527.4,8,6,17,24,9,EXECUTABLE
MO2309-C-6600,20221206093253400,SG01,1,427.0,419.8,427.0,170,0.0,0.0,0.0,0,0,427.0,170,0,0,1091.2,0.2,0,0,422.4,420.2,419.6,419.4,419.2,1,3,11,12,31,433.4,434.8,435.0,435.2,435.6,2,29,18,12,18,EXECUTABLE
MO2309-C-6800,20221206093253400,SG01,1,346.0,340.6,346.0,139,0.0,0.0,0.0,0,0,346.0,139,0,0,1012.0,0.2,0,0,346.4,342.2,342.0,341.4,341.2,1,1,8,12,24,353.8,354.2,354.6,355.2,356.2,8,6,5,24,6,EXECUTABLE
MO2309-C-7200,20221206093253400,SG01,1,218.4,222.0,218.4,324,0.0,0.0,0.0,0,0,218.4,324,0,0,893.4,0.2,0,0,219.6,219.4,219.2,218.4,218.0,6,3,1,24,23,227.8,229.2,229.8,230.0,230.2,1,17,2,30,30,EXECUTABLE
MO2309-P-6000,20221206093253400,SG01,1,312.6,299.6,312.6,48,0.0,0.0,0.0,0,0,312.6,48,0,0,971.0,0.2,0,0,294.8,293.2,291.6,291.2,291.0,1,14,5,42,12,306.4,306.6,306.8,308.6,309.4,6,3,13,29,20,EXECUTABLE
MO2309-P-6200,20221206093253400,SG01,1,375.0,379.0,375.0,123,0.0,0.0,0.0,0,0,375.0,123,0,0,1050.4,0.2,0,0,372.2,371.8,371.0,370.8,370.4,8,30,6,18,12,379.8,384.6,385.2,386.4,386.8,1,6,15,5,36,EXECUTABLE
MO2309-P-6400,20221206093253400,SG01,1,480.8,472.4,480.8,82,0.0,0.0,0.0,0,0,480.8,82,0,0,1143.8,0.2,0,0,465.0,464.6,464.2,464.0,462.4,1,2,23,42,6,478.4,478.8,479.2,479.8,480.8,1,11,12,6,12,EXECUTABLE
MO2309-P-6600,20221206093253400,SG01,1,578.4,577.0,578.4,46,0.0,0.0,0.0,0,0,578.4,46,0,0,1248.4,0.2,0,0,568.4,566.8,566.4,565.4,565.2,14,11,30,12,3,581.8,583.0,584.6,584.8,585.8,1,6,6,14,36,EXECUTABLE
MO2309-P-6800,20221206093253400,SG01,1,675.8,691.0,675.8,36,0.0,0.0,0.0,0,0,675.8,36,0,0,1362.4,19.6,0,0,686.2,685.8,684.0,683.4,683.2,8,6,12,23,6,700.0,700.4,702.8,704.2,704.8,1,6,12,9,35,EXECUTABLE
MO2309-P-7000,20221206093253400,SG01,1,818.6,825.4,818.6,47,0.0,0.0,0.0,0,0,818.6,47,0,0,1496.8,154.0,0,0,815.4,815.0,814.4,813.0,812.4,6,11,2,12,24,828.8,829.6,832.6,833.6,835.8,1,6,3,12,12,EXECUTABLE
MO2309-P-7200,20221206093253400,SG01,1,1000.0,967.0,1000.0,58,0.0,0.0,0.0,0,0,1000.0,58,0,0,1638.4,295.6,0,0,954.6,951.6,951.4,951.2,950.4,14,6,17,12,10,969.8,970.8,973.6,974.0,976.8,1,6,3,12,29,EXECUTABLE
MO2212-C-5700,20221206093253400,SG01,1,1015.2,996.2,1015.2,53,0.0,0.0,0.0,0,0,1015.2,53,0,0,1667.6,324.8,0,0,1007.0,1006.8,1005.8,1005.0,1004.8,6,18,6,3,10,1015.8,1016.0,1016.6,1016.8,1017.2,4,6,9,10,6,EXECUTABLE
MO2303-C-5600,20221206093253400,SG01,1,1052.0,1050.4,1052.0,66,0.0,0.0,0.0,0,0,1052.0,66,0,0,1721.8,379.0,0,0,1047.8,1043.4,1043.2,1041.8,1040.4,12,6,30,24,10,1058.8,1059.8,1060.0,1062.6,1062.8,6,24,18,22,10,EXECUTABLE
MO2303-P-5600,20221206093253400,SG01,1,31.2,26.6,31.2,134,0.0,0.0,0.0,0,0,31.2,134,0,0,698.0,0.2,0,0,25.6,25.4,25.2,25.0,24.8,4,12,18,52,6,28.4,28.6,28.8,29.0,29.4,34,6,48,10,6,EXECUTABLE
MO2306-C-5600,20221206093253400,SG01,1,999.6,1010.8,999.6,32,0.0,0.0,0.0,0,0,999.6,32,0,0,1682.2,339.4,0,0,1006.6,1003.4,1003.2,1000.0,997.0,13,6,23,24,6,1022.8,1023.4,1024.4,1025.6,1026.4,16,12,12,23,18,EXECUTABLE
MO2306-P-5600,20221206093253400,SG01,1,103.0,103.0,103.0,75,0.0,0.0,0.0,0,0,103.0,75,0,0,774.4,0.2,0,0,101.4,100.2,100.0,99.8,99.6,1,22,30,15,12,105.8,106.0,106.2,106.8,107.2,12,6,11,18,40,EXECUTABLE
MO2309-C-5600,20221206093253400,SG01,1,934.4,1008.8,934.4,116,0.0,0.0,0.0,0,0,934.4,116,0,0,1680.2,337.4,0,0,1001.0,1000.4,999.4,999.2,998.2,1,1,11,24,6,1020.2,1021.0,1021.2,1021.4,1024.2,8,8,30,16,6,EXECUTABLE
MO2309-P-5600,20221206093253400,SG01,1,181.8,180.6,181.8,155,0.0,0.0,0.0,0,0,181.8,155,0,0,852.0,0.2,0,0,177.0,176.0,174.8,174.4,173.4,1,2,18,24,23,183.8,184.6,184.8,185.0,185.4,1,6,15,23,30,EXECUTABLE
MO2212-C-5600,20221206093253400,SG01,1,1116.8,1096.0,1116.8,48,0.0,0.0,0.0,0,0,1116.8,48,0,0,1767.4,424.6,0,0,1106.2,1106.0,1104.6,1103.2,1101.8,6,24,6,9,10,1115.0,1115.4,1115.6,1116.6,1117.6,3,6,4,16,6,EXECUTABLE
MO2303-C-8200,20221206093253400,SG01,1,15.0,15.0,15.0,580,0.0,0.0,0.0,0,0,15.0,580,0,0,686.4,0.2,0,0,14.4,14.2,14.0,13.0,6.0,10,36,27,2,3,15.6,16.0,16.2,16.4,16.6,4,39,24,6,6,EXECUTABLE
MO2303-P-8200,20221206093253400,SG01,1,1571.8,1590.6,1571.8,103,0.0,0.0,0.0,0,0,1571.8,103,0,0,2262.0,919.2,0,0,1561.0,1560.8,1560.6,1560.0,1559.6,12,6,18,26,6,1576.0,1578.4,1579.0,1580.0,1582.4,6,6,18,24,16,EXECUTABLE
MO2306-P-8200,20221206093253400,SG01,1,1802.8,1703.8,1802.8,42,0.0,0.0,0.0,0,0,1802.8,42,0,0,2375.2,1032.4,0,0,1692.4,1692.2,1691.2,1690.6,1689.8,4,18,18,4,6,1712.6,1712.8,1713.2,1713.6,1716.8,6,1,12,30,9,EXECUTABLE
MO2212-C-5800,20221206093253400,SG01,1,917.6,896.4,917.6,34,0.0,0.0,0.0,0,0,917.6,34,0,0,1567.8,225.0,0,0,907.4,907.2,906.4,905.6,905.2,6,16,6,5,10,915.8,916.2,917.0,917.8,918.0,6,10,9,10,6,EXECUTABLE
MO2303-C-5800,20221206093253400,SG01,1,876.0,871.0,876.0,101,0.0,0.0,0.0,0,0,876.0,101,0,0,1542.4,199.6,0,0,867.4,863.4,863.0,862.6,861.2,12,6,18,36,12,880.0,880.2,880.4,882.2,882.4,6,18,24,18,12,EXECUTABLE
MO2303-P-5800,20221206093253400,SG01,1,47.8,45.6,49.4,195,47.8,47.8,47.8,2,9560,47.8,195,0,0,717.0,0.2,0,0,44.2,44.0,43.8,43.6,42.4,16,28,30,6,6,47.2,47.4,47.6,47.8,48.0,6,12,6,58,9,EXECUTABLE
MO2306-C-5800,20221206093253400,SG01,1,898.0,849.4,898.0,100,0.0,0.0,0.0,0,0,898.0,100,0,0,1520.8,178.0,0,0,846.4,846.2,845.4,844.2,843.4,7,12,5,19,18,866.4,866.8,867.0,867.2,867.4,4,18,6,30,12,EXECUTABLE
MO2306-P-5800,20221206093253400,SG01,1,143.0,143.0,143.0,66,0.0,0.0,0.0,0,0,143.0,66,0,0,814.4,0.2,0,0,140.6,140.0,139.6,138.4,138.2,1,10,12,30,12,146.4,146.6,147.0,148.2,148.4,1,6,5,6,12,EXECUTABLE
MO2212-C-6000,20221206093253400,SG01,1,708.6,697.4,708.6,58,0.0,0.0,0.0,0,0,708.6,58,0,0,1368.8,26.0,0,0,708.6,708.4,708.2,708.0,707.0,6,16,2,6,3,716.2,716.4,716.6,717.0,718.0,4,6,12,10,6,EXECUTABLE
MO2303-C-6000,20221206093253400,SG01,1,703.0,701.8,703.0,120,0.0,0.0,0.0,0,0,703.0,120,0,0,1373.2,30.4,0,0,700.2,697.2,695.2,694.8,694.0,12,6,18,24,18,712.0,712.4,712.6,712.8,713.8,12,12,6,18,12,EXECUTABLE
MO2306-C-6000,20221206093253400,SG01,1,708.0,705.8,708.0,123,0.0,0.0,0.0,0,0,708.0,123,0,0,1377.2,34.4,0,0,703.0,702.8,702.4,701.4,701.2,6,6,25,24,6,720.2,720.4,720.6,722.2,722.4,4,24,6,6,12,EXECUTABLE
MO2306-P-6000,20221206093253400,SG01,1,194.6,194.6,194.6,112,0.0,0.0,0.0,0,0,194.6,112,0,0,866.0,0.2,0,0,192.2,191.0,190.8,190.6,189.8,1,10,36,24,9,199.0,201.0,201.8,202.0,202.2,1,6,5,1,24,EXECUTABLE
MO2212-C-5900,20221206093253400,SG01,1,796.2,805.0,796.2,45,0.0,0.0,0.0,0,0,796.2,45,0,0,1476.4,133.6,0,0,808.0,807.8,807.6,806.6,806.4,6,18,6,3,4,815.8,816.2,816.4,816.6,817.8,4,12,9,4,6,EXECUTABLE
MO2212-C-6100,20221206093253400,SG01,1,594.0,598.4,594.0,107,0.0,0.0,0.0,0,0,594.0,107,0,0,1269.8,0.2,0,0,609.6,609.4,608.8,608.2,608.0,6,18,6,3,10,617.2,617.4,618.6,619.2,619.4,10,6,9,2,16,EXECUTABLE
MO2212-C-6300,20221206093253400,SG01,1,401.0,411.0,401.0,204,0.0,0.0,0.0,0,0,401.0,204,0,0,1082.4,0.2,0,0,414.4,414.2,413.8,413.6,413.4,6,2,6,4,2,420.6,421.6,422.2,423.2,423.4,10,15,15,6,6,EXECUTABLE
MO2212-C-5500,20221206093253400,SG01,1,1196.0,1195.8,1196.0,42,0.0,0.0,0.0,0,0,1196.0,42,0,0,1867.2,524.4,0,0,1206.0,1205.8,1204.8,1204.2,1203.2,6,18,6,9,16,1215.0,1215.2,1215.4,1215.6,1217.0,6,4,6,9,16,EXECUTABLE
MO2303-C-5400,20221206093253400,SG01,1,1236.0,1238.8,1236.0,37,0.0,0.0,0.0,0,0,1236.0,37,0,0,1910.2,567.4,0,0,1235.0,1231.8,1230.4,1228.6,1228.4,12,18,6,30,16,1245.8,1246.0,1247.4,1248.6,1249.8,18,12,28,6,6,EXECUTABLE
MO2303-P-5400,20221206093253400,SG01,1,15.4,15.4,15.4,138,0.0,0.0,0.0,0,0,15.4,138,0,0,686.8,0.2,0,0,15.4,15.0,14.8,14.6,14.2,1,12,19,48,6,16.0,16.2,16.4,16.6,16.8,12,12,5,48,9,EXECUTABLE
MO2306-C-5400,20221206093253400,SG01,1,1115.0,1187.8,1115.0,46,0.0,0.0,0.0,0,0,1115.0,46,0,0,1859.2,516.4,0,0,1173.2,1170.8,1169.8,1169.4,1168.0,6,6,18,31,9,1188.6,1189.4,1190.2,1190.4,1190.6,10,12,18,12,4,EXECUTABLE
MO2306-P-5400,20221206093253400,SG01,1,76.0,72.2,80.6,153,77.0,77.0,76.0,15,114900,76.6,166,0,0,743.6,0.2,0,0,72.6,71.8,71.0,70.8,70.6,12,4,6,6,13,76.2,76.6,76.8,77.0,77.2,6,22,7,1,24,EXECUTABLE
MO2309-C-5400,20221206093253400,SG01,1,1161.0,1161.6,1161.0,92,0.0,0.0,0.0,0,0,1161.0,92,0,0,1833.0,490.2,0,0,1152.4,1152.2,1150.8,1148.8,1148.6,6,6,3,11,32,1173.2,1174.0,1175.2,1176.2,1180.6,13,36,6,10,3,EXECUTABLE
MO2309-P-5400,20221206093253400,SG01,1,139.6,136.2,139.6,61,0.0,0.0,0.0,0,0,139.6,61,0,0,807.6,0.2,0,0,133.6,131.4,131.2,131.0,130.6,1,2,11,48,12,140.2,140.4,140.8,141.4,141.8,12,9,6,8,36,EXECUTABLE
MO2212-P-7500,20221206093253400,SG01,1,913.0,804.4,913.0,13,0.0,0.0,0.0,0,0,913.0,13,0,0,1475.8,133.0,0,0,785.2,784.2,782.6,781.8,779.6,10,6,9,22,2,793.0,794.0,794.2,794.6,795.0,18,6,6,9,10,EXECUTABLE
MO2301-C-7500,20221206093253400,SG01,1,13.6,14.4,13.6,273,12.8,13.6,12.8,4,5240,13.1,275,0,0,685.8,0.2,0,0,13.6,13.4,13.2,13.0,12.8,10,6,33,33,6,14.6,14.8,15.0,15.2,18.2,10,12,39,21,1,EXECUTABLE
MO2301-P-7500,20221206093253400,SG01,1,837.2,823.8,837.2,13,0.0,0.0,0.0,0,0,837.2,13,0,0,1495.2,152.4,0,0,816.0,815.0,814.8,813.6,812.8,6,4,6,27,24,825.8,826.0,827.2,827.4,827.6,6,6,4,6,6,EXECUTABLE
MO2309-C-7600,20221206093253400,SG01,1,139.2,141.6,141.6,195,139.2,139.2,139.2,1,13920,139.2,195,0,0,813.0,0.2,0,0,137.8,137.2,137.0,136.0,135.8,1,6,3,18,47,143.0,145.6,146.0,146.2,146.4,1,5,54,12,2,EXECUTABLE
MO2309-P-7600,20221206093253400,SG01,1,1273.4,1274.0,1273.4,13,0.0,0.0,0.0,0,0,1273.4,13,0,0,1945.4,602.6,0,0,1260.0,1259.2,1259.0,1257.6,1256.0,2,5,24,6,10,1282.0,1282.2,1282.8,1285.2,1285.4,7,12,1,5,28,EXECUTABLE
MO2212-C-5300,20221206093253400,SG01,1,1367.0,1406.0,1367.0,39,0.0,0.0,0.0,0,0,1367.0,39,0,0,2077.4,734.6,0,0,1405.4,1405.2,1404.8,1404.4,1402.4,6,18,6,6,19,1415.0,1415.6,1416.2,1417.8,1418.0,10,9,6,10,12,EXECUTABLE
MO2212-C-5400,20221206093253400,SG01,1,1266.2,1306.2,1266.2,41,0.0,0.0,0.0,0,0,1266.2,41,0,0,1977.6,634.8,0,0,1305.4,1305.2,1304.6,1304.2,1303.0,6,8,16,9,4,1314.6,1315.4,1315.6,1316.0,1316.6,4,6,6,3,4,EXECUTABLE
MO2303-C-5200,20221206093253400,SG01,1,1452.4,1429.6,1452.4,32,0.0,0.0,0.0,0,0,1452.4,32,0,0,2101.0,758.2,0,0,1427.0,1424.6,1424.0,1423.8,1422.6,6,6,18,24,4,1438.0,1439.8,1440.0,1442.2,1442.6,6,18,24,16,6,EXECUTABLE
MO2303-P-5200,20221206093253400,SG01,1,9.2,9.2,9.2,272,9.2,9.2,9.2,5,4600,9.2,277,0,0,680.6,0.2,0,0,9.0,8.8,8.6,8.4,0.6,6,31,12,6,2,9.6,9.8,10.0,0.0,0.0,6,43,6,0,0,EXECUTABLE
MO2306-C-5200,20221206093253400,SG01,1,1236.6,1355.4,1236.6,34,0.0,0.0,0.0,0,0,1236.6,34,0,0,2026.8,684.0,0,0,1349.4,1348.6,1348.4,1347.0,1346.6,6,6,1,5,6,1367.2,1367.6,1368.0,1368.6,1370.0,16,6,30,6,16,EXECUTABLE
MO2306-P-5200,20221206093253400,SG01,1,52.2,51.0,52.2,173,0.0,0.0,0.0,0,0,52.2,173,0,0,722.4,0.2,0,0,50.2,50.0,49.8,49.6,49.4,1,34,21,18,17,53.4,53.6,53.8,54.6,54.8,18,29,31,13,6,EXECUTABLE
MO2309-C-5200,20221206093253400,SG01,1,1330.2,1330.2,1330.2,99,0.0,0.0,0.0,0,0,1330.2,99,0,0,2001.6,658.8,0,0,1315.4,1312.6,1311.8,1311.4,1311.2,6,6,8,23,13,1333.4,1334.6,1334.8,1335.8,1337.4,8,17,24,10,9,EXECUTABLE
MO2309-P-5200,20221206093253400,SG01,1,104.2,103.2,104.2,132,0.0,0.0,0.0,0,0,104.2,132,0,0,774.6,0.2,0,0,99.8,99.2,99.0,98.6,98.4,1,6,23,47,6,104.0,105.0,105.2,105.4,105.6,5,6,18,36,12,EXECUTABLE
MO2301-C-5600,20221206093253400,SG01,1,903.0,1089.2,903.0,38,0.0,0.0,0.0,0,0,903.0,38,0,0,1760.6,417.8,0,0,1087.4,1087.2,1086.2,1085.6,1085.4,6,6,4,12,7,1096.6,1097.4,1098.6,1099.0,1099.4,6,24,3,4,6,EXECUTABLE
MO2301-C-7400,20221206093253400,SG01,1,18.8,20.4,20.4,232,18.8,18.8,18.8,1,1880,18.8,232,0,0,691.8,0.2,0,0,19.4,19.2,19.0,18.8,18.6,6,16,6,33,21,20.4,20.6,20.8,21.0,21.2,6,25,33,6,12,EXECUTABLE
MO2212-P-5600,20221206093253400,SG01,1,0.8,0.8,0.8,324,0.0,0.0,0.0,0,0,0.8,324,0,0,672.2,0.2,0,0,0.6,0.4,0.0,0.0,0.0,3,64,0,0,0,0.8,1.0,1.2,0.0,0.0,16,49,1,0,0,EXECUTABLE
MO2301-C-5700,20221206093253400,SG01,1,968.2,993.2,968.2,8,0.0,0.0,0.0,0,0,968.2,8,0,0,1664.6,321.8,0,0,989.6,989.4,988.4,988.0,987.8,6,6,4,6,6,999.4,999.6,999.8,1001.0,1001.2,6,12,9,4,6,EXECUTABLE
MO2301-C-5800,20221206093253400,SG01,1,918.0,883.6,918.0,23,0.0,0.0,0.0,0,0,918.0,23,0,0,1555.0,212.2,0,0,892.6,892.4,891.6,891.4,890.8,6,6,6,10,16,902.8,903.0,904.0,904.4,905.2,18,9,4,6,6,EXECUTABLE
MO2301-C-5900,20221206093253400,SG01,1,805.4,788.0,805.4,29,0.0,0.0,0.0,0,0,805.4,29,0,0,1459.4,116.6,0,0,797.0,796.8,795.8,795.6,795.4,6,6,4,6,12,806.6,806.8,807.0,808.0,808.6,6,12,12,4,6,EXECUTABLE
MO2301-C-6000,20221206093253400,SG01,1,718.8,704.8,718.8,36,0.0,0.0,0.0,0,0,718.8,36,0,0,1376.2,33.4,0,0,702.2,702.0,701.8,701.4,701.2,11,18,6,10,6,712.4,713.8,714.2,714.4,714.8,6,24,4,15,12,EXECUTABLE
MO2301-C-6100,20221206093253400,SG01,1,626.8,612.8,626.8,21,0.0,0.0,0.0,0,0,626.8,21,0,0,1284.2,0.2,0,0,611.8,611.6,611.0,610.8,610.6,6,13,5,12,21,620.8,621.4,621.6,622.0,622.8,6,6,21,12,4,EXECUTABLE
MO2301-C-6200,20221206093253400,SG01,1,520.0,525.4,520.0,47,0.0,0.0,0.0,0,0,520.0,47,0,0,1196.8,0.2,0,0,524.0,523.8,523.0,522.8,522.6,6,1,10,12,15,532.2,532.8,533.2,534.2,535.6,6,6,3,10,6,EXECUTABLE
MO2301-C-6300,20221206093253400,SG01,1,439.0,442.2,439.0,94,0.0,0.0,0.0,0,0,439.0,94,0,0,1113.6,0.2,0,0,443.0,442.8,442.6,442.0,441.2,6,7,6,6,9,448.8,449.2,449.8,450.6,451.6,12,6,9,4,12,EXECUTABLE
MO2301-C-6400,20221206093253400,SG01,1,366.8,365.0,363.0,82,366.8,366.8,366.8,1,36680,366.8,82,0,0,1036.4,0.2,0,0,367.4,366.2,365.8,364.8,364.6,1,6,18,13,24,371.6,371.8,372.4,373.2,373.4,18,6,6,4,12,EXECUTABLE
MO2301-C-6500,20221206093253400,SG01,1,297.6,293.0,288.0,191,296.0,297.6,296.0,2,59360,296.8,192,0,0,964.4,0.2,0,0,298.2,297.4,296.8,296.6,296.2,6,7,6,15,12,301.6,302.6,303.6,303.8,304.6,18,18,10,6,6,EXECUTABLE
MO2301-C-6600,20221206093253400,SG01,1,237.0,236.8,236.8,254,241.4,241.4,236.0,3,71440,238.133,254,0,0,908.2,0.2,0,0,237.2,236.6,236.0,235.6,235.2,6,1,6,21,18,240.2,240.6,240.8,241.8,242.0,6,6,6,18,4,EXECUTABLE
MO2301-C-6700,20221206093253400,SG01,1,180.0,186.4,186.4,451,180.0,180.0,180.0,5,90000,180.0,446,0,0,857.8,0.2,0,0,184.0,183.8,183.6,183.0,182.4,1,1,18,12,15,187.8,188.2,188.4,188.6,188.8,6,6,6,19,12,EXECUTABLE
MO2301-C-6800,20221206093253400,SG01,1,140.6,141.2,140.6,277,0.0,0.0,0.0,0,0,140.6,277,0,0,812.6,0.2,0,0,140.8,140.0,139.6,139.4,139.0,12,1,12,9,21,143.2,143.4,143.6,143.8,144.2,6,6,6,12,4,EXECUTABLE
MO2301-C-6900,20221206093253400,SG01,1,106.6,106.6,106.6,193,0.0,0.0,0.0,0,0,106.6,193,0,0,778.0,0.2,0,0,104.2,103.8,103.6,103.4,103.0,12,12,1,12,37,107.2,107.4,107.6,107.8,108.0,6,6,4,6,6,EXECUTABLE
MO2301-C-7000,20221206093253400,SG01,1,78.0,78.0,78.0,274,0.0,0.0,0.0,0,0,78.0,274,0,0,749.4,0.2,0,0,77.0,76.6,76.4,76.0,75.8,12,6,16,16,12,78.8,79.2,79.6,79.8,80.0,12,9,12,18,6,EXECUTABLE
MO2301-C-7100,20221206093253400,SG01,1,56.4,56.4,56.4,345,0.0,0.0,0.0,0,0,56.4,345,0,0,727.8,0.2,0,0,55.4,55.2,54.6,54.4,54.2,1,6,6,12,4,57.2,57.6,58.0,58.4,59.4,31,18,12,6,6,EXECUTABLE
MO2301-P-5700,20221206093253400,SG01,1,7.6,7.6,7.6,145,7.6,7.6,7.6,1,760,7.6,146,0,0,679.0,0.2,0,0,6.8,6.6,5.4,0.6,0.2,48,16,1,2,8,7.6,7.8,8.0,9.8,0.0,22,42,6,1,0,EXECUTABLE
MO2301-P-5800,20221206093253400,SG01,1,11.6,10.2,10.2,276,10.8,11.6,10.8,6,6880,11.467,282,0,0,681.6,0.2,0,0,9.6,9.4,9.0,8.8,1.0,24,28,6,1,8,10.4,10.6,10.8,12.8,0.0,40,18,6,1,0,EXECUTABLE
MO2301-P-5900,20221206093253400,SG01,1,14.6,14.6,14.6,248,0.0,0.0,0.0,0,0,14.6,248,0,0,686.0,0.2,0,0,13.2,13.0,12.8,12.6,12.4,6,28,33,15,1,14.4,14.6,14.8,15.0,15.6,28,9,33,18,1,EXECUTABLE
MO2301-P-6000,20221206093253400,SG01,1,20.8,20.4,20.4,496,20.0,20.8,20.0,23,46980,20.426,514,0,0,691.8,0.2,0,0,19.2,19.0,18.8,18.6,18.4,12,28,24,6,12,20.4,20.6,20.8,21.0,24.0,22,24,18,24,1,EXECUTABLE
MO2301-P-6100,20221206093253400,SG01,1,29.2,28.6,29.2,590,0.0,0.0,0.0,0,0,29.2,590,0,0,700.0,0.2,0,0,27.4,27.2,27.0,26.6,26.2,10,24,21,21,6,29.0,29.2,29.4,29.6,29.8,6,10,18,9,18,EXECUTABLE
MO2301-P-6200,20221206093253400,SG01,1,39.4,40.0,40.0,432,44.2,44.2,39.4,3,12300,41.0,433,0,0,711.4,0.2,0,0,38.2,38.0,37.8,37.6,37.2,12,15,15,27,6,40.6,40.8,41.0,41.2,41.4,16,18,6,21,9,EXECUTABLE
MO2301-P-6300,20221206093253400,SG01,1,57.6,57.6,57.6,398,0.0,0.0,0.0,0,0,57.6,398,0,0,729.0,0.2,0,0,54.8,54.6,54.4,54.2,54.0,9,4,15,27,6,57.2,57.4,57.6,57.8,58.0,18,10,12,6,18,EXECUTABLE
MO2301-P-6400,20221206093253400,SG01,1,76.0,78.6,77.4,839,76.4,76.4,76.0,5,38040,76.08,839,0,0,750.0,0.2,0,0,76.0,75.8,75.6,75.4,75.2,6,12,18,24,9,78.8,79.2,79.4,79.8,80.0,16,6,12,18,9,EXECUTABLE
MO2301-P-6500,20221206093253400,SG01,1,110.0,110.4,110.0,540,0.0,0.0,0.0,0,0,110.0,540,0,0,781.8,0.2,0,0,106.6,106.2,105.8,105.6,105.2,12,16,18,18,6,110.0,110.6,110.8,111.6,112.0,12,18,4,12,24,EXECUTABLE
MO2301-P-6600,20221206093253400,SG01,1,147.8,147.8,147.8,311,0.0,0.0,0.0,0,0,147.8,311,0,0,819.2,0.2,0,0,144.4,144.2,144.0,143.8,143.4,4,6,9,6,21,148.4,148.8,149.0,149.8,150.0,6,12,6,12,4,EXECUTABLE
MO2301-P-6700,20221206093253400,SG01,1,196.8,197.8,196.8,150,0.0,0.0,0.0,0,0,196.8,150,0,0,869.2,0.2,0,0,191.0,190.8,190.6,190.2,189.0,6,10,15,12,6,195.8,196.0,196.4,197.2,197.4,12,6,6,18,4,EXECUTABLE
MO2301-P-6800,20221206093253400,SG01,1,254.2,253.0,253.0,94,254.2,254.2,254.2,4,101680,254.2,91,0,0,924.4,0.2,0,0,245.2,245.0,244.8,244.4,243.4,15,6,21,6,12,252.0,252.2,253.0,253.4,253.8,18,4,6,12,6,EXECUTABLE
MO2301-P-6900,20221206093253400,SG01,1,319.8,319.8,319.8,48,0.0,0.0,0.0,0,0,319.8,48,0,0,991.2,0.2,0,0,309.8,309.0,308.4,308.2,307.8,4,3,12,21,6,318.2,318.6,318.8,319.2,320.0,2,10,14,6,6,EXECUTABLE
MO2301-P-7000,20221206093253400,SG01,1,389.6,389.6,389.6,39,0.0,0.0,0.0,0,0,389.6,39,0,0,1061.0,0.2,0,0,381.0,380.8,379.4,379.0,378.8,4,15,6,21,18,392.2,392.4,392.6,393.0,393.2,10,6,6,21,15,EXECUTABLE
MO2301-P-7100,20221206093253400,SG01,1,478.2,468.4,478.2,15,0.0,0.0,0.0,0,0,478.2,15,0,0,1139.8,0.2,0,0,459.4,458.6,458.4,458.2,457.6,3,4,21,12,12,471.0,471.2,471.4,471.6,472.2,16,7,12,9,21,EXECUTABLE
MO2301-C-7200,20221206093253400,SG01,1,41.6,40.6,40.2,254,41.6,41.6,41.6,1,4160,41.6,255,0,0,712.0,0.2,0,0,39.6,39.2,39.0,38.8,38.6,6,12,7,37,24,41.4,41.6,41.8,42.0,42.2,4,12,18,27,6,EXECUTABLE
MO2301-P-7200,20221206093253400,SG01,1,562.2,550.8,562.2,44,0.0,0.0,0.0,0,0,562.2,44,0,0,1222.2,0.2,0,0,542.0,541.8,540.6,540.4,540.2,7,18,12,12,12,553.2,553.4,554.4,554.6,554.8,6,16,6,6,7,EXECUTABLE
MO2212-C-7300,20221206093253400,SG01,1,3.2,3.0,3.0,780,3.2,3.2,3.2,3,960,3.2,783,0,0,674.4,0.2,0,0,3.2,3.0,2.8,1.8,0.0,10,46,12,40,0,3.4,3.6,3.8,0.0,0.0,10,54,2,0,0,EXECUTABLE
MO2212-P-7300,20221206093253400,SG01,1,586.4,605.8,586.4,24,0.0,0.0,0.0,0,0,586.4,24,0,0,1277.2,0.2,0,0,587.2,586.2,585.8,584.6,584.4,7,10,6,12,2,595.0,596.2,596.4,597.6,597.8,22,6,8,9,10,EXECUTABLE
MO2301-C-7300,20221206093253400,SG01,1,28.0,28.4,28.0,140,0.0,0.0,0.0,0,0,28.0,140,0,0,699.8,0.2,0,0,27.6,27.4,27.2,27.0,26.8,7,6,28,6,27,29.2,29.4,29.6,30.0,30.2,10,18,18,15,9,EXECUTABLE
MO2301-P-7300,20221206093253400,SG01,1,642.2,639.0,642.2,10,0.0,0.0,0.0,0,0,642.2,10,0,0,1310.4,0.2,0,0,631.2,630.2,630.0,629.8,629.2,6,4,6,18,9,641.0,641.2,641.6,642.6,642.8,6,6,4,12,6,EXECUTABLE
MO2309-C-7400,20221206093253400,SG01,1,180.8,180.8,180.8,99,0.0,0.0,0.0,0,0,180.8,99,0,0,852.2,0.2,0,0,175.4,175.2,175.0,172.8,172.6,1,3,6,29,30,180.8,183.6,183.8,184.0,184.2,1,5,48,2,24,EXECUTABLE
MO2309-P-7400,20221206093253400,SG01,1,1132.4,1117.6,1132.4,44,0.0,0.0,0.0,0,0,1132.4,44,0,0,1789.0,446.2,0,0,1101.4,1101.2,1100.8,1100.6,1098.0,2,1,5,24,10,1119.0,1122.4,1123.8,1124.4,1125.4,1,6,17,3,24,EXECUTABLE
MO2301-P-7400,20221206093253400,SG01,1,742.2,734.4,742.2,29,0.0,0.0,0.0,0,0,742.2,29,0,0,1405.8,63.0,0,0,722.2,721.2,720.0,719.8,719.6,6,4,21,24,6,732.2,732.4,733.2,733.6,734.0,6,2,16,6,12,EXECUTABLE
MO2302-C-5900,20221206093253400,SG01,1,776.6,792.6,776.6,4,0.0,0.0,0.0,0,0,776.6,4,0,0,1464.0,121.2,0,0,791.2,791.0,789.0,788.4,787.2,6,6,18,30,12,805.8,806.2,806.4,812.0,812.8,16,30,24,6,12,EXECUTABLE
MO2302-C-6000,20221206093253400,SG01,1,475.4,705.6,475.4,9,0.0,0.0,0.0,0,0,475.4,9,0,0,1377.0,34.2,0,0,704.6,704.4,702.2,699.8,699.4,6,12,12,18,18,717.6,718.6,720.0,720.2,724.0,22,18,18,6,6,EXECUTABLE
MO2302-C-6100,20221206093253400,SG01,1,500.0,621.6,500.0,2,0.0,0.0,0.0,0,0,500.0,2,0,0,1293.0,0.2,0,0,620.2,620.0,619.8,618.0,617.0,6,6,6,18,6,633.4,633.8,634.2,634.4,634.6,16,12,6,6,18,EXECUTABLE
MO2302-C-6200,20221206093253400,SG01,1,479.6,542.4,479.6,4,0.0,0.0,0.0,0,0,479.6,4,0,0,1213.8,0.2,0,0,539.2,539.0,535.8,535.6,534.0,6,24,19,24,3,553.4,553.8,554.2,554.8,555.0,6,16,12,24,6,EXECUTABLE
MO2302-C-6300,20221206093253400,SG01,1,471.0,465.0,471.0,7,0.0,0.0,0.0,0,0,471.0,7,0,0,1136.4,0.2,0,0,465.0,464.8,463.0,462.8,462.4,6,12,13,12,18,478.8,479.0,479.2,479.6,480.0,6,28,7,1,12,EXECUTABLE
MO2302-C-6400,20221206093253400,SG01,1,327.8,396.4,327.8,30,0.0,0.0,0.0,0,0,327.8,30,0,0,1067.8,0.2,0,0,393.4,393.2,393.0,392.8,392.6,13,12,19,24,12,407.6,408.8,409.4,410.0,410.4,6,16,30,18,12,EXECUTABLE
MO2302-C-6500,20221206093253400,SG01,1,334.4,334.0,334.4,116,0.0,0.0,0.0,0,0,334.4,116,0,0,1005.4,0.2,0,0,332.4,332.2,330.6,329.8,329.4,14,13,25,18,18,343.2,345.2,345.8,346.4,347.0,34,30,6,6,6,EXECUTABLE
MO2302-C-6600,20221206093253400,SG01,1,268.2,280.6,268.2,102,0.0,0.0,0.0,0,0,268.2,102,0,0,952.0,0.2,0,0,277.6,275.4,275.2,275.0,274.4,1,2,7,12,30,287.2,287.4,287.8,288.2,288.8,10,18,24,18,6,EXECUTABLE
MO2302-C-6700,20221206093253400,SG01,1,219.2,228.8,219.2,118,0.0,0.0,0.0,0,0,219.2,118,0,0,900.2,0.2,0,0,227.6,225.8,225.6,225.4,225.2,1,12,12,6,13,235.8,236.2,237.2,237.4,237.8,18,10,12,30,6,EXECUTABLE
MO2302-C-6800,20221206093253400,SG01,1,177.0,186.0,177.0,40,0.0,0.0,0.0,0,0,177.0,40,0,0,857.4,0.2,0,0,182.0,181.8,181.4,181.2,180.8,6,6,7,7,24,191.6,191.8,192.4,192.8,193.0,18,16,6,18,12,EXECUTABLE
MO2302-C-6900,20221206093253400,SG01,1,151.2,146.6,151.2,12,0.0,0.0,0.0,0,0,151.2,12,0,0,818.0,0.2,0,0,147.0,144.0,143.8,143.4,143.0,1,7,24,12,18,153.6,153.8,154.2,154.4,155.2,12,10,18,12,6,EXECUTABLE
MO2302-C-7000,20221206093253400,SG01,1,115.0,115.6,115.0,140,0.0,0.0,0.0,0,0,115.0,140,0,0,787.0,0.2,0,0,114.0,113.4,112.8,112.6,111.8,1,7,24,18,4,121.6,121.8,122.0,122.2,122.4,6,16,6,18,12,EXECUTABLE
MO2302-C-7100,20221206093253400,SG01,1,93.0,90.2,93.0,76,0.0,0.0,0.0,0,0,93.0,76,0,0,761.6,0.2,0,0,88.8,88.0,87.8,87.6,87.4,18,6,12,12,7,94.2,94.4,94.6,94.8,95.2,6,16,12,24,6,EXECUTABLE
MO2302-C-7200,20221206093253400,SG01,1,68.6,69.4,68.6,26,0.0,0.0,0.0,0,0,68.6,26,0,0,740.8,0.2,0,0,66.8,66.6,66.4,66.2,66.0,12,12,26,18,12,73.4,73.6,73.8,74.0,74.2,42,25,9,6,6,EXECUTABLE
MO2302-C-7300,20221206093253400,SG01,1,52.2,53.2,52.2,37,0.0,0.0,0.0,0,0,52.2,37,0,0,724.6,0.2,0,0,51.6,51.0,50.8,50.6,50.4,12,9,21,24,6,54.4,54.8,55.0,55.2,56.2,6,25,21,6,6,EXECUTABLE
MO2302-C-7400,20221206093253400,SG01,1,40.2,40.2,40.2,59,0.0,0.0,0.0,0,0,40.2,59,0,0,711.6,0.2,0,0,38.4,38.0,37.8,37.6,37.4,6,27,18,27,6,41.4,41.6,41.8,42.2,42.8,12,31,39,6,6,EXECUTABLE
MO2302-P-5900,20221206093253400,SG01,1,31.6,29.8,31.6,56,0.0,0.0,0.0,0,0,31.6,56,0,0,701.2,0.2,0,0,29.0,28.8,28.6,28.4,28.2,6,25,39,12,6,32.0,32.2,32.4,32.6,32.8,6,6,33,36,13,EXECUTABLE
MO2302-P-6000,20221206093253400,SG01,1,41.4,41.4,41.4,84,0.0,0.0,0.0,0,0,41.4,84,0,0,712.8,0.2,0,0,40.6,40.4,40.2,40.0,39.8,6,16,39,21,12,43.2,43.8,44.0,44.2,44.6,6,27,36,15,6,EXECUTABLE
MO2302-P-6100,20221206093253400,SG01,1,57.2,57.0,57.2,48,0.0,0.0,0.0,0,0,57.2,48,0,0,728.4,0.2,0,0,54.4,54.2,54.0,53.4,53.2,12,22,18,18,6,60.0,60.2,60.8,61.0,61.2,7,12,36,16,12,EXECUTABLE
MO2302-P-6200,20221206093253400,SG01,1,77.4,77.2,77.4,98,0.0,0.0,0.0,0,0,77.4,98,0,0,748.6,0.2,0,0,76.6,75.8,75.4,74.6,74.4,7,11,20,48,9,79.8,80.2,80.4,80.6,81.0,6,6,18,6,42,EXECUTABLE
MO2302-P-6300,20221206093253400,SG01,1,99.6,101.2,99.6,68,0.0,0.0,0.0,0,0,99.6,68,0,0,772.6,0.2,0,0,98.4,98.2,98.0,97.8,97.6,4,12,12,30,24,101.4,103.4,104.0,104.2,104.4,1,6,6,24,12,EXECUTABLE
MO2302-P-6400,20221206093253400,SG01,1,132.6,130.4,132.6,102,0.0,0.0,0.0,0,0,132.6,102,0,0,801.8,0.2,0,0,127.2,127.0,126.4,126.2,126.0,6,10,1,30,12,134.0,135.0,136.0,136.2,136.4,7,6,18,6,24,EXECUTABLE
MO2302-P-6500,20221206093253400,SG01,1,175.4,169.0,175.4,119,0.0,0.0,0.0,0,0,175.4,119,0,0,840.4,0.2,0,0,163.8,163.0,162.6,162.4,162.2,6,16,24,18,6,172.8,173.0,173.4,173.6,173.8,7,12,1,42,18,EXECUTABLE
MO2302-P-6600,20221206093253400,SG01,1,218.2,214.0,218.2,52,0.0,0.0,0.0,0,0,218.2,52,0,0,885.4,0.2,0,0,206.2,206.0,205.4,205.0,204.8,6,22,24,6,12,215.2,215.6,216.4,216.6,216.8,1,25,12,6,24,EXECUTABLE
MO2302-P-6700,20221206093253400,SG01,1,263.8,262.0,263.8,47,0.0,0.0,0.0,0,0,263.8,47,0,0,933.4,0.2,0,0,254.0,253.8,252.4,252.2,251.2,24,16,33,6,6,265.4,265.6,266.0,266.2,266.4,6,19,7,30,12,EXECUTABLE
MO2302-P-6800,20221206093253400,SG01,1,314.0,314.0,314.0,8,0.0,0.0,0.0,0,0,314.0,8,0,0,985.4,0.2,0,0,309.4,309.2,308.6,307.4,307.2,16,6,30,6,6,319.2,319.4,321.2,322.0,322.6,8,12,36,12,12,EXECUTABLE
MO2302-P-6900,20221206093253400,SG01,1,386.4,381.8,386.4,2,0.0,0.0,0.0,0,0,386.4,2,0,0,1053.2,0.2,0,0,371.2,370.6,370.4,369.8,368.8,6,16,12,24,6,383.2,383.4,384.0,384.4,384.8,13,18,1,18,30,EXECUTABLE
MO2302-P-7000,20221206093253400,SG01,1,500.0,450.2,500.0,14,0.0,0.0,0.0,0,0,500.0,14,0,0,1121.6,0.2,0,0,439.2,438.6,437.8,437.6,437.0,10,24,18,12,6,450.6,450.8,452.4,452.8,453.2,12,19,12,24,12,EXECUTABLE
MO2302-P-7100,20221206093253400,SG01,1,535.8,521.4,535.8,4,0.0,0.0,0.0,0,0,535.8,4,0,0,1192.8,0.2,0,0,510.2,510.0,509.4,508.6,508.0,10,36,12,6,6,524.4,524.6,526.6,526.8,527.2,6,24,13,30,12,EXECUTABLE
MO2302-P-7200,20221206093253400,SG01,1,730.2,599.2,730.2,15,0.0,0.0,0.0,0,0,730.2,15,0,0,1270.6,0.2,0,0,588.8,588.6,587.2,587.0,586.6,16,18,6,30,6,602.8,603.0,604.0,604.2,604.6,6,6,18,18,6,EXECUTABLE
MO2302-P-7300,20221206093253400,SG01,1,1000.0,682.6,1000.0,2,0.0,0.0,0.0,0,0,1000.0,2,0,0,1354.0,11.2,0,0,670.6,670.0,669.6,669.4,669.0,10,6,24,24,6,685.6,685.8,687.2,687.6,688.0,6,6,18,36,6,EXECUTABLE
MO2302-P-7400,20221206093253400,SG01,1,941.6,767.8,941.6,2,0.0,0.0,0.0,0,0,941.6,2,0,0,1439.2,96.4,0,0,757.0,756.6,756.4,756.0,754.2,28,6,30,6,6,772.4,772.6,775.2,776.6,777.0,6,24,18,18,12,EXECUTABLE
MO2302-C-5800,20221206093253400,SG01,1,867.4,882.4,867.4,2,0.0,0.0,0.0,0,0,867.4,2,0,0,1553.8,211.0,0,0,882.0,881.8,879.6,876.6,876.4,6,6,18,18,12,897.0,897.8,898.2,899.4,903.8,18,4,12,12,12,EXECUTABLE
MO2302-P-5800,20221206093253400,SG01,1,20.8,21.6,21.8,16,20.8,20.8,20.8,2,4160,20.8,16,0,0,693.0,0.2,0,0,20.8,20.6,20.4,20.2,20.0,19,4,18,21,12,23.6,23.8,24.0,24.2,24.4,12,10,24,15,12,EXECUTABLE
MO2212-P-8200,20221206093253400,SG01,1,1518.8,1504.4,1518.8,55,0.0,0.0,0.0,0,0,1518.8,55,0,0,2175.8,833.0,0,0,1483.6,1483.4,1482.6,1482.2,1480.6,10,3,4,6,12,1493.2,1493.4,1494.4,1495.4,1496.8,12,18,6,6,19,EXECUTABLE
MO2212-C-6200,20221206093253400,SG01,1,491.0,507.2,491.0,219,0.0,0.0,0.0,0,0,491.0,219,0,0,1178.6,0.2,0,0,511.0,510.8,509.6,508.8,508.4,6,12,6,9,10,518.2,518.6,519.4,519.6,519.8,10,6,12,16,2,EXECUTABLE
MO2212-C-6400,20221206093253400,SG01,1,312.6,321.0,321.0,521,312.6,312.6,312.6,1,31260,312.6,521,0,0,992.4,0.2,0,0,321.0,320.8,320.4,320.0,319.0,6,2,18,6,4,326.8,327.0,328.0,328.2,329.2,10,6,10,6,8,EXECUTABLE
MO2212-C-6600,20221206093253400,SG01,1,160.6,159.2,159.2,1235,150.0,163.6,147.0,73,1143920,156.701,1242,0,0,830.6,0.2,0,0,161.0,160.6,159.8,159.2,159.0,1,6,1,6,6,163.2,163.8,164.0,164.2,164.4,10,8,6,8,8,EXECUTABLE
MO2212-C-6800,20221206093253400,SG01,1,60.6,59.8,59.8,3532,52.0,62.0,52.0,298,1760600,59.081,3652,0,0,731.2,0.2,0,0,59.8,59.6,59.4,59.0,58.6,9,11,6,9,3,61.0,61.4,61.8,62.0,62.2,3,6,1,15,10,EXECUTABLE
MO2212-C-7000,20221206093253400,SG01,1,18.4,18.4,18.4,2771,15.8,19.8,15.8,97,181220,18.682,2756,0,0,689.8,0.2,0,0,18.8,18.6,18.4,18.2,18.0,11,12,38,3,9,19.0,19.2,19.4,21.0,23.8,1,6,40,2,1,EXECUTABLE
MO2212-C-7600,20221206093253400,SG01,1,1.2,1.2,1.2,589,0.0,0.0,0.0,0,0,1.2,589,0,0,672.6,0.2,0,0,1.2,1.0,0.8,0.0,0.0,1,32,32,0,0,1.4,1.6,1.8,2.0,0.0,54,12,1,1,0,EXECUTABLE
MO2212-P-6200,20221206093253400,SG01,1,3.0,3.0,3.0,2030,3.4,3.6,2.8,21,6700,3.19,2036,0,0,674.4,0.2,0,0,2.6,2.4,2.2,1.0,0.0,55,18,1,1,0,2.8,3.0,3.2,3.4,6.0,10,34,36,6,2,EXECUTABLE
MO2212-P-6400,20221206093253400,SG01,1,12.0,12.6,12.6,2572,14.2,14.2,11.6,69,83600,12.116,2551,0,0,684.0,0.2,0,0,11.6,11.4,11.2,10.6,10.2,21,34,1,3,20,12.2,12.4,12.6,13.0,13.2,22,30,15,1,6,EXECUTABLE
MO2212-P-6600,20221206093253400,SG01,1,48.4,52.6,52.6,2228,58.0,58.0,47.2,160,824760,51.547,2268,0,0,724.0,0.2,0,0,48.0,47.8,47.6,47.4,47.2,7,9,13,6,7,49.2,49.4,49.6,49.8,50.2,5,11,2,16,13,EXECUTABLE
MO2212-P-6800,20221206093253400,SG01,1,150.2,151.2,151.8,510,150.2,150.2,150.2,1,15020,150.2,511,0,0,822.6,0.2,0,0,145.2,145.0,144.8,144.6,144.4,7,6,1,6,6,148.8,149.4,149.8,150.2,150.4,13,4,7,8,6,EXECUTABLE
MO2212-P-7000,20221206093253400,SG01,1,314.0,311.0,314.0,127,0.0,0.0,0.0,0,0,314.0,127,0,0,982.4,0.2,0,0,302.6,302.4,302.0,301.6,301.2,4,12,9,10,6,308.8,309.0,309.4,309.8,310.0,6,2,4,8,9,EXECUTABLE
MO2212-P-7200,20221206093253400,SG01,1,493.8,507.6,493.8,111,0.0,0.0,0.0,0,0,493.8,111,0,0,1179.0,0.2,0,0,489.6,489.4,488.8,488.4,488.2,6,4,6,9,10,497.2,498.6,498.8,499.0,499.8,18,12,6,3,15,EXECUTABLE
MO2212-P-7400,20221206093253400,SG01,1,691.6,705.0,691.6,60,0.0,0.0,0.0,0,0,691.6,60,0,0,1376.4,33.6,0,0,686.0,684.8,684.2,683.2,682.6,10,9,10,12,6,693.8,695.0,695.4,695.8,696.4,22,6,9,6,12,EXECUTABLE
MO2212-P-7600,20221206093253400,SG01,1,919.0,904.2,919.0,44,0.0,0.0,0.0,0,0,919.0,44,0,0,1575.6,232.8,0,0,883.8,883.2,882.2,882.0,881.6,10,9,18,13,6,892.2,893.0,893.2,893.6,893.8,2,16,6,2,6,EXECUTABLE
MO2212-P-7800,20221206093253400,SG01,1,1297.4,1104.0,1297.4,81,0.0,0.0,0.0,0,0,1297.4,81,0,0,1775.4,432.6,0,0,1084.8,1084.0,1083.8,1083.0,1082.2,4,3,6,6,6,1093.0,1093.2,1093.8,1094.4,1095.6,6,18,6,6,19,EXECUTABLE
MO2303-C-6200,20221206093253400,SG01,1,476.2,549.4,476.2,219,0.0,0.0,0.0,0,0,476.2,219,0,0,1220.8,0.2,0,0,548.6,545.8,545.0,544.2,543.8,12,6,24,19,18,558.2,559.0,559.4,561.0,561.8,24,6,6,18,6,EXECUTABLE
MO2303-C-6400,20221206093253400,SG01,1,413.0,417.4,413.0,167,0.0,0.0,0.0,0,0,413.0,167,0,0,1088.8,0.2,0,0,415.6,413.8,413.4,412.8,411.8,12,6,6,6,8,427.0,427.8,428.0,428.2,428.4,36,12,24,6,6,EXECUTABLE
MO2303-C-6600,20221206093253400,SG01,1,310.0,311.6,310.0,138,0.0,0.0,0.0,0,0,310.0,138,0,0,983.0,0.2,0,0,310.6,308.4,305.6,305.4,305.0,1,6,12,6,18,316.0,317.2,317.6,317.8,320.0,6,30,6,34,6,EXECUTABLE
MO2303-C-6800,20221206093253400,SG01,1,224.2,224.2,224.2,217,0.0,0.0,0.0,0,0,224.2,217,0,0,895.6,0.2,0,0,218.2,218.0,217.8,217.6,217.2,6,6,7,30,30,228.4,228.6,229.2,229.8,230.0,12,40,18,18,12,EXECUTABLE
MO2303-C-7200,20221206093253400,SG01,1,107.4,107.2,107.4,190,0.0,0.0,0.0,0,0,107.4,190,0,0,778.6,0.2,0,0,103.6,103.2,102.8,102.6,102.4,12,6,18,43,10,109.2,109.4,109.6,109.8,110.0,12,18,31,18,6,EXECUTABLE
MO2303-C-7400,20221206093253400,SG01,1,70.6,69.8,70.6,254,0.0,0.0,0.0,0,0,70.6,254,0,0,741.2,0.2,0,0,68.0,67.6,67.2,67.0,66.8,12,10,48,18,6,73.6,74.2,74.6,74.8,75.0,16,6,45,12,12,EXECUTABLE
MO2303-P-6200,20221206093253400,SG01,1,128.8,121.2,128.8,122,0.0,0.0,0.0,0,0,128.8,122,0,0,792.6,0.2,0,0,119.4,118.8,118.6,118.4,118.2,16,18,12,6,18,126.6,126.8,127.0,127.2,127.4,6,10,12,12,30,EXECUTABLE
MO2303-P-6400,20221206093253400,SG01,1,197.2,188.8,197.2,137,0.0,0.0,0.0,0,0,197.2,137,0,0,860.2,0.2,0,0,185.0,184.6,184.4,184.0,183.6,10,12,18,18,18,194.8,195.2,195.4,195.6,195.8,12,11,1,36,18,EXECUTABLE
MO2303-P-6600,20221206093253400,SG01,1,290.8,279.8,290.8,141,0.0,0.0,0.0,0,0,290.8,141,0,0,951.2,0.2,0,0,273.8,273.4,272.8,272.0,271.6,4,12,24,18,6,284.0,285.0,285.2,285.6,285.8,12,6,7,24,12,EXECUTABLE
MO2303-P-6800,20221206093253400,SG01,1,407.2,389.2,407.2,97,0.0,0.0,0.0,0,0,407.2,97,0,0,1060.6,0.2,0,0,383.0,382.4,382.0,380.4,380.2,12,30,4,24,12,395.2,395.4,396.6,397.0,397.2,6,18,7,18,18,EXECUTABLE
MO2303-P-7000,20221206093253400,SG01,1,518.0,518.8,518.0,223,0.0,0.0,0.0,0,0,518.0,223,0,0,1190.2,0.2,0,0,512.4,512.0,511.8,510.2,510.0,12,24,4,6,30,527.8,528.0,528.2,529.2,529.4,9,12,6,24,30,EXECUTABLE
MO2303-P-7200,20221206093253400,SG01,1,666.4,669.6,666.4,55,0.0,0.0,0.0,0,0,666.4,55,0,0,1341.0,0.2,0,0,662.4,662.2,661.8,659.6,657.8,12,18,22,18,6,675.6,675.8,677.8,678.2,679.2,12,6,1,12,12,EXECUTABLE
MO2303-P-7400,20221206093253400,SG01,1,998.0,832.6,998.0,52,0.0,0.0,0.0,0,0,998.0,52,0,0,1504.0,161.2,0,0,825.8,825.6,823.6,823.4,823.2,6,18,18,18,10,839.2,841.6,841.8,842.4,844.2,6,18,24,12,12,EXECUTABLE
MO2303-P-7600,20221206093253400,SG01,1,1053.0,1009.2,1053.0,31,0.0,0.0,0.0,0,0,1053.0,31,0,0,1680.6,337.8,0,0,1000.8,1000.6,999.4,999.2,997.6,30,6,16,18,4,1015.2,1015.4,1017.2,1017.6,1017.8,6,6,6,12,6,EXECUTABLE
MO2303-P-7800,20221206093253400,SG01,1,1251.0,1190.8,1251.0,54,0.0,0.0,0.0,0,0,1251.0,54,0,0,1862.2,519.4,0,0,1183.0,1181.6,1180.8,1180.6,1180.2,12,24,12,20,6,1197.6,1199.6,1199.8,1200.0,1201.6,6,6,18,12,28,EXECUTABLE
MO2306-C-6200,20221206093253400,SG01,1,582.6,578.6,582.6,108,0.0,0.0,0.0,0,0,582.6,108,0,0,1250.0,0.2,0,0,576.4,575.2,573.4,573.0,572.8,1,6,13,30,30,589.4,591.0,591.4,592.8,593.0,6,16,11,24,12,EXECUTABLE
MO2306-C-6400,20221206093253400,SG01,1,468.6,463.4,468.6,67,0.0,0.0,0.0,0,0,468.6,67,0,0,1134.8,0.2,0,0,461.2,461.0,460.8,460.6,459.8,6,1,5,7,42,477.4,477.8,478.2,478.4,478.6,34,6,18,17,3,EXECUTABLE
MO2306-C-6600,20221206093253400,SG01,1,375.6,368.8,375.8,118,375.6,375.6,375.6,1,37560,375.6,119,0,0,1040.2,0.2,0,0,375.6,369.0,368.8,368.2,367.6,1,6,6,12,12,380.8,381.0,381.4,383.2,387.0,15,18,24,18,12,EXECUTABLE
MO2306-C-6800,20221206093253400,SG01,1,294.2,294.2,294.2,208,0.0,0.0,0.0,0,0,294.2,208,0,0,965.6,0.2,0,0,286.0,285.8,285.0,284.8,284.6,6,1,31,17,12,298.4,299.4,299.6,300.2,301.6,1,12,18,18,12,EXECUTABLE
MO2306-C-7200,20221206093253400,SG01,1,183.2,171.6,183.2,210,0.0,0.0,0.0,0,0,183.2,210,0,0,843.0,0.2,0,0,169.6,168.4,168.0,167.8,167.6,7,1,18,18,12,177.2,178.4,178.8,179.0,179.2,1,6,18,11,18,EXECUTABLE
MO2306-C-7600,20221206093253400,SG01,1,101.2,99.2,101.2,357,0.0,0.0,0.0,0,0,101.2,357,0,0,770.6,0.2,0,0,98.8,97.8,97.6,97.2,97.0,6,6,18,45,6,104.2,104.4,104.8,105.0,105.2,6,16,27,24,17,EXECUTABLE
MO2306-C-7800,20221206093253400,SG01,1,72.4,76.2,72.4,489,0.0,0.0,0.0,0,0,72.4,489,0,0,747.6,0.2,0,0,74.4,74.2,74.0,73.6,73.4,6,9,12,12,30,79.8,80.4,80.6,80.8,81.0,1,18,28,27,18,EXECUTABLE
MO2306-P-6200,20221206093253400,SG01,1,263.0,261.4,263.0,264,0.0,0.0,0.0,0,0,263.0,264,0,0,932.8,0.2,0,0,259.2,257.2,257.0,256.4,256.2,1,9,27,30,6,269.0,269.4,269.6,270.4,270.6,1,6,30,4,23,EXECUTABLE
MO2306-P-6600,20221206093253400,SG01,1,454.0,447.8,454.0,107,0.0,0.0,0.0,0,0,454.0,107,0,0,1119.2,0.2,0,0,441.2,440.8,440.6,440.2,439.0,10,12,30,6,5,455.2,455.4,455.8,457.0,457.6,1,6,18,30,12,EXECUTABLE
MO2306-P-6800,20221206093253400,SG01,1,564.4,564.4,564.4,73,0.0,0.0,0.0,0,0,564.4,73,0,0,1235.8,0.2,0,0,558.4,558.0,556.6,556.2,555.2,4,12,12,18,12,571.4,571.6,572.0,573.0,573.6,2,5,12,18,24,EXECUTABLE
MO2306-P-7000,20221206093253400,SG01,1,720.2,699.0,720.2,55,0.0,0.0,0.0,0,0,720.2,55,0,0,1370.4,27.6,0,0,688.2,687.2,687.0,685.4,685.2,4,12,12,18,23,703.4,703.6,704.2,704.4,704.6,6,1,1,18,29,EXECUTABLE
MO2306-P-7200,20221206093253400,SG01,1,1000.0,840.0,1000.0,44,0.0,0.0,0.0,0,0,1000.0,44,0,0,1511.4,168.6,0,0,833.4,832.0,831.0,828.6,824.8,22,24,12,12,17,852.6,852.8,853.6,853.8,854.0,6,18,18,18,6,EXECUTABLE
MO2306-P-7400,20221206093253400,SG01,1,1011.6,1004.2,1011.6,34,0.0,0.0,0.0,0,0,1011.6,34,0,0,1675.6,332.8,0,0,987.6,987.2,987.0,985.6,984.0,22,12,18,10,6,1008.6,1009.0,1009.4,1009.6,1011.2,7,11,31,10,12,EXECUTABLE
MO2306-P-7600,20221206093253400,SG01,1,1346.6,1161.8,1346.6,35,0.0,0.0,0.0,0,0,1346.6,35,0,0,1833.2,490.4,0,0,1154.0,1153.8,1153.6,1153.0,1150.2,16,12,10,18,6,1174.6,1174.8,1175.0,1175.4,1175.8,6,1,12,18,21,EXECUTABLE
MO2306-P-7800,20221206093253400,SG01,1,1394.4,1339.6,1394.4,53,0.0,0.0,0.0,0,0,1394.4,53,0,0,2011.0,668.2,0,0,1328.2,1326.8,1326.4,1323.8,1323.6,16,18,12,16,5,1348.8,1349.0,1349.6,1352.0,1352.4,6,6,18,12,10,EXECUTABLE
MO2212-P-8000,20221206093253900,SG01,1,1547.4,1304.0,1547.4,128,0.0,0.0,0.0,0,0,1547.4,128,0,0,1975.4,632.6,0,0,1283.2,1283.0,1282.0,1281.8,1281.2,3,6,4,6,22,1293.0,1293.2,1293.8,1294.4,1296.0,10,14,6,6,9,EXECUTABLE
MO2303-C-8000,20221206093253900,SG01,1,21.4,21.4,21.4,290,0.0,0.0,0.0,0,0,21.4,290,0,0,692.8,0.2,0,0,20.8,20.6,20.4,20.2,20.0,6,6,16,9,48,22.0,22.2,22.4,22.6,23.6,6,9,28,24,12,EXECUTABLE
MO2303-P-8000,20221206093253900,SG01,1,1536.0,1379.6,1536.0,90,0.0,0.0,0.0,0,0,1536.0,90,0,0,2051.0,708.2,0,0,1370.0,1369.0,1368.8,1368.2,1367.6,12,12,18,20,12,1384.4,1387.4,1389.4,1390.8,1392.0,12,12,12,24,16,EXECUTABLE
MO2306-C-8000,20221206093253900,SG01,1,56.4,59.8,56.4,411,0.0,0.0,0.0,0,0,56.4,411,0,0,731.2,0.2,0,0,58.0,57.8,57.4,57.2,57.0,12,9,31,15,18,64.4,64.6,64.8,65.0,65.2,16,12,18,24,9,EXECUTABLE
MO2306-P-8000,20221206093253900,SG01,1,1764.6,1518.4,1764.6,49,0.0,0.0,0.0,0,0,1764.6,49,0,0,2189.8,847.0,0,0,1508.0,1507.4,1507.2,1507.0,1506.2,16,6,12,16,6,1527.6,1527.8,1529.0,1529.2,1529.8,6,1,12,24,10,EXECUTABLE
MO2212-C-6500,20221206093253900,SG01,1,234.0,231.8,231.8,1035,228.0,240.4,228.0,19,437560,230.295,1038,0,0,903.2,0.2,0,0,234.2,234.0,233.6,233.0,232.6,8,12,10,9,4,239.6,239.8,240.0,240.2,240.4,6,6,12,3,9,EXECUTABLE
MO2212-C-6700,20221206093253900,SG01,1,101.2,99.0,99.0,2860,90.2,103.0,90.2,167,1631100,97.671,2877,0,0,770.4,0.2,0,0,100.8,100.6,100.4,100.2,99.8,13,6,2,7,12,102.6,102.8,103.0,103.4,103.6,1,5,1,12,13,EXECUTABLE
MO2212-C-6900,20221206093253900,SG01,1,32.8,33.4,33.4,2833,30.0,35.2,29.4,179,592980,33.127,2873,0,0,704.8,0.2,0,0,34.0,33.8,33.4,33.2,33.0,3,10,6,12,13,34.6,34.8,35.0,35.2,35.6,9,7,24,16,6,EXECUTABLE
MO2212-C-7100,20221206093253900,SG01,1,10.0,9.8,9.8,1316,8.6,10.6,8.6,111,110500,9.955,1294,0,0,681.2,0.2,0,0,10.2,10.0,9.8,9.4,8.8,9,30,19,4,2,10.4,10.6,10.8,11.0,11.4,19,16,7,11,1,EXECUTABLE
MO2212-P-6300,20221206093253900,SG01,1,5.6,6.0,6.0,2206,6.0,7.0,5.4,48,27040,5.633,2206,0,0,677.4,0.2,0,0,5.6,5.4,5.0,2.0,1.2,16,58,3,1,1,5.8,6.0,6.2,6.4,8.0,22,48,1,10,1,EXECUTABLE
MO2212-P-6500,20221206093253900,SG01,1,24.6,25.0,25.0,1729,28.0,28.2,23.4,147,372080,25.312,1726,0,0,696.4,0.2,0,0,24.2,23.8,23.6,23.4,23.2,20,14,6,18,15,24.6,24.8,25.0,25.2,25.6,12,6,4,9,15,EXECUTABLE
MO2212-P-6700,20221206093253900,SG01,1,88.0,95.6,95.6,3590,100.2,100.2,87.4,139,1270080,91.373,3586,0,0,767.0,0.2,0,0,87.2,87.0,86.8,86.6,86.4,1,1,8,21,1,89.4,89.6,89.8,90.0,90.2,14,9,2,6,6,EXECUTABLE
MO2212-P-6900,20221206093253900,SG01,1,228.8,227.0,227.0,196,228.8,228.8,228.8,1,22880,228.8,196,0,0,898.4,0.2,0,0,218.0,217.8,217.6,217.4,217.2,6,6,3,6,17,222.8,223.6,223.8,224.2,224.6,2,12,12,7,15,EXECUTABLE
MO2212-P-7100,20221206093253900,SG01,1,415.6,411.2,415.6,61,0.0,0.0,0.0,0,0,415.6,61,0,0,1082.6,0.2,0,0,394.0,393.0,392.6,392.4,392.2,9,10,6,19,6,401.2,401.4,401.6,403.0,403.6,6,6,18,6,13,EXECUTABLE
MO2309-C-6000,20221206093253900,SG01,1,740.8,732.4,740.8,132,0.0,0.0,0.0,0,0,740.8,132,0,0,1403.8,61.0,0,0,734.2,729.4,728.6,726.8,726.4,1,6,1,6,23,745.8,746.4,746.6,746.8,747.4,2,11,12,12,18,EXECUTABLE
MO2309-C-6200,20221206093253900,SG01,1,609.0,615.2,609.0,149,0.0,0.0,0.0,0,0,609.0,149,0,0,1286.6,0.2,0,0,614.4,613.6,613.2,613.0,612.8,1,1,11,42,12,630.4,630.6,631.0,634.0,634.2,14,11,18,12,12,EXECUTABLE
MO2309-C-6400,20221206093253900,SG01,1,549.0,509.2,549.0,157,0.0,0.0,0.0,0,0,549.0,157,0,0,1180.6,0.2,0,0,517.0,511.6,510.8,510.0,509.8,1,6,6,14,1,524.8,525.0,525.4,526.8,527.2,2,6,17,24,6,EXECUTABLE
MO2309-C-6600,20221206093253900,SG01,1,427.0,419.8,427.0,170,0.0,0.0,0.0,0,0,427.0,170,0,0,1091.2,0.2,0,0,422.4,422.2,421.2,419.6,419.4,1,3,12,11,12,434.8,435.0,435.2,435.6,437.8,25,12,18,24,3,EXECUTABLE
MO2309-C-6800,20221206093253900,SG01,1,346.0,340.6,346.0,139,0.0,0.0,0.0,0,0,346.0,139,0,0,1012.0,0.2,0,0,346.4,344.4,342.8,342.2,342.0,1,3,6,1,5,353.8,354.2,354.4,354.6,355.2,2,12,1,5,24,EXECUTABLE
MO2309-C-7000,20221206093253900,SG01,1,279.0,277.4,279.0,200,0.0,0.0,0.0,0,0,279.0,200,0,0,948.8,0.2,0,0,275.6,273.6,273.4,272.8,272.6,1,1,3,12,11,284.2,285.0,287.0,288.0,288.2,1,2,12,35,12,EXECUTABLE
MO2309-C-7200,20221206093253900,SG01,1,218.4,222.0,218.4,324,0.0,0.0,0.0,0,0,218.4,324,0,0,893.4,0.2,0,0,219.6,219.4,219.2,218.4,218.0,6,3,1,24,23,227.8,229.2,229.8,230.0,230.2,1,17,2,30,30,EXECUTABLE
MO2309-P-6200,20221206093253900,SG01,1,375.0,379.0,375.0,123,0.0,0.0,0.0,0,0,375.0,123,0,0,1050.4,0.2,0,0,372.2,371.8,371.0,370.8,370.4,3,12,11,24,12,379.8,384.6,385.2,386.0,386.4,1,6,20,12,6,EXECUTABLE
MO2309-P-6400,20221206093253900,SG01,1,480.8,472.4,480.8,82,0.0,0.0,0.0,0,0,480.8,82,0,0,1143.8,0.2,0,0,465.0,464.6,464.2,464.0,462.4,1,2,23,30,18,478.2,478.4,478.8,479.2,479.8,6,1,5,12,18,EXECUTABLE
