source,symbol,trading_day,from_state,to_state,change_start_time,event_time,bar_ordinal_day,judge_center_eligible_ordinal,judge_available_eligible_ordinal,judge_available_event_time,matched,match_id,event_role,eligible_ordinal
independent_judge_center_v3,000688.SH,2025-01-03,Range,DownTrend,2025-01-03 11:10:00+08:00,2025-01-03 11:15:00+08:00,20,8.0,16.0,2025-01-03 13:25:00+08:00,True,1,judge,
independent_judge_center_v3,000688.SH,2025-01-08,DownTrend,UpTrend,2025-01-08 13:20:00+08:00,2025-01-08 13:25:00+08:00,28,16.0,24.0,2025-01-08 14:05:00+08:00,False,,judge,
independent_judge_center_v3,000688.SH,2025-01-08,UpTrend,Shock,2025-01-08 13:35:00+08:00,2025-01-08 13:40:00+08:00,31,19.0,27.0,2025-01-08 14:20:00+08:00,False,,judge,
independent_judge_center_v3,000688.SH,2025-01-14,Shock,UpTrend,2025-01-14 13:35:00+08:00,2025-01-14 13:40:00+08:00,31,19.0,27.0,2025-01-14 14:20:00+08:00,False,,judge,
independent_judge_center_v3,000688.SH,2025-01-16,Shock,DownTrend,2025-01-16 10:45:00+08:00,2025-01-16 10:50:00+08:00,15,3.0,11.0,2025-01-16 11:30:00+08:00,True,2,judge,
independent_judge_center_v3,000688.SH,2025-01-16,DownTrend,Range,2025-01-16 13:25:00+08:00,2025-01-16 13:30:00+08:00,29,17.0,25.0,2025-01-16 14:10:00+08:00,False,,judge,
independent_judge_center_v3,000688.SH,2025-01-24,Range,DownTrend,2025-01-24 13:30:00+08:00,2025-01-24 13:35:00+08:00,30,18.0,26.0,2025-01-24 14:15:00+08:00,True,3,judge,
independent_judge_center_v3,000688.SH,2025-02-06,UpTrend,Range,2025-02-06 11:25:00+08:00,2025-02-06 11:30:00+08:00,23,11.0,19.0,2025-02-06 13:40:00+08:00,True,4,judge,
independent_judge_center_v3,000688.SH,2025-02-10,Range,UpTrend,2025-02-10 11:15:00+08:00,2025-02-10 11:20:00+08:00,21,9.0,17.0,2025-02-10 13:30:00+08:00,True,5,judge,
independent_judge_center_v3,000688.SH,2025-02-12,DownTrend,Range,2025-02-12 13:10:00+08:00,2025-02-12 13:15:00+08:00,26,14.0,22.0,2025-02-12 13:55:00+08:00,True,6,judge,
independent_judge_center_v3,000688.SH,2025-02-17,Shock,Range,2025-02-17 13:40:00+08:00,2025-02-17 13:45:00+08:00,32,20.0,28.0,2025-02-17 14:25:00+08:00,False,,judge,
independent_judge_center_v3,000688.SH,2025-02-18,Range,DownTrend,2025-02-18 13:45:00+08:00,2025-02-18 13:50:00+08:00,33,21.0,29.0,2025-02-18 14:30:00+08:00,False,,judge,
independent_judge_center_v3,000688.SH,2025-02-20,DownTrend,UpTrend,2025-02-20 11:30:00+08:00,2025-02-20 13:05:00+08:00,24,12.0,20.0,2025-02-20 13:45:00+08:00,True,7,judge,
independent_judge_center_v3,000688.SH,2025-02-25,UpTrend,Range,2025-02-25 13:20:00+08:00,2025-02-25 13:25:00+08:00,28,16.0,24.0,2025-02-25 14:05:00+08:00,False,,judge,
independent_judge_center_v3,000688.SH,2025-03-19,Range,DownTrend,2025-03-19 13:15:00+08:00,2025-03-19 13:20:00+08:00,27,15.0,23.0,2025-03-19 14:00:00+08:00,True,8,judge,
independent_judge_center_v3,000688.SH,2025-03-20,Range,DownTrend,2025-03-20 13:40:00+08:00,2025-03-20 13:45:00+08:00,32,20.0,28.0,2025-03-20 14:25:00+08:00,True,9,judge,
independent_judge_center_v3,000688.SH,2025-03-24,Range,DownTrend,2025-03-24 13:20:00+08:00,2025-03-24 13:25:00+08:00,28,16.0,24.0,2025-03-24 14:05:00+08:00,False,,judge,
independent_judge_center_v3,000688.SH,2025-04-08,Shock,Range,2025-04-08 11:25:00+08:00,2025-04-08 11:30:00+08:00,23,11.0,19.0,2025-04-08 13:40:00+08:00,False,,judge,
independent_judge_center_v3,000688.SH,2025-04-08,Range,Shock,2025-04-08 13:05:00+08:00,2025-04-08 13:10:00+08:00,25,13.0,21.0,2025-04-08 13:50:00+08:00,False,,judge,
independent_judge_center_v3,000688.SH,2025-04-09,Shock,Range,2025-04-09 11:30:00+08:00,2025-04-09 13:05:00+08:00,24,12.0,20.0,2025-04-09 13:45:00+08:00,False,,judge,
independent_judge_center_v3,000688.SH,2025-04-10,DownTrend,Range,2025-04-10 11:30:00+08:00,2025-04-10 13:05:00+08:00,24,12.0,20.0,2025-04-10 13:45:00+08:00,True,10,judge,
independent_judge_center_v3,000688.SH,2025-04-10,Range,UpTrend,2025-04-10 13:35:00+08:00,2025-04-10 13:40:00+08:00,31,19.0,27.0,2025-04-10 14:20:00+08:00,False,,judge,
independent_judge_center_v3,000688.SH,2025-04-11,Range,UpTrend,2025-04-11 11:20:00+08:00,2025-04-11 11:25:00+08:00,22,10.0,18.0,2025-04-11 13:35:00+08:00,False,,judge,
independent_judge_center_v3,000688.SH,2025-04-11,UpTrend,Range,2025-04-11 13:35:00+08:00,2025-04-11 13:40:00+08:00,31,19.0,27.0,2025-04-11 14:20:00+08:00,True,11,judge,
independent_judge_center_v3,000688.SH,2025-04-23,UpTrend,Range,2025-04-23 13:20:00+08:00,2025-04-23 13:25:00+08:00,28,16.0,24.0,2025-04-23 14:05:00+08:00,True,12,judge,
independent_judge_center_v3,000688.SH,2025-05-09,DownTrend,Range,2025-05-09 11:10:00+08:00,2025-05-09 11:15:00+08:00,20,8.0,16.0,2025-05-09 13:25:00+08:00,False,,judge,
independent_judge_center_v3,000688.SH,2025-05-21,Range,DownTrend,2025-05-21 13:25:00+08:00,2025-05-21 13:30:00+08:00,29,17.0,25.0,2025-05-21 14:10:00+08:00,True,13,judge,
independent_judge_center_v3,000688.SH,2025-05-22,DownTrend,Range,2025-05-22 13:05:00+08:00,2025-05-22 13:10:00+08:00,25,13.0,21.0,2025-05-22 13:50:00+08:00,False,,judge,
independent_judge_center_v3,000688.SH,2025-05-23,Range,DownTrend,2025-05-23 13:10:00+08:00,2025-05-23 13:15:00+08:00,26,14.0,22.0,2025-05-23 13:55:00+08:00,True,14,judge,
independent_judge_center_v3,000688.SH,2025-06-06,UpTrend,DownTrend,2025-06-06 11:25:00+08:00,2025-06-06 11:30:00+08:00,23,11.0,19.0,2025-06-06 13:40:00+08:00,True,15,judge,
independent_judge_center_v3,000688.SH,2025-06-16,DownTrend,Range,2025-06-16 13:25:00+08:00,2025-06-16 13:30:00+08:00,29,17.0,25.0,2025-06-16 14:10:00+08:00,False,,judge,
independent_judge_center_v3,000688.SH,2025-06-17,DownTrend,Range,2025-06-17 13:15:00+08:00,2025-06-17 13:20:00+08:00,27,15.0,23.0,2025-06-17 14:00:00+08:00,False,,judge,
independent_judge_center_v3,000688.SH,2025-06-18,UpTrend,Shock,2025-06-18 13:10:00+08:00,2025-06-18 13:15:00+08:00,26,14.0,22.0,2025-06-18 13:55:00+08:00,True,16,judge,
independent_judge_center_v3,000688.SH,2025-06-18,Shock,UpTrend,2025-06-18 13:20:00+08:00,2025-06-18 13:25:00+08:00,28,16.0,24.0,2025-06-18 14:05:00+08:00,False,,judge,
independent_judge_center_v3,000688.SH,2025-06-23,Shock,Range,2025-06-23 13:05:00+08:00,2025-06-23 13:10:00+08:00,25,13.0,21.0,2025-06-23 13:50:00+08:00,True,17,judge,
independent_judge_center_v3,000688.SH,2025-06-26,Range,DownTrend,2025-06-26 13:15:00+08:00,2025-06-26 13:20:00+08:00,27,15.0,23.0,2025-06-26 14:00:00+08:00,True,18,judge,
independent_judge_center_v3,000688.SH,2025-06-27,Shock,Range,2025-06-27 10:50:00+08:00,2025-06-27 10:55:00+08:00,16,4.0,12.0,2025-06-27 13:05:00+08:00,False,,judge,
independent_judge_center_v3,000688.SH,2025-07-02,Range,DownTrend,2025-07-02 13:25:00+08:00,2025-07-02 13:30:00+08:00,29,17.0,25.0,2025-07-02 14:10:00+08:00,False,,judge,
independent_judge_center_v3,000688.SH,2025-07-11,Shock,Range,2025-07-11 13:45:00+08:00,2025-07-11 13:50:00+08:00,33,21.0,29.0,2025-07-11 14:30:00+08:00,False,,judge,
independent_judge_center_v3,000688.SH,2025-07-15,Shock,DownTrend,2025-07-15 11:05:00+08:00,2025-07-15 11:10:00+08:00,19,7.0,15.0,2025-07-15 13:20:00+08:00,True,19,judge,
independent_judge_center_v3,000688.SH,2025-07-22,UpTrend,Range,2025-07-22 13:15:00+08:00,2025-07-22 13:20:00+08:00,27,15.0,23.0,2025-07-22 14:00:00+08:00,False,,judge,
independent_judge_center_v3,000688.SH,2025-07-23,Range,Shock,2025-07-23 11:20:00+08:00,2025-07-23 11:25:00+08:00,22,10.0,18.0,2025-07-23 13:35:00+08:00,True,20,judge,
independent_judge_center_v3,000688.SH,2025-07-24,UpTrend,Range,2025-07-24 13:10:00+08:00,2025-07-24 13:15:00+08:00,26,14.0,22.0,2025-07-24 13:55:00+08:00,False,,judge,
independent_judge_center_v3,000688.SH,2025-07-25,Range,UpTrend,2025-07-25 13:10:00+08:00,2025-07-25 13:15:00+08:00,26,14.0,22.0,2025-07-25 13:55:00+08:00,True,21,judge,
independent_judge_center_v3,000688.SH,2025-07-30,DownTrend,Shock,2025-07-30 13:40:00+08:00,2025-07-30 13:45:00+08:00,32,20.0,28.0,2025-07-30 14:25:00+08:00,True,22,judge,
independent_judge_center_v3,000688.SH,2025-08-01,DownTrend,Range,2025-08-01 13:35:00+08:00,2025-08-01 13:40:00+08:00,31,19.0,27.0,2025-08-01 14:20:00+08:00,False,,judge,
independent_judge_center_v3,000688.SH,2025-08-05,Range,UpTrend,2025-08-05 13:05:00+08:00,2025-08-05 13:10:00+08:00,25,13.0,21.0,2025-08-05 13:50:00+08:00,True,23,judge,
independent_judge_center_v3,000688.SH,2025-08-06,UpTrend,Range,2025-08-06 13:25:00+08:00,2025-08-06 13:30:00+08:00,29,17.0,25.0,2025-08-06 14:10:00+08:00,False,,judge,
independent_judge_center_v3,000688.SH,2025-08-18,Range,DownTrend,2025-08-18 13:20:00+08:00,2025-08-18 13:25:00+08:00,28,16.0,24.0,2025-08-18 14:05:00+08:00,False,,judge,
independent_judge_center_v3,000688.SH,2025-08-19,Shock,DownTrend,2025-08-19 11:15:00+08:00,2025-08-19 11:20:00+08:00,21,9.0,17.0,2025-08-19 13:30:00+08:00,False,,judge,
independent_judge_center_v3,000688.SH,2025-08-20,Range,Shock,2025-08-20 13:05:00+08:00,2025-08-20 13:10:00+08:00,25,13.0,21.0,2025-08-20 13:50:00+08:00,False,,judge,
independent_judge_center_v3,000688.SH,2025-08-21,Range,DownTrend,2025-08-21 13:35:00+08:00,2025-08-21 13:40:00+08:00,31,19.0,27.0,2025-08-21 14:20:00+08:00,True,24,judge,
independent_judge_center_v3,000688.SH,2025-08-29,Range,DownTrend,2025-08-29 11:15:00+08:00,2025-08-29 11:20:00+08:00,21,9.0,17.0,2025-08-29 13:30:00+08:00,False,,judge,
independent_judge_center_v3,000688.SH,2025-08-29,DownTrend,Range,2025-08-29 13:25:00+08:00,2025-08-29 13:30:00+08:00,29,17.0,25.0,2025-08-29 14:10:00+08:00,True,25,judge,
independent_judge_center_v3,000688.SH,2025-09-02,DownTrend,Range,2025-09-02 13:20:00+08:00,2025-09-02 13:25:00+08:00,28,16.0,24.0,2025-09-02 14:05:00+08:00,False,,judge,
independent_judge_center_v3,000688.SH,2025-09-10,Range,UpTrend,2025-09-10 13:05:00+08:00,2025-09-10 13:10:00+08:00,25,13.0,21.0,2025-09-10 13:50:00+08:00,False,,judge,
independent_judge_center_v3,000688.SH,2025-09-11,UpTrend,Range,2025-09-11 13:25:00+08:00,2025-09-11 13:30:00+08:00,29,17.0,25.0,2025-09-11 14:10:00+08:00,False,,judge,
independent_judge_center_v3,000688.SH,2025-09-18,Range,DownTrend,2025-09-18 13:25:00+08:00,2025-09-18 13:30:00+08:00,29,17.0,25.0,2025-09-18 14:10:00+08:00,True,26,judge,
independent_judge_center_v3,000688.SH,2025-09-22,Range,UpTrend,2025-09-22 11:20:00+08:00,2025-09-22 11:25:00+08:00,22,10.0,18.0,2025-09-22 13:35:00+08:00,False,,judge,
independent_judge_center_v3,000688.SH,2025-10-09,Shock,DownTrend,2025-10-09 13:30:00+08:00,2025-10-09 13:35:00+08:00,30,18.0,26.0,2025-10-09 14:15:00+08:00,False,,judge,
independent_judge_center_v3,000688.SH,2025-10-13,Range,DownTrend,2025-10-13 10:55:00+08:00,2025-10-13 11:00:00+08:00,17,5.0,13.0,2025-10-13 13:10:00+08:00,True,27,judge,
independent_judge_center_v3,000688.SH,2025-10-15,Range,UpTrend,2025-10-15 11:25:00+08:00,2025-10-15 11:30:00+08:00,23,11.0,19.0,2025-10-15 13:40:00+08:00,True,28,judge,
independent_judge_center_v3,000688.SH,2025-10-28,Range,DownTrend,2025-10-28 11:30:00+08:00,2025-10-28 13:05:00+08:00,24,12.0,20.0,2025-10-28 13:45:00+08:00,False,,judge,
independent_judge_center_v3,000688.SH,2025-11-03,Range,UpTrend,2025-11-03 11:05:00+08:00,2025-11-03 11:10:00+08:00,19,7.0,15.0,2025-11-03 13:20:00+08:00,False,,judge,
independent_judge_center_v3,000688.SH,2025-11-06,Shock,UpTrend,2025-11-06 13:45:00+08:00,2025-11-06 13:50:00+08:00,33,21.0,29.0,2025-11-06 14:30:00+08:00,False,,judge,
independent_judge_center_v3,000688.SH,2025-11-19,DownTrend,Range,2025-11-19 13:25:00+08:00,2025-11-19 13:30:00+08:00,29,17.0,25.0,2025-11-19 14:10:00+08:00,True,29,judge,
independent_judge_center_v3,000688.SH,2025-11-20,Range,DownTrend,2025-11-20 13:40:00+08:00,2025-11-20 13:45:00+08:00,32,20.0,28.0,2025-11-20 14:25:00+08:00,True,30,judge,
independent_judge_center_v3,000688.SH,2025-11-21,Shock,Range,2025-11-21 13:40:00+08:00,2025-11-21 13:45:00+08:00,32,20.0,28.0,2025-11-21 14:25:00+08:00,False,,judge,
independent_judge_center_v3,000688.SH,2025-11-24,Range,UpTrend,2025-11-24 13:10:00+08:00,2025-11-24 13:15:00+08:00,26,14.0,22.0,2025-11-24 13:55:00+08:00,True,31,judge,
independent_judge_center_v3,000688.SH,2025-12-01,UpTrend,Range,2025-12-01 13:20:00+08:00,2025-12-01 13:25:00+08:00,28,16.0,24.0,2025-12-01 14:05:00+08:00,False,,judge,
independent_judge_center_v3,000688.SH,2025-12-02,DownTrend,Range,2025-12-02 13:35:00+08:00,2025-12-02 13:40:00+08:00,31,19.0,27.0,2025-12-02 14:20:00+08:00,False,,judge,
independent_judge_center_v3,000688.SH,2025-12-04,UpTrend,Range,2025-12-04 11:30:00+08:00,2025-12-04 13:05:00+08:00,24,12.0,20.0,2025-12-04 13:45:00+08:00,False,,judge,
independent_judge_center_v3,000688.SH,2025-12-15,Range,DownTrend,2025-12-15 13:05:00+08:00,2025-12-15 13:10:00+08:00,25,13.0,21.0,2025-12-15 13:50:00+08:00,True,32,judge,
independent_judge_center_v3,000688.SH,2025-12-16,DownTrend,Range,2025-12-16 13:15:00+08:00,2025-12-16 13:20:00+08:00,27,15.0,23.0,2025-12-16 14:00:00+08:00,False,,judge,
independent_judge_center_v3,000688.SH,2025-12-17,Range,UpTrend,2025-12-17 13:30:00+08:00,2025-12-17 13:35:00+08:00,30,18.0,26.0,2025-12-17 14:15:00+08:00,True,33,judge,
independent_judge_center_v3,000688.SH,2025-12-19,Range,DownTrend,2025-12-19 13:05:00+08:00,2025-12-19 13:10:00+08:00,25,13.0,21.0,2025-12-19 13:50:00+08:00,True,34,judge,
independent_judge_center_v3,000688.SH,2025-12-30,DownTrend,Range,2025-12-30 11:05:00+08:00,2025-12-30 11:10:00+08:00,19,7.0,15.0,2025-12-30 13:20:00+08:00,False,,judge,
v6_v6_t0r0e1x0,000688.SH,2025-01-02,DownTrend,Shock,2025-01-02 14:30:00+08:00,2025-01-02 14:30:00+08:00,41,,,,False,,online,29.0
v6_v6_t0r0e1x0,000688.SH,2025-01-03,Shock,DownTrend,2025-01-03 13:20:00+08:00,2025-01-03 13:20:00+08:00,27,,,,True,1,online,15.0
v6_v6_t0r0e1x0,000688.SH,2025-01-03,DownTrend,Shock,2025-01-03 14:30:00+08:00,2025-01-03 14:30:00+08:00,41,,,,False,,online,29.0
v6_v6_t0r0e1x0,000688.SH,2025-01-06,Shock,Range,2025-01-06 13:25:00+08:00,2025-01-06 13:25:00+08:00,28,,,,False,,online,16.0
v6_v6_t0r0e1x0,000688.SH,2025-01-07,Range,UpTrend,2025-01-07 14:25:00+08:00,2025-01-07 14:25:00+08:00,40,,,,False,,online,28.0
v6_v6_t0r0e1x0,000688.SH,2025-01-08,DownTrend,Shock,2025-01-08 13:45:00+08:00,2025-01-08 13:45:00+08:00,32,,,,False,,online,20.0
v6_v6_t0r0e1x0,000688.SH,2025-01-09,Range,UpTrend,2025-01-09 13:05:00+08:00,2025-01-09 13:05:00+08:00,24,,,,False,,online,12.0
v6_v6_t0r0e1x0,000688.SH,2025-01-09,UpTrend,Range,2025-01-09 13:55:00+08:00,2025-01-09 13:55:00+08:00,34,,,,False,,online,22.0
v6_v6_t0r0e1x0,000688.SH,2025-01-10,Shock,DownTrend,2025-01-10 13:30:00+08:00,2025-01-10 13:30:00+08:00,29,,,,False,,online,17.0
v6_v6_t0r0e1x0,000688.SH,2025-01-13,Shock,DownTrend,2025-01-13 13:30:00+08:00,2025-01-13 13:30:00+08:00,29,,,,False,,online,17.0
v6_v6_t0r0e1x0,000688.SH,2025-01-13,DownTrend,Range,2025-01-13 14:00:00+08:00,2025-01-13 14:00:00+08:00,35,,,,False,,online,23.0
v6_v6_t0r0e1x0,000688.SH,2025-01-15,UpTrend,DownTrend,2025-01-15 13:15:00+08:00,2025-01-15 13:15:00+08:00,26,,,,False,,online,14.0
v6_v6_t0r0e1x0,000688.SH,2025-01-16,Shock,DownTrend,2025-01-16 13:10:00+08:00,2025-01-16 13:10:00+08:00,25,,,,True,2,online,13.0
v6_v6_t0r0e1x0,000688.SH,2025-01-16,DownTrend,Shock,2025-01-16 13:50:00+08:00,2025-01-16 13:50:00+08:00,33,,,,False,,online,21.0
v6_v6_t0r0e1x0,000688.SH,2025-01-17,Shock,Range,2025-01-17 14:20:00+08:00,2025-01-17 14:20:00+08:00,39,,,,False,,online,27.0
v6_v6_t0r0e1x0,000688.SH,2025-01-21,Range,UpTrend,2025-01-21 13:05:00+08:00,2025-01-21 13:05:00+08:00,24,,,,False,,online,12.0
v6_v6_t0r0e1x0,000688.SH,2025-01-21,UpTrend,Range,2025-01-21 13:50:00+08:00,2025-01-21 13:50:00+08:00,33,,,,False,,online,21.0
v6_v6_t0r0e1x0,000688.SH,2025-01-21,Range,UpTrend,2025-01-21 14:30:00+08:00,2025-01-21 14:30:00+08:00,41,,,,False,,online,29.0
v6_v6_t0r0e1x0,000688.SH,2025-01-23,DownTrend,Range,2025-01-23 13:10:00+08:00,2025-01-23 13:10:00+08:00,25,,,,False,,online,13.0
v6_v6_t0r0e1x0,000688.SH,2025-01-23,Range,DownTrend,2025-01-23 13:25:00+08:00,2025-01-23 13:25:00+08:00,28,,,,False,,online,16.0
v6_v6_t0r0e1x0,000688.SH,2025-01-24,Range,DownTrend,2025-01-24 14:00:00+08:00,2025-01-24 14:00:00+08:00,35,,,,True,3,online,23.0
v6_v6_t0r0e1x0,000688.SH,2025-02-05,Shock,Range,2025-02-05 11:25:00+08:00,2025-02-05 11:25:00+08:00,22,,,,False,,online,10.0
v6_v6_t0r0e1x0,000688.SH,2025-02-05,Range,DownTrend,2025-02-05 14:10:00+08:00,2025-02-05 14:10:00+08:00,37,,,,False,,online,25.0
v6_v6_t0r0e1x0,000688.SH,2025-02-05,DownTrend,Range,2025-02-05 14:30:00+08:00,2025-02-05 14:30:00+08:00,41,,,,False,,online,29.0
v6_v6_t0r0e1x0,000688.SH,2025-02-06,UpTrend,Shock,2025-02-06 11:30:00+08:00,2025-02-06 11:30:00+08:00,23,,,,False,,online,11.0
v6_v6_t0r0e1x0,000688.SH,2025-02-06,Shock,Range,2025-02-06 13:45:00+08:00,2025-02-06 13:45:00+08:00,32,,,,True,4,online,20.0
v6_v6_t0r0e1x0,000688.SH,2025-02-07,Shock,Range,2025-02-07 13:25:00+08:00,2025-02-07 13:25:00+08:00,28,,,,False,,online,16.0
v6_v6_t0r0e1x0,000688.SH,2025-02-07,Range,DownTrend,2025-02-07 14:15:00+08:00,2025-02-07 14:15:00+08:00,38,,,,False,,online,26.0
v6_v6_t0r0e1x0,000688.SH,2025-02-10,Range,UpTrend,2025-02-10 13:30:00+08:00,2025-02-10 13:30:00+08:00,29,,,,True,5,online,17.0
v6_v6_t0r0e1x0,000688.SH,2025-02-10,UpTrend,Range,2025-02-10 14:20:00+08:00,2025-02-10 14:20:00+08:00,39,,,,False,,online,27.0
v6_v6_t0r0e1x0,000688.SH,2025-02-11,Range,Shock,2025-02-11 13:40:00+08:00,2025-02-11 13:40:00+08:00,31,,,,False,,online,19.0
v6_v6_t0r0e1x0,000688.SH,2025-02-12,DownTrend,Range,2025-02-12 13:45:00+08:00,2025-02-12 13:45:00+08:00,32,,,,True,6,online,20.0
v6_v6_t0r0e1x0,000688.SH,2025-02-12,Range,UpTrend,2025-02-12 14:25:00+08:00,2025-02-12 14:25:00+08:00,40,,,,False,,online,28.0
v6_v6_t0r0e1x0,000688.SH,2025-02-13,Shock,Range,2025-02-13 11:30:00+08:00,2025-02-13 11:30:00+08:00,23,,,,False,,online,11.0
v6_v6_t0r0e1x0,000688.SH,2025-02-13,Range,UpTrend,2025-02-13 13:45:00+08:00,2025-02-13 13:45:00+08:00,32,,,,False,,online,20.0
v6_v6_t0r0e1x0,000688.SH,2025-02-17,Shock,Range,2025-02-17 13:05:00+08:00,2025-02-17 13:05:00+08:00,24,,,,False,,online,12.0
v6_v6_t0r0e1x0,000688.SH,2025-02-17,Range,Shock,2025-02-17 13:40:00+08:00,2025-02-17 13:40:00+08:00,31,,,,False,,online,19.0
v6_v6_t0r0e1x0,000688.SH,2025-02-18,Range,DownTrend,2025-02-18 14:05:00+08:00,2025-02-18 14:05:00+08:00,36,,,,False,,online,24.0
v6_v6_t0r0e1x0,000688.SH,2025-02-19,UpTrend,Range,2025-02-19 11:10:00+08:00,2025-02-19 11:10:00+08:00,19,,,,False,,online,7.0
v6_v6_t0r0e1x0,000688.SH,2025-02-19,Range,UpTrend,2025-02-19 14:15:00+08:00,2025-02-19 14:15:00+08:00,38,,,,False,,online,26.0
v6_v6_t0r0e1x0,000688.SH,2025-02-20,DownTrend,Range,2025-02-20 13:10:00+08:00,2025-02-20 13:10:00+08:00,25,,,,False,,online,13.0
v6_v6_t0r0e1x0,000688.SH,2025-02-20,Range,UpTrend,2025-02-20 13:30:00+08:00,2025-02-20 13:30:00+08:00,29,,,,True,7,online,17.0
v6_v6_t0r0e1x0,000688.SH,2025-02-20,UpTrend,Range,2025-02-20 14:25:00+08:00,2025-02-20 14:25:00+08:00,40,,,,False,,online,28.0
v6_v6_t0r0e1x0,000688.SH,2025-02-24,Shock,Range,2025-02-24 11:20:00+08:00,2025-02-24 11:20:00+08:00,21,,,,False,,online,9.0
v6_v6_t0r0e1x0,000688.SH,2025-02-24,Range,Shock,2025-02-24 11:30:00+08:00,2025-02-24 11:30:00+08:00,23,,,,False,,online,11.0
v6_v6_t0r0e1x0,000688.SH,2025-02-24,Shock,Range,2025-02-24 13:30:00+08:00,2025-02-24 13:30:00+08:00,29,,,,False,,online,17.0
v6_v6_t0r0e1x0,000688.SH,2025-02-24,Range,DownTrend,2025-02-24 13:45:00+08:00,2025-02-24 13:45:00+08:00,32,,,,False,,online,20.0
v6_v6_t0r0e1x0,000688.SH,2025-02-25,Shock,Range,2025-02-25 14:25:00+08:00,2025-02-25 14:25:00+08:00,40,,,,False,,online,28.0
v6_v6_t0r0e1x0,000688.SH,2025-02-26,Shock,UpTrend,2025-02-26 11:25:00+08:00,2025-02-26 11:25:00+08:00,22,,,,False,,online,10.0
v6_v6_t0r0e1x0,000688.SH,2025-02-26,UpTrend,Range,2025-02-26 13:50:00+08:00,2025-02-26 13:50:00+08:00,33,,,,False,,online,21.0
v6_v6_t0r0e1x0,000688.SH,2025-02-26,Range,Shock,2025-02-26 14:20:00+08:00,2025-02-26 14:20:00+08:00,39,,,,False,,online,27.0
v6_v6_t0r0e1x0,000688.SH,2025-02-27,Range,Shock,2025-02-27 13:10:00+08:00,2025-02-27 13:10:00+08:00,25,,,,False,,online,13.0
v6_v6_t0r0e1x0,000688.SH,2025-02-28,Shock,Range,2025-02-28 11:30:00+08:00,2025-02-28 11:30:00+08:00,23,,,,False,,online,11.0
v6_v6_t0r0e1x0,000688.SH,2025-02-28,Range,DownTrend,2025-02-28 13:15:00+08:00,2025-02-28 13:15:00+08:00,26,,,,False,,online,14.0
v6_v6_t0r0e1x0,000688.SH,2025-02-28,DownTrend,Shock,2025-02-28 14:00:00+08:00,2025-02-28 14:00:00+08:00,35,,,,False,,online,23.0
v6_v6_t0r0e1x0,000688.SH,2025-03-03,Shock,Range,2025-03-03 13:40:00+08:00,2025-03-03 13:40:00+08:00,31,,,,False,,online,19.0
v6_v6_t0r0e1x0,000688.SH,2025-03-03,Range,DownTrend,2025-03-03 14:30:00+08:00,2025-03-03 14:30:00+08:00,41,,,,False,,online,29.0
v6_v6_t0r0e1x0,000688.SH,2025-03-04,Range,Shock,2025-03-04 13:10:00+08:00,2025-03-04 13:10:00+08:00,25,,,,False,,online,13.0
v6_v6_t0r0e1x0,000688.SH,2025-03-04,Shock,Range,2025-03-04 14:25:00+08:00,2025-03-04 14:25:00+08:00,40,,,,False,,online,28.0
v6_v6_t0r0e1x0,000688.SH,2025-03-10,Range,DownTrend,2025-03-10 13:10:00+08:00,2025-03-10 13:10:00+08:00,25,,,,False,,online,13.0
v6_v6_t0r0e1x0,000688.SH,2025-03-10,DownTrend,Range,2025-03-10 13:35:00+08:00,2025-03-10 13:35:00+08:00,30,,,,False,,online,18.0
v6_v6_t0r0e1x0,000688.SH,2025-03-10,Range,UpTrend,2025-03-10 13:50:00+08:00,2025-03-10 13:50:00+08:00,33,,,,False,,online,21.0
v6_v6_t0r0e1x0,000688.SH,2025-03-11,Range,DownTrend,2025-03-11 11:25:00+08:00,2025-03-11 11:25:00+08:00,22,,,,False,,online,10.0
v6_v6_t0r0e1x0,000688.SH,2025-03-11,DownTrend,Range,2025-03-11 13:20:00+08:00,2025-03-11 13:20:00+08:00,27,,,,False,,online,15.0
v6_v6_t0r0e1x0,000688.SH,2025-03-12,Shock,UpTrend,2025-03-12 13:40:00+08:00,2025-03-12 13:40:00+08:00,31,,,,False,,online,19.0
v6_v6_t0r0e1x0,000688.SH,2025-03-13,Range,DownTrend,2025-03-13 11:25:00+08:00,2025-03-13 11:25:00+08:00,22,,,,False,,online,10.0
v6_v6_t0r0e1x0,000688.SH,2025-03-18,Range,DownTrend,2025-03-18 13:15:00+08:00,2025-03-18 13:15:00+08:00,26,,,,False,,online,14.0
v6_v6_t0r0e1x0,000688.SH,2025-03-18,DownTrend,Range,2025-03-18 13:35:00+08:00,2025-03-18 13:35:00+08:00,30,,,,False,,online,18.0
v6_v6_t0r0e1x0,000688.SH,2025-03-19,Range,UpTrend,2025-03-19 11:25:00+08:00,2025-03-19 11:25:00+08:00,22,,,,False,,online,10.0
v6_v6_t0r0e1x0,000688.SH,2025-03-19,UpTrend,Range,2025-03-19 13:15:00+08:00,2025-03-19 13:15:00+08:00,26,,,,False,,online,14.0
v6_v6_t0r0e1x0,000688.SH,2025-03-19,Range,DownTrend,2025-03-19 13:50:00+08:00,2025-03-19 13:50:00+08:00,33,,,,True,8,online,21.0
v6_v6_t0r0e1x0,000688.SH,2025-03-20,Range,DownTrend,2025-03-20 14:20:00+08:00,2025-03-20 14:20:00+08:00,39,,,,True,9,online,27.0
v6_v6_t0r0e1x0,000688.SH,2025-03-21,DownTrend,Range,2025-03-21 14:25:00+08:00,2025-03-21 14:25:00+08:00,40,,,,False,,online,28.0
v6_v6_t0r0e1x0,000688.SH,2025-03-24,Range,DownTrend,2025-03-24 13:35:00+08:00,2025-03-24 13:35:00+08:00,30,,,,False,,online,18.0
v6_v6_t0r0e1x0,000688.SH,2025-03-25,DownTrend,Shock,2025-03-25 11:25:00+08:00,2025-03-25 11:25:00+08:00,22,,,,False,,online,10.0
v6_v6_t0r0e1x0,000688.SH,2025-03-25,Shock,DownTrend,2025-03-25 14:25:00+08:00,2025-03-25 14:25:00+08:00,40,,,,False,,online,28.0
v6_v6_t0r0e1x0,000688.SH,2025-03-27,UpTrend,Shock,2025-03-27 11:00:00+08:00,2025-03-27 11:00:00+08:00,17,,,,False,,online,5.0
v6_v6_t0r0e1x0,000688.SH,2025-03-27,Shock,Range,2025-03-27 13:40:00+08:00,2025-03-27 13:40:00+08:00,31,,,,False,,online,19.0
v6_v6_t0r0e1x0,000688.SH,2025-03-31,Shock,DownTrend,2025-03-31 11:15:00+08:00,2025-03-31 11:15:00+08:00,20,,,,False,,online,8.0
v6_v6_t0r0e1x0,000688.SH,2025-03-31,DownTrend,Shock,2025-03-31 13:10:00+08:00,2025-03-31 13:10:00+08:00,25,,,,False,,online,13.0
v6_v6_t0r0e1x0,000688.SH,2025-03-31,Shock,Range,2025-03-31 14:10:00+08:00,2025-03-31 14:10:00+08:00,37,,,,False,,online,25.0
v6_v6_t0r0e1x0,000688.SH,2025-04-01,UpTrend,DownTrend,2025-04-01 11:30:00+08:00,2025-04-01 11:30:00+08:00,23,,,,False,,online,11.0
v6_v6_t0r0e1x0,000688.SH,2025-04-03,Shock,DownTrend,2025-04-03 13:15:00+08:00,2025-04-03 13:15:00+08:00,26,,,,False,,online,14.0
v6_v6_t0r0e1x0,000688.SH,2025-04-03,DownTrend,Range,2025-04-03 13:45:00+08:00,2025-04-03 13:45:00+08:00,32,,,,False,,online,20.0
v6_v6_t0r0e1x0,000688.SH,2025-04-03,Range,Shock,2025-04-03 14:00:00+08:00,2025-04-03 14:00:00+08:00,35,,,,False,,online,23.0
v6_v6_t0r0e1x0,000688.SH,2025-04-09,Shock,UpTrend,2025-04-09 14:30:00+08:00,2025-04-09 14:30:00+08:00,41,,,,False,,online,29.0
v6_v6_t0r0e1x0,000688.SH,2025-04-10,DownTrend,Range,2025-04-10 13:35:00+08:00,2025-04-10 13:35:00+08:00,30,,,,True,10,online,18.0
v6_v6_t0r0e1x0,000688.SH,2025-04-11,UpTrend,Shock,2025-04-11 13:15:00+08:00,2025-04-11 13:15:00+08:00,26,,,,False,,online,14.0
v6_v6_t0r0e1x0,000688.SH,2025-04-11,Shock,Range,2025-04-11 14:25:00+08:00,2025-04-11 14:25:00+08:00,40,,,,True,11,online,28.0
v6_v6_t0r0e1x0,000688.SH,2025-04-14,DownTrend,Range,2025-04-14 14:20:00+08:00,2025-04-14 14:20:00+08:00,39,,,,False,,online,27.0
v6_v6_t0r0e1x0,000688.SH,2025-04-15,DownTrend,Range,2025-04-15 14:00:00+08:00,2025-04-15 14:00:00+08:00,35,,,,False,,online,23.0
v6_v6_t0r0e1x0,000688.SH,2025-04-23,Range,UpTrend,2025-04-23 13:15:00+08:00,2025-04-23 13:15:00+08:00,26,,,,False,,online,14.0
v6_v6_t0r0e1x0,000688.SH,2025-04-23,UpTrend,Range,2025-04-23 13:50:00+08:00,2025-04-23 13:50:00+08:00,33,,,,True,12,online,21.0
v6_v6_t0r0e1x0,000688.SH,2025-04-24,Range,DownTrend,2025-04-24 11:05:00+08:00,2025-04-24 11:05:00+08:00,18,,,,False,,online,6.0
v6_v6_t0r0e1x0,000688.SH,2025-04-24,DownTrend,Range,2025-04-24 14:30:00+08:00,2025-04-24 14:30:00+08:00,41,,,,False,,online,29.0
v6_v6_t0r0e1x0,000688.SH,2025-04-25,UpTrend,Range,2025-04-25 13:20:00+08:00,2025-04-25 13:20:00+08:00,27,,,,False,,online,15.0
v6_v6_t0r0e1x0,000688.SH,2025-04-25,Range,DownTrend,2025-04-25 14:20:00+08:00,2025-04-25 14:20:00+08:00,39,,,,False,,online,27.0
v6_v6_t0r0e1x0,000688.SH,2025-04-28,Range,UpTrend,2025-04-28 11:20:00+08:00,2025-04-28 11:20:00+08:00,21,,,,False,,online,9.0
v6_v6_t0r0e1x0,000688.SH,2025-04-28,UpTrend,Range,2025-04-28 13:15:00+08:00,2025-04-28 13:15:00+08:00,26,,,,False,,online,14.0
v6_v6_t0r0e1x0,000688.SH,2025-04-28,Range,DownTrend,2025-04-28 14:20:00+08:00,2025-04-28 14:20:00+08:00,39,,,,False,,online,27.0
v6_v6_t0r0e1x0,000688.SH,2025-05-06,UpTrend,Range,2025-05-06 13:40:00+08:00,2025-05-06 13:40:00+08:00,31,,,,False,,online,19.0
v6_v6_t0r0e1x0,000688.SH,2025-05-08,Shock,Range,2025-05-08 14:00:00+08:00,2025-05-08 14:00:00+08:00,35,,,,False,,online,23.0
v6_v6_t0r0e1x0,000688.SH,2025-05-09,DownTrend,UpTrend,2025-05-09 13:40:00+08:00,2025-05-09 13:40:00+08:00,31,,,,False,,online,19.0
v6_v6_t0r0e1x0,000688.SH,2025-05-09,UpTrend,Range,2025-05-09 14:00:00+08:00,2025-05-09 14:00:00+08:00,35,,,,False,,online,23.0
v6_v6_t0r0e1x0,000688.SH,2025-05-12,Shock,DownTrend,2025-05-12 11:20:00+08:00,2025-05-12 11:20:00+08:00,21,,,,False,,online,9.0
v6_v6_t0r0e1x0,000688.SH,2025-05-12,DownTrend,Range,2025-05-12 13:30:00+08:00,2025-05-12 13:30:00+08:00,29,,,,False,,online,17.0
v6_v6_t0r0e1x0,000688.SH,2025-05-13,DownTrend,Range,2025-05-13 13:20:00+08:00,2025-05-13 13:20:00+08:00,27,,,,False,,online,15.0
v6_v6_t0r0e1x0,000688.SH,2025-05-13,Range,UpTrend,2025-05-13 14:00:00+08:00,2025-05-13 14:00:00+08:00,35,,,,False,,online,23.0
v6_v6_t0r0e1x0,000688.SH,2025-05-13,UpTrend,Range,2025-05-13 14:25:00+08:00,2025-05-13 14:25:00+08:00,40,,,,False,,online,28.0
v6_v6_t0r0e1x0,000688.SH,2025-05-14,Range,Shock,2025-05-14 13:45:00+08:00,2025-05-14 13:45:00+08:00,32,,,,False,,online,20.0
v6_v6_t0r0e1x0,000688.SH,2025-05-15,Range,DownTrend,2025-05-15 13:05:00+08:00,2025-05-15 13:05:00+08:00,24,,,,False,,online,12.0
v6_v6_t0r0e1x0,000688.SH,2025-05-16,Range,DownTrend,2025-05-16 14:10:00+08:00,2025-05-16 14:10:00+08:00,37,,,,False,,online,25.0
v6_v6_t0r0e1x0,000688.SH,2025-05-19,Range,UpTrend,2025-05-19 14:15:00+08:00,2025-05-19 14:15:00+08:00,38,,,,False,,online,26.0
v6_v6_t0r0e1x0,000688.SH,2025-05-20,Range,DownTrend,2025-05-20 14:05:00+08:00,2025-05-20 14:05:00+08:00,36,,,,False,,online,24.0
v6_v6_t0r0e1x0,000688.SH,2025-05-21,Range,UpTrend,2025-05-21 11:20:00+08:00,2025-05-21 11:20:00+08:00,21,,,,False,,online,9.0
v6_v6_t0r0e1x0,000688.SH,2025-05-21,UpTrend,Range,2025-05-21 13:50:00+08:00,2025-05-21 13:50:00+08:00,33,,,,False,,online,21.0
v6_v6_t0r0e1x0,000688.SH,2025-05-21,Range,DownTrend,2025-05-21 14:05:00+08:00,2025-05-21 14:05:00+08:00,36,,,,True,13,online,24.0
v6_v6_t0r0e1x0,000688.SH,2025-05-22,DownTrend,Range,2025-05-22 13:30:00+08:00,2025-05-22 13:30:00+08:00,29,,,,False,,online,17.0
v6_v6_t0r0e1x0,000688.SH,2025-05-23,Range,DownTrend,2025-05-23 13:40:00+08:00,2025-05-23 13:40:00+08:00,31,,,,True,14,online,19.0
v6_v6_t0r0e1x0,000688.SH,2025-05-26,UpTrend,DownTrend,2025-05-26 13:05:00+08:00,2025-05-26 13:05:00+08:00,24,,,,False,,online,12.0
v6_v6_t0r0e1x0,000688.SH,2025-05-26,DownTrend,Range,2025-05-26 13:55:00+08:00,2025-05-26 13:55:00+08:00,34,,,,False,,online,22.0
v6_v6_t0r0e1x0,000688.SH,2025-05-27,DownTrend,Range,2025-05-27 13:20:00+08:00,2025-05-27 13:20:00+08:00,27,,,,False,,online,15.0
v6_v6_t0r0e1x0,000688.SH,2025-05-28,Range,UpTrend,2025-05-28 13:05:00+08:00,2025-05-28 13:05:00+08:00,24,,,,False,,online,12.0
v6_v6_t0r0e1x0,000688.SH,2025-05-28,UpTrend,Range,2025-05-28 13:25:00+08:00,2025-05-28 13:25:00+08:00,28,,,,False,,online,16.0
v6_v6_t0r0e1x0,000688.SH,2025-05-28,Range,DownTrend,2025-05-28 13:50:00+08:00,2025-05-28 13:50:00+08:00,33,,,,False,,online,21.0
v6_v6_t0r0e1x0,000688.SH,2025-05-29,Shock,UpTrend,2025-05-29 13:55:00+08:00,2025-05-29 13:55:00+08:00,34,,,,False,,online,22.0
v6_v6_t0r0e1x0,000688.SH,2025-05-29,UpTrend,Range,2025-05-29 14:25:00+08:00,2025-05-29 14:25:00+08:00,40,,,,False,,online,28.0
v6_v6_t0r0e1x0,000688.SH,2025-05-30,Range,Shock,2025-05-30 13:50:00+08:00,2025-05-30 13:50:00+08:00,33,,,,False,,online,21.0
v6_v6_t0r0e1x0,000688.SH,2025-05-30,Shock,Range,2025-05-30 14:10:00+08:00,2025-05-30 14:10:00+08:00,37,,,,False,,online,25.0
v6_v6_t0r0e1x0,000688.SH,2025-06-03,Shock,DownTrend,2025-06-03 13:50:00+08:00,2025-06-03 13:50:00+08:00,33,,,,False,,online,21.0
v6_v6_t0r0e1x0,000688.SH,2025-06-04,Range,DownTrend,2025-06-04 14:00:00+08:00,2025-06-04 14:00:00+08:00,35,,,,False,,online,23.0
v6_v6_t0r0e1x0,000688.SH,2025-06-05,Range,UpTrend,2025-06-05 13:15:00+08:00,2025-06-05 13:15:00+08:00,26,,,,False,,online,14.0
v6_v6_t0r0e1x0,000688.SH,2025-06-05,UpTrend,Shock,2025-06-05 14:05:00+08:00,2025-06-05 14:05:00+08:00,36,,,,False,,online,24.0
v6_v6_t0r0e1x0,000688.SH,2025-06-06,UpTrend,DownTrend,2025-06-06 13:25:00+08:00,2025-06-06 13:25:00+08:00,28,,,,True,15,online,16.0
v6_v6_t0r0e1x0,000688.SH,2025-06-09,Shock,Range,2025-06-09 11:25:00+08:00,2025-06-09 11:25:00+08:00,22,,,,False,,online,10.0
v6_v6_t0r0e1x0,000688.SH,2025-06-09,Range,DownTrend,2025-06-09 13:45:00+08:00,2025-06-09 13:45:00+08:00,32,,,,False,,online,20.0
v6_v6_t0r0e1x0,000688.SH,2025-06-09,DownTrend,Range,2025-06-09 14:15:00+08:00,2025-06-09 14:15:00+08:00,38,,,,False,,online,26.0
v6_v6_t0r0e1x0,000688.SH,2025-06-10,Range,DownTrend,2025-06-10 13:35:00+08:00,2025-06-10 13:35:00+08:00,30,,,,False,,online,18.0
v6_v6_t0r0e1x0,000688.SH,2025-06-10,DownTrend,Shock,2025-06-10 13:50:00+08:00,2025-06-10 13:50:00+08:00,33,,,,False,,online,21.0
v6_v6_t0r0e1x0,000688.SH,2025-06-11,DownTrend,Range,2025-06-11 11:30:00+08:00,2025-06-11 11:30:00+08:00,23,,,,False,,online,11.0
v6_v6_t0r0e1x0,000688.SH,2025-06-11,Range,Shock,2025-06-11 13:15:00+08:00,2025-06-11 13:15:00+08:00,26,,,,False,,online,14.0
v6_v6_t0r0e1x0,000688.SH,2025-06-11,Shock,Range,2025-06-11 14:25:00+08:00,2025-06-11 14:25:00+08:00,40,,,,False,,online,28.0
v6_v6_t0r0e1x0,000688.SH,2025-06-12,Shock,Range,2025-06-12 11:20:00+08:00,2025-06-12 11:20:00+08:00,21,,,,False,,online,9.0
v6_v6_t0r0e1x0,000688.SH,2025-06-16,Shock,DownTrend,2025-06-16 11:15:00+08:00,2025-06-16 11:15:00+08:00,20,,,,False,,online,8.0
v6_v6_t0r0e1x0,000688.SH,2025-06-16,DownTrend,Range,2025-06-16 13:40:00+08:00,2025-06-16 13:40:00+08:00,31,,,,False,,online,19.0
v6_v6_t0r0e1x0,000688.SH,2025-06-17,DownTrend,Range,2025-06-17 13:30:00+08:00,2025-06-17 13:30:00+08:00,29,,,,False,,online,17.0
v6_v6_t0r0e1x0,000688.SH,2025-06-18,DownTrend,UpTrend,2025-06-18 13:25:00+08:00,2025-06-18 13:25:00+08:00,28,,,,False,,online,16.0
v6_v6_t0r0e1x0,000688.SH,2025-06-18,UpTrend,Shock,2025-06-18 13:55:00+08:00,2025-06-18 13:55:00+08:00,34,,,,True,16,online,22.0
v6_v6_t0r0e1x0,000688.SH,2025-06-19,DownTrend,Range,2025-06-19 13:55:00+08:00,2025-06-19 13:55:00+08:00,34,,,,False,,online,22.0
v6_v6_t0r0e1x0,000688.SH,2025-06-20,Shock,DownTrend,2025-06-20 11:25:00+08:00,2025-06-20 11:25:00+08:00,22,,,,False,,online,10.0
v6_v6_t0r0e1x0,000688.SH,2025-06-20,DownTrend,Range,2025-06-20 13:45:00+08:00,2025-06-20 13:45:00+08:00,32,,,,False,,online,20.0
v6_v6_t0r0e1x0,000688.SH,2025-06-23,Shock,Range,2025-06-23 13:40:00+08:00,2025-06-23 13:40:00+08:00,31,,,,True,17,online,19.0
v6_v6_t0r0e1x0,000688.SH,2025-06-23,Range,UpTrend,2025-06-23 14:15:00+08:00,2025-06-23 14:15:00+08:00,38,,,,False,,online,26.0
v6_v6_t0r0e1x0,000688.SH,2025-06-24,Shock,Range,2025-06-24 13:10:00+08:00,2025-06-24 13:10:00+08:00,25,,,,False,,online,13.0
v6_v6_t0r0e1x0,000688.SH,2025-06-25,Shock,UpTrend,2025-06-25 13:25:00+08:00,2025-06-25 13:25:00+08:00,28,,,,False,,online,16.0
v6_v6_t0r0e1x0,000688.SH,2025-06-26,Shock,Range,2025-06-26 13:20:00+08:00,2025-06-26 13:20:00+08:00,27,,,,False,,online,15.0
v6_v6_t0r0e1x0,000688.SH,2025-06-26,Range,DownTrend,2025-06-26 13:55:00+08:00,2025-06-26 13:55:00+08:00,34,,,,True,18,online,22.0
v6_v6_t0r0e1x0,000688.SH,2025-06-27,Shock,Range,2025-06-27 13:55:00+08:00,2025-06-27 13:55:00+08:00,34,,,,False,,online,22.0
v6_v6_t0r0e1x0,000688.SH,2025-06-27,Range,DownTrend,2025-06-27 14:30:00+08:00,2025-06-27 14:30:00+08:00,41,,,,False,,online,29.0
v6_v6_t0r0e1x0,000688.SH,2025-06-30,Range,UpTrend,2025-06-30 13:35:00+08:00,2025-06-30 13:35:00+08:00,30,,,,False,,online,18.0
v6_v6_t0r0e1x0,000688.SH,2025-06-30,UpTrend,Range,2025-06-30 13:55:00+08:00,2025-06-30 13:55:00+08:00,34,,,,False,,online,22.0
v6_v6_t0r0e1x0,000688.SH,2025-07-01,Shock,DownTrend,2025-07-01 11:25:00+08:00,2025-07-01 11:25:00+08:00,22,,,,False,,online,10.0
v6_v6_t0r0e1x0,000688.SH,2025-07-01,DownTrend,Range,2025-07-01 13:35:00+08:00,2025-07-01 13:35:00+08:00,30,,,,False,,online,18.0
v6_v6_t0r0e1x0,000688.SH,2025-07-01,Range,UpTrend,2025-07-01 14:15:00+08:00,2025-07-01 14:15:00+08:00,38,,,,False,,online,26.0
v6_v6_t0r0e1x0,000688.SH,2025-07-02,Range,DownTrend,2025-07-02 13:45:00+08:00,2025-07-02 13:45:00+08:00,32,,,,False,,online,20.0
v6_v6_t0r0e1x0,000688.SH,2025-07-04,UpTrend,Shock,2025-07-04 13:40:00+08:00,2025-07-04 13:40:00+08:00,31,,,,False,,online,19.0
v6_v6_t0r0e1x0,000688.SH,2025-07-04,Shock,DownTrend,2025-07-04 14:30:00+08:00,2025-07-04 14:30:00+08:00,41,,,,False,,online,29.0
v6_v6_t0r0e1x0,000688.SH,2025-07-08,UpTrend,Range,2025-07-08 13:50:00+08:00,2025-07-08 13:50:00+08:00,33,,,,False,,online,21.0
v6_v6_t0r0e1x0,000688.SH,2025-07-09,Range,DownTrend,2025-07-09 14:15:00+08:00,2025-07-09 14:15:00+08:00,38,,,,False,,online,26.0
v6_v6_t0r0e1x0,000688.SH,2025-07-10,Range,DownTrend,2025-07-10 11:30:00+08:00,2025-07-10 11:30:00+08:00,23,,,,False,,online,11.0
v6_v6_t0r0e1x0,000688.SH,2025-07-10,DownTrend,Range,2025-07-10 13:20:00+08:00,2025-07-10 13:20:00+08:00,27,,,,False,,online,15.0
v6_v6_t0r0e1x0,000688.SH,2025-07-14,Range,DownTrend,2025-07-14 11:05:00+08:00,2025-07-14 11:05:00+08:00,18,,,,False,,online,6.0
v6_v6_t0r0e1x0,000688.SH,2025-07-14,DownTrend,Range,2025-07-14 13:55:00+08:00,2025-07-14 13:55:00+08:00,34,,,,False,,online,22.0
v6_v6_t0r0e1x0,000688.SH,2025-07-15,Shock,DownTrend,2025-07-15 13:10:00+08:00,2025-07-15 13:10:00+08:00,25,,,,True,19,online,13.0
v6_v6_t0r0e1x0,000688.SH,2025-07-15,DownTrend,Range,2025-07-15 13:50:00+08:00,2025-07-15 13:50:00+08:00,33,,,,False,,online,21.0
v6_v6_t0r0e1x0,000688.SH,2025-07-15,Range,UpTrend,2025-07-15 14:20:00+08:00,2025-07-15 14:20:00+08:00,39,,,,False,,online,27.0
v6_v6_t0r0e1x0,000688.SH,2025-07-16,Shock,DownTrend,2025-07-16 11:10:00+08:00,2025-07-16 11:10:00+08:00,19,,,,False,,online,7.0
v6_v6_t0r0e1x0,000688.SH,2025-07-16,DownTrend,Range,2025-07-16 13:15:00+08:00,2025-07-16 13:15:00+08:00,26,,,,False,,online,14.0
v6_v6_t0r0e1x0,000688.SH,2025-07-17,Range,UpTrend,2025-07-17 13:05:00+08:00,2025-07-17 13:05:00+08:00,24,,,,False,,online,12.0
v6_v6_t0r0e1x0,000688.SH,2025-07-18,Shock,Range,2025-07-18 13:05:00+08:00,2025-07-18 13:05:00+08:00,24,,,,False,,online,12.0
v6_v6_t0r0e1x0,000688.SH,2025-07-21,Range,DownTrend,2025-07-21 11:20:00+08:00,2025-07-21 11:20:00+08:00,21,,,,False,,online,9.0
v6_v6_t0r0e1x0,000688.SH,2025-07-21,DownTrend,Range,2025-07-21 13:25:00+08:00,2025-07-21 13:25:00+08:00,28,,,,False,,online,16.0
v6_v6_t0r0e1x0,000688.SH,2025-07-22,Shock,UpTrend,2025-07-22 13:05:00+08:00,2025-07-22 13:05:00+08:00,24,,,,False,,online,12.0
v6_v6_t0r0e1x0,000688.SH,2025-07-22,UpTrend,Range,2025-07-22 13:35:00+08:00,2025-07-22 13:35:00+08:00,30,,,,False,,online,18.0
v6_v6_t0r0e1x0,000688.SH,2025-07-22,Range,DownTrend,2025-07-22 14:10:00+08:00,2025-07-22 14:10:00+08:00,37,,,,False,,online,25.0
v6_v6_t0r0e1x0,000688.SH,2025-07-23,Shock,Range,2025-07-23 11:10:00+08:00,2025-07-23 11:10:00+08:00,19,,,,False,,online,7.0
v6_v6_t0r0e1x0,000688.SH,2025-07-23,Range,UpTrend,2025-07-23 13:10:00+08:00,2025-07-23 13:10:00+08:00,25,,,,False,,online,13.0
v6_v6_t0r0e1x0,000688.SH,2025-07-23,UpTrend,Shock,2025-07-23 13:40:00+08:00,2025-07-23 13:40:00+08:00,31,,,,True,20,online,19.0
v6_v6_t0r0e1x0,000688.SH,2025-07-24,Range,Shock,2025-07-24 13:50:00+08:00,2025-07-24 13:50:00+08:00,33,,,,False,,online,21.0
v6_v6_t0r0e1x0,000688.SH,2025-07-25,Shock,Range,2025-07-25 13:05:00+08:00,2025-07-25 13:05:00+08:00,24,,,,False,,online,12.0
v6_v6_t0r0e1x0,000688.SH,2025-07-25,Range,UpTrend,2025-07-25 13:40:00+08:00,2025-07-25 13:40:00+08:00,31,,,,True,21,online,19.0
v6_v6_t0r0e1x0,000688.SH,2025-07-28,Range,Shock,2025-07-28 11:30:00+08:00,2025-07-28 11:30:00+08:00,23,,,,False,,online,11.0
v6_v6_t0r0e1x0,000688.SH,2025-07-28,Shock,Range,2025-07-28 14:20:00+08:00,2025-07-28 14:20:00+08:00,39,,,,False,,online,27.0
v6_v6_t0r0e1x0,000688.SH,2025-07-30,Shock,DownTrend,2025-07-30 13:30:00+08:00,2025-07-30 13:30:00+08:00,29,,,,False,,online,17.0
v6_v6_t0r0e1x0,000688.SH,2025-07-30,DownTrend,Shock,2025-07-30 14:15:00+08:00,2025-07-30 14:15:00+08:00,38,,,,True,22,online,26.0
v6_v6_t0r0e1x0,000688.SH,2025-07-31,Range,Shock,2025-07-31 13:10:00+08:00,2025-07-31 13:10:00+08:00,25,,,,False,,online,13.0
v6_v6_t0r0e1x0,000688.SH,2025-08-01,DownTrend,Shock,2025-08-01 14:00:00+08:00,2025-08-01 14:00:00+08:00,35,,,,False,,online,23.0
v6_v6_t0r0e1x0,000688.SH,2025-08-05,Range,UpTrend,2025-08-05 13:55:00+08:00,2025-08-05 13:55:00+08:00,34,,,,True,23,online,22.0
v6_v6_t0r0e1x0,000688.SH,2025-08-06,UpTrend,Range,2025-08-06 13:40:00+08:00,2025-08-06 13:40:00+08:00,31,,,,False,,online,19.0
v6_v6_t0r0e1x0,000688.SH,2025-08-07,Shock,UpTrend,2025-08-07 13:10:00+08:00,2025-08-07 13:10:00+08:00,25,,,,False,,online,13.0
v6_v6_t0r0e1x0,000688.SH,2025-08-07,UpTrend,Range,2025-08-07 14:25:00+08:00,2025-08-07 14:25:00+08:00,40,,,,False,,online,28.0
v6_v6_t0r0e1x0,000688.SH,2025-08-08,UpTrend,Range,2025-08-08 11:20:00+08:00,2025-08-08 11:20:00+08:00,21,,,,False,,online,9.0
v6_v6_t0r0e1x0,000688.SH,2025-08-13,Shock,Range,2025-08-13 13:25:00+08:00,2025-08-13 13:25:00+08:00,28,,,,False,,online,16.0
v6_v6_t0r0e1x0,000688.SH,2025-08-15,Shock,Range,2025-08-15 14:15:00+08:00,2025-08-15 14:15:00+08:00,38,,,,False,,online,26.0
v6_v6_t0r0e1x0,000688.SH,2025-08-19,Shock,Range,2025-08-19 13:20:00+08:00,2025-08-19 13:20:00+08:00,27,,,,False,,online,15.0
v6_v6_t0r0e1x0,000688.SH,2025-08-19,Range,DownTrend,2025-08-19 14:05:00+08:00,2025-08-19 14:05:00+08:00,36,,,,False,,online,24.0
v6_v6_t0r0e1x0,000688.SH,2025-08-21,Shock,DownTrend,2025-08-21 14:20:00+08:00,2025-08-21 14:20:00+08:00,39,,,,True,24,online,27.0
v6_v6_t0r0e1x0,000688.SH,2025-08-26,Range,UpTrend,2025-08-26 13:05:00+08:00,2025-08-26 13:05:00+08:00,24,,,,False,,online,12.0
v6_v6_t0r0e1x0,000688.SH,2025-08-26,UpTrend,Shock,2025-08-26 13:20:00+08:00,2025-08-26 13:20:00+08:00,27,,,,False,,online,15.0
v6_v6_t0r0e1x0,000688.SH,2025-08-26,Shock,Range,2025-08-26 13:55:00+08:00,2025-08-26 13:55:00+08:00,34,,,,False,,online,22.0
v6_v6_t0r0e1x0,000688.SH,2025-08-26,Range,UpTrend,2025-08-26 14:20:00+08:00,2025-08-26 14:20:00+08:00,39,,,,False,,online,27.0
v6_v6_t0r0e1x0,000688.SH,2025-08-29,DownTrend,Range,2025-08-29 14:25:00+08:00,2025-08-29 14:25:00+08:00,40,,,,True,25,online,28.0
v6_v6_t0r0e1x0,000688.SH,2025-09-01,Shock,UpTrend,2025-09-01 14:15:00+08:00,2025-09-01 14:15:00+08:00,38,,,,False,,online,26.0
v6_v6_t0r0e1x0,000688.SH,2025-09-03,Shock,DownTrend,2025-09-03 13:25:00+08:00,2025-09-03 13:25:00+08:00,28,,,,False,,online,16.0
v6_v6_t0r0e1x0,000688.SH,2025-09-03,DownTrend,Range,2025-09-03 14:00:00+08:00,2025-09-03 14:00:00+08:00,35,,,,False,,online,23.0
v6_v6_t0r0e1x0,000688.SH,2025-09-04,Shock,Range,2025-09-04 13:45:00+08:00,2025-09-04 13:45:00+08:00,32,,,,False,,online,20.0
v6_v6_t0r0e1x0,000688.SH,2025-09-04,Range,DownTrend,2025-09-04 14:20:00+08:00,2025-09-04 14:20:00+08:00,39,,,,False,,online,27.0
v6_v6_t0r0e1x0,000688.SH,2025-09-05,UpTrend,Range,2025-09-05 13:10:00+08:00,2025-09-05 13:10:00+08:00,25,,,,False,,online,13.0
v6_v6_t0r0e1x0,000688.SH,2025-09-05,Range,UpTrend,2025-09-05 14:15:00+08:00,2025-09-05 14:15:00+08:00,38,,,,False,,online,26.0
v6_v6_t0r0e1x0,000688.SH,2025-09-09,Range,DownTrend,2025-09-09 13:25:00+08:00,2025-09-09 13:25:00+08:00,28,,,,False,,online,16.0
v6_v6_t0r0e1x0,000688.SH,2025-09-09,DownTrend,Range,2025-09-09 14:05:00+08:00,2025-09-09 14:05:00+08:00,36,,,,False,,online,24.0
v6_v6_t0r0e1x0,000688.SH,2025-09-10,DownTrend,Range,2025-09-10 11:15:00+08:00,2025-09-10 11:15:00+08:00,20,,,,False,,online,8.0
v6_v6_t0r0e1x0,000688.SH,2025-09-10,Range,UpTrend,2025-09-10 13:20:00+08:00,2025-09-10 13:20:00+08:00,27,,,,False,,online,15.0
v6_v6_t0r0e1x0,000688.SH,2025-09-10,UpTrend,Range,2025-09-10 13:55:00+08:00,2025-09-10 13:55:00+08:00,34,,,,False,,online,22.0
v6_v6_t0r0e1x0,000688.SH,2025-09-11,UpTrend,Shock,2025-09-11 11:30:00+08:00,2025-09-11 11:30:00+08:00,23,,,,False,,online,11.0
v6_v6_t0r0e1x0,000688.SH,2025-09-12,Shock,Range,2025-09-12 13:15:00+08:00,2025-09-12 13:15:00+08:00,26,,,,False,,online,14.0
v6_v6_t0r0e1x0,000688.SH,2025-09-16,Shock,Range,2025-09-16 13:20:00+08:00,2025-09-16 13:20:00+08:00,27,,,,False,,online,15.0
v6_v6_t0r0e1x0,000688.SH,2025-09-17,Shock,Range,2025-09-17 11:15:00+08:00,2025-09-17 11:15:00+08:00,20,,,,False,,online,8.0
v6_v6_t0r0e1x0,000688.SH,2025-09-18,Shock,DownTrend,2025-09-18 14:00:00+08:00,2025-09-18 14:00:00+08:00,35,,,,True,26,online,23.0
v6_v6_t0r0e1x0,000688.SH,2025-09-18,DownTrend,Shock,2025-09-18 14:30:00+08:00,2025-09-18 14:30:00+08:00,41,,,,False,,online,29.0
v6_v6_t0r0e1x0,000688.SH,2025-09-19,Range,DownTrend,2025-09-19 13:50:00+08:00,2025-09-19 13:50:00+08:00,33,,,,False,,online,21.0
v6_v6_t0r0e1x0,000688.SH,2025-09-22,Range,Shock,2025-09-22 13:10:00+08:00,2025-09-22 13:10:00+08:00,25,,,,False,,online,13.0
v6_v6_t0r0e1x0,000688.SH,2025-09-23,Shock,Range,2025-09-23 13:40:00+08:00,2025-09-23 13:40:00+08:00,31,,,,False,,online,19.0
v6_v6_t0r0e1x0,000688.SH,2025-09-24,UpTrend,Shock,2025-09-24 13:15:00+08:00,2025-09-24 13:15:00+08:00,26,,,,False,,online,14.0
v6_v6_t0r0e1x0,000688.SH,2025-09-26,Shock,Range,2025-09-26 13:15:00+08:00,2025-09-26 13:15:00+08:00,26,,,,False,,online,14.0
v6_v6_t0r0e1x0,000688.SH,2025-09-29,Shock,Range,2025-09-29 11:10:00+08:00,2025-09-29 11:10:00+08:00,19,,,,False,,online,7.0
v6_v6_t0r0e1x0,000688.SH,2025-09-29,Range,UpTrend,2025-09-29 14:10:00+08:00,2025-09-29 14:10:00+08:00,37,,,,False,,online,25.0
v6_v6_t0r0e1x0,000688.SH,2025-09-30,Range,UpTrend,2025-09-30 13:30:00+08:00,2025-09-30 13:30:00+08:00,29,,,,False,,online,17.0
v6_v6_t0r0e1x0,000688.SH,2025-09-30,UpTrend,DownTrend,2025-09-30 13:55:00+08:00,2025-09-30 13:55:00+08:00,34,,,,False,,online,22.0
v6_v6_t0r0e1x0,000688.SH,2025-09-30,DownTrend,Range,2025-09-30 14:20:00+08:00,2025-09-30 14:20:00+08:00,39,,,,False,,online,27.0
v6_v6_t0r0e1x0,000688.SH,2025-10-09,Shock,Range,2025-10-09 13:10:00+08:00,2025-10-09 13:10:00+08:00,25,,,,False,,online,13.0
v6_v6_t0r0e1x0,000688.SH,2025-10-09,Range,Shock,2025-10-09 14:00:00+08:00,2025-10-09 14:00:00+08:00,35,,,,False,,online,23.0
v6_v6_t0r0e1x0,000688.SH,2025-10-10,Shock,DownTrend,2025-10-10 11:10:00+08:00,2025-10-10 11:10:00+08:00,19,,,,False,,online,7.0
v6_v6_t0r0e1x0,000688.SH,2025-10-10,DownTrend,Range,2025-10-10 13:50:00+08:00,2025-10-10 13:50:00+08:00,33,,,,False,,online,21.0
v6_v6_t0r0e1x0,000688.SH,2025-10-13,Shock,DownTrend,2025-10-13 13:10:00+08:00,2025-10-13 13:10:00+08:00,25,,,,True,27,online,13.0
v6_v6_t0r0e1x0,000688.SH,2025-10-13,DownTrend,UpTrend,2025-10-13 14:10:00+08:00,2025-10-13 14:10:00+08:00,37,,,,False,,online,25.0
v6_v6_t0r0e1x0,000688.SH,2025-10-14,Shock,Range,2025-10-14 11:30:00+08:00,2025-10-14 11:30:00+08:00,23,,,,False,,online,11.0
v6_v6_t0r0e1x0,000688.SH,2025-10-14,Range,Shock,2025-10-14 13:25:00+08:00,2025-10-14 13:25:00+08:00,28,,,,False,,online,16.0
v6_v6_t0r0e1x0,000688.SH,2025-10-14,Shock,Range,2025-10-14 14:20:00+08:00,2025-10-14 14:20:00+08:00,39,,,,False,,online,27.0
v6_v6_t0r0e1x0,000688.SH,2025-10-15,Range,DownTrend,2025-10-15 11:25:00+08:00,2025-10-15 11:25:00+08:00,22,,,,False,,online,10.0
v6_v6_t0r0e1x0,000688.SH,2025-10-15,DownTrend,UpTrend,2025-10-15 13:35:00+08:00,2025-10-15 13:35:00+08:00,30,,,,True,28,online,18.0
v6_v6_t0r0e1x0,000688.SH,2025-10-15,UpTrend,Range,2025-10-15 14:10:00+08:00,2025-10-15 14:10:00+08:00,37,,,,False,,online,25.0
v6_v6_t0r0e1x0,000688.SH,2025-10-16,UpTrend,Range,2025-10-16 11:25:00+08:00,2025-10-16 11:25:00+08:00,22,,,,False,,online,10.0
v6_v6_t0r0e1x0,000688.SH,2025-10-16,Range,DownTrend,2025-10-16 13:30:00+08:00,2025-10-16 13:30:00+08:00,29,,,,False,,online,17.0
v6_v6_t0r0e1x0,000688.SH,2025-10-16,DownTrend,Range,2025-10-16 14:30:00+08:00,2025-10-16 14:30:00+08:00,41,,,,False,,online,29.0
v6_v6_t0r0e1x0,000688.SH,2025-10-20,Range,DownTrend,2025-10-20 11:15:00+08:00,2025-10-20 11:15:00+08:00,20,,,,False,,online,8.0
v6_v6_t0r0e1x0,000688.SH,2025-10-20,DownTrend,Range,2025-10-20 14:25:00+08:00,2025-10-20 14:25:00+08:00,40,,,,False,,online,28.0
v6_v6_t0r0e1x0,000688.SH,2025-10-21,UpTrend,Range,2025-10-21 13:15:00+08:00,2025-10-21 13:15:00+08:00,26,,,,False,,online,14.0
v6_v6_t0r0e1x0,000688.SH,2025-10-22,UpTrend,Range,2025-10-22 11:20:00+08:00,2025-10-22 11:20:00+08:00,21,,,,False,,online,9.0
v6_v6_t0r0e1x0,000688.SH,2025-10-22,Range,UpTrend,2025-10-22 13:40:00+08:00,2025-10-22 13:40:00+08:00,31,,,,False,,online,19.0
v6_v6_t0r0e1x0,000688.SH,2025-10-22,UpTrend,Shock,2025-10-22 13:50:00+08:00,2025-10-22 13:50:00+08:00,33,,,,False,,online,21.0
v6_v6_t0r0e1x0,000688.SH,2025-10-23,Range,UpTrend,2025-10-23 14:15:00+08:00,2025-10-23 14:15:00+08:00,38,,,,False,,online,26.0
v6_v6_t0r0e1x0,000688.SH,2025-10-27,Shock,Range,2025-10-27 11:15:00+08:00,2025-10-27 11:15:00+08:00,20,,,,False,,online,8.0
v6_v6_t0r0e1x0,000688.SH,2025-10-27,Range,UpTrend,2025-10-27 13:20:00+08:00,2025-10-27 13:20:00+08:00,27,,,,False,,online,15.0
v6_v6_t0r0e1x0,000688.SH,2025-10-27,UpTrend,Range,2025-10-27 14:10:00+08:00,2025-10-27 14:10:00+08:00,37,,,,False,,online,25.0
v6_v6_t0r0e1x0,000688.SH,2025-10-28,Range,DownTrend,2025-10-28 13:25:00+08:00,2025-10-28 13:25:00+08:00,28,,,,False,,online,16.0
v6_v6_t0r0e1x0,000688.SH,2025-10-28,DownTrend,Shock,2025-10-28 14:00:00+08:00,2025-10-28 14:00:00+08:00,35,,,,False,,online,23.0
v6_v6_t0r0e1x0,000688.SH,2025-10-29,Shock,Range,2025-10-29 13:20:00+08:00,2025-10-29 13:20:00+08:00,27,,,,False,,online,15.0
v6_v6_t0r0e1x0,000688.SH,2025-10-29,Range,UpTrend,2025-10-29 14:20:00+08:00,2025-10-29 14:20:00+08:00,39,,,,False,,online,27.0
v6_v6_t0r0e1x0,000688.SH,2025-10-30,Shock,Range,2025-10-30 11:20:00+08:00,2025-10-30 11:20:00+08:00,21,,,,False,,online,9.0
v6_v6_t0r0e1x0,000688.SH,2025-10-30,Range,Shock,2025-10-30 13:10:00+08:00,2025-10-30 13:10:00+08:00,25,,,,False,,online,13.0
v6_v6_t0r0e1x0,000688.SH,2025-10-31,Shock,Range,2025-10-31 13:05:00+08:00,2025-10-31 13:05:00+08:00,24,,,,False,,online,12.0
v6_v6_t0r0e1x0,000688.SH,2025-11-03,UpTrend,Range,2025-11-03 14:20:00+08:00,2025-11-03 14:20:00+08:00,39,,,,False,,online,27.0
v6_v6_t0r0e1x0,000688.SH,2025-11-05,Range,UpTrend,2025-11-05 14:20:00+08:00,2025-11-05 14:20:00+08:00,39,,,,False,,online,27.0
v6_v6_t0r0e1x0,000688.SH,2025-11-06,Shock,Range,2025-11-06 13:35:00+08:00,2025-11-06 13:35:00+08:00,30,,,,False,,online,18.0
v6_v6_t0r0e1x0,000688.SH,2025-11-06,Range,UpTrend,2025-11-06 14:10:00+08:00,2025-11-06 14:10:00+08:00,37,,,,False,,online,25.0
v6_v6_t0r0e1x0,000688.SH,2025-11-07,Range,DownTrend,2025-11-07 14:20:00+08:00,2025-11-07 14:20:00+08:00,39,,,,False,,online,27.0
v6_v6_t0r0e1x0,000688.SH,2025-11-10,Shock,Range,2025-11-10 13:20:00+08:00,2025-11-10 13:20:00+08:00,27,,,,False,,online,15.0
v6_v6_t0r0e1x0,000688.SH,2025-11-11,DownTrend,Range,2025-11-11 11:30:00+08:00,2025-11-11 11:30:00+08:00,23,,,,False,,online,11.0
v6_v6_t0r0e1x0,000688.SH,2025-11-12,DownTrend,Range,2025-11-12 13:30:00+08:00,2025-11-12 13:30:00+08:00,29,,,,False,,online,17.0
v6_v6_t0r0e1x0,000688.SH,2025-11-13,Range,DownTrend,2025-11-13 14:10:00+08:00,2025-11-13 14:10:00+08:00,37,,,,False,,online,25.0
v6_v6_t0r0e1x0,000688.SH,2025-11-19,Shock,DownTrend,2025-11-19 11:15:00+08:00,2025-11-19 11:15:00+08:00,20,,,,False,,online,8.0
v6_v6_t0r0e1x0,000688.SH,2025-11-19,DownTrend,Range,2025-11-19 13:55:00+08:00,2025-11-19 13:55:00+08:00,34,,,,True,29,online,22.0
v6_v6_t0r0e1x0,000688.SH,2025-11-20,Range,DownTrend,2025-11-20 14:15:00+08:00,2025-11-20 14:15:00+08:00,38,,,,True,30,online,26.0
v6_v6_t0r0e1x0,000688.SH,2025-11-24,Shock,DownTrend,2025-11-24 13:10:00+08:00,2025-11-24 13:10:00+08:00,25,,,,False,,online,13.0
v6_v6_t0r0e1x0,000688.SH,2025-11-24,DownTrend,UpTrend,2025-11-24 13:45:00+08:00,2025-11-24 13:45:00+08:00,32,,,,True,31,online,20.0
v6_v6_t0r0e1x0,000688.SH,2025-11-25,UpTrend,DownTrend,2025-11-25 13:15:00+08:00,2025-11-25 13:15:00+08:00,26,,,,False,,online,14.0
v6_v6_t0r0e1x0,000688.SH,2025-11-25,DownTrend,Range,2025-11-25 14:20:00+08:00,2025-11-25 14:20:00+08:00,39,,,,False,,online,27.0
v6_v6_t0r0e1x0,000688.SH,2025-11-26,Shock,Range,2025-11-26 11:15:00+08:00,2025-11-26 11:15:00+08:00,20,,,,False,,online,8.0
v6_v6_t0r0e1x0,000688.SH,2025-11-26,Range,Shock,2025-11-26 13:15:00+08:00,2025-11-26 13:15:00+08:00,26,,,,False,,online,14.0
v6_v6_t0r0e1x0,000688.SH,2025-11-26,Shock,DownTrend,2025-11-26 14:20:00+08:00,2025-11-26 14:20:00+08:00,39,,,,False,,online,27.0
v6_v6_t0r0e1x0,000688.SH,2025-11-27,Shock,Range,2025-11-27 14:10:00+08:00,2025-11-27 14:10:00+08:00,37,,,,False,,online,25.0
v6_v6_t0r0e1x0,000688.SH,2025-11-28,Shock,Range,2025-11-28 11:20:00+08:00,2025-11-28 11:20:00+08:00,21,,,,False,,online,9.0
v6_v6_t0r0e1x0,000688.SH,2025-12-02,DownTrend,Range,2025-12-02 14:00:00+08:00,2025-12-02 14:00:00+08:00,35,,,,False,,online,23.0
v6_v6_t0r0e1x0,000688.SH,2025-12-03,Shock,Range,2025-12-03 13:05:00+08:00,2025-12-03 13:05:00+08:00,24,,,,False,,online,12.0
v6_v6_t0r0e1x0,000688.SH,2025-12-03,Range,DownTrend,2025-12-03 14:10:00+08:00,2025-12-03 14:10:00+08:00,37,,,,False,,online,25.0
v6_v6_t0r0e1x0,000688.SH,2025-12-04,Shock,Range,2025-12-04 14:10:00+08:00,2025-12-04 14:10:00+08:00,37,,,,False,,online,25.0
v6_v6_t0r0e1x0,000688.SH,2025-12-08,Shock,Range,2025-12-08 11:25:00+08:00,2025-12-08 11:25:00+08:00,22,,,,False,,online,10.0
v6_v6_t0r0e1x0,000688.SH,2025-12-09,Shock,Range,2025-12-09 13:35:00+08:00,2025-12-09 13:35:00+08:00,30,,,,False,,online,18.0
v6_v6_t0r0e1x0,000688.SH,2025-12-09,Range,DownTrend,2025-12-09 13:55:00+08:00,2025-12-09 13:55:00+08:00,34,,,,False,,online,22.0
v6_v6_t0r0e1x0,000688.SH,2025-12-09,DownTrend,Range,2025-12-09 14:25:00+08:00,2025-12-09 14:25:00+08:00,40,,,,False,,online,28.0
v6_v6_t0r0e1x0,000688.SH,2025-12-10,Range,UpTrend,2025-12-10 11:10:00+08:00,2025-12-10 11:10:00+08:00,19,,,,False,,online,7.0
v6_v6_t0r0e1x0,000688.SH,2025-12-10,UpTrend,Range,2025-12-10 13:10:00+08:00,2025-12-10 13:10:00+08:00,25,,,,False,,online,13.0
v6_v6_t0r0e1x0,000688.SH,2025-12-10,Range,UpTrend,2025-12-10 14:25:00+08:00,2025-12-10 14:25:00+08:00,40,,,,False,,online,28.0
v6_v6_t0r0e1x0,000688.SH,2025-12-11,Range,DownTrend,2025-12-11 13:15:00+08:00,2025-12-11 13:15:00+08:00,26,,,,False,,online,14.0
v6_v6_t0r0e1x0,000688.SH,2025-12-11,DownTrend,Range,2025-12-11 14:10:00+08:00,2025-12-11 14:10:00+08:00,37,,,,False,,online,25.0
v6_v6_t0r0e1x0,000688.SH,2025-12-12,Shock,UpTrend,2025-12-12 11:10:00+08:00,2025-12-12 11:10:00+08:00,19,,,,False,,online,7.0
v6_v6_t0r0e1x0,000688.SH,2025-12-12,UpTrend,Shock,2025-12-12 13:10:00+08:00,2025-12-12 13:10:00+08:00,25,,,,False,,online,13.0
v6_v6_t0r0e1x0,000688.SH,2025-12-12,Shock,Range,2025-12-12 14:20:00+08:00,2025-12-12 14:20:00+08:00,39,,,,False,,online,27.0
v6_v6_t0r0e1x0,000688.SH,2025-12-15,Range,DownTrend,2025-12-15 13:35:00+08:00,2025-12-15 13:35:00+08:00,30,,,,True,32,online,18.0
v6_v6_t0r0e1x0,000688.SH,2025-12-16,Shock,DownTrend,2025-12-16 13:15:00+08:00,2025-12-16 13:15:00+08:00,26,,,,False,,online,14.0
v6_v6_t0r0e1x0,000688.SH,2025-12-16,DownTrend,Shock,2025-12-16 14:00:00+08:00,2025-12-16 14:00:00+08:00,35,,,,False,,online,23.0
v6_v6_t0r0e1x0,000688.SH,2025-12-17,Shock,UpTrend,2025-12-17 11:10:00+08:00,2025-12-17 11:10:00+08:00,19,,,,False,,online,7.0
v6_v6_t0r0e1x0,000688.SH,2025-12-17,UpTrend,Range,2025-12-17 13:05:00+08:00,2025-12-17 13:05:00+08:00,24,,,,False,,online,12.0
v6_v6_t0r0e1x0,000688.SH,2025-12-17,Range,UpTrend,2025-12-17 14:05:00+08:00,2025-12-17 14:05:00+08:00,36,,,,True,33,online,24.0
v6_v6_t0r0e1x0,000688.SH,2025-12-18,Range,DownTrend,2025-12-18 14:20:00+08:00,2025-12-18 14:20:00+08:00,39,,,,False,,online,27.0
v6_v6_t0r0e1x0,000688.SH,2025-12-19,Shock,Range,2025-12-19 13:15:00+08:00,2025-12-19 13:15:00+08:00,26,,,,False,,online,14.0
v6_v6_t0r0e1x0,000688.SH,2025-12-19,Range,DownTrend,2025-12-19 13:40:00+08:00,2025-12-19 13:40:00+08:00,31,,,,True,34,online,19.0
v6_v6_t0r0e1x0,000688.SH,2025-12-22,Range,UpTrend,2025-12-22 11:25:00+08:00,2025-12-22 11:25:00+08:00,22,,,,False,,online,10.0
v6_v6_t0r0e1x0,000688.SH,2025-12-22,UpTrend,Range,2025-12-22 14:00:00+08:00,2025-12-22 14:00:00+08:00,35,,,,False,,online,23.0
v6_v6_t0r0e1x0,000688.SH,2025-12-22,Range,UpTrend,2025-12-22 14:20:00+08:00,2025-12-22 14:20:00+08:00,39,,,,False,,online,27.0
v6_v6_t0r0e1x0,000688.SH,2025-12-24,Range,UpTrend,2025-12-24 13:15:00+08:00,2025-12-24 13:15:00+08:00,26,,,,False,,online,14.0
v6_v6_t0r0e1x0,000688.SH,2025-12-24,UpTrend,Range,2025-12-24 14:25:00+08:00,2025-12-24 14:25:00+08:00,40,,,,False,,online,28.0
v6_v6_t0r0e1x0,000688.SH,2025-12-25,Range,UpTrend,2025-12-25 13:40:00+08:00,2025-12-25 13:40:00+08:00,31,,,,False,,online,19.0
v6_v6_t0r0e1x0,000688.SH,2025-12-25,UpTrend,Range,2025-12-25 14:25:00+08:00,2025-12-25 14:25:00+08:00,40,,,,False,,online,28.0
v6_v6_t0r0e1x0,000688.SH,2025-12-26,Range,DownTrend,2025-12-26 13:45:00+08:00,2025-12-26 13:45:00+08:00,32,,,,False,,online,20.0
v6_v6_t0r0e1x0,000688.SH,2025-12-26,DownTrend,Range,2025-12-26 14:25:00+08:00,2025-12-26 14:25:00+08:00,40,,,,False,,online,28.0
v6_v6_t0r0e1x0,000688.SH,2025-12-29,Range,DownTrend,2025-12-29 13:20:00+08:00,2025-12-29 13:20:00+08:00,27,,,,False,,online,15.0
v6_v6_t0r0e1x0,000688.SH,2025-12-30,DownTrend,Shock,2025-12-30 14:05:00+08:00,2025-12-30 14:05:00+08:00,36,,,,False,,online,24.0
v6_v6_t0r0e1x0,000688.SH,2025-12-31,Shock,Range,2025-12-31 11:20:00+08:00,2025-12-31 11:20:00+08:00,21,,,,False,,online,9.0
v6_v6_t0r0e1x0,000688.SH,2025-12-31,Range,DownTrend,2025-12-31 14:30:00+08:00,2025-12-31 14:30:00+08:00,41,,,,False,,online,29.0
independent_judge_center_v3,000852.SH,2025-01-02,Range,DownTrend,2025-01-02 11:10:00+08:00,2025-01-02 11:15:00+08:00,20,8.0,16.0,2025-01-02 13:25:00+08:00,False,,judge,
independent_judge_center_v3,000852.SH,2025-01-02,DownTrend,Shock,2025-01-02 13:45:00+08:00,2025-01-02 13:50:00+08:00,33,21.0,29.0,2025-01-02 14:30:00+08:00,False,,judge,
independent_judge_center_v3,000852.SH,2025-01-03,Shock,DownTrend,2025-01-03 11:05:00+08:00,2025-01-03 11:10:00+08:00,19,7.0,15.0,2025-01-03 13:20:00+08:00,True,1,judge,
independent_judge_center_v3,000852.SH,2025-01-03,DownTrend,Shock,2025-01-03 13:20:00+08:00,2025-01-03 13:25:00+08:00,28,16.0,24.0,2025-01-03 14:05:00+08:00,False,,judge,
independent_judge_center_v3,000852.SH,2025-01-06,Shock,DownTrend,2025-01-06 11:30:00+08:00,2025-01-06 13:05:00+08:00,24,12.0,20.0,2025-01-06 13:45:00+08:00,False,,judge,
independent_judge_center_v3,000852.SH,2025-01-06,DownTrend,Shock,2025-01-06 13:15:00+08:00,2025-01-06 13:20:00+08:00,27,15.0,23.0,2025-01-06 14:00:00+08:00,False,,judge,
independent_judge_center_v3,000852.SH,2025-01-08,DownTrend,Shock,2025-01-08 13:10:00+08:00,2025-01-08 13:15:00+08:00,26,14.0,22.0,2025-01-08 13:55:00+08:00,True,2,judge,
independent_judge_center_v3,000852.SH,2025-01-10,Range,DownTrend,2025-01-10 11:00:00+08:00,2025-01-10 11:05:00+08:00,18,6.0,14.0,2025-01-10 13:15:00+08:00,False,,judge,
independent_judge_center_v3,000852.SH,2025-01-24,UpTrend,Range,2025-01-24 13:30:00+08:00,2025-01-24 13:35:00+08:00,30,18.0,26.0,2025-01-24 14:15:00+08:00,True,3,judge,
independent_judge_center_v3,000852.SH,2025-02-06,UpTrend,Range,2025-02-06 13:45:00+08:00,2025-02-06 13:50:00+08:00,33,21.0,29.0,2025-02-06 14:30:00+08:00,False,,judge,
independent_judge_center_v3,000852.SH,2025-02-07,UpTrend,DownTrend,2025-02-07 13:40:00+08:00,2025-02-07 13:45:00+08:00,32,20.0,28.0,2025-02-07 14:25:00+08:00,True,4,judge,
independent_judge_center_v3,000852.SH,2025-02-11,UpTrend,Range,2025-02-11 13:25:00+08:00,2025-02-11 13:30:00+08:00,29,17.0,25.0,2025-02-11 14:10:00+08:00,False,,judge,
independent_judge_center_v3,000852.SH,2025-02-18,Range,DownTrend,2025-02-18 13:15:00+08:00,2025-02-18 13:20:00+08:00,27,15.0,23.0,2025-02-18 14:00:00+08:00,True,5,judge,
independent_judge_center_v3,000852.SH,2025-02-27,Shock,DownTrend,2025-02-27 11:25:00+08:00,2025-02-27 11:30:00+08:00,23,11.0,19.0,2025-02-27 13:40:00+08:00,False,,judge,
independent_judge_center_v3,000852.SH,2025-03-05,Shock,Range,2025-03-05 10:55:00+08:00,2025-03-05 11:00:00+08:00,17,5.0,13.0,2025-03-05 13:10:00+08:00,False,,judge,
independent_judge_center_v3,000852.SH,2025-03-06,UpTrend,Range,2025-03-06 13:40:00+08:00,2025-03-06 13:45:00+08:00,32,20.0,28.0,2025-03-06 14:25:00+08:00,True,6,judge,
independent_judge_center_v3,000852.SH,2025-03-13,DownTrend,Range,2025-03-13 13:40:00+08:00,2025-03-13 13:45:00+08:00,32,20.0,28.0,2025-03-13 14:25:00+08:00,False,,judge,
independent_judge_center_v3,000852.SH,2025-03-19,UpTrend,DownTrend,2025-03-19 13:15:00+08:00,2025-03-19 13:20:00+08:00,27,15.0,23.0,2025-03-19 14:00:00+08:00,True,7,judge,
independent_judge_center_v3,000852.SH,2025-03-27,Shock,Range,2025-03-27 13:30:00+08:00,2025-03-27 13:35:00+08:00,30,18.0,26.0,2025-03-27 14:15:00+08:00,False,,judge,
independent_judge_center_v3,000852.SH,2025-03-31,DownTrend,Range,2025-03-31 11:05:00+08:00,2025-03-31 11:10:00+08:00,19,7.0,15.0,2025-03-31 13:20:00+08:00,False,,judge,
independent_judge_center_v3,000852.SH,2025-03-31,Range,Shock,2025-03-31 13:35:00+08:00,2025-03-31 13:40:00+08:00,31,19.0,27.0,2025-03-31 14:20:00+08:00,False,,judge,
independent_judge_center_v3,000852.SH,2025-04-03,DownTrend,Range,2025-04-03 13:15:00+08:00,2025-04-03 13:20:00+08:00,27,15.0,23.0,2025-04-03 14:00:00+08:00,False,,judge,
independent_judge_center_v3,000852.SH,2025-04-07,Shock,DownTrend,2025-04-07 10:55:00+08:00,2025-04-07 11:00:00+08:00,17,5.0,13.0,2025-04-07 13:10:00+08:00,False,,judge,
independent_judge_center_v3,000852.SH,2025-04-07,DownTrend,Shock,2025-04-07 13:30:00+08:00,2025-04-07 13:35:00+08:00,30,18.0,26.0,2025-04-07 14:15:00+08:00,False,,judge,
independent_judge_center_v3,000852.SH,2025-04-09,Shock,UpTrend,2025-04-09 11:25:00+08:00,2025-04-09 11:30:00+08:00,23,11.0,19.0,2025-04-09 13:40:00+08:00,False,,judge,
independent_judge_center_v3,000852.SH,2025-04-11,UpTrend,Range,2025-04-11 13:45:00+08:00,2025-04-11 13:50:00+08:00,33,21.0,29.0,2025-04-11 14:30:00+08:00,True,8,judge,
independent_judge_center_v3,000852.SH,2025-04-14,Range,DownTrend,2025-04-14 11:15:00+08:00,2025-04-14 11:20:00+08:00,21,9.0,17.0,2025-04-14 13:30:00+08:00,True,9,judge,
independent_judge_center_v3,000852.SH,2025-04-14,DownTrend,Range,2025-04-14 13:45:00+08:00,2025-04-14 13:50:00+08:00,33,21.0,29.0,2025-04-14 14:30:00+08:00,True,10,judge,
independent_judge_center_v3,000852.SH,2025-04-16,DownTrend,Range,2025-04-16 11:25:00+08:00,2025-04-16 11:30:00+08:00,23,11.0,19.0,2025-04-16 13:40:00+08:00,False,,judge,
independent_judge_center_v3,000852.SH,2025-04-23,UpTrend,Range,2025-04-23 13:30:00+08:00,2025-04-23 13:35:00+08:00,30,18.0,26.0,2025-04-23 14:15:00+08:00,True,11,judge,
independent_judge_center_v3,000852.SH,2025-05-07,Range,DownTrend,2025-05-07 13:10:00+08:00,2025-05-07 13:15:00+08:00,26,14.0,22.0,2025-05-07 13:55:00+08:00,False,,judge,
independent_judge_center_v3,000852.SH,2025-05-19,Shock,UpTrend,2025-05-19 10:55:00+08:00,2025-05-19 11:00:00+08:00,17,5.0,13.0,2025-05-19 13:10:00+08:00,False,,judge,
independent_judge_center_v3,000852.SH,2025-05-21,Range,UpTrend,2025-05-21 11:20:00+08:00,2025-05-21 11:25:00+08:00,22,10.0,18.0,2025-05-21 13:35:00+08:00,False,,judge,
independent_judge_center_v3,000852.SH,2025-05-26,DownTrend,Range,2025-05-26 13:10:00+08:00,2025-05-26 13:15:00+08:00,26,14.0,22.0,2025-05-26 13:55:00+08:00,False,,judge,
independent_judge_center_v3,000852.SH,2025-06-09,UpTrend,DownTrend,2025-06-09 11:15:00+08:00,2025-06-09 11:20:00+08:00,21,9.0,17.0,2025-06-09 13:30:00+08:00,True,12,judge,
independent_judge_center_v3,000852.SH,2025-06-09,DownTrend,Range,2025-06-09 13:35:00+08:00,2025-06-09 13:40:00+08:00,31,19.0,27.0,2025-06-09 14:20:00+08:00,True,13,judge,
independent_judge_center_v3,000852.SH,2025-06-10,DownTrend,Shock,2025-06-10 13:15:00+08:00,2025-06-10 13:20:00+08:00,27,15.0,23.0,2025-06-10 14:00:00+08:00,True,14,judge,
independent_judge_center_v3,000852.SH,2025-06-18,Range,UpTrend,2025-06-18 11:20:00+08:00,2025-06-18 11:25:00+08:00,22,10.0,18.0,2025-06-18 13:35:00+08:00,True,15,judge,
independent_judge_center_v3,000852.SH,2025-06-23,Range,UpTrend,2025-06-23 11:20:00+08:00,2025-06-23 11:25:00+08:00,22,10.0,18.0,2025-06-23 13:35:00+08:00,True,16,judge,
independent_judge_center_v3,000852.SH,2025-06-24,UpTrend,Range,2025-06-24 13:45:00+08:00,2025-06-24 13:50:00+08:00,33,21.0,29.0,2025-06-24 14:30:00+08:00,True,17,judge,
independent_judge_center_v3,000852.SH,2025-06-26,Range,DownTrend,2025-06-26 13:15:00+08:00,2025-06-26 13:20:00+08:00,27,15.0,23.0,2025-06-26 14:00:00+08:00,True,18,judge,
independent_judge_center_v3,000852.SH,2025-07-04,UpTrend,Range,2025-07-04 13:25:00+08:00,2025-07-04 13:30:00+08:00,29,17.0,25.0,2025-07-04 14:10:00+08:00,False,,judge,
independent_judge_center_v3,000852.SH,2025-07-07,DownTrend,Range,2025-07-07 13:40:00+08:00,2025-07-07 13:45:00+08:00,32,20.0,28.0,2025-07-07 14:25:00+08:00,False,,judge,
independent_judge_center_v3,000852.SH,2025-07-10,DownTrend,UpTrend,2025-07-10 11:20:00+08:00,2025-07-10 11:25:00+08:00,22,10.0,18.0,2025-07-10 13:35:00+08:00,True,19,judge,
independent_judge_center_v3,000852.SH,2025-07-14,Range,UpTrend,2025-07-14 13:40:00+08:00,2025-07-14 13:45:00+08:00,32,20.0,28.0,2025-07-14 14:25:00+08:00,True,20,judge,
independent_judge_center_v3,000852.SH,2025-07-15,Shock,Range,2025-07-15 13:05:00+08:00,2025-07-15 13:10:00+08:00,25,13.0,21.0,2025-07-15 13:50:00+08:00,False,,judge,
independent_judge_center_v3,000852.SH,2025-07-21,Range,UpTrend,2025-07-21 13:30:00+08:00,2025-07-21 13:35:00+08:00,30,18.0,26.0,2025-07-21 14:15:00+08:00,True,21,judge,
independent_judge_center_v3,000852.SH,2025-07-23,DownTrend,Range,2025-07-23 13:20:00+08:00,2025-07-23 13:25:00+08:00,28,16.0,24.0,2025-07-23 14:05:00+08:00,True,22,judge,
independent_judge_center_v3,000852.SH,2025-07-30,DownTrend,Shock,2025-07-30 13:45:00+08:00,2025-07-30 13:50:00+08:00,33,21.0,29.0,2025-07-30 14:30:00+08:00,True,23,judge,
independent_judge_center_v3,000852.SH,2025-07-31,Shock,DownTrend,2025-07-31 13:25:00+08:00,2025-07-31 13:30:00+08:00,29,17.0,25.0,2025-07-31 14:10:00+08:00,False,,judge,
independent_judge_center_v3,000852.SH,2025-07-31,DownTrend,Shock,2025-07-31 13:40:00+08:00,2025-07-31 13:45:00+08:00,32,20.0,28.0,2025-07-31 14:25:00+08:00,False,,judge,
independent_judge_center_v3,000852.SH,2025-08-04,Range,UpTrend,2025-08-04 11:20:00+08:00,2025-08-04 11:25:00+08:00,22,10.0,18.0,2025-08-04 13:35:00+08:00,True,24,judge,
independent_judge_center_v3,000852.SH,2025-08-05,Range,UpTrend,2025-08-05 11:15:00+08:00,2025-08-05 11:20:00+08:00,21,9.0,17.0,2025-08-05 13:30:00+08:00,True,25,judge,
independent_judge_center_v3,000852.SH,2025-08-19,Range,DownTrend,2025-08-19 13:35:00+08:00,2025-08-19 13:40:00+08:00,31,19.0,27.0,2025-08-19 14:20:00+08:00,False,,judge,
independent_judge_center_v3,000852.SH,2025-08-21,Shock,Range,2025-08-21 10:50:00+08:00,2025-08-21 10:55:00+08:00,16,4.0,12.0,2025-08-21 13:05:00+08:00,False,,judge,
independent_judge_center_v3,000852.SH,2025-08-27,UpTrend,Shock,2025-08-27 13:40:00+08:00,2025-08-27 13:45:00+08:00,32,20.0,28.0,2025-08-27 14:25:00+08:00,True,26,judge,
independent_judge_center_v3,000852.SH,2025-09-02,Shock,Range,2025-09-02 13:35:00+08:00,2025-09-02 13:40:00+08:00,31,19.0,27.0,2025-09-02 14:20:00+08:00,False,,judge,
independent_judge_center_v3,000852.SH,2025-09-03,Shock,DownTrend,2025-09-03 11:30:00+08:00,2025-09-03 13:05:00+08:00,24,12.0,20.0,2025-09-03 13:45:00+08:00,True,27,judge,
independent_judge_center_v3,000852.SH,2025-09-03,DownTrend,Range,2025-09-03 13:35:00+08:00,2025-09-03 13:40:00+08:00,31,19.0,27.0,2025-09-03 14:20:00+08:00,False,,judge,
independent_judge_center_v3,000852.SH,2025-09-04,Shock,DownTrend,2025-09-04 13:30:00+08:00,2025-09-04 13:35:00+08:00,30,18.0,26.0,2025-09-04 14:15:00+08:00,True,28,judge,
independent_judge_center_v3,000852.SH,2025-09-05,UpTrend,Range,2025-09-05 11:10:00+08:00,2025-09-05 11:15:00+08:00,20,8.0,16.0,2025-09-05 13:25:00+08:00,True,29,judge,
independent_judge_center_v3,000852.SH,2025-09-05,Range,UpTrend,2025-09-05 13:45:00+08:00,2025-09-05 13:50:00+08:00,33,21.0,29.0,2025-09-05 14:30:00+08:00,False,,judge,
independent_judge_center_v3,000852.SH,2025-09-16,Range,UpTrend,2025-09-16 11:15:00+08:00,2025-09-16 11:20:00+08:00,21,9.0,17.0,2025-09-16 13:30:00+08:00,True,30,judge,
independent_judge_center_v3,000852.SH,2025-10-09,UpTrend,Range,2025-10-09 11:25:00+08:00,2025-10-09 11:30:00+08:00,23,11.0,19.0,2025-10-09 13:40:00+08:00,False,,judge,
independent_judge_center_v3,000852.SH,2025-10-16,Range,DownTrend,2025-10-16 11:20:00+08:00,2025-10-16 11:25:00+08:00,22,10.0,18.0,2025-10-16 13:35:00+08:00,True,31,judge,
independent_judge_center_v3,000852.SH,2025-10-24,Range,UpTrend,2025-10-24 11:20:00+08:00,2025-10-24 11:25:00+08:00,22,10.0,18.0,2025-10-24 13:35:00+08:00,False,,judge,
independent_judge_center_v3,000852.SH,2025-10-27,Range,UpTrend,2025-10-27 11:30:00+08:00,2025-10-27 13:05:00+08:00,24,12.0,20.0,2025-10-27 13:45:00+08:00,False,,judge,
independent_judge_center_v3,000852.SH,2025-10-30,UpTrend,Range,2025-10-30 13:15:00+08:00,2025-10-30 13:20:00+08:00,27,15.0,23.0,2025-10-30 14:00:00+08:00,False,,judge,
independent_judge_center_v3,000852.SH,2025-11-11,DownTrend,Range,2025-11-11 13:45:00+08:00,2025-11-11 13:50:00+08:00,33,21.0,29.0,2025-11-11 14:30:00+08:00,True,32,judge,
independent_judge_center_v3,000852.SH,2025-11-12,DownTrend,Shock,2025-11-12 13:10:00+08:00,2025-11-12 13:15:00+08:00,26,14.0,22.0,2025-11-12 13:55:00+08:00,False,,judge,
independent_judge_center_v3,000852.SH,2025-11-20,Range,DownTrend,2025-11-20 13:30:00+08:00,2025-11-20 13:35:00+08:00,30,18.0,26.0,2025-11-20 14:15:00+08:00,True,33,judge,
independent_judge_center_v3,000852.SH,2025-11-26,Range,DownTrend,2025-11-26 13:15:00+08:00,2025-11-26 13:20:00+08:00,27,15.0,23.0,2025-11-26 14:00:00+08:00,True,34,judge,
independent_judge_center_v3,000852.SH,2025-12-03,Range,DownTrend,2025-12-03 13:25:00+08:00,2025-12-03 13:30:00+08:00,29,17.0,25.0,2025-12-03 14:10:00+08:00,True,35,judge,
independent_judge_center_v3,000852.SH,2025-12-04,Shock,Range,2025-12-04 11:25:00+08:00,2025-12-04 11:30:00+08:00,23,11.0,19.0,2025-12-04 13:40:00+08:00,True,36,judge,
independent_judge_center_v3,000852.SH,2025-12-09,Range,DownTrend,2025-12-09 13:30:00+08:00,2025-12-09 13:35:00+08:00,30,18.0,26.0,2025-12-09 14:15:00+08:00,False,,judge,
independent_judge_center_v3,000852.SH,2025-12-11,Range,DownTrend,2025-12-11 11:15:00+08:00,2025-12-11 11:20:00+08:00,21,9.0,17.0,2025-12-11 13:30:00+08:00,False,,judge,
independent_judge_center_v3,000852.SH,2025-12-17,Range,UpTrend,2025-12-17 13:30:00+08:00,2025-12-17 13:35:00+08:00,30,18.0,26.0,2025-12-17 14:15:00+08:00,False,,judge,
independent_judge_center_v3,000852.SH,2025-12-17,UpTrend,Shock,2025-12-17 13:45:00+08:00,2025-12-17 13:50:00+08:00,33,21.0,29.0,2025-12-17 14:30:00+08:00,False,,judge,
independent_judge_center_v3,000852.SH,2025-12-18,Range,DownTrend,2025-12-18 13:25:00+08:00,2025-12-18 13:30:00+08:00,29,17.0,25.0,2025-12-18 14:10:00+08:00,True,37,judge,
v6_v6_t0r0e1x0,000852.SH,2025-01-02,DownTrend,Shock,2025-01-02 14:10:00+08:00,2025-01-02 14:10:00+08:00,37,,,,False,,online,25.0
v6_v6_t0r0e1x0,000852.SH,2025-01-03,Shock,DownTrend,2025-01-03 13:10:00+08:00,2025-01-03 13:10:00+08:00,25,,,,True,1,online,13.0
v6_v6_t0r0e1x0,000852.SH,2025-01-03,DownTrend,Shock,2025-01-03 14:25:00+08:00,2025-01-03 14:25:00+08:00,40,,,,False,,online,28.0
v6_v6_t0r0e1x0,000852.SH,2025-01-07,Range,DownTrend,2025-01-07 11:15:00+08:00,2025-01-07 11:15:00+08:00,20,,,,False,,online,8.0
v6_v6_t0r0e1x0,000852.SH,2025-01-07,DownTrend,Range,2025-01-07 13:15:00+08:00,2025-01-07 13:15:00+08:00,26,,,,False,,online,14.0
v6_v6_t0r0e1x0,000852.SH,2025-01-07,Range,UpTrend,2025-01-07 14:20:00+08:00,2025-01-07 14:20:00+08:00,39,,,,False,,online,27.0
v6_v6_t0r0e1x0,000852.SH,2025-01-08,DownTrend,Shock,2025-01-08 13:40:00+08:00,2025-01-08 13:40:00+08:00,31,,,,True,2,online,19.0
v6_v6_t0r0e1x0,000852.SH,2025-01-09,Range,UpTrend,2025-01-09 11:10:00+08:00,2025-01-09 11:10:00+08:00,19,,,,False,,online,7.0
v6_v6_t0r0e1x0,000852.SH,2025-01-09,UpTrend,Range,2025-01-09 13:10:00+08:00,2025-01-09 13:10:00+08:00,25,,,,False,,online,13.0
v6_v6_t0r0e1x0,000852.SH,2025-01-13,Shock,Range,2025-01-13 13:40:00+08:00,2025-01-13 13:40:00+08:00,31,,,,False,,online,19.0
v6_v6_t0r0e1x0,000852.SH,2025-01-14,UpTrend,Shock,2025-01-14 13:30:00+08:00,2025-01-14 13:30:00+08:00,29,,,,False,,online,17.0
v6_v6_t0r0e1x0,000852.SH,2025-01-14,Shock,UpTrend,2025-01-14 14:10:00+08:00,2025-01-14 14:10:00+08:00,37,,,,False,,online,25.0
v6_v6_t0r0e1x0,000852.SH,2025-01-15,Range,DownTrend,2025-01-15 13:40:00+08:00,2025-01-15 13:40:00+08:00,31,,,,False,,online,19.0
v6_v6_t0r0e1x0,000852.SH,2025-01-15,DownTrend,Range,2025-01-15 14:05:00+08:00,2025-01-15 14:05:00+08:00,36,,,,False,,online,24.0
v6_v6_t0r0e1x0,000852.SH,2025-01-16,DownTrend,Shock,2025-01-16 13:40:00+08:00,2025-01-16 13:40:00+08:00,31,,,,False,,online,19.0
v6_v6_t0r0e1x0,000852.SH,2025-01-16,Shock,Range,2025-01-16 14:10:00+08:00,2025-01-16 14:10:00+08:00,37,,,,False,,online,25.0
v6_v6_t0r0e1x0,000852.SH,2025-01-17,Shock,Range,2025-01-17 11:20:00+08:00,2025-01-17 11:20:00+08:00,21,,,,False,,online,9.0
v6_v6_t0r0e1x0,000852.SH,2025-01-17,Range,Shock,2025-01-17 13:05:00+08:00,2025-01-17 13:05:00+08:00,24,,,,False,,online,12.0
v6_v6_t0r0e1x0,000852.SH,2025-01-17,Shock,Range,2025-01-17 14:30:00+08:00,2025-01-17 14:30:00+08:00,41,,,,False,,online,29.0
v6_v6_t0r0e1x0,000852.SH,2025-01-21,Range,UpTrend,2025-01-21 11:30:00+08:00,2025-01-21 11:30:00+08:00,23,,,,False,,online,11.0
v6_v6_t0r0e1x0,000852.SH,2025-01-21,UpTrend,Range,2025-01-21 13:55:00+08:00,2025-01-21 13:55:00+08:00,34,,,,False,,online,22.0
v6_v6_t0r0e1x0,000852.SH,2025-01-21,Range,UpTrend,2025-01-21 14:25:00+08:00,2025-01-21 14:25:00+08:00,40,,,,False,,online,28.0
v6_v6_t0r0e1x0,000852.SH,2025-01-23,Range,DownTrend,2025-01-23 13:20:00+08:00,2025-01-23 13:20:00+08:00,27,,,,False,,online,15.0
v6_v6_t0r0e1x0,000852.SH,2025-01-24,Shock,UpTrend,2025-01-24 11:20:00+08:00,2025-01-24 11:20:00+08:00,21,,,,False,,online,9.0
v6_v6_t0r0e1x0,000852.SH,2025-01-24,UpTrend,Range,2025-01-24 14:00:00+08:00,2025-01-24 14:00:00+08:00,35,,,,True,3,online,23.0
v6_v6_t0r0e1x0,000852.SH,2025-01-27,DownTrend,Range,2025-01-27 14:00:00+08:00,2025-01-27 14:00:00+08:00,35,,,,False,,online,23.0
v6_v6_t0r0e1x0,000852.SH,2025-02-05,Shock,Range,2025-02-05 13:35:00+08:00,2025-02-05 13:35:00+08:00,30,,,,False,,online,18.0
v6_v6_t0r0e1x0,000852.SH,2025-02-05,Range,DownTrend,2025-02-05 13:55:00+08:00,2025-02-05 13:55:00+08:00,34,,,,False,,online,22.0
v6_v6_t0r0e1x0,000852.SH,2025-02-06,UpTrend,Range,2025-02-06 13:35:00+08:00,2025-02-06 13:35:00+08:00,30,,,,False,,online,18.0
v6_v6_t0r0e1x0,000852.SH,2025-02-07,Shock,UpTrend,2025-02-07 11:25:00+08:00,2025-02-07 11:25:00+08:00,22,,,,False,,online,10.0
v6_v6_t0r0e1x0,000852.SH,2025-02-07,UpTrend,Range,2025-02-07 13:45:00+08:00,2025-02-07 13:45:00+08:00,32,,,,False,,online,20.0
v6_v6_t0r0e1x0,000852.SH,2025-02-07,Range,DownTrend,2025-02-07 14:10:00+08:00,2025-02-07 14:10:00+08:00,37,,,,True,4,online,25.0
v6_v6_t0r0e1x0,000852.SH,2025-02-11,Range,UpTrend,2025-02-11 11:30:00+08:00,2025-02-11 11:30:00+08:00,23,,,,False,,online,11.0
v6_v6_t0r0e1x0,000852.SH,2025-02-11,UpTrend,Shock,2025-02-11 13:50:00+08:00,2025-02-11 13:50:00+08:00,33,,,,False,,online,21.0
v6_v6_t0r0e1x0,000852.SH,2025-02-12,UpTrend,Range,2025-02-12 13:45:00+08:00,2025-02-12 13:45:00+08:00,32,,,,False,,online,20.0
v6_v6_t0r0e1x0,000852.SH,2025-02-12,Range,UpTrend,2025-02-12 14:25:00+08:00,2025-02-12 14:25:00+08:00,40,,,,False,,online,28.0
v6_v6_t0r0e1x0,000852.SH,2025-02-13,Shock,Range,2025-02-13 11:30:00+08:00,2025-02-13 11:30:00+08:00,23,,,,False,,online,11.0
v6_v6_t0r0e1x0,000852.SH,2025-02-13,Range,UpTrend,2025-02-13 13:45:00+08:00,2025-02-13 13:45:00+08:00,32,,,,False,,online,20.0
v6_v6_t0r0e1x0,000852.SH,2025-02-17,Shock,Range,2025-02-17 11:30:00+08:00,2025-02-17 11:30:00+08:00,23,,,,False,,online,11.0
v6_v6_t0r0e1x0,000852.SH,2025-02-17,Range,Shock,2025-02-17 13:40:00+08:00,2025-02-17 13:40:00+08:00,31,,,,False,,online,19.0
v6_v6_t0r0e1x0,000852.SH,2025-02-17,Shock,DownTrend,2025-02-17 14:10:00+08:00,2025-02-17 14:10:00+08:00,37,,,,False,,online,25.0
v6_v6_t0r0e1x0,000852.SH,2025-02-18,Shock,DownTrend,2025-02-18 13:50:00+08:00,2025-02-18 13:50:00+08:00,33,,,,True,5,online,21.0
v6_v6_t0r0e1x0,000852.SH,2025-02-20,Shock,Range,2025-02-20 11:10:00+08:00,2025-02-20 11:10:00+08:00,19,,,,False,,online,7.0
v6_v6_t0r0e1x0,000852.SH,2025-02-20,Range,UpTrend,2025-02-20 13:15:00+08:00,2025-02-20 13:15:00+08:00,26,,,,False,,online,14.0
v6_v6_t0r0e1x0,000852.SH,2025-02-20,UpTrend,Range,2025-02-20 14:20:00+08:00,2025-02-20 14:20:00+08:00,39,,,,False,,online,27.0
v6_v6_t0r0e1x0,000852.SH,2025-02-21,Shock,UpTrend,2025-02-21 13:40:00+08:00,2025-02-21 13:40:00+08:00,31,,,,False,,online,19.0
v6_v6_t0r0e1x0,000852.SH,2025-02-21,UpTrend,Range,2025-02-21 14:05:00+08:00,2025-02-21 14:05:00+08:00,36,,,,False,,online,24.0
v6_v6_t0r0e1x0,000852.SH,2025-02-24,Range,DownTrend,2025-02-24 13:20:00+08:00,2025-02-24 13:20:00+08:00,27,,,,False,,online,15.0
v6_v6_t0r0e1x0,000852.SH,2025-02-25,UpTrend,Range,2025-02-25 13:55:00+08:00,2025-02-25 13:55:00+08:00,34,,,,False,,online,22.0
v6_v6_t0r0e1x0,000852.SH,2025-02-26,UpTrend,Range,2025-02-26 13:05:00+08:00,2025-02-26 13:05:00+08:00,24,,,,False,,online,12.0
v6_v6_t0r0e1x0,000852.SH,2025-02-26,Range,Shock,2025-02-26 14:20:00+08:00,2025-02-26 14:20:00+08:00,39,,,,False,,online,27.0
v6_v6_t0r0e1x0,000852.SH,2025-02-28,Shock,DownTrend,2025-02-28 11:25:00+08:00,2025-02-28 11:25:00+08:00,22,,,,False,,online,10.0
v6_v6_t0r0e1x0,000852.SH,2025-02-28,DownTrend,Range,2025-02-28 13:45:00+08:00,2025-02-28 13:45:00+08:00,32,,,,False,,online,20.0
v6_v6_t0r0e1x0,000852.SH,2025-02-28,Range,Shock,2025-02-28 14:00:00+08:00,2025-02-28 14:00:00+08:00,35,,,,False,,online,23.0
v6_v6_t0r0e1x0,000852.SH,2025-03-03,Shock,DownTrend,2025-03-03 13:20:00+08:00,2025-03-03 13:20:00+08:00,27,,,,False,,online,15.0
v6_v6_t0r0e1x0,000852.SH,2025-03-03,DownTrend,Range,2025-03-03 14:00:00+08:00,2025-03-03 14:00:00+08:00,35,,,,False,,online,23.0
v6_v6_t0r0e1x0,000852.SH,2025-03-03,Range,DownTrend,2025-03-03 14:30:00+08:00,2025-03-03 14:30:00+08:00,41,,,,False,,online,29.0
v6_v6_t0r0e1x0,000852.SH,2025-03-05,Shock,Range,2025-03-05 11:15:00+08:00,2025-03-05 11:15:00+08:00,20,,,,False,,online,8.0
v6_v6_t0r0e1x0,000852.SH,2025-03-05,Range,UpTrend,2025-03-05 14:25:00+08:00,2025-03-05 14:25:00+08:00,40,,,,False,,online,28.0
v6_v6_t0r0e1x0,000852.SH,2025-03-06,Range,UpTrend,2025-03-06 11:30:00+08:00,2025-03-06 11:30:00+08:00,23,,,,False,,online,11.0
v6_v6_t0r0e1x0,000852.SH,2025-03-06,UpTrend,Range,2025-03-06 14:30:00+08:00,2025-03-06 14:30:00+08:00,41,,,,True,6,online,29.0
v6_v6_t0r0e1x0,000852.SH,2025-03-07,UpTrend,Range,2025-03-07 13:05:00+08:00,2025-03-07 13:05:00+08:00,24,,,,False,,online,12.0
v6_v6_t0r0e1x0,000852.SH,2025-03-07,Range,DownTrend,2025-03-07 13:50:00+08:00,2025-03-07 13:50:00+08:00,33,,,,False,,online,21.0
v6_v6_t0r0e1x0,000852.SH,2025-03-11,Range,UpTrend,2025-03-11 14:15:00+08:00,2025-03-11 14:15:00+08:00,38,,,,False,,online,26.0
v6_v6_t0r0e1x0,000852.SH,2025-03-12,Range,UpTrend,2025-03-12 11:30:00+08:00,2025-03-12 11:30:00+08:00,23,,,,False,,online,11.0
v6_v6_t0r0e1x0,000852.SH,2025-03-12,UpTrend,Range,2025-03-12 14:15:00+08:00,2025-03-12 14:15:00+08:00,38,,,,False,,online,26.0
v6_v6_t0r0e1x0,000852.SH,2025-03-13,Shock,DownTrend,2025-03-13 11:30:00+08:00,2025-03-13 11:30:00+08:00,23,,,,False,,online,11.0
v6_v6_t0r0e1x0,000852.SH,2025-03-13,DownTrend,Range,2025-03-13 14:05:00+08:00,2025-03-13 14:05:00+08:00,36,,,,False,,online,24.0
v6_v6_t0r0e1x0,000852.SH,2025-03-14,Shock,UpTrend,2025-03-14 11:20:00+08:00,2025-03-14 11:20:00+08:00,21,,,,False,,online,9.0
v6_v6_t0r0e1x0,000852.SH,2025-03-14,UpTrend,Range,2025-03-14 13:45:00+08:00,2025-03-14 13:45:00+08:00,32,,,,False,,online,20.0
v6_v6_t0r0e1x0,000852.SH,2025-03-18,Range,UpTrend,2025-03-18 14:30:00+08:00,2025-03-18 14:30:00+08:00,41,,,,False,,online,29.0
v6_v6_t0r0e1x0,000852.SH,2025-03-19,UpTrend,Range,2025-03-19 13:35:00+08:00,2025-03-19 13:35:00+08:00,30,,,,False,,online,18.0
v6_v6_t0r0e1x0,000852.SH,2025-03-19,Range,DownTrend,2025-03-19 13:50:00+08:00,2025-03-19 13:50:00+08:00,33,,,,True,7,online,21.0
v6_v6_t0r0e1x0,000852.SH,2025-03-20,Range,DownTrend,2025-03-20 14:00:00+08:00,2025-03-20 14:00:00+08:00,35,,,,False,,online,23.0
v6_v6_t0r0e1x0,000852.SH,2025-03-21,DownTrend,Range,2025-03-21 14:15:00+08:00,2025-03-21 14:15:00+08:00,38,,,,False,,online,26.0
v6_v6_t0r0e1x0,000852.SH,2025-03-24,Range,DownTrend,2025-03-24 13:05:00+08:00,2025-03-24 13:05:00+08:00,24,,,,False,,online,12.0
v6_v6_t0r0e1x0,000852.SH,2025-03-24,DownTrend,Shock,2025-03-24 14:25:00+08:00,2025-03-24 14:25:00+08:00,40,,,,False,,online,28.0
v6_v6_t0r0e1x0,000852.SH,2025-03-25,Range,Shock,2025-03-25 11:25:00+08:00,2025-03-25 11:25:00+08:00,22,,,,False,,online,10.0
v6_v6_t0r0e1x0,000852.SH,2025-03-26,Range,DownTrend,2025-03-26 13:55:00+08:00,2025-03-26 13:55:00+08:00,34,,,,False,,online,22.0
v6_v6_t0r0e1x0,000852.SH,2025-03-26,DownTrend,Range,2025-03-26 14:20:00+08:00,2025-03-26 14:20:00+08:00,39,,,,False,,online,27.0
v6_v6_t0r0e1x0,000852.SH,2025-03-27,UpTrend,Shock,2025-03-27 11:25:00+08:00,2025-03-27 11:25:00+08:00,22,,,,False,,online,10.0
v6_v6_t0r0e1x0,000852.SH,2025-03-27,Shock,Range,2025-03-27 13:50:00+08:00,2025-03-27 13:50:00+08:00,33,,,,False,,online,21.0
v6_v6_t0r0e1x0,000852.SH,2025-03-28,Range,DownTrend,2025-03-28 13:35:00+08:00,2025-03-28 13:35:00+08:00,30,,,,False,,online,18.0
v6_v6_t0r0e1x0,000852.SH,2025-03-28,DownTrend,Shock,2025-03-28 14:15:00+08:00,2025-03-28 14:15:00+08:00,38,,,,False,,online,26.0
v6_v6_t0r0e1x0,000852.SH,2025-03-31,Shock,DownTrend,2025-03-31 11:15:00+08:00,2025-03-31 11:15:00+08:00,20,,,,False,,online,8.0
v6_v6_t0r0e1x0,000852.SH,2025-03-31,DownTrend,Shock,2025-03-31 13:10:00+08:00,2025-03-31 13:10:00+08:00,25,,,,False,,online,13.0
v6_v6_t0r0e1x0,000852.SH,2025-04-01,UpTrend,Range,2025-04-01 13:05:00+08:00,2025-04-01 13:05:00+08:00,24,,,,False,,online,12.0
v6_v6_t0r0e1x0,000852.SH,2025-04-01,Range,DownTrend,2025-04-01 13:20:00+08:00,2025-04-01 13:20:00+08:00,27,,,,False,,online,15.0
v6_v6_t0r0e1x0,000852.SH,2025-04-01,DownTrend,Range,2025-04-01 14:20:00+08:00,2025-04-01 14:20:00+08:00,39,,,,False,,online,27.0
v6_v6_t0r0e1x0,000852.SH,2025-04-02,UpTrend,Range,2025-04-02 11:10:00+08:00,2025-04-02 11:10:00+08:00,19,,,,False,,online,7.0
v6_v6_t0r0e1x0,000852.SH,2025-04-03,Shock,DownTrend,2025-04-03 13:05:00+08:00,2025-04-03 13:05:00+08:00,24,,,,False,,online,12.0
v6_v6_t0r0e1x0,000852.SH,2025-04-03,DownTrend,Shock,2025-04-03 13:55:00+08:00,2025-04-03 13:55:00+08:00,34,,,,False,,online,22.0
v6_v6_t0r0e1x0,000852.SH,2025-04-07,Shock,DownTrend,2025-04-07 13:30:00+08:00,2025-04-07 13:30:00+08:00,29,,,,False,,online,17.0
v6_v6_t0r0e1x0,000852.SH,2025-04-09,Shock,UpTrend,2025-04-09 14:20:00+08:00,2025-04-09 14:20:00+08:00,39,,,,False,,online,27.0
v6_v6_t0r0e1x0,000852.SH,2025-04-10,Shock,DownTrend,2025-04-10 11:10:00+08:00,2025-04-10 11:10:00+08:00,19,,,,False,,online,7.0
v6_v6_t0r0e1x0,000852.SH,2025-04-10,DownTrend,Range,2025-04-10 13:35:00+08:00,2025-04-10 13:35:00+08:00,30,,,,False,,online,18.0
v6_v6_t0r0e1x0,000852.SH,2025-04-11,UpTrend,Range,2025-04-11 14:25:00+08:00,2025-04-11 14:25:00+08:00,40,,,,True,8,online,28.0
v6_v6_t0r0e1x0,000852.SH,2025-04-14,Range,DownTrend,2025-04-14 13:20:00+08:00,2025-04-14 13:20:00+08:00,27,,,,True,9,online,15.0
v6_v6_t0r0e1x0,000852.SH,2025-04-14,DownTrend,Range,2025-04-14 14:30:00+08:00,2025-04-14 14:30:00+08:00,41,,,,True,10,online,29.0
v6_v6_t0r0e1x0,000852.SH,2025-04-16,DownTrend,Shock,2025-04-16 13:15:00+08:00,2025-04-16 13:15:00+08:00,26,,,,False,,online,14.0
v6_v6_t0r0e1x0,000852.SH,2025-04-16,Shock,Range,2025-04-16 14:25:00+08:00,2025-04-16 14:25:00+08:00,40,,,,False,,online,28.0
v6_v6_t0r0e1x0,000852.SH,2025-04-23,Range,UpTrend,2025-04-23 13:15:00+08:00,2025-04-23 13:15:00+08:00,26,,,,False,,online,14.0
v6_v6_t0r0e1x0,000852.SH,2025-04-23,UpTrend,Range,2025-04-23 14:15:00+08:00,2025-04-23 14:15:00+08:00,38,,,,True,11,online,26.0
v6_v6_t0r0e1x0,000852.SH,2025-04-24,Range,DownTrend,2025-04-24 11:10:00+08:00,2025-04-24 11:10:00+08:00,19,,,,False,,online,7.0
v6_v6_t0r0e1x0,000852.SH,2025-04-24,DownTrend,Range,2025-04-24 14:10:00+08:00,2025-04-24 14:10:00+08:00,37,,,,False,,online,25.0
v6_v6_t0r0e1x0,000852.SH,2025-04-25,Range,UpTrend,2025-04-25 13:20:00+08:00,2025-04-25 13:20:00+08:00,27,,,,False,,online,15.0
v6_v6_t0r0e1x0,000852.SH,2025-04-25,UpTrend,Range,2025-04-25 13:45:00+08:00,2025-04-25 13:45:00+08:00,32,,,,False,,online,20.0
v6_v6_t0r0e1x0,000852.SH,2025-04-25,Range,DownTrend,2025-04-25 14:20:00+08:00,2025-04-25 14:20:00+08:00,39,,,,False,,online,27.0
v6_v6_t0r0e1x0,000852.SH,2025-04-28,UpTrend,Range,2025-04-28 13:10:00+08:00,2025-04-28 13:10:00+08:00,25,,,,False,,online,13.0
v6_v6_t0r0e1x0,000852.SH,2025-04-28,Range,DownTrend,2025-04-28 14:20:00+08:00,2025-04-28 14:20:00+08:00,39,,,,False,,online,27.0
v6_v6_t0r0e1x0,000852.SH,2025-04-29,UpTrend,Range,2025-04-29 11:15:00+08:00,2025-04-29 11:15:00+08:00,20,,,,False,,online,8.0
v6_v6_t0r0e1x0,000852.SH,2025-04-30,UpTrend,Range,2025-04-30 11:15:00+08:00,2025-04-30 11:15:00+08:00,20,,,,False,,online,8.0
v6_v6_t0r0e1x0,000852.SH,2025-05-08,Range,Shock,2025-05-08 13:15:00+08:00,2025-05-08 13:15:00+08:00,26,,,,False,,online,14.0
v6_v6_t0r0e1x0,000852.SH,2025-05-08,Shock,Range,2025-05-08 13:55:00+08:00,2025-05-08 13:55:00+08:00,34,,,,False,,online,22.0
v6_v6_t0r0e1x0,000852.SH,2025-05-08,Range,UpTrend,2025-05-08 14:25:00+08:00,2025-05-08 14:25:00+08:00,40,,,,False,,online,28.0
v6_v6_t0r0e1x0,000852.SH,2025-05-09,Shock,DownTrend,2025-05-09 11:10:00+08:00,2025-05-09 11:10:00+08:00,19,,,,False,,online,7.0
v6_v6_t0r0e1x0,000852.SH,2025-05-09,DownTrend,UpTrend,2025-05-09 13:35:00+08:00,2025-05-09 13:35:00+08:00,30,,,,False,,online,18.0
v6_v6_t0r0e1x0,000852.SH,2025-05-09,UpTrend,Range,2025-05-09 14:05:00+08:00,2025-05-09 14:05:00+08:00,36,,,,False,,online,24.0
v6_v6_t0r0e1x0,000852.SH,2025-05-12,Range,UpTrend,2025-05-12 14:15:00+08:00,2025-05-12 14:15:00+08:00,38,,,,False,,online,26.0
v6_v6_t0r0e1x0,000852.SH,2025-05-13,Shock,Range,2025-05-13 13:15:00+08:00,2025-05-13 13:15:00+08:00,26,,,,False,,online,14.0
v6_v6_t0r0e1x0,000852.SH,2025-05-14,DownTrend,Range,2025-05-14 13:10:00+08:00,2025-05-14 13:10:00+08:00,25,,,,False,,online,13.0
v6_v6_t0r0e1x0,000852.SH,2025-05-14,Range,Shock,2025-05-14 13:20:00+08:00,2025-05-14 13:20:00+08:00,27,,,,False,,online,15.0
v6_v6_t0r0e1x0,000852.SH,2025-05-15,UpTrend,DownTrend,2025-05-15 11:30:00+08:00,2025-05-15 11:30:00+08:00,23,,,,False,,online,11.0
v6_v6_t0r0e1x0,000852.SH,2025-05-16,Range,DownTrend,2025-05-16 14:15:00+08:00,2025-05-16 14:15:00+08:00,38,,,,False,,online,26.0
v6_v6_t0r0e1x0,000852.SH,2025-05-19,UpTrend,Range,2025-05-19 13:40:00+08:00,2025-05-19 13:40:00+08:00,31,,,,False,,online,19.0
v6_v6_t0r0e1x0,000852.SH,2025-05-19,Range,UpTrend,2025-05-19 14:00:00+08:00,2025-05-19 14:00:00+08:00,35,,,,False,,online,23.0
v6_v6_t0r0e1x0,000852.SH,2025-05-20,Range,UpTrend,2025-05-20 13:20:00+08:00,2025-05-20 13:20:00+08:00,27,,,,False,,online,15.0
v6_v6_t0r0e1x0,000852.SH,2025-05-20,UpTrend,Range,2025-05-20 14:30:00+08:00,2025-05-20 14:30:00+08:00,41,,,,False,,online,29.0
v6_v6_t0r0e1x0,000852.SH,2025-05-21,Range,UpTrend,2025-05-21 13:10:00+08:00,2025-05-21 13:10:00+08:00,25,,,,False,,online,13.0
v6_v6_t0r0e1x0,000852.SH,2025-05-21,UpTrend,Range,2025-05-21 14:25:00+08:00,2025-05-21 14:25:00+08:00,40,,,,False,,online,28.0
v6_v6_t0r0e1x0,000852.SH,2025-05-22,DownTrend,Shock,2025-05-22 13:15:00+08:00,2025-05-22 13:15:00+08:00,26,,,,False,,online,14.0
v6_v6_t0r0e1x0,000852.SH,2025-05-22,Shock,Range,2025-05-22 13:35:00+08:00,2025-05-22 13:35:00+08:00,30,,,,False,,online,18.0
v6_v6_t0r0e1x0,000852.SH,2025-05-23,Shock,Range,2025-05-23 13:05:00+08:00,2025-05-23 13:05:00+08:00,24,,,,False,,online,12.0
v6_v6_t0r0e1x0,000852.SH,2025-05-23,Range,DownTrend,2025-05-23 13:45:00+08:00,2025-05-23 13:45:00+08:00,32,,,,False,,online,20.0
v6_v6_t0r0e1x0,000852.SH,2025-05-26,UpTrend,DownTrend,2025-05-26 11:25:00+08:00,2025-05-26 11:25:00+08:00,22,,,,False,,online,10.0
v6_v6_t0r0e1x0,000852.SH,2025-05-26,DownTrend,Shock,2025-05-26 13:30:00+08:00,2025-05-26 13:30:00+08:00,29,,,,False,,online,17.0
v6_v6_t0r0e1x0,000852.SH,2025-05-26,Shock,Range,2025-05-26 14:15:00+08:00,2025-05-26 14:15:00+08:00,38,,,,False,,online,26.0
v6_v6_t0r0e1x0,000852.SH,2025-05-27,Range,DownTrend,2025-05-27 11:30:00+08:00,2025-05-27 11:30:00+08:00,23,,,,False,,online,11.0
v6_v6_t0r0e1x0,000852.SH,2025-05-27,DownTrend,Shock,2025-05-27 13:15:00+08:00,2025-05-27 13:15:00+08:00,26,,,,False,,online,14.0
v6_v6_t0r0e1x0,000852.SH,2025-05-28,Range,UpTrend,2025-05-28 11:25:00+08:00,2025-05-28 11:25:00+08:00,22,,,,False,,online,10.0
v6_v6_t0r0e1x0,000852.SH,2025-05-28,UpTrend,DownTrend,2025-05-28 13:30:00+08:00,2025-05-28 13:30:00+08:00,29,,,,False,,online,17.0
v6_v6_t0r0e1x0,000852.SH,2025-05-28,DownTrend,Range,2025-05-28 13:50:00+08:00,2025-05-28 13:50:00+08:00,33,,,,False,,online,21.0
v6_v6_t0r0e1x0,000852.SH,2025-05-28,Range,DownTrend,2025-05-28 14:15:00+08:00,2025-05-28 14:15:00+08:00,38,,,,False,,online,26.0
v6_v6_t0r0e1x0,000852.SH,2025-05-29,UpTrend,Range,2025-05-29 13:25:00+08:00,2025-05-29 13:25:00+08:00,28,,,,False,,online,16.0
v6_v6_t0r0e1x0,000852.SH,2025-05-29,Range,UpTrend,2025-05-29 13:50:00+08:00,2025-05-29 13:50:00+08:00,33,,,,False,,online,21.0
v6_v6_t0r0e1x0,000852.SH,2025-05-29,UpTrend,Range,2025-05-29 14:15:00+08:00,2025-05-29 14:15:00+08:00,38,,,,False,,online,26.0
v6_v6_t0r0e1x0,000852.SH,2025-06-03,Shock,Range,2025-06-03 11:30:00+08:00,2025-06-03 11:30:00+08:00,23,,,,False,,online,11.0
v6_v6_t0r0e1x0,000852.SH,2025-06-04,UpTrend,Range,2025-06-04 13:30:00+08:00,2025-06-04 13:30:00+08:00,29,,,,False,,online,17.0
v6_v6_t0r0e1x0,000852.SH,2025-06-05,Range,UpTrend,2025-06-05 13:20:00+08:00,2025-06-05 13:20:00+08:00,27,,,,False,,online,15.0
v6_v6_t0r0e1x0,000852.SH,2025-06-06,Range,DownTrend,2025-06-06 13:50:00+08:00,2025-06-06 13:50:00+08:00,33,,,,False,,online,21.0
v6_v6_t0r0e1x0,000852.SH,2025-06-09,UpTrend,DownTrend,2025-06-09 13:20:00+08:00,2025-06-09 13:20:00+08:00,27,,,,True,12,online,15.0
v6_v6_t0r0e1x0,000852.SH,2025-06-09,DownTrend,Range,2025-06-09 14:15:00+08:00,2025-06-09 14:15:00+08:00,38,,,,True,13,online,26.0
v6_v6_t0r0e1x0,000852.SH,2025-06-10,Range,UpTrend,2025-06-10 11:30:00+08:00,2025-06-10 11:30:00+08:00,23,,,,False,,online,11.0
v6_v6_t0r0e1x0,000852.SH,2025-06-10,UpTrend,DownTrend,2025-06-10 13:30:00+08:00,2025-06-10 13:30:00+08:00,29,,,,False,,online,17.0
v6_v6_t0r0e1x0,000852.SH,2025-06-10,DownTrend,Shock,2025-06-10 13:50:00+08:00,2025-06-10 13:50:00+08:00,33,,,,True,14,online,21.0
v6_v6_t0r0e1x0,000852.SH,2025-06-11,DownTrend,Range,2025-06-11 14:10:00+08:00,2025-06-11 14:10:00+08:00,37,,,,False,,online,25.0
v6_v6_t0r0e1x0,000852.SH,2025-06-12,Range,DownTrend,2025-06-12 13:40:00+08:00,2025-06-12 13:40:00+08:00,31,,,,False,,online,19.0
v6_v6_t0r0e1x0,000852.SH,2025-06-12,DownTrend,Shock,2025-06-12 14:15:00+08:00,2025-06-12 14:15:00+08:00,38,,,,False,,online,26.0
v6_v6_t0r0e1x0,000852.SH,2025-06-13,Shock,DownTrend,2025-06-13 11:30:00+08:00,2025-06-13 11:30:00+08:00,23,,,,False,,online,11.0
v6_v6_t0r0e1x0,000852.SH,2025-06-13,DownTrend,Shock,2025-06-13 13:10:00+08:00,2025-06-13 13:10:00+08:00,25,,,,False,,online,13.0
v6_v6_t0r0e1x0,000852.SH,2025-06-16,Range,DownTrend,2025-06-16 11:20:00+08:00,2025-06-16 11:20:00+08:00,21,,,,False,,online,9.0
v6_v6_t0r0e1x0,000852.SH,2025-06-16,DownTrend,Range,2025-06-16 13:15:00+08:00,2025-06-16 13:15:00+08:00,26,,,,False,,online,14.0
v6_v6_t0r0e1x0,000852.SH,2025-06-17,Shock,DownTrend,2025-06-17 11:10:00+08:00,2025-06-17 11:10:00+08:00,19,,,,False,,online,7.0
v6_v6_t0r0e1x0,000852.SH,2025-06-17,DownTrend,UpTrend,2025-06-17 13:35:00+08:00,2025-06-17 13:35:00+08:00,30,,,,False,,online,18.0
v6_v6_t0r0e1x0,000852.SH,2025-06-17,UpTrend,Range,2025-06-17 13:55:00+08:00,2025-06-17 13:55:00+08:00,34,,,,False,,online,22.0
v6_v6_t0r0e1x0,000852.SH,2025-06-17,Range,DownTrend,2025-06-17 14:25:00+08:00,2025-06-17 14:25:00+08:00,40,,,,False,,online,28.0
v6_v6_t0r0e1x0,000852.SH,2025-06-18,DownTrend,Range,2025-06-18 11:25:00+08:00,2025-06-18 11:25:00+08:00,22,,,,False,,online,10.0
v6_v6_t0r0e1x0,000852.SH,2025-06-18,Range,UpTrend,2025-06-18 13:20:00+08:00,2025-06-18 13:20:00+08:00,27,,,,True,15,online,15.0
v6_v6_t0r0e1x0,000852.SH,2025-06-19,Shock,Range,2025-06-19 14:15:00+08:00,2025-06-19 14:15:00+08:00,38,,,,False,,online,26.0
v6_v6_t0r0e1x0,000852.SH,2025-06-19,Range,DownTrend,2025-06-19 14:30:00+08:00,2025-06-19 14:30:00+08:00,41,,,,False,,online,29.0
v6_v6_t0r0e1x0,000852.SH,2025-06-20,Shock,Range,2025-06-20 11:30:00+08:00,2025-06-20 11:30:00+08:00,23,,,,False,,online,11.0
v6_v6_t0r0e1x0,000852.SH,2025-06-20,Range,DownTrend,2025-06-20 14:20:00+08:00,2025-06-20 14:20:00+08:00,39,,,,False,,online,27.0
v6_v6_t0r0e1x0,000852.SH,2025-06-23,Shock,UpTrend,2025-06-23 13:35:00+08:00,2025-06-23 13:35:00+08:00,30,,,,True,16,online,18.0
v6_v6_t0r0e1x0,000852.SH,2025-06-24,Shock,Range,2025-06-24 14:15:00+08:00,2025-06-24 14:15:00+08:00,38,,,,True,17,online,26.0
v6_v6_t0r0e1x0,000852.SH,2025-06-25,Shock,UpTrend,2025-06-25 13:10:00+08:00,2025-06-25 13:10:00+08:00,25,,,,False,,online,13.0
v6_v6_t0r0e1x0,000852.SH,2025-06-26,Range,Shock,2025-06-26 13:25:00+08:00,2025-06-26 13:25:00+08:00,28,,,,False,,online,16.0
v6_v6_t0r0e1x0,000852.SH,2025-06-26,Shock,DownTrend,2025-06-26 14:05:00+08:00,2025-06-26 14:05:00+08:00,36,,,,True,18,online,24.0
v6_v6_t0r0e1x0,000852.SH,2025-06-27,Shock,Range,2025-06-27 13:10:00+08:00,2025-06-27 13:10:00+08:00,25,,,,False,,online,13.0
v6_v6_t0r0e1x0,000852.SH,2025-06-30,Range,UpTrend,2025-06-30 13:40:00+08:00,2025-06-30 13:40:00+08:00,31,,,,False,,online,19.0
v6_v6_t0r0e1x0,000852.SH,2025-07-01,Range,DownTrend,2025-07-01 11:25:00+08:00,2025-07-01 11:25:00+08:00,22,,,,False,,online,10.0
v6_v6_t0r0e1x0,000852.SH,2025-07-01,DownTrend,Shock,2025-07-01 13:15:00+08:00,2025-07-01 13:15:00+08:00,26,,,,False,,online,14.0
v6_v6_t0r0e1x0,000852.SH,2025-07-01,Shock,UpTrend,2025-07-01 13:55:00+08:00,2025-07-01 13:55:00+08:00,34,,,,False,,online,22.0
v6_v6_t0r0e1x0,000852.SH,2025-07-02,Range,DownTrend,2025-07-02 13:35:00+08:00,2025-07-02 13:35:00+08:00,30,,,,False,,online,18.0
v6_v6_t0r0e1x0,000852.SH,2025-07-03,DownTrend,UpTrend,2025-07-03 13:20:00+08:00,2025-07-03 13:20:00+08:00,27,,,,False,,online,15.0
v6_v6_t0r0e1x0,000852.SH,2025-07-04,UpTrend,Shock,2025-07-04 13:45:00+08:00,2025-07-04 13:45:00+08:00,32,,,,False,,online,20.0
v6_v6_t0r0e1x0,000852.SH,2025-07-07,DownTrend,Range,2025-07-07 13:45:00+08:00,2025-07-07 13:45:00+08:00,32,,,,False,,online,20.0
v6_v6_t0r0e1x0,000852.SH,2025-07-08,Range,UpTrend,2025-07-08 13:25:00+08:00,2025-07-08 13:25:00+08:00,28,,,,False,,online,16.0
v6_v6_t0r0e1x0,000852.SH,2025-07-08,UpTrend,Range,2025-07-08 14:10:00+08:00,2025-07-08 14:10:00+08:00,37,,,,False,,online,25.0
v6_v6_t0r0e1x0,000852.SH,2025-07-09,Range,Shock,2025-07-09 11:10:00+08:00,2025-07-09 11:10:00+08:00,19,,,,False,,online,7.0
v6_v6_t0r0e1x0,000852.SH,2025-07-09,Shock,Range,2025-07-09 13:45:00+08:00,2025-07-09 13:45:00+08:00,32,,,,False,,online,20.0
v6_v6_t0r0e1x0,000852.SH,2025-07-09,Range,DownTrend,2025-07-09 14:15:00+08:00,2025-07-09 14:15:00+08:00,38,,,,False,,online,26.0
v6_v6_t0r0e1x0,000852.SH,2025-07-10,DownTrend,UpTrend,2025-07-10 13:25:00+08:00,2025-07-10 13:25:00+08:00,28,,,,True,19,online,16.0
v6_v6_t0r0e1x0,000852.SH,2025-07-11,Shock,Range,2025-07-11 14:30:00+08:00,2025-07-11 14:30:00+08:00,41,,,,False,,online,29.0
v6_v6_t0r0e1x0,000852.SH,2025-07-14,Range,UpTrend,2025-07-14 14:20:00+08:00,2025-07-14 14:20:00+08:00,39,,,,True,20,online,27.0
v6_v6_t0r0e1x0,000852.SH,2025-07-15,Shock,Range,2025-07-15 14:25:00+08:00,2025-07-15 14:25:00+08:00,40,,,,False,,online,28.0
v6_v6_t0r0e1x0,000852.SH,2025-07-17,Range,UpTrend,2025-07-17 13:05:00+08:00,2025-07-17 13:05:00+08:00,24,,,,False,,online,12.0
v6_v6_t0r0e1x0,000852.SH,2025-07-18,Range,DownTrend,2025-07-18 13:20:00+08:00,2025-07-18 13:20:00+08:00,27,,,,False,,online,15.0
v6_v6_t0r0e1x0,000852.SH,2025-07-21,Range,Shock,2025-07-21 11:30:00+08:00,2025-07-21 11:30:00+08:00,23,,,,False,,online,11.0
v6_v6_t0r0e1x0,000852.SH,2025-07-21,Shock,UpTrend,2025-07-21 14:05:00+08:00,2025-07-21 14:05:00+08:00,36,,,,True,21,online,24.0
v6_v6_t0r0e1x0,000852.SH,2025-07-22,Shock,UpTrend,2025-07-22 13:05:00+08:00,2025-07-22 13:05:00+08:00,24,,,,False,,online,12.0
v6_v6_t0r0e1x0,000852.SH,2025-07-22,UpTrend,Range,2025-07-22 13:30:00+08:00,2025-07-22 13:30:00+08:00,29,,,,False,,online,17.0
v6_v6_t0r0e1x0,000852.SH,2025-07-22,Range,DownTrend,2025-07-22 14:30:00+08:00,2025-07-22 14:30:00+08:00,41,,,,False,,online,29.0
v6_v6_t0r0e1x0,000852.SH,2025-07-23,DownTrend,UpTrend,2025-07-23 13:15:00+08:00,2025-07-23 13:15:00+08:00,26,,,,False,,online,14.0
v6_v6_t0r0e1x0,000852.SH,2025-07-23,UpTrend,Range,2025-07-23 14:10:00+08:00,2025-07-23 14:10:00+08:00,37,,,,True,22,online,25.0
v6_v6_t0r0e1x0,000852.SH,2025-07-23,Range,DownTrend,2025-07-23 14:25:00+08:00,2025-07-23 14:25:00+08:00,40,,,,False,,online,28.0
v6_v6_t0r0e1x0,000852.SH,2025-07-24,Range,Shock,2025-07-24 13:50:00+08:00,2025-07-24 13:50:00+08:00,33,,,,False,,online,21.0
v6_v6_t0r0e1x0,000852.SH,2025-07-24,Shock,Range,2025-07-24 14:10:00+08:00,2025-07-24 14:10:00+08:00,37,,,,False,,online,25.0
v6_v6_t0r0e1x0,000852.SH,2025-07-25,Shock,Range,2025-07-25 13:05:00+08:00,2025-07-25 13:05:00+08:00,24,,,,False,,online,12.0
v6_v6_t0r0e1x0,000852.SH,2025-07-28,Range,Shock,2025-07-28 13:10:00+08:00,2025-07-28 13:10:00+08:00,25,,,,False,,online,13.0
v6_v6_t0r0e1x0,000852.SH,2025-07-28,Shock,Range,2025-07-28 14:20:00+08:00,2025-07-28 14:20:00+08:00,39,,,,False,,online,27.0
v6_v6_t0r0e1x0,000852.SH,2025-07-29,Shock,Range,2025-07-29 11:25:00+08:00,2025-07-29 11:25:00+08:00,22,,,,False,,online,10.0
v6_v6_t0r0e1x0,000852.SH,2025-07-30,Shock,Range,2025-07-30 13:10:00+08:00,2025-07-30 13:10:00+08:00,25,,,,False,,online,13.0
v6_v6_t0r0e1x0,000852.SH,2025-07-30,Range,DownTrend,2025-07-30 13:25:00+08:00,2025-07-30 13:25:00+08:00,28,,,,False,,online,16.0
v6_v6_t0r0e1x0,000852.SH,2025-07-30,DownTrend,Shock,2025-07-30 14:20:00+08:00,2025-07-30 14:20:00+08:00,39,,,,True,23,online,27.0
v6_v6_t0r0e1x0,000852.SH,2025-07-31,Shock,DownTrend,2025-07-31 13:40:00+08:00,2025-07-31 13:40:00+08:00,31,,,,False,,online,19.0
v6_v6_t0r0e1x0,000852.SH,2025-07-31,DownTrend,Shock,2025-07-31 13:50:00+08:00,2025-07-31 13:50:00+08:00,33,,,,False,,online,21.0
v6_v6_t0r0e1x0,000852.SH,2025-08-04,Range,UpTrend,2025-08-04 13:30:00+08:00,2025-08-04 13:30:00+08:00,29,,,,True,24,online,17.0
v6_v6_t0r0e1x0,000852.SH,2025-08-05,Range,UpTrend,2025-08-05 13:25:00+08:00,2025-08-05 13:25:00+08:00,28,,,,True,25,online,16.0
v6_v6_t0r0e1x0,000852.SH,2025-08-06,UpTrend,Range,2025-08-06 13:40:00+08:00,2025-08-06 13:40:00+08:00,31,,,,False,,online,19.0
v6_v6_t0r0e1x0,000852.SH,2025-08-07,DownTrend,UpTrend,2025-08-07 13:15:00+08:00,2025-08-07 13:15:00+08:00,26,,,,False,,online,14.0
v6_v6_t0r0e1x0,000852.SH,2025-08-07,UpTrend,Range,2025-08-07 14:05:00+08:00,2025-08-07 14:05:00+08:00,36,,,,False,,online,24.0
v6_v6_t0r0e1x0,000852.SH,2025-08-11,Shock,Range,2025-08-11 11:10:00+08:00,2025-08-11 11:10:00+08:00,19,,,,False,,online,7.0
v6_v6_t0r0e1x0,000852.SH,2025-08-11,Range,UpTrend,2025-08-11 11:30:00+08:00,2025-08-11 11:30:00+08:00,23,,,,False,,online,11.0
v6_v6_t0r0e1x0,000852.SH,2025-08-11,UpTrend,Range,2025-08-11 14:00:00+08:00,2025-08-11 14:00:00+08:00,35,,,,False,,online,23.0
v6_v6_t0r0e1x0,000852.SH,2025-08-12,UpTrend,Range,2025-08-12 14:15:00+08:00,2025-08-12 14:15:00+08:00,38,,,,False,,online,26.0
v6_v6_t0r0e1x0,000852.SH,2025-08-13,Range,UpTrend,2025-08-13 11:20:00+08:00,2025-08-13 11:20:00+08:00,21,,,,False,,online,9.0
v6_v6_t0r0e1x0,000852.SH,2025-08-15,Shock,UpTrend,2025-08-15 13:10:00+08:00,2025-08-15 13:10:00+08:00,25,,,,False,,online,13.0
v6_v6_t0r0e1x0,000852.SH,2025-08-15,UpTrend,Range,2025-08-15 14:20:00+08:00,2025-08-15 14:20:00+08:00,39,,,,False,,online,27.0
v6_v6_t0r0e1x0,000852.SH,2025-08-18,UpTrend,Shock,2025-08-18 14:20:00+08:00,2025-08-18 14:20:00+08:00,39,,,,False,,online,27.0
v6_v6_t0r0e1x0,000852.SH,2025-08-21,Shock,Range,2025-08-21 13:55:00+08:00,2025-08-21 13:55:00+08:00,34,,,,False,,online,22.0
v6_v6_t0r0e1x0,000852.SH,2025-08-21,Range,DownTrend,2025-08-21 14:20:00+08:00,2025-08-21 14:20:00+08:00,39,,,,False,,online,27.0
v6_v6_t0r0e1x0,000852.SH,2025-08-22,Range,Shock,2025-08-22 13:25:00+08:00,2025-08-22 13:25:00+08:00,28,,,,False,,online,16.0
v6_v6_t0r0e1x0,000852.SH,2025-08-25,Shock,Range,2025-08-25 11:15:00+08:00,2025-08-25 11:15:00+08:00,20,,,,False,,online,8.0
v6_v6_t0r0e1x0,000852.SH,2025-08-25,Range,Shock,2025-08-25 11:30:00+08:00,2025-08-25 11:30:00+08:00,23,,,,False,,online,11.0
v6_v6_t0r0e1x0,000852.SH,2025-08-26,UpTrend,DownTrend,2025-08-26 11:15:00+08:00,2025-08-26 11:15:00+08:00,20,,,,False,,online,8.0
v6_v6_t0r0e1x0,000852.SH,2025-08-26,DownTrend,Range,2025-08-26 13:55:00+08:00,2025-08-26 13:55:00+08:00,34,,,,False,,online,22.0
v6_v6_t0r0e1x0,000852.SH,2025-08-26,Range,UpTrend,2025-08-26 14:20:00+08:00,2025-08-26 14:20:00+08:00,39,,,,False,,online,27.0
v6_v6_t0r0e1x0,000852.SH,2025-08-27,UpTrend,Shock,2025-08-27 14:10:00+08:00,2025-08-27 14:10:00+08:00,37,,,,True,26,online,25.0
v6_v6_t0r0e1x0,000852.SH,2025-08-29,Shock,Range,2025-08-29 13:10:00+08:00,2025-08-29 13:10:00+08:00,25,,,,False,,online,13.0
v6_v6_t0r0e1x0,000852.SH,2025-08-29,Range,Shock,2025-08-29 14:05:00+08:00,2025-08-29 14:05:00+08:00,36,,,,False,,online,24.0
v6_v6_t0r0e1x0,000852.SH,2025-09-01,Range,Shock,2025-09-01 13:05:00+08:00,2025-09-01 13:05:00+08:00,24,,,,False,,online,12.0
v6_v6_t0r0e1x0,000852.SH,2025-09-01,Shock,Range,2025-09-01 13:25:00+08:00,2025-09-01 13:25:00+08:00,28,,,,False,,online,16.0
v6_v6_t0r0e1x0,000852.SH,2025-09-03,Shock,DownTrend,2025-09-03 13:30:00+08:00,2025-09-03 13:30:00+08:00,29,,,,True,27,online,17.0
v6_v6_t0r0e1x0,000852.SH,2025-09-03,DownTrend,Shock,2025-09-03 13:55:00+08:00,2025-09-03 13:55:00+08:00,34,,,,False,,online,22.0
v6_v6_t0r0e1x0,000852.SH,2025-09-04,Shock,DownTrend,2025-09-04 14:25:00+08:00,2025-09-04 14:25:00+08:00,40,,,,True,28,online,28.0
v6_v6_t0r0e1x0,000852.SH,2025-09-05,UpTrend,Range,2025-09-05 13:20:00+08:00,2025-09-05 13:20:00+08:00,27,,,,True,29,online,15.0
v6_v6_t0r0e1x0,000852.SH,2025-09-05,Range,UpTrend,2025-09-05 14:00:00+08:00,2025-09-05 14:00:00+08:00,35,,,,False,,online,23.0
v6_v6_t0r0e1x0,000852.SH,2025-09-08,Range,UpTrend,2025-09-08 13:25:00+08:00,2025-09-08 13:25:00+08:00,28,,,,False,,online,16.0
v6_v6_t0r0e1x0,000852.SH,2025-09-09,Range,DownTrend,2025-09-09 13:15:00+08:00,2025-09-09 13:15:00+08:00,26,,,,False,,online,14.0
v6_v6_t0r0e1x0,000852.SH,2025-09-09,DownTrend,Range,2025-09-09 14:00:00+08:00,2025-09-09 14:00:00+08:00,35,,,,False,,online,23.0
v6_v6_t0r0e1x0,000852.SH,2025-09-10,DownTrend,Range,2025-09-10 11:15:00+08:00,2025-09-10 11:15:00+08:00,20,,,,False,,online,8.0
v6_v6_t0r0e1x0,000852.SH,2025-09-10,Range,UpTrend,2025-09-10 13:20:00+08:00,2025-09-10 13:20:00+08:00,27,,,,False,,online,15.0
v6_v6_t0r0e1x0,000852.SH,2025-09-10,UpTrend,Range,2025-09-10 13:50:00+08:00,2025-09-10 13:50:00+08:00,33,,,,False,,online,21.0
v6_v6_t0r0e1x0,000852.SH,2025-09-11,UpTrend,Range,2025-09-11 13:35:00+08:00,2025-09-11 13:35:00+08:00,30,,,,False,,online,18.0
v6_v6_t0r0e1x0,000852.SH,2025-09-11,Range,UpTrend,2025-09-11 14:30:00+08:00,2025-09-11 14:30:00+08:00,41,,,,False,,online,29.0
v6_v6_t0r0e1x0,000852.SH,2025-09-12,DownTrend,UpTrend,2025-09-12 13:30:00+08:00,2025-09-12 13:30:00+08:00,29,,,,False,,online,17.0
v6_v6_t0r0e1x0,000852.SH,2025-09-12,UpTrend,Range,2025-09-12 14:05:00+08:00,2025-09-12 14:05:00+08:00,36,,,,False,,online,24.0
v6_v6_t0r0e1x0,000852.SH,2025-09-16,DownTrend,Range,2025-09-16 11:30:00+08:00,2025-09-16 11:30:00+08:00,23,,,,False,,online,11.0
v6_v6_t0r0e1x0,000852.SH,2025-09-16,Range,UpTrend,2025-09-16 13:20:00+08:00,2025-09-16 13:20:00+08:00,27,,,,True,30,online,15.0
v6_v6_t0r0e1x0,000852.SH,2025-09-17,Range,UpTrend,2025-09-17 13:05:00+08:00,2025-09-17 13:05:00+08:00,24,,,,False,,online,12.0
v6_v6_t0r0e1x0,000852.SH,2025-09-17,UpTrend,Range,2025-09-17 13:40:00+08:00,2025-09-17 13:40:00+08:00,31,,,,False,,online,19.0
v6_v6_t0r0e1x0,000852.SH,2025-09-18,Range,DownTrend,2025-09-18 13:35:00+08:00,2025-09-18 13:35:00+08:00,30,,,,False,,online,18.0
v6_v6_t0r0e1x0,000852.SH,2025-09-19,Range,DownTrend,2025-09-19 13:45:00+08:00,2025-09-19 13:45:00+08:00,32,,,,False,,online,20.0
v6_v6_t0r0e1x0,000852.SH,2025-09-23,DownTrend,Shock,2025-09-23 11:20:00+08:00,2025-09-23 11:20:00+08:00,21,,,,False,,online,9.0
v6_v6_t0r0e1x0,000852.SH,2025-09-24,Range,UpTrend,2025-09-24 11:20:00+08:00,2025-09-24 11:20:00+08:00,21,,,,False,,online,9.0
v6_v6_t0r0e1x0,000852.SH,2025-09-25,Range,DownTrend,2025-09-25 13:25:00+08:00,2025-09-25 13:25:00+08:00,28,,,,False,,online,16.0
v6_v6_t0r0e1x0,000852.SH,2025-09-25,DownTrend,Range,2025-09-25 14:15:00+08:00,2025-09-25 14:15:00+08:00,38,,,,False,,online,26.0
v6_v6_t0r0e1x0,000852.SH,2025-09-26,Shock,Range,2025-09-26 11:10:00+08:00,2025-09-26 11:10:00+08:00,19,,,,False,,online,7.0
v6_v6_t0r0e1x0,000852.SH,2025-09-26,Range,DownTrend,2025-09-26 13:45:00+08:00,2025-09-26 13:45:00+08:00,32,,,,False,,online,20.0
v6_v6_t0r0e1x0,000852.SH,2025-09-29,Shock,UpTrend,2025-09-29 11:10:00+08:00,2025-09-29 11:10:00+08:00,19,,,,False,,online,7.0
v6_v6_t0r0e1x0,000852.SH,2025-09-29,UpTrend,Range,2025-09-29 11:30:00+08:00,2025-09-29 11:30:00+08:00,23,,,,False,,online,11.0
v6_v6_t0r0e1x0,000852.SH,2025-09-29,Range,Shock,2025-09-29 14:20:00+08:00,2025-09-29 14:20:00+08:00,39,,,,False,,online,27.0
v6_v6_t0r0e1x0,000852.SH,2025-10-09,UpTrend,Range,2025-10-09 13:20:00+08:00,2025-10-09 13:20:00+08:00,27,,,,False,,online,15.0
v6_v6_t0r0e1x0,000852.SH,2025-10-13,UpTrend,DownTrend,2025-10-13 13:20:00+08:00,2025-10-13 13:20:00+08:00,27,,,,False,,online,15.0
v6_v6_t0r0e1x0,000852.SH,2025-10-13,DownTrend,UpTrend,2025-10-13 14:00:00+08:00,2025-10-13 14:00:00+08:00,35,,,,False,,online,23.0
v6_v6_t0r0e1x0,000852.SH,2025-10-14,DownTrend,Shock,2025-10-14 13:10:00+08:00,2025-10-14 13:10:00+08:00,25,,,,False,,online,13.0
v6_v6_t0r0e1x0,000852.SH,2025-10-15,Shock,Range,2025-10-15 13:15:00+08:00,2025-10-15 13:15:00+08:00,26,,,,False,,online,14.0
v6_v6_t0r0e1x0,000852.SH,2025-10-15,Range,UpTrend,2025-10-15 13:45:00+08:00,2025-10-15 13:45:00+08:00,32,,,,False,,online,20.0
v6_v6_t0r0e1x0,000852.SH,2025-10-16,Range,DownTrend,2025-10-16 13:20:00+08:00,2025-10-16 13:20:00+08:00,27,,,,True,31,online,15.0
v6_v6_t0r0e1x0,000852.SH,2025-10-16,DownTrend,Range,2025-10-16 14:25:00+08:00,2025-10-16 14:25:00+08:00,40,,,,False,,online,28.0
v6_v6_t0r0e1x0,000852.SH,2025-10-17,DownTrend,Range,2025-10-17 14:10:00+08:00,2025-10-17 14:10:00+08:00,37,,,,False,,online,25.0
v6_v6_t0r0e1x0,000852.SH,2025-10-17,Range,DownTrend,2025-10-17 14:25:00+08:00,2025-10-17 14:25:00+08:00,40,,,,False,,online,28.0
v6_v6_t0r0e1x0,000852.SH,2025-10-20,DownTrend,Range,2025-10-20 14:25:00+08:00,2025-10-20 14:25:00+08:00,40,,,,False,,online,28.0
v6_v6_t0r0e1x0,000852.SH,2025-10-22,DownTrend,Range,2025-10-22 13:20:00+08:00,2025-10-22 13:20:00+08:00,27,,,,False,,online,15.0
v6_v6_t0r0e1x0,000852.SH,2025-10-23,Range,UpTrend,2025-10-23 14:20:00+08:00,2025-10-23 14:20:00+08:00,39,,,,False,,online,27.0
v6_v6_t0r0e1x0,000852.SH,2025-10-24,Range,UpTrend,2025-10-24 13:15:00+08:00,2025-10-24 13:15:00+08:00,26,,,,False,,online,14.0
v6_v6_t0r0e1x0,000852.SH,2025-10-24,UpTrend,Range,2025-10-24 14:10:00+08:00,2025-10-24 14:10:00+08:00,37,,,,False,,online,25.0
v6_v6_t0r0e1x0,000852.SH,2025-10-27,Range,UpTrend,2025-10-27 13:05:00+08:00,2025-10-27 13:05:00+08:00,24,,,,False,,online,12.0
v6_v6_t0r0e1x0,000852.SH,2025-10-28,DownTrend,Shock,2025-10-28 14:00:00+08:00,2025-10-28 14:00:00+08:00,35,,,,False,,online,23.0
v6_v6_t0r0e1x0,000852.SH,2025-10-29,Range,UpTrend,2025-10-29 13:10:00+08:00,2025-10-29 13:10:00+08:00,25,,,,False,,online,13.0
v6_v6_t0r0e1x0,000852.SH,2025-10-30,Shock,UpTrend,2025-10-30 11:20:00+08:00,2025-10-30 11:20:00+08:00,21,,,,False,,online,9.0
v6_v6_t0r0e1x0,000852.SH,2025-10-30,UpTrend,Shock,2025-10-30 13:10:00+08:00,2025-10-30 13:10:00+08:00,25,,,,False,,online,13.0
v6_v6_t0r0e1x0,000852.SH,2025-10-31,Shock,Range,2025-10-31 13:10:00+08:00,2025-10-31 13:10:00+08:00,25,,,,False,,online,13.0
v6_v6_t0r0e1x0,000852.SH,2025-11-03,UpTrend,Range,2025-11-03 14:25:00+08:00,2025-11-03 14:25:00+08:00,40,,,,False,,online,28.0
v6_v6_t0r0e1x0,000852.SH,2025-11-05,Shock,UpTrend,2025-11-05 13:30:00+08:00,2025-11-05 13:30:00+08:00,29,,,,False,,online,17.0
v6_v6_t0r0e1x0,000852.SH,2025-11-06,UpTrend,Range,2025-11-06 13:20:00+08:00,2025-11-06 13:20:00+08:00,27,,,,False,,online,15.0
v6_v6_t0r0e1x0,000852.SH,2025-11-06,Range,UpTrend,2025-11-06 14:30:00+08:00,2025-11-06 14:30:00+08:00,41,,,,False,,online,29.0
v6_v6_t0r0e1x0,000852.SH,2025-11-07,UpTrend,Range,2025-11-07 13:40:00+08:00,2025-11-07 13:40:00+08:00,31,,,,False,,online,19.0
v6_v6_t0r0e1x0,000852.SH,2025-11-07,Range,DownTrend,2025-11-07 14:20:00+08:00,2025-11-07 14:20:00+08:00,39,,,,False,,online,27.0
v6_v6_t0r0e1x0,000852.SH,2025-11-10,Shock,Range,2025-11-10 11:25:00+08:00,2025-11-10 11:25:00+08:00,22,,,,False,,online,10.0
v6_v6_t0r0e1x0,000852.SH,2025-11-11,DownTrend,Range,2025-11-11 11:30:00+08:00,2025-11-11 11:30:00+08:00,23,,,,False,,online,11.0
v6_v6_t0r0e1x0,000852.SH,2025-11-11,Range,DownTrend,2025-11-11 13:30:00+08:00,2025-11-11 13:30:00+08:00,29,,,,False,,online,17.0
v6_v6_t0r0e1x0,000852.SH,2025-11-11,DownTrend,Range,2025-11-11 14:25:00+08:00,2025-11-11 14:25:00+08:00,40,,,,True,32,online,28.0
v6_v6_t0r0e1x0,000852.SH,2025-11-12,Shock,DownTrend,2025-11-12 11:20:00+08:00,2025-11-12 11:20:00+08:00,21,,,,False,,online,9.0
v6_v6_t0r0e1x0,000852.SH,2025-11-12,DownTrend,Shock,2025-11-12 13:25:00+08:00,2025-11-12 13:25:00+08:00,28,,,,False,,online,16.0
v6_v6_t0r0e1x0,000852.SH,2025-11-13,UpTrend,DownTrend,2025-11-13 14:05:00+08:00,2025-11-13 14:05:00+08:00,36,,,,False,,online,24.0
v6_v6_t0r0e1x0,000852.SH,2025-11-13,DownTrend,Range,2025-11-13 14:25:00+08:00,2025-11-13 14:25:00+08:00,40,,,,False,,online,28.0
v6_v6_t0r0e1x0,000852.SH,2025-11-19,Shock,Range,2025-11-19 13:50:00+08:00,2025-11-19 13:50:00+08:00,33,,,,False,,online,21.0
v6_v6_t0r0e1x0,000852.SH,2025-11-19,Range,Shock,2025-11-19 14:25:00+08:00,2025-11-19 14:25:00+08:00,40,,,,False,,online,28.0
v6_v6_t0r0e1x0,000852.SH,2025-11-20,DownTrend,Range,2025-11-20 13:05:00+08:00,2025-11-20 13:05:00+08:00,24,,,,False,,online,12.0
v6_v6_t0r0e1x0,000852.SH,2025-11-20,Range,DownTrend,2025-11-20 14:15:00+08:00,2025-11-20 14:15:00+08:00,38,,,,True,33,online,26.0
v6_v6_t0r0e1x0,000852.SH,2025-11-24,Shock,Range,2025-11-24 11:20:00+08:00,2025-11-24 11:20:00+08:00,21,,,,False,,online,9.0
v6_v6_t0r0e1x0,000852.SH,2025-11-24,Range,UpTrend,2025-11-24 13:40:00+08:00,2025-11-24 13:40:00+08:00,31,,,,False,,online,19.0
v6_v6_t0r0e1x0,000852.SH,2025-11-25,UpTrend,DownTrend,2025-11-25 13:20:00+08:00,2025-11-25 13:20:00+08:00,27,,,,False,,online,15.0
v6_v6_t0r0e1x0,000852.SH,2025-11-26,Range,UpTrend,2025-11-26 13:15:00+08:00,2025-11-26 13:15:00+08:00,26,,,,False,,online,14.0
v6_v6_t0r0e1x0,000852.SH,2025-11-26,UpTrend,DownTrend,2025-11-26 13:50:00+08:00,2025-11-26 13:50:00+08:00,33,,,,True,34,online,21.0
v6_v6_t0r0e1x0,000852.SH,2025-11-28,Shock,Range,2025-11-28 11:20:00+08:00,2025-11-28 11:20:00+08:00,21,,,,False,,online,9.0
v6_v6_t0r0e1x0,000852.SH,2025-11-28,Range,UpTrend,2025-11-28 13:55:00+08:00,2025-11-28 13:55:00+08:00,34,,,,False,,online,22.0
v6_v6_t0r0e1x0,000852.SH,2025-12-01,DownTrend,UpTrend,2025-12-01 11:25:00+08:00,2025-12-01 11:25:00+08:00,22,,,,False,,online,10.0
v6_v6_t0r0e1x0,000852.SH,2025-12-01,UpTrend,Range,2025-12-01 13:40:00+08:00,2025-12-01 13:40:00+08:00,31,,,,False,,online,19.0
v6_v6_t0r0e1x0,000852.SH,2025-12-02,Range,DownTrend,2025-12-02 13:25:00+08:00,2025-12-02 13:25:00+08:00,28,,,,False,,online,16.0
v6_v6_t0r0e1x0,000852.SH,2025-12-02,DownTrend,Range,2025-12-02 13:50:00+08:00,2025-12-02 13:50:00+08:00,33,,,,False,,online,21.0
v6_v6_t0r0e1x0,000852.SH,2025-12-03,Range,DownTrend,2025-12-03 14:10:00+08:00,2025-12-03 14:10:00+08:00,37,,,,True,35,online,25.0
v6_v6_t0r0e1x0,000852.SH,2025-12-04,Shock,UpTrend,2025-12-04 13:05:00+08:00,2025-12-04 13:05:00+08:00,24,,,,False,,online,12.0
v6_v6_t0r0e1x0,000852.SH,2025-12-04,UpTrend,Range,2025-12-04 13:35:00+08:00,2025-12-04 13:35:00+08:00,30,,,,True,36,online,18.0
v6_v6_t0r0e1x0,000852.SH,2025-12-05,UpTrend,Range,2025-12-05 13:25:00+08:00,2025-12-05 13:25:00+08:00,28,,,,False,,online,16.0
v6_v6_t0r0e1x0,000852.SH,2025-12-05,Range,UpTrend,2025-12-05 14:10:00+08:00,2025-12-05 14:10:00+08:00,37,,,,False,,online,25.0
v6_v6_t0r0e1x0,000852.SH,2025-12-08,Range,UpTrend,2025-12-08 13:35:00+08:00,2025-12-08 13:35:00+08:00,30,,,,False,,online,18.0
v6_v6_t0r0e1x0,000852.SH,2025-12-08,UpTrend,Range,2025-12-08 14:15:00+08:00,2025-12-08 14:15:00+08:00,38,,,,False,,online,26.0
v6_v6_t0r0e1x0,000852.SH,2025-12-09,Range,DownTrend,2025-12-09 13:55:00+08:00,2025-12-09 13:55:00+08:00,34,,,,False,,online,22.0
v6_v6_t0r0e1x0,000852.SH,2025-12-10,Range,UpTrend,2025-12-10 14:30:00+08:00,2025-12-10 14:30:00+08:00,41,,,,False,,online,29.0
v6_v6_t0r0e1x0,000852.SH,2025-12-11,Range,DownTrend,2025-12-11 13:10:00+08:00,2025-12-11 13:10:00+08:00,25,,,,False,,online,13.0
v6_v6_t0r0e1x0,000852.SH,2025-12-12,Shock,Range,2025-12-12 13:30:00+08:00,2025-12-12 13:30:00+08:00,29,,,,False,,online,17.0
v6_v6_t0r0e1x0,000852.SH,2025-12-12,Range,UpTrend,2025-12-12 14:00:00+08:00,2025-12-12 14:00:00+08:00,35,,,,False,,online,23.0
v6_v6_t0r0e1x0,000852.SH,2025-12-15,UpTrend,Shock,2025-12-15 11:10:00+08:00,2025-12-15 11:10:00+08:00,19,,,,False,,online,7.0
v6_v6_t0r0e1x0,000852.SH,2025-12-15,Shock,DownTrend,2025-12-15 13:15:00+08:00,2025-12-15 13:15:00+08:00,26,,,,False,,online,14.0
v6_v6_t0r0e1x0,000852.SH,2025-12-15,DownTrend,Shock,2025-12-15 14:10:00+08:00,2025-12-15 14:10:00+08:00,37,,,,False,,online,25.0
v6_v6_t0r0e1x0,000852.SH,2025-12-17,Shock,Range,2025-12-17 13:20:00+08:00,2025-12-17 13:20:00+08:00,27,,,,False,,online,15.0
v6_v6_t0r0e1x0,000852.SH,2025-12-17,Range,Shock,2025-12-17 13:55:00+08:00,2025-12-17 13:55:00+08:00,34,,,,False,,online,22.0
v6_v6_t0r0e1x0,000852.SH,2025-12-18,Shock,DownTrend,2025-12-18 14:00:00+08:00,2025-12-18 14:00:00+08:00,35,,,,True,37,online,23.0
v6_v6_t0r0e1x0,000852.SH,2025-12-19,Shock,Range,2025-12-19 11:25:00+08:00,2025-12-19 11:25:00+08:00,22,,,,False,,online,10.0
v6_v6_t0r0e1x0,000852.SH,2025-12-22,Range,UpTrend,2025-12-22 11:15:00+08:00,2025-12-22 11:15:00+08:00,20,,,,False,,online,8.0
v6_v6_t0r0e1x0,000852.SH,2025-12-22,UpTrend,Range,2025-12-22 13:25:00+08:00,2025-12-22 13:25:00+08:00,28,,,,False,,online,16.0
v6_v6_t0r0e1x0,000852.SH,2025-12-22,Range,DownTrend,2025-12-22 13:50:00+08:00,2025-12-22 13:50:00+08:00,33,,,,False,,online,21.0
v6_v6_t0r0e1x0,000852.SH,2025-12-22,DownTrend,Range,2025-12-22 14:20:00+08:00,2025-12-22 14:20:00+08:00,39,,,,False,,online,27.0
v6_v6_t0r0e1x0,000852.SH,2025-12-23,Shock,DownTrend,2025-12-23 13:45:00+08:00,2025-12-23 13:45:00+08:00,32,,,,False,,online,20.0
v6_v6_t0r0e1x0,000852.SH,2025-12-23,DownTrend,Range,2025-12-23 14:20:00+08:00,2025-12-23 14:20:00+08:00,39,,,,False,,online,27.0
v6_v6_t0r0e1x0,000852.SH,2025-12-24,Range,UpTrend,2025-12-24 13:40:00+08:00,2025-12-24 13:40:00+08:00,31,,,,False,,online,19.0
v6_v6_t0r0e1x0,000852.SH,2025-12-25,Range,UpTrend,2025-12-25 11:05:00+08:00,2025-12-25 11:05:00+08:00,18,,,,False,,online,6.0
v6_v6_t0r0e1x0,000852.SH,2025-12-25,UpTrend,Range,2025-12-25 13:55:00+08:00,2025-12-25 13:55:00+08:00,34,,,,False,,online,22.0
v6_v6_t0r0e1x0,000852.SH,2025-12-25,Range,UpTrend,2025-12-25 14:10:00+08:00,2025-12-25 14:10:00+08:00,37,,,,False,,online,25.0
v6_v6_t0r0e1x0,000852.SH,2025-12-25,UpTrend,Range,2025-12-25 14:30:00+08:00,2025-12-25 14:30:00+08:00,41,,,,False,,online,29.0
v6_v6_t0r0e1x0,000852.SH,2025-12-26,Shock,UpTrend,2025-12-26 14:10:00+08:00,2025-12-26 14:10:00+08:00,37,,,,False,,online,25.0
v6_v6_t0r0e1x0,000852.SH,2025-12-29,Range,DownTrend,2025-12-29 13:20:00+08:00,2025-12-29 13:20:00+08:00,27,,,,False,,online,15.0
v6_v6_t0r0e1x0,000852.SH,2025-12-30,UpTrend,Shock,2025-12-30 13:30:00+08:00,2025-12-30 13:30:00+08:00,29,,,,False,,online,17.0
v6_v6_t0r0e1x0,000852.SH,2025-12-31,Range,UpTrend,2025-12-31 13:45:00+08:00,2025-12-31 13:45:00+08:00,32,,,,False,,online,20.0
v6_v6_t0r0e1x0,000852.SH,2025-12-31,UpTrend,Range,2025-12-31 14:25:00+08:00,2025-12-31 14:25:00+08:00,40,,,,False,,online,28.0
