cell,event_day,event_entry_idx,control_day,control_entry_idx,side,parent_direction,clock_bucket,calendar_year,severity,match_distance,event_parent_abs_drift,event_parent_efficiency,event_log1p_parent_age_bars,event_local_vol_30_over_240,control_parent_abs_drift,control_parent_efficiency,control_log1p_parent_age_bars,control_local_vol_30_over_240,symbol,pair_id,event_entry_time,control_entry_time
R1_A,2015-01-06,246,2015-01-06,245,LONG,1,19,2015,0.763252291981,0.129159663972,0.153602564257,0.111066671999,1.79175946923,2.57557186354,0.153602564257,0.111066671999,1.60943791243,2.56261986287,000852.SH,000852.SH:DEV_R1_A:246:245,2015-01-06T09:37:00+08:00,2015-01-06T09:36:00+08:00
R1_A,2015-01-06,328,2015-09-24,42790,LONG,1,21,2015,0.639911647015,0.526112271623,0.0730026209638,0.064222519254,2.48490664979,0.76061076395,0.0954299191773,0.0475767639276,2.56494935746,0.588582400974,000852.SH,000852.SH:DEV_R1_A:328:42790,2015-01-06T10:59:00+08:00,2015-09-24T10:41:00+08:00
R1_A,2015-01-06,450,2015-03-27,13187,LONG,1,29,2015,0.320061008954,0.537765108693,0.160294607777,0.113726809035,4.68213122712,0.362612646843,0.212809807206,0.112608187135,5.36597601502,0.404589160437,000852.SH,000852.SH:DEV_R1_A:450:13187,2015-01-06T14:31:00+08:00,2015-03-27T14:48:00+08:00
R1_A,2015-01-07,584,2015-08-07,35145,LONG,1,22,2015,0.515891960877,0.72562605063,0.503900441896,0.279441624365,3.36729582999,0.482467416617,0.407271269162,0.230238648519,3.36729582999,0.488768763857,000852.SH,000852.SH:DEV_R1_A:584:35145,2015-01-07T11:15:00+08:00,2015-08-07T11:16:00+08:00
R1_A,2015-01-08,775,2015-03-05,9178,LONG,1,20,2015,0.733955195584,0.616396051479,0.146718439844,0.0436538687331,2.48490664979,1.78782713864,0.19364405224,0.087228092503,2.19722457734,1.71701620428,000852.SH,000852.SH:DEV_R1_A:775:9178,2015-01-08T10:26:00+08:00,2015-03-05T10:29:00+08:00
R1_A,2015-01-09,970,2015-09-24,42740,LONG,1,19,2015,0.802852101623,0.660368092856,0.136652382932,0.0782070370661,2.8903717579,1.77002807606,0.215038678232,0.0968063162387,2.99573227355,1.5878737167,000852.SH,000852.SH:DEV_R1_A:970:42740,2015-01-09T09:41:00+08:00,2015-09-24T09:51:00+08:00
R1_A,2015-01-13,1539,2015-01-13,1536,SHORT,-1,22,2015,1.13678678114,0.0440047551438,0.432925633165,0.16705379541,4.43081679884,0.824251161309,0.432925633165,0.16705379541,4.39444915467,0.811076831374,000852.SH,000852.SH:DEV_R1_A:1539:1536,2015-01-13T11:10:00+08:00,2015-01-13T11:07:00+08:00
R1_A,2015-01-19,2542,2015-01-19,2541,LONG,1,26,2015,1.43400220431,0.116891976924,0.110419201692,0.0973466877526,3.36729582999,0.369534375446,0.110419201692,0.0973466877526,3.33220451018,0.328098341799,000852.SH,000852.SH:DEV_R1_A:2542:2541,2015-01-19T13:23:00+08:00,2015-01-19T13:22:00+08:00
R1_A,2015-01-20,2647,2015-12-28,57622,SHORT,-1,19,2015,1.83907903923,0.576942534867,0.0898100353569,0.0616978910803,3.13549421593,2.11235266223,0.0945801091678,0.050468060964,3.78418963392,1.98672005415,000852.SH,000852.SH:DEV_R1_A:2647:57622,2015-01-20T09:38:00+08:00,2015-12-28T09:53:00+08:00
R1_A,2015-01-21,2956,2015-01-21,2954,LONG,1,21,2015,0.361903891309,0.0344252513414,0.615888131793,0.385081938532,4.82028156561,0.488662545787,0.615888131793,0.385081938532,4.80402104473,0.476858326983,000852.SH,000852.SH:DEV_R1_A:2956:2954,2015-01-21T10:47:00+08:00,2015-01-21T10:45:00+08:00
R1_A,2015-01-21,3088,2015-03-18,11488,LONG,1,28,2015,0.339503903964,0.703724095296,0.615888131793,0.385081938532,5.54517744448,0.290404349987,0.631752694978,0.364275830258,5.46806014114,0.527492624661,000852.SH,000852.SH:DEV_R1_A:3088:11488,2015-01-21T14:29:00+08:00,2015-03-18T14:29:00+08:00
R1_A,2015-01-22,3190,2015-01-21,2945,LONG,1,21,2015,0.400875344669,2.0682434547,0.615888131793,0.385081938532,5.8805329864,1.31226933987,0.615888131793,0.385081938532,4.72738781871,0.619348109899,000852.SH,000852.SH:DEV_R1_A:3190:2945,2015-01-22T10:41:00+08:00,2015-01-21T10:36:00+08:00
R1_A,2015-01-23,3446,2015-01-23,3445,LONG,1,21,2015,0.643895863789,0.0447384072117,0.682081842295,0.302714941978,3.09104245336,1.31955972534,0.682081842295,0.302714941978,3.04452243772,1.3081155998,000852.SH,000852.SH:DEV_R1_A:3446:3445,2015-01-23T10:57:00+08:00,2015-01-23T10:56:00+08:00
R1_A,2015-01-26,3716,2015-01-26,3715,LONG,1,22,2015,0.302430418867,0.0135566276209,0.581227692004,0.208575855282,4.7184988713,0.601610648363,0.581227692004,0.208575855282,4.70953020131,0.605993834999,000852.SH,000852.SH:DEV_R1_A:3716:3715,2015-01-26T11:27:00+08:00,2015-01-26T11:26:00+08:00
R1_A,2015-01-27,3979,2015-01-27,3978,LONG,1,26,2015,1.09515256444,0.122358067122,0.372141327624,0.126737063449,3.25809653802,2.00582905924,0.372141327624,0.126737063449,3.21887582487,1.9625879921,000852.SH,000852.SH:DEV_R1_A:3979:3978,2015-01-27T13:20:00+08:00,2015-01-27T13:19:00+08:00
R1_A,2015-01-28,4093,2015-03-31,13460,LONG,1,19,2015,0.407615358768,0.768090278429,0.339409983567,0.160648825538,4.56434819147,1.84873611056,0.330312076169,0.0991094326556,4.15888308336,1.83886923052,000852.SH,000852.SH:DEV_R1_A:4093:13460,2015-01-28T09:44:00+08:00,2015-03-31T09:51:00+08:00
R1_A,2015-01-29,4326,2015-01-12,1228,LONG,1,19,2015,1.35752480634,0.934449276136,0.167296391062,0.0653213465953,3.98898404656,2.53757270417,0.0209598780694,0.0104927330734,3.93182563272,2.57102659798,000852.SH,000852.SH:DEV_R1_A:4326:1228,2015-01-29T09:37:00+08:00,2015-01-12T09:59:00+08:00
R1_A,2015-01-30,4749,2015-01-30,4747,SHORT,-1,28,2015,0.736815360819,0.0725160944306,0.24683309658,0.0984461152882,3.55534806149,0.634387020588,0.24683309658,0.0984461152882,3.49650756147,0.612496378371,000852.SH,000852.SH:DEV_R1_A:4749:4747,2015-01-30T14:10:00+08:00,2015-01-30T14:08:00+08:00
R1_A,2015-02-02,4821,2015-06-16,26168,SHORT,-1,19,2015,0.567511702572,0.992220341325,0.444120396038,0.29253140931,2.19722457734,2.59772739707,0.394296348208,0.230147385617,1.38629436112,2.48243290316,000852.SH,000852.SH:DEV_R1_A:4821:26168,2015-02-02T09:52:00+08:00,2015-06-16T09:39:00+08:00
R1_A,2015-02-04,5363,2015-02-04,5362,LONG,1,21,2015,0.354949595313,0.0150646379851,0.428502086971,0.197723068166,5.77765232322,0.465105956467,0.428502086971,0.197723068166,5.77455154554,0.45970451517,000852.SH,000852.SH:DEV_R1_A:5363:5362,2015-02-04T10:54:00+08:00,2015-02-04T10:53:00+08:00
R1_A,2015-02-26,7925,2015-02-26,7924,LONG,1,19,2015,0.771048515013,0.0203870346903,0.369126023098,0.112209686996,3.89182029811,0.980916456108,0.369126023098,0.112209686996,3.87120101091,0.975562087405,000852.SH,000852.SH:DEV_R1_A:7925:7924,2015-02-26T09:36:00+08:00,2015-02-26T09:35:00+08:00
R1_A,2015-03-04,8886,2015-03-04,8885,LONG,1,19,2015,1.05369623949,0.0148276650723,0.719699096666,0.31138465892,4.27666611902,1.13746415929,0.719699096666,0.31138465892,4.26267987704,1.141580554,000852.SH,000852.SH:DEV_R1_A:8886:8885,2015-03-04T09:37:00+08:00,2015-03-04T09:36:00+08:00
R1_A,2015-03-05,9181,2015-03-05,9180,LONG,1,21,2015,0.61513105741,0.0593688553205,0.19364405224,0.087228092503,2.48490664979,1.72301101374,0.19364405224,0.087228092503,2.3978952728,1.72154023765,000852.SH,000852.SH:DEV_R1_A:9181:9180,2015-03-05T10:32:00+08:00,2015-03-05T10:31:00+08:00
R1_A,2015-03-06,9554,2015-01-30,4744,SHORT,-1,28,2015,0.396842844059,0.273459668542,0.199272615224,0.0984797260453,3.63758615973,0.764251485079,0.24683309658,0.0984461152882,3.40119738166,0.755512155754,000852.SH,000852.SH:DEV_R1_A:9554:4744,2015-03-06T14:15:00+08:00,2015-01-30T14:05:00+08:00
R1_A,2015-03-12,10505,2015-03-12,10504,LONG,1,28,2015,1.30919065812,0.0150207994738,0.500528428874,0.183293921021,4.5747109785,0.539942279425,0.500528428874,0.183293921021,4.56434819147,0.535140025062,000852.SH,000852.SH:DEV_R1_A:10505:10504,2015-03-12T14:06:00+08:00,2015-03-12T14:05:00+08:00
R1_A,2015-03-17,11236,2015-03-17,11235,LONG,1,28,2015,1.20773309965,0.0862767330035,0.606675020403,0.349897569569,3.36729582999,1.24519546546,0.606675020403,0.349897569569,3.33220451018,1.21517399332,000852.SH,000852.SH:DEV_R1_A:11236:11235,2015-03-17T14:17:00+08:00,2015-03-17T14:16:00+08:00
R1_A,2015-03-19,11530,2015-03-19,11529,LONG,1,19,2015,0.41069167508,0.125249768596,0.631752694978,0.364275830258,5.63121178182,2.06374115469,0.631752694978,0.364275830258,5.62762111369,2.01839395317,000852.SH,000852.SH:DEV_R1_A:11530:11529,2015-03-19T09:41:00+08:00,2015-03-19T09:40:00+08:00
R1_A,2015-03-19,11571,2015-01-21,2922,LONG,1,20,2015,0.329018362307,1.06115245379,0.631752694978,0.364275830258,5.76832099579,1.10964136781,0.615888131793,0.385081938532,4.49980967033,0.905881868549,000852.SH,000852.SH:DEV_R1_A:11571:2922,2015-03-19T10:22:00+08:00,2015-01-21T10:13:00+08:00
R1_A,2015-03-19,11686,2015-12-30,58239,LONG,1,27,2015,0.571271143263,1.23885816018,0.363272565716,0.165816272069,2.30258509299,1.2724108624,0.511062550548,0.226641344434,2.3978952728,1.00029830513,000852.SH,000852.SH:DEV_R1_A:11686:58239,2015-03-19T13:47:00+08:00,2015-12-30T13:40:00+08:00
R1_A,2015-03-20,11892,2015-12-25,57490,LONG,1,26,2015,0.769767514713,1.11968632026,0.500960441825,0.28673225714,3.04452243772,1.2733834913,0.535062676656,0.218395907323,2.99573227355,0.993513715272,000852.SH,000852.SH:DEV_R1_A:11892:57490,2015-03-20T13:13:00+08:00,2015-12-25T13:11:00+08:00
R1_A,2015-03-23,12195,2015-03-23,12184,LONG,1,28,2015,0.401647582879,0.0477817574956,0.427885276655,0.256369855117,5.39816270152,0.872632396295,0.427885276655,0.256369855117,5.34710753072,0.860757948727,000852.SH,000852.SH:DEV_R1_A:12195:12184,2015-03-23T14:16:00+08:00,2015-03-23T14:05:00+08:00
R1_A,2015-03-24,12250,2015-05-11,19938,LONG,1,19,2015,0.54090665918,0.802367933157,0.57702109066,0.294556685111,1.60943791243,2.28562356524,0.517798155972,0.326162379913,1.09861228867,2.48825850994,000852.SH,000852.SH:DEV_R1_A:12250:19938,2015-03-24T09:41:00+08:00,2015-05-11T09:49:00+08:00
R1_A,2015-03-24,12337,2015-05-05,19078,SHORT,-1,22,2015,0.57984764277,1.4751200732,0.273722871891,0.214265569315,1.94591014906,1.9274055535,0.215696738624,0.140034478186,3.09104245336,1.61326722949,000852.SH,000852.SH:DEV_R1_A:12337:19078,2015-03-24T11:08:00+08:00,2015-05-05T11:29:00+08:00
R1_A,2015-03-24,12382,2015-06-04,24360,SHORT,-1,26,2015,1.74200451838,2.07569114857,0.472196319402,0.436681542176,3.25809653802,1.13388578419,0.375496782356,0.266717397508,2.7080502011,1.03901099772,000852.SH,000852.SH:DEV_R1_A:12382:24360,2015-03-24T13:23:00+08:00,2015-06-04T13:01:00+08:00
R1_A,2015-03-25,12487,2015-01-15,1935,LONG,1,19,2015,0.503477656353,1.32979929551,0.291095825653,0.205484484681,1.60943791243,0.909653089106,0.419391187729,0.125939672255,1.09861228867,1.15033196161,000852.SH,000852.SH:DEV_R1_A:12487:1935,2015-03-25T09:38:00+08:00,2015-01-15T09:46:00+08:00
R1_A,2015-03-25,12509,2015-01-21,2914,LONG,1,20,2015,0.374912569116,1.35136112243,0.706187442679,0.420518300828,2.7080502011,1.06615562014,0.615888131793,0.385081938532,4.40671924726,0.92803642819,000852.SH,000852.SH:DEV_R1_A:12509:2914,2015-03-25T10:00:00+08:00,2015-01-21T10:05:00+08:00
R1_A,2015-03-25,12595,2015-12-25,57478,LONG,1,22,2015,1.02924883965,1.10856787453,0.514456051101,0.283220473133,3.04452243772,1.07754280779,0.535062676656,0.218395907323,2.07944154168,0.907320663113,000852.SH,000852.SH:DEV_R1_A:12595:57478,2015-03-25T11:26:00+08:00,2015-12-25T11:29:00+08:00
R1_A,2015-03-26,12726,2015-01-06,244,LONG,1,19,2015,1.58442222007,0.707152280905,0.13660420421,0.0808070566765,1.79175946923,2.34616961772,0.153602564257,0.111066671999,1.38629436112,2.54255232933,000852.SH,000852.SH:DEV_R1_A:12726:244,2015-03-26T09:37:00+08:00,2015-01-06T09:35:00+08:00
R1_A,2015-03-26,12829,2015-06-04,24358,SHORT,-1,22,2015,0.726132263375,1.16846227445,0.287382566296,0.234141508099,2.19722457734,1.23813462972,0.375496782356,0.266717397508,2.56494935746,0.877175755759,000852.SH,000852.SH:DEV_R1_A:12829:24358,2015-03-26T11:20:00+08:00,2015-06-04T11:29:00+08:00
R1_A,2015-03-31,13560,2015-02-06,5886,LONG,1,26,2015,0.412898407178,0.551849343984,0.330312076169,0.0991094326556,5.09986642782,1.26864751345,0.283570303738,0.0736608469907,5.06259503303,1.11942585477,000852.SH,000852.SH:DEV_R1_A:13560:5886,2015-03-31T13:01:00+08:00,2015-02-06T13:07:00+08:00
R1_A,2015-03-31,13649,2015-02-25,7898,LONG,1,29,2015,0.945659793218,1.18229528524,0.346435591909,0.120343565328,1.94591014906,1.8439253881,0.369126023098,0.112209686996,3.09104245336,1.52610884013,000852.SH,000852.SH:DEV_R1_A:13649:7898,2015-03-31T14:30:00+08:00,2015-02-25T14:39:00+08:00
R1_A,2015-04-01,13864,2015-03-27,13141,LONG,1,28,2015,0.291574157665,0.295719643577,0.256916938946,0.110526389453,5.20400668708,0.600084579864,0.212809807206,0.112608187135,5.1239639794,0.525561323342,000852.SH,000852.SH:DEV_R1_A:13864:13141,2015-04-01T14:05:00+08:00,2015-03-27T14:02:00+08:00
R1_A,2015-04-02,13980,2015-01-23,3432,LONG,1,21,2015,0.59469698685,0.781006129403,0.541318582617,0.266752811677,2.07944154168,0.976233854005,0.682081842295,0.302714941978,2.07944154168,1.01630023515,000852.SH,000852.SH:DEV_R1_A:13980:3432,2015-04-02T10:31:00+08:00,2015-01-23T10:43:00+08:00
R1_A,2015-04-02,14103,2015-05-06,19408,LONG,1,28,2015,0.95009307534,0.627552154225,0.326578917943,0.240446487196,3.25809653802,1.27899857092,0.378483446407,0.259147340445,3.55534806149,1.09861418499,000852.SH,000852.SH:DEV_R1_A:14103:19408,2015-04-02T14:04:00+08:00,2015-05-06T14:29:00+08:00
R1_A,2015-04-03,14164,2015-09-25,42982,LONG,1,19,2015,0.594985245208,0.695743525692,0.100591175877,0.0678101316314,1.38629436112,2.03354008228,0.0444217738276,0.0298017592228,1.38629436112,1.86305253188,000852.SH,000852.SH:DEV_R1_A:14164:42982,2015-04-03T09:35:00+08:00,2015-09-25T09:53:00+08:00
R1_A,2015-04-03,14281,2015-05-08,19828,LONG,1,26,2015,0.952013419494,1.47879483094,0.458054858534,0.347539047824,3.21887582487,0.988309780538,0.533103668995,0.297912100588,2.19722457734,0.583377146423,000852.SH,000852.SH:DEV_R1_A:14281:19828,2015-04-03T13:02:00+08:00,2015-05-08T13:29:00+08:00
R1_A,2015-04-03,14370,2015-03-27,13177,LONG,1,29,2015,0.397590140362,0.945264419812,0.252975084077,0.171277613679,4.43081679884,0.766507516654,0.212809807206,0.112608187135,5.31811999384,0.704245773744,000852.SH,000852.SH:DEV_R1_A:14370:13177,2015-04-03T14:31:00+08:00,2015-03-27T14:38:00+08:00
R1_A,2015-04-07,14460,2015-12-30,58163,LONG,1,21,2015,0.274986319702,0.586636771064,0.252975084077,0.171277613679,5.15905529921,0.594103769029,0.231079784847,0.122707859677,4.97673374242,0.595898132003,000852.SH,000852.SH:DEV_R1_A:14460:58163,2015-04-07T10:31:00+08:00,2015-12-30T10:54:00+08:00
R1_A,2015-04-08,14653,2015-08-07,35064,LONG,1,19,2015,0.697978907709,0.806127532967,0.50873229073,0.2306149436,1.94591014906,2.26210899127,0.44902484985,0.271949729447,2.19722457734,2.05926094495,000852.SH,000852.SH:DEV_R1_A:14653:35064,2015-04-08T09:44:00+08:00,2015-08-07T09:55:00+08:00
R1_A,2015-04-09,14948,2015-04-09,14947,SHORT,-1,21,2015,0.875350635061,0.105274820099,0.743843187786,0.597070259517,1.94591014906,1.71002022927,0.743843187786,0.597070259517,1.79175946923,1.71309272157,000852.SH,000852.SH:DEV_R1_A:14948:14947,2015-04-09T10:39:00+08:00,2015-04-09T10:38:00+08:00
R1_A,2015-04-10,15295,2015-04-10,15294,LONG,1,27,2015,0.531421985825,0.0668909254096,0.48712358403,0.359545653124,2.48490664979,0.743145700658,0.48712358403,0.359545653124,2.3978952728,0.73188937235,000852.SH,000852.SH:DEV_R1_A:15295:15294,2015-04-10T13:56:00+08:00,2015-04-10T13:55:00+08:00
R1_A,2015-04-13,15402,2015-08-07,35071,LONG,1,20,2015,0.583961912635,0.718863713511,0.380911264263,0.242682825138,2.07944154168,1.02491569022,0.474900138597,0.278925296257,1.79175946923,0.903488764553,000852.SH,000852.SH:DEV_R1_A:15402:35071,2015-04-13T10:13:00+08:00,2015-08-07T10:02:00+08:00
R1_A,2015-04-13,15532,2015-04-10,15283,LONG,1,27,2015,0.408608657736,0.479629518671,0.339744552322,0.210697563685,4.81218435537,0.702624334334,0.263746871063,0.220785063547,5.06890420222,0.612144073679,000852.SH,000852.SH:DEV_R1_A:15532:15283,2015-04-13T13:53:00+08:00,2015-04-10T13:44:00+08:00
R1_A,2015-04-14,15628,2015-08-07,35065,LONG,1,19,2015,0.339606351779,0.556892509854,0.509452241193,0.279541710349,2.99573227355,2.07840197429,0.44902484985,0.271949729447,2.30258509299,2.06328020883,000852.SH,000852.SH:DEV_R1_A:15628:35065,2015-04-14T09:59:00+08:00,2015-08-07T09:56:00+08:00
R1_A,2015-04-14,15656,2015-03-05,9174,LONG,1,20,2015,0.633612407957,0.364981716983,0.184053627997,0.07485927002,1.94591014906,1.45643900135,0.19364405224,0.087228092503,1.60943791243,1.54375030782,000852.SH,000852.SH:DEV_R1_A:15656:9174,2015-04-14T10:27:00+08:00,2015-03-05T10:25:00+08:00
R1_A,2015-04-14,15756,2015-12-30,58239,LONG,1,27,2015,0.824262250494,1.63259574607,0.239100590225,0.183274559194,2.19722457734,1.32687938228,0.511062550548,0.226641344434,2.3978952728,1.00029830513,000852.SH,000852.SH:DEV_R1_A:15756:58239,2015-04-14T13:37:00+08:00,2015-12-30T13:40:00+08:00
R1_A,2015-04-14,15779,2015-02-25,7888,LONG,1,28,2015,0.899692025206,1.51509225787,0.239100590225,0.183274559194,3.4657359028,1.7265809206,0.369126023098,0.112209686996,2.48490664979,1.40129589913,000852.SH,000852.SH:DEV_R1_A:15779:7888,2015-04-14T14:00:00+08:00,2015-02-25T14:29:00+08:00
R1_A,2015-04-15,15841,2015-05-07,19445,SHORT,-1,19,2015,0.806135489408,1.41662201606,0.256388428215,0.145651711673,0,1.56804100867,0.170110644462,0.0851229572048,0,1.98929416698,000852.SH,000852.SH:DEV_R1_A:15841:19445,2015-04-15T09:32:00+08:00,2015-05-07T09:36:00+08:00
R1_A,2015-04-15,15857,2015-05-07,19459,SHORT,-1,19,2015,0.38549725214,0.897944245637,0.256388428215,0.145651711673,2.83321334406,1.84153139338,0.170110644462,0.0851229572048,2.7080502011,1.97964406897,000852.SH,000852.SH:DEV_R1_A:15857:19459,2015-04-15T09:48:00+08:00,2015-05-07T09:50:00+08:00
R1_A,2015-04-15,15916,2015-06-25,27688,SHORT,-1,21,2015,0.361194274576,0.520759385691,0.256388428215,0.145651711673,4.33073334029,0.455627327841,0.217777904679,0.138236672775,3.85014760171,0.583611626649,000852.SH,000852.SH:DEV_R1_A:15916:27688,2015-04-15T10:47:00+08:00,2015-06-25T10:59:00+08:00
R1_A,2015-04-15,16026,2015-06-15,26125,SHORT,-1,28,2015,1.44603069356,0.582933208476,0.591913799898,0.299097065463,4.21950770518,0.566590755646,0.488893023899,0.290267766602,4.68213122712,0.587925307654,000852.SH,000852.SH:DEV_R1_A:16026:26125,2015-04-15T14:07:00+08:00,2015-06-15T14:26:00+08:00
R1_A,2015-04-16,16105,2015-06-16,26168,SHORT,-1,19,2015,1.64441371875,1.10115936461,0.367356773282,0.258282716731,2.8903717579,2.55658133573,0.394296348208,0.230147385617,1.38629436112,2.48243290316,000852.SH,000852.SH:DEV_R1_A:16105:26168,2015-04-16T09:56:00+08:00,2015-06-16T09:39:00+08:00
R1_A,2015-04-16,16225,2015-11-18,51003,SHORT,-1,26,2015,0.615264764266,0.865048258012,0.367356773282,0.258282716731,4.92725368516,0.332049500296,0.277949870994,0.206284319707,4.3040650932,0.397454176901,000852.SH,000852.SH:DEV_R1_A:16225:51003,2015-04-16T13:26:00+08:00,2015-11-18T13:04:00+08:00
R1_A,2015-04-16,16283,2015-09-24,42899,LONG,1,28,2015,1.52800805303,0.497488118553,0.023919915586,0.0180732653845,3.68887945411,0.481312902071,0.0587749812812,0.022079032152,4.07753744391,0.621277252173,000852.SH,000852.SH:DEV_R1_A:16283:42899,2015-04-16T14:24:00+08:00,2015-09-24T14:00:00+08:00
R1_A,2015-04-17,16405,2015-01-12,1259,LONG,1,21,2015,1.02773598683,0.527728800308,0.0230213996968,0.0171483179075,3.91202300543,0.61709715486,0.0209598780694,0.0104927330734,4.40671924726,0.472688212889,000852.SH,000852.SH:DEV_R1_A:16405:1259,2015-04-17T10:56:00+08:00,2015-01-12T10:30:00+08:00
R1_A,2015-04-20,16583,2015-06-16,26168,SHORT,-1,19,2015,0.955595798784,0.866013266958,0.394070656464,0.242283190041,2.63905732962,2.4630164685,0.394296348208,0.230147385617,1.38629436112,2.48243290316,000852.SH,000852.SH:DEV_R1_A:16583:26168,2015-04-20T09:54:00+08:00,2015-06-16T09:39:00+08:00
R1_A,2015-04-20,16755,2015-05-05,19162,SHORT,-1,28,2015,0.632613067316,1.18387342313,0.266003900552,0.14010636347,1.94591014906,1.24148430609,0.453506276288,0.209526450808,1.94591014906,1.24628717523,000852.SH,000852.SH:DEV_R1_A:16755:19162,2015-04-20T14:16:00+08:00,2015-05-05T14:23:00+08:00
R1_A,2015-04-20,16786,2015-05-05,19198,SHORT,-1,29,2015,0.454808197604,0.947610200985,0.514880175946,0.298080196065,2.8903717579,0.834572426775,0.409797399095,0.286939942803,2.8903717579,1.12549094113,000852.SH,000852.SH:DEV_R1_A:16786:19198,2015-04-20T14:47:00+08:00,2015-05-05T14:59:00+08:00
R1_A,2015-04-21,16825,2015-09-24,42740,LONG,1,19,2015,0.537614547247,0.983314108088,0.205669098397,0.14304087681,1.79175946923,1.56287889424,0.215038678232,0.0968063162387,2.99573227355,1.5878737167,000852.SH,000852.SH:DEV_R1_A:16825:42740,2015-04-21T09:56:00+08:00,2015-09-24T09:51:00+08:00
R1_A,2015-04-21,16984,2015-03-23,12191,LONG,1,28,2015,0.44368874501,0.477711467619,0.362120534372,0.23174379729,5.04342511692,0.74961015714,0.427885276655,0.256369855117,5.37989735354,0.763711843176,000852.SH,000852.SH:DEV_R1_A:16984:12191,2015-04-21T14:05:00+08:00,2015-03-23T14:12:00+08:00
R1_A,2015-04-22,17134,2015-02-05,5609,LONG,1,22,2015,0.500861788023,2.58652332875,0.772936041822,0.43537180134,2.7080502011,0.478205238794,0.568831761502,0.263213330244,4.66343909411,0.538200854102,000852.SH,000852.SH:DEV_R1_A:17134:5609,2015-04-22T11:05:00+08:00,2015-02-05T11:00:00+08:00
R1_A,2015-04-22,17227,2015-03-18,11477,LONG,1,28,2015,0.481673663144,1.38095415252,0.786852461497,0.427018136173,4.18965474203,0.726992849922,0.631752694978,0.364275830258,5.42053499927,0.582220395113,000852.SH,000852.SH:DEV_R1_A:17227:11477,2015-04-22T14:08:00+08:00,2015-03-18T14:18:00+08:00
R1_A,2015-04-23,17302,2015-02-03,5062,LONG,1,19,2015,0.600080055823,0.909688411492,0.437092420535,0.182359911969,1.79175946923,2.13313136314,0.428502086971,0.197723068166,3.09104245336,2.17256934014,000852.SH,000852.SH:DEV_R1_A:17302:5062,2015-04-23T09:53:00+08:00,2015-02-03T09:53:00+08:00
R1_A,2015-04-23,17365,2015-05-05,19040,LONG,1,21,2015,0.558467011441,0.746935823981,0.118806588351,0.0852437965026,1.94591014906,1.05044075943,0.256356441715,0.0970339744742,1.79175946923,0.922871238381,000852.SH,000852.SH:DEV_R1_A:17365:19040,2015-04-23T10:56:00+08:00,2015-05-05T10:51:00+08:00
R1_A,2015-04-23,17377,2015-03-06,9460,LONG,1,22,2015,0.503720226531,0.827774288455,0.118806588351,0.0852437965026,2.94443897917,1.38076652056,0.18326562479,0.0687391388299,4.04305126783,1.37315329633,000852.SH,000852.SH:DEV_R1_A:17377:9460,2015-04-23T11:08:00+08:00,2015-03-06T11:11:00+08:00
R1_A,2015-04-23,17479,2015-02-25,7883,LONG,1,28,2015,0.90188012998,0.916849426852,0.232931937537,0.134873637513,1.79175946923,1.65191348368,0.369126023098,0.112209686996,1.94591014906,1.43339110331,000852.SH,000852.SH:DEV_R1_A:17479:7883,2015-04-23T14:20:00+08:00,2015-02-25T14:24:00+08:00
R1_A,2015-04-24,17591,2015-01-13,1510,SHORT,-1,21,2015,1.56556374714,1.06161888731,0.441980255367,0.246739697444,4.20469261939,0.378489259648,0.432925633165,0.16705379541,4.00733318523,0.559543649595,000852.SH,000852.SH:DEV_R1_A:17591:1510,2015-04-24T10:42:00+08:00,2015-01-13T10:41:00+08:00
R1_A,2015-04-27,17770,2015-01-12,1216,LONG,1,19,2015,0.267666447016,0.973004603005,0.0294869466221,0.0144834091533,4.61512051684,2.24646303324,0.0209598780694,0.0104927330734,3.66356164613,2.50846361977,000852.SH,000852.SH:DEV_R1_A:17770:1216,2015-04-27T09:41:00+08:00,2015-01-12T09:47:00+08:00
R1_A,2015-04-27,17869,2015-01-15,2025,LONG,1,22,2015,1.42663665944,0.811277437412,0.293859266963,0.138973963199,3.78418963392,0.746592222239,0.419391187729,0.125939672255,4.53259949315,0.67491563421,000852.SH,000852.SH:DEV_R1_A:17869:2025,2015-04-27T11:20:00+08:00,2015-01-15T11:16:00+08:00
R1_A,2015-04-28,18072,2015-11-18,50939,SHORT,-1,21,2015,0.882079158802,1.66453384689,0.534546160955,0.290601228461,2.48490664979,1.60428673522,0.277949870994,0.206284319707,2.30258509299,1.37830304396,000852.SH,000852.SH:DEV_R1_A:18072:50939,2015-04-28T10:43:00+08:00,2015-11-18T10:30:00+08:00
R1_A,2015-04-28,18140,2015-06-04,24360,SHORT,-1,26,2015,0.367029142735,0.819373258851,0.395809750478,0.305425586769,3.61091791264,1.14305816175,0.375496782356,0.266717397508,2.7080502011,1.03901099772,000852.SH,000852.SH:DEV_R1_A:18140:24360,2015-04-28T13:21:00+08:00,2015-06-04T13:01:00+08:00
R1_A,2015-04-29,18241,2015-04-09,14908,SHORT,-1,19,2015,0.770795865793,0.750940265565,0.217550631475,0.137409145276,2.8903717579,1.16943593067,0.140452919012,0.0842039664211,3.17805383035,1.12297765051,000852.SH,000852.SH:DEV_R1_A:18241:14908,2015-04-29T09:32:00+08:00,2015-04-09T09:59:00+08:00
R1_A,2015-04-30,18690,2015-04-30,18689,LONG,1,29,2015,0.67917097789,0.105309289707,0.52681383527,0.222333899421,2.83321334406,0.759672188383,0.52681383527,0.222333899421,2.77258872224,0.724587330308,000852.SH,000852.SH:DEV_R1_A:18690:18689,2015-04-30T14:31:00+08:00,2015-04-30T14:30:00+08:00
R1_A,2015-05-11,19939,2015-05-11,19938,LONG,1,19,2015,0.572515878591,0.195916140566,0.517798155972,0.326162379913,1.38629436112,2.48614137836,0.517798155972,0.326162379913,1.09861228867,2.48825850994,000852.SH,000852.SH:DEV_R1_A:19939:19938,2015-05-11T09:50:00+08:00,2015-05-11T09:49:00+08:00
R1_A,2015-05-11,20032,2015-07-10,30329,LONG,1,22,2015,0.374181344131,1.97953390398,0.694471906844,0.500163309744,4.52178857705,0.325476617898,0.515043169337,0.37814009445,5.50938833663,0.00793647478867,000852.SH,000852.SH:DEV_R1_A:20032:30329,2015-05-11T11:23:00+08:00,2015-07-10T11:00:00+08:00
R1_A,2015-05-12,20199,2015-01-21,2909,LONG,1,20,2015,1.02241469399,1.92938508249,0.742376887592,0.423313520388,2.19722457734,1.27894458657,0.615888131793,0.385081938532,4.34380542185,1.64972967425,000852.SH,000852.SH:DEV_R1_A:20199:2909,2015-05-12T10:10:00+08:00,2015-01-21T10:00:00+08:00
R1_A,2015-05-13,20405,2015-01-06,244,LONG,1,19,2015,1.35657076793,1.25843068587,0.325458255767,0.184012024383,1.60943791243,2.37601004544,0.153602564257,0.111066671999,1.38629436112,2.54255232933,000852.SH,000852.SH:DEV_R1_A:20405:244,2015-05-13T09:36:00+08:00,2015-01-06T09:35:00+08:00
R1_A,2015-05-13,20469,2015-05-05,19043,LONG,1,21,2015,0.666528118818,0.671760218813,0.161492462528,0.134990375764,2.07944154168,0.652229597074,0.256356441715,0.0970339744742,2.19722457734,0.739559581189,000852.SH,000852.SH:DEV_R1_A:20469:19043,2015-05-13T10:40:00+08:00,2015-05-05T10:54:00+08:00
R1_A,2015-05-13,20557,2015-05-08,19856,LONG,1,27,2015,0.336012209239,1.02416892657,0.478185867853,0.353415342298,4.33073334029,0.402917731928,0.533103668995,0.297912100588,3.61091791264,0.610478921607,000852.SH,000852.SH:DEV_R1_A:20557:19856,2015-05-13T13:38:00+08:00,2015-05-08T13:57:00+08:00
R1_A,2015-05-13,20608,2015-05-06,19399,LONG,1,28,2015,1.41037537198,0.42241965234,0.379436795164,0.223440373462,3.25809653802,0.886549718324,0.378483446407,0.259147340445,3.25809653802,0.857829065536,000852.SH,000852.SH:DEV_R1_A:20608:19399,2015-05-13T14:29:00+08:00,2015-05-06T14:20:00+08:00
R1_A,2015-05-14,20686,2015-09-25,42999,LONG,1,20,2015,0.596262701081,0.809539726084,0.00351628668354,0.00207629036122,1.94591014906,1.11425752455,0.0367759700324,0.0258853713291,1.79175946923,0.847121866923,000852.SH,000852.SH:DEV_R1_A:20686:42999,2015-05-14T10:17:00+08:00,2015-09-25T10:10:00+08:00
R1_A,2015-05-14,20848,2015-09-24,42899,LONG,1,28,2015,0.666272295891,0.663353243074,0.0332736132862,0.0207467366732,3.17805383035,0.703065216898,0.0587749812812,0.022079032152,4.07753744391,0.621277252173,000852.SH,000852.SH:DEV_R1_A:20848:42899,2015-05-14T14:29:00+08:00,2015-09-24T14:00:00+08:00
R1_A,2015-05-15,21032,2015-05-07,19589,SHORT,-1,27,2015,1.31065369542,0.604485523207,0.213574712109,0.0642881046859,4.04305126783,0.469664183841,0.0887118939944,0.050018070112,4.14313472639,0.463062292674,000852.SH,000852.SH:DEV_R1_A:21032:19589,2015-05-15T13:33:00+08:00,2015-05-07T13:30:00+08:00
R1_A,2015-05-18,21123,2015-05-07,19440,LONG,1,19,2015,0.63442330862,1.53796313231,0.424358468122,0.32525941879,2.30258509299,1.01178347235,0.378483446407,0.259147340445,4.20469261939,1.09580322811,000852.SH,000852.SH:DEV_R1_A:21123:19440,2015-05-18T09:34:00+08:00,2015-05-07T09:31:00+08:00
R1_A,2015-05-18,21200,2015-07-09,30066,LONG,1,21,2015,0.544345028011,1.30750895001,0.482254511565,0.401332760103,2.56494935746,0.993923639149,0.394798365226,0.314743714503,1.79175946923,1.17750859963,000852.SH,000852.SH:DEV_R1_A:21200:30066,2015-05-18T10:51:00+08:00,2015-07-09T10:37:00+08:00
R1_A,2015-05-18,21309,2015-03-17,11233,LONG,1,28,2015,0.455832201487,1.33212094671,0.539036214919,0.445763735158,4.21950770518,1.03608780531,0.606675020403,0.349897569569,3.25809653802,1.06810649014,000852.SH,000852.SH:DEV_R1_A:21309:11233,2015-05-18T14:10:00+08:00,2015-03-17T14:14:00+08:00
R1_A,2015-05-19,21399,2015-08-07,35085,LONG,1,20,2015,1.07721609255,0.489528141749,0.530272628678,0.243962457802,3.13549421593,0.790560838167,0.474900138597,0.278925296257,2.99573227355,0.793823457431,000852.SH,000852.SH:DEV_R1_A:21399:35085,2015-05-19T10:10:00+08:00,2015-08-07T10:16:00+08:00
R1_A,2015-05-20,21722,2015-12-30,58228,LONG,1,26,2015,0.466442684594,0.231426694881,0.242474816954,0.122607715571,5.67675380227,0.74794198053,0.231079784847,0.122707859677,5.34710753072,0.740422096879,000852.SH,000852.SH:DEV_R1_A:21722:58228,2015-05-20T13:03:00+08:00,2015-12-30T13:29:00+08:00
R1_A,2015-05-20,21825,2015-03-03,8851,LONG,1,29,2015,1.45740326644,2.32578156663,0.632847115322,0.425993797575,2.63905732962,1.33929986485,0.719699096666,0.31138465892,3.61091791264,0.708207247924,000852.SH,000852.SH:DEV_R1_A:21825:8851,2015-05-20T14:46:00+08:00,2015-03-03T14:32:00+08:00
R1_A,2015-05-21,21875,2015-09-25,42999,LONG,1,20,2015,0.718969597129,0.730182674401,0.0689701340413,0.0520921089582,1.94591014906,1.0782297742,0.0367759700324,0.0258853713291,1.79175946923,0.847121866923,000852.SH,000852.SH:DEV_R1_A:21875:42999,2015-05-21T10:06:00+08:00,2015-09-25T10:10:00+08:00
R1_A,2015-05-21,22010,2015-12-30,58235,LONG,1,27,2015,0.976413290909,1.44510030323,0.419400317031,0.322296202987,1.60943791243,1.27075137082,0.511062550548,0.226641344434,1.94591014906,0.985347665786,000852.SH,000852.SH:DEV_R1_A:22010:58235,2015-05-21T13:51:00+08:00,2015-12-30T13:36:00+08:00
R1_A,2015-05-22,22147,2015-08-07,35106,LONG,1,21,2015,2.59048855037,0.802351115414,0.475050138959,0.345774045564,3.95124371858,0.65487212792,0.474900138597,0.278925296257,3.7135720667,0.611581183299,000852.SH,000852.SH:DEV_R1_A:22147:35106,2015-05-22T10:38:00+08:00,2015-08-07T10:37:00+08:00
R1_A,2015-05-25,22520,2015-05-25,22519,LONG,1,28,2015,0.566957802491,0.0918421381316,0.239311261855,0.172272669139,2.07944154168,0.390186250743,0.239311261855,0.172272669139,1.94591014906,0.385426047041,000852.SH,000852.SH:DEV_R1_A:22520:22519,2015-05-25T14:21:00+08:00,2015-05-25T14:20:00+08:00
R1_A,2015-05-26,22597,2015-08-07,35071,LONG,1,20,2015,0.706218175123,1.98091813135,0.517547727474,0.424811738219,1.79175946923,1.26776425553,0.474900138597,0.278925296257,1.79175946923,0.903488764553,000852.SH,000852.SH:DEV_R1_A:22597:35071,2015-05-26T10:08:00+08:00,2015-08-07T10:02:00+08:00
R1_A,2015-05-26,22719,2015-04-10,15290,LONG,1,27,2015,0.907368447883,0.643323709931,0.471241417249,0.378704539857,1.94591014906,0.953304842239,0.48712358403,0.359545653124,1.94591014906,0.736355980116,000852.SH,000852.SH:DEV_R1_A:22719:15290,2015-05-26T13:40:00+08:00,2015-04-10T13:51:00+08:00
R1_A,2015-05-27,22831,2015-01-15,1949,LONG,1,20,2015,1.78467908996,1.16299834633,0.325309310985,0.213372793463,2.48490664979,1.53192249554,0.419391187729,0.125939672255,2.83321334406,1.43256341387,000852.SH,000852.SH:DEV_R1_A:22831:1949,2015-05-27T10:02:00+08:00,2015-01-15T10:00:00+08:00
R1_A,2015-05-28,23046,2015-01-15,1935,LONG,1,19,2015,0.682846756316,1.02779968978,0.34039297543,0.187026231117,1.60943791243,0.952514437115,0.419391187729,0.125939672255,1.09861228867,1.15033196161,000852.SH,000852.SH:DEV_R1_A:23046:1935,2015-05-28T09:37:00+08:00,2015-01-15T09:46:00+08:00
R1_A,2015-05-28,23067,2015-01-15,1948,LONG,1,19,2015,0.334768787939,1.06799328221,0.355725285504,0.212851770985,2.99573227355,1.46117356858,0.419391187729,0.125939672255,2.77258872224,1.42285699091,000852.SH,000852.SH:DEV_R1_A:23067:1948,2015-05-28T09:58:00+08:00,2015-01-15T09:59:00+08:00
R1_A,2015-05-28,23119,2015-07-09,30066,LONG,1,21,2015,1.02810856225,0.89425608973,0.387124091051,0.27026358736,2.07944154168,1.43176548747,0.394798365226,0.314743714503,1.79175946923,1.17750859963,000852.SH,000852.SH:DEV_R1_A:23119:30066,2015-05-28T10:50:00+08:00,2015-07-09T10:37:00+08:00
R1_A,2015-05-28,23144,2015-05-05,19076,SHORT,-1,22,2015,0.616532401576,1.28306646093,0.12189741204,0.0782231513956,1.79175946923,1.77614696782,0.215696738624,0.140034478186,2.99573227355,1.58767154882,000852.SH,000852.SH:DEV_R1_A:23144:19076,2015-05-28T11:15:00+08:00,2015-05-05T11:27:00+08:00
R1_A,2015-05-28,23177,2015-06-04,24361,SHORT,-1,26,2015,0.682239374944,1.312411006,0.452631144913,0.35699397648,1.94591014906,1.372171416,0.375496782356,0.266717397508,2.77258872224,1.52513863389,000852.SH,000852.SH:DEV_R1_A:23177:24361,2015-05-28T13:18:00+08:00,2015-06-04T13:02:00+08:00
R1_A,2015-05-28,23234,2015-11-18,51076,SHORT,-1,28,2015,0.617997113246,0.116385147446,0.0243213970785,0.0133192625638,2.3978952728,0.936848870338,0.012189603036,0.00497059874598,2.3978952728,0.948258182003,000852.SH,000852.SH:DEV_R1_A:23234:51076,2015-05-28T14:15:00+08:00,2015-11-18T14:17:00+08:00
R1_A,2015-05-28,23253,2015-05-05,19198,SHORT,-1,29,2015,0.653881634898,0.868180584781,0.322026922777,0.320231492645,1.94591014906,1.06679936933,0.409797399095,0.286939942803,2.8903717579,1.12549094113,000852.SH,000852.SH:DEV_R1_A:23253:19198,2015-05-28T14:34:00+08:00,2015-05-05T14:59:00+08:00
R1_A,2015-05-29,23287,2015-05-07,19467,SHORT,-1,19,2015,1.10394069781,2.23455999215,0.574784577381,0.491757941282,1.79175946923,1.66947300878,0.619061945869,0.319348123613,1.94591014906,2.0181966695,000852.SH,000852.SH:DEV_R1_A:23287:19467,2015-05-29T09:38:00+08:00,2015-05-07T09:58:00+08:00
R1_A,2015-05-29,23306,2015-07-09,30009,SHORT,-1,19,2015,2.17761872517,2.67203764757,0.604531192729,0.597294925404,2.07944154168,2.29247739509,0.735663604218,0.403052299278,2.19722457734,2.7607814934,000852.SH,000852.SH:DEV_R1_A:23306:30009,2015-05-29T09:57:00+08:00,2015-07-09T09:40:00+08:00
R1_A,2015-05-29,23435,2015-06-25,27751,LONG,1,27,2015,0.293800874382,0.554511003561,0.184554185534,0.110826859436,3.87120101091,0.305842788039,0.212726271014,0.0798592919692,3.61091791264,0.43624438757,000852.SH,000852.SH:DEV_R1_A:23435:27751,2015-05-29T13:36:00+08:00,2015-06-25T13:32:00+08:00
R1_A,2015-05-29,23469,2015-12-25,57542,LONG,1,28,2015,1.7779842068,0.915271256154,0.171059835379,0.113403304547,0,0.861344024812,0.0915224713223,0.0414086788411,0,0.8419454725,000852.SH,000852.SH:DEV_R1_A:23469:57542,2015-05-29T14:10:00+08:00,2015-12-25T14:03:00+08:00
R1_A,2015-06-01,23529,2015-01-15,1936,LONG,1,19,2015,0.518167363365,1.06391697135,0.224985229227,0.168932038835,1.09861228867,1.26226688213,0.419391187729,0.125939672255,1.38629436112,1.1926505276,000852.SH,000852.SH:DEV_R1_A:23529:1936,2015-06-01T09:40:00+08:00,2015-01-15T09:47:00+08:00
R1_A,2015-06-01,23578,2015-01-21,2928,LONG,1,20,2015,0.320671152113,2.71616750935,0.695495845741,0.604782398039,3.87120101091,0.370698261877,0.615888131793,0.385081938532,4.56434819147,0.627572339732,000852.SH,000852.SH:DEV_R1_A:23578:2928,2015-06-01T10:29:00+08:00,2015-01-21T10:19:00+08:00
R1_A,2015-06-01,23727,2015-03-18,11488,LONG,1,28,2015,0.388871969981,2.87651728006,0.695495845741,0.604782398039,5.28320372874,0.30942078381,0.631752694978,0.364275830258,5.46806014114,0.527492624661,000852.SH,000852.SH:DEV_R1_A:23727:11488,2015-06-01T14:28:00+08:00,2015-03-18T14:29:00+08:00
R1_A,2015-06-02,23778,2015-07-14,30748,LONG,1,19,2015,0.808139402344,1.06893071802,0.770793113484,0.419260339512,1.79175946923,2.4115847014,0.64914904153,0.419368147453,1.38629436112,2.72528424307,000852.SH,000852.SH:DEV_R1_A:23778:30748,2015-06-02T09:49:00+08:00,2015-07-14T09:59:00+08:00
R1_A,2015-06-02,23829,2015-01-21,2945,LONG,1,21,2015,0.486135703698,0.715557370538,0.663509232348,0.366528098537,3.93182563272,0.746784699322,0.615888131793,0.385081938532,4.72738781871,0.619348109899,000852.SH,000852.SH:DEV_R1_A:23829:2945,2015-06-02T10:40:00+08:00,2015-01-21T10:36:00+08:00
R1_A,2015-06-02,23880,2015-01-27,3960,LONG,1,26,2015,1.21671453951,0.94712686961,0.339160296499,0.206785842708,1.94591014906,1.2793741018,0.372141327624,0.126737063449,1.94591014906,1.31322853875,000852.SH,000852.SH:DEV_R1_A:23880:3960,2015-06-02T13:01:00+08:00,2015-01-27T13:01:00+08:00
R1_A,2015-06-03,24008,2015-12-15,55468,LONG,1,19,2015,0.464941968899,0.852949177934,0.100066017044,0.0532036079105,4.74493212836,1.56316036224,0.0376693560119,0.0157473348963,5.20948615284,1.3474086923,000852.SH,000852.SH:DEV_R1_A:24008:55468,2015-06-03T09:39:00+08:00,2015-12-15T09:59:00+08:00
R1_A,2015-06-03,24033,2015-08-07,35071,LONG,1,20,2015,0.667836571895,1.27093746437,0.408088346423,0.217604669168,1.79175946923,1.26783444777,0.474900138597,0.278925296257,1.79175946923,0.903488764553,000852.SH,000852.SH:DEV_R1_A:24033:35071,2015-06-03T10:04:00+08:00,2015-08-07T10:02:00+08:00
R1_A,2015-06-03,24104,2015-09-25,43074,SHORT,-1,22,2015,1.10987762777,1.78332166427,0.579919959058,0.407938524203,1.79175946923,1.73502629107,0.632057511257,0.302852205941,0.69314718056,1.36008385196,000852.SH,000852.SH:DEV_R1_A:24104:43074,2015-06-03T11:15:00+08:00,2015-09-25T11:25:00+08:00
R1_A,2015-06-04,24374,2015-06-04,24373,SHORT,-1,26,2015,1.16328806828,0.12509470261,0.708655098596,0.567127323138,1.79175946923,2.0023596183,0.708655098596,0.567127323138,1.60943791243,2.00803621192,000852.SH,000852.SH:DEV_R1_A:24374:24373,2015-06-04T13:15:00+08:00,2015-06-04T13:14:00+08:00
R1_A,2015-06-05,24488,2015-07-14,30748,LONG,1,19,2015,0.693172631519,2.59659064826,0.590405668908,0.525673589322,1.38629436112,1.90406027552,0.64914904153,0.419368147453,1.38629436112,2.72528424307,000852.SH,000852.SH:DEV_R1_A:24488:30748,2015-06-05T09:39:00+08:00,2015-07-14T09:59:00+08:00
R1_A,2015-06-05,24569,2015-07-10,30329,LONG,1,22,2015,0.440543681149,1.26255667581,0.582277831498,0.440282348127,4.26267987704,0.191146121673,0.515043169337,0.37814009445,5.50938833663,0.00793647478867,000852.SH,000852.SH:DEV_R1_A:24569:30329,2015-06-05T11:00:00+08:00,2015-07-10T11:00:00+08:00
R1_A,2015-06-05,24586,2015-06-25,27718,LONG,1,22,2015,1.00895402905,1.20501377454,0.0228521567511,0.0150499983166,1.79175946923,0.518423023215,0.212726271014,0.0798592919692,1.38629436112,0.446964392528,000852.SH,000852.SH:DEV_R1_A:24586:27718,2015-06-05T11:17:00+08:00,2015-06-25T11:29:00+08:00
R1_A,2015-06-05,24611,2015-06-04,24360,SHORT,-1,26,2015,0.970797734803,0.807179256302,0.414174353542,0.228093910346,1.94591014906,1.17881347188,0.375496782356,0.266717397508,2.7080502011,1.03901099772,000852.SH,000852.SH:DEV_R1_A:24611:24360,2015-06-05T13:12:00+08:00,2015-06-04T13:01:00+08:00
R1_A,2015-06-08,24784,2015-11-18,50946,SHORT,-1,21,2015,0.719205215547,1.46343162242,0.407920807606,0.319833127428,3.04452243772,1.026888847,0.277949870994,0.206284319707,2.83321334406,0.976252122113,000852.SH,000852.SH:DEV_R1_A:24784:50946,2015-06-08T10:35:00+08:00,2015-11-18T10:37:00+08:00
R1_A,2015-06-08,24861,2015-11-18,51000,SHORT,-1,26,2015,0.9307868753,0.540851976269,0.220240176201,0.175528925062,3.85014760171,0.353286008353,0.277949870994,0.206284319707,4.26267987704,0.397404440206,000852.SH,000852.SH:DEV_R1_A:24861:51000,2015-06-08T13:22:00+08:00,2015-11-18T13:01:00+08:00
R1_A,2015-06-09,25037,2015-05-05,19040,LONG,1,21,2015,0.947997010829,0.617822476307,0.127827701809,0.0991515624347,1.94591014906,0.970520507434,0.256356441715,0.0970339744742,1.79175946923,0.922871238381,000852.SH,000852.SH:DEV_R1_A:25037:19040,2015-06-09T10:48:00+08:00,2015-05-05T10:51:00+08:00
R1_A,2015-06-10,25204,2015-09-25,42982,LONG,1,19,2015,0.978151633419,0.765903136655,0.0946128102803,0.0609236058312,1.38629436112,2.09266569713,0.0444217738276,0.0298017592228,1.38629436112,1.86305253188,000852.SH,000852.SH:DEV_R1_A:25204:42982,2015-06-10T09:35:00+08:00,2015-09-25T09:53:00+08:00
R1_A,2015-06-10,25234,2015-01-12,1231,LONG,1,20,2015,0.469206921919,0.657046117013,0.054117911795,0.0416883693115,3.40119738166,1.11029258497,0.0209598780694,0.0104927330734,3.98898404656,0.986555547465,000852.SH,000852.SH:DEV_R1_A:25234:1231,2015-06-10T10:05:00+08:00,2015-01-12T10:02:00+08:00
R1_A,2015-06-10,25318,2015-11-04,48595,LONG,1,22,2015,0.405274240145,0.355501884163,0.054117911795,0.0416883693115,4.73619844839,0.426130388465,0.0513792366149,0.0174646979433,4.7621739348,0.504377649366,000852.SH,000852.SH:DEV_R1_A:25318:48595,2015-06-10T11:29:00+08:00,2015-11-04T11:26:00+08:00
R1_A,2015-06-10,25422,2015-04-30,18689,LONG,1,29,2015,0.692864751037,0.991174479696,0.553113880494,0.277091686101,1.79175946923,0.848496641316,0.52681383527,0.222333899421,2.77258872224,0.724587330308,000852.SH,000852.SH:DEV_R1_A:25422:18689,2015-06-10T14:43:00+08:00,2015-04-30T14:30:00+08:00
R1_A,2015-06-11,25462,2015-03-04,8882,LONG,1,19,2015,0.48154633868,1.13728062532,0.635779304184,0.284642534679,2.94443897917,1.4050289727,0.719699096666,0.31138465892,4.21950770518,1.20897317437,000852.SH,000852.SH:DEV_R1_A:25462:8882,2015-06-11T09:53:00+08:00,2015-03-04T09:33:00+08:00
R1_A,2015-06-11,25559,2015-12-22,56759,LONG,1,23,2015,0.610116866309,0.864476239964,0.259658075317,0.113917821701,2.07944154168,1.03248693662,0.360804911117,0.116046728114,3.13549421593,0.993720287608,000852.SH,000852.SH:DEV_R1_A:25559:56759,2015-06-11T11:30:00+08:00,2015-12-22T11:30:00+08:00
R1_A,2015-06-11,25629,2015-03-30,13379,LONG,1,28,2015,0.406253128856,0.758144922232,0.241011265775,0.143610644929,4.02535169074,0.832856713426,0.345263999597,0.116481215456,4.33073334029,0.67086622182,000852.SH,000852.SH:DEV_R1_A:25629:13379,2015-06-11T14:10:00+08:00,2015-03-30T14:00:00+08:00
R1_A,2015-06-12,25714,2015-03-30,13232,LONG,1,20,2015,0.482108518685,0.565086877383,0.241011265775,0.143610644929,4.94875989038,1.0940601184,0.212809807206,0.112608187135,5.5568280617,1.08125702184,000852.SH,000852.SH:DEV_R1_A:25714:13232,2015-06-12T10:05:00+08:00,2015-03-30T10:03:00+08:00
R1_A,2015-06-12,25765,2015-12-30,58168,LONG,1,21,2015,0.432813216119,0.317559644004,0.241011265775,0.143610644929,5.25749537203,0.743655986542,0.231079784847,0.122707859677,5.0106352941,0.704800308861,000852.SH,000852.SH:DEV_R1_A:25765:58168,2015-06-12T10:56:00+08:00,2015-12-30T10:59:00+08:00
R1_A,2015-06-12,25879,2015-04-30,18677,LONG,1,28,2015,0.582517178318,1.12522152296,0.616510371794,0.197515357961,1.60943791243,1.11213178646,0.52681383527,0.222333899421,1.38629436112,0.752172654682,000852.SH,000852.SH:DEV_R1_A:25879:18677,2015-06-12T14:20:00+08:00,2015-04-30T14:18:00+08:00
R1_A,2015-06-16,26169,2015-06-16,26168,SHORT,-1,19,2015,0.842440898783,0.152289242397,0.394296348208,0.230147385617,1.60943791243,2.47847580513,0.394296348208,0.230147385617,1.38629436112,2.48243290316,000852.SH,000852.SH:DEV_R1_A:26169:26168,2015-06-16T09:40:00+08:00,2015-06-16T09:39:00+08:00
R1_A,2015-06-16,26209,2015-01-30,4617,SHORT,-1,20,2015,0.460690828198,0.672943546732,0.0624699922457,0.052607879925,2.63905732962,0.732738145703,0.0442574598457,0.0161791801013,1.94591014906,0.808684712443,000852.SH,000852.SH:DEV_R1_A:26209:4617,2015-06-16T10:20:00+08:00,2015-01-30T10:28:00+08:00
R1_A,2015-06-16,26247,2015-05-07,19526,SHORT,-1,21,2015,1.21800816214,2.93523793371,0.607381449647,0.422676865257,3.36729582999,0.52917580437,0.337443969286,0.196039420719,3.4657359028,0.654963299495,000852.SH,000852.SH:DEV_R1_A:26247:19526,2015-06-16T10:58:00+08:00,2015-05-07T10:57:00+08:00
R1_A,2015-06-17,26406,2015-01-15,1928,SHORT,-1,19,2015,1.02166243804,0.700602960702,0.0516816905707,0.021916235131,3.13549421593,1.38238107468,0.135855727282,0.0492137581003,3.85014760171,1.36507480002,000852.SH,000852.SH:DEV_R1_A:26406:1928,2015-06-17T09:37:00+08:00,2015-01-15T09:39:00+08:00
R1_A,2015-06-17,26455,2015-04-09,14910,SHORT,-1,20,2015,0.492219362479,0.326191270634,0.0963141507307,0.077588252353,3.36729582999,1.24425089223,0.140452919012,0.0842039664211,3.25809653802,1.16059942471,000852.SH,000852.SH:DEV_R1_A:26455:14910,2015-06-17T10:26:00+08:00,2015-04-09T10:01:00+08:00
R1_A,2015-06-17,26508,2015-06-04,24358,SHORT,-1,22,2015,1.34565892018,1.33480857262,0.601677046296,0.331134833199,3.09104245336,0.887356082493,0.375496782356,0.266717397508,2.56494935746,0.877175755759,000852.SH,000852.SH:DEV_R1_A:26508:24358,2015-06-17T11:19:00+08:00,2015-06-04T11:29:00+08:00
R1_A,2015-06-18,26644,2015-01-15,1933,LONG,1,19,2015,0.886341492691,1.45744446782,0.39804657972,0.240846574138,0,1.36455138345,0.419391187729,0.125939672255,0,1.15593728439,000852.SH,000852.SH:DEV_R1_A:26644:1933,2015-06-18T09:35:00+08:00,2015-01-15T09:44:00+08:00
R1_A,2015-06-18,26668,2015-09-25,42982,LONG,1,19,2015,0.528008647201,0.755123328099,0.098833037169,0.073793755913,1.38629436112,1.68354920449,0.0444217738276,0.0298017592228,1.38629436112,1.86305253188,000852.SH,000852.SH:DEV_R1_A:26668:42982,2015-06-18T09:59:00+08:00,2015-09-25T09:53:00+08:00
R1_A,2015-06-18,26734,2015-09-24,42832,LONG,1,22,2015,0.404343813471,0.449244479569,0.0659188530287,0.0430547550432,3.49650756147,0.864762743643,0.0954299191773,0.0475767639276,4.00733318523,0.776395137823,000852.SH,000852.SH:DEV_R1_A:26734:42832,2015-06-18T11:05:00+08:00,2015-09-24T11:23:00+08:00
R1_A,2015-06-18,26768,2015-05-07,19560,SHORT,-1,26,2015,0.863127745559,0.715034703532,0.199245487777,0.0805848903331,3.04452243772,0.501943934632,0.0887118939944,0.050018070112,3.52636052462,0.455217575215,000852.SH,000852.SH:DEV_R1_A:26768:19560,2015-06-18T13:09:00+08:00,2015-05-07T13:01:00+08:00
R1_A,2015-06-18,26823,2015-11-18,51087,SHORT,-1,28,2015,0.345792174658,0.37446564986,0.0270178326934,0.0119953631369,3.40119738166,0.875825248736,0.012189603036,0.00497059874598,3.09104245336,0.770689342424,000852.SH,000852.SH:DEV_R1_A:26823:51087,2015-06-18T14:04:00+08:00,2015-11-18T14:28:00+08:00
R1_A,2015-06-18,26845,2015-11-18,51087,SHORT,-1,28,2015,0.373837965637,0.727423457512,0.0270178326934,0.0119953631369,3.95124371858,0.922141032713,0.012189603036,0.00497059874598,3.09104245336,0.770689342424,000852.SH,000852.SH:DEV_R1_A:26845:51087,2015-06-18T14:26:00+08:00,2015-11-18T14:28:00+08:00
R1_A,2015-06-18,26865,2015-01-14,1916,SHORT,-1,29,2015,0.465057592965,0.827088573996,0.0270178326934,0.0119953631369,4.27666611902,1.31619298142,0.135855727282,0.0492137581003,3.55534806149,1.29631761823,000852.SH,000852.SH:DEV_R1_A:26865:1916,2015-06-18T14:46:00+08:00,2015-01-14T14:57:00+08:00
R1_A,2015-06-19,26887,2015-07-09,30001,SHORT,-1,19,2015,1.22300394257,0.787752440181,0.632863211727,0.36229762776,0,2.61746959003,0.735663604218,0.403052299278,0,2.76705904098,000852.SH,000852.SH:DEV_R1_A:26887:30001,2015-06-19T09:38:00+08:00,2015-07-09T09:32:00+08:00
R1_A,2015-06-19,26922,2015-05-07,19492,SHORT,-1,20,2015,0.961487133961,1.85153839901,0.489096587835,0.428373153564,2.19722457734,0.645023079956,0.619061945869,0.319348123613,3.4657359028,0.951686120632,000852.SH,000852.SH:DEV_R1_A:26922:19492,2015-06-19T10:13:00+08:00,2015-05-07T10:23:00+08:00
R1_A,2015-06-19,26986,2015-06-25,27689,SHORT,-1,22,2015,1.69134256712,0.682543412867,0.179957595075,0.154536871497,3.7135720667,0.338198186718,0.217777904679,0.138236672775,3.87120101091,0.563744983119,000852.SH,000852.SH:DEV_R1_A:26986:27689,2015-06-19T11:17:00+08:00,2015-06-25T11:00:00+08:00
R1_A,2015-06-19,27052,2015-03-06,9523,SHORT,-1,27,2015,0.814183398174,0.215866762679,0.176920207279,0.102074559351,1.79175946923,0.56598080093,0.199272615224,0.0984797260453,1.94591014906,0.621106243528,000852.SH,000852.SH:DEV_R1_A:27052:9523,2015-06-19T13:53:00+08:00,2015-03-06T13:44:00+08:00
R1_A,2015-06-23,27127,2015-05-07,19461,SHORT,-1,19,2015,0.706042289359,2.41531568553,0.544383237537,0.372512422737,0,1.19105059119,0.619061945869,0.319348123613,0,2.02731784014,000852.SH,000852.SH:DEV_R1_A:27127:19461,2015-06-23T09:38:00+08:00,2015-05-07T09:52:00+08:00
R1_A,2015-06-23,27138,2015-05-07,19467,SHORT,-1,19,2015,1.20567773927,1.52912029614,0.537836896883,0.443224227593,1.79175946923,1.89559149876,0.619061945869,0.319348123613,1.94591014906,2.0181966695,000852.SH,000852.SH:DEV_R1_A:27138:19467,2015-06-23T09:49:00+08:00,2015-05-07T09:58:00+08:00
R1_A,2015-06-23,27247,2015-06-04,24373,SHORT,-1,26,2015,2.08721354673,2.6013411332,0.765794080087,0.466545781942,2.56494935746,1.20575503598,0.708655098596,0.567127323138,1.60943791243,2.00803621192,000852.SH,000852.SH:DEV_R1_A:27247:24373,2015-06-23T13:08:00+08:00,2015-06-04T13:14:00+08:00
R1_A,2015-06-24,27398,2015-08-07,35073,LONG,1,20,2015,0.58346690709,0.960210513204,0.513830980111,0.319786594344,1.38629436112,0.610481306066,0.474900138597,0.278925296257,2.07944154168,0.851123506834,000852.SH,000852.SH:DEV_R1_A:27398:35073,2015-06-24T10:09:00+08:00,2015-08-07T10:04:00+08:00
R1_A,2015-06-25,27838,2015-06-25,27837,SHORT,-1,29,2015,1.24906341075,0.0981721671362,0.631965354585,0.622735289402,2.07944154168,1.61344346731,0.631965354585,0.622735289402,1.94591014906,1.62687425255,000852.SH,000852.SH:DEV_R1_A:27838:27837,2015-06-25T14:59:00+08:00,2015-06-25T14:58:00+08:00
R1_A,2015-06-26,27846,2015-07-09,30003,SHORT,-1,19,2015,0.857039570719,1.59293859828,0.506979167554,0.500541437228,1.09861228867,2.63920106245,0.735663604218,0.403052299278,1.09861228867,2.77351454071,000852.SH,000852.SH:DEV_R1_A:27846:30003,2015-06-26T09:37:00+08:00,2015-07-09T09:34:00+08:00
R1_A,2015-06-26,27867,2015-07-09,30005,SHORT,-1,19,2015,1.00974058568,1.43859474497,0.441064882521,0.398219986802,1.60943791243,2.58946563263,0.735663604218,0.403052299278,1.60943791243,2.75661169339,000852.SH,000852.SH:DEV_R1_A:27867:30005,2015-06-26T09:58:00+08:00,2015-07-09T09:36:00+08:00
R1_A,2015-06-26,27933,2015-06-04,24345,SHORT,-1,22,2015,0.278793148952,0.282377706736,0.0972924705407,0.0686636232881,3.91202300543,0.326896205437,0.0935869864329,0.0692805582932,3.78418963392,0.423942819747,000852.SH,000852.SH:DEV_R1_A:27933:24345,2015-06-26T11:04:00+08:00,2015-06-04T11:16:00+08:00
R1_A,2015-06-26,27966,2015-05-07,19560,SHORT,-1,26,2015,0.661846996825,1.42139685741,0.193741884662,0.0963531774027,1.79175946923,0.340278608811,0.0887118939944,0.050018070112,3.52636052462,0.455217575215,000852.SH,000852.SH:DEV_R1_A:27966:19560,2015-06-26T13:07:00+08:00,2015-05-07T13:01:00+08:00
R1_A,2015-06-29,28100,2015-07-09,30001,SHORT,-1,19,2015,2.52027402013,1.75681997027,0.384829916646,0.38800379253,0,2.53031864009,0.735663604218,0.403052299278,0,2.76705904098,000852.SH,000852.SH:DEV_R1_A:28100:30001,2015-06-29T09:51:00+08:00,2015-07-09T09:32:00+08:00
R1_A,2015-06-29,28126,2015-08-07,35071,LONG,1,20,2015,0.531281121087,1.80570276262,0.417399050082,0.419937769268,1.38629436112,1.1407510761,0.474900138597,0.278925296257,1.79175946923,0.903488764553,000852.SH,000852.SH:DEV_R1_A:28126:35071,2015-06-29T10:17:00+08:00,2015-08-07T10:02:00+08:00
R1_A,2015-06-29,28148,2015-01-21,2944,LONG,1,21,2015,0.957364023435,1.43403183697,0.417399050082,0.419937769268,3.25809653802,0.703437274841,0.615888131793,0.385081938532,4.7184988713,0.612670372912,000852.SH,000852.SH:DEV_R1_A:28148:2944,2015-06-29T10:39:00+08:00,2015-01-21T10:35:00+08:00
R1_A,2015-06-29,28164,2015-05-07,19511,SHORT,-1,21,2015,0.312437064159,2.30911443654,0.543721778098,0.3729571245,2.19722457734,0.678626195475,0.337443969286,0.196039420719,2.83321334406,0.715399359062,000852.SH,000852.SH:DEV_R1_A:28164:19511,2015-06-29T10:55:00+08:00,2015-05-07T10:42:00+08:00
R1_A,2015-06-29,28174,2015-06-04,24358,SHORT,-1,22,2015,0.409383861327,1.51785770495,0.543721778098,0.3729571245,2.94443897917,0.757592373608,0.375496782356,0.266717397508,2.56494935746,0.877175755759,000852.SH,000852.SH:DEV_R1_A:28174:24358,2015-06-29T11:05:00+08:00,2015-06-04T11:29:00+08:00
R1_A,2015-06-29,28188,2015-09-25,43074,SHORT,-1,22,2015,0.760173099566,2.57329465187,0.670069395549,0.461152678378,1.79175946923,0.770740081177,0.632057511257,0.302852205941,0.69314718056,1.36008385196,000852.SH,000852.SH:DEV_R1_A:28188:43074,2015-06-29T11:19:00+08:00,2015-09-25T11:25:00+08:00
R1_A,2015-06-29,28247,2015-01-30,4732,SHORT,-1,27,2015,1.53404653799,2.36683454124,0.37101542625,0.295126912532,2.77258872224,0.480792856253,0.24683309658,0.0984461152882,2.8903717579,0.556535166553,000852.SH,000852.SH:DEV_R1_A:28247:4732,2015-06-29T13:48:00+08:00,2015-01-30T13:53:00+08:00
R1_A,2015-06-29,28275,2015-03-17,11219,LONG,1,28,2015,0.892605133171,1.21220144671,0.385171226014,0.34463645256,1.60943791243,0.773311980834,0.606675020403,0.349897569569,2.48490664979,0.682567873699,000852.SH,000852.SH:DEV_R1_A:28275:11219,2015-06-29T14:16:00+08:00,2015-03-17T14:00:00+08:00
R1_A,2015-06-30,28328,2015-05-07,19461,SHORT,-1,19,2015,1.04551438093,1.53704159073,0.632023857528,0.4508156785,0,1.96945109197,0.619061945869,0.319348123613,0,2.02731784014,000852.SH,000852.SH:DEV_R1_A:28328:19461,2015-06-30T09:39:00+08:00,2015-05-07T09:52:00+08:00
R1_A,2015-06-30,28347,2015-05-07,19465,SHORT,-1,19,2015,0.596343494651,1.39660143588,0.428506767151,0.37876882287,1.60943791243,2.35024611471,0.619061945869,0.319348123613,1.60943791243,2.04761892958,000852.SH,000852.SH:DEV_R1_A:28347:19465,2015-06-30T09:58:00+08:00,2015-05-07T09:56:00+08:00
R1_A,2015-06-30,28363,2015-05-07,19492,SHORT,-1,20,2015,0.313949160872,2.73444614576,0.627481297579,0.533244974597,2.56494935746,0.60378298335,0.619061945869,0.319348123613,3.4657359028,0.951686120632,000852.SH,000852.SH:DEV_R1_A:28363:19492,2015-06-30T10:14:00+08:00,2015-05-07T10:23:00+08:00
R1_A,2015-06-30,28389,2015-07-08,29819,SHORT,-1,21,2015,0.351232098476,2.85958433226,0.627481297579,0.533244974597,3.66356164613,0.321809483178,0.73472863574,0.733259248638,5.66296048014,0.0235692532957,000852.SH,000852.SH:DEV_R1_A:28389:29819,2015-06-30T10:40:00+08:00,2015-07-08T10:30:00+08:00
R1_A,2015-06-30,28434,2015-06-04,24350,SHORT,-1,22,2015,1.76647001294,1.26037481505,0.490879736055,0.3375,2.48490664979,0.47703117467,0.375496782356,0.266717397508,1.60943791243,0.666134463854,000852.SH,000852.SH:DEV_R1_A:28434:24350,2015-06-30T11:25:00+08:00,2015-06-04T11:21:00+08:00
R1_A,2015-06-30,28452,2015-05-08,19828,LONG,1,26,2015,1.16676847083,3.03537672802,0.594873711557,0.448550737531,1.60943791243,1.46359910243,0.533103668995,0.297912100588,2.19722457734,0.583377146423,000852.SH,000852.SH:DEV_R1_A:28452:19828,2015-06-30T13:13:00+08:00,2015-05-08T13:29:00+08:00
R1_A,2015-06-30,28489,2015-04-10,15294,LONG,1,27,2015,0.347382428505,0.896746852027,0.351562534341,0.346682959518,2.48490664979,0.506942182906,0.48712358403,0.359545653124,2.3978952728,0.73188937235,000852.SH,000852.SH:DEV_R1_A:28489:15294,2015-06-30T13:50:00+08:00,2015-04-10T13:55:00+08:00
R1_A,2015-06-30,28505,2015-03-17,11219,LONG,1,28,2015,0.505828784724,2.56624750999,0.677279065902,0.557659510034,1.60943791243,0.485362255059,0.606675020403,0.349897569569,2.48490664979,0.682567873699,000852.SH,000852.SH:DEV_R1_A:28505:11219,2015-06-30T14:06:00+08:00,2015-03-17T14:00:00+08:00
R1_A,2015-06-30,28519,2015-05-25,22519,LONG,1,28,2015,0.748934409527,0.589556717995,0.201448493923,0.202298734688,1.60943791243,0.522262754182,0.239311261855,0.172272669139,1.94591014906,0.385426047041,000852.SH,000852.SH:DEV_R1_A:28519:22519,2015-06-30T14:20:00+08:00,2015-05-25T14:20:00+08:00
R1_A,2015-07-01,28567,2015-09-25,42964,SHORT,-1,19,2015,1.52921681115,1.30422965476,0.135497379829,0.116909989654,1.60943791243,1.49505347362,0.0643078631551,0.0413598155174,1.38629436112,1.818771432,000852.SH,000852.SH:DEV_R1_A:28567:42964,2015-07-01T09:38:00+08:00,2015-09-25T09:35:00+08:00
R1_A,2015-07-01,28591,2015-05-06,19233,LONG,1,20,2015,0.582677896232,1.04406695247,0.294075575569,0.21683378612,1.09861228867,0.963146083258,0.192361439965,0.136613117466,1.09861228867,0.969861690337,000852.SH,000852.SH:DEV_R1_A:28591:19233,2015-07-01T10:02:00+08:00,2015-05-06T10:04:00+08:00
R1_A,2015-07-01,28652,2015-08-07,35155,LONG,1,22,2015,0.471450120198,0.505542115575,0.436976074699,0.25337415756,3.82864139649,0.310435508762,0.407271269162,0.230238648519,3.66356164613,0.451543322703,000852.SH,000852.SH:DEV_R1_A:28652:35155,2015-07-01T11:03:00+08:00,2015-08-07T11:26:00+08:00
R1_A,2015-07-01,28699,2015-12-21,56525,SHORT,-1,26,2015,0.625506049628,1.16483693462,0.181464392911,0.0846448985984,1.38629436112,0.824327717732,0.0216809270353,0.00722743349224,1.38629436112,0.806231481244,000852.SH,000852.SH:DEV_R1_A:28699:56525,2015-07-01T13:20:00+08:00,2015-12-21T13:06:00+08:00
R1_A,2015-07-01,28746,2015-03-06,9539,SHORT,-1,28,2015,0.678275375897,0.471315785375,0.139495681245,0.0880982870293,2.83321334406,0.569543059212,0.199272615224,0.0984797260453,3.13549421593,0.461546633439,000852.SH,000852.SH:DEV_R1_A:28746:9539,2015-07-01T14:07:00+08:00,2015-03-06T14:00:00+08:00
R1_A,2015-07-01,28764,2015-06-25,27807,SHORT,-1,28,2015,0.867889900049,2.10006890771,0.520962112087,0.41337725318,1.38629436112,1.01555231516,0.534464787102,0.267816878214,1.09861228867,1.46018338436,000852.SH,000852.SH:DEV_R1_A:28764:27807,2015-07-01T14:25:00+08:00,2015-06-25T14:28:00+08:00
R1_A,2015-07-01,28783,2015-06-25,27819,SHORT,-1,29,2015,0.712405827599,0.598182290607,0.32646485415,0.235877686478,1.09861228867,1.25240470641,0.398728267038,0.269210549374,1.09861228867,1.36478351575,000852.SH,000852.SH:DEV_R1_A:28783:27819,2015-07-01T14:44:00+08:00,2015-06-25T14:40:00+08:00
R1_A,2015-07-02,28801,2015-05-06,19200,SHORT,-1,19,2015,0.499903958245,1.84916338517,0.431228450195,0.434265051337,2.8903717579,1.18358971074,0.409797399095,0.286939942803,2.99573227355,0.934215737262,000852.SH,000852.SH:DEV_R1_A:28801:19200,2015-07-02T09:32:00+08:00,2015-05-06T09:31:00+08:00
R1_A,2015-07-02,28812,2015-05-07,19461,SHORT,-1,19,2015,1.96085390597,1.26985312097,0.4561564227,0.407350495183,0,2.02126762804,0.619061945869,0.319348123613,0,2.02731784014,000852.SH,000852.SH:DEV_R1_A:28812:19461,2015-07-02T09:43:00+08:00,2015-05-07T09:52:00+08:00
R1_A,2015-07-02,28825,2015-08-07,35061,LONG,1,19,2015,1.02044082971,1.18279953287,0.36533106312,0.367583358517,1.79175946923,2.08036959964,0.44902484985,0.271949729447,1.79175946923,2.03644676,000852.SH,000852.SH:DEV_R1_A:28825:35061,2015-07-02T09:56:00+08:00,2015-08-07T09:52:00+08:00
R1_A,2015-07-02,28848,2015-07-09,30035,SHORT,-1,20,2015,0.973129334775,0.500630911972,0.291120189393,0.207514297618,2.3978952728,1.12331102304,0.314758018592,0.172679016358,2.77258872224,1.15919109857,000852.SH,000852.SH:DEV_R1_A:28848:30035,2015-07-02T10:19:00+08:00,2015-07-09T10:06:00+08:00
R1_A,2015-07-02,28863,2015-05-07,19509,SHORT,-1,21,2015,0.34176075069,1.18695689311,0.450477171746,0.287506246877,2.63905732962,0.896289349987,0.337443969286,0.196039420719,2.7080502011,0.872400868375,000852.SH,000852.SH:DEV_R1_A:28863:19509,2015-07-02T10:34:00+08:00,2015-05-07T10:40:00+08:00
R1_A,2015-07-02,28887,2015-05-05,19048,LONG,1,21,2015,0.954637097568,0.949820272827,0.182279005354,0.153218913235,2.3978952728,1.11730545485,0.256356441715,0.0970339744742,2.63905732962,0.908698833611,000852.SH,000852.SH:DEV_R1_A:28887:19048,2015-07-02T10:58:00+08:00,2015-05-05T10:59:00+08:00
R1_A,2015-07-02,28914,2015-05-05,19049,LONG,1,22,2015,1.31726515642,0.71397865447,0.138027963782,0.0946851934099,2.77258872224,0.734392330963,0.256356441715,0.0970339744742,2.7080502011,0.899580841077,000852.SH,000852.SH:DEV_R1_A:28914:19049,2015-07-02T11:25:00+08:00,2015-05-05T11:00:00+08:00
R1_A,2015-07-02,28980,2015-05-05,19152,SHORT,-1,28,2015,0.616745749809,1.03707561838,0.490461772722,0.240118611547,1.38629436112,0.547500590433,0.435447275722,0.194142607538,2.19722457734,0.782408512653,000852.SH,000852.SH:DEV_R1_A:28980:19152,2015-07-02T14:01:00+08:00,2015-05-05T14:13:00+08:00
R1_A,2015-07-02,29009,2015-11-18,51097,SHORT,-1,29,2015,0.756603961671,1.13290371682,0.342601941315,0.266668680705,1.60943791243,0.541029101731,0.395835671518,0.180669635494,1.79175946923,0.706612234609,000852.SH,000852.SH:DEV_R1_A:29009:51097,2015-07-02T14:30:00+08:00,2015-11-18T14:38:00+08:00
R1_A,2015-07-03,29070,2015-05-07,19469,SHORT,-1,20,2015,0.552962394909,3.82732121245,0.756467207887,0.632642809781,1.94591014906,2.38883115455,0.619061945869,0.319348123613,2.19722457734,2.03313828055,000852.SH,000852.SH:DEV_R1_A:29070:19469,2015-07-03T10:01:00+08:00,2015-05-07T10:00:00+08:00
R1_A,2015-07-03,29122,2015-05-07,19512,SHORT,-1,21,2015,0.660161088,1.50882016028,0.297489012684,0.191128131482,1.79175946923,0.217248324848,0.337443969286,0.196039420719,2.8903717579,0.686603363926,000852.SH,000852.SH:DEV_R1_A:29122:19512,2015-07-03T10:53:00+08:00,2015-05-07T10:43:00+08:00
R1_A,2015-07-03,29170,2015-05-08,19820,LONG,1,26,2015,0.941913187331,2.54991322765,0.628147706206,0.47261841675,0,0.895734668397,0.533103668995,0.297912100588,0,0.360023101058,000852.SH,000852.SH:DEV_R1_A:29170:19820,2015-07-03T13:11:00+08:00,2015-05-08T13:21:00+08:00
R1_A,2015-07-03,29188,2015-05-08,19827,LONG,1,26,2015,1.50676586933,1.95698193351,0.457920407281,0.398521908082,1.60943791243,1.12097433714,0.533103668995,0.297912100588,2.07944154168,0.57897959388,000852.SH,000852.SH:DEV_R1_A:29188:19827,2015-07-03T13:29:00+08:00,2015-05-08T13:28:00+08:00
R1_A,2015-07-03,29218,2015-01-14,1829,SHORT,-1,27,2015,0.37663495905,3.39932379347,0.413910296161,0.416471546371,3.33220451018,0.725515492011,0.432925633165,0.16705379541,5.92425579741,0.656882396491,000852.SH,000852.SH:DEV_R1_A:29218:1829,2015-07-03T13:59:00+08:00,2015-01-14T13:30:00+08:00
R1_A,2015-07-03,29227,2015-05-05,19147,SHORT,-1,28,2015,0.693328687327,2.25291393535,0.669827643,0.356788226563,1.38629436112,0.65819122314,0.435447275722,0.194142607538,1.38629436112,0.866582178583,000852.SH,000852.SH:DEV_R1_A:29227:19147,2015-07-03T14:08:00+08:00,2015-05-05T14:08:00+08:00
R1_A,2015-07-03,29240,2015-05-05,19147,SHORT,-1,28,2015,0.865605311363,1.26323783321,0.202700733662,0.201548001231,1.38629436112,0.628693524876,0.435447275722,0.194142607538,1.38629436112,0.866582178583,000852.SH,000852.SH:DEV_R1_A:29240:19147,2015-07-03T14:21:00+08:00,2015-05-05T14:08:00+08:00
R1_A,2015-07-03,29265,2015-05-07,19657,SHORT,-1,29,2015,0.319835166412,0.759977523787,0.0948891021115,0.0954403397708,3.21887582487,0.408859646488,0.0893285722391,0.0424971327609,3.73766961828,0.507218973214,000852.SH,000852.SH:DEV_R1_A:29265:19657,2015-07-03T14:46:00+08:00,2015-05-07T14:38:00+08:00
R1_A,2015-07-06,29293,2015-08-07,35061,LONG,1,19,2015,1.38055660283,0.762355274247,0.332923952448,0.267732397187,1.79175946923,2.23176963712,0.44902484985,0.271949729447,1.79175946923,2.03644676,000852.SH,000852.SH:DEV_R1_A:29293:35061,2015-07-06T09:44:00+08:00,2015-08-07T09:52:00+08:00
R1_A,2015-07-06,29321,2015-01-30,4616,SHORT,-1,20,2015,1.10431333315,0.538282797263,0.0754099704927,0.0579064768626,1.60943791243,0.758047952122,0.0442574598457,0.0161791801013,1.79175946923,0.708719123312,000852.SH,000852.SH:DEV_R1_A:29321:4616,2015-07-06T10:12:00+08:00,2015-01-30T10:27:00+08:00
R1_A,2015-07-06,29364,2015-06-25,27662,SHORT,-1,21,2015,0.586435140608,1.19423585123,0.274281775701,0.155164537188,1.60943791243,0.439181868667,0.217777904679,0.138236672775,3.04452243772,0.657970966163,000852.SH,000852.SH:DEV_R1_A:29364:27662,2015-07-06T10:55:00+08:00,2015-06-25T10:33:00+08:00
R1_A,2015-07-06,29398,2015-06-04,24350,SHORT,-1,22,2015,1.07150538928,3.05453770327,0.655849734939,0.503837061284,1.79175946923,0.588766069364,0.375496782356,0.266717397508,1.60943791243,0.666134463854,000852.SH,000852.SH:DEV_R1_A:29398:24350,2015-07-06T11:29:00+08:00,2015-06-04T11:21:00+08:00
R1_A,2015-07-06,29421,2015-06-04,24360,SHORT,-1,26,2015,0.521624757609,1.51008869629,0.323181170371,0.287141131655,1.38629436112,0.617315238994,0.375496782356,0.266717397508,2.7080502011,1.03901099772,000852.SH,000852.SH:DEV_R1_A:29421:24360,2015-07-06T13:22:00+08:00,2015-06-04T13:01:00+08:00
R1_A,2015-07-06,29452,2015-03-06,9525,SHORT,-1,27,2015,0.73319004496,1.28313789206,0.0467773867624,0.0306364886833,1.38629436112,0.338376141196,0.199272615224,0.0984797260453,2.19722457734,0.509664716862,000852.SH,000852.SH:DEV_R1_A:29452:9525,2015-07-06T13:53:00+08:00,2015-03-06T13:46:00+08:00
R1_A,2015-07-06,29496,2015-01-12,1433,LONG,1,29,2015,0.393021690241,1.46568329299,0.0344878451178,0.0333202225094,3.61091791264,0.143853365166,0.0209598780694,0.0104927330734,5.54517744448,0.355109806204,000852.SH,000852.SH:DEV_R1_A:29496:1433,2015-07-06T14:37:00+08:00,2015-01-12T14:54:00+08:00
R1_A,2015-07-07,29527,2015-07-09,30005,SHORT,-1,19,2015,0.616156655701,1.68473282883,0.460789850914,0.450479233227,1.38629436112,2.41343291024,0.735663604218,0.403052299278,1.60943791243,2.75661169339,000852.SH,000852.SH:DEV_R1_A:29527:30005,2015-07-07T09:38:00+08:00,2015-07-09T09:36:00+08:00
R1_A,2015-07-07,29550,2015-05-07,19470,SHORT,-1,20,2015,0.452568380907,4.97878666837,0.73472863574,0.733259248638,2.94443897917,2.42680050347,0.619061945869,0.319348123613,2.30258509299,2.03302061264,000852.SH,000852.SH:DEV_R1_A:29550:19470,2015-07-07T10:01:00+08:00,2015-05-07T10:01:00+08:00
R1_A,2015-07-09,30067,2015-07-09,30066,LONG,1,21,2015,0.670157171421,0.133027136531,0.394798365226,0.314743714503,1.94591014906,1.2071173885,0.394798365226,0.314743714503,1.79175946923,1.17750859963,000852.SH,000852.SH:DEV_R1_A:30067:30066,2015-07-09T10:38:00+08:00,2015-07-09T10:37:00+08:00
R1_A,2015-07-13,30503,2015-07-13,30502,LONG,1,19,2015,0.86202020138,0.153143216847,0.763507593226,0.576355925773,1.60943791243,2.78469944034,0.763507593226,0.576355925773,1.38629436112,2.79176076363,000852.SH,000852.SH:DEV_R1_A:30503:30502,2015-07-13T09:54:00+08:00,2015-07-13T09:53:00+08:00
R1_A,2015-07-14,30749,2015-08-07,35070,LONG,1,20,2015,0.585538860519,2.52946412191,0.64914904153,0.419368147453,1.60943791243,2.7198341186,0.474900138597,0.278925296257,1.60943791243,2.08359392492,000852.SH,000852.SH:DEV_R1_A:30749:35070,2015-07-14T10:00:00+08:00,2015-08-07T10:01:00+08:00
R1_A,2015-07-14,30848,2015-05-08,19828,LONG,1,26,2015,1.18507262572,0.923889051756,0.408578594392,0.24562299726,2.7080502011,0.518197517145,0.533103668995,0.297912100588,2.19722457734,0.583377146423,000852.SH,000852.SH:DEV_R1_A:30848:19828,2015-07-14T13:09:00+08:00,2015-05-08T13:29:00+08:00
R1_A,2015-07-14,30868,2015-12-25,57496,LONG,1,26,2015,0.869052386743,0.695018270707,0.408578594392,0.24562299726,3.55534806149,0.731064817813,0.535062676656,0.218395907323,3.25809653802,0.723935468448,000852.SH,000852.SH:DEV_R1_A:30868:57496,2015-07-14T13:29:00+08:00,2015-12-25T13:17:00+08:00
R1_A,2015-07-14,30877,2015-05-08,19851,LONG,1,27,2015,0.302332271962,0.869883187821,0.408578594392,0.24562299726,3.78418963392,0.747910459666,0.533103668995,0.297912100588,3.4657359028,0.71271794893,000852.SH,000852.SH:DEV_R1_A:30877:19851,2015-07-14T13:38:00+08:00,2015-05-08T13:52:00+08:00
R1_A,2015-07-14,30896,2015-12-21,56551,SHORT,-1,27,2015,0.477982881319,0.751110558781,0.0717390434976,0.0368189293862,2.48490664979,0.578392828203,0.0216809270353,0.00722743349224,3.40119738166,0.599502725462,000852.SH,000852.SH:DEV_R1_A:30896:56551,2015-07-14T13:57:00+08:00,2015-12-21T13:32:00+08:00
R1_A,2015-07-14,30936,2015-05-07,19678,SHORT,-1,29,2015,0.879351141523,0.199977112587,0.162359589599,0.0897900269615,2.83321334406,0.638318950027,0.199158405682,0.0971586492789,2.77258872224,0.621963936018,000852.SH,000852.SH:DEV_R1_A:30936:19678,2015-07-14T14:37:00+08:00,2015-05-07T14:59:00+08:00
R1_A,2015-07-14,30950,2015-05-07,19678,SHORT,-1,29,2015,0.438025929936,0.574677047639,0.162359589599,0.0897900269615,3.43398720449,0.512541939279,0.199158405682,0.0971586492789,2.77258872224,0.621963936018,000852.SH,000852.SH:DEV_R1_A:30950:19678,2015-07-14T14:51:00+08:00,2015-05-07T14:59:00+08:00
R1_A,2015-07-15,30963,2015-09-25,42960,LONG,1,19,2015,0.534702435318,2.01117662765,0.0462141025675,0.0266129959747,0.69314718056,1.11523936388,0.157034378696,0.0705676273095,2.63905732962,0.633852647696,000852.SH,000852.SH:DEV_R1_A:30963:42960,2015-07-15T09:34:00+08:00,2015-09-25T09:31:00+08:00
R1_A,2015-07-15,30970,2015-01-15,1939,LONG,1,19,2015,0.333676811734,0.81703957655,0.307217732239,0.177667638484,1.94591014906,1.33974957908,0.419391187729,0.125939672255,1.94591014906,1.26952533015,000852.SH,000852.SH:DEV_R1_A:30970:1939,2015-07-15T09:41:00+08:00,2015-01-15T09:50:00+08:00
R1_A,2015-07-15,31009,2015-05-07,19471,SHORT,-1,20,2015,0.662898239507,0.649026126596,0.516607182129,0.316985621811,1.79175946923,1.39494605157,0.619061945869,0.319348123613,2.3978952728,1.4534237207,000852.SH,000852.SH:DEV_R1_A:31009:19471,2015-07-15T10:20:00+08:00,2015-05-07T10:02:00+08:00
R1_A,2015-07-15,31048,2015-05-07,19523,SHORT,-1,21,2015,0.339264731061,1.65375597247,0.465987143587,0.328609506886,3.49650756147,0.789428040088,0.337443969286,0.196039420719,3.36729582999,0.804113125604,000852.SH,000852.SH:DEV_R1_A:31048:19523,2015-07-15T10:59:00+08:00,2015-05-07T10:54:00+08:00
R1_A,2015-07-15,31086,2015-11-18,51006,SHORT,-1,26,2015,0.416418952247,1.72640967566,0.465987143587,0.328609506886,4.26267987704,0.594299426811,0.277949870994,0.206284319707,4.34380542185,0.431445489237,000852.SH,000852.SH:DEV_R1_A:31086:51006,2015-07-15T13:07:00+08:00,2015-11-18T13:07:00+08:00
R1_A,2015-07-15,31141,2015-05-05,19150,SHORT,-1,28,2015,0.642017930898,1.09678828029,0.595570141368,0.262638530439,1.79175946923,0.838166363767,0.435447275722,0.194142607538,1.94591014906,0.876166781727,000852.SH,000852.SH:DEV_R1_A:31141:19150,2015-07-15T14:02:00+08:00,2015-05-05T14:11:00+08:00
R1_A,2015-07-16,31218,2015-07-09,30008,SHORT,-1,19,2015,1.78452892665,1.41461651027,0.727328277672,0.523595399809,2.07944154168,2.69140611477,0.735663604218,0.403052299278,2.07944154168,2.76195956116,000852.SH,000852.SH:DEV_R1_A:31218:30008,2015-07-16T09:49:00+08:00,2015-07-09T09:39:00+08:00
R1_A,2015-07-16,31233,2015-09-25,42998,LONG,1,20,2015,1.28850579174,0.876602465198,0.0410616939193,0.0345659400465,1.38629436112,1.16386496544,0.0367759700324,0.0258853713291,1.60943791243,0.853452522098,000852.SH,000852.SH:DEV_R1_A:31233:42998,2015-07-16T10:04:00+08:00,2015-09-25T10:09:00+08:00
R1_A,2015-07-16,31269,2015-05-05,19043,LONG,1,21,2015,0.57369166538,0.74681825452,0.191557309305,0.131143062054,1.38629436112,0.710847834975,0.256356441715,0.0970339744742,2.19722457734,0.739559581189,000852.SH,000852.SH:DEV_R1_A:31269:19043,2015-07-16T10:40:00+08:00,2015-05-05T10:54:00+08:00
R1_A,2015-07-16,31298,2015-02-05,5609,LONG,1,22,2015,0.431749622835,1.89760122663,0.538116005184,0.390134317064,2.94443897917,0.468800234546,0.568831761502,0.263213330244,4.66343909411,0.538200854102,000852.SH,000852.SH:DEV_R1_A:31298:5609,2015-07-16T11:09:00+08:00,2015-02-05T11:00:00+08:00
R1_A,2015-07-16,31357,2015-01-30,4720,SHORT,-1,27,2015,0.547103574966,1.24243276103,0.272289600434,0.192843059357,1.60943791243,0.389884072324,0.24683309658,0.0984461152882,1.79175946923,0.591962078403,000852.SH,000852.SH:DEV_R1_A:31357:4720,2015-07-16T13:38:00+08:00,2015-01-30T13:41:00+08:00
R1_A,2015-07-16,31379,2015-05-05,19152,SHORT,-1,28,2015,0.948821703982,2.01203482082,0.48057357861,0.35247299602,1.38629436112,0.578932390374,0.435447275722,0.194142607538,2.19722457734,0.782408512653,000852.SH,000852.SH:DEV_R1_A:31379:19152,2015-07-16T14:00:00+08:00,2015-05-05T14:13:00+08:00
R1_A,2015-07-16,31423,2015-07-08,29998,SHORT,-1,29,2015,0.661116706671,1.94368238314,0.48057357861,0.35247299602,3.87120101091,0.248578603205,0.740768041504,0.459128613997,2.7080502011,0.0994814857554,000852.SH,000852.SH:DEV_R1_A:31423:29998,2015-07-16T14:44:00+08:00,2015-07-08T14:59:00+08:00
R1_A,2015-07-16,31429,2015-09-24,42958,LONG,1,29,2015,0.663467103444,1.5217137359,0.0470314181721,0.025438025531,1.38629436112,0.291445588867,0.157034378696,0.0705676273095,2.48490664979,0.691911998496,000852.SH,000852.SH:DEV_R1_A:31429:42958,2015-07-16T14:50:00+08:00,2015-09-24T14:59:00+08:00
R1_A,2015-07-17,31445,2015-01-15,1935,LONG,1,19,2015,0.501108311522,2.15467313582,0.327900411004,0.307292842628,1.09861228867,1.09456392219,0.419391187729,0.125939672255,1.09861228867,1.15033196161,000852.SH,000852.SH:DEV_R1_A:31445:1935,2015-07-17T09:36:00+08:00,2015-01-15T09:46:00+08:00
R1_A,2015-07-17,31457,2015-01-15,1935,LONG,1,19,2015,0.515501347471,1.11608141968,0.226699291821,0.183655362776,1.09861228867,1.17021999771,0.419391187729,0.125939672255,1.09861228867,1.15033196161,000852.SH,000852.SH:DEV_R1_A:31457:1935,2015-07-17T09:48:00+08:00,2015-01-15T09:46:00+08:00
R1_A,2015-07-17,31504,2015-01-23,3432,LONG,1,21,2015,0.574068301852,1.41736765126,0.569291959391,0.386164855553,1.94591014906,0.694672861738,0.682081842295,0.302714941978,2.07944154168,1.01630023515,000852.SH,000852.SH:DEV_R1_A:31504:3432,2015-07-17T10:35:00+08:00,2015-01-23T10:43:00+08:00
R1_A,2015-07-17,31574,2015-03-30,13343,LONG,1,26,2015,0.703939178605,0.702621956415,0.249451238261,0.15386286743,3.21887582487,0.477002421874,0.345263999597,0.116481215456,3.68887945411,0.506477398773,000852.SH,000852.SH:DEV_R1_A:31574:13343,2015-07-17T13:15:00+08:00,2015-03-30T13:24:00+08:00
R1_A,2015-07-20,31697,2015-08-07,35068,LONG,1,19,2015,0.51077573896,1.17741291796,0.661855992597,0.344397637943,1.38629436112,2.02183320505,0.474900138597,0.278925296257,1.09861228867,2.07655413435,000852.SH,000852.SH:DEV_R1_A:31697:35068,2015-07-20T09:48:00+08:00,2015-08-07T09:59:00+08:00
R1_A,2015-07-20,31759,2015-01-23,3443,LONG,1,21,2015,1.27530507165,0.79446858172,0.537868494498,0.321668749628,2.3978952728,1.28562628932,0.682081842295,0.302714941978,2.94443897917,1.28134109297,000852.SH,000852.SH:DEV_R1_A:31759:3443,2015-07-20T10:50:00+08:00,2015-01-23T10:54:00+08:00
R1_A,2015-07-20,31780,2015-05-05,19076,SHORT,-1,22,2015,1.17535048037,1.1975465069,0.219189917943,0.127272363858,1.60943791243,1.84914317408,0.215696738624,0.140034478186,2.99573227355,1.58767154882,000852.SH,000852.SH:DEV_R1_A:31780:19076,2015-07-20T11:11:00+08:00,2015-05-05T11:27:00+08:00
R1_A,2015-07-21,31971,2015-05-06,19251,LONG,1,20,2015,0.557663698489,0.512481765657,0.171587870913,0.108529697039,2.48490664979,0.639413179717,0.192361439965,0.136613117466,3.04452243772,0.623906450477,000852.SH,000852.SH:DEV_R1_A:31971:19251,2015-07-21T10:22:00+08:00,2015-05-06T10:22:00+08:00
R1_A,2015-07-21,32015,2015-05-06,19289,LONG,1,22,2015,0.984731579387,0.725067664621,0.197828271079,0.138844301766,3.04452243772,0.484826635814,0.192361439965,0.136613117466,4.07753744391,0.42216632975,000852.SH,000852.SH:DEV_R1_A:32015:19289,2015-07-21T11:06:00+08:00,2015-05-06T11:00:00+08:00
R1_A,2015-07-21,32059,2015-05-07,19561,SHORT,-1,26,2015,1.23928095165,0.102596509542,0.0851082246018,0.0463697776612,3.63758615973,0.480607509658,0.0887118939944,0.050018070112,3.55534806149,0.454199842096,000852.SH,000852.SH:DEV_R1_A:32059:19561,2015-07-21T13:20:00+08:00,2015-05-07T13:02:00+08:00
R1_A,2015-07-21,32128,2015-03-30,13402,LONG,1,28,2015,0.835711189718,0.630183923111,0.302991186532,0.146854690374,1.94591014906,0.595157596138,0.330312076169,0.0991094326556,1.79175946923,0.685633557348,000852.SH,000852.SH:DEV_R1_A:32128:13402,2015-07-21T14:29:00+08:00,2015-03-30T14:23:00+08:00
R1_A,2015-07-22,32169,2015-01-15,1944,LONG,1,19,2015,0.299488824039,0.793722007594,0.375980078336,0.186553538825,2.07944154168,1.40914405411,0.419391187729,0.125939672255,2.48490664979,1.36115590641,000852.SH,000852.SH:DEV_R1_A:32169:1944,2015-07-22T09:40:00+08:00,2015-01-15T09:55:00+08:00
R1_A,2015-07-22,32190,2015-03-05,9176,LONG,1,20,2015,0.603436488591,0.43994610877,0.216033487554,0.0961296529268,1.38629436112,1.73328770467,0.19364405224,0.087228092503,1.94591014906,1.67374432989,000852.SH,000852.SH:DEV_R1_A:32190:9176,2015-07-22T10:01:00+08:00,2015-03-05T10:27:00+08:00
R1_A,2015-07-22,32262,2015-05-05,19051,LONG,1,22,2015,0.856467460529,1.0303666022,0.134173876604,0.0626241604389,1.79175946923,1.06261686409,0.256356441715,0.0970339744742,2.83321334406,0.959921334117,000852.SH,000852.SH:DEV_R1_A:32262:19051,2015-07-22T11:13:00+08:00,2015-05-05T11:02:00+08:00
R1_A,2015-07-22,32299,2015-06-04,24361,SHORT,-1,26,2015,0.527281191709,1.37671436423,0.467601896844,0.213766348925,1.09861228867,1.45529368989,0.375496782356,0.266717397508,2.77258872224,1.52513863389,000852.SH,000852.SH:DEV_R1_A:32299:24361,2015-07-22T13:20:00+08:00,2015-06-04T13:02:00+08:00
R1_A,2015-07-23,32410,2015-01-15,1936,LONG,1,19,2015,0.551366875733,1.70726729598,0.540170082446,0.263523583844,1.38629436112,1.11355445135,0.419391187729,0.125939672255,1.38629436112,1.1926505276,000852.SH,000852.SH:DEV_R1_A:32410:1936,2015-07-23T09:41:00+08:00,2015-01-15T09:47:00+08:00
R1_A,2015-07-23,32492,2015-02-05,5609,LONG,1,22,2015,0.367172837292,0.558939174862,0.518274674152,0.234283904303,4.11087386417,0.517200607888,0.568831761502,0.263213330244,4.66343909411,0.538200854102,000852.SH,000852.SH:DEV_R1_A:32492:5609,2015-07-23T11:03:00+08:00,2015-02-05T11:00:00+08:00
R1_A,2015-07-23,32582,2015-03-23,12191,LONG,1,28,2015,0.491227882353,0.614087933423,0.518274674152,0.234283904303,5.01727983681,0.663981969266,0.427885276655,0.256369855117,5.37989735354,0.763711843176,000852.SH,000852.SH:DEV_R1_A:32582:12191,2015-07-23T14:03:00+08:00,2015-03-23T14:12:00+08:00
R1_A,2015-07-24,32649,2015-03-05,9137,LONG,1,19,2015,0.35869674011,0.501232480908,0.518274674152,0.234283904303,5.38449506279,1.27775750961,0.598993028472,0.261524249423,5.38907172982,1.23823825976,000852.SH,000852.SH:DEV_R1_A:32649:9137,2015-07-24T09:40:00+08:00,2015-03-05T09:48:00+08:00
R1_A,2015-07-24,32671,2015-08-07,35070,LONG,1,20,2015,0.53313936918,1.57042499769,0.624514668556,0.212839969402,1.60943791243,1.65533568733,0.474900138597,0.278925296257,1.60943791243,2.08359392492,000852.SH,000852.SH:DEV_R1_A:32671:35070,2015-07-24T10:02:00+08:00,2015-08-07T10:01:00+08:00
R1_A,2015-07-24,32715,2015-11-18,50939,SHORT,-1,21,2015,0.598834512721,0.99385190537,0.32532612634,0.227940529603,1.38629436112,1.63112994824,0.277949870994,0.206284319707,2.30258509299,1.37830304396,000852.SH,000852.SH:DEV_R1_A:32715:50939,2015-07-24T10:46:00+08:00,2015-11-18T10:30:00+08:00
R1_A,2015-07-24,32793,2015-05-05,19114,SHORT,-1,27,2015,1.34525255771,1.28866029978,0.32532612634,0.227940529603,4.40671924726,0.767338175449,0.215696738624,0.140034478186,4.06044301055,0.967388703274,000852.SH,000852.SH:DEV_R1_A:32793:19114,2015-07-24T13:34:00+08:00,2015-05-05T13:35:00+08:00
R1_A,2015-07-24,32838,2015-11-18,51059,LONG,1,28,2015,0.779428721049,0.201218579313,0.117454518844,0.0598338877382,3.80666248977,1.03439476251,0.0911746056792,0.0500332288996,3.97029191355,1.04132688657,000852.SH,000852.SH:DEV_R1_A:32838:51059,2015-07-24T14:19:00+08:00,2015-11-18T14:00:00+08:00
R1_A,2015-07-24,32858,2015-12-25,57578,LONG,1,29,2015,0.978536930116,0.480153342307,0.117454518844,0.0598338877382,4.1743872699,1.22590425761,0.0915224713223,0.0414086788411,3.61091791264,1.17070515925,000852.SH,000852.SH:DEV_R1_A:32858:57578,2015-07-24T14:39:00+08:00,2015-12-25T14:39:00+08:00
R1_A,2015-07-27,32893,2015-07-09,30012,SHORT,-1,19,2015,1.60572411639,1.74434801589,0.473492577935,0.470273826166,2.3978952728,2.39964932217,0.735663604218,0.403052299278,2.48490664979,2.75471424695,000852.SH,000852.SH:DEV_R1_A:32893:30012,2015-07-27T09:44:00+08:00,2015-07-09T09:43:00+08:00
R1_A,2015-07-27,32964,2015-08-07,35128,LONG,1,21,2015,0.994392211603,0.226278599466,0.414335351631,0.236685826797,2.56494935746,0.52410146501,0.407271269162,0.230238648519,2.48490664979,0.450281583734,000852.SH,000852.SH:DEV_R1_A:32964:35128,2015-07-27T10:55:00+08:00,2015-08-07T10:59:00+08:00
R1_A,2015-07-27,33010,2015-11-18,51006,SHORT,-1,26,2015,0.479399325799,0.874266854433,0.273504149053,0.191809881022,3.25809653802,0.589055212129,0.277949870994,0.206284319707,4.34380542185,0.431445489237,000852.SH,000852.SH:DEV_R1_A:33010:51006,2015-07-27T13:11:00+08:00,2015-11-18T13:07:00+08:00
R1_A,2015-07-27,33033,2015-01-30,4718,SHORT,-1,27,2015,0.540871972009,3.53355007769,0.632577190934,0.356605029965,1.38629436112,0.810491095684,0.24683309658,0.0984461152882,1.38629436112,0.608571280039,000852.SH,000852.SH:DEV_R1_A:33033:4718,2015-07-27T13:34:00+08:00,2015-01-30T13:39:00+08:00
R1_A,2015-07-27,33075,2015-05-05,19153,SHORT,-1,28,2015,0.448502995415,0.534372851249,0.428608042848,0.219355617717,2.7080502011,0.674312896307,0.435447275722,0.194142607538,2.30258509299,0.801084422117,000852.SH,000852.SH:DEV_R1_A:33075:19153,2015-07-27T14:16:00+08:00,2015-05-05T14:14:00+08:00
R1_A,2015-07-27,33091,2015-11-18,51099,SHORT,-1,29,2015,0.725957099628,1.11990988161,0.452636058371,0.270110924683,1.60943791243,0.860475871009,0.395835671518,0.180669635494,2.07944154168,0.880120058781,000852.SH,000852.SH:DEV_R1_A:33091:51099,2015-07-27T14:32:00+08:00,2015-11-18T14:40:00+08:00
R1_A,2015-07-27,33109,2015-05-05,19198,SHORT,-1,29,2015,0.499469138255,2.13859202445,0.577116209465,0.448408306751,2.83321334406,0.88138978452,0.409797399095,0.286939942803,2.8903717579,1.12549094113,000852.SH,000852.SH:DEV_R1_A:33109:19198,2015-07-27T14:50:00+08:00,2015-05-05T14:59:00+08:00
R1_A,2015-07-28,33125,2015-07-09,30019,SHORT,-1,19,2015,0.465920378561,1.17652767345,0.577116209465,0.448408306751,3.49650756147,2.5263474757,0.735663604218,0.403052299278,2.94443897917,2.76338265966,000852.SH,000852.SH:DEV_R1_A:33125:30019,2015-07-28T09:36:00+08:00,2015-07-09T09:50:00+08:00
R1_A,2015-07-28,33132,2015-07-09,30005,SHORT,-1,19,2015,1.55416661682,2.35704263363,0.782529380832,0.600610237256,1.60943791243,2.57933735797,0.735663604218,0.403052299278,1.60943791243,2.75661169339,000852.SH,000852.SH:DEV_R1_A:33132:30005,2015-07-28T09:43:00+08:00,2015-07-09T09:36:00+08:00
R1_A,2015-07-28,33163,2015-05-07,19498,SHORT,-1,20,2015,0.930174500405,1.3674042478,0.315491040129,0.265753751248,1.79175946923,0.663277072616,0.337443969286,0.196039420719,1.38629436112,1.04774064834,000852.SH,000852.SH:DEV_R1_A:33163:19498,2015-07-28T10:14:00+08:00,2015-05-07T10:29:00+08:00
R1_A,2015-07-28,33217,2015-07-10,30329,LONG,1,22,2015,1.80442164049,5.12955474892,0.6740747818,0.679404393876,1.60943791243,0.929151480486,0.515043169337,0.37814009445,5.50938833663,0.00793647478867,000852.SH,000852.SH:DEV_R1_A:33217:30329,2015-07-28T11:08:00+08:00,2015-07-10T11:00:00+08:00
R1_A,2015-07-28,33292,2015-01-30,4719,SHORT,-1,27,2015,0.617351155882,2.84280193108,0.39673224213,0.335129236855,1.60943791243,0.528831980377,0.24683309658,0.0984461152882,1.60943791243,0.600255124135,000852.SH,000852.SH:DEV_R1_A:33292:4719,2015-07-28T13:53:00+08:00,2015-01-30T13:40:00+08:00
R1_A,2015-07-28,33311,2015-05-06,19379,LONG,1,28,2015,0.607738197694,1.1909785361,0.388490233644,0.341444650235,1.09861228867,0.664123189734,0.378483446407,0.259147340445,1.79175946923,0.472744767681,000852.SH,000852.SH:DEV_R1_A:33311:19379,2015-07-28T14:12:00+08:00,2015-05-06T14:00:00+08:00
R1_A,2015-07-28,33318,2015-03-17,11219,LONG,1,28,2015,0.489472400043,1.49141535727,0.46284538095,0.460015075721,1.94591014906,0.644771771838,0.606675020403,0.349897569569,2.48490664979,0.682567873699,000852.SH,000852.SH:DEV_R1_A:33318:11219,2015-07-28T14:19:00+08:00,2015-03-17T14:00:00+08:00
R1_A,2015-07-28,33329,2015-09-24,42958,LONG,1,29,2015,0.594229112719,0.708444624564,0.167685638249,0.100788892395,1.60943791243,0.639409640155,0.157034378696,0.0705676273095,2.48490664979,0.691911998496,000852.SH,000852.SH:DEV_R1_A:33329:42958,2015-07-28T14:30:00+08:00,2015-09-24T14:59:00+08:00
R1_A,2015-07-28,33341,2015-05-07,19666,SHORT,-1,29,2015,0.626511402238,0.506631816072,0.222944492506,0.130948419301,1.38629436112,0.505115815734,0.199158405682,0.0971586492789,1.38629436112,0.614025765696,000852.SH,000852.SH:DEV_R1_A:33341:19666,2015-07-28T14:42:00+08:00,2015-05-07T14:47:00+08:00
R1_A,2015-07-29,33366,2015-01-21,2888,LONG,1,19,2015,0.692757955467,2.15774442296,0.569055270169,0.453215636822,1.09861228867,1.56246310297,0.615888131793,0.385081938532,4.02535169074,1.52090513701,000852.SH,000852.SH:DEV_R1_A:33366:2888,2015-07-29T09:37:00+08:00,2015-01-21T09:39:00+08:00
R1_A,2015-07-29,33401,2015-01-13,1469,SHORT,-1,20,2015,0.792119897895,1.19470443372,0.417052552121,0.255310747848,2.07944154168,0.757822539587,0.432925633165,0.16705379541,2.63905732962,0.929683599313,000852.SH,000852.SH:DEV_R1_A:33401:1469,2015-07-29T10:12:00+08:00,2015-01-13T10:00:00+08:00
R1_A,2015-07-29,33425,2015-05-07,19499,SHORT,-1,21,2015,0.684982414189,1.6513770249,0.455144023879,0.310101946247,1.09861228867,0.762605912732,0.337443969286,0.196039420719,1.60943791243,1.03210410621,000852.SH,000852.SH:DEV_R1_A:33425:19499,2015-07-29T10:36:00+08:00,2015-05-07T10:30:00+08:00
R1_A,2015-07-29,33507,2015-12-21,56528,SHORT,-1,26,2015,0.653298821629,1.73104443768,0.244090847795,0.122142024567,1.38629436112,0.653220557426,0.0216809270353,0.00722743349224,1.94591014906,0.693349442439,000852.SH,000852.SH:DEV_R1_A:33507:56528,2015-07-29T13:28:00+08:00,2015-12-21T13:09:00+08:00
R1_A,2015-07-29,33529,2015-03-06,9522,SHORT,-1,27,2015,1.15627357903,0.339638936194,0.139657347924,0.110392881128,1.79175946923,0.792798677362,0.199272615224,0.0984797260453,1.79175946923,0.741204484634,000852.SH,000852.SH:DEV_R1_A:33529:9522,2015-07-29T13:50:00+08:00,2015-03-06T13:43:00+08:00
R1_A,2015-07-29,33552,2015-05-06,19387,LONG,1,28,2015,0.510811019127,0.486999983732,0.386601193423,0.240022308202,2.07944154168,0.767350295244,0.378483446407,0.259147340445,2.63905732962,0.693786514309,000852.SH,000852.SH:DEV_R1_A:33552:19387,2015-07-29T14:13:00+08:00,2015-05-06T14:08:00+08:00
R1_A,2015-07-29,33563,2015-03-17,11219,LONG,1,28,2015,0.39798848585,0.359867575217,0.583255101299,0.373737792614,2.30258509299,0.740573512837,0.606675020403,0.349897569569,2.48490664979,0.682567873699,000852.SH,000852.SH:DEV_R1_A:33563:11219,2015-07-29T14:24:00+08:00,2015-03-17T14:00:00+08:00
R1_A,2015-07-29,33574,2015-03-03,8849,LONG,1,29,2015,0.410722362196,1.02681221386,0.583255101299,0.373737792614,3.04452243772,0.648816327666,0.719699096666,0.31138465892,3.55534806149,0.686767532511,000852.SH,000852.SH:DEV_R1_A:33574:8849,2015-07-29T14:35:00+08:00,2015-03-03T14:30:00+08:00
R1_A,2015-07-30,33603,2015-08-07,35056,LONG,1,19,2015,0.914871953433,2.64092076704,0.626732755006,0.409518165842,0,1.31511009949,0.44902484985,0.271949729447,0,2.01590125405,000852.SH,000852.SH:DEV_R1_A:33603:35056,2015-07-30T09:34:00+08:00,2015-08-07T09:47:00+08:00
R1_A,2015-07-30,33621,2015-01-21,2888,LONG,1,19,2015,0.449357131445,0.793327339788,0.626732755006,0.409518165842,2.94443897917,1.4956777905,0.615888131793,0.385081938532,4.02535169074,1.52090513701,000852.SH,000852.SH:DEV_R1_A:33621:2888,2015-07-30T09:52:00+08:00,2015-01-21T09:39:00+08:00
R1_A,2015-07-30,33692,2015-09-24,42816,LONG,1,22,2015,0.686283576951,0.625622014183,0.117938374284,0.0512820512821,2.77258872224,0.636461855281,0.0954299191773,0.0475767639276,3.66356164613,0.598668778718,000852.SH,000852.SH:DEV_R1_A:33692:42816,2015-07-30T11:03:00+08:00,2015-09-24T11:07:00+08:00
R1_A,2015-07-30,33708,2015-09-24,42816,LONG,1,22,2015,0.63209377046,0.338617177928,0.117938374284,0.0512820512821,3.4657359028,0.703531463608,0.0954299191773,0.0475767639276,3.66356164613,0.598668778718,000852.SH,000852.SH:DEV_R1_A:33708:42816,2015-07-30T11:19:00+08:00,2015-09-24T11:07:00+08:00
R1_A,2015-07-30,33743,2015-12-21,56545,SHORT,-1,26,2015,1.22822058694,0.410996210843,0.0104279707927,0.0042289649435,3.33220451018,0.546219592899,0.0216809270353,0.00722743349224,3.17805383035,0.688321964266,000852.SH,000852.SH:DEV_R1_A:33743:56545,2015-07-30T13:24:00+08:00,2015-12-21T13:26:00+08:00
R1_A,2015-07-30,33760,2015-12-21,56567,SHORT,-1,27,2015,0.472987148234,0.0644242203127,0.0104279707927,0.0042289649435,3.80666248977,0.604461172073,0.0216809270353,0.00722743349224,3.82864139649,0.605529182585,000852.SH,000852.SH:DEV_R1_A:33760:56567,2015-07-30T13:41:00+08:00,2015-12-21T13:48:00+08:00
R1_A,2015-07-30,33793,2015-12-25,57544,LONG,1,28,2015,0.76034664169,0.678096621864,0.124100189753,0.0487346101231,1.60943791243,0.673942064039,0.0915224713223,0.0414086788411,1.09861228867,0.875235729802,000852.SH,000852.SH:DEV_R1_A:33793:57544,2015-07-30T14:14:00+08:00,2015-12-25T14:05:00+08:00
R1_A,2015-07-30,33808,2015-12-25,57558,LONG,1,28,2015,1.25085530327,0.366792610282,0.124100189753,0.0487346101231,2.99573227355,0.999473269298,0.0915224713223,0.0414086788411,2.83321334406,1.10954230115,000852.SH,000852.SH:DEV_R1_A:33808:57558,2015-07-30T14:29:00+08:00,2015-12-25T14:19:00+08:00
R1_A,2015-07-30,33818,2015-06-25,27824,SHORT,-1,29,2015,0.452633650813,0.155231338797,0.42282351827,0.269017554666,1.94591014906,1.25578400802,0.398728267038,0.269210549374,2.07944154168,1.27699632081,000852.SH,000852.SH:DEV_R1_A:33818:27824,2015-07-30T14:39:00+08:00,2015-06-25T14:45:00+08:00
R1_A,2015-07-31,33844,2015-05-06,19209,SHORT,-1,19,2015,0.464948709088,0.499398109873,0.42282351827,0.269017554666,3.49650756147,1.81258318791,0.409797399095,0.286939942803,3.36729582999,1.97235861352,000852.SH,000852.SH:DEV_R1_A:33844:19209,2015-07-31T09:35:00+08:00,2015-05-06T09:40:00+08:00
R1_A,2015-07-31,33850,2015-05-07,19464,SHORT,-1,19,2015,0.669543057384,0.764627906733,0.656550029224,0.360299610138,1.38629436112,1.84075965613,0.619061945869,0.319348123613,1.38629436112,2.04822791379,000852.SH,000852.SH:DEV_R1_A:33850:19464,2015-07-31T09:41:00+08:00,2015-05-07T09:55:00+08:00
R1_A,2015-07-31,33877,2015-11-18,50938,SHORT,-1,20,2015,1.24131817063,0.509827047494,0.354916093459,0.213607001918,2.19722457734,1.23707495509,0.277949870994,0.206284319707,2.19722457734,1.36570904227,000852.SH,000852.SH:DEV_R1_A:33877:50938,2015-07-31T10:08:00+08:00,2015-11-18T10:29:00+08:00
R1_A,2015-07-31,33900,2015-05-07,19522,SHORT,-1,21,2015,0.292832479995,0.27321392657,0.354916093459,0.213607001918,3.4657359028,0.877255063265,0.337443969286,0.196039420719,3.33220451018,0.828402517032,000852.SH,000852.SH:DEV_R1_A:33900:19522,2015-07-31T10:31:00+08:00,2015-05-07T10:53:00+08:00
R1_A,2015-07-31,33910,2015-09-24,42790,LONG,1,21,2015,0.836913879734,0.522330178845,0.096045261215,0.0611451911456,2.30258509299,0.756909328821,0.0954299191773,0.0475767639276,2.56494935746,0.588582400974,000852.SH,000852.SH:DEV_R1_A:33910:42790,2015-07-31T10:41:00+08:00,2015-09-24T10:41:00+08:00
R1_A,2015-07-31,34041,2015-05-06,19403,LONG,1,28,2015,1.42398528589,0.497874464104,0.428773407324,0.277069708265,2.83321334406,0.997252420505,0.378483446407,0.259147340445,3.40119738166,1.00881843412,000852.SH,000852.SH:DEV_R1_A:34041:19403,2015-07-31T14:22:00+08:00,2015-05-06T14:24:00+08:00
R1_A,2015-07-31,34055,2015-12-25,57583,SHORT,-1,29,2015,0.604550851585,0.674697576441,0.144978691621,0.0823954791437,1.38629436112,0.941111442598,0.0945801091678,0.050468060964,1.60943791243,1.11862002018,000852.SH,000852.SH:DEV_R1_A:34055:57583,2015-07-31T14:36:00+08:00,2015-12-25T14:44:00+08:00
R1_A,2015-08-03,34086,2015-05-07,19448,SHORT,-1,19,2015,0.639140757354,1.13461752615,0.190493655694,0.182108806971,1.38629436112,2.01683741624,0.170110644462,0.0851229572048,1.38629436112,1.98325286266,000852.SH,000852.SH:DEV_R1_A:34086:19448,2015-08-03T09:37:00+08:00,2015-05-07T09:39:00+08:00
R1_A,2015-08-03,34098,2015-05-07,19468,SHORT,-1,19,2015,0.469484249176,1.61122052603,0.433896968064,0.436642682451,2.19722457734,2.03023161238,0.619061945869,0.319348123613,2.07944154168,2.02791838806,000852.SH,000852.SH:DEV_R1_A:34098:19468,2015-08-03T09:49:00+08:00,2015-05-07T09:59:00+08:00
R1_A,2015-08-03,34133,2015-05-07,19492,SHORT,-1,20,2015,0.742416355368,1.58273265816,0.364778533976,0.33847420828,3.4657359028,0.576254780457,0.619061945869,0.319348123613,3.4657359028,0.951686120632,000852.SH,000852.SH:DEV_R1_A:34133:19492,2015-08-03T10:24:00+08:00,2015-05-07T10:23:00+08:00
R1_A,2015-08-03,34161,2015-09-24,42801,LONG,1,21,2015,1.38304819714,0.526789766202,0.0221968885056,0.0129228114995,3.13549421593,0.514557361799,0.0954299191773,0.0475767639276,3.17805383035,0.515935068738,000852.SH,000852.SH:DEV_R1_A:34161:42801,2015-08-03T10:52:00+08:00,2015-09-24T10:52:00+08:00
R1_A,2015-08-03,34219,2015-05-07,19560,SHORT,-1,26,2015,0.828045269355,1.86865407769,0.287275270285,0.132308560147,1.60943791243,0.520995457245,0.0887118939944,0.050018070112,3.52636052462,0.455217575215,000852.SH,000852.SH:DEV_R1_A:34219:19560,2015-08-03T13:20:00+08:00,2015-05-07T13:01:00+08:00
R1_A,2015-08-03,34249,2015-01-30,4719,SHORT,-1,27,2015,0.623595194666,2.88043928007,0.390395957603,0.339634260623,1.60943791243,0.621300998867,0.24683309658,0.0984461152882,1.60943791243,0.600255124135,000852.SH,000852.SH:DEV_R1_A:34249:4719,2015-08-03T13:50:00+08:00,2015-01-30T13:40:00+08:00
R1_A,2015-08-03,34297,2015-06-15,26131,SHORT,-1,29,2015,0.808659030377,0.116767899094,0.0310235383912,0.016731657402,1.60943791243,0.642996109318,0.0356869419506,0.0182892195842,1.60943791243,0.684034121813,000852.SH,000852.SH:DEV_R1_A:34297:26131,2015-08-03T14:38:00+08:00,2015-06-15T14:32:00+08:00
R1_A,2015-08-04,34327,2015-09-24,42740,LONG,1,19,2015,0.465268449634,1.26552429564,0.121261324144,0.0947474010578,1.94591014906,1.24385894113,0.215038678232,0.0968063162387,2.99573227355,1.5878737167,000852.SH,000852.SH:DEV_R1_A:34327:42740,2015-08-04T09:38:00+08:00,2015-09-24T09:51:00+08:00
R1_A,2015-08-04,34352,2015-08-07,35071,LONG,1,20,2015,0.872431968169,1.6609752066,0.518783916239,0.312572000529,2.30258509299,1.46960229001,0.474900138597,0.278925296257,1.79175946923,0.903488764553,000852.SH,000852.SH:DEV_R1_A:34352:35071,2015-08-04T10:03:00+08:00,2015-08-07T10:02:00+08:00
R1_A,2015-08-04,34479,2015-03-30,13350,LONG,1,27,2015,0.51946274626,1.33350339816,0.31214259423,0.143529608146,2.07944154168,0.683409888648,0.345263999597,0.116481215456,3.85014760171,0.52017988128,000852.SH,000852.SH:DEV_R1_A:34479:13350,2015-08-04T13:40:00+08:00,2015-03-30T13:31:00+08:00
R1_A,2015-08-04,34526,2015-05-08,19860,LONG,1,28,2015,0.65471816986,0.292273076142,0.460392443276,0.245212068212,1.60943791243,0.718274781549,0.452304905791,0.235011472256,1.38629436112,0.639846323751,000852.SH,000852.SH:DEV_R1_A:34526:19860,2015-08-04T14:27:00+08:00,2015-05-08T14:01:00+08:00
R1_A,2015-08-05,34583,2015-01-21,2888,LONG,1,19,2015,0.635276055663,2.00543163831,0.524236605006,0.334980700552,1.38629436112,1.33055813629,0.615888131793,0.385081938532,4.02535169074,1.52090513701,000852.SH,000852.SH:DEV_R1_A:34583:2888,2015-08-05T09:54:00+08:00,2015-01-21T09:39:00+08:00
R1_A,2015-08-05,34628,2015-05-05,19047,LONG,1,21,2015,0.837931963507,1.0771066612,0.313523137414,0.180925532169,2.3978952728,1.03065398812,0.256356441715,0.0970339744742,2.56494935746,0.901447598324,000852.SH,000852.SH:DEV_R1_A:34628:19047,2015-08-05T10:39:00+08:00,2015-05-05T10:58:00+08:00
R1_A,2015-08-05,34678,2015-05-05,19066,SHORT,-1,22,2015,0.384095240308,0.602523665313,0.298038443276,0.15231319871,2.56494935746,1.18664711634,0.215696738624,0.140034478186,2.30258509299,1.33418521758,000852.SH,000852.SH:DEV_R1_A:34678:19066,2015-08-05T11:29:00+08:00,2015-05-05T11:17:00+08:00
R1_A,2015-08-05,34688,2015-05-05,19088,SHORT,-1,26,2015,0.455797711605,0.512216906775,0.298038443276,0.15231319871,3.13549421593,1.34738258187,0.215696738624,0.140034478186,3.4657359028,1.42562787616,000852.SH,000852.SH:DEV_R1_A:34688:19088,2015-08-05T13:09:00+08:00,2015-05-05T13:09:00+08:00
R1_A,2015-08-05,34724,2015-05-05,19110,SHORT,-1,27,2015,0.411729075642,0.994569728937,0.330159353462,0.156788843871,2.83321334406,1.18143042299,0.215696738624,0.140034478186,3.98898404656,1.09844565053,000852.SH,000852.SH:DEV_R1_A:34724:19110,2015-08-05T13:45:00+08:00,2015-05-05T13:31:00+08:00
R1_A,2015-08-05,34783,2015-02-25,7889,LONG,1,29,2015,1.11726950442,0.663239257685,0.279121078723,0.138957816377,2.3978952728,1.25656946156,0.369126023098,0.112209686996,2.56494935746,1.40022392136,000852.SH,000852.SH:DEV_R1_A:34783:7889,2015-08-05T14:44:00+08:00,2015-02-25T14:30:00+08:00
R1_A,2015-08-06,34805,2015-05-07,19447,SHORT,-1,19,2015,0.678252844626,0.605155940645,0.196836107055,0.103595607041,1.09861228867,2.18202062438,0.170110644462,0.0851229572048,1.09861228867,1.98206688151,000852.SH,000852.SH:DEV_R1_A:34805:19447,2015-08-06T09:36:00+08:00,2015-05-07T09:38:00+08:00
R1_A,2015-08-07,35160,2015-02-03,5161,LONG,1,26,2015,0.715162460896,0.815276358956,0.407271269162,0.230238648519,3.78418963392,0.481289033735,0.428502086971,0.197723068166,4.7957905456,0.552001980311,000852.SH,000852.SH:DEV_R1_A:35160:5161,2015-08-07T13:01:00+08:00,2015-02-03T13:02:00+08:00
R1_A,2015-08-07,35216,2015-02-03,5192,LONG,1,27,2015,0.391518278693,0.726047833833,0.393548557463,0.182776801406,4.02535169074,0.282054203441,0.428502086971,0.197723068166,5.02388052085,0.316195480811,000852.SH,000852.SH:DEV_R1_A:35216:5192,2015-08-07T13:57:00+08:00,2015-02-03T13:33:00+08:00
R1_A,2015-08-10,35286,2015-08-07,35054,LONG,1,19,2015,0.294804357838,0.405321804292,0.0220658031069,0.00857402239333,3.43398720449,2.10571495002,0.0536432424851,0.0312105464048,3.49650756147,2.00854501283,000852.SH,000852.SH:DEV_R1_A:35286:35054,2015-08-10T09:37:00+08:00,2015-08-07T09:45:00+08:00
R1_A,2015-08-10,35312,2015-01-12,1235,LONG,1,20,2015,0.305746044587,0.0833094472662,0.0220658031069,0.00857402239333,4.04305126783,0.922180470991,0.0209598780694,0.0104927330734,4.06044301055,0.893489946999,000852.SH,000852.SH:DEV_R1_A:35312:1235,2015-08-10T10:03:00+08:00,2015-01-12T10:06:00+08:00
R1_A,2015-08-10,35356,2015-01-12,1280,LONG,1,21,2015,0.288431224729,0.120202029772,0.0220658031069,0.00857402239333,4.61512051684,0.469183683911,0.0209598780694,0.0104927330734,4.63472898823,0.426725250294,000852.SH,000852.SH:DEV_R1_A:35356:1280,2015-08-10T10:47:00+08:00,2015-01-12T10:51:00+08:00
R1_A,2015-08-10,35450,2015-01-12,1368,LONG,1,27,2015,0.356889572691,0.0684747530956,0.0220658031069,0.00857402239333,5.27299955856,0.499365970948,0.0209598780694,0.0104927330734,5.25227342805,0.522172862085,000852.SH,000852.SH:DEV_R1_A:35450:1368,2015-08-10T13:51:00+08:00,2015-01-12T13:49:00+08:00
R1_A,2015-08-11,35524,2015-08-07,35066,LONG,1,19,2015,0.530320495046,2.60810279834,0.810212904448,0.360372261999,0,1.39187151366,0.474900138597,0.278925296257,0,2.0698846677,000852.SH,000852.SH:DEV_R1_A:35524:35066,2015-08-11T09:35:00+08:00,2015-08-07T09:57:00+08:00
R1_A,2015-08-11,35539,2015-09-25,42982,LONG,1,19,2015,0.520437879812,1.31581540468,0.183629984083,0.125949319498,1.38629436112,1.95852554514,0.0444217738276,0.0298017592228,1.38629436112,1.86305253188,000852.SH,000852.SH:DEV_R1_A:35539:42982,2015-08-11T09:50:00+08:00,2015-09-25T09:53:00+08:00
R1_A,2015-08-11,35566,2015-08-07,35071,LONG,1,20,2015,0.511056723749,1.48406864728,0.260728204689,0.251384167071,1.38629436112,1.27355302847,0.474900138597,0.278925296257,1.79175946923,0.903488764553,000852.SH,000852.SH:DEV_R1_A:35566:35071,2015-08-11T10:17:00+08:00,2015-08-07T10:02:00+08:00
R1_A,2015-08-11,35645,2015-05-05,19080,SHORT,-1,26,2015,0.393417162044,1.26103617443,0.291562605345,0.180987277354,1.79175946923,1.39799698538,0.215696738624,0.140034478186,3.17805383035,1.61234569502,000852.SH,000852.SH:DEV_R1_A:35645:19080,2015-08-11T13:06:00+08:00,2015-05-05T13:01:00+08:00
R1_A,2015-08-11,35666,2015-05-05,19106,SHORT,-1,26,2015,0.898422006783,0.751068558607,0.291562605345,0.180987277354,3.295836866,0.969148213999,0.215696738624,0.140034478186,3.91202300543,1.04051390314,000852.SH,000852.SH:DEV_R1_A:35666:19106,2015-08-11T13:27:00+08:00,2015-05-05T13:27:00+08:00
R1_A,2015-08-11,35735,2015-02-05,5735,LONG,1,29,2015,0.621554838134,1.003246663,0.251925815427,0.155530433748,1.60943791243,0.964777456602,0.283570303738,0.0736608469907,1.94591014906,0.904424183853,000852.SH,000852.SH:DEV_R1_A:35735:5735,2015-08-11T14:36:00+08:00,2015-02-05T14:36:00+08:00
R1_A,2015-08-12,35787,2015-05-06,19203,SHORT,-1,19,2015,1.43515445124,1.11308828739,0.366656326684,0.192724902216,3.17805383035,1.97285107719,0.409797399095,0.286939942803,3.13549421593,1.97119510794,000852.SH,000852.SH:DEV_R1_A:35787:19203,2015-08-12T09:58:00+08:00,2015-05-06T09:34:00+08:00
R1_A,2015-08-12,35967,2015-05-07,19625,SHORT,-1,28,2015,0.442911834702,0.333831076541,0.087608714029,0.0321216065452,2.30258509299,0.910081600357,0.0893285722391,0.0424971327609,2.30258509299,0.79738819585,000852.SH,000852.SH:DEV_R1_A:35967:19625,2015-08-12T14:28:00+08:00,2015-05-07T14:06:00+08:00
R1_A,2015-08-13,36086,2015-05-05,19048,LONG,1,21,2015,0.733132862964,0.498510504528,0.182129846563,0.113250468616,3.09104245336,0.899176032996,0.256356441715,0.0970339744742,2.63905732962,0.908698833611,000852.SH,000852.SH:DEV_R1_A:36086:19048,2015-08-13T10:57:00+08:00,2015-05-05T10:59:00+08:00
R1_A,2015-08-13,36149,2015-12-21,56550,SHORT,-1,27,2015,1.36958828508,0.632362279792,0.111865974315,0.0478299210183,3.40119738166,0.75780475728,0.0216809270353,0.00722743349224,3.36729582999,0.737640932743,000852.SH,000852.SH:DEV_R1_A:36149:56550,2015-08-13T13:30:00+08:00,2015-12-21T13:31:00+08:00
R1_A,2015-08-14,36246,2015-05-07,19441,LONG,1,19,2015,0.369758354096,0.748128536759,0.512517938169,0.233241923421,3.80666248977,1.83041395365,0.378483446407,0.259147340445,4.21950770518,1.85955058179,000852.SH,000852.SH:DEV_R1_A:36246:19441,2015-08-14T09:37:00+08:00,2015-05-07T09:32:00+08:00
R1_A,2015-08-14,36287,2015-01-21,2927,LONG,1,20,2015,0.332132310224,0.970578161787,0.625168069575,0.38174721915,3.13549421593,0.611526078707,0.615888131793,0.385081938532,4.5538768916,0.640652839028,000852.SH,000852.SH:DEV_R1_A:36287:2927,2015-08-14T10:18:00+08:00,2015-01-21T10:18:00+08:00
R1_A,2015-08-14,36304,2015-09-24,42781,LONG,1,21,2015,0.597000233776,0.287534480872,0.0834444545848,0.0335172695688,1.38629436112,0.726618332452,0.0954299191773,0.0475767639276,1.38629436112,0.643312505351,000852.SH,000852.SH:DEV_R1_A:36304:42781,2015-08-14T10:35:00+08:00,2015-09-24T10:32:00+08:00
R1_A,2015-08-14,36399,2015-06-25,27752,LONG,1,27,2015,0.798912710208,0.876113262437,0.221834398533,0.100245690268,2.7080502011,0.679817862661,0.212726271014,0.0798592919692,3.63758615973,0.478415668904,000852.SH,000852.SH:DEV_R1_A:36399:27752,2015-08-14T13:40:00+08:00,2015-06-25T13:33:00+08:00
R1_A,2015-08-14,36464,2015-05-07,19677,SHORT,-1,29,2015,0.893842704944,0.62662773675,0.203343576323,0.0835438712118,3.17805383035,0.83931770872,0.199158405682,0.0971586492789,2.7080502011,0.652937325735,000852.SH,000852.SH:DEV_R1_A:36464:19677,2015-08-14T14:45:00+08:00,2015-05-07T14:58:00+08:00
R1_A,2015-08-17,36533,2015-06-25,27651,SHORT,-1,20,2015,0.647165854309,0.42472589759,0.2143027926,0.145887520953,2.48490664979,1.15986055845,0.217777904679,0.138236672775,2.30258509299,1.01645398426,000852.SH,000852.SH:DEV_R1_A:36533:27651,2015-08-17T10:24:00+08:00,2015-06-25T10:22:00+08:00
R1_A,2015-08-17,36581,2015-06-25,27710,SHORT,-1,22,2015,0.839848705146,0.508163576079,0.0118647295108,0.00649948063511,3.17805383035,0.59487601558,0.0877273973871,0.0345343240338,2.94443897917,0.572162137475,000852.SH,000852.SH:DEV_R1_A:36581:27710,2015-08-17T11:12:00+08:00,2015-06-25T11:21:00+08:00
R1_A,2015-08-17,36633,2015-12-30,58232,LONG,1,27,2015,0.5403201068,0.53095503253,0.412635580629,0.225629476607,1.60943791243,0.682659730086,0.511062550548,0.226641344434,1.38629436112,0.765093036628,000852.SH,000852.SH:DEV_R1_A:36633:58232,2015-08-17T13:34:00+08:00,2015-12-30T13:33:00+08:00
R1_A,2015-08-17,36685,2015-05-06,19388,LONG,1,28,2015,0.720688432733,1.21978249146,0.290077999002,0.205129022998,1.94591014906,1.01836754696,0.378483446407,0.259147340445,2.7080502011,0.724650432723,000852.SH,000852.SH:DEV_R1_A:36685:19388,2015-08-17T14:26:00+08:00,2015-05-06T14:09:00+08:00
R1_A,2015-08-18,36728,2015-03-31,13442,LONG,1,19,2015,0.463286471549,0.845146847201,0.152798527535,0.09546794025,3.55534806149,1.20122530827,0.330312076169,0.0991094326556,3.82864139649,1.22672951386,000852.SH,000852.SH:DEV_R1_A:36728:13442,2015-08-18T09:39:00+08:00,2015-03-31T09:33:00+08:00
R1_A,2015-08-18,36837,2015-06-04,24358,SHORT,-1,22,2015,0.551740194518,1.06621593404,0.454782105419,0.196211938904,2.3978952728,1.0815546827,0.375496782356,0.266717397508,2.56494935746,0.877175755759,000852.SH,000852.SH:DEV_R1_A:36837:24358,2015-08-18T11:28:00+08:00,2015-06-04T11:29:00+08:00
R1_A,2015-08-18,36859,2015-06-04,24360,SHORT,-1,26,2015,0.60836458344,1.69436381542,0.470841852809,0.377599912883,1.38629436112,1.20390497168,0.375496782356,0.266717397508,2.7080502011,1.03901099772,000852.SH,000852.SH:DEV_R1_A:36859:24360,2015-08-18T13:20:00+08:00,2015-06-04T13:01:00+08:00
R1_A,2015-08-18,36880,2015-05-05,19110,SHORT,-1,27,2015,0.623009685334,3.83188407726,0.464615985473,0.363458828764,1.09861228867,1.69894452056,0.215696738624,0.140034478186,3.98898404656,1.09844565053,000852.SH,000852.SH:DEV_R1_A:36880:19110,2015-08-18T13:41:00+08:00,2015-05-05T13:31:00+08:00
R1_A,2015-08-18,36894,2015-03-06,9520,SHORT,-1,27,2015,0.686915838166,1.97772147932,0.109752429716,0.109234176237,1.79175946923,1.55079562693,0.199272615224,0.0984797260453,1.38629436112,0.859106871566,000852.SH,000852.SH:DEV_R1_A:36894:9520,2015-08-18T13:55:00+08:00,2015-03-06T13:41:00+08:00
R1_A,2015-08-18,36904,2015-01-14,1887,SHORT,-1,28,2015,0.725615119847,1.22025613587,0.109752429716,0.109234176237,2.77258872224,1.38091289032,0.135855727282,0.0492137581003,1.79175946923,1.11422831987,000852.SH,000852.SH:DEV_R1_A:36904:1887,2015-08-18T14:05:00+08:00,2015-01-14T14:28:00+08:00
R1_A,2015-08-18,36929,2015-05-05,19186,SHORT,-1,29,2015,0.665531996177,0.586369975323,0.395758613043,0.323168766854,1.38629436112,1.37840171588,0.409797399095,0.286939942803,1.79175946923,1.48474845298,000852.SH,000852.SH:DEV_R1_A:36929:19186,2015-08-18T14:30:00+08:00,2015-05-05T14:47:00+08:00
R1_A,2015-08-19,36964,2015-07-09,30002,SHORT,-1,19,2015,0.571888987697,2.39413926051,0.677419970628,0.582846371348,0.69314718056,2.36450738027,0.735663604218,0.403052299278,0.69314718056,2.77664884114,000852.SH,000852.SH:DEV_R1_A:36964:30002,2015-08-19T09:35:00+08:00,2015-07-09T09:33:00+08:00
R1_A,2015-08-19,36999,2015-08-07,35071,LONG,1,20,2015,0.567065384164,0.496138406946,0.474423258972,0.309219967595,1.38629436112,0.825765319068,0.474900138597,0.278925296257,1.79175946923,0.903488764553,000852.SH,000852.SH:DEV_R1_A:36999:35071,2015-08-19T10:10:00+08:00,2015-08-07T10:02:00+08:00
R1_A,2015-08-19,37065,2015-05-05,19060,SHORT,-1,22,2015,1.07645520844,1.09032984179,0.27537278407,0.142175442085,1.79175946923,0.952413334429,0.215696738624,0.140034478186,1.38629436112,1.32099204982,000852.SH,000852.SH:DEV_R1_A:37065:19060,2015-08-19T11:16:00+08:00,2015-05-05T11:11:00+08:00
R1_A,2015-08-19,37160,2015-03-17,11219,LONG,1,28,2015,1.00825127764,1.06983710133,0.493987221559,0.39248879582,1.38629436112,0.777836470756,0.606675020403,0.349897569569,2.48490664979,0.682567873699,000852.SH,000852.SH:DEV_R1_A:37160:11219,2015-08-19T14:21:00+08:00,2015-03-17T14:00:00+08:00
R1_A,2015-08-19,37185,2015-04-30,18689,LONG,1,29,2015,0.680911114475,1.62813494331,0.414662493802,0.317836402323,1.38629436112,0.909368683976,0.52681383527,0.222333899421,2.77258872224,0.724587330308,000852.SH,000852.SH:DEV_R1_A:37185:18689,2015-08-19T14:46:00+08:00,2015-04-30T14:30:00+08:00
R1_A,2015-08-20,37349,2015-03-30,13350,LONG,1,27,2015,1.28841595344,0.998773777288,0.362451083879,0.187761923768,3.13549421593,0.615050874257,0.345263999597,0.116481215456,3.85014760171,0.52017988128,000852.SH,000852.SH:DEV_R1_A:37349:13350,2015-08-20T13:30:00+08:00,2015-03-30T13:31:00+08:00
R1_A,2015-08-20,37420,2015-06-25,27820,SHORT,-1,29,2015,0.810058533335,0.704237061114,0.434434248561,0.323517779456,1.38629436112,1.25855838327,0.398728267038,0.269210549374,1.38629436112,1.35474950773,000852.SH,000852.SH:DEV_R1_A:37420:27820,2015-08-20T14:41:00+08:00,2015-06-25T14:41:00+08:00
R1_A,2015-08-21,37445,2015-05-06,19201,SHORT,-1,19,2015,0.445504817148,0.529782335609,0.460402926449,0.286730216372,2.3978952728,2.0325060208,0.409797399095,0.286939942803,3.04452243772,1.96749712657,000852.SH,000852.SH:DEV_R1_A:37445:19201,2015-08-21T09:36:00+08:00,2015-05-06T09:32:00+08:00
R1_A,2015-08-21,37457,2015-05-06,19201,SHORT,-1,19,2015,0.923847346189,0.61265692267,0.481511090667,0.280077320671,2.30258509299,1.9906667592,0.409797399095,0.286939942803,3.04452243772,1.96749712657,000852.SH,000852.SH:DEV_R1_A:37457:19201,2015-08-21T09:48:00+08:00,2015-05-06T09:32:00+08:00
R1_A,2015-08-21,37490,2015-07-09,30043,SHORT,-1,20,2015,1.14690797979,0.753042568345,0.30695469411,0.223996292708,2.77258872224,0.956842099827,0.314758018592,0.172679016358,3.17805383035,1.0894333059,000852.SH,000852.SH:DEV_R1_A:37490:30043,2015-08-21T10:21:00+08:00,2015-07-09T10:14:00+08:00
R1_A,2015-08-21,37540,2015-05-07,19541,SHORT,-1,22,2015,0.669469305046,0.427442657886,0.133485389709,0.0768113494342,2.7080502011,0.592876227761,0.0887118939944,0.050018070112,2.7080502011,0.667951214338,000852.SH,000852.SH:DEV_R1_A:37540:19541,2015-08-21T11:11:00+08:00,2015-05-07T11:12:00+08:00
R1_A,2015-08-21,37570,2015-11-18,51006,SHORT,-1,26,2015,0.348340225898,1.12494157767,0.381506557468,0.225871229553,3.13549421593,0.632468809517,0.277949870994,0.206284319707,4.34380542185,0.431445489237,000852.SH,000852.SH:DEV_R1_A:37570:51006,2015-08-21T13:11:00+08:00,2015-11-18T13:07:00+08:00
R1_A,2015-08-21,37583,2015-06-04,24360,SHORT,-1,26,2015,0.847821209904,1.44916551735,0.572736551309,0.328406068014,1.60943791243,0.878577493399,0.375496782356,0.266717397508,2.7080502011,1.03901099772,000852.SH,000852.SH:DEV_R1_A:37583:24360,2015-08-21T13:24:00+08:00,2015-06-04T13:01:00+08:00
R1_A,2015-08-21,37643,2015-04-30,18677,LONG,1,28,2015,0.626930999789,0.895425204679,0.405763971835,0.265381454299,1.38629436112,0.929093858433,0.52681383527,0.222333899421,1.38629436112,0.752172654682,000852.SH,000852.SH:DEV_R1_A:37643:18677,2015-08-21T14:24:00+08:00,2015-04-30T14:18:00+08:00
R1_A,2015-08-24,37693,2015-07-09,30004,SHORT,-1,19,2015,0.71655200812,4.21769217793,0.857837970265,0.748987616069,1.09861228867,2.35516570515,0.735663604218,0.403052299278,1.38629436112,2.76417423874,000852.SH,000852.SH:DEV_R1_A:37693:30004,2015-08-24T09:44:00+08:00,2015-07-09T09:35:00+08:00
R1_A,2015-08-24,37715,2015-07-08,29792,SHORT,-1,20,2015,0.395111452294,2.48451526293,0.807189727917,0.717512709906,3.09104245336,0.66697529287,0.73472863574,0.733259248638,5.56452040732,0.0199721592205,000852.SH,000852.SH:DEV_R1_A:37715:29792,2015-08-24T10:06:00+08:00,2015-07-08T10:03:00+08:00
R1_A,2015-08-24,37744,2015-05-07,19512,SHORT,-1,21,2015,0.635638478131,1.4524453347,0.313501883822,0.19223262099,1.94591014906,0.216949025576,0.337443969286,0.196039420719,2.8903717579,0.686603363926,000852.SH,000852.SH:DEV_R1_A:37744:19512,2015-08-24T10:35:00+08:00,2015-05-07T10:43:00+08:00
R1_A,2015-08-24,37898,2015-03-09,9829,SHORT,-1,29,2015,0.266805041341,0.947225379393,0.366225710449,0.209447758322,4.93447393313,0.0141760477091,0.291838241241,0.14639894115,5.24174701506,0.175577757027,000852.SH,000852.SH:DEV_R1_A:37898:9829,2015-08-24T14:39:00+08:00,2015-03-09T14:50:00+08:00
R1_A,2015-08-25,37948,2015-07-09,30005,SHORT,-1,19,2015,1.06117473959,3.2260133287,0.814735680502,0.678810553214,1.60943791243,2.78813004635,0.735663604218,0.403052299278,1.60943791243,2.75661169339,000852.SH,000852.SH:DEV_R1_A:37948:30005,2015-08-25T09:59:00+08:00,2015-07-09T09:36:00+08:00
R1_A,2015-08-26,38174,2015-07-09,30001,SHORT,-1,19,2015,1.30559333945,1.27198572372,0.565351196293,0.361912010359,0,2.44929221341,0.735663604218,0.403052299278,0,2.76705904098,000852.SH,000852.SH:DEV_R1_A:38174:30001,2015-08-26T09:45:00+08:00,2015-07-09T09:32:00+08:00
R1_A,2015-08-26,38185,2015-07-13,30502,LONG,1,19,2015,0.838448908776,1.07686216104,0.562515064041,0.565686815352,1.38629436112,2.599606225,0.763507593226,0.576355925773,1.38629436112,2.79176076363,000852.SH,000852.SH:DEV_R1_A:38185:30502,2015-08-26T09:56:00+08:00,2015-07-13T09:53:00+08:00
R1_A,2015-08-26,38215,2015-05-07,19475,SHORT,-1,20,2015,0.441658314619,0.974633576917,0.433171897351,0.319115876161,2.07944154168,1.09548427768,0.619061945869,0.319348123613,2.7080502011,1.15702826641,000852.SH,000852.SH:DEV_R1_A:38215:19475,2015-08-26T10:26:00+08:00,2015-05-07T10:06:00+08:00
R1_A,2015-08-26,38224,2015-11-18,50944,SHORT,-1,21,2015,0.349103833411,1.49683937125,0.433171897351,0.319115876161,2.83321334406,1.04381940528,0.277949870994,0.206284319707,2.7080502011,1.04238580787,000852.SH,000852.SH:DEV_R1_A:38224:50944,2015-08-26T10:35:00+08:00,2015-11-18T10:35:00+08:00
R1_A,2015-08-26,38238,2015-04-09,14942,SHORT,-1,21,2015,0.657536119382,2.36768814448,0.694103065801,0.452596238221,1.09861228867,1.05951095036,0.743843187786,0.597070259517,0,1.593681604,000852.SH,000852.SH:DEV_R1_A:38238:14942,2015-08-26T10:49:00+08:00,2015-04-09T10:33:00+08:00
R1_A,2015-08-26,38279,2015-12-25,57479,LONG,1,23,2015,0.66207878728,1.64500163452,0.443280706893,0.330022900936,1.09861228867,1.10911476641,0.535062676656,0.218395907323,2.19722457734,0.915914667512,000852.SH,000852.SH:DEV_R1_A:38279:57479,2015-08-26T11:30:00+08:00,2015-12-25T11:30:00+08:00
R1_A,2015-08-26,38290,2015-05-08,19827,LONG,1,26,2015,0.650768436168,3.77415621967,0.56482187649,0.568902457455,1.09861228867,1.29070256052,0.533103668995,0.297912100588,2.07944154168,0.57897959388,000852.SH,000852.SH:DEV_R1_A:38290:19827,2015-08-26T13:11:00+08:00,2015-05-08T13:28:00+08:00
R1_A,2015-08-26,38312,2015-04-10,15291,LONG,1,27,2015,1.24616078384,0.966837572476,0.40662491168,0.30885824326,2.07944154168,0.979982665279,0.48712358403,0.359545653124,2.07944154168,0.737187205243,000852.SH,000852.SH:DEV_R1_A:38312:15291,2015-08-26T13:33:00+08:00,2015-04-10T13:52:00+08:00
R1_A,2015-08-26,38327,2015-05-08,19844,LONG,1,27,2015,0.747549617139,0.68634681398,0.40662491168,0.30885824326,3.13549421593,0.849835505132,0.533103668995,0.297912100588,3.21887582487,0.729698138253,000852.SH,000852.SH:DEV_R1_A:38327:19844,2015-08-26T13:48:00+08:00,2015-05-08T13:45:00+08:00
R1_A,2015-08-26,38341,2015-05-07,19619,SHORT,-1,28,2015,0.592362623396,0.942650374346,0.198546250463,0.108698482127,1.38629436112,0.720112301677,0.0893285722391,0.0424971327609,1.38629436112,0.794490272215,000852.SH,000852.SH:DEV_R1_A:38341:19619,2015-08-26T14:02:00+08:00,2015-05-07T14:00:00+08:00
R1_A,2015-08-26,38363,2015-06-25,27805,SHORT,-1,28,2015,1.13501921869,1.56658571309,0.348441037314,0.352126340754,0,1.04030458232,0.534464787102,0.267816878214,0,1.35507872092,000852.SH,000852.SH:DEV_R1_A:38363:27805,2015-08-26T14:24:00+08:00,2015-06-25T14:26:00+08:00
R1_A,2015-08-27,38402,2015-05-07,19462,SHORT,-1,19,2015,2.19302321657,2.06642991437,0.450504790713,0.44205087242,0.69314718056,1.58157764789,0.619061945869,0.319348123613,0.69314718056,2.04401775481,000852.SH,000852.SH:DEV_R1_A:38402:19462,2015-08-27T09:33:00+08:00,2015-05-07T09:53:00+08:00
R1_A,2015-08-27,38534,2015-05-07,19560,SHORT,-1,26,2015,1.28229579267,1.09513000979,0.253391984582,0.105867547585,3.17805383035,0.592089238218,0.0887118939944,0.050018070112,3.52636052462,0.455217575215,000852.SH,000852.SH:DEV_R1_A:38534:19560,2015-08-27T13:15:00+08:00,2015-05-07T13:01:00+08:00
R1_A,2015-08-27,38585,2015-05-07,19619,SHORT,-1,28,2015,0.728664642196,1.16552438898,0.225150013679,0.12470617155,1.38629436112,0.711832270044,0.0893285722391,0.0424971327609,1.38629436112,0.794490272215,000852.SH,000852.SH:DEV_R1_A:38585:19619,2015-08-27T14:06:00+08:00,2015-05-07T14:00:00+08:00
R1_A,2015-08-27,38600,2015-05-05,19148,SHORT,-1,28,2015,0.844471160596,1.28993911364,0.350054197823,0.299467246942,1.60943791243,0.936190710733,0.435447275722,0.194142607538,1.60943791243,0.898933890658,000852.SH,000852.SH:DEV_R1_A:38600:19148,2015-08-27T14:21:00+08:00,2015-05-05T14:09:00+08:00
R1_A,2015-08-27,38607,2015-06-25,27801,SHORT,-1,28,2015,1.35478076032,1.08167658479,0.350054197823,0.299467246942,2.48490664979,1.14903504985,0.460059224733,0.22278697954,2.63905732962,1.26737247908,000852.SH,000852.SH:DEV_R1_A:38607:27801,2015-08-27T14:28:00+08:00,2015-06-25T14:22:00+08:00
R1_A,2015-08-27,38617,2015-09-24,42950,LONG,1,29,2015,0.65115947978,1.24457700678,0.245982539429,0.165024828451,1.38629436112,1.13640823498,0.157034378696,0.0705676273095,1.38629436112,0.984710070806,000852.SH,000852.SH:DEV_R1_A:38617:42950,2015-08-27T14:38:00+08:00,2015-09-24T14:51:00+08:00
R1_A,2015-08-27,38632,2015-03-03,8851,LONG,1,29,2015,0.426323271744,1.49683047275,0.583737711529,0.378441194149,2.7080502011,1.04421465443,0.719699096666,0.31138465892,3.61091791264,0.708207247924,000852.SH,000852.SH:DEV_R1_A:38632:8851,2015-08-27T14:53:00+08:00,2015-03-03T14:32:00+08:00
R1_A,2015-08-28,38644,2015-01-21,2888,LONG,1,19,2015,0.514899334217,2.72317139581,0.672560479648,0.512135274977,0.69314718056,1.46635091081,0.615888131793,0.385081938532,4.02535169074,1.52090513701,000852.SH,000852.SH:DEV_R1_A:38644:2888,2015-08-28T09:35:00+08:00,2015-01-21T09:39:00+08:00
R1_A,2015-08-28,38651,2015-01-21,2888,LONG,1,19,2015,0.368062643297,2.40515873648,0.732113354178,0.545917254417,1.94591014906,1.51378756659,0.615888131793,0.385081938532,4.02535169074,1.52090513701,000852.SH,000852.SH:DEV_R1_A:38651:2888,2015-08-28T09:42:00+08:00,2015-01-21T09:39:00+08:00
R1_A,2015-08-28,38668,2015-09-25,42982,LONG,1,19,2015,0.65116690668,1.08749577363,0.153657849183,0.0730023135789,1.38629436112,1.56534561744,0.0444217738276,0.0298017592228,1.38629436112,1.86305253188,000852.SH,000852.SH:DEV_R1_A:38668:42982,2015-08-28T09:59:00+08:00,2015-09-25T09:53:00+08:00
R1_A,2015-08-28,38703,2015-09-24,42801,LONG,1,21,2015,0.449414083089,0.470647396003,0.0369989644253,0.0174494925239,3.295836866,0.566677105206,0.0954299191773,0.0475767639276,3.17805383035,0.515935068738,000852.SH,000852.SH:DEV_R1_A:38703:42801,2015-08-28T10:34:00+08:00,2015-09-24T10:52:00+08:00
R1_A,2015-08-28,38727,2015-05-25,22388,LONG,1,21,2015,0.386170088035,0.318120400707,0.0369989644253,0.0174494925239,3.93182563272,0.463561155735,0.0367750825112,0.0199562528692,4.15888308336,0.363427663937,000852.SH,000852.SH:DEV_R1_A:38727:22388,2015-08-28T10:58:00+08:00,2015-05-25T10:39:00+08:00
R1_A,2015-08-28,38780,2015-03-30,13320,LONG,1,26,2015,1.0614532317,0.624585072723,0.411527703362,0.156813619458,3.17805383035,0.502213121825,0.345263999597,0.116481215456,2.83321334406,0.555467066472,000852.SH,000852.SH:DEV_R1_A:38780:13320,2015-08-28T13:21:00+08:00,2015-03-30T13:01:00+08:00
R1_A,2015-08-28,38832,2015-09-24,42899,LONG,1,28,2015,0.35082561438,0.86755599007,0.189398030444,0.0684710769812,3.82864139649,0.526138345262,0.0587749812812,0.022079032152,4.07753744391,0.621277252173,000852.SH,000852.SH:DEV_R1_A:38832:42899,2015-08-28T14:13:00+08:00,2015-09-24T14:00:00+08:00
R1_A,2015-08-28,38868,2015-03-27,13177,LONG,1,29,2015,0.426122603664,0.81239987491,0.189398030444,0.0684710769812,4.40671924726,0.697091184963,0.212809807206,0.112608187135,5.31811999384,0.704245773744,000852.SH,000852.SH:DEV_R1_A:38868:13177,2015-08-28T14:49:00+08:00,2015-03-27T14:38:00+08:00
R1_A,2015-08-31,38883,2015-08-07,35058,LONG,1,19,2015,1.11077922864,0.767012573998,0.488280917291,0.224180720302,1.09861228867,1.85056000167,0.44902484985,0.271949729447,1.09861228867,2.03065452089,000852.SH,000852.SH:DEV_R1_A:38883:35058,2015-08-31T09:34:00+08:00,2015-08-07T09:49:00+08:00
R1_A,2015-09-01,39125,2015-09-01,39124,SHORT,-1,19,2015,0.374850006077,0.0277894549523,0.114325893517,0.084130160848,3.21887582487,1.89241721606,0.114325893517,0.084130160848,3.17805383035,1.89251815925,000852.SH,000852.SH:DEV_R1_A:39125:39124,2015-09-01T09:36:00+08:00,2015-09-01T09:35:00+08:00
R1_A,2015-09-01,39133,2015-09-01,39124,SHORT,-1,19,2015,0.385204665339,0.305381234845,0.114325893517,0.084130160848,3.49650756147,1.97040920276,0.114325893517,0.084130160848,3.17805383035,1.89251815925,000852.SH,000852.SH:DEV_R1_A:39133:39124,2015-09-01T09:44:00+08:00,2015-09-01T09:35:00+08:00
R1_A,2015-09-01,39166,2015-02-27,8210,SHORT,-1,20,2015,0.464295513671,0.234823213391,0.114325893517,0.084130160848,4.18965474203,1.05131035407,0.145880287567,0.079359112907,4.43081679884,1.07380011374,000852.SH,000852.SH:DEV_R1_A:39166:8210,2015-09-01T10:17:00+08:00,2015-02-27T10:21:00+08:00
R1_A,2015-09-01,39186,2015-04-09,14947,SHORT,-1,21,2015,0.982057339459,2.73781340636,0.770611672418,0.435135615348,2.19722457734,1.00126961979,0.743843187786,0.597070259517,1.79175946923,1.71309272157,000852.SH,000852.SH:DEV_R1_A:39186:14947,2015-09-01T10:37:00+08:00,2015-04-09T10:38:00+08:00
R1_A,2015-09-01,39327,2015-05-05,19152,SHORT,-1,28,2015,0.510683087963,1.52727767244,0.458532068807,0.310816101363,1.60943791243,0.576496247843,0.435447275722,0.194142607538,2.19722457734,0.782408512653,000852.SH,000852.SH:DEV_R1_A:39327:19152,2015-09-01T14:28:00+08:00,2015-05-05T14:13:00+08:00
R1_A,2015-09-01,39356,2015-07-08,29998,SHORT,-1,29,2015,0.350650278823,1.97820422626,0.450376150074,0.355517354289,3.21887582487,0.366145294391,0.740768041504,0.459128613997,2.7080502011,0.0994814857554,000852.SH,000852.SH:DEV_R1_A:39356:29998,2015-09-01T14:57:00+08:00,2015-07-08T14:59:00+08:00
R1_A,2015-09-02,39377,2015-07-09,30005,SHORT,-1,19,2015,0.806853147155,2.39787784028,0.797214024975,0.603460228472,1.79175946923,2.58245473363,0.735663604218,0.403052299278,1.60943791243,2.75661169339,000852.SH,000852.SH:DEV_R1_A:39377:30005,2015-09-02T09:48:00+08:00,2015-07-09T09:36:00+08:00
R1_A,2015-09-02,39494,2015-05-08,19827,LONG,1,26,2015,0.980705342099,1.6991788072,0.605100977737,0.430448636607,1.60943791243,0.778206459218,0.533103668995,0.297912100588,2.07944154168,0.57897959388,000852.SH,000852.SH:DEV_R1_A:39494:19827,2015-09-02T13:15:00+08:00,2015-05-08T13:28:00+08:00
R1_A,2015-09-02,39586,2015-07-08,29986,SHORT,-1,29,2015,0.88903483775,2.01015912202,0.524689158911,0.373802285758,1.38629436112,0.598798166918,0.740768041504,0.459128613997,1.09861228867,0.0838159854289,000852.SH,000852.SH:DEV_R1_A:39586:29986,2015-09-02T14:47:00+08:00,2015-07-08T14:47:00+08:00
R1_A,2015-09-07,39621,2015-08-07,35046,LONG,1,19,2015,0.482342238056,0.539124863075,0.0883911561095,0.0575877712838,3.04452243772,1.80802891245,0.0536432424851,0.0312105464048,3.21887582487,1.95144757771,000852.SH,000852.SH:DEV_R1_A:39621:35046,2015-09-07T09:52:00+08:00,2015-08-07T09:37:00+08:00
R1_A,2015-09-07,39745,2015-09-24,42857,LONG,1,26,2015,1.07941911299,0.0933778740211,0.0605953977552,0.0244571320496,2.7080502011,0.587695998382,0.0587749812812,0.022079032152,2.83321334406,0.596757002056,000852.SH,000852.SH:DEV_R1_A:39745:42857,2015-09-07T13:26:00+08:00,2015-09-24T13:18:00+08:00
R1_A,2015-09-07,39776,2015-09-24,42893,LONG,1,27,2015,0.929316716079,0.115924123388,0.0605953977552,0.0244571320496,3.82864139649,0.666618386874,0.0587749812812,0.022079032152,3.97029191355,0.645794956182,000852.SH,000852.SH:DEV_R1_A:39776:42893,2015-09-07T13:57:00+08:00,2015-09-24T13:54:00+08:00
R1_A,2015-09-07,39781,2015-05-07,19620,SHORT,-1,28,2015,0.599557182435,0.286950230087,0.0953236836613,0.0426028997458,1.60943791243,0.690588125885,0.0893285722391,0.0424971327609,1.60943791243,0.794013055222,000852.SH,000852.SH:DEV_R1_A:39781:19620,2015-09-07T14:02:00+08:00,2015-05-07T14:01:00+08:00
R1_A,2015-09-08,39873,2015-05-06,19239,LONG,1,20,2015,0.82469495606,1.27077284294,0.25846616513,0.218146954429,2.48490664979,1.16215697046,0.192361439965,0.136613117466,2.19722457734,0.885015280097,000852.SH,000852.SH:DEV_R1_A:39873:19239,2015-09-08T10:04:00+08:00,2015-05-06T10:10:00+08:00
R1_A,2015-09-08,39955,2015-09-24,42816,LONG,1,22,2015,1.0617564899,0.564527093374,0.151724396188,0.0739848589126,3.13549421593,0.658886422688,0.0954299191773,0.0475767639276,3.66356164613,0.598668778718,000852.SH,000852.SH:DEV_R1_A:39955:42816,2015-09-08T11:26:00+08:00,2015-09-24T11:07:00+08:00
R1_A,2015-09-08,40007,2015-01-30,4738,SHORT,-1,27,2015,1.31851814426,0.657472127265,0.199337301786,0.0886180279279,3.25809653802,0.931278541952,0.24683309658,0.0984461152882,3.17805383035,0.711577719696,000852.SH,000852.SH:DEV_R1_A:40007:4738,2015-09-08T13:48:00+08:00,2015-01-30T13:59:00+08:00
R1_A,2015-09-09,40160,2015-08-07,35099,LONG,1,21,2015,0.544518330636,1.01242093611,0.617429215518,0.276793488457,2.3978952728,0.623631992822,0.474900138597,0.278925296257,3.52636052462,0.615553185906,000852.SH,000852.SH:DEV_R1_A:40160:35099,2015-09-09T10:51:00+08:00,2015-08-07T10:30:00+08:00
R1_A,2015-09-09,40239,2015-03-06,9530,SHORT,-1,27,2015,0.708593223043,0.389066727554,0.162419554433,0.0826210826211,2.48490664979,0.727515653775,0.199272615224,0.0984797260453,2.63905732962,0.626765997172,000852.SH,000852.SH:DEV_R1_A:40239:9530,2015-09-09T13:40:00+08:00,2015-03-06T13:51:00+08:00
R1_A,2015-09-09,40271,2015-01-30,4748,SHORT,-1,28,2015,0.354404524452,0.353174827868,0.234795978655,0.128242542153,3.4657359028,0.595271397724,0.24683309658,0.0984461152882,3.52636052462,0.598406191417,000852.SH,000852.SH:DEV_R1_A:40271:4748,2015-09-09T14:12:00+08:00,2015-01-30T14:09:00+08:00
R1_A,2015-09-09,40281,2015-01-30,4744,SHORT,-1,28,2015,0.345154196709,0.422857050104,0.234795978655,0.128242542153,3.73766961828,0.776608239564,0.24683309658,0.0984461152882,3.40119738166,0.755512155754,000852.SH,000852.SH:DEV_R1_A:40281:4744,2015-09-09T14:22:00+08:00,2015-01-30T14:05:00+08:00
R1_A,2015-09-10,40323,2015-05-08,19681,LONG,1,19,2015,1.42755640126,0.587614633382,0.0185258873634,0.0129697372797,0,2.17219405326,0.0050930016287,0.00342579960588,0,2.37994689086,000852.SH,000852.SH:DEV_R1_A:40323:19681,2015-09-10T09:34:00+08:00,2015-05-08T09:32:00+08:00
R1_A,2015-09-10,40370,2015-01-12,1239,LONG,1,20,2015,0.455945676374,0.214437598621,0.0185258873634,0.0129697372797,3.87120101091,0.696561913457,0.0209598780694,0.0104927330734,4.12713438505,0.740432700413,000852.SH,000852.SH:DEV_R1_A:40370:1239,2015-09-10T10:21:00+08:00,2015-01-12T10:10:00+08:00
R1_A,2015-09-10,40418,2015-09-24,42816,LONG,1,22,2015,1.10632091614,0.368638813259,0.0693432249673,0.0341089752854,3.36729582999,0.684518284524,0.0954299191773,0.0475767639276,3.66356164613,0.598668778718,000852.SH,000852.SH:DEV_R1_A:40418:42816,2015-09-10T11:09:00+08:00,2015-09-24T11:07:00+08:00
R1_A,2015-09-10,40490,2015-12-07,54151,LONG,1,27,2015,0.411276532961,0.386395173375,0.195484640445,0.0753372588937,4.18965474203,0.572496548396,0.181315385468,0.0792972733745,4.74493212836,0.570703551362,000852.SH,000852.SH:DEV_R1_A:40490:54151,2015-09-10T13:51:00+08:00,2015-12-07T13:32:00+08:00
R1_A,2015-09-10,40513,2015-12-25,57544,LONG,1,28,2015,0.91925202388,0.713962288019,0.0706950177277,0.0270465931138,1.79175946923,0.69417270353,0.0915224713223,0.0414086788411,1.09861228867,0.875235729802,000852.SH,000852.SH:DEV_R1_A:40513:57544,2015-09-10T14:14:00+08:00,2015-12-25T14:05:00+08:00
R1_A,2015-09-11,40576,2015-02-11,6481,SHORT,-1,19,2015,0.902324743061,1.48720178962,0.351139838062,0.203815699233,2.7080502011,1.47137724029,0.53127417018,0.142677638333,4.14313472639,1.56001725917,000852.SH,000852.SH:DEV_R1_A:40576:6481,2015-09-11T09:47:00+08:00,2015-02-11T09:32:00+08:00
R1_A,2015-09-11,40683,2015-03-30,13333,LONG,1,26,2015,1.04565430229,0.495968935132,0.252508371818,0.117382433196,3.76120011569,0.757096732405,0.345263999597,0.116481215456,3.40119738166,0.740529193088,000852.SH,000852.SH:DEV_R1_A:40683:13333,2015-09-11T13:04:00+08:00,2015-03-30T13:14:00+08:00
R1_A,2015-09-11,40743,2015-05-05,19165,SHORT,-1,28,2015,0.579662225253,0.778027387245,0.297230617234,0.189083388729,2.3978952728,1.20964855871,0.453506276288,0.209526450808,2.30258509299,1.26476597407,000852.SH,000852.SH:DEV_R1_A:40743:19165,2015-09-11T14:04:00+08:00,2015-05-05T14:26:00+08:00
R1_A,2015-09-11,40786,2015-02-25,7889,LONG,1,29,2015,0.578627244733,1.37648009715,0.381973848878,0.211372214781,1.60943791243,1.26444412618,0.369126023098,0.112209686996,2.56494935746,1.40022392136,000852.SH,000852.SH:DEV_R1_A:40786:7889,2015-09-11T14:47:00+08:00,2015-02-25T14:30:00+08:00
R1_A,2015-09-14,40819,2015-08-07,35063,LONG,1,19,2015,1.10099096728,1.07955859061,0.385727423852,0.31098884067,2.3978952728,1.71983502257,0.44902484985,0.271949729447,2.07944154168,2.04917644482,000852.SH,000852.SH:DEV_R1_A:40819:35063,2015-09-14T09:50:00+08:00,2015-08-07T09:54:00+08:00
R1_A,2015-09-14,40871,2015-06-25,27659,SHORT,-1,21,2015,0.544086349433,0.660196454774,0.264077794442,0.145583503949,2.07944154168,0.819181849764,0.217777904679,0.138236672775,2.8903717579,0.717995358035,000852.SH,000852.SH:DEV_R1_A:40871:27659,2015-09-14T10:42:00+08:00,2015-06-25T10:30:00+08:00
R1_A,2015-09-14,40929,2015-05-05,19096,SHORT,-1,26,2015,0.485274508329,0.200607203049,0.236321015246,0.132865107523,3.91202300543,1.42167069677,0.215696738624,0.140034478186,3.68887945411,1.40940152862,000852.SH,000852.SH:DEV_R1_A:40929:19096,2015-09-14T13:10:00+08:00,2015-05-05T13:17:00+08:00
R1_A,2015-09-14,40954,2015-01-14,1852,SHORT,-1,27,2015,1.08933130899,4.26348869813,0.772052904127,0.435029768913,2.3978952728,1.18851717804,0.432925633165,0.16705379541,5.98393628069,1.09424049091,000852.SH,000852.SH:DEV_R1_A:40954:1852,2015-09-14T13:35:00+08:00,2015-01-14T13:53:00+08:00
R1_A,2015-09-14,41020,2015-11-18,51094,SHORT,-1,29,2015,0.617544977688,0.74382444337,0.263655402906,0.159526969953,1.38629436112,0.618548057887,0.395835671518,0.180669635494,1.09861228867,0.721910892775,000852.SH,000852.SH:DEV_R1_A:41020:51094,2015-09-14T14:41:00+08:00,2015-11-18T14:35:00+08:00
R1_A,2015-09-15,41045,2015-06-16,26168,SHORT,-1,19,2015,0.471836978653,0.98788385605,0.502167521629,0.293588455567,1.60943791243,2.33713516113,0.394296348208,0.230147385617,1.38629436112,2.48243290316,000852.SH,000852.SH:DEV_R1_A:41045:26168,2015-09-15T09:36:00+08:00,2015-06-16T09:39:00+08:00
R1_A,2015-09-15,41054,2015-07-09,30004,SHORT,-1,19,2015,0.594785650811,1.53273925096,0.686734751842,0.488401571809,1.09861228867,2.35505857928,0.735663604218,0.403052299278,1.38629436112,2.76417423874,000852.SH,000852.SH:DEV_R1_A:41054:30004,2015-09-15T09:45:00+08:00,2015-07-09T09:35:00+08:00
R1_A,2015-09-15,41235,2015-05-05,19147,SHORT,-1,28,2015,0.554419388922,1.10362182341,0.439427898744,0.274624918461,1.09861228867,0.666652922495,0.435447275722,0.194142607538,1.38629436112,0.866582178583,000852.SH,000852.SH:DEV_R1_A:41235:19147,2015-09-15T14:16:00+08:00,2015-05-05T14:08:00+08:00
R1_A,2015-09-16,41283,2015-05-05,18986,SHORT,-1,19,2015,1.30845718854,0.198756255389,0.045140842463,0.0245281650999,1.09861228867,1.54872322492,0.0277010653408,0.00905387409678,1.09861228867,1.53926755492,000852.SH,000852.SH:DEV_R1_A:41283:18986,2015-09-16T09:34:00+08:00,2015-05-05T09:57:00+08:00
R1_A,2015-09-16,41296,2015-12-28,57601,SHORT,-1,19,2015,0.568095471293,0.559040997173,0.045140842463,0.0245281650999,2.77258872224,1.67132195625,0.0945801091678,0.050468060964,3.13549421593,1.79058262742,000852.SH,000852.SH:DEV_R1_A:41296:57601,2015-09-16T09:47:00+08:00,2015-12-28T09:32:00+08:00
R1_A,2015-09-16,41301,2015-09-25,42983,LONG,1,19,2015,0.693887108158,0.39793258123,0.0620298992175,0.033255505774,1.60943791243,1.72530874706,0.0444217738276,0.0298017592228,1.60943791243,1.86561404258,000852.SH,000852.SH:DEV_R1_A:41301:42983,2015-09-16T09:52:00+08:00,2015-09-25T09:54:00+08:00
R1_A,2015-09-16,41344,2015-03-06,9422,LONG,1,21,2015,0.308915469848,0.52184557801,0.182884286924,0.10132959768,3.43398720449,0.705374887782,0.18326562479,0.0687391388299,2.94443897917,0.753791978331,000852.SH,000852.SH:DEV_R1_A:41344:9422,2015-09-16T10:35:00+08:00,2015-03-06T10:33:00+08:00
R1_A,2015-09-16,41400,2015-03-30,13343,LONG,1,26,2015,1.10355853256,0.477648479126,0.317679812408,0.155608397068,3.58351893846,0.509569281935,0.345263999597,0.116481215456,3.68887945411,0.506477398773,000852.SH,000852.SH:DEV_R1_A:41400:13343,2015-09-16T13:01:00+08:00,2015-03-30T13:24:00+08:00
R1_A,2015-09-17,41523,2015-12-15,55461,LONG,1,19,2015,0.449456253822,1.02602416937,0.0753283060467,0.0288339743442,4.26267987704,0.991643899501,0.0376693560119,0.0157473348963,5.17048399504,1.27619350287,000852.SH,000852.SH:DEV_R1_A:41523:55461,2015-09-17T09:34:00+08:00,2015-12-15T09:52:00+08:00
R1_A,2015-09-17,41530,2015-12-15,55461,LONG,1,19,2015,0.344964751002,0.651665513,0.0753283060467,0.0288339743442,4.35670882669,1.18429394674,0.0376693560119,0.0157473348963,5.17048399504,1.27619350287,000852.SH,000852.SH:DEV_R1_A:41530:55461,2015-09-17T09:41:00+08:00,2015-12-15T09:52:00+08:00
R1_A,2015-09-17,41546,2015-01-15,1939,LONG,1,19,2015,0.943155765711,1.48904958514,0.491932619729,0.239473238873,1.60943791243,1.47187676816,0.419391187729,0.125939672255,1.94591014906,1.26952533015,000852.SH,000852.SH:DEV_R1_A:41546:1939,2015-09-17T09:57:00+08:00,2015-01-15T09:50:00+08:00
R1_A,2015-09-17,41578,2015-05-06,19235,LONG,1,20,2015,0.528189017948,0.654337970954,0.208441213783,0.147803910456,2.07944154168,1.14272563549,0.192361439965,0.136613117466,1.60943791243,0.943271847042,000852.SH,000852.SH:DEV_R1_A:41578:19235,2015-09-17T10:29:00+08:00,2015-05-06T10:06:00+08:00
R1_A,2015-09-17,41606,2015-05-05,19042,LONG,1,21,2015,0.541890454103,0.517539907721,0.182816754211,0.129808445117,2.19722457734,0.835824871302,0.256356441715,0.0970339744742,2.07944154168,0.824879353435,000852.SH,000852.SH:DEV_R1_A:41606:19042,2015-09-17T10:57:00+08:00,2015-05-05T10:53:00+08:00
R1_A,2015-09-17,41629,2015-05-05,19050,LONG,1,22,2015,0.41293259119,0.849347262295,0.170365513849,0.105475661208,3.09104245336,0.644225092421,0.256356441715,0.0970339744742,2.77258872224,0.902038281349,000852.SH,000852.SH:DEV_R1_A:41629:19050,2015-09-17T11:20:00+08:00,2015-05-05T11:01:00+08:00
R1_A,2015-09-17,41676,2015-12-30,58238,LONG,1,27,2015,0.851647568509,0.563742503439,0.474437565649,0.207729855165,2.48490664979,0.821083814094,0.511062550548,0.226641344434,2.30258509299,0.993034739022,000852.SH,000852.SH:DEV_R1_A:41676:58238,2015-09-17T13:37:00+08:00,2015-12-30T13:39:00+08:00
R1_A,2015-09-17,41718,2015-12-25,57545,LONG,1,28,2015,0.567053189218,0.5252501525,0.109624969962,0.0687116189545,1.79175946923,0.832095503527,0.0915224713223,0.0414086788411,1.38629436112,0.94197579324,000852.SH,000852.SH:DEV_R1_A:41718:57545,2015-09-17T14:19:00+08:00,2015-12-25T14:06:00+08:00
R1_A,2015-09-17,41753,2015-05-05,19183,SHORT,-1,29,2015,0.645974123762,1.50692816218,0.500138338045,0.411521532962,1.09861228867,1.59914012531,0.409797399095,0.286939942803,1.09861228867,1.61170379812,000852.SH,000852.SH:DEV_R1_A:41753:19183,2015-09-17T14:54:00+08:00,2015-05-05T14:44:00+08:00
R1_A,2015-09-18,41763,2015-05-07,19463,SHORT,-1,19,2015,1.03026537163,1.35950001182,0.397437823382,0.394991411265,1.09861228867,1.9837708931,0.619061945869,0.319348123613,1.09861228867,2.04312788728,000852.SH,000852.SH:DEV_R1_A:41763:19463,2015-09-18T09:34:00+08:00,2015-05-07T09:54:00+08:00
R1_A,2015-09-18,41796,2015-04-09,14911,SHORT,-1,20,2015,0.926121725654,0.582880055052,0.093862528888,0.0593910159783,2.63905732962,1.00560359064,0.140452919012,0.0842039664211,3.295836866,1.0425264368,000852.SH,000852.SH:DEV_R1_A:41796:14911,2015-09-18T10:07:00+08:00,2015-04-09T10:02:00+08:00
R1_A,2015-09-18,41848,2015-12-28,57662,SHORT,-1,21,2015,0.498646025969,0.532808861639,0.110646006417,0.051557226298,3.66356164613,0.666288037725,0.0945801091678,0.050468060964,4.43081679884,0.639588255437,000852.SH,000852.SH:DEV_R1_A:41848:57662,2015-09-18T10:59:00+08:00,2015-12-28T10:33:00+08:00
R1_A,2015-09-18,41947,2015-12-25,57548,LONG,1,28,2015,1.25540010013,0.502158482995,0.159989240512,0.0613325566926,2.19722457734,0.894896171392,0.0915224713223,0.0414086788411,1.94591014906,0.990156398301,000852.SH,000852.SH:DEV_R1_A:41947:57548,2015-09-18T14:08:00+08:00,2015-12-25T14:09:00+08:00
R1_A,2015-09-18,41995,2015-09-24,42952,LONG,1,29,2015,0.663782160526,0.262218934548,0.12991349688,0.0588282904588,1.79175946923,1.00556504247,0.157034378696,0.0705676273095,1.79175946923,0.938356136868,000852.SH,000852.SH:DEV_R1_A:41995:42952,2015-09-18T14:56:00+08:00,2015-09-24T14:53:00+08:00
R1_A,2015-09-21,42053,2015-01-12,1244,LONG,1,20,2015,0.456828137517,0.359284919044,0.0591571936222,0.0305925368953,3.91202300543,0.678706745229,0.0209598780694,0.0104927330734,4.20469261939,0.700722037231,000852.SH,000852.SH:DEV_R1_A:42053:1244,2015-09-21T10:24:00+08:00,2015-01-12T10:15:00+08:00
R1_A,2015-09-21,42170,2015-03-30,13350,LONG,1,27,2015,0.656430827104,0.793527654742,0.363664232022,0.156802077656,2.99573227355,0.61228893067,0.345263999597,0.116481215456,3.85014760171,0.52017988128,000852.SH,000852.SH:DEV_R1_A:42170:13350,2015-09-21T13:51:00+08:00,2015-03-30T13:31:00+08:00
R1_A,2015-09-22,42266,2015-01-15,1938,LONG,1,19,2015,0.653566232173,1.51336256825,0.462361344892,0.246028127521,1.60943791243,1.45173260037,0.419391187729,0.125939672255,1.79175946923,1.25722618184,000852.SH,000852.SH:DEV_R1_A:42266:1938,2015-09-22T09:57:00+08:00,2015-01-15T09:49:00+08:00
R1_A,2015-09-23,42499,2015-06-16,26168,SHORT,-1,19,2015,0.936202661056,1.13435805937,0.313092397466,0.182153202202,2.48490664979,2.29228739286,0.394296348208,0.230147385617,1.38629436112,2.48243290316,000852.SH,000852.SH:DEV_R1_A:42499:26168,2015-09-23T09:50:00+08:00,2015-06-16T09:39:00+08:00
R1_A,2015-09-25,43075,2015-09-25,43074,SHORT,-1,22,2015,0.547712718308,0.276680645147,0.632057511257,0.302852205941,1.09861228867,1.36707991066,0.632057511257,0.302852205941,0.69314718056,1.36008385196,000852.SH,000852.SH:DEV_R1_A:43075:43074,2015-09-25T11:26:00+08:00,2015-09-25T11:25:00+08:00
R1_A,2015-09-25,43193,2015-02-25,7907,LONG,1,29,2015,0.808865437017,0.509220467499,0.366122154675,0.153293553294,3.17805383035,1.09621224059,0.369126023098,0.112209686996,3.43398720449,1.08540997177,000852.SH,000852.SH:DEV_R1_A:43193:7907,2015-09-25T14:54:00+08:00,2015-02-25T14:48:00+08:00
R1_A,2015-09-28,43221,2015-04-09,14908,SHORT,-1,19,2015,0.30446281847,1.51910673698,0.278547960459,0.142130228547,1.94591014906,1.43532121727,0.140452919012,0.0842039664211,3.17805383035,1.12297765051,000852.SH,000852.SH:DEV_R1_A:43221:14908,2015-09-28T09:52:00+08:00,2015-04-09T09:59:00+08:00
R1_A,2015-09-28,43262,2015-06-25,27663,SHORT,-1,21,2015,1.42039906096,0.353035172115,0.23390077717,0.13818810437,3.49650756147,0.730649009118,0.217777904679,0.138236672775,3.09104245336,0.655641907497,000852.SH,000852.SH:DEV_R1_A:43262:27663,2015-09-28T10:33:00+08:00,2015-06-25T10:34:00+08:00
R1_A,2015-09-28,43353,2015-03-30,13349,LONG,1,27,2015,0.654298154193,0.700286462051,0.272037933306,0.126290239537,2.94443897917,0.480010242828,0.345263999597,0.116481215456,3.82864139649,0.489145652687,000852.SH,000852.SH:DEV_R1_A:43353:13349,2015-09-28T13:34:00+08:00,2015-03-30T13:30:00+08:00
R1_A,2015-09-28,43417,2015-04-30,18689,LONG,1,29,2015,0.324450695484,0.590021068324,0.507598762101,0.183694566004,2.94443897917,0.852614553084,0.52681383527,0.222333899421,2.77258872224,0.724587330308,000852.SH,000852.SH:DEV_R1_A:43417:18689,2015-09-28T14:38:00+08:00,2015-04-30T14:30:00+08:00
R1_A,2015-09-29,43443,2015-01-06,243,LONG,1,19,2015,1.46514337696,1.01065351147,0.288271153922,0.107847897795,1.09861228867,2.23110797553,0.153602564257,0.111066671999,1.09861228867,2.51915825554,000852.SH,000852.SH:DEV_R1_A:43443:243,2015-09-29T09:34:00+08:00,2015-01-06T09:34:00+08:00
R1_A,2015-09-29,43654,2015-11-18,51111,SHORT,-1,29,2015,0.975276847889,0.832404748117,0.30276176122,0.172940352749,2.99573227355,0.629555615869,0.395835671518,0.180669635494,2.99573227355,0.885574496159,000852.SH,000852.SH:DEV_R1_A:43654:51111,2015-09-29T14:35:00+08:00,2015-11-18T14:52:00+08:00
R1_A,2015-09-30,43688,2015-02-11,6502,SHORT,-1,19,2015,0.706725020986,1.15298860147,0.30276176122,0.172940352749,3.98898404656,1.70503804458,0.53127417018,0.142677638333,4.43081679884,1.70019921594,000852.SH,000852.SH:DEV_R1_A:43688:6502,2015-09-30T09:39:00+08:00,2015-02-11T09:53:00+08:00
R1_A,2015-09-30,43709,2015-02-11,6509,SHORT,-1,20,2015,0.363212922073,1.18470878238,0.30276176122,0.172940352749,4.31748811354,1.8470612347,0.53127417018,0.142677638333,4.51085950652,1.70800335868,000852.SH,000852.SH:DEV_R1_A:43709:6509,2015-09-30T10:00:00+08:00,2015-02-11T10:00:00+08:00
R1_A,2015-09-30,43738,2015-09-25,43017,LONG,1,20,2015,0.836415217067,0.28363879245,0.0812664944287,0.0341516751234,3.09104245336,0.705397067659,0.0367759700324,0.0258853713291,3.17805383035,0.763164274208,000852.SH,000852.SH:DEV_R1_A:43738:43017,2015-09-30T10:29:00+08:00,2015-09-25T10:28:00+08:00
R1_A,2015-09-30,43768,2015-09-25,43024,LONG,1,21,2015,0.81638129098,0.43349208068,0.0812664944287,0.0341516751234,3.95124371858,0.814568854204,0.0367759700324,0.0258853713291,3.43398720449,0.774173464838,000852.SH,000852.SH:DEV_R1_A:43768:43024,2015-09-30T10:59:00+08:00,2015-09-25T10:35:00+08:00
R1_A,2015-09-30,43858,2015-12-21,56577,SHORT,-1,27,2015,1.28396758749,0.280438201799,0.0554365531633,0.0191853416491,4.26267987704,0.58680514224,0.0216809270353,0.00722743349224,4.02535169074,0.552624566869,000852.SH,000852.SH:DEV_R1_A:43858:56577,2015-09-30T13:59:00+08:00,2015-12-21T13:58:00+08:00
R1_A,2015-10-08,43933,2015-05-11,19938,LONG,1,19,2015,0.548187476695,0.77756871592,0.578917993212,0.357877280265,1.60943791243,2.67577195777,0.517798155972,0.326162379913,1.09861228867,2.48825850994,000852.SH,000852.SH:DEV_R1_A:43933:19938,2015-10-08T09:44:00+08:00,2015-05-11T09:49:00+08:00
R1_A,2015-10-08,43959,2015-01-21,2928,LONG,1,20,2015,0.331946842338,1.29356597007,0.614605309658,0.425770244991,3.09104245336,0.386286209315,0.615888131793,0.385081938532,4.56434819147,0.627572339732,000852.SH,000852.SH:DEV_R1_A:43959:2928,2015-10-08T10:10:00+08:00,2015-01-21T10:19:00+08:00
R1_A,2015-10-08,44130,2015-05-08,19889,LONG,1,29,2015,0.634243323919,0.604024487361,0.526525337796,0.26607486547,2.99573227355,0.244650614974,0.452304905791,0.235011472256,3.49650756147,0.254478498548,000852.SH,000852.SH:DEV_R1_A:44130:19889,2015-10-08T14:31:00+08:00,2015-05-08T14:30:00+08:00
R1_A,2015-10-09,44223,2015-02-03,5107,LONG,1,21,2015,0.28891167084,0.91792692048,0.471595425352,0.218173875055,3.89182029811,1.06427920674,0.428502086971,0.197723068166,4.20469261939,0.761064980042,000852.SH,000852.SH:DEV_R1_A:44223:5107,2015-10-09T10:34:00+08:00,2015-02-03T10:38:00+08:00
R1_A,2015-10-09,44258,2015-05-05,19052,LONG,1,22,2015,0.524228226995,1.10655728946,0.105152713674,0.0272728754707,2.63905732962,1.06535331967,0.256356441715,0.0970339744742,2.8903717579,0.984409422138,000852.SH,000852.SH:DEV_R1_A:44258:19052,2015-10-09T11:09:00+08:00,2015-05-05T11:03:00+08:00
R1_A,2015-10-09,44360,2015-11-18,51064,LONG,1,28,2015,0.458164004369,0.646179508539,0.198505480739,0.0564202714579,4.39444915467,0.849884866606,0.0911746056792,0.0500332288996,4.06044301055,0.972334373866,000852.SH,000852.SH:DEV_R1_A:44360:51064,2015-10-09T14:21:00+08:00,2015-11-18T14:05:00+08:00
R1_A,2015-10-12,44560,2015-03-17,11217,LONG,1,27,2015,0.992558372369,1.52164634035,0.796624833373,0.35143100448,1.94591014906,1.12584421274,0.606675020403,0.349897569569,2.30258509299,0.684463974438,000852.SH,000852.SH:DEV_R1_A:44560:11217,2015-10-12T13:41:00+08:00,2015-03-17T13:58:00+08:00
R1_A,2015-10-13,44732,2015-05-05,19049,LONG,1,22,2015,0.830043484498,0.759408466213,0.124020741589,0.0717605121218,2.56494935746,0.781128960068,0.256356441715,0.0970339744742,2.7080502011,0.899580841077,000852.SH,000852.SH:DEV_R1_A:44732:19049,2015-10-13T11:03:00+08:00,2015-05-05T11:00:00+08:00
R1_A,2015-10-13,44801,2015-03-30,13353,LONG,1,27,2015,0.416473416066,0.431563212205,0.276844651519,0.141576277948,3.87120101091,0.444197460235,0.345263999597,0.116481215456,3.91202300543,0.452194291218,000852.SH,000852.SH:DEV_R1_A:44801:13353,2015-10-13T13:42:00+08:00,2015-03-30T13:34:00+08:00
R1_A,2015-10-13,44841,2015-03-30,13408,LONG,1,28,2015,0.511051507869,0.621693416813,0.204373205085,0.105642854181,2.7080502011,0.747779554946,0.330312076169,0.0991094326556,2.48490664979,0.697908100624,000852.SH,000852.SH:DEV_R1_A:44841:13408,2015-10-13T14:22:00+08:00,2015-03-30T14:29:00+08:00
R1_A,2015-10-13,44877,2015-09-24,42958,LONG,1,29,2015,0.519073661671,0.658023601317,0.181350811405,0.124769966875,2.63905732962,0.73276871048,0.157034378696,0.0705676273095,2.48490664979,0.691911998496,000852.SH,000852.SH:DEV_R1_A:44877:42958,2015-10-13T14:58:00+08:00,2015-09-24T14:59:00+08:00
R1_A,2015-10-14,44961,2015-11-18,50959,SHORT,-1,21,2015,1.18713381479,1.11793609629,0.369110104187,0.291458679978,3.63758615973,0.829900733706,0.277949870994,0.206284319707,3.40119738166,0.736157219216,000852.SH,000852.SH:DEV_R1_A:44961:50959,2015-10-14T10:52:00+08:00,2015-11-18T10:50:00+08:00
R1_A,2015-10-14,44982,2015-11-18,50972,SHORT,-1,22,2015,0.4751842425,1.0985963016,0.369110104187,0.291458679978,4.07753744391,0.671492276694,0.277949870994,0.206284319707,3.76120011569,0.649550973156,000852.SH,000852.SH:DEV_R1_A:44982:50972,2015-10-14T11:13:00+08:00,2015-11-18T11:03:00+08:00
R1_A,2015-10-14,45027,2015-09-24,42855,LONG,1,26,2015,0.955633662732,0.45743763297,0.020599023118,0.0122587424189,3.25809653802,0.75836769738,0.0587749812812,0.022079032152,2.7080502011,0.701209608376,000852.SH,000852.SH:DEV_R1_A:45027:42855,2015-10-14T13:28:00+08:00,2015-09-24T13:16:00+08:00
R1_A,2015-10-14,45117,2015-01-14,1898,SHORT,-1,29,2015,0.447776866133,0.689758982067,0.188044047422,0.0941704035874,3.25809653802,1.05555159336,0.135855727282,0.0492137581003,2.83321334406,1.14506113819,000852.SH,000852.SH:DEV_R1_A:45117:1898,2015-10-14T14:58:00+08:00,2015-01-14T14:39:00+08:00
R1_A,2015-10-15,45148,2015-09-01,39124,SHORT,-1,19,2015,0.749134214646,1.13115983762,0.23395852204,0.109422318725,2.8903717579,1.55881770504,0.114325893517,0.084130160848,3.17805383035,1.89251815925,000852.SH,000852.SH:DEV_R1_A:45148:39124,2015-10-15T09:59:00+08:00,2015-09-01T09:35:00+08:00
R1_A,2015-10-15,45297,2015-03-30,13365,LONG,1,27,2015,0.567486522922,1.2083608892,0.277896935271,0.106037544394,2.56494935746,0.886707616148,0.345263999597,0.116481215456,4.12713438505,0.717755708597,000852.SH,000852.SH:DEV_R1_A:45297:13365,2015-10-15T13:58:00+08:00,2015-03-30T13:46:00+08:00
R1_A,2015-10-16,45401,2015-08-07,35074,LONG,1,20,2015,0.748028463583,0.710216249359,0.544405462649,0.290530482145,2.48490664979,1.0731204259,0.474900138597,0.278925296257,2.19722457734,0.860510441041,000852.SH,000852.SH:DEV_R1_A:45401:35074,2015-10-16T10:12:00+08:00,2015-08-07T10:05:00+08:00
R1_A,2015-10-16,45556,2015-05-05,19140,SHORT,-1,28,2015,0.96317648116,1.08359360012,0.357649765327,0.190535383273,4.14313472639,0.77614812534,0.215696738624,0.140034478186,4.43081679884,0.993785389026,000852.SH,000852.SH:DEV_R1_A:45556:19140,2015-10-16T14:17:00+08:00,2015-05-05T14:01:00+08:00
R1_A,2015-10-19,45622,2015-01-15,1939,LONG,1,19,2015,0.673297676129,0.914639397923,0.242824645413,0.144351526255,1.79175946923,1.39181107847,0.419391187729,0.125939672255,1.94591014906,1.26952533015,000852.SH,000852.SH:DEV_R1_A:45622:1939,2015-10-19T09:53:00+08:00,2015-01-15T09:50:00+08:00
R1_A,2015-10-19,45662,2015-03-06,9424,LONG,1,21,2015,0.686637288936,0.784062378933,0.059491305408,0.050541688541,2.3978952728,0.976319966417,0.18326562479,0.0687391388299,3.04452243772,0.896044375923,000852.SH,000852.SH:DEV_R1_A:45662:9424,2015-10-19T10:33:00+08:00,2015-03-06T10:35:00+08:00
R1_A,2015-10-19,45739,2015-12-28,57743,LONG,1,26,2015,0.962206633372,0.937743412053,0.126557601613,0.090424949845,2.83321334406,0.927077347238,0.303184482958,0.126165806378,2.83321334406,0.854022766635,000852.SH,000852.SH:DEV_R1_A:45739:57743,2015-10-19T13:20:00+08:00,2015-12-28T13:24:00+08:00
R1_A,2015-10-19,45780,2015-01-30,4743,SHORT,-1,28,2015,0.789725689611,0.680847076934,0.209865417243,0.128385133184,2.94443897917,0.94679156368,0.24683309658,0.0984461152882,3.36729582999,0.772933034768,000852.SH,000852.SH:DEV_R1_A:45780:4743,2015-10-19T14:01:00+08:00,2015-01-30T14:04:00+08:00
R1_A,2015-10-20,45879,2015-03-05,9174,LONG,1,20,2015,0.843897108428,0.898404424831,0.186767551323,0.100581823046,1.94591014906,1.23443975931,0.19364405224,0.087228092503,1.60943791243,1.54375030782,000852.SH,000852.SH:DEV_R1_A:45879:9174,2015-10-20T10:10:00+08:00,2015-03-05T10:25:00+08:00
R1_A,2015-10-20,45944,2015-01-15,2010,LONG,1,22,2015,0.448354057316,0.737513463678,0.29122159501,0.146431705932,3.97029191355,0.695471423181,0.419391187729,0.125939672255,4.35670882669,0.601570697537,000852.SH,000852.SH:DEV_R1_A:45944:2010,2015-10-20T11:15:00+08:00,2015-01-15T11:01:00+08:00
R1_A,2015-10-20,46030,2015-03-27,13147,LONG,1,28,2015,0.349105060681,0.568919815988,0.29122159501,0.146431705932,4.93447393313,0.892792405156,0.212809807206,0.112608187135,5.15905529921,0.936475467309,000852.SH,000852.SH:DEV_R1_A:46030:13147,2015-10-20T14:11:00+08:00,2015-03-27T14:08:00+08:00
R1_A,2015-10-20,46065,2015-02-25,7907,LONG,1,29,2015,0.65823099482,0.668356363927,0.360531000656,0.132371024383,2.56494935746,1.15810279619,0.369126023098,0.112209686996,3.43398720449,1.08540997177,000852.SH,000852.SH:DEV_R1_A:46065:7907,2015-10-20T14:46:00+08:00,2015-02-25T14:48:00+08:00
R1_A,2015-10-21,46107,2015-01-15,1937,LONG,1,19,2015,0.561079506219,1.37849574123,0.138878106779,0.0856358879459,1.60943791243,1.24257810733,0.419391187729,0.125939672255,1.60943791243,1.25136656951,000852.SH,000852.SH:DEV_R1_A:46107:1937,2015-10-21T09:58:00+08:00,2015-01-15T09:48:00+08:00
R1_A,2015-10-21,46187,2015-05-05,19066,SHORT,-1,22,2015,0.529065670359,0.881347100492,0.28553300677,0.160882374075,2.7080502011,1.06863104602,0.215696738624,0.140034478186,2.30258509299,1.33418521758,000852.SH,000852.SH:DEV_R1_A:46187:19066,2015-10-21T11:18:00+08:00,2015-05-05T11:17:00+08:00
R1_A,2015-10-21,46246,2015-05-05,19110,SHORT,-1,27,2015,0.544198410235,3.92285254875,0.635699054146,0.361116427432,1.38629436112,1.5955237293,0.215696738624,0.140034478186,3.98898404656,1.09844565053,000852.SH,000852.SH:DEV_R1_A:46246:19110,2015-10-21T13:47:00+08:00,2015-05-05T13:31:00+08:00
R1_A,2015-10-21,46261,2015-06-25,27808,SHORT,-1,28,2015,0.968641899196,4.29282867937,0.619605197523,0.615878201015,1.60943791243,1.9866278584,0.534464787102,0.267816878214,1.38629436112,1.48810607914,000852.SH,000852.SH:DEV_R1_A:46261:27808,2015-10-21T14:02:00+08:00,2015-06-25T14:29:00+08:00
R1_A,2015-10-21,46314,2015-11-18,51100,SHORT,-1,29,2015,0.460803057168,0.736290308864,0.307588796521,0.18926444994,1.79175946923,1.11161646025,0.395835671518,0.180669635494,2.19722457734,0.916717999536,000852.SH,000852.SH:DEV_R1_A:46314:51100,2015-10-21T14:55:00+08:00,2015-11-18T14:41:00+08:00
R1_A,2015-10-22,46392,2015-08-07,35128,LONG,1,21,2015,0.598494128192,0.517634441845,0.392576908672,0.238745235397,2.63905732962,0.628626552613,0.407271269162,0.230238648519,2.48490664979,0.450281583734,000852.SH,000852.SH:DEV_R1_A:46392:35128,2015-10-22T10:43:00+08:00,2015-08-07T10:59:00+08:00
R1_A,2015-10-22,46477,2015-03-06,9520,SHORT,-1,27,2015,0.542532563559,2.30146595423,0.44491459783,0.269361036931,1.38629436112,0.952149663404,0.199272615224,0.0984797260453,1.38629436112,0.859106871566,000852.SH,000852.SH:DEV_R1_A:46477:9520,2015-10-22T13:38:00+08:00,2015-03-06T13:41:00+08:00
R1_A,2015-10-23,46579,2015-01-15,1937,LONG,1,19,2015,0.67259127488,1.08171494215,0.28991973394,0.149877571494,1.38629436112,1.55686328372,0.419391187729,0.125939672255,1.60943791243,1.25136656951,000852.SH,000852.SH:DEV_R1_A:46579:1937,2015-10-23T09:50:00+08:00,2015-01-15T09:48:00+08:00
R1_A,2015-10-23,46611,2015-01-21,2925,LONG,1,20,2015,0.419032030312,1.01430611453,0.717634608819,0.3662549254,3.25809653802,0.701951058852,0.615888131793,0.385081938532,4.53259949315,0.732704621041,000852.SH,000852.SH:DEV_R1_A:46611:2925,2015-10-23T10:22:00+08:00,2015-01-21T10:16:00+08:00
R1_A,2015-10-23,46658,2015-12-22,56749,LONG,1,22,2015,1.12659057957,0.968396067623,0.285262575375,0.165333071523,3.295836866,0.710162069939,0.360804911117,0.116046728114,2.56494935746,0.88773217586,000852.SH,000852.SH:DEV_R1_A:46658:56749,2015-10-23T11:09:00+08:00,2015-12-22T11:20:00+08:00
R1_A,2015-10-23,46728,2015-11-18,51033,LONG,1,27,2015,0.358983708233,0.526319598422,0.114653274373,0.0920991599237,3.4657359028,0.723793037727,0.0911746056792,0.0500332288996,3.295836866,0.765032883399,000852.SH,000852.SH:DEV_R1_A:46728:51033,2015-10-23T13:49:00+08:00,2015-11-18T13:34:00+08:00
R1_A,2015-10-23,46758,2015-05-08,19860,LONG,1,28,2015,0.520411206829,0.657212499605,0.485115556554,0.280054268331,1.60943791243,0.761015739276,0.452304905791,0.235011472256,1.38629436112,0.639846323751,000852.SH,000852.SH:DEV_R1_A:46758:19860,2015-10-23T14:19:00+08:00,2015-05-08T14:01:00+08:00
R1_A,2015-10-26,46814,2015-08-07,35060,LONG,1,19,2015,1.0384698848,0.160511751659,0.468587567276,0.26055539498,1.60943791243,2.03763000607,0.44902484985,0.271949729447,1.60943791243,2.03473707042,000852.SH,000852.SH:DEV_R1_A:46814:35060,2015-10-26T09:45:00+08:00,2015-08-07T09:51:00+08:00
R1_A,2015-10-26,46972,2015-12-30,58234,LONG,1,27,2015,1.04874692681,0.610081581106,0.396181437482,0.252376509746,1.79175946923,0.924452974943,0.511062550548,0.226641344434,1.79175946923,0.913278484826,000852.SH,000852.SH:DEV_R1_A:46972:58234,2015-10-26T13:53:00+08:00,2015-12-30T13:35:00+08:00
R1_A,2015-10-27,47041,2015-05-07,19445,SHORT,-1,19,2015,1.01556026705,0.444430650806,0.094672299247,0.0629801742055,0,1.95345229643,0.170110644462,0.0851229572048,0,1.98929416698,000852.SH,000852.SH:DEV_R1_A:47041:19445,2015-10-27T09:32:00+08:00,2015-05-07T09:36:00+08:00
R1_A,2015-10-27,47074,2015-06-25,27648,SHORT,-1,20,2015,0.641826614805,0.425043848693,0.20374978248,0.114973546852,1.60943791243,0.990092677906,0.217777904679,0.138236672775,1.94591014906,1.07182309337,000852.SH,000852.SH:DEV_R1_A:47074:27648,2015-10-27T10:05:00+08:00,2015-06-25T10:19:00+08:00
R1_A,2015-10-27,47101,2015-05-07,19504,SHORT,-1,21,2015,0.401077442382,0.793057148059,0.40932484145,0.250943354098,2.19722457734,1.15659255214,0.337443969286,0.196039420719,2.30258509299,1.0384181658,000852.SH,000852.SH:DEV_R1_A:47101:19504,2015-10-27T10:32:00+08:00,2015-05-07T10:35:00+08:00
R1_A,2015-10-27,47147,2015-06-04,24358,SHORT,-1,22,2015,1.42429092127,1.68213638509,0.5425777676,0.35329905257,3.68887945411,0.588370521957,0.375496782356,0.266717397508,2.56494935746,0.877175755759,000852.SH,000852.SH:DEV_R1_A:47147:24358,2015-10-27T11:18:00+08:00,2015-06-04T11:29:00+08:00
R1_A,2015-10-27,47212,2015-06-25,27758,LONG,1,27,2015,0.763061286137,0.290675893318,0.105874234377,0.0544409710227,1.60943791243,0.745992243039,0.0627859880482,0.0420654911839,1.79175946923,0.712087853832,000852.SH,000852.SH:DEV_R1_A:47212:27758,2015-10-27T13:53:00+08:00,2015-06-25T13:39:00+08:00
R1_A,2015-10-27,47253,2015-04-30,18689,LONG,1,29,2015,0.623201539953,1.39313274411,0.428328698898,0.300355087547,1.60943791243,0.917900508987,0.52681383527,0.222333899421,2.77258872224,0.724587330308,000852.SH,000852.SH:DEV_R1_A:47253:18689,2015-10-27T14:34:00+08:00,2015-04-30T14:30:00+08:00
R1_A,2015-10-28,47283,2015-01-15,1937,LONG,1,19,2015,1.09312867674,1.2610433042,0.183768928432,0.166377499772,1.09861228867,1.34224486998,0.419391187729,0.125939672255,1.60943791243,1.25136656951,000852.SH,000852.SH:DEV_R1_A:47283:1937,2015-10-28T09:34:00+08:00,2015-01-15T09:48:00+08:00
R1_A,2015-10-28,47322,2015-04-09,14920,SHORT,-1,20,2015,0.676648030411,0.62893845331,0.0964125649467,0.083521749401,3.52636052462,0.713034791989,0.140452919012,0.0842039664211,3.58351893846,0.928054233065,000852.SH,000852.SH:DEV_R1_A:47322:14920,2015-10-28T10:13:00+08:00,2015-04-09T10:11:00+08:00
R1_A,2015-10-28,47349,2015-09-25,43026,LONG,1,21,2015,0.86931901926,0.230005619728,0.0233981422182,0.0132117747045,3.25809653802,0.946984141746,0.0367759700324,0.0258853713291,3.49650756147,0.958765952011,000852.SH,000852.SH:DEV_R1_A:47349:43026,2015-10-28T10:40:00+08:00,2015-09-25T10:37:00+08:00
R1_A,2015-10-28,47431,2015-03-06,9538,SHORT,-1,27,2015,0.698652573515,0.506098359908,0.234625793235,0.13970371561,3.09104245336,0.486895904358,0.199272615224,0.0984797260453,3.09104245336,0.485407848595,000852.SH,000852.SH:DEV_R1_A:47431:9538,2015-10-28T13:32:00+08:00,2015-03-06T13:59:00+08:00
R1_A,2015-10-28,47465,2015-05-05,19155,SHORT,-1,28,2015,0.932227168585,0.862872940481,0.274737357644,0.162956453818,2.7080502011,1.09171424224,0.435447275722,0.194142607538,2.48490664979,1.02054145087,000852.SH,000852.SH:DEV_R1_A:47465:19155,2015-10-28T14:06:00+08:00,2015-05-05T14:16:00+08:00
R1_A,2015-10-29,47523,2015-05-07,19447,SHORT,-1,19,2015,1.16771480812,1.54686642543,0.312434062922,0.197231995154,1.09861228867,1.79620138743,0.170110644462,0.0851229572048,1.09861228867,1.98206688151,000852.SH,000852.SH:DEV_R1_A:47523:19447,2015-10-29T09:34:00+08:00,2015-05-07T09:38:00+08:00
R1_A,2015-10-29,47570,2015-01-30,4618,SHORT,-1,20,2015,0.969949759416,0.802809307659,0.00147875497277,0.00106170218019,3.09104245336,0.768064760203,0.0442574598457,0.0161791801013,2.07944154168,0.882798975829,000852.SH,000852.SH:DEV_R1_A:47570:4618,2015-10-29T10:21:00+08:00,2015-01-30T10:29:00+08:00
R1_A,2015-10-29,47674,2015-05-07,19590,SHORT,-1,27,2015,1.38364132241,0.470207393901,0.115789504475,0.0519064139031,3.66356164613,0.591279803873,0.0887118939944,0.050018070112,4.15888308336,0.481878131054,000852.SH,000852.SH:DEV_R1_A:47674:19590,2015-10-29T13:35:00+08:00,2015-05-07T13:31:00+08:00
R1_A,2015-10-29,47747,2015-02-05,5753,LONG,1,29,2015,1.12380808143,0.423299843924,0.253787911781,0.10344084758,3.04452243772,0.8595808834,0.283570303738,0.0736608469907,3.21887582487,0.918448966836,000852.SH,000852.SH:DEV_R1_A:47747:5753,2015-10-29T14:48:00+08:00,2015-02-05T14:54:00+08:00
R1_A,2015-10-30,47786,2015-03-31,13458,LONG,1,19,2015,1.24213597892,0.359893671523,0.253787911781,0.10344084758,4.09434456222,1.73589489366,0.330312076169,0.0991094326556,4.12713438505,1.72215544816,000852.SH,000852.SH:DEV_R1_A:47786:13458,2015-10-30T09:57:00+08:00,2015-03-31T09:49:00+08:00
R1_A,2015-10-30,47855,2015-12-21,56518,SHORT,-1,22,2015,1.08647245144,0.437768165152,0.0493423542344,0.0201136095754,4.12713438505,0.727134800204,0.0738524257683,0.0362978063103,3.61091791264,0.675958457346,000852.SH,000852.SH:DEV_R1_A:47855:56518,2015-10-30T11:06:00+08:00,2015-12-21T11:29:00+08:00
R1_A,2015-10-30,47892,2015-01-30,4691,SHORT,-1,26,2015,1.1293139525,0.174416413368,0.0493423542344,0.0201136095754,4.59511985013,0.853301329314,0.0442574598457,0.0161791801013,4.39444915467,0.818719457183,000852.SH,000852.SH:DEV_R1_A:47892:4691,2015-10-30T13:13:00+08:00,2015-01-30T13:12:00+08:00
R1_A,2015-10-30,47907,2015-01-30,4691,SHORT,-1,26,2015,0.346751136683,0.345056857512,0.0493423542344,0.0201136095754,4.73619844839,0.909108230628,0.0442574598457,0.0161791801013,4.39444915467,0.818719457183,000852.SH,000852.SH:DEV_R1_A:47907:4691,2015-10-30T13:28:00+08:00,2015-01-30T13:12:00+08:00
R1_A,2015-10-30,47928,2015-06-25,27766,LONG,1,27,2015,0.749443796926,0.440777127451,0.0222087222676,0.00906431742317,2.48490664979,0.799243029812,0.0627859880482,0.0420654911839,2.63905732962,0.787327868573,000852.SH,000852.SH:DEV_R1_A:47928:27766,2015-10-30T13:49:00+08:00,2015-06-25T13:47:00+08:00
R1_A,2015-11-02,48043,2015-05-07,19492,SHORT,-1,20,2015,1.58182480412,1.56317849895,0.652432674176,0.388748099341,3.68887945411,0.47312899782,0.619061945869,0.319348123613,3.4657359028,0.951686120632,000852.SH,000852.SH:DEV_R1_A:48043:19492,2015-11-02T10:14:00+08:00,2015-05-07T10:23:00+08:00
R1_A,2015-11-03,48244,2015-05-05,18987,SHORT,-1,19,2015,0.839313636596,0.154987616009,0.00787023952272,0.0028442731431,1.38629436112,1.60491437005,0.0277010653408,0.00905387409678,1.38629436112,1.56795389942,000852.SH,000852.SH:DEV_R1_A:48244:18987,2015-11-03T09:35:00+08:00,2015-05-05T09:58:00+08:00
R1_A,2015-11-03,48332,2015-06-25,27691,SHORT,-1,22,2015,0.927356969714,0.984852234477,0.252155711967,0.116760601585,3.04452243772,0.847168056257,0.217777904679,0.138236672775,3.91202300543,0.582615663743,000852.SH,000852.SH:DEV_R1_A:48332:27691,2015-11-03T11:03:00+08:00,2015-06-25T11:02:00+08:00
R1_A,2015-11-04,48598,2015-11-04,48597,LONG,1,22,2015,0.27429806503,0.0059617575423,0.0513792366149,0.0174646979433,4.78749174278,0.505893913231,0.0513792366149,0.0174646979433,4.77912349311,0.505256961132,000852.SH,000852.SH:DEV_R1_A:48598:48597,2015-11-04T11:29:00+08:00,2015-11-04T11:28:00+08:00
R1_A,2015-11-04,48636,2015-12-30,58233,LONG,1,27,2015,0.579060944179,0.614667529694,0.447840895652,0.204615736157,2.30258509299,0.779503240863,0.511062550548,0.226641344434,1.60943791243,0.803358333698,000852.SH,000852.SH:DEV_R1_A:48636:58233,2015-11-04T13:37:00+08:00,2015-12-30T13:34:00+08:00
R1_A,2015-11-05,48745,2015-08-07,35068,LONG,1,19,2015,0.665386659836,1.20207392616,0.579250877771,0.332466865633,1.38629436112,1.75528705306,0.474900138597,0.278925296257,1.09861228867,2.07655413435,000852.SH,000852.SH:DEV_R1_A:48745:35068,2015-11-05T09:56:00+08:00,2015-08-07T09:59:00+08:00
R1_A,2015-11-05,48858,2015-05-05,19106,SHORT,-1,26,2015,1.18058910338,1.08373315323,0.321688985821,0.178530582,3.52636052462,0.745082540221,0.215696738624,0.140034478186,3.91202300543,1.04051390314,000852.SH,000852.SH:DEV_R1_A:48858:19106,2015-11-05T13:19:00+08:00,2015-05-05T13:27:00+08:00
R1_A,2015-11-06,49044,2015-05-05,19046,LONG,1,21,2015,0.567332207954,0.798674505346,0.396718535765,0.13418910085,2.30258509299,0.93075266897,0.256356441715,0.0970339744742,2.48490664979,0.885841459121,000852.SH,000852.SH:DEV_R1_A:49044:19046,2015-11-06T10:55:00+08:00,2015-05-05T10:57:00+08:00
R1_A,2015-11-06,49132,2015-03-12,10471,LONG,1,27,2015,0.415203572014,0.167897021337,0.522938312819,0.18171433691,3.95124371858,0.795688901496,0.500528428874,0.183293921021,4.14313472639,0.798626623318,000852.SH,000852.SH:DEV_R1_A:49132:10471,2015-11-06T13:53:00+08:00,2015-03-12T13:32:00+08:00
R1_A,2015-11-06,49176,2015-02-05,5739,LONG,1,29,2015,0.505234712327,0.309436322191,0.223665771731,0.0735082643929,2.30258509299,0.992886081151,0.283570303738,0.0736608469907,2.3978952728,0.948675272174,000852.SH,000852.SH:DEV_R1_A:49176:5739,2015-11-06T14:37:00+08:00,2015-02-05T14:40:00+08:00
R1_A,2015-11-09,49202,2015-09-25,42980,LONG,1,19,2015,0.503742218472,0.697610412305,0.0860716940484,0.0649789894435,0.69314718056,1.67104984883,0.0444217738276,0.0298017592228,0.69314718056,1.86354018373,000852.SH,000852.SH:DEV_R1_A:49202:42980,2015-11-09T09:33:00+08:00,2015-09-25T09:51:00+08:00
R1_A,2015-11-09,49211,2015-09-25,42985,LONG,1,19,2015,0.266419953352,0.496028990163,0.0875448849256,0.0678118869625,2.07944154168,1.86900759289,0.0444217738276,0.0298017592228,1.94591014906,1.88891167099,000852.SH,000852.SH:DEV_R1_A:49211:42985,2015-11-09T09:42:00+08:00,2015-09-25T09:56:00+08:00
R1_A,2015-11-09,49270,2015-11-18,50959,SHORT,-1,21,2015,1.3124688673,1.10533644516,0.391530844296,0.289213958407,3.55534806149,0.766017318603,0.277949870994,0.206284319707,3.40119738166,0.736157219216,000852.SH,000852.SH:DEV_R1_A:49270:50959,2015-11-09T10:41:00+08:00,2015-11-18T10:50:00+08:00
R1_A,2015-11-09,49359,2015-12-30,58232,LONG,1,27,2015,0.515360819304,1.28474895575,0.28133678168,0.166605106697,1.60943791243,0.722359547827,0.511062550548,0.226641344434,1.38629436112,0.765093036628,000852.SH,000852.SH:DEV_R1_A:49359:58232,2015-11-09T13:40:00+08:00,2015-12-30T13:33:00+08:00
R1_A,2015-11-10,49443,2015-01-15,1937,LONG,1,19,2015,0.882945082114,1.44604583484,0.335352722693,0.190491591203,1.09861228867,1.65732616576,0.419391187729,0.125939672255,1.60943791243,1.25136656951,000852.SH,000852.SH:DEV_R1_A:49443:1937,2015-11-10T09:34:00+08:00,2015-01-15T09:48:00+08:00
R1_A,2015-11-10,49468,2015-08-07,35050,LONG,1,19,2015,0.338965762057,0.261372564312,0.0782164071886,0.0454934077307,3.21887582487,2.05366474058,0.0536432424851,0.0312105464048,3.36729582999,2.00552484407,000852.SH,000852.SH:DEV_R1_A:49468:35050,2015-11-10T09:59:00+08:00,2015-08-07T09:41:00+08:00
R1_A,2015-11-10,49512,2015-12-21,56476,LONG,1,21,2015,0.443043676292,0.341316734978,0.0782164071886,0.0454934077307,4.2341065046,0.79135557561,0.108027532515,0.0484182143604,4.15888308336,0.680483139583,000852.SH,000852.SH:DEV_R1_A:49512:56476,2015-11-10T10:43:00+08:00,2015-12-21T10:47:00+08:00
R1_A,2015-11-10,49588,2015-12-22,56760,LONG,1,26,2015,1.36481612527,0.803264057904,0.25476360729,0.116073928871,3.97029191355,1.12849696354,0.360804911117,0.116046728114,3.17805383035,1.00608388865,000852.SH,000852.SH:DEV_R1_A:49588:56760,2015-11-10T13:29:00+08:00,2015-12-22T13:01:00+08:00
R1_A,2015-11-11,49690,2015-09-25,42960,LONG,1,19,2015,0.603427840598,1.86207959851,0.0343474179094,0.014846005028,1.38629436112,1.14590951429,0.157034378696,0.0705676273095,2.63905732962,0.633852647696,000852.SH,000852.SH:DEV_R1_A:49690:42960,2015-11-11T09:41:00+08:00,2015-09-25T09:31:00+08:00
R1_A,2015-11-11,49715,2015-09-25,42991,LONG,1,20,2015,0.514823966628,1.18237254649,0.0489780092952,0.0364572255073,1.94591014906,1.27168768841,0.0444217738276,0.0298017592228,2.56494935746,0.872692131191,000852.SH,000852.SH:DEV_R1_A:49715:42991,2015-11-11T10:06:00+08:00,2015-09-25T10:02:00+08:00
R1_A,2015-11-11,49761,2015-05-05,19041,LONG,1,21,2015,0.683695648473,0.667542624399,0.114161891919,0.0925635711036,1.79175946923,0.881606699101,0.256356441715,0.0970339744742,1.94591014906,0.885647409372,000852.SH,000852.SH:DEV_R1_A:49761:19041,2015-11-11T10:52:00+08:00,2015-05-05T10:52:00+08:00
R1_A,2015-11-11,49857,2015-06-25,27773,LONG,1,27,2015,0.589796338663,1.37384413526,0.234562400728,0.128536353381,2.56494935746,1.16794833575,0.0627859880482,0.0420654911839,3.04452243772,1.03182547936,000852.SH,000852.SH:DEV_R1_A:49857:27773,2015-11-11T13:58:00+08:00,2015-06-25T13:54:00+08:00
R1_A,2015-11-11,49915,2015-02-25,7918,LONG,1,29,2015,0.440557782913,0.524462775184,0.303349857197,0.144750338489,3.95124371858,0.921249431546,0.369126023098,0.112209686996,3.73766961828,0.970607475311,000852.SH,000852.SH:DEV_R1_A:49915:7918,2015-11-11T14:56:00+08:00,2015-02-25T14:59:00+08:00
R1_A,2015-11-12,49944,2015-03-31,13457,LONG,1,19,2015,0.399496451545,0.581578982039,0.303349857197,0.144750338489,4.39444915467,1.67750655172,0.330312076169,0.0991094326556,4.11087386417,1.65397686049,000852.SH,000852.SH:DEV_R1_A:49944:13457,2015-11-12T09:55:00+08:00,2015-03-31T09:48:00+08:00
R1_A,2015-11-13,50163,2015-02-03,5062,LONG,1,19,2015,1.66004320016,1.15145809168,0.286441049612,0.127642046502,2.3978952728,2.1378238099,0.428502086971,0.197723068166,3.09104245336,2.17256934014,000852.SH,000852.SH:DEV_R1_A:50163:5062,2015-11-13T09:34:00+08:00,2015-02-03T09:53:00+08:00
R1_A,2015-11-13,50248,2015-11-18,50942,SHORT,-1,21,2015,0.910901318868,0.968518883346,0.437271463148,0.255616308095,2.94443897917,1.36060280217,0.277949870994,0.206284319707,2.56494935746,1.3511066902,000852.SH,000852.SH:DEV_R1_A:50248:50942,2015-11-13T10:59:00+08:00,2015-11-18T10:33:00+08:00
R1_A,2015-11-16,50449,2015-05-07,19492,SHORT,-1,20,2015,1.67764509624,1.43332470469,0.460724497732,0.313176634053,3.82864139649,0.515200830701,0.619061945869,0.319348123613,3.4657359028,0.951686120632,000852.SH,000852.SH:DEV_R1_A:50449:19492,2015-11-16T10:20:00+08:00,2015-05-07T10:23:00+08:00
R1_A,2015-11-17,50646,2015-05-11,19921,LONG,1,19,2015,0.269078328528,0.791703110945,0.619449370427,0.234349041112,4.18965474203,2.30606590879,0.452304905791,0.235011472256,4.1743872699,2.3688192223,000852.SH,000852.SH:DEV_R1_A:50646:19921,2015-11-17T09:37:00+08:00,2015-05-11T09:32:00+08:00
R1_A,2015-11-17,50673,2015-01-21,2911,LONG,1,20,2015,0.811345133091,1.71250790006,0.656022560267,0.410750718241,1.94591014906,0.780963592589,0.615888131793,0.385081938532,4.36944785247,0.888211481191,000852.SH,000852.SH:DEV_R1_A:50673:2911,2015-11-17T10:04:00+08:00,2015-01-21T10:02:00+08:00
R1_A,2015-11-18,51112,2015-11-18,51111,SHORT,-1,29,2015,0.296864072011,0.0507655459344,0.395835671518,0.180669635494,3.04452243772,0.899477843883,0.395835671518,0.180669635494,2.99573227355,0.885574496159,000852.SH,000852.SH:DEV_R1_A:51112:51111,2015-11-18T14:53:00+08:00,2015-11-18T14:52:00+08:00
R1_A,2015-11-19,51134,2015-05-06,19202,SHORT,-1,19,2015,0.837196081998,1.27268464553,0.393421554044,0.222668675707,2.63905732962,1.60262471627,0.409797399095,0.286939942803,3.09104245336,1.95773863621,000852.SH,000852.SH:DEV_R1_A:51134:19202,2015-11-19T09:45:00+08:00,2015-05-06T09:33:00+08:00
R1_A,2015-11-19,51321,2015-09-24,42915,LONG,1,28,2015,0.384679870439,0.40011529588,0.0281900218339,0.0134947609758,4.15888308336,0.855594118538,0.0587749812812,0.022079032152,4.31748811354,0.73093151083,000852.SH,000852.SH:DEV_R1_A:51321:42915,2015-11-19T14:22:00+08:00,2015-09-24T14:16:00+08:00
R1_A,2015-11-20,51426,2015-01-23,3441,LONG,1,21,2015,0.627309338305,0.958106972372,0.555050017341,0.242748666869,2.3978952728,1.14384496885,0.682081842295,0.302714941978,2.83321334406,1.1472000912,000852.SH,000852.SH:DEV_R1_A:51426:3441,2015-11-20T10:37:00+08:00,2015-01-23T10:52:00+08:00
R1_A,2015-11-20,51531,2015-05-08,19851,LONG,1,27,2015,0.286235993713,1.00859039611,0.647791677677,0.281186361026,4.56434819147,0.847890141954,0.533103668995,0.297912100588,3.4657359028,0.71271794893,000852.SH,000852.SH:DEV_R1_A:51531:19851,2015-11-20T13:52:00+08:00,2015-05-08T13:52:00+08:00
R1_A,2015-11-20,51556,2015-03-03,8844,LONG,1,28,2015,0.281661105398,1.07563462264,0.647791677677,0.281186361026,4.7957905456,0.847321187611,0.719699096666,0.31138465892,3.40119738166,0.793303145703,000852.SH,000852.SH:DEV_R1_A:51556:8844,2015-11-20T14:17:00+08:00,2015-03-03T14:25:00+08:00
R1_A,2015-11-23,51650,2015-09-24,42752,LONG,1,20,2015,0.440682654909,0.522211826399,0.27895853654,0.103827614184,3.98898404656,0.962812022401,0.215038678232,0.0968063162387,3.4657359028,0.880287896604,000852.SH,000852.SH:DEV_R1_A:51650:42752,2015-11-23T10:21:00+08:00,2015-09-24T10:03:00+08:00
R1_A,2015-11-23,51748,2015-12-28,57743,LONG,1,26,2015,0.747074458754,0.736342393733,0.235656502816,0.0749830163043,2.77258872224,0.962327859738,0.303184482958,0.126165806378,2.83321334406,0.854022766635,000852.SH,000852.SH:DEV_R1_A:51748:57743,2015-11-23T13:29:00+08:00,2015-12-28T13:24:00+08:00
R1_A,2015-11-23,51793,2015-06-25,27787,LONG,1,28,2015,0.948411743495,0.989796212174,0.235656502816,0.0749830163043,4.11087386417,1.41967749111,0.0627859880482,0.0420654911839,3.55534806149,1.33691193599,000852.SH,000852.SH:DEV_R1_A:51793:27787,2015-11-23T14:14:00+08:00,2015-06-25T14:08:00+08:00
R1_A,2015-11-23,51816,2015-01-14,1893,SHORT,-1,29,2015,0.530243317278,0.889737502924,0.0701203332766,0.0227645237662,2.07944154168,1.55941909685,0.135855727282,0.0492137581003,2.48490664979,1.29610482757,000852.SH,000852.SH:DEV_R1_A:51816:1893,2015-11-23T14:37:00+08:00,2015-01-14T14:34:00+08:00
R1_A,2015-11-24,51846,2015-02-11,6480,SHORT,-1,19,2015,0.35149075178,0.972424789369,0.425481319819,0.175226127184,3.36729582999,1.22595198118,0.53127417018,0.142677638333,4.12713438505,1.02891870999,000852.SH,000852.SH:DEV_R1_A:51846:6480,2015-11-24T09:37:00+08:00,2015-02-11T09:31:00+08:00
R1_A,2015-11-24,51912,2015-01-13,1516,SHORT,-1,21,2015,0.412836829251,0.334594721621,0.425481319819,0.175226127184,4.5538768916,0.659358303471,0.432925633165,0.16705379541,4.11087386417,0.69702002155,000852.SH,000852.SH:DEV_R1_A:51912:1516,2015-11-24T10:43:00+08:00,2015-01-13T10:47:00+08:00
R1_A,2015-11-24,51971,2015-11-18,51000,SHORT,-1,26,2015,0.856760546535,1.21784471751,0.434797325505,0.128801556032,3.80666248977,0.479123921556,0.277949870994,0.206284319707,4.26267987704,0.397404440206,000852.SH,000852.SH:DEV_R1_A:51971:51000,2015-11-24T13:12:00+08:00,2015-11-18T13:01:00+08:00
R1_A,2015-11-25,52126,2015-02-03,5078,LONG,1,20,2015,0.389395398185,0.893721932702,0.400788655346,0.200401069519,4.20469261939,1.09033573975,0.428502086971,0.197723068166,3.63758615973,0.802374949526,000852.SH,000852.SH:DEV_R1_A:52126:5078,2015-11-25T10:17:00+08:00,2015-02-03T10:09:00+08:00
R1_A,2015-11-25,52192,2015-02-03,5129,LONG,1,22,2015,0.490961471996,0.807699531646,0.400788655346,0.200401069519,4.89034912822,0.937782321959,0.428502086971,0.197723068166,4.48863636973,0.666737668806,000852.SH,000852.SH:DEV_R1_A:52192:5129,2015-11-25T11:23:00+08:00,2015-02-03T11:00:00+08:00
R1_A,2015-11-25,52289,2015-05-06,19438,LONG,1,29,2015,0.344875488501,1.11275337923,0.400788655346,0.200401069519,5.43807930892,1.10704747239,0.378483446407,0.259147340445,4.1743872699,1.16041096352,000852.SH,000852.SH:DEV_R1_A:52289:19438,2015-11-25T14:30:00+08:00,2015-05-06T14:59:00+08:00
R1_A,2015-11-26,52349,2015-08-07,35070,LONG,1,20,2015,0.657349528304,1.29319141019,0.650166394405,0.217325871826,2.48490664979,1.94384035155,0.474900138597,0.278925296257,1.60943791243,2.08359392492,000852.SH,000852.SH:DEV_R1_A:52349:35070,2015-11-26T10:00:00+08:00,2015-08-07T10:01:00+08:00
R1_A,2015-11-26,52511,2015-12-25,57553,LONG,1,28,2015,1.03044622752,0.920156107,0.0441074873936,0.0149428357051,1.79175946923,1.36798940162,0.0915224713223,0.0414086788411,2.48490664979,1.11671462081,000852.SH,000852.SH:DEV_R1_A:52511:57553,2015-11-26T14:12:00+08:00,2015-12-25T14:14:00+08:00
R1_A,2015-11-26,52534,2015-12-25,57570,LONG,1,29,2015,0.54356374662,0.94387457419,0.0441074873936,0.0149428357051,3.36729582999,1.64672928069,0.0915224713223,0.0414086788411,3.36729582999,1.33347136971,000852.SH,000852.SH:DEV_R1_A:52534:57570,2015-11-26T14:35:00+08:00,2015-12-25T14:31:00+08:00
R1_A,2015-11-27,52606,2015-06-25,27654,SHORT,-1,20,2015,0.558344385564,0.5925333104,0.333944087966,0.122009057519,2.77258872224,0.995093008581,0.217777904679,0.138236672775,2.56494935746,0.963959233397,000852.SH,000852.SH:DEV_R1_A:52606:27654,2015-11-27T10:17:00+08:00,2015-06-25T10:25:00+08:00
R1_A,2015-11-27,52701,2015-05-05,19106,SHORT,-1,26,2015,0.320606675263,0.913103292877,0.380570385255,0.133866835141,4.11087386417,0.866919752661,0.215696738624,0.140034478186,3.91202300543,1.04051390314,000852.SH,000852.SH:DEV_R1_A:52701:19106,2015-11-27T13:22:00+08:00,2015-05-05T13:27:00+08:00
R1_A,2015-11-27,52717,2015-05-05,19110,SHORT,-1,27,2015,0.600588564761,2.8343599125,0.518050738636,0.270465497956,1.38629436112,1.38945168847,0.215696738624,0.140034478186,3.98898404656,1.09844565053,000852.SH,000852.SH:DEV_R1_A:52717:19110,2015-11-27T13:38:00+08:00,2015-05-05T13:31:00+08:00
R1_A,2015-11-27,52747,2015-06-25,27801,SHORT,-1,28,2015,0.385573184451,0.736948790516,0.548478842053,0.273842058026,2.48490664979,1.22572786769,0.460059224733,0.22278697954,2.63905732962,1.26737247908,000852.SH,000852.SH:DEV_R1_A:52747:27801,2015-11-27T14:08:00+08:00,2015-06-25T14:22:00+08:00
R1_A,2015-11-27,52763,2015-06-25,27808,SHORT,-1,28,2015,0.805344211196,0.941523399179,0.538544758696,0.338908865635,1.60943791243,1.64204793393,0.534464787102,0.267816878214,1.38629436112,1.48810607914,000852.SH,000852.SH:DEV_R1_A:52763:27808,2015-11-27T14:24:00+08:00,2015-06-25T14:29:00+08:00
R1_A,2015-11-30,52804,2015-05-06,19202,SHORT,-1,19,2015,1.17934839986,1.40828252623,0.294061792277,0.231373408589,2.3978952728,1.58530672885,0.409797399095,0.286939942803,3.09104245336,1.95773863621,000852.SH,000852.SH:DEV_R1_A:52804:19202,2015-11-30T09:35:00+08:00,2015-05-06T09:33:00+08:00
R1_A,2015-11-30,52893,2015-06-04,24355,SHORT,-1,22,2015,0.308632790422,0.78059556024,0.340931112074,0.275397661143,2.8903717579,0.585454152312,0.375496782356,0.266717397508,2.30258509299,0.818328228271,000852.SH,000852.SH:DEV_R1_A:52893:24355,2015-11-30T11:04:00+08:00,2015-06-04T11:26:00+08:00
R1_A,2015-11-30,52904,2015-06-04,24358,SHORT,-1,22,2015,0.402963299042,0.71956086972,0.340931112074,0.275397661143,3.36729582999,1.03241732129,0.375496782356,0.266717397508,2.56494935746,0.877175755759,000852.SH,000852.SH:DEV_R1_A:52904:24358,2015-11-30T11:15:00+08:00,2015-06-04T11:29:00+08:00
R1_A,2015-11-30,52931,2015-06-04,24360,SHORT,-1,26,2015,0.383209829071,1.10816994725,0.340931112074,0.275397661143,4.02535169074,0.81336561848,0.375496782356,0.266717397508,2.7080502011,1.03901099772,000852.SH,000852.SH:DEV_R1_A:52931:24360,2015-11-30T13:12:00+08:00,2015-06-04T13:01:00+08:00
R1_A,2015-11-30,52955,2015-01-14,1857,SHORT,-1,27,2015,1.6602618611,4.09151850354,0.709229178723,0.43251454366,2.56494935746,1.24906241568,0.432925633165,0.16705379541,5.99645208862,1.11343514659,000852.SH,000852.SH:DEV_R1_A:52955:1857,2015-11-30T13:36:00+08:00,2015-01-14T13:58:00+08:00
R1_A,2015-11-30,53015,2015-03-03,8849,LONG,1,29,2015,0.597385087241,1.95832982558,0.500554806338,0.375215296021,1.60943791243,0.944071352792,0.719699096666,0.31138465892,3.55534806149,0.686767532511,000852.SH,000852.SH:DEV_R1_A:53015:8849,2015-11-30T14:36:00+08:00,2015-03-03T14:30:00+08:00
R1_A,2015-12-01,53045,2015-09-25,42960,LONG,1,19,2015,0.520747017644,1.40024950046,0.00409071757126,0.00248120849449,1.38629436112,0.752915971633,0.157034378696,0.0705676273095,2.63905732962,0.633852647696,000852.SH,000852.SH:DEV_R1_A:53045:42960,2015-12-01T09:36:00+08:00,2015-09-25T09:31:00+08:00
R1_A,2015-12-01,53054,2015-09-25,42960,LONG,1,19,2015,0.590441496419,1.25915373871,0.00409071757126,0.00248120849449,2.56494935746,0.878801294063,0.157034378696,0.0705676273095,2.63905732962,0.633852647696,000852.SH,000852.SH:DEV_R1_A:53054:42960,2015-12-01T09:45:00+08:00,2015-09-25T09:31:00+08:00
R1_A,2015-12-01,53071,2015-01-30,4618,SHORT,-1,20,2015,0.864360941763,0.32266808204,0.0647842139094,0.0271422481171,2.3978952728,0.818122482976,0.0442574598457,0.0161791801013,2.07944154168,0.882798975829,000852.SH,000852.SH:DEV_R1_A:53071:4618,2015-12-01T10:02:00+08:00,2015-01-30T10:29:00+08:00
R1_A,2015-12-01,53094,2015-01-19,2433,SHORT,-1,20,2015,0.452377041162,0.499160143774,0.0647842139094,0.0271422481171,3.52636052462,0.550683517149,0.121943776188,0.0581126491352,3.36729582999,0.479930713266,000852.SH,000852.SH:DEV_R1_A:53094:2433,2015-12-01T10:25:00+08:00,2015-01-19T10:04:00+08:00
R1_A,2015-12-01,53128,2015-05-05,19043,LONG,1,21,2015,0.998639206728,0.390966463305,0.234508697119,0.0853392964148,2.48490664979,0.633457667204,0.256356441715,0.0970339744742,2.19722457734,0.739559581189,000852.SH,000852.SH:DEV_R1_A:53128:19043,2015-12-01T10:59:00+08:00,2015-05-05T10:54:00+08:00
R1_A,2015-12-01,53236,2015-12-25,57552,LONG,1,28,2015,1.25197313956,0.084596140793,0.0970835433113,0.0398730207493,2.48490664979,1.07905895816,0.0915224713223,0.0414086788411,2.3978952728,1.0977690562,000852.SH,000852.SH:DEV_R1_A:53236:57552,2015-12-01T14:17:00+08:00,2015-12-25T14:13:00+08:00
R1_A,2015-12-02,53281,2015-04-09,14907,SHORT,-1,19,2015,0.895437326643,0.427694835294,0.211769276034,0.105445854436,2.99573227355,1.11508176707,0.140452919012,0.0842039664211,3.13549421593,1.09121412045,000852.SH,000852.SH:DEV_R1_A:53281:14907,2015-12-02T09:32:00+08:00,2015-04-09T09:58:00+08:00
R1_A,2015-12-02,53326,2015-04-09,14911,SHORT,-1,20,2015,0.881298120346,0.271372542417,0.129070669579,0.0724979178939,2.99573227355,1.07988695104,0.140452919012,0.0842039664211,3.295836866,1.0425264368,000852.SH,000852.SH:DEV_R1_A:53326:14911,2015-12-02T10:17:00+08:00,2015-04-09T10:02:00+08:00
R1_A,2015-12-02,53370,2015-09-25,43074,SHORT,-1,22,2015,0.722413728159,1.21717899822,0.555647499322,0.379695722399,1.60943791243,1.50966086664,0.632057511257,0.302852205941,0.69314718056,1.36008385196,000852.SH,000852.SH:DEV_R1_A:53370:43074,2015-12-02T11:01:00+08:00,2015-09-25T11:25:00+08:00
R1_A,2015-12-03,53606,2015-08-07,35099,LONG,1,21,2015,0.899767535066,0.804350822252,0.513186073836,0.231580466178,2.8903717579,0.743908916548,0.474900138597,0.278925296257,3.52636052462,0.615553185906,000852.SH,000852.SH:DEV_R1_A:53606:35099,2015-12-03T10:57:00+08:00,2015-08-07T10:30:00+08:00
R1_A,2015-12-03,53723,2015-12-10,54916,LONG,1,28,2015,0.569571466972,0.553860556118,0.214026622912,0.088852147423,1.60943791243,1.1056247838,0.231777908362,0.0795226528673,2.3978952728,1.11100597617,000852.SH,000852.SH:DEV_R1_A:53723:54916,2015-12-03T14:24:00+08:00,2015-12-10T14:17:00+08:00
R1_A,2015-12-04,53763,2015-01-15,1948,LONG,1,19,2015,0.38965540379,0.891517965349,0.419559391128,0.191040043181,3.4657359028,1.42120696659,0.419391187729,0.125939672255,2.77258872224,1.42285699091,000852.SH,000852.SH:DEV_R1_A:53763:1948,2015-12-04T09:34:00+08:00,2015-01-15T09:59:00+08:00
R1_A,2015-12-04,53788,2015-05-07,19441,LONG,1,19,2015,0.474583795173,0.823055410814,0.419559391128,0.191040043181,4.04305126783,1.86934122017,0.378483446407,0.259147340445,4.21950770518,1.85955058179,000852.SH,000852.SH:DEV_R1_A:53788:19441,2015-12-04T09:59:00+08:00,2015-05-07T09:32:00+08:00
R1_A,2015-12-04,53816,2015-02-03,5096,LONG,1,20,2015,0.43621071651,0.611161516141,0.419559391128,0.191040043181,4.44265125649,0.940941232716,0.428502086971,0.197723068166,4.02535169074,0.747589794304,000852.SH,000852.SH:DEV_R1_A:53816:5096,2015-12-04T10:27:00+08:00,2015-02-03T10:27:00+08:00
R1_A,2015-12-04,53879,2015-12-22,56759,LONG,1,23,2015,0.78403431908,0.427393729827,0.434381030997,0.135100620899,3.33220451018,0.997664937853,0.360804911117,0.116046728114,3.13549421593,0.993720287608,000852.SH,000852.SH:DEV_R1_A:53879:56759,2015-12-04T11:30:00+08:00,2015-12-22T11:30:00+08:00
R1_A,2015-12-07,54155,2015-12-07,54154,LONG,1,27,2015,0.481270002499,0.0114414611163,0.181315385468,0.0792972733745,4.77912349311,0.640900385571,0.181315385468,0.0792972733745,4.77068462447,0.637317225797,000852.SH,000852.SH:DEV_R1_A:54155:54154,2015-12-07T13:36:00+08:00,2015-12-07T13:35:00+08:00
R1_A,2015-12-08,54244,2015-09-25,42982,LONG,1,19,2015,0.624106292301,0.397174861428,0.0496398110774,0.0194129035634,1.38629436112,1.99979688847,0.0444217738276,0.0298017592228,1.38629436112,1.86305253188,000852.SH,000852.SH:DEV_R1_A:54244:42982,2015-12-08T09:35:00+08:00,2015-09-25T09:53:00+08:00
R1_A,2015-12-08,54327,2015-07-09,30060,SHORT,-1,21,2015,0.638645292695,0.927542217976,0.294479588869,0.118258530023,2.8903717579,1.01777152291,0.314758018592,0.172679016358,3.7135720667,1.15215755482,000852.SH,000852.SH:DEV_R1_A:54327:30060,2015-12-08T10:58:00+08:00,2015-07-09T10:31:00+08:00
R1_A,2015-12-09,54494,2015-05-05,18988,SHORT,-1,19,2015,0.51326314244,0.467078225574,0.0767490739136,0.028329950791,2.07944154168,1.53722440782,0.0277010653408,0.00905387409678,1.60943791243,1.5804756839,000852.SH,000852.SH:DEV_R1_A:54494:18988,2015-12-09T09:45:00+08:00,2015-05-05T09:59:00+08:00
R1_A,2015-12-09,54530,2015-04-09,14911,SHORT,-1,20,2015,0.619334291569,0.422109619734,0.130847301207,0.103209780332,2.77258872224,1.03384751497,0.140452919012,0.0842039664211,3.295836866,1.0425264368,000852.SH,000852.SH:DEV_R1_A:54530:14911,2015-12-09T10:21:00+08:00,2015-04-09T10:02:00+08:00
R1_A,2015-12-09,54675,2015-01-14,1888,SHORT,-1,28,2015,0.667727456528,0.357401294117,0.142853760084,0.0711774275369,2.30258509299,1.10131695514,0.135855727282,0.0492137581003,1.94591014906,1.08279915829,000852.SH,000852.SH:DEV_R1_A:54675:1888,2015-12-09T14:16:00+08:00,2015-01-14T14:29:00+08:00
R1_A,2015-12-10,54919,2015-12-10,54918,LONG,1,28,2015,0.619445098156,0.109899248005,0.231777908362,0.0795226528673,2.63905732962,1.16042327495,0.231777908362,0.0795226528673,2.56494935746,1.12506659034,000852.SH,000852.SH:DEV_R1_A:54919:54918,2015-12-10T14:20:00+08:00,2015-12-10T14:19:00+08:00
R1_A,2015-12-10,54943,2015-02-25,7905,LONG,1,29,2015,0.722101705627,0.775047821653,0.231777908362,0.0795226528673,3.63758615973,1.4574323341,0.369126023098,0.112209686996,3.36729582999,1.50832838818,000852.SH,000852.SH:DEV_R1_A:54943:7905,2015-12-10T14:44:00+08:00,2015-02-25T14:46:00+08:00
R1_A,2015-12-11,55041,2015-06-25,27659,SHORT,-1,21,2015,0.576544048399,0.808056164027,0.256828765034,0.0808051889074,2.3978952728,0.62731087856,0.217777904679,0.138236672775,2.8903717579,0.717995358035,000852.SH,000852.SH:DEV_R1_A:55041:27659,2015-12-11T10:52:00+08:00,2015-06-25T10:30:00+08:00
R1_A,2015-12-11,55093,2015-05-07,19560,SHORT,-1,26,2015,0.533413822994,0.841167273685,0.15293152028,0.103728070175,3.13549421593,0.599724418217,0.0887118939944,0.050018070112,3.52636052462,0.455217575215,000852.SH,000852.SH:DEV_R1_A:55093:19560,2015-12-11T13:14:00+08:00,2015-05-07T13:01:00+08:00
R1_A,2015-12-11,55154,2015-05-05,19140,SHORT,-1,28,2015,0.876302258382,0.65762722292,0.15293152028,0.103728070175,4.43081679884,0.844306892775,0.215696738624,0.140034478186,4.43081679884,0.993785389026,000852.SH,000852.SH:DEV_R1_A:55154:19140,2015-12-11T14:15:00+08:00,2015-05-05T14:01:00+08:00
R1_A,2015-12-14,55220,2015-05-07,19454,SHORT,-1,19,2015,0.579151592969,0.813026981352,0.254363624756,0.102981127975,2.3978952728,2.24108167882,0.170110644462,0.0851229572048,2.30258509299,1.99490183575,000852.SH,000852.SH:DEV_R1_A:55220:19454,2015-12-14T09:51:00+08:00,2015-05-07T09:45:00+08:00
R1_A,2015-12-15,55497,2015-12-15,55494,LONG,1,20,2015,0.272178380075,0.0497750739006,0.0376693560119,0.0157473348963,5.35658627467,0.95645225009,0.0376693560119,0.0157473348963,5.34233425196,0.974131271303,000852.SH,000852.SH:DEV_R1_A:55497:55494,2015-12-15T10:28:00+08:00,2015-12-15T10:25:00+08:00
R1_A,2015-12-15,55636,2015-03-03,8833,LONG,1,28,2015,0.607858659395,0.963855348001,0.670067048427,0.253391101483,2.63905732962,1.16529927824,0.719699096666,0.31138465892,2.94443897917,0.942322297337,000852.SH,000852.SH:DEV_R1_A:55636:8833,2015-12-15T14:17:00+08:00,2015-03-03T14:14:00+08:00
R1_A,2015-12-16,55882,2015-12-16,55881,LONG,1,28,2015,0.709594710376,0.105260602093,0.425484232321,0.121815166591,1.94591014906,1.26627085529,0.425484232321,0.121815166591,1.79175946923,1.26326291984,000852.SH,000852.SH:DEV_R1_A:55882:55881,2015-12-16T14:23:00+08:00,2015-12-16T14:22:00+08:00
R1_A,2015-12-17,55995,2015-03-31,13523,LONG,1,21,2015,0.259701593952,0.307030266195,0.359787423125,0.110809703167,4.5538768916,0.568089994439,0.330312076169,0.0991094326556,4.84418708646,0.616916464501,000852.SH,000852.SH:DEV_R1_A:55995:13523,2015-12-17T10:46:00+08:00,2015-03-31T10:54:00+08:00
R1_A,2015-12-17,56100,2015-01-15,2128,LONG,1,28,2015,0.332382966245,0.33448689131,0.359787423125,0.110809703167,5.29831736655,0.504210256592,0.419391187729,0.125939672255,5.27811465923,0.52961658319,000852.SH,000852.SH:DEV_R1_A:56100:2128,2015-12-17T14:01:00+08:00,2015-01-15T14:29:00+08:00
R1_A,2015-12-17,56138,2015-01-15,2141,LONG,1,29,2015,0.337148431536,0.339553395525,0.359787423125,0.110809703167,5.47227067367,0.570064486894,0.419391187729,0.125939672255,5.34233425196,0.560461787094,000852.SH,000852.SH:DEV_R1_A:56138:2141,2015-12-17T14:39:00+08:00,2015-01-15T14:42:00+08:00
R1_A,2015-12-18,56233,2015-01-23,3445,LONG,1,21,2015,1.02938566348,1.42643492109,0.576759681614,0.198768522999,2.63905732962,1.49380850613,0.682081842295,0.302714941978,3.04452243772,1.3081155998,000852.SH,000852.SH:DEV_R1_A:56233:3445,2015-12-18T10:44:00+08:00,2015-01-23T10:56:00+08:00
R1_A,2015-12-22,56761,2015-12-22,56760,LONG,1,26,2015,0.58839326214,0.120343014416,0.360804911117,0.116046728114,3.21887582487,1.04848519082,0.360804911117,0.116046728114,3.17805383035,1.00608388865,000852.SH,000852.SH:DEV_R1_A:56761:56760,2015-12-22T13:02:00+08:00,2015-12-22T13:01:00+08:00
R1_A,2015-12-22,56857,2015-02-05,5758,LONG,1,29,2015,0.295776063033,0.568503533375,0.276957211399,0.0760386227925,4.2341065046,0.923416902882,0.283570303738,0.0736608469907,3.40119738166,0.92107373105,000852.SH,000852.SH:DEV_R1_A:56857:5758,2015-12-22T14:38:00+08:00,2015-02-05T14:59:00+08:00
R1_A,2015-12-23,56935,2015-01-15,1949,LONG,1,20,2015,0.677846865088,0.781122254578,0.298993311313,0.0866348245128,2.56494935746,1.34483618623,0.419391187729,0.125939672255,2.83321334406,1.43256341387,000852.SH,000852.SH:DEV_R1_A:56935:1949,2015-12-23T10:26:00+08:00,2015-01-15T10:00:00+08:00
R1_A,2015-12-24,57157,2015-02-27,8193,SHORT,-1,20,2015,0.442850838945,0.504863728213,0.105832844082,0.0393522633612,4.1743872699,1.41594598178,0.145880287567,0.079359112907,4.20469261939,1.39266746297,000852.SH,000852.SH:DEV_R1_A:57157:8193,2015-12-24T10:08:00+08:00,2015-02-27T10:04:00+08:00
R1_A,2015-12-24,57230,2015-06-04,24358,SHORT,-1,22,2015,0.853288360761,1.10356234399,0.588347053664,0.262136986301,3.295836866,0.876968748062,0.375496782356,0.266717397508,2.56494935746,0.877175755759,000852.SH,000852.SH:DEV_R1_A:57230:24358,2015-12-24T11:21:00+08:00,2015-06-04T11:29:00+08:00
R1_A,2015-12-28,57744,2015-12-28,57743,LONG,1,26,2015,0.97158570177,0.114026999367,0.303184482958,0.126165806378,2.8903717579,0.892836366247,0.303184482958,0.126165806378,2.83321334406,0.854022766635,000852.SH,000852.SH:DEV_R1_A:57744:57743,2015-12-28T13:25:00+08:00,2015-12-28T13:24:00+08:00
R1_A,2015-12-28,57758,2015-03-12,10480,LONG,1,27,2015,0.906003692704,1.90378269006,0.303184482958,0.126165806378,3.4657359028,1.55499459228,0.500528428874,0.183293921021,4.27666611902,1.03684033474,000852.SH,000852.SH:DEV_R1_A:57758:10480,2015-12-28T13:39:00+08:00,2015-03-12T13:41:00+08:00
R1_A,2015-12-28,57807,2015-01-14,1888,SHORT,-1,28,2015,0.838694298612,0.979653994807,0.174221587855,0.0731298111718,2.83321334406,1.33531485062,0.135855727282,0.0492137581003,1.94591014906,1.08279915829,000852.SH,000852.SH:DEV_R1_A:57807:1888,2015-12-28T14:28:00+08:00,2015-01-14T14:29:00+08:00
R1_A,2015-12-28,57833,2015-11-18,51105,SHORT,-1,29,2015,0.299671534955,0.528330808561,0.421773304932,0.209479288705,2.7080502011,1.0516220777,0.395835671518,0.180669635494,2.63905732962,0.911135018442,000852.SH,000852.SH:DEV_R1_A:57833:51105,2015-12-28T14:54:00+08:00,2015-11-18T14:46:00+08:00
R1_A,2015-12-29,57867,2015-02-11,6480,SHORT,-1,19,2015,0.494016293158,1.00349148052,0.421773304932,0.209479288705,3.89182029811,1.15583367785,0.53127417018,0.142677638333,4.12713438505,1.02891870999,000852.SH,000852.SH:DEV_R1_A:57867:6480,2015-12-29T09:58:00+08:00,2015-02-11T09:31:00+08:00
R1_A,2015-12-29,57912,2015-05-07,19513,SHORT,-1,21,2015,0.518832702571,0.27845870411,0.384468668969,0.181147471927,2.94443897917,0.697644455221,0.337443969286,0.196039420719,2.94443897917,0.690614122789,000852.SH,000852.SH:DEV_R1_A:57912:19513,2015-12-29T10:43:00+08:00,2015-05-07T10:44:00+08:00
R1_A,2015-12-30,58240,2015-12-30,58239,LONG,1,27,2015,0.620903682256,0.0718486988904,0.511062550548,0.226641344434,2.48490664979,1.01502594967,0.511062550548,0.226641344434,2.3978952728,1.00029830513,000852.SH,000852.SH:DEV_R1_A:58240:58239,2015-12-30T13:41:00+08:00,2015-12-30T13:40:00+08:00
R1_A,2015-12-31,58374,2015-02-04,5324,LONG,1,20,2015,0.484801915791,0.773284907608,0.536024788255,0.199585444934,4.77912349311,1.15747826505,0.428502086971,0.197723068166,5.64897423816,1.1586610804,000852.SH,000852.SH:DEV_R1_A:58374:5324,2015-12-31T10:25:00+08:00,2015-02-04T10:15:00+08:00
R1_A,2015-12-31,58453,2015-02-06,5886,LONG,1,26,2015,1.00583816622,0.965961489869,0.277693943921,0.103163249086,4.21950770518,1.37173917011,0.283570303738,0.0736608469907,5.06259503303,1.11942585477,000852.SH,000852.SH:DEV_R1_A:58453:5886,2015-12-31T13:14:00+08:00,2015-02-06T13:07:00+08:00
R1_A,2015-12-31,58513,2015-05-07,19631,SHORT,-1,28,2015,0.798247905764,0.57782685246,0.130226636988,0.048121867712,3.49650756147,0.91348141208,0.0893285722391,0.0424971327609,2.77258872224,0.831654039952,000852.SH,000852.SH:DEV_R1_A:58513:19631,2015-12-31T14:14:00+08:00,2015-05-07T14:12:00+08:00
R1_A,2016-01-04,58593,2016-08-01,92112,SHORT,-1,20,2016,0.294035347222,0.530623595075,0.248627430221,0.0909616620261,3.87120101091,1.80110607136,0.190377570733,0.0761994355597,4.11087386417,1.89953860461,000852.SH,000852.SH:DEV_R1_A:58593:92112,2016-01-04T10:04:00+08:00,2016-08-01T10:02:00+08:00
R1_A,2016-01-04,58614,2016-09-12,99310,SHORT,-1,20,2016,1.07584040656,4.199196799,0.72600155132,0.472785672146,1.79175946923,2.03368255024,0.59043568433,0.283925496948,2.07944154168,2.76678486613,000852.SH,000852.SH:DEV_R1_A:58614:99310,2016-01-04T10:25:00+08:00,2016-09-12T10:00:00+08:00
R1_A,2016-01-05,58713,2016-03-08,68101,SHORT,-1,19,2016,2.31306843425,2.83066579074,0.678157043521,0.510167854439,2.07944154168,2.64778189407,0.564268949106,0.384482500872,1.09861228867,2.21881648558,000852.SH,000852.SH:DEV_R1_A:58713:68101,2016-01-05T09:41:00+08:00,2016-03-08T09:51:00+08:00
R1_A,2016-01-05,58905,2016-07-12,88900,SHORT,-1,28,2016,1.03784444605,2.12557102396,0.442061614584,0.279564450159,1.79175946923,0.631082003544,0.564138739843,0.243196121282,4.2341065046,0.875625494687,000852.SH,000852.SH:DEV_R1_A:58905:88900,2016-01-05T14:23:00+08:00,2016-07-12T14:00:00+08:00
R1_A,2016-01-05,58931,2016-11-03,106949,LONG,1,29,2016,0.52403716294,0.939042148214,0.0651186105978,0.0459174351627,1.38629436112,0.552277900191,0.21063198207,0.0734107459162,1.38629436112,0.577846581906,000852.SH,000852.SH:DEV_R1_A:58931:106949,2016-01-05T14:49:00+08:00,2016-11-03T14:49:00+08:00
R1_A,2016-01-06,58964,2016-02-16,64501,LONG,1,19,2016,0.490692328088,4.55980346363,0.701569202575,0.49747347145,3.04452243772,1.21302479302,0.659656007228,0.286266193802,3.93182563272,1.94947955982,000852.SH,000852.SH:DEV_R1_A:58964:64501,2016-01-06T09:52:00+08:00,2016-02-16T09:51:00+08:00
R1_A,2016-01-06,59016,2016-05-13,79198,LONG,1,21,2016,1.57755954592,1.11309957373,0.522237982977,0.25113730699,3.52636052462,0.645201793816,0.563580089413,0.213646202283,4.66343909411,0.658097903439,000852.SH,000852.SH:DEV_R1_A:59016:79198,2016-01-06T10:44:00+08:00,2016-05-13T10:48:00+08:00
R1_A,2016-01-06,59125,2016-07-01,87238,LONG,1,28,2016,0.406870289294,0.186785379415,0.014265230298,0.0059646416822,4.44265125649,0.597201960359,0.0223243638122,0.00506121151095,4.27666611902,0.645413940059,000852.SH,000852.SH:DEV_R1_A:59125:87238,2016-01-06T14:03:00+08:00,2016-07-01T14:18:00+08:00
R1_A,2016-01-06,59173,2016-07-01,87261,LONG,1,29,2016,0.433361782303,0.338694869059,0.014265230298,0.0059646416822,4.89034912822,0.616828533854,0.0223243638122,0.00506121151095,4.5538768916,0.698959199866,000852.SH,000852.SH:DEV_R1_A:59173:87261,2016-01-06T14:51:00+08:00,2016-07-01T14:41:00+08:00
R1_A,2016-01-07,59187,2016-06-13,83685,LONG,1,19,2016,2.14952035488,0.39147569044,0.17159212696,0.0642470678207,1.38629436112,2.50208501081,0.177557909391,0.0535954618065,1.38629436112,2.62132412941,000852.SH,000852.SH:DEV_R1_A:59187:83685,2016-01-07T09:35:00+08:00,2016-06-13T09:35:00+08:00
R1_A,2016-01-08,59204,2016-03-08,68099,SHORT,-1,19,2016,2.34858274093,1.91078051527,0.48812738924,0.461552714471,0,2.64149121871,0.564268949106,0.384482500872,0,2.22711430146,000852.SH,000852.SH:DEV_R1_A:59204:68099,2016-01-08T09:34:00+08:00,2016-03-08T09:49:00+08:00
R1_A,2016-01-08,59226,2016-03-08,68099,SHORT,-1,19,2016,2.69652270257,1.00026251,0.388580115675,0.366376719352,0,2.24119896386,0.564268949106,0.384482500872,0,2.22711430146,000852.SH,000852.SH:DEV_R1_A:59226:68099,2016-01-08T09:56:00+08:00,2016-03-08T09:49:00+08:00
R1_A,2016-01-08,59237,2016-02-16,64510,LONG,1,20,2016,0.549034217087,3.3312139987,0.39394849756,0.397101449275,1.38629436112,1.64871642408,0.659656007228,0.286266193802,4.09434456222,1.96524428713,000852.SH,000852.SH:DEV_R1_A:59237:64510,2016-01-08T10:07:00+08:00,2016-02-16T10:00:00+08:00
R1_A,2016-01-08,59270,2016-02-16,64545,LONG,1,21,2016,0.960872282695,3.40689940002,0.442910393159,0.436869578869,2.56494935746,0.479920980773,0.659656007228,0.286266193802,4.5538768916,0.501161467647,000852.SH,000852.SH:DEV_R1_A:59270:64545,2016-01-08T10:40:00+08:00,2016-02-16T10:35:00+08:00
R1_A,2016-01-08,59338,2016-05-25,81173,LONG,1,26,2016,0.314020296717,0.253974084502,0.0418970686546,0.0274215370543,3.63758615973,0.280131186572,0.0516625094242,0.015220162793,3.76120011569,0.277420819574,000852.SH,000852.SH:DEV_R1_A:59338:81173,2016-01-08T13:18:00+08:00,2016-05-25T13:13:00+08:00
R1_A,2016-01-08,59378,2016-04-21,75675,LONG,1,27,2016,1.06775319731,0.650282843925,0.27811986605,0.149255612988,2.83321334406,0.357042513271,0.248424945974,0.126298115789,2.7080502011,0.516639083968,000852.SH,000852.SH:DEV_R1_A:59378:75675,2016-01-08T13:58:00+08:00,2016-04-21T13:35:00+08:00
R1_A,2016-01-11,59447,2016-03-08,68101,SHORT,-1,19,2016,0.868464798294,3.51722096773,0.674400994078,0.560641866768,1.38629436112,1.90005676261,0.564268949106,0.384482500872,1.09861228867,2.21881648558,000852.SH,000852.SH:DEV_R1_A:59447:68101,2016-01-11T09:37:00+08:00,2016-03-08T09:51:00+08:00
R1_A,2016-01-11,59564,2016-04-20,75418,SHORT,-1,26,2016,0.898629028892,3.53905962353,0.671476282632,0.470544031038,2.56494935746,0.835458500418,0.694072448203,0.417405461169,1.38629436112,2.0076098742,000852.SH,000852.SH:DEV_R1_A:59564:75418,2016-01-11T13:04:00+08:00,2016-04-20T13:18:00+08:00
R1_A,2016-01-11,59588,2016-07-12,88857,SHORT,-1,26,2016,0.37411630481,2.5369456848,0.522869581479,0.370966197453,2.30258509299,0.556837703093,0.564138739843,0.243196121282,3.25809653802,0.609093541049,000852.SH,000852.SH:DEV_R1_A:59588:88857,2016-01-11T13:28:00+08:00,2016-07-12T13:17:00+08:00
R1_A,2016-01-11,59609,2016-11-09,107838,SHORT,-1,27,2016,1.47716002796,0.857437827302,0.208541532593,0.116420727522,2.83321334406,0.692444760859,0.336183619023,0.102861697365,3.43398720449,0.734038926294,000852.SH,000852.SH:DEV_R1_A:59609:107838,2016-01-11T13:49:00+08:00,2016-11-09T13:38:00+08:00
R1_A,2016-01-11,59659,2016-01-28,62799,SHORT,-1,29,2016,0.421917726783,1.57404458979,0.278211074467,0.219917669411,2.94443897917,0.520688476933,0.298457987091,0.196964418256,2.07944154168,1.01080980806,000852.SH,000852.SH:DEV_R1_A:59659:62799,2016-01-11T14:39:00+08:00,2016-01-28T14:59:00+08:00
R1_A,2016-01-11,59674,2016-06-27,86299,SHORT,-1,29,2016,0.325029129058,1.35304077886,0.278211074467,0.219917669411,3.52636052462,0.500992718181,0.260200799767,0.215138742536,5.36597601502,0.441823773649,000852.SH,000852.SH:DEV_R1_A:59674:86299,2016-01-11T14:54:00+08:00,2016-06-27T14:39:00+08:00
R1_A,2016-01-12,59697,2016-03-08,68101,SHORT,-1,19,2016,1.66954290177,2.08606366964,0.725084320161,0.451554244993,1.60943791243,1.73218737468,0.564268949106,0.384482500872,1.09861228867,2.21881648558,000852.SH,000852.SH:DEV_R1_A:59697:68101,2016-01-12T09:47:00+08:00,2016-03-08T09:51:00+08:00
R1_A,2016-01-12,59760,2016-03-10,68624,SHORT,-1,21,2016,0.534201277014,1.88325887232,0.427774284793,0.339592320054,1.60943791243,0.93296370111,0.376537532963,0.259680148115,3.09104245336,0.971452588196,000852.SH,000852.SH:DEV_R1_A:59760:68624,2016-01-12T10:50:00+08:00,2016-03-10T10:34:00+08:00
R1_A,2016-01-12,59865,2016-03-07,68048,LONG,1,28,2016,0.906584964819,0.459886962995,0.240678746661,0.122521273007,1.79175946923,0.694376260007,0.309482314284,0.118796866491,1.79175946923,0.598885295952,000852.SH,000852.SH:DEV_R1_A:59865:68048,2016-01-12T14:05:00+08:00,2016-03-07T14:28:00+08:00
R1_A,2016-01-13,59996,2016-12-14,113753,LONG,1,21,2016,0.649038667213,0.810205201359,0.255110990865,0.151719271234,2.48490664979,0.604763886893,0.300675419792,0.150682112801,3.4657359028,0.71145694596,000852.SH,000852.SH:DEV_R1_A:59996:113753,2016-01-13T10:46:00+08:00,2016-12-14T10:43:00+08:00
R1_A,2016-01-13,60065,2016-07-12,88843,SHORT,-1,26,2016,0.93071842595,1.26377318302,0.41231562287,0.193419222162,2.30258509299,1.19993867425,0.564138739843,0.243196121282,2.48490664979,1.1393686992,000852.SH,000852.SH:DEV_R1_A:60065:88843,2016-01-13T13:25:00+08:00,2016-07-12T13:03:00+08:00
R1_A,2016-01-13,60137,2016-02-24,66138,SHORT,-1,29,2016,0.60165189748,2.60259255058,0.393723982109,0.32334020361,1.38629436112,1.44628571441,0.453228255829,0.238845408561,3.82864139649,1.09773661662,000852.SH,000852.SH:DEV_R1_A:60137:66138,2016-01-13T14:37:00+08:00,2016-02-24T14:38:00+08:00
R1_A,2016-01-13,60156,2016-02-24,66138,SHORT,-1,29,2016,0.48499059198,2.25687795501,0.464218081572,0.310574962261,2.3978952728,1.62235405859,0.453228255829,0.238845408561,3.82864139649,1.09773661662,000852.SH,000852.SH:DEV_R1_A:60156:66138,2016-01-13T14:56:00+08:00,2016-02-24T14:38:00+08:00
R1_A,2016-01-14,60165,2016-03-08,68101,SHORT,-1,19,2016,0.779367142519,3.61721964574,0.760258850905,0.563741937251,1.09861228867,2.44641237843,0.564268949106,0.384482500872,1.09861228867,2.21881648558,000852.SH,000852.SH:DEV_R1_A:60165:68101,2016-01-14T09:35:00+08:00,2016-03-08T09:51:00+08:00
R1_A,2016-01-14,60331,2016-02-16,64646,LONG,1,27,2016,0.789927930619,1.53899443205,0.518973528008,0.301647669191,1.38629436112,0.683877893026,0.722276389142,0.355828618322,1.38629436112,0.554571547508,000852.SH,000852.SH:DEV_R1_A:60331:64646,2016-01-14T13:51:00+08:00,2016-02-16T13:46:00+08:00
R1_A,2016-01-14,60371,2016-04-11,73823,LONG,1,29,2016,0.748812110133,0.584444302522,0.303820790456,0.200497293377,2.56494935746,0.512709246746,0.404314981909,0.200030837726,2.48490664979,0.432862354041,000852.SH,000852.SH:DEV_R1_A:60371:73823,2016-01-14T14:31:00+08:00,2016-04-11T14:43:00+08:00
R1_A,2016-01-15,60404,2016-05-03,77208,LONG,1,19,2016,1.00570247411,0.219496954758,0.0228885373114,0.0156236103288,0,1.35055148154,0.0515265227635,0.0228360620751,0,1.32281318278,000852.SH,000852.SH:DEV_R1_A:60404:77208,2016-01-15T09:34:00+08:00,2016-05-03T09:38:00+08:00
R1_A,2016-01-15,60449,2016-04-25,76046,LONG,1,20,2016,0.869875256318,0.163970806401,0.108422836023,0.0508505578928,1.60943791243,0.845606418104,0.104363717272,0.0460383261635,1.60943791243,0.797571435686,000852.SH,000852.SH:DEV_R1_A:60449:76046,2016-01-15T10:19:00+08:00,2016-04-25T10:16:00+08:00
R1_A,2016-01-15,60536,2016-06-08,83570,SHORT,-1,26,2016,0.460479726455,0.817994160621,0.0825315124814,0.0347604255245,2.99573227355,1.01354143167,0.13773675065,0.0304650472021,2.63905732962,0.758755342205,000852.SH,000852.SH:DEV_R1_A:60536:83570,2016-01-15T13:16:00+08:00,2016-06-08T13:10:00+08:00
R1_A,2016-01-15,60567,2016-07-12,88886,SHORT,-1,27,2016,1.12259059628,1.76526353104,0.366428509276,0.28001704606,2.77258872224,1.23770796766,0.564138739843,0.243196121282,4.00733318523,0.937135109015,000852.SH,000852.SH:DEV_R1_A:60567:88886,2016-01-15T13:47:00+08:00,2016-07-12T13:46:00+08:00
R1_A,2016-01-15,60612,2016-01-28,62796,SHORT,-1,29,2016,0.674082777924,1.03622690824,0.349474787739,0.249495944108,1.60943791243,1.05777794484,0.298457987091,0.196964418256,1.60943791243,1.03295112528,000852.SH,000852.SH:DEV_R1_A:60612:62796,2016-01-15T14:32:00+08:00,2016-01-28T14:56:00+08:00
R1_A,2016-01-18,60646,2016-03-08,68101,SHORT,-1,19,2016,0.683651911278,2.33887394743,0.493468244645,0.490924401198,1.09861228867,1.82033311341,0.564268949106,0.384482500872,1.09861228867,2.21881648558,000852.SH,000852.SH:DEV_R1_A:60646:68101,2016-01-18T09:36:00+08:00,2016-03-08T09:51:00+08:00
R1_A,2016-01-18,60667,2016-04-20,75309,LONG,1,19,2016,0.632444691932,0.696375272414,0.192359014602,0.150600879336,1.38629436112,2.00554022304,0.231751139895,0.14359056634,1.09861228867,1.78546918039,000852.SH,000852.SH:DEV_R1_A:60667:75309,2016-01-18T09:57:00+08:00,2016-04-20T09:59:00+08:00
R1_A,2016-01-18,60718,2016-03-17,69835,LONG,1,21,2016,0.348641151751,0.412344639968,0.133260813254,0.0869529918,3.09104245336,0.623406861344,0.191103641448,0.0784738928608,2.99573227355,0.698231614141,000852.SH,000852.SH:DEV_R1_A:60718:69835,2016-01-18T10:48:00+08:00,2016-03-17T10:45:00+08:00
R1_A,2016-01-18,60743,2016-10-18,103934,SHORT,-1,22,2016,0.934939216965,0.273799939301,0.163779973509,0.0773859194519,3.17805383035,0.460589724212,0.181061930581,0.0819914197346,2.8903717579,0.504538677519,000852.SH,000852.SH:DEV_R1_A:60743:103934,2016-01-18T11:13:00+08:00,2016-10-18T11:04:00+08:00
R1_A,2016-01-18,60814,2016-02-16,64653,LONG,1,27,2016,0.625581702875,1.09262603044,0.626282393839,0.406621322626,2.3978952728,0.556954692194,0.722276389142,0.355828618322,2.3978952728,0.545847028563,000852.SH,000852.SH:DEV_R1_A:60814:64653,2016-01-18T13:54:00+08:00,2016-02-16T13:53:00+08:00
R1_A,2016-01-19,60924,2016-09-14,99794,SHORT,-1,20,2016,0.932633288043,0.339616170665,0.0697364195179,0.0353880457455,3.17805383035,0.882533980485,0.06309888861,0.0196673897325,3.13549421593,0.937946962539,000852.SH,000852.SH:DEV_R1_A:60924:99794,2016-01-19T10:14:00+08:00,2016-09-14T10:04:00+08:00
R1_A,2016-01-19,61057,2016-09-06,98496,LONG,1,27,2016,0.469311004095,0.0636247604573,0.047363756838,0.0218307703177,4.48863636973,0.808781526141,0.056108212767,0.0214261960188,4.54329478227,0.814207733659,000852.SH,000852.SH:DEV_R1_A:61057:98496,2016-01-19T13:57:00+08:00,2016-09-06T13:56:00+08:00
R1_A,2016-01-19,61095,2016-09-06,98538,LONG,1,29,2016,0.35153969898,0.0814412629498,0.047363756838,0.0218307703177,4.84418708646,0.716664486967,0.056108212767,0.0214261960188,4.91265488574,0.732314035922,000852.SH,000852.SH:DEV_R1_A:61095:98538,2016-01-19T14:35:00+08:00,2016-09-06T14:38:00+08:00
R1_A,2016-01-20,61124,2016-08-29,96882,LONG,1,19,2016,0.81155414233,2.15294960172,0.590806544948,0.240574225802,1.09861228867,1.62783211418,0.415877074179,0.181807029381,3.25809653802,1.54302756121,000852.SH,000852.SH:DEV_R1_A:61124:96882,2016-01-20T09:34:00+08:00,2016-08-29T09:32:00+08:00
R1_A,2016-01-20,61189,2016-12-14,113740,LONG,1,21,2016,0.792247550812,0.408961951009,0.264529766421,0.14821168755,2.7080502011,0.812509667674,0.300675419792,0.150682112801,2.94443897917,0.924536098004,000852.SH,000852.SH:DEV_R1_A:61189:113740,2016-01-20T10:39:00+08:00,2016-12-14T10:30:00+08:00
R1_A,2016-01-20,61271,2016-07-28,91755,SHORT,-1,27,2016,0.788538493236,1.20751441086,0.327205044766,0.249590997965,2.3978952728,1.0600941914,0.400877108682,0.204006584247,2.56494935746,0.797621461635,000852.SH,000852.SH:DEV_R1_A:61271:91755,2016-01-20T13:31:00+08:00,2016-07-28T13:35:00+08:00
R1_A,2016-01-20,61329,2016-02-02,63483,LONG,1,28,2016,0.883995219856,0.816964520245,0.235445863735,0.163550466429,2.8903717579,0.823283617533,0.349096203126,0.149782652881,2.30258509299,0.744822466161,000852.SH,000852.SH:DEV_R1_A:61329:63483,2016-01-20T14:29:00+08:00,2016-02-02T14:23:00+08:00
R1_A,2016-01-21,61382,2016-04-22,75782,SHORT,-1,19,2016,0.989083433229,0.820388165546,0.373633412406,0.271574338001,2.56494935746,2.14147436407,0.484569631402,0.301356906399,2.56494935746,2.1579781242,000852.SH,000852.SH:DEV_R1_A:61382:75782,2016-01-21T09:52:00+08:00,2016-04-22T09:52:00+08:00
R1_A,2016-01-21,61534,2016-06-30,86973,SHORT,-1,27,2016,0.62849844881,1.15362185552,0.151103333329,0.0722278738555,1.60943791243,0.967752966486,0.0882132278588,0.0177177810588,1.60943791243,0.830757747419,000852.SH,000852.SH:DEV_R1_A:61534:86973,2016-01-21T13:54:00+08:00,2016-06-30T13:53:00+08:00
R1_A,2016-01-21,61557,2016-03-16,69709,SHORT,-1,28,2016,0.740846534396,0.545093777686,0.112568659372,0.0959183673469,1.94591014906,0.747556330005,0.207620365799,0.0876189850262,1.79175946923,0.731808689578,000852.SH,000852.SH:DEV_R1_A:61557:69709,2016-01-21T14:17:00+08:00,2016-03-16T14:09:00+08:00
R1_A,2016-01-21,61582,2016-04-21,75743,SHORT,-1,29,2016,0.362580119846,0.329396971982,0.0311930085489,0.0294422898345,3.09104245336,0.675433282607,0.0625302845573,0.0442503960797,3.04452243772,0.681612405463,000852.SH,000852.SH:DEV_R1_A:61582:75743,2016-01-21T14:42:00+08:00,2016-04-21T14:43:00+08:00
R1_A,2016-01-21,61594,2016-04-21,75747,SHORT,-1,29,2016,0.348593463746,0.396188308443,0.0311930085489,0.0294422898345,3.52636052462,0.940889460838,0.0625302845573,0.0442503960797,3.21887582487,0.942126815372,000852.SH,000852.SH:DEV_R1_A:61594:75747,2016-01-21T14:54:00+08:00,2016-04-21T14:47:00+08:00
R1_A,2016-01-22,61603,2016-03-08,68100,SHORT,-1,19,2016,1.28326051122,0.812040656106,0.55999982952,0.347466114709,0.69314718056,2.09258127249,0.564268949106,0.384482500872,0.69314718056,2.23773751125,000852.SH,000852.SH:DEV_R1_A:61603:68100,2016-01-22T09:33:00+08:00,2016-03-08T09:50:00+08:00
R1_A,2016-01-22,61633,2016-03-10,68619,SHORT,-1,20,2016,0.339614712211,0.797040829274,0.345219417634,0.23238514731,3.40119738166,0.999522790041,0.376537532963,0.259680148115,2.83321334406,1.14621316979,000852.SH,000852.SH:DEV_R1_A:61633:68619,2016-01-22T10:03:00+08:00,2016-03-10T10:29:00+08:00
R1_A,2016-01-22,61657,2016-11-29,111099,SHORT,-1,20,2016,1.10870268306,0.579355854265,0.13550479805,0.0740558096825,2.94443897917,0.782473799813,0.184036102751,0.0622838518676,2.30258509299,0.770649121022,000852.SH,000852.SH:DEV_R1_A:61657:111099,2016-01-22T10:27:00+08:00,2016-11-29T10:29:00+08:00
R1_A,2016-01-22,61755,2016-03-16,69695,SHORT,-1,27,2016,1.96049450662,0.712862670807,0.320412242918,0.177542882461,3.78418963392,0.597470249408,0.421706535296,0.164949706011,3.55534806149,0.726600429606,000852.SH,000852.SH:DEV_R1_A:61755:69695,2016-01-22T13:35:00+08:00,2016-03-16T13:55:00+08:00
R1_A,2016-01-22,61816,2016-11-03,106959,LONG,1,29,2016,0.864909702899,0.374580548168,0.158800274332,0.0769217586523,2.8903717579,0.652271179802,0.21063198207,0.0734107459162,2.63905732962,0.594788840697,000852.SH,000852.SH:DEV_R1_A:61816:106959,2016-01-22T14:36:00+08:00,2016-11-03T14:59:00+08:00
R1_A,2016-01-25,61861,2016-02-16,64503,LONG,1,19,2016,0.493018445252,1.39609906394,0.543864756248,0.249539035674,3.80666248977,1.57761983106,0.659656007228,0.286266193802,3.97029191355,1.94659745113,000852.SH,000852.SH:DEV_R1_A:61861:64503,2016-01-25T09:51:00+08:00,2016-02-16T09:53:00+08:00
R1_A,2016-01-25,61907,2016-06-21,85198,LONG,1,21,2016,0.510146039775,0.361407501557,0.353746420381,0.126823209322,2.30258509299,0.53965772364,0.338486973682,0.11127092179,2.56494935746,0.531952560621,000852.SH,000852.SH:DEV_R1_A:61907:85198,2016-01-25T10:37:00+08:00,2016-06-21T10:48:00+08:00
R1_A,2016-01-25,62008,2016-04-21,75692,LONG,1,27,2016,0.926307083845,0.152657701979,0.243109019315,0.133528822772,3.49650756147,0.564616715446,0.248424945974,0.126298115789,3.4657359028,0.584682669943,000852.SH,000852.SH:DEV_R1_A:62008:75692,2016-01-25T13:48:00+08:00,2016-04-21T13:52:00+08:00
R1_A,2016-01-26,62114,2016-03-10,68611,SHORT,-1,20,2016,0.500705100948,1.5635380802,0.315471874136,0.181221198157,1.94591014906,1.08903900263,0.376537532963,0.259680148115,2.19722457734,1.19388544104,000852.SH,000852.SH:DEV_R1_A:62114:68611,2016-01-26T10:04:00+08:00,2016-03-10T10:21:00+08:00
R1_A,2016-01-26,62222,2016-05-11,78766,SHORT,-1,26,2016,0.471426036651,1.17566604179,0.288151047977,0.114262290882,3.4657359028,1.05123268231,0.184210624041,0.129212515078,3.91202300543,0.714448843641,000852.SH,000852.SH:DEV_R1_A:62222:78766,2016-01-26T13:22:00+08:00,2016-05-11T13:06:00+08:00
R1_A,2016-01-26,62238,2016-05-18,80009,SHORT,-1,27,2016,0.616725364787,0.597230714122,0.392084736101,0.155672169546,2.3978952728,0.916654770028,0.409775455943,0.175261964524,2.30258509299,0.755003592428,000852.SH,000852.SH:DEV_R1_A:62238:80009,2016-01-26T13:38:00+08:00,2016-05-18T13:49:00+08:00
R1_A,2016-01-26,62270,2016-07-12,88900,SHORT,-1,28,2016,0.840562226291,1.64771524342,0.388214695411,0.28163429877,2.77258872224,1.02385593106,0.564138739843,0.243196121282,4.2341065046,0.875625494687,000852.SH,000852.SH:DEV_R1_A:62270:88900,2016-01-26T14:10:00+08:00,2016-07-12T14:00:00+08:00
R1_A,2016-01-26,62296,2016-02-24,66130,SHORT,-1,29,2016,0.530856903548,2.25314537896,0.457492145357,0.336397017413,1.94591014906,1.10666570145,0.453228255829,0.238845408561,3.63758615973,0.974929220561,000852.SH,000852.SH:DEV_R1_A:62296:66130,2016-01-26T14:36:00+08:00,2016-02-24T14:30:00+08:00
R1_A,2016-01-26,62314,2016-07-12,88930,SHORT,-1,29,2016,0.411893836043,5.18361949046,0.618678994717,0.507142265079,2.83321334406,0.980806797466,0.564138739843,0.243196121282,4.59511985013,0.913362434852,000852.SH,000852.SH:DEV_R1_A:62314:88930,2016-01-26T14:54:00+08:00,2016-07-12T14:30:00+08:00
R1_A,2016-01-27,62337,2016-03-08,68101,SHORT,-1,19,2016,1.26867848829,1.76880569921,0.505355524635,0.372961843722,2.19722457734,1.6716127739,0.564268949106,0.384482500872,1.09861228867,2.21881648558,000852.SH,000852.SH:DEV_R1_A:62337:68101,2016-01-27T09:47:00+08:00,2016-03-08T09:51:00+08:00
R1_A,2016-01-27,62356,2016-03-10,68607,SHORT,-1,20,2016,0.552147943163,0.88738097842,0.318842727185,0.277532425271,1.38629436112,1.50126337012,0.376537532963,0.259680148115,1.60943791243,1.23593457713,000852.SH,000852.SH:DEV_R1_A:62356:68607,2016-01-27T10:06:00+08:00,2016-03-10T10:17:00+08:00
R1_A,2016-01-27,62372,2016-03-10,68609,SHORT,-1,20,2016,1.39278930212,3.11918056634,0.422286517814,0.42002193326,2.30258509299,1.44813437736,0.376537532963,0.259680148115,1.94591014906,1.24112313234,000852.SH,000852.SH:DEV_R1_A:62372:68609,2016-01-27T10:22:00+08:00,2016-03-10T10:19:00+08:00
R1_A,2016-01-27,62390,2016-03-10,68624,SHORT,-1,21,2016,0.741874210057,3.06051699655,0.422286517814,0.42002193326,3.33220451018,1.00630233775,0.376537532963,0.259680148115,3.09104245336,0.971452588196,000852.SH,000852.SH:DEV_R1_A:62390:68624,2016-01-27T10:40:00+08:00,2016-03-10T10:34:00+08:00
R1_A,2016-01-27,62432,2016-04-25,76090,SHORT,-1,22,2016,0.57058362174,3.28740818627,0.440813427125,0.366745482182,1.94591014906,0.750207116188,0.375771903235,0.20140629953,3.09104245336,0.884329023913,000852.SH,000852.SH:DEV_R1_A:62432:76090,2016-01-27T11:22:00+08:00,2016-04-25T11:00:00+08:00
R1_A,2016-01-27,62463,2016-04-20,75418,SHORT,-1,26,2016,1.5447464676,3.36084331694,0.617028105775,0.533285993254,2.3978952728,1.15104554505,0.694072448203,0.417405461169,1.38629436112,2.0076098742,000852.SH,000852.SH:DEV_R1_A:62463:75418,2016-01-27T13:23:00+08:00,2016-04-20T13:18:00+08:00
R1_A,2016-01-27,62507,2016-02-02,63483,LONG,1,28,2016,0.815815016671,1.02056454432,0.205635179411,0.175971077854,1.79175946923,0.838924480881,0.349096203126,0.149782652881,2.30258509299,0.744822466161,000852.SH,000852.SH:DEV_R1_A:62507:63483,2016-01-27T14:07:00+08:00,2016-02-02T14:23:00+08:00
R1_A,2016-01-27,62537,2016-06-15,84380,LONG,1,29,2016,0.636920088472,2.33004633853,0.475995347799,0.364662588891,1.38629436112,1.27989970217,0.630368944779,0.362339483718,1.60943791243,0.503478049564,000852.SH,000852.SH:DEV_R1_A:62537:84380,2016-01-27T14:37:00+08:00,2016-06-15T14:40:00+08:00
R1_A,2016-01-29,62804,2016-01-29,62803,SHORT,-1,19,2016,0.537033283462,0.0602880506661,0.298457987091,0.196964418256,2.56494935746,1.22328530665,0.298457987091,0.196964418256,2.48490664979,1.22897820273,000852.SH,000852.SH:DEV_R1_A:62804:62803,2016-01-29T09:34:00+08:00,2016-01-29T09:33:00+08:00
R1_A,2016-01-29,62922,2016-05-13,79241,LONG,1,26,2016,0.661384444056,1.10469876468,0.393995356407,0.221332357454,2.83321334406,0.56416561253,0.389159904365,0.171406850036,3.61091791264,0.547781489173,000852.SH,000852.SH:DEV_R1_A:62922:79241,2016-01-29T13:02:00+08:00,2016-05-13T13:01:00+08:00
R1_A,2016-01-29,62967,2016-02-16,64630,LONG,1,27,2016,0.391545371501,1.23634198585,0.615047127833,0.288693803746,3.52636052462,0.591300254438,0.659656007228,0.286266193802,5.19295685089,0.56887418955,000852.SH,000852.SH:DEV_R1_A:62967:64630,2016-01-29T13:47:00+08:00,2016-02-16T13:30:00+08:00
R1_A,2016-01-29,62996,2016-11-11,108340,LONG,1,28,2016,0.433825158974,1.83827438782,0.615047127833,0.288693803746,4.14313472639,0.604693061501,0.391111756494,0.283574790635,6.03787091992,0.529419793353,000852.SH,000852.SH:DEV_R1_A:62996:108340,2016-01-29T14:16:00+08:00,2016-11-11T14:00:00+08:00
R1_A,2016-01-29,63017,2016-04-13,74319,LONG,1,29,2016,0.294631711132,1.33491279356,0.615047127833,0.288693803746,4.43081679884,0.726446966818,0.523159864601,0.258747310053,2.94443897917,0.64498651227,000852.SH,000852.SH:DEV_R1_A:63017:74319,2016-01-29T14:37:00+08:00,2016-04-13T14:59:00+08:00
R1_A,2016-02-01,63044,2016-09-09,99069,LONG,1,19,2016,1.16695737528,0.727607112924,0.511116345238,0.198118095131,2.48490664979,1.12725424916,0.553259441702,0.165574395783,2.56494935746,1.01792405865,000852.SH,000852.SH:DEV_R1_A:63044:99069,2016-02-01T09:34:00+08:00,2016-09-09T09:59:00+08:00
R1_A,2016-02-01,63241,2016-08-12,94442,SHORT,-1,28,2016,0.440443582457,0.941308872914,0.199316802586,0.0851283487025,3.13549421593,1.04698113569,0.32170998509,0.0829505070642,2.30258509299,0.939303189401,000852.SH,000852.SH:DEV_R1_A:63241:94442,2016-02-01T14:21:00+08:00,2016-08-12T14:22:00+08:00
R1_A,2016-02-02,63484,2016-02-02,63483,LONG,1,28,2016,0.715036939852,0.181872193899,0.349096203126,0.149782652881,2.3978952728,0.804920105976,0.349096203126,0.149782652881,2.30258509299,0.744822466161,000852.SH,000852.SH:DEV_R1_A:63484:63483,2016-02-02T14:24:00+08:00,2016-02-02T14:23:00+08:00
R1_A,2016-02-04,63900,2016-02-04,63899,LONG,1,26,2016,0.778249808015,0.0219577393902,0.559198569486,0.261397841568,3.66356164613,0.554382876028,0.559198569486,0.261397841568,3.63758615973,0.550370201574,000852.SH,000852.SH:DEV_R1_A:63900:63899,2016-02-04T13:20:00+08:00,2016-02-04T13:19:00+08:00
R1_A,2016-02-04,63992,2016-04-21,75743,SHORT,-1,29,2016,0.905598528315,0.539708771501,0.0829696469015,0.0628788278079,3.58351893846,0.692793614928,0.0625302845573,0.0442503960797,3.04452243772,0.681612405463,000852.SH,000852.SH:DEV_R1_A:63992:75743,2016-02-04T14:52:00+08:00,2016-04-21T14:43:00+08:00
R1_A,2016-02-05,64033,2016-04-15,74601,LONG,1,20,2016,0.546130734047,0.37109443645,0.180777378221,0.0781967065599,2.30258509299,1.3684134101,0.224119406134,0.0635480921685,2.3978952728,1.35256589676,000852.SH,000852.SH:DEV_R1_A:64033:74601,2016-02-05T10:03:00+08:00,2016-04-15T10:11:00+08:00
R1_A,2016-02-05,64088,2016-07-22,90703,LONG,1,21,2016,0.912010276328,0.603217889616,0.180777378221,0.0781967065599,4.1743872699,1.19762000947,0.118358567974,0.0520502419237,4.24849524205,1.21839769713,000852.SH,000852.SH:DEV_R1_A:64088:90703,2016-02-05T10:58:00+08:00,2016-07-22T10:33:00+08:00
R1_A,2016-02-05,64225,2016-04-12,74065,SHORT,-1,29,2016,0.56567713769,0.621883115052,0.107991453531,0.0430869861059,2.19722457734,1.14290683843,0.140236923175,0.0686875379604,2.30258509299,1.26407727945,000852.SH,000852.SH:DEV_R1_A:64225:74065,2016-02-05T14:45:00+08:00,2016-04-12T14:45:00+08:00
R1_A,2016-02-15,64257,2016-03-08,68101,SHORT,-1,19,2016,0.769011570863,4.26347336412,0.706412022061,0.590156077434,2.19722457734,2.68697480007,0.564268949106,0.384482500872,1.09861228867,2.21881648558,000852.SH,000852.SH:DEV_R1_A:64257:68101,2016-02-15T09:47:00+08:00,2016-03-08T09:51:00+08:00
R1_A,2016-02-16,64654,2016-02-16,64653,LONG,1,27,2016,0.501109458747,0.0679686587172,0.722276389142,0.355828618322,2.48490664979,0.55477762925,0.722276389142,0.355828618322,2.3978952728,0.545847028563,000852.SH,000852.SH:DEV_R1_A:64654:64653,2016-02-16T13:54:00+08:00,2016-02-16T13:53:00+08:00
R1_A,2016-02-16,64693,2016-06-15,84395,LONG,1,29,2016,0.310957589611,0.754902033417,0.755440321771,0.360717049265,3.09104245336,0.563577133687,0.630368944779,0.362339483718,2.99573227355,0.440955706804,000852.SH,000852.SH:DEV_R1_A:64693:84395,2016-02-16T14:33:00+08:00,2016-06-15T14:55:00+08:00
R1_A,2016-02-17,64763,2016-06-28,86368,LONG,1,20,2016,0.590090783199,0.528150887568,0.441677409819,0.185709808837,2.07944154168,1.35599771726,0.436814398518,0.17753254103,2.19722457734,1.17845592014,000852.SH,000852.SH:DEV_R1_A:64763:86368,2016-02-17T10:13:00+08:00,2016-06-28T10:18:00+08:00
R1_A,2016-02-17,64935,2016-07-19,90152,LONG,1,29,2016,0.404525077697,0.0706485197317,0.0189812438858,0.006219716735,4.29045944115,0.935132632481,0.0124099797903,0.00350232378517,4.33073334029,0.940685497368,000852.SH,000852.SH:DEV_R1_A:64935:90152,2016-02-17T14:35:00+08:00,2016-07-19T14:52:00+08:00
R1_A,2016-02-18,64978,2016-09-20,100267,LONG,1,19,2016,0.436531852938,0.919969579953,0.0189812438858,0.006219716735,4.75359019111,1.98051517649,0.0708947914701,0.0306244940119,5.58349630878,1.82421424875,000852.SH,000852.SH:DEV_R1_A:64978:100267,2016-02-18T09:48:00+08:00,2016-09-20T09:57:00+08:00
R1_A,2016-02-18,65025,2016-11-17,109182,LONG,1,21,2016,0.927230037646,0.663077905689,0.317841296347,0.110671207368,3.40119738166,0.946570204861,0.350501970901,0.088181581007,4.02535169074,0.894353137471,000852.SH,000852.SH:DEV_R1_A:65025:109182,2016-02-18T10:35:00+08:00,2016-11-17T10:32:00+08:00
R1_A,2016-02-19,65410,2016-10-19,104319,LONG,1,29,2016,0.851441378533,1.08219258628,0.208145038376,0.118645584058,3.04452243772,0.922420708268,0.162535329796,0.0677520671752,2.63905732962,1.03046662254,000852.SH,000852.SH:DEV_R1_A:65410:104319,2016-02-19T14:30:00+08:00,2016-10-19T14:59:00+08:00
R1_A,2016-02-22,65471,2016-03-16,69551,LONG,1,20,2016,0.558744854028,1.72296350167,0.253216404693,0.182342784442,3.09104245336,2.42924503492,0.165690650113,0.110212748581,3.09104245336,2.09503734329,000852.SH,000852.SH:DEV_R1_A:65471:69551,2016-02-22T10:01:00+08:00,2016-03-16T10:01:00+08:00
R1_A,2016-02-22,65647,2016-04-29,77150,LONG,1,28,2016,0.630946647167,0.55045563328,0.199886958393,0.0615674124199,3.09104245336,0.380780773934,0.143137782272,0.0623530055243,2.94443897917,0.540405583978,000852.SH,000852.SH:DEV_R1_A:65647:77150,2016-02-22T14:27:00+08:00,2016-04-29T14:10:00+08:00
R1_A,2016-02-23,65718,2016-03-17,69790,LONG,1,20,2016,0.500572397971,0.87367523146,0.19549873369,0.108283342423,2.30258509299,1.61606769426,0.216755469492,0.100660222092,3.36729582999,1.74553782998,000852.SH,000852.SH:DEV_R1_A:65718:69790,2016-02-23T10:08:00+08:00,2016-03-17T10:00:00+08:00
R1_A,2016-02-23,65820,2016-12-07,112629,LONG,1,26,2016,0.752519124127,0.576888856554,0.19549873369,0.108283342423,4.7184988713,1.1068013635,0.253615908688,0.103138812232,4.07753744391,1.14268582329,000852.SH,000852.SH:DEV_R1_A:65820:112629,2016-02-23T13:20:00+08:00,2016-12-07T13:29:00+08:00
R1_A,2016-02-23,65889,2016-08-12,94441,SHORT,-1,28,2016,0.566262845304,1.41838288376,0.30598410445,0.0969576692514,2.30258509299,1.45610970764,0.32170998509,0.0829505070642,2.19722457734,0.95990482502,000852.SH,000852.SH:DEV_R1_A:65889:94441,2016-02-23T14:29:00+08:00,2016-08-12T14:21:00+08:00
R1_A,2016-02-25,66178,2016-02-25,66177,LONG,1,19,2016,0.934577937591,0.0725594954811,0.141044787104,0.065639262027,2.48490664979,1.44022075295,0.141044787104,0.065639262027,2.3978952728,1.42748743798,000852.SH,000852.SH:DEV_R1_A:66178:66177,2016-02-25T09:48:00+08:00,2016-02-25T09:47:00+08:00
R1_A,2016-02-25,66229,2016-07-22,90703,LONG,1,21,2016,1.12793351678,0.302542480241,0.141044787104,0.065639262027,4.14313472639,1.1946203563,0.118358567974,0.0520502419237,4.24849524205,1.21839769713,000852.SH,000852.SH:DEV_R1_A:66229:90703,2016-02-25T10:39:00+08:00,2016-07-22T10:33:00+08:00
R1_A,2016-02-25,66309,2016-04-20,75418,SHORT,-1,26,2016,0.889935463078,2.29215921674,0.696111250356,0.465565173438,2.3978952728,1.30391529784,0.694072448203,0.417405461169,1.38629436112,2.0076098742,000852.SH,000852.SH:DEV_R1_A:66309:75418,2016-02-25T13:29:00+08:00,2016-04-20T13:18:00+08:00
R1_A,2016-02-26,66404,2016-04-22,75770,SHORT,-1,19,2016,1.18613283451,1.61041071702,0.425088461867,0.291136125977,0,1.61504653103,0.484569631402,0.301356906399,0,2.17492853551,000852.SH,000852.SH:DEV_R1_A:66404:75770,2016-02-26T09:34:00+08:00,2016-04-22T09:40:00+08:00
R1_A,2016-02-26,66436,2016-07-04,87312,SHORT,-1,20,2016,1.09120393057,0.888281222836,0.203069808508,0.150790240176,2.7080502011,1.26358543538,0.187379994379,0.109938434477,3.21887582487,1.18966929578,000852.SH,000852.SH:DEV_R1_A:66436:87312,2016-02-26T10:06:00+08:00,2016-07-04T10:02:00+08:00
R1_A,2016-02-26,66554,2016-07-12,88885,SHORT,-1,27,2016,0.438736676301,1.50889063843,0.436390132716,0.304026521169,3.04452243772,0.957923916764,0.564138739843,0.243196121282,3.98898404656,0.928942270319,000852.SH,000852.SH:DEV_R1_A:66554:88885,2016-02-26T13:34:00+08:00,2016-07-12T13:45:00+08:00
R1_A,2016-02-26,66620,2016-11-03,106958,LONG,1,29,2016,0.629741504548,0.509137676119,0.134439747718,0.0762660460741,2.30258509299,0.67441214894,0.21063198207,0.0734107459162,2.56494935746,0.591142756643,000852.SH,000852.SH:DEV_R1_A:66620:106958,2016-02-26T14:40:00+08:00,2016-11-03T14:58:00+08:00
R1_A,2016-02-29,66665,2016-03-08,68101,SHORT,-1,19,2016,0.625735894073,5.41326875966,0.799035095877,0.659096921513,1.38629436112,1.96491981337,0.564268949106,0.384482500872,1.09861228867,2.21881648558,000852.SH,000852.SH:DEV_R1_A:66665:68101,2016-02-29T09:55:00+08:00,2016-03-08T09:51:00+08:00
R1_A,2016-02-29,66686,2016-03-10,68610,SHORT,-1,20,2016,1.28644806206,1.82939167077,0.347447469748,0.345448798989,2.56494935746,1.48826173552,0.376537532963,0.259680148115,2.07944154168,1.22406400985,000852.SH,000852.SH:DEV_R1_A:66686:68610,2016-02-29T10:16:00+08:00,2016-03-10T10:20:00+08:00
R1_A,2016-02-29,66775,2016-05-13,79246,LONG,1,26,2016,1.24041784285,0.863013959796,0.272279502147,0.160182777511,2.99573227355,0.386177153371,0.389159904365,0.171406850036,3.73766961828,0.435526723995,000852.SH,000852.SH:DEV_R1_A:66775:79246,2016-02-29T13:15:00+08:00,2016-05-13T13:06:00+08:00
R1_A,2016-02-29,66825,2016-03-16,69711,SHORT,-1,28,2016,0.741182789783,0.324488633293,0.155891507672,0.09158833865,2.19722457734,0.563457567476,0.207620365799,0.0876189850262,2.07944154168,0.608565476347,000852.SH,000852.SH:DEV_R1_A:66825:69711,2016-02-29T14:05:00+08:00,2016-03-16T14:11:00+08:00
R1_A,2016-02-29,66867,2016-04-21,75730,SHORT,-1,29,2016,0.720494720832,0.458542232981,0.0815919179111,0.0591373126092,2.19722457734,0.526420947599,0.0625302845573,0.0442503960797,2.07944154168,0.646379348317,000852.SH,000852.SH:DEV_R1_A:66867:75730,2016-02-29T14:47:00+08:00,2016-04-21T14:30:00+08:00
R1_A,2016-03-01,66902,2016-02-25,66171,LONG,1,19,2016,0.711494725264,0.391371260979,0.0691907421885,0.0652835107539,1.60943791243,1.33344234872,0.141044787104,0.065639262027,1.60943791243,1.30624200659,000852.SH,000852.SH:DEV_R1_A:66902:66171,2016-03-01T09:52:00+08:00,2016-02-25T09:41:00+08:00
R1_A,2016-03-01,66943,2016-05-13,79209,LONG,1,21,2016,0.645765411761,0.983556288754,0.225662948259,0.17130126248,1.60943791243,0.875398694195,0.389159904365,0.171406850036,1.60943791243,0.713772214258,000852.SH,000852.SH:DEV_R1_A:66943:79209,2016-03-01T10:33:00+08:00,2016-05-13T10:59:00+08:00
R1_A,2016-03-01,66978,2016-02-19,65319,LONG,1,22,2016,1.07713542761,0.92166775714,0.225662948259,0.17130126248,3.68887945411,0.904565533506,0.180030859222,0.131067522372,3.13549421593,0.980354712329,000852.SH,000852.SH:DEV_R1_A:66978:65319,2016-03-01T11:08:00+08:00,2016-02-19T11:29:00+08:00
R1_A,2016-03-02,67125,2016-04-14,74321,LONG,1,19,2016,0.749793857323,0.762373738316,0.452928135793,0.285515512379,3.09104245336,0.728348937803,0.523159864601,0.258747310053,3.04452243772,0.576300388929,000852.SH,000852.SH:DEV_R1_A:67125:74321,2016-03-02T09:35:00+08:00,2016-04-14T09:31:00+08:00
R1_A,2016-03-02,67157,2016-02-16,64512,LONG,1,20,2016,0.348657596495,2.26025237786,0.656589209353,0.397620241877,3.04452243772,0.998897470008,0.659656007228,0.286266193802,4.12713438505,0.947634205194,000852.SH,000852.SH:DEV_R1_A:67157:64512,2016-03-02T10:07:00+08:00,2016-02-16T10:02:00+08:00
R1_A,2016-03-02,67197,2016-04-25,76060,LONG,1,21,2016,0.63027102594,0.521736885746,0.12700994687,0.0516228605653,2.30258509299,0.631032026664,0.104363717272,0.0460383261635,2.94443897917,0.570245685104,000852.SH,000852.SH:DEV_R1_A:67197:76060,2016-03-02T10:47:00+08:00,2016-04-25T10:30:00+08:00
R1_A,2016-03-02,67322,2016-11-11,108349,LONG,1,28,2016,0.610111187858,3.58640846506,0.667168187068,0.388205233634,2.48490664979,1.05504325835,0.391111756494,0.283574790635,6.05912319558,1.06211857439,000852.SH,000852.SH:DEV_R1_A:67322:108349,2016-03-02T14:22:00+08:00,2016-11-11T14:09:00+08:00
R1_A,2016-03-03,67387,2016-02-16,64503,LONG,1,19,2016,0.437290171683,2.80794395294,0.676127848333,0.413070669168,4.1743872699,1.43382204712,0.659656007228,0.286266193802,3.97029191355,1.94659745113,000852.SH,000852.SH:DEV_R1_A:67387:64503,2016-03-03T09:57:00+08:00,2016-02-16T09:53:00+08:00
R1_A,2016-03-03,67415,2016-05-17,79645,LONG,1,20,2016,0.528199121718,0.610317701257,0.468913370362,0.207769085514,1.79175946923,0.986023026041,0.468454642932,0.186720781588,1.79175946923,1.15086472355,000852.SH,000852.SH:DEV_R1_A:67415:79645,2016-03-03T10:25:00+08:00,2016-05-17T10:15:00+08:00
R1_A,2016-03-03,67458,2016-07-05,87636,LONG,1,22,2016,1.06322070221,0.91957875689,0.381594522009,0.268759978712,2.8903717579,1.06958617428,0.494891650917,0.238347152744,2.7080502011,1.1976327117,000852.SH,000852.SH:DEV_R1_A:67458:87636,2016-03-03T11:08:00+08:00,2016-07-05T11:26:00+08:00
R1_A,2016-03-03,67576,2016-07-01,87269,SHORT,-1,29,2016,0.678913148272,0.441596262656,0.017148171555,0.00933978835526,1.94591014906,1.18308114637,0.0592298548338,0.0159753774,1.79175946923,1.06134046809,000852.SH,000852.SH:DEV_R1_A:67576:87269,2016-03-03T14:36:00+08:00,2016-07-01T14:49:00+08:00
R1_A,2016-03-04,67615,2016-01-29,62802,SHORT,-1,19,2016,0.61250419408,1.0647836023,0.342439794607,0.23028119129,1.79175946923,1.47616474438,0.298457987091,0.196964418256,2.3978952728,1.22740718577,000852.SH,000852.SH:DEV_R1_A:67615:62802,2016-03-04T09:45:00+08:00,2016-01-29T09:32:00+08:00
R1_A,2016-03-04,67664,2016-07-04,87340,SHORT,-1,21,2016,0.844617082563,1.1507425566,0.222046820957,0.160307343054,3.17805383035,0.757706777372,0.187379994379,0.109938434477,3.97029191355,0.682532862285,000852.SH,000852.SH:DEV_R1_A:67664:87340,2016-03-04T10:34:00+08:00,2016-07-04T10:30:00+08:00
R1_A,2016-03-04,67752,2016-07-27,91513,SHORT,-1,27,2016,1.52820236804,1.57264867972,0.640875401536,0.322398213652,2.56494935746,1.51712030441,0.541364945353,0.28297253446,2.56494935746,1.97340122838,000852.SH,000852.SH:DEV_R1_A:67752:91513,2016-03-04T13:32:00+08:00,2016-07-27T13:33:00+08:00
R1_A,2016-03-08,68102,2016-03-08,68101,SHORT,-1,19,2016,0.622669155251,0.216662692904,0.564268949106,0.384482500872,1.38629436112,2.19838134858,0.564268949106,0.384482500872,1.09861228867,2.21881648558,000852.SH,000852.SH:DEV_R1_A:68102:68101,2016-03-08T09:52:00+08:00,2016-03-08T09:51:00+08:00
R1_A,2016-03-08,68269,2016-11-11,108342,LONG,1,28,2016,0.340483007578,2.43229113717,0.589599909676,0.275654958651,3.04452243772,0.802991986723,0.391111756494,0.283574790635,6.04263283368,0.860516274015,000852.SH,000852.SH:DEV_R1_A:68269:108342,2016-03-08T14:09:00+08:00,2016-11-11T14:02:00+08:00
R1_A,2016-03-08,68303,2016-04-13,74319,LONG,1,29,2016,0.366708095553,0.914620794839,0.589599909676,0.275654958651,4.00733318523,0.683083402989,0.523159864601,0.258747310053,2.94443897917,0.64498651227,000852.SH,000852.SH:DEV_R1_A:68303:74319,2016-03-08T14:43:00+08:00,2016-04-13T14:59:00+08:00
R1_A,2016-03-09,68354,2016-07-04,87326,SHORT,-1,20,2016,1.46331203684,0.432412432365,0.187657923344,0.10552906047,3.21887582487,0.68020053225,0.187379994379,0.109938434477,3.66356164613,0.778467948017,000852.SH,000852.SH:DEV_R1_A:68354:87326,2016-03-09T10:04:00+08:00,2016-07-04T10:16:00+08:00
R1_A,2016-03-10,68635,2016-03-10,68632,SHORT,-1,21,2016,0.761129815631,0.0710098754475,0.376537532963,0.259680148115,3.49650756147,0.662383057762,0.376537532963,0.259680148115,3.40119738166,0.656746369519,000852.SH,000852.SH:DEV_R1_A:68635:68632,2016-03-10T10:45:00+08:00,2016-03-10T10:42:00+08:00
R1_A,2016-03-11,68819,2016-12-05,112024,SHORT,-1,19,2016,0.8123438603,1.79486970448,0.391821745305,0.197304025745,2.30258509299,2.19050897751,0.563403900405,0.153686204931,2.30258509299,2.65583916142,000852.SH,000852.SH:DEV_R1_A:68819:112024,2016-03-11T09:49:00+08:00,2016-12-05T09:54:00+08:00
R1_A,2016-03-11,68981,2016-05-20,80528,LONG,1,28,2016,0.644828368322,0.449484264031,0.223990843157,0.121062180439,3.09104245336,0.447135579932,0.242978279095,0.0998617773803,3.295836866,0.478312923211,000852.SH,000852.SH:DEV_R1_A:68981:80528,2016-03-11T14:01:00+08:00,2016-05-20T14:28:00+08:00
R1_A,2016-03-14,69046,2016-04-25,76028,LONG,1,19,2016,0.283559104851,0.472072266777,0.169886240914,0.0653423643918,3.25809653802,2.17748623994,0.14537514633,0.054759369967,3.25809653802,2.03218330279,000852.SH,000852.SH:DEV_R1_A:69046:76028,2016-03-14T09:36:00+08:00,2016-04-25T09:58:00+08:00
R1_A,2016-03-14,69203,2016-11-08,107611,LONG,1,27,2016,0.28899394195,0.570832060467,0.169886240914,0.0653423643918,5.20948615284,0.335708716622,0.129938038815,0.0380433478146,5.13579843705,0.369284312735,000852.SH,000852.SH:DEV_R1_A:69203:107611,2016-03-14T13:43:00+08:00,2016-11-08T13:51:00+08:00
R1_A,2016-03-15,69284,2016-08-29,96905,LONG,1,19,2016,1.06284791406,1.26253111096,0.57391941216,0.231244347385,3.87120101091,1.41103078394,0.415877074179,0.181807029381,3.89182029811,1.41381069779,000852.SH,000852.SH:DEV_R1_A:69284:96905,2016-03-15T09:34:00+08:00,2016-08-29T09:55:00+08:00
R1_A,2016-03-17,69907,2016-03-17,69900,LONG,1,26,2016,0.259158143088,0.235496221345,0.196755499902,0.0907787679194,3.68887945411,1.07964250147,0.196755499902,0.0907787679194,3.49650756147,1.1473781159,000852.SH,000852.SH:DEV_R1_A:69907:69900,2016-03-17T13:27:00+08:00,2016-03-17T13:20:00+08:00
R1_A,2016-03-17,69984,2016-04-13,74312,LONG,1,29,2016,0.543809519357,0.335903066329,0.465369653519,0.252811230144,2.3978952728,0.684399010141,0.523159864601,0.258747310053,2.48490664979,0.694709577686,000852.SH,000852.SH:DEV_R1_A:69984:74312,2016-03-17T14:44:00+08:00,2016-04-13T14:52:00+08:00
R1_A,2016-03-18,70081,2016-02-16,64542,LONG,1,21,2016,0.339861205081,1.43193026324,0.645593627086,0.360948174729,4.38202663467,0.714356421414,0.659656007228,0.286266193802,4.52178857705,0.658844417085,000852.SH,000852.SH:DEV_R1_A:70081:64542,2016-03-18T10:51:00+08:00,2016-02-16T10:32:00+08:00
R1_A,2016-03-18,70159,2016-02-16,64652,LONG,1,27,2016,0.527175913182,0.567139748837,0.729564782072,0.375254115214,2.19722457734,0.690741526514,0.722276389142,0.355828618322,2.30258509299,0.539867359723,000852.SH,000852.SH:DEV_R1_A:70159:64652,2016-03-18T13:39:00+08:00,2016-02-16T13:52:00+08:00
R1_A,2016-03-21,70296,2016-05-17,79654,LONG,1,20,2016,0.627902188746,1.63733689675,0.457258448632,0.230906346059,2.07944154168,0.581757180176,0.468454642932,0.186720781588,2.7080502011,1.05650973958,000852.SH,000852.SH:DEV_R1_A:70296:79654,2016-03-21T10:26:00+08:00,2016-05-17T10:24:00+08:00
R1_A,2016-03-21,70382,2016-04-21,75669,LONG,1,26,2016,0.531041449171,0.861030027884,0.219940053247,0.161323722671,2.3978952728,0.354211824451,0.248424945974,0.126298115789,2.19722457734,0.534583893144,000852.SH,000852.SH:DEV_R1_A:70382:75669,2016-03-21T13:22:00+08:00,2016-04-21T13:29:00+08:00
R1_A,2016-03-22,70485,2016-06-13,83685,LONG,1,19,2016,1.03799767682,0.880728083732,0.199559414348,0.0872673434856,1.38629436112,2.40895219217,0.177557909391,0.0535954618065,1.38629436112,2.62132412941,000852.SH,000852.SH:DEV_R1_A:70485:83685,2016-03-22T09:35:00+08:00,2016-06-13T09:35:00+08:00
R1_A,2016-03-22,70573,2016-03-17,69876,LONG,1,22,2016,0.599794408471,0.619656590354,0.130328449408,0.0756380120887,2.7080502011,0.627366503613,0.196755499902,0.0907787679194,2.19722457734,0.696778101313,000852.SH,000852.SH:DEV_R1_A:70573:69876,2016-03-22T11:03:00+08:00,2016-03-17T11:26:00+08:00
R1_A,2016-03-22,70689,2016-03-07,68020,LONG,1,28,2016,0.429730432264,0.649128570978,0.347642670441,0.135931769723,4.06044301055,0.494880082177,0.267448712588,0.138049077007,4.70048036579,0.545499223896,000852.SH,000852.SH:DEV_R1_A:70689:68020,2016-03-22T14:29:00+08:00,2016-03-07T14:00:00+08:00
R1_A,2016-03-23,70795,2016-07-04,87340,SHORT,-1,21,2016,0.698189806121,0.748987870892,0.147955791226,0.107996120956,3.09104245336,0.799598520678,0.187379994379,0.109938434477,3.97029191355,0.682532862285,000852.SH,000852.SH:DEV_R1_A:70795:87340,2016-03-23T10:45:00+08:00,2016-07-04T10:30:00+08:00
R1_A,2016-03-23,70833,2016-07-04,87370,SHORT,-1,22,2016,0.550946632015,0.319236485368,0.147955791226,0.107996120956,4.09434456222,0.715867514661,0.187379994379,0.109938434477,4.4188406078,0.706866690026,000852.SH,000852.SH:DEV_R1_A:70833:87370,2016-03-23T11:23:00+08:00,2016-07-04T11:00:00+08:00
R1_A,2016-03-23,70860,2016-10-26,105409,LONG,1,26,2016,0.941831381187,0.436206488434,0.0511650611556,0.0260707635009,2.99573227355,1.04038107728,0.104682280252,0.030489923558,3.43398720449,1.03594419847,000852.SH,000852.SH:DEV_R1_A:70860:105409,2016-03-23T13:20:00+08:00,2016-10-26T13:09:00+08:00
R1_A,2016-03-23,70928,2016-06-30,86987,SHORT,-1,28,2016,0.893637676837,0.656912552708,0.0134205247004,0.00729852498341,2.7080502011,0.987196051666,0.0882132278588,0.0177177810588,2.94443897917,0.826078543377,000852.SH,000852.SH:DEV_R1_A:70928:86987,2016-03-23T14:28:00+08:00,2016-06-30T14:07:00+08:00
R1_A,2016-03-24,70972,2016-11-08,107452,LONG,1,19,2016,1.38724548465,0.530928792781,0.146115743608,0.0637314852561,2.3978952728,2.31811706376,0.129938038815,0.0380433478146,2.3978952728,2.38645022738,000852.SH,000852.SH:DEV_R1_A:70972:107452,2016-03-24T09:42:00+08:00,2016-11-08T09:42:00+08:00
R1_A,2016-03-24,71031,2016-06-30,86870,SHORT,-1,21,2016,1.5081456087,0.389696428801,0.0479658524269,0.0224644710302,3.98898404656,0.536796842489,0.0561441036997,0.0124125613931,3.91202300543,0.655535209679,000852.SH,000852.SH:DEV_R1_A:71031:86870,2016-03-24T10:41:00+08:00,2016-06-30T10:40:00+08:00
R1_A,2016-03-24,71161,2016-03-07,68020,LONG,1,28,2016,0.44537571555,0.382119961185,0.262732043599,0.150305188199,4.29045944115,0.527549148469,0.267448712588,0.138049077007,4.70048036579,0.545499223896,000852.SH,000852.SH:DEV_R1_A:71161:68020,2016-03-24T14:21:00+08:00,2016-03-07T14:00:00+08:00
R1_A,2016-03-24,71190,2016-10-19,104319,LONG,1,29,2016,0.60204990939,0.384655881465,0.14205865854,0.069101840794,2.83321334406,0.909050170336,0.162535329796,0.0677520671752,2.63905732962,1.03046662254,000852.SH,000852.SH:DEV_R1_A:71190:104319,2016-03-24T14:50:00+08:00,2016-10-19T14:59:00+08:00
R1_A,2016-03-25,71216,2016-09-02,97841,SHORT,-1,19,2016,0.524540674421,0.71776887086,0.140616043572,0.0608225472068,2.07944154168,1.30539838446,0.181448488934,0.0544172932331,2.7080502011,1.48202534689,000852.SH,000852.SH:DEV_R1_A:71216:97841,2016-03-25T09:46:00+08:00,2016-09-02T09:31:00+08:00
R1_A,2016-03-25,71242,2016-05-16,79414,SHORT,-1,20,2016,0.756131817792,0.636549703449,0.0784236356204,0.0667280863385,2.30258509299,1.171515455,0.0806886276438,0.052192408377,2.07944154168,1.36809316197,000852.SH,000852.SH:DEV_R1_A:71242:79414,2016-03-25T10:12:00+08:00,2016-05-16T10:24:00+08:00
R1_A,2016-03-25,71353,2016-10-18,103990,SHORT,-1,27,2016,0.780864212333,0.632073955236,0.170200645739,0.0785701487189,3.4657359028,0.566713560923,0.181061930581,0.0819914197346,4.3040650932,0.618585079307,000852.SH,000852.SH:DEV_R1_A:71353:103990,2016-03-25T13:33:00+08:00,2016-10-18T13:30:00+08:00
R1_A,2016-03-25,71413,2016-04-12,74073,SHORT,-1,29,2016,0.593069764099,0.564074941438,0.0926310503685,0.0513150004283,2.3978952728,0.956041686489,0.140236923175,0.0686875379604,2.8903717579,1.00227813207,000852.SH,000852.SH:DEV_R1_A:71413:74073,2016-03-25T14:33:00+08:00,2016-04-12T14:53:00+08:00
R1_A,2016-03-28,71485,2016-05-17,79654,LONG,1,20,2016,0.513688918756,1.48558815685,0.428701931073,0.243406766208,2.30258509299,0.71433302003,0.468454642932,0.186720781588,2.7080502011,1.05650973958,000852.SH,000852.SH:DEV_R1_A:71485:79654,2016-03-28T10:15:00+08:00,2016-05-17T10:24:00+08:00
R1_A,2016-03-28,71623,2016-10-21,104754,SHORT,-1,28,2016,0.510220664811,0.444018732131,0.292866233612,0.139615909914,2.48490664979,0.698777147253,0.308186877165,0.116716072954,2.48490664979,0.712321844081,000852.SH,000852.SH:DEV_R1_A:71623:104754,2016-03-28T14:03:00+08:00,2016-10-21T14:14:00+08:00
R1_A,2016-03-28,71649,2016-03-16,69700,SHORT,-1,28,2016,0.381022035759,0.778553727297,0.305315628848,0.157585841779,3.21887582487,0.935178828229,0.421706535296,0.164949706011,3.68887945411,0.831945714011,000852.SH,000852.SH:DEV_R1_A:71649:69700,2016-03-28T14:29:00+08:00,2016-03-16T14:00:00+08:00
R1_A,2016-03-28,71670,2016-08-11,94237,SHORT,-1,29,2016,0.270396992402,0.824564474943,0.305315628848,0.157585841779,3.82864139649,1.15242485924,0.442247701877,0.160944383033,3.33220451018,1.11541242303,000852.SH,000852.SH:DEV_R1_A:71670:94237,2016-03-28T14:50:00+08:00,2016-08-11T14:57:00+08:00
R1_A,2016-03-29,71734,2016-09-12,99313,SHORT,-1,20,2016,1.10279364192,1.57163283063,0.665007817244,0.321260260946,3.43398720449,0.88738595715,0.59043568433,0.283925496948,2.3978952728,0.489070436863,000852.SH,000852.SH:DEV_R1_A:71734:99313,2016-03-29T10:24:00+08:00,2016-09-12T10:03:00+08:00
R1_A,2016-03-29,71845,2016-03-16,69692,SHORT,-1,27,2016,1.13883575761,0.870917843091,0.288553648268,0.148986745701,3.25809653802,0.943766862433,0.421706535296,0.164949706011,3.4657359028,0.811036474937,000852.SH,000852.SH:DEV_R1_A:71845:69692,2016-03-29T13:45:00+08:00,2016-03-16T13:52:00+08:00
R1_A,2016-03-30,71987,2016-02-19,65288,LONG,1,21,2016,0.407206132595,0.45495418886,0.0233518319547,0.011214074671,4.33073334029,0.41870799154,0.00999212099232,0.00952380952381,3.76120011569,0.480284672395,000852.SH,000852.SH:DEV_R1_A:71987:65288,2016-03-30T10:37:00+08:00,2016-02-19T10:58:00+08:00
R1_A,2016-03-31,72186,2016-02-16,64509,LONG,1,19,2016,0.376999884364,0.99013367687,0.54057887937,0.265282039179,4.89034912822,1.87215102677,0.659656007228,0.286266193802,4.07753744391,1.96560692831,000852.SH,000852.SH:DEV_R1_A:72186:64509,2016-03-31T09:56:00+08:00,2016-02-16T09:59:00+08:00
R1_A,2016-03-31,72257,2016-05-04,77555,LONG,1,22,2016,0.722170922387,0.338883813887,0.62697112375,0.252612785229,2.30258509299,0.977892099435,0.610971039121,0.235821540456,2.19722457734,0.980500698177,000852.SH,000852.SH:DEV_R1_A:72257:77555,2016-03-31T11:07:00+08:00,2016-05-04T11:25:00+08:00
R1_A,2016-03-31,72343,2016-02-19,65409,LONG,1,28,2016,0.780799805811,0.787034426874,0.170079069893,0.0826729745713,3.295836866,0.995529696969,0.208145038376,0.118645584058,2.99573227355,0.90504088308,000852.SH,000852.SH:DEV_R1_A:72343:65409,2016-03-31T14:03:00+08:00,2016-02-19T14:29:00+08:00
R1_A,2016-03-31,72361,2016-11-22,110044,LONG,1,28,2016,0.624636598478,1.03677245126,0.170079069893,0.0826729745713,3.80666248977,1.08627086096,0.157167081071,0.0415440819889,4.4188406078,1.26941059156,000852.SH,000852.SH:DEV_R1_A:72361:110044,2016-03-31T14:21:00+08:00,2016-11-22T14:24:00+08:00
R1_A,2016-03-31,72385,2016-07-01,87274,SHORT,-1,29,2016,0.508411409834,0.262065265496,0.0261630506922,0.0135060756171,2.30258509299,1.11057274872,0.0592298548338,0.0159753774,2.3978952728,1.04818039041,000852.SH,000852.SH:DEV_R1_A:72385:87274,2016-03-31T14:45:00+08:00,2016-07-01T14:54:00+08:00
R1_A,2016-04-01,72415,2016-03-08,68092,SHORT,-1,19,2016,0.422962180583,1.6004950831,0.360661467387,0.172806723556,2.63905732962,1.89567817367,0.275131101714,0.0934232984852,2.30258509299,1.94827758108,000852.SH,000852.SH:DEV_R1_A:72415:68092,2016-04-01T09:45:00+08:00,2016-03-08T09:42:00+08:00
R1_A,2016-04-01,72439,2016-08-12,94274,SHORT,-1,20,2016,0.339518072426,0.648625879405,0.360661467387,0.172806723556,3.63758615973,1.06618245009,0.442247701877,0.160944383033,4.1743872699,1.12596969927,000852.SH,000852.SH:DEV_R1_A:72439:94274,2016-04-01T10:09:00+08:00,2016-08-12T10:04:00+08:00
R1_A,2016-04-01,72462,2016-08-12,94300,SHORT,-1,21,2016,0.385241676659,0.570621330089,0.360661467387,0.172806723556,4.11087386417,0.89824867738,0.442247701877,0.160944383033,4.51085950652,0.906386449006,000852.SH,000852.SH:DEV_R1_A:72462:94300,2016-04-01T10:32:00+08:00,2016-08-12T10:30:00+08:00
R1_A,2016-04-01,72494,2016-08-12,94337,SHORT,-1,22,2016,0.472643241276,0.552162831803,0.360661467387,0.172806723556,4.53259949315,0.712529185005,0.442247701877,0.160944383033,4.85203026392,0.676131024871,000852.SH,000852.SH:DEV_R1_A:72494:94337,2016-04-01T11:04:00+08:00,2016-08-12T11:07:00+08:00
R1_A,2016-04-01,72557,2016-03-16,69670,SHORT,-1,27,2016,0.535537590964,1.00473359187,0.59781551554,0.18292128175,2.19722457734,0.609651016944,0.421706535296,0.164949706011,2.30258509299,0.592937557051,000852.SH,000852.SH:DEV_R1_A:72557:69670,2016-04-01T13:37:00+08:00,2016-03-16T13:30:00+08:00
R1_A,2016-04-05,72727,2016-05-13,79182,LONG,1,21,2016,0.351465518217,0.739268622725,0.514840283298,0.197122424897,3.73766961828,0.727242587606,0.563580089413,0.213646202283,4.49980967033,0.824319226157,000852.SH,000852.SH:DEV_R1_A:72727:79182,2016-04-05T10:57:00+08:00,2016-05-13T10:32:00+08:00
R1_A,2016-04-05,72841,2016-09-09,99220,LONG,1,28,2016,0.32787142751,0.636919624851,0.514840283298,0.197122424897,5.04985600725,0.563193965829,0.553259441702,0.165574395783,5.09986642782,0.584287439546,000852.SH,000852.SH:DEV_R1_A:72841:99220,2016-04-05T14:21:00+08:00,2016-09-09T14:00:00+08:00
R1_A,2016-04-05,72875,2016-05-13,79332,LONG,1,29,2016,0.380787522104,0.879364168805,0.514840283298,0.197122424897,5.24702407216,0.807863777117,0.389159904365,0.171406850036,4.85203026392,0.792499692779,000852.SH,000852.SH:DEV_R1_A:72875:79332,2016-04-05T14:55:00+08:00,2016-05-13T14:32:00+08:00
R1_A,2016-04-06,72903,2016-10-21,104587,LONG,1,19,2016,0.344157920286,1.18610357385,0.514840283298,0.197122424897,5.38449506279,1.92001303266,0.490385105472,0.162769153399,4.77912349311,1.60623814028,000852.SH,000852.SH:DEV_R1_A:72903:104587,2016-04-06T09:53:00+08:00,2016-10-21T09:57:00+08:00
R1_A,2016-04-06,72945,2016-05-17,79660,LONG,1,21,2016,0.625562077176,1.48497393536,0.651984023901,0.23141927501,2.30258509299,0.992026283194,0.468454642932,0.186720781588,3.04452243772,1.16464048308,000852.SH,000852.SH:DEV_R1_A:72945:79660,2016-04-06T10:35:00+08:00,2016-05-17T10:30:00+08:00
R1_A,2016-04-07,73129,2016-02-04,63762,SHORT,-1,19,2016,0.746026130992,0.539117781042,0.229786682968,0.104352803564,4.06044301055,1.48022554829,0.235940766876,0.13200596996,4.12713438505,1.51869505449,000852.SH,000852.SH:DEV_R1_A:73129:63762,2016-04-07T09:39:00+08:00,2016-02-04T09:32:00+08:00
R1_A,2016-04-07,73157,2016-04-15,74601,LONG,1,20,2016,0.891120622891,0.572139156302,0.144072324863,0.0757803834575,2.7080502011,1.28127378857,0.224119406134,0.0635480921685,2.3978952728,1.35256589676,000852.SH,000852.SH:DEV_R1_A:73157:74601,2016-04-07T10:07:00+08:00,2016-04-15T10:11:00+08:00
R1_A,2016-04-07,73200,2016-07-22,90703,LONG,1,21,2016,0.923981345335,0.506823473712,0.144072324863,0.0757803834575,4.06044301055,1.17268040711,0.118358567974,0.0520502419237,4.24849524205,1.21839769713,000852.SH,000852.SH:DEV_R1_A:73200:90703,2016-04-07T10:50:00+08:00,2016-07-22T10:33:00+08:00
R1_A,2016-04-07,73219,2016-10-14,103479,LONG,1,22,2016,0.397661133817,0.67335516464,0.144072324863,0.0757803834575,4.34380542185,1.01410102329,0.18532283503,0.0423657577082,4.27666611902,1.01242831391,000852.SH,000852.SH:DEV_R1_A:73219:103479,2016-04-07T11:09:00+08:00,2016-10-14T11:29:00+08:00
R1_A,2016-04-07,73269,2016-06-20,85003,SHORT,-1,26,2016,0.775960289393,0.330492721265,0.0840644827288,0.0313550600343,3.78418963392,0.585122373885,0.0417075162505,0.0273544723142,3.78418963392,0.666812792897,000852.SH,000852.SH:DEV_R1_A:73269:85003,2016-04-07T13:29:00+08:00,2016-06-20T13:03:00+08:00
R1_A,2016-04-08,73390,2016-12-29,116351,SHORT,-1,20,2016,0.496977834728,0.824623263863,0.103206234919,0.0364955587128,4.09434456222,2.19948167626,0.0970557198534,0.0349641096887,3.91202300543,1.90905502005,000852.SH,000852.SH:DEV_R1_A:73390:116351,2016-04-08T10:00:00+08:00,2016-12-29T10:01:00+08:00
R1_A,2016-04-08,73523,2016-06-08,83602,SHORT,-1,27,2016,0.921327283162,0.414883773496,0.0647275003628,0.030509759333,4.00733318523,0.413320386944,0.13773675065,0.0304650472021,3.82864139649,0.433442471267,000852.SH,000852.SH:DEV_R1_A:73523:83602,2016-04-08T13:43:00+08:00,2016-06-08T13:42:00+08:00
R1_A,2016-04-08,73566,2016-07-01,87224,LONG,1,28,2016,1.05374568071,0.320609467255,0.000978552501706,0.000562294160176,3.73766961828,0.709967300414,0.0223243638122,0.00506121151095,4.06044301055,0.769243587231,000852.SH,000852.SH:DEV_R1_A:73566:87224,2016-04-08T14:26:00+08:00,2016-07-01T14:04:00+08:00
R1_A,2016-04-11,73824,2016-04-11,73823,LONG,1,29,2016,0.494750080957,0.0702075445841,0.404314981909,0.200030837726,2.56494935746,0.446923096865,0.404314981909,0.200030837726,2.48490664979,0.432862354041,000852.SH,000852.SH:DEV_R1_A:73824:73823,2016-04-11T14:44:00+08:00,2016-04-11T14:43:00+08:00
R1_A,2016-04-14,74322,2016-04-20,75307,LONG,1,19,2016,0.836080449025,2.60988097129,0.532014654702,0.237511505313,0,2.14506827475,0.231751139895,0.14359056634,0,1.77730022268,000852.SH,000852.SH:DEV_R1_A:74322:75307,2016-04-14T09:32:00+08:00,2016-04-20T09:57:00+08:00
R1_A,2016-04-15,74613,2016-04-15,74612,LONG,1,20,2016,0.677659095332,0.0323019160249,0.224119406134,0.0635480921685,3.13549421593,1.46395000189,0.224119406134,0.0635480921685,3.09104245336,1.46425145981,000852.SH,000852.SH:DEV_R1_A:74613:74612,2016-04-15T10:23:00+08:00,2016-04-15T10:22:00+08:00
R1_A,2016-04-15,74782,2016-08-30,97358,LONG,1,29,2016,0.675321165969,0.859919427477,0.0224472946206,0.00779623658108,2.7080502011,1.2489864321,0.0134375436459,0.0027660936357,1.94591014906,1.01698451222,000852.SH,000852.SH:DEV_R1_A:74782:97358,2016-04-15T14:42:00+08:00,2016-08-30T14:58:00+08:00
R1_A,2016-04-18,75036,2016-04-18,75035,SHORT,-1,29,2016,0.944556103877,0.0621649321826,0.434563786153,0.109652342186,3.85014760171,0.458849062666,0.434563786153,0.109652342186,3.82864139649,0.437347665135,000852.SH,000852.SH:DEV_R1_A:75036:75035,2016-04-18T14:56:00+08:00,2016-04-18T14:55:00+08:00
R1_A,2016-04-20,75419,2016-04-20,75418,SHORT,-1,26,2016,0.943183409402,0.162199109042,0.694072448203,0.417405461169,1.60943791243,2.00555544689,0.694072448203,0.417405461169,1.38629436112,2.0076098742,000852.SH,000852.SH:DEV_R1_A:75419:75418,2016-04-20T13:19:00+08:00,2016-04-20T13:18:00+08:00
R1_A,2016-04-22,75787,2016-04-22,75786,SHORT,-1,19,2016,1.04939774565,0.0440726386328,0.484569631402,0.301356906399,2.8903717579,2.14034857237,0.484569631402,0.301356906399,2.83321334406,2.13506788573,000852.SH,000852.SH:DEV_R1_A:75787:75786,2016-04-22T09:57:00+08:00,2016-04-22T09:56:00+08:00
R1_A,2016-04-25,76093,2016-04-25,76092,SHORT,-1,22,2016,0.339294241225,0.093636947002,0.375771903235,0.20140629953,3.21887582487,0.915277489933,0.375771903235,0.20140629953,3.17805383035,0.883539076557,000852.SH,000852.SH:DEV_R1_A:76093:76092,2016-04-25T11:03:00+08:00,2016-04-25T11:02:00+08:00
R1_A,2016-04-25,76167,2016-11-09,107859,SHORT,-1,27,2016,1.20330902066,0.358114902901,0.29758339558,0.115284943297,4.11087386417,0.534965572449,0.336183619023,0.102861697365,3.95124371858,0.581077862005,000852.SH,000852.SH:DEV_R1_A:76167:107859,2016-04-25T13:47:00+08:00,2016-11-09T13:59:00+08:00
R1_A,2016-04-26,76343,2016-11-03,106813,LONG,1,22,2016,0.611239207755,0.431351159768,0.287607648788,0.100205775589,3.58351893846,0.892883440675,0.295077529843,0.0847469150491,4.00733318523,0.914175413242,000852.SH,000852.SH:DEV_R1_A:76343:106813,2016-04-26T11:13:00+08:00,2016-11-03T11:03:00+08:00
R1_A,2016-04-27,76513,2016-11-17,109156,LONG,1,20,2016,0.298822728379,0.683067455922,0.336559506603,0.0905474877106,4.26267987704,1.24166238527,0.350501970901,0.088181581007,3.40119738166,1.33442563086,000852.SH,000852.SH:DEV_R1_A:76513:109156,2016-04-27T10:03:00+08:00,2016-11-17T10:06:00+08:00
R1_A,2016-04-27,76633,2016-12-29,116471,LONG,1,27,2016,0.508835633687,0.71042457735,0.395139374486,0.130312107055,3.17805383035,0.621156135423,0.378522911043,0.0942117898106,3.40119738166,0.631299481965,000852.SH,000852.SH:DEV_R1_A:76633:116471,2016-04-27T13:33:00+08:00,2016-12-29T13:31:00+08:00
R1_A,2016-04-28,76836,2016-12-20,114730,LONG,1,22,2016,0.824294891973,0.940349894385,0.395139374486,0.130312107055,5.42495001748,1.39242523293,0.277581367254,0.141703308109,6.34035930373,1.40330746109,000852.SH,000852.SH:DEV_R1_A:76836:114730,2016-04-28T11:26:00+08:00,2016-12-20T11:00:00+08:00
R1_A,2016-04-28,76899,2016-06-08,83615,SHORT,-1,27,2016,0.620709313704,0.622560946115,0.139521762258,0.0431848198815,3.4657359028,0.849800047051,0.13773675065,0.0304650472021,4.07753744391,0.720138714029,000852.SH,000852.SH:DEV_R1_A:76899:83615,2016-04-28T13:59:00+08:00,2016-06-08T13:55:00+08:00
R1_A,2016-05-04,77561,2016-02-04,63883,LONG,1,26,2016,0.568777769966,0.914406337514,0.610971039121,0.235821540456,2.7080502011,0.931525503721,0.559198569486,0.261397841568,3.09104245336,0.692754915262,000852.SH,000852.SH:DEV_R1_A:77561:63883,2016-05-04T13:01:00+08:00,2016-02-04T13:03:00+08:00
R1_A,2016-05-05,77697,2016-07-22,90669,LONG,1,19,2016,0.751969921602,0.533701400294,0.179365230086,0.0737043229042,3.7135720667,1.4569320232,0.118358567974,0.0520502419237,3.58351893846,1.44751917794,000852.SH,000852.SH:DEV_R1_A:77697:90669,2016-05-05T09:47:00+08:00,2016-07-22T09:59:00+08:00
R1_A,2016-05-05,77802,2016-05-18,79965,LONG,1,26,2016,0.651671759287,0.527337524391,0.179365230086,0.0737043229042,4.98360662171,0.881966513449,0.243837185389,0.0865623210536,5.05624580535,0.770617609181,000852.SH,000852.SH:DEV_R1_A:77802:79965,2016-05-05T13:02:00+08:00,2016-05-18T13:05:00+08:00
R1_A,2016-05-05,77869,2016-06-30,86996,SHORT,-1,28,2016,0.668644295614,0.523154212325,0.038774065351,0.0112734864301,3.21887582487,1.01071071111,0.0882132278588,0.0177177810588,3.33220451018,0.85818034314,000852.SH,000852.SH:DEV_R1_A:77869:86996,2016-05-05T14:09:00+08:00,2016-06-30T14:16:00+08:00
R1_A,2016-05-06,77949,2016-07-01,87057,SHORT,-1,19,2016,0.8576140768,0.314871058298,0.038774065351,0.0112734864301,4.65396035016,1.35664887929,0.0882132278588,0.0177177810588,4.48863636973,1.35728734121,000852.SH,000852.SH:DEV_R1_A:77949:87057,2016-05-06T09:59:00+08:00,2016-07-01T09:47:00+08:00
R1_A,2016-05-06,78067,2016-03-16,69668,SHORT,-1,26,2016,0.540096327758,1.48143905532,0.362360869729,0.149991326639,2.48490664979,1.1008739087,0.421706535296,0.164949706011,2.07944154168,0.604851771562,000852.SH,000852.SH:DEV_R1_A:78067:69668,2016-05-06T13:27:00+08:00,2016-03-16T13:28:00+08:00
R1_A,2016-05-06,78126,2016-03-16,69722,SHORT,-1,28,2016,0.855618899379,0.893363201507,0.184047234716,0.0975669354557,2.99573227355,0.96681587347,0.207620365799,0.0876189850262,2.94443897917,0.658341635895,000852.SH,000852.SH:DEV_R1_A:78126:69722,2016-05-06T14:26:00+08:00,2016-03-16T14:22:00+08:00
R1_A,2016-05-09,78187,2016-03-08,68101,SHORT,-1,19,2016,0.672164767678,2.07241885084,0.640535485704,0.486399840417,1.94591014906,2.19087994278,0.564268949106,0.384482500872,1.09861228867,2.21881648558,000852.SH,000852.SH:DEV_R1_A:78187:68101,2016-05-09T09:57:00+08:00,2016-03-08T09:51:00+08:00
R1_A,2016-05-09,78253,2016-09-14,99850,SHORT,-1,22,2016,0.722638671228,0.481146489882,0.0663104436112,0.045559375136,3.61091791264,0.272579226591,0.11829712507,0.0640241480658,3.85014760171,0.285397957869,000852.SH,000852.SH:DEV_R1_A:78253:99850,2016-05-09T11:03:00+08:00,2016-09-14T11:00:00+08:00
R1_A,2016-05-09,78342,2016-12-06,112425,SHORT,-1,28,2016,0.726279501481,1.42633605035,0.33677630989,0.219430577651,3.58351893846,0.371139752165,0.397325402002,0.209830387333,5.47227067367,0.413585177098,000852.SH,000852.SH:DEV_R1_A:78342:112425,2016-05-09T14:02:00+08:00,2016-12-06T14:05:00+08:00
R1_A,2016-05-10,78410,2016-01-29,62802,SHORT,-1,19,2016,0.766534311096,0.617197425655,0.226911549294,0.174872053629,2.07944154168,1.20109532321,0.298457987091,0.196964418256,2.3978952728,1.22740718577,000852.SH,000852.SH:DEV_R1_A:78410:62802,2016-05-10T09:40:00+08:00,2016-01-29T09:32:00+08:00
R1_A,2016-05-10,78502,2016-06-20,84994,SHORT,-1,22,2016,0.619028808003,0.508085540796,0.0862842202443,0.0501038585007,3.49650756147,0.460198437604,0.0417075162505,0.0273544723142,3.55534806149,0.501064083435,000852.SH,000852.SH:DEV_R1_A:78502:84994,2016-05-10T11:12:00+08:00,2016-06-20T11:24:00+08:00
R1_A,2016-05-11,78774,2016-05-11,78773,SHORT,-1,26,2016,1.28848499775,0.030469246055,0.184210624041,0.129212515078,4.06044301055,0.724753941254,0.184210624041,0.129212515078,4.04305126783,0.714845994865,000852.SH,000852.SH:DEV_R1_A:78774:78773,2016-05-11T13:14:00+08:00,2016-05-11T13:13:00+08:00
R1_A,2016-05-12,78909,2016-09-12,99309,SHORT,-1,19,2016,0.603957227836,1.02961511906,0.46098057991,0.272086217636,2.56494935746,2.5623891231,0.59043568433,0.283925496948,1.94591014906,2.76740097914,000852.SH,000852.SH:DEV_R1_A:78909:99309,2016-05-12T09:59:00+08:00,2016-09-12T09:59:00+08:00
R1_A,2016-05-17,79666,2016-05-17,79665,LONG,1,21,2016,0.505976144261,0.0502324730102,0.468454642932,0.186720781588,3.295836866,1.184525236,0.468454642932,0.186720781588,3.25809653802,1.16948406895,000852.SH,000852.SH:DEV_R1_A:79666:79665,2016-05-17T10:36:00+08:00,2016-05-17T10:35:00+08:00
R1_A,2016-05-18,80015,2016-05-18,80014,SHORT,-1,27,2016,0.507020708064,0.082592556044,0.409775455943,0.175261964524,2.77258872224,0.752509392471,0.409775455943,0.175261964524,2.7080502011,0.728211067238,000852.SH,000852.SH:DEV_R1_A:80015:80014,2016-05-18T13:55:00+08:00,2016-05-18T13:54:00+08:00
R1_A,2016-05-19,80106,2016-08-12,94242,SHORT,-1,19,2016,1.67979513472,0.726232320274,0.45951269301,0.196018285805,3.80666248977,1.01127341472,0.442247701877,0.160944383033,3.49650756147,1.06747366363,000852.SH,000852.SH:DEV_R1_A:80106:94242,2016-05-19T09:56:00+08:00,2016-08-12T09:32:00+08:00
R1_A,2016-05-19,80287,2016-02-19,65409,LONG,1,28,2016,0.90173809062,0.544158827846,0.230619909369,0.128231093109,3.52636052462,1.01804072329,0.208145038376,0.118645584058,2.99573227355,0.90504088308,000852.SH,000852.SH:DEV_R1_A:80287:65409,2016-05-19T14:27:00+08:00,2016-02-19T14:29:00+08:00
R1_A,2016-05-23,80691,2016-05-23,80690,LONG,1,26,2016,0.374785863108,0.217780444402,0.242978279095,0.0998617773803,5.24702407216,0.515970949807,0.242978279095,0.0998617773803,5.24174701506,0.593781649339,000852.SH,000852.SH:DEV_R1_A:80691:80690,2016-05-23T13:11:00+08:00,2016-05-23T13:10:00+08:00
R1_A,2016-05-24,80866,2016-09-09,99122,LONG,1,21,2016,0.94532451072,0.770877630968,0.461144752632,0.145485991007,3.82864139649,1.35335686614,0.553259441702,0.165574395783,4.18965474203,1.22066176763,000852.SH,000852.SH:DEV_R1_A:80866:99122,2016-05-24T10:36:00+08:00,2016-09-09T10:52:00+08:00
R1_A,2016-05-25,81235,2016-05-25,81229,LONG,1,28,2016,1.47202315306,0.0683403276784,0.0516625094242,0.015220162793,4.65396035016,0.935572325035,0.0516625094242,0.015220162793,4.59511985013,0.916517372033,000852.SH,000852.SH:DEV_R1_A:81235:81229,2016-05-25T14:15:00+08:00,2016-05-25T14:09:00+08:00
R1_A,2016-05-26,81330,2016-02-04,63790,SHORT,-1,20,2016,0.359422009808,1.15304626115,0.357116245067,0.156137610346,3.89182029811,1.86703016065,0.235940766876,0.13200596996,4.49980967033,1.61295213573,000852.SH,000852.SH:DEV_R1_A:81330:63790,2016-05-26T10:20:00+08:00,2016-02-04T10:00:00+08:00
R1_A,2016-05-26,81505,2016-08-11,94237,SHORT,-1,29,2016,2.04204021807,1.04350147199,0.489520321545,0.189242871704,4.47733681448,1.19079461903,0.442247701877,0.160944383033,3.33220451018,1.11541242303,000852.SH,000852.SH:DEV_R1_A:81505:94237,2016-05-26T14:45:00+08:00,2016-08-11T14:57:00+08:00
R1_A,2016-05-27,81522,2016-08-12,94269,SHORT,-1,19,2016,0.373201371622,0.891354998589,0.489520321545,0.189242871704,4.65396035016,1.06227759172,0.442247701877,0.160944383033,4.09434456222,1.25029705912,000852.SH,000852.SH:DEV_R1_A:81522:94269,2016-05-27T09:32:00+08:00,2016-08-12T09:59:00+08:00
R1_A,2016-05-27,81561,2016-08-12,94299,SHORT,-1,20,2016,0.592704502632,0.77756081882,0.489520321545,0.189242871704,4.96981329958,0.77643022948,0.442247701877,0.160944383033,4.49980967033,0.908026574368,000852.SH,000852.SH:DEV_R1_A:81561:94299,2016-05-27T10:11:00+08:00,2016-08-12T10:29:00+08:00
R1_A,2016-05-27,81605,2016-08-12,94313,SHORT,-1,21,2016,0.479921054593,0.738352666915,0.489520321545,0.189242871704,5.23644196283,0.85353056456,0.442247701877,0.160944383033,4.64439089914,0.822011279572,000852.SH,000852.SH:DEV_R1_A:81605:94313,2016-05-27T10:55:00+08:00,2016-08-12T10:43:00+08:00
R1_A,2016-05-27,81667,2016-09-06,98441,LONG,1,26,2016,0.667820742395,0.277775039726,0.0634897891183,0.0202027559446,3.295836866,0.644731050337,0.056108212767,0.0214261960188,3.66356164613,0.666493892597,000852.SH,000852.SH:DEV_R1_A:81667:98441,2016-05-27T13:27:00+08:00,2016-09-06T13:01:00+08:00
R1_A,2016-05-30,81869,2016-12-06,112353,SHORT,-1,22,2016,1.46844461592,0.800698297125,0.339636768294,0.208968372831,4.52178857705,0.696689100105,0.397325402002,0.209830387333,5.11198778836,0.481667132258,000852.SH,000852.SH:DEV_R1_A:81869:112353,2016-05-30T11:19:00+08:00,2016-12-06T11:23:00+08:00
R1_A,2016-05-31,82108,2016-11-17,109217,LONG,1,22,2016,0.390651346284,0.447418448942,0.31829137901,0.109634262879,4.60517018599,0.51077826409,0.350501970901,0.088181581007,4.51085950652,0.510676964352,000852.SH,000852.SH:DEV_R1_A:82108:109217,2016-05-31T11:18:00+08:00,2016-11-17T11:07:00+08:00
R1_A,2016-06-01,82257,2016-12-08,112732,LONG,1,19,2016,0.299660725691,0.485571750933,0.31829137901,0.109634262879,5.51745289646,1.28160452516,0.253615908688,0.103138812232,5.08759633523,1.3033493109,000852.SH,000852.SH:DEV_R1_A:82257:112732,2016-06-01T09:47:00+08:00,2016-12-08T09:42:00+08:00
R1_A,2016-06-01,82289,2016-12-08,112764,LONG,1,20,2016,0.282156105377,0.458722669169,0.31829137901,0.109634262879,5.63835466933,1.18568271228,0.253615908688,0.103138812232,5.26785815906,1.20657936663,000852.SH,000852.SH:DEV_R1_A:82289:112764,2016-06-01T10:19:00+08:00,2016-12-08T10:14:00+08:00
R1_A,2016-06-01,82409,2016-02-16,64630,LONG,1,27,2016,0.669214727095,2.59392878207,0.691394846154,0.258376544308,3.04452243772,1.28210120541,0.659656007228,0.286266193802,5.19295685089,0.56887418955,000852.SH,000852.SH:DEV_R1_A:82409:64630,2016-06-01T13:49:00+08:00,2016-02-16T13:30:00+08:00
R1_A,2016-06-02,82612,2016-07-01,87188,LONG,1,26,2016,0.607667456024,0.291597331561,0.0586139348858,0.0164208943492,3.09104245336,0.780704658584,0.0223243638122,0.00506121151095,3.09104245336,0.7697702559,000852.SH,000852.SH:DEV_R1_A:82612:87188,2016-06-02T13:12:00+08:00,2016-07-01T13:28:00+08:00
R1_A,2016-06-02,82699,2016-06-07,83410,LONG,1,29,2016,0.38792022364,0.349373810167,0.106724814979,0.027845381762,4.2341065046,1.1544175623,0.0426642728992,0.0258316652369,4.29045944115,1.13917430626,000852.SH,000852.SH:DEV_R1_A:82699:83410,2016-06-02T14:39:00+08:00,2016-06-07T14:30:00+08:00
R1_A,2016-06-03,82759,2016-09-07,98593,LONG,1,20,2016,0.435438296141,0.411872945427,0.106724814979,0.027845381762,4.85981240436,1.25670939037,0.056108212767,0.0214261960188,5.25227342805,1.26383691823,000852.SH,000852.SH:DEV_R1_A:82759:98593,2016-06-03T10:09:00+08:00,2016-09-07T10:03:00+08:00
R1_A,2016-06-03,82944,2016-11-24,110558,LONG,1,29,2016,0.412999439127,0.269517246802,0.106724814979,0.027845381762,5.74939298591,1.03905379638,0.0898581006665,0.0156657765944,5.60947179518,1.04864873594,000852.SH,000852.SH:DEV_R1_A:82944:110558,2016-06-03T14:44:00+08:00,2016-11-24T14:58:00+08:00
R1_A,2016-06-06,83132,2016-12-29,116470,LONG,1,27,2016,0.580012798032,0.770512316357,0.439936108526,0.0732506806947,3.13549421593,0.853439733705,0.378522911043,0.0942117898106,3.36729582999,0.657928798455,000852.SH,000852.SH:DEV_R1_A:83132:116470,2016-06-06T13:52:00+08:00,2016-12-29T13:30:00+08:00
R1_A,2016-06-13,83796,2016-06-13,83792,SHORT,-1,22,2016,1.01032300372,0.0367411778019,0.199638110279,0.136140999666,4.49980967033,0.207903936708,0.199638110279,0.136140999666,4.45434729625,0.202150111701,000852.SH,000852.SH:DEV_R1_A:83796:83792,2016-06-13T11:26:00+08:00,2016-06-13T11:22:00+08:00
R1_A,2016-06-13,83889,2016-03-16,69703,SHORT,-1,28,2016,0.348433474837,1.06093110256,0.288263899234,0.187961250025,4.36944785247,0.616162767722,0.421706535296,0.164949706011,3.76120011569,0.788037741647,000852.SH,000852.SH:DEV_R1_A:83889:69703,2016-06-13T14:29:00+08:00,2016-03-16T14:03:00+08:00
R1_A,2016-06-13,83905,2016-12-06,112453,SHORT,-1,29,2016,0.281524784735,1.16182856217,0.288263899234,0.187961250025,4.5538768916,0.758437725282,0.397325402002,0.209830387333,5.58349630878,0.56981411379,000852.SH,000852.SH:DEV_R1_A:83905:112453,2016-06-13T14:45:00+08:00,2016-12-06T14:33:00+08:00
R1_A,2016-06-14,83930,2016-06-28,86326,SHORT,-1,19,2016,0.351695822666,0.741089560921,0.288263899234,0.187961250025,4.78749174278,1.61606766217,0.260200799767,0.215138742536,5.48479693349,1.63846220027,000852.SH,000852.SH:DEV_R1_A:83930:86326,2016-06-14T09:40:00+08:00,2016-06-28T09:36:00+08:00
R1_A,2016-06-14,83964,2016-12-13,113485,SHORT,-1,20,2016,0.971218561528,1.0017004222,0.59167825716,0.282220466562,3.33220451018,1.08827132389,0.680217628283,0.235712109101,3.33220451018,1.08568820211,000852.SH,000852.SH:DEV_R1_A:83964:113485,2016-06-14T10:14:00+08:00,2016-12-13T10:15:00+08:00
R1_A,2016-06-14,84085,2016-02-19,65354,SHORT,-1,27,2016,0.778690055961,0.360811586432,0.0628001797697,0.0309702554225,3.21887582487,0.672827366587,0.0274445680777,0.014789026598,3.21887582487,0.668622868468,000852.SH,000852.SH:DEV_R1_A:84085:65354,2016-06-14T13:45:00+08:00,2016-02-19T13:34:00+08:00
R1_A,2016-06-15,84398,2016-06-15,84397,LONG,1,29,2016,0.529489642459,0.0326243396407,0.630368944779,0.362339483718,3.13549421593,0.432196650906,0.630368944779,0.362339483718,3.09104245336,0.433859185947,000852.SH,000852.SH:DEV_R1_A:84398:84397,2016-06-15T14:58:00+08:00,2016-06-15T14:57:00+08:00
R1_A,2016-06-16,84474,2016-07-21,90460,LONG,1,21,2016,0.659861130715,0.873582030559,0.15243210662,0.0676926850205,2.48490664979,1.35125440733,0.204779106367,0.0428415933846,2.3978952728,1.10932534607,000852.SH,000852.SH:DEV_R1_A:84474:90460,2016-06-16T10:44:00+08:00,2016-07-21T10:30:00+08:00
R1_A,2016-06-16,84588,2016-09-06,98501,LONG,1,28,2016,0.485639370225,0.0858543353513,0.0430937659619,0.0211738484398,4.53259949315,0.912320001092,0.056108212767,0.0214261960188,4.59511985013,0.919917619788,000852.SH,000852.SH:DEV_R1_A:84588:98501,2016-06-16T14:08:00+08:00,2016-09-06T14:01:00+08:00
R1_A,2016-06-17,84740,2016-11-30,111399,LONG,1,22,2016,0.442764005388,0.334665404726,0.0398542235285,0.0148591135897,4.59511985013,0.664928800345,0.0700283483617,0.0217255955697,4.24849524205,0.638131966983,000852.SH,000852.SH:DEV_R1_A:84740:111399,2016-06-17T11:10:00+08:00,2016-11-30T11:29:00+08:00
R1_A,2016-06-21,85290,2016-06-21,85286,LONG,1,27,2016,1.30247503009,0.0316786949933,0.338486973682,0.11127092179,4.65396035016,0.717560213872,0.338486973682,0.11127092179,4.61512051684,0.712412760191,000852.SH,000852.SH:DEV_R1_A:85290:85286,2016-06-21T13:50:00+08:00,2016-06-21T13:46:00+08:00
R1_A,2016-06-22,85371,2016-02-25,66162,SHORT,-1,19,2016,0.487149267128,1.06975690057,0.435671384045,0.223528849371,3.91202300543,1.70476581286,0.453228255829,0.238845408561,4.24849524205,1.34898178726,000852.SH,000852.SH:DEV_R1_A:85371:66162,2016-06-22T09:41:00+08:00,2016-02-25T09:32:00+08:00
R1_A,2016-06-23,85641,2016-06-23,85640,LONG,1,20,2016,0.378703780645,0.0492831632468,0.129295845364,0.0550780564813,5.31320597904,1.20841542824,0.129295845364,0.0550780564813,5.3082676974,1.22597980461,000852.SH,000852.SH:DEV_R1_A:85641:85640,2016-06-23T10:11:00+08:00,2016-06-23T10:10:00+08:00
R1_A,2016-06-23,85728,2016-04-20,75401,LONG,1,26,2016,1.0264795042,2.17146536584,0.550390961657,0.193396918562,3.25809653802,1.58635891471,0.231751139895,0.14359056634,4.5538768916,1.65582327239,000852.SH,000852.SH:DEV_R1_A:85728:75401,2016-06-23T13:08:00+08:00,2016-04-20T13:01:00+08:00
R1_A,2016-06-24,85996,2016-06-24,85994,SHORT,-1,27,2016,2.28025911912,0.0747203929715,0.472685504204,0.420950342225,3.36729582999,1.09952444245,0.472685504204,0.420950342225,3.295836866,1.08031892331,000852.SH,000852.SH:DEV_R1_A:85996:85994,2016-06-24T13:36:00+08:00,2016-06-24T13:34:00+08:00
R1_A,2016-06-24,86054,2016-03-07,68059,LONG,1,29,2016,0.822857636381,0.95369409053,0.216159476724,0.156943205471,2.7080502011,0.663558482514,0.309482314284,0.118796866491,2.83321334406,0.535589784645,000852.SH,000852.SH:DEV_R1_A:86054:68059,2016-06-24T14:34:00+08:00,2016-03-07T14:39:00+08:00
R1_A,2016-06-28,86373,2016-06-28,86372,LONG,1,20,2016,0.519945750006,0.103960523339,0.436814398518,0.17753254103,2.63905732962,1.11239602218,0.436814398518,0.17753254103,2.56494935746,1.14417703236,000852.SH,000852.SH:DEV_R1_A:86373:86372,2016-06-28T10:23:00+08:00,2016-06-28T10:22:00+08:00
R1_A,2016-06-28,86509,2016-02-19,65399,LONG,1,28,2016,0.540095484789,0.440157650717,0.198968033314,0.10440218807,2.56494935746,1.11543532485,0.208145038376,0.118645584058,2.30258509299,1.01317794078,000852.SH,000852.SH:DEV_R1_A:86509:65399,2016-06-28T14:09:00+08:00,2016-02-19T14:19:00+08:00
R1_A,2016-06-29,86591,2016-08-29,96911,LONG,1,20,2016,0.403557294616,1.19312492219,0.299926410811,0.193230295825,4.18965474203,1.82442771019,0.415877074179,0.181807029381,4.00733318523,1.47152057211,000852.SH,000852.SH:DEV_R1_A:86591:96911,2016-06-29T10:01:00+08:00,2016-08-29T10:01:00+08:00
R1_A,2016-07-05,87638,2016-07-05,87637,LONG,1,22,2016,0.564345721389,0.0521416799628,0.494891650917,0.238347152744,2.83321334406,1.2170360151,0.494891650917,0.238347152744,2.77258872224,1.20706041133,000852.SH,000852.SH:DEV_R1_A:87638:87637,2016-07-05T11:28:00+08:00,2016-07-05T11:27:00+08:00
R1_A,2016-07-05,87758,2016-05-13,79333,LONG,1,29,2016,0.372488912249,1.17822398459,0.560764513463,0.207178862239,4.47733681448,0.897950376243,0.389159904365,0.171406850036,4.85981240436,0.86322316216,000852.SH,000852.SH:DEV_R1_A:87758:79333,2016-07-05T14:58:00+08:00,2016-05-13T14:33:00+08:00
R1_A,2016-07-06,87976,2016-08-30,97351,LONG,1,29,2016,0.48913378414,1.16814455407,0.560764513463,0.207178862239,5.72358510195,0.989087119613,0.391607964182,0.169829551459,5.91620206261,0.93186229188,000852.SH,000852.SH:DEV_R1_A:87976:97351,2016-07-06T14:36:00+08:00,2016-08-30T14:51:00+08:00
R1_A,2016-07-07,88061,2016-07-21,90460,LONG,1,21,2016,0.647307600263,1.35435176599,0.258733000637,0.0410668259257,2.56494935746,1.58006387101,0.204779106367,0.0428415933846,2.3978952728,1.10932534607,000852.SH,000852.SH:DEV_R1_A:88061:90460,2016-07-07T10:31:00+08:00,2016-07-21T10:30:00+08:00
R1_A,2016-07-08,88273,2016-03-10,68600,LONG,1,20,2016,0.604496479724,0.24425828092,0.0808747905095,0.0358373055913,3.09104245336,1.25746489628,0.0852740732713,0.0467721546576,3.04452243772,1.21389050762,000852.SH,000852.SH:DEV_R1_A:88273:68600,2016-07-08T10:03:00+08:00,2016-03-10T10:10:00+08:00
R1_A,2016-07-11,88482,2016-12-08,112743,LONG,1,19,2016,0.466436522991,0.198418770417,0.245817042615,0.0930861202565,5.1059454739,1.47500539347,0.253615908688,0.103138812232,5.1532915945,1.47317663229,000852.SH,000852.SH:DEV_R1_A:88482:112743,2016-07-11T09:32:00+08:00,2016-12-08T09:53:00+08:00
R1_A,2016-07-13,88976,2016-07-13,88975,SHORT,-1,19,2016,2.31773805758,0.218171497157,0.564138739843,0.243196121282,4.97673374242,1.47036082869,0.564138739843,0.243196121282,4.96981329958,1.39241903129,000852.SH,000852.SH:DEV_R1_A:88976:88975,2016-07-13T09:46:00+08:00,2016-07-13T09:45:00+08:00
R1_A,2016-07-13,89190,2016-10-19,104319,LONG,1,29,2016,0.533427557491,0.952174424263,0.225440117372,0.109736848915,2.63905732962,0.888265095537,0.162535329796,0.0677520671752,2.63905732962,1.03046662254,000852.SH,000852.SH:DEV_R1_A:89190:104319,2016-07-13T14:50:00+08:00,2016-10-19T14:59:00+08:00
R1_A,2016-07-14,89413,2016-08-30,97358,LONG,1,29,2016,0.517191451926,1.21202076862,0.0139631366326,0.0031379190118,2.3978952728,1.43389049066,0.0134375436459,0.0027660936357,1.94591014906,1.01698451222,000852.SH,000852.SH:DEV_R1_A:89413:97358,2016-07-14T14:33:00+08:00,2016-08-30T14:58:00+08:00
R1_A,2016-07-15,89560,2016-08-22,95800,LONG,1,23,2016,0.74647408794,0.624958883882,0.0284491620438,0.018250108345,4.14313472639,1.17717557278,0.0185055958979,0.00395374256143,4.02535169074,0.979256202082,000852.SH,000852.SH:DEV_R1_A:89560:95800,2016-07-15T11:30:00+08:00,2016-08-22T11:30:00+08:00
R1_A,2016-07-15,89617,2016-09-06,98496,LONG,1,27,2016,0.289300319344,0.240348818656,0.0284491620438,0.018250108345,4.78749174278,0.824522925298,0.056108212767,0.0214261960188,4.54329478227,0.814207733659,000852.SH,000852.SH:DEV_R1_A:89617:98496,2016-07-15T13:57:00+08:00,2016-09-06T13:56:00+08:00
R1_A,2016-07-18,89887,2016-07-18,89874,SHORT,-1,28,2016,0.881495206379,0.138784919893,0.419696645173,0.106567466585,4.54329478227,0.731276781471,0.419696645173,0.106567466585,4.39444915467,0.700185343662,000852.SH,000852.SH:DEV_R1_A:89887:89874,2016-07-18T14:27:00+08:00,2016-07-18T14:14:00+08:00
R1_A,2016-07-22,90711,2016-07-22,90707,LONG,1,21,2016,0.739243706897,0.0383645752155,0.118358567974,0.0520502419237,4.35670882669,0.945209196358,0.118358567974,0.0520502419237,4.3040650932,0.944113087045,000852.SH,000852.SH:DEV_R1_A:90711:90707,2016-07-22T10:41:00+08:00,2016-07-22T10:37:00+08:00
R1_A,2016-07-22,90797,2016-11-23,110233,LONG,1,27,2016,0.650316417144,0.494041916473,0.118358567974,0.0520502419237,5.09986642782,1.04788866952,0.157167081071,0.0415440819889,5.6058020663,0.990004022347,000852.SH,000852.SH:DEV_R1_A:90797:110233,2016-07-22T13:37:00+08:00,2016-11-23T13:33:00+08:00
R1_A,2016-07-25,91025,2016-05-11,78761,SHORT,-1,26,2016,0.621320814469,0.672312875083,0.245888620494,0.134527983379,4.20469261939,0.450642824353,0.184210624041,0.129212515078,3.80666248977,0.629194775948,000852.SH,000852.SH:DEV_R1_A:91025:78761,2016-07-25T13:25:00+08:00,2016-05-11T13:01:00+08:00
R1_A,2016-07-27,91514,2016-07-27,91513,SHORT,-1,27,2016,1.41309941826,0.0544253222057,0.541364945353,0.28297253446,2.63905732962,1.97626052193,0.541364945353,0.28297253446,2.56494935746,1.97340122838,000852.SH,000852.SH:DEV_R1_A:91514:91513,2016-07-27T13:34:00+08:00,2016-07-27T13:33:00+08:00
R1_A,2016-07-28,91765,2016-07-28,91764,SHORT,-1,27,2016,0.874012106585,0.0968597698474,0.400877108682,0.204006584247,3.13549421593,0.833908905477,0.400877108682,0.204006584247,3.09104245336,0.801276607589,000852.SH,000852.SH:DEV_R1_A:91765:91764,2016-07-28T13:45:00+08:00,2016-07-28T13:44:00+08:00
R1_A,2016-08-01,92122,2016-08-01,92121,SHORT,-1,20,2016,0.51995853217,0.0893368540013,0.504115607505,0.250705550329,2.30258509299,1.17840313511,0.504115607505,0.250705550329,2.19722457734,1.16193722091,000852.SH,000852.SH:DEV_R1_A:92122:92121,2016-08-01T10:12:00+08:00,2016-08-01T10:11:00+08:00
R1_A,2016-08-01,92158,2016-05-16,79426,SHORT,-1,21,2016,0.519053587021,0.790718749221,0.0194092340777,0.0163819658359,2.77258872224,0.496045437091,0.0806886276438,0.052192408377,2.99573227355,0.55749798887,000852.SH,000852.SH:DEV_R1_A:92158:79426,2016-08-01T10:48:00+08:00,2016-05-16T10:36:00+08:00
R1_A,2016-08-05,93256,2016-08-05,93255,LONG,1,29,2016,0.551847596564,0.0775919496644,0.614196276014,0.109563115438,2.63905732962,1.55899822857,0.614196276014,0.109563115438,2.56494935746,1.5789661707,000852.SH,000852.SH:DEV_R1_A:93256:93255,2016-08-05T14:36:00+08:00,2016-08-05T14:35:00+08:00
R1_A,2016-08-09,93745,2016-08-09,93738,LONG,1,29,2016,0.286152669605,0.0525410265596,0.367570684551,0.0661513630133,6.00388706711,0.705563794678,0.367570684551,0.0661513630133,5.98645200528,0.687342175988,000852.SH,000852.SH:DEV_R1_A:93745:93738,2016-08-09T14:45:00+08:00,2016-08-09T14:38:00+08:00
R1_A,2016-08-10,93818,2016-11-21,109630,LONG,1,20,2016,0.364160956875,0.486980391452,0.367570684551,0.0661513630133,6.16961073249,1.32523454724,0.350501970901,0.088181581007,6.22257626807,1.40705110591,000852.SH,000852.SH:DEV_R1_A:93818:109630,2016-08-10T10:28:00+08:00,2016-11-21T10:00:00+08:00
R1_A,2016-08-10,93976,2016-12-12,113431,LONG,1,29,2016,0.467251374918,0.379465051371,0.367570684551,0.0661513630133,6.45519856334,0.939526097591,0.311993129304,0.0693051655747,6.1527326947,0.962092809615,000852.SH,000852.SH:DEV_R1_A:93976:113431,2016-08-10T14:36:00+08:00,2016-12-12T14:51:00+08:00
R1_A,2016-08-19,95449,2016-08-19,95448,LONG,1,19,2016,0.452228665444,0.0268078908196,0.564665852851,0.116618583274,3.78418963392,1.03479386277,0.564665852851,0.116618583274,3.76120011569,1.04228761168,000852.SH,000852.SH:DEV_R1_A:95449:95448,2016-08-19T09:39:00+08:00,2016-08-19T09:38:00+08:00
R1_A,2016-08-22,95826,2016-08-22,95822,LONG,1,26,2016,0.777338334541,0.0551917192858,0.0185055958979,0.00395374256143,4.40671924726,0.788367983336,0.0185055958979,0.00395374256143,4.35670882669,0.773520564274,000852.SH,000852.SH:DEV_R1_A:95826:95822,2016-08-22T13:26:00+08:00,2016-08-22T13:22:00+08:00
R1_A,2016-08-23,96091,2016-08-23,96090,SHORT,-1,27,2016,0.585118934211,0.300527905669,0.357379969006,0.102062010316,4.7957905456,0.622658152198,0.357379969006,0.102062010316,4.78749174278,0.515287611533,000852.SH,000852.SH:DEV_R1_A:96091:96090,2016-08-23T13:51:00+08:00,2016-08-23T13:50:00+08:00
R1_A,2016-08-24,96237,2016-12-29,116392,SHORT,-1,21,2016,0.858909216493,0.333356393268,0.121014594196,0.0492970279409,4.34380542185,0.869602261781,0.0970557198534,0.0349641096887,4.51085950652,0.84198570967,000852.SH,000852.SH:DEV_R1_A:96237:116392,2016-08-24T10:47:00+08:00,2016-12-29T10:42:00+08:00
R1_A,2016-08-25,96470,2016-10-18,103929,SHORT,-1,21,2016,0.610684653532,0.542227092884,0.196646483987,0.0921203054211,3.17805383035,0.38483469074,0.181061930581,0.0819914197346,2.56494935746,0.466118852002,000852.SH,000852.SH:DEV_R1_A:96470:103929,2016-08-25T10:40:00+08:00,2016-10-18T10:59:00+08:00
R1_A,2016-08-29,96919,2016-08-29,96917,LONG,1,20,2016,0.72180819204,0.25851144065,0.415877074179,0.181807029381,4.14313472639,1.18762765585,0.415877074179,0.181807029381,4.11087386417,1.27962506004,000852.SH,000852.SH:DEV_R1_A:96919:96917,2016-08-29T10:09:00+08:00,2016-08-29T10:07:00+08:00
R1_A,2016-08-31,97432,2016-08-31,97427,LONG,1,21,2016,0.91936487298,0.0948589838913,0.0134375436459,0.0027660936357,4.39444915467,1.15649206197,0.0134375436459,0.0027660936357,4.33073334029,1.18608045427,000852.SH,000852.SH:DEV_R1_A:97432:97427,2016-08-31T10:42:00+08:00,2016-08-31T10:37:00+08:00
R1_A,2016-08-31,97551,2016-06-08,83645,SHORT,-1,28,2016,0.556962061683,0.412135449084,0.107787715627,0.0228957926355,4.24849524205,0.513984825204,0.13773675065,0.0304650472021,4.48863636973,0.623064789178,000852.SH,000852.SH:DEV_R1_A:97551:83645,2016-08-31T14:11:00+08:00,2016-06-08T14:25:00+08:00
R1_A,2016-09-02,97866,2016-09-02,97865,SHORT,-1,19,2016,0.263675423919,0.032891564763,0.181448488934,0.0544172932331,3.68887945411,1.68615884058,0.181448488934,0.0544172932331,3.66356164613,1.6959033425,000852.SH,000852.SH:DEV_R1_A:97866:97865,2016-09-02T09:56:00+08:00,2016-09-02T09:55:00+08:00
R1_A,2016-09-05,98196,2016-09-05,98194,SHORT,-1,22,2016,1.0717447257,0.023965194559,0.385608769321,0.0857943312085,4.74493212836,0.361572703115,0.385608769321,0.0857943312085,4.72738781871,0.354320229409,000852.SH,000852.SH:DEV_R1_A:98196:98194,2016-09-05T11:26:00+08:00,2016-09-05T11:24:00+08:00
R1_A,2016-09-08,98820,2016-09-08,98819,LONG,1,19,2016,0.583132449575,0.0631255145323,0.399114764694,0.152441128054,3.4657359028,1.31617527632,0.399114764694,0.152441128054,3.43398720449,1.33717344089,000852.SH,000852.SH:DEV_R1_A:98820:98819,2016-09-08T09:50:00+08:00,2016-09-08T09:49:00+08:00
R1_A,2016-09-12,99343,2016-09-12,99342,SHORT,-1,21,2016,0.603389392613,0.0759942165967,0.59043568433,0.283925496948,3.7135720667,0.225936526617,0.59043568433,0.283925496948,3.68887945411,0.199547685708,000852.SH,000852.SH:DEV_R1_A:99343:99342,2016-09-12T10:33:00+08:00,2016-09-12T10:32:00+08:00
R1_A,2016-09-12,99452,2016-07-12,88870,SHORT,-1,27,2016,0.30591718169,1.42130823561,0.594728786869,0.257402285167,4.11087386417,0.218214497396,0.564138739843,0.243196121282,3.66356164613,0.699648020372,000852.SH,000852.SH:DEV_R1_A:99452:88870,2016-09-12T13:52:00+08:00,2016-07-12T13:30:00+08:00
R1_A,2016-09-12,99497,2016-07-12,88959,SHORT,-1,29,2016,0.337515257089,0.80512355581,0.594728786869,0.257402285167,4.66343909411,0.391489881539,0.564138739843,0.243196121282,4.85203026392,0.651643403318,000852.SH,000852.SH:DEV_R1_A:99497:88959,2016-09-12T14:37:00+08:00,2016-07-12T14:59:00+08:00
R1_A,2016-09-13,99531,2016-07-04,87287,SHORT,-1,19,2016,0.664320364796,0.807428848571,0.344719102166,0.114733598321,2.30258509299,2.32186625402,0.239788853515,0.0917072700082,1.79175946923,2.35565198909,000852.SH,000852.SH:DEV_R1_A:99531:87287,2016-09-13T09:41:00+08:00,2016-07-04T09:37:00+08:00
R1_A,2016-09-14,99877,2016-09-14,99876,SHORT,-1,22,2016,0.703511889171,0.0496136155774,0.11829712507,0.0640241480658,4.3040650932,0.34258082761,0.11829712507,0.0640241480658,4.29045944115,0.325206995881,000852.SH,000852.SH:DEV_R1_A:99877:99876,2016-09-14T11:27:00+08:00,2016-09-14T11:26:00+08:00
R1_A,2016-09-20,100362,2016-09-20,100361,LONG,1,26,2016,0.311949231126,0.0339041806849,0.0708947914701,0.0306244940119,5.88887795833,1.10245038267,0.0708947914701,0.0306244940119,5.88610403145,1.11454445557,000852.SH,000852.SH:DEV_R1_A:100362:100361,2016-09-20T13:02:00+08:00,2016-09-20T13:01:00+08:00
R1_A,2016-09-26,101280,2016-09-26,101279,LONG,1,21,2016,1.2646787229,0.0109702647902,0.485364895984,0.101055917461,5.47227067367,0.972762963399,0.485364895984,0.101055917461,5.46806014114,0.976527681582,000852.SH,000852.SH:DEV_R1_A:101280:101279,2016-09-26T10:50:00+08:00,2016-09-26T10:49:00+08:00
R1_A,2016-09-28,101780,2016-09-28,101779,SHORT,-1,22,2016,1.14457661331,0.00647397101781,0.215232262727,0.0462446408939,4.8751973232,0.386934816268,0.215232262727,0.0462446408939,4.86753445046,0.388116018661,000852.SH,000852.SH:DEV_R1_A:101780:101779,2016-09-28T11:10:00+08:00,2016-09-28T11:09:00+08:00
R1_A,2016-10-14,103518,2016-10-14,103510,LONG,1,27,2016,0.867049597527,0.0918583505932,0.18532283503,0.0423657577082,4.70953020131,0.455249456199,0.18532283503,0.0423657577082,4.63472898823,0.42878326036,000852.SH,000852.SH:DEV_R1_A:103518:103510,2016-10-14T13:38:00+08:00,2016-10-14T13:30:00+08:00
R1_A,2016-10-20,104322,2016-07-22,90654,LONG,1,19,2016,0.521059495887,0.421220623766,0.162535329796,0.0677520671752,2.83321334406,1.30667940495,0.118358567974,0.0520502419237,3.04452243772,1.27220485457,000852.SH,000852.SH:DEV_R1_A:104322:90654,2016-10-20T09:32:00+08:00,2016-07-22T09:44:00+08:00
R1_A,2016-10-24,104821,2016-10-24,104820,SHORT,-1,19,2016,0.787293891727,0.0892289746375,0.308186877165,0.116716072954,4.36944785247,0.870086271263,0.308186877165,0.116716072954,4.35670882669,0.8383726827,000852.SH,000852.SH:DEV_R1_A:104821:104820,2016-10-24T09:51:00+08:00,2016-10-24T09:50:00+08:00
R1_A,2016-10-26,105419,2016-10-26,105418,LONG,1,26,2016,0.591234804633,0.0640228728024,0.104682280252,0.030489923558,3.7135720667,0.492566827474,0.104682280252,0.030489923558,3.68887945411,0.470604843878,000852.SH,000852.SH:DEV_R1_A:105419:105418,2016-10-26T13:19:00+08:00,2016-10-26T13:18:00+08:00
R1_A,2016-10-31,106082,2016-10-31,106081,LONG,1,21,2016,1.05635695318,0.0103638743034,0.104682280252,0.030489923558,6.55677835616,0.438457699792,0.104682280252,0.030489923558,6.55535689181,0.442142750905,000852.SH,000852.SH:DEV_R1_A:106082:106081,2016-10-31T10:52:00+08:00,2016-10-31T10:51:00+08:00
R1_A,2016-11-02,106572,2016-11-02,106571,SHORT,-1,22,2016,1.35349513097,0.204604284686,0.0419846845128,0.00790411788654,5.97380961187,0.629247303996,0.0419846845128,0.00790411788654,5.97126183979,0.556135973769,000852.SH,000852.SH:DEV_R1_A:106572:106571,2016-11-02T11:02:00+08:00,2016-11-02T11:01:00+08:00
R1_A,2016-11-04,106968,2016-11-04,106967,LONG,1,19,2016,0.53472604347,0.0728401739747,0.21063198207,0.0734107459162,3.13549421593,1.0122190424,0.21063198207,0.0734107459162,3.09104245336,0.988887425996,000852.SH,000852.SH:DEV_R1_A:106968:106967,2016-11-04T09:38:00+08:00,2016-11-04T09:37:00+08:00
R1_A,2016-11-09,107902,2016-11-09,107901,SHORT,-1,29,2016,1.35751768964,0.0558230366934,0.336183619023,0.102861697365,4.5538768916,0.456132315649,0.336183619023,0.102861697365,4.54329478227,0.436374271533,000852.SH,000852.SH:DEV_R1_A:107902:107901,2016-11-09T14:42:00+08:00,2016-11-09T14:41:00+08:00
R1_A,2016-11-14,108619,2016-11-14,108618,LONG,1,29,2016,0.541324093185,0.0329250511748,0.490867570719,0.151045980673,3.13549421593,1.23745841855,0.490867570719,0.151045980673,3.09104245336,1.2351603571,000852.SH,000852.SH:DEV_R1_A:108619:108618,2016-11-14T14:39:00+08:00,2016-11-14T14:38:00+08:00
R1_A,2016-11-15,108827,2016-10-17,103794,LONG,1,28,2016,0.289137584638,0.774789208441,0.520673575166,0.140653000987,5.1532915945,1.29642074721,0.638231960277,0.147087075549,5.38907172982,1.15273728817,000852.SH,000852.SH:DEV_R1_A:108827:103794,2016-11-15T14:07:00+08:00,2016-10-17T14:14:00+08:00
R1_A,2016-11-17,109272,2016-11-17,109271,LONG,1,27,2016,0.818252631029,0.121273494783,0.350501970901,0.088181581007,4.98360662171,0.307646468204,0.350501970901,0.088181581007,4.97673374242,0.350946207496,000852.SH,000852.SH:DEV_R1_A:109272:109271,2016-11-17T13:32:00+08:00,2016-11-17T13:31:00+08:00
R1_A,2016-11-23,110234,2016-11-23,110233,LONG,1,27,2016,0.44069704241,0.439878700654,0.157167081071,0.0415440819889,5.60947179518,1.14718959736,0.157167081071,0.0415440819889,5.6058020663,0.990004022347,000852.SH,000852.SH:DEV_R1_A:110234:110233,2016-11-23T13:34:00+08:00,2016-11-23T13:33:00+08:00
R1_A,2016-11-28,110823,2016-11-28,110818,SHORT,-1,19,2016,1.60722422963,0.0201900699718,0.413919802686,0.0911439870177,5.28320372874,1.18372160161,0.413919802686,0.0911439870177,5.25749537203,1.18097967964,000852.SH,000852.SH:DEV_R1_A:110823:110818,2016-11-28T09:53:00+08:00,2016-11-28T09:48:00+08:00
R1_A,2016-12-05,112103,2016-12-05,112096,SHORT,-1,22,2016,0.940952527819,0.0616084492126,0.563403900405,0.153686204931,4.48863636973,0.276246877882,0.563403900405,0.153686204931,4.40671924726,0.270545524732,000852.SH,000852.SH:DEV_R1_A:112103:112096,2016-12-05T11:13:00+08:00,2016-12-05T11:06:00+08:00
R1_A,2016-12-13,113489,2016-12-13,113488,SHORT,-1,20,2016,0.686995451275,0.112370283871,0.680217628283,0.235712109101,3.4657359028,0.693956294406,0.680217628283,0.235712109101,3.43398720449,0.73325640924,000852.SH,000852.SH:DEV_R1_A:113489:113488,2016-12-13T10:19:00+08:00,2016-12-13T10:18:00+08:00
R1_A,2016-12-14,113768,2016-12-14,113764,LONG,1,21,2016,0.837471606738,0.0674396017167,0.300675419792,0.150682112801,3.85014760171,1.02012660426,0.300675419792,0.150682112801,3.76120011569,1.02702961535,000852.SH,000852.SH:DEV_R1_A:113768:113764,2016-12-14T10:58:00+08:00,2016-12-14T10:54:00+08:00
R1_A,2016-12-15,113924,2016-07-12,88735,LONG,1,19,2016,1.04465047179,0.784228770565,0.027795342766,0.0138314850432,3.55534806149,1.9776125038,0.0513540540723,0.0163000540563,3.66356164613,1.70294433206,000852.SH,000852.SH:DEV_R1_A:113924:88735,2016-12-15T09:34:00+08:00,2016-07-12T09:45:00+08:00
R1_A,2016-12-15,114134,2016-04-29,77180,LONG,1,29,2016,0.840983499367,0.772923032035,0.174127814831,0.101415877356,3.82864139649,0.906300895138,0.143137782272,0.0623530055243,3.89182029811,0.858500283555,000852.SH,000852.SH:DEV_R1_A:114134:77180,2016-12-15T14:34:00+08:00,2016-04-29T14:40:00+08:00
R1_A,2016-12-16,114340,2016-03-07,68042,LONG,1,28,2016,0.295616349076,0.240588011828,0.277581367254,0.141703308109,5.17614973257,0.513833431083,0.267448712588,0.138049077007,4.88280192259,0.53840978503,000852.SH,000852.SH:DEV_R1_A:114340:68042,2016-12-16T14:00:00+08:00,2016-03-07T14:22:00+08:00
R1_A,2016-12-19,114424,2016-12-21,114883,LONG,1,19,2016,0.368204453083,0.738542249969,0.277581367254,0.141703308109,5.56452040732,1.74424747661,0.277581367254,0.141703308109,6.57925121201,1.76058122142,000852.SH,000852.SH:DEV_R1_A:114424:114883,2016-12-19T09:54:00+08:00,2016-12-21T09:33:00+08:00
R1_A,2016-12-21,115117,2016-12-21,115115,LONG,1,29,2016,0.296044029589,0.00456542882993,0.277581367254,0.141703308109,6.86066367145,0.311025117425,0.277581367254,0.141703308109,6.85856503479,0.309487328088,000852.SH,000852.SH:DEV_R1_A:115117:115115,2016-12-21T14:57:00+08:00,2016-12-21T14:55:00+08:00
R1_A,2016-12-22,115281,2016-12-20,114815,LONG,1,27,2016,0.408035958754,0.392814737405,0.277581367254,0.141703308109,7.01929665372,0.57713342692,0.277581367254,0.141703308109,6.48004456193,0.587574681761,000852.SH,000852.SH:DEV_R1_A:115281:114815,2016-12-22T13:41:00+08:00,2016-12-20T13:55:00+08:00
R1_A,2016-12-23,115579,2016-12-23,115578,LONG,1,29,2016,0.965501450713,0.00459877386834,0.335659397463,0.0510892011175,5.12989871492,1.05925262473,0.335659397463,0.0510892011175,5.1239639794,1.05982468491,000852.SH,000852.SH:DEV_R1_A:115579:115578,2016-12-23T14:39:00+08:00,2016-12-23T14:38:00+08:00
R1_A,2016-12-26,115696,2016-08-09,93611,LONG,1,22,2016,0.347715481778,0.340715336842,0.335659397463,0.0510892011175,5.65599181082,0.61818454144,0.367570684551,0.0661513630133,5.60211882088,0.639987633049,000852.SH,000852.SH:DEV_R1_A:115696:93611,2016-12-26T11:06:00+08:00,2016-08-09T11:01:00+08:00
R1_A,2016-12-27,115890,2016-07-01,87098,SHORT,-1,20,2016,1.53316479908,0.282585830903,0.0849428588792,0.0151463679374,5.19849703127,0.759638034591,0.0882132278588,0.0177177810588,4.86753445046,0.809365009998,000852.SH,000852.SH:DEV_R1_A:115890:87098,2016-12-27T10:20:00+08:00,2016-07-01T10:28:00+08:00
R1_A,2017-01-09,117833,2017-01-09,117823,LONG,1,21,2017,0.956159238741,0.0373033117305,0.457671132716,0.131143040176,5.53733426702,0.865232918765,0.457671132716,0.131143040176,5.49716822529,0.861299483172,000852.SH,000852.SH:DEV_R1_A:117833:117823,2017-01-09T10:43:00+08:00,2017-01-09T10:33:00+08:00
R1_A,2017-01-13,118726,2017-01-13,118721,SHORT,-1,19,2017,0.283322745939,0.0429559782728,0.136091161264,0.0362382609838,6.22851100359,0.882707821725,0.136091161264,0.0362382609838,6.21860011969,0.868035896735,000852.SH,000852.SH:DEV_R1_A:118726:118721,2017-01-13T09:36:00+08:00,2017-01-13T09:31:00+08:00
R1_A,2017-01-13,118859,2017-11-21,168538,SHORT,-1,26,2017,0.527623470955,0.945503309418,0.558689896402,0.146537013462,3.63758615973,0.420716129042,0.411103999014,0.140918743803,3.91202300543,0.46852167477,000852.SH,000852.SH:DEV_R1_A:118859:168538,2017-01-13T13:19:00+08:00,2017-11-21T13:18:00+08:00
R1_A,2017-01-16,119018,2017-05-23,138935,SHORT,-1,20,2017,0.605368488668,2.76806892332,0.65105642305,0.427165693501,3.52636052462,0.666713094437,0.622097101456,0.297758988108,2.63905732962,0.94517208292,000852.SH,000852.SH:DEV_R1_A:119018:138935,2017-01-16T10:28:00+08:00,2017-05-23T10:25:00+08:00
R1_A,2017-01-16,119144,2017-03-31,130911,SHORT,-1,28,2017,0.425325832976,1.67006506175,0.609842037099,0.376549127608,4.66343909411,0.640465682125,0.557901516934,0.30023268661,5.43372200355,0.612317905714,000852.SH,000852.SH:DEV_R1_A:119144:130911,2017-01-16T14:04:00+08:00,2017-03-31T14:11:00+08:00
R1_A,2017-01-17,119202,2017-10-19,162884,SHORT,-1,19,2017,2.01892392837,4.8840101571,0.762379666131,0.478475397221,3.25809653802,1.40730033675,0.523212485866,0.240595968449,3.73766961828,1.44573941496,000852.SH,000852.SH:DEV_R1_A:119202:162884,2017-01-17T09:32:00+08:00,2017-10-19T09:34:00+08:00
R1_A,2017-01-24,120559,2017-01-24,120558,LONG,1,27,2017,0.617793954318,0.024401024082,0.404671243985,0.139049004794,4.54329478227,0.422331459678,0.404671243985,0.139049004794,4.53259949315,0.430178182124,000852.SH,000852.SH:DEV_R1_A:120559:120558,2017-01-24T13:39:00+08:00,2017-01-24T13:38:00+08:00
R1_A,2017-02-03,121268,2017-02-03,121267,LONG,1,26,2017,0.510161293703,0.0325275763343,0.150132209506,0.0338998211091,3.93182563272,0.458659054269,0.150132209506,0.0338998211091,3.91202300543,0.449099231471,000852.SH,000852.SH:DEV_R1_A:121268:121267,2017-02-03T13:28:00+08:00,2017-02-03T13:27:00+08:00
R1_A,2017-02-07,121785,2017-02-07,121784,LONG,1,28,2017,0.534118535669,0.0224320008239,0.406340752833,0.122212857252,3.76120011569,0.530469445651,0.406340752833,0.122212857252,3.73766961828,0.533372759395,000852.SH,000852.SH:DEV_R1_A:121785:121784,2017-02-07T14:05:00+08:00,2017-02-07T14:04:00+08:00
R1_A,2017-02-10,122467,2017-02-10,122457,LONG,1,26,2017,0.337839980415,0.0185550537897,0.338499255276,0.089446431569,6.19236248947,0.782106845119,0.338499255276,0.089446431569,6.17170059741,0.783193096702,000852.SH,000852.SH:DEV_R1_A:122467:122457,2017-02-10T13:27:00+08:00,2017-02-10T13:17:00+08:00
R1_A,2017-02-14,123013,2017-02-14,123011,LONG,1,29,2017,0.28648879561,0.0348149668884,0.338499255276,0.089446431569,6.9421567057,0.568258284967,0.338499255276,0.089446431569,6.94022246912,0.556125579591,000852.SH,000852.SH:DEV_R1_A:123013:123011,2017-02-14T14:33:00+08:00,2017-02-14T14:31:00+08:00
R1_A,2017-02-15,123157,2017-02-14,122916,LONG,1,22,2017,0.425446457919,0.20920552284,0.338499255276,0.089446431569,7.07242190054,0.704060370184,0.338499255276,0.089446431569,6.84374994901,0.722468616477,000852.SH,000852.SH:DEV_R1_A:123157:122916,2017-02-15T11:27:00+08:00,2017-02-14T11:26:00+08:00
R1_A,2017-02-28,125219,2017-02-28,125212,LONG,1,19,2017,0.637451958909,0.13885853597,0.432647017098,0.0692807957154,3.97029191355,1.25134743707,0.432647017098,0.0692807957154,3.82864139649,1.27215291862,000852.SH,000852.SH:DEV_R1_A:125219:125212,2017-02-28T09:49:00+08:00,2017-02-28T09:42:00+08:00
R1_A,2017-03-02,125800,2017-06-26,144280,LONG,1,23,2017,0.533575045999,1.14940405614,0.012822393633,0.00372915935049,3.76120011569,0.412263393193,0.0464459646559,0.0097370449804,5.03043792139,0.431490588192,000852.SH,000852.SH:DEV_R1_A:125800:144280,2017-03-02T11:30:00+08:00,2017-06-26T11:30:00+08:00
R1_A,2017-03-09,127022,2017-03-09,127020,LONG,1,26,2017,0.930400110191,0.0100408154242,0.234566129964,0.0767943717053,5.21493575761,0.248932408343,0.234566129964,0.0767943717053,5.20400668708,0.247996036141,000852.SH,000852.SH:DEV_R1_A:127022:127020,2017-03-09T13:22:00+08:00,2017-03-09T13:20:00+08:00
R1_A,2017-03-20,128613,2017-03-20,128612,LONG,1,20,2017,0.999452372598,0.486187939712,0.357660510809,0.106602104021,4.49980967033,0.76181497089,0.357660510809,0.106602104021,4.48863636973,0.931417334017,000852.SH,000852.SH:DEV_R1_A:128613:128612,2017-03-20T10:23:00+08:00,2017-03-20T10:22:00+08:00
R1_A,2017-03-24,129551,2017-03-24,129550,SHORT,-1,20,2017,0.76782904487,0.0440461831502,0.233551213837,0.113974573766,4.27666611902,0.83694188776,0.233551213837,0.113974573766,4.26267987704,0.851690449073,000852.SH,000852.SH:DEV_R1_A:129551:129550,2017-03-24T10:01:00+08:00,2017-03-24T10:00:00+08:00
R1_A,2017-03-29,130438,2017-03-29,130437,SHORT,-1,28,2017,0.576292299133,0.0229507913631,0.0679885150928,0.0152223260782,4.46590811865,0.678600431571,0.0679885150928,0.0152223260782,4.45434729625,0.671432937883,000852.SH,000852.SH:DEV_R1_A:130438:130437,2017-03-29T14:18:00+08:00,2017-03-29T14:17:00+08:00
R1_A,2017-03-30,130670,2017-10-18,162849,SHORT,-1,28,2017,0.611726727246,1.46197082154,0.578027173044,0.283691923916,3.17805383035,0.964413759683,0.523212485866,0.240595968449,1.94591014906,0.838969881912,000852.SH,000852.SH:DEV_R1_A:130670:162849,2017-03-30T14:10:00+08:00,2017-10-18T14:29:00+08:00
R1_A,2017-04-11,131929,2017-04-11,131928,LONG,1,19,2017,1.15865374721,0.104659417904,0.541868669494,0.156280965769,5.50125821054,1.82629572435,0.541868669494,0.156280965769,5.49716822529,1.78980051403,000852.SH,000852.SH:DEV_R1_A:131929:131928,2017-04-11T09:39:00+08:00,2017-04-11T09:38:00+08:00
R1_A,2017-04-17,132960,2017-04-17,132959,SHORT,-1,21,2017,0.499607409572,0.00985701299199,0.154132519989,0.0387664346481,5.72358510195,0.368394827807,0.154132519989,0.0387664346481,5.72031177661,0.365107571393,000852.SH,000852.SH:DEV_R1_A:132960:132959,2017-04-17T10:50:00+08:00,2017-04-17T10:49:00+08:00
R1_A,2017-04-17,133096,2017-03-06,126380,SHORT,-1,29,2017,0.340427986207,0.221517481606,0.154132519989,0.0387664346481,6.09130988208,0.542871014205,0.168378824667,0.0445909856089,5.91620206261,0.5191415498,000852.SH,000852.SH:DEV_R1_A:133096:126380,2017-04-17T14:36:00+08:00,2017-03-06T14:40:00+08:00
R1_A,2017-04-18,133165,2017-12-06,171082,SHORT,-1,20,2017,0.558137742986,0.563539535255,0.651044070249,0.183290421853,3.63758615973,0.633288315029,0.57044263566,0.193911819806,3.43398720449,0.649943494782,000852.SH,000852.SH:DEV_R1_A:133165:171082,2017-04-18T10:15:00+08:00,2017-12-06T10:12:00+08:00
R1_A,2017-04-19,133459,2017-04-19,133458,SHORT,-1,22,2017,0.320676884037,0.104753379135,0.654805933983,0.196390666742,4.97673374242,0.539482546949,0.654805933983,0.196390666742,4.96981329958,0.502995258055,000852.SH,000852.SH:DEV_R1_A:133459:133458,2017-04-19T11:09:00+08:00,2017-04-19T11:08:00+08:00
R1_A,2017-04-19,133511,2017-11-24,169299,SHORT,-1,27,2017,0.42558294215,0.52670664699,0.654805933983,0.196390666742,5.28320372874,0.371563637279,0.595985836192,0.214459880919,5.1059454739,0.380956704891,000852.SH,000852.SH:DEV_R1_A:133511:169299,2017-04-19T13:31:00+08:00,2017-11-24T13:59:00+08:00
R1_A,2017-04-20,133646,2017-11-24,169179,SHORT,-1,20,2017,1.07644267734,1.19274581579,0.662960306121,0.249750855311,4.65396035016,0.627174479243,0.595985836192,0.214459880919,3.80666248977,0.790856730629,000852.SH,000852.SH:DEV_R1_A:133646:169179,2017-04-20T10:16:00+08:00,2017-11-24T10:29:00+08:00
R1_A,2017-04-21,133912,2017-04-21,133911,SHORT,-1,21,2017,0.804056502436,0.0239761853636,0.0569743012983,0.0249003632773,4.62497281328,0.561350678786,0.0569743012983,0.0249003632773,4.61512051684,0.553558265033,000852.SH,000852.SH:DEV_R1_A:133912:133911,2017-04-21T10:42:00+08:00,2017-04-21T10:41:00+08:00
R1_A,2017-04-24,134167,2017-04-24,134166,SHORT,-1,21,2017,0.709779706603,0.0351803668559,0.537212940845,0.265393737826,4.11087386417,0.444726659402,0.537212940845,0.265393737826,4.09434456222,0.433564042242,000852.SH,000852.SH:DEV_R1_A:134167:134166,2017-04-24T10:57:00+08:00,2017-04-24T10:56:00+08:00
R1_A,2017-04-24,134303,2017-09-14,158296,SHORT,-1,29,2017,0.512455281379,0.969374261056,0.0495538564531,0.0212040893601,2.7080502011,0.499380647489,0.082084968527,0.0259344716198,3.55534806149,0.699640810497,000852.SH,000852.SH:DEV_R1_A:134303:158296,2017-04-24T14:43:00+08:00,2017-09-14T14:36:00+08:00
R1_A,2017-04-25,134335,2017-12-25,174188,SHORT,-1,19,2017,0.355487651584,0.696178496773,0.208677258717,0.0843718079673,3.09104245336,1.32711486073,0.201932525695,0.0817723972483,2.7080502011,1.53804088236,000852.SH,000852.SH:DEV_R1_A:134335:174188,2017-04-25T09:45:00+08:00,2017-12-25T09:58:00+08:00
R1_A,2017-04-25,134476,2017-06-13,142154,SHORT,-1,27,2017,0.826851201096,0.782142032363,0.199722962761,0.1038796577,4.80402104473,0.201485160271,0.289334204054,0.090083894925,4.75359019111,0.372704633376,000852.SH,000852.SH:DEV_R1_A:134476:142154,2017-04-25T13:36:00+08:00,2017-06-13T13:34:00+08:00
R1_A,2017-04-27,134862,2017-04-27,134861,SHORT,-1,21,2017,0.279945612479,0.383602917706,0.135125004159,0.0461002708529,4.09434456222,0.908479163169,0.135125004159,0.0461002708529,4.07753744391,1.0422226279,000852.SH,000852.SH:DEV_R1_A:134862:134861,2017-04-27T10:32:00+08:00,2017-04-27T10:31:00+08:00
R1_A,2017-05-03,135736,2017-05-03,135735,LONG,1,29,2017,0.402151023034,0.21347212007,0.220453126534,0.0648834074133,3.17805383035,1.12560017924,0.220453126534,0.0648834074133,3.13549421593,1.05228625795,000852.SH,000852.SH:DEV_R1_A:135736:135735,2017-05-03T14:36:00+08:00,2017-05-03T14:35:00+08:00
R1_A,2017-05-05,136043,2017-05-05,136042,LONG,1,20,2017,1.16654908371,0.0471796892718,0.0815222904578,0.0296692692341,4.24849524205,1.11610559917,0.0815222904578,0.0296692692341,4.2341065046,1.13195585809,000852.SH,000852.SH:DEV_R1_A:136043:136042,2017-05-05T10:13:00+08:00,2017-05-05T10:12:00+08:00
R1_A,2017-05-08,136309,2017-05-08,136308,SHORT,-1,21,2017,0.589235121084,0.116680223476,0.383039785585,0.134103613889,2.99573227355,0.842111095533,0.383039785585,0.134103613889,2.94443897917,0.804609477869,000852.SH,000852.SH:DEV_R1_A:136309:136308,2017-05-08T10:39:00+08:00,2017-05-08T10:38:00+08:00
R1_A,2017-05-08,136445,2017-10-19,163072,SHORT,-1,28,2017,0.461361295204,0.503448292422,0.596011585035,0.209839731644,4.43081679884,0.659689387786,0.526287877125,0.197965982816,4.56434819147,0.631957523013,000852.SH,000852.SH:DEV_R1_A:136445:163072,2017-05-08T14:25:00+08:00,2017-10-19T14:12:00+08:00
R1_A,2017-05-09,136493,2017-10-19,162909,SHORT,-1,19,2017,0.283601217897,1.16548463951,0.596011585035,0.209839731644,4.88280192259,1.96046279201,0.523212485866,0.240595968449,4.20469261939,1.72847846728,000852.SH,000852.SH:DEV_R1_A:136493:162909,2017-05-09T09:43:00+08:00,2017-10-19T09:59:00+08:00
R1_A,2017-05-09,136544,2017-04-19,133447,SHORT,-1,21,2017,0.288366751584,0.546245790232,0.596011585035,0.209839731644,5.20948615284,0.807010165324,0.654805933983,0.196390666742,4.89034912822,0.858829774077,000852.SH,000852.SH:DEV_R1_A:136544:133447,2017-05-09T10:34:00+08:00,2017-04-19T10:57:00+08:00
R1_A,2017-05-09,136630,2017-10-19,163043,SHORT,-1,27,2017,1.02078351908,0.301404134727,0.556682774206,0.209761432771,4.21950770518,0.446429223157,0.526287877125,0.197965982816,4.20469261939,0.46730650949,000852.SH,000852.SH:DEV_R1_A:136630:163043,2017-05-09T13:30:00+08:00,2017-10-19T13:43:00+08:00
R1_A,2017-05-11,137003,2017-05-11,137002,SHORT,-1,20,2017,0.512003545738,0.177030026851,0.27417856283,0.118549208452,3.21887582487,0.650269182951,0.27417856283,0.118549208452,3.17805383035,0.710736531719,000852.SH,000852.SH:DEV_R1_A:137003:137002,2017-05-11T10:13:00+08:00,2017-05-11T10:12:00+08:00
R1_A,2017-05-11,137070,2017-11-24,169225,SHORT,-1,22,2017,0.304451578632,2.7130677884,0.684588491237,0.349197901619,4.07753744391,0.519072778204,0.595985836192,0.214459880919,4.51085950652,0.483843787725,000852.SH,000852.SH:DEV_R1_A:137070:169225,2017-05-11T11:20:00+08:00,2017-11-24T11:15:00+08:00
R1_A,2017-05-12,137202,2017-10-19,162884,SHORT,-1,19,2017,1.91632338891,1.48046275075,0.604265961281,0.292773386281,4.4188406078,1.18726384086,0.523212485866,0.240595968449,3.73766961828,1.44573941496,000852.SH,000852.SH:DEV_R1_A:137202:162884,2017-05-12T09:32:00+08:00,2017-10-19T09:34:00+08:00
R1_A,2017-05-15,137608,2017-05-15,137604,LONG,1,27,2017,0.334528423874,0.0355602219136,0.247227956986,0.142528829975,5.11799381242,0.457586704949,0.247227956986,0.142528829975,5.09375020081,0.467479322829,000852.SH,000852.SH:DEV_R1_A:137608:137604,2017-05-15T13:48:00+08:00,2017-05-15T13:44:00+08:00
R1_A,2017-05-16,137737,2017-01-18,119479,LONG,1,20,2017,0.879327611443,0.538220577705,0.210026672314,0.171863669326,4.02535169074,0.742284779404,0.223326703722,0.162239051168,3.49650756147,0.683200579738,000852.SH,000852.SH:DEV_R1_A:137737:119479,2017-05-16T10:27:00+08:00,2017-01-18T10:09:00+08:00
R1_A,2017-05-18,138165,2017-05-18,138164,LONG,1,19,2017,0.886467369633,0.256173713868,0.480062251947,0.20052733383,1.38629436112,2.65314101314,0.480062251947,0.20052733383,1.09861228867,2.64352043635,000852.SH,000852.SH:DEV_R1_A:138165:138164,2017-05-18T09:35:00+08:00,2017-05-18T09:34:00+08:00
R1_A,2017-05-23,138936,2017-05-23,138935,SHORT,-1,20,2017,0.527550514966,0.0681774656823,0.622097101456,0.297758988108,2.7080502011,0.955740522561,0.622097101456,0.297758988108,2.63905732962,0.94517208292,000852.SH,000852.SH:DEV_R1_A:138936:138935,2017-05-23T10:26:00+08:00,2017-05-23T10:25:00+08:00
R1_A,2017-05-23,139047,2017-10-31,164962,SHORT,-1,27,2017,0.494057868194,2.60022342945,0.617140583,0.291510685088,4.59511985013,1.66163047914,0.534513630354,0.285256238978,5.44673737167,0.812272703363,000852.SH,000852.SH:DEV_R1_A:139047:164962,2017-05-23T13:47:00+08:00,2017-10-31T13:42:00+08:00
R1_A,2017-05-24,139200,2017-04-24,134155,SHORT,-1,21,2017,1.63210767715,2.25409574544,0.739737437497,0.36118472713,4.07753744391,0.599161135547,0.537212940845,0.265393737826,3.89182029811,0.524930489697,000852.SH,000852.SH:DEV_R1_A:139200:134155,2017-05-24T10:50:00+08:00,2017-04-24T10:45:00+08:00
R1_A,2017-06-02,140366,2017-06-02,140365,SHORT,-1,20,2017,0.520506850135,0.0877330174202,0.226519341942,0.0748315930843,2.99573227355,0.985803280957,0.226519341942,0.0748315930843,2.94443897917,0.95961150516,000852.SH,000852.SH:DEV_R1_A:140366:140365,2017-06-02T10:16:00+08:00,2017-06-02T10:15:00+08:00
R1_A,2017-06-09,141619,2017-06-09,141618,LONG,1,22,2017,0.657745190465,0.122195410765,0.75692412906,0.257504918798,4.44265125649,0.922853741808,0.75692412906,0.257504918798,4.43081679884,0.880375132905,000852.SH,000852.SH:DEV_R1_A:141619:141618,2017-06-09T11:09:00+08:00,2017-06-09T11:08:00+08:00
R1_A,2017-06-21,143481,2017-06-21,143480,LONG,1,20,2017,0.54660176421,0.121621825773,0.440567151837,0.0935532992406,3.43398720449,1.01661832218,0.440567151837,0.0935532992406,3.40119738166,1.05782732877,000852.SH,000852.SH:DEV_R1_A:143481:143480,2017-06-21T10:11:00+08:00,2017-06-21T10:10:00+08:00
R1_A,2017-06-28,144795,2017-06-28,144794,SHORT,-1,27,2017,0.324745739074,0.0324603924323,0.092951011177,0.0285315561968,4.92725368516,0.468924763392,0.092951011177,0.0285315561968,4.91998092583,0.457823933808,000852.SH,000852.SH:DEV_R1_A:144795:144794,2017-06-28T13:35:00+08:00,2017-06-28T13:34:00+08:00
R1_A,2017-07-05,145850,2017-07-05,145849,LONG,1,19,2017,0.31723022308,0.0166806173392,0.0406258553552,0.0125370625452,6.30809844151,1.13944840779,0.0406258553552,0.0125370625452,6.30627528695,1.13365562748,000852.SH,000852.SH:DEV_R1_A:145850:145849,2017-07-05T09:40:00+08:00,2017-07-05T09:39:00+08:00
R1_A,2017-07-06,146229,2017-07-06,146228,LONG,1,26,2017,0.661092763338,0.114288528198,0.506620801937,0.112587169055,3.33220451018,1.95314612498,0.506620801937,0.112587169055,3.295836866,1.99140788234,000852.SH,000852.SH:DEV_R1_A:146229:146228,2017-07-06T13:29:00+08:00,2017-07-06T13:28:00+08:00
R1_A,2017-07-10,146701,2017-07-10,146700,LONG,1,26,2017,0.552880782341,0.0725145168613,0.0898387939857,0.0251667732797,3.73766961828,0.550675100063,0.0898387939857,0.0251667732797,3.7135720667,0.526493534407,000852.SH,000852.SH:DEV_R1_A:146701:146700,2017-07-10T13:21:00+08:00,2017-07-10T13:20:00+08:00
R1_A,2017-07-11,146975,2017-07-11,146965,LONG,1,27,2017,0.809096445603,0.0963184998423,0.0898387939857,0.0251667732797,5.75574221359,0.695921571181,0.0898387939857,0.0251667732797,5.72358510195,0.663816262557,000852.SH,000852.SH:DEV_R1_A:146975:146965,2017-07-11T13:55:00+08:00,2017-07-11T13:45:00+08:00
R1_A,2017-07-12,147225,2017-07-12,147224,SHORT,-1,28,2017,0.543158379219,0.230696172198,0.518075829245,0.146521246081,2.63905732962,1.13042564069,0.518075829245,0.146521246081,2.56494935746,1.05325634712,000852.SH,000852.SH:DEV_R1_A:147225:147224,2017-07-12T14:05:00+08:00,2017-07-12T14:04:00+08:00
R1_A,2017-07-17,147809,2017-07-17,147808,SHORT,-1,20,2017,1.53710812008,0.0531218476923,0.555279497705,0.246474466959,3.36729582999,1.2439623267,0.555279497705,0.246474466959,3.33220451018,1.22892740411,000852.SH,000852.SH:DEV_R1_A:147809:147808,2017-07-17T10:19:00+08:00,2017-07-17T10:18:00+08:00
R1_A,2017-07-18,148027,2017-04-13,132402,SHORT,-1,19,2017,0.516836451647,0.428514334755,0.0986182984467,0.0484754016,2.94443897917,1.57901547732,0.157317994822,0.0594135108393,3.04452243772,1.59813131989,000852.SH,000852.SH:DEV_R1_A:148027:132402,2017-07-18T09:57:00+08:00,2017-04-13T09:32:00+08:00
R1_A,2017-07-18,148119,2017-11-24,169228,SHORT,-1,22,2017,0.494402194071,2.89935385504,0.61482426687,0.362763743763,4.39444915467,0.439001259918,0.595985836192,0.214459880919,4.54329478227,0.438675404027,000852.SH,000852.SH:DEV_R1_A:148119:169228,2017-07-18T11:29:00+08:00,2017-11-24T11:18:00+08:00
R1_A,2017-07-25,149322,2017-07-25,149321,LONG,1,26,2017,0.579898316321,0.0692112461225,0.566802114939,0.120295934136,3.40119738166,0.893140121091,0.566802114939,0.120295934136,3.36729582999,0.914900150412,000852.SH,000852.SH:DEV_R1_A:149322:149321,2017-07-25T13:02:00+08:00,2017-07-25T13:01:00+08:00
R1_A,2017-07-28,150061,2017-07-28,150051,LONG,1,26,2017,0.278831422098,0.0366604641082,0.685277403939,0.138982520277,5.94803498918,0.442373048413,0.685277403939,0.138982520277,5.92157841964,0.432532719393,000852.SH,000852.SH:DEV_R1_A:150061:150051,2017-07-28T13:21:00+08:00,2017-07-28T13:11:00+08:00
R1_A,2017-07-31,150223,2017-08-01,150464,LONG,1,21,2017,0.280784140309,0.32419094561,0.685277403939,0.138982520277,6.30078579466,0.992892239083,0.685277403939,0.138982520277,6.66695679243,0.991666046506,000852.SH,000852.SH:DEV_R1_A:150223:150464,2017-07-31T10:33:00+08:00,2017-08-01T10:34:00+08:00
R1_A,2017-08-01,150485,2017-08-01,150475,LONG,1,21,2017,0.337155680594,0.0208911463385,0.685277403939,0.138982520277,6.69332366827,0.917367909518,0.685277403939,0.138982520277,6.68085467879,0.911179397528,000852.SH,000852.SH:DEV_R1_A:150485:150475,2017-08-01T10:55:00+08:00,2017-08-01T10:45:00+08:00
R1_A,2017-08-09,151841,2017-06-27,144404,LONG,1,19,2017,0.358981141365,0.207706720072,0.0745107969926,0.0157912420204,5.63478960317,0.715037375215,0.0464459646559,0.0097370449804,5.62401750619,0.713725800218,000852.SH,000852.SH:DEV_R1_A:151841:144404,2017-08-09T09:31:00+08:00,2017-06-27T09:34:00+08:00
R1_A,2017-08-09,151992,2017-11-16,167830,LONG,1,27,2017,0.276526883189,0.186240366431,0.0745107969926,0.0157912420204,6.0661080901,0.51935468949,0.0512952778072,0.00977537437604,6.10031895202,0.516078652967,000852.SH,000852.SH:DEV_R1_A:151992:167830,2017-08-09T13:32:00+08:00,2017-11-16T13:30:00+08:00
R1_A,2017-08-10,152216,2017-07-06,146228,LONG,1,26,2017,1.14185124993,2.22772461004,0.253713960727,0.0327140166145,3.43398720449,1.85321792576,0.506620801937,0.112587169055,3.295836866,1.99140788234,000852.SH,000852.SH:DEV_R1_A:152216:146228,2017-08-10T13:16:00+08:00,2017-07-06T13:28:00+08:00
R1_A,2017-08-11,152398,2017-05-22,138700,SHORT,-1,21,2017,0.557104014122,0.72209037421,0.0956664520836,0.0497402200489,2.99573227355,0.563633357551,0.119641512646,0.0281670436263,3.63758615973,0.56075219359,000852.SH,000852.SH:DEV_R1_A:152398:138700,2017-08-11T10:48:00+08:00,2017-05-22T10:30:00+08:00
R1_A,2017-08-11,152522,2017-08-03,151081,SHORT,-1,28,2017,0.35614939756,0.66851594709,0.138534466096,0.0778132312274,4.43081679884,0.409723991842,0.170648195535,0.077706323687,5.04342511692,0.527891171183,000852.SH,000852.SH:DEV_R1_A:152522:151081,2017-08-11T14:22:00+08:00,2017-08-03T14:21:00+08:00
R1_A,2017-08-18,153538,2017-08-18,153537,LONG,1,19,2017,0.632478332777,0.0585995411878,0.468816624401,0.123299545252,2.83321334406,2.67502268227,0.468816624401,0.123299545252,2.77258872224,2.66681528048,000852.SH,000852.SH:DEV_R1_A:153538:153537,2017-08-18T09:48:00+08:00,2017-08-18T09:47:00+08:00
R1_A,2017-08-22,154112,2017-08-22,154111,LONG,1,22,2017,0.426642259053,0.0185853471915,0.638602051364,0.187994377983,5.84354441703,0.730250097543,0.638602051364,0.187994377983,5.84064165737,0.72382771047,000852.SH,000852.SH:DEV_R1_A:154112:154111,2017-08-22T11:22:00+08:00,2017-08-22T11:21:00+08:00
R1_A,2017-08-28,155168,2017-08-28,155167,SHORT,-1,28,2017,1.8063027048,0.0139594311716,0.324799686376,0.0558593057476,5.98393628069,0.764651401558,0.324799686376,0.0558593057476,5.98141421125,0.759843477065,000852.SH,000852.SH:DEV_R1_A:155168:155167,2017-08-28T14:28:00+08:00,2017-08-28T14:27:00+08:00
R1_A,2017-09-08,157137,2017-09-08,157136,LONG,1,19,2017,0.610670073948,0.0467964127958,0.433828352687,0.0748853555303,3.33220451018,1.27192921676,0.433828352687,0.0748853555303,3.295836866,1.26008002625,000852.SH,000852.SH:DEV_R1_A:157137:157136,2017-09-08T09:47:00+08:00,2017-09-08T09:46:00+08:00
R1_A,2017-09-13,157983,2017-09-13,157982,LONG,1,26,2017,0.839338248775,0.0158031221222,0.289375305296,0.093326085929,5.16478597392,0.453739297242,0.289375305296,0.093326085929,5.15905529921,0.448517245676,000852.SH,000852.SH:DEV_R1_A:157983:157982,2017-09-13T13:23:00+08:00,2017-09-13T13:22:00+08:00
R1_A,2017-09-22,159724,2017-09-22,159723,SHORT,-1,28,2017,0.596856593122,0.088810092421,0.268131302884,0.095990150783,3.87120101091,0.570049713408,0.268131302884,0.095990150783,3.85014760171,0.539752790615,000852.SH,000852.SH:DEV_R1_A:159724:159723,2017-09-22T14:24:00+08:00,2017-09-22T14:23:00+08:00
R1_A,2017-09-26,160168,2017-09-26,160167,SHORT,-1,27,2017,0.271914327188,0.0693201212104,0.45468377838,0.202165188987,5.86646805693,0.550915897181,0.45468377838,0.202165188987,5.8636311756,0.526745058964,000852.SH,000852.SH:DEV_R1_A:160168:160167,2017-09-26T13:48:00+08:00,2017-09-26T13:47:00+08:00
R1_A,2017-09-28,160693,2017-09-28,160692,SHORT,-1,29,2017,1.13977774831,0.176293375472,0.466446366571,0.120342380411,6.10255859461,0.635912309148,0.466446366571,0.120342380411,6.10031895202,0.574405082406,000852.SH,000852.SH:DEV_R1_A:160693:160692,2017-09-28T14:33:00+08:00,2017-09-28T14:32:00+08:00
R1_A,2017-10-12,161895,2017-10-12,161894,LONG,1,29,2017,1.00380826578,0.11947775774,0.258128108123,0.0600278975032,5.19849703127,1.47155766271,0.258128108123,0.0600278975032,5.19295685089,1.42990541561,000852.SH,000852.SH:DEV_R1_A:161895:161894,2017-10-12T14:35:00+08:00,2017-10-12T14:34:00+08:00
R1_A,2017-10-19,163077,2017-10-19,163076,SHORT,-1,28,2017,0.534482592093,0.0566957644751,0.526287877125,0.197965982816,4.61512051684,0.547980504225,0.526287877125,0.197965982816,4.60517018599,0.567522177882,000852.SH,000852.SH:DEV_R1_A:163077:163076,2017-10-19T14:17:00+08:00,2017-10-19T14:16:00+08:00
R1_A,2017-10-30,164710,2017-10-17,162579,SHORT,-1,27,2017,0.877800588366,0.434674747734,0.394059984449,0.16516104072,4.59511985013,0.283794216836,0.399767258172,0.166001057145,4.1743872699,0.360818736036,000852.SH,000852.SH:DEV_R1_A:164710:162579,2017-10-30T13:30:00+08:00,2017-10-17T13:59:00+08:00
R1_A,2017-11-06,165787,2017-11-06,165786,SHORT,-1,19,2017,0.503321214743,0.11628689602,0.394246513014,0.111797184712,2.7080502011,1.38620003317,0.394246513014,0.111797184712,2.63905732962,1.35167358839,000852.SH,000852.SH:DEV_R1_A:165787:165786,2017-11-06T09:57:00+08:00,2017-11-06T09:56:00+08:00
R1_A,2017-11-13,166983,2017-11-13,166982,SHORT,-1,19,2017,0.574169101696,0.104014668725,0.394246513014,0.111797184712,7.09920174355,1.53097524089,0.394246513014,0.111797184712,7.09837563859,1.49468402854,000852.SH,000852.SH:DEV_R1_A:166983:166982,2017-11-13T09:53:00+08:00,2017-11-13T09:52:00+08:00
R1_A,2017-11-14,167229,2017-11-14,167227,SHORT,-1,19,2017,0.314386648844,0.00855815355291,0.394246513014,0.111797184712,7.2841348062,2.05904747604,0.394246513014,0.111797184712,7.28276117961,2.06200323071,000852.SH,000852.SH:DEV_R1_A:167229:167227,2017-11-14T09:59:00+08:00,2017-11-14T09:57:00+08:00
R1_A,2017-11-14,167417,2017-09-21,159490,LONG,1,29,2017,0.81359523172,1.26960688239,0.0512952778072,0.00977537437604,3.49650756147,1.74571635209,0.199515677953,0.0504270151191,3.82864139649,1.64397247793,000852.SH,000852.SH:DEV_R1_A:167417:159490,2017-11-14T14:37:00+08:00,2017-09-21T14:30:00+08:00
R1_A,2017-11-20,168260,2017-11-20,168259,SHORT,-1,22,2017,1.3271532867,0.0365875816746,0.421421631876,0.0995911004556,4.11087386417,0.365571766129,0.421421631876,0.0995911004556,4.09434456222,0.377272148822,000852.SH,000852.SH:DEV_R1_A:168260:168259,2017-11-20T11:10:00+08:00,2017-11-20T11:09:00+08:00
R1_A,2017-11-27,169526,2017-11-27,169525,SHORT,-1,27,2017,0.564416237507,0.0730414555444,0.0106160772441,0.00283275490104,4.45434729625,0.573784049918,0.0106160772441,0.00283275490104,4.44265125649,0.548556290379,000852.SH,000852.SH:DEV_R1_A:169526:169525,2017-11-27T13:46:00+08:00,2017-11-27T13:45:00+08:00
R1_A,2017-11-28,169650,2017-12-25,174214,SHORT,-1,20,2017,0.639926484391,0.522397539636,0.244035654022,0.0969756738987,3.33220451018,1.01240540344,0.201932525695,0.0817723972483,3.7135720667,1.03814046754,000852.SH,000852.SH:DEV_R1_A:169650:174214,2017-11-28T10:20:00+08:00,2017-12-25T10:24:00+08:00
R1_A,2017-11-29,169958,2017-11-29,169957,LONG,1,22,2017,0.685652407642,0.0526116012146,0.146284904196,0.0511626386914,3.4657359028,1.39876208246,0.146284904196,0.0511626386914,3.43398720449,1.38324439083,000852.SH,000852.SH:DEV_R1_A:169958:169957,2017-11-29T11:28:00+08:00,2017-11-29T11:27:00+08:00
R1_A,2017-11-30,170110,2017-02-07,121631,LONG,1,20,2017,0.297098456757,0.788098808062,0.286550467301,0.0954028670292,4.61512051684,1.97818417699,0.334864599665,0.101383135575,5.31811999384,2.10588907532,000852.SH,000852.SH:DEV_R1_A:170110:121631,2017-11-30T10:00:00+08:00,2017-02-07T10:01:00+08:00
R1_A,2017-12-01,170337,2017-08-08,151614,LONG,1,19,2017,0.652259954901,0.531994084788,0.12441286417,0.0359578884935,4.15888308336,1.20048514011,0.0745107969926,0.0157912420204,3.97029191355,1.23232703015,000852.SH,000852.SH:DEV_R1_A:170337:151614,2017-12-01T09:47:00+08:00,2017-08-08T09:44:00+08:00
R1_A,2017-12-04,170606,2017-12-04,170604,LONG,1,20,2017,0.461901059186,0.00716373623811,0.149022132703,0.0411995976959,5.51745289646,1.63000619374,0.149022132703,0.0411995976959,5.50938833663,1.63021132682,000852.SH,000852.SH:DEV_R1_A:170606:170604,2017-12-04T10:16:00+08:00,2017-12-04T10:14:00+08:00
R1_A,2017-12-06,171083,2017-12-06,171081,SHORT,-1,20,2017,0.541854315733,0.0600092063059,0.57044263566,0.193911819806,3.4657359028,0.670115171302,0.57044263566,0.193911819806,3.40119738166,0.676516314027,000852.SH,000852.SH:DEV_R1_A:171083:171081,2017-12-06T10:13:00+08:00,2017-12-06T10:11:00+08:00
R1_A,2017-12-13,172296,2017-12-13,172293,LONG,1,20,2017,0.817427161612,0.0459849684469,0.514103700385,0.144052295421,4.40671924726,0.972243832273,0.514103700385,0.144052295421,4.36944785247,0.961068509975,000852.SH,000852.SH:DEV_R1_A:172296:172293,2017-12-13T10:26:00+08:00,2017-12-13T10:23:00+08:00
R1_A,2017-12-22,173922,2017-11-22,168648,SHORT,-1,19,2017,1.04816173604,0.549524184415,0.399534084875,0.113040976209,5.11198778836,0.999993723657,0.411103999014,0.140918743803,5.07517381523,0.998885247634,000852.SH,000852.SH:DEV_R1_A:173922:168648,2017-12-22T09:32:00+08:00,2017-11-22T09:38:00+08:00
R1_A,2017-12-26,174448,2017-12-26,174446,SHORT,-1,20,2017,0.283130454519,0.0426773403114,0.201932525695,0.0817723972483,5.61677109767,1.35044648388,0.201932525695,0.0817723972483,5.60947179518,1.3357274796,000852.SH,000852.SH:DEV_R1_A:174448:174446,2017-12-26T10:18:00+08:00,2017-12-26T10:16:00+08:00
R1_A,2017-12-27,174824,2017-12-27,174823,SHORT,-1,28,2017,0.958308687448,0.217087576627,0.260564326187,0.0739618418135,5.5568280617,0.760238022986,0.260564326187,0.0739618418135,5.55295958492,0.684502689521,000852.SH,000852.SH:DEV_R1_A:174824:174823,2017-12-27T14:04:00+08:00,2017-12-27T14:03:00+08:00
R1_A,2018-01-08,176400,2018-01-08,176399,LONG,1,21,2018,0.61865484124,0.0383783242402,0.634981207596,0.149506588329,4.11087386417,0.794502651502,0.634981207596,0.149506588329,4.09434456222,0.781817728771,000852.SH,000852.SH:DEV_R1_A:176400:176399,2018-01-08T10:50:00+08:00,2018-01-08T10:49:00+08:00
R1_A,2018-01-16,177932,2018-01-16,177931,SHORT,-1,27,2018,0.456727258557,0.0575939928258,0.0460950168486,0.0119093039734,6.21060007702,0.812114835019,0.0460950168486,0.0119093039734,6.2085900261,0.791736750652,000852.SH,000852.SH:DEV_R1_A:177932:177931,2018-01-16T13:52:00+08:00,2018-01-16T13:51:00+08:00
R1_A,2018-01-17,178058,2018-05-23,197474,SHORT,-1,20,2018,0.376486949073,0.122422550522,0.0460950168486,0.0119093039734,6.43615036837,0.899407476136,0.0623357937457,0.0136161352223,6.34563636083,0.908441542296,000852.SH,000852.SH:DEV_R1_A:178058:197474,2018-01-17T10:28:00+08:00,2018-05-23T10:04:00+08:00
R1_A,2018-01-18,178357,2018-01-18,178356,SHORT,-1,22,2018,1.23052375578,0.0384521102242,0.580684469975,0.162630684176,5.5490760849,0.587644249243,0.580684469975,0.162630684176,5.54517744448,0.574081678118,000852.SH,000852.SH:DEV_R1_A:178357:178356,2018-01-18T11:27:00+08:00,2018-01-18T11:26:00+08:00
R1_A,2018-01-26,179733,2018-01-26,179729,LONG,1,20,2018,0.729289748863,0.117381905867,0.424695847394,0.134921944619,3.95124371858,0.698619637683,0.424695847394,0.134921944619,3.87120101091,0.732854495072,000852.SH,000852.SH:DEV_R1_A:179733:179729,2018-01-26T10:23:00+08:00,2018-01-26T10:19:00+08:00
R1_A,2018-01-29,180068,2018-01-29,180066,LONG,1,26,2018,1.12808737376,0.134968097176,0.424695847394,0.134921944619,5.95842469303,1.00372386414,0.424695847394,0.134921944619,5.95324333429,1.05147447261,000852.SH,000852.SH:DEV_R1_A:180068:180066,2018-01-29T13:28:00+08:00,2018-01-29T13:26:00+08:00
R1_A,2018-01-31,180539,2018-01-31,180538,SHORT,-1,26,2018,0.557267339723,0.0409700041307,0.371113555834,0.102607429745,3.09104245336,0.306131378892,0.371113555834,0.102607429745,3.04452243772,0.301329404147,000852.SH,000852.SH:DEV_R1_A:180539:180538,2018-01-31T13:19:00+08:00,2018-01-31T13:18:00+08:00
R1_A,2018-02-01,180660,2018-06-12,200803,SHORT,-1,19,2018,0.340688883509,0.914522473048,0.693599599317,0.19714055414,4.67282883446,0.937090179471,0.583622354582,0.196648477801,5.4161004022,1.04139944144,000852.SH,000852.SH:DEV_R1_A:180660:200803,2018-02-01T09:50:00+08:00,2018-06-12T09:33:00+08:00
R1_A,2018-02-01,180817,2018-02-06,181510,SHORT,-1,27,2018,0.79272723906,2.46910627962,0.746319655733,0.406898234768,3.13549421593,1.00124367294,0.474885599214,0.322313531146,4.18965474203,0.570427144396,000852.SH,000852.SH:DEV_R1_A:180817:181510,2018-02-01T13:57:00+08:00,2018-02-06T13:30:00+08:00
R1_A,2018-02-02,180985,2018-02-06,181479,SHORT,-1,22,2018,1.9437746551,1.91299842118,0.579342654083,0.432416012241,4.48863636973,0.314457403045,0.474885599214,0.322313531146,3.55534806149,0.337396127265,000852.SH,000852.SH:DEV_R1_A:180985:181479,2018-02-02T11:15:00+08:00,2018-02-06T11:29:00+08:00
R1_A,2018-02-06,181518,2018-02-06,181517,SHORT,-1,27,2018,0.300007831468,0.104215912199,0.474885599214,0.322313531146,4.3040650932,0.488577019818,0.474885599214,0.322313531146,4.29045944115,0.525248790438,000852.SH,000852.SH:DEV_R1_A:181518:181517,2018-02-06T13:38:00+08:00,2018-02-06T13:37:00+08:00
R1_A,2018-02-07,181604,2018-10-25,222410,SHORT,-1,19,2018,1.48833511593,0.673821942349,0.347599811425,0.21220202283,1.09861228867,2.58923214876,0.419221146654,0.238600772829,1.09861228867,2.72238954112,000852.SH,000852.SH:DEV_R1_A:181604:222410,2018-02-07T09:34:00+08:00,2018-10-25T09:40:00+08:00
R1_A,2018-02-07,181713,2018-12-17,231370,SHORT,-1,22,2018,0.885288436999,1.19632614562,0.283151965313,0.21629095414,2.63905732962,0.93539876648,0.421424713595,0.180525623443,3.43398720449,1.06102661059,000852.SH,000852.SH:DEV_R1_A:181713:231370,2018-02-07T11:23:00+08:00,2018-12-17T11:00:00+08:00
R1_A,2018-02-09,182221,2018-02-09,182220,SHORT,-1,26,2018,0.776298659889,0.0187097455376,0.203413492768,0.116434143657,3.85014760171,0.154420227961,0.203413492768,0.116434143657,3.82864139649,0.152460653106,000852.SH,000852.SH:DEV_R1_A:182221:182220,2018-02-09T13:21:00+08:00,2018-02-09T13:20:00+08:00
R1_A,2018-02-14,182865,2018-02-14,182864,LONG,1,21,2018,0.973520476618,0.00929344484217,0.419514363216,0.206002728513,4.69134788223,0.893075834828,0.419514363216,0.206002728513,4.68213122712,0.894938988323,000852.SH,000852.SH:DEV_R1_A:182865:182864,2018-02-14T10:35:00+08:00,2018-02-14T10:34:00+08:00
R1_A,2018-02-23,183456,2018-02-23,183455,LONG,1,27,2018,0.562239126917,0.0259364035755,0.366034189843,0.136657330634,3.82864139649,0.387854069877,0.366034189843,0.136657330634,3.80666248977,0.394372288758,000852.SH,000852.SH:DEV_R1_A:183456:183455,2018-02-23T13:56:00+08:00,2018-02-23T13:55:00+08:00
R1_A,2018-02-26,183576,2018-11-01,223659,LONG,1,20,2018,0.319696483223,0.855142609965,0.57820138852,0.23180972582,4.36944785247,0.613946841749,0.724446148301,0.226531542104,4.06044301055,0.646468166902,000852.SH,000852.SH:DEV_R1_A:183576:223659,2018-02-26T10:26:00+08:00,2018-11-01T10:29:00+08:00
R1_A,2018-02-27,183951,2018-02-27,183945,LONG,1,28,2018,0.343982771009,0.0157229404381,0.57820138852,0.23180972582,6.11809719804,0.757721777261,0.57820138852,0.23180972582,6.10479323241,0.753764563202,000852.SH,000852.SH:DEV_R1_A:183951:183945,2018-02-27T14:11:00+08:00,2018-02-27T14:05:00+08:00
R1_A,2018-02-28,184184,2018-01-24,179391,LONG,1,28,2018,0.287421622509,0.699210806289,0.482925028752,0.173770176093,5.08759633523,0.259341032452,0.392763717914,0.145898611774,4.85203026392,0.319471039407,000852.SH,000852.SH:DEV_R1_A:184184:179391,2018-02-28T14:04:00+08:00,2018-01-24T14:11:00+08:00
R1_A,2018-03-01,184450,2018-06-25,202945,LONG,1,29,2018,0.319358512571,0.355089162009,0.325883134334,0.165118063251,5.28320372874,0.548889283746,0.323720373956,0.188491593654,5.21493575761,0.546139183036,000852.SH,000852.SH:DEV_R1_A:184450:202945,2018-03-01T14:30:00+08:00,2018-06-25T14:45:00+08:00
R1_A,2018-03-02,184487,2018-06-26,202962,LONG,1,19,2018,0.434179948186,0.672401057543,0.325883134334,0.165118063251,5.45532111536,2.42361915764,0.323720373956,0.188491593654,5.30330490806,2.6217660311,000852.SH,000852.SH:DEV_R1_A:184487:202962,2018-03-02T09:37:00+08:00,2018-06-26T09:32:00+08:00
R1_A,2018-03-02,184531,2018-03-30,189337,LONG,1,20,2018,0.257018692609,0.535745375428,0.325883134334,0.165118063251,5.62762111369,0.633673702578,0.331597417268,0.132020504776,5.67332326717,0.703239152896,000852.SH,000852.SH:DEV_R1_A:184531:189337,2018-03-02T10:21:00+08:00,2018-03-30T10:27:00+08:00
R1_A,2018-03-02,184639,2018-03-30,189433,LONG,1,27,2018,0.499966138339,0.497078419676,0.325883134334,0.165118063251,5.95583736946,0.361587025311,0.331597417268,0.132020504776,5.95842469303,0.365543687073,000852.SH,000852.SH:DEV_R1_A:184639:189433,2018-03-02T13:39:00+08:00,2018-03-30T13:33:00+08:00
R1_A,2018-03-08,185452,2018-03-08,185451,LONG,1,19,2018,0.607790538415,0.0305623295598,0.371672402272,0.0761398348229,3.52636052462,1.39664136944,0.371672402272,0.0761398348229,3.49650756147,1.39032313247,000852.SH,000852.SH:DEV_R1_A:185452:185451,2018-03-08T09:42:00+08:00,2018-03-08T09:41:00+08:00
R1_A,2018-03-12,186088,2018-03-12,186087,LONG,1,27,2018,0.309102706662,0.0164395994604,0.363649488086,0.0660763696735,6.00881318544,0.242741916334,0.363649488086,0.0660763696735,6.0063531596,0.236967926852,000852.SH,000852.SH:DEV_R1_A:186088:186087,2018-03-12T13:48:00+08:00,2018-03-12T13:47:00+08:00
R1_A,2018-03-13,186212,2018-05-15,196043,LONG,1,20,2018,0.422507560643,0.277870602151,0.363649488086,0.0660763696735,6.27476202124,1.07889215777,0.328297639561,0.0667486424551,6.03787091992,1.08539804031,000852.SH,000852.SH:DEV_R1_A:186212:196043,2018-03-13T10:22:00+08:00,2018-05-15T10:13:00+08:00
R1_A,2018-03-14,186413,2018-11-01,223621,LONG,1,19,2018,0.868011438363,0.871132790139,0.653914658964,0.178408547281,3.33220451018,2.35162872823,0.724446148301,0.226531542104,2.99573227355,2.38590176971,000852.SH,000852.SH:DEV_R1_A:186413:223621,2018-03-14T09:43:00+08:00,2018-11-01T09:51:00+08:00
R1_A,2018-03-21,187698,2018-03-21,187690,SHORT,-1,22,2018,1.33819719653,0.121630019381,0.124606278366,0.0636833993835,5.23110861685,0.698857005283,0.124606278366,0.0636833993835,5.18738580584,0.657769289397,000852.SH,000852.SH:DEV_R1_A:187698:187690,2018-03-21T11:08:00+08:00,2018-03-21T11:00:00+08:00
R1_A,2018-03-21,187788,2018-04-10,190684,SHORT,-1,28,2018,0.307009486426,0.436665141961,0.124606278366,0.0636833993835,5.62401750619,0.558458379493,0.186043226952,0.0776409737449,5.41164605186,0.569444732249,000852.SH,000852.SH:DEV_R1_A:187788:190684,2018-03-21T14:08:00+08:00,2018-04-10T14:24:00+08:00
R1_A,2018-03-22,187847,2018-04-11,190736,LONG,1,19,2018,1.13295306043,0.124501137956,0.084535244963,0.034013132752,3.85014760171,1.86528553288,0.104772741787,0.0358145171578,3.82864139649,1.88108934272,000852.SH,000852.SH:DEV_R1_A:187847:190736,2018-03-22T09:37:00+08:00,2018-04-11T09:46:00+08:00
R1_A,2018-03-22,187932,2018-08-24,213380,LONG,1,22,2018,0.770466588263,0.540727730213,0.084535244963,0.034013132752,4.88280192259,1.10971365197,0.115142078758,0.0586126545976,4.59511985013,1.01548653755,000852.SH,000852.SH:DEV_R1_A:187932:213380,2018-03-22T11:02:00+08:00,2018-08-24T11:10:00+08:00
R1_A,2018-03-22,188035,2018-04-13,191389,SHORT,-1,28,2018,0.794367224918,0.156197959471,0.0769495119281,0.0234971428571,4.3040650932,0.421530103849,0.0674929252823,0.0150814156102,4.39444915467,0.417442846503,000852.SH,000852.SH:DEV_R1_A:188035:191389,2018-03-22T14:15:00+08:00,2018-04-13T14:09:00+08:00
R1_A,2018-03-23,188147,2018-02-06,181449,SHORT,-1,21,2018,1.21918302427,2.93840108819,0.598826544717,0.454414992403,4.06044301055,0.167729779542,0.474885599214,0.322313531146,1.60943791243,0.279649283753,000852.SH,000852.SH:DEV_R1_A:188147:181449,2018-03-23T10:37:00+08:00,2018-02-06T10:59:00+08:00
R1_A,2018-03-23,188242,2018-12-25,232886,SHORT,-1,27,2018,0.591931267801,1.03481305776,0.282822639355,0.182598617848,2.94443897917,0.277305778361,0.361573057425,0.124250423425,3.33220451018,0.319061260631,000852.SH,000852.SH:DEV_R1_A:188242:232886,2018-03-23T13:42:00+08:00,2018-12-25T13:46:00+08:00
R1_A,2018-03-26,188461,2018-08-01,209341,LONG,1,26,2018,0.547623740347,0.676103032629,0.0919501121905,0.0720755076747,3.36729582999,0.29222835554,0.137326998586,0.0512089607297,3.89182029811,0.407860650943,000852.SH,000852.SH:DEV_R1_A:188461:209341,2018-03-26T13:21:00+08:00,2018-08-01T13:21:00+08:00
R1_A,2018-03-27,188778,2018-03-27,188777,LONG,1,29,2018,0.70288292823,0.0449552697295,0.719632344266,0.403830036213,3.25809653802,0.408106699438,0.719632344266,0.403830036213,3.21887582487,0.397146865197,000852.SH,000852.SH:DEV_R1_A:188778:188777,2018-03-27T14:38:00+08:00,2018-03-27T14:37:00+08:00
R1_A,2018-04-02,189572,2018-04-02,189571,LONG,1,20,2018,0.263919346627,0.16257660633,0.331597417268,0.132020504776,6.26530121274,0.841666829613,0.331597417268,0.132020504776,6.26339826259,0.899211672347,000852.SH,000852.SH:DEV_R1_A:189572:189571,2018-04-02T10:22:00+08:00,2018-04-02T10:21:00+08:00
R1_A,2018-04-03,189766,2018-11-01,223629,LONG,1,19,2018,1.58419025752,1.59379647428,0.663317253497,0.141240110396,4.07753744391,2.70704764348,0.724446148301,0.226531542104,3.33220451018,2.48053771473,000852.SH,000852.SH:DEV_R1_A:189766:223629,2018-04-03T09:36:00+08:00,2018-11-01T09:59:00+08:00
R1_A,2018-04-09,190412,2018-04-09,190411,SHORT,-1,27,2018,1.30553752979,0.00766588730742,0.327895638863,0.142051299068,4.96284463026,0.335116193318,0.327895638863,0.142051299068,4.9558270576,0.333354955905,000852.SH,000852.SH:DEV_R1_A:190412:190411,2018-04-09T13:52:00+08:00,2018-04-09T13:51:00+08:00
R1_A,2018-04-17,191694,2018-04-17,191693,SHORT,-1,19,2018,0.858642397943,0.129297177939,0.256454298417,0.109631786977,3.13549421593,1.65497794765,0.256454298417,0.109631786977,3.09104245336,1.61111798923,000852.SH,000852.SH:DEV_R1_A:191694:191693,2018-04-17T09:44:00+08:00,2018-04-17T09:43:00+08:00
R1_A,2018-04-17,191858,2018-01-10,176979,SHORT,-1,27,2018,0.272518789358,0.62736838833,0.0698653986783,0.0378388673735,4.99043258678,1.3759673101,0.0526429771231,0.0180846691328,4.36944785247,1.31400344507,000852.SH,000852.SH:DEV_R1_A:191858:176979,2018-04-17T13:58:00+08:00,2018-01-10T13:59:00+08:00
R1_A,2018-04-18,191925,2018-08-06,209939,SHORT,-1,19,2018,0.567997869823,1.03249447841,0.391489664034,0.157977833212,1.38629436112,2.23607373067,0.392565168971,0.226812452871,1.38629436112,2.21974701119,000852.SH,000852.SH:DEV_R1_A:191925:209939,2018-04-18T09:35:00+08:00,2018-08-06T09:49:00+08:00
R1_A,2018-04-18,191976,2018-08-06,209963,SHORT,-1,20,2018,0.543304243107,0.71275420264,0.342563198695,0.25547375006,3.04452243772,0.819038329412,0.392565168971,0.226812452871,3.33220451018,0.973476950454,000852.SH,000852.SH:DEV_R1_A:191976:209963,2018-04-18T10:26:00+08:00,2018-08-06T10:13:00+08:00
R1_A,2018-04-20,192439,2018-04-20,192438,LONG,1,20,2018,0.891945482132,0.166157041771,0.527839587676,0.250250327351,4.27666611902,0.920144134814,0.527839587676,0.250250327351,4.26267987704,0.978815004304,000852.SH,000852.SH:DEV_R1_A:192439:192438,2018-04-20T10:09:00+08:00,2018-04-20T10:08:00+08:00
R1_A,2018-04-24,192893,2018-04-24,192892,SHORT,-1,19,2018,1.01048681436,0.118927107819,0.540029316524,0.247962238587,3.49650756147,1.04839453099,0.540029316524,0.247962238587,3.4657359028,1.00728232684,000852.SH,000852.SH:DEV_R1_A:192893:192892,2018-04-24T09:43:00+08:00,2018-04-24T09:42:00+08:00
R1_A,2018-04-26,193472,2018-04-26,193470,LONG,1,22,2018,0.88571520759,0.017651011642,0.202381748564,0.0686655985351,4.5747109785,0.990565259698,0.202381748564,0.0686655985351,4.5538768916,0.991781346526,000852.SH,000852.SH:DEV_R1_A:193472:193470,2018-04-26T11:22:00+08:00,2018-04-26T11:20:00+08:00
R1_A,2018-05-04,194322,2018-08-22,212806,SHORT,-1,19,2018,1.7079822536,0.789593907715,0.388526537868,0.119480663289,4.88280192259,1.71360917376,0.330699054507,0.130150260502,5.73009978297,1.72057886041,000852.SH,000852.SH:DEV_R1_A:194322:212806,2018-05-04T09:32:00+08:00,2018-08-22T09:36:00+08:00
R1_A,2018-05-04,194413,2018-07-12,205959,SHORT,-1,22,2018,0.51739771569,0.619881781668,0.388526537868,0.119480663289,5.40717177146,0.455709658916,0.31094522289,0.135376696303,5.02388052085,0.5290781076,000852.SH,000852.SH:DEV_R1_A:194413:205959,2018-05-04T11:03:00+08:00,2018-07-12T11:29:00+08:00
R1_A,2018-05-04,194518,2018-08-21,212748,SHORT,-1,28,2018,0.334165385165,0.422340954539,0.388526537868,0.119480663289,5.79301360838,0.43655405953,0.330699054507,0.130150260502,5.52146091786,0.432107133388,000852.SH,000852.SH:DEV_R1_A:194518:212748,2018-05-04T14:18:00+08:00,2018-08-21T14:08:00+08:00
R1_A,2018-05-11,195681,2018-05-11,195680,LONG,1,27,2018,0.634047880467,0.376625595504,0.328297639561,0.0667486424551,4.04305126783,1.09364258914,0.328297639561,0.0667486424551,4.02535169074,0.960429380908,000852.SH,000852.SH:DEV_R1_A:195681:195680,2018-05-11T13:41:00+08:00,2018-05-11T13:40:00+08:00
R1_A,2018-05-24,197772,2018-05-24,197771,LONG,1,22,2018,1.02277329057,0.0536782859085,0.189838652151,0.0456733394377,5.42934562895,0.860899046056,0.189838652151,0.0456733394377,5.42495001748,0.879855610471,000852.SH,000852.SH:DEV_R1_A:197772:197771,2018-05-24T11:02:00+08:00,2018-05-24T11:01:00+08:00
R1_A,2018-05-25,198024,2018-05-25,198017,LONG,1,22,2018,1.21218221477,0.0159293892807,0.189838652151,0.0456733394377,6.1737861039,1.56704682784,0.189838652151,0.0456733394377,6.15909538849,1.56342479074,000852.SH,000852.SH:DEV_R1_A:198024:198017,2018-05-25T11:14:00+08:00,2018-05-25T11:07:00+08:00
R1_A,2018-05-28,198337,2018-05-28,198332,SHORT,-1,27,2018,0.866063764435,0.0318436171405,0.214254423978,0.0536888022536,4.89034912822,0.435996802656,0.214254423978,0.0536888022536,4.85203026392,0.435974578979,000852.SH,000852.SH:DEV_R1_A:198337:198332,2018-05-28T13:57:00+08:00,2018-05-28T13:52:00+08:00
R1_A,2018-05-29,198617,2018-05-29,198614,SHORT,-1,29,2018,0.377773555772,0.0457134048018,0.536249605618,0.150011122921,5.52146091786,1.13428197686,0.536249605618,0.150011122921,5.50938833663,1.11849520549,000852.SH,000852.SH:DEV_R1_A:198617:198614,2018-05-29T14:37:00+08:00,2018-05-29T14:34:00+08:00
R1_A,2018-05-30,198686,2018-10-25,222438,SHORT,-1,20,2018,0.694913662591,0.76363161739,0.536421056476,0.213817516021,3.295836866,0.315540394131,0.419221146654,0.238600772829,3.43398720449,0.35769705559,000852.SH,000852.SH:DEV_R1_A:198686:222438,2018-05-30T10:16:00+08:00,2018-10-25T10:08:00+08:00
R1_A,2018-05-30,198839,2018-03-20,187561,SHORT,-1,28,2018,0.740607072061,0.185395878485,0.0972073596998,0.0565591020694,3.91202300543,0.223372558376,0.124606278366,0.0636833993835,3.91202300543,0.219211642642,000852.SH,000852.SH:DEV_R1_A:198839:187561,2018-05-30T14:19:00+08:00,2018-03-20T14:21:00+08:00
R1_A,2018-05-31,198908,2018-08-06,209949,SHORT,-1,19,2018,0.980383453843,0.964368962375,0.303154405432,0.187621021164,3.295836866,2.41440136273,0.392565168971,0.226812452871,2.63905732962,2.340112403,000852.SH,000852.SH:DEV_R1_A:198908:209949,2018-05-31T09:58:00+08:00,2018-08-06T09:59:00+08:00
R1_A,2018-06-01,199323,2018-06-01,199322,LONG,1,28,2018,0.641458571791,0.170527986328,0.10863319899,0.0362977129652,4.44265125649,1.02472387996,0.10863319899,0.0362977129652,4.43081679884,0.964462214991,000852.SH,000852.SH:DEV_R1_A:199323:199322,2018-06-01T14:23:00+08:00,2018-06-01T14:22:00+08:00
R1_A,2018-06-01,199351,2018-08-01,209410,LONG,1,29,2018,0.270410293207,0.310142836409,0.10863319899,0.0362977129652,4.72738781871,0.870918428519,0.137326998586,0.0512089607297,4.77068462447,0.92088173079,000852.SH,000852.SH:DEV_R1_A:199351:209410,2018-06-01T14:51:00+08:00,2018-08-01T14:30:00+08:00
R1_A,2018-06-04,199368,2018-11-23,227448,SHORT,-1,19,2018,0.612684771071,0.247093185439,0.109967127832,0.0366626164439,1.94591014906,1.71641268577,0.0980422456564,0.0285772885759,1.94591014906,1.6438261565,000852.SH,000852.SH:DEV_R1_A:199368:227448,2018-06-04T09:38:00+08:00,2018-11-23T09:38:00+08:00
R1_A,2018-06-04,199583,2018-03-20,187590,SHORT,-1,29,2018,0.531375680647,0.0618671775096,0.128783330963,0.0653015156401,4.36944785247,0.353285995155,0.124606278366,0.0636833993835,4.36944785247,0.334862873862,000852.SH,000852.SH:DEV_R1_A:199583:187590,2018-06-04T14:43:00+08:00,2018-03-20T14:50:00+08:00
R1_A,2018-06-07,200258,2018-06-07,200257,LONG,1,27,2018,0.789812874073,0.0121936185424,0.338179960546,0.0843100707825,4.38202663467,1.03097637281,0.338179960546,0.0843100707825,4.36944785247,1.02875406517,000852.SH,000852.SH:DEV_R1_A:200258:200257,2018-06-07T13:58:00+08:00,2018-06-07T13:57:00+08:00
R1_A,2018-06-11,200562,2018-08-01,209208,SHORT,-1,19,2018,0.546256440699,0.379443114094,0.104122164305,0.0247258877962,1.79175946923,1.95225869689,0.0730606153923,0.0311551981509,1.94591014906,1.84669734025,000852.SH,000852.SH:DEV_R1_A:200562:209208,2018-06-11T09:32:00+08:00,2018-08-01T09:38:00+08:00
R1_A,2018-06-12,200816,2018-06-12,200812,SHORT,-1,19,2018,0.435579029239,0.0244451913899,0.583622354582,0.196648477801,5.47227067367,1.40084573338,0.583622354582,0.196648477801,5.45532111536,1.39377363691,000852.SH,000852.SH:DEV_R1_A:200816:200812,2018-06-12T09:46:00+08:00,2018-06-12T09:42:00+08:00
R1_A,2018-06-13,201042,2018-12-12,230571,SHORT,-1,19,2018,1.30671946657,0.785724662181,0.433658167368,0.118073502265,5.12989871492,1.97998398842,0.536644737206,0.101492394984,5.71042701737,1.97448091015,000852.SH,000852.SH:DEV_R1_A:201042:230571,2018-06-13T09:32:00+08:00,2018-12-12T09:41:00+08:00
R1_A,2018-06-14,201337,2018-06-14,201336,SHORT,-1,20,2018,0.774275306424,0.0280069067419,0.121155386097,0.0464300133545,3.49650756147,0.789012664829,0.121155386097,0.0464300133545,3.4657359028,0.784969407404,000852.SH,000852.SH:DEV_R1_A:201337:201336,2018-06-14T10:27:00+08:00,2018-06-14T10:26:00+08:00
R1_A,2018-06-15,201534,2018-07-13,206088,SHORT,-1,19,2018,0.381187695909,0.452370625046,0.364101014107,0.140985828016,5.23644196283,1.05661068539,0.31094522289,0.135376696303,5.63835466933,1.05948218238,000852.SH,000852.SH:DEV_R1_A:201534:206088,2018-06-15T09:44:00+08:00,2018-07-13T09:38:00+08:00
R1_A,2018-06-15,201580,2018-06-27,203261,SHORT,-1,21,2018,0.358233048436,0.874685652256,0.364101014107,0.140985828016,5.45532111536,1.38621576254,0.30492568693,0.126555359486,5.68697535634,1.11786552876,000852.SH,000852.SH:DEV_R1_A:201580:203261,2018-06-15T10:30:00+08:00,2018-06-27T10:31:00+08:00
R1_A,2018-06-15,201621,2018-05-08,194891,SHORT,-1,22,2018,0.29483587488,1.1303162784,0.364101014107,0.140985828016,5.61677109767,1.44482904849,0.388526537868,0.119480663289,6.55250788703,1.18209077325,000852.SH,000852.SH:DEV_R1_A:201621:194891,2018-06-15T11:11:00+08:00,2018-05-08T11:01:00+08:00
R1_A,2018-06-15,201704,2018-10-29,223060,SHORT,-1,28,2018,0.642395962678,1.40003449405,0.555482505878,0.198951829284,3.36729582999,0.686158290518,0.500461228882,0.145131763804,4.68213122712,0.631618805598,000852.SH,000852.SH:DEV_R1_A:201704:223060,2018-06-15T14:04:00+08:00,2018-10-29T14:00:00+08:00
R1_A,2018-06-19,201784,2018-11-21,226985,SHORT,-1,19,2018,0.559784816197,0.780251114402,0.531223517089,0.309458169865,2.56494935746,2.66937252509,0.644006660788,0.285256410256,2.56494935746,2.56299257242,000852.SH,000852.SH:DEV_R1_A:201784:226985,2018-06-19T09:54:00+08:00,2018-11-21T09:55:00+08:00
R1_A,2018-06-19,201879,2018-02-06,181479,SHORT,-1,22,2018,0.296058912703,1.25354336156,0.578623480775,0.377970944016,4.29045944115,0.4855839824,0.474885599214,0.322313531146,3.55534806149,0.337396127265,000852.SH,000852.SH:DEV_R1_A:201879:181479,2018-06-19T11:29:00+08:00,2018-02-06T11:29:00+08:00
R1_A,2018-06-20,202002,2018-04-24,192892,SHORT,-1,19,2018,0.765760128138,3.59398939432,0.786978509288,0.448931984261,2.7080502011,1.45453360246,0.540029316524,0.247962238587,3.4657359028,1.00728232684,000852.SH,000852.SH:DEV_R1_A:202002:192892,2018-06-20T09:32:00+08:00,2018-04-24T09:42:00+08:00
R1_A,2018-06-20,202114,2018-03-19,187218,LONG,1,22,2018,1.1758991122,0.756449339294,0.121547735801,0.11358862498,4.06044301055,0.737841104175,0.147811209308,0.0641718106996,4.00733318523,0.72681504441,000852.SH,000852.SH:DEV_R1_A:202114:187218,2018-06-20T11:24:00+08:00,2018-03-19T11:08:00+08:00
R1_A,2018-06-21,202377,2018-06-21,202376,LONG,1,26,2018,1.69153862493,0.0517989328358,0.289585919139,0.121450486324,3.61091791264,1.21372319447,0.289585919139,0.121450486324,3.58351893846,1.19725415983,000852.SH,000852.SH:DEV_R1_A:202377:202376,2018-06-21T13:17:00+08:00,2018-06-21T13:16:00+08:00
R1_A,2018-06-22,202537,2018-01-11,177090,SHORT,-1,20,2018,1.62384051324,0.569666075621,0.1840682151,0.0713590562792,3.85014760171,0.718078052612,0.28342947623,0.0706257940515,3.91202300543,0.769880736104,000852.SH,000852.SH:DEV_R1_A:202537:177090,2018-06-22T10:27:00+08:00,2018-01-11T10:20:00+08:00
R1_A,2018-07-02,204151,2018-07-02,204149,LONG,1,29,2018,1.57370031941,0.0252629045448,0.255940605296,0.0911928651059,4.60517018599,1.43668946613,0.255940605296,0.0911928651059,4.58496747867,1.43000743445,000852.SH,000852.SH:DEV_R1_A:204151:204149,2018-07-02T14:51:00+08:00,2018-07-02T14:49:00+08:00
R1_A,2018-07-05,204696,2018-07-05,204695,LONG,1,20,2018,0.428706191834,0.252852168926,0.240553710679,0.129032962712,5.67332326717,1.13266272241,0.240553710679,0.129032962712,5.66988092298,1.22215958023,000852.SH,000852.SH:DEV_R1_A:204696:204695,2018-07-05T10:26:00+08:00,2018-07-05T10:25:00+08:00
R1_A,2018-07-05,204724,2018-10-24,222236,SHORT,-1,21,2018,0.903218507662,0.785503933095,0.048471855538,0.014208592637,2.94443897917,1.1245670492,0.134391110274,0.0555783522546,3.04452243772,1.1120593536,000852.SH,000852.SH:DEV_R1_A:204724:222236,2018-07-05T10:54:00+08:00,2018-10-24T10:46:00+08:00
R1_A,2018-07-05,204793,2018-07-31,209126,SHORT,-1,27,2018,0.330744421203,0.677787898883,0.417607799216,0.116654629838,3.91202300543,1.00897832608,0.494052881824,0.120228202902,4.54329478227,0.987884385912,000852.SH,000852.SH:DEV_R1_A:204793:209126,2018-07-05T13:33:00+08:00,2018-07-31T13:46:00+08:00
R1_A,2018-07-05,204824,2018-05-03,194270,SHORT,-1,28,2018,0.304010420284,0.168629011954,0.417607799216,0.116654629838,4.39444915467,0.7904777033,0.388526537868,0.119480663289,4.38202663467,0.800540782487,000852.SH,000852.SH:DEV_R1_A:204824:194270,2018-07-05T14:04:00+08:00,2018-05-03T14:10:00+08:00
R1_A,2018-07-05,204848,2018-05-03,194283,SHORT,-1,28,2018,0.316577234068,0.238029998359,0.417607799216,0.116654629838,4.65396035016,0.883769571494,0.388526537868,0.119480663289,4.53259949315,0.835021512771,000852.SH,000852.SH:DEV_R1_A:204848:194283,2018-07-05T14:28:00+08:00,2018-05-03T14:23:00+08:00
R1_A,2018-07-06,204903,2018-10-24,222176,SHORT,-1,19,2018,0.956212134814,0.548605124206,0.441934040023,0.192433280432,2.56494935746,1.64734314639,0.474361694634,0.199131297423,2.3978952728,1.82062052744,000852.SH,000852.SH:DEV_R1_A:204903:222176,2018-07-06T09:53:00+08:00,2018-10-24T09:46:00+08:00
R1_A,2018-07-06,204939,2018-10-24,222207,SHORT,-1,20,2018,0.45106903154,0.520648467179,0.418857401675,0.190733018256,3.43398720449,1.21461477227,0.488620203381,0.167981020583,3.36729582999,1.23619882892,000852.SH,000852.SH:DEV_R1_A:204939:222207,2018-07-06T10:29:00+08:00,2018-10-24T10:17:00+08:00
R1_A,2018-07-06,205021,2018-07-12,205962,SHORT,-1,26,2018,2.18160408636,1.82269251038,0.355210483663,0.198533426944,3.40119738166,1.1279480493,0.31094522289,0.135376696303,5.04342511692,0.876518179269,000852.SH,000852.SH:DEV_R1_A:205021:205962,2018-07-06T13:21:00+08:00,2018-07-12T13:02:00+08:00
R1_A,2018-07-09,205122,2018-05-02,193843,LONG,1,19,2018,0.941700894986,0.372060810264,0.121562439817,0.0760505284867,3.66356164613,0.918933731959,0.131467061952,0.076785234298,4.07753744391,0.872816970914,000852.SH,000852.SH:DEV_R1_A:205122:193843,2018-07-09T09:32:00+08:00,2018-05-02T09:33:00+08:00
R1_A,2018-07-10,205483,2018-07-10,205482,LONG,1,26,2018,0.47565160115,0.276458844686,0.440227660509,0.264458403839,5.8805329864,0.763165864397,0.440227660509,0.264458403839,5.87773578178,0.861021093126,000852.SH,000852.SH:DEV_R1_A:205483:205482,2018-07-10T13:03:00+08:00,2018-07-10T13:02:00+08:00
R1_A,2018-07-11,205679,2018-02-06,181449,SHORT,-1,21,2018,0.875020377854,2.61486675273,0.526660931411,0.423870700373,4.14313472639,0.309008619017,0.474885599214,0.322313531146,1.60943791243,0.279649283753,000852.SH,000852.SH:DEV_R1_A:205679:181449,2018-07-11T10:49:00+08:00,2018-02-06T10:59:00+08:00
R1_A,2018-07-17,206641,2018-07-17,206640,LONG,1,21,2018,0.492643316934,0.0401205293692,0.345293418441,0.101466140949,3.52636052462,0.996002056786,0.345293418441,0.101466140949,3.49650756147,0.984840949179,000852.SH,000852.SH:DEV_R1_A:206641:206640,2018-07-17T10:51:00+08:00,2018-07-17T10:50:00+08:00
R1_A,2018-07-18,206854,2018-03-06,185006,LONG,1,20,2018,0.399376647952,0.846178596801,0.597783753425,0.127688479387,4.43081679884,1.09164227915,0.462643399783,0.145721315957,4.07753744391,1.10408752204,000852.SH,000852.SH:DEV_R1_A:206854:185006,2018-07-18T10:24:00+08:00,2018-03-06T10:16:00+08:00
R1_A,2018-07-19,207052,2018-08-14,211364,LONG,1,19,2018,1.1375784819,0.395754533026,0.22751336426,0.0532473047576,4.27666611902,1.44635872773,0.160211053779,0.0574416733709,4.4188406078,1.4356411497,000852.SH,000852.SH:DEV_R1_A:207052:211364,2018-07-19T09:42:00+08:00,2018-08-14T09:34:00+08:00
R1_A,2018-07-19,207111,2018-04-26,193449,LONG,1,21,2018,0.797520506142,0.662466904034,0.22751336426,0.0532473047576,4.8751973232,1.3277234885,0.202381748564,0.0686655985351,4.3040650932,1.19480334345,000852.SH,000852.SH:DEV_R1_A:207111:193449,2018-07-19T10:41:00+08:00,2018-04-26T10:59:00+08:00
R1_A,2018-07-20,207375,2018-07-20,207374,SHORT,-1,22,2018,0.874386350756,0.0705981789899,0.252105263667,0.0691893081069,3.85014760171,0.695985187482,0.252105263667,0.0691893081069,3.82864139649,0.671809405333,000852.SH,000852.SH:DEV_R1_A:207375:207374,2018-07-20T11:05:00+08:00,2018-07-20T11:04:00+08:00
R1_A,2018-07-25,208100,2018-07-25,208099,LONG,1,22,2018,0.448919496419,0.00314119863512,0.326901443106,0.149426528134,6.32076829425,0.91105017178,0.326901443106,0.149426528134,6.31896811375,0.910072466723,000852.SH,000852.SH:DEV_R1_A:208100:208099,2018-07-25T11:10:00+08:00,2018-07-25T11:09:00+08:00
R1_A,2018-08-02,209503,2018-08-02,209501,SHORT,-1,21,2018,0.56129855512,0.0997693915794,0.619083226867,0.306210637613,2.8903717579,1.03814760624,0.619083226867,0.306210637613,2.77258872224,1.03130633922,000852.SH,000852.SH:DEV_R1_A:209503:209501,2018-08-02T10:33:00+08:00,2018-08-02T10:31:00+08:00
R1_A,2018-08-02,209547,2018-02-06,181475,SHORT,-1,22,2018,0.368742498736,1.99241953848,0.724546520403,0.384223389319,3.49650756147,0.738394310814,0.474885599214,0.322313531146,3.43398720449,0.348980962217,000852.SH,000852.SH:DEV_R1_A:209547:181475,2018-08-02T11:17:00+08:00,2018-02-06T11:25:00+08:00
R1_A,2018-08-02,209599,2018-02-06,181510,SHORT,-1,27,2018,0.459165698601,2.08498849079,0.724546520403,0.384223389319,4.44265125649,1.01057999437,0.474885599214,0.322313531146,4.18965474203,0.570427144396,000852.SH,000852.SH:DEV_R1_A:209599:181510,2018-08-02T13:39:00+08:00,2018-02-06T13:30:00+08:00
R1_A,2018-08-06,209970,2018-08-06,209969,SHORT,-1,20,2018,1.11939851825,0.309118386215,0.392565168971,0.226812452871,3.55534806149,0.863855278246,0.392565168971,0.226812452871,3.52636052462,0.972941781252,000852.SH,000852.SH:DEV_R1_A:209970:209969,2018-08-06T10:20:00+08:00,2018-08-06T10:19:00+08:00
R1_A,2018-08-06,210083,2018-04-04,190179,SHORT,-1,27,2018,0.801056988665,1.4507902174,0.231230419849,0.15341661018,3.04452243772,1.01115084514,0.287167157815,0.100986457114,2.19722457734,0.675977862619,000852.SH,000852.SH:DEV_R1_A:210083:190179,2018-08-06T13:43:00+08:00,2018-04-04T13:59:00+08:00
R1_A,2018-08-07,210178,2018-04-17,191693,SHORT,-1,19,2018,1.08051023679,0.640099970989,0.165979939093,0.10635267306,3.52636052462,1.55249212687,0.256454298417,0.109631786977,3.09104245336,1.61111798923,000852.SH,000852.SH:DEV_R1_A:210178:191693,2018-08-07T09:48:00+08:00,2018-04-17T09:43:00+08:00
R1_A,2018-08-08,210604,2018-08-08,210603,LONG,1,28,2018,1.14526137718,0.0796931743073,0.353054264449,0.207978266422,4.61512051684,1.10656503865,0.353054264449,0.207978266422,4.60517018599,1.07850814645,000852.SH,000852.SH:DEV_R1_A:210604:210603,2018-08-08T14:24:00+08:00,2018-08-08T14:23:00+08:00
R1_A,2018-08-10,210888,2018-08-28,213770,LONG,1,19,2018,0.403766612026,0.314680746873,0.158904559938,0.057032340983,5.46383180503,1.17513861812,0.104648310587,0.0508455012408,5.46806014114,1.18555110514,000852.SH,000852.SH:DEV_R1_A:210888:213770,2018-08-10T09:38:00+08:00,2018-08-28T09:40:00+08:00
R1_A,2018-08-10,211057,2018-07-02,204080,LONG,1,27,2018,0.651442956825,0.520936691947,0.204832224592,0.0621427958056,3.36729582999,0.91512256067,0.255940605296,0.0911928651059,3.36729582999,0.932565846314,000852.SH,000852.SH:DEV_R1_A:211057:204080,2018-08-10T13:57:00+08:00,2018-07-02T13:40:00+08:00
R1_A,2018-08-14,211415,2018-08-14,211413,LONG,1,20,2018,0.313602664599,0.150957383755,0.160211053779,0.0574416733709,4.89783979995,0.722067777027,0.160211053779,0.0574416733709,4.88280192259,0.775319053538,000852.SH,000852.SH:DEV_R1_A:211415:211413,2018-08-14T10:25:00+08:00,2018-08-14T10:23:00+08:00
R1_A,2018-08-14,211535,2018-01-24,179350,LONG,1,27,2018,0.548446810313,0.742585794113,0.467568624711,0.167448982153,4.3040650932,0.706616217715,0.392763717914,0.145898611774,4.46590811865,0.526528930651,000852.SH,000852.SH:DEV_R1_A:211535:179350,2018-08-14T13:55:00+08:00,2018-01-24T13:30:00+08:00
R1_A,2018-08-16,211890,2018-08-16,211889,SHORT,-1,20,2018,1.61349421266,0.0677818123783,0.409185443814,0.128771021048,3.68887945411,0.698016618074,0.409185443814,0.128771021048,3.66356164613,0.675208858227,000852.SH,000852.SH:DEV_R1_A:211890:211889,2018-08-16T10:20:00+08:00,2018-08-16T10:19:00+08:00
R1_A,2018-08-17,212277,2018-08-17,212276,SHORT,-1,28,2018,0.399546993132,0.0250562089229,0.0705112177737,0.0448911571711,5.12989871492,0.678209637217,0.0705112177737,0.0448911571711,5.1239639794,0.686905327993,000852.SH,000852.SH:DEV_R1_A:212277:212276,2018-08-17T14:17:00+08:00,2018-08-17T14:16:00+08:00
R1_A,2018-08-20,212339,2018-10-24,222178,SHORT,-1,19,2018,0.760081929926,0.497798741947,0.536313070075,0.206835402225,2.3978952728,1.97962328101,0.474361694634,0.199131297423,2.56494935746,1.86855885948,000852.SH,000852.SH:DEV_R1_A:212339:222178,2018-08-20T09:49:00+08:00,2018-10-24T09:48:00+08:00
R1_A,2018-08-20,212465,2018-04-23,192778,SHORT,-1,26,2018,0.481544684835,0.760882524741,0.550538077102,0.21386064763,4.80402104473,0.765659580608,0.616179637899,0.193062241467,4.60517018599,0.564352695296,000852.SH,000852.SH:DEV_R1_A:212465:192778,2018-08-20T13:25:00+08:00,2018-04-23T13:18:00+08:00
R1_A,2018-08-22,212836,2018-08-22,212834,LONG,1,20,2018,0.573810424453,0.0936101763917,0.252471640629,0.0863408716957,2.99573227355,1.36203666511,0.252471640629,0.0863408716957,2.8903717579,1.35031393586,000852.SH,000852.SH:DEV_R1_A:212836:212834,2018-08-22T10:06:00+08:00,2018-08-22T10:04:00+08:00
R1_A,2018-08-28,213874,2018-08-28,213871,LONG,1,22,2018,0.372616103068,0.0171852089424,0.104648310587,0.0508455012408,5.83188247728,0.877441405117,0.104648310587,0.0508455012408,5.82304589548,0.882941164758,000852.SH,000852.SH:DEV_R1_A:213874:213871,2018-08-28T11:24:00+08:00,2018-08-28T11:21:00+08:00
R1_A,2018-08-31,214647,2018-08-31,214645,SHORT,-1,27,2018,0.859797088366,0.0302425347465,0.190573659481,0.045869383095,4.35670882669,0.569753373546,0.190573659481,0.045869383095,4.33073334029,0.56225572722,000852.SH,000852.SH:DEV_R1_A:214647:214645,2018-08-31T13:47:00+08:00,2018-08-31T13:45:00+08:00
R1_A,2018-09-03,214831,2018-01-18,178345,SHORT,-1,22,2018,0.316560484325,0.7235890333,0.527103687868,0.124788866858,5.09375020081,0.553019809086,0.580684469975,0.162630684176,5.50125821054,0.550991548772,000852.SH,000852.SH:DEV_R1_A:214831:178345,2018-09-03T11:21:00+08:00,2018-01-18T11:15:00+08:00
R1_A,2018-09-04,214993,2018-01-22,178778,SHORT,-1,20,2018,1.59344748932,0.55744772703,0.38352499034,0.141759938248,4.67282883446,1.35450959585,0.418212657707,0.113476314253,4.3040650932,1.34572618909,000852.SH,000852.SH:DEV_R1_A:214993:178778,2018-09-04T10:03:00+08:00,2018-01-22T10:28:00+08:00
R1_A,2018-09-05,215216,2018-03-29,189061,LONG,1,19,2018,0.517343070962,0.649461356589,0.341554924899,0.148546215635,2.7080502011,1.967157167,0.331597417268,0.132020504776,2.7080502011,2.17879099174,000852.SH,000852.SH:DEV_R1_A:215216:189061,2018-09-05T09:46:00+08:00,2018-03-29T09:51:00+08:00
R1_A,2018-09-06,215460,2018-09-06,215459,SHORT,-1,19,2018,0.584675108867,0.131435218004,0.176442897113,0.0577647329243,2.07944154168,1.97991208231,0.176442897113,0.0577647329243,1.94591014906,1.95497870848,000852.SH,000852.SH:DEV_R1_A:215460:215459,2018-09-06T09:50:00+08:00,2018-09-06T09:49:00+08:00
R1_A,2018-09-06,215667,2018-05-16,196473,SHORT,-1,29,2018,0.579568125435,0.716205094518,0.155701365176,0.0589528264668,2.7080502011,0.967015082823,0.146103325094,0.0318481773085,2.7080502011,0.759045892854,000852.SH,000852.SH:DEV_R1_A:215667:196473,2018-09-06T14:47:00+08:00,2018-05-16T14:53:00+08:00
R1_A,2018-09-07,215748,2018-05-17,196553,SHORT,-1,21,2018,1.05350025507,0.409847492557,0.155701365176,0.0589528264668,4.56434819147,0.682747568014,0.146103325094,0.0318481773085,4.5538768916,0.686952148727,000852.SH,000852.SH:DEV_R1_A:215748:196553,2018-09-07T10:38:00+08:00,2018-05-17T10:43:00+08:00
R1_A,2018-09-07,215807,2018-12-18,231641,LONG,1,26,2018,1.3356639313,1.51788771063,0.0809967178718,0.0369424718743,2.8903717579,1.4419121659,0.0148240156853,0.00470995531581,3.93182563272,1.05602236779,000852.SH,000852.SH:DEV_R1_A:215807:231641,2018-09-07T13:07:00+08:00,2018-12-18T13:01:00+08:00
R1_A,2018-09-10,215925,2018-04-24,192892,SHORT,-1,19,2018,0.485205482025,0.967705565227,0.449864863724,0.272090743593,4.09434456222,1.19642987594,0.540029316524,0.247962238587,3.4657359028,1.00728232684,000852.SH,000852.SH:DEV_R1_A:215925:192892,2018-09-10T09:35:00+08:00,2018-04-24T09:42:00+08:00
R1_A,2018-09-10,215962,2018-04-25,193152,SHORT,-1,20,2018,0.333906091445,1.18954503789,0.449864863724,0.272090743593,4.5747109785,1.19282928576,0.540029316524,0.247962238587,5.67675380227,1.03521444078,000852.SH,000852.SH:DEV_R1_A:215962:193152,2018-09-10T10:12:00+08:00,2018-04-25T10:02:00+08:00
R1_A,2018-09-10,216036,2018-04-25,193239,SHORT,-1,22,2018,0.45264943595,0.905061667162,0.449864863724,0.272090743593,5.1416635565,0.513566917215,0.540029316524,0.247962238587,5.93753620508,0.492098947977,000852.SH,000852.SH:DEV_R1_A:216036:193239,2018-09-10T11:26:00+08:00,2018-04-25T11:29:00+08:00
R1_A,2018-09-11,216187,2018-04-26,193375,SHORT,-1,19,2018,0.452634379846,0.893985623517,0.449864863724,0.272090743593,5.77455154554,1.90507078316,0.540029316524,0.247962238587,6.24416690066,1.7215242814,000852.SH,000852.SH:DEV_R1_A:216187:193375,2018-09-11T09:57:00+08:00,2018-04-26T09:45:00+08:00
R1_A,2018-09-11,216295,2018-07-31,209091,SHORT,-1,26,2018,0.96196813414,1.04161534434,0.601095055072,0.129050904574,3.49650756147,0.875544122457,0.494052881824,0.120228202902,4.07753744391,0.628833013823,000852.SH,000852.SH:DEV_R1_A:216295:209091,2018-09-11T13:15:00+08:00,2018-07-31T13:11:00+08:00
R1_A,2018-09-17,217151,2018-09-17,217150,SHORT,-1,20,2018,0.315076968988,0.0166648819338,0.177294002641,0.0916451969084,3.95124371858,2.45489153819,0.177294002641,0.0916451969084,3.93182563272,2.45636486421,000852.SH,000852.SH:DEV_R1_A:217151:217150,2018-09-17T10:01:00+08:00,2018-09-17T10:00:00+08:00
R1_A,2018-09-17,217204,2018-02-06,181444,SHORT,-1,21,2018,0.2582933193,0.690475767112,0.177294002641,0.0916451969084,4.65396035016,0.43622881299,0.211750371232,0.112421929216,4.29045944115,0.258372140697,000852.SH,000852.SH:DEV_R1_A:217204:181444,2018-09-17T10:54:00+08:00,2018-02-06T10:54:00+08:00
R1_A,2018-09-17,217353,2018-04-23,192879,SHORT,-1,29,2018,0.57137271548,1.06082492636,0.600040159192,0.226036498937,3.93182563272,0.48199350177,0.540029316524,0.247962238587,2.94443897917,0.653433540204,000852.SH,000852.SH:DEV_R1_A:217353:192879,2018-09-17T14:53:00+08:00,2018-04-23T14:59:00+08:00
R1_A,2018-09-20,217860,2018-09-20,217859,LONG,1,19,2018,0.589420473523,0.0633096640904,0.610149869289,0.247959934158,2.94443897917,1.4412013166,0.610149869289,0.247959934158,2.8903717579,1.42541342071,000852.SH,000852.SH:DEV_R1_A:217860:217859,2018-09-20T09:50:00+08:00,2018-09-20T09:49:00+08:00
R1_A,2018-09-25,218331,2018-09-25,218330,LONG,1,19,2018,0.688639737614,0.0894853005885,0.089318615249,0.0224243016851,2.30258509299,2.52674669621,0.089318615249,0.0224243016851,2.19722457734,2.5202050652,000852.SH,000852.SH:DEV_R1_A:218331:218330,2018-09-25T09:41:00+08:00,2018-09-25T09:40:00+08:00
R1_A,2018-09-27,218868,2018-09-27,218867,LONG,1,21,2018,0.705635427686,0.174999786272,0.221369942088,0.0534842214682,4.20469261939,0.777733686793,0.221369942088,0.0534842214682,4.18965474203,0.839520567828,000852.SH,000852.SH:DEV_R1_A:218868:218867,2018-09-27T10:38:00+08:00,2018-09-27T10:37:00+08:00
R1_A,2018-09-27,219003,2018-03-16,187078,LONG,1,28,2018,0.893504136432,0.58987405755,0.221369942088,0.0534842214682,5.3082676974,1.16067705864,0.12688531952,0.0355328216304,5.38449506279,1.16010680461,000852.SH,000852.SH:DEV_R1_A:219003:187078,2018-09-27T14:23:00+08:00,2018-03-16T14:18:00+08:00
R1_A,2018-10-08,219310,2018-06-26,202991,SHORT,-1,20,2018,0.469786704495,0.657620512033,0.348246434765,0.0868031944335,3.36729582999,2.74294589868,0.30492568693,0.126555359486,3.21887582487,2.71706281927,000852.SH,000852.SH:DEV_R1_A:219310:202991,2018-10-08T10:00:00+08:00,2018-06-26T10:01:00+08:00
R1_A,2018-10-09,219536,2018-08-22,212816,SHORT,-1,19,2018,0.470276947062,0.846599783448,0.348246434765,0.0868031944335,5.54126354516,2.18505017827,0.330699054507,0.130150260502,5.76205138278,2.00742460434,000852.SH,000852.SH:DEV_R1_A:219536:212816,2018-10-09T09:46:00+08:00,2018-08-22T09:46:00+08:00
R1_A,2018-10-09,219680,2018-03-20,187536,SHORT,-1,27,2018,0.530350492492,0.650247696794,0.155872670908,0.0769437598028,3.33220451018,0.529935960149,0.124606278366,0.0636833993835,3.21887582487,0.322105230712,000852.SH,000852.SH:DEV_R1_A:219680:187536,2018-10-09T13:40:00+08:00,2018-03-20T13:56:00+08:00
R1_A,2018-10-10,219771,2018-12-24,232487,SHORT,-1,19,2018,0.558646627398,0.899182648779,0.0701755995415,0.0533778993214,2.30258509299,1.32437693276,0.232518716845,0.0585840625146,2.30258509299,1.31510343637,000852.SH,000852.SH:DEV_R1_A:219771:232487,2018-10-10T09:41:00+08:00,2018-12-24T09:37:00+08:00
R1_A,2018-10-10,219809,2018-08-01,209246,SHORT,-1,20,2018,0.50977348651,0.337677397373,0.0701755995415,0.0533778993214,3.87120101091,0.954346299816,0.0730606153923,0.0311551981509,3.80666248977,0.955532111428,000852.SH,000852.SH:DEV_R1_A:219809:209246,2018-10-10T10:19:00+08:00,2018-08-01T10:16:00+08:00
R1_A,2018-10-10,219858,2018-04-26,193450,LONG,1,22,2018,0.990410801898,1.17855219135,0.124950122894,0.0584966659931,3.43398720449,1.48644357071,0.202381748564,0.0686655985351,4.31748811354,1.20231209752,000852.SH,000852.SH:DEV_R1_A:219858:193450,2018-10-10T11:08:00+08:00,2018-04-26T11:00:00+08:00
R1_A,2018-10-11,220030,2018-11-21,226990,SHORT,-1,20,2018,0.637138338527,2.09485986898,0.626377690297,0.419611460195,2.83321334406,2.77219511647,0.644006660788,0.285256410256,2.8903717579,2.57082772854,000852.SH,000852.SH:DEV_R1_A:220030:226990,2018-10-11T10:00:00+08:00,2018-11-21T10:00:00+08:00
R1_A,2018-10-11,220066,2018-02-06,181449,SHORT,-1,21,2018,0.479457557076,2.22363526613,0.642529009587,0.411177864741,3.43398720449,0.232775342409,0.474885599214,0.322313531146,1.60943791243,0.279649283753,000852.SH,000852.SH:DEV_R1_A:220066:181449,2018-10-11T10:36:00+08:00,2018-02-06T10:59:00+08:00
R1_A,2018-10-11,220177,2018-02-06,181512,SHORT,-1,27,2018,0.704531978857,1.91264457778,0.674655699149,0.375626195464,3.04452243772,0.209543120446,0.474885599214,0.322313531146,4.21950770518,0.536381758848,000852.SH,000852.SH:DEV_R1_A:220177:181512,2018-10-11T13:57:00+08:00,2018-02-06T13:32:00+08:00
R1_A,2018-10-12,220259,2018-08-06,209944,SHORT,-1,19,2018,0.786647730022,1.18438449216,0.467529088122,0.278164322724,2.19722457734,2.00218053266,0.392565168971,0.226812452871,2.19722457734,2.28529535432,000852.SH,000852.SH:DEV_R1_A:220259:209944,2018-10-12T09:49:00+08:00,2018-08-06T09:54:00+08:00
R1_A,2018-10-12,220300,2018-12-17,231369,SHORT,-1,21,2018,0.439777253007,1.20933301342,0.423592212385,0.260390659421,3.49650756147,1.10367663584,0.421424713595,0.180525623443,3.40119738166,1.04894818613,000852.SH,000852.SH:DEV_R1_A:220300:231369,2018-10-12T10:30:00+08:00,2018-12-17T10:59:00+08:00
R1_A,2018-10-12,220398,2018-02-06,181510,SHORT,-1,27,2018,3.10769581273,1.77121544429,0.599065717656,0.426115156336,4.18965474203,0.746987394026,0.474885599214,0.322313531146,4.18965474203,0.570427144396,000852.SH,000852.SH:DEV_R1_A:220398:181510,2018-10-12T13:38:00+08:00,2018-02-06T13:30:00+08:00
R1_A,2018-10-15,220482,2018-04-20,192401,LONG,1,19,2018,0.344272161943,4.29511055262,0.707246346697,0.529159187696,3.58351893846,0.735132069022,0.527839587676,0.250250327351,3.52636052462,0.731206160188,000852.SH,000852.SH:DEV_R1_A:220482:192401,2018-10-15T09:32:00+08:00,2018-04-20T09:31:00+08:00
R1_A,2018-10-15,220509,2018-07-10,205369,LONG,1,19,2018,0.340667989461,4.37805340966,0.707246346697,0.529159187696,4.14313472639,1.17750893755,0.440227660509,0.264458403839,5.49716822529,1.17662778496,000852.SH,000852.SH:DEV_R1_A:220509:205369,2018-10-15T09:59:00+08:00,2018-07-10T09:39:00+08:00
R1_A,2018-10-15,220633,2018-11-22,227379,LONG,1,27,2018,1.08775723631,0.519152671051,0.344220755497,0.113882863341,4.47733681448,0.670636234254,0.302348269163,0.128492960111,4.11087386417,0.767905807951,000852.SH,000852.SH:DEV_R1_A:220633:227379,2018-10-15T13:33:00+08:00,2018-11-22T13:59:00+08:00
R1_A,2018-10-16,220768,2018-06-29,203739,SHORT,-1,20,2018,0.65284815274,0.657518199242,0.284513906025,0.08384397928,2.99573227355,1.32029989871,0.286079103132,0.0903638838809,2.94443897917,1.09065580524,000852.SH,000852.SH:DEV_R1_A:220768:203739,2018-10-16T10:18:00+08:00,2018-06-29T10:29:00+08:00
R1_A,2018-10-16,220839,2018-12-17,231371,SHORT,-1,22,2018,0.350333415072,0.715306813056,0.494199595508,0.189009970989,4.04305126783,1.17343229494,0.421424713595,0.180525623443,3.4657359028,1.05916035653,000852.SH,000852.SH:DEV_R1_A:220839:231371,2018-10-16T11:29:00+08:00,2018-12-17T11:01:00+08:00
R1_A,2018-10-16,220878,2018-04-23,192796,SHORT,-1,27,2018,0.395417043424,0.696969030955,0.494199595508,0.189009970989,4.56434819147,0.787592176276,0.616179637899,0.193062241467,4.77068462447,0.785424594267,000852.SH,000852.SH:DEV_R1_A:220878:192796,2018-10-16T13:38:00+08:00,2018-04-23T13:36:00+08:00
R1_A,2018-10-16,220933,2018-04-23,192850,SHORT,-1,29,2018,0.448252937809,0.691426662022,0.494199595508,0.189009970989,5.01727983681,1.10068550922,0.616179637899,0.193062241467,5.14749447681,1.13614377597,000852.SH,000852.SH:DEV_R1_A:220933:192850,2018-10-16T14:33:00+08:00,2018-04-23T14:30:00+08:00
R1_A,2018-10-17,220964,2018-11-21,226975,SHORT,-1,19,2018,1.59103392898,0.622588840626,0.595217259214,0.258546617916,1.09861228867,2.40831665319,0.644006660788,0.285256410256,1.09861228867,2.54768350994,000852.SH,000852.SH:DEV_R1_A:220964:226975,2018-10-17T09:34:00+08:00,2018-11-21T09:45:00+08:00
R1_A,2018-10-17,221138,2018-02-06,181510,SHORT,-1,27,2018,1.44073236298,1.83166852847,0.463700081105,0.2810753147,2.8903717579,1.04580002395,0.474885599214,0.322313531146,4.18965474203,0.570427144396,000852.SH,000852.SH:DEV_R1_A:221138:181510,2018-10-17T13:58:00+08:00,2018-02-06T13:30:00+08:00
R1_A,2018-10-18,221243,2018-08-01,209241,SHORT,-1,20,2018,0.339887709254,0.578310083007,0.00394093197422,0.00227067545755,3.73766961828,0.975762144627,0.0730606153923,0.0311551981509,3.68887945411,0.979791970706,000852.SH,000852.SH:DEV_R1_A:221243:209241,2018-10-18T10:13:00+08:00,2018-08-01T10:11:00+08:00
R1_A,2018-10-19,221457,2018-11-21,226982,SHORT,-1,19,2018,1.18482329435,2.67687873389,0.662202172005,0.463604675005,2.30258509299,2.51009803102,0.644006660788,0.285256410256,2.30258509299,2.55144889886,000852.SH,000852.SH:DEV_R1_A:221457:226982,2018-10-19T09:47:00+08:00,2018-11-21T09:52:00+08:00
R1_A,2018-10-19,221660,2018-02-13,182799,LONG,1,29,2018,0.277567368064,0.931328379448,0.347136516446,0.235972512698,4.38202663467,0.286466506225,0.419514363216,0.206002728513,3.76120011569,0.459937253907,000852.SH,000852.SH:DEV_R1_A:221660:182799,2018-10-19T14:40:00+08:00,2018-02-13T14:59:00+08:00
R1_A,2018-10-22,221749,2018-07-10,205433,LONG,1,21,2018,0.40660472661,0.833685570807,0.347136516446,0.235972512698,5.12989871492,0.575850958866,0.440227660509,0.264458403839,5.73009978297,0.568514720441,000852.SH,000852.SH:DEV_R1_A:221749:205433,2018-10-22T10:39:00+08:00,2018-07-10T10:43:00+08:00
R1_A,2018-10-22,221918,2018-03-27,188777,LONG,1,29,2018,0.877656988251,1.75534696166,0.801036900792,0.496457593688,4.29045944115,0.255471136001,0.719632344266,0.403830036213,3.21887582487,0.397146865197,000852.SH,000852.SH:DEV_R1_A:221918:188777,2018-10-22T14:58:00+08:00,2018-03-27T14:37:00+08:00
R1_A,2018-10-30,223123,2018-10-30,223122,SHORT,-1,19,2018,0.381951933962,0.158469750863,0.500461228882,0.145131763804,5.1416635565,1.06429865734,0.500461228882,0.145131763804,5.13579843705,1.00823134186,000852.SH,000852.SH:DEV_R1_A:223123:223122,2018-10-30T09:33:00+08:00,2018-10-30T09:32:00+08:00
R1_A,2018-10-30,223234,2018-04-23,192733,SHORT,-1,22,2018,1.4900913226,0.707525919527,0.553329925689,0.153517207895,4.02535169074,1.034659613,0.616179637899,0.193062241467,4.00733318523,0.974301238784,000852.SH,000852.SH:DEV_R1_A:223234:192733,2018-10-30T11:24:00+08:00,2018-04-23T11:03:00+08:00
R1_A,2018-10-30,223292,2018-10-29,223051,SHORT,-1,27,2018,1.00598622249,0.380148324875,0.553329925689,0.153517207895,4.73619844839,0.744545924906,0.500461228882,0.145131763804,4.59511985013,0.683287612948,000852.SH,000852.SH:DEV_R1_A:223292:223051,2018-10-30T13:52:00+08:00,2018-10-29T13:51:00+08:00
R1_A,2018-11-01,223704,2018-11-01,223698,LONG,1,22,2018,0.333217625055,0.0501265759886,0.724446148301,0.226531542104,4.63472898823,0.447834463208,0.724446148301,0.226531542104,4.5747109785,0.446062094828,000852.SH,000852.SH:DEV_R1_A:223704:223698,2018-11-01T11:14:00+08:00,2018-11-01T11:08:00+08:00
R1_A,2018-11-02,223857,2018-12-27,233229,LONG,1,19,2018,0.418303907032,0.321036201084,0.197728522261,0.0845824411135,2.77258872224,2.6516309955,0.252304643483,0.0839169000934,2.63905732962,2.64938425429,000852.SH,000852.SH:DEV_R1_A:223857:233229,2018-11-02T09:47:00+08:00,2018-12-27T09:59:00+08:00
R1_A,2018-11-02,223962,2018-09-13,216784,LONG,1,26,2018,0.340618236675,0.207733309773,0.197728522261,0.0845824411135,4.7957905456,0.358513803642,0.176465914905,0.0732206113282,4.82028156561,0.358728769904,000852.SH,000852.SH:DEV_R1_A:223962:216784,2018-11-02T13:02:00+08:00,2018-09-13T13:24:00+08:00
R1_A,2018-11-05,224232,2018-11-05,224230,LONG,1,27,2018,1.39265155345,0.607255308284,0.475912075005,0.191844047005,4.29045944115,0.855293949188,0.475912075005,0.191844047005,4.26267987704,1.07008994102,000852.SH,000852.SH:DEV_R1_A:224232:224230,2018-11-05T13:32:00+08:00,2018-11-05T13:30:00+08:00
R1_A,2018-11-07,224642,2018-01-22,178801,LONG,1,21,2018,0.517136907778,0.157058561388,0.266607065318,0.0797810714714,2.63905732962,1.07297975462,0.265104816682,0.0741254674966,2.7080502011,1.03090371704,000852.SH,000852.SH:DEV_R1_A:224642:178801,2018-11-07T10:52:00+08:00,2018-01-22T10:51:00+08:00
R1_A,2018-11-07,224747,2018-09-14,217073,LONG,1,28,2018,0.919234905066,0.495985917706,0.14634627481,0.0755054690089,3.25809653802,1.10808485689,0.215891709172,0.086258103663,3.25809653802,1.01250720437,000852.SH,000852.SH:DEV_R1_A:224747:217073,2018-11-07T14:07:00+08:00,2018-09-14T14:13:00+08:00
R1_A,2018-11-08,224812,2018-09-06,215459,SHORT,-1,19,2018,0.52227410419,0.457789945539,0.147971800605,0.0692300749165,2.3978952728,1.91262582727,0.176442897113,0.0577647329243,1.94591014906,1.95497870848,000852.SH,000852.SH:DEV_R1_A:224812:215459,2018-11-08T09:42:00+08:00,2018-09-06T09:49:00+08:00
R1_A,2018-11-08,224876,2018-04-09,190314,SHORT,-1,21,2018,0.379468461465,0.252491839465,0.286831255884,0.143794011719,3.68887945411,0.565416865973,0.327895638863,0.142051299068,3.80666248977,0.581986342667,000852.SH,000852.SH:DEV_R1_A:224876:190314,2018-11-08T10:46:00+08:00,2018-04-09T10:44:00+08:00
R1_A,2018-11-08,224940,2018-01-10,176922,SHORT,-1,26,2018,0.484846182037,0.303068692915,0.0167274402564,0.00871866728943,2.94443897917,0.627965963664,0.0526429771231,0.0180846691328,3.09104245336,0.58038244818,000852.SH,000852.SH:DEV_R1_A:224940:176922,2018-11-08T13:20:00+08:00,2018-01-10T13:02:00+08:00
R1_A,2018-11-09,225137,2018-04-09,190356,SHORT,-1,22,2018,0.745999117327,0.442181510125,0.381292070636,0.162144931643,4.3040650932,0.63677655011,0.327895638863,0.142051299068,4.46590811865,0.634434257362,000852.SH,000852.SH:DEV_R1_A:225137:190356,2018-11-09T11:07:00+08:00,2018-04-09T11:26:00+08:00
R1_A,2018-11-13,225524,2018-11-13,225523,LONG,1,19,2018,0.815506712853,0.348760020823,0.557827878394,0.200962839182,1.09861228867,2.49388880483,0.557827878394,0.200962839182,0.69314718056,2.46203162896,000852.SH,000852.SH:DEV_R1_A:225524:225523,2018-11-13T09:34:00+08:00,2018-11-13T09:33:00+08:00
R1_A,2018-11-13,225629,2018-08-08,210519,LONG,1,22,2018,0.620187275142,0.656328056357,0.328188926229,0.249438202247,2.8903717579,0.611763565785,0.353054264449,0.207978266422,2.77258872224,0.657124415866,000852.SH,000852.SH:DEV_R1_A:225629:210519,2018-11-13T11:19:00+08:00,2018-08-08T11:29:00+08:00
R1_A,2018-11-14,225765,2018-09-20,217854,LONG,1,19,2018,0.513486880268,1.3652435476,0.449718994942,0.311664190193,3.04452243772,1.19716868565,0.610149869289,0.247959934158,2.56494935746,1.23408206026,000852.SH,000852.SH:DEV_R1_A:225765:217854,2018-11-14T09:35:00+08:00,2018-09-20T09:44:00+08:00
R1_A,2018-11-14,225977,2018-09-14,217098,LONG,1,29,2018,1.05365780375,0.384924991965,0.285034146105,0.089746570565,3.93182563272,0.870155098923,0.215891709172,0.086258103663,3.93182563272,0.870557824387,000852.SH,000852.SH:DEV_R1_A:225977:217098,2018-11-14T14:37:00+08:00,2018-09-14T14:38:00+08:00
R1_A,2018-11-16,226272,2018-11-16,226270,LONG,1,20,2018,0.368135148833,0.503092823185,0.259094253742,0.105621226295,4.82028156561,1.65074233161,0.259094253742,0.105621226295,4.80402104473,1.82875885299,000852.SH,000852.SH:DEV_R1_A:226272:226270,2018-11-16T10:02:00+08:00,2018-11-16T10:00:00+08:00
R1_A,2018-11-16,226408,2018-01-23,179136,LONG,1,27,2018,0.39885171777,0.680616314635,0.259094253742,0.105621226295,5.56068163102,0.972124567784,0.265104816682,0.0741254674966,5.85793315448,0.822621037532,000852.SH,000852.SH:DEV_R1_A:226408:179136,2018-11-16T13:48:00+08:00,2018-01-23T13:56:00+08:00
R1_A,2018-11-19,226484,2018-12-28,233441,LONG,1,19,2018,0.440733761515,0.535003378881,0.259094253742,0.105621226295,5.81711115996,0.731887068995,0.252304643483,0.0839169000934,5.42053499927,0.637938649856,000852.SH,000852.SH:DEV_R1_A:226484:233441,2018-11-19T09:34:00+08:00,2018-12-28T09:31:00+08:00
R1_A,2018-11-21,226992,2018-08-02,209499,SHORT,-1,20,2018,0.936792199224,0.460368371524,0.644006660788,0.285256410256,2.99573227355,1.0630787859,0.619083226867,0.306210637613,2.63905732962,1.03432184792,000852.SH,000852.SH:DEV_R1_A:226992:209499,2018-11-21T10:02:00+08:00,2018-08-02T10:29:00+08:00
R1_A,2018-11-23,227515,2018-11-23,227514,SHORT,-1,21,2018,0.302533012847,0.0382418372122,0.0980422456564,0.0285772885759,4.3040650932,0.991687215389,0.0980422456564,0.0285772885759,4.29045944115,1.00461858847,000852.SH,000852.SH:DEV_R1_A:227515:227514,2018-11-23T10:45:00+08:00,2018-11-23T10:44:00+08:00
R1_A,2018-11-23,227660,2018-04-23,192876,SHORT,-1,29,2018,0.984978705111,1.71672331392,0.733729337557,0.330993963783,3.33220451018,0.811178823727,0.540029316524,0.247962238587,2.77258872224,0.73907952475,000852.SH,000852.SH:DEV_R1_A:227660:192876,2018-11-23T14:40:00+08:00,2018-04-23T14:56:00+08:00
R1_A,2018-11-26,227721,2018-08-01,209239,SHORT,-1,20,2018,0.836428731873,0.457586834409,0.0128989374672,0.0110560944177,3.52636052462,0.965552321315,0.0730606153923,0.0311551981509,3.63758615973,0.967489558786,000852.SH,000852.SH:DEV_R1_A:227721:209239,2018-11-26T10:11:00+08:00,2018-08-01T10:09:00+08:00
R1_A,2018-11-26,227829,2018-04-16,191588,SHORT,-1,26,2018,0.72318067191,0.391205608234,0.103705644598,0.0547828809087,3.91202300543,0.602279057719,0.161140187224,0.0419371748861,3.80666248977,0.570670025197,000852.SH,000852.SH:DEV_R1_A:227829:191588,2018-11-26T13:29:00+08:00,2018-04-16T13:28:00+08:00
R1_A,2018-11-27,228041,2018-09-19,217740,LONG,1,26,2018,0.495625850431,0.575304028754,0.00461181442351,0.00224671017439,4.78749174278,0.373626656676,0.0159293073916,0.00436361417106,5.41164605186,0.45816696342,000852.SH,000852.SH:DEV_R1_A:228041:217740,2018-11-27T13:01:00+08:00,2018-09-19T13:20:00+08:00
R1_A,2018-11-28,228219,2018-04-09,190288,SHORT,-1,20,2018,0.513300614363,0.531241568224,0.258075016127,0.163213627993,2.77258872224,1.43971634069,0.327895638863,0.142051299068,2.94443897917,1.39940907886,000852.SH,000852.SH:DEV_R1_A:228219:190288,2018-11-28T10:29:00+08:00,2018-04-09T10:18:00+08:00
R1_A,2018-11-29,228499,2018-11-29,228498,LONG,1,22,2018,0.576157954892,0.0622750329715,0.358182715151,0.145620653943,2.94443897917,0.730368152965,0.358182715151,0.145620653943,2.8903717579,0.715104554282,000852.SH,000852.SH:DEV_R1_A:228499:228498,2018-11-29T11:09:00+08:00,2018-11-29T11:08:00+08:00
R1_A,2018-11-30,228662,2018-01-25,179459,LONG,1,19,2018,2.29829732688,0.200669223691,0.358182715151,0.145620653943,5.20400668708,1.76015841781,0.392763717914,0.145898611774,5.27811465923,1.76330722051,000852.SH,000852.SH:DEV_R1_A:228662:179459,2018-11-30T09:52:00+08:00,2018-01-25T09:49:00+08:00
R1_A,2018-11-30,228758,2018-04-23,192752,SHORT,-1,22,2018,0.488906151325,1.18404178024,0.618378722283,0.270317833895,4.00733318523,0.635114677255,0.616179637899,0.193062241467,4.3040650932,0.624527670329,000852.SH,000852.SH:DEV_R1_A:228758:192752,2018-11-30T11:28:00+08:00,2018-04-23T11:22:00+08:00
R1_A,2018-12-03,228905,2018-04-20,192409,LONG,1,19,2018,0.575175814218,1.09308549767,0.479463211575,0.273846936366,2.99573227355,2.66487583172,0.527839587676,0.250250327351,3.73766961828,2.38650106602,000852.SH,000852.SH:DEV_R1_A:228905:192409,2018-12-03T09:55:00+08:00,2018-04-20T09:39:00+08:00
R1_A,2018-12-04,229128,2018-07-04,204412,LONG,1,19,2018,0.546693031376,0.843553943894,0.340133005284,0.171671388102,1.94591014906,1.75942396722,0.240553710679,0.129032962712,1.94591014906,1.77409513344,000852.SH,000852.SH:DEV_R1_A:229128:204412,2018-12-04T09:38:00+08:00,2018-07-04T09:42:00+08:00
R1_A,2018-12-04,229186,2018-12-14,231101,LONG,1,21,2018,0.311315998268,0.567744596357,0.362477832715,0.148933076448,3.85014760171,0.952085673791,0.37322666652,0.115059064273,4.09434456222,1.00214260645,000852.SH,000852.SH:DEV_R1_A:229186:231101,2018-12-04T10:36:00+08:00,2018-12-14T10:31:00+08:00
R1_A,2018-12-04,229310,2018-01-24,179409,LONG,1,28,2018,0.405152124489,0.222118725283,0.362477832715,0.148933076448,5.1416635565,0.604717935583,0.392763717914,0.145898611774,4.98360662171,0.620991826672,000852.SH,000852.SH:DEV_R1_A:229310:179409,2018-12-04T14:10:00+08:00,2018-01-24T14:29:00+08:00
R1_A,2018-12-05,229490,2018-06-26,203087,SHORT,-1,26,2018,1.64820908993,0.267863427438,0.273214904483,0.113174440708,4.77068462447,0.24030945475,0.30492568693,0.126555359486,4.7957905456,0.24840059651,000852.SH,000852.SH:DEV_R1_A:229490:203087,2018-12-05T13:10:00+08:00,2018-06-26T13:07:00+08:00
R1_A,2018-12-06,229833,2018-12-06,229832,SHORT,-1,29,2018,0.392088245458,0.0431809827458,0.247900481903,0.107307120379,5.11198778836,0.596635004738,0.247900481903,0.107307120379,5.1059454739,0.611816170923,000852.SH,000852.SH:DEV_R1_A:229833:229832,2018-12-06T14:53:00+08:00,2018-12-06T14:52:00+08:00
R1_A,2018-12-07,229903,2018-06-27,203265,SHORT,-1,21,2018,0.35727630901,0.471841564145,0.247900481903,0.107307120379,5.46383180503,0.765708650711,0.30492568693,0.126555359486,5.70044357339,0.780966723553,000852.SH,000852.SH:DEV_R1_A:229903:203265,2018-12-07T10:33:00+08:00,2018-06-27T10:35:00+08:00
R1_A,2018-12-07,230008,2018-01-12,177432,SHORT,-1,27,2018,0.472583659338,0.61080065346,0.247900481903,0.107307120379,5.83188247728,0.539530532173,0.28342947623,0.0706257940515,5.97126183979,0.588511328801,000852.SH,000852.SH:DEV_R1_A:230008:177432,2018-12-07T13:48:00+08:00,2018-01-12T13:32:00+08:00
R1_A,2018-12-10,230091,2018-07-17,206589,SHORT,-1,19,2018,0.293209325816,0.972422574822,0.247900481903,0.107307120379,6.04973345523,2.40332583391,0.31094522289,0.135376696303,6.66185474055,2.18254669756,000852.SH,000852.SH:DEV_R1_A:230091:206589,2018-12-10T09:41:00+08:00,2018-07-17T09:59:00+08:00
R1_A,2018-12-10,230122,2018-07-02,203974,SHORT,-1,20,2018,0.352089688445,0.62744088877,0.247900481903,0.107307120379,6.12029741895,0.818441489691,0.286079103132,0.0903638838809,5.53733426702,0.897742060203,000852.SH,000852.SH:DEV_R1_A:230122:203974,2018-12-10T10:12:00+08:00,2018-07-02T10:24:00+08:00
R1_A,2018-12-10,230186,2018-07-02,204037,SHORT,-1,22,2018,0.346764558387,0.526147567028,0.247900481903,0.107307120379,6.25190388317,0.563291019269,0.286079103132,0.0903638838809,5.75890177388,0.568094776007,000852.SH,000852.SH:DEV_R1_A:230186:204037,2018-12-10T11:16:00+08:00,2018-07-02T11:27:00+08:00
R1_A,2018-12-10,230303,2018-12-25,232935,SHORT,-1,29,2018,0.587481898525,1.24007451277,0.536644737206,0.101492394984,3.52636052462,0.446717710848,0.361573057425,0.124250423425,4.34380542185,0.505547528736,000852.SH,000852.SH:DEV_R1_A:230303:232935,2018-12-10T14:43:00+08:00,2018-12-25T14:35:00+08:00
R1_A,2018-12-17,231392,2018-12-17,231391,SHORT,-1,22,2018,1.00070629428,0.0178123189498,0.421424713595,0.180525623443,3.97029191355,0.927948011228,0.421424713595,0.180525623443,3.95124371858,0.925056886183,000852.SH,000852.SH:DEV_R1_A:231392:231391,2018-12-17T11:22:00+08:00,2018-12-17T11:21:00+08:00
R1_A,2018-12-19,231763,2018-12-19,231762,SHORT,-1,19,2018,0.830063092828,0.484942658603,0.342199838833,0.163039600428,3.80666248977,0.894310424008,0.342199838833,0.163039600428,3.78418963392,0.722781638982,000852.SH,000852.SH:DEV_R1_A:231763:231762,2018-12-19T09:33:00+08:00,2018-12-19T09:32:00+08:00
R1_A,2018-12-19,231907,2018-06-28,203588,SHORT,-1,26,2018,0.365182622653,0.372935990071,0.160486778077,0.071735326865,4.5538768916,0.361101230133,0.225672822402,0.0778640319925,4.51085950652,0.364704303463,000852.SH,000852.SH:DEV_R1_A:231907:203588,2018-12-19T13:27:00+08:00,2018-06-28T13:28:00+08:00
R1_A,2018-12-20,232010,2018-09-14,216909,SHORT,-1,19,2018,0.311033130194,0.583947657647,0.160486778077,0.071735326865,5.28826703069,1.41087271002,0.133965539908,0.0672202451562,4.61512051684,1.42708363182,000852.SH,000852.SH:DEV_R1_A:232010:216909,2018-12-20T09:40:00+08:00,2018-09-14T09:59:00+08:00
R1_A,2018-12-20,232069,2018-04-16,191528,SHORT,-1,21,2018,0.609826362753,0.457769803248,0.220412753817,0.0615283391296,3.4657359028,0.581021395988,0.181552281737,0.0472488161949,3.43398720449,0.702167636865,000852.SH,000852.SH:DEV_R1_A:232069:191528,2018-12-20T10:39:00+08:00,2018-04-16T10:58:00+08:00
R1_A,2018-12-21,232242,2018-09-14,216894,SHORT,-1,19,2018,0.669659848072,0.33565776402,0.123587896307,0.0495169082126,4.2341065046,1.37048718987,0.133965539908,0.0672202451562,4.45434729625,1.3441835951,000852.SH,000852.SH:DEV_R1_A:232242:216894,2018-12-21T09:32:00+08:00,2018-09-14T09:44:00+08:00
R1_A,2018-12-24,232548,2018-12-24,232542,SHORT,-1,21,2018,1.13829084857,0.099500550362,0.232518716845,0.0585840625146,4.26267987704,0.986096378764,0.232518716845,0.0585840625146,4.1743872699,0.962306834866,000852.SH,000852.SH:DEV_R1_A:232548:232542,2018-12-24T10:38:00+08:00,2018-12-24T10:32:00+08:00
R1_A,2018-12-24,232645,2018-07-30,208882,SHORT,-1,27,2018,0.347573875936,0.294427752515,0.232518716845,0.0585840625146,5.1239639794,0.510643372561,0.246622485153,0.0396794066631,5.12989871492,0.503859884652,000852.SH,000852.SH:DEV_R1_A:232645:208882,2018-12-24T13:45:00+08:00,2018-07-30T13:42:00+08:00
R1_A,2018-12-26,232966,2018-12-26,232965,SHORT,-1,19,2018,1.95606536755,0.0208848678042,0.361573057425,0.124250423425,4.68213122712,0.593541719448,0.361573057425,0.124250423425,4.67282883446,0.586674132113,000852.SH,000852.SH:DEV_R1_A:232966:232965,2018-12-26T09:36:00+08:00,2018-12-26T09:35:00+08:00
R1_A,2018-12-28,233514,2018-12-28,233513,SHORT,-1,21,2018,0.914042998908,0.0787994161936,0.392810551915,0.158367389894,3.63758615973,0.904775648559,0.392810551915,0.158367389894,3.61091791264,0.878008703303,000852.SH,000852.SH:DEV_R1_A:233514:233513,2018-12-28T10:44:00+08:00,2018-12-28T10:43:00+08:00
R1_A,2019-01-03,233961,2019-01-03,233960,SHORT,-1,20,2019,0.91621028482,0.0406466783659,0.0742168956517,0.0139809149415,3.04452243772,1.81388395652,0.0742168956517,0.0139809149415,2.99573227355,1.80989579053,000852.SH,000852.SH:DEV_R1_A:233961:233960,2019-01-03T10:11:00+08:00,2019-01-03T10:10:00+08:00
R1_A,2019-01-03,234115,2019-11-27,286449,SHORT,-1,28,2019,0.402502462543,0.182045203365,0.0730465509417,0.0143504778057,4.99043258678,0.733293743696,0.071580148667,0.0138714854141,4.7621739348,0.730860509413,000852.SH,000852.SH:DEV_R1_A:234115:286449,2019-01-03T14:15:00+08:00,2019-11-27T14:29:00+08:00
R1_A,2019-01-04,234193,2019-05-23,255795,SHORT,-1,20,2019,1.015519135,0.520148354904,0.361811363897,0.164780275254,3.25809653802,1.31609034168,0.381620943534,0.133308904361,3.49650756147,1.22198722461,000852.SH,000852.SH:DEV_R1_A:234193:255795,2019-01-04T10:03:00+08:00,2019-05-23T10:05:00+08:00
R1_A,2019-01-10,235131,2019-01-10,235128,LONG,1,19,2019,0.998504840538,0.0712896589454,0.462621271755,0.142181603853,3.68887945411,1.31724085457,0.462621271755,0.142181603853,3.61091791264,1.32891361753,000852.SH,000852.SH:DEV_R1_A:235131:235128,2019-01-10T09:41:00+08:00,2019-01-10T09:38:00+08:00
R1_A,2019-01-16,236254,2019-01-16,236253,LONG,1,27,2019,0.563276164234,0.15778670708,0.281581916794,0.0758897897485,3.04452243772,1.13815033979,0.281581916794,0.0758897897485,2.99573227355,1.0872630252,000852.SH,000852.SH:DEV_R1_A:236254:236253,2019-01-16T13:54:00+08:00,2019-01-16T13:53:00+08:00
R1_A,2019-01-23,237488,2019-01-23,237475,LONG,1,28,2019,0.370021856692,0.0219230819778,0.286206279273,0.125133820696,6.2205901701,0.568712436686,0.286206279273,0.125133820696,6.1944053911,0.570972500674,000852.SH,000852.SH:DEV_R1_A:237488:237475,2019-01-23T14:28:00+08:00,2019-01-23T14:15:00+08:00
R1_A,2019-01-24,237575,2019-11-22,285574,LONG,1,20,2019,0.325710594626,0.327853547773,0.0205092309372,0.00546990051994,3.98898404656,1.11581509938,0.0590776627853,0.0216343076595,3.73766961828,1.09598383522,000852.SH,000852.SH:DEV_R1_A:237575:285574,2019-01-24T10:25:00+08:00,2019-11-22T10:24:00+08:00
R1_A,2019-01-25,237779,2019-11-12,283616,LONG,1,19,2019,0.483886894558,0.249066552612,0.0205092309372,0.00546990051994,5.55295958492,1.46791830833,0.0685480507185,0.0128705282065,5.70711026475,1.47272277789,000852.SH,000852.SH:DEV_R1_A:237779:283616,2019-01-25T09:49:00+08:00,2019-11-12T09:46:00+08:00
R1_A,2019-01-28,238002,2019-07-18,265122,LONG,1,19,2019,0.68431442465,0.621091020953,0.233729373135,0.0427380684195,0,2.40253137792,0.326174531153,0.0815069224127,0,2.44752559805,000852.SH,000852.SH:DEV_R1_A:238002:265122,2019-01-28T09:32:00+08:00,2019-07-18T09:32:00+08:00
R1_A,2019-01-29,238296,2019-01-29,238295,SHORT,-1,20,2019,0.321733338755,0.0366811004893,0.144394594607,0.0642530796368,5.20948615284,1.90553644905,0.144394594607,0.0642530796368,5.20400668708,1.91765529974,000852.SH,000852.SH:DEV_R1_A:238296:238295,2019-01-29T10:26:00+08:00,2019-01-29T10:25:00+08:00
R1_A,2019-01-29,238421,2019-08-06,268422,SHORT,-1,28,2019,1.54421863007,1.12018724266,0.744760742789,0.355312749838,4.70048036579,0.537141850413,0.64148263888,0.307267377627,4.67282883446,0.252633654651,000852.SH,000852.SH:DEV_R1_A:238421:268422,2019-01-29T14:01:00+08:00,2019-08-06T14:02:00+08:00
R1_A,2019-01-31,238743,2019-01-31,238742,SHORT,-1,19,2019,0.346818934126,0.0637093002715,0.217621142269,0.0981148619027,4.62497281328,1.79881816727,0.217621142269,0.0981148619027,4.61512051684,1.77778045824,000852.SH,000852.SH:DEV_R1_A:238743:238742,2019-01-31T09:53:00+08:00,2019-01-31T09:52:00+08:00
R1_A,2019-01-31,238825,2019-05-23,255860,SHORT,-1,22,2019,0.664404831512,0.406274251307,0.395258888273,0.135509241054,3.7135720667,0.691627394,0.304386924863,0.131438046219,3.58351893846,0.652538937587,000852.SH,000852.SH:DEV_R1_A:238825:255860,2019-01-31T11:15:00+08:00,2019-05-23T11:10:00+08:00
R1_A,2019-02-12,239669,2019-02-12,239667,LONG,1,29,2019,0.574346545799,0.0464181725808,0.510716227961,0.267281207374,3.58351893846,0.425189648179,0.510716227961,0.267281207374,3.52636052462,0.428245003831,000852.SH,000852.SH:DEV_R1_A:239669:239667,2019-02-12T14:49:00+08:00,2019-02-12T14:47:00+08:00
R1_A,2019-02-13,239796,2019-08-22,271221,LONG,1,22,2019,0.280834509575,1.89951730626,0.816606446403,0.380195057739,4.70953020131,0.803764310621,0.774917785664,0.2257132732,4.5747109785,0.817544429462,000852.SH,000852.SH:DEV_R1_A:239796:271221,2019-02-13T11:26:00+08:00,2019-08-22T11:11:00+08:00
R1_A,2019-02-14,239931,2019-07-29,266806,LONG,1,19,2019,0.345103598654,2.62916225873,0.816606446403,0.380195057739,5.50533153593,1.52338929555,0.565000761659,0.184372714927,5.94803498918,1.52693692046,000852.SH,000852.SH:DEV_R1_A:239931:266806,2019-02-14T09:41:00+08:00,2019-07-29T09:36:00+08:00
R1_A,2019-02-14,239971,2019-02-19,240699,LONG,1,20,2019,0.309212887234,2.24331896111,0.816606446403,0.380195057739,5.65599181082,1.32183871041,0.696205467952,0.376035362403,2.99573227355,1.13871372061,000852.SH,000852.SH:DEV_R1_A:239971:240699,2019-02-14T10:21:00+08:00,2019-02-19T10:29:00+08:00
R1_A,2019-02-14,240067,2019-06-19,260214,LONG,1,26,2019,0.444850813291,1.77775294031,0.816606446403,0.380195057739,5.94542060861,0.511432961349,0.547938816192,0.332058596762,4.83628190695,0.208695297954,000852.SH,000852.SH:DEV_R1_A:240067:260214,2019-02-14T13:27:00+08:00,2019-06-19T13:14:00+08:00
R1_A,2019-02-15,240168,2019-08-22,271132,LONG,1,19,2019,0.548585182443,0.934456560947,0.607738586988,0.181045974517,1.94591014906,1.9111129678,0.774917785664,0.2257132732,2.07944154168,1.80774703058,000852.SH,000852.SH:DEV_R1_A:240168:271132,2019-02-15T09:38:00+08:00,2019-08-22T09:42:00+08:00
R1_A,2019-02-19,240702,2019-02-19,240701,LONG,1,21,2019,0.645908473567,0.0394221485622,0.696205467952,0.376035362403,3.13549421593,1.21864164432,0.696205467952,0.376035362403,3.09104245336,1.21285961365,000852.SH,000852.SH:DEV_R1_A:240702:240701,2019-02-19T10:32:00+08:00,2019-02-19T10:31:00+08:00
R1_A,2019-02-21,241331,2019-02-21,241330,LONG,1,29,2019,1.38905016926,0.0267435856927,0.407796371561,0.153774605645,3.55534806149,1.12145887628,0.407796371561,0.153774605645,3.52636052462,1.1169607777,000852.SH,000852.SH:DEV_R1_A:241331:241330,2019-02-21T14:31:00+08:00,2019-02-21T14:30:00+08:00
R1_A,2019-02-25,241611,2019-02-25,241610,LONG,1,19,2019,0.466801038807,0.0101567907494,0.0975945626681,0.0402835009065,5.35658627467,2.63018643213,0.0975945626681,0.0402835009065,5.35185813348,2.63332543621,000852.SH,000852.SH:DEV_R1_A:241611:241610,2019-02-25T09:41:00+08:00,2019-02-25T09:40:00+08:00
R1_A,2019-02-25,241635,2019-10-28,280992,LONG,1,20,2019,0.497606439775,0.315874646587,0.0975945626681,0.0402835009065,5.46383180503,0.765661196136,0.0750274254533,0.0306872716066,5.1416635565,0.729623908064,000852.SH,000852.SH:DEV_R1_A:241635:280992,2019-02-25T10:05:00+08:00,2019-10-28T10:02:00+08:00
R1_A,2019-02-25,241692,2019-10-28,281079,LONG,1,22,2019,0.415331277699,0.181877465574,0.0975945626681,0.0402835009065,5.68017260902,0.317432537315,0.0750274254533,0.0306872716066,5.55295958492,0.309631626414,000852.SH,000852.SH:DEV_R1_A:241692:281079,2019-02-25T11:02:00+08:00,2019-10-28T11:29:00+08:00
R1_A,2019-02-25,241784,2019-08-27,272049,LONG,1,28,2019,0.687967167082,0.698808001034,0.529596826712,0.235041310716,3.36729582999,0.393413902629,0.560699516022,0.290992586367,3.295836866,0.404715446922,000852.SH,000852.SH:DEV_R1_A:241784:272049,2019-02-25T14:04:00+08:00,2019-08-27T14:29:00+08:00
R1_A,2019-02-26,241848,2019-03-01,242572,LONG,1,19,2019,0.676938623966,0.527600374761,0.0937030116976,0.0621442125237,1.79175946923,1.58629846869,0.11229349821,0.0563621908866,1.38629436112,1.72080644897,000852.SH,000852.SH:DEV_R1_A:241848:242572,2019-02-26T09:38:00+08:00,2019-03-01T09:42:00+08:00
R1_A,2019-02-26,241864,2019-06-03,257459,LONG,1,19,2019,0.502541995221,0.635239223596,0.0659221657826,0.0558062218,1.09861228867,2.05063211752,0.213837488676,0.0551404096625,1.09861228867,1.9860594328,000852.SH,000852.SH:DEV_R1_A:241864:257459,2019-02-26T09:54:00+08:00,2019-06-03T09:49:00+08:00
R1_A,2019-02-26,241923,2019-02-19,240701,LONG,1,21,2019,1.30226355641,1.65226302993,0.389158337828,0.29693858386,3.25809653802,1.36211122778,0.696205467952,0.376035362403,3.09104245336,1.21285961365,000852.SH,000852.SH:DEV_R1_A:241923:240701,2019-02-26T10:53:00+08:00,2019-02-19T10:31:00+08:00
R1_A,2019-02-26,242061,2019-11-20,285250,LONG,1,29,2019,1.09059211648,0.59983601369,0.232711184196,0.127174680619,2.3978952728,0.859645481164,0.347280695952,0.0997604239198,2.3978952728,0.915369332485,000852.SH,000852.SH:DEV_R1_A:242061:285250,2019-02-26T14:41:00+08:00,2019-11-20T14:30:00+08:00
R1_A,2019-02-28,242330,2019-02-28,242325,SHORT,-1,19,2019,1.37807178241,0.577773033929,0.296156409561,0.127474176236,2.8903717579,1.36721015788,0.296156409561,0.127474176236,2.56494935746,1.19536622228,000852.SH,000852.SH:DEV_R1_A:242330:242325,2019-02-28T09:40:00+08:00,2019-02-28T09:35:00+08:00
R1_A,2019-03-04,242822,2019-03-04,242821,LONG,1,19,2019,0.470618859184,0.0195937490548,0.0179243036589,0.00741427247451,4.24849524205,2.47949988086,0.0179243036589,0.00741427247451,4.2341065046,2.47421020115,000852.SH,000852.SH:DEV_R1_A:242822:242821,2019-03-04T09:52:00+08:00,2019-03-04T09:51:00+08:00
R1_A,2019-03-04,242876,2019-02-21,241200,LONG,1,21,2019,0.3327887797,0.321470200706,0.0179243036589,0.00741427247451,4.82028156561,0.525941450097,0.0748392474846,0.0206249446756,4.90527477844,0.571234844729,000852.SH,000852.SH:DEV_R1_A:242876:241200,2019-03-04T10:46:00+08:00,2019-02-21T10:50:00+08:00
R1_A,2019-03-04,242969,2019-06-19,260242,LONG,1,27,2019,0.551029185406,1.01114227929,0.646987219655,0.293772753924,3.04452243772,0.446262217257,0.568730300863,0.267768392704,2.83321334406,0.150384930311,000852.SH,000852.SH:DEV_R1_A:242969:260242,2019-03-04T13:49:00+08:00,2019-06-19T13:42:00+08:00
R1_A,2019-03-05,243162,2019-10-25,280841,LONG,1,26,2019,0.526541030702,0.169284257656,0.0515738043939,0.0216810505351,2.8903717579,0.843710718214,0.0750274254533,0.0306872716066,2.99573227355,0.849530392183,000852.SH,000852.SH:DEV_R1_A:243162:280841,2019-03-05T13:02:00+08:00,2019-10-25T13:01:00+08:00
R1_A,2019-03-05,243223,2019-09-05,273729,LONG,1,28,2019,0.398127083886,0.893918963486,0.541837859047,0.240915345803,3.7135720667,0.71922891602,0.611787248311,0.239177570093,2.7080502011,0.627424311283,000852.SH,000852.SH:DEV_R1_A:243223:273729,2019-03-05T14:03:00+08:00,2019-09-05T14:29:00+08:00
R1_A,2019-03-06,243318,2019-02-19,240691,LONG,1,20,2019,1.27186476218,0.307083267957,0.648991314336,0.395520448994,2.48490664979,1.26883317012,0.696205467952,0.376035362403,2.48490664979,1.26307801565,000852.SH,000852.SH:DEV_R1_A:243318:240691,2019-03-06T10:08:00+08:00,2019-02-19T10:21:00+08:00
R1_A,2019-03-06,243423,2019-08-27,271964,LONG,1,26,2019,0.353262198756,0.792227812503,0.318533973241,0.186778933733,4.53259949315,0.858736493861,0.413616535878,0.157594156722,4.81218435537,0.676586043605,000852.SH,000852.SH:DEV_R1_A:243423:271964,2019-03-06T13:23:00+08:00,2019-08-27T13:04:00+08:00
R1_A,2019-03-06,243477,2019-03-20,245883,LONG,1,28,2019,0.93197338985,0.242680151288,0.109514174251,0.0447483020018,2.63905732962,1.10633142225,0.0610053631531,0.0344186046512,2.7080502011,1.11442136501,000852.SH,000852.SH:DEV_R1_A:243477:245883,2019-03-06T14:17:00+08:00,2019-03-20T14:23:00+08:00
R1_A,2019-03-07,243526,2019-04-11,249293,LONG,1,19,2019,0.320876070598,0.539590710855,0.26046101921,0.100058309038,3.73766961828,1.10026626669,0.204727750284,0.070671040479,3.4657359028,1.18399794281,000852.SH,000852.SH:DEV_R1_A:243526:249293,2019-03-07T09:36:00+08:00,2019-04-11T09:43:00+08:00
R1_A,2019-03-07,243599,2019-10-11,278406,LONG,1,21,2019,1.41002003319,1.29836025296,0.429612194969,0.211840922708,2.7080502011,1.28388917033,0.337831389735,0.112133911485,2.83321334406,1.20985400509,000852.SH,000852.SH:DEV_R1_A:243599:278406,2019-03-07T10:49:00+08:00,2019-10-11T10:56:00+08:00
R1_A,2019-03-08,243815,2019-08-15,269967,SHORT,-1,20,2019,2.48023626858,0.536421922613,0.205013608396,0.120231603043,3.91202300543,0.422516533512,0.286439026653,0.105516421718,3.66356164613,0.314478299075,000852.SH,000852.SH:DEV_R1_A:243815:269967,2019-03-08T10:25:00+08:00,2019-08-15T10:17:00+08:00
R1_A,2019-03-08,243994,2019-03-13,244719,SHORT,-1,29,2019,0.560411702427,2.0870428248,0.473912578702,0.371611707468,1.94591014906,0.565826543851,0.44856012722,0.236028406334,1.60943791243,0.976935422865,000852.SH,000852.SH:DEV_R1_A:243994:244719,2019-03-08T14:54:00+08:00,2019-03-13T14:59:00+08:00
R1_A,2019-03-11,244015,2019-06-19,260092,LONG,1,19,2019,0.725395306835,1.50506282887,0.386565240946,0.388936461723,1.60943791243,2.32251051236,0.547938816192,0.332058596762,1.38629436112,2.70406224555,000852.SH,000852.SH:DEV_R1_A:244015:260092,2019-03-11T09:45:00+08:00,2019-06-19T09:42:00+08:00
R1_A,2019-03-11,244201,2019-01-21,236993,LONG,1,28,2019,0.629203248989,0.731209657988,0.223575817207,0.13551411649,2.48490664979,0.412322655763,0.286206279273,0.125133820696,2.07944154168,0.608840555834,000852.SH,000852.SH:DEV_R1_A:244201:236993,2019-03-11T14:21:00+08:00,2019-01-21T14:13:00+08:00
R1_A,2019-03-12,244276,2019-08-22,271179,LONG,1,20,2019,0.464253178602,1.14076544587,0.540739362311,0.272941805067,4.29045944115,0.93258685122,0.774917785664,0.2257132732,4.00733318523,0.926143496106,000852.SH,000852.SH:DEV_R1_A:244276:271179,2019-03-12T10:06:00+08:00,2019-08-22T10:29:00+08:00
R1_A,2019-03-12,244305,2019-08-29,272392,LONG,1,21,2019,0.418011986442,1.1516792514,0.540739362311,0.272941805067,4.62497281328,0.740742256066,0.491768129246,0.180562659847,4.74493212836,0.725842253972,000852.SH,000852.SH:DEV_R1_A:244305:272392,2019-03-12T10:35:00+08:00,2019-08-29T10:42:00+08:00
R1_A,2019-03-12,244430,2019-02-12,239649,LONG,1,28,2019,1.57543317921,1.17896373944,0.675469812977,0.291025790038,3.17805383035,1.14666999606,0.510716227961,0.267281207374,2.77258872224,0.858945928904,000852.SH,000852.SH:DEV_R1_A:244430:239649,2019-03-12T14:10:00+08:00,2019-02-12T14:29:00+08:00
R1_A,2019-03-14,244777,2019-03-14,244776,SHORT,-1,20,2019,0.566198651975,0.111487262945,0.403130889025,0.261556894199,2.3978952728,1.04417035731,0.403130889025,0.261556894199,2.30258509299,1.016989115,000852.SH,000852.SH:DEV_R1_A:244777:244776,2019-03-14T10:27:00+08:00,2019-03-14T10:26:00+08:00
R1_A,2019-03-14,244805,2019-08-06,268321,SHORT,-1,21,2019,0.590841069749,1.21505371141,0.498137061689,0.369103773585,1.94591014906,1.06252326889,0.64148263888,0.307267377627,1.79175946923,0.816561726679,000852.SH,000852.SH:DEV_R1_A:244805:268321,2019-03-14T10:55:00+08:00,2019-08-06T10:51:00+08:00
R1_A,2019-03-15,244989,2019-07-31,267285,LONG,1,19,2019,0.500500133988,0.583135522067,0.26738109466,0.153571777582,1.38629436112,1.89384438099,0.310819351796,0.11146265902,1.38629436112,1.82440543624,000852.SH,000852.SH:DEV_R1_A:244989:267285,2019-03-15T09:59:00+08:00,2019-07-31T09:35:00+08:00
R1_A,2019-03-15,245030,2019-06-19,260140,LONG,1,21,2019,0.422950318979,1.09237352152,0.578891032065,0.39138624262,3.52636052462,0.503193033321,0.547938816192,0.332058596762,3.95124371858,0.259370931703,000852.SH,000852.SH:DEV_R1_A:245030:260140,2019-03-15T10:40:00+08:00,2019-06-19T10:30:00+08:00
R1_A,2019-03-15,245156,2019-07-09,263633,SHORT,-1,28,2019,0.576901940645,0.2895767654,0.136488150844,0.0607207579199,2.30258509299,0.715154954973,0.195768144554,0.0616436256629,2.3978952728,0.669028098504,000852.SH,000852.SH:DEV_R1_A:245156:263633,2019-03-15T14:16:00+08:00,2019-07-09T14:13:00+08:00
R1_A,2019-03-18,245314,2019-07-31,267377,LONG,1,22,2019,0.464218885317,0.338168909693,0.253290791301,0.13086024944,4.5538768916,0.696517657996,0.310819351796,0.11146265902,4.56434819147,0.679122002233,000852.SH,000852.SH:DEV_R1_A:245314:267377,2019-03-18T11:24:00+08:00,2019-07-31T11:07:00+08:00
R1_A,2019-03-19,245456,2019-05-22,255533,LONG,1,19,2019,0.288655323659,0.426005324143,0.253290791301,0.13086024944,5.46806014114,1.40882171123,0.351094362116,0.12412813766,5.62040086572,1.41164082136,000852.SH,000852.SH:DEV_R1_A:245456:255533,2019-03-19T09:46:00+08:00,2019-05-22T09:43:00+08:00
R1_A,2019-03-19,245475,2019-05-22,255551,LONG,1,20,2019,0.47509132784,0.453748300729,0.253290791301,0.13086024944,5.54517744448,1.77979914246,0.351094362116,0.12412813766,5.68357976734,1.7250761795,000852.SH,000852.SH:DEV_R1_A:245475:255551,2019-03-19T10:05:00+08:00,2019-05-22T10:01:00+08:00
R1_A,2019-03-19,245530,2019-05-22,255610,LONG,1,22,2019,0.756379560888,0.82666738031,0.564633174196,0.179105806911,2.63905732962,1.219933915,0.541864741331,0.121173677438,3.04452243772,1.13249442169,000852.SH,000852.SH:DEV_R1_A:245530:255610,2019-03-19T11:00:00+08:00,2019-05-22T11:00:00+08:00
R1_A,2019-03-21,245956,2019-03-21,245955,LONG,1,20,2019,0.281095397432,0.01134044429,0.0610053631531,0.0344186046512,4.47733681448,1.23339529172,0.0610053631531,0.0344186046512,4.46590811865,1.23114254029,000852.SH,000852.SH:DEV_R1_A:245956:245955,2019-03-21T10:06:00+08:00,2019-03-21T10:05:00+08:00
R1_A,2019-03-21,246033,2019-07-25,266438,LONG,1,22,2019,0.634904909253,1.33259237031,0.609076781259,0.28363013126,2.8903717579,0.838870243236,0.565000761659,0.184372714927,2.7080502011,0.672445742549,000852.SH,000852.SH:DEV_R1_A:246033:266438,2019-03-21T11:23:00+08:00,2019-07-25T11:28:00+08:00
R1_A,2019-03-21,246109,2019-11-20,285248,LONG,1,28,2019,0.607684151056,0.636121152871,0.253265420914,0.119054731322,2.19722457734,1.03993717712,0.347280695952,0.0997604239198,2.19722457734,0.89066685745,000852.SH,000852.SH:DEV_R1_A:246109:285248,2019-03-21T14:09:00+08:00,2019-11-20T14:28:00+08:00
R1_A,2019-03-22,246220,2019-04-19,250809,SHORT,-1,21,2019,0.491709924582,0.522040024139,0.095353993193,0.0549231821857,4.07753744391,1.32611124302,0.207243384047,0.0658122618635,3.95124371858,1.26351727652,000852.SH,000852.SH:DEV_R1_A:246220:250809,2019-03-22T10:30:00+08:00,2019-04-19T10:59:00+08:00
R1_A,2019-03-22,246338,2019-06-17,259758,SHORT,-1,27,2019,1.32807064218,0.497279151915,0.527837535803,0.164772727273,4.06044301055,0.799644571003,0.562285021013,0.169498525074,4.65396035016,0.789757949519,000852.SH,000852.SH:DEV_R1_A:246338:259758,2019-03-22T13:58:00+08:00,2019-06-17T13:38:00+08:00
R1_A,2019-03-25,246529,2019-11-15,284442,LONG,1,26,2019,0.651816157479,0.574427737332,0.087684932617,0.055123936367,3.17805383035,0.372564260079,0.0923711753292,0.0276996996997,3.55534806149,0.491151925292,000852.SH,000852.SH:DEV_R1_A:246529:284442,2019-03-25T13:09:00+08:00,2019-11-15T13:02:00+08:00
R1_A,2019-03-26,246646,2019-01-11,235382,SHORT,-1,19,2019,0.571080125299,0.275426262203,0.184579306172,0.0732187025062,1.60943791243,1.82469745008,0.144892145755,0.0746798995283,1.60943791243,1.75088627379,000852.SH,000852.SH:DEV_R1_A:246646:235382,2019-03-26T09:36:00+08:00,2019-01-11T09:52:00+08:00
R1_A,2019-03-26,246698,2019-03-14,244776,SHORT,-1,20,2019,0.738607961143,0.414163152127,0.367871863278,0.284438373437,2.63905732962,1.02623202305,0.403130889025,0.261556894199,2.30258509299,1.016989115,000852.SH,000852.SH:DEV_R1_A:246698:244776,2019-03-26T10:28:00+08:00,2019-03-14T10:26:00+08:00
R1_A,2019-03-26,246809,2019-06-03,257593,SHORT,-1,27,2019,0.597430682932,0.269045590858,0.402327776244,0.194712884302,3.09104245336,0.699983553228,0.460559881812,0.204905439003,3.09104245336,0.695679885994,000852.SH,000852.SH:DEV_R1_A:246809:257593,2019-03-26T13:49:00+08:00,2019-06-03T13:33:00+08:00
R1_A,2019-03-26,246839,2019-06-03,257620,SHORT,-1,28,2019,0.432906772917,0.895896324136,0.486911040258,0.250802983287,3.04452243772,0.820992494169,0.460559881812,0.204905439003,3.89182029811,0.772413076771,000852.SH,000852.SH:DEV_R1_A:246839:257620,2019-03-26T14:19:00+08:00,2019-06-03T14:00:00+08:00
R1_A,2019-03-26,246870,2019-06-17,259810,SHORT,-1,29,2019,0.260787101447,1.36573960474,0.486911040258,0.250802983287,3.95124371858,0.811414109771,0.562285021013,0.169498525074,5.05624580535,0.780264662278,000852.SH,000852.SH:DEV_R1_A:246870:259810,2019-03-26T14:50:00+08:00,2019-06-17T14:30:00+08:00
R1_A,2019-03-27,246884,2019-05-23,255765,SHORT,-1,19,2019,0.79294989852,0.324724787623,0.345536916937,0.136357466678,1.09861228867,1.75182045224,0.381620943534,0.133308904361,1.09861228867,1.84727124571,000852.SH,000852.SH:DEV_R1_A:246884:255765,2019-03-27T09:34:00+08:00,2019-05-23T09:35:00+08:00
R1_A,2019-03-27,246948,2019-06-20,260382,SHORT,-1,21,2019,0.743958275679,0.800388624588,0.375821432308,0.222990826233,2.77258872224,1.20198173245,0.390428644798,0.185019920319,2.63905732962,0.988837364946,000852.SH,000852.SH:DEV_R1_A:246948:260382,2019-03-27T10:38:00+08:00,2019-06-20T10:32:00+08:00
R1_A,2019-03-28,247199,2019-03-28,247198,LONG,1,21,2019,0.416179468471,0.0384110828117,0.0955075789936,0.0490432545425,4.02535169074,0.759422553444,0.0955075789936,0.0490432545425,4.00733318523,0.747566029666,000852.SH,000852.SH:DEV_R1_A:247199:247198,2019-03-28T10:49:00+08:00,2019-03-28T10:48:00+08:00
R1_A,2019-03-28,247277,2019-11-05,282562,LONG,1,27,2019,1.05765281969,0.587255748136,0.278849521049,0.123404718496,3.93182563272,0.732723185962,0.406383131609,0.107049537658,3.7135720667,0.715190646697,000852.SH,000852.SH:DEV_R1_A:247277:282562,2019-03-28T13:37:00+08:00,2019-11-05T13:42:00+08:00
R1_A,2019-03-28,247315,2019-11-22,285705,LONG,1,28,2019,0.567002012095,0.415077837725,0.278849521049,0.123404718496,4.48863636973,0.712268297886,0.212158964377,0.100618273414,4.66343909411,0.701841121469,000852.SH,000852.SH:DEV_R1_A:247315:285705,2019-03-28T14:15:00+08:00,2019-11-22T14:05:00+08:00
R1_A,2019-04-02,247857,2019-04-02,247856,LONG,1,19,2019,0.577352060408,0.178214267683,0.637062244586,0.274805359733,1.60943791243,2.31897676655,0.637062244586,0.274805359733,1.38629436112,2.3141922029,000852.SH,000852.SH:DEV_R1_A:247857:247856,2019-04-02T09:47:00+08:00,2019-04-02T09:46:00+08:00
R1_A,2019-04-02,247899,2019-02-19,240698,LONG,1,20,2019,0.368474766453,1.16704158875,0.821636216113,0.36680726391,3.55534806149,0.820436597053,0.696205467952,0.376035362403,2.94443897917,1.12716117994,000852.SH,000852.SH:DEV_R1_A:247899:240698,2019-04-02T10:29:00+08:00,2019-02-19T10:28:00+08:00
R1_A,2019-04-02,248035,2019-01-21,237009,LONG,1,28,2019,0.808998896423,0.343556315726,0.246114135458,0.115129266578,3.43398720449,0.787957374291,0.286206279273,0.125133820696,3.17805383035,0.725980445822,000852.SH,000852.SH:DEV_R1_A:248035:237009,2019-04-02T14:15:00+08:00,2019-01-21T14:29:00+08:00
R1_A,2019-04-02,248076,2019-05-14,254290,LONG,1,29,2019,0.640411898399,0.535632480494,0.246114135458,0.115129266578,4.27666611902,0.709812214391,0.183643344757,0.100139947131,4.31748811354,0.565911962082,000852.SH,000852.SH:DEV_R1_A:248076:254290,2019-04-02T14:56:00+08:00,2019-05-14T14:30:00+08:00
R1_A,2019-04-03,248116,2019-12-30,291805,SHORT,-1,20,2019,0.919213092729,0.377191325427,0.226832080991,0.097840358582,3.21887582487,0.97800233404,0.218388181083,0.0803200821601,2.8903717579,0.9234992799,000852.SH,000852.SH:DEV_R1_A:248116:291805,2019-04-03T10:06:00+08:00,2019-12-30T10:15:00+08:00
R1_A,2019-04-04,248362,2019-04-04,248361,LONG,1,20,2019,0.626774549039,0.11590511653,0.393750759067,0.175131964809,2.30258509299,0.897675638432,0.393750759067,0.175131964809,2.19722457734,0.924294116474,000852.SH,000852.SH:DEV_R1_A:248362:248361,2019-04-04T10:12:00+08:00,2019-04-04T10:11:00+08:00
R1_A,2019-04-04,248538,2019-11-18,284772,SHORT,-1,29,2019,0.542641372542,0.313973114967,0.187265976368,0.117569769275,4.5747109785,0.811900874112,0.250610944351,0.116862686344,4.60517018599,0.753477420634,000852.SH,000852.SH:DEV_R1_A:248538:284772,2019-04-04T14:38:00+08:00,2019-11-18T14:32:00+08:00
R1_A,2019-04-08,248582,2019-07-03,262489,LONG,1,19,2019,0.524354359936,0.449026615588,0.262056065936,0.107250882205,2.07944154168,2.28103688987,0.252633758993,0.0819011610144,2.07944154168,2.38840654717,000852.SH,000852.SH:DEV_R1_A:248582:262489,2019-04-08T09:52:00+08:00,2019-07-03T09:39:00+08:00
R1_A,2019-04-08,248732,2019-07-05,263119,SHORT,-1,27,2019,0.554850944723,0.806698411619,0.2209785704,0.0826667312091,2.30258509299,1.10854341222,0.25854409502,0.0569873539299,2.63905732962,0.883628211355,000852.SH,000852.SH:DEV_R1_A:248732:263119,2019-04-08T13:52:00+08:00,2019-07-05T13:39:00+08:00
R1_A,2019-04-11,249444,2019-04-11,249443,SHORT,-1,27,2019,0.580924771229,0.0289990835589,0.151123077699,0.0483287159401,3.33220451018,0.706945042767,0.151123077699,0.0483287159401,3.295836866,0.707503745048,000852.SH,000852.SH:DEV_R1_A:249444:249443,2019-04-11T13:44:00+08:00,2019-04-11T13:43:00+08:00
R1_A,2019-04-12,249534,2019-01-11,235373,SHORT,-1,19,2019,0.453974884324,0.430029505322,0.411759514905,0.146693300992,3.61091791264,1.59693098587,0.324118300092,0.128017288744,3.68887945411,1.58923326909,000852.SH,000852.SH:DEV_R1_A:249534:235373,2019-04-12T09:44:00+08:00,2019-01-11T09:43:00+08:00
R1_A,2019-04-12,249576,2019-12-30,291806,SHORT,-1,20,2019,0.524870130547,0.493108588202,0.165291201718,0.0581785451272,2.56494935746,0.834555914219,0.218388181083,0.0803200821601,2.94443897917,0.893618025308,000852.SH,000852.SH:DEV_R1_A:249576:291806,2019-04-12T10:26:00+08:00,2019-12-30T10:16:00+08:00
R1_A,2019-04-12,249628,2019-06-20,260410,SHORT,-1,22,2019,0.440705453255,0.415707415566,0.39017985344,0.157085579981,3.52636052462,0.886688612323,0.390428644798,0.185019920319,3.73766961828,0.831090394717,000852.SH,000852.SH:DEV_R1_A:249628:260410,2019-04-12T11:18:00+08:00,2019-06-20T11:00:00+08:00
R1_A,2019-04-15,249845,2019-08-09,269049,LONG,1,21,2019,0.514848716532,0.880379805905,0.343619171137,0.115252105436,2.8903717579,0.310320698726,0.308612488625,0.0805931656995,2.48490664979,0.538659497129,000852.SH,000852.SH:DEV_R1_A:249845:269049,2019-04-15T10:55:00+08:00,2019-08-09T10:59:00+08:00
R1_A,2019-04-16,250089,2019-04-16,250088,SHORT,-1,21,2019,0.845502882924,0.038827317923,0.180439897934,0.0656775726965,3.33220451018,0.742591342389,0.180439897934,0.0656775726965,3.295836866,0.733982095005,000852.SH,000852.SH:DEV_R1_A:250089:250088,2019-04-16T10:59:00+08:00,2019-04-16T10:58:00+08:00
R1_A,2019-04-17,250285,2019-05-24,256057,SHORT,-1,20,2019,1.74873089413,0.200659950395,0.180439897934,0.0656775726965,5.41164605186,1.14265274821,0.14634091338,0.0573470835379,5.28320372874,1.14245123353,000852.SH,000852.SH:DEV_R1_A:250285:256057,2019-04-17T10:15:00+08:00,2019-05-24T10:27:00+08:00
R1_A,2019-04-17,250337,2019-07-16,264730,SHORT,-1,22,2019,0.394187765787,0.286809754439,0.180439897934,0.0656775726965,5.62040086572,0.730240261618,0.226075994299,0.0782100584328,5.68357976734,0.681517120272,000852.SH,000852.SH:DEV_R1_A:250337:264730,2019-04-17T11:07:00+08:00,2019-07-16T11:00:00+08:00
R1_A,2019-04-17,250458,2019-12-25,291252,LONG,1,29,2019,0.705770790896,1.21761113612,0.0977933051076,0.0317973279248,2.99573227355,1.53869889026,0.124734860131,0.0408898959728,2.19722457734,1.19708214588,000852.SH,000852.SH:DEV_R1_A:250458:291252,2019-04-17T14:38:00+08:00,2019-12-25T14:32:00+08:00
R1_A,2019-04-22,251097,2019-04-22,251096,LONG,1,26,2019,0.744623026203,0.0469579916414,0.210420215829,0.0571896924792,3.04452243772,1.01936375902,0.210420215829,0.0571896924792,2.99573227355,1.0281456843,000852.SH,000852.SH:DEV_R1_A:251097:251096,2019-04-22T13:17:00+08:00,2019-04-22T13:16:00+08:00
R1_A,2019-04-23,251238,2019-11-07,282926,SHORT,-1,20,2019,0.67864574737,0.419517151366,0.108734389072,0.027027027027,2.3978952728,1.4672037935,0.157017497844,0.0422262103678,2.30258509299,1.36370866235,000852.SH,000852.SH:DEV_R1_A:251238:282926,2019-04-23T10:08:00+08:00,2019-11-07T10:16:00+08:00
R1_A,2019-04-23,251375,2019-06-03,257619,SHORT,-1,27,2019,1.24636379275,0.782996897176,0.300453553799,0.179226893229,4.06044301055,0.858697102468,0.460559881812,0.204905439003,3.87120101091,0.774995038487,000852.SH,000852.SH:DEV_R1_A:251375:257619,2019-04-23T13:55:00+08:00,2019-06-03T13:59:00+08:00
R1_A,2019-04-24,251455,2019-08-23,271369,SHORT,-1,19,2019,0.424922416427,0.331231655325,0.00801810708365,0.00382900130636,4.14313472639,1.49711320951,0.038917406339,0.00833769021216,3.91202300543,1.41776448659,000852.SH,000852.SH:DEV_R1_A:251455:271369,2019-04-24T09:45:00+08:00,2019-08-23T09:39:00+08:00
R1_A,2019-04-24,251492,2019-03-14,244755,SHORT,-1,20,2019,0.64392677519,0.298678999753,0.102947835911,0.039398376148,2.07944154168,1.15718529979,0.0554412467166,0.0326092056491,2.07944154168,1.08692307887,000852.SH,000852.SH:DEV_R1_A:251492:244755,2019-04-24T10:22:00+08:00,2019-03-14T10:05:00+08:00
R1_A,2019-04-25,251693,2019-11-15,284347,LONG,1,19,2019,0.569598890315,0.327506069366,0.253118157869,0.106860286542,2.48490664979,1.8573733741,0.272966261428,0.0809136025884,2.48490664979,1.86032911806,000852.SH,000852.SH:DEV_R1_A:251693:284347,2019-04-25T09:43:00+08:00,2019-11-15T09:57:00+08:00
R1_A,2019-04-26,251956,2019-04-26,251955,SHORT,-1,20,2019,0.59666289673,0.253714013355,0.406509274408,0.12687228387,2.30258509299,1.42702889667,0.406509274408,0.12687228387,2.19722457734,1.50670467319,000852.SH,000852.SH:DEV_R1_A:251956:251955,2019-04-26T10:06:00+08:00,2019-04-26T10:05:00+08:00
R1_A,2019-04-29,252202,2019-04-29,252201,SHORT,-1,20,2019,0.695608510921,0.088876677597,0.614818157738,0.424990858624,2.99573227355,1.61756840049,0.614818157738,0.424990858624,2.94443897917,1.59130089599,000852.SH,000852.SH:DEV_R1_A:252202:252201,2019-04-29T10:12:00+08:00,2019-04-29T10:11:00+08:00
R1_A,2019-04-29,252272,2019-07-08,263316,SHORT,-1,22,2019,1.43435060015,0.880949733891,0.480767762725,0.311143540224,3.43398720449,0.779572873332,0.604801293239,0.312035338894,2.56494935746,0.712895945085,000852.SH,000852.SH:DEV_R1_A:252272:263316,2019-04-29T11:22:00+08:00,2019-07-08T11:26:00+08:00
R1_A,2019-04-30,252425,2019-05-30,256963,SHORT,-1,19,2019,0.75330986371,0.371653294101,0.0316974628658,0.016522504791,2.83321334406,1.4610058286,0.023079434982,0.00662040077386,2.3978952728,1.47642458577,000852.SH,000852.SH:DEV_R1_A:252425:256963,2019-04-30T09:55:00+08:00,2019-05-30T09:33:00+08:00
R1_A,2019-05-06,252649,2019-07-22,265629,SHORT,-1,19,2019,0.552081603013,2.74185814863,0.583140658595,0.480654883115,1.38629436112,2.72559192042,0.484088095568,0.267067246229,1.60943791243,2.48897904586,000852.SH,000852.SH:DEV_R1_A:252649:265629,2019-05-06T09:39:00+08:00,2019-07-22T09:59:00+08:00
R1_A,2019-05-06,252677,2019-05-08,253157,SHORT,-1,20,2019,1.14087245395,1.22533359286,0.263485174914,0.262229350441,2.99573227355,0.510504497262,0.204016042205,0.1682210945,3.43398720449,0.513574520912,000852.SH,000852.SH:DEV_R1_A:252677:253157,2019-05-06T10:07:00+08:00,2019-05-08T10:07:00+08:00
R1_A,2019-05-06,252757,2019-10-21,279865,SHORT,-1,22,2019,0.613156346197,1.23986748791,0.331153884372,0.229801966487,3.09104245336,0.376072961069,0.610483880717,0.248474912307,3.55534806149,0.445888614171,000852.SH,000852.SH:DEV_R1_A:252757:279865,2019-05-06T11:27:00+08:00,2019-10-21T11:15:00+08:00
R1_A,2019-05-06,252807,2019-08-06,268392,SHORT,-1,27,2019,0.423170991005,1.06187769471,0.573538814646,0.379499676116,3.7135720667,0.235662596856,0.64148263888,0.307267377627,4.34380542185,0.281645247963,000852.SH,000852.SH:DEV_R1_A:252807:268392,2019-05-06T13:47:00+08:00,2019-08-06T13:32:00+08:00
R1_A,2019-05-06,252851,2019-02-01,239170,SHORT,-1,29,2019,0.708815690819,2.40607310222,0.564870486777,0.332832413375,2.48490664979,0.295057656488,0.473277243184,0.342562874251,5.46383180503,0.330547376366,000852.SH,000852.SH:DEV_R1_A:252851:239170,2019-05-06T14:31:00+08:00,2019-02-01T14:30:00+08:00
R1_A,2019-05-08,253294,2019-05-14,254252,LONG,1,27,2019,0.781805795273,0.0424789950978,0.175368510653,0.0993045548525,3.63758615973,0.320658175238,0.183643344757,0.100139947131,3.61091791264,0.317253751488,000852.SH,000852.SH:DEV_R1_A:253294:254252,2019-05-08T13:54:00+08:00,2019-05-14T13:52:00+08:00
R1_A,2019-05-10,253746,2019-05-10,253745,SHORT,-1,26,2019,2.13649241569,0.0479573022884,0.0990627975127,0.0607751991567,2.94443897917,1.76859862326,0.0990627975127,0.0607751991567,2.8903717579,1.76156008682,000852.SH,000852.SH:DEV_R1_A:253746:253745,2019-05-10T13:26:00+08:00,2019-05-10T13:25:00+08:00
R1_A,2019-05-13,253848,2019-03-01,242575,LONG,1,19,2019,1.01295784908,0.125202768244,0.111966913144,0.0663690978214,1.94591014906,1.76300202009,0.11229349821,0.0563621908866,1.94591014906,1.77187579653,000852.SH,000852.SH:DEV_R1_A:253848:242575,2019-05-13T09:38:00+08:00,2019-03-01T09:45:00+08:00
R1_A,2019-05-17,254874,2019-05-17,254873,LONG,1,21,2019,0.920540063284,0.0484647419659,0.522357633422,0.120736447595,4.04305126783,1.25884151897,0.522357633422,0.120736447595,4.02535169074,1.27427138707,000852.SH,000852.SH:DEV_R1_A:254874:254873,2019-05-17T10:44:00+08:00,2019-05-17T10:43:00+08:00
R1_A,2019-05-20,255090,2019-10-09,277872,SHORT,-1,20,2019,0.396234340978,0.295145468325,0.321091288039,0.0836380587352,2.3978952728,1.31163574887,0.303446126834,0.104344972102,2.3978952728,1.35607566269,000852.SH,000852.SH:DEV_R1_A:255090:277872,2019-05-20T10:20:00+08:00,2019-10-09T10:02:00+08:00
R1_A,2019-05-24,256108,2019-05-24,256107,SHORT,-1,22,2019,0.661661106685,0.043759865412,0.481366862396,0.14890595061,3.04452243772,0.72234236716,0.481366862396,0.14890595061,2.99573227355,0.715634197263,000852.SH,000852.SH:DEV_R1_A:256108:256107,2019-05-24T11:18:00+08:00,2019-05-24T11:17:00+08:00
R1_A,2019-05-24,256189,2019-06-17,259780,SHORT,-1,28,2019,0.41959750102,0.559345665383,0.563468628549,0.171524601906,4.24849524205,0.611314888046,0.562285021013,0.169498525074,4.84418708646,0.709666323576,000852.SH,000852.SH:DEV_R1_A:256189:259780,2019-05-24T14:09:00+08:00,2019-06-17T14:00:00+08:00
R1_A,2019-05-24,256223,2019-09-30,277588,SHORT,-1,29,2019,0.564800315363,0.373646050041,0.144247155341,0.0451678881882,2.77258872224,0.859596985577,0.171694342255,0.0663046883158,2.83321334406,0.779509169025,000852.SH,000852.SH:DEV_R1_A:256223:277588,2019-05-24T14:43:00+08:00,2019-09-30T14:48:00+08:00
R1_A,2019-05-27,256263,2019-08-08,268722,SHORT,-1,19,2019,0.918891385533,0.429248030045,0.0774562799861,0.0487893024937,2.77258872224,1.93613779822,0.147971364271,0.0555533557711,2.56494935746,2.02224171256,000852.SH,000852.SH:DEV_R1_A:256263:268722,2019-05-27T09:53:00+08:00,2019-08-08T09:32:00+08:00
R1_A,2019-05-27,256328,2019-11-18,284620,SHORT,-1,21,2019,0.363780796055,0.415693742779,0.0774562799861,0.0487893024937,4.39444915467,0.6267232197,0.095850159506,0.0395734597156,4.75359019111,0.716452540705,000852.SH,000852.SH:DEV_R1_A:256328:284620,2019-05-27T10:58:00+08:00,2019-11-18T10:30:00+08:00
R1_A,2019-05-27,256342,2019-09-04,273388,LONG,1,22,2019,0.536512306391,0.494350609592,0.163053665435,0.102382271468,1.60943791243,0.830630093898,0.25540362278,0.0852438276338,1.38629436112,0.776618376716,000852.SH,000852.SH:DEV_R1_A:256342:273388,2019-05-27T11:12:00+08:00,2019-09-04T11:18:00+08:00
R1_A,2019-05-28,256561,2019-08-06,268301,LONG,1,21,2019,0.336084057083,0.275725334269,0.206983118267,0.0815294502856,5.32300997914,0.618204847901,0.17735622124,0.0624342051988,5.23644196283,0.633514340693,000852.SH,000852.SH:DEV_R1_A:256561:268301,2019-05-28T10:51:00+08:00,2019-08-06T10:31:00+08:00
R1_A,2019-05-28,256719,2019-12-19,290295,LONG,1,29,2019,1.08069659128,0.737872350021,0.656489759829,0.20108371327,4.02535169074,1.00777132865,0.731055336048,0.174117664227,3.295836866,0.982883976351,000852.SH,000852.SH:DEV_R1_A:256719:290295,2019-05-28T14:59:00+08:00,2019-12-19T14:35:00+08:00
R1_A,2019-06-04,257832,2019-06-04,257831,SHORT,-1,27,2019,0.42617231146,0.011321893663,0.292593578462,0.126069540897,5.30330490806,0.541006341489,0.292593578462,0.126069540897,5.29831736655,0.544534408472,000852.SH,000852.SH:DEV_R1_A:257832:257831,2019-06-04T13:32:00+08:00,2019-06-04T13:31:00+08:00
R1_A,2019-06-05,257928,2019-05-14,254102,SHORT,-1,19,2019,1.19041195577,0.764631673932,0.45400515106,0.127324329614,1.94591014906,2.26732117695,0.36116830205,0.08920839035,1.94591014906,2.42462190241,000852.SH,000852.SH:DEV_R1_A:257928:254102,2019-06-05T09:38:00+08:00,2019-05-14T09:52:00+08:00
R1_A,2019-06-06,258210,2019-06-20,260367,SHORT,-1,20,2019,0.498843570352,0.183507121586,0.0899753682135,0.0320799294071,4.38202663467,1.1179356177,0.0700861073337,0.0206104878685,4.33073334029,1.14314016252,000852.SH,000852.SH:DEV_R1_A:258210:260367,2019-06-06T10:20:00+08:00,2019-06-20T10:17:00+08:00
R1_A,2019-06-06,258293,2019-01-16,236202,SHORT,-1,26,2019,0.462753804288,0.441356512403,0.0899753682135,0.0320799294071,5.09375020081,0.736594626796,0.069318145165,0.0148311640092,5.56834450376,0.729364130777,000852.SH,000852.SH:DEV_R1_A:258293:236202,2019-06-06T13:13:00+08:00,2019-01-16T13:02:00+08:00
R1_A,2019-06-10,258404,2019-08-12,269225,SHORT,-1,19,2019,0.537194589103,1.12509997637,0.552687039122,0.167629069867,1.09861228867,1.42693421079,0.493518657385,0.195852602433,1.09861228867,1.77405813112,000852.SH,000852.SH:DEV_R1_A:258404:269225,2019-06-10T09:34:00+08:00,2019-08-12T09:55:00+08:00
R1_A,2019-06-12,258886,2019-06-12,258885,LONG,1,19,2019,0.336449287334,0.0903209810611,0.146657510722,0.0598604480353,6.09130988208,1.65159793012,0.146657510722,0.0598604480353,6.08904487545,1.62155005907,000852.SH,000852.SH:DEV_R1_A:258886:258885,2019-06-12T09:36:00+08:00,2019-06-12T09:35:00+08:00
R1_A,2019-06-12,259038,2019-09-05,273670,LONG,1,27,2019,0.868068819982,1.2335608977,0.762303168426,0.25325603398,4.38202663467,0.764272098712,0.691952647562,0.193171588539,5.17614973257,0.529017228536,000852.SH,000852.SH:DEV_R1_A:259038:273670,2019-06-12T13:38:00+08:00,2019-09-05T13:30:00+08:00
R1_A,2019-06-21,260784,2019-06-21,260780,LONG,1,29,2019,0.74863516846,0.100464400242,0.450635370252,0.169784594344,4.12713438505,0.57510726563,0.450635370252,0.169784594344,4.06044301055,0.546727040615,000852.SH,000852.SH:DEV_R1_A:260784:260780,2019-06-21T14:44:00+08:00,2019-06-21T14:40:00+08:00
R1_A,2019-06-24,260872,2019-11-22,285580,LONG,1,21,2019,0.548620033887,0.133628539457,0.0351490230367,0.0182514245014,3.78418963392,0.816478019364,0.0590776627853,0.0216343076595,3.87120101091,0.802456292427,000852.SH,000852.SH:DEV_R1_A:260872:285580,2019-06-24T10:42:00+08:00,2019-11-22T10:30:00+08:00
R1_A,2019-06-26,261282,2019-05-14,254096,SHORT,-1,19,2019,0.884557262594,0.482141342757,0.356780568136,0.089234708953,0,2.2037509707,0.36116830205,0.08920839035,0,2.36406997233,000852.SH,000852.SH:DEV_R1_A:261282:254096,2019-06-26T09:32:00+08:00,2019-05-14T09:46:00+08:00
R1_A,2019-06-26,261415,2019-05-14,254214,LONG,1,26,2019,0.533642470735,0.42607101294,0.218679639767,0.119993386517,3.58351893846,0.325784433338,0.215476375186,0.136861481822,3.95124371858,0.402504147126,000852.SH,000852.SH:DEV_R1_A:261415:254214,2019-06-26T13:15:00+08:00,2019-05-14T13:14:00+08:00
R1_A,2019-06-27,261640,2019-07-31,267400,LONG,1,23,2019,0.421974117187,0.319155442622,0.339111228133,0.130552163013,4.75359019111,0.440908023295,0.310819351796,0.11146265902,4.77912349311,0.501913866142,000852.SH,000852.SH:DEV_R1_A:261640:267400,2019-06-27T11:30:00+08:00,2019-07-31T11:30:00+08:00
R1_A,2019-07-01,262004,2019-07-01,262003,SHORT,-1,19,2019,1.82480576478,0.025517195005,0.276803795717,0.0794502676017,3.49650756147,2.66027593898,0.276803795717,0.0794502676017,3.4657359028,2.65789767741,000852.SH,000852.SH:DEV_R1_A:262004:262003,2019-07-01T09:34:00+08:00,2019-07-01T09:33:00+08:00
R1_A,2019-07-03,262579,2019-07-03,262578,LONG,1,22,2019,0.89103738627,0.0147022361018,0.252633758993,0.0819011610144,4.58496747867,0.565704141403,0.252633758993,0.0819011610144,4.5747109785,0.569772536889,000852.SH,000852.SH:DEV_R1_A:262579:262578,2019-07-03T11:09:00+08:00,2019-07-03T11:08:00+08:00
R1_A,2019-07-08,263340,2019-07-08,263339,SHORT,-1,26,2019,0.618635619664,0.0908133312947,0.604801293239,0.312035338894,3.61091791264,0.500043513841,0.604801293239,0.312035338894,3.58351893846,0.529376730688,000852.SH,000852.SH:DEV_R1_A:263340:263339,2019-07-08T13:20:00+08:00,2019-07-08T13:19:00+08:00
R1_A,2019-07-10,263694,2019-07-10,263693,SHORT,-1,19,2019,0.904336314783,0.130328668737,0.195768144554,0.0616436256629,4.27666611902,1.46915937749,0.195768144554,0.0616436256629,4.26267987704,1.42595168949,000852.SH,000852.SH:DEV_R1_A:263694:263693,2019-07-10T09:44:00+08:00,2019-07-10T09:43:00+08:00
R1_A,2019-07-10,263797,2019-01-21,236900,SHORT,-1,22,2019,0.339986675915,0.447706105455,0.195768144554,0.0616436256629,5.16478597392,0.528492418096,0.157752431874,0.095056506968,5.08759633523,0.553582309453,000852.SH,000852.SH:DEV_R1_A:263797:236900,2019-07-10T11:27:00+08:00,2019-01-21T11:10:00+08:00
R1_A,2019-07-11,263976,2019-09-25,276677,SHORT,-1,20,2019,1.03015693091,0.137730863835,0.0551365476572,0.015929503474,4.00733318523,0.97793470947,0.0389273079917,0.0108521660218,4.09434456222,0.952317062245,000852.SH,000852.SH:DEV_R1_A:263976:276677,2019-07-11T10:26:00+08:00,2019-09-25T10:07:00+08:00
R1_A,2019-07-11,264118,2019-08-30,272744,LONG,1,28,2019,1.24214150136,0.361959356139,0.00950906042456,0.00287120590648,4.47733681448,0.892116058967,0.0543929215749,0.00626466447677,4.45434729625,0.994824227216,000852.SH,000852.SH:DEV_R1_A:264118:272744,2019-07-11T14:18:00+08:00,2019-08-30T14:04:00+08:00
R1_A,2019-07-12,264183,2019-11-27,286258,LONG,1,19,2019,0.579864733702,0.275190844536,0.00950906042456,0.00287120590648,5.03043792139,2.01001914564,0.0245798941014,0.00801295022258,5.35185813348,1.99333326017,000852.SH,000852.SH:DEV_R1_A:264183:286258,2019-07-12T09:53:00+08:00,2019-11-27T09:48:00+08:00
R1_A,2019-07-12,264216,2019-04-10,249072,SHORT,-1,20,2019,0.73568328697,0.273477111215,0.136306997373,0.0501717316638,3.43398720449,1.18168886878,0.105313697118,0.0613618850631,3.43398720449,1.11512414535,000852.SH,000852.SH:DEV_R1_A:264216:249072,2019-07-12T10:26:00+08:00,2019-04-10T10:02:00+08:00
R1_A,2019-07-18,265176,2019-07-18,265175,LONG,1,20,2019,1.39953396321,0.0538045233211,0.326174531153,0.0815069224127,4.00733318523,0.734090384856,0.326174531153,0.0815069224127,3.98898404656,0.751321206677,000852.SH,000852.SH:DEV_R1_A:265176:265175,2019-07-18T10:26:00+08:00,2019-07-18T10:25:00+08:00
R1_A,2019-07-22,265661,2019-07-22,265660,SHORT,-1,21,2019,0.958907630669,0.0228461350048,0.484088095568,0.267067246229,3.61091791264,0.847993750635,0.484088095568,0.267067246229,3.58351893846,0.845731348815,000852.SH,000852.SH:DEV_R1_A:265661:265660,2019-07-22T10:31:00+08:00,2019-07-22T10:30:00+08:00
R1_A,2019-07-29,267004,2019-07-29,267003,LONG,1,28,2019,0.516172795182,0.0345156146965,0.154375838746,0.0221832529592,3.76120011569,0.612675824561,0.154375838746,0.0221832529592,3.73766961828,0.603029310173,000852.SH,000852.SH:DEV_R1_A:267004:267003,2019-07-29T14:24:00+08:00,2019-07-29T14:23:00+08:00
R1_A,2019-07-31,267451,2019-07-31,267450,LONG,1,27,2019,1.03122692094,0.198543530015,0.310819351796,0.11146265902,5.13579843705,0.611975865529,0.310819351796,0.11146265902,5.12989871492,0.545929972595,000852.SH,000852.SH:DEV_R1_A:267451:267450,2019-07-31T13:51:00+08:00,2019-07-31T13:50:00+08:00
R1_A,2019-08-01,267572,2019-07-15,264457,SHORT,-1,20,2019,0.563335818728,0.362002470998,0.20606275961,0.067747861424,2.8903717579,0.653947369901,0.226075994299,0.0782100584328,3.04452243772,0.755385940305,000852.SH,000852.SH:DEV_R1_A:267572:264457,2019-08-01T10:22:00+08:00,2019-07-15T10:27:00+08:00
R1_A,2019-08-02,267855,2019-08-02,267854,SHORT,-1,22,2019,0.713842406718,0.0147482428666,0.580512734833,0.291283609135,4.40671924726,0.139533109631,0.580512734833,0.291283609135,4.39444915467,0.135856243382,000852.SH,000852.SH:DEV_R1_A:267855:267854,2019-08-02T11:05:00+08:00,2019-08-02T11:04:00+08:00
R1_A,2019-08-05,268002,2019-06-20,260322,SHORT,-1,19,2019,0.672661040648,0.19108528416,0.0345631333454,0.0158403436549,3.43398720449,1.27300021003,0.0700861073337,0.0206104878685,3.43398720449,1.23652598594,000852.SH,000852.SH:DEV_R1_A:268002:260322,2019-08-05T09:32:00+08:00,2019-06-20T09:32:00+08:00
R1_A,2019-08-06,268450,2019-02-01,239199,SHORT,-1,29,2019,1.97413334537,1.00494707815,0.64148263888,0.307267377627,4.90527477844,0.185748325822,0.473277243184,0.342562874251,5.57972982599,0.268914515434,000852.SH,000852.SH:DEV_R1_A:268450:239199,2019-08-06T14:30:00+08:00,2019-02-01T14:59:00+08:00
R1_A,2019-08-15,270029,2019-08-15,270028,SHORT,-1,22,2019,1.41301862362,0.00793731688252,0.286439026653,0.105516421718,4.61512051684,0.221464425411,0.286439026653,0.105516421718,4.60517018599,0.221294918418,000852.SH,000852.SH:DEV_R1_A:270029:270028,2019-08-15T11:19:00+08:00,2019-08-15T11:18:00+08:00
R1_A,2019-08-21,270890,2019-08-21,270889,LONG,1,19,2019,0.576684209766,0.0168827345893,0.394331197447,0.153841388283,4.18965474203,1.76487646235,0.394331197447,0.153841388283,4.1743872699,1.76877562271,000852.SH,000852.SH:DEV_R1_A:270890:270889,2019-08-21T09:40:00+08:00,2019-08-21T09:39:00+08:00
R1_A,2019-08-23,271379,2019-08-23,271378,SHORT,-1,19,2019,0.803863878891,0.0134755614861,0.038917406339,0.00833769021216,4.09434456222,1.93889191963,0.038917406339,0.00833769021216,4.07753744391,1.93835690461,000852.SH,000852.SH:DEV_R1_A:271379:271378,2019-08-23T09:49:00+08:00,2019-08-23T09:48:00+08:00
R1_A,2019-08-23,271427,2019-06-14,259422,LONG,1,21,2019,0.605458359722,0.415814852619,0.169414379182,0.0507544581619,2.94443897917,0.941569854591,0.157974603625,0.040850879097,3.43398720449,0.963106045212,000852.SH,000852.SH:DEV_R1_A:271427:259422,2019-08-23T10:37:00+08:00,2019-06-14T10:32:00+08:00
R1_A,2019-08-26,271639,2019-08-15,269952,SHORT,-1,20,2019,0.9181826831,0.658750849524,0.383487433366,0.141432420477,3.49650756147,0.533371887822,0.286439026653,0.105516421718,3.17805383035,0.486941122356,000852.SH,000852.SH:DEV_R1_A:271639:269952,2019-08-26T10:09:00+08:00,2019-08-15T10:02:00+08:00
R1_A,2019-08-27,272069,2019-08-27,272068,LONG,1,29,2019,0.569684326018,0.0419012037334,0.560699516022,0.290992586367,3.85014760171,0.355256122239,0.560699516022,0.290992586367,3.82864139649,0.342530563494,000852.SH,000852.SH:DEV_R1_A:272069:272068,2019-08-27T14:49:00+08:00,2019-08-27T14:48:00+08:00
R1_A,2019-09-04,273420,2019-09-04,273419,LONG,1,26,2019,0.484636465975,0.0467495002422,0.25540362278,0.0852438276338,3.58351893846,0.653317927953,0.25540362278,0.0852438276338,3.55534806149,0.639668820342,000852.SH,000852.SH:DEV_R1_A:273420:273419,2019-09-04T13:20:00+08:00,2019-09-04T13:19:00+08:00
R1_A,2019-09-06,273762,2019-08-29,272339,LONG,1,19,2019,0.802103904099,0.892442751543,0.611787248311,0.239177570093,3.87120101091,1.61428476436,0.491768129246,0.180562659847,4.12713438505,1.60521636111,000852.SH,000852.SH:DEV_R1_A:273762:272339,2019-09-06T09:32:00+08:00,2019-08-29T09:49:00+08:00
R1_A,2019-09-09,274029,2019-09-09,274028,LONG,1,19,2019,0.276734577178,0.0224899913152,0.363636738725,0.106018695155,3.58351893846,2.58288301615,0.363636738725,0.106018695155,3.55534806149,2.58344975805,000852.SH,000852.SH:DEV_R1_A:274029:274028,2019-09-09T09:59:00+08:00,2019-09-09T09:58:00+08:00
R1_A,2019-09-10,274286,2019-09-10,274285,LONG,1,20,2019,0.317848567252,0.0322735195636,0.363636738725,0.106018695155,5.68017260902,1.55644325318,0.363636738725,0.106018695155,5.67675380227,1.54574264966,000852.SH,000852.SH:DEV_R1_A:274286:274285,2019-09-10T10:16:00+08:00,2019-09-10T10:15:00+08:00
R1_A,2019-09-10,274362,2019-05-21,255419,LONG,1,26,2019,0.428629865687,0.763227670325,0.363636738725,0.106018695155,5.91079664404,0.955933500306,0.351094362116,0.12412813766,5.08759633523,0.849947564149,000852.SH,000852.SH:DEV_R1_A:274362:255419,2019-09-10T13:02:00+08:00,2019-05-21T13:19:00+08:00
R1_A,2019-09-11,274520,2019-05-22,255556,LONG,1,20,2019,0.4650053559,0.505192860767,0.363636738725,0.106018695155,6.26720054854,1.41899053196,0.351094362116,0.12412813766,5.70044357339,1.42097695082,000852.SH,000852.SH:DEV_R1_A:274520:255556,2019-09-11T10:10:00+08:00,2019-05-22T10:06:00+08:00
R1_A,2019-09-16,275081,2019-09-12,274841,LONG,1,26,2019,0.299226102764,0.397817199247,0.413251582987,0.0918396057825,5.38907172982,0.500416091973,0.444960503236,0.105161558323,5.66296048014,0.414035011156,000852.SH,000852.SH:DEV_R1_A:275081:274841,2019-09-16T13:01:00+08:00,2019-09-12T13:01:00+08:00
R1_A,2019-09-16,275198,2019-02-20,241096,LONG,1,29,2019,0.566921136796,0.245671444596,0.083619600392,0.0173546320365,3.13549421593,0.73385436554,0.0748392474846,0.0206249446756,3.43398720449,0.723297906236,000852.SH,000852.SH:DEV_R1_A:275198:241096,2019-09-16T14:58:00+08:00,2019-02-20T14:36:00+08:00
R1_A,2019-09-17,275299,2019-02-21,241218,LONG,1,22,2019,1.26634205569,0.198690820543,0.083619600392,0.0173546320365,4.82028156561,0.763276501225,0.0748392474846,0.0206249446756,5.03043792139,0.732412771761,000852.SH,000852.SH:DEV_R1_A:275299:241218,2019-09-17T11:09:00+08:00,2019-02-21T11:08:00+08:00
R1_A,2019-09-18,275460,2019-09-02,272816,SHORT,-1,19,2019,0.566539464764,0.713753293982,0.268132653907,0.078082478543,2.30258509299,1.43209006608,0.42564829307,0.087394607616,2.56494935746,1.36719378728,000852.SH,000852.SH:DEV_R1_A:275460:272816,2019-09-18T09:50:00+08:00,2019-09-02T09:46:00+08:00
R1_A,2019-09-18,275556,2019-10-21,279872,SHORT,-1,22,2019,0.459172584938,0.496318529436,0.609064780019,0.223199115847,4.20469261939,0.602761648874,0.610483880717,0.248474912307,3.73766961828,0.565376924321,000852.SH,000852.SH:DEV_R1_A:275556:279872,2019-09-18T11:26:00+08:00,2019-10-21T11:22:00+08:00
R1_A,2019-09-19,275831,2019-09-19,275830,SHORT,-1,27,2019,0.650280610404,0.0253008279391,0.039394132088,0.0229801804175,4.48863636973,0.67491783259,0.039394132088,0.0229801804175,4.47733681448,0.682786545058,000852.SH,000852.SH:DEV_R1_A:275831:275830,2019-09-19T13:31:00+08:00,2019-09-19T13:30:00+08:00
R1_A,2019-09-20,276059,2019-08-09,269095,LONG,1,26,2019,0.553492719533,0.452884811916,0.39657612141,0.0813261396927,3.73766961828,0.695141886067,0.308612488625,0.0805931656995,4.06044301055,0.662478156485,000852.SH,000852.SH:DEV_R1_A:276059:269095,2019-09-20T13:19:00+08:00,2019-08-09T13:15:00+08:00
R1_A,2019-09-23,276378,2019-09-23,276374,LONG,1,29,2019,0.513809034983,0.0125630030561,0.39657612141,0.0813261396927,5.88887795833,0.41119826851,0.39657612141,0.0813261396927,5.87773578178,0.414158710575,000852.SH,000852.SH:DEV_R1_A:276378:276374,2019-09-23T14:38:00+08:00,2019-09-23T14:34:00+08:00
R1_A,2019-09-24,276431,2019-05-30,256995,SHORT,-1,20,2019,0.757881257248,0.452007737868,0.0284248185091,0.0051381019538,3.55534806149,1.76121866113,0.023079434982,0.00662040077386,3.76120011569,1.62136590092,000852.SH,000852.SH:DEV_R1_A:276431:256995,2019-09-24T10:01:00+08:00,2019-05-30T10:05:00+08:00
R1_A,2019-09-25,276773,2019-09-25,276772,SHORT,-1,26,2019,0.467214844149,0.0153563851504,0.0389273079917,0.0108521660218,5.04985600725,0.335636544481,0.0389273079917,0.0108521660218,5.04342511692,0.340454013615,000852.SH,000852.SH:DEV_R1_A:276773:276772,2019-09-25T13:13:00+08:00,2019-09-25T13:12:00+08:00
R1_A,2019-09-25,276873,2019-08-12,269435,SHORT,-1,29,2019,0.304029050946,0.3843392252,0.0389273079917,0.0108521660218,5.54517744448,0.706756206057,0.0256280915023,0.0206703258204,5.15905529921,0.643729172309,000852.SH,000852.SH:DEV_R1_A:276873:269435,2019-09-25T14:53:00+08:00,2019-08-12T14:55:00+08:00
R1_A,2019-09-26,276920,2019-08-09,268992,SHORT,-1,20,2019,0.274283097576,0.376532315356,0.0389273079917,0.0108521660218,5.71373280551,1.19711254056,0.00149753973775,0.000788747206526,5.5872486584,1.09559384118,000852.SH,000852.SH:DEV_R1_A:276920:268992,2019-09-26T10:10:00+08:00,2019-08-09T10:02:00+08:00
R1_A,2019-09-26,276975,2019-05-16,254674,SHORT,-1,22,2019,0.320807732865,0.125759805394,0.0389273079917,0.0108521660218,5.8805329864,0.990804195294,0.0131390897727,0.00538065254722,5.86646805693,0.987511275951,000852.SH,000852.SH:DEV_R1_A:276975:254674,2019-09-26T11:05:00+08:00,2019-05-16T11:24:00+08:00
R1_A,2019-09-26,277068,2019-05-16,254741,SHORT,-1,28,2019,0.465913804203,0.208889940868,0.0389273079917,0.0108521660218,6.1114673395,0.64310285052,0.0131390897727,0.00538065254722,6.04025471128,0.695534390028,000852.SH,000852.SH:DEV_R1_A:277068:254741,2019-09-26T14:08:00+08:00,2019-05-16T14:01:00+08:00
R1_A,2019-09-27,277240,2019-06-17,259720,SHORT,-1,23,2019,0.96893117382,0.471458042228,0.517848736476,0.150423423732,4.58496747867,0.596928869809,0.562285021013,0.169498525074,4.20469261939,0.666130789988,000852.SH,000852.SH:DEV_R1_A:277240:259720,2019-09-27T11:30:00+08:00,2019-06-17T11:30:00+08:00
R1_A,2019-10-08,277618,2019-10-08,277617,SHORT,-1,19,2019,0.444539083215,0.104439632546,0.171694342255,0.0663046883158,3.85014760171,1.68925887062,0.171694342255,0.0663046883158,3.82864139649,1.65497717813,000852.SH,000852.SH:DEV_R1_A:277618:277617,2019-10-08T09:48:00+08:00,2019-10-08T09:47:00+08:00
R1_A,2019-10-09,277915,2019-10-09,277914,SHORT,-1,21,2019,0.839832532519,0.0486798772358,0.303446126834,0.104344972102,3.98898404656,0.66765708007,0.303446126834,0.104344972102,3.97029191355,0.652234354526,000852.SH,000852.SH:DEV_R1_A:277915:277914,2019-10-09T10:45:00+08:00,2019-10-09T10:44:00+08:00
R1_A,2019-10-11,278416,2019-10-11,278415,LONG,1,22,2019,0.606305344774,0.0598707550163,0.337831389735,0.112133911485,3.295836866,1.12415391724,0.337831389735,0.112133911485,3.25809653802,1.10692197612,000852.SH,000852.SH:DEV_R1_A:278416:278415,2019-10-11T11:06:00+08:00,2019-10-11T11:05:00+08:00
R1_A,2019-10-14,278763,2019-10-14,278762,LONG,1,28,2019,0.384980657422,0.00777065190172,0.607867944251,0.179793733167,5.79909265446,0.233178605586,0.607867944251,0.179793733167,5.79605775077,0.230721101406,000852.SH,000852.SH:DEV_R1_A:278763:278762,2019-10-14T14:23:00+08:00,2019-10-14T14:22:00+08:00
R1_A,2019-10-21,279908,2019-10-21,279907,SHORT,-1,26,2019,0.639786374597,0.0492911758832,0.610483880717,0.248474912307,4.35670882669,0.38425472519,0.610483880717,0.248474912307,4.34380542185,0.368213406279,000852.SH,000852.SH:DEV_R1_A:279908:279907,2019-10-21T13:28:00+08:00,2019-10-21T13:27:00+08:00
R1_A,2019-10-30,281465,2019-10-30,281464,LONG,1,19,2019,1.57441660302,0.0530491961664,0.637804576616,0.207345146956,3.82864139649,2.38396564438,0.637804576616,0.207345146956,3.80666248977,2.36730147079,000852.SH,000852.SH:DEV_R1_A:281465:281464,2019-10-30T09:55:00+08:00,2019-10-30T09:54:00+08:00
R1_A,2019-11-04,282311,2019-11-04,282310,SHORT,-1,27,2019,1.90914106683,0.0612144339151,0.489417814346,0.110716302387,5.87493073085,0.616635925939,0.489417814346,0.110716302387,5.87211778948,0.596280758052,000852.SH,000852.SH:DEV_R1_A:282311:282310,2019-11-04T13:31:00+08:00,2019-11-04T13:30:00+08:00
R1_A,2019-11-07,282993,2019-11-07,282992,SHORT,-1,22,2019,0.783901637458,0.0274878410803,0.157017497844,0.0422262103678,4.34380542185,0.620455582519,0.157017497844,0.0422262103678,4.33073334029,0.611989877545,000852.SH,000852.SH:DEV_R1_A:282993:282992,2019-11-07T11:23:00+08:00,2019-11-07T11:22:00+08:00
R1_A,2019-11-08,283201,2019-05-24,256085,SHORT,-1,21,2019,0.723483043784,0.480967066202,0.157017497844,0.0422262103678,5.65248918027,0.558217692343,0.14634091338,0.0573470835379,5.4161004022,0.691252948804,000852.SH,000852.SH:DEV_R1_A:283201:256085,2019-11-08T10:51:00+08:00,2019-05-24T10:55:00+08:00
R1_A,2019-11-08,283271,2019-07-16,264797,SHORT,-1,27,2019,0.414553754884,0.522992820874,0.157017497844,0.0422262103678,5.87211778948,0.497201654965,0.226075994299,0.0782100584328,5.88887795833,0.493386679041,000852.SH,000852.SH:DEV_R1_A:283271:264797,2019-11-08T13:31:00+08:00,2019-07-16T13:37:00+08:00
R1_A,2019-11-13,283851,2019-11-13,283850,SHORT,-1,19,2019,1.03683469776,0.21432889807,0.489481941427,0.13186368856,4.69134788223,1.50618695766,0.489481941427,0.13186368856,4.68213122712,1.43491187401,000852.SH,000852.SH:DEV_R1_A:283851:283850,2019-11-13T09:41:00+08:00,2019-11-13T09:40:00+08:00
R1_A,2019-11-21,285303,2019-11-21,285302,LONG,1,19,2019,1.02859608973,0.0304182232594,0.347280695952,0.0997604239198,4.15888308336,2.47824761003,0.347280695952,0.0997604239198,4.14313472639,2.46902567627,000852.SH,000852.SH:DEV_R1_A:285303:285302,2019-11-21T09:53:00+08:00,2019-11-21T09:52:00+08:00
R1_A,2019-11-25,285847,2019-11-25,285845,SHORT,-1,21,2019,0.839852475916,0.0486035297844,0.503371665051,0.220510095643,3.91202300543,0.628836780202,0.503371665051,0.220510095643,3.87120101091,0.640863075159,000852.SH,000852.SH:DEV_R1_A:285847:285845,2019-11-25T10:57:00+08:00,2019-11-25T10:55:00+08:00
R1_A,2019-12-02,287109,2019-12-02,287108,SHORT,-1,26,2019,1.05167822333,0.106117293586,0.2964910216,0.0527393889414,5.20948615284,0.54473986326,0.2964910216,0.0527393889414,5.20400668708,0.509459700778,000852.SH,000852.SH:DEV_R1_A:287109:287108,2019-12-02T13:29:00+08:00,2019-12-02T13:28:00+08:00
R1_A,2019-12-04,287453,2019-12-04,287452,LONG,1,19,2019,0.41443102271,0.106534224741,0.111349638518,0.0303669686815,4.58496747867,2.3519902592,0.111349638518,0.0303669686815,4.5747109785,2.31664578052,000852.SH,000852.SH:DEV_R1_A:287453:287452,2019-12-04T09:43:00+08:00,2019-12-04T09:42:00+08:00
R1_A,2019-12-06,288034,2019-12-06,288033,LONG,1,22,2019,0.342773548202,0.0402286832048,0.111349638518,0.0303669686815,6.52062112756,0.956581070986,0.111349638518,0.0303669686815,6.51914728794,0.96996127249,000852.SH,000852.SH:DEV_R1_A:288034:288033,2019-12-06T11:24:00+08:00,2019-12-06T11:23:00+08:00
R1_A,2019-12-10,288521,2019-12-09,288290,LONG,1,26,2019,0.397381388299,0.186606193086,0.111349638518,0.0303669686815,7.06133436691,0.569340537671,0.111349638518,0.0303669686815,6.84054652929,0.548478177545,000852.SH,000852.SH:DEV_R1_A:288521:288290,2019-12-10T13:01:00+08:00,2019-12-09T13:10:00+08:00
R1_A,2019-12-11,288762,2019-12-12,289011,LONG,1,26,2019,0.553456621825,0.61267668697,0.593232842381,0.108404654886,3.36729582999,0.683971809917,0.709553687298,0.13334339457,3.66356164613,0.675838288965,000852.SH,000852.SH:DEV_R1_A:288762:289011,2019-12-11T13:02:00+08:00,2019-12-12T13:11:00+08:00
R1_A,2019-12-17,289717,2019-12-17,289694,LONG,1,22,2019,0.264930610097,0.0253012235783,0.709553687298,0.13334339457,6.61338421838,0.888389031003,0.709553687298,0.13334339457,6.58202513889,0.889760251992,000852.SH,000852.SH:DEV_R1_A:289717:289694,2019-12-17T11:27:00+08:00,2019-12-17T11:04:00+08:00
R1_A,2019-12-18,289977,2019-12-18,289976,LONG,1,26,2019,0.460762325185,0.0254839536965,0.709553687298,0.13334339457,6.91274282049,0.583308119975,0.709553687298,0.13334339457,6.91174730025,0.574832561425,000852.SH,000852.SH:DEV_R1_A:289977:289976,2019-12-18T13:17:00+08:00,2019-12-18T13:16:00+08:00
R1_A,2019-12-20,290392,2019-12-20,290387,LONG,1,21,2019,0.690153331342,0.402260609936,0.0455686702588,0.00832113413977,3.40119738166,1.31708524433,0.0455686702588,0.00832113413977,3.21887582487,1.44191958575,000852.SH,000852.SH:DEV_R1_A:290392:290387,2019-12-20T10:42:00+08:00,2019-12-20T10:37:00+08:00
R1_A,2019-12-23,290617,2019-11-01,281974,SHORT,-1,20,2019,0.534165625651,0.723694647777,0.467144093676,0.123110151188,2.77258872224,0.718052770882,0.489417814346,0.110716302387,2.94443897917,0.947084934362,000852.SH,000852.SH:DEV_R1_A:290617:281974,2019-12-23T10:27:00+08:00,2019-11-01T10:24:00+08:00
R1_A,2019-12-23,290722,2019-06-17,259752,SHORT,-1,27,2019,0.325626919292,0.914754729026,0.538640611962,0.221741266759,4.47733681448,0.398165661708,0.562285021013,0.169498525074,4.59511985013,0.6114400962,000852.SH,000852.SH:DEV_R1_A:290722:259752,2019-12-23T13:42:00+08:00,2019-06-17T13:32:00+08:00
R1_A,2019-12-24,290819,2019-04-01,247602,SHORT,-1,19,2019,0.471194424881,0.57493919412,0.538640611962,0.221741266759,5.22035582508,2.0954651874,0.429934133187,0.196507926503,5.25749537203,2.15944096174,000852.SH,000852.SH:DEV_R1_A:290819:247602,2019-12-24T09:49:00+08:00,2019-04-01T09:32:00+08:00
R1_A,2019-12-25,291266,2019-12-25,291265,LONG,1,29,2019,0.572447114321,0.0361205971653,0.124734860131,0.0408898959728,3.13549421593,0.934320789045,0.124734860131,0.0408898959728,3.09104245336,0.936732754528,000852.SH,000852.SH:DEV_R1_A:291266:291265,2019-12-25T14:46:00+08:00,2019-12-25T14:45:00+08:00
R1_A,2019-12-26,291477,2019-08-29,272504,LONG,1,28,2019,0.320433816695,0.293486755052,0.533310479878,0.171969391865,5.19295685089,0.796423423142,0.491768129246,0.180562659847,5.42495001748,0.833087078785,000852.SH,000852.SH:DEV_R1_A:291477:272504,2019-12-26T14:17:00+08:00,2019-08-29T14:04:00+08:00
R1_A,2019-12-31,292070,2019-12-31,292069,SHORT,-1,21,2019,1.95805756237,0.0222768922069,0.218388181083,0.0803200821601,5.64544689764,0.79141623305,0.218388181083,0.0803200821601,5.64190707094,0.7840632486,000852.SH,000852.SH:DEV_R1_A:292070:292069,2019-12-31T10:40:00+08:00,2019-12-31T10:39:00+08:00
R1_A,2020-01-03,292637,2020-01-03,292636,LONG,1,27,2020,0.555857904364,0.045353998359,0.294546582763,0.100690124993,3.58351893846,0.930399377917,0.294546582763,0.100690124993,3.55534806149,0.917921672839,000852.SH,000852.SH:DEV_R1_A:292637:292636,2020-01-03T13:37:00+08:00,2020-01-03T13:36:00+08:00
R1_A,2020-01-06,292727,2020-10-29,339526,LONG,1,19,2020,0.592599176613,0.767024645068,0.0620980213614,0.0333792154164,1.79175946923,2.37658408984,0.0714359502975,0.0290891186608,1.60943791243,2.61951333955,000852.SH,000852.SH:DEV_R1_A:292727:339526,2020-01-06T09:37:00+08:00,2020-10-29T09:36:00+08:00
R1_A,2020-01-06,292935,2020-09-07,332079,LONG,1,29,2020,1.00254869367,2.0487919,0.477593547541,0.262320468831,3.295836866,1.02283825486,0.47475176372,0.20065968018,5.18178355029,1.21029398371,000852.SH,000852.SH:DEV_R1_A:292935:332079,2020-01-06T14:35:00+08:00,2020-09-07T14:59:00+08:00
R1_A,2020-01-07,293054,2020-04-23,309879,LONG,1,22,2020,0.378221105974,0.646195016267,0.250128984835,0.139798588534,4.5747109785,0.843303008752,0.342575416454,0.127390453245,4.21950770518,0.855771978698,000852.SH,000852.SH:DEV_R1_A:293054:309879,2020-01-07T11:04:00+08:00,2020-04-23T11:29:00+08:00
R1_A,2020-01-08,293214,2020-05-15,312907,LONG,1,19,2020,0.432530238405,0.999723393758,0.250128984835,0.139798588534,5.5490760849,2.36786418758,0.311972242361,0.0966063380582,5.58349630878,2.19420468728,000852.SH,000852.SH:DEV_R1_A:293214:312907,2020-01-08T09:44:00+08:00,2020-05-15T09:57:00+08:00
R1_A,2020-01-08,293412,2020-08-25,329892,LONG,1,29,2020,1.2116709694,0.621557530262,0.251570151246,0.0693782034161,4.27666611902,0.881814964319,0.297451582335,0.0953998308283,4.61512051684,0.837700281247,000852.SH,000852.SH:DEV_R1_A:293412:329892,2020-01-08T14:32:00+08:00,2020-08-25T14:32:00+08:00
R1_A,2020-01-10,293862,2020-12-28,349782,LONG,1,28,2020,0.706568977695,0.214184114177,0.10915235682,0.0385282004802,4.64439089914,0.706851326172,0.137029082004,0.0402522555143,4.80402104473,0.696173583652,000852.SH,000852.SH:DEV_R1_A:293862:349782,2020-01-10T14:02:00+08:00,2020-12-28T14:02:00+08:00
R1_A,2020-01-15,294410,2020-01-15,294409,LONG,1,19,2020,0.639249505895,0.178502074912,0.423891485357,0.134366460521,2.19722457734,2.00862549664,0.423891485357,0.134366460521,2.07944154168,1.96081226256,000852.SH,000852.SH:DEV_R1_A:294410:294409,2020-01-15T09:40:00+08:00,2020-01-15T09:39:00+08:00
R1_A,2020-01-21,295457,2020-01-21,295456,LONG,1,22,2020,0.616610038583,0.0646081852686,0.298998369721,0.11156218284,3.25809653802,0.918231532521,0.298998369721,0.11156218284,3.21887582487,0.900295969211,000852.SH,000852.SH:DEV_R1_A:295457:295456,2020-01-21T11:07:00+08:00,2020-01-21T11:06:00+08:00
R1_A,2020-01-22,295831,2020-01-22,295830,SHORT,-1,29,2020,1.93477750239,0.111570962625,0.289760145521,0.086422613531,5.14749447681,0.268566722823,0.289760145521,0.086422613531,5.1416635565,0.304916402635,000852.SH,000852.SH:DEV_R1_A:295831:295830,2020-01-22T14:51:00+08:00,2020-01-22T14:50:00+08:00
R1_A,2020-01-23,296019,2020-03-16,303459,SHORT,-1,27,2020,0.868249678089,1.38672722499,0.613309932875,0.333579959835,3.04452243772,1.06859710574,0.610271434923,0.402216589633,2.30258509299,1.10722353728,000852.SH,000852.SH:DEV_R1_A:296019:303459,2020-01-23T13:59:00+08:00,2020-03-16T13:59:00+08:00
R1_A,2020-02-03,296158,2020-03-30,305756,SHORT,-1,21,2020,0.666616536511,8.04129329731,0.805291912378,0.794432109308,3.93182563272,0.0205665684873,0.674133005738,0.354121170525,2.94443897917,0.454195091308,000852.SH,000852.SH:DEV_R1_A:296158:305756,2020-02-03T10:48:00+08:00,2020-03-30T10:46:00+08:00
R1_A,2020-02-04,296333,2020-09-08,332101,SHORT,-1,19,2020,1.47470353855,5.91603747577,0.606698442252,0.480033305579,2.07944154168,2.80830939702,0.613093676942,0.209847288046,2.56494935746,1.6965330083,000852.SH,000852.SH:DEV_R1_A:296333:332101,2020-02-04T09:43:00+08:00,2020-09-08T09:51:00+08:00
R1_A,2020-02-05,296677,2020-02-05,296676,LONG,1,22,2020,0.854783288062,0.0291285174012,0.547664896592,0.333292662467,3.55534806149,0.652512318796,0.547664896592,0.333292662467,3.52636052462,0.647670614037,000852.SH,000852.SH:DEV_R1_A:296677:296676,2020-02-05T11:27:00+08:00,2020-02-05T11:26:00+08:00
R1_A,2020-02-06,296957,2020-02-06,296956,LONG,1,27,2020,0.290285084413,0.0933959770625,0.474893162484,0.229265312357,5.1059454739,0.792803260009,0.474893162484,0.229265312357,5.09986642782,0.762392125225,000852.SH,000852.SH:DEV_R1_A:296957:296956,2020-02-06T13:37:00+08:00,2020-02-06T13:36:00+08:00
R1_A,2020-02-06,297022,2020-06-03,316230,LONG,1,29,2020,0.891632358996,0.956347672891,0.354226114147,0.146288158297,2.94443897917,1.05536161123,0.455308533885,0.106523094985,2.99573227355,0.960923337566,000852.SH,000852.SH:DEV_R1_A:297022:316230,2020-02-06T14:42:00+08:00,2020-06-03T14:50:00+08:00
R1_A,2020-02-07,297076,2020-07-09,321819,LONG,1,20,2020,0.737111611223,1.21225274402,0.225458544357,0.195029239766,2.56494935746,1.70070202237,0.370811301464,0.176538664911,1.60943791243,1.6803179615,000852.SH,000852.SH:DEV_R1_A:297076:321819,2020-02-07T10:06:00+08:00,2020-07-09T10:29:00+08:00
R1_A,2020-02-07,297166,2020-07-15,322859,SHORT,-1,26,2020,0.648245347089,0.973145113144,0.282121748041,0.231012810056,2.77258872224,0.769245988511,0.442247809433,0.243861552115,3.09104245336,0.772408780808,000852.SH,000852.SH:DEV_R1_A:297166:322859,2020-02-07T13:06:00+08:00,2020-07-15T13:19:00+08:00
R1_A,2020-02-07,297258,2020-08-20,329184,SHORT,-1,29,2020,1.34358591655,1.05939990445,0.282121748041,0.231012810056,4.68213122712,0.810578409977,0.406262630073,0.205538378814,5.11799381242,0.637378146758,000852.SH,000852.SH:DEV_R1_A:297258:329184,2020-02-07T14:38:00+08:00,2020-08-20T14:44:00+08:00
R1_A,2020-02-10,297290,2020-08-21,329201,SHORT,-1,19,2020,0.60092566699,1.65224087479,0.282121748041,0.231012810056,4.94164242261,0.978895291822,0.406262630073,0.205538378814,5.21493575761,0.520475996137,000852.SH,000852.SH:DEV_R1_A:297290:329201,2020-02-10T09:40:00+08:00,2020-08-21T09:31:00+08:00
R1_A,2020-02-10,297412,2020-04-03,306773,LONG,1,26,2020,0.908080934474,0.412627297127,0.20864525593,0.0789307965432,3.04452243772,1.11855941025,0.21179836191,0.065827837896,3.25809653802,1.02557806939,000852.SH,000852.SH:DEV_R1_A:297412:306773,2020-02-10T13:12:00+08:00,2020-04-03T13:13:00+08:00
R1_A,2020-02-11,297530,2020-09-03,331366,LONG,1,19,2020,0.620011980316,0.582106600199,0.11483133815,0.0496851658297,1.60943791243,1.29948907635,0.200333680572,0.0651855743611,1.60943791243,1.35509750282,000852.SH,000852.SH:DEV_R1_A:297530:331366,2020-02-11T09:40:00+08:00,2020-09-03T09:36:00+08:00
R1_A,2020-02-12,297765,2020-01-20,295127,LONG,1,19,2020,0.76848156632,0.660167958165,0.0209996428649,0.0067519858782,3.295836866,1.46657657936,0.0757132640501,0.0126810710628,3.61091791264,1.30193158269,000852.SH,000852.SH:DEV_R1_A:297765:295127,2020-02-12T09:35:00+08:00,2020-01-20T09:37:00+08:00
R1_A,2020-02-12,297855,2020-12-28,349710,LONG,1,22,2020,0.425858637444,0.572776122545,0.104470979989,0.0534239735761,4.47733681448,0.861754444943,0.137029082004,0.0402522555143,3.91202300543,0.866548652944,000852.SH,000852.SH:DEV_R1_A:297855:349710,2020-02-12T11:05:00+08:00,2020-12-28T11:20:00+08:00
R1_A,2020-02-13,298039,2020-12-21,348430,LONG,1,20,2020,1.00977411902,0.701179304995,0.488080887782,0.188755541842,2.3978952728,1.62986006644,0.467183451841,0.156841977849,2.63905732962,1.73829484429,000852.SH,000852.SH:DEV_R1_A:298039:348430,2020-02-13T10:09:00+08:00,2020-12-21T10:00:00+08:00
R1_A,2020-02-14,298411,2020-02-14,298410,LONG,1,27,2020,0.836655275451,0.0265845012249,0.234557137186,0.0970488819553,3.91202300543,0.878566606822,0.234557137186,0.0970488819553,3.89182029811,0.885102776449,000852.SH,000852.SH:DEV_R1_A:298411:298410,2020-02-14T13:51:00+08:00,2020-02-14T13:50:00+08:00
R1_A,2020-02-18,298816,2020-02-18,298815,LONG,1,22,2020,0.895941872515,0.124743747158,0.522433107181,0.242078268452,2.94443897917,1.5256665416,0.522433107181,0.242078268452,2.8903717579,1.48794789427,000852.SH,000852.SH:DEV_R1_A:298816:298815,2020-02-18T11:06:00+08:00,2020-02-18T11:05:00+08:00
R1_A,2020-02-18,298937,2020-10-14,337094,LONG,1,29,2020,0.365366438451,1.62436000442,0.648390676575,0.305628857936,4.70953020131,0.918919880792,0.705868016218,0.223021093604,5.15905529921,0.768325397674,000852.SH,000852.SH:DEV_R1_A:298937:337094,2020-02-18T14:37:00+08:00,2020-10-14T14:34:00+08:00
R1_A,2020-02-19,298965,2020-05-07,311456,LONG,1,19,2020,0.322600436268,1.34794631358,0.648390676575,0.305628857936,4.93447393313,1.51962081166,0.536532783064,0.246714019397,5.52146091786,1.44189664409,000852.SH,000852.SH:DEV_R1_A:298965:311456,2020-02-19T09:35:00+08:00,2020-05-07T09:46:00+08:00
R1_A,2020-02-19,299004,2020-05-07,311487,LONG,1,20,2020,0.499276993531,1.29841982593,0.648390676575,0.305628857936,5.18178355029,1.21089661707,0.536532783064,0.246714019397,5.63835466933,1.15685494081,000852.SH,000852.SH:DEV_R1_A:299004:311487,2020-02-19T10:14:00+08:00,2020-05-07T10:17:00+08:00
R1_A,2020-02-19,299057,2020-10-16,337463,LONG,1,22,2020,0.459701588935,1.67970290577,0.648390676575,0.305628857936,5.44241771052,0.828942609524,0.705868016218,0.223021093604,6.29710931993,0.839775658961,000852.SH,000852.SH:DEV_R1_A:299057:337463,2020-02-19T11:07:00+08:00,2020-10-16T11:13:00+08:00
R1_A,2020-02-19,299165,2020-07-22,324101,LONG,1,28,2020,1.09090486854,0.586788999619,0.382690947241,0.106028634311,3.09104245336,1.1140386012,0.388743973436,0.125665192728,2.77258872224,0.989936569803,000852.SH,000852.SH:DEV_R1_A:299165:324101,2020-02-19T14:25:00+08:00,2020-07-22T14:01:00+08:00
R1_A,2020-02-21,299620,2020-09-07,332029,LONG,1,28,2020,0.924667106429,1.7542567676,0.525281597042,0.215874536593,2.8903717579,1.2931094794,0.47475176372,0.20065968018,4.85203026392,1.22313834449,000852.SH,000852.SH:DEV_R1_A:299620:332029,2020-02-21T14:00:00+08:00,2020-09-07T14:09:00+08:00
R1_A,2020-02-24,299692,2020-05-18,313130,LONG,1,19,2020,0.507118241005,0.188844295387,0.017324515074,0.00827457607365,1.09861228867,1.61886368304,0.0144169811797,0.0024066759097,1.09861228867,1.56786906907,000852.SH,000852.SH:DEV_R1_A:299692:313130,2020-02-24T09:42:00+08:00,2020-05-18T09:40:00+08:00
R1_A,2020-02-24,299739,2020-04-23,309817,LONG,1,20,2020,0.761916778476,0.776248624362,0.233643035385,0.135767601372,1.79175946923,1.20793026766,0.342575416454,0.127390453245,1.79175946923,1.06157312796,000852.SH,000852.SH:DEV_R1_A:299739:309817,2020-02-24T10:29:00+08:00,2020-04-23T10:27:00+08:00
R1_A,2020-02-24,299852,2020-10-27,339192,LONG,1,27,2020,0.463361573618,0.488203704113,0.0335983378454,0.0207596772731,4.52178857705,0.831507520775,0.0847157035213,0.0374036784971,4.45434729625,0.749342506724,000852.SH,000852.SH:DEV_R1_A:299852:339192,2020-02-24T13:52:00+08:00,2020-10-27T13:32:00+08:00
R1_A,2020-02-24,299918,2020-12-15,347650,LONG,1,29,2020,0.505552743062,1.2887947773,0.40561857204,0.203947514981,2.63905732962,0.661029921326,0.502931176266,0.141610879764,2.94443897917,0.736773952789,000852.SH,000852.SH:DEV_R1_A:299918:347650,2020-02-24T14:58:00+08:00,2020-12-15T14:30:00+08:00
R1_A,2020-02-25,299923,2020-06-16,318186,LONG,1,19,2020,1.73407467268,1.32595913401,0.40561857204,0.203947514981,2.94443897917,2.5770562907,0.466640925139,0.144968542991,3.21887582487,2.35170771097,000852.SH,000852.SH:DEV_R1_A:299923:318186,2020-02-25T09:33:00+08:00,2020-06-16T09:56:00+08:00
R1_A,2020-02-25,300072,2020-03-16,303459,SHORT,-1,27,2020,2.61336696441,2.38624306324,0.566069846388,0.420287292818,3.82864139649,0.472540663944,0.610271434923,0.402216589633,2.30258509299,1.10722353728,000852.SH,000852.SH:DEV_R1_A:300072:303459,2020-02-25T13:32:00+08:00,2020-03-16T13:59:00+08:00
R1_A,2020-02-25,300114,2020-03-16,303461,SHORT,-1,28,2020,1.05904701127,2.95325408014,0.566069846388,0.420287292818,4.47733681448,0.369639008741,0.610271434923,0.402216589633,2.48490664979,1.14060160324,000852.SH,000852.SH:DEV_R1_A:300114:303461,2020-02-25T14:14:00+08:00,2020-03-16T14:01:00+08:00
R1_A,2020-02-26,300164,2020-02-27,300423,LONG,1,19,2020,1.19257422607,0.61692118088,0.0907768743489,0.0597005064964,1.09861228867,1.88733441672,0.0345417695321,0.03043200681,1.09861228867,1.9153240261,000852.SH,000852.SH:DEV_R1_A:300164:300423,2020-02-26T09:34:00+08:00,2020-02-27T09:53:00+08:00
R1_A,2020-02-28,300666,2020-02-28,300665,SHORT,-1,19,2020,0.960265431413,0.0446393379036,0.262224534812,0.133594870497,2.99573227355,2.67451857135,0.262224534812,0.133594870497,2.94443897917,2.67618501883,000852.SH,000852.SH:DEV_R1_A:300666:300665,2020-02-28T09:56:00+08:00,2020-02-28T09:55:00+08:00
R1_A,2020-02-28,300718,2020-11-13,342246,SHORT,-1,21,2020,0.658602004914,0.746649939028,0.243415474651,0.116312187055,2.48490664979,0.517736795997,0.232694653078,0.0808024519365,2.56494935746,0.643319883362,000852.SH,000852.SH:DEV_R1_A:300718:342246,2020-02-28T10:48:00+08:00,2020-11-13T10:56:00+08:00
R1_A,2020-02-28,300803,2020-07-15,322878,SHORT,-1,27,2020,1.08911248415,0.897209125755,0.376637903109,0.247883579375,3.40119738166,0.354959500811,0.442247809433,0.243861552115,3.7135720667,0.605353177426,000852.SH,000852.SH:DEV_R1_A:300803:322878,2020-02-28T13:43:00+08:00,2020-07-15T13:38:00+08:00
R1_A,2020-03-02,300888,2020-06-30,320088,SHORT,-1,19,2020,1.5471805821,0.631350863935,0.0651801984883,0.0355064955766,1.94591014906,2.24318416014,0.0494926758528,0.00721185262633,1.94591014906,2.12277765864,000852.SH,000852.SH:DEV_R1_A:300888:320088,2020-03-02T09:38:00+08:00,2020-06-30T09:38:00+08:00
R1_A,2020-03-02,301067,2020-09-07,332020,LONG,1,28,2020,0.288022242417,1.39023575242,0.339957775824,0.22467116957,5.09375020081,0.277268075608,0.47475176372,0.20065968018,4.77912349311,0.618603900942,000852.SH,000852.SH:DEV_R1_A:301067:332020,2020-03-02T14:07:00+08:00,2020-09-07T14:00:00+08:00
R1_A,2020-03-03,301279,2020-10-14,337043,LONG,1,27,2020,1.33820618761,1.41193418488,0.717916102073,0.289020929408,3.93182563272,0.526207390383,0.705868016218,0.223021093604,4.81218435537,0.5779919269,000852.SH,000852.SH:DEV_R1_A:301279:337043,2020-03-03T13:39:00+08:00,2020-10-14T13:43:00+08:00
R1_A,2020-03-05,301626,2020-03-05,301625,LONG,1,19,2020,0.571772380561,0.192923338247,0.256795817167,0.129005427504,1.60943791243,2.39797520528,0.256795817167,0.129005427504,1.38629436112,2.3976104028,000852.SH,000852.SH:DEV_R1_A:301626:301625,2020-03-05T09:56:00+08:00,2020-03-05T09:55:00+08:00
R1_A,2020-03-05,301793,2020-09-07,332020,LONG,1,28,2020,0.422640928501,0.938922758228,0.504757583998,0.202194614711,4.11087386417,0.383812060087,0.47475176372,0.20065968018,4.77912349311,0.618603900942,000852.SH,000852.SH:DEV_R1_A:301793:332020,2020-03-05T14:13:00+08:00,2020-09-07T14:00:00+08:00
R1_A,2020-03-06,301844,2020-10-29,339524,LONG,1,19,2020,1.00817198547,0.889273040516,0.00781901908439,0.00221737894438,1.09861228867,2.39769183035,0.0714359502975,0.0290891186608,1.09861228867,2.61207151829,000852.SH,000852.SH:DEV_R1_A:301844:339524,2020-03-06T09:34:00+08:00,2020-10-29T09:34:00+08:00
R1_A,2020-03-06,301879,2020-07-31,325649,SHORT,-1,20,2020,0.927593436158,0.342524002999,0.11051849125,0.0484170834534,3.4657359028,0.87339932585,0.144382905286,0.0438103270546,3.73766961828,0.917985155709,000852.SH,000852.SH:DEV_R1_A:301879:325649,2020-03-06T10:09:00+08:00,2020-07-31T10:19:00+08:00
R1_A,2020-03-09,302091,2020-02-28,300652,SHORT,-1,19,2020,0.567702591987,1.03983486356,0.324971377233,0.181357404904,1.79175946923,2.50476633552,0.262224534812,0.133594870497,1.79175946923,2.66135206092,000852.SH,000852.SH:DEV_R1_A:302091:300652,2020-03-09T09:41:00+08:00,2020-02-28T09:42:00+08:00
R1_A,2020-03-09,302127,2020-07-15,322779,SHORT,-1,20,2020,0.690617705414,0.928527894515,0.268253425721,0.247839224229,2.94443897917,0.721203652752,0.279417644047,0.205768975143,2.56494935746,0.862623635287,000852.SH,000852.SH:DEV_R1_A:302127:322779,2020-03-09T10:17:00+08:00,2020-07-15T10:29:00+08:00
R1_A,2020-03-09,302204,2020-08-24,329562,SHORT,-1,26,2020,0.405387230731,0.699076427069,0.123809457659,0.0686361617059,3.93182563272,0.396778119406,0.089033167255,0.0652184091015,4.47733681448,0.551115263365,000852.SH,000852.SH:DEV_R1_A:302204:329562,2020-03-09T13:04:00+08:00,2020-08-24T13:02:00+08:00
R1_A,2020-03-09,302277,2020-03-04,301567,SHORT,-1,28,2020,0.901350100283,0.776990660235,0.363643989527,0.157856377278,3.58351893846,0.423724228013,0.32952422064,0.147782002535,3.63758615973,0.661622543364,000852.SH,000852.SH:DEV_R1_A:302277:301567,2020-03-09T14:17:00+08:00,2020-03-04T14:27:00+08:00
R1_A,2020-03-10,302326,2020-11-11,341682,SHORT,-1,19,2020,0.300354170532,0.986360015825,0.292783086113,0.142503153721,3.7135720667,1.31707695963,0.291263208331,0.115065057219,4.26267987704,1.54956812178,000852.SH,000852.SH:DEV_R1_A:302326:341682,2020-03-10T09:36:00+08:00,2020-11-11T09:32:00+08:00
R1_A,2020-03-10,302348,2020-09-08,332101,SHORT,-1,19,2020,1.48974240744,2.95804618785,0.539559470981,0.333435854062,2.7080502011,2.32451183026,0.613093676942,0.209847288046,2.56494935746,1.6965330083,000852.SH,000852.SH:DEV_R1_A:302348:332101,2020-03-10T09:58:00+08:00,2020-09-08T09:51:00+08:00
R1_A,2020-03-10,302508,2020-12-15,347641,LONG,1,28,2020,0.58554878918,1.76149772818,0.381177035693,0.227560232304,2.77258872224,0.517107708355,0.502931176266,0.141610879764,2.30258509299,0.628490278977,000852.SH,000852.SH:DEV_R1_A:302508:347641,2020-03-10T14:08:00+08:00,2020-12-15T14:21:00+08:00
R1_A,2020-03-11,302579,2020-05-07,311449,LONG,1,19,2020,0.352972401,4.5312910019,0.705600850456,0.482712354216,3.89182029811,1.18982841236,0.536532783064,0.246714019397,5.49306144334,1.17331797387,000852.SH,000852.SH:DEV_R1_A:302579:311449,2020-03-11T09:49:00+08:00,2020-05-07T09:39:00+08:00
R1_A,2020-03-11,302612,2020-05-07,311492,LONG,1,20,2020,0.376047206085,4.49903553472,0.705600850456,0.482712354216,4.40671924726,0.776628356445,0.536532783064,0.246714019397,5.65599181082,0.998110681103,000852.SH,000852.SH:DEV_R1_A:302612:311492,2020-03-11T10:22:00+08:00,2020-05-07T10:22:00+08:00
R1_A,2020-03-11,302662,2020-09-07,331940,LONG,1,22,2020,0.659575092289,1.23387567894,0.445691714592,0.170982490887,2.7080502011,0.671609831666,0.47475176372,0.20065968018,3.66356164613,0.909740300604,000852.SH,000852.SH:DEV_R1_A:302662:331940,2020-03-11T11:12:00+08:00,2020-09-07T11:10:00+08:00
R1_A,2020-03-12,302820,2020-09-04,331629,SHORT,-1,19,2020,0.784331003736,0.535250008402,0.336992447969,0.109822307893,2.3978952728,2.50980409224,0.408109337415,0.116574397623,2.3978952728,2.61822673242,000852.SH,000852.SH:DEV_R1_A:302820:331629,2020-03-12T09:50:00+08:00,2020-09-04T09:59:00+08:00
R1_A,2020-03-12,302881,2020-11-13,342248,SHORT,-1,21,2020,1.02564225879,0.557915536269,0.135898814936,0.0749390288966,2.7080502011,0.658194391592,0.232694653078,0.0808024519365,2.7080502011,0.646918965502,000852.SH,000852.SH:DEV_R1_A:302881:342248,2020-03-12T10:51:00+08:00,2020-11-13T10:58:00+08:00
R1_A,2020-03-12,302983,2020-12-28,349800,SHORT,-1,28,2020,0.509922729078,0.704015178208,0.0998815222309,0.0503842407187,2.07944154168,0.485023893724,0.110861205322,0.0342479551956,2.30258509299,0.683888586724,000852.SH,000852.SH:DEV_R1_A:302983:349800,2020-03-12T14:03:00+08:00,2020-12-28T14:20:00+08:00
R1_A,2020-03-12,303035,2020-03-04,301570,SHORT,-1,29,2020,0.945901491065,0.858351227133,0.247845573789,0.146826244924,2.8903717579,0.634773306194,0.32952422064,0.147782002535,3.7135720667,0.677234025441,000852.SH,000852.SH:DEV_R1_A:303035:301570,2020-03-12T14:55:00+08:00,2020-03-04T14:30:00+08:00
R1_A,2020-03-13,303074,2020-03-30,305739,SHORT,-1,20,2020,1.26275359699,4.80790160696,0.616028714218,0.594251320477,3.13549421593,0.418671988275,0.674133005738,0.354121170525,0.69314718056,0.57279168082,000852.SH,000852.SH:DEV_R1_A:303074:305739,2020-03-13T10:04:00+08:00,2020-03-30T10:29:00+08:00
R1_A,2020-03-16,303492,2020-03-16,303491,SHORT,-1,29,2020,0.737903709691,0.157373796372,0.387872699028,0.308047790803,2.83321334406,0.999665479245,0.387872699028,0.308047790803,2.77258872224,1.04805991365,000852.SH,000852.SH:DEV_R1_A:303492:303491,2020-03-16T14:32:00+08:00,2020-03-16T14:31:00+08:00
R1_A,2020-03-17,303521,2020-03-05,301601,SHORT,-1,19,2020,0.483152852449,1.60087925822,0.256417830062,0.178335769009,3.295836866,0.743021409898,0.32952422064,0.147782002535,4.27666611902,0.360402370954,000852.SH,000852.SH:DEV_R1_A:303521:301601,2020-03-17T09:31:00+08:00,2020-03-05T09:31:00+08:00
R1_A,2020-03-17,303523,2020-09-08,332103,SHORT,-1,19,2020,1.22155162881,1.50248978223,0.310740795809,0.256626625633,0.69314718056,2.16314991353,0.297773504123,0.214131883909,0.69314718056,1.74066252606,000852.SH,000852.SH:DEV_R1_A:303523:332103,2020-03-17T09:33:00+08:00,2020-09-08T09:53:00+08:00
R1_A,2020-03-17,303538,2020-09-08,332107,SHORT,-1,19,2020,1.12761521759,2.10146486123,0.287303804704,0.251716762355,1.60943791243,2.39971227347,0.297773504123,0.214131883909,1.79175946923,1.75245345813,000852.SH,000852.SH:DEV_R1_A:303538:332107,2020-03-17T09:48:00+08:00,2020-09-08T09:57:00+08:00
R1_A,2020-03-17,303602,2020-02-27,300475,SHORT,-1,21,2020,2.43300759726,0.679067370563,0.393004575994,0.266102639936,3.40119738166,0.800578566953,0.389103351875,0.3029492892,3.295836866,0.753480576789,000852.SH,000852.SH:DEV_R1_A:303602:300475,2020-03-17T10:52:00+08:00,2020-02-27T10:45:00+08:00
R1_A,2020-03-17,303625,2020-02-27,300497,SHORT,-1,22,2020,0.699139098926,0.692913777921,0.393004575994,0.266102639936,3.97029191355,0.627339877159,0.389103351875,0.3029492892,3.89182029811,0.559282864764,000852.SH,000852.SH:DEV_R1_A:303625:300497,2020-03-17T11:15:00+08:00,2020-02-27T11:07:00+08:00
R1_A,2020-03-17,303685,2020-06-08,316896,LONG,1,27,2020,1.18400793834,0.354999951946,0.142355235968,0.081474237516,3.4657359028,0.431188098649,0.163076680569,0.0677290836653,3.52636052462,0.503765042251,000852.SH,000852.SH:DEV_R1_A:303685:316896,2020-03-17T13:45:00+08:00,2020-06-08T13:56:00+08:00
R1_A,2020-03-18,303825,2020-02-14,298321,LONG,1,21,2020,0.637768520296,0.413397347354,0.178208330372,0.0786252758907,2.8903717579,0.705733437963,0.131238450836,0.061262324092,2.8903717579,0.68350529592,000852.SH,000852.SH:DEV_R1_A:303825:298321,2020-03-18T10:35:00+08:00,2020-02-14T10:51:00+08:00
R1_A,2020-03-18,303978,2020-04-21,309490,SHORT,-1,29,2020,0.509501414225,1.66183230616,0.377969350779,0.184324089252,1.79175946923,0.866835613899,0.361941364402,0.114847412226,2.94443897917,0.711708512531,000852.SH,000852.SH:DEV_R1_A:303978:309490,2020-03-18T14:38:00+08:00,2020-04-21T14:30:00+08:00
R1_A,2020-03-19,304011,2020-09-08,332107,SHORT,-1,19,2020,0.892811170419,1.45498051028,0.44341094697,0.279254960184,1.79175946923,1.85131737917,0.297773504123,0.214131883909,1.79175946923,1.75245345813,000852.SH,000852.SH:DEV_R1_A:304011:332107,2020-03-19T09:41:00+08:00,2020-09-08T09:57:00+08:00
R1_A,2020-03-19,304031,2020-08-24,329470,SHORT,-1,20,2020,0.729751529938,1.20444211214,0.104562635917,0.0818007563591,2.30258509299,2.11414731921,0.193649018015,0.0690554394347,3.09104245336,1.84501600571,000852.SH,000852.SH:DEV_R1_A:304031:329470,2020-03-19T10:01:00+08:00,2020-08-24T10:00:00+08:00
R1_A,2020-03-19,304077,2020-01-10,293769,LONG,1,21,2020,0.474552590215,0.843276057727,0.0129837927746,0.00774393391843,2.77258872224,0.845274584993,0.10915235682,0.0385282004802,2.3978952728,0.877402910397,000852.SH,000852.SH:DEV_R1_A:304077:293769,2020-03-19T10:47:00+08:00,2020-01-10T10:59:00+08:00
R1_A,2020-03-19,304119,2020-08-20,329050,SHORT,-1,22,2020,1.10917072983,1.09323992552,0.449430409924,0.237941715658,2.99573227355,0.937339664312,0.406262630073,0.205538378814,3.49650756147,0.681678241575,000852.SH,000852.SH:DEV_R1_A:304119:329050,2020-03-19T11:29:00+08:00,2020-08-20T11:00:00+08:00
R1_A,2020-03-19,304188,2020-02-27,300598,LONG,1,28,2020,0.384204039016,1.49747230373,0.256271858562,0.183706676791,3.76120011569,0.58614394406,0.173831207344,0.104601549794,3.63758615973,0.637935461432,000852.SH,000852.SH:DEV_R1_A:304188:300598,2020-03-19T14:08:00+08:00,2020-02-27T14:18:00+08:00
R1_A,2020-03-19,304236,2020-08-31,330869,LONG,1,29,2020,0.674037549816,2.26807645845,0.504444316446,0.279041196866,3.295836866,0.450704772373,0.711555504769,0.170390636875,3.4657359028,0.462072554603,000852.SH,000852.SH:DEV_R1_A:304236:330869,2020-03-19T14:56:00+08:00,2020-08-31T14:49:00+08:00
R1_A,2020-03-20,304255,2020-12-21,348422,LONG,1,19,2020,0.633215056743,1.50015416276,0.314565123411,0.220340522134,1.38629436112,1.77059948811,0.467183451841,0.156841977849,1.79175946923,1.66621883825,000852.SH,000852.SH:DEV_R1_A:304255:348422,2020-03-20T09:45:00+08:00,2020-12-21T09:52:00+08:00
R1_A,2020-03-20,304368,2020-12-30,350203,SHORT,-1,26,2020,0.481793298139,0.444098633008,0.0630231164609,0.0419654903075,4.2341065046,0.68397729899,0.0532583070879,0.0173284897073,4.26267987704,0.692350675657,000852.SH,000852.SH:DEV_R1_A:304368:350203,2020-03-20T13:08:00+08:00,2020-12-30T13:03:00+08:00
R1_A,2020-03-20,304407,2020-03-04,301539,SHORT,-1,27,2020,0.590287799125,0.875950249272,0.424554779015,0.138920880506,2.19722457734,0.628962444475,0.32952422064,0.147782002535,2.30258509299,0.846690625135,000852.SH,000852.SH:DEV_R1_A:304407:301539,2020-03-20T13:47:00+08:00,2020-03-04T13:59:00+08:00
R1_A,2020-03-23,304492,2020-02-28,300653,SHORT,-1,19,2020,0.620168253499,0.265305166113,0.248112722161,0.145671355936,1.94591014906,2.61659821865,0.262224534812,0.133594870497,1.94591014906,2.65995966575,000852.SH,000852.SH:DEV_R1_A:304492:300653,2020-03-23T09:42:00+08:00,2020-02-28T09:43:00+08:00
R1_A,2020-03-23,304589,2020-09-04,331690,SHORT,-1,22,2020,1.03151686683,0.691515960879,0.32421894421,0.129682663658,3.76120011569,0.375073885056,0.408109337415,0.116574397623,4.27666611902,0.369572246382,000852.SH,000852.SH:DEV_R1_A:304589:331690,2020-03-23T11:19:00+08:00,2020-09-04T11:00:00+08:00
R1_A,2020-03-23,304608,2020-01-22,295727,SHORT,-1,26,2020,0.617784190788,0.799555329792,0.32421894421,0.129682663658,4.12713438505,0.387016990129,0.289760145521,0.086422613531,4.21950770518,0.391901617204,000852.SH,000852.SH:DEV_R1_A:304608:295727,2020-03-23T13:08:00+08:00,2020-01-22T13:07:00+08:00
R1_A,2020-03-23,304671,2020-04-29,310906,LONG,1,28,2020,1.18564511942,0.473994525942,0.0425169777154,0.0169624109679,3.98898404656,0.361784939991,0.00847729768048,0.00326301996351,3.58351893846,0.385181114826,000852.SH,000852.SH:DEV_R1_A:304671:310906,2020-03-23T14:11:00+08:00,2020-04-29T14:06:00+08:00
R1_A,2020-03-24,304726,2020-04-22,309525,SHORT,-1,19,2020,1.58543576294,1.10849990644,0.253592633427,0.112884489116,1.60943791243,2.30980761351,0.177424025119,0.057523235368,1.38629436112,2.36837324845,000852.SH,000852.SH:DEV_R1_A:304726:309525,2020-03-24T09:36:00+08:00,2020-04-22T09:35:00+08:00
R1_A,2020-03-24,304940,2020-03-16,303491,SHORT,-1,29,2020,1.93661229985,2.15454910896,0.572600402936,0.32280431433,3.91202300543,0.531069449488,0.387872699028,0.308047790803,2.77258872224,1.04805991365,000852.SH,000852.SH:DEV_R1_A:304940:303491,2020-03-24T14:40:00+08:00,2020-03-16T14:31:00+08:00
R1_A,2020-03-25,305058,2020-04-29,310812,LONG,1,22,2020,0.446001054939,1.54347814254,0.347809010724,0.208070064829,2.83321334406,0.318964625256,0.467765761139,0.209702918121,4.43081679884,0.357940284194,000852.SH,000852.SH:DEV_R1_A:305058:310812,2020-03-25T11:08:00+08:00,2020-04-29T11:02:00+08:00
R1_A,2020-03-26,305206,2020-04-30,310966,LONG,1,19,2020,0.878977494016,0.406489245359,0.128986203927,0.0326091991292,1.60943791243,2.26294071108,0.151163275255,0.0520117762512,1.60943791243,2.20656159251,000852.SH,000852.SH:DEV_R1_A:305206:310966,2020-03-26T09:36:00+08:00,2020-04-30T09:36:00+08:00
R1_A,2020-03-26,305285,2020-06-30,320147,SHORT,-1,21,2020,0.668084521745,0.331229897972,0.0550792989772,0.0251922191121,4.18965474203,0.56149587999,0.0494926758528,0.00721185262633,4.18965474203,0.536300784992,000852.SH,000852.SH:DEV_R1_A:305285:320147,2020-03-26T10:55:00+08:00,2020-06-30T10:37:00+08:00
R1_A,2020-03-26,305336,2020-09-02,331263,LONG,1,26,2020,0.651360984773,0.497265396125,0.0954639773267,0.0345236401574,3.13549421593,0.536914065575,0.153577054229,0.0393830725778,3.4657359028,0.610148864002,000852.SH,000852.SH:DEV_R1_A:305336:331263,2020-03-26T13:16:00+08:00,2020-09-02T13:23:00+08:00
R1_A,2020-03-30,305757,2020-03-30,305756,SHORT,-1,21,2020,0.573915563687,0.0700270202605,0.674133005738,0.354121170525,2.99573227355,0.436520002714,0.674133005738,0.354121170525,2.94443897917,0.454195091308,000852.SH,000852.SH:DEV_R1_A:305757:305756,2020-03-30T10:47:00+08:00,2020-03-30T10:46:00+08:00
R1_A,2020-03-31,305922,2020-12-22,348663,LONG,1,19,2020,0.876870267293,1.05296453284,0.218253548109,0.106035983749,0,1.60248211989,0.357200104971,0.0906440641365,0,1.81309150541,000852.SH,000852.SH:DEV_R1_A:305922:348663,2020-03-31T09:32:00+08:00,2020-12-22T09:53:00+08:00
R1_A,2020-03-31,305979,2020-04-30,311015,LONG,1,20,2020,0.448932328738,1.03724500597,0.218253548109,0.106035983749,4.06044301055,0.739076163338,0.151163275255,0.0520117762512,3.98898404656,0.748069119849,000852.SH,000852.SH:DEV_R1_A:305979:311015,2020-03-31T10:29:00+08:00,2020-04-30T10:25:00+08:00
R1_A,2020-03-31,306069,2020-03-27,305583,LONG,1,26,2020,0.830265022208,0.405131869208,0.0902319352427,0.0285627731856,3.25809653802,0.731983322167,0.0527072092945,0.0159011944916,3.43398720449,0.662724943844,000852.SH,000852.SH:DEV_R1_A:306069:305583,2020-03-31T13:29:00+08:00,2020-03-27T13:23:00+08:00
R1_A,2020-04-01,306212,2020-02-14,298294,SHORT,-1,20,2020,0.956621782681,0.329326883903,0.187145673179,0.0802552350139,3.73766961828,0.945241884935,0.166134779894,0.0760205769983,4.07753744391,0.92952240111,000852.SH,000852.SH:DEV_R1_A:306212:298294,2020-04-01T10:22:00+08:00,2020-02-14T10:24:00+08:00
R1_A,2020-04-02,306527,2020-04-02,306526,SHORT,-1,26,2020,1.05706372982,0.0548120378974,0.142625327966,0.0432399426308,4.48863636973,0.617205828933,0.142625327966,0.0432399426308,4.47733681448,0.634795567365,000852.SH,000852.SH:DEV_R1_A:306527:306526,2020-04-02T13:07:00+08:00,2020-04-02T13:06:00+08:00
R1_A,2020-04-03,306803,2020-04-03,306800,LONG,1,27,2020,0.695195362244,0.35049427166,0.21179836191,0.065827837896,4.02535169074,0.738821107542,0.21179836191,0.065827837896,3.97029191355,0.852069301389,000852.SH,000852.SH:DEV_R1_A:306803:306800,2020-04-03T13:43:00+08:00,2020-04-03T13:40:00+08:00
R1_A,2020-04-07,307018,2020-06-16,318309,LONG,1,26,2020,0.254905234085,0.586717784284,0.437150229427,0.117396009883,5.08759633523,0.291741684094,0.466640925139,0.144968542991,4.99721227376,0.377250601109,000852.SH,000852.SH:DEV_R1_A:307018:318309,2020-04-07T13:18:00+08:00,2020-06-16T13:29:00+08:00
R1_A,2020-04-08,307127,2020-05-15,312906,LONG,1,19,2020,0.429271831277,0.812423499935,0.437150229427,0.117396009883,5.60211882088,2.12700238498,0.311972242361,0.0966063380582,5.57972982599,2.17537029007,000852.SH,000852.SH:DEV_R1_A:307127:312906,2020-04-08T09:37:00+08:00,2020-05-15T09:56:00+08:00
R1_A,2020-04-08,307242,2020-09-21,334364,LONG,1,26,2020,0.341863361718,0.73549551826,0.437150229427,0.117396009883,5.95583736946,0.881105853652,0.34002689044,0.110048823639,5.49306144334,0.79954338521,000852.SH,000852.SH:DEV_R1_A:307242:334364,2020-04-08T13:02:00+08:00,2020-09-21T13:04:00+08:00
R1_A,2020-04-08,307285,2020-12-04,345932,LONG,1,27,2020,0.268766577766,0.773033979248,0.437150229427,0.117396009883,6.06145691893,0.706920898287,0.383989327567,0.0809921648413,5.72358510195,0.716358108565,000852.SH,000852.SH:DEV_R1_A:307285:345932,2020-04-08T13:45:00+08:00,2020-12-04T13:52:00+08:00
R1_A,2020-04-08,307357,2020-12-15,347659,LONG,1,29,2020,0.576207067274,0.285190728559,0.539869350938,0.136226338348,3.33220451018,0.679439522942,0.502931176266,0.141610879764,3.33220451018,0.734550578712,000852.SH,000852.SH:DEV_R1_A:307357:347659,2020-04-08T14:57:00+08:00,2020-12-15T14:39:00+08:00
R1_A,2020-04-09,307406,2020-10-14,336939,LONG,1,20,2020,0.264742497493,0.944555586512,0.702622917527,0.199066021326,3.80666248977,0.789550495342,0.705868016218,0.223021093604,2.94443897917,0.917446174807,000852.SH,000852.SH:DEV_R1_A:307406:336939,2020-04-09T10:16:00+08:00,2020-10-14T10:29:00+08:00
R1_A,2020-04-10,307642,2020-12-21,348448,LONG,1,20,2020,0.883376416902,0.392667081729,0.407856340093,0.148736479035,3.61091791264,1.69629106528,0.467183451841,0.156841977849,3.4657359028,1.67283021101,000852.SH,000852.SH:DEV_R1_A:307642:348448,2020-04-10T10:12:00+08:00,2020-12-21T10:18:00+08:00
R1_A,2020-04-10,307705,2020-12-21,348491,LONG,1,22,2020,0.960638281565,0.533306213128,0.407856340093,0.148736479035,4.60517018599,0.938638879322,0.467183451841,0.156841977849,4.31748811354,0.84118194917,000852.SH,000852.SH:DEV_R1_A:307705:348491,2020-04-10T11:15:00+08:00,2020-12-21T11:01:00+08:00
R1_A,2020-04-13,307945,2020-09-04,331691,SHORT,-1,22,2020,0.912983000441,0.337089278996,0.413004958596,0.133778309211,4.44265125649,0.358353722327,0.408109337415,0.116574397623,4.29045944115,0.370921617409,000852.SH,000852.SH:DEV_R1_A:307945:331691,2020-04-13T11:15:00+08:00,2020-09-04T11:01:00+08:00
R1_A,2020-04-20,309221,2020-04-20,309220,LONG,1,28,2020,3.87631303256,0.0145343736242,0.717170452566,0.378068087202,4.09434456222,0.0455134435794,0.717170452566,0.378068087202,4.07753744391,0.045620084925,000852.SH,000852.SH:DEV_R1_A:309221:309220,2020-04-20T14:01:00+08:00,2020-04-20T14:00:00+08:00
R1_A,2020-04-24,310216,2020-04-24,310215,SHORT,-1,29,2020,0.320572597204,0.0450652345138,0.0766899269769,0.0214249168585,5.43372200355,0.92236327503,0.0766899269769,0.0214249168585,5.42934562895,0.937008589656,000852.SH,000852.SH:DEV_R1_A:310216:310215,2020-04-24T14:36:00+08:00,2020-04-24T14:35:00+08:00
R1_A,2020-04-27,310425,2020-07-15,322902,SHORT,-1,28,2020,0.992558030212,1.63894559644,0.693781035089,0.236134798186,5.09986642782,0.672066525714,0.442247809433,0.243861552115,4.1743872699,0.644963128108,000852.SH,000852.SH:DEV_R1_A:310425:322902,2020-04-27T14:05:00+08:00,2020-07-15T14:02:00+08:00
R1_A,2020-04-28,310559,2020-02-27,300471,SHORT,-1,21,2020,2.32348852102,1.50032042349,0.595289723749,0.343750487816,3.82864139649,0.915168470801,0.389103351875,0.3029492892,3.13549421593,0.891186243083,000852.SH,000852.SH:DEV_R1_A:310559:300471,2020-04-28T10:49:00+08:00,2020-02-27T10:41:00+08:00
R1_A,2020-05-06,311204,2020-05-06,311203,LONG,1,19,2020,0.582942691779,0.373572634128,0.457820939936,0.158201887485,1.09861228867,2.07367895376,0.457820939936,0.158201887485,0.69314718056,2.03156737879,000852.SH,000852.SH:DEV_R1_A:311204:311203,2020-05-06T09:34:00+08:00,2020-05-06T09:33:00+08:00
R1_A,2020-05-07,311509,2020-05-07,311507,LONG,1,21,2020,0.338014740658,0.0144378683505,0.536532783064,0.246714019397,5.71373280551,1.03056763672,0.536532783064,0.246714019397,5.70711026475,1.03489020659,000852.SH,000852.SH:DEV_R1_A:311509:311507,2020-05-07T10:39:00+08:00,2020-05-07T10:37:00+08:00
R1_A,2020-05-07,311619,2020-09-07,331990,LONG,1,27,2020,0.598828818424,1.02844974224,0.602311940747,0.188404246784,3.68887945411,0.542520009401,0.47475176372,0.20065968018,4.48863636973,0.506245399492,000852.SH,000852.SH:DEV_R1_A:311619:331990,2020-05-07T13:59:00+08:00,2020-09-07T13:30:00+08:00
R1_A,2020-05-08,311772,2020-04-29,310810,LONG,1,22,2020,0.384755859099,0.892788699236,0.593640503595,0.181300483066,4.51085950652,0.528098559864,0.467765761139,0.209702918121,4.40671924726,0.474808814325,000852.SH,000852.SH:DEV_R1_A:311772:310810,2020-05-08T11:02:00+08:00,2020-04-29T11:00:00+08:00
R1_A,2020-05-11,312140,2020-05-11,312139,LONG,1,29,2020,1.06976558077,0.00920075132507,0.400353950733,0.0952471733807,4.60517018599,0.616605008538,0.400353950733,0.0952471733807,4.59511985013,0.61561829154,000852.SH,000852.SH:DEV_R1_A:312140:312139,2020-05-11T14:40:00+08:00,2020-05-11T14:39:00+08:00
R1_A,2020-05-13,312402,2020-11-11,341693,SHORT,-1,19,2020,1.11296632702,0.337132215253,0.29017782209,0.0970118706508,4.51085950652,1.86396627289,0.291263208331,0.115065057219,4.40671924726,1.87830023679,000852.SH,000852.SH:DEV_R1_A:312402:341693,2020-05-13T09:32:00+08:00,2020-11-11T09:43:00+08:00
R1_A,2020-05-14,312665,2020-05-14,312664,LONG,1,19,2020,0.57707541823,0.0416691407197,0.311972242361,0.0966063380582,3.17805383035,2.4498317388,0.311972242361,0.0966063380582,3.13549421593,2.44345394135,000852.SH,000852.SH:DEV_R1_A:312665:312664,2020-05-14T09:55:00+08:00,2020-05-14T09:54:00+08:00
R1_A,2020-05-18,313148,2020-05-18,313147,LONG,1,19,2020,1.00439452584,0.0690014703211,0.0144169811797,0.0024066759097,3.04452243772,2.02702618608,0.0144169811797,0.0024066759097,2.99573227355,2.00921718997,000852.SH,000852.SH:DEV_R1_A:313148:313147,2020-05-18T09:58:00+08:00,2020-05-18T09:57:00+08:00
R1_A,2020-05-19,313362,2020-02-27,300421,LONG,1,19,2020,0.879072785814,0.597572526043,0.0165651720622,0.00691443388073,0,2.03385604861,0.0345417695321,0.03043200681,0,1.89899452111,000852.SH,000852.SH:DEV_R1_A:313362:300421,2020-05-19T09:32:00+08:00,2020-02-27T09:51:00+08:00
R1_A,2020-05-20,313687,2020-05-20,313686,LONG,1,21,2020,0.423581817126,0.1010348609,0.0165651720622,0.00691443388073,5.78689738137,0.821299802658,0.0165651720622,0.00691443388073,5.78382518233,0.854239097884,000852.SH,000852.SH:DEV_R1_A:313687:313686,2020-05-20T10:57:00+08:00,2020-05-20T10:56:00+08:00
R1_A,2020-05-21,313908,2020-12-02,345354,LONG,1,21,2020,0.439941115532,0.450909991528,0.120990375239,0.0396238819053,5.33271879327,1.08913267256,0.0771728250466,0.0227236421725,5.59098698051,1.10127790056,000852.SH,000852.SH:DEV_R1_A:313908:345354,2020-05-21T10:38:00+08:00,2020-12-02T10:44:00+08:00
R1_A,2020-05-22,314249,2020-05-22,314248,SHORT,-1,27,2020,0.596509725415,0.141680443584,0.530119778533,0.119492007779,2.7080502011,1.2372150425,0.530119778533,0.119492007779,2.63905732962,1.27912702992,000852.SH,000852.SH:DEV_R1_A:314249:314248,2020-05-22T13:49:00+08:00,2020-05-22T13:48:00+08:00
R1_A,2020-05-25,314482,2020-08-20,329125,SHORT,-1,27,2020,0.467783919317,0.558234674321,0.316385170501,0.195578055584,4.54329478227,0.632274449325,0.406262630073,0.205538378814,4.68213122712,0.603518189142,000852.SH,000852.SH:DEV_R1_A:314482:329125,2020-05-25T13:42:00+08:00,2020-08-20T13:45:00+08:00
R1_A,2020-05-27,314886,2020-05-27,314885,LONG,1,21,2020,0.596841868913,0.0467550689206,0.557996669608,0.174505907033,2.94443897917,1.04122062319,0.557996669608,0.174505907033,2.8903717579,1.04089095419,000852.SH,000852.SH:DEV_R1_A:314886:314885,2020-05-27T10:56:00+08:00,2020-05-27T10:55:00+08:00
R1_A,2020-06-04,316264,2020-06-04,316263,LONG,1,19,2020,0.615573988061,0.0645609708861,0.455308533885,0.106523094985,3.98898404656,1.67207537533,0.455308533885,0.106523094985,3.97029191355,1.65169028257,000852.SH,000852.SH:DEV_R1_A:316264:316263,2020-06-04T09:54:00+08:00,2020-06-04T09:53:00+08:00
R1_A,2020-06-09,316972,2020-06-09,316970,LONG,1,19,2020,0.824608580869,0.11733878194,0.163076680569,0.0677290836653,4.70048036579,1.79997265288,0.163076680569,0.0677290836653,4.68213122712,1.76205609007,000852.SH,000852.SH:DEV_R1_A:316972:316970,2020-06-09T09:42:00+08:00,2020-06-09T09:40:00+08:00
R1_A,2020-06-11,317643,2020-06-11,317640,LONG,1,28,2020,1.25246575966,0.047285955501,0.288590674106,0.0516952028099,4.18965474203,1.18017201217,0.288590674106,0.0516952028099,4.14313472639,1.17206200565,000852.SH,000852.SH:DEV_R1_A:317643:317640,2020-06-11T14:23:00+08:00,2020-06-11T14:20:00+08:00
R1_A,2020-06-12,317738,2020-01-20,295179,SHORT,-1,20,2020,1.21700076236,1.25134671287,0.251458855442,0.0697207458027,3.97029191355,0.321567227628,0.204966118997,0.038050210227,3.95124371858,0.675507226729,000852.SH,000852.SH:DEV_R1_A:317738:295179,2020-06-12T10:28:00+08:00,2020-01-20T10:29:00+08:00
R1_A,2020-06-17,318499,2020-06-17,318498,LONG,1,22,2020,0.536875209074,0.0597533469359,0.298615717365,0.102989091939,3.09104245336,1.17025174042,0.298615717365,0.102989091939,3.04452243772,1.15583951148,000852.SH,000852.SH:DEV_R1_A:318499:318498,2020-06-17T11:09:00+08:00,2020-06-17T11:08:00+08:00
R1_A,2020-06-18,318746,2020-06-18,318744,LONG,1,22,2020,0.662437474484,0.0506120908037,0.0783773487198,0.0248407643312,3.58351893846,0.638609036043,0.0783773487198,0.0248407643312,3.52636052462,0.642175351151,000852.SH,000852.SH:DEV_R1_A:318746:318744,2020-06-18T11:16:00+08:00,2020-06-18T11:14:00+08:00
R1_A,2020-06-23,319414,2020-06-23,319413,LONG,1,20,2020,0.562583306413,0.179228760345,0.371841414705,0.0763502195663,3.33220451018,0.95010112966,0.371841414705,0.0763502195663,3.295836866,1.00764686352,000852.SH,000852.SH:DEV_R1_A:319414:319413,2020-06-23T10:24:00+08:00,2020-06-23T10:23:00+08:00
R1_A,2020-06-24,319797,2020-06-24,319796,LONG,1,28,2020,0.51493146437,0.0369263257217,0.0945310859248,0.0213140891164,3.89182029811,0.682884621317,0.0945310859248,0.0213140891164,3.87120101091,0.693431184005,000852.SH,000852.SH:DEV_R1_A:319797:319796,2020-06-24T14:17:00+08:00,2020-06-24T14:16:00+08:00
R1_A,2020-06-30,320304,2020-06-30,320303,LONG,1,29,2020,0.501039943834,0.137949069487,0.359923768862,0.0900033048949,3.17805383035,0.483489615462,0.359923768862,0.0900033048949,3.13549421593,0.5268492813,000852.SH,000852.SH:DEV_R1_A:320304:320303,2020-06-30T14:44:00+08:00,2020-06-30T14:43:00+08:00
R1_A,2020-07-01,320498,2020-08-25,329830,LONG,1,27,2020,1.01527646524,0.537149110395,0.240109646963,0.0974531677542,3.21887582487,1.19417118267,0.297451582335,0.0953998308283,3.66356164613,1.13368245624,000852.SH,000852.SH:DEV_R1_A:320498:329830,2020-07-01T13:58:00+08:00,2020-08-25T13:30:00+08:00
R1_A,2020-07-02,320564,2020-04-24,310020,SHORT,-1,19,2020,0.824813474446,0.558328620922,0.109564416412,0.0503124730006,3.61091791264,1.30644693798,0.0766899269769,0.0214249168585,3.49650756147,1.3218301991,000852.SH,000852.SH:DEV_R1_A:320564:310020,2020-07-02T09:34:00+08:00,2020-04-24T09:50:00+08:00
R1_A,2020-07-06,321202,2020-07-06,321201,LONG,1,27,2020,0.579369842127,0.0807602379789,0.670247054682,0.256616942658,2.56494935746,0.85947729074,0.670247054682,0.256616942658,2.48490664979,0.873055431381,000852.SH,000852.SH:DEV_R1_A:321202:321201,2020-07-06T13:42:00+08:00,2020-07-06T13:41:00+08:00
R1_A,2020-07-07,321299,2020-06-16,318167,LONG,1,19,2020,0.896313312479,1.64038008487,0.371083421365,0.219433587053,1.60943791243,2.5576224288,0.466640925139,0.144968542991,1.79175946923,2.3024582615,000852.SH,000852.SH:DEV_R1_A:321299:318167,2020-07-07T09:49:00+08:00,2020-06-16T09:37:00+08:00
R1_A,2020-07-07,321358,2020-11-05,340808,LONG,1,21,2020,0.450178953943,0.909319054655,0.168776224812,0.108576935432,4.00733318523,0.62318994879,0.097768386715,0.0691958658936,4.46590811865,0.664182432239,000852.SH,000852.SH:DEV_R1_A:321358:340808,2020-07-07T10:48:00+08:00,2020-11-05T10:58:00+08:00
R1_A,2020-07-07,321449,2020-04-16,308724,LONG,1,27,2020,0.284568881258,0.983896628067,0.168776224812,0.108576935432,4.98360662171,0.382543766604,0.222138762127,0.058771947713,4.83628190695,0.470389491819,000852.SH,000852.SH:DEV_R1_A:321449:308724,2020-07-07T13:49:00+08:00,2020-04-16T13:44:00+08:00
R1_A,2020-07-07,321496,2020-12-15,347656,LONG,1,29,2020,0.648493170473,1.92054829753,0.415653895358,0.244708113889,3.25809653802,0.646866035225,0.502931176266,0.141610879764,3.21887582487,0.730681986092,000852.SH,000852.SH:DEV_R1_A:321496:347656,2020-07-07T14:36:00+08:00,2020-12-15T14:36:00+08:00
R1_A,2020-07-09,321823,2020-07-09,321822,LONG,1,21,2020,0.592638439156,0.121084853636,0.370811301464,0.176538664911,2.19722457734,1.6467998437,0.370811301464,0.176538664911,2.07944154168,1.62543338806,000852.SH,000852.SH:DEV_R1_A:321823:321822,2020-07-09T10:33:00+08:00,2020-07-09T10:32:00+08:00
R1_A,2020-07-09,321948,2020-09-07,332027,LONG,1,28,2020,0.608138627773,2.03302630401,0.417412145923,0.253429167124,2.83321334406,0.913822290896,0.47475176372,0.20065968018,4.83628190695,1.03767082108,000852.SH,000852.SH:DEV_R1_A:321948:332027,2020-07-09T14:08:00+08:00,2020-09-07T14:07:00+08:00
R1_A,2020-07-10,322080,2020-09-07,331922,LONG,1,21,2020,1.31230742213,1.33540140899,0.293988702546,0.247225205872,3.04452243772,1.04506608089,0.47475176372,0.20065968018,3.04452243772,1.11864337362,000852.SH,000852.SH:DEV_R1_A:322080:331922,2020-07-10T10:50:00+08:00,2020-09-07T10:52:00+08:00
R1_A,2020-07-13,322259,2020-04-30,310978,LONG,1,19,2020,0.485065302345,0.521863782209,0.0942360643308,0.0425709168159,2.8903717579,2.09653642165,0.151163275255,0.0520117762512,2.83321334406,2.21773431304,000852.SH,000852.SH:DEV_R1_A:322259:310978,2020-07-13T09:49:00+08:00,2020-04-30T09:48:00+08:00
R1_A,2020-07-13,322429,2020-04-14,308263,LONG,1,28,2020,0.301647249917,0.345705675644,0.0942360643308,0.0425709168159,5.23644196283,0.460456372552,0.138100650934,0.0559113382221,5.20400668708,0.469280777285,000852.SH,000852.SH:DEV_R1_A:322429:308263,2020-07-13T14:09:00+08:00,2020-04-14T14:03:00+08:00
R1_A,2020-07-13,322457,2020-04-14,308303,LONG,1,29,2020,0.362298969244,0.344410046831,0.0942360643308,0.0425709168159,5.37527840768,0.583904928691,0.138100650934,0.0559113382221,5.40267738187,0.581311593849,000852.SH,000852.SH:DEV_R1_A:322457:308303,2020-07-13T14:37:00+08:00,2020-04-14T14:43:00+08:00
R1_A,2020-07-14,322509,2020-01-10,293697,LONG,1,19,2020,0.312840200827,0.377906844591,0.0942360643308,0.0425709168159,5.59098698051,2.00899921351,0.160241686597,0.0428742348035,5.54517744448,2.02399217006,000852.SH,000852.SH:DEV_R1_A:322509:293697,2020-07-14T09:59:00+08:00,2020-01-10T09:47:00+08:00
R1_A,2020-07-14,322531,2020-12-21,348430,LONG,1,20,2020,0.996534942649,0.960508147743,0.521893775614,0.201472544696,2.30258509299,1.63045998585,0.467183451841,0.156841977849,2.63905732962,1.73829484429,000852.SH,000852.SH:DEV_R1_A:322531:348430,2020-07-14T10:21:00+08:00,2020-12-21T10:00:00+08:00
R1_A,2020-07-15,322903,2020-07-15,322902,SHORT,-1,28,2020,2.01093042022,0.155138736672,0.442247809433,0.243861552115,4.18965474203,0.695375342772,0.442247809433,0.243861552115,4.1743872699,0.644963128108,000852.SH,000852.SH:DEV_R1_A:322903:322902,2020-07-15T14:03:00+08:00,2020-07-15T14:02:00+08:00
R1_A,2020-07-16,322985,2020-01-20,295139,SHORT,-1,19,2020,1.05728671354,0.717474693654,0.0835933455316,0.0472900599829,2.56494935746,1.95242639009,0.204966118997,0.038050210227,2.48490664979,1.9888947039,000852.SH,000852.SH:DEV_R1_A:322985:295139,2020-07-16T09:55:00+08:00,2020-01-20T09:49:00+08:00
R1_A,2020-07-16,323032,2020-12-29,349909,SHORT,-1,21,2020,0.58596243334,0.33939763874,0.199407769806,0.139816958871,2.19722457734,1.04488682322,0.180107425894,0.156865464632,2.30258509299,1.02817516829,000852.SH,000852.SH:DEV_R1_A:323032:349909,2020-07-16T10:42:00+08:00,2020-12-29T10:39:00+08:00
R1_A,2020-07-16,323135,2020-05-28,315202,SHORT,-1,27,2020,0.843408401896,1.27476504791,0.396577371926,0.207846488214,2.83321334406,1.13974077788,0.530251751017,0.167080142379,2.3978952728,0.93746443616,000852.SH,000852.SH:DEV_R1_A:323135:315202,2020-07-16T13:55:00+08:00,2020-05-28T13:42:00+08:00
R1_A,2020-07-16,323173,2020-03-16,303491,SHORT,-1,29,2020,0.308858111989,1.1861471104,0.420361887965,0.26450745265,3.58351893846,0.875733040746,0.387872699028,0.308047790803,2.77258872224,1.04805991365,000852.SH,000852.SH:DEV_R1_A:323173:303491,2020-07-16T14:33:00+08:00,2020-03-16T14:31:00+08:00
R1_A,2020-07-16,323192,2020-03-16,303490,SHORT,-1,29,2020,0.57667572732,0.700414886532,0.485426149464,0.3187980553,2.30258509299,1.14948388207,0.387872699028,0.308047790803,2.7080502011,1.09577710705,000852.SH,000852.SH:DEV_R1_A:323192:303490,2020-07-16T14:52:00+08:00,2020-03-16T14:30:00+08:00
R1_A,2020-07-17,323220,2020-02-27,300415,SHORT,-1,19,2020,1.27121413766,0.152977187298,0.3414541063,0.178018575851,2.3978952728,1.91948038693,0.339369465566,0.170348737982,2.3978952728,1.89744011306,000852.SH,000852.SH:DEV_R1_A:323220:300415,2020-07-17T09:50:00+08:00,2020-02-27T09:45:00+08:00
R1_A,2020-07-17,323308,2020-09-07,331948,LONG,1,22,2020,1.23513387912,1.46887115485,0.335293150051,0.250449702504,3.17805383035,0.637478871479,0.47475176372,0.20065968018,3.85014760171,0.84658594177,000852.SH,000852.SH:DEV_R1_A:323308:331948,2020-07-17T11:18:00+08:00,2020-09-07T11:18:00+08:00
R1_A,2020-07-17,323334,2020-10-28,339407,SHORT,-1,26,2020,0.751288222312,0.582213125638,0.116294594862,0.0696222641721,2.07944154168,0.858662087618,0.191251584031,0.0801412087044,2.30258509299,0.95496683942,000852.SH,000852.SH:DEV_R1_A:323334:339407,2020-07-17T13:14:00+08:00,2020-10-28T13:07:00+08:00
R1_A,2020-07-17,323373,2020-03-27,305597,SHORT,-1,27,2020,0.567174506611,0.965004155579,0.0651453409087,0.0436756560429,2.07944154168,0.705608179449,0.00334772318001,0.00112679397462,1.79175946923,0.570327680511,000852.SH,000852.SH:DEV_R1_A:323373:305597,2020-07-17T13:53:00+08:00,2020-03-27T13:37:00+08:00
R1_A,2020-07-17,323419,2020-12-28,349831,SHORT,-1,29,2020,0.825744419666,0.392677628213,0.0651453409087,0.0436756560429,3.98898404656,0.605666393668,0.110861205322,0.0342479551956,3.7135720667,0.622050659132,000852.SH,000852.SH:DEV_R1_A:323419:349831,2020-07-17T14:39:00+08:00,2020-12-28T14:51:00+08:00
R1_A,2020-07-20,323447,2020-01-15,294407,LONG,1,19,2020,0.299994088037,0.587500470282,0.32768855815,0.144989094249,1.79175946923,1.8103836294,0.423891485357,0.134366460521,1.79175946923,1.84869506751,000852.SH,000852.SH:DEV_R1_A:323447:294407,2020-07-20T09:37:00+08:00,2020-01-15T09:37:00+08:00
R1_A,2020-07-20,323643,2020-04-14,308264,LONG,1,28,2020,0.483399942631,1.08766913775,0.204458738716,0.112904449898,5.09986642782,0.435269594133,0.138100650934,0.0559113382221,5.20948615284,0.446131349446,000852.SH,000852.SH:DEV_R1_A:323643:308264,2020-07-20T14:23:00+08:00,2020-04-14T14:04:00+08:00
R1_A,2020-07-21,323789,2020-09-07,331938,LONG,1,22,2020,0.911186893024,0.641504659096,0.51309614469,0.167583711855,3.76120011569,1.03268778664,0.47475176372,0.20065968018,3.61091791264,1.03200702935,000852.SH,000852.SH:DEV_R1_A:323789:331938,2020-07-21T11:19:00+08:00,2020-09-07T11:08:00+08:00
R1_A,2020-07-22,324107,2020-07-22,324105,LONG,1,28,2020,0.501520334317,0.0867574069021,0.388743973436,0.125665192728,3.09104245336,0.907499825392,0.388743973436,0.125665192728,2.99573227355,0.916353117544,000852.SH,000852.SH:DEV_R1_A:324107:324105,2020-07-22T14:07:00+08:00,2020-07-22T14:05:00+08:00
R1_A,2020-07-23,324229,2020-12-28,349660,SHORT,-1,21,2020,0.490491987666,1.0870674938,0.259407936892,0.0871372109986,3.4657359028,1.37746832013,0.16622462192,0.0358064413367,3.73766961828,1.34203371407,000852.SH,000852.SH:DEV_R1_A:324229:349660,2020-07-23T10:39:00+08:00,2020-12-28T10:30:00+08:00
R1_A,2020-07-23,324315,2020-07-15,322898,SHORT,-1,27,2020,1.5449183285,0.504328915639,0.484985191181,0.222502597595,4.06044301055,0.537625667048,0.442247809433,0.243861552115,4.11087386417,0.609921387589,000852.SH,000852.SH:DEV_R1_A:324315:322898,2020-07-23T13:35:00+08:00,2020-07-15T13:58:00+08:00
R1_A,2020-07-24,324552,2020-06-15,318070,SHORT,-1,27,2020,0.647687976398,1.20905475266,0.133749791588,0.0467463798594,2.3978952728,1.37041732661,0.00277482931666,0.00111716907447,2.83321334406,1.26188071638,000852.SH,000852.SH:DEV_R1_A:324552:318070,2020-07-24T13:32:00+08:00,2020-06-15T13:30:00+08:00
R1_A,2020-07-24,324606,2020-03-16,303488,SHORT,-1,28,2020,0.634697714533,0.772818804899,0.433786447606,0.269089116376,2.48490664979,1.04092672143,0.387872699028,0.308047790803,2.56494935746,1.1083785442,000852.SH,000852.SH:DEV_R1_A:324606:303488,2020-07-24T14:26:00+08:00,2020-03-16T14:28:00+08:00
R1_A,2020-07-27,324672,2020-09-08,332110,SHORT,-1,20,2020,0.810308761737,1.15406494763,0.280193676259,0.186360386128,2.7080502011,1.45180714049,0.297773504123,0.214131883909,2.19722457734,1.75806487118,000852.SH,000852.SH:DEV_R1_A:324672:332110,2020-07-27T10:02:00+08:00,2020-09-08T10:00:00+08:00
R1_A,2020-07-27,324826,2020-03-04,301567,SHORT,-1,28,2020,0.888037821495,0.539552149251,0.305976929714,0.16722754336,3.61091791264,0.534178259834,0.32952422064,0.147782002535,3.63758615973,0.661622543364,000852.SH,000852.SH:DEV_R1_A:324826:301567,2020-07-27T14:06:00+08:00,2020-03-04T14:27:00+08:00
R1_A,2020-07-28,324926,2020-04-30,311006,LONG,1,20,2020,0.494388038436,0.333889951131,0.0942059502577,0.0493848796046,3.89182029811,0.965480644447,0.151163275255,0.0520117762512,3.80666248977,0.971033473283,000852.SH,000852.SH:DEV_R1_A:324926:311006,2020-07-28T10:16:00+08:00,2020-04-30T10:16:00+08:00
R1_A,2020-07-28,325066,2020-04-23,309964,LONG,1,28,2020,0.935372440462,0.644177698973,0.381477381273,0.133235128189,3.76120011569,0.656681828074,0.47841147879,0.126245600487,3.40119738166,0.673193714,000852.SH,000852.SH:DEV_R1_A:325066:309964,2020-07-28T14:06:00+08:00,2020-04-23T14:24:00+08:00
R1_A,2020-07-29,325260,2020-04-16,308709,LONG,1,26,2020,0.305252631659,0.679514993769,0.268319335173,0.0914513769547,4.97673374242,0.634202704664,0.222138762127,0.058771947713,4.70953020131,0.643824625556,000852.SH,000852.SH:DEV_R1_A:325260:308709,2020-07-29T13:20:00+08:00,2020-04-16T13:29:00+08:00
R1_A,2020-07-30,325404,2020-08-19,328752,LONG,1,20,2020,0.509762193036,0.627670064014,0.547918094001,0.175693906713,2.8903717579,1.38144086334,0.55444394541,0.152209473444,3.36729582999,1.45237990964,000852.SH,000852.SH:DEV_R1_A:325404:328752,2020-07-30T10:14:00+08:00,2020-08-19T10:02:00+08:00
R1_A,2020-07-31,325744,2020-07-31,325743,SHORT,-1,26,2020,0.921834199678,0.0299754069998,0.125924309478,0.0557149065624,3.61091791264,0.864482827354,0.125924309478,0.0557149065624,3.58351893846,0.870473418609,000852.SH,000852.SH:DEV_R1_A:325744:325743,2020-07-31T13:24:00+08:00,2020-07-31T13:23:00+08:00
R1_A,2020-08-04,326142,2020-08-04,326141,LONG,1,21,2020,0.622056669972,0.22528901536,0.467615796461,0.156535765469,2.3978952728,1.29068537861,0.467615796461,0.156535765469,2.30258509299,1.22230243497,000852.SH,000852.SH:DEV_R1_A:326142:326141,2020-08-04T10:32:00+08:00,2020-08-04T10:31:00+08:00
R1_A,2020-08-04,326194,2020-01-10,293774,LONG,1,22,2020,0.858269240353,0.837145075753,0.0162003104463,0.00880134115675,2.48490664979,1.09241731841,0.10915235682,0.0385282004802,2.77258872224,0.998891349941,000852.SH,000852.SH:DEV_R1_A:326194:293774,2020-08-04T11:24:00+08:00,2020-01-10T11:04:00+08:00
R1_A,2020-08-04,326280,2020-03-04,301557,SHORT,-1,28,2020,0.71210620771,0.485516765051,0.245736901547,0.145803258404,3.33220451018,0.643534728371,0.32952422064,0.147782002535,3.33220451018,0.676692956163,000852.SH,000852.SH:DEV_R1_A:326280:301557,2020-08-04T14:20:00+08:00,2020-03-04T14:17:00+08:00
R1_A,2020-08-05,326347,2020-11-11,341685,SHORT,-1,19,2020,0.460830467945,0.558522117426,0.201283923176,0.109955558243,4.06044301055,1.73328104065,0.291263208331,0.115065057219,4.3040650932,1.72412315328,000852.SH,000852.SH:DEV_R1_A:326347:341685,2020-08-05T09:57:00+08:00,2020-11-11T09:35:00+08:00
R1_A,2020-08-06,326654,2020-08-06,326653,LONG,1,22,2020,1.06477141887,0.156769611702,0.300486805546,0.0981413040546,3.58351893846,1.31360376544,0.300486805546,0.0981413040546,3.55534806149,1.36411055161,000852.SH,000852.SH:DEV_R1_A:326654:326653,2020-08-06T11:04:00+08:00,2020-08-06T11:03:00+08:00
R1_A,2020-08-06,326746,2020-12-18,348368,LONG,1,28,2020,0.366619731267,0.215480275619,0.0874267503583,0.0212591917247,4.46590811865,0.678800519649,0.0742885105209,0.0198831019727,4.2341065046,0.674722485668,000852.SH,000852.SH:DEV_R1_A:326746:348368,2020-08-06T14:06:00+08:00,2020-12-18T14:28:00+08:00
R1_A,2020-08-07,326804,2020-05-18,313130,LONG,1,19,2020,0.707630822768,0.252662950291,0.0484011306517,0.0112288628285,1.09861228867,1.5524749728,0.0144169811797,0.0024066759097,1.09861228867,1.56786906907,000852.SH,000852.SH:DEV_R1_A:326804:313130,2020-08-07T09:34:00+08:00,2020-05-18T09:40:00+08:00
R1_A,2020-08-07,326868,2020-12-28,349689,LONG,1,21,2020,1.25503486951,1.03958306405,0.0484011306517,0.0112288628285,4.20469261939,1.04612398165,0.137029082004,0.0402522555143,3.36729582999,1.1097677757,000852.SH,000852.SH:DEV_R1_A:326868:349689,2020-08-07T10:38:00+08:00,2020-12-28T10:59:00+08:00
R1_A,2020-08-07,326905,2020-12-30,350170,SHORT,-1,22,2020,0.679335740899,0.469517393408,0.0767669192118,0.0285174738251,3.17805383035,0.893101848484,0.0532583070879,0.0173284897073,3.63758615973,0.916556579797,000852.SH,000852.SH:DEV_R1_A:326905:350170,2020-08-07T11:15:00+08:00,2020-12-30T11:00:00+08:00
R1_A,2020-08-07,326948,2020-07-15,322854,SHORT,-1,26,2020,0.346102921656,1.69118631121,0.421914877384,0.181600245138,3.33220451018,1.38916878003,0.442247809433,0.243861552115,2.83321334406,0.999337142437,000852.SH,000852.SH:DEV_R1_A:326948:322854,2020-08-07T13:28:00+08:00,2020-07-15T13:14:00+08:00
R1_A,2020-08-07,327027,2020-03-04,301592,SHORT,-1,29,2020,1.60907250317,0.589649246899,0.357749183078,0.178724919862,4.27666611902,0.525750930475,0.32952422064,0.147782002535,4.14313472639,0.503574466307,000852.SH,000852.SH:DEV_R1_A:327027:301592,2020-08-07T14:47:00+08:00,2020-03-04T14:52:00+08:00
R1_A,2020-08-10,327067,2020-09-03,331371,LONG,1,19,2020,0.692432462959,0.756827220066,0.130609644208,0.0939397410929,2.30258509299,1.69504501727,0.200333680572,0.0651855743611,2.30258509299,1.56673031876,000852.SH,000852.SH:DEV_R1_A:327067:331371,2020-08-10T09:57:00+08:00,2020-09-03T09:41:00+08:00
R1_A,2020-08-10,327128,2020-11-05,340808,LONG,1,21,2020,0.753000494971,0.541242400461,0.130609644208,0.0939397410929,4.26267987704,0.723471234974,0.097768386715,0.0691958658936,4.46590811865,0.664182432239,000852.SH,000852.SH:DEV_R1_A:327128:340808,2020-08-10T10:58:00+08:00,2020-11-05T10:58:00+08:00
R1_A,2020-08-10,327253,2020-10-20,338052,SHORT,-1,29,2020,1.23455532128,0.099699523101,0.164487901844,0.0540128881078,4.45434729625,0.510037291384,0.174889943531,0.0525152850489,4.52178857705,0.494150910936,000852.SH,000852.SH:DEV_R1_A:327253:338052,2020-08-10T14:33:00+08:00,2020-10-20T14:32:00+08:00
R1_A,2020-08-12,327604,2020-08-12,327601,SHORT,-1,21,2020,0.693675551162,0.376463098424,0.558692344229,0.17397802599,2.3978952728,0.988500295994,0.558692344229,0.17397802599,2.07944154168,1.07223604078,000852.SH,000852.SH:DEV_R1_A:327604:327601,2020-08-12T10:54:00+08:00,2020-08-12T10:51:00+08:00
R1_A,2020-08-12,327699,2020-03-04,301539,SHORT,-1,27,2020,0.710017292566,0.959328409373,0.279668437792,0.177359271523,3.09104245336,0.744464666695,0.32952422064,0.147782002535,2.30258509299,0.846690625135,000852.SH,000852.SH:DEV_R1_A:327699:301539,2020-08-12T13:59:00+08:00,2020-03-04T13:59:00+08:00
R1_A,2020-08-13,327799,2020-12-22,348672,LONG,1,20,2020,0.541758034564,0.856659295055,0.249869522997,0.105814708337,2.48490664979,1.30162305182,0.357200104971,0.0906440641365,2.30258509299,1.13276775119,000852.SH,000852.SH:DEV_R1_A:327799:348672,2020-08-13T10:09:00+08:00,2020-12-22T10:02:00+08:00
R1_A,2020-08-13,327886,2020-02-14,298369,LONG,1,26,2020,0.558089425303,0.544173887428,0.149528598143,0.0911645030033,2.19722457734,0.68973670558,0.234557137186,0.0970488819553,2.07944154168,0.758081284062,000852.SH,000852.SH:DEV_R1_A:327886:298369,2020-08-13T13:06:00+08:00,2020-02-14T13:09:00+08:00
R1_A,2020-08-13,327972,2020-01-17,295104,LONG,1,29,2020,0.63576077573,0.388452955186,0.0722903089317,0.0344110946805,2.63905732962,0.87347001274,0.0757132640501,0.0126810710628,2.63905732962,0.880387290903,000852.SH,000852.SH:DEV_R1_A:327972:295104,2020-08-13T14:32:00+08:00,2020-01-17T14:44:00+08:00
R1_A,2020-08-14,328008,2020-01-20,295126,LONG,1,19,2020,0.362897038314,0.48327840036,0.0722903089317,0.0344110946805,3.91202300543,1.08338246419,0.0757132640501,0.0126810710628,3.58351893846,1.09952651397,000852.SH,000852.SH:DEV_R1_A:328008:295126,2020-08-14T09:38:00+08:00,2020-01-20T09:36:00+08:00
R1_A,2020-08-14,328032,2020-10-30,339802,SHORT,-1,20,2020,0.703157390116,0.175780955998,0.0108566250523,0.00398932353701,2.56494935746,1.44338985466,0.0132295169785,0.00708318625721,2.48490664979,1.39404988679,000852.SH,000852.SH:DEV_R1_A:328032:339802,2020-08-14T10:02:00+08:00,2020-10-30T10:12:00+08:00
R1_A,2020-08-19,328756,2020-08-19,328755,LONG,1,20,2020,0.869219388929,0.054194734886,0.55444394541,0.152209473444,3.49650756147,1.3709545085,0.55444394541,0.152209473444,3.4657359028,1.38635299422,000852.SH,000852.SH:DEV_R1_A:328756:328755,2020-08-19T10:06:00+08:00,2020-08-19T10:05:00+08:00
R1_A,2020-08-26,329982,2020-08-26,329981,LONG,1,21,2020,0.412107948358,0.0263692689383,0.297451582335,0.0953998308283,5.25227342805,0.858750729021,0.297451582335,0.0953998308283,5.24702407216,0.850279197611,000852.SH,000852.SH:DEV_R1_A:329982:329981,2020-08-26T10:32:00+08:00,2020-08-26T10:31:00+08:00
R1_A,2020-08-27,330185,2020-08-24,329459,SHORT,-1,19,2020,0.534489239948,0.62257260021,0.285601523834,0.0604379080529,2.63905732962,1.59308667171,0.193649018015,0.0690554394347,2.3978952728,1.66642153124,000852.SH,000852.SH:DEV_R1_A:330185:329459,2020-08-27T09:55:00+08:00,2020-08-24T09:49:00+08:00
R1_A,2020-09-01,330916,2020-09-01,330912,LONG,1,20,2020,1.34309080798,0.126829529055,0.711555504769,0.170390636875,4.36944785247,1.62379151497,0.711555504769,0.170390636875,4.31748811354,1.66247318822,000852.SH,000852.SH:DEV_R1_A:330916:330912,2020-09-01T10:06:00+08:00,2020-09-01T10:02:00+08:00
R1_A,2020-09-08,332111,2020-09-08,332110,SHORT,-1,20,2020,0.628113525368,0.091282925339,0.297773504123,0.214131883909,2.30258509299,1.75999903907,0.297773504123,0.214131883909,2.19722457734,1.75806487118,000852.SH,000852.SH:DEV_R1_A:332111:332110,2020-09-08T10:01:00+08:00,2020-09-08T10:00:00+08:00
R1_A,2020-09-09,332326,2020-05-14,312646,LONG,1,19,2020,1.01160240388,0.482993528225,0.238886415455,0.107822977202,1.60943791243,2.23975574832,0.311972242361,0.0966063380582,1.60943791243,2.28894883522,000852.SH,000852.SH:DEV_R1_A:332326:312646,2020-09-09T09:36:00+08:00,2020-05-14T09:36:00+08:00
R1_A,2020-09-09,332347,2020-05-14,312664,LONG,1,19,2020,0.644602144542,0.474150473945,0.238886415455,0.107822977202,3.25809653802,2.42543455656,0.311972242361,0.0966063380582,3.13549421593,2.44345394135,000852.SH,000852.SH:DEV_R1_A:332347:312664,2020-09-09T09:57:00+08:00,2020-05-14T09:54:00+08:00
R1_A,2020-09-09,332472,2020-01-22,295752,SHORT,-1,27,2020,1.61118723397,0.962659347462,0.300369107485,0.139323399968,4.33073334029,0.451644638587,0.289760145521,0.086422613531,4.53259949315,0.433054871354,000852.SH,000852.SH:DEV_R1_A:332472:295752,2020-09-09T13:32:00+08:00,2020-01-22T13:32:00+08:00
R1_A,2020-09-10,332567,2020-12-29,349869,SHORT,-1,19,2020,0.539473788543,0.710886022052,0.00234419307004,0.00115742627521,1.79175946923,1.68414942342,0.0407644081206,0.0140558417605,1.09861228867,1.75427640538,000852.SH,000852.SH:DEV_R1_A:332567:349869,2020-09-10T09:37:00+08:00,2020-12-29T09:59:00+08:00
R1_A,2020-09-10,332661,2020-02-27,300490,SHORT,-1,22,2020,0.628847147443,0.790946732405,0.52601558283,0.309204178956,3.61091791264,0.567740175402,0.389103351875,0.3029492892,3.73766961828,0.550908626745,000852.SH,000852.SH:DEV_R1_A:332661:300490,2020-09-10T11:11:00+08:00,2020-02-27T11:00:00+08:00
R1_A,2020-09-10,332720,2020-03-04,301539,SHORT,-1,27,2020,0.859811575065,1.23304007138,0.336054517931,0.201755288148,3.04452243772,0.985720797711,0.32952422064,0.147782002535,2.30258509299,0.846690625135,000852.SH,000852.SH:DEV_R1_A:332720:301539,2020-09-10T13:40:00+08:00,2020-03-04T13:59:00+08:00
R1_A,2020-09-10,332766,2020-03-04,301545,SHORT,-1,28,2020,0.273167068738,0.838753456713,0.19161899588,0.14092914612,3.09104245336,0.858860656463,0.32952422064,0.147782002535,2.77258872224,0.834505018068,000852.SH,000852.SH:DEV_R1_A:332766:301545,2020-09-10T14:26:00+08:00,2020-03-04T14:05:00+08:00
R1_A,2020-09-10,332798,2020-03-04,301571,SHORT,-1,29,2020,0.46561008699,1.24823493029,0.19161899588,0.14092914612,3.98898404656,0.983305169236,0.32952422064,0.147782002535,3.73766961828,0.675848583888,000852.SH,000852.SH:DEV_R1_A:332798:301571,2020-09-10T14:58:00+08:00,2020-03-04T14:31:00+08:00
R1_A,2020-09-11,332811,2020-11-11,341682,SHORT,-1,19,2020,0.436207722024,0.838232517872,0.19161899588,0.14092914612,4.20469261939,1.4149017839,0.291263208331,0.115065057219,4.26267987704,1.54956812178,000852.SH,000852.SH:DEV_R1_A:332811:341682,2020-09-11T09:41:00+08:00,2020-11-11T09:32:00+08:00
R1_A,2020-09-11,332873,2020-08-20,329049,SHORT,-1,21,2020,0.978097512366,0.823628519221,0.409282171817,0.163947046659,3.85014760171,0.731433435189,0.406262630073,0.205538378814,3.4657359028,0.687866632994,000852.SH,000852.SH:DEV_R1_A:332873:329049,2020-09-11T10:43:00+08:00,2020-08-20T10:59:00+08:00
R1_A,2020-09-14,333096,2020-02-05,296598,LONG,1,20,2020,0.267482460744,0.20260406917,0.149924851032,0.0701818402968,5.11198778836,0.922215898848,0.132099774588,0.0800024261539,5.1059454739,0.927106736304,000852.SH,000852.SH:DEV_R1_A:333096:296598,2020-09-14T10:26:00+08:00,2020-02-05T10:08:00+08:00
R1_A,2020-09-14,333150,2020-04-15,308424,LONG,1,22,2020,0.432831294651,0.465441247039,0.149924851032,0.0701818402968,5.39362754635,0.981117062538,0.138100650934,0.0559113382221,5.83773044717,0.979334607758,000852.SH,000852.SH:DEV_R1_A:333150:308424,2020-09-14T11:20:00+08:00,2020-04-15T11:14:00+08:00
R1_A,2020-09-15,333472,2020-09-15,333471,LONG,1,28,2020,0.46372380032,0.262993884189,0.50984882299,0.189120436091,5.32300997914,0.988430665401,0.50984882299,0.189120436091,5.31811999384,0.902671073323,000852.SH,000852.SH:DEV_R1_A:333472:333471,2020-09-15T14:12:00+08:00,2020-09-15T14:11:00+08:00
R1_A,2020-09-16,333583,2020-01-10,293769,LONG,1,21,2020,0.571044405783,0.693335763495,0.0745738788735,0.0128557685767,2.83321334406,0.976016141281,0.10915235682,0.0385282004802,2.3978952728,0.877402910397,000852.SH,000852.SH:DEV_R1_A:333583:293769,2020-09-16T10:33:00+08:00,2020-01-10T10:59:00+08:00
R1_A,2020-09-16,333733,2020-06-29,320050,LONG,1,29,2020,0.507445464755,0.684838265216,0.0745738788735,0.0128557685767,5.11799381242,0.962583965201,0.0945310859248,0.0213140891164,5.71042701737,0.82763915124,000852.SH,000852.SH:DEV_R1_A:333733:320050,2020-09-16T14:33:00+08:00,2020-06-29T14:30:00+08:00
R1_A,2020-09-17,333847,2020-04-02,306474,SHORT,-1,21,2020,0.550504797541,0.585613371831,0.165605062245,0.0239943315405,3.09104245336,0.689786159077,0.142625327966,0.0432399426308,3.58351893846,0.743456405548,000852.SH,000852.SH:DEV_R1_A:333847:306474,2020-09-17T10:57:00+08:00,2020-04-02T10:44:00+08:00
R1_A,2020-09-18,334009,2020-09-08,332081,LONG,1,19,2020,0.570892116031,2.2354024786,0.401894208911,0.253089810492,2.99573227355,1.01071401507,0.47475176372,0.20065968018,5.19295685089,1.20236104661,000852.SH,000852.SH:DEV_R1_A:334009:332081,2020-09-18T09:39:00+08:00,2020-09-08T09:31:00+08:00
R1_A,2020-09-21,334369,2020-09-21,334368,LONG,1,26,2020,0.457273018684,0.023721425562,0.34002689044,0.110048823639,5.51342874616,0.77394979246,0.34002689044,0.110048823639,5.50938833663,0.766297820628,000852.SH,000852.SH:DEV_R1_A:334369:334368,2020-09-21T13:09:00+08:00,2020-09-21T13:08:00+08:00
R1_A,2020-09-23,334735,2020-09-23,334733,SHORT,-1,19,2020,0.394565165365,0.141331156941,0.305824717913,0.0746838854839,4.31748811354,1.30735477563,0.305824717913,0.0746838854839,4.29045944115,1.26189658316,000852.SH,000852.SH:DEV_R1_A:334735:334733,2020-09-23T09:45:00+08:00,2020-09-23T09:43:00+08:00
R1_A,2020-09-24,335075,2020-09-24,335074,SHORT,-1,22,2020,0.342733915763,0.0750738216227,0.158452320083,0.0421177379193,4.73619844839,0.951738052158,0.158452320083,0.0421177379193,4.72738781871,0.927380446176,000852.SH,000852.SH:DEV_R1_A:335075:335074,2020-09-24T11:25:00+08:00,2020-09-24T11:24:00+08:00
R1_A,2020-09-24,335118,2020-09-29,335856,SHORT,-1,27,2020,0.302264575565,0.379733174614,0.158452320083,0.0421177379193,5.05624580535,0.557329084571,0.0935986065059,0.0473714615829,5.01727983681,0.557560949251,000852.SH,000852.SH:DEV_R1_A:335118:335856,2020-09-24T13:38:00+08:00,2020-09-29T13:56:00+08:00
R1_A,2020-09-24,335161,2020-04-21,309489,SHORT,-1,28,2020,0.525241830477,0.508460888827,0.40247071307,0.0920651830151,2.99573227355,0.647726120611,0.361941364402,0.114847412226,2.8903717579,0.706819957826,000852.SH,000852.SH:DEV_R1_A:335161:309489,2020-09-24T14:21:00+08:00,2020-04-21T14:29:00+08:00
R1_A,2020-09-25,335208,2020-09-08,332098,SHORT,-1,19,2020,0.356825918064,0.957904809396,0.597052711296,0.193510206796,3.33220451018,1.44831666912,0.613093676942,0.209847288046,2.30258509299,1.5067926766,000852.SH,000852.SH:DEV_R1_A:335208:332098,2020-09-25T09:38:00+08:00,2020-09-08T09:48:00+08:00
R1_A,2020-09-25,335265,2020-12-10,346781,SHORT,-1,21,2020,0.526072601681,1.06865559506,0.283953026708,0.1022849174,2.83321334406,0.988030777484,0.418277920788,0.0658531040754,2.94443897917,0.86826376881,000852.SH,000852.SH:DEV_R1_A:335265:346781,2020-09-25T10:35:00+08:00,2020-12-10T10:31:00+08:00
R1_A,2020-09-25,335345,2020-11-13,342285,SHORT,-1,26,2020,0.281242661833,0.742557352346,0.283228980784,0.106772863986,4.09434456222,0.922058190541,0.232694653078,0.0808024519365,3.95124371858,0.762222472865,000852.SH,000852.SH:DEV_R1_A:335345:342285,2020-09-25T13:25:00+08:00,2020-11-13T13:05:00+08:00
R1_A,2020-09-25,335400,2020-11-11,341861,SHORT,-1,28,2020,0.26858698346,0.693855962334,0.283228980784,0.106772863986,4.74493212836,0.790089725226,0.291263208331,0.115065057219,5.52146091786,0.763181343034,000852.SH,000852.SH:DEV_R1_A:335400:341861,2020-09-25T14:20:00+08:00,2020-11-11T14:01:00+08:00
R1_A,2020-09-28,335446,2020-09-23,334728,SHORT,-1,19,2020,0.55934174738,0.689874448611,0.30777225154,0.097420875575,3.58351893846,1.2672647013,0.305824717913,0.0746838854839,4.21950770518,1.23603372523,000852.SH,000852.SH:DEV_R1_A:335446:334728,2020-09-28T09:36:00+08:00,2020-09-23T09:38:00+08:00
R1_A,2020-09-28,335549,2020-11-13,342279,SHORT,-1,22,2020,0.261910092633,0.569987372008,0.279865555038,0.0905702402327,4.36944785247,0.716481526405,0.232694653078,0.0808024519365,3.82864139649,0.693629599776,000852.SH,000852.SH:DEV_R1_A:335549:342279,2020-09-28T11:19:00+08:00,2020-11-13T11:29:00+08:00
R1_A,2020-09-28,335607,2020-03-16,303430,SHORT,-1,27,2020,0.617730310163,0.406475819534,0.297968507357,0.0965101636985,3.17805383035,0.778669754831,0.288088703153,0.110573209044,3.52636052462,0.748475192931,000852.SH,000852.SH:DEV_R1_A:335607:303430,2020-09-28T13:47:00+08:00,2020-03-16T13:30:00+08:00
R1_A,2020-09-30,336126,2020-09-30,336124,LONG,1,28,2020,0.861826932649,0.044758729404,0.25732885272,0.053736931014,4.02535169074,1.42272762248,0.25732885272,0.053736931014,3.98898404656,1.43311661296,000852.SH,000852.SH:DEV_R1_A:336126:336124,2020-09-30T14:26:00+08:00,2020-09-30T14:24:00+08:00
R1_A,2020-10-12,336616,2020-10-12,336614,LONG,1,29,2020,0.348048193582,0.00360996167942,0.183415889101,0.0367797388075,6.17586727011,0.361229109881,0.183415889101,0.0367797388075,6.17170059741,0.361305664423,000852.SH,000852.SH:DEV_R1_A:336616:336614,2020-10-12T14:36:00+08:00,2020-10-12T14:34:00+08:00
R1_A,2020-10-13,336686,2020-01-17,294937,LONG,1,20,2020,0.470390677546,0.459219611511,0.183415889101,0.0367797388075,6.31173480915,0.753585341911,0.175635348022,0.048418907799,5.84064165737,0.752422218721,000852.SH,000852.SH:DEV_R1_A:336686:294937,2020-10-13T10:16:00+08:00,2020-01-17T10:27:00+08:00
R1_A,2020-10-15,337160,2020-10-15,337159,LONG,1,20,2020,1.16951112076,0.0285370151831,0.705868016218,0.223021093604,5.48063892334,1.40391155272,0.705868016218,0.223021093604,5.47646355193,1.39467948561,000852.SH,000852.SH:DEV_R1_A:337160:337159,2020-10-15T10:10:00+08:00,2020-10-15T10:09:00+08:00
R1_A,2020-10-22,338504,2020-10-22,338500,SHORT,-1,28,2020,0.919595069995,0.11339771611,0.278378617111,0.0783358842354,4.58496747867,0.578949196998,0.278378617111,0.0783358842354,4.54329478227,0.614015569228,000852.SH,000852.SH:DEV_R1_A:338504:338500,2020-10-22T14:04:00+08:00,2020-10-22T14:00:00+08:00
R1_A,2020-10-23,338783,2020-10-23,338782,SHORT,-1,29,2020,0.256738795998,0.0370523964746,0.368229790046,0.101219937884,5.09375020081,0.928764170654,0.368229790046,0.101219937884,5.08759633523,0.916805428383,000852.SH,000852.SH:DEV_R1_A:338783:338782,2020-10-23T14:43:00+08:00,2020-10-23T14:42:00+08:00
R1_A,2020-10-26,338809,2020-10-20,337869,SHORT,-1,19,2020,0.255641428132,0.872753999538,0.368229790046,0.101219937884,5.24174701506,2.30020742,0.356305672965,0.0734369983028,5.06890420222,2.07202961059,000852.SH,000852.SH:DEV_R1_A:338809:337869,2020-10-26T09:39:00+08:00,2020-10-20T09:59:00+08:00
R1_A,2020-10-26,338919,2020-05-29,315372,SHORT,-1,22,2020,1.41672236594,0.606378298606,0.473475678106,0.167385300137,4.60517018599,0.504656581588,0.530251751017,0.167080142379,5.19849703127,0.517750051375,000852.SH,000852.SH:DEV_R1_A:338919:315372,2020-10-26T11:29:00+08:00,2020-05-29T11:02:00+08:00
R1_A,2020-11-02,340035,2020-11-02,340034,SHORT,-1,20,2020,0.51362941248,0.143384655497,0.302647443783,0.0768025711217,2.19722457734,1.31454803426,0.302647443783,0.0768025711217,2.07944154168,1.28162680048,000852.SH,000852.SH:DEV_R1_A:340035:340034,2020-11-02T10:05:00+08:00,2020-11-02T10:04:00+08:00
R1_A,2020-11-02,340084,2020-05-29,315342,SHORT,-1,21,2020,0.422021308169,1.32261305655,0.632162776186,0.154064045321,3.80666248977,0.944502008597,0.530251751017,0.167080142379,5.01727983681,0.775544405002,000852.SH,000852.SH:DEV_R1_A:340084:315342,2020-11-02T10:54:00+08:00,2020-05-29T10:32:00+08:00
R1_A,2020-11-02,340152,2020-05-29,315430,SHORT,-1,27,2020,0.48220532268,0.897644363572,0.632162776186,0.154064045321,4.72738781871,0.754626627573,0.530251751017,0.167080142379,5.47646355193,0.764474172431,000852.SH,000852.SH:DEV_R1_A:340152:315430,2020-11-02T13:32:00+08:00,2020-05-29T13:30:00+08:00
R1_A,2020-11-04,340567,2020-11-04,340566,LONG,1,21,2020,0.783017911774,0.108803105067,0.446491351712,0.113609434332,3.09104245336,1.19766850294,0.446491351712,0.113609434332,3.04452243772,1.16469766447,000852.SH,000852.SH:DEV_R1_A:340567:340566,2020-11-04T10:57:00+08:00,2020-11-04T10:56:00+08:00
R1_A,2020-11-05,340829,2020-11-05,340828,LONG,1,22,2020,0.475247205626,0.0196324180058,0.097768386715,0.0691958658936,4.68213122712,0.551722079006,0.097768386715,0.0691958658936,4.67282883446,0.545881213701,000852.SH,000852.SH:DEV_R1_A:340829:340828,2020-11-05T11:19:00+08:00,2020-11-05T11:18:00+08:00
R1_A,2020-11-06,341048,2020-12-21,348462,LONG,1,21,2020,0.916347640053,0.365234712937,0.516444195393,0.147233928691,3.97029191355,0.963047904935,0.467183451841,0.156841977849,3.82864139649,0.99814642227,000852.SH,000852.SH:DEV_R1_A:341048:348462,2020-11-06T10:58:00+08:00,2020-12-21T10:32:00+08:00
R1_A,2020-11-10,341441,2020-05-06,311201,LONG,1,19,2020,0.480064030481,0.269891242907,0.18223974365,0.0426197136745,5.5490760849,0.413081019542,0.151163275255,0.0520117762512,5.48063892334,0.379708583429,000852.SH,000852.SH:DEV_R1_A:341441:311201,2020-11-10T09:31:00+08:00,2020-05-06T09:31:00+08:00
R1_A,2020-11-13,342286,2020-11-13,342285,SHORT,-1,26,2020,0.818282793234,0.0606728336979,0.232694653078,0.0808024519365,3.97029191355,0.781266979985,0.232694653078,0.0808024519365,3.95124371858,0.762222472865,000852.SH,000852.SH:DEV_R1_A:342286:342285,2020-11-13T13:06:00+08:00,2020-11-13T13:05:00+08:00
R1_A,2020-11-16,342422,2020-09-03,331389,LONG,1,19,2020,0.367267004118,0.520380219407,0.152920341553,0.0474336793541,3.04452243772,1.70744165704,0.200333680572,0.0651855743611,3.33220451018,1.64470362009,000852.SH,000852.SH:DEV_R1_A:342422:331389,2020-11-16T09:52:00+08:00,2020-09-03T09:59:00+08:00
R1_A,2020-11-16,342639,2020-04-30,311198,LONG,1,29,2020,0.252407179177,0.0827850608786,0.152920341553,0.0474336793541,5.47227067367,0.426633143286,0.151163275255,0.0520117762512,5.46806014114,0.423708755166,000852.SH,000852.SH:DEV_R1_A:342639:311198,2020-11-16T14:59:00+08:00,2020-04-30T14:58:00+08:00
R1_A,2020-11-17,342804,2020-04-16,308737,LONG,1,27,2020,1.17947929223,0.586263288291,0.303031104537,0.0703070277843,4.99721227376,0.774624900759,0.222138762127,0.058771947713,4.93447393313,0.677029857103,000852.SH,000852.SH:DEV_R1_A:342804:308737,2020-11-17T13:44:00+08:00,2020-04-16T13:57:00+08:00
R1_A,2020-11-17,342869,2020-09-03,331583,LONG,1,29,2020,0.278259543576,0.589417341122,0.303031104537,0.0703070277843,5.36129216571,0.900866372763,0.200333680572,0.0651855743611,5.40267738187,0.890254499722,000852.SH,000852.SH:DEV_R1_A:342869:331583,2020-11-17T14:49:00+08:00,2020-09-03T14:43:00+08:00
R1_A,2020-11-18,342911,2020-12-29,349883,SHORT,-1,20,2020,0.886386661001,0.455021128402,0.0309684143004,0.00761847071432,3.33220451018,1.77235430088,0.0407644081206,0.0140558417605,2.83321334406,1.79471061976,000852.SH,000852.SH:DEV_R1_A:342911:349883,2020-11-18T10:01:00+08:00,2020-12-29T10:13:00+08:00
R1_A,2020-11-19,343169,2020-11-19,343167,SHORT,-1,20,2020,0.665776043879,0.272457716412,0.0640474045441,0.0166654558663,3.36729582999,0.963388224575,0.0640474045441,0.0166654558663,3.295836866,1.04993085703,000852.SH,000852.SH:DEV_R1_A:343169:343167,2020-11-19T10:19:00+08:00,2020-11-19T10:17:00+08:00
R1_A,2020-11-20,343422,2020-11-20,343421,SHORT,-1,21,2020,0.877843740822,0.117981258234,0.0640474045441,0.0166654558663,5.64190707094,1.26905985125,0.0640474045441,0.0166654558663,5.63835466933,1.23059544775,000852.SH,000852.SH:DEV_R1_A:343422:343421,2020-11-20T10:32:00+08:00,2020-11-20T10:31:00+08:00
R1_A,2020-11-24,343912,2020-11-24,343911,LONG,1,21,2020,0.347509139374,0.081614036656,0.362272370997,0.0666706843041,2.99573227355,0.996521392803,0.362272370997,0.0666706843041,2.94443897917,1.01886627814,000852.SH,000852.SH:DEV_R1_A:343912:343911,2020-11-24T10:42:00+08:00,2020-11-24T10:41:00+08:00
R1_A,2020-11-25,344089,2020-05-18,313122,LONG,1,19,2020,0.355937607879,0.385780741653,0.362272370997,0.0666706843041,5.28320372874,1.15547888988,0.391191692239,0.0660567246112,4.89034912822,1.12889148593,000852.SH,000852.SH:DEV_R1_A:344089:313122,2020-11-25T09:39:00+08:00,2020-05-18T09:32:00+08:00
R1_A,2020-11-26,344522,2020-11-26,344521,SHORT,-1,28,2020,0.569281624374,0.0633356909476,0.0636396021587,0.0111407677802,4.56434819147,0.618077355986,0.0636396021587,0.0111407677802,4.5538768916,0.597633670146,000852.SH,000852.SH:DEV_R1_A:344522:344521,2020-11-26T14:22:00+08:00,2020-11-26T14:21:00+08:00
R1_A,2020-11-30,344803,2020-04-24,310015,SHORT,-1,19,2020,0.690272735169,0.543386047529,0.158764489404,0.0359002770083,3.4657359028,1.15529084333,0.0766899269769,0.0214249168585,3.33220451018,1.16066454907,000852.SH,000852.SH:DEV_R1_A:344803:310015,2020-11-30T09:33:00+08:00,2020-04-24T09:45:00+08:00
R1_A,2020-11-30,344897,2020-09-03,331475,LONG,1,22,2020,0.285673653504,0.502405084785,0.131113292115,0.0695526695527,4.40671924726,0.958598267775,0.200333680572,0.0651855743611,4.73619844839,0.922537309153,000852.SH,000852.SH:DEV_R1_A:344897:331475,2020-11-30T11:07:00+08:00,2020-09-03T11:25:00+08:00
R1_A,2020-12-01,345049,2020-09-03,331386,LONG,1,19,2020,0.744115405592,0.891608457201,0.246513497111,0.1033156196,3.43398720449,1.4548069957,0.200333680572,0.0651855743611,3.21887582487,1.61128702683,000852.SH,000852.SH:DEV_R1_A:345049:331386,2020-12-01T09:39:00+08:00,2020-09-03T09:56:00+08:00
R1_A,2020-12-02,345356,2020-12-02,345355,LONG,1,21,2020,0.349255100104,0.00379691569777,0.0771728250466,0.0227236421725,5.598421959,1.08628490538,0.0771728250466,0.0227236421725,5.5947113796,1.08694730482,000852.SH,000852.SH:DEV_R1_A:345356:345355,2020-12-02T10:46:00+08:00,2020-12-02T10:45:00+08:00
R1_A,2020-12-03,345574,2020-12-22,348695,LONG,1,20,2020,0.652658372711,0.520868946996,0.326443852609,0.0655761761742,3.63758615973,1.13410523388,0.357200104971,0.0906440641365,3.49650756147,1.08100590647,000852.SH,000852.SH:DEV_R1_A:345574:348695,2020-12-03T10:24:00+08:00,2020-12-22T10:25:00+08:00
R1_A,2020-12-07,346142,2020-12-07,346138,LONG,1,26,2020,0.336269187271,0.0172351863852,0.383989327567,0.0809921648413,6.24610676548,0.683932885478,0.383989327567,0.0809921648413,6.23832462504,0.678757918744,000852.SH,000852.SH:DEV_R1_A:346142:346138,2020-12-07T13:22:00+08:00,2020-12-07T13:18:00+08:00
R1_A,2020-12-10,346894,2020-12-10,346893,SHORT,-1,27,2020,1.04329428498,0.00788550998215,0.418277920788,0.0658531040754,4.88280192259,0.495326846912,0.418277920788,0.0658531040754,4.8751973232,0.496746770943,000852.SH,000852.SH:DEV_R1_A:346894:346893,2020-12-10T13:54:00+08:00,2020-12-10T13:53:00+08:00
R1_A,2020-12-11,347102,2020-02-21,299567,SHORT,-1,26,2020,0.352012934039,1.09255013925,0.391586824479,0.09273729572,5.25749537203,1.29437790579,0.272477801947,0.137252139612,5.63478960317,1.31631204422,000852.SH,000852.SH:DEV_R1_A:347102:299567,2020-12-11T13:22:00+08:00,2020-02-21T13:07:00+08:00
R1_A,2020-12-14,347204,2020-09-23,334722,SHORT,-1,19,2020,0.671018365619,1.31273891251,0.374197311074,0.127544861994,3.17805383035,1.13755201604,0.305824717913,0.0746838854839,4.12713438505,1.1008315155,000852.SH,000852.SH:DEV_R1_A:347204:334722,2020-12-14T09:34:00+08:00,2020-09-23T09:32:00+08:00
R1_A,2020-12-22,348700,2020-08-06,326648,LONG,1,21,2020,0.571984632289,0.662061164349,0.357200104971,0.0906440641365,3.63758615973,1.04197246241,0.300486805546,0.0981413040546,3.40119738166,1.21330805807,000852.SH,000852.SH:DEV_R1_A:348700:326648,2020-12-22T10:30:00+08:00,2020-08-06T10:58:00+08:00
R1_A,2020-12-23,348883,2020-12-07,346002,LONG,1,19,2020,1.491748268,0.548283008426,0.357200104971,0.0906440641365,5.39816270152,1.17664630049,0.383989327567,0.0809921648413,5.92958914339,1.2393795452,000852.SH,000852.SH:DEV_R1_A:348883:346002,2020-12-23T09:33:00+08:00,2020-12-07T09:32:00+08:00
R1_A,2020-12-23,348929,2020-05-15,312915,LONG,1,20,2020,0.430672804848,0.27848289686,0.357200104971,0.0906440641365,5.5872486584,1.16187810783,0.311972242361,0.0966063380582,5.61312810639,1.16874495078,000852.SH,000852.SH:DEV_R1_A:348929:312915,2020-12-23T10:19:00+08:00,2020-05-15T10:05:00+08:00
R1_A,2020-12-23,349034,2020-06-05,316653,SHORT,-1,27,2020,0.707234132906,0.337815026631,0.0690982497667,0.0152687379754,3.97029191355,0.914460497493,0.122556393883,0.0235862197047,3.98898404656,0.906288665002,000852.SH,000852.SH:DEV_R1_A:349034:316653,2020-12-23T13:34:00+08:00,2020-06-05T13:53:00+08:00
R1_A,2020-12-24,349197,2020-10-20,337909,SHORT,-1,21,2020,0.369381566494,0.558306461362,0.358252130463,0.0778377942599,4.93447393313,0.83402779547,0.356305672965,0.0734369983028,5.29330482472,0.684864755846,000852.SH,000852.SH:DEV_R1_A:349197:337909,2020-12-24T10:47:00+08:00,2020-10-20T10:39:00+08:00
R1_A,2020-12-24,349280,2020-11-11,341851,SHORT,-1,27,2020,0.336035806555,1.00997054809,0.358252130463,0.0778377942599,5.40267738187,0.967936746441,0.291263208331,0.115065057219,5.48063892334,0.753639209047,000852.SH,000852.SH:DEV_R1_A:349280:341851,2020-12-24T13:40:00+08:00,2020-11-11T13:51:00+08:00
R1_A,2020-12-25,349385,2020-10-20,337869,SHORT,-1,19,2020,0.432710185783,0.650928948221,0.358252130463,0.0778377942599,5.7899601709,2.12738868641,0.356305672965,0.0734369983028,5.06890420222,2.07202961059,000852.SH,000852.SH:DEV_R1_A:349385:337869,2020-12-25T09:55:00+08:00,2020-10-20T09:59:00+08:00
R1_A,2020-07-24,243,2020-12-02,21146,LONG,1,19,2020,1.49088445804,1.06580001487,0.290704094704,0.107135596666,1.09861228867,2.17512231787,0.44566561373,0.0930836348159,1.09861228867,1.98360788631,000688.SH,000688.SH:DEV_R1_A:243:21146,2020-07-24T09:34:00+08:00,2020-12-02T09:57:00+08:00
R1_A,2020-07-24,256,2020-09-04,7446,SHORT,-1,19,2020,0.62352200302,2.63281629188,0.326377224742,0.324891702766,1.09861228867,2.32616575855,0.557365397294,0.208029647931,1.09861228867,2.55244468074,000688.SH,000688.SH:DEV_R1_A:256:7446,2020-07-24T09:47:00+08:00,2020-09-04T09:37:00+08:00
R1_A,2020-07-24,322,2020-09-02,7040,SHORT,-1,21,2020,0.391776721787,0.985852766456,0.078183793308,0.0553646429935,4.02535169074,0.661535011104,0.0282860980202,0.010964563801,3.95124371858,0.766030071672,000688.SH,000688.SH:DEV_R1_A:322:7040,2020-07-24T10:53:00+08:00,2020-09-02T10:51:00+08:00
R1_A,2020-07-24,372,2020-09-17,9733,SHORT,-1,26,2020,0.45251715003,0.742363109316,0.078183793308,0.0553646429935,4.66343909411,0.879500257912,0.0973349969869,0.0211466623356,4.40671924726,0.826949483635,000688.SH,000688.SH:DEV_R1_A:372:9733,2020-07-24T13:13:00+08:00,2020-09-17T13:14:00+08:00
R1_A,2020-07-24,390,2020-09-10,8551,SHORT,-1,27,2020,0.590511114722,1.71908173492,0.576437881876,0.224694546538,2.30258509299,1.07564286733,0.347148671636,0.179800803774,2.3978952728,0.806009690316,000688.SH,000688.SH:DEV_R1_A:390:8551,2020-07-24T13:31:00+08:00,2020-09-10T13:32:00+08:00
R1_A,2020-07-24,444,2020-09-10,8586,SHORT,-1,28,2020,0.925190432124,2.05006030158,0.452190327825,0.224815432246,2.3978952728,0.793017829498,0.347148671636,0.179800803774,3.82864139649,0.511135886031,000688.SH,000688.SH:DEV_R1_A:444:8586,2020-07-24T14:25:00+08:00,2020-09-10T14:07:00+08:00
R1_A,2020-07-27,482,2020-09-08,7922,SHORT,-1,19,2020,0.658510134781,1.15564648986,0.196767410027,0.168851807708,0.69314718056,1.31039529639,0.422089784234,0.146372696398,0.69314718056,1.19462795895,000688.SH,000688.SH:DEV_R1_A:482:7922,2020-07-27T09:33:00+08:00,2020-09-08T09:33:00+08:00
R1_A,2020-07-27,487,2020-10-26,14661,SHORT,-1,19,2020,0.413230384858,2.45259334173,0.344862388262,0.294894366197,1.60943791243,1.49284646858,0.72088364914,0.253690609106,1.38629436112,1.8957618641,000688.SH,000688.SH:DEV_R1_A:487:14661,2020-07-27T09:38:00+08:00,2020-10-26T09:52:00+08:00
R1_A,2020-07-27,511,2020-08-24,5324,SHORT,-1,20,2020,1.33554025256,0.945141358414,0.347205580974,0.215641732922,2.7080502011,1.60694656816,0.493641189604,0.181128059596,2.63905732962,1.54908148137,000688.SH,000688.SH:DEV_R1_A:511:5324,2020-07-27T10:02:00+08:00,2020-08-24T10:15:00+08:00
R1_A,2020-07-27,533,2020-12-16,23555,SHORT,-1,20,2020,0.547875378355,2.00698213612,0.347205580974,0.215641732922,3.61091791264,0.63780999142,0.381265328452,0.117623995295,3.55534806149,0.794979985002,000688.SH,000688.SH:DEV_R1_A:533:23555,2020-07-27T10:24:00+08:00,2020-12-16T10:06:00+08:00
R1_A,2020-07-27,548,2020-11-13,18062,LONG,1,21,2020,1.03321300358,1.22281320281,0.00683705153059,0.00346820809248,2.7080502011,0.680470706101,0.191103265744,0.0468999255557,2.94443897917,0.766579340762,000688.SH,000688.SH:DEV_R1_A:548:18062,2020-07-27T10:39:00+08:00,2020-11-13T10:33:00+08:00
R1_A,2020-07-27,642,2020-09-10,8558,SHORT,-1,27,2020,1.01245336196,2.10419454018,0.479182822158,0.284317892053,2.83321334406,0.701604824928,0.347148671636,0.179800803774,2.8903717579,0.748660682329,000688.SH,000688.SH:DEV_R1_A:642:8558,2020-07-27T13:43:00+08:00,2020-09-10T13:39:00+08:00
R1_A,2020-07-28,766,2020-10-12,12290,LONG,1,20,2020,0.765390971598,0.768111380996,0.420945353451,0.202337974901,2.77258872224,0.726701651192,0.559969888324,0.199860041987,2.94443897917,0.837726419475,000688.SH,000688.SH:DEV_R1_A:766:12290,2020-07-28T10:17:00+08:00,2020-10-12T10:21:00+08:00
R1_A,2020-07-29,969,2020-08-06,2416,SHORT,-1,19,2020,1.13183681179,0.666432348914,0.18978423727,0.0641254715108,4.06044301055,1.63817802896,0.159118869334,0.0949301064052,4.1743872699,1.57827295015,000688.SH,000688.SH:DEV_R1_A:969:2416,2020-07-29T09:40:00+08:00,2020-08-06T09:47:00+08:00
R1_A,2020-07-30,1231,2020-07-30,1230,LONG,1,20,2020,0.906669323958,0.946368147256,0.678528905418,0.247512679101,2.7080502011,1.96076034383,0.678528905418,0.247512679101,2.63905732962,2.18884626525,000688.SH,000688.SH:DEV_R1_A:1231:1230,2020-07-30T10:02:00+08:00,2020-07-30T10:01:00+08:00
R1_A,2020-07-30,1358,2020-08-28,6391,LONG,1,27,2020,0.823969672042,1.11599946627,0.167036061138,0.0924651162791,3.36729582999,0.623966521858,0.132820126537,0.0467854173049,4.02535169074,0.571368389428,000688.SH,000688.SH:DEV_R1_A:1358:6391,2020-07-30T13:39:00+08:00,2020-08-28T13:32:00+08:00
R1_A,2020-07-31,1454,2020-11-12,17772,SHORT,-1,19,2020,1.43888494344,0.43293025654,0.233043064233,0.0765610061043,2.56494935746,1.8069189393,0.233511676817,0.0626763366971,2.48490664979,1.72691066899,000688.SH,000688.SH:DEV_R1_A:1454:17772,2020-07-31T09:45:00+08:00,2020-11-12T09:43:00+08:00
R1_A,2020-07-31,1513,2020-09-15,9190,LONG,1,21,2020,0.936747155848,0.59265623132,0.193980756443,0.0794266243685,2.8903717579,0.883910993501,0.130624689314,0.0995995995996,2.8903717579,0.797805479968,000688.SH,000688.SH:DEV_R1_A:1513:9190,2020-07-31T10:44:00+08:00,2020-09-15T10:41:00+08:00
R1_A,2020-08-03,1687,2020-11-16,18243,LONG,1,19,2020,0.513155929332,3.04200706346,0.655175895675,0.469428891377,1.09861228867,2.26106514852,0.637349302743,0.343634582046,0.69314718056,2.69315161093,000688.SH,000688.SH:DEV_R1_A:1687:18243,2020-08-03T09:38:00+08:00,2020-11-16T09:34:00+08:00
R1_A,2020-08-03,1704,2020-11-16,18250,LONG,1,19,2020,0.401592956433,3.37475342251,0.660383608303,0.495145631068,2.83321334406,2.34044815683,0.637349302743,0.343634582046,2.19722457734,2.71864462452,000688.SH,000688.SH:DEV_R1_A:1704:18250,2020-08-03T09:55:00+08:00,2020-11-16T09:41:00+08:00
R1_A,2020-08-03,1799,2020-09-16,9479,LONG,1,23,2020,0.780936541103,4.63079117552,0.746565729538,0.438333443906,2.19722457734,0.665925875283,0.486217792764,0.260362694301,5.21493575761,0.699712168139,000688.SH,000688.SH:DEV_R1_A:1799:9479,2020-08-03T11:30:00+08:00,2020-09-16T11:30:00+08:00
R1_A,2020-08-03,1846,2020-11-23,19603,LONG,1,27,2020,0.668002307362,0.417746918394,0.0316128381688,0.0270783847981,2.19722457734,0.551103048699,0.0611756909845,0.0098817264861,2.19722457734,0.604306517286,000688.SH,000688.SH:DEV_R1_A:1846:19603,2020-08-03T13:47:00+08:00,2020-11-23T13:44:00+08:00
R1_A,2020-08-04,1925,2020-09-16,9361,LONG,1,19,2020,0.61383182383,2.79752583869,0.309120773835,0.254032258065,1.38629436112,1.42546817853,0.486217792764,0.260362694301,4.18965474203,1.42010884041,000688.SH,000688.SH:DEV_R1_A:1925:9361,2020-08-04T09:36:00+08:00,2020-09-16T09:32:00+08:00
R1_A,2020-08-04,1937,2020-12-02,21148,LONG,1,19,2020,1.06469086891,1.49360440955,0.120142803105,0.120717259046,1.79175946923,1.98313775391,0.44566561373,0.0930836348159,1.60943791243,1.97794275562,000688.SH,000688.SH:DEV_R1_A:1937:21148,2020-08-04T09:48:00+08:00,2020-12-02T09:59:00+08:00
R1_A,2020-08-04,1970,2020-09-07,7719,SHORT,-1,20,2020,0.317467671977,0.831031190533,0.102873133098,0.0837070254111,2.7080502011,1.04007341725,0.1507354812,0.0579769178547,3.36729582999,1.05047244037,000688.SH,000688.SH:DEV_R1_A:1970:7719,2020-08-04T10:21:00+08:00,2020-09-07T10:10:00+08:00
R1_A,2020-08-04,2013,2020-09-03,7302,SHORT,-1,22,2020,0.628864205281,0.62328132765,0.0618639209685,0.0376519418915,3.36729582999,0.586840070323,0.147438621565,0.0384241919822,3.58351893846,0.698296053168,000688.SH,000688.SH:DEV_R1_A:2013:7302,2020-08-04T11:04:00+08:00,2020-09-03T11:13:00+08:00
R1_A,2020-08-04,2041,2020-09-02,7095,SHORT,-1,26,2020,0.369346204809,0.508337097174,0.223950565553,0.127936507937,3.33220451018,0.937739270911,0.312634829782,0.11178755117,3.295836866,0.905468955191,000688.SH,000688.SH:DEV_R1_A:2041:7095,2020-08-04T13:02:00+08:00,2020-09-02T13:16:00+08:00
R1_A,2020-08-04,2112,2020-09-02,7151,SHORT,-1,28,2020,0.442730769449,0.857077728705,0.223950565553,0.127936507937,4.59511985013,0.497345875349,0.312634829782,0.11178755117,4.4188406078,0.662379868576,000688.SH,000688.SH:DEV_R1_A:2112:7151,2020-08-04T14:13:00+08:00,2020-09-02T14:12:00+08:00
R1_A,2020-08-05,2163,2020-10-26,14660,SHORT,-1,19,2020,1.46138232308,0.587003435212,0.619070939549,0.242854791815,1.09861228867,1.82413148121,0.72088364914,0.253690609106,1.09861228867,1.90551497899,000688.SH,000688.SH:DEV_R1_A:2163:14660,2020-08-05T09:34:00+08:00,2020-10-26T09:51:00+08:00
R1_A,2020-08-06,2525,2020-08-06,2524,SHORT,-1,26,2020,1.00799740156,0.0436330213832,0.235274249589,0.103335919317,3.295836866,0.850071319568,0.235274249589,0.103335919317,3.25809653802,0.844197994941,000688.SH,000688.SH:DEV_R1_A:2525:2524,2020-08-06T13:06:00+08:00,2020-08-06T13:05:00+08:00
R1_A,2020-08-07,2663,2020-10-26,14668,SHORT,-1,19,2020,0.352710084486,1.70047075798,0.351058683529,0.272387284438,2.83321334406,2.05548875455,0.72088364914,0.253690609106,2.3978952728,1.97364523095,000688.SH,000688.SH:DEV_R1_A:2663:14668,2020-08-07T09:54:00+08:00,2020-10-26T09:59:00+08:00
R1_A,2020-08-07,2682,2020-10-26,14685,SHORT,-1,20,2020,0.318787570208,1.64569019716,0.351058683529,0.272387284438,3.58351893846,1.08922424606,0.72088364914,0.253690609106,3.33220451018,1.03634444226,000688.SH,000688.SH:DEV_R1_A:2682:14685,2020-08-07T10:13:00+08:00,2020-10-26T10:16:00+08:00
R1_A,2020-08-07,2713,2020-10-26,14699,SHORT,-1,21,2020,0.506362637378,2.50574865929,0.626443677984,0.324017324508,1.60943791243,0.955650175495,0.72088364914,0.253690609106,3.73766961828,0.879564874148,000688.SH,000688.SH:DEV_R1_A:2713:14699,2020-08-07T10:44:00+08:00,2020-10-26T10:30:00+08:00
R1_A,2020-08-07,2771,2020-09-02,7084,SHORT,-1,26,2020,0.36462669359,3.02684932845,0.566371137423,0.256771545828,2.48490664979,1.08884221565,0.312634829782,0.11178755117,2.77258872224,1.01755718022,000688.SH,000688.SH:DEV_R1_A:2771:7084,2020-08-07T13:12:00+08:00,2020-09-02T13:05:00+08:00
R1_A,2020-08-10,2883,2020-07-30,1217,LONG,1,19,2020,0.591793487452,3.98749123758,0.570527900013,0.292720970537,0,1.13103280427,0.678528905418,0.247512679101,0,2.06449832049,000688.SH,000688.SH:DEV_R1_A:2883:1217,2020-08-10T09:34:00+08:00,2020-07-30T09:48:00+08:00
R1_A,2020-08-10,2899,2020-12-02,21148,LONG,1,19,2020,1.41044450279,2.08288304813,0.295411664968,0.174699759808,2.19722457734,1.72121589569,0.44566561373,0.0930836348159,1.60943791243,1.97794275562,000688.SH,000688.SH:DEV_R1_A:2899:21148,2020-08-10T09:50:00+08:00,2020-12-02T09:59:00+08:00
R1_A,2020-08-10,2911,2020-08-06,2429,SHORT,-1,20,2020,0.551851377675,1.23423108371,0.117972756625,0.103697617091,1.60943791243,1.89673553533,0.36158993571,0.107194129845,2.30258509299,1.88290210032,000688.SH,000688.SH:DEV_R1_A:2911:2429,2020-08-10T10:02:00+08:00,2020-08-06T10:00:00+08:00
R1_A,2020-08-10,2986,2020-12-24,25062,SHORT,-1,22,2020,0.436984973072,0.706977493917,0.0390332498452,0.0303979943591,4.00733318523,0.47729160649,0.0255975254866,0.00514721021207,4.44265125649,0.547410432724,000688.SH,000688.SH:DEV_R1_A:2986:25062,2020-08-10T11:17:00+08:00,2020-12-24T11:13:00+08:00
R1_A,2020-08-11,3126,2020-11-16,18240,LONG,1,19,2020,1.26352179044,0.547554977516,0.327076809709,0.154239813435,3.55534806149,0.683596377697,0.451484441292,0.160012380068,3.55534806149,0.662433709181,000688.SH,000688.SH:DEV_R1_A:3126:18240,2020-08-11T09:37:00+08:00,2020-11-16T09:31:00+08:00
R1_A,2020-08-12,3371,2020-08-12,3369,SHORT,-1,19,2020,0.329561475567,0.0422151451674,0.135628998707,0.0617608409987,5.19849703127,1.83193206591,0.135628998707,0.0617608409987,5.18738580584,1.84180041283,000688.SH,000688.SH:DEV_R1_A:3371:3369,2020-08-12T09:42:00+08:00,2020-08-12T09:40:00+08:00
R1_A,2020-08-12,3379,2020-07-30,1216,SHORT,-1,19,2020,0.40524877795,0.526822281378,0.135628998707,0.0617608409987,5.24174701506,2.04723247291,0.18978423727,0.0641254715108,5.72031177661,2.02149358845,000688.SH,000688.SH:DEV_R1_A:3379:1216,2020-08-12T09:50:00+08:00,2020-07-30T09:47:00+08:00
R1_A,2020-08-12,3388,2020-07-30,1216,SHORT,-1,19,2020,0.309281108028,0.67559282209,0.135628998707,0.0617608409987,5.28826703069,2.13718149014,0.18978423727,0.0641254715108,5.72031177661,2.02149358845,000688.SH,000688.SH:DEV_R1_A:3388:1216,2020-08-12T09:59:00+08:00,2020-07-30T09:47:00+08:00
R1_A,2020-08-12,3422,2020-11-17,18556,SHORT,-1,21,2020,0.45610722609,1.13838927529,0.135628998707,0.0617608409987,5.44673737167,0.764172589849,0.117939379626,0.0236260587149,4.63472898823,0.854723066062,000688.SH,000688.SH:DEV_R1_A:3422:18556,2020-08-12T10:33:00+08:00,2020-11-17T10:47:00+08:00
R1_A,2020-08-12,3535,2020-09-03,7357,SHORT,-1,27,2020,0.955302404932,0.818181872165,0.128094681359,0.0542825634113,3.43398720449,0.659849830827,0.227671932933,0.0774539877301,3.98898404656,0.678830222216,000688.SH,000688.SH:DEV_R1_A:3535:7357,2020-08-12T13:56:00+08:00,2020-09-03T13:38:00+08:00
R1_A,2020-08-13,3612,2020-12-02,21148,LONG,1,19,2020,0.743559743016,1.66542166448,0.41912792287,0.156822144725,1.79175946923,1.71151817141,0.44566561373,0.0930836348159,1.60943791243,1.97794275562,000688.SH,000688.SH:DEV_R1_A:3612:21148,2020-08-13T09:43:00+08:00,2020-12-02T09:59:00+08:00
R1_A,2020-08-13,3727,2020-09-21,10222,LONG,1,26,2020,0.711947565719,1.33241597368,0.236280571467,0.115647784633,3.21887582487,0.459831063832,0.254148877876,0.086361425693,4.45434729625,0.50988727574,000688.SH,000688.SH:DEV_R1_A:3727:10222,2020-08-13T13:08:00+08:00,2020-09-21T13:23:00+08:00
R1_A,2020-08-13,3803,2020-11-23,19636,LONG,1,28,2020,0.85687500898,0.953028895978,0.0604450548815,0.0271362586605,2.99573227355,0.710446331962,0.0611756909845,0.0098817264861,3.73766961828,0.840529316381,000688.SH,000688.SH:DEV_R1_A:3803:19636,2020-08-13T14:24:00+08:00,2020-11-23T14:17:00+08:00
R1_A,2020-08-14,3844,2020-09-02,6965,LONG,1,19,2020,0.417783896716,1.01407899119,0.0604450548815,0.0271362586605,4.11087386417,0.805828381247,0.100897181307,0.0335068749166,3.66356164613,1.02182092488,000688.SH,000688.SH:DEV_R1_A:3844:6965,2020-08-14T09:35:00+08:00,2020-09-02T09:36:00+08:00
R1_A,2020-08-14,3870,2020-09-02,7005,SHORT,-1,20,2020,0.892437160362,0.29196333904,0.0583208132026,0.0203999192082,2.99573227355,1.36973420594,0.0282860980202,0.010964563801,2.83321334406,1.34392562479,000688.SH,000688.SH:DEV_R1_A:3870:7005,2020-08-14T10:01:00+08:00,2020-09-02T10:16:00+08:00
R1_A,2020-08-14,3997,2020-09-03,7361,SHORT,-1,27,2020,0.659523025058,0.647937930785,0.216506565058,0.0870102364984,3.43398720449,0.600209844589,0.227671932933,0.0774539877301,4.06044301055,0.635877240271,000688.SH,000688.SH:DEV_R1_A:3997:7361,2020-08-14T13:38:00+08:00,2020-09-03T13:42:00+08:00
R1_A,2020-08-17,4084,2020-08-06,2408,SHORT,-1,19,2020,1.32500814216,0.773509653987,0.216506565058,0.0870102364984,4.77068462447,1.29396657933,0.159118869334,0.0949301064052,4.04305126783,1.33395573059,000688.SH,000688.SH:DEV_R1_A:4084:2408,2020-08-17T09:35:00+08:00,2020-08-06T09:39:00+08:00
R1_A,2020-08-17,4133,2020-12-07,21885,LONG,1,20,2020,0.705805402667,0.140582262722,0.0792262938697,0.0261949770456,3.85014760171,1.09029916618,0.0849701647191,0.0200472494094,3.80666248977,1.10425587651,000688.SH,000688.SH:DEV_R1_A:4133:21885,2020-08-17T10:24:00+08:00,2020-12-07T10:16:00+08:00
R1_A,2020-08-17,4298,2020-09-21,10291,LONG,1,29,2020,0.47509641346,0.639420768801,0.371617372204,0.106909090909,4.99721227376,0.821026438725,0.254148877876,0.086361425693,5.04342511692,0.818245465477,000688.SH,000688.SH:DEV_R1_A:4298:10291,2020-08-17T14:39:00+08:00,2020-09-21T14:32:00+08:00
R1_A,2020-08-18,4346,2020-08-26,5761,LONG,1,19,2020,0.347985075852,0.827580863644,0.371617372204,0.106909090909,5.27811465923,1.57412178346,0.399103807982,0.0925023059692,5.45532111536,1.75571585828,000688.SH,000688.SH:DEV_R1_A:4346:5761,2020-08-18T09:57:00+08:00,2020-08-26T09:32:00+08:00
R1_A,2020-08-19,4584,2020-12-07,21854,LONG,1,19,2020,1.06531399937,0.395518692803,0.152666055703,0.033409017191,2.7080502011,2.01964719275,0.0849701647191,0.0200472494094,2.63905732962,2.03214773347,000688.SH,000688.SH:DEV_R1_A:4584:21854,2020-08-19T09:55:00+08:00,2020-12-07T09:45:00+08:00
R1_A,2020-08-19,4712,2020-09-02,7138,SHORT,-1,27,2020,0.772993546813,0.371947271407,0.236190825267,0.116352754797,4.20469261939,0.760466752584,0.312634829782,0.11178755117,4.24849524205,0.723671438504,000688.SH,000688.SH:DEV_R1_A:4712:7138,2020-08-19T13:33:00+08:00,2020-09-02T13:59:00+08:00
R1_A,2020-08-19,4768,2020-09-17,9779,SHORT,-1,28,2020,0.282692453225,1.05269982892,0.04584275085,0.0204627524408,3.78418963392,0.821203933173,0.0973349969869,0.0211466623356,4.85203026392,0.798252051364,000688.SH,000688.SH:DEV_R1_A:4768:9779,2020-08-19T14:29:00+08:00,2020-09-17T14:00:00+08:00
R1_A,2020-08-20,4836,2020-08-24,5332,SHORT,-1,20,2020,1.08228378688,0.859042972541,0.530170181083,0.22208169976,3.40119738166,1.06080139281,0.493641189604,0.181128059596,3.09104245336,1.06210739222,000688.SH,000688.SH:DEV_R1_A:4836:5332,2020-08-20T10:07:00+08:00,2020-08-24T10:23:00+08:00
R1_A,2020-08-20,4946,2020-11-16,18361,SHORT,-1,26,2020,0.303648677243,1.13897559841,0.399590761701,0.20027331739,4.66343909411,0.498901727255,0.440765751167,0.247363240051,4.18965474203,0.382227414337,000688.SH,000688.SH:DEV_R1_A:4946:18361,2020-08-20T13:27:00+08:00,2020-11-16T13:02:00+08:00
R1_A,2020-08-20,4985,2020-09-10,8593,SHORT,-1,28,2020,0.352979340345,1.07279793236,0.399590761701,0.20027331739,4.97673374242,0.467586277166,0.347148671636,0.179800803774,3.97029191355,0.441895879273,000688.SH,000688.SH:DEV_R1_A:4985:8593,2020-08-20T14:06:00+08:00,2020-09-10T14:14:00+08:00
R1_A,2020-08-21,5071,2020-09-03,7233,SHORT,-1,20,2020,1.47654731175,0.366557631359,0.218319518732,0.0615503476693,3.43398720449,1.37820816792,0.162433585906,0.0478937381404,3.4657359028,1.35732164364,000688.SH,000688.SH:DEV_R1_A:5071:7233,2020-08-21T10:02:00+08:00,2020-09-03T10:04:00+08:00
R1_A,2020-08-24,5333,2020-08-24,5332,SHORT,-1,20,2020,1.26207158838,0.106800660807,0.493641189604,0.181128059596,3.13549421593,1.08576123463,0.493641189604,0.181128059596,3.09104245336,1.06210739222,000688.SH,000688.SH:DEV_R1_A:5333:5332,2020-08-24T10:24:00+08:00,2020-08-24T10:23:00+08:00
R1_A,2020-08-26,5775,2020-08-26,5774,SHORT,-1,19,2020,0.755883832006,0.104084815169,0.306261177422,0.0744714310676,2.30258509299,2.29734578115,0.306261177422,0.0744714310676,2.19722457734,2.29142061963,000688.SH,000688.SH:DEV_R1_A:5775:5774,2020-08-26T09:46:00+08:00,2020-08-26T09:45:00+08:00
R1_A,2020-08-26,5948,2020-09-02,7154,SHORT,-1,28,2020,0.295881545561,1.31561493619,0.509028512394,0.156165209527,5.02388052085,0.709136741799,0.312634829782,0.11178755117,4.45434729625,0.702650386297,000688.SH,000688.SH:DEV_R1_A:5948:7154,2020-08-26T14:09:00+08:00,2020-09-02T14:15:00+08:00
R1_A,2020-08-26,5977,2020-09-02,7189,SHORT,-1,29,2020,0.447159664043,1.25739202463,0.509028512394,0.156165209527,5.19849703127,0.791240019885,0.312634829782,0.11178755117,4.7957905456,0.796172377808,000688.SH,000688.SH:DEV_R1_A:5977:7189,2020-08-26T14:38:00+08:00,2020-09-02T14:50:00+08:00
R1_A,2020-08-31,6601,2020-11-11,17640,LONG,1,26,2020,0.462394560531,0.513286080213,0.132820126537,0.0467854173049,5.58349630878,0.798152529766,0.105503088511,0.0346530339559,6.0185932145,0.763462112012,000688.SH,000688.SH:DEV_R1_A:6601:17640,2020-08-31T13:02:00+08:00,2020-11-11T13:01:00+08:00
R1_A,2020-09-01,6724,2020-09-02,6965,LONG,1,19,2020,1.03896000972,0.948556378257,0.13873300854,0.028079841477,3.85014760171,1.24204147817,0.100897181307,0.0335068749166,3.66356164613,1.02182092488,000688.SH,000688.SH:DEV_R1_A:6724:6965,2020-09-01T09:35:00+08:00,2020-09-02T09:36:00+08:00
R1_A,2020-09-04,7469,2020-10-26,14670,SHORT,-1,20,2020,1.23577874931,2.86478848758,0.557365397294,0.208029647931,3.25809653802,2.59930596526,0.72088364914,0.253690609106,2.56494935746,1.98315330441,000688.SH,000688.SH:DEV_R1_A:7469:14670,2020-09-04T10:00:00+08:00,2020-10-26T10:01:00+08:00
R1_A,2020-09-08,7923,2020-11-24,19683,SHORT,-1,19,2020,0.655118241875,1.30334712544,0.422089784234,0.146372696398,1.09861228867,1.51065779826,0.469012967638,0.0797658099074,1.09861228867,1.49303736728,000688.SH,000688.SH:DEV_R1_A:7923:19683,2020-09-08T09:34:00+08:00,2020-11-24T09:34:00+08:00
R1_A,2020-09-08,7948,2020-10-26,14668,SHORT,-1,19,2020,0.491432470643,1.67477897791,0.566530677265,0.188018807686,3.09104245336,1.8361349732,0.72088364914,0.253690609106,2.3978952728,1.97364523095,000688.SH,000688.SH:DEV_R1_A:7948:14668,2020-09-08T09:59:00+08:00,2020-10-26T09:59:00+08:00
R1_A,2020-09-08,8042,2020-11-16,18360,SHORT,-1,26,2020,0.286402667845,1.441819206,0.317385944504,0.215831987076,4.04305126783,0.672886422185,0.440765751167,0.247363240051,4.1743872699,0.385260692109,000688.SH,000688.SH:DEV_R1_A:8042:18360,2020-09-08T13:03:00+08:00,2020-11-16T13:01:00+08:00
R1_A,2020-09-08,8125,2020-12-03,21539,SHORT,-1,28,2020,1.33092012152,0.773301715626,0.165281182039,0.0570932489021,4.15888308336,0.534514344247,0.160458321569,0.0387596899225,4.84418708646,0.582472179312,000688.SH,000688.SH:DEV_R1_A:8125:21539,2020-09-08T14:26:00+08:00,2020-12-03T14:00:00+08:00
R1_A,2020-09-09,8310,2020-09-10,8578,SHORT,-1,27,2020,1.53215306121,1.05462160552,0.447988292299,0.216441731534,4.31748811354,0.433979232328,0.347148671636,0.179800803774,3.63758615973,0.423330460845,000688.SH,000688.SH:DEV_R1_A:8310:8578,2020-09-09T13:31:00+08:00,2020-09-10T13:59:00+08:00
R1_A,2020-09-11,8650,2020-09-11,8644,SHORT,-1,19,2020,0.43736532796,0.122924775999,0.236407474496,0.102040816327,4.04305126783,0.90642172146,0.236407474496,0.102040816327,3.93182563272,0.891710840988,000688.SH,000688.SH:DEV_R1_A:8650:8644,2020-09-11T09:41:00+08:00,2020-09-11T09:35:00+08:00
R1_A,2020-09-11,8696,2020-12-16,23555,SHORT,-1,20,2020,1.24609656898,1.38366559347,0.470092508495,0.185573207385,3.58351893846,0.740808055162,0.381265328452,0.117623995295,3.55534806149,0.794979985002,000688.SH,000688.SH:DEV_R1_A:8696:23555,2020-09-11T10:27:00+08:00,2020-12-16T10:06:00+08:00
R1_A,2020-09-14,8935,2020-08-28,6298,LONG,1,20,2020,0.598341286337,3.7965078158,0.764437965252,0.415899490956,2.3978952728,0.441851503877,0.526381299111,0.300695358015,4.96284463026,0.814441655744,000688.SH,000688.SH:DEV_R1_A:8935:6298,2020-09-14T10:26:00+08:00,2020-08-28T10:29:00+08:00
R1_A,2020-09-18,9844,2020-09-18,9843,LONG,1,19,2020,0.610945945995,0.108423641195,0.21541583691,0.0573553719008,3.76120011569,0.700887593086,0.21541583691,0.0573553719008,3.73766961828,0.675266903745,000688.SH,000688.SH:DEV_R1_A:9844:9843,2020-09-18T09:35:00+08:00,2020-09-18T09:34:00+08:00
R1_A,2020-09-18,9888,2020-12-02,21173,LONG,1,20,2020,0.850610514884,1.21183713919,0.174524388787,0.100625126033,3.04452243772,1.08319568553,0.44566561373,0.0930836348159,3.40119738166,1.09220212109,000688.SH,000688.SH:DEV_R1_A:9888:21173,2020-09-18T10:19:00+08:00,2020-12-02T10:24:00+08:00
R1_A,2020-09-18,9932,2020-09-21,10198,LONG,1,22,2020,0.408312424624,0.446876814459,0.174524388787,0.100625126033,4.1743872699,0.810136854817,0.254148877876,0.086361425693,4.12713438505,0.830670017331,000688.SH,000688.SH:DEV_R1_A:9932:10198,2020-09-18T11:03:00+08:00,2020-09-21T11:29:00+08:00
R1_A,2020-09-21,10308,2020-09-21,10307,LONG,1,29,2020,0.893650253983,0.0312592789494,0.254148877876,0.086361425693,5.14749447681,0.644139149055,0.254148877876,0.086361425693,5.1416635565,0.636708868933,000688.SH,000688.SH:DEV_R1_A:10308:10307,2020-09-21T14:49:00+08:00,2020-09-21T14:48:00+08:00
R1_A,2020-09-22,10342,2020-08-26,5765,LONG,1,19,2020,0.624288680178,1.47326062742,0.254148877876,0.086361425693,5.32787616879,2.47319971332,0.399103807982,0.0925023059692,5.47227067367,2.15290579387,000688.SH,000688.SH:DEV_R1_A:10342:5765,2020-09-22T09:53:00+08:00,2020-08-26T09:36:00+08:00
R1_A,2020-09-22,10509,2020-12-24,25165,SHORT,-1,28,2020,1.25573182432,0.780398100075,0.01310091344,0.00332170735758,5.08759633523,0.420329931007,0.0255975254866,0.00514721021207,5.23644196283,0.60504831859,000688.SH,000688.SH:DEV_R1_A:10509:25165,2020-09-22T14:10:00+08:00,2020-12-24T14:26:00+08:00
R1_A,2020-09-23,10631,2020-10-12,12299,LONG,1,21,2020,0.510265035578,1.50113654863,0.348921191663,0.1693164466,2.30258509299,0.820354302555,0.559969888324,0.199860041987,3.33220451018,0.905265801674,000688.SH,000688.SH:DEV_R1_A:10631:12299,2020-09-23T10:42:00+08:00,2020-10-12T10:30:00+08:00
R1_A,2020-09-24,10802,2020-09-16,9388,LONG,1,19,2020,1.66643292089,1.50678077088,0.48200198041,0.22159358793,3.89182029811,2.10684958674,0.486217792764,0.260362694301,4.53259949315,1.82807429854,000688.SH,000688.SH:DEV_R1_A:10802:9388,2020-09-24T09:33:00+08:00,2020-09-16T09:59:00+08:00
R1_A,2020-09-24,10922,2020-09-03,7323,SHORT,-1,26,2020,0.847830188676,0.38151737057,0.202765980637,0.0716947384111,3.25809653802,0.902805010722,0.227671932933,0.0774539877301,2.99573227355,0.961257694837,000688.SH,000688.SH:DEV_R1_A:10922:7323,2020-09-24T13:03:00+08:00,2020-09-03T13:04:00+08:00
R1_A,2020-09-25,11045,2020-09-03,7201,SHORT,-1,19,2020,0.370051809335,0.760165052073,0.422043054915,0.133560935237,4.46590811865,1.06651595856,0.312634829782,0.11178755117,4.89034912822,1.03342867527,000688.SH,000688.SH:DEV_R1_A:11045:7201,2020-09-25T09:36:00+08:00,2020-09-03T09:32:00+08:00
R1_A,2020-09-25,11100,2020-12-17,23836,SHORT,-1,21,2020,0.537477014941,0.983999127897,0.305773318415,0.0920796890185,2.56494935746,1.13377889225,0.374356514822,0.0841003944886,3.52636052462,1.15474100621,000688.SH,000688.SH:DEV_R1_A:11100:23836,2020-09-25T10:31:00+08:00,2020-12-17T10:47:00+08:00
R1_A,2020-09-25,11178,2020-09-02,7093,SHORT,-1,26,2020,0.340687024873,1.96751824939,0.518683699489,0.18091225796,4.24849524205,1.11777998654,0.312634829782,0.11178755117,3.21887582487,0.975732782614,000688.SH,000688.SH:DEV_R1_A:11178:7093,2020-09-25T13:19:00+08:00,2020-09-02T13:14:00+08:00
R1_A,2020-09-25,11239,2020-09-02,7167,SHORT,-1,28,2020,0.309489246245,1.61947434273,0.518683699489,0.18091225796,4.8751973232,0.909671837479,0.312634829782,0.11178755117,4.59511985013,0.898620061467,000688.SH,000688.SH:DEV_R1_A:11239:7167,2020-09-25T14:20:00+08:00,2020-09-02T14:28:00+08:00
R1_A,2020-09-25,11270,2020-09-10,8623,SHORT,-1,29,2020,0.63507445093,2.08554070797,0.516645795309,0.188272141987,3.04452243772,1.04253579004,0.236407474496,0.102040816327,3.40119738166,0.993427259575,000688.SH,000688.SH:DEV_R1_A:11270:8623,2020-09-25T14:51:00+08:00,2020-09-10T14:44:00+08:00
R1_A,2020-09-28,11300,2020-08-06,2428,SHORT,-1,19,2020,0.37929803036,1.39394443919,0.453152400843,0.16033721397,2.8903717579,1.7441132704,0.36158993571,0.107194129845,2.19722457734,1.87557085639,000688.SH,000688.SH:DEV_R1_A:11300:2428,2020-09-28T09:51:00+08:00,2020-08-06T09:59:00+08:00
R1_A,2020-09-28,11379,2020-11-16,18329,SHORT,-1,22,2020,0.800820565425,0.894286574311,0.48890290059,0.263466042155,2.94443897917,0.578718336997,0.440765751167,0.247363240051,3.52636052462,0.435970057391,000688.SH,000688.SH:DEV_R1_A:11379:18329,2020-09-28T11:10:00+08:00,2020-11-16T11:00:00+08:00
R1_A,2020-09-30,11761,2020-09-16,9361,LONG,1,19,2020,0.72955337558,1.40673061932,0.553322330552,0.219121304228,3.33220451018,1.23518122659,0.486217792764,0.260362694301,4.18965474203,1.42010884041,000688.SH,000688.SH:DEV_R1_A:11761:9361,2020-09-30T09:32:00+08:00,2020-09-16T09:32:00+08:00
R1_A,2020-09-30,11964,2020-09-15,9315,LONG,1,28,2020,0.81133083018,1.2542107665,0.498402388201,0.24574881312,3.98898404656,1.00418805172,0.486217792764,0.260362694301,2.99573227355,0.819964657785,000688.SH,000688.SH:DEV_R1_A:11964:9315,2020-09-30T14:25:00+08:00,2020-09-15T14:16:00+08:00
R1_A,2020-10-09,12025,2020-11-16,18267,LONG,1,19,2020,0.692852882733,0.891759161832,0.480922322349,0.248373012604,2.8903717579,2.6373849809,0.345635290707,0.220947556615,2.83321334406,2.74019798057,000688.SH,000688.SH:DEV_R1_A:12025:18267,2020-10-09T09:56:00+08:00,2020-11-16T09:58:00+08:00
R1_A,2020-10-12,12300,2020-10-12,12299,LONG,1,21,2020,0.917658133781,0.0757244888101,0.559969888324,0.199860041987,3.36729582999,0.921650698271,0.559969888324,0.199860041987,3.33220451018,0.905265801674,000688.SH,000688.SH:DEV_R1_A:12300:12299,2020-10-12T10:31:00+08:00,2020-10-12T10:30:00+08:00
R1_A,2020-10-12,12433,2020-09-21,10259,LONG,1,28,2020,0.384913244936,1.08881473325,0.35887595375,0.13769363167,4.7957905456,0.51998787524,0.254148877876,0.086361425693,4.81218435537,0.503059545642,000688.SH,000688.SH:DEV_R1_A:12433:10259,2020-10-12T14:14:00+08:00,2020-09-21T14:00:00+08:00
R1_A,2020-10-13,12521,2020-10-28,15151,LONG,1,20,2020,0.411306865164,1.92881648001,0.35887595375,0.13769363167,5.34233425196,1.04496956488,0.553023668563,0.226118184786,5.60211882088,0.984540060516,000688.SH,000688.SH:DEV_R1_A:12521:15151,2020-10-13T10:12:00+08:00,2020-10-28T10:02:00+08:00
R1_A,2020-10-14,12724,2020-08-26,5763,LONG,1,19,2020,0.468193047125,1.04072028625,0.35887595375,0.13769363167,6.02102334935,2.06410459453,0.399103807982,0.0925023059692,5.46383180503,2.04466312125,000688.SH,000688.SH:DEV_R1_A:12724:5763,2020-10-14T09:35:00+08:00,2020-08-26T09:34:00+08:00
R1_A,2020-10-16,13223,2020-10-16,13222,SHORT,-1,19,2020,0.44522706294,0.300292605315,0.209725789365,0.0262690805822,5.51342874616,1.28208034943,0.209725789365,0.0262690805822,5.50938833663,1.20953439986,000688.SH,000688.SH:DEV_R1_A:13223:13222,2020-10-16T09:54:00+08:00,2020-10-16T09:53:00+08:00
R1_A,2020-10-16,13388,2020-09-02,7139,SHORT,-1,28,2020,0.728357609344,1.83063484057,0.705699460092,0.11838275423,3.49650756147,0.741351897975,0.312634829782,0.11178755117,4.26267987704,0.73163597606,000688.SH,000688.SH:DEV_R1_A:13388:7139,2020-10-16T14:09:00+08:00,2020-09-02T14:00:00+08:00
R1_A,2020-10-19,13555,2020-11-24,19774,SHORT,-1,22,2020,0.372140249808,1.4810790926,0.624568257233,0.137915442008,4.99721227376,0.937182542629,0.469012967638,0.0797658099074,4.54329478227,0.803530450736,000688.SH,000688.SH:DEV_R1_A:13555:19774,2020-10-19T11:26:00+08:00,2020-11-24T11:05:00+08:00
R1_A,2020-10-20,13710,2020-10-21,13952,SHORT,-1,20,2020,0.354245386877,1.20142456819,0.624568257233,0.137915442008,5.71373280551,1.61830715615,0.483439508121,0.095368436217,5.08140436498,1.56988505967,000688.SH,000688.SH:DEV_R1_A:13710:13952,2020-10-20T10:01:00+08:00,2020-10-21T10:03:00+08:00
R1_A,2020-10-21,14044,2020-10-21,14042,SHORT,-1,26,2020,0.420236654889,0.0891808232069,0.239524668917,0.0434118673647,4.47733681448,0.861561532992,0.239524668917,0.0434118673647,4.45434729625,0.840685382162,000688.SH,000688.SH:DEV_R1_A:14044:14042,2020-10-21T13:05:00+08:00,2020-10-21T13:03:00+08:00
R1_A,2020-10-21,14157,2020-10-15,13171,SHORT,-1,29,2020,0.331532268019,0.441530547305,0.239524668917,0.0434118673647,5.30330490806,0.946915241018,0.209725789365,0.0262690805822,5.27811465923,0.883552147566,000688.SH,000688.SH:DEV_R1_A:14157:13171,2020-10-21T14:58:00+08:00,2020-10-15T14:32:00+08:00
R1_A,2020-10-22,14172,2020-07-30,1211,SHORT,-1,19,2020,0.356587134193,0.57767631428,0.239524668917,0.0434118673647,5.37527840768,1.85314976132,0.18978423727,0.0641254715108,5.70378247466,1.81158000038,000688.SH,000688.SH:DEV_R1_A:14172:1211,2020-10-22T09:43:00+08:00,2020-07-30T09:42:00+08:00
R1_A,2020-10-22,14277,2020-11-18,18821,SHORT,-1,22,2020,0.735201732273,0.903518884269,0.374480319476,0.0745933819405,3.49650756147,0.691996946888,0.392829622302,0.0668732782369,4.1743872699,0.837859290711,000688.SH,000688.SH:DEV_R1_A:14277:18821,2020-10-22T11:28:00+08:00,2020-11-18T11:12:00+08:00
R1_A,2020-10-26,14738,2020-10-26,14737,SHORT,-1,22,2020,2.673731864,0.0405935063111,0.72088364914,0.253690609106,4.39444915467,0.742170211339,0.72088364914,0.253690609106,4.38202663467,0.732795498123,000688.SH,000688.SH:DEV_R1_A:14738:14737,2020-10-26T11:09:00+08:00,2020-10-26T11:08:00+08:00
R1_A,2020-10-28,15200,2020-10-28,15198,LONG,1,21,2020,0.499267064715,0.0938343281201,0.553023668563,0.226118184786,5.76832099579,0.67806463141,0.553023668563,0.226118184786,5.76205138278,0.655440541899,000688.SH,000688.SH:DEV_R1_A:15200:15198,2020-10-28T10:51:00+08:00,2020-10-28T10:49:00+08:00
R1_A,2020-10-29,15362,2020-12-02,21146,LONG,1,19,2020,1.19933451965,1.9554411643,0.626904203136,0.13104628466,0.69314718056,2.36876733452,0.44566561373,0.0930836348159,1.09861228867,1.98360788631,000688.SH,000688.SH:DEV_R1_A:15362:21146,2020-10-29T09:33:00+08:00,2020-12-02T09:57:00+08:00
R1_A,2020-10-29,15546,2020-08-25,5717,LONG,1,28,2020,0.303932336753,0.78875615835,0.466261690983,0.107738834584,4.93447393313,0.525482415156,0.399103807982,0.0925023059692,5.24702407216,0.671258079895,000688.SH,000688.SH:DEV_R1_A:15546:5717,2020-10-29T14:07:00+08:00,2020-08-25T14:18:00+08:00
R1_A,2020-10-30,15604,2020-08-26,5760,LONG,1,19,2020,0.467684802453,2.08041124252,0.466261690983,0.107738834584,5.28320372874,1.21735526484,0.399103807982,0.0925023059692,5.45103845357,0.726113317225,000688.SH,000688.SH:DEV_R1_A:15604:5760,2020-10-30T09:35:00+08:00,2020-08-26T09:31:00+08:00
R1_A,2020-10-30,15806,2020-11-13,18196,LONG,1,28,2020,1.60827501071,0.60772020685,0.222598354546,0.0782085561497,3.93182563272,0.915738646837,0.275960244866,0.0804826746374,3.49650756147,0.824932877963,000688.SH,000688.SH:DEV_R1_A:15806:18196,2020-10-30T14:27:00+08:00,2020-11-13T14:17:00+08:00
R1_A,2020-11-02,15841,2020-09-02,6965,LONG,1,19,2020,0.511650498147,1.42101792959,0.222598354546,0.0782085561497,4.45434729625,1.18032437278,0.100897181307,0.0335068749166,3.66356164613,1.02182092488,000688.SH,000688.SH:DEV_R1_A:15841:6965,2020-11-02T09:32:00+08:00,2020-09-02T09:36:00+08:00
R1_A,2020-11-02,15851,2020-12-25,25213,SHORT,-1,19,2020,0.543390827719,0.615245610508,0.0564590578611,0.0199735099338,1.60943791243,1.50120497038,0.16219334429,0.031863324663,1.79175946923,1.42746950684,000688.SH,000688.SH:DEV_R1_A:15851:25213,2020-11-02T09:42:00+08:00,2020-12-25T09:44:00+08:00
R1_A,2020-11-02,15924,2020-10-26,14699,SHORT,-1,21,2020,0.597968110946,2.69260271617,0.525828357441,0.360655737705,2.19722457734,0.959917674361,0.72088364914,0.253690609106,3.73766961828,0.879564874148,000688.SH,000688.SH:DEV_R1_A:15924:14699,2020-11-02T10:55:00+08:00,2020-10-26T10:30:00+08:00
R1_A,2020-11-03,16081,2020-09-08,7920,LONG,1,19,2020,0.40126742968,0.462140452055,0.07802421032,0.0370034052213,4.86753445046,0.908408643013,0.0550497410672,0.0425155004429,5.18178355029,0.985451409472,000688.SH,000688.SH:DEV_R1_A:16081:7920,2020-11-03T09:32:00+08:00,2020-09-08T09:31:00+08:00
R1_A,2020-11-03,16135,2020-08-31,6512,LONG,1,20,2020,0.395191633182,0.312068142885,0.07802421032,0.0370034052213,5.21493575761,1.18883048777,0.132820126537,0.0467854173049,5.17614973257,1.17001039665,000688.SH,000688.SH:DEV_R1_A:16135:6512,2020-11-03T10:26:00+08:00,2020-08-31T10:03:00+08:00
R1_A,2020-11-03,16201,2020-08-31,6600,LONG,1,26,2020,0.289415594448,0.345134837971,0.07802421032,0.0370034052213,5.52146091786,0.64378628346,0.132820126537,0.0467854173049,5.57972982599,0.604786505411,000688.SH,000688.SH:DEV_R1_A:16201:6600,2020-11-03T13:02:00+08:00,2020-08-31T13:01:00+08:00
R1_A,2020-11-04,16337,2020-07-30,1218,LONG,1,19,2020,0.519139750032,2.28018644985,0.787605272099,0.236540554382,1.60943791243,1.57203006056,0.678528905418,0.247512679101,0.69314718056,2.06513134402,000688.SH,000688.SH:DEV_R1_A:16337:1218,2020-11-04T09:48:00+08:00,2020-07-30T09:49:00+08:00
R1_A,2020-11-04,16470,2020-10-27,15030,LONG,1,27,2020,0.426679951638,1.82963230918,0.742308144789,0.19600796196,4.09434456222,1.11979752472,0.553023668563,0.226118184786,5.0106352941,0.815318587444,000688.SH,000688.SH:DEV_R1_A:16470:15030,2020-11-04T13:31:00+08:00,2020-10-27T13:31:00+08:00
R1_A,2020-11-05,16589,2020-12-02,21150,LONG,1,20,2020,0.928114225494,1.93565571457,0.452630953416,0.108896650914,3.13549421593,2.35052921244,0.44566561373,0.0930836348159,1.94591014906,1.98029030654,000688.SH,000688.SH:DEV_R1_A:16589:21150,2020-11-05T10:00:00+08:00,2020-12-02T10:01:00+08:00
R1_A,2020-11-09,17047,2020-11-09,17046,SHORT,-1,19,2020,0.957909850412,0.0948363485086,0.322889392143,0.096449561227,3.73766961828,1.52188422616,0.322889392143,0.096449561227,3.7135720667,1.49966361222,000688.SH,000688.SH:DEV_R1_A:17047:17046,2020-11-09T09:38:00+08:00,2020-11-09T09:37:00+08:00
R1_A,2020-11-09,17270,2020-09-17,9838,LONG,1,29,2020,0.568678633123,0.650218100637,0.105503088511,0.0346530339559,3.7135720667,0.61183488687,0.21541583691,0.0573553719008,3.61091791264,0.599448431241,000688.SH,000688.SH:DEV_R1_A:17270:9838,2020-11-09T14:51:00+08:00,2020-09-17T14:59:00+08:00
R1_A,2020-11-12,17797,2020-11-12,17796,SHORT,-1,20,2020,1.20038610888,0.0481660544723,0.233511676817,0.0626763366971,3.61091791264,1.03443807741,0.233511676817,0.0626763366971,3.58351893846,1.02468968811,000688.SH,000688.SH:DEV_R1_A:17797:17796,2020-11-12T10:08:00+08:00,2020-11-12T10:07:00+08:00
R1_A,2020-11-20,19219,2020-11-20,19217,SHORT,-1,19,2020,1.74281092287,0.220277096819,0.376260637222,0.0809870439042,5.49306144334,1.64551868171,0.376260637222,0.0809870439042,5.48479693349,1.59233331216,000688.SH,000688.SH:DEV_R1_A:19219:19217,2020-11-20T09:50:00+08:00,2020-11-20T09:48:00+08:00
R1_A,2020-11-26,20184,2020-11-26,20183,SHORT,-1,19,2020,0.571259483657,0.169948497252,0.543532912317,0.0697507719453,2.63905732962,1.45566419039,0.543532912317,0.0697507719453,2.56494935746,1.41837543783,000688.SH,000688.SH:DEV_R1_A:20184:20183,2020-11-26T09:55:00+08:00,2020-11-26T09:54:00+08:00
R1_A,2020-11-26,20380,2020-11-24,19889,SHORT,-1,29,2020,0.416690990122,0.353994141852,0.53190666835,0.0728611175516,5.16478597392,0.663188590337,0.469012967638,0.0797658099074,5.34233425196,0.683394953258,000688.SH,000688.SH:DEV_R1_A:20380:19889,2020-11-26T14:41:00+08:00,2020-11-24T14:30:00+08:00
R1_A,2020-11-27,20483,2020-09-07,7742,SHORT,-1,21,2020,0.813959170489,0.507134915668,0.220773188371,0.078916976774,4.02535169074,1.01751266553,0.1507354812,0.0579769178547,3.95124371858,1.01890364889,000688.SH,000688.SH:DEV_R1_A:20483:7742,2020-11-27T10:54:00+08:00,2020-09-07T10:33:00+08:00
R1_A,2020-11-27,20608,2020-12-17,23966,LONG,1,28,2020,0.883812680175,0.0598926803241,0.00550032913688,0.00101047705153,4.62497281328,0.630287704496,0.0121120539897,0.00195141645919,4.5747109785,0.633130917355,000688.SH,000688.SH:DEV_R1_A:20608:23966,2020-11-27T14:29:00+08:00,2020-12-17T14:27:00+08:00
R1_A,2020-12-02,21191,2020-12-02,21189,LONG,1,21,2020,0.756299011331,0.221143554954,0.44566561373,0.0930836348159,3.87120101091,1.03391603417,0.44566561373,0.0930836348159,3.82864139649,1.08642533073,000688.SH,000688.SH:DEV_R1_A:21191:21189,2020-12-02T10:42:00+08:00,2020-12-02T10:40:00+08:00
R1_A,2020-12-10,22619,2020-12-17,23836,SHORT,-1,21,2020,0.756898440669,0.983357225064,0.601053377813,0.0812185468417,3.33220451018,1.15919667528,0.374356514822,0.0841003944886,3.52636052462,1.15474100621,000688.SH,000688.SH:DEV_R1_A:22619:23836,2020-12-10T10:30:00+08:00,2020-12-17T10:47:00+08:00
R1_A,2020-12-11,22823,2020-11-25,19927,SHORT,-1,19,2020,0.430606174605,1.29111741824,0.616842777087,0.108643933386,4.49980967033,1.48484519797,0.469012967638,0.0797658099074,5.50938833663,1.44926368728,000688.SH,000688.SH:DEV_R1_A:22823:19927,2020-12-11T09:54:00+08:00,2020-11-25T09:38:00+08:00
R1_A,2020-12-11,22906,2020-11-25,20020,SHORT,-1,22,2020,0.35751548795,1.07412353705,0.616842777087,0.108643933386,5.1532915945,1.286149082,0.469012967638,0.0797658099074,5.82894561761,1.24633703968,000688.SH,000688.SH:DEV_R1_A:22906:20020,2020-12-11T11:17:00+08:00,2020-11-25T11:11:00+08:00
R1_A,2020-12-14,23043,2020-10-15,12982,SHORT,-1,19,2020,0.889617630246,0.251463686018,0.260466826042,0.0300541461337,1.94591014906,1.46646782648,0.209725789365,0.0262690805822,1.94591014906,1.4407148422,000688.SH,000688.SH:DEV_R1_A:23043:12982,2020-12-14T09:34:00+08:00,2020-10-15T09:53:00+08:00
R1_A,2020-12-14,23236,2020-08-28,6430,LONG,1,28,2020,0.557044716982,0.805568571622,0.153187568516,0.0201779326791,4.18965474203,0.408192860338,0.132820126537,0.0467854173049,4.5538768916,0.530266366372,000688.SH,000688.SH:DEV_R1_A:23236:6430,2020-12-14T14:17:00+08:00,2020-08-28T14:11:00+08:00
R1_A,2020-12-15,23314,2020-12-01,20909,LONG,1,20,2020,0.561208040615,1.27360406473,0.00514673110895,0.001728744303,1.94591014906,1.6582727962,0.087160507785,0.0118488917801,3.17805383035,1.71888896777,000688.SH,000688.SH:DEV_R1_A:23314:20909,2020-12-15T10:05:00+08:00,2020-12-01T10:00:00+08:00
R1_A,2020-12-16,23595,2020-12-16,23594,SHORT,-1,21,2020,0.303701031669,0.0282396401829,0.381265328452,0.117623995295,4.31748811354,0.878142023575,0.381265328452,0.117623995295,4.3040650932,0.872071075265,000688.SH,000688.SH:DEV_R1_A:23595:23594,2020-12-16T10:46:00+08:00,2020-12-16T10:45:00+08:00
R1_A,2020-12-18,24021,2020-12-18,24020,LONG,1,19,2020,0.420951373602,0.078771076308,0.0121120539897,0.00195141645919,5.02388052085,1.99736703551,0.0121120539897,0.00195141645919,5.01727983681,1.97839728839,000688.SH,000688.SH:DEV_R1_A:24021:24020,2020-12-18T09:52:00+08:00,2020-12-18T09:51:00+08:00
R1_A,2020-12-18,24095,2020-11-23,19533,LONG,1,22,2020,0.407106336619,0.234763233447,0.0121120539897,0.00195141645919,5.42053499927,0.763068109092,0.0195140304286,0.00380758610667,5.65948221576,0.759556304847,000688.SH,000688.SH:DEV_R1_A:24095:19533,2020-12-18T11:06:00+08:00,2020-11-23T11:04:00+08:00
R1_A,2020-12-21,24299,2020-12-02,21181,LONG,1,21,2020,0.500923914111,1.80558506411,0.311354204027,0.0994783452626,2.48490664979,1.43099378632,0.44566561373,0.0930836348159,3.63758615973,1.11652180725,000688.SH,000688.SH:DEV_R1_A:24299:21181,2020-12-21T10:30:00+08:00,2020-12-02T10:32:00+08:00
R1_A,2020-12-22,24515,2020-12-01,20911,LONG,1,20,2020,0.629739525871,0.778701049164,0.00766130278923,0.00095705991195,2.56494935746,1.58030564082,0.087160507785,0.0118488917801,3.25809653802,1.59751683408,000688.SH,000688.SH:DEV_R1_A:24515:20911,2020-12-22T10:06:00+08:00,2020-12-01T10:02:00+08:00
R1_A,2020-12-22,24613,2020-09-03,7320,SHORT,-1,26,2020,0.566206888191,0.954567268535,0.23001880877,0.0441220912662,3.40119738166,0.791004138405,0.227671932933,0.0774539877301,2.83321334406,0.898952828876,000688.SH,000688.SH:DEV_R1_A:24613:7320,2020-12-22T13:14:00+08:00,2020-09-03T13:01:00+08:00
R1_A,2020-12-23,24725,2020-08-06,2407,SHORT,-1,19,2020,0.408043494763,0.86558465962,0.18625841323,0.0643229166667,4.67282883446,1.15947170376,0.159118869334,0.0949301064052,4.02535169074,1.1638617289,000688.SH,000688.SH:DEV_R1_A:24725:2407,2020-12-23T09:36:00+08:00,2020-08-06T09:38:00+08:00
R1_A,2020-12-23,24801,2020-11-19,19026,SHORT,-1,21,2020,0.573075116785,0.847426421589,0.472419025673,0.114290867552,3.52636052462,0.740122507725,0.376260637222,0.0809870439042,3.91202300543,0.74558808732,000688.SH,000688.SH:DEV_R1_A:24801:19026,2020-12-23T10:52:00+08:00,2020-11-19T10:37:00+08:00
R1_A,2020-12-25,25216,2020-09-03,7210,SHORT,-1,19,2020,0.613805815923,0.309641977431,0.16219334429,0.031863324663,2.19722457734,1.54713207017,0.162433585906,0.0478937381404,2.19722457734,1.54477072976,000688.SH,000688.SH:DEV_R1_A:25216:7210,2020-12-25T09:47:00+08:00,2020-09-03T09:41:00+08:00
R1_A,2020-12-25,25295,2020-08-06,2518,SHORT,-1,22,2020,0.83700818953,0.752124885672,0.127568908293,0.0797782598216,3.33220451018,0.837618405156,0.235274249589,0.103335919317,2.99573227355,0.88877309097,000688.SH,000688.SH:DEV_R1_A:25295:2518,2020-12-25T11:06:00+08:00,2020-08-06T11:29:00+08:00
R1_A,2020-12-25,25351,2020-09-03,7371,SHORT,-1,27,2020,0.319449406674,0.487957202508,0.127568908293,0.0797782598216,4.43081679884,0.648214666728,0.227671932933,0.0774539877301,4.21950770518,0.676623824633,000688.SH,000688.SH:DEV_R1_A:25351:7371,2020-12-25T13:32:00+08:00,2020-09-03T13:52:00+08:00
R1_A,2020-12-28,25451,2020-12-01,20896,LONG,1,19,2020,0.894813530534,0.264659969601,0.0260386841529,0.0132439228835,2.3978952728,1.65928067809,0.087160507785,0.0118488917801,2.3978952728,1.649029644,000688.SH,000688.SH:DEV_R1_A:25451:20896,2020-12-28T09:42:00+08:00,2020-12-01T09:47:00+08:00
R1_A,2020-12-28,25477,2020-11-06,16842,LONG,1,20,2020,0.382851954419,0.247019021792,0.0260386841529,0.0132439228835,3.61091791264,1.34677569731,0.0412344915516,0.0151740553407,3.7135720667,1.39844921622,000688.SH,000688.SH:DEV_R1_A:25477:16842,2020-12-28T10:08:00+08:00,2020-11-06T10:13:00+08:00
R1_A,2020-12-28,25498,2020-11-06,16855,LONG,1,20,2020,0.324098115544,0.174651259345,0.0260386841529,0.0132439228835,4.06044301055,1.18890242743,0.0412344915516,0.0151740553407,3.98898404656,1.1545348134,000688.SH,000688.SH:DEV_R1_A:25498:16855,2020-12-28T10:29:00+08:00,2020-11-06T10:26:00+08:00
R1_A,2020-12-28,25522,2020-08-06,2474,SHORT,-1,21,2020,0.65598809621,0.474795512368,0.131674498336,0.0261005937045,2.30258509299,0.925575941036,0.0736699711379,0.0214482126489,2.7080502011,0.942690204477,000688.SH,000688.SH:DEV_R1_A:25522:2474,2020-12-28T10:53:00+08:00,2020-08-06T10:45:00+08:00
R1_A,2020-12-29,25697,2020-09-03,7228,SHORT,-1,19,2020,0.921227114048,1.20842290159,0.056843412595,0.014885535366,2.56494935746,1.84126158574,0.162433585906,0.0478937381404,3.295836866,1.69624198673,000688.SH,000688.SH:DEV_R1_A:25697:7228,2020-12-29T09:48:00+08:00,2020-09-03T09:59:00+08:00
R1_A,2020-12-29,25849,2020-09-17,9750,SHORT,-1,27,2020,0.332507058375,0.717821021019,0.0131879174568,0.00546282245827,4.04305126783,0.585592070492,0.0973349969869,0.0211466623356,4.59511985013,0.556319448879,000688.SH,000688.SH:DEV_R1_A:25849:9750,2020-12-29T13:50:00+08:00,2020-09-17T13:31:00+08:00
R1_A,2020-12-30,25950,2020-09-02,6996,SHORT,-1,20,2020,0.55411041613,0.549669993441,0.112319016007,0.0267439092136,2.19722457734,1.49283573173,0.0282860980202,0.010964563801,2.07944154168,1.42940807199,000688.SH,000688.SH:DEV_R1_A:25950:6996,2020-12-30T10:01:00+08:00,2020-09-02T10:07:00+08:00
R1_A,2020-12-30,25987,2020-09-17,9687,SHORT,-1,21,2020,0.667640442308,0.273471917054,0.112319016007,0.0267439092136,3.82864139649,1.15242025519,0.0973349969869,0.0211466623356,3.58351893846,1.16705351156,000688.SH,000688.SH:DEV_R1_A:25987:9687,2020-12-30T10:38:00+08:00,2020-09-17T10:58:00+08:00
