confirm_idx,entry_idx,exit_idx,horizon_end_idx,parent_sign,option_type,confirm_day,entry_day,exit_day,horizon_day,entry_ts,exit_ts,entry_spot,exit_spot,exit_class,holding_bars,structural_outcome,contract_code,expiry,strike,entry_ask,exit_bid,option_entry_ts,option_exit_ts,net_cny,premium_return,entry_premium_cny,exit_premium_cny,intrinsic_at_entry,time_to_expiry_days,spot_move,status
440772,440773,440821.0,441973,1,C,2022-07-22,2022-07-22,2022-07-25,2022-07-29,2022-07-22 14:33:00+08:00,2022-07-25 09:51:00+08:00,7025.3,7011.8,temporal_completion,48.0,recovery,MO2208-C-7000,2022-08-19,7000.0,160.0,164.0,2022-07-22 14:33:02.900000+08:00,2022-07-25 09:51:04.100000+08:00,372.0,0.02499999999999991,16000.0,16400.0,25.300000000000182,28.0,-0.0019216261227278375,completed_two_leg
442025,442026,442241.0,443226,1,C,2022-08-01,2022-08-01,2022-08-02,2022-08-08,2022-08-01 09:56:00+08:00,2022-08-02 09:31:00+08:00,7123.8,7072.09,temporal_completion,215.0,failure,MO2208-C-7100,2022-08-19,7100.0,147.8,130.2,2022-08-01 09:56:05+08:00,2022-08-02 09:31:02.200000+08:00,-1788.0000000000023,-0.11907983761840335,14780.000000000002,13019.999999999998,23.800000000000182,18.0,-0.007258766388725135,completed_two_leg
442357,442358,442364.0,443558,-1,P,2022-08-02,2022-08-02,2022-08-02,2022-08-09,2022-08-02 11:28:00+08:00,2022-08-02 13:04:00+08:00,6876.97,6947.59,temporal_completion,6.0,failure,MO2208-P-6900,2022-08-19,6900.0,214.6,150.8,2022-08-02 11:28:09.700000+08:00,2022-08-02 13:04:02.700000+08:00,-6407.999999999998,-0.29729729729729726,21460.0,15080.000000000002,23.029999999999745,17.0,0.010269057448265784,completed_two_leg
442462,442463,442481.0,443663,-1,P,2022-08-02,2022-08-02,2022-08-03,2022-08-09,2022-08-02 14:43:00+08:00,2022-08-03 09:31:00+08:00,6995.61,7038.66,temporal_completion,18.0,failure,MO2208-P-7000,2022-08-19,7000.0,191.4,135.2,2022-08-02 14:43:11.200000+08:00,2022-08-03 09:31:14.800000+08:00,-5648.000000000002,-0.2936259143155696,19140.0,13519.999999999998,4.390000000000327,17.0,0.006153859348934532,completed_two_leg
442560,442561,442615.0,443761,-1,P,2022-08-03,2022-08-03,2022-08-03,2022-08-10,2022-08-03 10:51:00+08:00,2022-08-03 13:15:00+08:00,7024.64,7051.07,parent_failure,54.0,failure,MO2208-P-7000,2022-08-19,7000.0,161.4,144.0,2022-08-03 10:51:02.800000+08:00,2022-08-03 13:16:08.800000+08:00,-1768.0000000000005,-0.10780669144981414,16140.0,14400.0,0.0,16.0,0.003762470389941708,completed_two_leg
442670,442671,442721.0,443871,-1,P,2022-08-03,2022-08-03,2022-08-04,2022-08-10,2022-08-03 14:11:00+08:00,2022-08-04 09:31:00+08:00,7020.13,6957.3,temporal_completion,50.0,recovery,MO2208-P-7000,2022-08-19,7000.0,167.8,191.4,2022-08-03 14:11:57.800000+08:00,2022-08-04 09:31:09.800000+08:00,2331.9999999999995,0.1406436233611441,16780.0,19140.0,0.0,16.0,-0.008949976709832996,completed_two_leg
442721,442722,442726.0,443922,1,C,2022-08-04,2022-08-04,2022-08-04,2022-08-11,2022-08-04 09:32:00+08:00,2022-08-04 09:36:00+08:00,6958.61,6925.63,temporal_completion,4.0,failure,MO2208-C-7000,2022-08-19,7000.0,115.2,104.0,2022-08-04 09:32:02.300000+08:00,2022-08-04 09:36:10.300000+08:00,-1148.0000000000002,-0.09722222222222221,11520.0,10400.0,0.0,15.0,-0.004739452275669964,completed_two_leg
442876,442877,443873.0,444077,1,C,2022-08-04,2022-08-04,2022-08-10,2022-08-11,2022-08-04 13:37:00+08:00,2022-08-10 14:13:00+08:00,6901.16,7180.22,temporal_completion,996.0,recovery,MO2208-C-6900,2022-08-19,6900.0,117.4,278.2,2022-08-04 13:37:00.800000+08:00,2022-08-10 14:14:32.200000+08:00,16051.999999999998,1.3696763202725721,11740.0,27820.0,1.1599999999998545,15.0,0.04043668021028357,completed_two_leg
445630,445631,446092.0,446831,1,C,2022-08-22,2022-08-22,2022-08-24,2022-08-29,2022-08-22 10:01:00+08:00,2022-08-24 09:42:00+08:00,7237.39,7248.61,temporal_completion,461.0,censored,MO2209-C-7200,2022-09-16,7200.0,152.8,144.0,2022-08-22 10:01:02.700000+08:00,2022-08-24 09:42:02.500000+08:00,-908.0000000000011,-0.05759162303664933,15280.000000000002,14400.0,37.39000000000033,25.0,0.0015502826295112904,completed_two_leg
447115,447116,447233.0,448316,-1,P,2022-08-30,2022-08-30,2022-08-30,2022-09-06,2022-08-30 10:46:00+08:00,2022-08-30 14:13:00+08:00,6974.75,6993.16,temporal_completion,117.0,recovery,MO2209-P-7000,2022-09-16,7000.0,182.6,158.6,2022-08-30 10:46:06.700000+08:00,2022-08-30 14:13:08.200000+08:00,-2428.0,-0.1314348302300109,18260.0,15860.0,25.25,17.0,0.0026395211297896015,completed_two_leg
447456,447457,447534.0,448657,-1,P,2022-08-31,2022-08-31,2022-09-01,2022-09-07,2022-08-31 13:57:00+08:00,2022-09-01 09:44:00+08:00,6809.23,6789.71,temporal_completion,77.0,recovery,MO2209-P-6800,2022-09-16,6800.0,141.8,146.6,2022-08-31 13:57:01+08:00,2022-09-01 09:44:04.700000+08:00,451.9999999999983,0.03385049365303239,14180.000000000002,14660.0,0.0,16.0,-0.002866697115532779,completed_two_leg
447577,447578,447609.0,448778,-1,P,2022-09-01,2022-09-01,2022-09-01,2022-09-08,2022-09-01 10:28:00+08:00,2022-09-01 10:59:00+08:00,6763.2,6777.46,temporal_completion,31.0,recovery,MO2209-P-6800,2022-09-16,6800.0,171.4,149.6,2022-09-01 10:28:01.700000+08:00,2022-09-01 10:59:09.700000+08:00,-2208.000000000001,-0.12718786464410736,17140.0,14960.0,36.80000000000018,15.0,0.002108469363614862,completed_two_leg
447705,447706,447803.0,448906,-1,P,2022-09-01,2022-09-01,2022-09-02,2022-09-08,2022-09-01 14:06:00+08:00,2022-09-02 10:13:00+08:00,6732.73,6744.7,temporal_completion,97.0,recovery,MO2209-P-6700,2022-09-16,6700.0,127.8,115.6,2022-09-01 14:06:13.200000+08:00,2022-09-02 10:13:20.200000+08:00,-1248.0000000000002,-0.09546165884194058,12780.0,11560.0,0.0,15.0,0.0017778820775524729,completed_two_leg
447923,447924,448019.0,449124,-1,P,2022-09-02,2022-09-02,2022-09-05,2022-09-09,2022-09-02 13:44:00+08:00,2022-09-05 09:49:00+08:00,6753.88,6787.41,temporal_completion,95.0,failure,MO2209-P-6800,2022-09-16,6800.0,171.4,151.2,2022-09-02 13:45:40.200000+08:00,2022-09-05 09:49:02.800000+08:00,-2048.000000000002,-0.11785297549591611,17140.0,15119.999999999998,46.11999999999989,14.0,0.004964553708386887,completed_two_leg
449026,449027,449229.0,450227,1,C,2022-09-09,2022-09-09,2022-09-13,2022-09-19,2022-09-09 10:37:00+08:00,2022-09-13 09:59:00+08:00,6906.4,6901.99,temporal_completion,202.0,failure,MO2210-C-6900,2022-10-21,6900.0,144.2,143.8,2022-09-09 10:39:10.800000+08:00,2022-09-13 09:59:07.100000+08:00,-67.99999999999773,-0.002773925104022079,14419.999999999998,14380.000000000002,6.399999999999636,42.0,-0.000638538167496816,completed_two_leg
449926,449927,449938.0,451127,-1,P,2022-09-16,2022-09-16,2022-09-16,2022-09-23,2022-09-16 09:37:00+08:00,2022-09-16 09:48:00+08:00,6577.48,6608.75,temporal_completion,11.0,recovery,MO2210-P-6600,2022-10-21,6600.0,220.2,193.2,2022-09-16 09:37:04.700000+08:00,2022-09-16 09:48:05.200000+08:00,-2728.0,-0.12261580381471393,22020.0,19320.0,22.520000000000437,35.0,0.004754100354543045,completed_two_leg
450195,450196,,451396,-1,P,2022-09-19,2022-09-19,,,2022-09-19 10:06:00+08:00,,6439.24,,,,recovery,,,,,,,,,,,,,,,entry_invalid
450291,450292,450366.0,451492,-1,P,2022-09-19,2022-09-19,2022-09-19,2022-09-26,2022-09-19 13:12:00+08:00,2022-09-19 14:26:00+08:00,6399.54,6417.25,temporal_completion,74.0,recovery,MO2210-P-6400,2022-10-21,6400.0,224.8,206.8,2022-09-19 13:12:26.400000+08:00,2022-09-19 14:26:05.900000+08:00,-1828.0,-0.08007117437722422,22480.0,20680.0,0.4600000000000364,32.0,0.002767386405897909,completed_two_leg
450528,450529,450660.0,451729,-1,P,2022-09-20,2022-09-20,2022-09-21,2022-09-27,2022-09-20 13:09:00+08:00,2022-09-21 09:50:00+08:00,6485.9,6429.59,temporal_completion,131.0,recovery,MO2210-P-6500,2022-10-21,6500.0,225.8,249.8,2022-09-20 13:09:09.500000+08:00,2022-09-21 09:50:02.800000+08:00,2372.0,0.1062887511071744,22580.0,24980.0,14.100000000000364,31.0,-0.00868190998936147,completed_two_leg
451280,451281,451317.0,452481,-1,P,2022-09-23,2022-09-23,2022-09-23,2022-09-30,2022-09-23 13:41:00+08:00,2022-09-23 14:17:00+08:00,6415.62,6412.1,temporal_completion,36.0,recovery,MO2210-P-6400,2022-10-21,6400.0,173.2,169.0,2022-09-23 13:41:20.800000+08:00,2022-09-23 14:17:01.300000+08:00,-447.99999999999886,-0.024249422632794393,17320.0,16900.0,0.0,28.0,-0.0005486609244312879,completed_two_leg
451391,451392,451415.0,452592,-1,P,2022-09-26,2022-09-26,2022-09-26,2022-10-10,2022-09-26 10:02:00+08:00,2022-09-26 10:25:00+08:00,6310.34,6360.46,temporal_completion,23.0,recovery,MO2210-P-6300,2022-10-21,6300.0,170.0,137.8,2022-09-26 10:02:02.400000+08:00,2022-09-26 10:25:08.900000+08:00,-3247.999999999999,-0.18941176470588228,17000.0,13780.000000000002,0.0,25.0,0.007942519737446752,completed_two_leg
451624,451625,451634.0,452825,-1,P,2022-09-27,2022-09-27,2022-09-27,2022-10-11,2022-09-27 09:55:00+08:00,2022-09-27 10:04:00+08:00,6300.7,6340.13,temporal_completion,9.0,failure,MO2210-P-6300,2022-10-21,6300.0,166.8,147.0,2022-09-27 09:55:05.700000+08:00,2022-09-27 10:04:03.200000+08:00,-2008.0000000000011,-0.11870503597122306,16680.0,14700.0,0.0,24.0,0.006258034821527758,completed_two_leg
451852,451853,452027.0,453053,-1,P,2022-09-28,2022-09-28,2022-09-28,2022-10-12,2022-09-28 09:43:00+08:00,2022-09-28 14:07:00+08:00,6370.17,6284.99,temporal_completion,174.0,recovery,MO2210-P-6400,2022-10-21,6400.0,177.0,214.2,2022-09-28 09:43:01.800000+08:00,2022-09-28 14:07:01.300000+08:00,3691.999999999999,0.21016949152542375,17700.0,21420.0,29.829999999999927,23.0,-0.013371699656367197,completed_two_leg
452027,452028,452037.0,453228,1,C,2022-09-28,2022-09-28,2022-09-28,2022-10-12,2022-09-28 14:08:00+08:00,2022-09-28 14:17:00+08:00,6292.82,6274.36,parent_failure,9.0,failure,MO2210-C-6300,2022-10-21,6300.0,148.6,136.2,2022-09-28 14:08:01.800000+08:00,2022-09-28 14:17:19.300000+08:00,-1268.0000000000005,-0.08344549125168244,14860.0,13619.999999999998,0.0,23.0,-0.0029335019911581606,completed_two_leg
452152,452153,452300.0,453353,-1,P,2022-09-29,2022-09-29,2022-09-29,2022-10-13,2022-09-29 10:43:00+08:00,2022-09-29 14:40:00+08:00,6263.95,6238.42,temporal_completion,147.0,recovery,MO2210-P-6300,2022-10-21,6300.0,170.8,185.2,2022-09-29 10:43:07.700000+08:00,2022-09-29 14:40:07.700000+08:00,1411.9999999999977,0.08430913348946123,17080.0,18520.0,36.05000000000018,22.0,-0.004075703030835154,completed_two_leg
452323,452324,452405.0,453524,-1,P,2022-09-30,2022-09-30,2022-09-30,2022-10-14,2022-09-30 09:34:00+08:00,2022-09-30 10:55:00+08:00,6210.68,6186.24,temporal_completion,81.0,recovery,MO2210-P-6200,2022-10-21,6200.0,147.4,165.0,2022-09-30 09:34:10.800000+08:00,2022-09-30 10:55:05.800000+08:00,1731.9999999999995,0.11940298507462677,14740.0,16500.0,0.0,21.0,-0.003935156858830391,completed_two_leg
452451,452452,452567.0,453652,-1,P,2022-09-30,2022-09-30,2022-10-10,2022-10-14,2022-09-30 13:12:00+08:00,2022-10-10 09:37:00+08:00,6161.55,6109.14,temporal_completion,115.0,recovery,MO2210-P-6200,2022-10-21,6200.0,184.2,174.2,2022-09-30 13:12:01.300000+08:00,2022-10-10 09:37:05.300000+08:00,-1028.0,-0.05428881650380024,18420.0,17420.0,38.44999999999982,21.0,-0.008505976580568175,completed_two_leg
452587,452588,452809.0,453788,-1,P,2022-10-10,2022-10-10,2022-10-11,2022-10-17,2022-10-10 09:58:00+08:00,2022-10-11 09:39:00+08:00,6103.59,6006.32,temporal_completion,221.0,recovery,MO2210-P-6100,2022-10-21,6100.0,125.4,168.6,2022-10-10 09:58:02.800000+08:00,2022-10-11 09:39:05.300000+08:00,4291.999999999999,0.3444976076555022,12540.0,16860.0,0.0,11.0,-0.015936522603910208,completed_two_leg
452936,452937,453074.0,454137,-1,P,2022-10-11,2022-10-11,2022-10-12,2022-10-18,2022-10-11 13:17:00+08:00,2022-10-12 10:04:00+08:00,6001.19,5996.52,temporal_completion,137.0,recovery,MO2210-P-6000,2022-10-21,6000.0,121.2,120.6,2022-10-11 13:17:27.800000+08:00,2022-10-12 10:04:01.700000+08:00,-88.00000000000085,-0.004950495049505066,12120.0,12060.0,0.0,10.0,-0.000778178994499279,completed_two_leg
454540,454541,454647.0,455741,1,C,2022-10-20,2022-10-20,2022-10-20,2022-10-27,2022-10-20 10:31:00+08:00,2022-10-20 13:47:00+08:00,6404.45,6474.61,temporal_completion,106.0,recovery,MO2211-C-6400,2022-11-18,6400.0,136.4,180.2,2022-10-20 10:31:13.400000+08:00,2022-10-20 13:47:58.400000+08:00,4351.999999999998,0.3211143695014662,13640.0,18020.0,4.449999999999818,29.0,0.010954882932960652,completed_two_leg
455012,455013,455091.0,456213,1,C,2022-10-24,2022-10-24,2022-10-24,2022-10-31,2022-10-24 10:23:00+08:00,2022-10-24 13:11:00+08:00,6476.73,6453.57,temporal_completion,78.0,failure,MO2211-C-6500,2022-11-18,6500.0,141.0,127.2,2022-10-24 10:23:02.400000+08:00,2022-10-24 13:11:01.900000+08:00,-1407.9999999999998,-0.09787234042553195,14100.0,12720.0,0.0,25.0,-0.0035758785683516203,completed_two_leg
455232,455233,455299.0,456433,-1,P,2022-10-25,2022-10-25,2022-10-25,2022-11-01,2022-10-25 10:03:00+08:00,2022-10-25 11:09:00+08:00,6334.08,6296.43,temporal_completion,66.0,recovery,MO2211-P-6300,2022-11-18,6300.0,180.8,197.4,2022-10-25 10:03:11.200000+08:00,2022-10-25 11:09:02.200000+08:00,1631.9999999999995,0.0918141592920354,18080.0,19740.0,0.0,24.0,-0.005944036071536818,completed_two_leg
455329,455330,455345.0,456530,-1,P,2022-10-25,2022-10-25,2022-10-25,2022-11-01,2022-10-25 13:10:00+08:00,2022-10-25 13:25:00+08:00,6359.47,6378.6,parent_failure,15.0,failure,MO2211-P-6400,2022-11-18,6400.0,212.4,196.4,2022-10-25 13:10:13.200000+08:00,2022-10-25 13:25:01.700000+08:00,-1628.0,-0.07532956685499059,21240.0,19640.0,40.529999999999745,24.0,0.0030081123112459807,completed_two_leg
455681,455682,455700.0,456882,1,C,2022-10-27,2022-10-27,2022-10-27,2022-11-03,2022-10-27 09:32:00+08:00,2022-10-27 09:50:00+08:00,6516.23,6489.22,temporal_completion,18.0,failure,MO2211-C-6500,2022-11-18,6500.0,179.2,163.8,2022-10-27 09:32:01.700000+08:00,2022-10-27 09:50:02.700000+08:00,-1567.9999999999977,-0.08593749999999989,17920.0,16380.000000000002,16.229999999999563,22.0,-0.004145034782381707,completed_two_leg
456169,456170,,457370,1,C,2022-10-31,2022-10-31,,,2022-10-31 09:40:00+08:00,,6246.81,,,,failure,,,,,,,,,,,,,,,entry_invalid
456224,456225,456304.0,457425,1,C,2022-10-31,2022-10-31,2022-10-31,2022-11-07,2022-10-31 10:35:00+08:00,2022-10-31 13:24:00+08:00,6291.07,6304.4,temporal_completion,79.0,recovery,MO2211-C-6300,2022-11-18,6300.0,163.4,168.8,2022-10-31 10:35:03.800000+08:00,2022-10-31 13:24:03.800000+08:00,512.0000000000006,0.03304773561811514,16340.0,16880.0,0.0,18.0,0.0021188764391431025,completed_two_leg
456304,456305,456401.0,457505,-1,P,2022-10-31,2022-10-31,2022-11-01,2022-11-07,2022-10-31 13:25:00+08:00,2022-11-01 09:31:00+08:00,6304.44,6330.01,temporal_completion,96.0,failure,MO2211-P-6300,2022-11-18,6300.0,171.8,143.8,2022-10-31 13:25:01.800000+08:00,2022-11-01 09:31:01.300000+08:00,-2828.0,-0.1629802095459837,17180.0,14380.000000000002,0.0,18.0,0.004055871734840899,completed_two_leg
456854,456855,456896.0,458055,-1,P,2022-11-02,2022-11-02,2022-11-03,2022-11-09,2022-11-02 14:35:00+08:00,2022-11-03 09:46:00+08:00,6507.43,6549.1,parent_failure,41.0,failure,MO2211-P-6500,2022-11-18,6500.0,125.4,113.8,2022-11-02 14:35:00.300000+08:00,2022-11-03 09:46:02.600000+08:00,-1188.000000000001,-0.09250398724082942,12540.0,11380.0,0.0,16.0,0.006403449595308697,completed_two_leg
456992,456993,457020.0,458193,-1,P,2022-11-03,2022-11-03,2022-11-03,2022-11-10,2022-11-03 11:23:00+08:00,2022-11-03 13:20:00+08:00,6528.8,6550.58,parent_failure,27.0,failure,MO2211-P-6500,2022-11-18,6500.0,117.0,108.6,2022-11-03 11:23:08.100000+08:00,2022-11-03 13:20:08.100000+08:00,-868.0000000000006,-0.07179487179487187,11700.0,10860.0,0.0,15.0,0.003335988236735643,completed_two_leg
457840,457841,457958.0,459041,1,C,2022-11-08,2022-11-09,2022-11-09,2022-11-16,2022-11-09 09:31:00+08:00,2022-11-09 11:28:00+08:00,6686.86,6689.68,temporal_completion,117.0,recovery,MO2211-C-6700,2022-11-18,6700.0,107.0,93.6,2022-11-09 09:31:02.600000+08:00,2022-11-09 11:28:05.600000+08:00,-1368.0000000000005,-0.12523364485981314,10700.0,9360.0,0.0,9.0,0.0004217226022378284,completed_two_leg
458472,458473,458517.0,459673,1,C,2022-11-11,2022-11-11,2022-11-11,2022-11-18,2022-11-11 13:33:00+08:00,2022-11-11 14:17:00+08:00,6715.56,6681.02,temporal_completion,44.0,failure,MO2212-C-6700,2022-12-16,6700.0,204.8,175.8,2022-11-11 13:33:07.100000+08:00,2022-11-11 14:17:50.600000+08:00,-2928.0,-0.1416015625,20480.0,17580.0,15.5600000000004,35.0,-0.00514327919041746,completed_two_leg
458806,458807,459131.0,460007,1,C,2022-11-15,2022-11-15,2022-11-16,2022-11-22,2022-11-15 09:37:00+08:00,2022-11-16 11:01:00+08:00,6610.34,6727.64,temporal_completion,324.0,recovery,MO2212-C-6600,2022-12-16,6600.0,184.2,241.4,2022-11-15 09:37:03.500000+08:00,2022-11-16 11:02:45.800000+08:00,5692.000000000002,0.3105320304017374,18420.0,24140.0,10.340000000000146,31.0,0.017744926887270474,completed_two_leg
459131,459132,459475.0,460332,-1,P,2022-11-16,2022-11-16,2022-11-17,2022-11-23,2022-11-16 11:02:00+08:00,2022-11-17 14:15:00+08:00,6731.8,6678.61,temporal_completion,343.0,recovery,MO2212-P-6700,2022-12-16,6700.0,166.6,184.0,2022-11-16 11:04:01.800000+08:00,2022-11-17 14:15:03.700000+08:00,1712.0000000000005,0.10444177671068422,16660.0,18400.0,0.0,30.0,-0.007901304257405206,completed_two_leg
460514,460515,460537.0,461715,-1,P,2022-11-24,2022-11-24,2022-11-24,2022-12-01,2022-11-24 10:05:00+08:00,2022-11-24 10:27:00+08:00,6559.16,6599.5,temporal_completion,22.0,recovery,MO2212-P-6600,2022-12-16,6600.0,182.4,156.2,2022-11-24 10:05:05.300000+08:00,2022-11-24 10:27:01.300000+08:00,-2648.000000000002,-0.14364035087719307,18240.0,15619.999999999998,40.840000000000146,22.0,0.006150177766665266,completed_two_leg
461651,461652,461681.0,462852,-1,P,2022-11-30,2022-11-30,2022-12-01,2022-12-07,2022-11-30 14:32:00+08:00,2022-12-01 09:31:00+08:00,6568.38,6658.84,parent_failure,29.0,failure,MO2212-P-6600,2022-12-16,6600.0,139.6,88.2,2022-11-30 14:32:00+08:00,2022-12-01 09:31:02.600000+08:00,-5167.999999999999,-0.3681948424068767,13960.0,8820.0,31.61999999999989,16.0,0.01377204120346276,completed_two_leg
463168,463169,463386.0,464369,1,C,2022-12-09,2022-12-09,2022-12-12,2022-12-16,2022-12-09 10:19:00+08:00,2022-12-12 09:56:00+08:00,6676.22,6630.6,temporal_completion,217.0,censored,MO2301-C-6700,2023-01-20,6700.0,150.6,115.0,2022-12-09 10:19:03.700000+08:00,2022-12-12 09:57:29.700000+08:00,-3587.9999999999995,-0.23638778220451528,15060.0,11500.0,0.0,42.0,-0.006833208012917424,completed_two_leg
466025,466026,466131.0,467226,-1,P,2022-12-27,2022-12-27,2022-12-27,2023-01-04,2022-12-27 09:56:00+08:00,2022-12-27 13:11:00+08:00,6260.87,6299.39,temporal_completion,105.0,censored,MO2301-P-6300,2023-01-20,6300.0,129.4,105.4,2022-12-27 09:56:12.500000+08:00,2022-12-27 13:11:02.500000+08:00,-2428.0,-0.18547140649149918,12940.0,10540.0,39.13000000000011,24.0,0.006152499572743109,completed_two_leg
467342,467343,467450.0,468543,-1,P,2023-01-04,2023-01-04,2023-01-05,2023-01-11,2023-01-04 13:23:00+08:00,2023-01-05 09:40:00+08:00,6397.42,6429.73,temporal_completion,107.0,censored,MO2301-P-6400,2023-01-20,6400.0,89.6,78.8,2023-01-04 13:23:02.100000+08:00,2023-01-05 09:40:02.700000+08:00,-1107.9999999999998,-0.1205357142857143,8960.0,7880.0,2.5799999999999272,16.0,0.0050504734721184,completed_two_leg
468578,468579,468672.0,469779,-1,P,2023-01-11,2023-01-11,2023-01-12,2023-01-18,2023-01-11 13:59:00+08:00,2023-01-12 10:02:00+08:00,6513.32,6528.24,temporal_completion,93.0,recovery,MO2301-P-6500,2023-01-20,6500.0,61.2,45.0,2023-01-11 13:59:05.500000+08:00,2023-01-12 10:02:02.900000+08:00,-1648.0000000000002,-0.26470588235294124,6120.0,4500.0,0.0,9.0,0.002290690462007028,completed_two_leg
469624,469625,470466.0,470825,1,C,2023-01-18,2023-01-18,2023-01-30,2023-02-01,2023-01-18 09:55:00+08:00,2023-01-30 13:26:00+08:00,6621.86,6785.81,temporal_completion,841.0,recovery,MO2302-C-6600,2023-02-17,6600.0,154.6,239.4,2023-01-18 09:55:01.600000+08:00,2023-01-30 13:26:41.200000+08:00,8452.000000000002,0.5485122897800778,15460.0,23940.0,21.859999999999673,30.0,0.024758904597801834,completed_two_leg
470614,470615,471281.0,471815,1,C,2023-01-31,2023-01-31,2023-02-03,2023-02-07,2023-01-31 10:25:00+08:00,2023-02-03 09:31:00+08:00,6815.95,6919.74,temporal_completion,666.0,recovery,MO2302-C-6800,2023-02-17,6800.0,125.2,166.2,2023-01-31 10:25:02.400000+08:00,2023-02-03 09:31:17.200000+08:00,4071.999999999998,0.3274760383386581,12520.0,16620.0,15.949999999999818,17.0,0.01522751780749565,completed_two_leg
471437,471438,471522.0,472638,1,C,2023-02-03,2023-02-03,2023-02-06,2023-02-10,2023-02-03 13:38:00+08:00,2023-02-06 09:32:00+08:00,6877.88,6880.53,temporal_completion,84.0,recovery,MO2302-C-6900,2023-02-17,6900.0,92.8,86.8,2023-02-03 13:38:11.200000+08:00,2023-02-06 09:32:05.200000+08:00,-628.0,-0.06465517241379315,9280.0,8680.0,0.0,14.0,0.0003852931426544526,completed_two_leg
472691,472692,473621.0,473892,1,C,2023-02-10,2023-02-10,2023-02-16,2023-02-17,2023-02-10 14:32:00+08:00,2023-02-16 14:01:00+08:00,6975.04,7048.21,temporal_completion,929.0,recovery,MO2303-C-7000,2023-03-17,7000.0,137.4,134.2,2023-02-10 14:32:52.200000+08:00,2023-02-16 14:01:07.700000+08:00,-348.0000000000017,-0.023289665211062682,13740.0,13419.999999999998,0.0,35.0,0.010490262421434249,completed_two_leg
473669,473670,473717.0,474870,1,C,2023-02-16,2023-02-16,2023-02-17,2023-02-23,2023-02-16 14:50:00+08:00,2023-02-17 10:07:00+08:00,6933.15,6901.63,temporal_completion,47.0,censored,MO2303-C-6900,2023-03-17,6900.0,145.8,132.4,2023-02-16 14:50:18.700000+08:00,2023-02-17 10:07:12.800000+08:00,-1368.0000000000005,-0.09190672153635115,14580.000000000002,13240.0,33.149999999999636,29.0,-0.004546274060131306,completed_two_leg
474902,474903,474944.0,476103,1,C,2023-02-24,2023-02-24,2023-02-24,2023-03-03,2023-02-24 09:53:00+08:00,2023-02-24 10:34:00+08:00,6980.54,6933.22,temporal_completion,41.0,recovery,MO2303-C-7000,2023-03-17,7000.0,90.6,71.2,2023-02-24 09:53:08.500000+08:00,2023-02-24 10:34:01.500000+08:00,-1967.999999999999,-0.21412803532008817,9060.0,7120.0,0.0,21.0,-0.006778845189627125,completed_two_leg
476276,476277,476603.0,477477,1,C,2023-03-03,2023-03-03,2023-03-07,2023-03-10,2023-03-03 14:17:00+08:00,2023-03-07 10:13:00+08:00,6971.05,6953.15,temporal_completion,326.0,failure,MO2303-C-7000,2023-03-17,7000.0,63.4,43.6,2023-03-03 14:17:07.100000+08:00,2023-03-07 10:13:02.200000+08:00,-2007.9999999999998,-0.3123028391167192,6340.0,4360.0,0.0,14.0,-0.00256776238873635,completed_two_leg
476853,476854,476874.0,478054,1,C,2023-03-08,2023-03-08,2023-03-08,2023-03-15,2023-03-08 10:24:00+08:00,2023-03-08 10:44:00+08:00,6888.2,6873.47,parent_failure,20.0,failure,MO2303-C-6900,2023-03-17,6900.0,66.2,60.2,2023-03-08 10:24:02.500000+08:00,2023-03-08 10:44:05+08:00,-628.0,-0.09063444108761332,6620.0,6020.0,0.0,9.0,-0.0021384396504166014,completed_two_leg
477207,477208,477281.0,478408,1,C,2023-03-09,2023-03-09,2023-03-10,2023-03-16,2023-03-09 13:48:00+08:00,2023-03-10 09:31:00+08:00,6900.81,6858.96,parent_failure,73.0,recovery,MO2303-C-6900,2023-03-17,6900.0,60.8,48.0,2023-03-09 13:48:01.400000+08:00,2023-03-10 09:31:01.800000+08:00,-1307.9999999999998,-0.21052631578947367,6080.0,4800.0,0.8100000000004002,8.0,-0.006064505471096937,completed_two_leg
478156,478157,478481.0,479357,-1,P,2023-03-15,2023-03-15,2023-03-17,2023-03-22,2023-03-15 13:37:00+08:00,2023-03-17 09:31:00+08:00,6795.02,6731.53,temporal_completion,324.0,recovery,MO2304-P-6800,2023-04-21,6800.0,150.6,175.2,2023-03-15 13:38:20.600000+08:00,2023-03-17 09:31:22.200000+08:00,2431.9999999999995,0.1633466135458168,15060.0,17520.0,4.979999999999563,37.0,-0.009343607524334052,completed_two_leg
478560,478561,478595.0,479761,-1,P,2023-03-17,2023-03-17,2023-03-17,2023-03-24,2023-03-17 10:51:00+08:00,2023-03-17 11:25:00+08:00,6728.4,6769.46,temporal_completion,34.0,failure,MO2304-P-6700,2023-04-21,6700.0,126.6,103.4,2023-03-17 10:51:30.200000+08:00,2023-03-17 11:25:43.700000+08:00,-2347.999999999999,-0.18325434439178512,12660.0,10340.0,0.0,35.0,0.006102490933951765,completed_two_leg
480189,480190,480195.0,481390,-1,P,2023-03-28,2023-03-28,2023-03-28,2023-04-04,2023-03-28 10:00:00+08:00,2023-03-28 10:05:00+08:00,6839.03,6846.51,parent_failure,5.0,failure,MO2304-P-6800,2023-04-21,6800.0,90.6,87.6,2023-03-28 10:00:00.600000+08:00,2023-03-28 10:05:11.600000+08:00,-328.0,-0.0331125827814569,9060.0,8760.0,0.0,24.0,0.0010937223553633135,completed_two_leg
480354,480355,,481555,-1,P,2023-03-28,2023-03-28,,,2023-03-28 14:15:00+08:00,,6833.28,,,,recovery,,,,,,,,,,,,,,,entry_invalid
480561,480562,480642.0,481762,1,C,2023-03-29,2023-03-29,2023-03-30,2023-04-06,2023-03-29 13:42:00+08:00,2023-03-30 09:32:00+08:00,6835.72,6791.61,temporal_completion,80.0,recovery,MO2304-C-6800,2023-04-21,6800.0,107.8,94.0,2023-03-29 13:42:02.800000+08:00,2023-03-30 09:32:02.400000+08:00,-1407.9999999999998,-0.1280148423005566,10780.0,9400.0,35.720000000000255,23.0,-0.006452868168971282,completed_two_leg
482562,482563,482947.0,483763,1,C,2023-04-12,2023-04-12,2023-04-13,2023-04-19,2023-04-12 09:33:00+08:00,2023-04-13 13:27:00+08:00,6996.97,6978.8,temporal_completion,384.0,censored,MO2304-C-7000,2023-04-21,7000.0,58.0,42.4,2023-04-12 09:33:02.200000+08:00,2023-04-13 13:27:03.500000+08:00,-1588.0000000000002,-0.2689655172413793,5800.0,4240.0,0.0,9.0,-0.0025968383457410926,completed_two_leg
484235,484236,484293.0,485436,1,C,2023-04-20,2023-04-20,2023-04-21,2023-04-27,2023-04-20 14:56:00+08:00,2023-04-21 10:23:00+08:00,6962.42,6914.48,temporal_completion,57.0,failure,MO2305-C-7000,2023-05-19,7000.0,66.0,48.6,2023-04-20 14:56:20.400000+08:00,2023-04-21 10:23:03.600000+08:00,-1767.9999999999998,-0.26363636363636367,6600.0,4860.0,0.0,29.0,-0.006885536925379521,completed_two_leg
485020,485021,485094.0,486221,-1,P,2023-04-26,2023-04-26,2023-04-26,2023-05-08,2023-04-26 10:31:00+08:00,2023-04-26 13:14:00+08:00,6592.11,6632.09,temporal_completion,73.0,censored,MO2305-P-6600,2023-05-19,6600.0,105.0,89.2,2023-04-26 10:31:02+08:00,2023-04-26 13:14:00.500000+08:00,-1607.9999999999998,-0.15047619047619043,10500.0,8920.0,7.890000000000327,23.0,0.006064825981362709,completed_two_leg
486813,486814,486881.0,488014,-1,P,2023-05-10,2023-05-10,2023-05-11,2023-05-17,2023-05-10 13:54:00+08:00,2023-05-11 09:31:00+08:00,6600.15,6647.87,temporal_completion,67.0,recovery,MO2305-P-6600,2023-05-19,6600.0,68.8,48.2,2023-05-10 13:54:00.400000+08:00,2023-05-11 09:31:02.200000+08:00,-2087.9999999999995,-0.29941860465116277,6880.0,4820.0,0.0,9.0,0.007230138708968825,completed_two_leg
487636,487637,487882.0,488837,-1,P,2023-05-16,2023-05-16,2023-05-17,2023-05-23,2023-05-16 10:07:00+08:00,2023-05-17 10:12:00+08:00,6542.16,6545.65,temporal_completion,245.0,censored,MO2306-P-6500,2023-06-16,6500.0,116.4,100.0,2023-05-16 10:08:02.200000+08:00,2023-05-17 10:12:24.900000+08:00,-1668.0000000000005,-0.14089347079037806,11640.0,10000.0,0.0,31.0,0.0005334629541313696,completed_two_leg
489271,489272,489409.0,490472,-1,P,2023-05-24,2023-05-24,2023-05-25,2023-05-31,2023-05-24 14:52:00+08:00,2023-05-25 13:09:00+08:00,6516.01,6488.53,temporal_completion,137.0,recovery,MO2306-P-6500,2023-06-16,6500.0,90.4,110.4,2023-05-24 14:52:01.500000+08:00,2023-05-25 13:09:03.200000+08:00,1972.0,0.22123893805309724,9040.0,11040.0,0.0,23.0,-0.004217304761656382,completed_two_leg
489541,489542,489570.0,490742,-1,P,2023-05-26,2023-05-26,2023-05-26,2023-06-02,2023-05-26 09:52:00+08:00,2023-05-26 10:20:00+08:00,6458.53,6501.79,temporal_completion,28.0,censored,MO2306-P-6500,2023-06-16,6500.0,130.6,97.4,2023-05-26 09:52:01.500000+08:00,2023-05-26 10:20:02+08:00,-3347.999999999999,-0.2542113323124042,13060.0,9740.0,41.470000000000255,21.0,0.0066981186121299885,completed_two_leg
490744,490745,491203.0,491945,1,C,2023-06-02,2023-06-02,2023-06-06,2023-06-09,2023-06-02 09:55:00+08:00,2023-06-06 09:33:00+08:00,6611.87,6595.57,temporal_completion,458.0,recovery,MO2306-C-6600,2023-06-16,6600.0,85.0,57.6,2023-06-02 09:55:00.200000+08:00,2023-06-06 09:33:02.300000+08:00,-2768.0,-0.3223529411764706,8500.0,5760.0,11.86999999999989,14.0,-0.0024652632311282785,completed_two_leg
491468,491469,491652.0,492669,1,C,2023-06-07,2023-06-07,2023-06-07,2023-06-14,2023-06-07 09:59:00+08:00,2023-06-07 14:32:00+08:00,6515.28,6471.63,temporal_completion,183.0,failure,MO2306-C-6500,2023-06-16,6500.0,73.8,50.6,2023-06-07 09:59:02.600000+08:00,2023-06-07 14:32:04.600000+08:00,-2347.9999999999995,-0.31436314363143625,7380.0,5060.0,15.279999999999745,9.0,-0.0066996353188196744,completed_two_leg
493910,493911,493981.0,495111,1,C,2023-06-21,2023-06-21,2023-06-21,2023-06-30,2023-06-21 10:41:00+08:00,2023-06-21 13:21:00+08:00,6638.46,6593.33,temporal_completion,70.0,failure,MO2307-C-6600,2023-07-21,6600.0,98.6,80.8,2023-06-21 10:41:33.600000+08:00,2023-06-21 13:21:02.600000+08:00,-1807.9999999999998,-0.18052738336713992,9860.0,8080.0,38.460000000000036,30.0,-0.006798263452668207,completed_two_leg
496342,496343,496619.0,497543,1,C,2023-07-07,2023-07-07,2023-07-10,2023-07-14,2023-07-07 11:13:00+08:00,2023-07-10 13:19:00+08:00,6532.99,6510.68,temporal_completion,276.0,censored,MO2307-C-6500,2023-07-21,6500.0,87.0,73.4,2023-07-07 11:13:15.900000+08:00,2023-07-10 13:19:02.600000+08:00,-1387.9999999999995,-0.1563218390804597,8700.0,7340.000000000001,32.98999999999978,14.0,-0.0034149753788080828,completed_two_leg
497681,497682,498051.0,498882,-1,P,2023-07-17,2023-07-17,2023-07-18,2023-07-24,2023-07-17 09:32:00+08:00,2023-07-18 13:11:00+08:00,6498.22,6531.32,temporal_completion,369.0,recovery,MO2308-P-6500,2023-08-18,6500.0,116.2,92.4,2023-07-17 09:32:07.300000+08:00,2023-07-18 13:11:19+08:00,-2407.9999999999995,-0.20481927710843373,11620.0,9240.0,1.7799999999997453,32.0,0.005093702583168769,completed_two_leg
498509,498510,498670.0,499710,-1,P,2023-07-20,2023-07-20,2023-07-21,2023-07-27,2023-07-20 11:20:00+08:00,2023-07-21 10:00:00+08:00,6466.33,6431.79,temporal_completion,160.0,recovery,MO2308-P-6500,2023-08-18,6500.0,124.4,138.8,2023-07-20 11:20:10+08:00,2023-07-21 10:00:02.600000+08:00,1412.0000000000005,0.11575562700964626,12440.0,13880.000000000002,33.67000000000007,29.0,-0.005341515202595626,completed_two_leg
498766,498767,498914.0,499967,-1,P,2023-07-21,2023-07-21,2023-07-24,2023-07-28,2023-07-21 13:07:00+08:00,2023-07-24 10:04:00+08:00,6398.02,6420.55,temporal_completion,147.0,recovery,MO2308-P-6400,2023-08-18,6400.0,98.2,80.8,2023-07-21 13:07:02.600000+08:00,2023-07-24 10:04:02.600000+08:00,-1768.0000000000005,-0.17718940936863548,9820.0,8080.0,1.9799999999995634,28.0,0.0035214019337233005,completed_two_leg
499061,499062,499121.0,500262,-1,P,2023-07-24,2023-07-24,2023-07-25,2023-07-31,2023-07-24 14:02:00+08:00,2023-07-25 09:31:00+08:00,6389.92,6462.68,temporal_completion,59.0,recovery,MO2308-P-6400,2023-08-18,6400.0,100.0,59.2,2023-07-24 14:02:16.600000+08:00,2023-07-25 09:31:02.200000+08:00,-4108.0,-0.4079999999999999,10000.0,5920.0,10.079999999999927,25.0,0.011386684027343108,completed_two_leg
502752,502753,502888.0,503953,-1,P,2023-08-15,2023-08-15,2023-08-15,2023-08-22,2023-08-15 10:03:00+08:00,2023-08-15 13:48:00+08:00,6279.92,6247.06,temporal_completion,135.0,recovery,MO2309-P-6300,2023-09-15,6300.0,113.6,128.6,2023-08-15 10:03:57.100000+08:00,2023-08-15 13:48:07.600000+08:00,1472.0,0.13204225352112675,11360.0,12860.0,20.079999999999927,31.0,-0.005232550733130337,completed_two_leg
503002,503003,503062.0,504203,-1,P,2023-08-16,2023-08-16,2023-08-16,2023-08-23,2023-08-16 10:13:00+08:00,2023-08-16 11:12:00+08:00,6219.7,6247.48,temporal_completion,59.0,recovery,MO2309-P-6200,2023-09-15,6200.0,93.8,79.0,2023-08-16 10:13:05.700000+08:00,2023-08-16 11:12:48.700000+08:00,-1507.9999999999998,-0.1577825159914712,9380.0,7900.0,0.0,30.0,0.0044664533659179995,completed_two_leg
503120,503121,503226.0,504321,-1,P,2023-08-16,2023-08-16,2023-08-17,2023-08-23,2023-08-16 13:41:00+08:00,2023-08-17 09:56:00+08:00,6209.21,6175.44,temporal_completion,105.0,recovery,MO2309-P-6200,2023-09-15,6200.0,94.4,109.6,2023-08-16 13:41:02.700000+08:00,2023-08-17 09:56:01.700000+08:00,1491.9999999999989,0.16101694915254217,9440.0,10960.0,0.0,30.0,-0.005438695099698743,completed_two_leg
503369,503370,503399.0,504570,-1,P,2023-08-17,2023-08-17,2023-08-17,2023-08-24,2023-08-17 13:50:00+08:00,2023-08-17 14:19:00+08:00,6197.73,6244.62,temporal_completion,29.0,recovery,MO2309-P-6200,2023-09-15,6200.0,100.4,71.0,2023-08-17 13:50:25.700000+08:00,2023-08-17 14:19:03.200000+08:00,-2968.0000000000005,-0.2928286852589642,10040.0,7100.0,2.2700000000004366,29.0,0.007565673238427717,completed_two_leg
503824,503825,,505025,-1,P,2023-08-21,2023-08-21,,,2023-08-21 13:25:00+08:00,,6108.86,,,,recovery,,,,,,,,,,,,,,,entry_invalid
503935,503936,504046.0,505136,-1,P,2023-08-22,2023-08-22,2023-08-22,2023-08-29,2023-08-22 09:46:00+08:00,2023-08-22 13:06:00+08:00,6061.68,6067.13,temporal_completion,110.0,recovery,MO2309-P-6100,2023-09-15,6100.0,134.6,121.6,2023-08-22 09:46:06.700000+08:00,2023-08-22 13:06:02.700000+08:00,-1328.0,-0.09658246656760772,13460.0,12160.0,38.31999999999971,24.0,0.0008990906811312538,completed_two_leg
504050,504051,504105.0,505251,-1,P,2023-08-22,2023-08-22,2023-08-22,2023-08-29,2023-08-22 13:11:00+08:00,2023-08-22 14:05:00+08:00,6021.52,6031.92,temporal_completion,54.0,recovery,MO2309-P-6000,2023-09-15,6000.0,100.2,92.6,2023-08-22 13:11:05.700000+08:00,2023-08-22 14:05:00.200000+08:00,-788.0000000000009,-0.07584830339321369,10020.0,9260.0,0.0,24.0,0.0017271386626631635,completed_two_leg
504161,504162,504438.0,505362,-1,P,2023-08-23,2023-08-23,2023-08-24,2023-08-30,2023-08-23 09:32:00+08:00,2023-08-24 10:08:00+08:00,6048.54,5985.33,temporal_completion,276.0,recovery,MO2309-P-6000,2023-09-15,6000.0,84.8,123.6,2023-08-23 09:32:02.500000+08:00,2023-08-24 10:08:11.100000+08:00,3851.9999999999995,0.4575471698113207,8480.0,12360.0,0.0,23.0,-0.010450455812477055,completed_two_leg
504589,504590,504669.0,505790,-1,P,2023-08-24,2023-08-24,2023-08-25,2023-08-31,2023-08-24 14:10:00+08:00,2023-08-25 09:59:00+08:00,6006.02,5972.5,temporal_completion,79.0,recovery,MO2309-P-6000,2023-09-15,6000.0,107.2,118.6,2023-08-24 14:10:02.600000+08:00,2023-08-25 09:59:02.800000+08:00,1111.999999999999,0.10634328358208944,10720.0,11860.0,0.0,22.0,-0.005581066996113937,completed_two_leg
504679,504680,504817.0,505880,-1,P,2023-08-25,2023-08-25,2023-08-25,2023-09-01,2023-08-25 10:10:00+08:00,2023-08-25 13:57:00+08:00,5941.61,5927.14,temporal_completion,137.0,recovery,MO2309-P-5900,2023-09-15,5900.0,88.4,102.0,2023-08-25 10:10:00.300000+08:00,2023-08-25 13:57:02.300000+08:00,1331.9999999999995,0.15384615384615374,8840.0,10200.0,0.0,21.0,-0.0024353668450133314,completed_two_leg
504834,504835,504881.0,506035,-1,P,2023-08-25,2023-08-25,2023-08-28,2023-09-01,2023-08-25 14:15:00+08:00,2023-08-28 09:31:00+08:00,5889.33,6173.42,parent_failure,46.0,recovery,MO2309-P-5900,2023-09-15,5900.0,134.0,44.4,2023-08-25 14:15:01.800000+08:00,2023-08-28 09:31:02.300000+08:00,-8988.0,-0.6686567164179105,13400.0,4440.0,10.670000000000073,21.0,0.04823808480760983,completed_two_leg
505125,505126,505420.0,506326,1,C,2023-08-29,2023-08-29,2023-08-30,2023-09-05,2023-08-29 09:36:00+08:00,2023-08-30 10:30:00+08:00,5962.32,6140.47,temporal_completion,294.0,recovery,MO2309-C-6000,2023-09-15,6000.0,109.2,190.6,2023-08-29 09:36:00.500000+08:00,2023-08-30 10:30:01.100000+08:00,8111.999999999999,0.7454212454212452,10920.0,19060.0,0.0,17.0,0.02987930872546274,completed_two_leg
505553,505554,505602.0,506754,1,C,2023-08-30,2023-08-30,2023-08-31,2023-09-06,2023-08-30 14:14:00+08:00,2023-08-31 09:32:00+08:00,6148.56,6106.81,temporal_completion,48.0,recovery,MO2309-C-6100,2023-09-15,6100.0,126.0,107.8,2023-08-30 14:14:06.100000+08:00,2023-08-31 09:32:05.900000+08:00,-1848.0000000000002,-0.1444444444444445,12600.0,10780.0,48.5600000000004,16.0,-0.006790207788490266,completed_two_leg
506617,506618,506819.0,507818,1,C,2023-09-06,2023-09-06,2023-09-07,2023-09-13,2023-09-06 10:28:00+08:00,2023-09-07 09:49:00+08:00,6164.08,6155.01,temporal_completion,201.0,failure,MO2309-C-6200,2023-09-15,6200.0,53.4,41.6,2023-09-06 10:28:02+08:00,2023-09-07 09:49:01.900000+08:00,-1207.9999999999998,-0.22097378277153557,5340.0,4160.0,0.0,9.0,-0.0014714280152106074,completed_two_leg
507181,507182,507284.0,508382,1,C,2023-09-08,2023-09-08,2023-09-11,2023-09-15,2023-09-08 13:22:00+08:00,2023-09-11 09:34:00+08:00,6108.33,6085.02,parent_failure,102.0,failure,MO2310-C-6100,2023-10-20,6100.0,128.0,111.0,2023-09-08 13:22:13.500000+08:00,2023-09-11 09:34:18.500000+08:00,-1728.0,-0.1328125,12800.0,11100.0,8.329999999999927,42.0,-0.003816100308922321,completed_two_leg
507761,507762,507982.0,508962,-1,P,2023-09-13,2023-09-13,2023-09-13,2023-09-20,2023-09-13 09:32:00+08:00,2023-09-13 14:42:00+08:00,6157.01,6105.43,temporal_completion,220.0,recovery,MO2310-P-6200,2023-10-20,6200.0,146.8,186.2,2023-09-13 09:32:01.200000+08:00,2023-09-13 14:42:07.700000+08:00,3911.9999999999977,0.2683923705722069,14680.000000000002,18620.0,42.98999999999978,37.0,-0.00837744294714482,completed_two_leg
507982,507983,508086.0,509183,1,C,2023-09-13,2023-09-13,2023-09-14,2023-09-20,2023-09-13 14:43:00+08:00,2023-09-14 10:56:00+08:00,6104.54,6066.14,parent_failure,103.0,failure,MO2310-C-6100,2023-10-20,6100.0,107.0,88.0,2023-09-13 14:43:22.200000+08:00,2023-09-14 10:56:59.600000+08:00,-1928.0,-0.17757009345794394,10700.0,8800.0,4.539999999999964,37.0,-0.006290400259478912,completed_two_leg
508274,508275,508380.0,509475,1,C,2023-09-15,2023-09-15,2023-09-15,2023-09-22,2023-09-15 10:05:00+08:00,2023-09-15 13:20:00+08:00,6088.55,6072.46,temporal_completion,105.0,recovery,MO2310-C-6100,2023-10-20,6100.0,102.0,94.0,2023-09-15 10:05:00.100000+08:00,2023-09-15 13:20:00.100000+08:00,-828.0,-0.07843137254901966,10200.0,9400.0,0.0,35.0,-0.0026426653308259107,completed_two_leg
508514,508515,508607.0,509715,1,C,2023-09-18,2023-09-18,2023-09-18,2023-09-25,2023-09-18 10:05:00+08:00,2023-09-18 13:07:00+08:00,6078.12,6065.96,parent_failure,92.0,failure,MO2310-C-6100,2023-10-20,6100.0,101.8,91.4,2023-09-18 10:05:00.500000+08:00,2023-09-18 13:07:02+08:00,-1067.999999999999,-0.10216110019646363,10180.0,9140.0,0.0,32.0,-0.0020006186123340264,completed_two_leg
508671,508672,508721.0,509872,1,C,2023-09-18,2023-09-18,2023-09-19,2023-09-25,2023-09-18 14:12:00+08:00,2023-09-19 09:31:00+08:00,6096.89,6063.91,parent_failure,49.0,failure,MO2310-C-6100,2023-10-20,6100.0,110.0,94.2,2023-09-18 14:12:02.500000+08:00,2023-09-19 09:31:00.900000+08:00,-1607.9999999999998,-0.14363636363636356,11000.0,9420.0,0.0,32.0,-0.005409315241049151,completed_two_leg
509868,509869,510181.0,511069,-1,P,2023-09-25,2023-09-25,2023-09-27,2023-10-10,2023-09-25 14:09:00+08:00,2023-09-27 09:51:00+08:00,6018.01,6039.65,temporal_completion,312.0,censored,MO2310-P-6000,2023-10-20,6000.0,90.2,72.2,2023-09-25 14:09:04+08:00,2023-09-27 09:51:01.300000+08:00,-1828.0,-0.19955654101995568,9020.0,7220.0,0.0,25.0,0.003595873054381693,completed_two_leg
511309,511310,511362.0,512510,-1,P,2023-10-11,2023-10-11,2023-10-12,2023-10-18,2023-10-11 14:10:00+08:00,2023-10-12 09:32:00+08:00,6059.76,6091.7,temporal_completion,52.0,recovery,MO2310-P-6100,2023-10-20,6100.0,83.0,68.6,2023-10-11 14:10:01.200000+08:00,2023-10-12 09:32:00+08:00,-1468.0000000000005,-0.17349397590361448,8300.0,6859.999999999999,40.23999999999978,9.0,0.00527083580867882,completed_two_leg
512322,512323,,513523,-1,P,2023-10-18,2023-10-18,,,2023-10-18 09:33:00+08:00,,5962.25,,,,recovery,,,,,,,,,,,,,,,entry_invalid
512668,512669,512885.0,513869,-1,P,2023-10-19,2023-10-19,2023-10-20,2023-10-26,2023-10-19 11:19:00+08:00,2023-10-20 10:55:00+08:00,5888.39,5840.25,temporal_completion,216.0,recovery,MO2311-P-5900,2023-11-17,5900.0,116.4,148.2,2023-10-19 11:19:30.500000+08:00,2023-10-20 10:55:13.800000+08:00,3151.999999999998,0.2731958762886597,11640.0,14819.999999999998,11.609999999999673,29.0,-0.008175409577151016,completed_two_leg
512942,512943,513167.0,514143,-1,P,2023-10-20,2023-10-20,2023-10-23,2023-10-27,2023-10-20 13:23:00+08:00,2023-10-23 13:07:00+08:00,5798.37,5717.84,temporal_completion,224.0,recovery,MO2311-P-5800,2023-11-17,5800.0,118.0,164.0,2023-10-20 13:23:01.800000+08:00,2023-10-23 13:07:04.800000+08:00,4572.0,0.38983050847457634,11800.0,16400.0,1.6300000000001091,28.0,-0.013888385873961129,completed_two_leg
513187,513188,513293.0,514388,-1,P,2023-10-23,2023-10-23,2023-10-24,2023-10-30,2023-10-23 13:28:00+08:00,2023-10-24 09:43:00+08:00,5685.85,5653.19,temporal_completion,105.0,recovery,MO2311-P-5700,2023-11-17,5700.0,134.8,168.8,2023-10-23 13:28:01.800000+08:00,2023-10-24 09:43:05+08:00,3372.0,0.25222551928783377,13480.000000000002,16880.0,14.149999999999636,25.0,-0.005744083997995197,completed_two_leg
513371,513372,513463.0,514572,-1,P,2023-10-24,2023-10-24,2023-10-24,2023-10-31,2023-10-24 11:02:00+08:00,2023-10-24 14:03:00+08:00,5692.15,5717.7,temporal_completion,91.0,censored,MO2311-P-5700,2023-11-17,5700.0,130.8,107.4,2023-10-24 11:02:01.500000+08:00,2023-10-24 14:03:00.500000+08:00,-2368.0000000000005,-0.17889908256880738,13080.000000000002,10740.0,7.850000000000364,24.0,0.004488637860913691,completed_two_leg
514724,514725,514979.0,515925,1,C,2023-11-01,2023-11-01,2023-11-02,2023-11-08,2023-11-01 09:35:00+08:00,2023-11-02 09:49:00+08:00,5978.72,5941.79,temporal_completion,254.0,recovery,MO2311-C-6000,2023-11-17,6000.0,61.8,46.8,2023-11-01 09:35:00.100000+08:00,2023-11-02 09:49:01.700000+08:00,-1528.0,-0.24271844660194175,6180.0,4680.0,0.0,16.0,-0.006176907431691081,completed_two_leg
516166,516167,516191.0,517367,1,C,2023-11-09,2023-11-09,2023-11-09,2023-11-16,2023-11-09 09:37:00+08:00,2023-11-09 10:01:00+08:00,6146.94,6114.22,temporal_completion,24.0,recovery,MO2311-C-6100,2023-11-17,6100.0,77.6,53.0,2023-11-09 09:37:02.400000+08:00,2023-11-09 10:01:00.900000+08:00,-2487.9999999999995,-0.3170103092783505,7759.999999999999,5300.0,46.9399999999996,8.0,-0.005322973707242884,completed_two_leg
516641,516642,517007.0,517842,1,C,2023-11-13,2023-11-13,2023-11-14,2023-11-20,2023-11-13 09:32:00+08:00,2023-11-14 13:07:00+08:00,6113.14,6146.23,temporal_completion,365.0,recovery,MO2312-C-6100,2023-12-15,6100.0,102.4,103.6,2023-11-13 09:32:00.600000+08:00,2023-11-14 13:07:02.700000+08:00,91.99999999999886,0.011718749999999778,10240.0,10360.0,13.140000000000327,32.0,0.005412930179907516,completed_two_leg
517781,517782,518267.0,518982,1,C,2023-11-17,2023-11-17,2023-11-21,2023-11-24,2023-11-17 14:02:00+08:00,2023-11-21 14:07:00+08:00,6178.16,6223.47,temporal_completion,485.0,recovery,MO2312-C-6200,2023-12-15,6200.0,70.4,82.6,2023-11-17 14:02:01.800000+08:00,2023-11-21 14:07:02.300000+08:00,1191.9999999999989,0.17329545454545436,7040.000000000001,8260.0,0.0,28.0,0.007333898765975677,completed_two_leg
518597,518598,518808.0,519798,1,C,2023-11-23,2023-11-23,2023-11-24,2023-11-30,2023-11-23 10:08:00+08:00,2023-11-24 09:38:00+08:00,6149.41,6156.73,temporal_completion,210.0,failure,MO2312-C-6100,2023-12-15,6100.0,98.6,99.6,2023-11-23 10:08:01.100000+08:00,2023-11-24 09:38:01.600000+08:00,72.0,0.010141987829614507,9860.0,9960.0,49.409999999999854,22.0,0.0011903580993948282,completed_two_leg
519281,519282,519300.0,520482,-1,P,2023-11-28,2023-11-28,2023-11-28,2023-12-05,2023-11-28 09:32:00+08:00,2023-11-28 09:50:00+08:00,6093.8,6109.45,temporal_completion,18.0,recovery,MO2312-P-6100,2023-12-15,6100.0,106.0,100.2,2023-11-28 09:32:02.400000+08:00,2023-11-28 09:50:00.400000+08:00,-607.9999999999998,-0.05471698113207546,10600.0,10020.0,6.199999999999818,17.0,0.0025681840559257374,completed_two_leg
519717,519718,519796.0,520918,-1,P,2023-11-29,2023-11-29,2023-11-30,2023-12-06,2023-11-29 14:18:00+08:00,2023-11-30 10:06:00+08:00,6104.49,6101.86,temporal_completion,78.0,recovery,MO2312-P-6100,2023-12-15,6100.0,101.6,95.0,2023-11-29 14:18:08+08:00,2023-11-30 10:06:02.700000+08:00,-687.9999999999994,-0.06496062992125984,10160.0,9500.0,0.0,16.0,-0.0004308304215422387,completed_two_leg
519890,519891,519971.0,521091,-1,P,2023-11-30,2023-11-30,2023-11-30,2023-12-07,2023-11-30 13:11:00+08:00,2023-11-30 14:31:00+08:00,6060.66,6075.23,temporal_completion,80.0,recovery,MO2312-P-6100,2023-12-15,6100.0,122.0,109.4,2023-11-30 13:11:08.700000+08:00,2023-11-30 14:31:05.200000+08:00,-1287.9999999999995,-0.1032786885245901,12200.0,10940.0,39.340000000000146,15.0,0.0024040286041453474,completed_two_leg
520481,520482,520741.0,521682,-1,P,2023-12-05,2023-12-05,2023-12-06,2023-12-12,2023-12-05 09:32:00+08:00,2023-12-06 09:51:00+08:00,6075.84,6018.49,temporal_completion,259.0,recovery,MO2312-P-6100,2023-12-15,6100.0,113.8,137.8,2023-12-05 09:32:02.300000+08:00,2023-12-06 09:51:20.900000+08:00,2372.0000000000014,0.21089630931458703,11380.0,13780.000000000002,24.159999999999854,10.0,-0.009439024069100022,completed_two_leg
520938,520939,521101.0,522139,-1,P,2023-12-06,2023-12-06,2023-12-07,2023-12-13,2023-12-06 14:39:00+08:00,2023-12-07 13:21:00+08:00,6022.18,6032.93,temporal_completion,162.0,recovery,MO2312-P-6000,2023-12-15,6000.0,69.2,51.4,2023-12-06 14:39:04.400000+08:00,2023-12-07 13:21:01.100000+08:00,-1808.0000000000005,-0.25722543352601157,6920.0,5140.0,0.0,9.0,0.0017850678657893582,completed_two_leg
522111,522112,522164.0,523312,-1,P,2023-12-13,2023-12-13,2023-12-14,2023-12-20,2023-12-13 14:12:00+08:00,2023-12-14 09:34:00+08:00,6039.99,6061.6,temporal_completion,52.0,failure,MO2401-P-6000,2024-01-19,6000.0,120.0,101.0,2023-12-13 14:12:00.800000+08:00,2023-12-14 09:34:01.900000+08:00,-1928.0,-0.15833333333333333,12000.0,10100.0,0.0,37.0,0.003577820493080308,completed_two_leg
522198,522199,522451.0,523399,-1,P,2023-12-14,2023-12-14,2023-12-15,2023-12-21,2023-12-14 10:09:00+08:00,2023-12-15 10:21:00+08:00,6022.75,6000.23,temporal_completion,252.0,recovery,MO2401-P-6000,2024-01-19,6000.0,120.6,124.2,2023-12-14 10:09:22.900000+08:00,2023-12-15 10:21:03.900000+08:00,332.00000000000085,0.029850746268656803,12060.0,12420.0,0.0,36.0,-0.003739155701299346,completed_two_leg
522451,522452,522540.0,523652,1,C,2023-12-15,2023-12-15,2023-12-15,2023-12-22,2023-12-15 10:22:00+08:00,2023-12-15 13:20:00+08:00,6000.52,5966.25,temporal_completion,88.0,failure,MO2401-C-6000,2024-01-19,6000.0,105.8,83.0,2023-12-15 10:22:00.900000+08:00,2023-12-15 13:20:05.900000+08:00,-2307.9999999999995,-0.21550094517958407,10580.0,8300.0,0.5200000000004366,35.0,-0.0057111716984529215,completed_two_leg
523472,523473,523503.0,524673,-1,P,2023-12-21,2023-12-21,2023-12-21,2023-12-28,2023-12-21 11:23:00+08:00,2023-12-21 13:23:00+08:00,5757.36,5797.77,temporal_completion,30.0,recovery,MO2401-P-5800,2024-01-19,5800.0,155.8,126.8,2023-12-21 11:23:02.600000+08:00,2023-12-21 13:23:11.100000+08:00,-2928.0000000000014,-0.18613607188703474,15580.000000000002,12680.0,42.64000000000033,29.0,0.007018841969236078,completed_two_leg
524299,524300,524433.0,525500,-1,P,2023-12-26,2023-12-26,2023-12-27,2024-01-03,2023-12-26 14:40:00+08:00,2023-12-27 11:23:00+08:00,5642.94,5684.22,temporal_completion,133.0,failure,MO2401-P-5600,2024-01-19,5600.0,96.0,73.6,2023-12-26 14:40:05+08:00,2023-12-27 11:23:02.700000+08:00,-2268.0000000000005,-0.2333333333333334,9600.0,7359.999999999999,0.0,24.0,0.007315335622920083,completed_two_leg
525487,525488,525523.0,526688,1,C,2024-01-03,2024-01-03,2024-01-04,2024-01-10,2024-01-03 14:28:00+08:00,2024-01-04 09:33:00+08:00,5826.77,5786.65,temporal_completion,35.0,failure,MO2401-C-5800,2024-01-19,5800.0,85.4,71.8,2024-01-03 14:28:08.100000+08:00,2024-01-04 09:33:02.700000+08:00,-1388.000000000001,-0.15925058548009374,8540.0,7180.0,26.770000000000437,16.0,-0.006885461413441929,completed_two_leg
526585,526586,526765.0,527786,-1,P,2024-01-10,2024-01-10,2024-01-11,2024-01-17,2024-01-10 11:16:00+08:00,2024-01-11 10:15:00+08:00,5541.02,5551.12,temporal_completion,179.0,recovery,MO2401-P-5500,2024-01-19,5500.0,81.0,60.4,2024-01-10 11:16:11.800000+08:00,2024-01-11 10:15:02.900000+08:00,-2088.0,-0.254320987654321,8100.0,6040.0,0.0,9.0,0.00182276909305501,completed_two_leg
527716,527717,528031.0,528917,-1,P,2024-01-17,2024-01-17,2024-01-18,2024-01-24,2024-01-17 10:07:00+08:00,2024-01-18 11:21:00+08:00,5502.6,5262.12,temporal_completion,314.0,recovery,MO2402-P-5500,2024-02-19,5500.0,174.6,408.2,2024-01-17 10:07:47.200000+08:00,2024-01-18 11:21:07.900000+08:00,23332.0,1.3379152348224514,17460.0,40820.0,0.0,33.0,-0.043702976774615765,completed_two_leg
528056,528057,528103.0,529257,-1,P,2024-01-18,2024-01-18,2024-01-18,2024-01-25,2024-01-18 13:17:00+08:00,2024-01-18 14:03:00+08:00,5253.45,5262.12,temporal_completion,46.0,recovery,MO2402-P-5300,2024-02-19,5300.0,281.6,285.6,2024-01-18 13:18:09.900000+08:00,2024-01-18 14:03:09.400000+08:00,372.0,0.014204545454545414,28160.000000000004,28560.000000000004,46.55000000000018,32.0,0.0016503440596180585,completed_two_leg
528115,528116,528124.0,529316,-1,P,2024-01-18,2024-01-18,2024-01-18,2024-01-25,2024-01-18 14:16:00+08:00,2024-01-18 14:24:00+08:00,5274.45,5301.71,temporal_completion,8.0,recovery,MO2402-P-5300,2024-02-19,5300.0,249.4,218.8,2024-01-18 14:16:11.900000+08:00,2024-01-18 14:24:05.400000+08:00,-3087.9999999999995,-0.12269446672012829,24940.0,21880.0,25.550000000000182,32.0,0.00516831138791729,completed_two_leg
528641,528642,,529842,-1,P,2024-01-23,2024-01-23,,,2024-01-23 09:32:00+08:00,,4941.21,,,,recovery,,,,,,,,,,,,,,,entry_invalid
528653,528654,528670.0,529854,-1,P,2024-01-23,2024-01-23,2024-01-23,2024-01-30,2024-01-23 09:44:00+08:00,2024-01-23 10:00:00+08:00,4987.88,5000.65,temporal_completion,16.0,censored,MO2402-P-5000,2024-02-19,5000.0,262.4,232.6,2024-01-23 09:44:17.600000+08:00,2024-01-23 10:00:02.600000+08:00,-3007.999999999998,-0.11356707317073167,26239.999999999996,23260.0,12.11999999999989,27.0,0.0025602059391964804,completed_two_leg
529856,529857,529894.0,531057,1,C,2024-01-30,2024-01-30,2024-01-30,2024-02-06,2024-01-30 09:47:00+08:00,2024-01-30 10:24:00+08:00,5112.4,5105.22,temporal_completion,37.0,failure,MO2402-C-5100,2024-02-19,5100.0,132.6,117.8,2024-01-30 09:47:14.700000+08:00,2024-01-30 10:24:00.700000+08:00,-1507.9999999999998,-0.11161387631975861,13260.0,11780.0,12.399999999999636,20.0,-0.0014044284484781011,completed_two_leg
530096,530097,530151.0,531297,-1,P,2024-01-31,2024-01-31,2024-01-31,2024-02-07,2024-01-31 09:47:00+08:00,2024-01-31 10:41:00+08:00,4942.85,4863.85,temporal_completion,54.0,recovery,MO2402-P-4950,2024-02-19,4950.0,201.0,241.0,2024-01-31 09:47:10.400000+08:00,2024-01-31 10:41:05.400000+08:00,3972.0,0.1990049751243781,20100.0,24100.0,7.149999999999636,19.0,-0.015982682055898922,completed_two_leg
530179,530180,530297.0,531380,-1,P,2024-01-31,2024-01-31,2024-01-31,2024-02-07,2024-01-31 11:10:00+08:00,2024-01-31 14:37:00+08:00,4891.45,4819.5,temporal_completion,117.0,recovery,MO2402-P-4900,2024-02-19,4900.0,195.8,219.6,2024-01-31 11:10:03.900000+08:00,2024-01-31 14:37:26.900000+08:00,2351.999999999998,0.12155260469867213,19580.0,21960.0,8.550000000000182,19.0,-0.014709339766326934,completed_two_leg
530316,530317,530325.0,531517,-1,P,2024-01-31,2024-01-31,2024-02-01,2024-02-07,2024-01-31 14:57:00+08:00,2024-02-01 09:35:00+08:00,4789.67,4771.51,temporal_completion,8.0,recovery,MO2402-P-4800,2024-02-19,4800.0,183.8,177.0,2024-01-31 15:00:00.400000+08:00,2024-02-01 09:35:02.700000+08:00,-708.0000000000011,-0.03699673558215455,18380.0,17700.0,10.329999999999927,19.0,-0.003791492942102459,completed_two_leg
530333,530334,530361.0,531534,-1,P,2024-02-01,2024-02-01,2024-02-01,2024-02-08,2024-02-01 09:44:00+08:00,2024-02-01 10:11:00+08:00,4732.88,4724.47,temporal_completion,27.0,recovery,MO2402-P-4750,2024-02-19,4750.0,188.6,181.0,2024-02-01 09:44:02.700000+08:00,2024-02-01 10:11:01.700000+08:00,-787.9999999999994,-0.040296924708377535,18860.0,18100.0,17.11999999999989,18.0,-0.0017769307482969898,completed_two_leg
530400,530401,530414.0,531601,-1,P,2024-02-01,2024-02-01,2024-02-01,2024-02-08,2024-02-01 10:51:00+08:00,2024-02-01 11:04:00+08:00,4813.21,4826.04,temporal_completion,13.0,recovery,MO2402-P-4800,2024-02-19,4800.0,164.0,139.2,2024-02-01 10:51:04.700000+08:00,2024-02-01 11:04:08.200000+08:00,-2508.000000000001,-0.15121951219512197,16400.0,13919.999999999998,0.0,18.0,0.002665580766266107,completed_two_leg
530739,530740,,531940,-1,P,2024-02-02,2024-02-02,,,2024-02-02 14:00:00+08:00,,4538.18,,,,recovery,,,,,,,,,,,,,,,entry_invalid
530790,530791,530824.0,531991,-1,P,2024-02-02,2024-02-02,2024-02-05,2024-02-19,2024-02-02 14:51:00+08:00,2024-02-05 09:54:00+08:00,4580.88,4362.92,temporal_completion,33.0,recovery,MO2403-P-4600,2024-03-15,4600.0,323.4,479.0,2024-02-02 14:52:10.800000+08:00,2024-02-05 10:03:11.800000+08:00,15532.000000000002,0.48113790970933845,32339.999999999996,47900.0,19.11999999999989,42.0,-0.047580377569375276,completed_two_leg
530834,530835,,532035,-1,P,2024-02-05,2024-02-05,,,2024-02-05 10:05:00+08:00,,4323.93,,,,recovery,,,,,,,,,,,,,,,entry_invalid
530866,530867,,532067,-1,P,2024-02-05,2024-02-05,,,2024-02-05 10:37:00+08:00,,4243.48,,,,recovery,,,,,,,,,,,,,,,entry_invalid
530922,530923,530935.0,532123,-1,P,2024-02-05,2024-02-05,2024-02-05,2024-02-20,2024-02-05 13:03:00+08:00,2024-02-05 13:15:00+08:00,4247.43,4261.68,temporal_completion,12.0,failure,MO2403-P-4250,2024-03-15,4250.0,422.8,388.6,2024-02-05 13:04:18.800000+08:00,2024-02-05 13:15:06.800000+08:00,-3447.999999999999,-0.08088930936613048,42280.0,38860.0,2.569999999999709,39.0,0.0033549699465322824,completed_two_leg
531270,531271,531288.0,532471,1,C,2024-02-06,2024-02-06,2024-02-07,2024-02-21,2024-02-06 14:51:00+08:00,2024-02-07 09:38:00+08:00,4585.17,4715.41,temporal_completion,17.0,recovery,MO2403-C-4600,2024-03-15,4600.0,227.4,274.8,2024-02-06 14:51:08.200000+08:00,2024-02-07 09:38:24.400000+08:00,4712.000000000001,0.20844327176780997,22740.0,27480.0,0.0,38.0,0.02840461749509826,completed_two_leg
531329,531330,,532530,1,C,2024-02-07,2024-02-07,,,2024-02-07 10:20:00+08:00,,4836.5,,,,recovery,,,,,,,,,,,,,,,entry_invalid
531390,531391,531402.0,532591,1,C,2024-02-07,2024-02-07,2024-02-07,2024-02-22,2024-02-07 11:21:00+08:00,2024-02-07 13:02:00+08:00,4830.89,4797.89,temporal_completion,11.0,recovery,MO2403-C-4850,2024-03-15,4850.0,224.6,199.0,2024-02-07 11:22:07.400000+08:00,2024-02-07 13:02:06.400000+08:00,-2587.9999999999995,-0.11398040961709699,22460.0,19900.0,0.0,37.0,-0.00683103941509744,completed_two_leg
531544,531545,531576.0,532745,1,C,2024-02-08,2024-02-08,2024-02-08,2024-02-23,2024-02-08 09:55:00+08:00,2024-02-08 10:26:00+08:00,5000.29,5030.55,temporal_completion,31.0,recovery,MO2403-C-5000,2024-03-15,5000.0,266.8,293.2,2024-02-08 09:55:01.500000+08:00,2024-02-08 10:26:11+08:00,2611.9999999999977,0.098950524737631,26680.0,29320.0,0.2899999999999636,36.0,0.00605164900435784,completed_two_leg
531598,531599,531617.0,532799,1,C,2024-02-08,2024-02-08,2024-02-08,2024-02-23,2024-02-08 10:49:00+08:00,2024-02-08 11:07:00+08:00,5040.93,5013.23,temporal_completion,18.0,recovery,MO2403-C-5000,2024-03-15,5000.0,305.0,270.2,2024-02-08 10:49:04.500000+08:00,2024-02-08 11:07:05+08:00,-3508.000000000001,-0.11409836065573775,30500.0,27020.0,40.93000000000029,36.0,-0.005495017784416856,completed_two_leg
531822,531823,531845.0,533023,1,C,2024-02-19,2024-02-19,2024-02-19,2024-02-26,2024-02-19 10:33:00+08:00,2024-02-19 10:55:00+08:00,5041.53,5011.14,temporal_completion,22.0,recovery,MO2403-C-5000,2024-03-15,5000.0,213.8,193.2,2024-02-19 10:33:52.300000+08:00,2024-02-19 10:55:03.800000+08:00,-2088.0000000000023,-0.09635173058933588,21380.0,19320.0,41.529999999999745,25.0,-0.006027931996834157,completed_two_leg
532482,532483,532515.0,533683,1,C,2024-02-22,2024-02-22,2024-02-22,2024-02-29,2024-02-22 09:33:00+08:00,2024-02-22 10:05:00+08:00,5109.79,5110.58,temporal_completion,32.0,recovery,MO2403-C-5100,2024-03-15,5100.0,149.8,157.2,2024-02-22 09:33:02.800000+08:00,2024-02-22 10:05:02.300000+08:00,711.9999999999977,0.04939919893190914,14980.000000000002,15719.999999999998,9.789999999999964,22.0,0.0001546051794691916,completed_two_leg
533024,533025,533142.0,534225,1,C,2024-02-26,2024-02-26,2024-02-26,2024-03-04,2024-02-26 10:35:00+08:00,2024-02-26 14:02:00+08:00,5238.22,5285.57,temporal_completion,117.0,recovery,MO2403-C-5200,2024-03-15,5200.0,167.8,178.6,2024-02-26 10:35:02.200000+08:00,2024-02-26 14:02:00.700000+08:00,1051.9999999999982,0.06436233611442188,16780.0,17860.0,38.220000000000255,18.0,0.009039330154136271,completed_two_leg
533173,533174,533201.0,534374,1,C,2024-02-26,2024-02-26,2024-02-27,2024-03-04,2024-02-26 14:34:00+08:00,2024-02-27 09:31:00+08:00,5264.98,5226.03,temporal_completion,27.0,recovery,MO2403-C-5300,2024-03-15,5300.0,122.6,107.0,2024-02-26 14:34:02.700000+08:00,2024-02-27 09:31:02.300000+08:00,-1587.9999999999995,-0.1272430668841762,12260.0,10700.0,0.0,18.0,-0.007397938833575757,completed_two_leg
533553,533554,533593.0,534754,1,C,2024-02-28,2024-02-28,2024-02-28,2024-03-06,2024-02-28 11:24:00+08:00,2024-02-28 13:33:00+08:00,5311.08,5315.91,temporal_completion,39.0,failure,MO2403-C-5300,2024-03-15,5300.0,144.0,144.8,2024-02-28 11:24:02.500000+08:00,2024-02-28 13:33:00.500000+08:00,52.00000000000114,0.005555555555555536,14400.0,14480.000000000002,11.079999999999927,16.0,0.0009094195530852112,completed_two_leg
533743,533744,533757.0,534944,-1,P,2024-02-29,2024-02-29,2024-02-29,2024-03-07,2024-02-29 10:34:00+08:00,2024-02-29 10:47:00+08:00,5283.63,5308.84,temporal_completion,13.0,failure,MO2403-P-5300,2024-03-15,5300.0,172.2,157.2,2024-02-29 10:34:03.300000+08:00,2024-02-29 10:47:02.300000+08:00,-1528.0,-0.08710801393728218,17220.0,15719.999999999998,16.36999999999989,15.0,0.004771340915241895,completed_two_leg
533947,533948,533990.0,535148,1,C,2024-03-01,2024-03-01,2024-03-01,2024-03-08,2024-03-01 09:58:00+08:00,2024-03-01 10:40:00+08:00,5361.54,5348.04,temporal_completion,42.0,recovery,MO2403-C-5400,2024-03-15,5400.0,135.8,125.2,2024-03-01 09:58:05.600000+08:00,2024-03-01 10:40:01.600000+08:00,-1088.000000000001,-0.07805596465390285,13580.000000000002,12520.0,0.0,14.0,-0.002517933280363427,completed_two_leg
534214,534215,534318.0,535415,1,C,2024-03-04,2024-03-04,2024-03-04,2024-03-11,2024-03-04 10:25:00+08:00,2024-03-04 13:38:00+08:00,5366.38,5377.85,temporal_completion,103.0,recovery,MO2403-C-5400,2024-03-15,5400.0,127.0,117.4,2024-03-04 10:25:07.500000+08:00,2024-03-04 13:38:05.500000+08:00,-987.9999999999994,-0.07559055118110236,12700.0,11740.0,0.0,11.0,0.0021373812514209334,completed_two_leg
534413,534414,534432.0,535614,1,C,2024-03-05,2024-03-05,2024-03-05,2024-03-12,2024-03-05 09:44:00+08:00,2024-03-05 10:02:00+08:00,5412.02,5364.3,temporal_completion,18.0,failure,MO2403-C-5400,2024-03-15,5400.0,127.2,98.2,2024-03-05 09:44:01.500000+08:00,2024-03-05 10:02:01+08:00,-2928.0,-0.2279874213836478,12720.0,9820.0,12.020000000000437,10.0,-0.00881741013521753,completed_two_leg
534718,534719,534826.0,535919,1,C,2024-03-06,2024-03-06,2024-03-06,2024-03-13,2024-03-06 10:49:00+08:00,2024-03-06 14:06:00+08:00,5347.04,5384.68,temporal_completion,107.0,recovery,MO2403-C-5300,2024-03-15,5300.0,133.6,153.0,2024-03-06 10:49:01.400000+08:00,2024-03-06 14:06:02.400000+08:00,1912.0000000000005,0.14520958083832336,13360.0,15300.0,47.039999999999964,9.0,0.007039408719590634,completed_two_leg
534826,534827,534883.0,536027,-1,P,2024-03-06,2024-03-06,2024-03-07,2024-03-13,2024-03-06 14:07:00+08:00,2024-03-07 09:33:00+08:00,5377.62,5412.12,temporal_completion,56.0,failure,MO2403-P-5400,2024-03-15,5400.0,141.4,128.0,2024-03-06 14:07:02.900000+08:00,2024-03-07 09:33:08.200000+08:00,-1368.0000000000005,-0.09476661951909482,14140.0,12800.0,22.38000000000011,9.0,0.006415477478884712,completed_two_leg
534975,534976,535142.0,536176,-1,P,2024-03-07,2024-03-07,2024-03-08,2024-03-14,2024-03-07 11:06:00+08:00,2024-03-08 09:52:00+08:00,5389.47,5341.27,temporal_completion,166.0,recovery,MO2403-P-5400,2024-03-15,5400.0,128.0,146.4,2024-03-07 11:06:00.700000+08:00,2024-03-08 09:52:02.100000+08:00,1812.0000000000005,0.14375000000000004,12800.0,14640.0,10.529999999999745,8.0,-0.00894336548862873,completed_two_leg
535142,535143,535159.0,536343,1,C,2024-03-08,2024-03-08,2024-03-08,2024-03-15,2024-03-08 09:53:00+08:00,2024-03-08 10:09:00+08:00,5345.27,5309.67,temporal_completion,16.0,failure,MO2404-C-5300,2024-04-19,5300.0,211.2,195.6,2024-03-08 09:53:49.100000+08:00,2024-03-08 10:09:04.600000+08:00,-1587.9999999999995,-0.07386363636363635,21120.0,19560.0,45.27000000000044,42.0,-0.006660093877390749,completed_two_leg
535233,535234,535636.0,536434,1,C,2024-03-08,2024-03-08,2024-03-12,2024-03-15,2024-03-08 11:24:00+08:00,2024-03-12 10:06:00+08:00,5321.58,5484.79,temporal_completion,402.0,recovery,MO2404-C-5300,2024-04-19,5300.0,195.6,267.0,2024-03-08 11:24:08.100000+08:00,2024-03-12 10:07:41.500000+08:00,7112.000000000001,0.3650306748466259,19560.0,26700.0,21.579999999999927,42.0,0.03066946282870875,completed_two_leg
535707,535708,536044.0,536908,1,C,2024-03-12,2024-03-12,2024-03-13,2024-03-19,2024-03-12 11:18:00+08:00,2024-03-13 14:24:00+08:00,5486.89,5518.94,temporal_completion,336.0,recovery,MO2404-C-5500,2024-04-19,5500.0,157.2,160.2,2024-03-12 11:18:21.500000+08:00,2024-03-13 14:24:05.100000+08:00,272.0,0.01908396946564883,15719.999999999998,16019.999999999998,0.0,38.0,0.00584119601449995,completed_two_leg
536085,536086,536124.0,537286,1,C,2024-03-14,2024-03-14,2024-03-14,2024-03-21,2024-03-14 09:36:00+08:00,2024-03-14 10:14:00+08:00,5540.89,5503.73,temporal_completion,38.0,failure,MO2404-C-5500,2024-04-19,5500.0,166.8,146.0,2024-03-14 09:36:05.800000+08:00,2024-03-14 10:14:13.800000+08:00,-2108.000000000001,-0.12470023980815359,16680.0,14600.0,40.89000000000033,36.0,-0.006706503828807442,completed_two_leg
536291,536292,536917.0,537492,1,C,2024-03-14,2024-03-14,2024-03-19,2024-03-21,2024-03-14 14:32:00+08:00,2024-03-19 11:27:00+08:00,5471.71,5616.88,temporal_completion,625.0,recovery,MO2404-C-5500,2024-04-19,5500.0,130.0,213.8,2024-03-14 14:32:01.800000+08:00,2024-03-19 11:27:02.500000+08:00,8352.000000000002,0.6446153846153848,13000.0,21380.0,0.0,36.0,0.02653101132918234,completed_two_leg
537617,537618,537757.0,538818,1,C,2024-03-22,2024-03-22,2024-03-22,2024-03-29,2024-03-22 11:08:00+08:00,2024-03-22 14:57:00+08:00,5587.6,5598.55,temporal_completion,139.0,failure,MO2404-C-5600,2024-04-19,5600.0,135.6,127.2,2024-03-22 11:08:03.400000+08:00,2024-03-22 15:00:00.400000+08:00,-867.9999999999991,-0.06194690265486724,13560.0,12720.0,0.0,28.0,0.0019596964707566666,completed_two_leg
538202,538203,538403.0,539403,-1,P,2024-03-26,2024-03-26,2024-03-27,2024-04-02,2024-03-26 14:23:00+08:00,2024-03-27 13:43:00+08:00,5431.9,5374.54,temporal_completion,200.0,recovery,MO2404-P-5400,2024-04-19,5400.0,144.0,179.2,2024-03-26 14:23:02.900000+08:00,2024-03-27 13:43:02.700000+08:00,3491.999999999999,0.24444444444444446,14400.0,17920.0,0.0,24.0,-0.010559840939634357,completed_two_leg
538421,538422,538488.0,539622,-1,P,2024-03-27,2024-03-27,2024-03-28,2024-04-03,2024-03-27 14:02:00+08:00,2024-03-28 09:38:00+08:00,5343.93,5304.84,temporal_completion,66.0,recovery,MO2404-P-5300,2024-04-19,5300.0,151.6,178.6,2024-03-27 14:02:02.700000+08:00,2024-03-28 09:38:01.600000+08:00,2672.0,0.17810026385224265,15160.0,17860.0,0.0,23.0,-0.0073148413246431065,completed_two_leg
538618,538619,538722.0,539819,-1,P,2024-03-28,2024-03-28,2024-03-29,2024-04-08,2024-03-28 13:19:00+08:00,2024-03-29 09:32:00+08:00,5396.49,5401.32,temporal_completion,103.0,failure,MO2404-P-5400,2024-04-19,5400.0,162.6,155.2,2024-03-28 13:19:01.600000+08:00,2024-03-29 09:32:02.100000+08:00,-768.0000000000006,-0.045510455104551095,16260.0,15519.999999999998,3.5100000000002183,22.0,0.000895026211481964,completed_two_leg
539267,539268,539418.0,540468,1,C,2024-04-02,2024-04-02,2024-04-02,2024-04-11,2024-04-02 10:38:00+08:00,2024-04-02 14:38:00+08:00,5527.39,5508.01,temporal_completion,150.0,failure,MO2404-C-5500,2024-04-19,5500.0,120.8,110.8,2024-04-02 10:38:01.600000+08:00,2024-04-02 14:38:00.100000+08:00,-1028.0,-0.08278145695364236,12080.0,11080.0,27.390000000000327,17.0,-0.003506175609103046,completed_two_leg
540401,540402,540432.0,541602,-1,P,2024-04-11,2024-04-11,2024-04-11,2024-04-18,2024-04-11 09:32:00+08:00,2024-04-11 10:02:00+08:00,5354.84,5381.12,temporal_completion,30.0,recovery,MO2404-P-5400,2024-04-19,5400.0,131.2,112.6,2024-04-11 09:32:01.800000+08:00,2024-04-11 10:02:02.800000+08:00,-1887.9999999999995,-0.1417682926829268,13119.999999999998,11260.0,45.159999999999854,8.0,0.004907709660792792,completed_two_leg
541003,541004,541095.0,542204,-1,P,2024-04-15,2024-04-15,2024-04-15,2024-04-22,2024-04-15 13:04:00+08:00,2024-04-15 14:35:00+08:00,5312.7,5254.77,temporal_completion,91.0,recovery,MO2405-P-5300,2024-05-17,5300.0,212.8,244.6,2024-04-15 13:04:13.500000+08:00,2024-04-15 14:35:25+08:00,3151.999999999998,0.1494360902255638,21280.0,24460.0,0.0,32.0,-0.010904060082443823,completed_two_leg
541161,541162,541204.0,542362,-1,P,2024-04-16,2024-04-16,2024-04-16,2024-04-23,2024-04-16 10:12:00+08:00,2024-04-16 10:54:00+08:00,5133.51,5145.14,temporal_completion,42.0,recovery,MO2405-P-5100,2024-05-17,5100.0,197.4,188.4,2024-04-16 10:12:02.300000+08:00,2024-04-16 10:54:00.800000+08:00,-928.0,-0.045592705167173286,19740.0,18840.0,0.0,31.0,0.0022655064468559694,completed_two_leg
541293,541294,541361.0,542494,-1,P,2024-04-16,2024-04-16,2024-04-17,2024-04-23,2024-04-16 13:54:00+08:00,2024-04-17 09:31:00+08:00,5144.41,5169.06,temporal_completion,67.0,recovery,MO2405-P-5100,2024-05-17,5100.0,199.2,184.6,2024-04-16 13:54:03.300000+08:00,2024-04-17 09:31:02.500000+08:00,-1487.9999999999995,-0.07329317269076308,19920.0,18460.0,0.0,31.0,0.004791608755911891,completed_two_leg
541861,541862,541881.0,543062,1,C,2024-04-19,2024-04-19,2024-04-19,2024-04-26,2024-04-19 09:52:00+08:00,2024-04-19 10:11:00+08:00,5306.28,5258.72,temporal_completion,19.0,recovery,MO2405-C-5300,2024-05-17,5300.0,148.8,123.0,2024-04-19 09:52:04.600000+08:00,2024-04-19 10:11:00.100000+08:00,-2608.000000000001,-0.17338709677419362,14880.000000000002,12300.0,6.279999999999745,28.0,-0.008962964638126847,completed_two_leg
543046,543047,543537.0,544247,1,C,2024-04-26,2024-04-26,2024-04-30,2024-05-08,2024-04-26 09:37:00+08:00,2024-04-30 09:47:00+08:00,5342.56,5510.37,temporal_completion,490.0,recovery,MO2405-C-5300,2024-05-17,5300.0,140.2,262.6,2024-04-26 09:37:02.100000+08:00,2024-04-30 09:47:02.300000+08:00,12212.000000000004,0.8730385164051357,14019.999999999998,26260.000000000004,42.5600000000004,21.0,0.031410035638345546,completed_two_leg
543688,543689,544241.0,544889,1,C,2024-04-30,2024-04-30,2024-05-08,2024-05-10,2024-04-30 13:49:00+08:00,2024-05-08 09:31:00+08:00,5525.36,5585.5,temporal_completion,552.0,recovery,MO2405-C-5500,2024-05-17,5500.0,126.4,125.6,2024-04-30 13:49:02.800000+08:00,2024-05-08 09:31:02.400000+08:00,-108.00000000000114,-0.006329113924050778,12640.0,12560.0,25.359999999999673,17.0,0.010884358666222615,completed_two_leg
544490,544491,544732.0,545691,1,C,2024-05-09,2024-05-09,2024-05-10,2024-05-16,2024-05-09 09:41:00+08:00,2024-05-10 09:42:00+08:00,5570.24,5596.14,temporal_completion,241.0,recovery,MO2405-C-5600,2024-05-17,5600.0,64.8,63.4,2024-05-09 09:41:02.100000+08:00,2024-05-10 09:42:02.500000+08:00,-167.99999999999986,-0.021604938271604923,6480.0,6340.0,0.0,8.0,0.004649709886827225,completed_two_leg
544853,544854,544961.0,546054,1,C,2024-05-10,2024-05-10,2024-05-13,2024-05-17,2024-05-10 13:14:00+08:00,2024-05-13 09:31:00+08:00,5590.5,5501.68,parent_failure,107.0,failure,MO2406-C-5600,2024-06-21,5600.0,141.2,101.8,2024-05-10 13:14:58.500000+08:00,2024-05-13 09:31:02.700000+08:00,-3967.999999999999,-0.2790368271954674,14119.999999999998,10180.0,0.0,42.0,-0.015887666577229176,completed_two_leg
545201,545202,,546402,1,C,2024-05-14,2024-05-14,,,2024-05-14 09:32:00+08:00,,5565.95,,,,recovery,,,,,,,,,,,,,,,entry_invalid
545231,545232,545386.0,546432,-1,P,2024-05-14,2024-05-14,2024-05-14,2024-05-21,2024-05-14 10:02:00+08:00,2024-05-14 14:06:00+08:00,5531.69,5565.37,temporal_completion,154.0,recovery,MO2406-P-5500,2024-06-21,5500.0,196.6,176.6,2024-05-14 10:02:11+08:00,2024-05-14 14:06:00.500000+08:00,-2028.0,-0.10172939979654116,19660.0,17660.0,0.0,38.0,0.006088555215494784,completed_two_leg
545885,545886,545947.0,547086,-1,P,2024-05-16,2024-05-16,2024-05-17,2024-05-23,2024-05-16 14:26:00+08:00,2024-05-17 09:57:00+08:00,5500.46,5517.77,temporal_completion,61.0,recovery,MO2406-P-5500,2024-06-21,5500.0,190.0,175.0,2024-05-16 14:26:11.900000+08:00,2024-05-17 09:57:02.100000+08:00,-1528.0,-0.07894736842105265,19000.0,17500.0,0.0,36.0,0.003147009522840083,completed_two_leg
546006,546007,546134.0,547207,-1,P,2024-05-17,2024-05-17,2024-05-17,2024-05-24,2024-05-17 10:57:00+08:00,2024-05-17 14:34:00+08:00,5485.85,5525.06,temporal_completion,127.0,failure,MO2406-P-5500,2024-06-21,5500.0,185.2,158.4,2024-05-17 10:57:04.100000+08:00,2024-05-17 14:34:01.100000+08:00,-2707.999999999998,-0.14470842332613387,18520.0,15840.0,14.149999999999636,35.0,0.007147479424337133,completed_two_leg
546270,546271,546274.0,547471,-1,P,2024-05-20,2024-05-20,2024-05-20,2024-05-27,2024-05-20 11:21:00+08:00,2024-05-20 11:24:00+08:00,5570.83,5575.75,parent_failure,3.0,failure,MO2406-P-5600,2024-06-21,5600.0,186.4,182.6,2024-05-20 11:21:05.300000+08:00,2024-05-20 11:24:05.300000+08:00,-408.00000000000114,-0.020386266094420624,18640.0,18260.0,29.170000000000073,32.0,0.0008831718074326922,completed_two_leg
546823,546824,546881.0,548024,1,C,2024-05-22,2024-05-22,2024-05-23,2024-05-29,2024-05-22 14:04:00+08:00,2024-05-23 09:31:00+08:00,5542.51,5504.84,temporal_completion,57.0,failure,MO2406-C-5500,2024-06-21,5500.0,138.0,113.6,2024-05-22 14:04:00.900000+08:00,2024-05-23 09:31:02.600000+08:00,-2468.0000000000005,-0.1768115942028986,13800.0,11360.0,42.51000000000022,30.0,-0.006796559681443992,completed_two_leg
547609,547610,547624.0,548810,-1,P,2024-05-28,2024-05-28,2024-05-28,2024-06-04,2024-05-28 09:40:00+08:00,2024-05-28 09:54:00+08:00,5371.48,5403.06,temporal_completion,14.0,recovery,MO2406-P-5400,2024-06-21,5400.0,189.2,164.6,2024-05-28 09:40:01.500000+08:00,2024-05-28 09:54:08.500000+08:00,-2487.9999999999995,-0.13002114164904865,18920.0,16460.0,28.520000000000437,24.0,0.005879199028945514,completed_two_leg
548946,548947,548996.0,550147,-1,P,2024-06-04,2024-06-04,2024-06-04,2024-06-12,2024-06-04 13:27:00+08:00,2024-06-04 14:16:00+08:00,5261.78,5293.0,temporal_completion,49.0,recovery,MO2406-P-5300,2024-06-21,5300.0,149.6,124.0,2024-06-04 13:27:02.200000+08:00,2024-06-04 14:16:02.200000+08:00,-2587.9999999999995,-0.17112299465240643,14960.0,12400.0,38.220000000000255,17.0,0.005933353351907478,completed_two_leg
549391,549392,549474.0,550592,-1,P,2024-06-06,2024-06-06,2024-06-06,2024-06-14,2024-06-06 11:22:00+08:00,2024-06-06 14:14:00+08:00,5162.83,5155.55,temporal_completion,82.0,recovery,MO2406-P-5200,2024-06-21,5200.0,151.6,143.6,2024-06-06 11:22:01.200000+08:00,2024-06-06 14:14:04.200000+08:00,-828.0,-0.05277044854881263,15160.0,14360.0,37.17000000000007,15.0,-0.001410079355702143,completed_two_leg
549485,549486,549521.0,550686,-1,P,2024-06-06,2024-06-06,2024-06-07,2024-06-14,2024-06-06 14:26:00+08:00,2024-06-07 09:31:00+08:00,5124.78,5164.67,temporal_completion,35.0,recovery,MO2406-P-5100,2024-06-21,5100.0,114.8,79.2,2024-06-06 14:26:02.700000+08:00,2024-06-07 09:31:02.700000+08:00,-3587.9999999999995,-0.31010452961672474,11480.0,7920.0,0.0,15.0,0.007783748765800791,completed_two_leg
549551,549552,549650.0,550752,-1,P,2024-06-07,2024-06-07,2024-06-07,2024-06-17,2024-06-07 10:02:00+08:00,2024-06-07 13:10:00+08:00,5149.88,5136.56,temporal_completion,98.0,recovery,MO2406-P-5100,2024-06-21,5100.0,93.8,95.4,2024-06-07 10:02:02.200000+08:00,2024-06-07 13:10:02.700000+08:00,132.00000000000085,0.017057569296375252,9380.0,9540.0,0.0,14.0,-0.0025864680342065904,completed_two_leg
549761,549762,549812.0,550962,-1,P,2024-06-11,2024-06-11,2024-06-11,2024-06-18,2024-06-11 09:32:00+08:00,2024-06-11 10:22:00+08:00,5116.91,5131.34,temporal_completion,50.0,recovery,MO2406-P-5100,2024-06-21,5100.0,98.8,84.0,2024-06-11 09:32:01.600000+08:00,2024-06-11 10:22:02.600000+08:00,-1507.9999999999998,-0.1497975708502024,9880.0,8400.0,0.0,10.0,0.0028200613260738194,completed_two_leg
549890,549891,549920.0,551091,-1,P,2024-06-11,2024-06-11,2024-06-11,2024-06-18,2024-06-11 13:11:00+08:00,2024-06-11 13:40:00+08:00,5144.47,5168.2,parent_failure,29.0,failure,MO2406-P-5100,2024-06-21,5100.0,73.8,60.4,2024-06-11 13:11:04.100000+08:00,2024-06-11 13:40:05.600000+08:00,-1367.9999999999998,-0.18157181571815717,7380.0,6040.0,0.0,10.0,0.0046127200664012324,completed_two_leg
550641,550642,551225.0,551842,1,C,2024-06-14,2024-06-14,2024-06-19,2024-06-21,2024-06-14 13:42:00+08:00,2024-06-19 09:55:00+08:00,5173.64,5201.38,temporal_completion,583.0,recovery,MO2407-C-5200,2024-07-19,5200.0,104.0,108.2,2024-06-14 13:42:08.400000+08:00,2024-06-19 09:55:01.300000+08:00,392.0000000000003,0.04038461538461546,10400.0,10820.0,0.0,35.0,0.005361795563664895,completed_two_leg
551743,551744,551824.0,552944,-1,P,2024-06-21,2024-06-21,2024-06-21,2024-06-28,2024-06-21 10:34:00+08:00,2024-06-21 13:24:00+08:00,5057.11,5070.46,temporal_completion,80.0,recovery,MO2407-P-5100,2024-07-19,5100.0,175.0,160.4,2024-06-21 10:34:00.500000+08:00,2024-06-21 13:24:00.500000+08:00,-1487.9999999999995,-0.08342857142857141,17500.0,16040.0,42.89000000000033,28.0,0.002639847660027339,completed_two_leg
552094,552095,552183.0,553295,-1,P,2024-06-24,2024-06-24,2024-06-25,2024-07-01,2024-06-24 13:55:00+08:00,2024-06-25 09:53:00+08:00,4931.07,4898.49,temporal_completion,88.0,recovery,MO2407-P-4950,2024-07-19,4950.0,164.0,178.0,2024-06-24 13:55:01.900000+08:00,2024-06-25 09:53:00.100000+08:00,1372.0,0.08536585365853666,16400.0,17800.0,18.93000000000029,25.0,-0.006607085277637537,completed_two_leg
552223,552224,552300.0,553424,-1,P,2024-06-25,2024-06-25,2024-06-25,2024-07-02,2024-06-25 10:34:00+08:00,2024-06-25 13:20:00+08:00,4875.12,4875.33,temporal_completion,76.0,recovery,MO2407-P-4900,2024-07-19,4900.0,168.0,165.2,2024-06-25 10:34:02.100000+08:00,2024-06-25 13:20:02.600000+08:00,-308.00000000000114,-0.01666666666666672,16800.0,16520.0,24.88000000000011,24.0,4.3075862748098714e-05,completed_two_leg
552331,552332,552368.0,553532,-1,P,2024-06-25,2024-06-25,2024-06-25,2024-07-02,2024-06-25 13:52:00+08:00,2024-06-25 14:28:00+08:00,4852.46,4851.5,temporal_completion,36.0,recovery,MO2407-P-4850,2024-07-19,4850.0,154.8,152.8,2024-06-25 13:52:00.600000+08:00,2024-06-25 14:28:01.600000+08:00,-228.0,-0.012919896640826822,15480.000000000002,15280.000000000002,0.0,24.0,-0.0001978377977356338,completed_two_leg
552403,552404,552410.0,553604,-1,P,2024-06-26,2024-06-26,2024-06-26,2024-07-03,2024-06-26 09:34:00+08:00,2024-06-26 09:40:00+08:00,4820.18,4851.23,temporal_completion,6.0,recovery,MO2407-P-4800,2024-07-19,4800.0,145.0,120.0,2024-06-26 09:34:02.200000+08:00,2024-06-26 09:40:01.700000+08:00,-2528.0,-0.1724137931034483,14500.0,12000.0,0.0,23.0,0.006441668153471358,completed_two_leg
552645,552646,552889.0,553846,-1,P,2024-06-27,2024-06-27,2024-06-28,2024-07-04,2024-06-27 09:36:00+08:00,2024-06-28 09:39:00+08:00,4952.24,4898.02,temporal_completion,243.0,censored,MO2407-P-4950,2024-07-19,4950.0,129.6,161.8,2024-06-27 09:36:01.300000+08:00,2024-06-28 09:39:01.200000+08:00,3192.000000000002,0.2484567901234569,12960.0,16180.000000000002,0.0,22.0,-0.010948580844223899,completed_two_leg
554146,554147,554152.0,555347,-1,P,2024-07-05,2024-07-05,2024-07-05,2024-07-12,2024-07-05 10:37:00+08:00,2024-07-05 10:42:00+08:00,4731.06,4769.53,temporal_completion,5.0,recovery,MO2407-P-4750,2024-07-19,4750.0,119.8,95.4,2024-07-05 10:37:01.700000+08:00,2024-07-05 10:42:05.700000+08:00,-2467.999999999999,-0.20367278797996657,11980.0,9540.0,18.9399999999996,14.0,0.008131370136924776,completed_two_leg
554591,554592,554653.0,555792,-1,P,2024-07-09,2024-07-09,2024-07-09,2024-07-16,2024-07-09 10:02:00+08:00,2024-07-09 11:03:00+08:00,4696.07,4682.6,temporal_completion,61.0,recovery,MO2407-P-4700,2024-07-19,4700.0,98.4,100.0,2024-07-09 10:02:02.900000+08:00,2024-07-09 11:03:02.900000+08:00,131.99999999999943,0.016260162601625883,9840.0,10000.0,3.930000000000291,10.0,-0.00286835588055534,completed_two_leg
554805,554806,554814.0,556006,-1,P,2024-07-10,2024-07-10,2024-07-10,2024-07-17,2024-07-10 09:36:00+08:00,2024-07-10 09:44:00+08:00,4780.27,4810.06,temporal_completion,8.0,failure,MO2407-P-4800,2024-07-19,4800.0,101.4,80.0,2024-07-10 09:36:02+08:00,2024-07-10 09:44:02+08:00,-2168.0000000000005,-0.21104536489151882,10140.0,8000.0,19.729999999999563,9.0,0.006231865564078953,completed_two_leg
554891,554892,555041.0,556092,-1,P,2024-07-10,2024-07-10,2024-07-11,2024-07-17,2024-07-10 11:02:00+08:00,2024-07-11 09:31:00+08:00,4788.99,4841.7,parent_failure,149.0,recovery,MO2407-P-4800,2024-07-19,4800.0,95.6,66.8,2024-07-10 11:02:02.500000+08:00,2024-07-11 09:31:02.900000+08:00,-2907.9999999999995,-0.301255230125523,9560.0,6680.0,11.010000000000218,9.0,0.011006496150545386,completed_two_leg
555051,555052,555053.0,556252,-1,P,2024-07-11,2024-07-11,2024-07-11,2024-07-18,2024-07-11 09:42:00+08:00,2024-07-11 09:43:00+08:00,4826.49,4829.42,parent_failure,1.0,failure,MO2407-P-4850,2024-07-19,4850.0,98.6,94.8,2024-07-11 09:42:01.900000+08:00,2024-07-11 09:43:03.400000+08:00,-407.9999999999997,-0.03853955375253548,9860.0,9480.0,23.51000000000022,8.0,0.0006070664188675412,completed_two_leg
555646,555647,555732.0,556847,1,C,2024-07-15,2024-07-15,2024-07-15,2024-07-22,2024-07-15 13:07:00+08:00,2024-07-15 14:32:00+08:00,4850.98,4821.49,temporal_completion,85.0,censored,MO2408-C-4850,2024-08-16,4850.0,105.4,90.6,2024-07-15 13:07:05.700000+08:00,2024-07-15 14:32:02.700000+08:00,-1508.0000000000011,-0.14041745730550292,10540.0,9060.0,0.9799999999995634,32.0,-0.0060791839999340125,completed_two_leg
557338,557339,557457.0,558539,-1,P,2024-07-24,2024-07-24,2024-07-25,2024-07-31,2024-07-24 13:19:00+08:00,2024-07-25 09:47:00+08:00,4664.15,4631.84,temporal_completion,118.0,recovery,MO2408-P-4650,2024-08-16,4650.0,148.4,159.0,2024-07-24 13:19:03+08:00,2024-07-25 09:47:02.700000+08:00,1031.9999999999995,0.0714285714285714,14840.0,15900.0,0.0,23.0,-0.006927307226397006,completed_two_leg
557567,557568,557684.0,558768,-1,P,2024-07-25,2024-07-25,2024-07-26,2024-08-01,2024-07-25 13:08:00+08:00,2024-07-26 09:34:00+08:00,4645.43,4659.33,temporal_completion,116.0,failure,MO2408-P-4650,2024-08-16,4650.0,145.8,128.2,2024-07-25 13:08:01.200000+08:00,2024-07-26 09:34:02.900000+08:00,-1788.0000000000023,-0.12071330589849127,14580.000000000002,12819.999999999998,4.569999999999709,22.0,0.0029921880213457097,completed_two_leg
558773,558774,558881.0,559974,1,C,2024-08-01,2024-08-01,2024-08-02,2024-08-08,2024-08-01 13:14:00+08:00,2024-08-02 09:31:00+08:00,4887.93,4844.19,temporal_completion,107.0,censored,MO2408-C-4900,2024-08-16,4900.0,79.8,62.6,2024-08-01 13:14:02.900000+08:00,2024-08-02 09:31:02.500000+08:00,-1747.9999999999995,-0.21553884711779447,7980.0,6260.0,0.0,15.0,-0.008948573322449471,completed_two_leg
560000,560001,560081.0,561201,-1,P,2024-08-08,2024-08-08,2024-08-09,2024-08-15,2024-08-08 13:41:00+08:00,2024-08-09 09:31:00+08:00,4737.93,4776.28,parent_failure,80.0,failure,MO2408-P-4750,2024-08-16,4750.0,79.4,53.8,2024-08-08 13:41:01.800000+08:00,2024-08-09 09:31:01.800000+08:00,-2588.000000000001,-0.32241813602015124,7940.000000000001,5380.0,12.069999999999709,8.0,0.008094252131204849,completed_two_leg
560112,560113,560385.0,561313,-1,P,2024-08-09,2024-08-09,2024-08-12,2024-08-16,2024-08-09 10:03:00+08:00,2024-08-12 10:35:00+08:00,4750.54,4700.24,temporal_completion,272.0,recovery,MO2409-P-4750,2024-09-20,4750.0,178.0,203.4,2024-08-09 10:05:53.800000+08:00,2024-08-12 10:35:18.500000+08:00,2512.0000000000005,0.14269662921348325,17800.0,20340.0,0.0,42.0,-0.010588269965098762,completed_two_leg
560385,560386,560481.0,561586,1,C,2024-08-12,2024-08-12,2024-08-12,2024-08-19,2024-08-12 10:36:00+08:00,2024-08-12 13:41:00+08:00,4704.09,4677.6,parent_failure,95.0,failure,MO2409-C-4700,2024-09-20,4700.0,115.2,103.8,2024-08-12 10:36:08+08:00,2024-08-12 13:41:14+08:00,-1168.0000000000005,-0.09895833333333337,11520.0,10380.0,4.0900000000001455,39.0,-0.005631269809888817,completed_two_leg
560599,560600,560605.0,561800,1,C,2024-08-13,2024-08-13,2024-08-13,2024-08-20,2024-08-13 10:10:00+08:00,2024-08-13 10:15:00+08:00,4697.89,4677.73,parent_failure,5.0,failure,MO2409-C-4700,2024-09-20,4700.0,114.0,104.8,2024-08-13 10:10:02.200000+08:00,2024-08-13 10:15:03.700000+08:00,-948.0000000000002,-0.08070175438596494,11400.0,10480.0,0.0,38.0,-0.0042912882166250554,completed_two_leg
560886,560887,560891.0,562087,1,C,2024-08-14,2024-08-14,2024-08-14,2024-08-21,2024-08-14 10:57:00+08:00,2024-08-14 11:01:00+08:00,4684.5,4678.22,parent_failure,4.0,failure,MO2409-C-4700,2024-09-20,4700.0,103.6,98.8,2024-08-14 10:57:01.300000+08:00,2024-08-14 11:01:05.300000+08:00,-507.9999999999997,-0.04633204633204635,10360.0,9880.0,0.0,37.0,-0.0013405913117727764,completed_two_leg
561161,561162,561528.0,562362,-1,P,2024-08-15,2024-08-15,2024-08-19,2024-08-22,2024-08-15 13:02:00+08:00,2024-08-19 09:38:00+08:00,4705.23,4685.5,temporal_completion,366.0,recovery,MO2409-P-4700,2024-09-20,4700.0,146.8,133.0,2024-08-15 13:02:14+08:00,2024-08-19 09:38:01.300000+08:00,-1408.0000000000011,-0.09400544959128077,14680.000000000002,13300.0,0.0,36.0,-0.004193206283220952,completed_two_leg
562404,562405,562581.0,563605,-1,P,2024-08-22,2024-08-22,2024-08-23,2024-08-29,2024-08-22 13:45:00+08:00,2024-08-23 11:11:00+08:00,4511.66,4496.09,temporal_completion,176.0,recovery,MO2409-P-4500,2024-09-20,4500.0,111.4,120.4,2024-08-22 13:45:04.300000+08:00,2024-08-23 11:11:02.200000+08:00,872.0,0.08078994614003587,11140.0,12040.0,0.0,29.0,-0.003451057925464185,completed_two_leg
562625,562626,562732.0,563826,-1,P,2024-08-23,2024-08-23,2024-08-26,2024-08-30,2024-08-23 13:26:00+08:00,2024-08-26 09:42:00+08:00,4480.34,4511.19,temporal_completion,106.0,recovery,MO2409-P-4500,2024-09-20,4500.0,126.8,106.0,2024-08-23 13:26:07.200000+08:00,2024-08-26 09:42:02.800000+08:00,-2107.9999999999995,-0.16403785488958988,12680.0,10600.0,19.659999999999854,28.0,0.006885638143533601,completed_two_leg
563155,563156,,564356,-1,P,2024-08-27,2024-08-27,,,2024-08-27 14:16:00+08:00,,4449.46,,,,recovery,,,,,,,,,,,,,,,entry_invalid
563321,563322,563461.0,564522,-1,P,2024-08-28,2024-08-28,2024-08-29,2024-09-04,2024-08-28 13:02:00+08:00,2024-08-29 09:51:00+08:00,4471.59,4486.16,temporal_completion,139.0,failure,MO2409-P-4450,2024-09-20,4450.0,88.8,79.2,2024-08-28 13:02:00.400000+08:00,2024-08-29 09:51:02.900000+08:00,-987.9999999999994,-0.108108108108108,8880.0,7920.0,0.0,23.0,0.0032583488199946498,completed_two_leg
564175,564176,564231.0,565376,1,C,2024-09-03,2024-09-03,2024-09-03,2024-09-10,2024-09-03 09:46:00+08:00,2024-09-03 10:41:00+08:00,4561.06,4563.26,temporal_completion,55.0,censored,MO2409-C-4550,2024-09-20,4550.0,81.0,78.2,2024-09-03 09:46:01.400000+08:00,2024-09-03 10:41:01.400000+08:00,-307.9999999999997,-0.03456790123456788,8100.0,7820.0,11.0600000000004,17.0,0.0004823440165224735,completed_two_leg
565601,565602,565621.0,566802,-1,P,2024-09-11,2024-09-11,2024-09-11,2024-09-20,2024-09-11 09:32:00+08:00,2024-09-11 09:51:00+08:00,4455.36,4489.07,temporal_completion,19.0,recovery,MO2410-P-4450,2024-10-18,4450.0,147.4,126.6,2024-09-11 09:33:01.900000+08:00,2024-09-11 09:51:07.900000+08:00,-2108.000000000001,-0.14111261872455905,14740.0,12660.0,0.0,37.0,0.007566167492638165,completed_two_leg
566580,566581,566593.0,567781,-1,P,2024-09-19,2024-09-19,2024-09-19,2024-09-26,2024-09-19 09:51:00+08:00,2024-09-19 10:03:00+08:00,4393.2,4418.1,temporal_completion,12.0,failure,MO2410-P-4400,2024-10-18,4400.0,129.0,115.4,2024-09-19 09:51:10+08:00,2024-09-19 10:03:05+08:00,-1387.9999999999995,-0.10542635658914723,12900.0,11540.0,6.800000000000182,29.0,0.0056678503141218695,completed_two_leg
567357,567358,567584.0,568558,1,C,2024-09-24,2024-09-24,2024-09-25,2024-10-08,2024-09-24 10:48:00+08:00,2024-09-25 10:34:00+08:00,4506.54,4765.9,temporal_completion,226.0,recovery,MO2410-C-4500,2024-10-18,4500.0,93.6,279.0,2024-09-24 10:48:02.200000+08:00,2024-09-25 10:34:00.600000+08:00,18512.0,1.9807692307692308,9360.0,27900.0,6.539999999999964,24.0,0.05755191344135402,completed_two_leg
567703,567704,567737.0,568904,1,C,2024-09-25,2024-09-25,2024-09-25,2024-10-09,2024-09-25 14:04:00+08:00,2024-09-25 14:37:00+08:00,4715.28,4685.87,temporal_completion,33.0,recovery,MO2410-C-4700,2024-10-18,4700.0,105.6,89.6,2024-09-25 14:04:02.100000+08:00,2024-09-25 14:37:02.600000+08:00,-1628.0,-0.1515151515151515,10560.0,8960.0,15.279999999999745,23.0,-0.00623716937276253,completed_two_leg
568213,568214,568249.0,569414,1,C,2024-09-27,2024-09-27,2024-09-30,2024-10-11,2024-09-27 14:34:00+08:00,2024-09-30 09:39:00+08:00,5124.04,5459.71,temporal_completion,35.0,recovery,MO2410-C-5100,2024-10-18,5100.0,309.2,430.4,2024-09-27 14:34:02.400000+08:00,2024-09-30 09:39:02.500000+08:00,12091.999999999998,0.39197930142302706,30920.0,43040.0,24.039999999999964,21.0,0.06550885629308123,completed_two_leg
568265,568266,568336.0,569466,1,C,2024-09-30,2024-09-30,2024-09-30,2024-10-14,2024-09-30 09:56:00+08:00,2024-09-30 11:06:00+08:00,5381.44,5538.2,temporal_completion,70.0,recovery,MO2410-C-5400,2024-10-18,5400.0,302.6,358.4,2024-09-30 09:56:02+08:00,2024-09-30 11:06:02.500000+08:00,5551.999999999995,0.1844018506278915,30260.000000000004,35840.0,0.0,18.0,0.029129749658084014,completed_two_leg
568349,568350,568375.0,569550,1,C,2024-09-30,2024-09-30,2024-09-30,2024-10-14,2024-09-30 11:20:00+08:00,2024-09-30 13:15:00+08:00,5576.94,5625.46,temporal_completion,25.0,recovery,MO2410-C-5600,2024-10-18,5600.0,328.2,340.4,2024-09-30 11:20:02.500000+08:00,2024-09-30 13:15:01+08:00,1191.9999999999989,0.03717245581962225,32820.0,34040.0,0.0,18.0,0.008700111530696164,completed_two_leg
568393,568394,568441.0,569594,1,C,2024-09-30,2024-09-30,2024-09-30,2024-10-14,2024-09-30 13:34:00+08:00,2024-09-30 14:21:00+08:00,5658.97,5688.12,temporal_completion,47.0,recovery,MO2410-C-5700,2024-10-18,5700.0,337.0,365.0,2024-09-30 13:34:01+08:00,2024-09-30 14:21:02.500000+08:00,2772.0,0.08308605341246289,33700.0,36500.0,0.0,18.0,0.005151114071995311,completed_two_leg
568449,568450,568488.0,569650,1,C,2024-09-30,2024-09-30,2024-10-08,2024-10-14,2024-09-30 14:30:00+08:00,2024-10-08 09:38:00+08:00,5641.68,6303.87,temporal_completion,38.0,recovery,MO2410-C-5600,2024-10-18,5600.0,463.8,910.0,2024-09-30 14:30:00.500000+08:00,2024-10-08 09:38:05.100000+08:00,44592.0,0.9620526088831391,46380.0,91000.0,41.68000000000029,18.0,0.11737461181775632,completed_two_leg
568498,568499,568514.0,569699,1,C,2024-10-08,2024-10-08,2024-10-08,2024-10-15,2024-10-08 09:49:00+08:00,2024-10-08 10:04:00+08:00,6235.71,6228.89,temporal_completion,15.0,failure,MO2410-C-6200,2024-10-18,6200.0,670.0,533.0,2024-10-08 09:49:05.100000+08:00,2024-10-08 10:04:02.100000+08:00,-13728.0,-0.20447761194029845,67000.0,53300.0,35.710000000000036,10.0,-0.001093700637136652,completed_two_leg
569016,569017,569019.0,570217,-1,P,2024-10-10,2024-10-10,2024-10-10,2024-10-17,2024-10-10 10:27:00+08:00,2024-10-10 10:29:00+08:00,5645.76,5683.28,temporal_completion,2.0,failure,MO2410-P-5600,2024-10-18,5600.0,163.2,150.2,2024-10-10 10:27:05.300000+08:00,2024-10-10 10:29:02.800000+08:00,-1328.0,-0.07965686274509809,16319.999999999998,15019.999999999998,0.0,8.0,0.00664569517655722,completed_two_leg
569074,569075,569081.0,570275,-1,P,2024-10-10,2024-10-10,2024-10-10,2024-10-17,2024-10-10 11:25:00+08:00,2024-10-10 13:01:00+08:00,5820.91,5860.39,parent_failure,6.0,failure,MO2410-P-5800,2024-10-18,5800.0,186.2,172.8,2024-10-10 11:25:00.300000+08:00,2024-10-10 13:01:05.300000+08:00,-1367.9999999999977,-0.0719656283566057,18620.0,17280.0,0.0,8.0,0.006782444669304333,completed_two_leg
569087,569088,,570288,-1,P,2024-10-10,2024-10-10,,,2024-10-10 13:08:00+08:00,,5810.14,,,,recovery,,,,,,,,,,,,,,,entry_invalid
569125,569126,569136.0,570326,1,C,2024-10-10,2024-10-10,2024-10-10,2024-10-17,2024-10-10 13:46:00+08:00,2024-10-10 13:56:00+08:00,5796.7,5746.84,temporal_completion,10.0,failure,MO2410-C-5800,2024-10-18,5800.0,208.0,164.2,2024-10-10 13:46:02.800000+08:00,2024-10-10 13:56:01.300000+08:00,-4408.000000000001,-0.2105769230769231,20800.0,16420.0,0.0,8.0,-0.008601445650111228,completed_two_leg
569272,569273,569282.0,570473,-1,P,2024-10-11,2024-10-11,2024-10-11,2024-10-18,2024-10-11 10:43:00+08:00,2024-10-11 10:52:00+08:00,5453.76,5493.04,temporal_completion,9.0,recovery,MO2411-P-5500,2024-11-15,5500.0,321.2,285.0,2024-10-11 10:43:20.300000+08:00,2024-10-11 10:52:38.800000+08:00,-3647.999999999999,-0.11270236612702367,32120.0,28500.0,46.23999999999978,35.0,0.00720237047468153,completed_two_leg
569413,569414,,570614,-1,P,2024-10-11,2024-10-11,,,2024-10-11 14:34:00+08:00,,5369.56,,,,recovery,,,,,,,,,,,,,,,entry_invalid
569459,569460,569482.0,570660,-1,P,2024-10-14,2024-10-14,2024-10-14,2024-10-21,2024-10-14 09:50:00+08:00,2024-10-14 10:12:00+08:00,5430.77,5389.65,temporal_completion,22.0,recovery,MO2411-P-5400,2024-11-15,5400.0,270.2,276.6,2024-10-14 09:50:30.600000+08:00,2024-10-14 10:12:02.100000+08:00,612.0000000000034,0.023686158401184487,27020.0,27660.000000000004,0.0,32.0,-0.0075716703156275544,completed_two_leg
569497,569498,569504.0,570698,-1,P,2024-10-14,2024-10-14,2024-10-14,2024-10-21,2024-10-14 10:28:00+08:00,2024-10-14 10:34:00+08:00,5362.83,5404.22,temporal_completion,6.0,failure,MO2411-P-5400,2024-11-15,5400.0,286.2,268.0,2024-10-14 10:28:01.100000+08:00,2024-10-14 10:35:06.100000+08:00,-1847.9999999999989,-0.06359189378057295,28620.0,26800.0,37.17000000000007,32.0,0.007717939968262977,completed_two_leg
569685,569686,569740.0,570886,1,C,2024-10-15,2024-10-15,2024-10-15,2024-10-22,2024-10-15 09:36:00+08:00,2024-10-15 10:30:00+08:00,5560.29,5664.1,temporal_completion,54.0,recovery,MO2411-C-5600,2024-11-15,5600.0,223.0,256.6,2024-10-15 09:36:02.400000+08:00,2024-10-15 10:30:15.900000+08:00,3332.0000000000023,0.15067264573991035,22300.0,25660.000000000004,0.0,31.0,0.018669889520150917,completed_two_leg
569765,569766,569781.0,570966,1,C,2024-10-15,2024-10-15,2024-10-15,2024-10-22,2024-10-15 10:56:00+08:00,2024-10-15 11:11:00+08:00,5646.23,5622.71,temporal_completion,15.0,failure,MO2411-C-5600,2024-11-15,5600.0,238.8,236.0,2024-10-15 10:56:21.400000+08:00,2024-10-15 11:11:23.900000+08:00,-308.00000000000114,-0.011725293132328396,23880.0,23600.0,46.22999999999956,31.0,-0.004165611390254953,completed_two_leg
569940,569941,569950.0,571141,-1,P,2024-10-16,2024-10-16,2024-10-16,2024-10-23,2024-10-16 09:51:00+08:00,2024-10-16 10:00:00+08:00,5509.0,5539.16,temporal_completion,9.0,failure,MO2411-P-5500,2024-11-15,5500.0,224.2,200.0,2024-10-16 09:51:01.400000+08:00,2024-10-16 10:00:00.900000+08:00,-2447.999999999999,-0.1079393398751115,22420.0,20000.0,0.0,30.0,0.00547467779996369,completed_two_leg
570567,570568,570625.0,571768,1,C,2024-10-18,2024-10-18,2024-10-18,2024-10-25,2024-10-18 13:48:00+08:00,2024-10-18 14:45:00+08:00,5731.31,5825.81,temporal_completion,57.0,recovery,MO2411-C-5700,2024-11-15,5700.0,289.6,419.4,2024-10-18 13:48:05.900000+08:00,2024-10-18 14:45:01.900000+08:00,12951.999999999996,0.44820441988950255,28960.000000000004,41940.0,31.3100000000004,28.0,0.01648837700281436,completed_two_leg
570642,570643,570647.0,571843,1,C,2024-10-21,2024-10-21,2024-10-21,2024-10-28,2024-10-21 09:33:00+08:00,2024-10-21 09:37:00+08:00,5810.5,5792.43,temporal_completion,4.0,recovery,MO2411-C-5800,2024-11-15,5800.0,298.0,272.8,2024-10-21 09:33:01.800000+08:00,2024-10-21 09:37:02.800000+08:00,-2547.999999999999,-0.08456375838926167,29800.0,27280.0,10.5,25.0,-0.0031098872730401794,completed_two_leg
570749,570750,570773.0,571950,1,C,2024-10-21,2024-10-21,2024-10-21,2024-10-28,2024-10-21 11:20:00+08:00,2024-10-21 13:13:00+08:00,5897.42,5910.65,temporal_completion,23.0,recovery,MO2411-C-5900,2024-11-15,5900.0,279.8,281.2,2024-10-21 11:20:02.800000+08:00,2024-10-21 13:13:00.300000+08:00,111.99999999999773,0.005003573981415155,27980.0,28120.0,0.0,25.0,0.002243353873388587,completed_two_leg
570854,570855,570892.0,572055,1,C,2024-10-21,2024-10-21,2024-10-22,2024-10-28,2024-10-21 14:35:00+08:00,2024-10-22 09:42:00+08:00,5869.71,5825.84,temporal_completion,37.0,recovery,MO2411-C-5900,2024-11-15,5900.0,246.0,206.6,2024-10-21 14:35:00.800000+08:00,2024-10-22 09:42:05.500000+08:00,-3968.0000000000005,-0.16016260162601625,24600.0,20660.0,0.0,25.0,-0.0074739637903746825,completed_two_leg
571326,571327,571349.0,572527,1,C,2024-10-23,2024-10-23,2024-10-23,2024-10-30,2024-10-23 14:27:00+08:00,2024-10-23 14:49:00+08:00,5921.21,5880.77,temporal_completion,22.0,recovery,MO2411-C-5900,2024-11-15,5900.0,239.4,209.2,2024-10-23 14:27:02.500000+08:00,2024-10-23 14:49:04.500000+08:00,-3048.000000000002,-0.12614870509607357,23940.0,20920.0,21.210000000000036,23.0,-0.006829685148812437,completed_two_leg
571841,571842,572094.0,573042,1,C,2024-10-28,2024-10-28,2024-10-29,2024-11-04,2024-10-28 09:32:00+08:00,2024-10-29 09:44:00+08:00,5987.52,6066.36,temporal_completion,252.0,recovery,MO2411-C-6000,2024-11-15,6000.0,198.8,227.0,2024-10-28 09:32:02.100000+08:00,2024-10-29 09:44:02.900000+08:00,2791.999999999999,0.1418511066398389,19880.0,22700.0,0.0,18.0,0.013167388167387939,completed_two_leg
572132,572133,572190.0,573333,1,C,2024-10-29,2024-10-29,2024-10-29,2024-11-05,2024-10-29 10:23:00+08:00,2024-10-29 11:20:00+08:00,6084.11,6063.35,temporal_completion,57.0,recovery,MO2411-C-6100,2024-11-15,6100.0,183.2,169.8,2024-10-29 10:23:02.400000+08:00,2024-10-29 11:20:00.400000+08:00,-1367.9999999999977,-0.07314410480349332,18320.0,16980.0,0.0,17.0,-0.0034121671041449364,completed_two_leg
572332,572333,572433.0,573533,1,C,2024-10-30,2024-10-30,2024-10-30,2024-11-06,2024-10-30 09:43:00+08:00,2024-10-30 11:23:00+08:00,6006.65,5996.74,temporal_completion,100.0,recovery,MO2411-C-6000,2024-11-15,6000.0,179.8,170.4,2024-10-30 09:43:02.100000+08:00,2024-10-30 11:23:04.600000+08:00,-968.0000000000006,-0.05228031145717471,17980.0,17040.0,6.649999999999636,16.0,-0.001649838096110079,completed_two_leg
572741,572742,572783.0,573942,1,C,2024-10-31,2024-10-31,2024-10-31,2024-11-07,2024-10-31 14:02:00+08:00,2024-10-31 14:43:00+08:00,6130.86,6111.0,temporal_completion,41.0,recovery,MO2411-C-6100,2024-11-15,6100.0,199.0,184.6,2024-10-31 14:02:01.500000+08:00,2024-10-31 14:43:02+08:00,-1468.0000000000005,-0.07236180904522616,19900.0,18460.0,30.859999999999673,15.0,-0.003239349781270384,completed_two_leg
572850,572851,572895.0,574051,1,C,2024-11-01,2024-11-01,2024-11-01,2024-11-08,2024-11-01 10:21:00+08:00,2024-11-01 11:05:00+08:00,5982.73,5994.59,temporal_completion,44.0,failure,MO2411-C-6000,2024-11-15,6000.0,178.8,181.0,2024-11-01 10:21:01.400000+08:00,2024-11-01 11:05:05.900000+08:00,191.99999999999886,0.01230425055928408,17880.0,18100.0,0.0,14.0,0.001982372595788373,completed_two_leg
573257,573258,573463.0,574458,1,C,2024-11-04,2024-11-04,2024-11-05,2024-11-11,2024-11-04 14:38:00+08:00,2024-11-05 14:03:00+08:00,6027.06,6223.96,temporal_completion,205.0,recovery,MO2411-C-6000,2024-11-15,6000.0,200.6,319.8,2024-11-04 14:38:01.600000+08:00,2024-11-05 14:03:02.200000+08:00,11892.000000000002,0.5942173479561317,20060.0,31980.0,27.0600000000004,11.0,0.03266932799739841,completed_two_leg
573493,573494,573531.0,574694,1,C,2024-11-05,2024-11-05,2024-11-06,2024-11-12,2024-11-05 14:34:00+08:00,2024-11-06 09:41:00+08:00,6267.5,6275.02,temporal_completion,37.0,recovery,MO2411-C-6300,2024-11-15,6300.0,177.6,159.2,2024-11-05 14:34:02.200000+08:00,2024-11-06 09:41:02.800000+08:00,-1868.0000000000005,-0.10360360360360366,17760.0,15919.999999999998,0.0,10.0,0.0011998404467492563,completed_two_leg
573535,573536,573574.0,574736,1,C,2024-11-06,2024-11-06,2024-11-06,2024-11-13,2024-11-06 09:46:00+08:00,2024-11-06 10:24:00+08:00,6304.67,6314.82,temporal_completion,38.0,recovery,MO2411-C-6300,2024-11-15,6300.0,177.8,180.0,2024-11-06 09:46:01.300000+08:00,2024-11-06 10:24:02.800000+08:00,191.99999999999886,0.01237345331833506,17780.0,18000.0,4.670000000000073,9.0,0.00160991772765251,completed_two_leg
573633,573634,573732.0,574834,1,C,2024-11-06,2024-11-06,2024-11-06,2024-11-13,2024-11-06 11:24:00+08:00,2024-11-06 14:32:00+08:00,6297.6,6311.48,temporal_completion,98.0,recovery,MO2411-C-6300,2024-11-15,6300.0,157.0,151.2,2024-11-06 11:24:02.800000+08:00,2024-11-06 14:32:00.300000+08:00,-608.0000000000011,-0.03694267515923577,15700.0,15119.999999999998,0.0,9.0,0.0022040142276420482,completed_two_leg
574141,574142,574204.0,575342,1,C,2024-11-08,2024-11-08,2024-11-08,2024-11-15,2024-11-08 13:22:00+08:00,2024-11-08 14:24:00+08:00,6446.34,6427.09,temporal_completion,62.0,recovery,MO2412-C-6400,2024-12-20,6400.0,306.6,290.4,2024-11-08 13:22:03.500000+08:00,2024-11-08 14:24:27.500000+08:00,-1648.0000000000045,-0.052837573385518755,30660.000000000004,29039.999999999996,46.340000000000146,42.0,-0.002986190613588513,completed_two_leg
574323,574324,574423.0,575524,1,C,2024-11-11,2024-11-11,2024-11-11,2024-11-18,2024-11-11 10:54:00+08:00,2024-11-11 14:03:00+08:00,6488.55,6521.24,temporal_completion,99.0,recovery,MO2412-C-6500,2024-12-20,6500.0,242.8,246.6,2024-11-11 10:54:05.100000+08:00,2024-11-11 14:03:01.100000+08:00,351.9999999999983,0.01565074135090594,24280.0,24660.0,0.0,39.0,0.005038105585993824,completed_two_leg
574451,574452,574543.0,575652,1,C,2024-11-11,2024-11-11,2024-11-12,2024-11-18,2024-11-11 14:32:00+08:00,2024-11-12 10:33:00+08:00,6562.13,6567.93,temporal_completion,91.0,recovery,MO2412-C-6600,2024-12-20,6600.0,225.0,199.8,2024-11-11 14:32:02.600000+08:00,2024-11-12 10:33:02.700000+08:00,-2547.999999999999,-0.11199999999999999,22500.0,19980.0,0.0,39.0,0.000883859356641814,completed_two_leg
574605,574606,574627.0,575806,1,C,2024-11-12,2024-11-12,2024-11-12,2024-11-19,2024-11-12 13:06:00+08:00,2024-11-12 13:27:00+08:00,6589.81,6546.79,temporal_completion,21.0,failure,MO2412-C-6600,2024-12-20,6600.0,201.6,177.4,2024-11-12 13:06:03.200000+08:00,2024-11-12 13:27:01.700000+08:00,-2447.999999999999,-0.12003968253968245,20160.0,17740.0,0.0,38.0,-0.0065282610576026245,completed_two_leg
574895,574896,574968.0,576096,1,C,2024-11-13,2024-11-13,2024-11-14,2024-11-20,2024-11-13 13:56:00+08:00,2024-11-14 09:38:00+08:00,6422.13,6423.66,temporal_completion,72.0,recovery,MO2412-C-6400,2024-12-20,6400.0,207.0,191.2,2024-11-13 13:56:10.200000+08:00,2024-11-14 09:38:00.800000+08:00,-1608.0000000000011,-0.07632850241545897,20700.0,19120.0,22.13000000000011,37.0,0.00023823871519268458,completed_two_leg
574968,574969,574983.0,576169,-1,P,2024-11-14,2024-11-14,2024-11-14,2024-11-21,2024-11-14 09:39:00+08:00,2024-11-14 09:53:00+08:00,6423.03,6463.17,temporal_completion,14.0,recovery,MO2412-P-6400,2024-12-20,6400.0,252.4,231.8,2024-11-14 09:39:05.300000+08:00,2024-11-14 09:53:02.800000+08:00,-2087.9999999999995,-0.08161648177496039,25240.0,23180.0,0.0,36.0,0.006249386971569626,completed_two_leg
575262,575263,575325.0,576463,-1,P,2024-11-15,2024-11-15,2024-11-15,2024-11-22,2024-11-15 10:33:00+08:00,2024-11-15 13:05:00+08:00,6280.89,6268.16,temporal_completion,62.0,recovery,MO2412-P-6300,2024-12-20,6300.0,260.0,264.8,2024-11-15 10:33:05.800000+08:00,2024-11-15 13:05:01.300000+08:00,452.00000000000114,0.01846153846153853,26000.0,26480.0,19.109999999999673,35.0,-0.0020267828285482903,completed_two_leg
575365,575366,575462.0,576566,-1,P,2024-11-15,2024-11-15,2024-11-18,2024-11-22,2024-11-15 13:46:00+08:00,2024-11-18 09:52:00+08:00,6238.4,6052.11,temporal_completion,96.0,recovery,MO2412-P-6200,2024-12-20,6200.0,223.4,317.6,2024-11-15 13:46:00.800000+08:00,2024-11-18 09:52:04+08:00,9392.000000000002,0.42166517457475394,22340.0,31760.000000000004,0.0,35.0,-0.029861823544498622,completed_two_leg
575472,575473,575477.0,576673,-1,P,2024-11-18,2024-11-18,2024-11-18,2024-11-25,2024-11-18 10:03:00+08:00,2024-11-18 10:07:00+08:00,6008.7,6065.57,temporal_completion,4.0,recovery,MO2412-P-6000,2024-12-20,6000.0,232.8,205.2,2024-11-18 10:03:00.500000+08:00,2024-11-18 10:07:02.500000+08:00,-2788.0000000000023,-0.11855670103092797,23280.0,20520.0,0.0,32.0,0.009464609649341815,completed_two_leg
575657,575658,575681.0,576858,-1,P,2024-11-18,2024-11-18,2024-11-19,2024-11-25,2024-11-18 14:38:00+08:00,2024-11-19 09:31:00+08:00,5960.95,5995.94,temporal_completion,23.0,recovery,MO2412-P-6000,2024-12-20,6000.0,274.8,245.2,2024-11-18 14:38:05.500000+08:00,2024-11-19 09:31:01.600000+08:00,-2988.0000000000023,-0.10771470160116459,27480.0,24520.0,39.05000000000018,32.0,0.00586986973552861,completed_two_leg
575721,575722,575767.0,576922,-1,P,2024-11-19,2024-11-19,2024-11-19,2024-11-26,2024-11-19 10:12:00+08:00,2024-11-19 10:57:00+08:00,6020.73,6017.93,temporal_completion,45.0,failure,MO2412-P-6000,2024-12-20,6000.0,235.8,235.8,2024-11-19 10:12:00.600000+08:00,2024-11-19 10:57:02.100000+08:00,-28.0,0.0,23580.0,23580.0,0.0,31.0,-0.00046505988476464033,completed_two_leg
576131,576132,576209.0,577332,1,C,2024-11-20,2024-11-20,2024-11-21,2024-11-27,2024-11-20 14:32:00+08:00,2024-11-21 10:19:00+08:00,6241.81,6232.52,temporal_completion,77.0,recovery,MO2412-C-6200,2024-12-20,6200.0,212.0,198.8,2024-11-20 14:32:02.200000+08:00,2024-11-21 10:19:02.500000+08:00,-1347.9999999999989,-0.06226415094339621,21200.0,19880.0,41.8100000000004,30.0,-0.0014883503342780768,completed_two_leg
576222,576223,,577423,1,C,2024-11-21,2024-11-21,,,2024-11-21 10:33:00+08:00,,6280.17,,,,recovery,,,,,,,,,,,,,,,entry_invalid
576370,576371,576462.0,577571,1,C,2024-11-21,2024-11-21,2024-11-22,2024-11-28,2024-11-21 14:31:00+08:00,2024-11-22 10:32:00+08:00,6251.83,6233.45,temporal_completion,91.0,failure,MO2412-C-6300,2024-12-20,6300.0,149.2,137.0,2024-11-21 14:31:01.500000+08:00,2024-11-22 10:32:02+08:00,-1247.9999999999989,-0.08176943699731898,14919.999999999998,13700.0,0.0,29.0,-0.002939939185806373,completed_two_leg
576907,576908,576914.0,578108,-1,P,2024-11-26,2024-11-26,2024-11-26,2024-12-03,2024-11-26 09:58:00+08:00,2024-11-26 10:04:00+08:00,6041.62,6069.98,parent_failure,6.0,failure,MO2412-P-6000,2024-12-20,6000.0,219.0,201.4,2024-11-26 09:58:02.800000+08:00,2024-11-26 10:04:00.300000+08:00,-1787.9999999999995,-0.0803652968036529,21900.0,20140.0,0.0,24.0,0.004694105223433498,completed_two_leg
577076,577077,577097.0,578277,1,C,2024-11-26,2024-11-26,2024-11-26,2024-12-03,2024-11-26 14:17:00+08:00,2024-11-26 14:37:00+08:00,6028.76,5986.61,temporal_completion,20.0,failure,MO2412-C-6000,2024-12-20,6000.0,177.0,158.4,2024-11-26 14:17:02.800000+08:00,2024-11-26 14:37:05.800000+08:00,-1887.9999999999995,-0.10508474576271187,17700.0,15840.0,28.76000000000022,24.0,-0.006991487470060287,completed_two_leg
577223,577224,577246.0,578424,-1,P,2024-11-27,2024-11-27,2024-11-27,2024-12-04,2024-11-27 11:14:00+08:00,2024-11-27 13:06:00+08:00,5970.68,6014.25,temporal_completion,22.0,failure,MO2412-P-6000,2024-12-20,6000.0,245.8,232.0,2024-11-27 11:14:04.500000+08:00,2024-11-27 13:06:01+08:00,-1408.0000000000011,-0.056143205858421474,24580.0,23200.0,29.31999999999971,23.0,0.007297326267694748,completed_two_leg
577645,577646,577744.0,578846,1,C,2024-11-29,2024-11-29,2024-11-29,2024-12-06,2024-11-29 10:16:00+08:00,2024-11-29 13:24:00+08:00,6083.53,6199.14,temporal_completion,98.0,recovery,MO2412-C-6100,2024-12-20,6100.0,156.0,231.8,2024-11-29 10:16:04.800000+08:00,2024-11-29 13:24:00.800000+08:00,7552.000000000001,0.48589743589743595,15600.0,23180.0,0.0,21.0,0.019003769193215225,completed_two_leg
577845,577846,578053.0,579046,1,C,2024-12-02,2024-12-02,2024-12-02,2024-12-09,2024-12-02 09:36:00+08:00,2024-12-02 14:33:00+08:00,6218.45,6277.8,temporal_completion,207.0,recovery,MO2412-C-6200,2024-12-20,6200.0,170.6,198.2,2024-12-02 09:36:01.800000+08:00,2024-12-02 14:33:04.300000+08:00,2731.9999999999995,0.1617819460726846,17060.0,19820.0,18.449999999999818,18.0,0.009544179015671173,completed_two_leg
578148,578149,578236.0,579349,1,C,2024-12-03,2024-12-03,2024-12-03,2024-12-10,2024-12-03 10:39:00+08:00,2024-12-03 13:36:00+08:00,6288.45,6253.25,temporal_completion,87.0,recovery,MO2412-C-6300,2024-12-20,6300.0,147.8,136.8,2024-12-03 10:39:07+08:00,2024-12-03 13:36:02.500000+08:00,-1128.0,-0.07442489851150202,14780.000000000002,13680.000000000002,0.0,17.0,-0.005597563787578808,completed_two_leg
578429,578430,578469.0,579630,1,C,2024-12-04,2024-12-04,2024-12-04,2024-12-11,2024-12-04 11:20:00+08:00,2024-12-04 13:29:00+08:00,6290.51,6250.71,temporal_completion,39.0,recovery,MO2412-C-6300,2024-12-20,6300.0,148.4,129.0,2024-12-04 11:20:01.100000+08:00,2024-12-04 13:29:02.100000+08:00,-1968.0000000000005,-0.1307277628032345,14840.0,12900.0,0.0,16.0,-0.006326990975294544,completed_two_leg
579252,579253,579284.0,580453,1,C,2024-12-09,2024-12-09,2024-12-10,2024-12-16,2024-12-09 14:33:00+08:00,2024-12-10 09:34:00+08:00,6305.1,6436.14,temporal_completion,31.0,recovery,MO2412-C-6300,2024-12-20,6300.0,123.6,220.0,2024-12-09 14:33:01.800000+08:00,2024-12-10 09:34:02+08:00,9612.0,0.7799352750809063,12360.0,22000.0,5.100000000000364,11.0,0.020783175524575315,completed_two_leg
579320,579321,579369.0,580521,1,C,2024-12-10,2024-12-10,2024-12-10,2024-12-17,2024-12-10 10:11:00+08:00,2024-12-10 10:59:00+08:00,6451.9,6425.71,temporal_completion,48.0,recovery,MO2412-C-6500,2024-12-20,6500.0,130.6,110.2,2024-12-10 10:11:02.500000+08:00,2024-12-10 10:59:01+08:00,-2067.999999999999,-0.1562021439509953,13060.0,11020.0,0.0,10.0,-0.004059269362513329,completed_two_leg
580174,580175,580213.0,581375,1,C,2024-12-13,2024-12-13,2024-12-13,2024-12-20,2024-12-13 13:55:00+08:00,2024-12-13 14:33:00+08:00,6429.94,6385.26,temporal_completion,38.0,failure,MO2501-C-6400,2025-01-17,6400.0,191.0,174.0,2024-12-13 13:55:10+08:00,2024-12-13 14:33:13+08:00,-1728.0,-0.08900523560209428,19100.0,17400.0,29.9399999999996,35.0,-0.006948742912064376,completed_two_leg
580928,580929,580972.0,582129,-1,P,2024-12-18,2024-12-18,2024-12-19,2024-12-25,2024-12-18 14:29:00+08:00,2024-12-19 09:42:00+08:00,6200.95,6178.79,temporal_completion,43.0,recovery,MO2501-P-6200,2025-01-17,6200.0,207.0,234.8,2024-12-18 14:29:49.700000+08:00,2024-12-19 09:42:02.800000+08:00,2752.000000000001,0.13429951690821262,20700.0,23480.0,0.0,30.0,-0.0035736459736007697,completed_two_leg
581459,581460,581471.0,582660,1,C,2024-12-23,2024-12-23,2024-12-23,2024-12-30,2024-12-23 09:50:00+08:00,2024-12-23 10:01:00+08:00,6245.76,6195.03,temporal_completion,11.0,failure,MO2501-C-6200,2025-01-17,6200.0,169.4,143.6,2024-12-23 09:50:05.600000+08:00,2024-12-23 10:01:02.600000+08:00,-2608.000000000001,-0.15230224321133423,16940.0,14360.0,45.76000000000022,25.0,-0.008122310175222913,completed_two_leg
581684,581685,581699.0,582885,1,C,2024-12-24,2024-12-24,2024-12-24,2024-12-31,2024-12-24 09:35:00+08:00,2024-12-24 09:49:00+08:00,6133.55,6115.1,temporal_completion,14.0,failure,MO2501-C-6100,2025-01-17,6100.0,196.0,186.0,2024-12-24 09:35:02.300000+08:00,2024-12-24 09:49:00.800000+08:00,-1028.0,-0.05102040816326525,19600.0,18600.0,33.55000000000018,24.0,-0.003008045911421564,completed_two_leg
581711,581712,581742.0,582912,1,C,2024-12-24,2024-12-24,2024-12-24,2024-12-31,2024-12-24 10:02:00+08:00,2024-12-24 10:32:00+08:00,6154.61,6114.11,temporal_completion,30.0,failure,MO2501-C-6200,2025-01-17,6200.0,150.4,133.0,2024-12-24 10:02:02.800000+08:00,2024-12-24 10:32:02.800000+08:00,-1768.0000000000005,-0.11569148936170215,15040.0,13300.0,0.0,24.0,-0.006580433203728586,completed_two_leg
581775,581776,581778.0,582976,1,C,2024-12-24,2024-12-24,2024-12-24,2024-12-31,2024-12-24 11:06:00+08:00,2024-12-24 11:08:00+08:00,6114.37,6109.08,parent_failure,2.0,failure,MO2501-C-6100,2025-01-17,6100.0,186.2,183.0,2024-12-24 11:06:01.800000+08:00,2024-12-24 11:08:00.800000+08:00,-347.99999999999886,-0.017185821697099812,18620.0,18300.0,14.36999999999989,24.0,-0.000865174989410189,completed_two_leg
581930,581931,581964.0,583131,-1,P,2024-12-25,2024-12-25,2024-12-25,2025-01-02,2024-12-25 09:41:00+08:00,2024-12-25 10:14:00+08:00,6125.53,6089.92,temporal_completion,33.0,recovery,MO2501-P-6100,2025-01-17,6100.0,192.6,204.4,2024-12-25 09:41:01.200000+08:00,2024-12-25 10:14:02.200000+08:00,1152.0000000000011,0.061266874350986544,19260.0,20440.0,0.0,23.0,-0.00581337451616426,completed_two_leg
582014,582015,582065.0,583215,-1,P,2024-12-25,2024-12-25,2024-12-25,2025-01-02,2024-12-25 11:05:00+08:00,2024-12-25 13:25:00+08:00,6048.22,6082.92,temporal_completion,50.0,recovery,MO2501-P-6000,2025-01-17,6000.0,178.0,158.0,2024-12-25 11:05:02.700000+08:00,2024-12-25 13:25:02.700000+08:00,-2028.0,-0.1123595505617978,17800.0,15800.0,0.0,23.0,0.005737225167073978,completed_two_leg
582133,582134,582161.0,583334,-1,P,2024-12-25,2024-12-25,2024-12-26,2025-01-02,2024-12-25 14:34:00+08:00,2024-12-26 09:31:00+08:00,6065.09,6105.74,temporal_completion,27.0,failure,MO2501-P-6100,2025-01-17,6100.0,214.4,180.8,2024-12-25 14:34:00.700000+08:00,2024-12-26 09:31:02.900000+08:00,-3387.9999999999995,-0.15671641791044777,21440.0,18080.0,34.909999999999854,23.0,0.006702291309774511,completed_two_leg
582652,582653,582755.0,583853,1,C,2024-12-30,2024-12-30,2024-12-30,2025-01-07,2024-12-30 09:43:00+08:00,2024-12-30 11:25:00+08:00,6158.55,6142.91,temporal_completion,102.0,failure,MO2501-C-6200,2025-01-17,6200.0,124.6,112.8,2024-12-30 09:43:02.100000+08:00,2024-12-30 11:25:02.600000+08:00,-1207.9999999999998,-0.0947030497592295,12460.0,11280.0,0.0,18.0,-0.0025395588247234535,completed_two_leg
583114,583115,583137.0,584315,-1,P,2024-12-31,2024-12-31,2025-01-02,2025-01-08,2024-12-31 14:55:00+08:00,2025-01-02 09:47:00+08:00,5967.08,5947.79,temporal_completion,22.0,recovery,MO2501-P-6000,2025-01-17,6000.0,185.6,188.2,2024-12-31 14:55:02.900000+08:00,2025-01-02 09:47:02.900000+08:00,231.99999999999943,0.014008620689655249,18560.0,18820.0,32.92000000000007,17.0,-0.003232736950065984,completed_two_leg
583222,583223,583329.0,584423,-1,P,2025-01-02,2025-01-02,2025-01-02,2025-01-09,2025-01-02 11:13:00+08:00,2025-01-02 14:29:00+08:00,5937.05,5830.62,temporal_completion,106.0,recovery,MO2501-P-5900,2025-01-17,5900.0,138.6,205.4,2025-01-02 11:13:05.900000+08:00,2025-01-02 14:29:01.900000+08:00,6652.000000000001,0.48196248196248215,13860.0,20540.0,0.0,15.0,-0.017926411264853837,completed_two_leg
583364,583365,583372.0,584565,-1,P,2025-01-03,2025-01-03,2025-01-03,2025-01-10,2025-01-03 09:35:00+08:00,2025-01-03 09:42:00+08:00,5752.7,5787.72,temporal_completion,7.0,recovery,MO2501-P-5800,2025-01-17,5800.0,184.0,167.8,2025-01-03 09:35:02.900000+08:00,2025-01-03 09:42:02.900000+08:00,-1647.9999999999989,-0.08804347826086956,18400.0,16780.0,47.30000000000018,14.0,0.0060875762685348445,completed_two_leg
583430,583431,583561.0,584631,-1,P,2025-01-03,2025-01-03,2025-01-03,2025-01-10,2025-01-03 10:41:00+08:00,2025-01-03 14:21:00+08:00,5774.78,5673.81,temporal_completion,130.0,recovery,MO2501-P-5800,2025-01-17,5800.0,174.4,221.4,2025-01-03 10:41:02.400000+08:00,2025-01-03 14:21:02.400000+08:00,4672.0,0.2694954128440368,17440.0,22140.0,25.220000000000255,14.0,-0.017484648765840327,completed_two_leg
583572,583573,583606.0,584773,-1,P,2025-01-03,2025-01-03,2025-01-06,2025-01-10,2025-01-03 14:33:00+08:00,2025-01-06 09:36:00+08:00,5638.5,5634.04,temporal_completion,33.0,recovery,MO2501-P-5600,2025-01-17,5600.0,134.8,127.6,2025-01-03 14:33:02.400000+08:00,2025-01-06 09:36:02.700000+08:00,-748.0000000000017,-0.05341246290801194,13480.000000000002,12760.0,0.0,14.0,-0.0007909905116608718,completed_two_leg
583668,583669,583781.0,584869,-1,P,2025-01-06,2025-01-06,2025-01-06,2025-01-13,2025-01-06 10:39:00+08:00,2025-01-06 14:01:00+08:00,5638.32,5613.24,temporal_completion,112.0,recovery,MO2501-P-5600,2025-01-17,5600.0,126.6,137.2,2025-01-06 10:39:02.700000+08:00,2025-01-06 14:01:02.700000+08:00,1031.9999999999995,0.08372827804107419,12660.0,13719.999999999998,0.0,11.0,-0.004448133486570471,completed_two_leg
583795,583796,583826.0,584996,-1,P,2025-01-06,2025-01-06,2025-01-06,2025-01-13,2025-01-06 14:16:00+08:00,2025-01-06 14:46:00+08:00,5586.87,5602.1,temporal_completion,30.0,recovery,MO2501-P-5600,2025-01-17,5600.0,153.2,138.6,2025-01-06 14:16:02.200000+08:00,2025-01-06 14:46:05.700000+08:00,-1487.9999999999995,-0.09530026109660572,15319.999999999998,13860.0,13.13000000000011,11.0,0.0027260344343076337,completed_two_leg
583924,583925,583994.0,585125,-1,P,2025-01-07,2025-01-07,2025-01-07,2025-01-14,2025-01-07 10:55:00+08:00,2025-01-07 13:34:00+08:00,5603.68,5624.5,temporal_completion,69.0,failure,MO2501-P-5600,2025-01-17,5600.0,126.4,109.2,2025-01-07 10:55:02.800000+08:00,2025-01-07 13:34:02.800000+08:00,-1748.0000000000002,-0.13607594936708867,12640.0,10920.0,0.0,10.0,0.0037154155840446457,completed_two_leg
584081,584082,584227.0,585282,-1,P,2025-01-08,2025-01-08,2025-01-08,2025-01-15,2025-01-08 09:32:00+08:00,2025-01-08 13:27:00+08:00,5661.34,5541.98,temporal_completion,145.0,recovery,MO2501-P-5700,2025-01-17,5700.0,134.0,224.2,2025-01-08 09:32:02.600000+08:00,2025-01-08 13:27:02.100000+08:00,8991.999999999998,0.673134328358209,13400.0,22420.0,38.659999999999854,9.0,-0.021083347758657944,completed_two_leg
584286,584287,584330.0,585487,-1,P,2025-01-08,2025-01-08,2025-01-09,2025-01-15,2025-01-08 14:27:00+08:00,2025-01-09 09:40:00+08:00,5658.86,5687.36,temporal_completion,43.0,failure,MO2501-P-5700,2025-01-17,5700.0,133.6,117.8,2025-01-08 14:27:01.100000+08:00,2025-01-09 09:40:01.200000+08:00,-1607.9999999999998,-0.11826347305389218,13360.0,11780.0,41.14000000000033,9.0,0.005036350077577412,completed_two_leg
584368,584369,584386.0,585569,-1,P,2025-01-09,2025-01-09,2025-01-09,2025-01-16,2025-01-09 10:19:00+08:00,2025-01-09 10:36:00+08:00,5671.88,5696.41,parent_failure,17.0,failure,MO2501-P-5700,2025-01-17,5700.0,131.0,117.0,2025-01-09 10:19:01.700000+08:00,2025-01-09 10:36:02.200000+08:00,-1428.0,-0.10687022900763354,13100.0,11700.0,28.11999999999989,8.0,0.0043248446723131995,completed_two_leg
584588,584589,584622.0,585789,-1,P,2025-01-10,2025-01-10,2025-01-10,2025-01-17,2025-01-10 09:59:00+08:00,2025-01-10 10:32:00+08:00,5663.77,5684.63,temporal_completion,33.0,recovery,MO2502-P-5700,2025-02-21,5700.0,262.0,259.2,2025-01-10 09:59:01.900000+08:00,2025-01-10 10:33:00.400000+08:00,-308.00000000000114,-0.010687022900763399,26200.0,25920.0,36.22999999999956,42.0,0.0036830591637724286,completed_two_leg
584658,584659,584815.0,585859,-1,P,2025-01-10,2025-01-10,2025-01-13,2025-01-17,2025-01-10 11:09:00+08:00,2025-01-13 09:45:00+08:00,5653.79,5500.67,temporal_completion,156.0,recovery,MO2502-P-5700,2025-02-21,5700.0,278.8,364.8,2025-01-10 11:09:08.400000+08:00,2025-01-13 09:45:20.800000+08:00,8572.0,0.3084648493543758,27880.0,36480.0,46.210000000000036,42.0,-0.02708271796440964,completed_two_leg
584888,584889,584976.0,586089,-1,P,2025-01-13,2025-01-13,2025-01-13,2025-01-20,2025-01-13 10:59:00+08:00,2025-01-13 13:56:00+08:00,5558.62,5554.79,temporal_completion,87.0,failure,MO2502-P-5600,2025-02-21,5600.0,264.4,263.6,2025-01-13 11:00:00.300000+08:00,2025-01-13 13:56:05.300000+08:00,-107.99999999999545,-0.0030257186081692478,26439.999999999996,26360.000000000004,41.38000000000011,39.0,-0.0006890199366029748,completed_two_leg
585277,585278,585289.0,586478,1,C,2025-01-14,2025-01-14,2025-01-15,2025-01-21,2025-01-14 14:58:00+08:00,2025-01-15 09:39:00+08:00,5808.03,5769.27,temporal_completion,11.0,recovery,MO2502-C-5800,2025-02-21,5800.0,224.0,194.2,2025-01-14 14:59:59.999000+08:00,2025-01-15 09:39:02.700000+08:00,-3008.000000000001,-0.13303571428571437,22400.0,19420.0,8.029999999999745,38.0,-0.006673519248350912,completed_two_leg
585677,585678,585787.0,586878,1,C,2025-01-16,2025-01-16,2025-01-17,2025-01-23,2025-01-16 13:38:00+08:00,2025-01-17 09:57:00+08:00,5788.46,5774.88,temporal_completion,109.0,recovery,MO2502-C-5800,2025-02-21,5800.0,191.6,189.8,2025-01-16 13:38:00.900000+08:00,2025-01-17 09:57:07.800000+08:00,-207.9999999999983,-0.009394572025052117,19160.0,18980.0,0.0,36.0,-0.002346047135162066,completed_two_leg
586241,586242,586257.0,587442,1,C,2025-01-21,2025-01-21,2025-01-21,2025-02-05,2025-01-21 09:32:00+08:00,2025-01-21 09:47:00+08:00,5904.92,5866.73,temporal_completion,15.0,recovery,MO2502-C-5900,2025-02-21,5900.0,198.0,175.6,2025-01-21 09:32:02.700000+08:00,2025-01-21 09:47:01.200000+08:00,-2268.0000000000005,-0.1131313131313132,19800.0,17560.0,4.920000000000073,31.0,-0.006467488128543697,completed_two_leg
586977,586978,587206.0,588178,1,C,2025-01-24,2025-01-24,2025-01-27,2025-02-10,2025-01-24 09:48:00+08:00,2025-01-27 09:36:00+08:00,5865.76,5916.18,temporal_completion,228.0,recovery,MO2502-C-5900,2025-02-21,5900.0,163.6,185.6,2025-01-24 09:48:02.200000+08:00,2025-01-27 09:36:02.700000+08:00,2172.0,0.13447432762836176,16360.0,18560.0,0.0,28.0,0.008595646599929063,completed_two_leg
588135,588136,588171.0,589336,1,C,2025-02-07,2025-02-07,2025-02-10,2025-02-14,2025-02-07 14:36:00+08:00,2025-02-10 09:41:00+08:00,6096.97,6139.1,temporal_completion,35.0,recovery,MO2502-C-6100,2025-02-21,6100.0,106.6,131.2,2025-02-07 14:36:01.500000+08:00,2025-02-10 09:41:02+08:00,2431.9999999999995,0.23076923076923084,10660.0,13119.999999999998,0.0,14.0,0.006909989716203269,completed_two_leg
588501,588502,588759.0,589702,1,C,2025-02-11,2025-02-11,2025-02-12,2025-02-18,2025-02-11 11:12:00+08:00,2025-02-12 11:29:00+08:00,6175.9,6215.69,temporal_completion,257.0,recovery,MO2502-C-6200,2025-02-21,6200.0,87.8,92.4,2025-02-11 11:12:02.100000+08:00,2025-02-12 11:29:02.500000+08:00,432.00000000000085,0.05239179954441919,8780.0,9240.0,0.0,10.0,0.006442785666866291,completed_two_leg
588839,588840,588891.0,590040,1,C,2025-02-12,2025-02-12,2025-02-13,2025-02-19,2025-02-12 14:20:00+08:00,2025-02-13 09:41:00+08:00,6256.95,6240.82,temporal_completion,51.0,recovery,MO2502-C-6300,2025-02-21,6300.0,70.6,59.0,2025-02-12 14:20:01.500000+08:00,2025-02-13 09:41:02.200000+08:00,-1187.9999999999995,-0.1643059490084985,7059.999999999999,5900.0,0.0,9.0,-0.002577933338128058,completed_two_leg
588913,588914,588943.0,590114,1,C,2025-02-13,2025-02-13,2025-02-13,2025-02-20,2025-02-13 10:04:00+08:00,2025-02-13 10:33:00+08:00,6268.37,6228.16,temporal_completion,29.0,recovery,MO2502-C-6300,2025-02-21,6300.0,72.8,59.6,2025-02-13 10:04:02.200000+08:00,2025-02-13 10:33:02.700000+08:00,-1347.9999999999995,-0.18131868131868123,7280.0,5960.0,0.0,8.0,-0.006414745779205755,completed_two_leg
589199,589200,589289.0,590400,1,C,2025-02-14,2025-02-14,2025-02-14,2025-02-21,2025-02-14 10:50:00+08:00,2025-02-14 13:49:00+08:00,6234.5,6207.55,temporal_completion,89.0,recovery,MO2503-C-6200,2025-03-21,6200.0,187.6,168.6,2025-02-14 10:50:01.400000+08:00,2025-02-14 13:49:01.900000+08:00,-1928.0,-0.1012793176972282,18760.0,16860.0,34.5,35.0,-0.004322720346459197,completed_two_leg
589426,589427,589490.0,590627,1,C,2025-02-17,2025-02-17,2025-02-17,2025-02-24,2025-02-17 10:37:00+08:00,2025-02-17 13:10:00+08:00,6302.08,6261.61,temporal_completion,63.0,failure,MO2503-C-6300,2025-03-21,6300.0,158.8,134.2,2025-02-17 10:37:02.100000+08:00,2025-02-17 13:10:04.100000+08:00,-2488.0000000000023,-0.15491183879093218,15880.000000000002,13419.999999999998,2.0799999999999272,32.0,-0.006421689347009263,completed_two_leg
590144,590145,590207.0,591345,-1,P,2025-02-20,2025-02-20,2025-02-20,2025-02-27,2025-02-20 10:35:00+08:00,2025-02-20 13:07:00+08:00,6280.6,6312.39,parent_failure,62.0,failure,MO2503-P-6300,2025-03-21,6300.0,215.4,200.0,2025-02-20 10:35:00.900000+08:00,2025-02-20 13:07:00.900000+08:00,-1568.0000000000005,-0.07149489322191271,21540.0,20000.0,19.399999999999636,29.0,0.005061618316721361,completed_two_leg
590764,590765,590801.0,591965,1,C,2025-02-24,2025-02-24,2025-02-25,2025-03-03,2025-02-24 14:25:00+08:00,2025-02-25 09:31:00+08:00,6453.15,6378.88,temporal_completion,36.0,recovery,MO2503-C-6500,2025-03-21,6500.0,101.6,84.2,2025-02-24 14:25:04.300000+08:00,2025-02-25 09:31:02.900000+08:00,-1767.999999999999,-0.17125984251968496,10160.0,8420.0,0.0,25.0,-0.011509107955029685,completed_two_leg
591455,591456,591522.0,592656,1,C,2025-02-27,2025-02-27,2025-02-28,2025-03-06,2025-02-27 13:56:00+08:00,2025-02-28 09:32:00+08:00,6450.11,6444.21,temporal_completion,66.0,failure,MO2503-C-6500,2025-03-21,6500.0,99.8,100.8,2025-02-27 13:56:02.600000+08:00,2025-02-28 09:32:02.500000+08:00,72.0,0.01002004008016022,9980.0,10080.0,0.0,22.0,-0.0009147130824125327,completed_two_leg
591612,591613,,592813,-1,P,2025-02-28,2025-02-28,,,2025-02-28 11:03:00+08:00,,6360.4,,,,recovery,,,,,,,,,,,,,,,entry_invalid
591855,591856,592017.0,593056,-1,P,2025-03-03,2025-03-03,2025-03-04,2025-03-10,2025-03-03 11:06:00+08:00,2025-03-04 09:47:00+08:00,6339.4,6286.54,temporal_completion,161.0,recovery,MO2503-P-6300,2025-03-21,6300.0,146.8,163.0,2025-03-03 11:06:02.500000+08:00,2025-03-04 09:47:01.900000+08:00,1591.9999999999989,0.11035422343324242,14680.000000000002,16300.0,0.0,18.0,-0.008338328548442964,completed_two_leg
592255,592256,592410.0,593456,-1,P,2025-03-05,2025-03-05,2025-03-05,2025-03-12,2025-03-05 09:46:00+08:00,2025-03-05 13:50:00+08:00,6369.47,6362.48,temporal_completion,154.0,failure,MO2503-P-6400,2025-03-21,6400.0,198.2,187.0,2025-03-05 09:46:02.300000+08:00,2025-03-05 13:50:01.800000+08:00,-1147.9999999999989,-0.056508577194752774,19820.0,18700.0,30.529999999999745,16.0,-0.0010974225485009814,completed_two_leg
592961,592962,592996.0,594162,1,C,2025-03-10,2025-03-10,2025-03-10,2025-03-17,2025-03-10 09:32:00+08:00,2025-03-10 10:06:00+08:00,6538.31,6495.33,temporal_completion,34.0,recovery,MO2503-C-6500,2025-03-21,6500.0,96.0,72.0,2025-03-10 09:32:02.700000+08:00,2025-03-10 10:06:02.700000+08:00,-2428.0,-0.25,9600.0,7200.0,38.3100000000004,11.0,-0.0065735641167213865,completed_two_leg
594495,594496,594717.0,595696,-1,P,2025-03-18,2025-03-18,2025-03-19,2025-03-25,2025-03-18 11:06:00+08:00,2025-03-19 10:47:00+08:00,6586.87,6582.55,temporal_completion,221.0,recovery,MO2504-P-6600,2025-04-18,6600.0,242.4,239.2,2025-03-18 11:06:17.200000+08:00,2025-03-19 10:47:11.400000+08:00,-348.0000000000017,-0.01320132013201325,24240.0,23920.0,13.13000000000011,31.0,-0.0006558501989563092,completed_two_leg
595338,595339,595351.0,596539,1,C,2025-03-21,2025-03-21,2025-03-21,2025-03-28,2025-03-21 14:39:00+08:00,2025-03-21 14:51:00+08:00,6435.11,6405.18,parent_failure,12.0,failure,MO2504-C-6400,2025-04-18,6400.0,128.6,121.2,2025-03-21 14:39:00.500000+08:00,2025-03-21 14:51:02.500000+08:00,-767.9999999999991,-0.05754276827371685,12860.0,12120.0,35.10999999999967,28.0,-0.004651047146047138,completed_two_leg
595636,595637,595734.0,596837,-1,P,2025-03-25,2025-03-25,2025-03-25,2025-04-01,2025-03-25 10:07:00+08:00,2025-03-25 13:14:00+08:00,6329.88,6338.09,temporal_completion,97.0,recovery,MO2504-P-6300,2025-04-18,6300.0,172.0,161.8,2025-03-25 10:07:01.100000+08:00,2025-03-25 13:14:01.100000+08:00,-1047.9999999999989,-0.059302325581395254,17200.0,16180.000000000002,0.0,24.0,0.0012970230083351186,completed_two_leg
596953,596954,597069.0,598154,-1,P,2025-04-01,2025-04-01,2025-04-02,2025-04-09,2025-04-01 13:34:00+08:00,2025-04-02 09:59:00+08:00,6255.81,6295.55,temporal_completion,115.0,recovery,MO2504-P-6300,2025-04-18,6300.0,172.4,139.0,2025-04-01 13:34:01.700000+08:00,2025-04-02 09:59:02.300000+08:00,-3368.0000000000005,-0.19373549883990726,17240.0,13900.0,44.1899999999996,17.0,0.006352494720907487,completed_two_leg
597612,597613,597726.0,598813,-1,P,2025-04-07,2025-04-07,2025-04-07,2025-04-14,2025-04-07 11:03:00+08:00,2025-04-07 14:26:00+08:00,5680.17,5477.1,temporal_completion,113.0,recovery,MO2504-P-5700,2025-04-18,5700.0,210.8,412.0,2025-04-07 11:03:02.400000+08:00,2025-04-07 14:26:02.400000+08:00,20092.0,0.954459203036053,21080.0,41200.0,19.829999999999927,11.0,-0.035750690560317655,completed_two_leg
597751,597752,597761.0,598952,-1,P,2025-04-07,2025-04-07,2025-04-08,2025-04-14,2025-04-07 14:52:00+08:00,2025-04-08 09:31:00+08:00,5482.75,5576.24,temporal_completion,9.0,recovery,MO2504-P-5500,2025-04-18,5500.0,309.0,155.4,2025-04-07 14:52:11.400000+08:00,2025-04-08 09:31:02+08:00,-15388.0,-0.4970873786407767,30900.0,15540.0,17.25,11.0,0.017051662030915127,completed_two_leg
597955,597956,597978.0,599156,-1,P,2025-04-08,2025-04-08,2025-04-08,2025-04-15,2025-04-08 14:16:00+08:00,2025-04-08 14:38:00+08:00,5441.0,5471.19,temporal_completion,22.0,recovery,MO2504-P-5400,2025-04-18,5400.0,193.0,170.4,2025-04-08 14:16:04.500000+08:00,2025-04-08 14:38:00.500000+08:00,-2287.9999999999995,-0.11709844559585492,19300.0,17040.0,0.0,10.0,0.005548612387428653,completed_two_leg
598095,598096,,599296,-1,P,2025-04-09,2025-04-09,,,2025-04-09 11:06:00+08:00,,5524.52,,,,recovery,,,,,,,,,,,,,,,entry_invalid
598115,598116,598122.0,599316,1,C,2025-04-09,2025-04-09,2025-04-09,2025-04-16,2025-04-09 11:26:00+08:00,2025-04-09 13:02:00+08:00,5555.77,5526.67,temporal_completion,6.0,recovery,MO2504-C-5600,2025-04-18,5600.0,124.6,103.8,2025-04-09 11:26:02.300000+08:00,2025-04-09 13:02:02.800000+08:00,-2107.9999999999995,-0.1669341894060995,12460.0,10380.0,0.0,9.0,-0.0052377978210041976,completed_two_leg
598136,598137,598306.0,599337,1,C,2025-04-09,2025-04-09,2025-04-10,2025-04-16,2025-04-09 13:17:00+08:00,2025-04-10 10:36:00+08:00,5571.11,5840.0,temporal_completion,169.0,recovery,MO2504-C-5600,2025-04-18,5600.0,129.0,263.2,2025-04-09 13:17:02.300000+08:00,2025-04-10 10:36:10.500000+08:00,13391.999999999998,1.0403100775193797,12900.0,26320.0,0.0,9.0,0.048265067464114075,completed_two_leg
598402,598403,598462.0,599603,1,C,2025-04-10,2025-04-10,2025-04-10,2025-04-17,2025-04-10 13:43:00+08:00,2025-04-10 14:42:00+08:00,5828.22,5790.35,temporal_completion,59.0,recovery,MO2504-C-5800,2025-04-18,5800.0,115.2,89.8,2025-04-10 13:43:02.500000+08:00,2025-04-10 14:42:02.500000+08:00,-2568.0000000000005,-0.22048611111111116,11520.0,8980.0,28.220000000000255,8.0,-0.0064976956943972874,completed_two_leg
599125,599126,599211.0,600326,1,C,2025-04-15,2025-04-15,2025-04-16,2025-04-22,2025-04-15 13:46:00+08:00,2025-04-16 09:41:00+08:00,5915.21,5873.57,temporal_completion,85.0,failure,MO2505-C-5900,2025-05-16,5900.0,120.0,101.0,2025-04-15 13:46:13+08:00,2025-04-16 09:41:01.100000+08:00,-1928.0,-0.15833333333333333,12000.0,10100.0,15.210000000000036,31.0,-0.007039479578916152,completed_two_leg
599327,599328,599365.0,600528,1,C,2025-04-16,2025-04-16,2025-04-16,2025-04-23,2025-04-16 13:08:00+08:00,2025-04-16 13:45:00+08:00,5811.92,5791.05,temporal_completion,37.0,recovery,MO2505-C-5800,2025-05-16,5800.0,122.8,119.6,2025-04-16 13:08:02.100000+08:00,2025-04-16 13:45:04.600000+08:00,-348.0000000000003,-0.026058631921824116,12280.0,11960.0,11.920000000000073,30.0,-0.0035908959517680916,completed_two_leg
600526,600527,600641.0,601727,1,C,2025-04-23,2025-04-23,2025-04-24,2025-04-30,2025-04-23 13:07:00+08:00,2025-04-24 09:31:00+08:00,6002.03,5967.03,temporal_completion,114.0,recovery,MO2505-C-6000,2025-05-16,6000.0,114.6,100.2,2025-04-23 13:07:04.700000+08:00,2025-04-24 09:31:02.800000+08:00,-1467.999999999999,-0.12565445026178002,11460.0,10020.0,2.0299999999997453,23.0,-0.005831360389734752,completed_two_leg
600801,600802,600901.0,602002,1,C,2025-04-24,2025-04-24,2025-04-25,2025-05-06,2025-04-24 13:42:00+08:00,2025-04-25 09:51:00+08:00,5937.06,5901.73,temporal_completion,99.0,recovery,MO2505-C-5900,2025-05-16,5900.0,123.6,115.8,2025-04-24 13:42:02.800000+08:00,2025-04-25 09:51:01.900000+08:00,-807.9999999999998,-0.06310679611650483,12360.0,11580.0,37.0600000000004,22.0,-0.005950756771870402,completed_two_leg
602302,602303,602565.0,603503,1,C,2025-05-07,2025-05-07,2025-05-09,2025-05-14,2025-05-07 14:43:00+08:00,2025-05-09 09:35:00+08:00,6110.26,6119.74,temporal_completion,262.0,recovery,MO2505-C-6100,2025-05-16,6100.0,71.2,63.0,2025-05-07 14:43:02.600000+08:00,2025-05-09 09:35:02.500000+08:00,-848.0000000000002,-0.1151685393258427,7120.0,6300.0,10.260000000000218,9.0,0.001551488807350232,completed_two_leg
603080,603081,603086.0,604281,-1,P,2025-05-13,2025-05-13,2025-05-13,2025-05-20,2025-05-13 10:11:00+08:00,2025-05-13 10:16:00+08:00,6159.1,6166.82,parent_failure,5.0,failure,MO2506-P-6200,2025-06-20,6200.0,278.4,272.8,2025-05-13 10:11:02.800000+08:00,2025-05-13 10:16:07.800000+08:00,-587.9999999999966,-0.02011494252873547,27839.999999999996,27280.0,40.899999999999636,38.0,0.0012534298842361569,completed_two_leg
603437,603438,603467.0,604638,1,C,2025-05-14,2025-05-14,2025-05-14,2025-05-21,2025-05-14 13:38:00+08:00,2025-05-14 14:07:00+08:00,6162.81,6146.28,temporal_completion,29.0,failure,MO2506-C-6200,2025-06-20,6200.0,100.2,90.4,2025-05-14 13:38:02.900000+08:00,2025-05-14 14:07:05.400000+08:00,-1007.9999999999998,-0.09780439121756479,10020.0,9040.0,0.0,37.0,-0.0026822180141852225,completed_two_leg
603895,603896,604001.0,605096,1,C,2025-05-16,2025-05-16,2025-05-19,2025-05-23,2025-05-16 13:16:00+08:00,2025-05-19 09:31:00+08:00,6095.44,6055.27,parent_failure,105.0,failure,MO2506-C-6100,2025-06-20,6100.0,101.0,77.8,2025-05-16 13:16:02.800000+08:00,2025-05-19 09:31:02.200000+08:00,-2348.0000000000005,-0.22970297029702968,10100.0,7780.0,0.0,35.0,-0.006590172325541599,completed_two_leg
604083,604084,604558.0,605284,1,C,2025-05-19,2025-05-19,2025-05-21,2025-05-26,2025-05-19 10:54:00+08:00,2025-05-21 10:48:00+08:00,6058.13,6110.31,temporal_completion,474.0,recovery,MO2506-C-6100,2025-06-20,6100.0,72.2,85.0,2025-05-19 10:54:02.700000+08:00,2025-05-21 10:48:01.100000+08:00,1251.9999999999998,0.17728531855955665,7220.0,8500.0,0.0,32.0,0.00861321893059408,completed_two_leg
604558,604559,604736.0,605759,-1,P,2025-05-21,2025-05-21,2025-05-22,2025-05-28,2025-05-21 10:49:00+08:00,2025-05-22 09:46:00+08:00,6112.47,6142.75,temporal_completion,177.0,recovery,MO2506-P-6100,2025-06-20,6100.0,203.0,173.4,2025-05-21 10:49:06.600000+08:00,2025-05-22 09:46:04.800000+08:00,-2987.9999999999995,-0.14581280788177342,20300.0,17340.0,0.0,30.0,0.004953807544249678,completed_two_leg
605311,605312,605429.0,606512,-1,P,2025-05-26,2025-05-26,2025-05-26,2025-06-03,2025-05-26 11:22:00+08:00,2025-05-26 14:49:00+08:00,5994.11,6024.34,temporal_completion,117.0,recovery,MO2506-P-6000,2025-06-20,6000.0,192.0,173.0,2025-05-26 11:22:02.600000+08:00,2025-05-26 14:49:25.600000+08:00,-1928.0,-0.09895833333333337,19200.0,17300.0,5.890000000000327,25.0,0.005043284157281169,completed_two_leg
605451,605452,,606652,-1,P,2025-05-27,2025-05-27,,,2025-05-27 09:42:00+08:00,,5978.27,,,,recovery,,,,,,,,,,,,,,,entry_invalid
605863,605864,605928.0,607064,-1,P,2025-05-28,2025-05-28,2025-05-29,2025-06-05,2025-05-28 14:04:00+08:00,2025-05-29 09:38:00+08:00,5982.3,6015.44,temporal_completion,64.0,censored,MO2506-P-6000,2025-06-20,6000.0,192.2,151.6,2025-05-28 14:04:01.100000+08:00,2025-05-29 09:38:02.700000+08:00,-4087.9999999999995,-0.21123829344432876,19220.0,15160.0,17.699999999999818,23.0,0.005539675375691555,completed_two_leg
607765,607766,608081.0,608966,1,C,2025-06-10,2025-06-10,2025-06-12,2025-06-17,2025-06-10 13:46:00+08:00,2025-06-12 09:31:00+08:00,6142.91,6151.96,temporal_completion,315.0,censored,MO2506-C-6100,2025-06-20,6100.0,72.8,72.2,2025-06-10 13:46:01.100000+08:00,2025-06-12 09:31:02.800000+08:00,-87.99999999999943,-0.008241758241758212,7280.0,7220.0,42.909999999999854,10.0,0.0014732431372102006,completed_two_leg
609366,609367,609791.0,610567,-1,P,2025-06-19,2025-06-19,2025-06-23,2025-06-26,2025-06-19 10:57:00+08:00,2025-06-23 10:01:00+08:00,6098.23,6037.98,temporal_completion,424.0,recovery,MO2507-P-6100,2025-07-18,6100.0,186.6,185.2,2025-06-19 10:57:06+08:00,2025-06-23 10:01:00.200000+08:00,-168.00000000000057,-0.007502679528403,18660.0,18520.0,1.7700000000004366,29.0,-0.009879915975619102,completed_two_leg
611683,611684,611962.0,612884,1,C,2025-07-03,2025-07-03,2025-07-04,2025-07-10,2025-07-03 09:34:00+08:00,2025-07-04 10:12:00+08:00,6334.07,6304.71,temporal_completion,278.0,recovery,MO2507-C-6300,2025-07-18,6300.0,88.0,58.4,2025-07-03 09:34:02.700000+08:00,2025-07-04 10:12:02.600000+08:00,-2988.0,-0.3363636363636364,8800.0,5840.0,34.06999999999971,15.0,-0.004635250320883633,completed_two_leg
613061,613062,613626.0,614262,1,C,2025-07-10,2025-07-10,2025-07-15,2025-07-17,2025-07-10 14:02:00+08:00,2025-07-15 09:56:00+08:00,6413.58,6439.75,temporal_completion,564.0,recovery,MO2507-C-6400,2025-07-18,6400.0,62.6,65.2,2025-07-10 14:02:02.500000+08:00,2025-07-15 09:56:02.700000+08:00,232.0000000000001,0.04153354632587858,6260.0,6520.0,13.579999999999927,8.0,0.004080404391930914,completed_two_leg
613785,613786,614007.0,614986,1,C,2025-07-15,2025-07-15,2025-07-16,2025-07-22,2025-07-15 14:06:00+08:00,2025-07-16 13:47:00+08:00,6429.07,6437.22,temporal_completion,221.0,recovery,MO2508-C-6400,2025-08-15,6400.0,117.8,111.2,2025-07-15 14:06:08.200000+08:00,2025-07-16 13:47:02.900000+08:00,-687.9999999999994,-0.05602716468590829,11780.0,11120.0,29.06999999999971,31.0,0.001267679462192861,completed_two_leg
614090,614091,615239.0,615291,1,C,2025-07-17,2025-07-17,2025-07-23,2025-07-24,2025-07-17 09:41:00+08:00,2025-07-23 14:19:00+08:00,6479.58,6621.43,temporal_completion,1148.0,recovery,MO2508-C-6500,2025-08-15,6500.0,91.0,171.6,2025-07-17 09:41:02.300000+08:00,2025-07-23 14:19:05.600000+08:00,8031.999999999999,0.8857142857142857,9100.0,17160.0,0.0,29.0,0.02189185101503499,completed_two_leg
615283,615284,616030.0,616484,1,C,2025-07-24,2025-07-24,2025-07-29,2025-07-31,2025-07-24 09:34:00+08:00,2025-07-29 10:00:00+08:00,6637.8,6685.24,temporal_completion,746.0,recovery,MO2508-C-6600,2025-08-15,6600.0,134.0,132.4,2025-07-24 09:34:02.500000+08:00,2025-07-29 10:00:02.600000+08:00,-187.99999999999943,-0.011940298507462699,13400.0,13240.0,37.80000000000018,22.0,0.007146946277380994,completed_two_leg
616108,616109,,617309,1,C,2025-07-29,2025-07-29,,,2025-07-29 11:19:00+08:00,,6735.95,,,,recovery,,,,,,,,,,,,,,,entry_invalid
616438,616439,616542.0,617639,1,C,2025-07-30,2025-07-30,2025-07-31,2025-08-06,2025-07-30 14:19:00+08:00,2025-07-31 10:32:00+08:00,6717.48,6700.07,temporal_completion,103.0,recovery,MO2508-C-6700,2025-08-15,6700.0,101.6,80.6,2025-07-30 14:19:02.500000+08:00,2025-07-31 10:32:01.800000+08:00,-2128.0,-0.20669291338582674,10160.0,8059.999999999999,17.479999999999563,16.0,-0.002591745714166649,completed_two_leg
617801,617802,617937.0,619002,1,C,2025-08-07,2025-08-07,2025-08-08,2025-08-14,2025-08-07 13:02:00+08:00,2025-08-08 09:47:00+08:00,6863.61,6817.8,temporal_completion,135.0,recovery,MO2508-C-6900,2025-08-15,6900.0,44.0,28.8,2025-08-07 13:02:02.900000+08:00,2025-08-08 09:47:02.700000+08:00,-1548.0,-0.34545454545454546,4400.0,2880.0,0.0,8.0,-0.006674330272261941,completed_two_leg
618522,618523,619003.0,619723,1,C,2025-08-12,2025-08-12,2025-08-14,2025-08-19,2025-08-12 13:03:00+08:00,2025-08-14 13:03:00+08:00,6947.12,7024.1,temporal_completion,480.0,recovery,MO2509-C-6900,2025-09-19,6900.0,161.6,209.8,2025-08-12 13:03:01.900000+08:00,2025-08-14 13:03:01.200000+08:00,4792.000000000002,0.2982673267326734,16160.0,20980.0,47.11999999999989,38.0,0.011080850769815465,completed_two_leg
619038,619039,619114.0,620239,1,C,2025-08-14,2025-08-14,2025-08-14,2025-08-21,2025-08-14 13:39:00+08:00,2025-08-14 14:54:00+08:00,7012.98,6978.9,temporal_completion,75.0,recovery,MO2509-C-7000,2025-09-19,7000.0,159.8,144.0,2025-08-14 13:39:02.200000+08:00,2025-08-14 14:54:02.200000+08:00,-1608.0000000000011,-0.09887359198998757,15980.000000000002,14400.0,12.979999999999563,36.0,-0.004859560415115927,completed_two_leg
619613,619614,619635.0,620814,1,C,2025-08-19,2025-08-19,2025-08-19,2025-08-26,2025-08-19 09:44:00+08:00,2025-08-19 10:05:00+08:00,7259.38,7205.06,temporal_completion,21.0,recovery,MO2509-C-7300,2025-09-19,7300.0,210.8,170.0,2025-08-19 09:44:01.200000+08:00,2025-08-19 10:05:02.700000+08:00,-4108.000000000001,-0.19354838709677424,21080.0,17000.0,0.0,31.0,-0.00748273268516042,completed_two_leg
619852,619853,619947.0,621053,1,C,2025-08-20,2025-08-20,2025-08-20,2025-08-27,2025-08-20 09:43:00+08:00,2025-08-20 11:17:00+08:00,7233.97,7195.66,temporal_completion,94.0,recovery,MO2509-C-7200,2025-09-19,7200.0,199.6,179.2,2025-08-20 09:43:02.200000+08:00,2025-08-20 11:17:02.700000+08:00,-2068.0000000000005,-0.10220440881763526,19960.0,17920.0,33.970000000000255,30.0,-0.005295847231879591,completed_two_leg
620164,620165,620282.0,621365,1,C,2025-08-21,2025-08-21,2025-08-21,2025-08-28,2025-08-21 10:55:00+08:00,2025-08-21 14:22:00+08:00,7302.31,7248.46,temporal_completion,117.0,recovery,MO2509-C-7300,2025-09-19,7300.0,213.4,174.0,2025-08-21 10:55:02+08:00,2025-08-21 14:22:01+08:00,-3968.0000000000005,-0.18462980318650424,21340.0,17400.0,2.3100000000004,29.0,-0.007374378792464387,completed_two_leg
620758,620759,621027.0,621959,1,C,2025-08-25,2025-08-25,2025-08-26,2025-09-01,2025-08-25 14:19:00+08:00,2025-08-26 14:47:00+08:00,7463.79,7471.59,temporal_completion,268.0,recovery,MO2509-C-7500,2025-09-19,7500.0,194.2,173.8,2025-08-25 14:19:02.500000+08:00,2025-08-26 14:47:02.500000+08:00,-2067.9999999999977,-0.10504634397528312,19420.0,17380.0,0.0,25.0,0.0010450454795754016,completed_two_leg
621045,621046,621206.0,622246,1,C,2025-08-27,2025-08-27,2025-08-27,2025-09-03,2025-08-27 09:36:00+08:00,2025-08-27 13:46:00+08:00,7506.52,7506.69,temporal_completion,160.0,recovery,MO2509-C-7500,2025-09-19,7500.0,194.0,175.8,2025-08-27 09:36:02.900000+08:00,2025-08-27 13:46:02.400000+08:00,-1847.9999999999989,-0.09381443298969061,19400.0,17580.0,6.520000000000437,23.0,2.2646978892870706e-05,completed_two_leg
621255,621256,621264.0,622456,1,C,2025-08-27,2025-08-27,2025-08-27,2025-09-03,2025-08-27 14:36:00+08:00,2025-08-27 14:44:00+08:00,7437.59,7386.33,temporal_completion,8.0,failure,MO2509-C-7400,2025-09-19,7400.0,200.4,176.6,2025-08-27 14:36:01.900000+08:00,2025-08-27 14:44:02.400000+08:00,-2408.000000000001,-0.11876247504990023,20040.0,17660.0,37.590000000000146,23.0,-0.006892017441133547,completed_two_leg
622460,622461,622481.0,623661,-1,P,2025-09-03,2025-09-03,2025-09-04,2025-09-10,2025-09-03 14:41:00+08:00,2025-09-04 09:31:00+08:00,7224.55,7237.38,temporal_completion,20.0,recovery,MO2509-P-7200,2025-09-19,7200.0,182.6,153.6,2025-09-03 14:41:04.100000+08:00,2025-09-04 09:31:02.800000+08:00,-2928.0,-0.15881708652792992,18260.0,15360.0,0.0,16.0,0.0017758891557260181,completed_two_leg
622502,622503,622571.0,623703,-1,P,2025-09-04,2025-09-04,2025-09-04,2025-09-11,2025-09-04 09:53:00+08:00,2025-09-04 11:01:00+08:00,7204.59,7135.53,temporal_completion,68.0,recovery,MO2509-P-7200,2025-09-19,7200.0,166.6,212.8,2025-09-04 09:53:02.800000+08:00,2025-09-04 11:01:02.300000+08:00,4592.000000000002,0.277310924369748,16660.0,21280.0,0.0,15.0,-0.009585555874796592,completed_two_leg
622594,622595,622610.0,623795,-1,P,2025-09-04,2025-09-04,2025-09-04,2025-09-11,2025-09-04 11:25:00+08:00,2025-09-04 13:10:00+08:00,7087.17,7126.65,temporal_completion,15.0,recovery,MO2509-P-7100,2025-09-19,7100.0,180.0,166.6,2025-09-04 11:25:02.300000+08:00,2025-09-04 13:10:02.300000+08:00,-1368.0000000000005,-0.07444444444444442,18000.0,16660.0,12.829999999999927,15.0,0.005570629743607114,completed_two_leg
622625,622626,622702.0,623826,-1,P,2025-09-04,2025-09-04,2025-09-04,2025-09-11,2025-09-04 13:26:00+08:00,2025-09-04 14:42:00+08:00,7092.65,6990.5,temporal_completion,76.0,recovery,MO2509-P-7100,2025-09-19,7100.0,179.0,233.2,2025-09-04 13:26:02.800000+08:00,2025-09-04 14:42:02.800000+08:00,5391.999999999999,0.3027932960893853,17900.0,23320.0,7.350000000000364,15.0,-0.014402233297850509,completed_two_leg
623023,623024,623075.0,624224,-1,P,2025-09-08,2025-09-08,2025-09-08,2025-09-15,2025-09-08 10:34:00+08:00,2025-09-08 11:25:00+08:00,7246.42,7272.53,temporal_completion,51.0,failure,MO2509-P-7200,2025-09-19,7200.0,133.0,124.6,2025-09-08 10:34:05.700000+08:00,2025-09-08 11:25:02.200000+08:00,-868.0000000000006,-0.06315789473684219,13300.0,12460.0,0.0,11.0,0.003603158525175232,completed_two_leg
624036,624037,624146.0,625237,1,C,2025-09-12,2025-09-12,2025-09-12,2025-09-19,2025-09-12 11:27:00+08:00,2025-09-12 14:46:00+08:00,7437.28,7419.44,temporal_completion,109.0,recovery,MO2510-C-7400,2025-10-17,7400.0,195.6,177.4,2025-09-12 11:27:20.800000+08:00,2025-09-12 14:46:36.300000+08:00,-1847.9999999999989,-0.09304703476482612,19560.0,17740.0,37.279999999999745,35.0,-0.002398726416109165,completed_two_leg
624512,624513,625022.0,625713,1,C,2025-09-16,2025-09-16,2025-09-18,2025-09-23,2025-09-16 11:23:00+08:00,2025-09-18 13:22:00+08:00,7428.16,7599.25,temporal_completion,509.0,recovery,MO2510-C-7400,2025-10-17,7400.0,182.0,290.6,2025-09-16 11:23:02.700000+08:00,2025-09-18 13:22:04.500000+08:00,10832.000000000002,0.5967032967032968,18200.0,29060.000000000004,28.159999999999854,31.0,0.023032621806746256,completed_two_leg
625106,625107,625134.0,626307,1,C,2025-09-18,2025-09-18,2025-09-19,2025-09-25,2025-09-18 14:47:00+08:00,2025-09-19 09:44:00+08:00,7438.37,7462.77,temporal_completion,27.0,failure,MO2510-C-7400,2025-10-17,7400.0,180.4,191.6,2025-09-18 14:47:02.500000+08:00,2025-09-19 09:44:02.400000+08:00,1091.9999999999989,0.06208425720620836,18040.0,19160.0,38.36999999999989,29.0,0.003280288557842681,completed_two_leg
625716,625717,625748.0,626917,-1,P,2025-09-23,2025-09-23,2025-09-23,2025-09-30,2025-09-23 11:27:00+08:00,2025-09-23 13:28:00+08:00,7290.24,7321.96,temporal_completion,31.0,recovery,MO2510-P-7300,2025-10-17,7300.0,270.8,246.0,2025-09-23 11:27:00.500000+08:00,2025-09-23 13:28:00.500000+08:00,-2508.000000000001,-0.09158050221565739,27080.0,24600.0,9.760000000000218,24.0,0.004351022737248744,completed_two_leg
625786,625787,625803.0,626987,-1,P,2025-09-23,2025-09-23,2025-09-23,2025-09-30,2025-09-23 14:07:00+08:00,2025-09-23 14:23:00+08:00,7277.44,7315.98,temporal_completion,16.0,recovery,MO2510-P-7300,2025-10-17,7300.0,263.4,232.0,2025-09-23 14:07:01+08:00,2025-09-23 14:23:02.500000+08:00,-3167.9999999999977,-0.11921032649962027,26339.999999999996,23200.0,22.5600000000004,24.0,0.005295818309735356,completed_two_leg
625841,625842,625845.0,627042,-1,P,2025-09-24,2025-09-24,2025-09-24,2025-10-09,2025-09-24 09:32:00+08:00,2025-09-24 09:35:00+08:00,7365.28,7401.79,temporal_completion,3.0,failure,MO2510-P-7400,2025-10-17,7400.0,251.6,230.8,2025-09-24 09:32:02.700000+08:00,2025-09-24 09:35:01.200000+08:00,-2107.999999999998,-0.08267090620031792,25160.0,23080.0,34.720000000000255,23.0,0.00495704168748512,completed_two_leg
626101,626102,626105.0,627302,-1,P,2025-09-25,2025-09-25,2025-09-25,2025-10-10,2025-09-25 09:52:00+08:00,2025-09-25 09:55:00+08:00,7502.82,7524.42,parent_failure,3.0,failure,MO2510-P-7500,2025-10-17,7500.0,201.0,195.6,2025-09-25 09:52:00.500000+08:00,2025-09-25 09:55:00.500000+08:00,-568.0000000000006,-0.0268656716417911,20100.0,19560.0,0.0,22.0,0.002878917527009861,completed_two_leg
626413,626414,626445.0,627614,1,C,2025-09-26,2025-09-26,2025-09-26,2025-10-13,2025-09-26 11:04:00+08:00,2025-09-26 13:05:00+08:00,7501.03,7452.93,temporal_completion,31.0,recovery,MO2510-C-7500,2025-10-17,7500.0,141.8,117.0,2025-09-26 11:04:02.900000+08:00,2025-09-26 13:05:02.400000+08:00,-2508.000000000001,-0.17489421720733433,14180.000000000002,11700.0,1.0299999999997453,21.0,-0.0064124526898304834,completed_two_leg
627342,627343,627430.0,628543,1,C,2025-10-10,2025-10-10,2025-10-10,2025-10-17,2025-10-10 10:33:00+08:00,2025-10-10 13:30:00+08:00,7599.6,7547.87,temporal_completion,87.0,failure,MO2511-C-7600,2025-11-21,7600.0,179.2,167.8,2025-10-10 10:33:02.400000+08:00,2025-10-10 13:30:20.900000+08:00,-1167.9999999999977,-0.06361607142857129,17920.0,16780.0,0.0,42.0,-0.006806937207221475,completed_two_leg
627525,627526,627562.0,628726,1,C,2025-10-13,2025-10-13,2025-10-13,2025-10-20,2025-10-13 09:36:00+08:00,2025-10-13 10:12:00+08:00,7393.56,7406.29,temporal_completion,36.0,recovery,MO2511-C-7400,2025-11-21,7400.0,199.6,197.4,2025-10-13 09:36:11.200000+08:00,2025-10-13 10:12:05.700000+08:00,-247.99999999999886,-0.011022044088176308,19960.0,19740.0,0.0,39.0,0.0017217686743598026,completed_two_leg
627793,627794,627903.0,628994,-1,P,2025-10-14,2025-10-14,2025-10-14,2025-10-21,2025-10-14 10:04:00+08:00,2025-10-14 13:23:00+08:00,7560.89,7465.9,temporal_completion,109.0,recovery,MO2511-P-7600,2025-11-21,7600.0,319.4,403.0,2025-10-14 10:04:01+08:00,2025-10-14 13:24:22+08:00,8332.000000000002,0.2617407639323732,31939.999999999996,40300.0,39.10999999999967,38.0,-0.012563335797769914,completed_two_leg
628125,628126,628363.0,629326,1,C,2025-10-15,2025-10-15,2025-10-16,2025-10-22,2025-10-15 13:06:00+08:00,2025-10-16 13:03:00+08:00,7417.12,7431.87,temporal_completion,237.0,recovery,MO2511-C-7400,2025-11-21,7400.0,181.0,172.6,2025-10-15 13:06:04.500000+08:00,2025-10-16 13:03:04.300000+08:00,-868.0000000000006,-0.04640883977900556,18100.0,17260.0,17.11999999999989,37.0,0.0019886424919646206,completed_two_leg
628812,628813,628961.0,630013,-1,P,2025-10-20,2025-10-20,2025-10-21,2025-10-27,2025-10-20 11:03:00+08:00,2025-10-21 09:31:00+08:00,7243.2,7254.32,temporal_completion,148.0,failure,MO2511-P-7200,2025-11-21,7200.0,234.4,219.2,2025-10-20 11:03:05.500000+08:00,2025-10-21 09:31:01.900000+08:00,-1548.0000000000018,-0.06484641638225264,23440.0,21920.0,0.0,32.0,0.001535233046167317,completed_two_leg
631214,631215,631385.0,632415,1,C,2025-11-03,2025-11-03,2025-11-04,2025-11-10,2025-11-03 11:05:00+08:00,2025-11-04 09:55:00+08:00,7470.23,7481.63,temporal_completion,170.0,recovery,MO2511-C-7500,2025-11-21,7500.0,103.2,96.2,2025-11-03 11:05:02.500000+08:00,2025-11-04 09:55:02.700000+08:00,-728.0,-0.0678294573643411,10320.0,9620.0,0.0,18.0,0.0015260574306279473,completed_two_leg
632357,632358,632365.0,633558,-1,P,2025-11-10,2025-11-10,2025-11-10,2025-11-17,2025-11-10 10:08:00+08:00,2025-11-10 10:15:00+08:00,7532.8,7540.83,parent_failure,7.0,failure,MO2511-P-7500,2025-11-21,7500.0,130.8,125.4,2025-11-10 10:08:02.500000+08:00,2025-11-10 10:15:02.500000+08:00,-568.0000000000006,-0.041284403669724856,13080.000000000002,12540.0,0.0,11.0,0.0010660046728971917,completed_two_leg
632701,632702,632711.0,633902,-1,P,2025-11-11,2025-11-11,2025-11-11,2025-11-18,2025-11-11 13:22:00+08:00,2025-11-11 13:31:00+08:00,7537.95,7542.03,parent_failure,9.0,failure,MO2511-P-7500,2025-11-21,7500.0,113.2,113.0,2025-11-11 13:22:02.800000+08:00,2025-11-11 13:31:02.800000+08:00,-48.000000000000284,-0.0017667844522968323,11320.0,11300.0,0.0,10.0,0.0005412612182356114,completed_two_leg
632833,632834,632872.0,634034,1,C,2025-11-12,2025-11-12,2025-11-12,2025-11-19,2025-11-12 10:04:00+08:00,2025-11-12 10:42:00+08:00,7512.07,7484.64,temporal_completion,38.0,recovery,MO2511-C-7500,2025-11-21,7500.0,85.2,73.6,2025-11-12 10:04:02.700000+08:00,2025-11-12 10:42:02.700000+08:00,-1188.000000000001,-0.13615023474178412,8520.0,7359.999999999999,12.069999999999709,9.0,-0.0036514569219934234,completed_two_leg
633300,633301,633498.0,634501,1,C,2025-11-14,2025-11-14,2025-11-14,2025-11-21,2025-11-14 09:51:00+08:00,2025-11-14 14:38:00+08:00,7569.83,7538.21,temporal_completion,197.0,failure,MO2512-C-7600,2025-12-19,7600.0,135.0,120.0,2025-11-14 09:51:04.700000+08:00,2025-11-14 14:38:00.700000+08:00,-1528.0,-0.11111111111111116,13500.0,12000.0,0.0,35.0,-0.004177108336646862,completed_two_leg
634001,634002,634023.0,635202,1,C,2025-11-19,2025-11-19,2025-11-19,2025-11-26,2025-11-19 09:32:00+08:00,2025-11-19 09:53:00+08:00,7466.64,7418.29,parent_failure,21.0,failure,MO2512-C-7500,2025-12-19,7500.0,124.2,110.2,2025-11-19 09:32:01.800000+08:00,2025-11-19 09:53:01.300000+08:00,-1428.0,-0.1127214170692431,12420.0,11020.0,0.0,30.0,-0.00647546955524847,completed_two_leg
634656,634657,634862.0,635857,-1,P,2025-11-21,2025-11-21,2025-11-24,2025-11-28,2025-11-21 13:57:00+08:00,2025-11-24 13:22:00+08:00,7128.51,7120.86,temporal_completion,205.0,recovery,MO2512-P-7100,2025-12-19,7100.0,205.0,179.0,2025-11-21 13:57:03.500000+08:00,2025-11-24 13:22:02+08:00,-2628.0,-0.12682926829268293,20500.0,17900.0,0.0,28.0,-0.0010731555402181403,completed_two_leg
636715,636716,636883.0,637916,1,C,2025-12-04,2025-12-04,2025-12-05,2025-12-11,2025-12-04 10:46:00+08:00,2025-12-05 09:33:00+08:00,7234.48,7215.76,temporal_completion,167.0,recovery,MO2512-C-7200,2025-12-19,7200.0,104.0,97.8,2025-12-04 10:46:02.200000+08:00,2025-12-05 09:33:02+08:00,-648.0000000000002,-0.059615384615384626,10400.0,9780.0,34.47999999999956,15.0,-0.0025876082316903526,completed_two_leg
637785,637786,637961.0,638986,1,C,2025-12-10,2025-12-10,2025-12-11,2025-12-17,2025-12-10 14:06:00+08:00,2025-12-11 13:01:00+08:00,7398.19,7368.29,temporal_completion,175.0,failure,MO2512-C-7400,2025-12-19,7400.0,66.0,46.0,2025-12-10 14:06:02.900000+08:00,2025-12-11 13:01:02.800000+08:00,-2028.0,-0.303030303030303,6600.0,4600.0,0.0,9.0,-0.004041529076706518,completed_two_leg
638723,638724,638740.0,639924,1,C,2025-12-16,2025-12-16,2025-12-16,2025-12-23,2025-12-16 13:44:00+08:00,2025-12-16 14:00:00+08:00,7202.26,7186.17,parent_failure,16.0,failure,MO2601-C-7200,2026-01-16,7200.0,126.2,120.6,2025-12-16 13:44:01.300000+08:00,2025-12-16 14:00:06.800000+08:00,-588.0000000000009,-0.044374009508716394,12620.0,12060.0,2.2600000000002183,31.0,-0.002234020987856633,completed_two_leg
638968,638969,639211.0,640169,1,C,2025-12-17,2025-12-17,2025-12-18,2025-12-24,2025-12-17 13:49:00+08:00,2025-12-18 13:51:00+08:00,7205.82,7282.85,temporal_completion,242.0,recovery,MO2601-C-7200,2026-01-16,7200.0,126.6,159.2,2025-12-17 13:49:01.800000+08:00,2025-12-18 13:51:04+08:00,3231.9999999999995,0.25750394944707744,12660.0,15919.999999999998,5.819999999999709,30.0,0.010689970051985798,completed_two_leg
639211,639212,639322.0,640412,-1,P,2025-12-18,2025-12-18,2025-12-19,2025-12-25,2025-12-18 13:52:00+08:00,2025-12-19 10:12:00+08:00,7283.65,7325.33,temporal_completion,110.0,failure,MO2601-P-7300,2026-01-16,7300.0,187.8,147.0,2025-12-18 13:52:08.500000+08:00,2025-12-19 10:12:02.800000+08:00,-4108.000000000001,-0.21725239616613423,18780.0,14700.0,16.350000000000364,29.0,0.005722405661996444,completed_two_leg
