symbol,entry_idx,day,calendar_year,parent_direction,clock_bucket,parent_abs_drift,parent_efficiency,log1p_parent_age_bars,local_vol_30_over_240
000852.SH,246,2015-01-06,2015,1,19,0.153602564257,0.111066671999,1.79175946923,2.57557186354
000852.SH,328,2015-01-06,2015,1,21,0.0730026209638,0.064222519254,2.48490664979,0.76061076395
000852.SH,450,2015-01-06,2015,1,29,0.160294607777,0.113726809035,4.68213122712,0.362612646843
000852.SH,584,2015-01-07,2015,1,22,0.503900441896,0.279441624365,3.36729582999,0.482467416617
000852.SH,775,2015-01-08,2015,1,20,0.146718439844,0.0436538687331,2.48490664979,1.78782713864
000852.SH,970,2015-01-09,2015,1,19,0.136652382932,0.0782070370661,2.8903717579,1.77002807606
000852.SH,1539,2015-01-13,2015,-1,22,0.432925633165,0.16705379541,4.43081679884,0.824251161309
000852.SH,2542,2015-01-19,2015,1,26,0.110419201692,0.0973466877526,3.36729582999,0.369534375446
000852.SH,2647,2015-01-20,2015,-1,19,0.0898100353569,0.0616978910803,3.13549421593,2.11235266223
000852.SH,2956,2015-01-21,2015,1,21,0.615888131793,0.385081938532,4.82028156561,0.488662545787
000852.SH,3088,2015-01-21,2015,1,28,0.615888131793,0.385081938532,5.54517744448,0.290404349987
000852.SH,3190,2015-01-22,2015,1,21,0.615888131793,0.385081938532,5.8805329864,1.31226933987
000852.SH,3446,2015-01-23,2015,1,21,0.682081842295,0.302714941978,3.09104245336,1.31955972534
000852.SH,3716,2015-01-26,2015,1,22,0.581227692004,0.208575855282,4.7184988713,0.601610648363
000852.SH,3979,2015-01-27,2015,1,26,0.372141327624,0.126737063449,3.25809653802,2.00582905924
000852.SH,4093,2015-01-28,2015,1,19,0.339409983567,0.160648825538,4.56434819147,1.84873611056
000852.SH,4326,2015-01-29,2015,1,19,0.167296391062,0.0653213465953,3.98898404656,2.53757270417
000852.SH,4749,2015-01-30,2015,-1,28,0.24683309658,0.0984461152882,3.55534806149,0.634387020588
000852.SH,4821,2015-02-02,2015,-1,19,0.444120396038,0.29253140931,2.19722457734,2.59772739707
000852.SH,5363,2015-02-04,2015,1,21,0.428502086971,0.197723068166,5.77765232322,0.465105956467
000852.SH,7925,2015-02-26,2015,1,19,0.369126023098,0.112209686996,3.89182029811,0.980916456108
000852.SH,8886,2015-03-04,2015,1,19,0.719699096666,0.31138465892,4.27666611902,1.13746415929
000852.SH,9181,2015-03-05,2015,1,21,0.19364405224,0.087228092503,2.48490664979,1.72301101374
000852.SH,9554,2015-03-06,2015,-1,28,0.199272615224,0.0984797260453,3.63758615973,0.764251485079
000852.SH,10505,2015-03-12,2015,1,28,0.500528428874,0.183293921021,4.5747109785,0.539942279425
000852.SH,11236,2015-03-17,2015,1,28,0.606675020403,0.349897569569,3.36729582999,1.24519546546
000852.SH,11530,2015-03-19,2015,1,19,0.631752694978,0.364275830258,5.63121178182,2.06374115469
000852.SH,11571,2015-03-19,2015,1,20,0.631752694978,0.364275830258,5.76832099579,1.10964136781
000852.SH,11686,2015-03-19,2015,1,27,0.363272565716,0.165816272069,2.30258509299,1.2724108624
000852.SH,11892,2015-03-20,2015,1,26,0.500960441825,0.28673225714,3.04452243772,1.2733834913
000852.SH,12195,2015-03-23,2015,1,28,0.427885276655,0.256369855117,5.39816270152,0.872632396295
000852.SH,12250,2015-03-24,2015,1,19,0.57702109066,0.294556685111,1.60943791243,2.28562356524
000852.SH,12337,2015-03-24,2015,-1,22,0.273722871891,0.214265569315,1.94591014906,1.9274055535
000852.SH,12382,2015-03-24,2015,-1,26,0.472196319402,0.436681542176,3.25809653802,1.13388578419
000852.SH,12487,2015-03-25,2015,1,19,0.291095825653,0.205484484681,1.60943791243,0.909653089106
000852.SH,12509,2015-03-25,2015,1,20,0.706187442679,0.420518300828,2.7080502011,1.06615562014
000852.SH,12595,2015-03-25,2015,1,22,0.514456051101,0.283220473133,3.04452243772,1.07754280779
000852.SH,12726,2015-03-26,2015,1,19,0.13660420421,0.0808070566765,1.79175946923,2.34616961772
000852.SH,12829,2015-03-26,2015,-1,22,0.287382566296,0.234141508099,2.19722457734,1.23813462972
000852.SH,13560,2015-03-31,2015,1,26,0.330312076169,0.0991094326556,5.09986642782,1.26864751345
000852.SH,13649,2015-03-31,2015,1,29,0.346435591909,0.120343565328,1.94591014906,1.8439253881
000852.SH,13864,2015-04-01,2015,1,28,0.256916938946,0.110526389453,5.20400668708,0.600084579864
000852.SH,13980,2015-04-02,2015,1,21,0.541318582617,0.266752811677,2.07944154168,0.976233854005
000852.SH,14103,2015-04-02,2015,1,28,0.326578917943,0.240446487196,3.25809653802,1.27899857092
000852.SH,14164,2015-04-03,2015,1,19,0.100591175877,0.0678101316314,1.38629436112,2.03354008228
000852.SH,14281,2015-04-03,2015,1,26,0.458054858534,0.347539047824,3.21887582487,0.988309780538
000852.SH,14370,2015-04-03,2015,1,29,0.252975084077,0.171277613679,4.43081679884,0.766507516654
000852.SH,14460,2015-04-07,2015,1,21,0.252975084077,0.171277613679,5.15905529921,0.594103769029
000852.SH,14653,2015-04-08,2015,1,19,0.50873229073,0.2306149436,1.94591014906,2.26210899127
000852.SH,14948,2015-04-09,2015,-1,21,0.743843187786,0.597070259517,1.94591014906,1.71002022927
000852.SH,15295,2015-04-10,2015,1,27,0.48712358403,0.359545653124,2.48490664979,0.743145700658
000852.SH,15402,2015-04-13,2015,1,20,0.380911264263,0.242682825138,2.07944154168,1.02491569022
000852.SH,15532,2015-04-13,2015,1,27,0.339744552322,0.210697563685,4.81218435537,0.702624334334
000852.SH,15628,2015-04-14,2015,1,19,0.509452241193,0.279541710349,2.99573227355,2.07840197429
000852.SH,15656,2015-04-14,2015,1,20,0.184053627997,0.07485927002,1.94591014906,1.45643900135
000852.SH,15756,2015-04-14,2015,1,27,0.239100590225,0.183274559194,2.19722457734,1.32687938228
000852.SH,15779,2015-04-14,2015,1,28,0.239100590225,0.183274559194,3.4657359028,1.7265809206
000852.SH,15841,2015-04-15,2015,-1,19,0.256388428215,0.145651711673,0,1.56804100867
000852.SH,15857,2015-04-15,2015,-1,19,0.256388428215,0.145651711673,2.83321334406,1.84153139338
000852.SH,15916,2015-04-15,2015,-1,21,0.256388428215,0.145651711673,4.33073334029,0.455627327841
000852.SH,16026,2015-04-15,2015,-1,28,0.591913799898,0.299097065463,4.21950770518,0.566590755646
000852.SH,16105,2015-04-16,2015,-1,19,0.367356773282,0.258282716731,2.8903717579,2.55658133573
000852.SH,16225,2015-04-16,2015,-1,26,0.367356773282,0.258282716731,4.92725368516,0.332049500296
000852.SH,16283,2015-04-16,2015,1,28,0.023919915586,0.0180732653845,3.68887945411,0.481312902071
000852.SH,16405,2015-04-17,2015,1,21,0.0230213996968,0.0171483179075,3.91202300543,0.61709715486
000852.SH,16583,2015-04-20,2015,-1,19,0.394070656464,0.242283190041,2.63905732962,2.4630164685
000852.SH,16755,2015-04-20,2015,-1,28,0.266003900552,0.14010636347,1.94591014906,1.24148430609
000852.SH,16786,2015-04-20,2015,-1,29,0.514880175946,0.298080196065,2.8903717579,0.834572426775
000852.SH,16825,2015-04-21,2015,1,19,0.205669098397,0.14304087681,1.79175946923,1.56287889424
000852.SH,16984,2015-04-21,2015,1,28,0.362120534372,0.23174379729,5.04342511692,0.74961015714
000852.SH,17134,2015-04-22,2015,1,22,0.772936041822,0.43537180134,2.7080502011,0.478205238794
000852.SH,17227,2015-04-22,2015,1,28,0.786852461497,0.427018136173,4.18965474203,0.726992849922
000852.SH,17302,2015-04-23,2015,1,19,0.437092420535,0.182359911969,1.79175946923,2.13313136314
000852.SH,17365,2015-04-23,2015,1,21,0.118806588351,0.0852437965026,1.94591014906,1.05044075943
000852.SH,17377,2015-04-23,2015,1,22,0.118806588351,0.0852437965026,2.94443897917,1.38076652056
000852.SH,17479,2015-04-23,2015,1,28,0.232931937537,0.134873637513,1.79175946923,1.65191348368
000852.SH,17591,2015-04-24,2015,-1,21,0.441980255367,0.246739697444,4.20469261939,0.378489259648
000852.SH,17770,2015-04-27,2015,1,19,0.0294869466221,0.0144834091533,4.61512051684,2.24646303324
000852.SH,17869,2015-04-27,2015,1,22,0.293859266963,0.138973963199,3.78418963392,0.746592222239
000852.SH,18072,2015-04-28,2015,-1,21,0.534546160955,0.290601228461,2.48490664979,1.60428673522
000852.SH,18140,2015-04-28,2015,-1,26,0.395809750478,0.305425586769,3.61091791264,1.14305816175
000852.SH,18241,2015-04-29,2015,-1,19,0.217550631475,0.137409145276,2.8903717579,1.16943593067
000852.SH,18690,2015-04-30,2015,1,29,0.52681383527,0.222333899421,2.83321334406,0.759672188383
000852.SH,19939,2015-05-11,2015,1,19,0.517798155972,0.326162379913,1.38629436112,2.48614137836
000852.SH,20032,2015-05-11,2015,1,22,0.694471906844,0.500163309744,4.52178857705,0.325476617898
000852.SH,20199,2015-05-12,2015,1,20,0.742376887592,0.423313520388,2.19722457734,1.27894458657
000852.SH,20405,2015-05-13,2015,1,19,0.325458255767,0.184012024383,1.60943791243,2.37601004544
000852.SH,20469,2015-05-13,2015,1,21,0.161492462528,0.134990375764,2.07944154168,0.652229597074
000852.SH,20557,2015-05-13,2015,1,27,0.478185867853,0.353415342298,4.33073334029,0.402917731928
000852.SH,20608,2015-05-13,2015,1,28,0.379436795164,0.223440373462,3.25809653802,0.886549718324
000852.SH,20686,2015-05-14,2015,1,20,0.00351628668354,0.00207629036122,1.94591014906,1.11425752455
000852.SH,20848,2015-05-14,2015,1,28,0.0332736132862,0.0207467366732,3.17805383035,0.703065216898
000852.SH,21032,2015-05-15,2015,-1,27,0.213574712109,0.0642881046859,4.04305126783,0.469664183841
000852.SH,21123,2015-05-18,2015,1,19,0.424358468122,0.32525941879,2.30258509299,1.01178347235
000852.SH,21200,2015-05-18,2015,1,21,0.482254511565,0.401332760103,2.56494935746,0.993923639149
000852.SH,21309,2015-05-18,2015,1,28,0.539036214919,0.445763735158,4.21950770518,1.03608780531
000852.SH,21399,2015-05-19,2015,1,20,0.530272628678,0.243962457802,3.13549421593,0.790560838167
000852.SH,21722,2015-05-20,2015,1,26,0.242474816954,0.122607715571,5.67675380227,0.74794198053
000852.SH,21825,2015-05-20,2015,1,29,0.632847115322,0.425993797575,2.63905732962,1.33929986485
000852.SH,21875,2015-05-21,2015,1,20,0.0689701340413,0.0520921089582,1.94591014906,1.0782297742
000852.SH,22010,2015-05-21,2015,1,27,0.419400317031,0.322296202987,1.60943791243,1.27075137082
000852.SH,22147,2015-05-22,2015,1,21,0.475050138959,0.345774045564,3.95124371858,0.65487212792
000852.SH,22520,2015-05-25,2015,1,28,0.239311261855,0.172272669139,2.07944154168,0.390186250743
000852.SH,22597,2015-05-26,2015,1,20,0.517547727474,0.424811738219,1.79175946923,1.26776425553
000852.SH,22719,2015-05-26,2015,1,27,0.471241417249,0.378704539857,1.94591014906,0.953304842239
000852.SH,22831,2015-05-27,2015,1,20,0.325309310985,0.213372793463,2.48490664979,1.53192249554
000852.SH,23046,2015-05-28,2015,1,19,0.34039297543,0.187026231117,1.60943791243,0.952514437115
000852.SH,23067,2015-05-28,2015,1,19,0.355725285504,0.212851770985,2.99573227355,1.46117356858
000852.SH,23119,2015-05-28,2015,1,21,0.387124091051,0.27026358736,2.07944154168,1.43176548747
000852.SH,23144,2015-05-28,2015,-1,22,0.12189741204,0.0782231513956,1.79175946923,1.77614696782
000852.SH,23177,2015-05-28,2015,-1,26,0.452631144913,0.35699397648,1.94591014906,1.372171416
000852.SH,23234,2015-05-28,2015,-1,28,0.0243213970785,0.0133192625638,2.3978952728,0.936848870338
000852.SH,23253,2015-05-28,2015,-1,29,0.322026922777,0.320231492645,1.94591014906,1.06679936933
000852.SH,23287,2015-05-29,2015,-1,19,0.574784577381,0.491757941282,1.79175946923,1.66947300878
000852.SH,23306,2015-05-29,2015,-1,19,0.604531192729,0.597294925404,2.07944154168,2.29247739509
000852.SH,23435,2015-05-29,2015,1,27,0.184554185534,0.110826859436,3.87120101091,0.305842788039
000852.SH,23469,2015-05-29,2015,1,28,0.171059835379,0.113403304547,0,0.861344024812
000852.SH,23529,2015-06-01,2015,1,19,0.224985229227,0.168932038835,1.09861228867,1.26226688213
000852.SH,23578,2015-06-01,2015,1,20,0.695495845741,0.604782398039,3.87120101091,0.370698261877
000852.SH,23727,2015-06-01,2015,1,28,0.695495845741,0.604782398039,5.28320372874,0.30942078381
000852.SH,23778,2015-06-02,2015,1,19,0.770793113484,0.419260339512,1.79175946923,2.4115847014
000852.SH,23829,2015-06-02,2015,1,21,0.663509232348,0.366528098537,3.93182563272,0.746784699322
000852.SH,23880,2015-06-02,2015,1,26,0.339160296499,0.206785842708,1.94591014906,1.2793741018
000852.SH,24008,2015-06-03,2015,1,19,0.100066017044,0.0532036079105,4.74493212836,1.56316036224
000852.SH,24033,2015-06-03,2015,1,20,0.408088346423,0.217604669168,1.79175946923,1.26783444777
000852.SH,24104,2015-06-03,2015,-1,22,0.579919959058,0.407938524203,1.79175946923,1.73502629107
000852.SH,24374,2015-06-04,2015,-1,26,0.708655098596,0.567127323138,1.79175946923,2.0023596183
000852.SH,24488,2015-06-05,2015,1,19,0.590405668908,0.525673589322,1.38629436112,1.90406027552
000852.SH,24569,2015-06-05,2015,1,22,0.582277831498,0.440282348127,4.26267987704,0.191146121673
000852.SH,24586,2015-06-05,2015,1,22,0.0228521567511,0.0150499983166,1.79175946923,0.518423023215
000852.SH,24611,2015-06-05,2015,-1,26,0.414174353542,0.228093910346,1.94591014906,1.17881347188
000852.SH,24784,2015-06-08,2015,-1,21,0.407920807606,0.319833127428,3.04452243772,1.026888847
000852.SH,24861,2015-06-08,2015,-1,26,0.220240176201,0.175528925062,3.85014760171,0.353286008353
000852.SH,25037,2015-06-09,2015,1,21,0.127827701809,0.0991515624347,1.94591014906,0.970520507434
000852.SH,25204,2015-06-10,2015,1,19,0.0946128102803,0.0609236058312,1.38629436112,2.09266569713
000852.SH,25234,2015-06-10,2015,1,20,0.054117911795,0.0416883693115,3.40119738166,1.11029258497
000852.SH,25318,2015-06-10,2015,1,22,0.054117911795,0.0416883693115,4.73619844839,0.426130388465
000852.SH,25422,2015-06-10,2015,1,29,0.553113880494,0.277091686101,1.79175946923,0.848496641316
000852.SH,25462,2015-06-11,2015,1,19,0.635779304184,0.284642534679,2.94443897917,1.4050289727
000852.SH,25559,2015-06-11,2015,1,23,0.259658075317,0.113917821701,2.07944154168,1.03248693662
000852.SH,25629,2015-06-11,2015,1,28,0.241011265775,0.143610644929,4.02535169074,0.832856713426
000852.SH,25714,2015-06-12,2015,1,20,0.241011265775,0.143610644929,4.94875989038,1.0940601184
000852.SH,25765,2015-06-12,2015,1,21,0.241011265775,0.143610644929,5.25749537203,0.743655986542
000852.SH,25879,2015-06-12,2015,1,28,0.616510371794,0.197515357961,1.60943791243,1.11213178646
000852.SH,26169,2015-06-16,2015,-1,19,0.394296348208,0.230147385617,1.60943791243,2.47847580513
000852.SH,26209,2015-06-16,2015,-1,20,0.0624699922457,0.052607879925,2.63905732962,0.732738145703
000852.SH,26247,2015-06-16,2015,-1,21,0.607381449647,0.422676865257,3.36729582999,0.52917580437
000852.SH,26406,2015-06-17,2015,-1,19,0.0516816905707,0.021916235131,3.13549421593,1.38238107468
000852.SH,26455,2015-06-17,2015,-1,20,0.0963141507307,0.077588252353,3.36729582999,1.24425089223
000852.SH,26508,2015-06-17,2015,-1,22,0.601677046296,0.331134833199,3.09104245336,0.887356082493
000852.SH,26644,2015-06-18,2015,1,19,0.39804657972,0.240846574138,0,1.36455138345
000852.SH,26668,2015-06-18,2015,1,19,0.098833037169,0.073793755913,1.38629436112,1.68354920449
000852.SH,26734,2015-06-18,2015,1,22,0.0659188530287,0.0430547550432,3.49650756147,0.864762743643
000852.SH,26768,2015-06-18,2015,-1,26,0.199245487777,0.0805848903331,3.04452243772,0.501943934632
000852.SH,26823,2015-06-18,2015,-1,28,0.0270178326934,0.0119953631369,3.40119738166,0.875825248736
000852.SH,26845,2015-06-18,2015,-1,28,0.0270178326934,0.0119953631369,3.95124371858,0.922141032713
000852.SH,26865,2015-06-18,2015,-1,29,0.0270178326934,0.0119953631369,4.27666611902,1.31619298142
000852.SH,26887,2015-06-19,2015,-1,19,0.632863211727,0.36229762776,0,2.61746959003
000852.SH,26922,2015-06-19,2015,-1,20,0.489096587835,0.428373153564,2.19722457734,0.645023079956
000852.SH,26986,2015-06-19,2015,-1,22,0.179957595075,0.154536871497,3.7135720667,0.338198186718
000852.SH,27052,2015-06-19,2015,-1,27,0.176920207279,0.102074559351,1.79175946923,0.56598080093
000852.SH,27127,2015-06-23,2015,-1,19,0.544383237537,0.372512422737,0,1.19105059119
000852.SH,27138,2015-06-23,2015,-1,19,0.537836896883,0.443224227593,1.79175946923,1.89559149876
000852.SH,27247,2015-06-23,2015,-1,26,0.765794080087,0.466545781942,2.56494935746,1.20575503598
000852.SH,27398,2015-06-24,2015,1,20,0.513830980111,0.319786594344,1.38629436112,0.610481306066
000852.SH,27838,2015-06-25,2015,-1,29,0.631965354585,0.622735289402,2.07944154168,1.61344346731
000852.SH,27846,2015-06-26,2015,-1,19,0.506979167554,0.500541437228,1.09861228867,2.63920106245
000852.SH,27867,2015-06-26,2015,-1,19,0.441064882521,0.398219986802,1.60943791243,2.58946563263
000852.SH,27933,2015-06-26,2015,-1,22,0.0972924705407,0.0686636232881,3.91202300543,0.326896205437
000852.SH,27966,2015-06-26,2015,-1,26,0.193741884662,0.0963531774027,1.79175946923,0.340278608811
000852.SH,28100,2015-06-29,2015,-1,19,0.384829916646,0.38800379253,0,2.53031864009
000852.SH,28126,2015-06-29,2015,1,20,0.417399050082,0.419937769268,1.38629436112,1.1407510761
000852.SH,28148,2015-06-29,2015,1,21,0.417399050082,0.419937769268,3.25809653802,0.703437274841
000852.SH,28164,2015-06-29,2015,-1,21,0.543721778098,0.3729571245,2.19722457734,0.678626195475
000852.SH,28174,2015-06-29,2015,-1,22,0.543721778098,0.3729571245,2.94443897917,0.757592373608
000852.SH,28188,2015-06-29,2015,-1,22,0.670069395549,0.461152678378,1.79175946923,0.770740081177
000852.SH,28247,2015-06-29,2015,-1,27,0.37101542625,0.295126912532,2.77258872224,0.480792856253
000852.SH,28275,2015-06-29,2015,1,28,0.385171226014,0.34463645256,1.60943791243,0.773311980834
000852.SH,28328,2015-06-30,2015,-1,19,0.632023857528,0.4508156785,0,1.96945109197
000852.SH,28347,2015-06-30,2015,-1,19,0.428506767151,0.37876882287,1.60943791243,2.35024611471
000852.SH,28363,2015-06-30,2015,-1,20,0.627481297579,0.533244974597,2.56494935746,0.60378298335
000852.SH,28389,2015-06-30,2015,-1,21,0.627481297579,0.533244974597,3.66356164613,0.321809483178
000852.SH,28434,2015-06-30,2015,-1,22,0.490879736055,0.3375,2.48490664979,0.47703117467
000852.SH,28452,2015-06-30,2015,1,26,0.594873711557,0.448550737531,1.60943791243,1.46359910243
000852.SH,28489,2015-06-30,2015,1,27,0.351562534341,0.346682959518,2.48490664979,0.506942182906
000852.SH,28505,2015-06-30,2015,1,28,0.677279065902,0.557659510034,1.60943791243,0.485362255059
000852.SH,28519,2015-06-30,2015,1,28,0.201448493923,0.202298734688,1.60943791243,0.522262754182
000852.SH,28567,2015-07-01,2015,-1,19,0.135497379829,0.116909989654,1.60943791243,1.49505347362
000852.SH,28591,2015-07-01,2015,1,20,0.294075575569,0.21683378612,1.09861228867,0.963146083258
000852.SH,28652,2015-07-01,2015,1,22,0.436976074699,0.25337415756,3.82864139649,0.310435508762
000852.SH,28699,2015-07-01,2015,-1,26,0.181464392911,0.0846448985984,1.38629436112,0.824327717732
000852.SH,28746,2015-07-01,2015,-1,28,0.139495681245,0.0880982870293,2.83321334406,0.569543059212
000852.SH,28764,2015-07-01,2015,-1,28,0.520962112087,0.41337725318,1.38629436112,1.01555231516
000852.SH,28783,2015-07-01,2015,-1,29,0.32646485415,0.235877686478,1.09861228867,1.25240470641
000852.SH,28801,2015-07-02,2015,-1,19,0.431228450195,0.434265051337,2.8903717579,1.18358971074
000852.SH,28812,2015-07-02,2015,-1,19,0.4561564227,0.407350495183,0,2.02126762804
000852.SH,28825,2015-07-02,2015,1,19,0.36533106312,0.367583358517,1.79175946923,2.08036959964
000852.SH,28848,2015-07-02,2015,-1,20,0.291120189393,0.207514297618,2.3978952728,1.12331102304
000852.SH,28863,2015-07-02,2015,-1,21,0.450477171746,0.287506246877,2.63905732962,0.896289349987
000852.SH,28887,2015-07-02,2015,1,21,0.182279005354,0.153218913235,2.3978952728,1.11730545485
000852.SH,28914,2015-07-02,2015,1,22,0.138027963782,0.0946851934099,2.77258872224,0.734392330963
000852.SH,28980,2015-07-02,2015,-1,28,0.490461772722,0.240118611547,1.38629436112,0.547500590433
000852.SH,29009,2015-07-02,2015,-1,29,0.342601941315,0.266668680705,1.60943791243,0.541029101731
000852.SH,29070,2015-07-03,2015,-1,20,0.756467207887,0.632642809781,1.94591014906,2.38883115455
000852.SH,29122,2015-07-03,2015,-1,21,0.297489012684,0.191128131482,1.79175946923,0.217248324848
000852.SH,29170,2015-07-03,2015,1,26,0.628147706206,0.47261841675,0,0.895734668397
000852.SH,29188,2015-07-03,2015,1,26,0.457920407281,0.398521908082,1.60943791243,1.12097433714
000852.SH,29218,2015-07-03,2015,-1,27,0.413910296161,0.416471546371,3.33220451018,0.725515492011
000852.SH,29227,2015-07-03,2015,-1,28,0.669827643,0.356788226563,1.38629436112,0.65819122314
000852.SH,29240,2015-07-03,2015,-1,28,0.202700733662,0.201548001231,1.38629436112,0.628693524876
000852.SH,29265,2015-07-03,2015,-1,29,0.0948891021115,0.0954403397708,3.21887582487,0.408859646488
000852.SH,29293,2015-07-06,2015,1,19,0.332923952448,0.267732397187,1.79175946923,2.23176963712
000852.SH,29321,2015-07-06,2015,-1,20,0.0754099704927,0.0579064768626,1.60943791243,0.758047952122
000852.SH,29364,2015-07-06,2015,-1,21,0.274281775701,0.155164537188,1.60943791243,0.439181868667
000852.SH,29398,2015-07-06,2015,-1,22,0.655849734939,0.503837061284,1.79175946923,0.588766069364
000852.SH,29421,2015-07-06,2015,-1,26,0.323181170371,0.287141131655,1.38629436112,0.617315238994
000852.SH,29452,2015-07-06,2015,-1,27,0.0467773867624,0.0306364886833,1.38629436112,0.338376141196
000852.SH,29496,2015-07-06,2015,1,29,0.0344878451178,0.0333202225094,3.61091791264,0.143853365166
000852.SH,29527,2015-07-07,2015,-1,19,0.460789850914,0.450479233227,1.38629436112,2.41343291024
000852.SH,29550,2015-07-07,2015,-1,20,0.73472863574,0.733259248638,2.94443897917,2.42680050347
000852.SH,30067,2015-07-09,2015,1,21,0.394798365226,0.314743714503,1.94591014906,1.2071173885
000852.SH,30503,2015-07-13,2015,1,19,0.763507593226,0.576355925773,1.60943791243,2.78469944034
000852.SH,30749,2015-07-14,2015,1,20,0.64914904153,0.419368147453,1.60943791243,2.7198341186
000852.SH,30848,2015-07-14,2015,1,26,0.408578594392,0.24562299726,2.7080502011,0.518197517145
000852.SH,30868,2015-07-14,2015,1,26,0.408578594392,0.24562299726,3.55534806149,0.731064817813
000852.SH,30877,2015-07-14,2015,1,27,0.408578594392,0.24562299726,3.78418963392,0.747910459666
000852.SH,30896,2015-07-14,2015,-1,27,0.0717390434976,0.0368189293862,2.48490664979,0.578392828203
000852.SH,30936,2015-07-14,2015,-1,29,0.162359589599,0.0897900269615,2.83321334406,0.638318950027
000852.SH,30950,2015-07-14,2015,-1,29,0.162359589599,0.0897900269615,3.43398720449,0.512541939279
000852.SH,30963,2015-07-15,2015,1,19,0.0462141025675,0.0266129959747,0.69314718056,1.11523936388
000852.SH,30970,2015-07-15,2015,1,19,0.307217732239,0.177667638484,1.94591014906,1.33974957908
000852.SH,31009,2015-07-15,2015,-1,20,0.516607182129,0.316985621811,1.79175946923,1.39494605157
000852.SH,31048,2015-07-15,2015,-1,21,0.465987143587,0.328609506886,3.49650756147,0.789428040088
000852.SH,31086,2015-07-15,2015,-1,26,0.465987143587,0.328609506886,4.26267987704,0.594299426811
000852.SH,31141,2015-07-15,2015,-1,28,0.595570141368,0.262638530439,1.79175946923,0.838166363767
000852.SH,31218,2015-07-16,2015,-1,19,0.727328277672,0.523595399809,2.07944154168,2.69140611477
000852.SH,31233,2015-07-16,2015,1,20,0.0410616939193,0.0345659400465,1.38629436112,1.16386496544
000852.SH,31269,2015-07-16,2015,1,21,0.191557309305,0.131143062054,1.38629436112,0.710847834975
000852.SH,31298,2015-07-16,2015,1,22,0.538116005184,0.390134317064,2.94443897917,0.468800234546
000852.SH,31357,2015-07-16,2015,-1,27,0.272289600434,0.192843059357,1.60943791243,0.389884072324
000852.SH,31379,2015-07-16,2015,-1,28,0.48057357861,0.35247299602,1.38629436112,0.578932390374
000852.SH,31423,2015-07-16,2015,-1,29,0.48057357861,0.35247299602,3.87120101091,0.248578603205
000852.SH,31429,2015-07-16,2015,1,29,0.0470314181721,0.025438025531,1.38629436112,0.291445588867
000852.SH,31445,2015-07-17,2015,1,19,0.327900411004,0.307292842628,1.09861228867,1.09456392219
000852.SH,31457,2015-07-17,2015,1,19,0.226699291821,0.183655362776,1.09861228867,1.17021999771
000852.SH,31504,2015-07-17,2015,1,21,0.569291959391,0.386164855553,1.94591014906,0.694672861738
000852.SH,31574,2015-07-17,2015,1,26,0.249451238261,0.15386286743,3.21887582487,0.477002421874
000852.SH,31697,2015-07-20,2015,1,19,0.661855992597,0.344397637943,1.38629436112,2.02183320505
000852.SH,31759,2015-07-20,2015,1,21,0.537868494498,0.321668749628,2.3978952728,1.28562628932
000852.SH,31780,2015-07-20,2015,-1,22,0.219189917943,0.127272363858,1.60943791243,1.84914317408
000852.SH,31971,2015-07-21,2015,1,20,0.171587870913,0.108529697039,2.48490664979,0.639413179717
000852.SH,32015,2015-07-21,2015,1,22,0.197828271079,0.138844301766,3.04452243772,0.484826635814
000852.SH,32059,2015-07-21,2015,-1,26,0.0851082246018,0.0463697776612,3.63758615973,0.480607509658
000852.SH,32128,2015-07-21,2015,1,28,0.302991186532,0.146854690374,1.94591014906,0.595157596138
000852.SH,32169,2015-07-22,2015,1,19,0.375980078336,0.186553538825,2.07944154168,1.40914405411
000852.SH,32190,2015-07-22,2015,1,20,0.216033487554,0.0961296529268,1.38629436112,1.73328770467
000852.SH,32262,2015-07-22,2015,1,22,0.134173876604,0.0626241604389,1.79175946923,1.06261686409
000852.SH,32299,2015-07-22,2015,-1,26,0.467601896844,0.213766348925,1.09861228867,1.45529368989
000852.SH,32410,2015-07-23,2015,1,19,0.540170082446,0.263523583844,1.38629436112,1.11355445135
000852.SH,32492,2015-07-23,2015,1,22,0.518274674152,0.234283904303,4.11087386417,0.517200607888
000852.SH,32582,2015-07-23,2015,1,28,0.518274674152,0.234283904303,5.01727983681,0.663981969266
000852.SH,32649,2015-07-24,2015,1,19,0.518274674152,0.234283904303,5.38449506279,1.27775750961
000852.SH,32671,2015-07-24,2015,1,20,0.624514668556,0.212839969402,1.60943791243,1.65533568733
000852.SH,32715,2015-07-24,2015,-1,21,0.32532612634,0.227940529603,1.38629436112,1.63112994824
000852.SH,32793,2015-07-24,2015,-1,27,0.32532612634,0.227940529603,4.40671924726,0.767338175449
000852.SH,32838,2015-07-24,2015,1,28,0.117454518844,0.0598338877382,3.80666248977,1.03439476251
000852.SH,32858,2015-07-24,2015,1,29,0.117454518844,0.0598338877382,4.1743872699,1.22590425761
000852.SH,32893,2015-07-27,2015,-1,19,0.473492577935,0.470273826166,2.3978952728,2.39964932217
000852.SH,32964,2015-07-27,2015,1,21,0.414335351631,0.236685826797,2.56494935746,0.52410146501
000852.SH,33010,2015-07-27,2015,-1,26,0.273504149053,0.191809881022,3.25809653802,0.589055212129
000852.SH,33033,2015-07-27,2015,-1,27,0.632577190934,0.356605029965,1.38629436112,0.810491095684
000852.SH,33075,2015-07-27,2015,-1,28,0.428608042848,0.219355617717,2.7080502011,0.674312896307
000852.SH,33091,2015-07-27,2015,-1,29,0.452636058371,0.270110924683,1.60943791243,0.860475871009
000852.SH,33109,2015-07-27,2015,-1,29,0.577116209465,0.448408306751,2.83321334406,0.88138978452
000852.SH,33125,2015-07-28,2015,-1,19,0.577116209465,0.448408306751,3.49650756147,2.5263474757
000852.SH,33132,2015-07-28,2015,-1,19,0.782529380832,0.600610237256,1.60943791243,2.57933735797
000852.SH,33163,2015-07-28,2015,-1,20,0.315491040129,0.265753751248,1.79175946923,0.663277072616
000852.SH,33217,2015-07-28,2015,1,22,0.6740747818,0.679404393876,1.60943791243,0.929151480486
000852.SH,33292,2015-07-28,2015,-1,27,0.39673224213,0.335129236855,1.60943791243,0.528831980377
000852.SH,33311,2015-07-28,2015,1,28,0.388490233644,0.341444650235,1.09861228867,0.664123189734
000852.SH,33318,2015-07-28,2015,1,28,0.46284538095,0.460015075721,1.94591014906,0.644771771838
000852.SH,33329,2015-07-28,2015,1,29,0.167685638249,0.100788892395,1.60943791243,0.639409640155
000852.SH,33341,2015-07-28,2015,-1,29,0.222944492506,0.130948419301,1.38629436112,0.505115815734
000852.SH,33366,2015-07-29,2015,1,19,0.569055270169,0.453215636822,1.09861228867,1.56246310297
000852.SH,33401,2015-07-29,2015,-1,20,0.417052552121,0.255310747848,2.07944154168,0.757822539587
000852.SH,33425,2015-07-29,2015,-1,21,0.455144023879,0.310101946247,1.09861228867,0.762605912732
000852.SH,33507,2015-07-29,2015,-1,26,0.244090847795,0.122142024567,1.38629436112,0.653220557426
000852.SH,33529,2015-07-29,2015,-1,27,0.139657347924,0.110392881128,1.79175946923,0.792798677362
000852.SH,33552,2015-07-29,2015,1,28,0.386601193423,0.240022308202,2.07944154168,0.767350295244
000852.SH,33563,2015-07-29,2015,1,28,0.583255101299,0.373737792614,2.30258509299,0.740573512837
000852.SH,33574,2015-07-29,2015,1,29,0.583255101299,0.373737792614,3.04452243772,0.648816327666
000852.SH,33603,2015-07-30,2015,1,19,0.626732755006,0.409518165842,0,1.31511009949
000852.SH,33621,2015-07-30,2015,1,19,0.626732755006,0.409518165842,2.94443897917,1.4956777905
000852.SH,33692,2015-07-30,2015,1,22,0.117938374284,0.0512820512821,2.77258872224,0.636461855281
000852.SH,33708,2015-07-30,2015,1,22,0.117938374284,0.0512820512821,3.4657359028,0.703531463608
000852.SH,33743,2015-07-30,2015,-1,26,0.0104279707927,0.0042289649435,3.33220451018,0.546219592899
000852.SH,33760,2015-07-30,2015,-1,27,0.0104279707927,0.0042289649435,3.80666248977,0.604461172073
000852.SH,33793,2015-07-30,2015,1,28,0.124100189753,0.0487346101231,1.60943791243,0.673942064039
000852.SH,33808,2015-07-30,2015,1,28,0.124100189753,0.0487346101231,2.99573227355,0.999473269298
000852.SH,33818,2015-07-30,2015,-1,29,0.42282351827,0.269017554666,1.94591014906,1.25578400802
000852.SH,33844,2015-07-31,2015,-1,19,0.42282351827,0.269017554666,3.49650756147,1.81258318791
000852.SH,33850,2015-07-31,2015,-1,19,0.656550029224,0.360299610138,1.38629436112,1.84075965613
000852.SH,33877,2015-07-31,2015,-1,20,0.354916093459,0.213607001918,2.19722457734,1.23707495509
000852.SH,33900,2015-07-31,2015,-1,21,0.354916093459,0.213607001918,3.4657359028,0.877255063265
000852.SH,33910,2015-07-31,2015,1,21,0.096045261215,0.0611451911456,2.30258509299,0.756909328821
000852.SH,34041,2015-07-31,2015,1,28,0.428773407324,0.277069708265,2.83321334406,0.997252420505
000852.SH,34055,2015-07-31,2015,-1,29,0.144978691621,0.0823954791437,1.38629436112,0.941111442598
000852.SH,34086,2015-08-03,2015,-1,19,0.190493655694,0.182108806971,1.38629436112,2.01683741624
000852.SH,34098,2015-08-03,2015,-1,19,0.433896968064,0.436642682451,2.19722457734,2.03023161238
000852.SH,34133,2015-08-03,2015,-1,20,0.364778533976,0.33847420828,3.4657359028,0.576254780457
000852.SH,34161,2015-08-03,2015,1,21,0.0221968885056,0.0129228114995,3.13549421593,0.514557361799
000852.SH,34219,2015-08-03,2015,-1,26,0.287275270285,0.132308560147,1.60943791243,0.520995457245
000852.SH,34249,2015-08-03,2015,-1,27,0.390395957603,0.339634260623,1.60943791243,0.621300998867
000852.SH,34297,2015-08-03,2015,-1,29,0.0310235383912,0.016731657402,1.60943791243,0.642996109318
000852.SH,34327,2015-08-04,2015,1,19,0.121261324144,0.0947474010578,1.94591014906,1.24385894113
000852.SH,34352,2015-08-04,2015,1,20,0.518783916239,0.312572000529,2.30258509299,1.46960229001
000852.SH,34479,2015-08-04,2015,1,27,0.31214259423,0.143529608146,2.07944154168,0.683409888648
000852.SH,34526,2015-08-04,2015,1,28,0.460392443276,0.245212068212,1.60943791243,0.718274781549
000852.SH,34583,2015-08-05,2015,1,19,0.524236605006,0.334980700552,1.38629436112,1.33055813629
000852.SH,34628,2015-08-05,2015,1,21,0.313523137414,0.180925532169,2.3978952728,1.03065398812
000852.SH,34678,2015-08-05,2015,-1,22,0.298038443276,0.15231319871,2.56494935746,1.18664711634
000852.SH,34688,2015-08-05,2015,-1,26,0.298038443276,0.15231319871,3.13549421593,1.34738258187
000852.SH,34724,2015-08-05,2015,-1,27,0.330159353462,0.156788843871,2.83321334406,1.18143042299
000852.SH,34783,2015-08-05,2015,1,29,0.279121078723,0.138957816377,2.3978952728,1.25656946156
000852.SH,34805,2015-08-06,2015,-1,19,0.196836107055,0.103595607041,1.09861228867,2.18202062438
000852.SH,35160,2015-08-07,2015,1,26,0.407271269162,0.230238648519,3.78418963392,0.481289033735
000852.SH,35216,2015-08-07,2015,1,27,0.393548557463,0.182776801406,4.02535169074,0.282054203441
000852.SH,35286,2015-08-10,2015,1,19,0.0220658031069,0.00857402239333,3.43398720449,2.10571495002
000852.SH,35312,2015-08-10,2015,1,20,0.0220658031069,0.00857402239333,4.04305126783,0.922180470991
000852.SH,35356,2015-08-10,2015,1,21,0.0220658031069,0.00857402239333,4.61512051684,0.469183683911
000852.SH,35450,2015-08-10,2015,1,27,0.0220658031069,0.00857402239333,5.27299955856,0.499365970948
000852.SH,35524,2015-08-11,2015,1,19,0.810212904448,0.360372261999,0,1.39187151366
000852.SH,35539,2015-08-11,2015,1,19,0.183629984083,0.125949319498,1.38629436112,1.95852554514
000852.SH,35566,2015-08-11,2015,1,20,0.260728204689,0.251384167071,1.38629436112,1.27355302847
000852.SH,35645,2015-08-11,2015,-1,26,0.291562605345,0.180987277354,1.79175946923,1.39799698538
000852.SH,35666,2015-08-11,2015,-1,26,0.291562605345,0.180987277354,3.295836866,0.969148213999
000852.SH,35735,2015-08-11,2015,1,29,0.251925815427,0.155530433748,1.60943791243,0.964777456602
000852.SH,35787,2015-08-12,2015,-1,19,0.366656326684,0.192724902216,3.17805383035,1.97285107719
000852.SH,35967,2015-08-12,2015,-1,28,0.087608714029,0.0321216065452,2.30258509299,0.910081600357
000852.SH,36086,2015-08-13,2015,1,21,0.182129846563,0.113250468616,3.09104245336,0.899176032996
000852.SH,36149,2015-08-13,2015,-1,27,0.111865974315,0.0478299210183,3.40119738166,0.75780475728
000852.SH,36246,2015-08-14,2015,1,19,0.512517938169,0.233241923421,3.80666248977,1.83041395365
000852.SH,36287,2015-08-14,2015,1,20,0.625168069575,0.38174721915,3.13549421593,0.611526078707
000852.SH,36304,2015-08-14,2015,1,21,0.0834444545848,0.0335172695688,1.38629436112,0.726618332452
000852.SH,36399,2015-08-14,2015,1,27,0.221834398533,0.100245690268,2.7080502011,0.679817862661
000852.SH,36464,2015-08-14,2015,-1,29,0.203343576323,0.0835438712118,3.17805383035,0.83931770872
000852.SH,36533,2015-08-17,2015,-1,20,0.2143027926,0.145887520953,2.48490664979,1.15986055845
000852.SH,36581,2015-08-17,2015,-1,22,0.0118647295108,0.00649948063511,3.17805383035,0.59487601558
000852.SH,36633,2015-08-17,2015,1,27,0.412635580629,0.225629476607,1.60943791243,0.682659730086
000852.SH,36685,2015-08-17,2015,1,28,0.290077999002,0.205129022998,1.94591014906,1.01836754696
000852.SH,36728,2015-08-18,2015,1,19,0.152798527535,0.09546794025,3.55534806149,1.20122530827
000852.SH,36837,2015-08-18,2015,-1,22,0.454782105419,0.196211938904,2.3978952728,1.0815546827
000852.SH,36859,2015-08-18,2015,-1,26,0.470841852809,0.377599912883,1.38629436112,1.20390497168
000852.SH,36880,2015-08-18,2015,-1,27,0.464615985473,0.363458828764,1.09861228867,1.69894452056
000852.SH,36894,2015-08-18,2015,-1,27,0.109752429716,0.109234176237,1.79175946923,1.55079562693
000852.SH,36904,2015-08-18,2015,-1,28,0.109752429716,0.109234176237,2.77258872224,1.38091289032
000852.SH,36929,2015-08-18,2015,-1,29,0.395758613043,0.323168766854,1.38629436112,1.37840171588
000852.SH,36964,2015-08-19,2015,-1,19,0.677419970628,0.582846371348,0.69314718056,2.36450738027
000852.SH,36999,2015-08-19,2015,1,20,0.474423258972,0.309219967595,1.38629436112,0.825765319068
000852.SH,37065,2015-08-19,2015,-1,22,0.27537278407,0.142175442085,1.79175946923,0.952413334429
000852.SH,37160,2015-08-19,2015,1,28,0.493987221559,0.39248879582,1.38629436112,0.777836470756
000852.SH,37185,2015-08-19,2015,1,29,0.414662493802,0.317836402323,1.38629436112,0.909368683976
000852.SH,37349,2015-08-20,2015,1,27,0.362451083879,0.187761923768,3.13549421593,0.615050874257
000852.SH,37420,2015-08-20,2015,-1,29,0.434434248561,0.323517779456,1.38629436112,1.25855838327
000852.SH,37445,2015-08-21,2015,-1,19,0.460402926449,0.286730216372,2.3978952728,2.0325060208
000852.SH,37457,2015-08-21,2015,-1,19,0.481511090667,0.280077320671,2.30258509299,1.9906667592
000852.SH,37490,2015-08-21,2015,-1,20,0.30695469411,0.223996292708,2.77258872224,0.956842099827
000852.SH,37540,2015-08-21,2015,-1,22,0.133485389709,0.0768113494342,2.7080502011,0.592876227761
000852.SH,37570,2015-08-21,2015,-1,26,0.381506557468,0.225871229553,3.13549421593,0.632468809517
000852.SH,37583,2015-08-21,2015,-1,26,0.572736551309,0.328406068014,1.60943791243,0.878577493399
000852.SH,37643,2015-08-21,2015,1,28,0.405763971835,0.265381454299,1.38629436112,0.929093858433
000852.SH,37693,2015-08-24,2015,-1,19,0.857837970265,0.748987616069,1.09861228867,2.35516570515
000852.SH,37715,2015-08-24,2015,-1,20,0.807189727917,0.717512709906,3.09104245336,0.66697529287
000852.SH,37744,2015-08-24,2015,-1,21,0.313501883822,0.19223262099,1.94591014906,0.216949025576
000852.SH,37898,2015-08-24,2015,-1,29,0.366225710449,0.209447758322,4.93447393313,0.0141760477091
000852.SH,37948,2015-08-25,2015,-1,19,0.814735680502,0.678810553214,1.60943791243,2.78813004635
000852.SH,38174,2015-08-26,2015,-1,19,0.565351196293,0.361912010359,0,2.44929221341
000852.SH,38185,2015-08-26,2015,1,19,0.562515064041,0.565686815352,1.38629436112,2.599606225
000852.SH,38215,2015-08-26,2015,-1,20,0.433171897351,0.319115876161,2.07944154168,1.09548427768
000852.SH,38224,2015-08-26,2015,-1,21,0.433171897351,0.319115876161,2.83321334406,1.04381940528
000852.SH,38238,2015-08-26,2015,-1,21,0.694103065801,0.452596238221,1.09861228867,1.05951095036
000852.SH,38279,2015-08-26,2015,1,23,0.443280706893,0.330022900936,1.09861228867,1.10911476641
000852.SH,38290,2015-08-26,2015,1,26,0.56482187649,0.568902457455,1.09861228867,1.29070256052
000852.SH,38312,2015-08-26,2015,1,27,0.40662491168,0.30885824326,2.07944154168,0.979982665279
000852.SH,38327,2015-08-26,2015,1,27,0.40662491168,0.30885824326,3.13549421593,0.849835505132
000852.SH,38341,2015-08-26,2015,-1,28,0.198546250463,0.108698482127,1.38629436112,0.720112301677
000852.SH,38363,2015-08-26,2015,-1,28,0.348441037314,0.352126340754,0,1.04030458232
000852.SH,38402,2015-08-27,2015,-1,19,0.450504790713,0.44205087242,0.69314718056,1.58157764789
000852.SH,38534,2015-08-27,2015,-1,26,0.253391984582,0.105867547585,3.17805383035,0.592089238218
000852.SH,38585,2015-08-27,2015,-1,28,0.225150013679,0.12470617155,1.38629436112,0.711832270044
000852.SH,38600,2015-08-27,2015,-1,28,0.350054197823,0.299467246942,1.60943791243,0.936190710733
000852.SH,38607,2015-08-27,2015,-1,28,0.350054197823,0.299467246942,2.48490664979,1.14903504985
000852.SH,38617,2015-08-27,2015,1,29,0.245982539429,0.165024828451,1.38629436112,1.13640823498
000852.SH,38632,2015-08-27,2015,1,29,0.583737711529,0.378441194149,2.7080502011,1.04421465443
000852.SH,38644,2015-08-28,2015,1,19,0.672560479648,0.512135274977,0.69314718056,1.46635091081
000852.SH,38651,2015-08-28,2015,1,19,0.732113354178,0.545917254417,1.94591014906,1.51378756659
000852.SH,38668,2015-08-28,2015,1,19,0.153657849183,0.0730023135789,1.38629436112,1.56534561744
000852.SH,38703,2015-08-28,2015,1,21,0.0369989644253,0.0174494925239,3.295836866,0.566677105206
000852.SH,38727,2015-08-28,2015,1,21,0.0369989644253,0.0174494925239,3.93182563272,0.463561155735
000852.SH,38780,2015-08-28,2015,1,26,0.411527703362,0.156813619458,3.17805383035,0.502213121825
000852.SH,38832,2015-08-28,2015,1,28,0.189398030444,0.0684710769812,3.82864139649,0.526138345262
000852.SH,38868,2015-08-28,2015,1,29,0.189398030444,0.0684710769812,4.40671924726,0.697091184963
000852.SH,38883,2015-08-31,2015,1,19,0.488280917291,0.224180720302,1.09861228867,1.85056000167
000852.SH,39125,2015-09-01,2015,-1,19,0.114325893517,0.084130160848,3.21887582487,1.89241721606
000852.SH,39133,2015-09-01,2015,-1,19,0.114325893517,0.084130160848,3.49650756147,1.97040920276
000852.SH,39166,2015-09-01,2015,-1,20,0.114325893517,0.084130160848,4.18965474203,1.05131035407
000852.SH,39186,2015-09-01,2015,-1,21,0.770611672418,0.435135615348,2.19722457734,1.00126961979
000852.SH,39327,2015-09-01,2015,-1,28,0.458532068807,0.310816101363,1.60943791243,0.576496247843
000852.SH,39356,2015-09-01,2015,-1,29,0.450376150074,0.355517354289,3.21887582487,0.366145294391
000852.SH,39377,2015-09-02,2015,-1,19,0.797214024975,0.603460228472,1.79175946923,2.58245473363
000852.SH,39494,2015-09-02,2015,1,26,0.605100977737,0.430448636607,1.60943791243,0.778206459218
000852.SH,39586,2015-09-02,2015,-1,29,0.524689158911,0.373802285758,1.38629436112,0.598798166918
000852.SH,39621,2015-09-07,2015,1,19,0.0883911561095,0.0575877712838,3.04452243772,1.80802891245
000852.SH,39745,2015-09-07,2015,1,26,0.0605953977552,0.0244571320496,2.7080502011,0.587695998382
000852.SH,39776,2015-09-07,2015,1,27,0.0605953977552,0.0244571320496,3.82864139649,0.666618386874
000852.SH,39781,2015-09-07,2015,-1,28,0.0953236836613,0.0426028997458,1.60943791243,0.690588125885
000852.SH,39873,2015-09-08,2015,1,20,0.25846616513,0.218146954429,2.48490664979,1.16215697046
000852.SH,39955,2015-09-08,2015,1,22,0.151724396188,0.0739848589126,3.13549421593,0.658886422688
000852.SH,40007,2015-09-08,2015,-1,27,0.199337301786,0.0886180279279,3.25809653802,0.931278541952
000852.SH,40160,2015-09-09,2015,1,21,0.617429215518,0.276793488457,2.3978952728,0.623631992822
000852.SH,40239,2015-09-09,2015,-1,27,0.162419554433,0.0826210826211,2.48490664979,0.727515653775
000852.SH,40271,2015-09-09,2015,-1,28,0.234795978655,0.128242542153,3.4657359028,0.595271397724
000852.SH,40281,2015-09-09,2015,-1,28,0.234795978655,0.128242542153,3.73766961828,0.776608239564
000852.SH,40323,2015-09-10,2015,1,19,0.0185258873634,0.0129697372797,0,2.17219405326
000852.SH,40370,2015-09-10,2015,1,20,0.0185258873634,0.0129697372797,3.87120101091,0.696561913457
000852.SH,40418,2015-09-10,2015,1,22,0.0693432249673,0.0341089752854,3.36729582999,0.684518284524
000852.SH,40490,2015-09-10,2015,1,27,0.195484640445,0.0753372588937,4.18965474203,0.572496548396
000852.SH,40513,2015-09-10,2015,1,28,0.0706950177277,0.0270465931138,1.79175946923,0.69417270353
000852.SH,40576,2015-09-11,2015,-1,19,0.351139838062,0.203815699233,2.7080502011,1.47137724029
000852.SH,40683,2015-09-11,2015,1,26,0.252508371818,0.117382433196,3.76120011569,0.757096732405
000852.SH,40743,2015-09-11,2015,-1,28,0.297230617234,0.189083388729,2.3978952728,1.20964855871
000852.SH,40786,2015-09-11,2015,1,29,0.381973848878,0.211372214781,1.60943791243,1.26444412618
000852.SH,40819,2015-09-14,2015,1,19,0.385727423852,0.31098884067,2.3978952728,1.71983502257
000852.SH,40871,2015-09-14,2015,-1,21,0.264077794442,0.145583503949,2.07944154168,0.819181849764
000852.SH,40929,2015-09-14,2015,-1,26,0.236321015246,0.132865107523,3.91202300543,1.42167069677
000852.SH,40954,2015-09-14,2015,-1,27,0.772052904127,0.435029768913,2.3978952728,1.18851717804
000852.SH,41020,2015-09-14,2015,-1,29,0.263655402906,0.159526969953,1.38629436112,0.618548057887
000852.SH,41045,2015-09-15,2015,-1,19,0.502167521629,0.293588455567,1.60943791243,2.33713516113
000852.SH,41054,2015-09-15,2015,-1,19,0.686734751842,0.488401571809,1.09861228867,2.35505857928
000852.SH,41235,2015-09-15,2015,-1,28,0.439427898744,0.274624918461,1.09861228867,0.666652922495
000852.SH,41283,2015-09-16,2015,-1,19,0.045140842463,0.0245281650999,1.09861228867,1.54872322492
000852.SH,41296,2015-09-16,2015,-1,19,0.045140842463,0.0245281650999,2.77258872224,1.67132195625
000852.SH,41301,2015-09-16,2015,1,19,0.0620298992175,0.033255505774,1.60943791243,1.72530874706
000852.SH,41344,2015-09-16,2015,1,21,0.182884286924,0.10132959768,3.43398720449,0.705374887782
000852.SH,41400,2015-09-16,2015,1,26,0.317679812408,0.155608397068,3.58351893846,0.509569281935
000852.SH,41523,2015-09-17,2015,1,19,0.0753283060467,0.0288339743442,4.26267987704,0.991643899501
000852.SH,41530,2015-09-17,2015,1,19,0.0753283060467,0.0288339743442,4.35670882669,1.18429394674
000852.SH,41546,2015-09-17,2015,1,19,0.491932619729,0.239473238873,1.60943791243,1.47187676816
000852.SH,41578,2015-09-17,2015,1,20,0.208441213783,0.147803910456,2.07944154168,1.14272563549
000852.SH,41606,2015-09-17,2015,1,21,0.182816754211,0.129808445117,2.19722457734,0.835824871302
000852.SH,41629,2015-09-17,2015,1,22,0.170365513849,0.105475661208,3.09104245336,0.644225092421
000852.SH,41676,2015-09-17,2015,1,27,0.474437565649,0.207729855165,2.48490664979,0.821083814094
000852.SH,41718,2015-09-17,2015,1,28,0.109624969962,0.0687116189545,1.79175946923,0.832095503527
000852.SH,41753,2015-09-17,2015,-1,29,0.500138338045,0.411521532962,1.09861228867,1.59914012531
000852.SH,41763,2015-09-18,2015,-1,19,0.397437823382,0.394991411265,1.09861228867,1.9837708931
000852.SH,41796,2015-09-18,2015,-1,20,0.093862528888,0.0593910159783,2.63905732962,1.00560359064
000852.SH,41848,2015-09-18,2015,-1,21,0.110646006417,0.051557226298,3.66356164613,0.666288037725
000852.SH,41947,2015-09-18,2015,1,28,0.159989240512,0.0613325566926,2.19722457734,0.894896171392
000852.SH,41995,2015-09-18,2015,1,29,0.12991349688,0.0588282904588,1.79175946923,1.00556504247
000852.SH,42053,2015-09-21,2015,1,20,0.0591571936222,0.0305925368953,3.91202300543,0.678706745229
000852.SH,42170,2015-09-21,2015,1,27,0.363664232022,0.156802077656,2.99573227355,0.61228893067
000852.SH,42266,2015-09-22,2015,1,19,0.462361344892,0.246028127521,1.60943791243,1.45173260037
000852.SH,42499,2015-09-23,2015,-1,19,0.313092397466,0.182153202202,2.48490664979,2.29228739286
000852.SH,43075,2015-09-25,2015,-1,22,0.632057511257,0.302852205941,1.09861228867,1.36707991066
000852.SH,43193,2015-09-25,2015,1,29,0.366122154675,0.153293553294,3.17805383035,1.09621224059
000852.SH,43221,2015-09-28,2015,-1,19,0.278547960459,0.142130228547,1.94591014906,1.43532121727
000852.SH,43262,2015-09-28,2015,-1,21,0.23390077717,0.13818810437,3.49650756147,0.730649009118
000852.SH,43353,2015-09-28,2015,1,27,0.272037933306,0.126290239537,2.94443897917,0.480010242828
000852.SH,43417,2015-09-28,2015,1,29,0.507598762101,0.183694566004,2.94443897917,0.852614553084
000852.SH,43443,2015-09-29,2015,1,19,0.288271153922,0.107847897795,1.09861228867,2.23110797553
000852.SH,43654,2015-09-29,2015,-1,29,0.30276176122,0.172940352749,2.99573227355,0.629555615869
000852.SH,43688,2015-09-30,2015,-1,19,0.30276176122,0.172940352749,3.98898404656,1.70503804458
000852.SH,43709,2015-09-30,2015,-1,20,0.30276176122,0.172940352749,4.31748811354,1.8470612347
000852.SH,43738,2015-09-30,2015,1,20,0.0812664944287,0.0341516751234,3.09104245336,0.705397067659
000852.SH,43768,2015-09-30,2015,1,21,0.0812664944287,0.0341516751234,3.95124371858,0.814568854204
000852.SH,43858,2015-09-30,2015,-1,27,0.0554365531633,0.0191853416491,4.26267987704,0.58680514224
000852.SH,43933,2015-10-08,2015,1,19,0.578917993212,0.357877280265,1.60943791243,2.67577195777
000852.SH,43959,2015-10-08,2015,1,20,0.614605309658,0.425770244991,3.09104245336,0.386286209315
000852.SH,44130,2015-10-08,2015,1,29,0.526525337796,0.26607486547,2.99573227355,0.244650614974
000852.SH,44223,2015-10-09,2015,1,21,0.471595425352,0.218173875055,3.89182029811,1.06427920674
000852.SH,44258,2015-10-09,2015,1,22,0.105152713674,0.0272728754707,2.63905732962,1.06535331967
000852.SH,44360,2015-10-09,2015,1,28,0.198505480739,0.0564202714579,4.39444915467,0.849884866606
000852.SH,44560,2015-10-12,2015,1,27,0.796624833373,0.35143100448,1.94591014906,1.12584421274
000852.SH,44732,2015-10-13,2015,1,22,0.124020741589,0.0717605121218,2.56494935746,0.781128960068
000852.SH,44801,2015-10-13,2015,1,27,0.276844651519,0.141576277948,3.87120101091,0.444197460235
000852.SH,44841,2015-10-13,2015,1,28,0.204373205085,0.105642854181,2.7080502011,0.747779554946
000852.SH,44877,2015-10-13,2015,1,29,0.181350811405,0.124769966875,2.63905732962,0.73276871048
000852.SH,44961,2015-10-14,2015,-1,21,0.369110104187,0.291458679978,3.63758615973,0.829900733706
000852.SH,44982,2015-10-14,2015,-1,22,0.369110104187,0.291458679978,4.07753744391,0.671492276694
000852.SH,45027,2015-10-14,2015,1,26,0.020599023118,0.0122587424189,3.25809653802,0.75836769738
000852.SH,45117,2015-10-14,2015,-1,29,0.188044047422,0.0941704035874,3.25809653802,1.05555159336
000852.SH,45148,2015-10-15,2015,-1,19,0.23395852204,0.109422318725,2.8903717579,1.55881770504
000852.SH,45297,2015-10-15,2015,1,27,0.277896935271,0.106037544394,2.56494935746,0.886707616148
000852.SH,45401,2015-10-16,2015,1,20,0.544405462649,0.290530482145,2.48490664979,1.0731204259
000852.SH,45556,2015-10-16,2015,-1,28,0.357649765327,0.190535383273,4.14313472639,0.77614812534
000852.SH,45622,2015-10-19,2015,1,19,0.242824645413,0.144351526255,1.79175946923,1.39181107847
000852.SH,45662,2015-10-19,2015,1,21,0.059491305408,0.050541688541,2.3978952728,0.976319966417
000852.SH,45739,2015-10-19,2015,1,26,0.126557601613,0.090424949845,2.83321334406,0.927077347238
000852.SH,45780,2015-10-19,2015,-1,28,0.209865417243,0.128385133184,2.94443897917,0.94679156368
000852.SH,45879,2015-10-20,2015,1,20,0.186767551323,0.100581823046,1.94591014906,1.23443975931
000852.SH,45944,2015-10-20,2015,1,22,0.29122159501,0.146431705932,3.97029191355,0.695471423181
000852.SH,46030,2015-10-20,2015,1,28,0.29122159501,0.146431705932,4.93447393313,0.892792405156
000852.SH,46065,2015-10-20,2015,1,29,0.360531000656,0.132371024383,2.56494935746,1.15810279619
000852.SH,46107,2015-10-21,2015,1,19,0.138878106779,0.0856358879459,1.60943791243,1.24257810733
000852.SH,46187,2015-10-21,2015,-1,22,0.28553300677,0.160882374075,2.7080502011,1.06863104602
000852.SH,46246,2015-10-21,2015,-1,27,0.635699054146,0.361116427432,1.38629436112,1.5955237293
000852.SH,46261,2015-10-21,2015,-1,28,0.619605197523,0.615878201015,1.60943791243,1.9866278584
000852.SH,46314,2015-10-21,2015,-1,29,0.307588796521,0.18926444994,1.79175946923,1.11161646025
000852.SH,46392,2015-10-22,2015,1,21,0.392576908672,0.238745235397,2.63905732962,0.628626552613
000852.SH,46477,2015-10-22,2015,-1,27,0.44491459783,0.269361036931,1.38629436112,0.952149663404
000852.SH,46579,2015-10-23,2015,1,19,0.28991973394,0.149877571494,1.38629436112,1.55686328372
000852.SH,46611,2015-10-23,2015,1,20,0.717634608819,0.3662549254,3.25809653802,0.701951058852
000852.SH,46658,2015-10-23,2015,1,22,0.285262575375,0.165333071523,3.295836866,0.710162069939
000852.SH,46728,2015-10-23,2015,1,27,0.114653274373,0.0920991599237,3.4657359028,0.723793037727
000852.SH,46758,2015-10-23,2015,1,28,0.485115556554,0.280054268331,1.60943791243,0.761015739276
000852.SH,46814,2015-10-26,2015,1,19,0.468587567276,0.26055539498,1.60943791243,2.03763000607
000852.SH,46972,2015-10-26,2015,1,27,0.396181437482,0.252376509746,1.79175946923,0.924452974943
000852.SH,47041,2015-10-27,2015,-1,19,0.094672299247,0.0629801742055,0,1.95345229643
000852.SH,47074,2015-10-27,2015,-1,20,0.20374978248,0.114973546852,1.60943791243,0.990092677906
000852.SH,47101,2015-10-27,2015,-1,21,0.40932484145,0.250943354098,2.19722457734,1.15659255214
000852.SH,47147,2015-10-27,2015,-1,22,0.5425777676,0.35329905257,3.68887945411,0.588370521957
000852.SH,47212,2015-10-27,2015,1,27,0.105874234377,0.0544409710227,1.60943791243,0.745992243039
000852.SH,47253,2015-10-27,2015,1,29,0.428328698898,0.300355087547,1.60943791243,0.917900508987
000852.SH,47283,2015-10-28,2015,1,19,0.183768928432,0.166377499772,1.09861228867,1.34224486998
000852.SH,47322,2015-10-28,2015,-1,20,0.0964125649467,0.083521749401,3.52636052462,0.713034791989
000852.SH,47349,2015-10-28,2015,1,21,0.0233981422182,0.0132117747045,3.25809653802,0.946984141746
000852.SH,47431,2015-10-28,2015,-1,27,0.234625793235,0.13970371561,3.09104245336,0.486895904358
000852.SH,47465,2015-10-28,2015,-1,28,0.274737357644,0.162956453818,2.7080502011,1.09171424224
000852.SH,47523,2015-10-29,2015,-1,19,0.312434062922,0.197231995154,1.09861228867,1.79620138743
000852.SH,47570,2015-10-29,2015,-1,20,0.00147875497277,0.00106170218019,3.09104245336,0.768064760203
000852.SH,47674,2015-10-29,2015,-1,27,0.115789504475,0.0519064139031,3.66356164613,0.591279803873
000852.SH,47747,2015-10-29,2015,1,29,0.253787911781,0.10344084758,3.04452243772,0.8595808834
000852.SH,47786,2015-10-30,2015,1,19,0.253787911781,0.10344084758,4.09434456222,1.73589489366
000852.SH,47855,2015-10-30,2015,-1,22,0.0493423542344,0.0201136095754,4.12713438505,0.727134800204
000852.SH,47892,2015-10-30,2015,-1,26,0.0493423542344,0.0201136095754,4.59511985013,0.853301329314
000852.SH,47907,2015-10-30,2015,-1,26,0.0493423542344,0.0201136095754,4.73619844839,0.909108230628
000852.SH,47928,2015-10-30,2015,1,27,0.0222087222676,0.00906431742317,2.48490664979,0.799243029812
000852.SH,48043,2015-11-02,2015,-1,20,0.652432674176,0.388748099341,3.68887945411,0.47312899782
000852.SH,48244,2015-11-03,2015,-1,19,0.00787023952272,0.0028442731431,1.38629436112,1.60491437005
000852.SH,48332,2015-11-03,2015,-1,22,0.252155711967,0.116760601585,3.04452243772,0.847168056257
000852.SH,48598,2015-11-04,2015,1,22,0.0513792366149,0.0174646979433,4.78749174278,0.505893913231
000852.SH,48636,2015-11-04,2015,1,27,0.447840895652,0.204615736157,2.30258509299,0.779503240863
000852.SH,48745,2015-11-05,2015,1,19,0.579250877771,0.332466865633,1.38629436112,1.75528705306
000852.SH,48858,2015-11-05,2015,-1,26,0.321688985821,0.178530582,3.52636052462,0.745082540221
000852.SH,49044,2015-11-06,2015,1,21,0.396718535765,0.13418910085,2.30258509299,0.93075266897
000852.SH,49132,2015-11-06,2015,1,27,0.522938312819,0.18171433691,3.95124371858,0.795688901496
000852.SH,49176,2015-11-06,2015,1,29,0.223665771731,0.0735082643929,2.30258509299,0.992886081151
000852.SH,49202,2015-11-09,2015,1,19,0.0860716940484,0.0649789894435,0.69314718056,1.67104984883
000852.SH,49211,2015-11-09,2015,1,19,0.0875448849256,0.0678118869625,2.07944154168,1.86900759289
000852.SH,49270,2015-11-09,2015,-1,21,0.391530844296,0.289213958407,3.55534806149,0.766017318603
000852.SH,49359,2015-11-09,2015,1,27,0.28133678168,0.166605106697,1.60943791243,0.722359547827
000852.SH,49443,2015-11-10,2015,1,19,0.335352722693,0.190491591203,1.09861228867,1.65732616576
000852.SH,49468,2015-11-10,2015,1,19,0.0782164071886,0.0454934077307,3.21887582487,2.05366474058
000852.SH,49512,2015-11-10,2015,1,21,0.0782164071886,0.0454934077307,4.2341065046,0.79135557561
000852.SH,49588,2015-11-10,2015,1,26,0.25476360729,0.116073928871,3.97029191355,1.12849696354
000852.SH,49690,2015-11-11,2015,1,19,0.0343474179094,0.014846005028,1.38629436112,1.14590951429
000852.SH,49715,2015-11-11,2015,1,20,0.0489780092952,0.0364572255073,1.94591014906,1.27168768841
000852.SH,49761,2015-11-11,2015,1,21,0.114161891919,0.0925635711036,1.79175946923,0.881606699101
000852.SH,49857,2015-11-11,2015,1,27,0.234562400728,0.128536353381,2.56494935746,1.16794833575
000852.SH,49915,2015-11-11,2015,1,29,0.303349857197,0.144750338489,3.95124371858,0.921249431546
000852.SH,49944,2015-11-12,2015,1,19,0.303349857197,0.144750338489,4.39444915467,1.67750655172
000852.SH,50163,2015-11-13,2015,1,19,0.286441049612,0.127642046502,2.3978952728,2.1378238099
000852.SH,50248,2015-11-13,2015,-1,21,0.437271463148,0.255616308095,2.94443897917,1.36060280217
000852.SH,50449,2015-11-16,2015,-1,20,0.460724497732,0.313176634053,3.82864139649,0.515200830701
000852.SH,50646,2015-11-17,2015,1,19,0.619449370427,0.234349041112,4.18965474203,2.30606590879
000852.SH,50673,2015-11-17,2015,1,20,0.656022560267,0.410750718241,1.94591014906,0.780963592589
000852.SH,51112,2015-11-18,2015,-1,29,0.395835671518,0.180669635494,3.04452243772,0.899477843883
000852.SH,51134,2015-11-19,2015,-1,19,0.393421554044,0.222668675707,2.63905732962,1.60262471627
000852.SH,51321,2015-11-19,2015,1,28,0.0281900218339,0.0134947609758,4.15888308336,0.855594118538
000852.SH,51426,2015-11-20,2015,1,21,0.555050017341,0.242748666869,2.3978952728,1.14384496885
000852.SH,51531,2015-11-20,2015,1,27,0.647791677677,0.281186361026,4.56434819147,0.847890141954
000852.SH,51556,2015-11-20,2015,1,28,0.647791677677,0.281186361026,4.7957905456,0.847321187611
000852.SH,51650,2015-11-23,2015,1,20,0.27895853654,0.103827614184,3.98898404656,0.962812022401
000852.SH,51748,2015-11-23,2015,1,26,0.235656502816,0.0749830163043,2.77258872224,0.962327859738
000852.SH,51793,2015-11-23,2015,1,28,0.235656502816,0.0749830163043,4.11087386417,1.41967749111
000852.SH,51816,2015-11-23,2015,-1,29,0.0701203332766,0.0227645237662,2.07944154168,1.55941909685
000852.SH,51846,2015-11-24,2015,-1,19,0.425481319819,0.175226127184,3.36729582999,1.22595198118
000852.SH,51912,2015-11-24,2015,-1,21,0.425481319819,0.175226127184,4.5538768916,0.659358303471
000852.SH,51971,2015-11-24,2015,-1,26,0.434797325505,0.128801556032,3.80666248977,0.479123921556
000852.SH,52126,2015-11-25,2015,1,20,0.400788655346,0.200401069519,4.20469261939,1.09033573975
000852.SH,52192,2015-11-25,2015,1,22,0.400788655346,0.200401069519,4.89034912822,0.937782321959
000852.SH,52289,2015-11-25,2015,1,29,0.400788655346,0.200401069519,5.43807930892,1.10704747239
000852.SH,52349,2015-11-26,2015,1,20,0.650166394405,0.217325871826,2.48490664979,1.94384035155
000852.SH,52511,2015-11-26,2015,1,28,0.0441074873936,0.0149428357051,1.79175946923,1.36798940162
000852.SH,52534,2015-11-26,2015,1,29,0.0441074873936,0.0149428357051,3.36729582999,1.64672928069
000852.SH,52606,2015-11-27,2015,-1,20,0.333944087966,0.122009057519,2.77258872224,0.995093008581
000852.SH,52701,2015-11-27,2015,-1,26,0.380570385255,0.133866835141,4.11087386417,0.866919752661
000852.SH,52717,2015-11-27,2015,-1,27,0.518050738636,0.270465497956,1.38629436112,1.38945168847
000852.SH,52747,2015-11-27,2015,-1,28,0.548478842053,0.273842058026,2.48490664979,1.22572786769
000852.SH,52763,2015-11-27,2015,-1,28,0.538544758696,0.338908865635,1.60943791243,1.64204793393
000852.SH,52804,2015-11-30,2015,-1,19,0.294061792277,0.231373408589,2.3978952728,1.58530672885
000852.SH,52893,2015-11-30,2015,-1,22,0.340931112074,0.275397661143,2.8903717579,0.585454152312
000852.SH,52904,2015-11-30,2015,-1,22,0.340931112074,0.275397661143,3.36729582999,1.03241732129
000852.SH,52931,2015-11-30,2015,-1,26,0.340931112074,0.275397661143,4.02535169074,0.81336561848
000852.SH,52955,2015-11-30,2015,-1,27,0.709229178723,0.43251454366,2.56494935746,1.24906241568
000852.SH,53015,2015-11-30,2015,1,29,0.500554806338,0.375215296021,1.60943791243,0.944071352792
000852.SH,53045,2015-12-01,2015,1,19,0.00409071757126,0.00248120849449,1.38629436112,0.752915971633
000852.SH,53054,2015-12-01,2015,1,19,0.00409071757126,0.00248120849449,2.56494935746,0.878801294063
000852.SH,53071,2015-12-01,2015,-1,20,0.0647842139094,0.0271422481171,2.3978952728,0.818122482976
000852.SH,53094,2015-12-01,2015,-1,20,0.0647842139094,0.0271422481171,3.52636052462,0.550683517149
000852.SH,53128,2015-12-01,2015,1,21,0.234508697119,0.0853392964148,2.48490664979,0.633457667204
000852.SH,53236,2015-12-01,2015,1,28,0.0970835433113,0.0398730207493,2.48490664979,1.07905895816
000852.SH,53281,2015-12-02,2015,-1,19,0.211769276034,0.105445854436,2.99573227355,1.11508176707
000852.SH,53326,2015-12-02,2015,-1,20,0.129070669579,0.0724979178939,2.99573227355,1.07988695104
000852.SH,53370,2015-12-02,2015,-1,22,0.555647499322,0.379695722399,1.60943791243,1.50966086664
000852.SH,53606,2015-12-03,2015,1,21,0.513186073836,0.231580466178,2.8903717579,0.743908916548
000852.SH,53723,2015-12-03,2015,1,28,0.214026622912,0.088852147423,1.60943791243,1.1056247838
000852.SH,53763,2015-12-04,2015,1,19,0.419559391128,0.191040043181,3.4657359028,1.42120696659
000852.SH,53788,2015-12-04,2015,1,19,0.419559391128,0.191040043181,4.04305126783,1.86934122017
000852.SH,53816,2015-12-04,2015,1,20,0.419559391128,0.191040043181,4.44265125649,0.940941232716
000852.SH,53879,2015-12-04,2015,1,23,0.434381030997,0.135100620899,3.33220451018,0.997664937853
000852.SH,54155,2015-12-07,2015,1,27,0.181315385468,0.0792972733745,4.77912349311,0.640900385572
000852.SH,54244,2015-12-08,2015,1,19,0.0496398110774,0.0194129035634,1.38629436112,1.99979688847
000852.SH,54327,2015-12-08,2015,-1,21,0.294479588869,0.118258530023,2.8903717579,1.01777152291
000852.SH,54494,2015-12-09,2015,-1,19,0.0767490739136,0.028329950791,2.07944154168,1.53722440782
000852.SH,54530,2015-12-09,2015,-1,20,0.130847301207,0.103209780332,2.77258872224,1.03384751497
000852.SH,54675,2015-12-09,2015,-1,28,0.142853760084,0.0711774275369,2.30258509299,1.10131695514
000852.SH,54919,2015-12-10,2015,1,28,0.231777908362,0.0795226528673,2.63905732962,1.16042327495
000852.SH,54943,2015-12-10,2015,1,29,0.231777908362,0.0795226528673,3.63758615973,1.4574323341
000852.SH,55041,2015-12-11,2015,-1,21,0.256828765034,0.0808051889074,2.3978952728,0.62731087856
000852.SH,55093,2015-12-11,2015,-1,26,0.15293152028,0.103728070175,3.13549421593,0.599724418217
000852.SH,55154,2015-12-11,2015,-1,28,0.15293152028,0.103728070175,4.43081679884,0.844306892775
000852.SH,55220,2015-12-14,2015,-1,19,0.254363624756,0.102981127975,2.3978952728,2.24108167882
000852.SH,55497,2015-12-15,2015,1,20,0.0376693560119,0.0157473348963,5.35658627467,0.95645225009
000852.SH,55636,2015-12-15,2015,1,28,0.670067048427,0.253391101483,2.63905732962,1.16529927824
000852.SH,55882,2015-12-16,2015,1,28,0.425484232321,0.121815166591,1.94591014906,1.26627085529
000852.SH,55995,2015-12-17,2015,1,21,0.359787423125,0.110809703167,4.5538768916,0.568089994439
000852.SH,56100,2015-12-17,2015,1,28,0.359787423125,0.110809703167,5.29831736655,0.504210256592
000852.SH,56138,2015-12-17,2015,1,29,0.359787423125,0.110809703167,5.47227067367,0.570064486894
000852.SH,56233,2015-12-18,2015,1,21,0.576759681614,0.198768522999,2.63905732962,1.49380850613
000852.SH,56761,2015-12-22,2015,1,26,0.360804911117,0.116046728114,3.21887582487,1.04848519082
000852.SH,56857,2015-12-22,2015,1,29,0.276957211399,0.0760386227925,4.2341065046,0.923416902882
000852.SH,56935,2015-12-23,2015,1,20,0.298993311313,0.0866348245128,2.56494935746,1.34483618623
000852.SH,57157,2015-12-24,2015,-1,20,0.105832844082,0.0393522633612,4.1743872699,1.41594598178
000852.SH,57230,2015-12-24,2015,-1,22,0.588347053664,0.262136986301,3.295836866,0.876968748062
000852.SH,57744,2015-12-28,2015,1,26,0.303184482958,0.126165806378,2.8903717579,0.892836366247
000852.SH,57758,2015-12-28,2015,1,27,0.303184482958,0.126165806378,3.4657359028,1.55499459228
000852.SH,57807,2015-12-28,2015,-1,28,0.174221587855,0.0731298111718,2.83321334406,1.33531485062
000852.SH,57833,2015-12-28,2015,-1,29,0.421773304932,0.209479288705,2.7080502011,1.0516220777
000852.SH,57867,2015-12-29,2015,-1,19,0.421773304932,0.209479288705,3.89182029811,1.15583367785
000852.SH,57912,2015-12-29,2015,-1,21,0.384468668969,0.181147471927,2.94443897917,0.697644455221
000852.SH,58240,2015-12-30,2015,1,27,0.511062550548,0.226641344434,2.48490664979,1.01502594967
000852.SH,58374,2015-12-31,2015,1,20,0.536024788255,0.199585444934,4.77912349311,1.15747826505
000852.SH,58453,2015-12-31,2015,1,26,0.277693943921,0.103163249086,4.21950770518,1.37173917011
000852.SH,58513,2015-12-31,2015,-1,28,0.130226636988,0.048121867712,3.49650756147,0.91348141208
000852.SH,58593,2016-01-04,2016,-1,20,0.248627430221,0.0909616620261,3.87120101091,1.80110607136
000852.SH,58614,2016-01-04,2016,-1,20,0.72600155132,0.472785672146,1.79175946923,2.03368255024
000852.SH,58713,2016-01-05,2016,-1,19,0.678157043521,0.510167854439,2.07944154168,2.64778189407
000852.SH,58905,2016-01-05,2016,-1,28,0.442061614584,0.279564450159,1.79175946923,0.631082003544
000852.SH,58931,2016-01-05,2016,1,29,0.0651186105978,0.0459174351627,1.38629436112,0.552277900191
000852.SH,58964,2016-01-06,2016,1,19,0.701569202575,0.49747347145,3.04452243772,1.21302479302
000852.SH,59016,2016-01-06,2016,1,21,0.522237982977,0.25113730699,3.52636052462,0.645201793816
000852.SH,59125,2016-01-06,2016,1,28,0.014265230298,0.0059646416822,4.44265125649,0.597201960359
000852.SH,59173,2016-01-06,2016,1,29,0.014265230298,0.0059646416822,4.89034912822,0.616828533854
000852.SH,59187,2016-01-07,2016,1,19,0.17159212696,0.0642470678207,1.38629436112,2.50208501081
000852.SH,59204,2016-01-08,2016,-1,19,0.48812738924,0.461552714471,0,2.64149121871
000852.SH,59226,2016-01-08,2016,-1,19,0.388580115675,0.366376719352,0,2.24119896386
000852.SH,59237,2016-01-08,2016,1,20,0.39394849756,0.397101449275,1.38629436112,1.64871642408
000852.SH,59270,2016-01-08,2016,1,21,0.442910393159,0.436869578869,2.56494935746,0.479920980773
000852.SH,59338,2016-01-08,2016,1,26,0.0418970686546,0.0274215370543,3.63758615973,0.280131186572
000852.SH,59378,2016-01-08,2016,1,27,0.27811986605,0.149255612988,2.83321334406,0.357042513271
000852.SH,59447,2016-01-11,2016,-1,19,0.674400994078,0.560641866768,1.38629436112,1.90005676261
000852.SH,59564,2016-01-11,2016,-1,26,0.671476282632,0.470544031038,2.56494935746,0.835458500418
000852.SH,59588,2016-01-11,2016,-1,26,0.522869581479,0.370966197453,2.30258509299,0.556837703093
000852.SH,59609,2016-01-11,2016,-1,27,0.208541532593,0.116420727522,2.83321334406,0.692444760859
000852.SH,59659,2016-01-11,2016,-1,29,0.278211074467,0.219917669411,2.94443897917,0.520688476933
000852.SH,59674,2016-01-11,2016,-1,29,0.278211074467,0.219917669411,3.52636052462,0.500992718181
000852.SH,59697,2016-01-12,2016,-1,19,0.725084320161,0.451554244993,1.60943791243,1.73218737468
000852.SH,59760,2016-01-12,2016,-1,21,0.427774284793,0.339592320054,1.60943791243,0.93296370111
000852.SH,59865,2016-01-12,2016,1,28,0.240678746661,0.122521273007,1.79175946923,0.694376260007
000852.SH,59996,2016-01-13,2016,1,21,0.255110990865,0.151719271234,2.48490664979,0.604763886893
000852.SH,60065,2016-01-13,2016,-1,26,0.41231562287,0.193419222162,2.30258509299,1.19993867425
000852.SH,60137,2016-01-13,2016,-1,29,0.393723982109,0.32334020361,1.38629436112,1.44628571441
000852.SH,60156,2016-01-13,2016,-1,29,0.464218081572,0.310574962261,2.3978952728,1.62235405859
000852.SH,60165,2016-01-14,2016,-1,19,0.760258850905,0.563741937251,1.09861228867,2.44641237843
000852.SH,60331,2016-01-14,2016,1,27,0.518973528008,0.301647669191,1.38629436112,0.683877893026
000852.SH,60371,2016-01-14,2016,1,29,0.303820790456,0.200497293377,2.56494935746,0.512709246746
000852.SH,60404,2016-01-15,2016,1,19,0.0228885373114,0.0156236103288,0,1.35055148154
000852.SH,60449,2016-01-15,2016,1,20,0.108422836023,0.0508505578928,1.60943791243,0.845606418104
000852.SH,60536,2016-01-15,2016,-1,26,0.0825315124814,0.0347604255245,2.99573227355,1.01354143167
000852.SH,60567,2016-01-15,2016,-1,27,0.366428509276,0.28001704606,2.77258872224,1.23770796766
000852.SH,60612,2016-01-15,2016,-1,29,0.349474787739,0.249495944108,1.60943791243,1.05777794484
000852.SH,60646,2016-01-18,2016,-1,19,0.493468244645,0.490924401198,1.09861228867,1.82033311341
000852.SH,60667,2016-01-18,2016,1,19,0.192359014602,0.150600879336,1.38629436112,2.00554022304
000852.SH,60718,2016-01-18,2016,1,21,0.133260813254,0.0869529918,3.09104245336,0.623406861344
000852.SH,60743,2016-01-18,2016,-1,22,0.163779973509,0.0773859194519,3.17805383035,0.460589724212
000852.SH,60814,2016-01-18,2016,1,27,0.626282393839,0.406621322626,2.3978952728,0.556954692194
000852.SH,60924,2016-01-19,2016,-1,20,0.0697364195179,0.0353880457455,3.17805383035,0.882533980485
000852.SH,61057,2016-01-19,2016,1,27,0.047363756838,0.0218307703177,4.48863636973,0.808781526141
000852.SH,61095,2016-01-19,2016,1,29,0.047363756838,0.0218307703177,4.84418708646,0.716664486967
000852.SH,61124,2016-01-20,2016,1,19,0.590806544948,0.240574225802,1.09861228867,1.62783211418
000852.SH,61189,2016-01-20,2016,1,21,0.264529766421,0.14821168755,2.7080502011,0.812509667674
000852.SH,61271,2016-01-20,2016,-1,27,0.327205044766,0.249590997965,2.3978952728,1.0600941914
000852.SH,61329,2016-01-20,2016,1,28,0.235445863735,0.163550466429,2.8903717579,0.823283617533
000852.SH,61382,2016-01-21,2016,-1,19,0.373633412406,0.271574338001,2.56494935746,2.14147436407
000852.SH,61534,2016-01-21,2016,-1,27,0.151103333329,0.0722278738555,1.60943791243,0.967752966486
000852.SH,61557,2016-01-21,2016,-1,28,0.112568659372,0.0959183673469,1.94591014906,0.747556330005
000852.SH,61582,2016-01-21,2016,-1,29,0.0311930085489,0.0294422898345,3.09104245336,0.675433282607
000852.SH,61594,2016-01-21,2016,-1,29,0.0311930085489,0.0294422898345,3.52636052462,0.940889460838
000852.SH,61603,2016-01-22,2016,-1,19,0.55999982952,0.347466114709,0.69314718056,2.09258127249
000852.SH,61633,2016-01-22,2016,-1,20,0.345219417634,0.23238514731,3.40119738166,0.999522790041
000852.SH,61657,2016-01-22,2016,-1,20,0.13550479805,0.0740558096825,2.94443897917,0.782473799813
000852.SH,61755,2016-01-22,2016,-1,27,0.320412242918,0.177542882461,3.78418963392,0.597470249408
000852.SH,61816,2016-01-22,2016,1,29,0.158800274332,0.0769217586523,2.8903717579,0.652271179802
000852.SH,61861,2016-01-25,2016,1,19,0.543864756248,0.249539035674,3.80666248977,1.57761983106
000852.SH,61907,2016-01-25,2016,1,21,0.353746420381,0.126823209322,2.30258509299,0.53965772364
000852.SH,62008,2016-01-25,2016,1,27,0.243109019315,0.133528822772,3.49650756147,0.564616715446
000852.SH,62114,2016-01-26,2016,-1,20,0.315471874136,0.181221198157,1.94591014906,1.08903900263
000852.SH,62222,2016-01-26,2016,-1,26,0.288151047977,0.114262290882,3.4657359028,1.05123268231
000852.SH,62238,2016-01-26,2016,-1,27,0.392084736101,0.155672169546,2.3978952728,0.916654770028
000852.SH,62270,2016-01-26,2016,-1,28,0.388214695411,0.28163429877,2.77258872224,1.02385593106
000852.SH,62296,2016-01-26,2016,-1,29,0.457492145357,0.336397017413,1.94591014906,1.10666570145
000852.SH,62314,2016-01-26,2016,-1,29,0.618678994717,0.507142265079,2.83321334406,0.980806797466
000852.SH,62337,2016-01-27,2016,-1,19,0.505355524635,0.372961843722,2.19722457734,1.6716127739
000852.SH,62356,2016-01-27,2016,-1,20,0.318842727185,0.277532425271,1.38629436112,1.50126337012
000852.SH,62372,2016-01-27,2016,-1,20,0.422286517814,0.42002193326,2.30258509299,1.44813437736
000852.SH,62390,2016-01-27,2016,-1,21,0.422286517814,0.42002193326,3.33220451018,1.00630233775
000852.SH,62432,2016-01-27,2016,-1,22,0.440813427125,0.366745482182,1.94591014906,0.750207116188
000852.SH,62463,2016-01-27,2016,-1,26,0.617028105775,0.533285993254,2.3978952728,1.15104554505
000852.SH,62507,2016-01-27,2016,1,28,0.205635179411,0.175971077854,1.79175946923,0.838924480881
000852.SH,62537,2016-01-27,2016,1,29,0.475995347799,0.364662588891,1.38629436112,1.27989970217
000852.SH,62804,2016-01-29,2016,-1,19,0.298457987091,0.196964418256,2.56494935746,1.22328530665
000852.SH,62922,2016-01-29,2016,1,26,0.393995356407,0.221332357454,2.83321334406,0.56416561253
000852.SH,62967,2016-01-29,2016,1,27,0.615047127833,0.288693803746,3.52636052462,0.591300254438
000852.SH,62996,2016-01-29,2016,1,28,0.615047127833,0.288693803746,4.14313472639,0.604693061501
000852.SH,63017,2016-01-29,2016,1,29,0.615047127833,0.288693803746,4.43081679884,0.726446966818
000852.SH,63044,2016-02-01,2016,1,19,0.511116345238,0.198118095131,2.48490664979,1.12725424916
000852.SH,63241,2016-02-01,2016,-1,28,0.199316802586,0.0851283487025,3.13549421593,1.04698113569
000852.SH,63484,2016-02-02,2016,1,28,0.349096203126,0.149782652881,2.3978952728,0.804920105976
000852.SH,63900,2016-02-04,2016,1,26,0.559198569486,0.261397841568,3.66356164613,0.554382876028
000852.SH,63992,2016-02-04,2016,-1,29,0.0829696469015,0.0628788278079,3.58351893846,0.692793614928
000852.SH,64033,2016-02-05,2016,1,20,0.180777378221,0.0781967065599,2.30258509299,1.3684134101
000852.SH,64088,2016-02-05,2016,1,21,0.180777378221,0.0781967065599,4.1743872699,1.19762000947
000852.SH,64225,2016-02-05,2016,-1,29,0.107991453531,0.0430869861059,2.19722457734,1.14290683843
000852.SH,64257,2016-02-15,2016,-1,19,0.706412022061,0.590156077434,2.19722457734,2.68697480007
000852.SH,64654,2016-02-16,2016,1,27,0.722276389142,0.355828618322,2.48490664979,0.55477762925
000852.SH,64693,2016-02-16,2016,1,29,0.755440321771,0.360717049265,3.09104245336,0.563577133687
000852.SH,64763,2016-02-17,2016,1,20,0.441677409819,0.185709808837,2.07944154168,1.35599771726
000852.SH,64935,2016-02-17,2016,1,29,0.0189812438858,0.006219716735,4.29045944115,0.935132632481
000852.SH,64978,2016-02-18,2016,1,19,0.0189812438858,0.006219716735,4.75359019111,1.98051517649
000852.SH,65025,2016-02-18,2016,1,21,0.317841296347,0.110671207368,3.40119738166,0.946570204861
000852.SH,65410,2016-02-19,2016,1,29,0.208145038376,0.118645584058,3.04452243772,0.922420708268
000852.SH,65471,2016-02-22,2016,1,20,0.253216404693,0.182342784442,3.09104245336,2.42924503492
000852.SH,65647,2016-02-22,2016,1,28,0.199886958393,0.0615674124199,3.09104245336,0.380780773934
000852.SH,65718,2016-02-23,2016,1,20,0.19549873369,0.108283342423,2.30258509299,1.61606769426
000852.SH,65820,2016-02-23,2016,1,26,0.19549873369,0.108283342423,4.7184988713,1.1068013635
000852.SH,65889,2016-02-23,2016,-1,28,0.30598410445,0.0969576692514,2.30258509299,1.45610970764
000852.SH,66178,2016-02-25,2016,1,19,0.141044787104,0.065639262027,2.48490664979,1.44022075295
000852.SH,66229,2016-02-25,2016,1,21,0.141044787104,0.065639262027,4.14313472639,1.1946203563
000852.SH,66309,2016-02-25,2016,-1,26,0.696111250356,0.465565173438,2.3978952728,1.30391529784
000852.SH,66404,2016-02-26,2016,-1,19,0.425088461867,0.291136125977,0,1.61504653103
000852.SH,66436,2016-02-26,2016,-1,20,0.203069808508,0.150790240176,2.7080502011,1.26358543538
000852.SH,66554,2016-02-26,2016,-1,27,0.436390132716,0.304026521169,3.04452243772,0.957923916764
000852.SH,66620,2016-02-26,2016,1,29,0.134439747718,0.0762660460741,2.30258509299,0.67441214894
000852.SH,66665,2016-02-29,2016,-1,19,0.799035095877,0.659096921513,1.38629436112,1.96491981337
000852.SH,66686,2016-02-29,2016,-1,20,0.347447469748,0.345448798989,2.56494935746,1.48826173552
000852.SH,66775,2016-02-29,2016,1,26,0.272279502147,0.160182777511,2.99573227355,0.386177153371
000852.SH,66825,2016-02-29,2016,-1,28,0.155891507672,0.09158833865,2.19722457734,0.563457567476
000852.SH,66867,2016-02-29,2016,-1,29,0.0815919179111,0.0591373126092,2.19722457734,0.526420947599
000852.SH,66902,2016-03-01,2016,1,19,0.0691907421885,0.0652835107539,1.60943791243,1.33344234872
000852.SH,66943,2016-03-01,2016,1,21,0.225662948259,0.17130126248,1.60943791243,0.875398694195
000852.SH,66978,2016-03-01,2016,1,22,0.225662948259,0.17130126248,3.68887945411,0.904565533506
000852.SH,67125,2016-03-02,2016,1,19,0.452928135793,0.285515512379,3.09104245336,0.728348937803
000852.SH,67157,2016-03-02,2016,1,20,0.656589209353,0.397620241877,3.04452243772,0.998897470008
000852.SH,67197,2016-03-02,2016,1,21,0.12700994687,0.0516228605653,2.30258509299,0.631032026664
000852.SH,67322,2016-03-02,2016,1,28,0.667168187068,0.388205233634,2.48490664979,1.05504325835
000852.SH,67387,2016-03-03,2016,1,19,0.676127848333,0.413070669168,4.1743872699,1.43382204712
000852.SH,67415,2016-03-03,2016,1,20,0.468913370362,0.207769085514,1.79175946923,0.986023026041
000852.SH,67458,2016-03-03,2016,1,22,0.381594522009,0.268759978712,2.8903717579,1.06958617428
000852.SH,67576,2016-03-03,2016,-1,29,0.017148171555,0.00933978835526,1.94591014906,1.18308114637
000852.SH,67615,2016-03-04,2016,-1,19,0.342439794607,0.23028119129,1.79175946923,1.47616474438
000852.SH,67664,2016-03-04,2016,-1,21,0.222046820957,0.160307343054,3.17805383035,0.757706777372
000852.SH,67752,2016-03-04,2016,-1,27,0.640875401536,0.322398213652,2.56494935746,1.51712030441
000852.SH,68102,2016-03-08,2016,-1,19,0.564268949106,0.384482500872,1.38629436112,2.19838134858
000852.SH,68269,2016-03-08,2016,1,28,0.589599909676,0.275654958651,3.04452243772,0.802991986723
000852.SH,68303,2016-03-08,2016,1,29,0.589599909676,0.275654958651,4.00733318523,0.683083402989
000852.SH,68354,2016-03-09,2016,-1,20,0.187657923344,0.10552906047,3.21887582487,0.68020053225
000852.SH,68635,2016-03-10,2016,-1,21,0.376537532963,0.259680148115,3.49650756147,0.662383057762
000852.SH,68819,2016-03-11,2016,-1,19,0.391821745305,0.197304025745,2.30258509299,2.19050897751
000852.SH,68981,2016-03-11,2016,1,28,0.223990843157,0.121062180439,3.09104245336,0.447135579932
000852.SH,69046,2016-03-14,2016,1,19,0.169886240914,0.0653423643918,3.25809653802,2.17748623994
000852.SH,69203,2016-03-14,2016,1,27,0.169886240914,0.0653423643918,5.20948615284,0.335708716622
000852.SH,69284,2016-03-15,2016,1,19,0.57391941216,0.231244347385,3.87120101091,1.41103078394
000852.SH,69907,2016-03-17,2016,1,26,0.196755499902,0.0907787679194,3.68887945411,1.07964250147
000852.SH,69984,2016-03-17,2016,1,29,0.465369653519,0.252811230144,2.3978952728,0.684399010141
000852.SH,70081,2016-03-18,2016,1,21,0.645593627086,0.360948174729,4.38202663467,0.714356421414
000852.SH,70159,2016-03-18,2016,1,27,0.729564782072,0.375254115214,2.19722457734,0.690741526514
000852.SH,70296,2016-03-21,2016,1,20,0.457258448632,0.230906346059,2.07944154168,0.581757180176
000852.SH,70382,2016-03-21,2016,1,26,0.219940053247,0.161323722671,2.3978952728,0.354211824451
000852.SH,70485,2016-03-22,2016,1,19,0.199559414348,0.0872673434856,1.38629436112,2.40895219217
000852.SH,70573,2016-03-22,2016,1,22,0.130328449408,0.0756380120887,2.7080502011,0.627366503613
000852.SH,70689,2016-03-22,2016,1,28,0.347642670441,0.135931769723,4.06044301055,0.494880082177
000852.SH,70795,2016-03-23,2016,-1,21,0.147955791226,0.107996120956,3.09104245336,0.799598520678
000852.SH,70833,2016-03-23,2016,-1,22,0.147955791226,0.107996120956,4.09434456222,0.715867514661
000852.SH,70860,2016-03-23,2016,1,26,0.0511650611556,0.0260707635009,2.99573227355,1.04038107728
000852.SH,70928,2016-03-23,2016,-1,28,0.0134205247004,0.00729852498341,2.7080502011,0.987196051666
000852.SH,70972,2016-03-24,2016,1,19,0.146115743608,0.0637314852561,2.3978952728,2.31811706376
000852.SH,71031,2016-03-24,2016,-1,21,0.0479658524269,0.0224644710302,3.98898404656,0.536796842489
000852.SH,71161,2016-03-24,2016,1,28,0.262732043599,0.150305188199,4.29045944115,0.527549148469
000852.SH,71190,2016-03-24,2016,1,29,0.14205865854,0.069101840794,2.83321334406,0.909050170336
000852.SH,71216,2016-03-25,2016,-1,19,0.140616043572,0.0608225472068,2.07944154168,1.30539838446
000852.SH,71242,2016-03-25,2016,-1,20,0.0784236356204,0.0667280863385,2.30258509299,1.171515455
000852.SH,71353,2016-03-25,2016,-1,27,0.170200645739,0.0785701487189,3.4657359028,0.566713560923
000852.SH,71413,2016-03-25,2016,-1,29,0.0926310503685,0.0513150004283,2.3978952728,0.956041686489
000852.SH,71485,2016-03-28,2016,1,20,0.428701931073,0.243406766208,2.30258509299,0.71433302003
000852.SH,71623,2016-03-28,2016,-1,28,0.292866233612,0.139615909914,2.48490664979,0.698777147253
000852.SH,71649,2016-03-28,2016,-1,28,0.305315628848,0.157585841779,3.21887582487,0.935178828229
000852.SH,71670,2016-03-28,2016,-1,29,0.305315628848,0.157585841779,3.82864139649,1.15242485924
000852.SH,71734,2016-03-29,2016,-1,20,0.665007817244,0.321260260946,3.43398720449,0.88738595715
000852.SH,71845,2016-03-29,2016,-1,27,0.288553648268,0.148986745701,3.25809653802,0.943766862433
000852.SH,71987,2016-03-30,2016,1,21,0.0233518319547,0.011214074671,4.33073334029,0.41870799154
000852.SH,72186,2016-03-31,2016,1,19,0.54057887937,0.265282039179,4.89034912822,1.87215102677
000852.SH,72257,2016-03-31,2016,1,22,0.62697112375,0.252612785229,2.30258509299,0.977892099435
000852.SH,72343,2016-03-31,2016,1,28,0.170079069893,0.0826729745713,3.295836866,0.995529696969
000852.SH,72361,2016-03-31,2016,1,28,0.170079069893,0.0826729745713,3.80666248977,1.08627086096
000852.SH,72385,2016-03-31,2016,-1,29,0.0261630506922,0.0135060756171,2.30258509299,1.11057274872
000852.SH,72415,2016-04-01,2016,-1,19,0.360661467387,0.172806723556,2.63905732962,1.89567817367
000852.SH,72439,2016-04-01,2016,-1,20,0.360661467387,0.172806723556,3.63758615973,1.06618245009
000852.SH,72462,2016-04-01,2016,-1,21,0.360661467387,0.172806723556,4.11087386417,0.89824867738
000852.SH,72494,2016-04-01,2016,-1,22,0.360661467387,0.172806723556,4.53259949315,0.712529185005
000852.SH,72557,2016-04-01,2016,-1,27,0.59781551554,0.18292128175,2.19722457734,0.609651016944
000852.SH,72727,2016-04-05,2016,1,21,0.514840283298,0.197122424897,3.73766961828,0.727242587606
000852.SH,72841,2016-04-05,2016,1,28,0.514840283298,0.197122424897,5.04985600725,0.563193965829
000852.SH,72875,2016-04-05,2016,1,29,0.514840283298,0.197122424897,5.24702407216,0.807863777117
000852.SH,72903,2016-04-06,2016,1,19,0.514840283298,0.197122424897,5.38449506279,1.92001303266
000852.SH,72945,2016-04-06,2016,1,21,0.651984023901,0.23141927501,2.30258509299,0.992026283194
000852.SH,73129,2016-04-07,2016,-1,19,0.229786682968,0.104352803564,4.06044301055,1.48022554829
000852.SH,73157,2016-04-07,2016,1,20,0.144072324863,0.0757803834575,2.7080502011,1.28127378857
000852.SH,73200,2016-04-07,2016,1,21,0.144072324863,0.0757803834575,4.06044301055,1.17268040711
000852.SH,73219,2016-04-07,2016,1,22,0.144072324863,0.0757803834575,4.34380542185,1.01410102329
000852.SH,73269,2016-04-07,2016,-1,26,0.0840644827288,0.0313550600343,3.78418963392,0.585122373885
000852.SH,73390,2016-04-08,2016,-1,20,0.103206234919,0.0364955587128,4.09434456222,2.19948167626
000852.SH,73523,2016-04-08,2016,-1,27,0.0647275003628,0.030509759333,4.00733318523,0.413320386944
000852.SH,73566,2016-04-08,2016,1,28,0.000978552501706,0.000562294160176,3.73766961828,0.709967300414
000852.SH,73824,2016-04-11,2016,1,29,0.404314981909,0.200030837726,2.56494935746,0.446923096865
000852.SH,74322,2016-04-14,2016,1,19,0.532014654702,0.237511505313,0,2.14506827475
000852.SH,74613,2016-04-15,2016,1,20,0.224119406134,0.0635480921685,3.13549421593,1.46395000189
000852.SH,74782,2016-04-15,2016,1,29,0.0224472946206,0.00779623658108,2.7080502011,1.2489864321
000852.SH,75036,2016-04-18,2016,-1,29,0.434563786153,0.109652342186,3.85014760171,0.458849062666
000852.SH,75419,2016-04-20,2016,-1,26,0.694072448203,0.417405461169,1.60943791243,2.00555544689
000852.SH,75787,2016-04-22,2016,-1,19,0.484569631402,0.301356906399,2.8903717579,2.14034857237
000852.SH,76093,2016-04-25,2016,-1,22,0.375771903235,0.20140629953,3.21887582487,0.915277489933
000852.SH,76167,2016-04-25,2016,-1,27,0.29758339558,0.115284943297,4.11087386417,0.534965572449
000852.SH,76343,2016-04-26,2016,1,22,0.287607648788,0.100205775589,3.58351893846,0.892883440675
000852.SH,76513,2016-04-27,2016,1,20,0.336559506603,0.0905474877106,4.26267987704,1.24166238527
000852.SH,76633,2016-04-27,2016,1,27,0.395139374486,0.130312107055,3.17805383035,0.621156135423
000852.SH,76836,2016-04-28,2016,1,22,0.395139374486,0.130312107055,5.42495001748,1.39242523293
000852.SH,76899,2016-04-28,2016,-1,27,0.139521762258,0.0431848198815,3.4657359028,0.849800047051
000852.SH,77561,2016-05-04,2016,1,26,0.610971039121,0.235821540456,2.7080502011,0.931525503721
000852.SH,77697,2016-05-05,2016,1,19,0.179365230086,0.0737043229042,3.7135720667,1.4569320232
000852.SH,77802,2016-05-05,2016,1,26,0.179365230086,0.0737043229042,4.98360662171,0.881966513449
000852.SH,77869,2016-05-05,2016,-1,28,0.038774065351,0.0112734864301,3.21887582487,1.01071071111
000852.SH,77949,2016-05-06,2016,-1,19,0.038774065351,0.0112734864301,4.65396035016,1.35664887929
000852.SH,78067,2016-05-06,2016,-1,26,0.362360869729,0.149991326639,2.48490664979,1.1008739087
000852.SH,78126,2016-05-06,2016,-1,28,0.184047234716,0.0975669354557,2.99573227355,0.96681587347
000852.SH,78187,2016-05-09,2016,-1,19,0.640535485704,0.486399840417,1.94591014906,2.19087994278
000852.SH,78253,2016-05-09,2016,-1,22,0.0663104436112,0.045559375136,3.61091791264,0.272579226591
000852.SH,78342,2016-05-09,2016,-1,28,0.33677630989,0.219430577651,3.58351893846,0.371139752165
000852.SH,78410,2016-05-10,2016,-1,19,0.226911549294,0.174872053629,2.07944154168,1.20109532321
000852.SH,78502,2016-05-10,2016,-1,22,0.0862842202443,0.0501038585007,3.49650756147,0.460198437604
000852.SH,78774,2016-05-11,2016,-1,26,0.184210624041,0.129212515078,4.06044301055,0.724753941254
000852.SH,78909,2016-05-12,2016,-1,19,0.46098057991,0.272086217636,2.56494935746,2.5623891231
000852.SH,79666,2016-05-17,2016,1,21,0.468454642932,0.186720781588,3.295836866,1.184525236
000852.SH,80015,2016-05-18,2016,-1,27,0.409775455943,0.175261964524,2.77258872224,0.752509392471
000852.SH,80106,2016-05-19,2016,-1,19,0.45951269301,0.196018285805,3.80666248977,1.01127341472
000852.SH,80287,2016-05-19,2016,1,28,0.230619909369,0.128231093109,3.52636052462,1.01804072329
000852.SH,80691,2016-05-23,2016,1,26,0.242978279095,0.0998617773803,5.24702407216,0.515970949807
000852.SH,80866,2016-05-24,2016,1,21,0.461144752632,0.145485991007,3.82864139649,1.35335686614
000852.SH,81235,2016-05-25,2016,1,28,0.0516625094242,0.015220162793,4.65396035016,0.935572325035
000852.SH,81330,2016-05-26,2016,-1,20,0.357116245067,0.156137610346,3.89182029811,1.86703016065
000852.SH,81505,2016-05-26,2016,-1,29,0.489520321545,0.189242871704,4.47733681448,1.19079461903
000852.SH,81522,2016-05-27,2016,-1,19,0.489520321545,0.189242871704,4.65396035016,1.06227759172
000852.SH,81561,2016-05-27,2016,-1,20,0.489520321545,0.189242871704,4.96981329958,0.77643022948
000852.SH,81605,2016-05-27,2016,-1,21,0.489520321545,0.189242871704,5.23644196283,0.85353056456
000852.SH,81667,2016-05-27,2016,1,26,0.0634897891183,0.0202027559446,3.295836866,0.644731050337
000852.SH,81869,2016-05-30,2016,-1,22,0.339636768294,0.208968372831,4.52178857705,0.696689100105
000852.SH,82108,2016-05-31,2016,1,22,0.31829137901,0.109634262879,4.60517018599,0.51077826409
000852.SH,82257,2016-06-01,2016,1,19,0.31829137901,0.109634262879,5.51745289646,1.28160452516
000852.SH,82289,2016-06-01,2016,1,20,0.31829137901,0.109634262879,5.63835466933,1.18568271228
000852.SH,82409,2016-06-01,2016,1,27,0.691394846154,0.258376544308,3.04452243772,1.28210120541
000852.SH,82612,2016-06-02,2016,1,26,0.0586139348858,0.0164208943492,3.09104245336,0.780704658584
000852.SH,82699,2016-06-02,2016,1,29,0.106724814979,0.027845381762,4.2341065046,1.1544175623
000852.SH,82759,2016-06-03,2016,1,20,0.106724814979,0.027845381762,4.85981240436,1.25670939037
000852.SH,82944,2016-06-03,2016,1,29,0.106724814979,0.027845381762,5.74939298591,1.03905379638
000852.SH,83132,2016-06-06,2016,1,27,0.439936108526,0.0732506806947,3.13549421593,0.853439733705
000852.SH,83796,2016-06-13,2016,-1,22,0.199638110279,0.136140999666,4.49980967033,0.207903936708
000852.SH,83889,2016-06-13,2016,-1,28,0.288263899234,0.187961250025,4.36944785247,0.616162767722
000852.SH,83905,2016-06-13,2016,-1,29,0.288263899234,0.187961250025,4.5538768916,0.758437725282
000852.SH,83930,2016-06-14,2016,-1,19,0.288263899234,0.187961250025,4.78749174278,1.61606766217
000852.SH,83964,2016-06-14,2016,-1,20,0.59167825716,0.282220466562,3.33220451018,1.08827132389
000852.SH,84085,2016-06-14,2016,-1,27,0.0628001797697,0.0309702554225,3.21887582487,0.672827366587
000852.SH,84398,2016-06-15,2016,1,29,0.630368944779,0.362339483718,3.13549421593,0.432196650906
000852.SH,84474,2016-06-16,2016,1,21,0.15243210662,0.0676926850205,2.48490664979,1.35125440733
000852.SH,84588,2016-06-16,2016,1,28,0.0430937659619,0.0211738484398,4.53259949315,0.912320001092
000852.SH,84740,2016-06-17,2016,1,22,0.0398542235285,0.0148591135897,4.59511985013,0.664928800345
000852.SH,85290,2016-06-21,2016,1,27,0.338486973682,0.11127092179,4.65396035016,0.717560213872
000852.SH,85371,2016-06-22,2016,-1,19,0.435671384045,0.223528849371,3.91202300543,1.70476581286
000852.SH,85641,2016-06-23,2016,1,20,0.129295845364,0.0550780564813,5.31320597904,1.20841542824
000852.SH,85728,2016-06-23,2016,1,26,0.550390961657,0.193396918562,3.25809653802,1.58635891471
000852.SH,85996,2016-06-24,2016,-1,27,0.472685504204,0.420950342225,3.36729582999,1.09952444245
000852.SH,86054,2016-06-24,2016,1,29,0.216159476724,0.156943205471,2.7080502011,0.663558482514
000852.SH,86373,2016-06-28,2016,1,20,0.436814398518,0.17753254103,2.63905732962,1.11239602218
000852.SH,86509,2016-06-28,2016,1,28,0.198968033314,0.10440218807,2.56494935746,1.11543532485
000852.SH,86591,2016-06-29,2016,1,20,0.299926410811,0.193230295825,4.18965474203,1.82442771019
000852.SH,87638,2016-07-05,2016,1,22,0.494891650917,0.238347152744,2.83321334406,1.2170360151
000852.SH,87758,2016-07-05,2016,1,29,0.560764513463,0.207178862239,4.47733681448,0.897950376243
000852.SH,87976,2016-07-06,2016,1,29,0.560764513463,0.207178862239,5.72358510195,0.989087119613
000852.SH,88061,2016-07-07,2016,1,21,0.258733000637,0.0410668259257,2.56494935746,1.58006387101
000852.SH,88273,2016-07-08,2016,1,20,0.0808747905095,0.0358373055913,3.09104245336,1.25746489628
000852.SH,88482,2016-07-11,2016,1,19,0.245817042615,0.0930861202565,5.1059454739,1.47500539347
000852.SH,88976,2016-07-13,2016,-1,19,0.564138739843,0.243196121282,4.97673374242,1.47036082869
000852.SH,89190,2016-07-13,2016,1,29,0.225440117372,0.109736848915,2.63905732962,0.888265095537
000852.SH,89413,2016-07-14,2016,1,29,0.0139631366326,0.0031379190118,2.3978952728,1.43389049066
000852.SH,89560,2016-07-15,2016,1,23,0.0284491620438,0.018250108345,4.14313472639,1.17717557278
000852.SH,89617,2016-07-15,2016,1,27,0.0284491620438,0.018250108345,4.78749174278,0.824522925298
000852.SH,89887,2016-07-18,2016,-1,28,0.419696645173,0.106567466585,4.54329478227,0.731276781471
000852.SH,90711,2016-07-22,2016,1,21,0.118358567974,0.0520502419237,4.35670882669,0.945209196358
000852.SH,90797,2016-07-22,2016,1,27,0.118358567974,0.0520502419237,5.09986642782,1.04788866952
000852.SH,91025,2016-07-25,2016,-1,26,0.245888620494,0.134527983379,4.20469261939,0.450642824353
000852.SH,91514,2016-07-27,2016,-1,27,0.541364945353,0.28297253446,2.63905732962,1.97626052193
000852.SH,91765,2016-07-28,2016,-1,27,0.400877108682,0.204006584247,3.13549421593,0.833908905477
000852.SH,92122,2016-08-01,2016,-1,20,0.504115607505,0.250705550329,2.30258509299,1.17840313511
000852.SH,92158,2016-08-01,2016,-1,21,0.0194092340777,0.0163819658359,2.77258872224,0.496045437091
000852.SH,93256,2016-08-05,2016,1,29,0.614196276014,0.109563115438,2.63905732962,1.55899822857
000852.SH,93745,2016-08-09,2016,1,29,0.367570684551,0.0661513630133,6.00388706711,0.705563794678
000852.SH,93818,2016-08-10,2016,1,20,0.367570684551,0.0661513630133,6.16961073249,1.32523454724
000852.SH,93976,2016-08-10,2016,1,29,0.367570684551,0.0661513630133,6.45519856334,0.939526097591
000852.SH,95449,2016-08-19,2016,1,19,0.564665852851,0.116618583274,3.78418963392,1.03479386277
000852.SH,95826,2016-08-22,2016,1,26,0.0185055958979,0.00395374256143,4.40671924726,0.788367983336
000852.SH,96091,2016-08-23,2016,-1,27,0.357379969006,0.102062010316,4.7957905456,0.622658152198
000852.SH,96237,2016-08-24,2016,-1,21,0.121014594196,0.0492970279409,4.34380542185,0.869602261781
000852.SH,96470,2016-08-25,2016,-1,21,0.196646483987,0.0921203054211,3.17805383035,0.38483469074
000852.SH,96919,2016-08-29,2016,1,20,0.415877074179,0.181807029381,4.14313472639,1.18762765585
000852.SH,97432,2016-08-31,2016,1,21,0.0134375436459,0.0027660936357,4.39444915467,1.15649206197
000852.SH,97551,2016-08-31,2016,-1,28,0.107787715627,0.0228957926355,4.24849524205,0.513984825204
000852.SH,97866,2016-09-02,2016,-1,19,0.181448488934,0.0544172932331,3.68887945411,1.68615884058
000852.SH,98196,2016-09-05,2016,-1,22,0.385608769321,0.0857943312085,4.74493212836,0.361572703115
000852.SH,98820,2016-09-08,2016,1,19,0.399114764694,0.152441128054,3.4657359028,1.31617527632
000852.SH,99343,2016-09-12,2016,-1,21,0.59043568433,0.283925496948,3.7135720667,0.225936526617
000852.SH,99452,2016-09-12,2016,-1,27,0.594728786869,0.257402285167,4.11087386417,0.218214497396
000852.SH,99497,2016-09-12,2016,-1,29,0.594728786869,0.257402285167,4.66343909411,0.391489881539
000852.SH,99531,2016-09-13,2016,-1,19,0.344719102166,0.114733598321,2.30258509299,2.32186625402
000852.SH,99877,2016-09-14,2016,-1,22,0.11829712507,0.0640241480658,4.3040650932,0.34258082761
000852.SH,100362,2016-09-20,2016,1,26,0.0708947914701,0.0306244940119,5.88887795833,1.10245038267
000852.SH,101280,2016-09-26,2016,1,21,0.485364895984,0.101055917461,5.47227067367,0.972762963399
000852.SH,101780,2016-09-28,2016,-1,22,0.215232262727,0.0462446408939,4.8751973232,0.386934816268
000852.SH,103518,2016-10-14,2016,1,27,0.18532283503,0.0423657577082,4.70953020131,0.455249456199
000852.SH,104322,2016-10-20,2016,1,19,0.162535329796,0.0677520671752,2.83321334406,1.30667940495
000852.SH,104821,2016-10-24,2016,-1,19,0.308186877165,0.116716072954,4.36944785247,0.870086271263
000852.SH,105419,2016-10-26,2016,1,26,0.104682280252,0.030489923558,3.7135720667,0.492566827474
000852.SH,106082,2016-10-31,2016,1,21,0.104682280252,0.030489923558,6.55677835616,0.438457699792
000852.SH,106572,2016-11-02,2016,-1,22,0.0419846845128,0.00790411788654,5.97380961187,0.629247303996
000852.SH,106968,2016-11-04,2016,1,19,0.21063198207,0.0734107459162,3.13549421593,1.0122190424
000852.SH,107902,2016-11-09,2016,-1,29,0.336183619023,0.102861697365,4.5538768916,0.456132315649
000852.SH,108619,2016-11-14,2016,1,29,0.490867570719,0.151045980673,3.13549421593,1.23745841855
000852.SH,108827,2016-11-15,2016,1,28,0.520673575166,0.140653000987,5.1532915945,1.29642074721
000852.SH,109272,2016-11-17,2016,1,27,0.350501970901,0.088181581007,4.98360662171,0.307646468203
000852.SH,110234,2016-11-23,2016,1,27,0.157167081071,0.0415440819889,5.60947179518,1.14718959736
000852.SH,110823,2016-11-28,2016,-1,19,0.413919802686,0.0911439870177,5.28320372874,1.18372160161
000852.SH,112103,2016-12-05,2016,-1,22,0.563403900405,0.153686204931,4.48863636973,0.276246877882
000852.SH,113489,2016-12-13,2016,-1,20,0.680217628283,0.235712109101,3.4657359028,0.693956294406
000852.SH,113768,2016-12-14,2016,1,21,0.300675419792,0.150682112801,3.85014760171,1.02012660426
000852.SH,113924,2016-12-15,2016,1,19,0.027795342766,0.0138314850432,3.55534806149,1.9776125038
000852.SH,114134,2016-12-15,2016,1,29,0.174127814831,0.101415877356,3.82864139649,0.906300895138
000852.SH,114340,2016-12-16,2016,1,28,0.277581367254,0.141703308109,5.17614973257,0.513833431083
000852.SH,114424,2016-12-19,2016,1,19,0.277581367254,0.141703308109,5.56452040732,1.74424747661
000852.SH,115117,2016-12-21,2016,1,29,0.277581367254,0.141703308109,6.86066367145,0.311025117425
000852.SH,115281,2016-12-22,2016,1,27,0.277581367254,0.141703308109,7.01929665372,0.57713342692
000852.SH,115579,2016-12-23,2016,1,29,0.335659397463,0.0510892011175,5.12989871492,1.05925262473
000852.SH,115696,2016-12-26,2016,1,22,0.335659397463,0.0510892011175,5.65599181082,0.61818454144
000852.SH,115890,2016-12-27,2016,-1,20,0.0849428588792,0.0151463679374,5.19849703127,0.759638034591
000852.SH,117833,2017-01-09,2017,1,21,0.457671132716,0.131143040176,5.53733426702,0.865232918765
000852.SH,118726,2017-01-13,2017,-1,19,0.136091161264,0.0362382609838,6.22851100359,0.882707821725
000852.SH,118859,2017-01-13,2017,-1,26,0.558689896402,0.146537013462,3.63758615973,0.420716129042
000852.SH,119018,2017-01-16,2017,-1,20,0.65105642305,0.427165693501,3.52636052462,0.666713094437
000852.SH,119144,2017-01-16,2017,-1,28,0.609842037099,0.376549127608,4.66343909411,0.640465682125
000852.SH,119202,2017-01-17,2017,-1,19,0.762379666131,0.478475397221,3.25809653802,1.40730033675
000852.SH,120559,2017-01-24,2017,1,27,0.404671243985,0.139049004794,4.54329478227,0.422331459678
000852.SH,121268,2017-02-03,2017,1,26,0.150132209506,0.0338998211091,3.93182563272,0.458659054269
000852.SH,121785,2017-02-07,2017,1,28,0.406340752833,0.122212857252,3.76120011569,0.530469445651
000852.SH,122467,2017-02-10,2017,1,26,0.338499255276,0.089446431569,6.19236248947,0.782106845119
000852.SH,123013,2017-02-14,2017,1,29,0.338499255276,0.089446431569,6.9421567057,0.568258284967
000852.SH,123157,2017-02-15,2017,1,22,0.338499255276,0.089446431569,7.07242190054,0.704060370185
000852.SH,125219,2017-02-28,2017,1,19,0.432647017098,0.0692807957154,3.97029191355,1.25134743707
000852.SH,125800,2017-03-02,2017,1,23,0.012822393633,0.00372915935049,3.76120011569,0.412263393193
000852.SH,127022,2017-03-09,2017,1,26,0.234566129964,0.0767943717053,5.21493575761,0.248932408343
000852.SH,128613,2017-03-20,2017,1,20,0.357660510809,0.106602104021,4.49980967033,0.76181497089
000852.SH,129551,2017-03-24,2017,-1,20,0.233551213837,0.113974573766,4.27666611902,0.83694188776
000852.SH,130438,2017-03-29,2017,-1,28,0.0679885150928,0.0152223260782,4.46590811865,0.678600431571
000852.SH,130670,2017-03-30,2017,-1,28,0.578027173044,0.283691923916,3.17805383035,0.964413759683
000852.SH,131929,2017-04-11,2017,1,19,0.541868669494,0.156280965769,5.50125821054,1.82629572435
000852.SH,132960,2017-04-17,2017,-1,21,0.154132519989,0.0387664346481,5.72358510195,0.368394827807
000852.SH,133096,2017-04-17,2017,-1,29,0.154132519989,0.0387664346481,6.09130988208,0.542871014205
000852.SH,133165,2017-04-18,2017,-1,20,0.651044070249,0.183290421853,3.63758615973,0.633288315029
000852.SH,133459,2017-04-19,2017,-1,22,0.654805933983,0.196390666742,4.97673374242,0.539482546949
000852.SH,133511,2017-04-19,2017,-1,27,0.654805933983,0.196390666742,5.28320372874,0.371563637279
000852.SH,133646,2017-04-20,2017,-1,20,0.662960306121,0.249750855311,4.65396035016,0.627174479243
000852.SH,133912,2017-04-21,2017,-1,21,0.0569743012983,0.0249003632773,4.62497281328,0.561350678786
000852.SH,134167,2017-04-24,2017,-1,21,0.537212940845,0.265393737826,4.11087386417,0.444726659402
000852.SH,134303,2017-04-24,2017,-1,29,0.0495538564531,0.0212040893601,2.7080502011,0.499380647489
000852.SH,134335,2017-04-25,2017,-1,19,0.208677258717,0.0843718079673,3.09104245336,1.32711486073
000852.SH,134476,2017-04-25,2017,-1,27,0.199722962761,0.1038796577,4.80402104473,0.201485160271
000852.SH,134862,2017-04-27,2017,-1,21,0.135125004159,0.0461002708529,4.09434456222,0.908479163169
000852.SH,135736,2017-05-03,2017,1,29,0.220453126534,0.0648834074133,3.17805383035,1.12560017924
000852.SH,136043,2017-05-05,2017,1,20,0.0815222904578,0.0296692692341,4.24849524205,1.11610559917
000852.SH,136309,2017-05-08,2017,-1,21,0.383039785585,0.134103613889,2.99573227355,0.842111095533
000852.SH,136445,2017-05-08,2017,-1,28,0.596011585035,0.209839731644,4.43081679884,0.659689387786
000852.SH,136493,2017-05-09,2017,-1,19,0.596011585035,0.209839731644,4.88280192259,1.96046279201
000852.SH,136544,2017-05-09,2017,-1,21,0.596011585035,0.209839731644,5.20948615284,0.807010165324
000852.SH,136630,2017-05-09,2017,-1,27,0.556682774206,0.209761432771,4.21950770518,0.446429223157
000852.SH,137003,2017-05-11,2017,-1,20,0.27417856283,0.118549208452,3.21887582487,0.650269182951
000852.SH,137070,2017-05-11,2017,-1,22,0.684588491237,0.349197901619,4.07753744391,0.519072778204
000852.SH,137202,2017-05-12,2017,-1,19,0.604265961281,0.292773386281,4.4188406078,1.18726384086
000852.SH,137608,2017-05-15,2017,1,27,0.247227956986,0.142528829975,5.11799381242,0.45758670495
000852.SH,137737,2017-05-16,2017,1,20,0.210026672314,0.171863669326,4.02535169074,0.742284779404
000852.SH,138165,2017-05-18,2017,1,19,0.480062251947,0.20052733383,1.38629436112,2.65314101314
000852.SH,138936,2017-05-23,2017,-1,20,0.622097101456,0.297758988108,2.7080502011,0.955740522561
000852.SH,139047,2017-05-23,2017,-1,27,0.617140583,0.291510685088,4.59511985013,1.66163047914
000852.SH,139200,2017-05-24,2017,-1,21,0.739737437497,0.36118472713,4.07753744391,0.599161135547
000852.SH,140366,2017-06-02,2017,-1,20,0.226519341942,0.0748315930843,2.99573227355,0.985803280957
000852.SH,141619,2017-06-09,2017,1,22,0.75692412906,0.257504918798,4.44265125649,0.922853741808
000852.SH,143481,2017-06-21,2017,1,20,0.440567151837,0.0935532992406,3.43398720449,1.01661832218
000852.SH,144795,2017-06-28,2017,-1,27,0.092951011177,0.0285315561968,4.92725368516,0.468924763392
000852.SH,145850,2017-07-05,2017,1,19,0.0406258553552,0.0125370625452,6.30809844151,1.13944840779
000852.SH,146229,2017-07-06,2017,1,26,0.506620801937,0.112587169055,3.33220451018,1.95314612498
000852.SH,146701,2017-07-10,2017,1,26,0.0898387939857,0.0251667732797,3.73766961828,0.550675100063
000852.SH,146975,2017-07-11,2017,1,27,0.0898387939857,0.0251667732797,5.75574221359,0.695921571181
000852.SH,147225,2017-07-12,2017,-1,28,0.518075829245,0.146521246081,2.63905732962,1.13042564069
000852.SH,147809,2017-07-17,2017,-1,20,0.555279497705,0.246474466959,3.36729582999,1.2439623267
000852.SH,148027,2017-07-18,2017,-1,19,0.0986182984467,0.0484754016,2.94443897917,1.57901547732
000852.SH,148119,2017-07-18,2017,-1,22,0.61482426687,0.362763743763,4.39444915467,0.439001259918
000852.SH,149322,2017-07-25,2017,1,26,0.566802114939,0.120295934136,3.40119738166,0.893140121091
000852.SH,150061,2017-07-28,2017,1,26,0.685277403939,0.138982520277,5.94803498918,0.442373048413
000852.SH,150223,2017-07-31,2017,1,21,0.685277403939,0.138982520277,6.30078579466,0.992892239083
000852.SH,150485,2017-08-01,2017,1,21,0.685277403939,0.138982520277,6.69332366827,0.917367909518
000852.SH,151841,2017-08-09,2017,1,19,0.0745107969926,0.0157912420204,5.63478960317,0.715037375216
000852.SH,151992,2017-08-09,2017,1,27,0.0745107969926,0.0157912420204,6.0661080901,0.51935468949
000852.SH,152216,2017-08-10,2017,1,26,0.253713960727,0.0327140166145,3.43398720449,1.85321792576
000852.SH,152398,2017-08-11,2017,-1,21,0.0956664520836,0.0497402200489,2.99573227355,0.563633357551
000852.SH,152522,2017-08-11,2017,-1,28,0.138534466096,0.0778132312274,4.43081679884,0.409723991842
000852.SH,153538,2017-08-18,2017,1,19,0.468816624401,0.123299545252,2.83321334406,2.67502268227
000852.SH,154112,2017-08-22,2017,1,22,0.638602051364,0.187994377983,5.84354441703,0.730250097543
000852.SH,155168,2017-08-28,2017,-1,28,0.324799686376,0.0558593057476,5.98393628069,0.764651401558
000852.SH,157137,2017-09-08,2017,1,19,0.433828352687,0.0748853555303,3.33220451018,1.27192921676
000852.SH,157983,2017-09-13,2017,1,26,0.289375305296,0.093326085929,5.16478597392,0.453739297242
000852.SH,159724,2017-09-22,2017,-1,28,0.268131302884,0.095990150783,3.87120101091,0.570049713408
000852.SH,160168,2017-09-26,2017,-1,27,0.45468377838,0.202165188987,5.86646805693,0.550915897181
000852.SH,160693,2017-09-28,2017,-1,29,0.466446366571,0.120342380411,6.10255859461,0.635912309148
000852.SH,161895,2017-10-12,2017,1,29,0.258128108123,0.0600278975032,5.19849703127,1.47155766271
000852.SH,163077,2017-10-19,2017,-1,28,0.526287877125,0.197965982816,4.61512051684,0.547980504225
000852.SH,164710,2017-10-30,2017,-1,27,0.394059984449,0.16516104072,4.59511985013,0.283794216836
000852.SH,165787,2017-11-06,2017,-1,19,0.394246513014,0.111797184712,2.7080502011,1.38620003317
000852.SH,166983,2017-11-13,2017,-1,19,0.394246513014,0.111797184712,7.09920174355,1.53097524089
000852.SH,167229,2017-11-14,2017,-1,19,0.394246513014,0.111797184712,7.2841348062,2.05904747604
000852.SH,167417,2017-11-14,2017,1,29,0.0512952778072,0.00977537437604,3.49650756147,1.74571635209
000852.SH,168260,2017-11-20,2017,-1,22,0.421421631876,0.0995911004556,4.11087386417,0.365571766129
000852.SH,169526,2017-11-27,2017,-1,27,0.0106160772441,0.00283275490104,4.45434729625,0.573784049918
000852.SH,169650,2017-11-28,2017,-1,20,0.244035654022,0.0969756738987,3.33220451018,1.01240540344
000852.SH,169958,2017-11-29,2017,1,22,0.146284904196,0.0511626386914,3.4657359028,1.39876208246
000852.SH,170110,2017-11-30,2017,1,20,0.286550467301,0.0954028670292,4.61512051684,1.97818417699
000852.SH,170337,2017-12-01,2017,1,19,0.12441286417,0.0359578884935,4.15888308336,1.20048514011
000852.SH,170606,2017-12-04,2017,1,20,0.149022132703,0.0411995976959,5.51745289646,1.63000619374
000852.SH,171083,2017-12-06,2017,-1,20,0.57044263566,0.193911819806,3.4657359028,0.670115171302
000852.SH,172296,2017-12-13,2017,1,20,0.514103700385,0.144052295421,4.40671924726,0.972243832273
000852.SH,173922,2017-12-22,2017,-1,19,0.399534084875,0.113040976209,5.11198778836,0.999993723657
000852.SH,174448,2017-12-26,2017,-1,20,0.201932525695,0.0817723972483,5.61677109767,1.35044648388
000852.SH,174824,2017-12-27,2017,-1,28,0.260564326187,0.0739618418135,5.5568280617,0.760238022986
000852.SH,176400,2018-01-08,2018,1,21,0.634981207596,0.149506588329,4.11087386417,0.794502651502
000852.SH,177932,2018-01-16,2018,-1,27,0.0460950168486,0.0119093039734,6.21060007702,0.812114835019
000852.SH,178058,2018-01-17,2018,-1,20,0.0460950168486,0.0119093039734,6.43615036837,0.899407476136
000852.SH,178357,2018-01-18,2018,-1,22,0.580684469975,0.162630684176,5.5490760849,0.587644249243
000852.SH,179733,2018-01-26,2018,1,20,0.424695847394,0.134921944619,3.95124371858,0.698619637683
000852.SH,180068,2018-01-29,2018,1,26,0.424695847394,0.134921944619,5.95842469303,1.00372386414
000852.SH,180539,2018-01-31,2018,-1,26,0.371113555834,0.102607429745,3.09104245336,0.306131378892
000852.SH,180660,2018-02-01,2018,-1,19,0.693599599317,0.19714055414,4.67282883446,0.937090179471
000852.SH,180817,2018-02-01,2018,-1,27,0.746319655733,0.406898234768,3.13549421593,1.00124367294
000852.SH,180985,2018-02-02,2018,-1,22,0.579342654083,0.432416012241,4.48863636973,0.314457403045
000852.SH,181518,2018-02-06,2018,-1,27,0.474885599214,0.322313531146,4.3040650932,0.488577019818
000852.SH,181604,2018-02-07,2018,-1,19,0.347599811425,0.21220202283,1.09861228867,2.58923214876
000852.SH,181713,2018-02-07,2018,-1,22,0.283151965313,0.21629095414,2.63905732962,0.93539876648
000852.SH,182221,2018-02-09,2018,-1,26,0.203413492768,0.116434143657,3.85014760171,0.154420227961
000852.SH,182865,2018-02-14,2018,1,21,0.419514363216,0.206002728513,4.69134788223,0.893075834828
000852.SH,183456,2018-02-23,2018,1,27,0.366034189843,0.136657330634,3.82864139649,0.387854069877
000852.SH,183576,2018-02-26,2018,1,20,0.57820138852,0.23180972582,4.36944785247,0.613946841749
000852.SH,183951,2018-02-27,2018,1,28,0.57820138852,0.23180972582,6.11809719804,0.757721777261
000852.SH,184184,2018-02-28,2018,1,28,0.482925028752,0.173770176093,5.08759633523,0.259341032452
000852.SH,184450,2018-03-01,2018,1,29,0.325883134334,0.165118063251,5.28320372874,0.548889283746
000852.SH,184487,2018-03-02,2018,1,19,0.325883134334,0.165118063251,5.45532111536,2.42361915764
000852.SH,184531,2018-03-02,2018,1,20,0.325883134334,0.165118063251,5.62762111369,0.633673702578
000852.SH,184639,2018-03-02,2018,1,27,0.325883134334,0.165118063251,5.95583736946,0.361587025311
000852.SH,185452,2018-03-08,2018,1,19,0.371672402272,0.0761398348229,3.52636052462,1.39664136944
000852.SH,186088,2018-03-12,2018,1,27,0.363649488086,0.0660763696735,6.00881318544,0.242741916334
000852.SH,186212,2018-03-13,2018,1,20,0.363649488086,0.0660763696735,6.27476202124,1.07889215777
000852.SH,186413,2018-03-14,2018,1,19,0.653914658964,0.178408547281,3.33220451018,2.35162872823
000852.SH,187698,2018-03-21,2018,-1,22,0.124606278366,0.0636833993835,5.23110861685,0.698857005283
000852.SH,187788,2018-03-21,2018,-1,28,0.124606278366,0.0636833993835,5.62401750619,0.558458379493
000852.SH,187847,2018-03-22,2018,1,19,0.084535244963,0.034013132752,3.85014760171,1.86528553288
000852.SH,187932,2018-03-22,2018,1,22,0.084535244963,0.034013132752,4.88280192259,1.10971365197
000852.SH,188035,2018-03-22,2018,-1,28,0.0769495119281,0.0234971428571,4.3040650932,0.421530103849
000852.SH,188147,2018-03-23,2018,-1,21,0.598826544717,0.454414992403,4.06044301055,0.167729779542
000852.SH,188242,2018-03-23,2018,-1,27,0.282822639355,0.182598617848,2.94443897917,0.277305778361
000852.SH,188461,2018-03-26,2018,1,26,0.0919501121905,0.0720755076747,3.36729582999,0.29222835554
000852.SH,188778,2018-03-27,2018,1,29,0.719632344266,0.403830036213,3.25809653802,0.408106699438
000852.SH,189572,2018-04-02,2018,1,20,0.331597417268,0.132020504776,6.26530121274,0.841666829613
000852.SH,189766,2018-04-03,2018,1,19,0.663317253497,0.141240110396,4.07753744391,2.70704764348
000852.SH,190412,2018-04-09,2018,-1,27,0.327895638863,0.142051299068,4.96284463026,0.335116193318
000852.SH,191694,2018-04-17,2018,-1,19,0.256454298417,0.109631786977,3.13549421593,1.65497794765
000852.SH,191858,2018-04-17,2018,-1,27,0.0698653986783,0.0378388673735,4.99043258678,1.3759673101
000852.SH,191925,2018-04-18,2018,-1,19,0.391489664034,0.157977833212,1.38629436112,2.23607373067
000852.SH,191976,2018-04-18,2018,-1,20,0.342563198695,0.25547375006,3.04452243772,0.819038329412
000852.SH,192439,2018-04-20,2018,1,20,0.527839587676,0.250250327351,4.27666611902,0.920144134814
000852.SH,192893,2018-04-24,2018,-1,19,0.540029316524,0.247962238587,3.49650756147,1.04839453099
000852.SH,193472,2018-04-26,2018,1,22,0.202381748564,0.0686655985351,4.5747109785,0.990565259698
000852.SH,194322,2018-05-04,2018,-1,19,0.388526537868,0.119480663289,4.88280192259,1.71360917376
000852.SH,194413,2018-05-04,2018,-1,22,0.388526537868,0.119480663289,5.40717177146,0.455709658916
000852.SH,194518,2018-05-04,2018,-1,28,0.388526537868,0.119480663289,5.79301360838,0.43655405953
000852.SH,195681,2018-05-11,2018,1,27,0.328297639561,0.0667486424551,4.04305126783,1.09364258914
000852.SH,197772,2018-05-24,2018,1,22,0.189838652151,0.0456733394377,5.42934562895,0.860899046056
000852.SH,198024,2018-05-25,2018,1,22,0.189838652151,0.0456733394377,6.1737861039,1.56704682784
000852.SH,198337,2018-05-28,2018,-1,27,0.214254423978,0.0536888022536,4.89034912822,0.435996802656
000852.SH,198617,2018-05-29,2018,-1,29,0.536249605618,0.150011122921,5.52146091786,1.13428197686
000852.SH,198686,2018-05-30,2018,-1,20,0.536421056476,0.213817516021,3.295836866,0.315540394131
000852.SH,198839,2018-05-30,2018,-1,28,0.0972073596998,0.0565591020694,3.91202300543,0.223372558376
000852.SH,198908,2018-05-31,2018,-1,19,0.303154405432,0.187621021164,3.295836866,2.41440136273
000852.SH,199323,2018-06-01,2018,1,28,0.10863319899,0.0362977129652,4.44265125649,1.02472387996
000852.SH,199351,2018-06-01,2018,1,29,0.10863319899,0.0362977129652,4.72738781871,0.870918428519
000852.SH,199368,2018-06-04,2018,-1,19,0.109967127832,0.0366626164439,1.94591014906,1.71641268577
000852.SH,199583,2018-06-04,2018,-1,29,0.128783330963,0.0653015156401,4.36944785247,0.353285995155
000852.SH,200258,2018-06-07,2018,1,27,0.338179960546,0.0843100707825,4.38202663467,1.03097637281
000852.SH,200562,2018-06-11,2018,-1,19,0.104122164305,0.0247258877962,1.79175946923,1.95225869689
000852.SH,200816,2018-06-12,2018,-1,19,0.583622354582,0.196648477801,5.47227067367,1.40084573338
000852.SH,201042,2018-06-13,2018,-1,19,0.433658167368,0.118073502265,5.12989871492,1.97998398842
000852.SH,201337,2018-06-14,2018,-1,20,0.121155386097,0.0464300133545,3.49650756147,0.789012664829
000852.SH,201534,2018-06-15,2018,-1,19,0.364101014107,0.140985828016,5.23644196283,1.05661068539
000852.SH,201580,2018-06-15,2018,-1,21,0.364101014107,0.140985828016,5.45532111536,1.38621576254
000852.SH,201621,2018-06-15,2018,-1,22,0.364101014107,0.140985828016,5.61677109767,1.44482904849
000852.SH,201704,2018-06-15,2018,-1,28,0.555482505878,0.198951829284,3.36729582999,0.686158290518
000852.SH,201784,2018-06-19,2018,-1,19,0.531223517089,0.309458169865,2.56494935746,2.66937252509
000852.SH,201879,2018-06-19,2018,-1,22,0.578623480775,0.377970944016,4.29045944115,0.4855839824
000852.SH,202002,2018-06-20,2018,-1,19,0.786978509288,0.448931984261,2.7080502011,1.45453360246
000852.SH,202114,2018-06-20,2018,1,22,0.121547735801,0.11358862498,4.06044301055,0.737841104175
000852.SH,202377,2018-06-21,2018,1,26,0.289585919139,0.121450486324,3.61091791264,1.21372319447
000852.SH,202537,2018-06-22,2018,-1,20,0.1840682151,0.0713590562792,3.85014760171,0.718078052612
000852.SH,204151,2018-07-02,2018,1,29,0.255940605296,0.0911928651059,4.60517018599,1.43668946613
000852.SH,204696,2018-07-05,2018,1,20,0.240553710679,0.129032962712,5.67332326717,1.13266272241
000852.SH,204724,2018-07-05,2018,-1,21,0.048471855538,0.014208592637,2.94443897917,1.1245670492
000852.SH,204793,2018-07-05,2018,-1,27,0.417607799216,0.116654629838,3.91202300543,1.00897832608
000852.SH,204824,2018-07-05,2018,-1,28,0.417607799216,0.116654629838,4.39444915467,0.7904777033
000852.SH,204848,2018-07-05,2018,-1,28,0.417607799216,0.116654629838,4.65396035016,0.883769571494
000852.SH,204903,2018-07-06,2018,-1,19,0.441934040023,0.192433280432,2.56494935746,1.64734314639
000852.SH,204939,2018-07-06,2018,-1,20,0.418857401675,0.190733018256,3.43398720449,1.21461477227
000852.SH,205021,2018-07-06,2018,-1,26,0.355210483663,0.198533426944,3.40119738166,1.1279480493
000852.SH,205122,2018-07-09,2018,1,19,0.121562439817,0.0760505284867,3.66356164613,0.918933731959
000852.SH,205483,2018-07-10,2018,1,26,0.440227660509,0.264458403839,5.8805329864,0.763165864397
000852.SH,205679,2018-07-11,2018,-1,21,0.526660931411,0.423870700373,4.14313472639,0.309008619017
000852.SH,206641,2018-07-17,2018,1,21,0.345293418441,0.101466140949,3.52636052462,0.996002056786
000852.SH,206854,2018-07-18,2018,1,20,0.597783753425,0.127688479387,4.43081679884,1.09164227915
000852.SH,207052,2018-07-19,2018,1,19,0.22751336426,0.0532473047576,4.27666611902,1.44635872773
000852.SH,207111,2018-07-19,2018,1,21,0.22751336426,0.0532473047576,4.8751973232,1.3277234885
000852.SH,207375,2018-07-20,2018,-1,22,0.252105263667,0.0691893081069,3.85014760171,0.695985187482
000852.SH,208100,2018-07-25,2018,1,22,0.326901443106,0.149426528134,6.32076829425,0.91105017178
000852.SH,209503,2018-08-02,2018,-1,21,0.619083226867,0.306210637613,2.8903717579,1.03814760624
000852.SH,209547,2018-08-02,2018,-1,22,0.724546520403,0.384223389319,3.49650756147,0.738394310814
000852.SH,209599,2018-08-02,2018,-1,27,0.724546520403,0.384223389319,4.44265125649,1.01057999437
000852.SH,209970,2018-08-06,2018,-1,20,0.392565168971,0.226812452871,3.55534806149,0.863855278246
000852.SH,210083,2018-08-06,2018,-1,27,0.231230419849,0.15341661018,3.04452243772,1.01115084514
000852.SH,210178,2018-08-07,2018,-1,19,0.165979939093,0.10635267306,3.52636052462,1.55249212687
000852.SH,210604,2018-08-08,2018,1,28,0.353054264449,0.207978266422,4.61512051684,1.10656503865
000852.SH,210888,2018-08-10,2018,1,19,0.158904559938,0.057032340983,5.46383180503,1.17513861812
000852.SH,211057,2018-08-10,2018,1,27,0.204832224592,0.0621427958056,3.36729582999,0.91512256067
000852.SH,211415,2018-08-14,2018,1,20,0.160211053779,0.0574416733709,4.89783979995,0.722067777027
000852.SH,211535,2018-08-14,2018,1,27,0.467568624711,0.167448982153,4.3040650932,0.706616217715
000852.SH,211890,2018-08-16,2018,-1,20,0.409185443814,0.128771021048,3.68887945411,0.698016618074
000852.SH,212277,2018-08-17,2018,-1,28,0.0705112177737,0.0448911571711,5.12989871492,0.678209637217
000852.SH,212339,2018-08-20,2018,-1,19,0.536313070075,0.206835402225,2.3978952728,1.97962328101
000852.SH,212465,2018-08-20,2018,-1,26,0.550538077102,0.21386064763,4.80402104473,0.765659580608
000852.SH,212836,2018-08-22,2018,1,20,0.252471640629,0.0863408716957,2.99573227355,1.36203666511
000852.SH,213874,2018-08-28,2018,1,22,0.104648310587,0.0508455012408,5.83188247728,0.877441405117
000852.SH,214647,2018-08-31,2018,-1,27,0.190573659481,0.045869383095,4.35670882669,0.569753373546
000852.SH,214831,2018-09-03,2018,-1,22,0.527103687868,0.124788866858,5.09375020081,0.553019809086
000852.SH,214993,2018-09-04,2018,-1,20,0.38352499034,0.141759938248,4.67282883446,1.35450959585
000852.SH,215216,2018-09-05,2018,1,19,0.341554924899,0.148546215635,2.7080502011,1.967157167
000852.SH,215460,2018-09-06,2018,-1,19,0.176442897113,0.0577647329243,2.07944154168,1.97991208231
000852.SH,215667,2018-09-06,2018,-1,29,0.155701365176,0.0589528264668,2.7080502011,0.967015082823
000852.SH,215748,2018-09-07,2018,-1,21,0.155701365176,0.0589528264668,4.56434819147,0.682747568014
000852.SH,215807,2018-09-07,2018,1,26,0.0809967178718,0.0369424718743,2.8903717579,1.4419121659
000852.SH,215925,2018-09-10,2018,-1,19,0.449864863724,0.272090743593,4.09434456222,1.19642987594
000852.SH,215962,2018-09-10,2018,-1,20,0.449864863724,0.272090743593,4.5747109785,1.19282928576
000852.SH,216036,2018-09-10,2018,-1,22,0.449864863724,0.272090743593,5.1416635565,0.513566917215
000852.SH,216187,2018-09-11,2018,-1,19,0.449864863724,0.272090743593,5.77455154554,1.90507078316
000852.SH,216295,2018-09-11,2018,-1,26,0.601095055072,0.129050904574,3.49650756147,0.875544122457
000852.SH,217151,2018-09-17,2018,-1,20,0.177294002641,0.0916451969084,3.95124371858,2.45489153819
000852.SH,217204,2018-09-17,2018,-1,21,0.177294002641,0.0916451969084,4.65396035016,0.43622881299
000852.SH,217353,2018-09-17,2018,-1,29,0.600040159192,0.226036498937,3.93182563272,0.48199350177
000852.SH,217860,2018-09-20,2018,1,19,0.610149869289,0.247959934158,2.94443897917,1.4412013166
000852.SH,218331,2018-09-25,2018,1,19,0.089318615249,0.0224243016851,2.30258509299,2.52674669621
000852.SH,218868,2018-09-27,2018,1,21,0.221369942088,0.0534842214682,4.20469261939,0.777733686793
000852.SH,219003,2018-09-27,2018,1,28,0.221369942088,0.0534842214682,5.3082676974,1.16067705864
000852.SH,219310,2018-10-08,2018,-1,20,0.348246434765,0.0868031944335,3.36729582999,2.74294589868
000852.SH,219536,2018-10-09,2018,-1,19,0.348246434765,0.0868031944335,5.54126354516,2.18505017827
000852.SH,219680,2018-10-09,2018,-1,27,0.155872670908,0.0769437598028,3.33220451018,0.529935960149
000852.SH,219771,2018-10-10,2018,-1,19,0.0701755995415,0.0533778993214,2.30258509299,1.32437693276
000852.SH,219809,2018-10-10,2018,-1,20,0.0701755995415,0.0533778993214,3.87120101091,0.954346299816
000852.SH,219858,2018-10-10,2018,1,22,0.124950122894,0.0584966659931,3.43398720449,1.48644357071
000852.SH,220030,2018-10-11,2018,-1,20,0.626377690297,0.419611460195,2.83321334406,2.77219511647
000852.SH,220066,2018-10-11,2018,-1,21,0.642529009587,0.411177864741,3.43398720449,0.232775342409
000852.SH,220177,2018-10-11,2018,-1,27,0.674655699149,0.375626195464,3.04452243772,0.209543120446
000852.SH,220259,2018-10-12,2018,-1,19,0.467529088122,0.278164322724,2.19722457734,2.00218053266
000852.SH,220300,2018-10-12,2018,-1,21,0.423592212385,0.260390659421,3.49650756147,1.10367663584
000852.SH,220398,2018-10-12,2018,-1,27,0.599065717656,0.426115156336,4.18965474203,0.746987394026
000852.SH,220482,2018-10-15,2018,1,19,0.707246346697,0.529159187696,3.58351893846,0.735132069022
000852.SH,220509,2018-10-15,2018,1,19,0.707246346697,0.529159187696,4.14313472639,1.17750893755
000852.SH,220633,2018-10-15,2018,1,27,0.344220755497,0.113882863341,4.47733681448,0.670636234254
000852.SH,220768,2018-10-16,2018,-1,20,0.284513906025,0.08384397928,2.99573227355,1.32029989871
000852.SH,220839,2018-10-16,2018,-1,22,0.494199595508,0.189009970989,4.04305126783,1.17343229494
000852.SH,220878,2018-10-16,2018,-1,27,0.494199595508,0.189009970989,4.56434819147,0.787592176276
000852.SH,220933,2018-10-16,2018,-1,29,0.494199595508,0.189009970989,5.01727983681,1.10068550922
000852.SH,220964,2018-10-17,2018,-1,19,0.595217259214,0.258546617916,1.09861228867,2.40831665319
000852.SH,221138,2018-10-17,2018,-1,27,0.463700081105,0.2810753147,2.8903717579,1.04580002395
000852.SH,221243,2018-10-18,2018,-1,20,0.00394093197422,0.00227067545755,3.73766961828,0.975762144627
000852.SH,221457,2018-10-19,2018,-1,19,0.662202172005,0.463604675005,2.30258509299,2.51009803102
000852.SH,221660,2018-10-19,2018,1,29,0.347136516446,0.235972512698,4.38202663467,0.286466506225
000852.SH,221749,2018-10-22,2018,1,21,0.347136516446,0.235972512698,5.12989871492,0.575850958866
000852.SH,221918,2018-10-22,2018,1,29,0.801036900792,0.496457593688,4.29045944115,0.255471136001
000852.SH,223123,2018-10-30,2018,-1,19,0.500461228882,0.145131763804,5.1416635565,1.06429865734
000852.SH,223234,2018-10-30,2018,-1,22,0.553329925689,0.153517207895,4.02535169074,1.034659613
000852.SH,223292,2018-10-30,2018,-1,27,0.553329925689,0.153517207895,4.73619844839,0.744545924906
000852.SH,223704,2018-11-01,2018,1,22,0.724446148301,0.226531542104,4.63472898823,0.447834463208
000852.SH,223857,2018-11-02,2018,1,19,0.197728522261,0.0845824411135,2.77258872224,2.6516309955
000852.SH,223962,2018-11-02,2018,1,26,0.197728522261,0.0845824411135,4.7957905456,0.358513803642
000852.SH,224232,2018-11-05,2018,1,27,0.475912075005,0.191844047005,4.29045944115,0.855293949188
000852.SH,224642,2018-11-07,2018,1,21,0.266607065318,0.0797810714714,2.63905732962,1.07297975462
000852.SH,224747,2018-11-07,2018,1,28,0.14634627481,0.0755054690089,3.25809653802,1.10808485689
000852.SH,224812,2018-11-08,2018,-1,19,0.147971800605,0.0692300749165,2.3978952728,1.91262582727
000852.SH,224876,2018-11-08,2018,-1,21,0.286831255884,0.143794011719,3.68887945411,0.565416865973
000852.SH,224940,2018-11-08,2018,-1,26,0.0167274402564,0.00871866728943,2.94443897917,0.627965963664
000852.SH,225137,2018-11-09,2018,-1,22,0.381292070636,0.162144931643,4.3040650932,0.63677655011
000852.SH,225524,2018-11-13,2018,1,19,0.557827878394,0.200962839182,1.09861228867,2.49388880483
000852.SH,225629,2018-11-13,2018,1,22,0.328188926229,0.249438202247,2.8903717579,0.611763565785
000852.SH,225765,2018-11-14,2018,1,19,0.449718994942,0.311664190193,3.04452243772,1.19716868565
000852.SH,225977,2018-11-14,2018,1,29,0.285034146105,0.089746570565,3.93182563272,0.870155098923
000852.SH,226272,2018-11-16,2018,1,20,0.259094253742,0.105621226295,4.82028156561,1.65074233161
000852.SH,226408,2018-11-16,2018,1,27,0.259094253742,0.105621226295,5.56068163102,0.972124567784
000852.SH,226484,2018-11-19,2018,1,19,0.259094253742,0.105621226295,5.81711115996,0.731887068995
000852.SH,226992,2018-11-21,2018,-1,20,0.644006660788,0.285256410256,2.99573227355,1.0630787859
000852.SH,227515,2018-11-23,2018,-1,21,0.0980422456564,0.0285772885759,4.3040650932,0.991687215389
000852.SH,227660,2018-11-23,2018,-1,29,0.733729337557,0.330993963783,3.33220451018,0.811178823727
000852.SH,227721,2018-11-26,2018,-1,20,0.0128989374672,0.0110560944177,3.52636052462,0.965552321315
000852.SH,227829,2018-11-26,2018,-1,26,0.103705644598,0.0547828809087,3.91202300543,0.602279057719
000852.SH,228041,2018-11-27,2018,1,26,0.00461181442351,0.00224671017439,4.78749174278,0.373626656676
000852.SH,228219,2018-11-28,2018,-1,20,0.258075016127,0.163213627993,2.77258872224,1.43971634069
000852.SH,228499,2018-11-29,2018,1,22,0.358182715151,0.145620653943,2.94443897917,0.730368152965
000852.SH,228662,2018-11-30,2018,1,19,0.358182715151,0.145620653943,5.20400668708,1.76015841781
000852.SH,228758,2018-11-30,2018,-1,22,0.618378722283,0.270317833895,4.00733318523,0.635114677255
000852.SH,228905,2018-12-03,2018,1,19,0.479463211575,0.273846936366,2.99573227355,2.66487583172
000852.SH,229128,2018-12-04,2018,1,19,0.340133005284,0.171671388102,1.94591014906,1.75942396722
000852.SH,229186,2018-12-04,2018,1,21,0.362477832715,0.148933076448,3.85014760171,0.952085673791
000852.SH,229310,2018-12-04,2018,1,28,0.362477832715,0.148933076448,5.1416635565,0.604717935583
000852.SH,229490,2018-12-05,2018,-1,26,0.273214904483,0.113174440708,4.77068462447,0.24030945475
000852.SH,229833,2018-12-06,2018,-1,29,0.247900481903,0.107307120379,5.11198778836,0.596635004738
000852.SH,229903,2018-12-07,2018,-1,21,0.247900481903,0.107307120379,5.46383180503,0.765708650711
000852.SH,230008,2018-12-07,2018,-1,27,0.247900481903,0.107307120379,5.83188247728,0.539530532173
000852.SH,230091,2018-12-10,2018,-1,19,0.247900481903,0.107307120379,6.04973345523,2.40332583391
000852.SH,230122,2018-12-10,2018,-1,20,0.247900481903,0.107307120379,6.12029741895,0.818441489691
000852.SH,230186,2018-12-10,2018,-1,22,0.247900481903,0.107307120379,6.25190388317,0.563291019269
000852.SH,230303,2018-12-10,2018,-1,29,0.536644737206,0.101492394984,3.52636052462,0.446717710848
000852.SH,231392,2018-12-17,2018,-1,22,0.421424713595,0.180525623443,3.97029191355,0.927948011228
000852.SH,231763,2018-12-19,2018,-1,19,0.342199838833,0.163039600428,3.80666248977,0.894310424008
000852.SH,231907,2018-12-19,2018,-1,26,0.160486778077,0.071735326865,4.5538768916,0.361101230133
000852.SH,232010,2018-12-20,2018,-1,19,0.160486778077,0.071735326865,5.28826703069,1.41087271002
000852.SH,232069,2018-12-20,2018,-1,21,0.220412753817,0.0615283391296,3.4657359028,0.581021395988
000852.SH,232242,2018-12-21,2018,-1,19,0.123587896307,0.0495169082126,4.2341065046,1.37048718987
000852.SH,232548,2018-12-24,2018,-1,21,0.232518716845,0.0585840625146,4.26267987704,0.986096378764
000852.SH,232645,2018-12-24,2018,-1,27,0.232518716845,0.0585840625146,5.1239639794,0.510643372561
000852.SH,232966,2018-12-26,2018,-1,19,0.361573057425,0.124250423425,4.68213122712,0.593541719448
000852.SH,233514,2018-12-28,2018,-1,21,0.392810551915,0.158367389894,3.63758615973,0.904775648559
000852.SH,233961,2019-01-03,2019,-1,20,0.0742168956517,0.0139809149415,3.04452243772,1.81388395652
000852.SH,234115,2019-01-03,2019,-1,28,0.0730465509417,0.0143504778057,4.99043258678,0.733293743696
000852.SH,234193,2019-01-04,2019,-1,20,0.361811363897,0.164780275254,3.25809653802,1.31609034168
000852.SH,235131,2019-01-10,2019,1,19,0.462621271755,0.142181603853,3.68887945411,1.31724085457
000852.SH,236254,2019-01-16,2019,1,27,0.281581916794,0.0758897897485,3.04452243772,1.13815033979
000852.SH,237488,2019-01-23,2019,1,28,0.286206279273,0.125133820696,6.2205901701,0.568712436686
000852.SH,237575,2019-01-24,2019,1,20,0.0205092309372,0.00546990051994,3.98898404656,1.11581509938
000852.SH,237779,2019-01-25,2019,1,19,0.0205092309372,0.00546990051994,5.55295958492,1.46791830833
000852.SH,238002,2019-01-28,2019,1,19,0.233729373135,0.0427380684195,0,2.40253137792
000852.SH,238296,2019-01-29,2019,-1,20,0.144394594607,0.0642530796368,5.20948615284,1.90553644905
000852.SH,238421,2019-01-29,2019,-1,28,0.744760742789,0.355312749838,4.70048036579,0.537141850413
000852.SH,238743,2019-01-31,2019,-1,19,0.217621142269,0.0981148619027,4.62497281328,1.79881816727
000852.SH,238825,2019-01-31,2019,-1,22,0.395258888273,0.135509241054,3.7135720667,0.691627394
000852.SH,239669,2019-02-12,2019,1,29,0.510716227961,0.267281207374,3.58351893846,0.425189648179
000852.SH,239796,2019-02-13,2019,1,22,0.816606446403,0.380195057739,4.70953020131,0.803764310621
000852.SH,239931,2019-02-14,2019,1,19,0.816606446403,0.380195057739,5.50533153593,1.52338929555
000852.SH,239971,2019-02-14,2019,1,20,0.816606446403,0.380195057739,5.65599181082,1.32183871041
000852.SH,240067,2019-02-14,2019,1,26,0.816606446403,0.380195057739,5.94542060861,0.511432961349
000852.SH,240168,2019-02-15,2019,1,19,0.607738586988,0.181045974517,1.94591014906,1.9111129678
000852.SH,240702,2019-02-19,2019,1,21,0.696205467952,0.376035362403,3.13549421593,1.21864164432
000852.SH,241331,2019-02-21,2019,1,29,0.407796371561,0.153774605645,3.55534806149,1.12145887628
000852.SH,241611,2019-02-25,2019,1,19,0.0975945626681,0.0402835009065,5.35658627467,2.63018643213
000852.SH,241635,2019-02-25,2019,1,20,0.0975945626681,0.0402835009065,5.46383180503,0.765661196136
000852.SH,241692,2019-02-25,2019,1,22,0.0975945626681,0.0402835009065,5.68017260902,0.317432537315
000852.SH,241784,2019-02-25,2019,1,28,0.529596826712,0.235041310716,3.36729582999,0.393413902629
000852.SH,241848,2019-02-26,2019,1,19,0.0937030116976,0.0621442125237,1.79175946923,1.58629846869
000852.SH,241864,2019-02-26,2019,1,19,0.0659221657826,0.0558062218,1.09861228867,2.05063211752
000852.SH,241923,2019-02-26,2019,1,21,0.389158337828,0.29693858386,3.25809653802,1.36211122778
000852.SH,242061,2019-02-26,2019,1,29,0.232711184196,0.127174680619,2.3978952728,0.859645481164
000852.SH,242330,2019-02-28,2019,-1,19,0.296156409561,0.127474176236,2.8903717579,1.36721015788
000852.SH,242822,2019-03-04,2019,1,19,0.0179243036589,0.00741427247451,4.24849524205,2.47949988086
000852.SH,242876,2019-03-04,2019,1,21,0.0179243036589,0.00741427247451,4.82028156561,0.525941450097
000852.SH,242969,2019-03-04,2019,1,27,0.646987219655,0.293772753924,3.04452243772,0.446262217257
000852.SH,243162,2019-03-05,2019,1,26,0.0515738043939,0.0216810505351,2.8903717579,0.843710718214
000852.SH,243223,2019-03-05,2019,1,28,0.541837859047,0.240915345803,3.7135720667,0.71922891602
000852.SH,243318,2019-03-06,2019,1,20,0.648991314336,0.395520448994,2.48490664979,1.26883317012
000852.SH,243423,2019-03-06,2019,1,26,0.318533973241,0.186778933733,4.53259949315,0.858736493861
000852.SH,243477,2019-03-06,2019,1,28,0.109514174251,0.0447483020018,2.63905732962,1.10633142225
000852.SH,243526,2019-03-07,2019,1,19,0.26046101921,0.100058309038,3.73766961828,1.10026626669
000852.SH,243599,2019-03-07,2019,1,21,0.429612194969,0.211840922708,2.7080502011,1.28388917033
000852.SH,243815,2019-03-08,2019,-1,20,0.205013608396,0.120231603043,3.91202300543,0.422516533512
000852.SH,243994,2019-03-08,2019,-1,29,0.473912578702,0.371611707468,1.94591014906,0.565826543851
000852.SH,244015,2019-03-11,2019,1,19,0.386565240946,0.388936461723,1.60943791243,2.32251051236
000852.SH,244201,2019-03-11,2019,1,28,0.223575817207,0.13551411649,2.48490664979,0.412322655763
000852.SH,244276,2019-03-12,2019,1,20,0.540739362311,0.272941805067,4.29045944115,0.93258685122
000852.SH,244305,2019-03-12,2019,1,21,0.540739362311,0.272941805067,4.62497281328,0.740742256066
000852.SH,244430,2019-03-12,2019,1,28,0.675469812977,0.291025790038,3.17805383035,1.14666999606
000852.SH,244777,2019-03-14,2019,-1,20,0.403130889025,0.261556894199,2.3978952728,1.04417035731
000852.SH,244805,2019-03-14,2019,-1,21,0.498137061689,0.369103773585,1.94591014906,1.06252326889
000852.SH,244989,2019-03-15,2019,1,19,0.26738109466,0.153571777582,1.38629436112,1.89384438099
000852.SH,245030,2019-03-15,2019,1,21,0.578891032065,0.39138624262,3.52636052462,0.503193033321
000852.SH,245156,2019-03-15,2019,-1,28,0.136488150844,0.0607207579199,2.30258509299,0.715154954973
000852.SH,245314,2019-03-18,2019,1,22,0.253290791301,0.13086024944,4.5538768916,0.696517657996
000852.SH,245456,2019-03-19,2019,1,19,0.253290791301,0.13086024944,5.46806014114,1.40882171123
000852.SH,245475,2019-03-19,2019,1,20,0.253290791301,0.13086024944,5.54517744448,1.77979914246
000852.SH,245530,2019-03-19,2019,1,22,0.564633174196,0.179105806911,2.63905732962,1.219933915
000852.SH,245956,2019-03-21,2019,1,20,0.0610053631531,0.0344186046512,4.47733681448,1.23339529172
000852.SH,246033,2019-03-21,2019,1,22,0.609076781259,0.28363013126,2.8903717579,0.838870243236
000852.SH,246109,2019-03-21,2019,1,28,0.253265420914,0.119054731322,2.19722457734,1.03993717712
000852.SH,246220,2019-03-22,2019,-1,21,0.095353993193,0.0549231821857,4.07753744391,1.32611124302
000852.SH,246338,2019-03-22,2019,-1,27,0.527837535803,0.164772727273,4.06044301055,0.799644571003
000852.SH,246529,2019-03-25,2019,1,26,0.087684932617,0.055123936367,3.17805383035,0.372564260079
000852.SH,246646,2019-03-26,2019,-1,19,0.184579306172,0.0732187025062,1.60943791243,1.82469745008
000852.SH,246698,2019-03-26,2019,-1,20,0.367871863278,0.284438373437,2.63905732962,1.02623202305
000852.SH,246809,2019-03-26,2019,-1,27,0.402327776244,0.194712884302,3.09104245336,0.699983553228
000852.SH,246839,2019-03-26,2019,-1,28,0.486911040258,0.250802983287,3.04452243772,0.820992494169
000852.SH,246870,2019-03-26,2019,-1,29,0.486911040258,0.250802983287,3.95124371858,0.811414109771
000852.SH,246884,2019-03-27,2019,-1,19,0.345536916937,0.136357466678,1.09861228867,1.75182045224
000852.SH,246948,2019-03-27,2019,-1,21,0.375821432308,0.222990826233,2.77258872224,1.20198173245
000852.SH,247199,2019-03-28,2019,1,21,0.0955075789936,0.0490432545425,4.02535169074,0.759422553444
000852.SH,247277,2019-03-28,2019,1,27,0.278849521049,0.123404718496,3.93182563272,0.732723185962
000852.SH,247315,2019-03-28,2019,1,28,0.278849521049,0.123404718496,4.48863636973,0.712268297886
000852.SH,247857,2019-04-02,2019,1,19,0.637062244586,0.274805359733,1.60943791243,2.31897676655
000852.SH,247899,2019-04-02,2019,1,20,0.821636216113,0.36680726391,3.55534806149,0.820436597052
000852.SH,248035,2019-04-02,2019,1,28,0.246114135458,0.115129266578,3.43398720449,0.787957374291
000852.SH,248076,2019-04-02,2019,1,29,0.246114135458,0.115129266578,4.27666611902,0.709812214391
000852.SH,248116,2019-04-03,2019,-1,20,0.226832080991,0.097840358582,3.21887582487,0.97800233404
000852.SH,248362,2019-04-04,2019,1,20,0.393750759067,0.175131964809,2.30258509299,0.897675638432
000852.SH,248538,2019-04-04,2019,-1,29,0.187265976368,0.117569769275,4.5747109785,0.811900874112
000852.SH,248582,2019-04-08,2019,1,19,0.262056065936,0.107250882205,2.07944154168,2.28103688987
000852.SH,248732,2019-04-08,2019,-1,27,0.2209785704,0.0826667312091,2.30258509299,1.10854341222
000852.SH,249444,2019-04-11,2019,-1,27,0.151123077699,0.0483287159401,3.33220451018,0.706945042767
000852.SH,249534,2019-04-12,2019,-1,19,0.411759514905,0.146693300992,3.61091791264,1.59693098587
000852.SH,249576,2019-04-12,2019,-1,20,0.165291201718,0.0581785451272,2.56494935746,0.834555914219
000852.SH,249628,2019-04-12,2019,-1,22,0.39017985344,0.157085579981,3.52636052462,0.886688612323
000852.SH,249845,2019-04-15,2019,1,21,0.343619171137,0.115252105436,2.8903717579,0.310320698726
000852.SH,250089,2019-04-16,2019,-1,21,0.180439897934,0.0656775726965,3.33220451018,0.742591342389
000852.SH,250285,2019-04-17,2019,-1,20,0.180439897934,0.0656775726965,5.41164605186,1.14265274821
000852.SH,250337,2019-04-17,2019,-1,22,0.180439897934,0.0656775726965,5.62040086572,0.730240261618
000852.SH,250458,2019-04-17,2019,1,29,0.0977933051076,0.0317973279248,2.99573227355,1.53869889026
000852.SH,251097,2019-04-22,2019,1,26,0.210420215829,0.0571896924792,3.04452243772,1.01936375902
000852.SH,251238,2019-04-23,2019,-1,20,0.108734389072,0.027027027027,2.3978952728,1.4672037935
000852.SH,251375,2019-04-23,2019,-1,27,0.300453553799,0.179226893229,4.06044301055,0.858697102468
000852.SH,251455,2019-04-24,2019,-1,19,0.00801810708365,0.00382900130636,4.14313472639,1.49711320951
000852.SH,251492,2019-04-24,2019,-1,20,0.102947835911,0.039398376148,2.07944154168,1.15718529979
000852.SH,251693,2019-04-25,2019,1,19,0.253118157869,0.106860286542,2.48490664979,1.8573733741
000852.SH,251956,2019-04-26,2019,-1,20,0.406509274408,0.12687228387,2.30258509299,1.42702889667
000852.SH,252202,2019-04-29,2019,-1,20,0.614818157738,0.424990858624,2.99573227355,1.61756840049
000852.SH,252272,2019-04-29,2019,-1,22,0.480767762725,0.311143540224,3.43398720449,0.779572873332
000852.SH,252425,2019-04-30,2019,-1,19,0.0316974628658,0.016522504791,2.83321334406,1.4610058286
000852.SH,252649,2019-05-06,2019,-1,19,0.583140658595,0.480654883115,1.38629436112,2.72559192042
000852.SH,252677,2019-05-06,2019,-1,20,0.263485174914,0.262229350441,2.99573227355,0.510504497262
000852.SH,252757,2019-05-06,2019,-1,22,0.331153884372,0.229801966487,3.09104245336,0.376072961069
000852.SH,252807,2019-05-06,2019,-1,27,0.573538814646,0.379499676116,3.7135720667,0.235662596856
000852.SH,252851,2019-05-06,2019,-1,29,0.564870486777,0.332832413375,2.48490664979,0.295057656488
000852.SH,253294,2019-05-08,2019,1,27,0.175368510653,0.0993045548525,3.63758615973,0.320658175238
000852.SH,253746,2019-05-10,2019,-1,26,0.0990627975127,0.0607751991567,2.94443897917,1.76859862326
000852.SH,253848,2019-05-13,2019,1,19,0.111966913144,0.0663690978214,1.94591014906,1.76300202009
000852.SH,254874,2019-05-17,2019,1,21,0.522357633422,0.120736447595,4.04305126783,1.25884151897
000852.SH,255090,2019-05-20,2019,-1,20,0.321091288039,0.0836380587352,2.3978952728,1.31163574887
000852.SH,256108,2019-05-24,2019,-1,22,0.481366862396,0.14890595061,3.04452243772,0.72234236716
000852.SH,256189,2019-05-24,2019,-1,28,0.563468628549,0.171524601906,4.24849524205,0.611314888046
000852.SH,256223,2019-05-24,2019,-1,29,0.144247155341,0.0451678881882,2.77258872224,0.859596985577
000852.SH,256263,2019-05-27,2019,-1,19,0.0774562799861,0.0487893024937,2.77258872224,1.93613779822
000852.SH,256328,2019-05-27,2019,-1,21,0.0774562799861,0.0487893024937,4.39444915467,0.6267232197
000852.SH,256342,2019-05-27,2019,1,22,0.163053665435,0.102382271468,1.60943791243,0.830630093898
000852.SH,256561,2019-05-28,2019,1,21,0.206983118267,0.0815294502856,5.32300997914,0.618204847901
000852.SH,256719,2019-05-28,2019,1,29,0.656489759829,0.20108371327,4.02535169074,1.00777132865
000852.SH,257832,2019-06-04,2019,-1,27,0.292593578462,0.126069540897,5.30330490806,0.541006341489
000852.SH,257928,2019-06-05,2019,-1,19,0.45400515106,0.127324329614,1.94591014906,2.26732117695
000852.SH,258210,2019-06-06,2019,-1,20,0.0899753682135,0.0320799294071,4.38202663467,1.1179356177
000852.SH,258293,2019-06-06,2019,-1,26,0.0899753682135,0.0320799294071,5.09375020081,0.736594626796
000852.SH,258404,2019-06-10,2019,-1,19,0.552687039122,0.167629069867,1.09861228867,1.42693421079
000852.SH,258886,2019-06-12,2019,1,19,0.146657510722,0.0598604480353,6.09130988208,1.65159793012
000852.SH,259038,2019-06-12,2019,1,27,0.762303168426,0.25325603398,4.38202663467,0.764272098712
000852.SH,260784,2019-06-21,2019,1,29,0.450635370252,0.169784594344,4.12713438505,0.57510726563
000852.SH,260872,2019-06-24,2019,1,21,0.0351490230367,0.0182514245014,3.78418963392,0.816478019364
000852.SH,261282,2019-06-26,2019,-1,19,0.356780568136,0.089234708953,0,2.2037509707
000852.SH,261415,2019-06-26,2019,1,26,0.218679639767,0.119993386517,3.58351893846,0.325784433338
000852.SH,261640,2019-06-27,2019,1,23,0.339111228133,0.130552163013,4.75359019111,0.440908023295
000852.SH,262004,2019-07-01,2019,-1,19,0.276803795717,0.0794502676017,3.49650756147,2.66027593898
000852.SH,262579,2019-07-03,2019,1,22,0.252633758993,0.0819011610144,4.58496747867,0.565704141403
000852.SH,263340,2019-07-08,2019,-1,26,0.604801293239,0.312035338894,3.61091791264,0.500043513841
000852.SH,263694,2019-07-10,2019,-1,19,0.195768144554,0.0616436256629,4.27666611902,1.46915937749
000852.SH,263797,2019-07-10,2019,-1,22,0.195768144554,0.0616436256629,5.16478597392,0.528492418096
000852.SH,263976,2019-07-11,2019,-1,20,0.0551365476572,0.015929503474,4.00733318523,0.97793470947
000852.SH,264118,2019-07-11,2019,1,28,0.00950906042456,0.00287120590648,4.47733681448,0.892116058967
000852.SH,264183,2019-07-12,2019,1,19,0.00950906042456,0.00287120590648,5.03043792139,2.01001914564
000852.SH,264216,2019-07-12,2019,-1,20,0.136306997373,0.0501717316638,3.43398720449,1.18168886878
000852.SH,265176,2019-07-18,2019,1,20,0.326174531153,0.0815069224127,4.00733318523,0.734090384856
000852.SH,265661,2019-07-22,2019,-1,21,0.484088095568,0.267067246229,3.61091791264,0.847993750635
000852.SH,267004,2019-07-29,2019,1,28,0.154375838746,0.0221832529592,3.76120011569,0.612675824561
000852.SH,267451,2019-07-31,2019,1,27,0.310819351796,0.11146265902,5.13579843705,0.611975865529
000852.SH,267572,2019-08-01,2019,-1,20,0.20606275961,0.067747861424,2.8903717579,0.653947369901
000852.SH,267855,2019-08-02,2019,-1,22,0.580512734833,0.291283609135,4.40671924726,0.139533109631
000852.SH,268002,2019-08-05,2019,-1,19,0.0345631333454,0.0158403436549,3.43398720449,1.27300021003
000852.SH,268450,2019-08-06,2019,-1,29,0.64148263888,0.307267377627,4.90527477844,0.185748325822
000852.SH,270029,2019-08-15,2019,-1,22,0.286439026653,0.105516421718,4.61512051684,0.221464425411
000852.SH,270890,2019-08-21,2019,1,19,0.394331197447,0.153841388283,4.18965474203,1.76487646235
000852.SH,271379,2019-08-23,2019,-1,19,0.038917406339,0.00833769021216,4.09434456222,1.93889191963
000852.SH,271427,2019-08-23,2019,1,21,0.169414379182,0.0507544581619,2.94443897917,0.941569854591
000852.SH,271639,2019-08-26,2019,-1,20,0.383487433366,0.141432420477,3.49650756147,0.533371887822
000852.SH,272069,2019-08-27,2019,1,29,0.560699516022,0.290992586367,3.85014760171,0.35525612224
000852.SH,273420,2019-09-04,2019,1,26,0.25540362278,0.0852438276338,3.58351893846,0.653317927953
000852.SH,273762,2019-09-06,2019,1,19,0.611787248311,0.239177570093,3.87120101091,1.61428476436
000852.SH,274029,2019-09-09,2019,1,19,0.363636738725,0.106018695155,3.58351893846,2.58288301615
000852.SH,274286,2019-09-10,2019,1,20,0.363636738725,0.106018695155,5.68017260902,1.55644325318
000852.SH,274362,2019-09-10,2019,1,26,0.363636738725,0.106018695155,5.91079664404,0.955933500306
000852.SH,274520,2019-09-11,2019,1,20,0.363636738725,0.106018695155,6.26720054854,1.41899053196
000852.SH,275081,2019-09-16,2019,1,26,0.413251582987,0.0918396057825,5.38907172982,0.500416091973
000852.SH,275198,2019-09-16,2019,1,29,0.083619600392,0.0173546320365,3.13549421593,0.733854365541
000852.SH,275299,2019-09-17,2019,1,22,0.083619600392,0.0173546320365,4.82028156561,0.763276501225
000852.SH,275460,2019-09-18,2019,-1,19,0.268132653907,0.078082478543,2.30258509299,1.43209006608
000852.SH,275556,2019-09-18,2019,-1,22,0.609064780019,0.223199115847,4.20469261939,0.602761648874
000852.SH,275831,2019-09-19,2019,-1,27,0.039394132088,0.0229801804175,4.48863636973,0.67491783259
000852.SH,276059,2019-09-20,2019,1,26,0.39657612141,0.0813261396927,3.73766961828,0.695141886067
000852.SH,276378,2019-09-23,2019,1,29,0.39657612141,0.0813261396927,5.88887795833,0.41119826851
000852.SH,276431,2019-09-24,2019,-1,20,0.0284248185091,0.0051381019538,3.55534806149,1.76121866113
000852.SH,276773,2019-09-25,2019,-1,26,0.0389273079917,0.0108521660218,5.04985600725,0.335636544481
000852.SH,276873,2019-09-25,2019,-1,29,0.0389273079917,0.0108521660218,5.54517744448,0.706756206057
000852.SH,276920,2019-09-26,2019,-1,20,0.0389273079917,0.0108521660218,5.71373280551,1.19711254056
000852.SH,276975,2019-09-26,2019,-1,22,0.0389273079917,0.0108521660218,5.8805329864,0.990804195294
000852.SH,277068,2019-09-26,2019,-1,28,0.0389273079917,0.0108521660218,6.1114673395,0.64310285052
000852.SH,277240,2019-09-27,2019,-1,23,0.517848736476,0.150423423732,4.58496747867,0.596928869809
000852.SH,277618,2019-10-08,2019,-1,19,0.171694342255,0.0663046883158,3.85014760171,1.68925887062
000852.SH,277915,2019-10-09,2019,-1,21,0.303446126834,0.104344972102,3.98898404656,0.66765708007
000852.SH,278416,2019-10-11,2019,1,22,0.337831389735,0.112133911485,3.295836866,1.12415391724
000852.SH,278763,2019-10-14,2019,1,28,0.607867944251,0.179793733167,5.79909265446,0.233178605586
000852.SH,279908,2019-10-21,2019,-1,26,0.610483880717,0.248474912307,4.35670882669,0.38425472519
000852.SH,281465,2019-10-30,2019,1,19,0.637804576616,0.207345146956,3.82864139649,2.38396564438
000852.SH,282311,2019-11-04,2019,-1,27,0.489417814346,0.110716302387,5.87493073085,0.61663592594
000852.SH,282993,2019-11-07,2019,-1,22,0.157017497844,0.0422262103678,4.34380542185,0.620455582519
000852.SH,283201,2019-11-08,2019,-1,21,0.157017497844,0.0422262103678,5.65248918027,0.558217692343
000852.SH,283271,2019-11-08,2019,-1,27,0.157017497844,0.0422262103678,5.87211778948,0.497201654965
000852.SH,283851,2019-11-13,2019,-1,19,0.489481941427,0.13186368856,4.69134788223,1.50618695766
000852.SH,285303,2019-11-21,2019,1,19,0.347280695952,0.0997604239198,4.15888308336,2.47824761003
000852.SH,285847,2019-11-25,2019,-1,21,0.503371665051,0.220510095643,3.91202300543,0.628836780202
000852.SH,287109,2019-12-02,2019,-1,26,0.2964910216,0.0527393889414,5.20948615284,0.544739863261
000852.SH,287453,2019-12-04,2019,1,19,0.111349638518,0.0303669686815,4.58496747867,2.3519902592
000852.SH,288034,2019-12-06,2019,1,22,0.111349638518,0.0303669686815,6.52062112756,0.956581070986
000852.SH,288521,2019-12-10,2019,1,26,0.111349638518,0.0303669686815,7.06133436691,0.569340537671
000852.SH,288762,2019-12-11,2019,1,26,0.593232842381,0.108404654886,3.36729582999,0.683971809918
000852.SH,289717,2019-12-17,2019,1,22,0.709553687298,0.13334339457,6.61338421838,0.888389031004
000852.SH,289977,2019-12-18,2019,1,26,0.709553687298,0.13334339457,6.91274282049,0.583308119976
000852.SH,290392,2019-12-20,2019,1,21,0.0455686702588,0.00832113413977,3.40119738166,1.31708524433
000852.SH,290617,2019-12-23,2019,-1,20,0.467144093676,0.123110151188,2.77258872224,0.718052770883
000852.SH,290722,2019-12-23,2019,-1,27,0.538640611962,0.221741266759,4.47733681448,0.398165661708
000852.SH,290819,2019-12-24,2019,-1,19,0.538640611962,0.221741266759,5.22035582508,2.0954651874
000852.SH,291266,2019-12-25,2019,1,29,0.124734860131,0.0408898959728,3.13549421593,0.934320789045
000852.SH,291477,2019-12-26,2019,1,28,0.533310479878,0.171969391865,5.19295685089,0.796423423142
000852.SH,292070,2019-12-31,2019,-1,21,0.218388181083,0.0803200821601,5.64544689764,0.79141623305
000852.SH,292637,2020-01-03,2020,1,27,0.294546582763,0.100690124993,3.58351893846,0.930399377917
000852.SH,292727,2020-01-06,2020,1,19,0.0620980213614,0.0333792154164,1.79175946923,2.37658408984
000852.SH,292935,2020-01-06,2020,1,29,0.477593547541,0.262320468831,3.295836866,1.02283825486
000852.SH,293054,2020-01-07,2020,1,22,0.250128984835,0.139798588534,4.5747109785,0.843303008752
000852.SH,293214,2020-01-08,2020,1,19,0.250128984835,0.139798588534,5.5490760849,2.36786418758
000852.SH,293412,2020-01-08,2020,1,29,0.251570151246,0.0693782034161,4.27666611902,0.881814964319
000852.SH,293862,2020-01-10,2020,1,28,0.10915235682,0.0385282004802,4.64439089914,0.706851326172
000852.SH,294410,2020-01-15,2020,1,19,0.423891485357,0.134366460521,2.19722457734,2.00862549664
000852.SH,295457,2020-01-21,2020,1,22,0.298998369721,0.11156218284,3.25809653802,0.918231532521
000852.SH,295831,2020-01-22,2020,-1,29,0.289760145521,0.086422613531,5.14749447681,0.268566722823
000852.SH,296019,2020-01-23,2020,-1,27,0.613309932875,0.333579959835,3.04452243772,1.06859710574
000852.SH,296158,2020-02-03,2020,-1,21,0.805291912378,0.794432109308,3.93182563272,0.0205665684873
000852.SH,296333,2020-02-04,2020,-1,19,0.606698442252,0.480033305579,2.07944154168,2.80830939702
000852.SH,296677,2020-02-05,2020,1,22,0.547664896592,0.333292662467,3.55534806149,0.652512318796
000852.SH,296957,2020-02-06,2020,1,27,0.474893162484,0.229265312357,5.1059454739,0.792803260009
000852.SH,297022,2020-02-06,2020,1,29,0.354226114147,0.146288158297,2.94443897917,1.05536161123
000852.SH,297076,2020-02-07,2020,1,20,0.225458544357,0.195029239766,2.56494935746,1.70070202237
000852.SH,297166,2020-02-07,2020,-1,26,0.282121748041,0.231012810056,2.77258872224,0.769245988511
000852.SH,297258,2020-02-07,2020,-1,29,0.282121748041,0.231012810056,4.68213122712,0.810578409977
000852.SH,297290,2020-02-10,2020,-1,19,0.282121748041,0.231012810056,4.94164242261,0.978895291822
000852.SH,297412,2020-02-10,2020,1,26,0.20864525593,0.0789307965432,3.04452243772,1.11855941025
000852.SH,297530,2020-02-11,2020,1,19,0.11483133815,0.0496851658297,1.60943791243,1.29948907635
000852.SH,297765,2020-02-12,2020,1,19,0.0209996428649,0.0067519858782,3.295836866,1.46657657936
000852.SH,297855,2020-02-12,2020,1,22,0.104470979989,0.0534239735761,4.47733681448,0.861754444944
000852.SH,298039,2020-02-13,2020,1,20,0.488080887782,0.188755541842,2.3978952728,1.62986006644
000852.SH,298411,2020-02-14,2020,1,27,0.234557137186,0.0970488819553,3.91202300543,0.878566606822
000852.SH,298816,2020-02-18,2020,1,22,0.522433107181,0.242078268452,2.94443897917,1.5256665416
000852.SH,298937,2020-02-18,2020,1,29,0.648390676575,0.305628857936,4.70953020131,0.918919880793
000852.SH,298965,2020-02-19,2020,1,19,0.648390676575,0.305628857936,4.93447393313,1.51962081166
000852.SH,299004,2020-02-19,2020,1,20,0.648390676575,0.305628857936,5.18178355029,1.21089661707
000852.SH,299057,2020-02-19,2020,1,22,0.648390676575,0.305628857936,5.44241771052,0.828942609524
000852.SH,299165,2020-02-19,2020,1,28,0.382690947241,0.106028634311,3.09104245336,1.1140386012
000852.SH,299620,2020-02-21,2020,1,28,0.525281597042,0.215874536593,2.8903717579,1.2931094794
000852.SH,299692,2020-02-24,2020,1,19,0.017324515074,0.00827457607365,1.09861228867,1.61886368304
000852.SH,299739,2020-02-24,2020,1,20,0.233643035385,0.135767601372,1.79175946923,1.20793026766
000852.SH,299852,2020-02-24,2020,1,27,0.0335983378454,0.0207596772731,4.52178857705,0.831507520775
000852.SH,299918,2020-02-24,2020,1,29,0.40561857204,0.203947514981,2.63905732962,0.661029921326
000852.SH,299923,2020-02-25,2020,1,19,0.40561857204,0.203947514981,2.94443897917,2.5770562907
000852.SH,300072,2020-02-25,2020,-1,27,0.566069846388,0.420287292818,3.82864139649,0.472540663944
000852.SH,300114,2020-02-25,2020,-1,28,0.566069846388,0.420287292818,4.47733681448,0.369639008741
000852.SH,300164,2020-02-26,2020,1,19,0.0907768743489,0.0597005064964,1.09861228867,1.88733441672
000852.SH,300666,2020-02-28,2020,-1,19,0.262224534812,0.133594870497,2.99573227355,2.67451857135
000852.SH,300718,2020-02-28,2020,-1,21,0.243415474651,0.116312187055,2.48490664979,0.517736795997
000852.SH,300803,2020-02-28,2020,-1,27,0.376637903109,0.247883579375,3.40119738166,0.354959500811
000852.SH,300888,2020-03-02,2020,-1,19,0.0651801984883,0.0355064955766,1.94591014906,2.24318416014
000852.SH,301067,2020-03-02,2020,1,28,0.339957775824,0.22467116957,5.09375020081,0.277268075608
000852.SH,301279,2020-03-03,2020,1,27,0.717916102073,0.289020929408,3.93182563272,0.526207390383
000852.SH,301626,2020-03-05,2020,1,19,0.256795817167,0.129005427504,1.60943791243,2.39797520528
000852.SH,301793,2020-03-05,2020,1,28,0.504757583998,0.202194614711,4.11087386417,0.383812060087
000852.SH,301844,2020-03-06,2020,1,19,0.00781901908439,0.00221737894438,1.09861228867,2.39769183035
000852.SH,301879,2020-03-06,2020,-1,20,0.11051849125,0.0484170834534,3.4657359028,0.87339932585
000852.SH,302091,2020-03-09,2020,-1,19,0.324971377233,0.181357404904,1.79175946923,2.50476633552
000852.SH,302127,2020-03-09,2020,-1,20,0.268253425721,0.247839224229,2.94443897917,0.721203652752
000852.SH,302204,2020-03-09,2020,-1,26,0.123809457659,0.0686361617059,3.93182563272,0.396778119407
000852.SH,302277,2020-03-09,2020,-1,28,0.363643989527,0.157856377278,3.58351893846,0.423724228013
000852.SH,302326,2020-03-10,2020,-1,19,0.292783086113,0.142503153721,3.7135720667,1.31707695963
000852.SH,302348,2020-03-10,2020,-1,19,0.539559470981,0.333435854062,2.7080502011,2.32451183026
000852.SH,302508,2020-03-10,2020,1,28,0.381177035693,0.227560232304,2.77258872224,0.517107708355
000852.SH,302579,2020-03-11,2020,1,19,0.705600850456,0.482712354216,3.89182029811,1.18982841236
000852.SH,302612,2020-03-11,2020,1,20,0.705600850456,0.482712354216,4.40671924726,0.776628356445
000852.SH,302662,2020-03-11,2020,1,22,0.445691714592,0.170982490887,2.7080502011,0.671609831666
000852.SH,302820,2020-03-12,2020,-1,19,0.336992447969,0.109822307893,2.3978952728,2.50980409224
000852.SH,302881,2020-03-12,2020,-1,21,0.135898814936,0.0749390288966,2.7080502011,0.658194391592
000852.SH,302983,2020-03-12,2020,-1,28,0.0998815222309,0.0503842407187,2.07944154168,0.485023893724
000852.SH,303035,2020-03-12,2020,-1,29,0.247845573789,0.146826244924,2.8903717579,0.634773306194
000852.SH,303074,2020-03-13,2020,-1,20,0.616028714218,0.594251320477,3.13549421593,0.418671988275
000852.SH,303492,2020-03-16,2020,-1,29,0.387872699028,0.308047790803,2.83321334406,0.999665479245
000852.SH,303521,2020-03-17,2020,-1,19,0.256417830062,0.178335769009,3.295836866,0.743021409898
000852.SH,303523,2020-03-17,2020,-1,19,0.310740795809,0.256626625633,0.69314718056,2.16314991353
000852.SH,303538,2020-03-17,2020,-1,19,0.287303804704,0.251716762355,1.60943791243,2.39971227347
000852.SH,303602,2020-03-17,2020,-1,21,0.393004575994,0.266102639936,3.40119738166,0.800578566953
000852.SH,303625,2020-03-17,2020,-1,22,0.393004575994,0.266102639936,3.97029191355,0.627339877159
000852.SH,303685,2020-03-17,2020,1,27,0.142355235968,0.081474237516,3.4657359028,0.431188098649
000852.SH,303825,2020-03-18,2020,1,21,0.178208330372,0.0786252758907,2.8903717579,0.705733437963
000852.SH,303978,2020-03-18,2020,-1,29,0.377969350779,0.184324089252,1.79175946923,0.866835613899
000852.SH,304011,2020-03-19,2020,-1,19,0.44341094697,0.279254960184,1.79175946923,1.85131737917
000852.SH,304031,2020-03-19,2020,-1,20,0.104562635917,0.0818007563591,2.30258509299,2.11414731921
000852.SH,304077,2020-03-19,2020,1,21,0.0129837927746,0.00774393391843,2.77258872224,0.845274584993
000852.SH,304119,2020-03-19,2020,-1,22,0.449430409924,0.237941715658,2.99573227355,0.937339664312
000852.SH,304188,2020-03-19,2020,1,28,0.256271858562,0.183706676791,3.76120011569,0.58614394406
000852.SH,304236,2020-03-19,2020,1,29,0.504444316446,0.279041196866,3.295836866,0.450704772373
000852.SH,304255,2020-03-20,2020,1,19,0.314565123411,0.220340522134,1.38629436112,1.77059948811
000852.SH,304368,2020-03-20,2020,-1,26,0.0630231164609,0.0419654903075,4.2341065046,0.68397729899
000852.SH,304407,2020-03-20,2020,-1,27,0.424554779015,0.138920880506,2.19722457734,0.628962444475
000852.SH,304492,2020-03-23,2020,-1,19,0.248112722161,0.145671355936,1.94591014906,2.61659821865
000852.SH,304589,2020-03-23,2020,-1,22,0.32421894421,0.129682663658,3.76120011569,0.375073885056
000852.SH,304608,2020-03-23,2020,-1,26,0.32421894421,0.129682663658,4.12713438505,0.387016990129
000852.SH,304671,2020-03-23,2020,1,28,0.0425169777154,0.0169624109679,3.98898404656,0.361784939991
000852.SH,304726,2020-03-24,2020,-1,19,0.253592633427,0.112884489116,1.60943791243,2.30980761351
000852.SH,304940,2020-03-24,2020,-1,29,0.572600402936,0.32280431433,3.91202300543,0.531069449488
000852.SH,305058,2020-03-25,2020,1,22,0.347809010724,0.208070064829,2.83321334406,0.318964625256
000852.SH,305206,2020-03-26,2020,1,19,0.128986203927,0.0326091991292,1.60943791243,2.26294071108
000852.SH,305285,2020-03-26,2020,-1,21,0.0550792989772,0.0251922191121,4.18965474203,0.56149587999
000852.SH,305336,2020-03-26,2020,1,26,0.0954639773267,0.0345236401574,3.13549421593,0.536914065575
000852.SH,305757,2020-03-30,2020,-1,21,0.674133005738,0.354121170525,2.99573227355,0.436520002714
000852.SH,305922,2020-03-31,2020,1,19,0.218253548109,0.106035983749,0,1.60248211989
000852.SH,305979,2020-03-31,2020,1,20,0.218253548109,0.106035983749,4.06044301055,0.739076163338
000852.SH,306069,2020-03-31,2020,1,26,0.0902319352427,0.0285627731856,3.25809653802,0.731983322167
000852.SH,306212,2020-04-01,2020,-1,20,0.187145673179,0.0802552350139,3.73766961828,0.945241884936
000852.SH,306527,2020-04-02,2020,-1,26,0.142625327966,0.0432399426308,4.48863636973,0.617205828933
000852.SH,306803,2020-04-03,2020,1,27,0.21179836191,0.065827837896,4.02535169074,0.738821107542
000852.SH,307018,2020-04-07,2020,1,26,0.437150229427,0.117396009883,5.08759633523,0.291741684094
000852.SH,307127,2020-04-08,2020,1,19,0.437150229427,0.117396009883,5.60211882088,2.12700238498
000852.SH,307242,2020-04-08,2020,1,26,0.437150229427,0.117396009883,5.95583736946,0.881105853652
000852.SH,307285,2020-04-08,2020,1,27,0.437150229427,0.117396009883,6.06145691893,0.706920898287
000852.SH,307357,2020-04-08,2020,1,29,0.539869350938,0.136226338348,3.33220451018,0.679439522942
000852.SH,307406,2020-04-09,2020,1,20,0.702622917527,0.199066021326,3.80666248977,0.789550495342
000852.SH,307642,2020-04-10,2020,1,20,0.407856340093,0.148736479035,3.61091791264,1.69629106528
000852.SH,307705,2020-04-10,2020,1,22,0.407856340093,0.148736479035,4.60517018599,0.938638879322
000852.SH,307945,2020-04-13,2020,-1,22,0.413004958596,0.133778309211,4.44265125649,0.358353722327
000852.SH,309221,2020-04-20,2020,1,28,0.717170452566,0.378068087202,4.09434456222,0.0455134435795
000852.SH,310216,2020-04-24,2020,-1,29,0.0766899269769,0.0214249168585,5.43372200355,0.92236327503
000852.SH,310425,2020-04-27,2020,-1,28,0.693781035089,0.236134798186,5.09986642782,0.672066525714
000852.SH,310559,2020-04-28,2020,-1,21,0.595289723749,0.343750487816,3.82864139649,0.915168470801
000852.SH,311204,2020-05-06,2020,1,19,0.457820939936,0.158201887485,1.09861228867,2.07367895376
000852.SH,311509,2020-05-07,2020,1,21,0.536532783064,0.246714019397,5.71373280551,1.03056763672
000852.SH,311619,2020-05-07,2020,1,27,0.602311940747,0.188404246784,3.68887945411,0.542520009401
000852.SH,311772,2020-05-08,2020,1,22,0.593640503595,0.181300483066,4.51085950652,0.528098559864
000852.SH,312140,2020-05-11,2020,1,29,0.400353950733,0.0952471733807,4.60517018599,0.616605008538
000852.SH,312402,2020-05-13,2020,-1,19,0.29017782209,0.0970118706508,4.51085950652,1.86396627289
000852.SH,312665,2020-05-14,2020,1,19,0.311972242361,0.0966063380582,3.17805383035,2.4498317388
000852.SH,313148,2020-05-18,2020,1,19,0.0144169811797,0.0024066759097,3.04452243772,2.02702618608
000852.SH,313362,2020-05-19,2020,1,19,0.0165651720622,0.00691443388073,0,2.03385604861
000852.SH,313687,2020-05-20,2020,1,21,0.0165651720622,0.00691443388073,5.78689738137,0.821299802658
000852.SH,313908,2020-05-21,2020,1,21,0.120990375239,0.0396238819053,5.33271879327,1.08913267256
000852.SH,314249,2020-05-22,2020,-1,27,0.530119778533,0.119492007779,2.7080502011,1.2372150425
000852.SH,314482,2020-05-25,2020,-1,27,0.316385170501,0.195578055584,4.54329478227,0.632274449326
000852.SH,314886,2020-05-27,2020,1,21,0.557996669608,0.174505907033,2.94443897917,1.04122062319
000852.SH,316264,2020-06-04,2020,1,19,0.455308533885,0.106523094985,3.98898404656,1.67207537533
000852.SH,316972,2020-06-09,2020,1,19,0.163076680569,0.0677290836653,4.70048036579,1.79997265288
000852.SH,317643,2020-06-11,2020,1,28,0.288590674106,0.0516952028099,4.18965474203,1.18017201217
000852.SH,317738,2020-06-12,2020,-1,20,0.251458855442,0.0697207458027,3.97029191355,0.321567227628
000852.SH,318499,2020-06-17,2020,1,22,0.298615717365,0.102989091939,3.09104245336,1.17025174042
000852.SH,318746,2020-06-18,2020,1,22,0.0783773487198,0.0248407643312,3.58351893846,0.638609036044
000852.SH,319414,2020-06-23,2020,1,20,0.371841414705,0.0763502195663,3.33220451018,0.95010112966
000852.SH,319797,2020-06-24,2020,1,28,0.0945310859248,0.0213140891164,3.89182029811,0.682884621317
000852.SH,320304,2020-06-30,2020,1,29,0.359923768862,0.0900033048949,3.17805383035,0.483489615463
000852.SH,320498,2020-07-01,2020,1,27,0.240109646963,0.0974531677542,3.21887582487,1.19417118267
000852.SH,320564,2020-07-02,2020,-1,19,0.109564416412,0.0503124730006,3.61091791264,1.30644693798
000852.SH,321202,2020-07-06,2020,1,27,0.670247054682,0.256616942658,2.56494935746,0.85947729074
000852.SH,321299,2020-07-07,2020,1,19,0.371083421365,0.219433587053,1.60943791243,2.5576224288
000852.SH,321358,2020-07-07,2020,1,21,0.168776224812,0.108576935432,4.00733318523,0.62318994879
000852.SH,321449,2020-07-07,2020,1,27,0.168776224812,0.108576935432,4.98360662171,0.382543766604
000852.SH,321496,2020-07-07,2020,1,29,0.415653895358,0.244708113889,3.25809653802,0.646866035225
000852.SH,321823,2020-07-09,2020,1,21,0.370811301464,0.176538664911,2.19722457734,1.6467998437
000852.SH,321948,2020-07-09,2020,1,28,0.417412145923,0.253429167124,2.83321334406,0.913822290896
000852.SH,322080,2020-07-10,2020,1,21,0.293988702546,0.247225205872,3.04452243772,1.04506608089
000852.SH,322259,2020-07-13,2020,1,19,0.0942360643308,0.0425709168159,2.8903717579,2.09653642165
000852.SH,322429,2020-07-13,2020,1,28,0.0942360643308,0.0425709168159,5.23644196283,0.460456372552
000852.SH,322457,2020-07-13,2020,1,29,0.0942360643308,0.0425709168159,5.37527840768,0.583904928691
000852.SH,322509,2020-07-14,2020,1,19,0.0942360643308,0.0425709168159,5.59098698051,2.00899921351
000852.SH,322531,2020-07-14,2020,1,20,0.521893775614,0.201472544696,2.30258509299,1.63045998585
000852.SH,322903,2020-07-15,2020,-1,28,0.442247809433,0.243861552115,4.18965474203,0.695375342772
000852.SH,322985,2020-07-16,2020,-1,19,0.0835933455316,0.0472900599829,2.56494935746,1.95242639009
000852.SH,323032,2020-07-16,2020,-1,21,0.199407769806,0.139816958871,2.19722457734,1.04488682322
000852.SH,323135,2020-07-16,2020,-1,27,0.396577371926,0.207846488214,2.83321334406,1.13974077788
000852.SH,323173,2020-07-16,2020,-1,29,0.420361887965,0.26450745265,3.58351893846,0.875733040746
000852.SH,323192,2020-07-16,2020,-1,29,0.485426149464,0.3187980553,2.30258509299,1.14948388207
000852.SH,323220,2020-07-17,2020,-1,19,0.3414541063,0.178018575851,2.3978952728,1.91948038693
000852.SH,323308,2020-07-17,2020,1,22,0.335293150051,0.250449702504,3.17805383035,0.637478871479
000852.SH,323334,2020-07-17,2020,-1,26,0.116294594862,0.0696222641721,2.07944154168,0.858662087618
000852.SH,323373,2020-07-17,2020,-1,27,0.0651453409087,0.0436756560429,2.07944154168,0.705608179449
000852.SH,323419,2020-07-17,2020,-1,29,0.0651453409087,0.0436756560429,3.98898404656,0.605666393668
000852.SH,323447,2020-07-20,2020,1,19,0.32768855815,0.144989094249,1.79175946923,1.8103836294
000852.SH,323643,2020-07-20,2020,1,28,0.204458738716,0.112904449898,5.09986642782,0.435269594133
000852.SH,323789,2020-07-21,2020,1,22,0.51309614469,0.167583711855,3.76120011569,1.03268778664
000852.SH,324107,2020-07-22,2020,1,28,0.388743973436,0.125665192728,3.09104245336,0.907499825393
000852.SH,324229,2020-07-23,2020,-1,21,0.259407936892,0.0871372109986,3.4657359028,1.37746832013
000852.SH,324315,2020-07-23,2020,-1,27,0.484985191181,0.222502597595,4.06044301055,0.537625667049
000852.SH,324552,2020-07-24,2020,-1,27,0.133749791588,0.0467463798594,2.3978952728,1.37041732661
000852.SH,324606,2020-07-24,2020,-1,28,0.433786447606,0.269089116376,2.48490664979,1.04092672143
000852.SH,324672,2020-07-27,2020,-1,20,0.280193676259,0.186360386128,2.7080502011,1.45180714049
000852.SH,324826,2020-07-27,2020,-1,28,0.305976929714,0.16722754336,3.61091791264,0.534178259834
000852.SH,324926,2020-07-28,2020,1,20,0.0942059502577,0.0493848796046,3.89182029811,0.965480644447
000852.SH,325066,2020-07-28,2020,1,28,0.381477381273,0.133235128189,3.76120011569,0.656681828074
000852.SH,325260,2020-07-29,2020,1,26,0.268319335173,0.0914513769547,4.97673374242,0.634202704664
000852.SH,325404,2020-07-30,2020,1,20,0.547918094001,0.175693906713,2.8903717579,1.38144086334
000852.SH,325744,2020-07-31,2020,-1,26,0.125924309478,0.0557149065624,3.61091791264,0.864482827354
000852.SH,326142,2020-08-04,2020,1,21,0.467615796461,0.156535765469,2.3978952728,1.29068537861
000852.SH,326194,2020-08-04,2020,1,22,0.0162003104463,0.00880134115675,2.48490664979,1.09241731841
000852.SH,326280,2020-08-04,2020,-1,28,0.245736901547,0.145803258404,3.33220451018,0.643534728371
000852.SH,326347,2020-08-05,2020,-1,19,0.201283923176,0.109955558243,4.06044301055,1.73328104065
000852.SH,326654,2020-08-06,2020,1,22,0.300486805546,0.0981413040546,3.58351893846,1.31360376544
000852.SH,326746,2020-08-06,2020,1,28,0.0874267503583,0.0212591917247,4.46590811865,0.678800519649
000852.SH,326804,2020-08-07,2020,1,19,0.0484011306517,0.0112288628285,1.09861228867,1.5524749728
000852.SH,326868,2020-08-07,2020,1,21,0.0484011306517,0.0112288628285,4.20469261939,1.04612398165
000852.SH,326905,2020-08-07,2020,-1,22,0.0767669192118,0.0285174738251,3.17805383035,0.893101848484
000852.SH,326948,2020-08-07,2020,-1,26,0.421914877384,0.181600245138,3.33220451018,1.38916878003
000852.SH,327027,2020-08-07,2020,-1,29,0.357749183078,0.178724919862,4.27666611902,0.525750930476
000852.SH,327067,2020-08-10,2020,1,19,0.130609644208,0.0939397410929,2.30258509299,1.69504501727
000852.SH,327128,2020-08-10,2020,1,21,0.130609644208,0.0939397410929,4.26267987704,0.723471234974
000852.SH,327253,2020-08-10,2020,-1,29,0.164487901844,0.0540128881078,4.45434729625,0.510037291384
000852.SH,327604,2020-08-12,2020,-1,21,0.558692344229,0.17397802599,2.3978952728,0.988500295994
000852.SH,327699,2020-08-12,2020,-1,27,0.279668437792,0.177359271523,3.09104245336,0.744464666695
000852.SH,327799,2020-08-13,2020,1,20,0.249869522997,0.105814708337,2.48490664979,1.30162305182
000852.SH,327886,2020-08-13,2020,1,26,0.149528598143,0.0911645030033,2.19722457734,0.68973670558
000852.SH,327972,2020-08-13,2020,1,29,0.0722903089317,0.0344110946805,2.63905732962,0.87347001274
000852.SH,328008,2020-08-14,2020,1,19,0.0722903089317,0.0344110946805,3.91202300543,1.08338246419
000852.SH,328032,2020-08-14,2020,-1,20,0.0108566250523,0.00398932353701,2.56494935746,1.44338985466
000852.SH,328756,2020-08-19,2020,1,20,0.55444394541,0.152209473444,3.49650756147,1.3709545085
000852.SH,329982,2020-08-26,2020,1,21,0.297451582335,0.0953998308283,5.25227342805,0.858750729021
000852.SH,330185,2020-08-27,2020,-1,19,0.285601523834,0.0604379080529,2.63905732962,1.59308667171
000852.SH,330916,2020-09-01,2020,1,20,0.711555504769,0.170390636875,4.36944785247,1.62379151498
000852.SH,332111,2020-09-08,2020,-1,20,0.297773504123,0.214131883909,2.30258509299,1.75999903907
000852.SH,332326,2020-09-09,2020,1,19,0.238886415455,0.107822977202,1.60943791243,2.23975574832
000852.SH,332347,2020-09-09,2020,1,19,0.238886415455,0.107822977202,3.25809653802,2.42543455656
000852.SH,332472,2020-09-09,2020,-1,27,0.300369107485,0.139323399968,4.33073334029,0.451644638587
000852.SH,332567,2020-09-10,2020,-1,19,0.00234419307004,0.00115742627521,1.79175946923,1.68414942342
000852.SH,332661,2020-09-10,2020,-1,22,0.52601558283,0.309204178956,3.61091791264,0.567740175402
000852.SH,332720,2020-09-10,2020,-1,27,0.336054517931,0.201755288148,3.04452243772,0.985720797711
000852.SH,332766,2020-09-10,2020,-1,28,0.19161899588,0.14092914612,3.09104245336,0.858860656463
000852.SH,332798,2020-09-10,2020,-1,29,0.19161899588,0.14092914612,3.98898404656,0.983305169236
000852.SH,332811,2020-09-11,2020,-1,19,0.19161899588,0.14092914612,4.20469261939,1.4149017839
000852.SH,332873,2020-09-11,2020,-1,21,0.409282171817,0.163947046659,3.85014760171,0.731433435189
000852.SH,333096,2020-09-14,2020,1,20,0.149924851032,0.0701818402968,5.11198778836,0.922215898848
000852.SH,333150,2020-09-14,2020,1,22,0.149924851032,0.0701818402968,5.39362754635,0.981117062538
000852.SH,333472,2020-09-15,2020,1,28,0.50984882299,0.189120436091,5.32300997914,0.988430665401
000852.SH,333583,2020-09-16,2020,1,21,0.0745738788735,0.0128557685767,2.83321334406,0.976016141281
000852.SH,333733,2020-09-16,2020,1,29,0.0745738788735,0.0128557685767,5.11799381242,0.962583965201
000852.SH,333847,2020-09-17,2020,-1,21,0.165605062245,0.0239943315405,3.09104245336,0.689786159077
000852.SH,334009,2020-09-18,2020,1,19,0.401894208911,0.253089810492,2.99573227355,1.01071401507
000852.SH,334369,2020-09-21,2020,1,26,0.34002689044,0.110048823639,5.51342874616,0.77394979246
000852.SH,334735,2020-09-23,2020,-1,19,0.305824717913,0.0746838854839,4.31748811354,1.30735477563
000852.SH,335075,2020-09-24,2020,-1,22,0.158452320083,0.0421177379193,4.73619844839,0.951738052158
000852.SH,335118,2020-09-24,2020,-1,27,0.158452320083,0.0421177379193,5.05624580535,0.557329084571
000852.SH,335161,2020-09-24,2020,-1,28,0.40247071307,0.0920651830151,2.99573227355,0.647726120611
000852.SH,335208,2020-09-25,2020,-1,19,0.597052711296,0.193510206796,3.33220451018,1.44831666912
000852.SH,335265,2020-09-25,2020,-1,21,0.283953026708,0.1022849174,2.83321334406,0.988030777484
000852.SH,335345,2020-09-25,2020,-1,26,0.283228980784,0.106772863986,4.09434456222,0.922058190541
000852.SH,335400,2020-09-25,2020,-1,28,0.283228980784,0.106772863986,4.74493212836,0.790089725227
000852.SH,335446,2020-09-28,2020,-1,19,0.30777225154,0.097420875575,3.58351893846,1.2672647013
000852.SH,335549,2020-09-28,2020,-1,22,0.279865555038,0.0905702402327,4.36944785247,0.716481526405
000852.SH,335607,2020-09-28,2020,-1,27,0.297968507357,0.0965101636985,3.17805383035,0.778669754831
000852.SH,336126,2020-09-30,2020,1,28,0.25732885272,0.053736931014,4.02535169074,1.42272762248
000852.SH,336616,2020-10-12,2020,1,29,0.183415889101,0.0367797388075,6.17586727011,0.361229109881
000852.SH,336686,2020-10-13,2020,1,20,0.183415889101,0.0367797388075,6.31173480915,0.753585341911
000852.SH,337160,2020-10-15,2020,1,20,0.705868016218,0.223021093604,5.48063892334,1.40391155272
000852.SH,338504,2020-10-22,2020,-1,28,0.278378617111,0.0783358842354,4.58496747867,0.578949196998
000852.SH,338783,2020-10-23,2020,-1,29,0.368229790046,0.101219937884,5.09375020081,0.928764170654
000852.SH,338809,2020-10-26,2020,-1,19,0.368229790046,0.101219937884,5.24174701506,2.30020742
000852.SH,338919,2020-10-26,2020,-1,22,0.473475678106,0.167385300137,4.60517018599,0.504656581588
000852.SH,340035,2020-11-02,2020,-1,20,0.302647443783,0.0768025711217,2.19722457734,1.31454803426
000852.SH,340084,2020-11-02,2020,-1,21,0.632162776186,0.154064045321,3.80666248977,0.944502008597
000852.SH,340152,2020-11-02,2020,-1,27,0.632162776186,0.154064045321,4.72738781871,0.754626627573
000852.SH,340567,2020-11-04,2020,1,21,0.446491351712,0.113609434332,3.09104245336,1.19766850294
000852.SH,340829,2020-11-05,2020,1,22,0.097768386715,0.0691958658936,4.68213122712,0.551722079006
000852.SH,341048,2020-11-06,2020,1,21,0.516444195393,0.147233928691,3.97029191355,0.963047904935
000852.SH,341441,2020-11-10,2020,1,19,0.18223974365,0.0426197136745,5.5490760849,0.413081019542
000852.SH,342286,2020-11-13,2020,-1,26,0.232694653078,0.0808024519365,3.97029191355,0.781266979985
000852.SH,342422,2020-11-16,2020,1,19,0.152920341553,0.0474336793541,3.04452243772,1.70744165704
000852.SH,342639,2020-11-16,2020,1,29,0.152920341553,0.0474336793541,5.47227067367,0.426633143286
000852.SH,342804,2020-11-17,2020,1,27,0.303031104537,0.0703070277843,4.99721227376,0.77462490076
000852.SH,342869,2020-11-17,2020,1,29,0.303031104537,0.0703070277843,5.36129216571,0.900866372763
000852.SH,342911,2020-11-18,2020,-1,20,0.0309684143004,0.00761847071432,3.33220451018,1.77235430088
000852.SH,343169,2020-11-19,2020,-1,20,0.0640474045441,0.0166654558663,3.36729582999,0.963388224576
000852.SH,343422,2020-11-20,2020,-1,21,0.0640474045441,0.0166654558663,5.64190707094,1.26905985125
000852.SH,343912,2020-11-24,2020,1,21,0.362272370997,0.0666706843041,2.99573227355,0.996521392804
000852.SH,344089,2020-11-25,2020,1,19,0.362272370997,0.0666706843041,5.28320372874,1.15547888988
000852.SH,344522,2020-11-26,2020,-1,28,0.0636396021587,0.0111407677802,4.56434819147,0.618077355986
000852.SH,344803,2020-11-30,2020,-1,19,0.158764489404,0.0359002770083,3.4657359028,1.15529084333
000852.SH,344897,2020-11-30,2020,1,22,0.131113292115,0.0695526695527,4.40671924726,0.958598267775
000852.SH,345049,2020-12-01,2020,1,19,0.246513497111,0.1033156196,3.43398720449,1.4548069957
000852.SH,345356,2020-12-02,2020,1,21,0.0771728250466,0.0227236421725,5.598421959,1.08628490538
000852.SH,345574,2020-12-03,2020,1,20,0.326443852609,0.0655761761742,3.63758615973,1.13410523388
000852.SH,346142,2020-12-07,2020,1,26,0.383989327567,0.0809921648413,6.24610676548,0.683932885478
000852.SH,346894,2020-12-10,2020,-1,27,0.418277920788,0.0658531040754,4.88280192259,0.495326846912
000852.SH,347102,2020-12-11,2020,-1,26,0.391586824479,0.09273729572,5.25749537203,1.29437790579
000852.SH,347204,2020-12-14,2020,-1,19,0.374197311074,0.127544861994,3.17805383035,1.13755201604
000852.SH,348700,2020-12-22,2020,1,21,0.357200104971,0.0906440641365,3.63758615973,1.04197246241
000852.SH,348883,2020-12-23,2020,1,19,0.357200104971,0.0906440641365,5.39816270152,1.17664630049
000852.SH,348929,2020-12-23,2020,1,20,0.357200104971,0.0906440641365,5.5872486584,1.16187810783
000852.SH,349034,2020-12-23,2020,-1,27,0.0690982497667,0.0152687379754,3.97029191355,0.914460497493
000852.SH,349197,2020-12-24,2020,-1,21,0.358252130463,0.0778377942599,4.93447393313,0.834027795471
000852.SH,349280,2020-12-24,2020,-1,27,0.358252130463,0.0778377942599,5.40267738187,0.967936746441
000852.SH,349385,2020-12-25,2020,-1,19,0.358252130463,0.0778377942599,5.7899601709,2.12738868641
000688.SH,243,2020-07-24,2020,1,19,0.290704094704,0.107135596666,1.09861228867,2.17512231787
000688.SH,256,2020-07-24,2020,-1,19,0.326377224742,0.324891702766,1.09861228867,2.32616575855
000688.SH,322,2020-07-24,2020,-1,21,0.078183793308,0.0553646429935,4.02535169074,0.661535011104
000688.SH,372,2020-07-24,2020,-1,26,0.078183793308,0.0553646429935,4.66343909411,0.879500257912
000688.SH,390,2020-07-24,2020,-1,27,0.576437881876,0.224694546538,2.30258509299,1.07564286733
000688.SH,444,2020-07-24,2020,-1,28,0.452190327825,0.224815432246,2.3978952728,0.793017829498
000688.SH,482,2020-07-27,2020,-1,19,0.196767410027,0.168851807708,0.69314718056,1.31039529639
000688.SH,487,2020-07-27,2020,-1,19,0.344862388262,0.294894366197,1.60943791243,1.49284646858
000688.SH,511,2020-07-27,2020,-1,20,0.347205580974,0.215641732922,2.7080502011,1.60694656816
000688.SH,533,2020-07-27,2020,-1,20,0.347205580974,0.215641732922,3.61091791264,0.63780999142
000688.SH,548,2020-07-27,2020,1,21,0.00683705153059,0.00346820809248,2.7080502011,0.680470706101
000688.SH,642,2020-07-27,2020,-1,27,0.479182822158,0.284317892053,2.83321334406,0.701604824928
000688.SH,766,2020-07-28,2020,1,20,0.420945353451,0.202337974901,2.77258872224,0.726701651192
000688.SH,969,2020-07-29,2020,-1,19,0.18978423727,0.0641254715108,4.06044301055,1.63817802896
000688.SH,1231,2020-07-30,2020,1,20,0.678528905418,0.247512679101,2.7080502011,1.96076034383
000688.SH,1358,2020-07-30,2020,1,27,0.167036061138,0.0924651162791,3.36729582999,0.623966521858
000688.SH,1454,2020-07-31,2020,-1,19,0.233043064233,0.0765610061043,2.56494935746,1.8069189393
000688.SH,1513,2020-07-31,2020,1,21,0.193980756443,0.0794266243685,2.8903717579,0.883910993501
000688.SH,1687,2020-08-03,2020,1,19,0.655175895675,0.469428891377,1.09861228867,2.26106514852
000688.SH,1704,2020-08-03,2020,1,19,0.660383608303,0.495145631068,2.83321334406,2.34044815683
000688.SH,1799,2020-08-03,2020,1,23,0.746565729538,0.438333443906,2.19722457734,0.665925875283
000688.SH,1846,2020-08-03,2020,1,27,0.0316128381688,0.0270783847981,2.19722457734,0.551103048699
000688.SH,1925,2020-08-04,2020,1,19,0.309120773835,0.254032258065,1.38629436112,1.42546817853
000688.SH,1937,2020-08-04,2020,1,19,0.120142803105,0.120717259046,1.79175946923,1.98313775391
000688.SH,1970,2020-08-04,2020,-1,20,0.102873133098,0.0837070254111,2.7080502011,1.04007341725
000688.SH,2013,2020-08-04,2020,-1,22,0.0618639209685,0.0376519418915,3.36729582999,0.586840070323
000688.SH,2041,2020-08-04,2020,-1,26,0.223950565553,0.127936507937,3.33220451018,0.937739270911
000688.SH,2112,2020-08-04,2020,-1,28,0.223950565553,0.127936507937,4.59511985013,0.497345875349
000688.SH,2163,2020-08-05,2020,-1,19,0.619070939549,0.242854791815,1.09861228867,1.82413148121
000688.SH,2525,2020-08-06,2020,-1,26,0.235274249589,0.103335919317,3.295836866,0.850071319568
000688.SH,2663,2020-08-07,2020,-1,19,0.351058683529,0.272387284438,2.83321334406,2.05548875455
000688.SH,2682,2020-08-07,2020,-1,20,0.351058683529,0.272387284438,3.58351893846,1.08922424606
000688.SH,2713,2020-08-07,2020,-1,21,0.626443677984,0.324017324508,1.60943791243,0.955650175495
000688.SH,2771,2020-08-07,2020,-1,26,0.566371137423,0.256771545828,2.48490664979,1.08884221565
000688.SH,2883,2020-08-10,2020,1,19,0.570527900013,0.292720970537,0,1.13103280427
000688.SH,2899,2020-08-10,2020,1,19,0.295411664968,0.174699759808,2.19722457734,1.72121589569
000688.SH,2911,2020-08-10,2020,-1,20,0.117972756625,0.103697617091,1.60943791243,1.89673553533
000688.SH,2986,2020-08-10,2020,-1,22,0.0390332498452,0.0303979943591,4.00733318523,0.47729160649
000688.SH,3126,2020-08-11,2020,1,19,0.327076809709,0.154239813435,3.55534806149,0.683596377697
000688.SH,3371,2020-08-12,2020,-1,19,0.135628998707,0.0617608409987,5.19849703127,1.83193206591
000688.SH,3379,2020-08-12,2020,-1,19,0.135628998707,0.0617608409987,5.24174701506,2.04723247291
000688.SH,3388,2020-08-12,2020,-1,19,0.135628998707,0.0617608409987,5.28826703069,2.13718149014
000688.SH,3422,2020-08-12,2020,-1,21,0.135628998707,0.0617608409987,5.44673737167,0.764172589849
000688.SH,3535,2020-08-12,2020,-1,27,0.128094681359,0.0542825634113,3.43398720449,0.659849830827
000688.SH,3612,2020-08-13,2020,1,19,0.41912792287,0.156822144725,1.79175946923,1.71151817141
000688.SH,3727,2020-08-13,2020,1,26,0.236280571467,0.115647784633,3.21887582487,0.459831063832
000688.SH,3803,2020-08-13,2020,1,28,0.0604450548815,0.0271362586605,2.99573227355,0.710446331962
000688.SH,3844,2020-08-14,2020,1,19,0.0604450548815,0.0271362586605,4.11087386417,0.805828381247
000688.SH,3870,2020-08-14,2020,-1,20,0.0583208132026,0.0203999192082,2.99573227355,1.36973420594
000688.SH,3997,2020-08-14,2020,-1,27,0.216506565058,0.0870102364984,3.43398720449,0.600209844589
000688.SH,4084,2020-08-17,2020,-1,19,0.216506565058,0.0870102364984,4.77068462447,1.29396657933
000688.SH,4133,2020-08-17,2020,1,20,0.0792262938697,0.0261949770456,3.85014760171,1.09029916618
000688.SH,4298,2020-08-17,2020,1,29,0.371617372204,0.106909090909,4.99721227376,0.821026438725
000688.SH,4346,2020-08-18,2020,1,19,0.371617372204,0.106909090909,5.27811465923,1.57412178346
000688.SH,4584,2020-08-19,2020,1,19,0.152666055703,0.033409017191,2.7080502011,2.01964719275
000688.SH,4712,2020-08-19,2020,-1,27,0.236190825267,0.116352754797,4.20469261939,0.760466752584
000688.SH,4768,2020-08-19,2020,-1,28,0.04584275085,0.0204627524408,3.78418963392,0.821203933173
000688.SH,4836,2020-08-20,2020,-1,20,0.530170181083,0.22208169976,3.40119738166,1.06080139281
000688.SH,4946,2020-08-20,2020,-1,26,0.399590761701,0.20027331739,4.66343909411,0.498901727255
000688.SH,4985,2020-08-20,2020,-1,28,0.399590761701,0.20027331739,4.97673374242,0.467586277166
000688.SH,5071,2020-08-21,2020,-1,20,0.218319518732,0.0615503476693,3.43398720449,1.37820816792
000688.SH,5333,2020-08-24,2020,-1,20,0.493641189604,0.181128059596,3.13549421593,1.08576123463
000688.SH,5775,2020-08-26,2020,-1,19,0.306261177422,0.0744714310676,2.30258509299,2.29734578115
000688.SH,5948,2020-08-26,2020,-1,28,0.509028512394,0.156165209527,5.02388052085,0.709136741799
000688.SH,5977,2020-08-26,2020,-1,29,0.509028512394,0.156165209527,5.19849703127,0.791240019885
000688.SH,6601,2020-08-31,2020,1,26,0.132820126537,0.0467854173049,5.58349630878,0.798152529766
000688.SH,6724,2020-09-01,2020,1,19,0.13873300854,0.028079841477,3.85014760171,1.24204147817
000688.SH,7469,2020-09-04,2020,-1,20,0.557365397294,0.208029647931,3.25809653802,2.59930596526
000688.SH,7923,2020-09-08,2020,-1,19,0.422089784234,0.146372696398,1.09861228867,1.51065779826
000688.SH,7948,2020-09-08,2020,-1,19,0.566530677265,0.188018807686,3.09104245336,1.8361349732
000688.SH,8042,2020-09-08,2020,-1,26,0.317385944504,0.215831987076,4.04305126783,0.672886422185
000688.SH,8125,2020-09-08,2020,-1,28,0.165281182039,0.0570932489021,4.15888308336,0.534514344247
000688.SH,8310,2020-09-09,2020,-1,27,0.447988292299,0.216441731534,4.31748811354,0.433979232328
000688.SH,8650,2020-09-11,2020,-1,19,0.236407474496,0.102040816327,4.04305126783,0.90642172146
000688.SH,8696,2020-09-11,2020,-1,20,0.470092508495,0.185573207385,3.58351893846,0.740808055162
000688.SH,8935,2020-09-14,2020,1,20,0.764437965252,0.415899490956,2.3978952728,0.441851503877
000688.SH,9844,2020-09-18,2020,1,19,0.21541583691,0.0573553719008,3.76120011569,0.700887593086
000688.SH,9888,2020-09-18,2020,1,20,0.174524388787,0.100625126033,3.04452243772,1.08319568553
000688.SH,9932,2020-09-18,2020,1,22,0.174524388787,0.100625126033,4.1743872699,0.810136854817
000688.SH,10308,2020-09-21,2020,1,29,0.254148877876,0.086361425693,5.14749447681,0.644139149055
000688.SH,10342,2020-09-22,2020,1,19,0.254148877876,0.086361425693,5.32787616879,2.47319971332
000688.SH,10509,2020-09-22,2020,-1,28,0.01310091344,0.00332170735758,5.08759633523,0.420329931007
000688.SH,10631,2020-09-23,2020,1,21,0.348921191663,0.1693164466,2.30258509299,0.820354302555
000688.SH,10802,2020-09-24,2020,1,19,0.48200198041,0.22159358793,3.89182029811,2.10684958674
000688.SH,10922,2020-09-24,2020,-1,26,0.202765980637,0.0716947384111,3.25809653802,0.902805010722
000688.SH,11045,2020-09-25,2020,-1,19,0.422043054915,0.133560935237,4.46590811865,1.06651595856
000688.SH,11100,2020-09-25,2020,-1,21,0.305773318415,0.0920796890185,2.56494935746,1.13377889225
000688.SH,11178,2020-09-25,2020,-1,26,0.518683699489,0.18091225796,4.24849524205,1.11777998654
000688.SH,11239,2020-09-25,2020,-1,28,0.518683699489,0.18091225796,4.8751973232,0.909671837479
000688.SH,11270,2020-09-25,2020,-1,29,0.516645795309,0.188272141987,3.04452243772,1.04253579004
000688.SH,11300,2020-09-28,2020,-1,19,0.453152400843,0.16033721397,2.8903717579,1.7441132704
000688.SH,11379,2020-09-28,2020,-1,22,0.48890290059,0.263466042155,2.94443897917,0.578718336997
000688.SH,11761,2020-09-30,2020,1,19,0.553322330552,0.219121304228,3.33220451018,1.23518122659
000688.SH,11964,2020-09-30,2020,1,28,0.498402388201,0.24574881312,3.98898404656,1.00418805172
000688.SH,12025,2020-10-09,2020,1,19,0.480922322349,0.248373012604,2.8903717579,2.6373849809
000688.SH,12300,2020-10-12,2020,1,21,0.559969888324,0.199860041987,3.36729582999,0.921650698271
000688.SH,12433,2020-10-12,2020,1,28,0.35887595375,0.13769363167,4.7957905456,0.51998787524
000688.SH,12521,2020-10-13,2020,1,20,0.35887595375,0.13769363167,5.34233425196,1.04496956488
000688.SH,12724,2020-10-14,2020,1,19,0.35887595375,0.13769363167,6.02102334935,2.06410459453
000688.SH,13223,2020-10-16,2020,-1,19,0.209725789365,0.0262690805822,5.51342874616,1.28208034943
000688.SH,13388,2020-10-16,2020,-1,28,0.705699460092,0.11838275423,3.49650756147,0.741351897975
000688.SH,13555,2020-10-19,2020,-1,22,0.624568257233,0.137915442008,4.99721227376,0.937182542629
000688.SH,13710,2020-10-20,2020,-1,20,0.624568257233,0.137915442008,5.71373280551,1.61830715615
000688.SH,14044,2020-10-21,2020,-1,26,0.239524668917,0.0434118673647,4.47733681448,0.861561532992
000688.SH,14157,2020-10-21,2020,-1,29,0.239524668917,0.0434118673647,5.30330490806,0.946915241018
000688.SH,14172,2020-10-22,2020,-1,19,0.239524668917,0.0434118673647,5.37527840768,1.85314976132
000688.SH,14277,2020-10-22,2020,-1,22,0.374480319476,0.0745933819405,3.49650756147,0.691996946888
000688.SH,14738,2020-10-26,2020,-1,22,0.72088364914,0.253690609106,4.39444915467,0.742170211339
000688.SH,15200,2020-10-28,2020,1,21,0.553023668563,0.226118184786,5.76832099579,0.67806463141
000688.SH,15362,2020-10-29,2020,1,19,0.626904203136,0.13104628466,0.69314718056,2.36876733452
000688.SH,15546,2020-10-29,2020,1,28,0.466261690983,0.107738834584,4.93447393313,0.525482415156
000688.SH,15604,2020-10-30,2020,1,19,0.466261690983,0.107738834584,5.28320372874,1.21735526484
000688.SH,15806,2020-10-30,2020,1,28,0.222598354546,0.0782085561497,3.93182563272,0.915738646837
000688.SH,15841,2020-11-02,2020,1,19,0.222598354546,0.0782085561497,4.45434729625,1.18032437278
000688.SH,15851,2020-11-02,2020,-1,19,0.0564590578611,0.0199735099338,1.60943791243,1.50120497038
000688.SH,15924,2020-11-02,2020,-1,21,0.525828357441,0.360655737705,2.19722457734,0.959917674361
000688.SH,16081,2020-11-03,2020,1,19,0.07802421032,0.0370034052213,4.86753445046,0.908408643013
000688.SH,16135,2020-11-03,2020,1,20,0.07802421032,0.0370034052213,5.21493575761,1.18883048777
000688.SH,16201,2020-11-03,2020,1,26,0.07802421032,0.0370034052213,5.52146091786,0.64378628346
000688.SH,16337,2020-11-04,2020,1,19,0.787605272099,0.236540554382,1.60943791243,1.57203006056
000688.SH,16470,2020-11-04,2020,1,27,0.742308144789,0.19600796196,4.09434456222,1.11979752472
000688.SH,16589,2020-11-05,2020,1,20,0.452630953416,0.108896650914,3.13549421593,2.35052921244
000688.SH,17047,2020-11-09,2020,-1,19,0.322889392143,0.096449561227,3.73766961828,1.52188422616
000688.SH,17270,2020-11-09,2020,1,29,0.105503088511,0.0346530339559,3.7135720667,0.61183488687
000688.SH,17797,2020-11-12,2020,-1,20,0.233511676817,0.0626763366971,3.61091791264,1.03443807741
000688.SH,19219,2020-11-20,2020,-1,19,0.376260637222,0.0809870439042,5.49306144334,1.64551868171
000688.SH,20184,2020-11-26,2020,-1,19,0.543532912317,0.0697507719453,2.63905732962,1.45566419039
000688.SH,20380,2020-11-26,2020,-1,29,0.53190666835,0.0728611175516,5.16478597392,0.663188590337
000688.SH,20483,2020-11-27,2020,-1,21,0.220773188371,0.078916976774,4.02535169074,1.01751266553
000688.SH,20608,2020-11-27,2020,1,28,0.00550032913688,0.00101047705153,4.62497281328,0.630287704496
000688.SH,21191,2020-12-02,2020,1,21,0.44566561373,0.0930836348159,3.87120101091,1.03391603417
000688.SH,22619,2020-12-10,2020,-1,21,0.601053377813,0.0812185468417,3.33220451018,1.15919667528
000688.SH,22823,2020-12-11,2020,-1,19,0.616842777087,0.108643933386,4.49980967033,1.48484519797
000688.SH,22906,2020-12-11,2020,-1,22,0.616842777087,0.108643933386,5.1532915945,1.286149082
000688.SH,23043,2020-12-14,2020,-1,19,0.260466826042,0.0300541461337,1.94591014906,1.46646782648
000688.SH,23236,2020-12-14,2020,1,28,0.153187568516,0.0201779326791,4.18965474203,0.408192860338
000688.SH,23314,2020-12-15,2020,1,20,0.00514673110895,0.001728744303,1.94591014906,1.6582727962
000688.SH,23595,2020-12-16,2020,-1,21,0.381265328452,0.117623995295,4.31748811354,0.878142023575
000688.SH,24021,2020-12-18,2020,1,19,0.0121120539897,0.00195141645919,5.02388052085,1.99736703551
000688.SH,24095,2020-12-18,2020,1,22,0.0121120539897,0.00195141645919,5.42053499927,0.763068109092
000688.SH,24299,2020-12-21,2020,1,21,0.311354204027,0.0994783452626,2.48490664979,1.43099378632
000688.SH,24515,2020-12-22,2020,1,20,0.00766130278923,0.00095705991195,2.56494935746,1.58030564082
000688.SH,24613,2020-12-22,2020,-1,26,0.23001880877,0.0441220912662,3.40119738166,0.791004138405
000688.SH,24725,2020-12-23,2020,-1,19,0.18625841323,0.0643229166667,4.67282883446,1.15947170376
000688.SH,24801,2020-12-23,2020,-1,21,0.472419025673,0.114290867552,3.52636052462,0.740122507725
000688.SH,25216,2020-12-25,2020,-1,19,0.16219334429,0.031863324663,2.19722457734,1.54713207017
000688.SH,25295,2020-12-25,2020,-1,22,0.127568908293,0.0797782598216,3.33220451018,0.837618405156
000688.SH,25351,2020-12-25,2020,-1,27,0.127568908293,0.0797782598216,4.43081679884,0.648214666728
000688.SH,25451,2020-12-28,2020,1,19,0.0260386841529,0.0132439228835,2.3978952728,1.65928067809
000688.SH,25477,2020-12-28,2020,1,20,0.0260386841529,0.0132439228835,3.61091791264,1.34677569731
000688.SH,25498,2020-12-28,2020,1,20,0.0260386841529,0.0132439228835,4.06044301055,1.18890242743
000688.SH,25522,2020-12-28,2020,-1,21,0.131674498336,0.0261005937045,2.30258509299,0.925575941036
000688.SH,25697,2020-12-29,2020,-1,19,0.056843412595,0.014885535366,2.56494935746,1.84126158574
000688.SH,25849,2020-12-29,2020,-1,27,0.0131879174568,0.00546282245827,4.04305126783,0.585592070492
000688.SH,25950,2020-12-30,2020,-1,20,0.112319016007,0.0267439092136,2.19722457734,1.49283573173
000688.SH,25987,2020-12-30,2020,-1,21,0.112319016007,0.0267439092136,3.82864139649,1.15242025519
