symbol,event_entry_idx,information_cutoff_idx,mature_prefix_rows,maximum_control_source_idx,center_parent_abs_drift,center_parent_efficiency,center_log1p_parent_age_bars,center_local_vol_30_over_240,scale_parent_abs_drift,scale_parent_efficiency,scale_log1p_parent_age_bars,scale_local_vol_30_over_240
000852.SH,246,245,0,-1,,,,,,,,
000852.SH,328,327,0,-1,,,,,,,,
000852.SH,450,449,0,-1,,,,,,,,
000852.SH,584,583,5,245,0.153602564257,0.111066671999,1.09861228867,2.51915825554,1,1,0.601142569281,0.0175794500287
000852.SH,775,774,5,245,0.153602564257,0.111066671999,1.09861228867,2.51915825554,1,1,0.601142569281,0.0175794500287
000852.SH,970,969,5,245,0.153602564257,0.111066671999,1.09861228867,2.51915825554,1,1,0.601142569281,0.0175794500287
000852.SH,1539,1538,93,1298,0.0209598780694,0.0104927330734,4.31748811354,0.506648008686,0.0299175963266,0.0226844810841,0.455876815846,0.269643881129
000852.SH,2542,2541,855,2301,0.419391187729,0.125939672255,5.08140436498,0.726370223596,0.0200661688034,0.0609557989901,0.985630738769,0.317040916454
000852.SH,2647,2646,960,2406,0.419391187729,0.125939672255,5.21764579134,0.730936434357,0.0200661688034,0.0609557989901,0.983450163075,0.294819046787
000852.SH,2956,2955,1095,2541,0.419391187729,0.125939672255,5.01727983681,0.676796620412,0.0200661688034,0.0609557989901,1.18277696237,0.338182973139
000852.SH,3088,3087,1095,2541,0.419391187729,0.125939672255,5.01727983681,0.676796620412,0.0200661688034,0.0609557989901,1.18277696237,0.338182973139
000852.SH,3190,3189,1157,2949,0.419391187729,0.125939672255,4.90527477844,0.69702002155,0.0200661688034,0.0609557989901,1.16896688248,0.32959887816
000852.SH,3446,3445,1163,2955,0.419391187729,0.125939672255,4.89783979995,0.692900688038,0.0200661688034,0.0609557989901,1.16493807565,0.329149861952
000852.SH,3716,3715,1178,3445,0.419391187729,0.125939672255,4.86753445046,0.703347009142,0.0200661688034,0.0609557989901,1.17269565938,0.335679374379
000852.SH,3979,3978,1207,3715,0.419391187729,0.125939672255,4.81218435537,0.692962531953,0.0200661688034,0.0609557989901,1.16567587114,0.327626891376
000852.SH,4093,4092,1207,3715,0.419391187729,0.125939672255,4.81218435537,0.692962531953,0.0200661688034,0.0609557989901,1.16567587114,0.327626891376
000852.SH,4326,4325,1229,3978,0.419391187729,0.125939672255,4.77912349311,0.702310023924,0.0200661688034,0.0609557989901,1.19917369985,0.331842451335
000852.SH,4749,4748,1229,3978,0.419391187729,0.125939672255,4.77912349311,0.702310023924,0.0200661688034,0.0609557989901,1.19917369985,0.331842451335
000852.SH,4821,4820,1243,4580,0.419391187729,0.125939672255,4.7621739348,0.710643558337,0.0200661688034,0.0609557989901,1.20228513856,0.341335695697
000852.SH,5363,5362,1472,5122,0.419391187729,0.125939672255,4.60517018599,0.730200334073,0.070052642592,0.0609557989901,1.25127002622,0.326815238734
000852.SH,7925,7924,3793,7684,0.428502086971,0.142677638333,5.50533153593,0.657395176125,0.152369890566,0.0361400904821,1.27643058811,0.317933812458
000852.SH,8886,8885,4513,8645,0.419391187729,0.125939672255,5.57594910315,0.659204088357,0.165877709782,0.0690603372892,1.24169210957,0.34279076258
000852.SH,9181,9180,4753,8885,0.419391187729,0.125939672255,5.6058020663,0.656882396491,0.165877709782,0.0690603372892,1.24290685769,0.33473024808
000852.SH,9554,9553,4807,9180,0.419391187729,0.125939672255,5.59098698051,0.66051475087,0.165877709782,0.0690603372892,1.24152447997,0.340296924117
000852.SH,10505,10504,5409,10264,0.419391187729,0.142677638333,5.62040086572,0.679188589044,0.189109998463,0.0655776560668,1.15081454913,0.341065886454
000852.SH,11236,11235,5899,10995,0.387621606469,0.142677638333,5.65948221576,0.679685923658,0.212979290959,0.0361400904821,1.12027441858,0.349462081519
000852.SH,11530,11529,6139,11235,0.387621606469,0.142677638333,5.70378247466,0.667107718524,0.212979290959,0.0361400904821,1.0714838901,0.348777143291
000852.SH,11571,11570,6139,11235,0.387621606469,0.142677638333,5.70378247466,0.667107718524,0.212979290959,0.0361400904821,1.0714838901,0.348777143291
000852.SH,11686,11685,6139,11235,0.387621606469,0.142677638333,5.70378247466,0.667107718524,0.212979290959,0.0361400904821,1.0714838901,0.348777143291
000852.SH,11892,11891,6192,11529,0.387621606469,0.142677638333,5.69035945432,0.663170448049,0.212979290959,0.0361400904821,1.07206732292,0.347177348375
000852.SH,12195,12194,6192,11529,0.387621606469,0.142677638333,5.69035945432,0.663170448049,0.212979290959,0.0361400904821,1.07206732292,0.347177348375
000852.SH,12250,12249,6192,11529,0.387621606469,0.142677638333,5.69035945432,0.663170448049,0.212979290959,0.0361400904821,1.07206732292,0.347177348375
000852.SH,12337,12336,6192,11529,0.387621606469,0.142677638333,5.69035945432,0.663170448049,0.212979290959,0.0361400904821,1.07206732292,0.347177348375
000852.SH,12382,12381,6201,12141,0.387621606469,0.142677638333,5.68697535634,0.662816336062,0.212979290959,0.0361400904821,1.07359621449,0.346624983774
000852.SH,12487,12486,6254,12194,0.387621606469,0.142677638333,5.67675380227,0.663022248038,0.212979290959,0.0361400904821,1.07266650117,0.343411979077
000852.SH,12509,12508,6254,12194,0.387621606469,0.142677638333,5.67675380227,0.663022248038,0.212979290959,0.0361400904821,1.07266650117,0.343411979077
000852.SH,12595,12594,6254,12194,0.387621606469,0.142677638333,5.67675380227,0.663022248038,0.212979290959,0.0361400904821,1.07266650117,0.343411979077
000852.SH,12726,12725,6254,12194,0.387621606469,0.142677638333,5.67675380227,0.663022248038,0.212979290959,0.0361400904821,1.07266650117,0.343411979077
000852.SH,12829,12828,6254,12194,0.387621606469,0.142677638333,5.67675380227,0.663022248038,0.212979290959,0.0361400904821,1.07266650117,0.343411979077
000852.SH,13560,13559,6504,13319,0.387621606469,0.142677638333,5.63835466933,0.663633636219,0.212979290959,0.0445809683475,1.07643866926,0.340046357551
000852.SH,13649,13648,6593,13408,0.387621606469,0.142677638333,5.62040086572,0.662931186149,0.212979290959,0.0388388165578,1.10483877213,0.335051439544
000852.SH,13864,13863,6744,13559,0.387621606469,0.142677638333,5.59098698051,0.667608115149,0.212979290959,0.0445809683475,1.14206975594,0.338598539708
000852.SH,13980,13979,6744,13559,0.387621606469,0.142677638333,5.59098698051,0.667608115149,0.212979290959,0.0445809683475,1.14206975594,0.338598539708
000852.SH,14103,14102,6744,13559,0.387621606469,0.142677638333,5.59098698051,0.667608115149,0.212979290959,0.0445809683475,1.14206975594,0.338598539708
000852.SH,14164,14163,6744,13559,0.387621606469,0.142677638333,5.59098698051,0.667608115149,0.212979290959,0.0445809683475,1.14206975594,0.338598539708
000852.SH,14281,14280,6744,13559,0.387621606469,0.142677638333,5.59098698051,0.667608115149,0.212979290959,0.0445809683475,1.14206975594,0.338598539708
000852.SH,14370,14369,6744,13559,0.387621606469,0.142677638333,5.59098698051,0.667608115149,0.212979290959,0.0445809683475,1.14206975594,0.338598539708
000852.SH,14460,14459,6744,13559,0.387621606469,0.142677638333,5.59098698051,0.667608115149,0.212979290959,0.0445809683475,1.14206975594,0.338598539708
000852.SH,14653,14652,6744,13559,0.387621606469,0.142677638333,5.59098698051,0.667608115149,0.212979290959,0.0445809683475,1.14206975594,0.338598539708
000852.SH,14948,14947,6744,13559,0.387621606469,0.142677638333,5.59098698051,0.667608115149,0.212979290959,0.0445809683475,1.14206975594,0.338598539708
000852.SH,15295,15294,6798,14947,0.387621606469,0.142677638333,5.58349630878,0.671678917912,0.212979290959,0.0445809683475,1.15565002648,0.343949778693
000852.SH,15402,15401,6798,14947,0.387621606469,0.142677638333,5.58349630878,0.671678917912,0.212979290959,0.0445809683475,1.15565002648,0.343949778693
000852.SH,15532,15531,6901,15291,0.387621606469,0.142677638333,5.56452040732,0.663837768956,0.212979290959,0.0445809683475,1.17103106659,0.340147859544
000852.SH,15628,15627,6904,15294,0.387621606469,0.142677638333,5.56068163102,0.664256527115,0.212979290959,0.0445809683475,1.17155657746,0.340261452738
000852.SH,15656,15655,6904,15294,0.387621606469,0.142677638333,5.56068163102,0.664256527115,0.212979290959,0.0445809683475,1.17155657746,0.340261452738
000852.SH,15756,15755,6904,15294,0.387621606469,0.142677638333,5.56068163102,0.664256527115,0.212979290959,0.0445809683475,1.17155657746,0.340261452738
000852.SH,15779,15778,6904,15294,0.387621606469,0.142677638333,5.56068163102,0.664256527115,0.212979290959,0.0445809683475,1.17155657746,0.340261452738
000852.SH,15841,15840,6904,15294,0.387621606469,0.142677638333,5.56068163102,0.664256527115,0.212979290959,0.0445809683475,1.17155657746,0.340261452738
000852.SH,15857,15856,6904,15294,0.387621606469,0.142677638333,5.56068163102,0.664256527115,0.212979290959,0.0445809683475,1.17155657746,0.340261452738
000852.SH,15916,15915,6904,15294,0.387621606469,0.142677638333,5.56068163102,0.664256527115,0.212979290959,0.0445809683475,1.17155657746,0.340261452738
000852.SH,16026,16025,6904,15294,0.387621606469,0.142677638333,5.56068163102,0.664256527115,0.212979290959,0.0445809683475,1.17155657746,0.340261452738
000852.SH,16105,16104,6904,15294,0.387621606469,0.142677638333,5.56068163102,0.664256527115,0.212979290959,0.0445809683475,1.17155657746,0.340261452738
000852.SH,16225,16224,6904,15294,0.387621606469,0.142677638333,5.56068163102,0.664256527115,0.212979290959,0.0445809683475,1.17155657746,0.340261452738
000852.SH,16283,16282,6904,15294,0.387621606469,0.142677638333,5.56068163102,0.664256527115,0.212979290959,0.0445809683475,1.17155657746,0.340261452738
000852.SH,16405,16404,6904,15294,0.387621606469,0.142677638333,5.56068163102,0.664256527115,0.212979290959,0.0445809683475,1.17155657746,0.340261452738
000852.SH,16583,16582,6904,15294,0.387621606469,0.142677638333,5.56068163102,0.664256527115,0.212979290959,0.0445809683475,1.17155657746,0.340261452738
000852.SH,16755,16754,6904,15294,0.387621606469,0.142677638333,5.56068163102,0.664256527115,0.212979290959,0.0445809683475,1.17155657746,0.340261452738
000852.SH,16786,16785,6904,15294,0.387621606469,0.142677638333,5.56068163102,0.664256527115,0.212979290959,0.0445809683475,1.17155657746,0.340261452738
000852.SH,16825,16824,6904,15294,0.387621606469,0.142677638333,5.56068163102,0.664256527115,0.212979290959,0.0445809683475,1.17155657746,0.340261452738
000852.SH,16984,16983,6904,15294,0.387621606469,0.142677638333,5.56068163102,0.664256527115,0.212979290959,0.0445809683475,1.17155657746,0.340261452738
000852.SH,17134,17133,6904,15294,0.387621606469,0.142677638333,5.56068163102,0.664256527115,0.212979290959,0.0445809683475,1.17155657746,0.340261452738
000852.SH,17227,17226,6904,15294,0.387621606469,0.142677638333,5.56068163102,0.664256527115,0.212979290959,0.0445809683475,1.17155657746,0.340261452738
000852.SH,17302,17301,6904,15294,0.387621606469,0.142677638333,5.56068163102,0.664256527115,0.212979290959,0.0445809683475,1.17155657746,0.340261452738
000852.SH,17365,17364,6904,15294,0.387621606469,0.142677638333,5.56068163102,0.664256527115,0.212979290959,0.0445809683475,1.17155657746,0.340261452738
000852.SH,17377,17376,6904,15294,0.387621606469,0.142677638333,5.56068163102,0.664256527115,0.212979290959,0.0445809683475,1.17155657746,0.340261452738
000852.SH,17479,17478,6904,15294,0.387621606469,0.142677638333,5.56068163102,0.664256527115,0.212979290959,0.0445809683475,1.17155657746,0.340261452738
000852.SH,17591,17590,6904,15294,0.387621606469,0.142677638333,5.56068163102,0.664256527115,0.212979290959,0.0445809683475,1.17155657746,0.340261452738
000852.SH,17770,17769,6904,15294,0.387621606469,0.142677638333,5.56068163102,0.664256527115,0.212979290959,0.0445809683475,1.17155657746,0.340261452738
000852.SH,17869,17868,6904,15294,0.387621606469,0.142677638333,5.56068163102,0.664256527115,0.212979290959,0.0445809683475,1.17155657746,0.340261452738
000852.SH,18072,18071,6904,15294,0.387621606469,0.142677638333,5.56068163102,0.664256527115,0.212979290959,0.0445809683475,1.17155657746,0.340261452738
000852.SH,18140,18139,6904,15294,0.387621606469,0.142677638333,5.56068163102,0.664256527115,0.212979290959,0.0445809683475,1.17155657746,0.340261452738
000852.SH,18241,18240,6904,15294,0.387621606469,0.142677638333,5.56068163102,0.664256527115,0.212979290959,0.0445809683475,1.17155657746,0.340261452738
000852.SH,18690,18689,6904,15294,0.387621606469,0.142677638333,5.56068163102,0.664256527115,0.212979290959,0.0445809683475,1.17155657746,0.340261452738
000852.SH,19939,19938,7880,19698,0.330312076169,0.142677638333,5.45103845357,0.677138413168,0.182647721097,0.0445809683475,1.28403682738,0.35473760539
000852.SH,20032,20031,7973,19791,0.330312076169,0.142677638333,5.43372200355,0.67180730296,0.183795674335,0.0445809683475,1.30443009094,0.355545382506
000852.SH,20199,20198,8120,19938,0.330312076169,0.142677638333,5.40717177146,0.66769344516,0.183795674335,0.0451717846523,1.32823129454,0.355029688972
000852.SH,20405,20404,8120,19938,0.330312076169,0.142677638333,5.40717177146,0.66769344516,0.183795674335,0.0451717846523,1.32823129454,0.355029688972
000852.SH,20469,20468,8120,19938,0.330312076169,0.142677638333,5.40717177146,0.66769344516,0.183795674335,0.0451717846523,1.32823129454,0.355029688972
000852.SH,20557,20556,8120,19938,0.330312076169,0.142677638333,5.40717177146,0.66769344516,0.183795674335,0.0451717846523,1.32823129454,0.355029688972
000852.SH,20608,20607,8120,19938,0.330312076169,0.142677638333,5.40717177146,0.66769344516,0.183795674335,0.0451717846523,1.32823129454,0.355029688972
000852.SH,20686,20685,8120,19938,0.330312076169,0.142677638333,5.40717177146,0.66769344516,0.183795674335,0.0451717846523,1.32823129454,0.355029688972
000852.SH,20848,20847,8120,19938,0.330312076169,0.142677638333,5.40717177146,0.66769344516,0.183795674335,0.0451717846523,1.32823129454,0.355029688972
000852.SH,21032,21031,8120,19938,0.330312076169,0.142677638333,5.40717177146,0.66769344516,0.183795674335,0.0451717846523,1.32823129454,0.355029688972
000852.SH,21123,21122,8120,19938,0.330312076169,0.142677638333,5.40717177146,0.66769344516,0.183795674335,0.0451717846523,1.32823129454,0.355029688972
000852.SH,21200,21199,8120,19938,0.330312076169,0.142677638333,5.40717177146,0.66769344516,0.183795674335,0.0451717846523,1.32823129454,0.355029688972
000852.SH,21309,21308,8120,19938,0.330312076169,0.142677638333,5.40717177146,0.66769344516,0.183795674335,0.0451717846523,1.32823129454,0.355029688972
000852.SH,21399,21398,8120,19938,0.330312076169,0.142677638333,5.40717177146,0.66769344516,0.183795674335,0.0451717846523,1.32823129454,0.355029688972
000852.SH,21722,21721,8120,19938,0.330312076169,0.142677638333,5.40717177146,0.66769344516,0.183795674335,0.0451717846523,1.32823129454,0.355029688972
000852.SH,21825,21824,8120,19938,0.330312076169,0.142677638333,5.40717177146,0.66769344516,0.183795674335,0.0451717846523,1.32823129454,0.355029688972
000852.SH,21875,21874,8120,19938,0.330312076169,0.142677638333,5.40717177146,0.66769344516,0.183795674335,0.0451717846523,1.32823129454,0.355029688972
000852.SH,22010,22009,8202,21721,0.330312076169,0.142677638333,5.4161004022,0.662063185063,0.182647721097,0.0451717846523,1.30987844776,0.353143984219
000852.SH,22147,22146,8202,21721,0.330312076169,0.142677638333,5.4161004022,0.662063185063,0.182647721097,0.0451717846523,1.30987844776,0.353143984219
000852.SH,22520,22519,8202,21721,0.330312076169,0.142677638333,5.4161004022,0.662063185063,0.182647721097,0.0451717846523,1.30987844776,0.353143984219
000852.SH,22597,22596,8202,21721,0.330312076169,0.142677638333,5.4161004022,0.662063185063,0.182647721097,0.0451717846523,1.30987844776,0.353143984219
000852.SH,22719,22718,8293,22478,0.330312076169,0.140034478186,5.39816270152,0.657779524216,0.183795674335,0.0429476694522,1.31077265768,0.355814375425
000852.SH,22831,22830,8334,22519,0.330312076169,0.140034478186,5.39362754635,0.656693536395,0.183795674335,0.0606754725033,1.30879189586,0.357461007713
000852.SH,23046,23045,8334,22519,0.330312076169,0.140034478186,5.39362754635,0.656693536395,0.183795674335,0.0606754725033,1.30879189586,0.357461007713
000852.SH,23067,23066,8334,22519,0.330312076169,0.140034478186,5.39362754635,0.656693536395,0.183795674335,0.0606754725033,1.30879189586,0.357461007713
000852.SH,23119,23118,8334,22519,0.330312076169,0.140034478186,5.39362754635,0.656693536395,0.183795674335,0.0606754725033,1.30879189586,0.357461007713
000852.SH,23144,23143,8334,22519,0.330312076169,0.140034478186,5.39362754635,0.656693536395,0.183795674335,0.0606754725033,1.30879189586,0.357461007713
000852.SH,23177,23176,8334,22519,0.330312076169,0.140034478186,5.39362754635,0.656693536395,0.183795674335,0.0606754725033,1.30879189586,0.357461007713
000852.SH,23234,23233,8334,22519,0.330312076169,0.140034478186,5.39362754635,0.656693536395,0.183795674335,0.0606754725033,1.30879189586,0.357461007713
000852.SH,23253,23252,8334,22519,0.330312076169,0.140034478186,5.39362754635,0.656693536395,0.183795674335,0.0606754725033,1.30879189586,0.357461007713
000852.SH,23287,23286,8334,22519,0.330312076169,0.140034478186,5.39362754635,0.656693536395,0.183795674335,0.0606754725033,1.30879189586,0.357461007713
000852.SH,23306,23305,8334,22519,0.330312076169,0.140034478186,5.39362754635,0.656693536395,0.183795674335,0.0606754725033,1.30879189586,0.357461007713
000852.SH,23435,23434,8334,22519,0.330312076169,0.140034478186,5.39362754635,0.656693536395,0.183795674335,0.0606754725033,1.30879189586,0.357461007713
000852.SH,23469,23468,8334,22519,0.330312076169,0.140034478186,5.39362754635,0.656693536395,0.183795674335,0.0606754725033,1.30879189586,0.357461007713
000852.SH,23529,23528,8334,22519,0.330312076169,0.140034478186,5.39362754635,0.656693536395,0.183795674335,0.0606754725033,1.30879189586,0.357461007713
000852.SH,23578,23577,8334,22519,0.330312076169,0.140034478186,5.39362754635,0.656693536395,0.183795674335,0.0606754725033,1.30879189586,0.357461007713
000852.SH,23727,23726,8334,22519,0.330312076169,0.140034478186,5.39362754635,0.656693536395,0.183795674335,0.0606754725033,1.30879189586,0.357461007713
000852.SH,23778,23777,8334,22519,0.330312076169,0.140034478186,5.39362754635,0.656693536395,0.183795674335,0.0606754725033,1.30879189586,0.357461007713
000852.SH,23829,23828,8334,22519,0.330312076169,0.140034478186,5.39362754635,0.656693536395,0.183795674335,0.0606754725033,1.30879189586,0.357461007713
000852.SH,23880,23879,8334,22519,0.330312076169,0.140034478186,5.39362754635,0.656693536395,0.183795674335,0.0606754725033,1.30879189586,0.357461007713
000852.SH,24008,24007,8334,22519,0.330312076169,0.140034478186,5.39362754635,0.656693536395,0.183795674335,0.0606754725033,1.30879189586,0.357461007713
000852.SH,24033,24032,8334,22519,0.330312076169,0.140034478186,5.39362754635,0.656693536395,0.183795674335,0.0606754725033,1.30879189586,0.357461007713
000852.SH,24104,24103,8334,22519,0.330312076169,0.140034478186,5.39362754635,0.656693536395,0.183795674335,0.0606754725033,1.30879189586,0.357461007713
000852.SH,24374,24373,8334,22519,0.330312076169,0.140034478186,5.39362754635,0.656693536395,0.183795674335,0.0606754725033,1.30879189586,0.357461007713
000852.SH,24488,24487,8334,22519,0.330312076169,0.140034478186,5.39362754635,0.656693536395,0.183795674335,0.0606754725033,1.30879189586,0.357461007713
000852.SH,24569,24568,8334,22519,0.330312076169,0.140034478186,5.39362754635,0.656693536395,0.183795674335,0.0606754725033,1.30879189586,0.357461007713
000852.SH,24586,24585,8335,24345,0.330312076169,0.140034478186,5.39362754635,0.656655777773,0.183795674335,0.0606754725033,1.30879189586,0.357441573526
000852.SH,24611,24610,8360,24370,0.330312076169,0.140034478186,5.38907172982,0.657090967901,0.183795674335,0.0606754725033,1.31312442607,0.357011711654
000852.SH,24784,24783,8363,24373,0.330312076169,0.140034478186,5.38907172982,0.657151160887,0.183795674335,0.0606754725033,1.31312442607,0.357076574338
000852.SH,24861,24860,8363,24373,0.330312076169,0.140034478186,5.38907172982,0.657151160887,0.183795674335,0.0606754725033,1.31312442607,0.357076574338
000852.SH,25037,25036,8363,24373,0.330312076169,0.140034478186,5.38907172982,0.657151160887,0.183795674335,0.0606754725033,1.31312442607,0.357076574338
000852.SH,25204,25203,8363,24373,0.330312076169,0.140034478186,5.38907172982,0.657151160887,0.183795674335,0.0606754725033,1.31312442607,0.357076574338
000852.SH,25234,25233,8363,24373,0.330312076169,0.140034478186,5.38907172982,0.657151160887,0.183795674335,0.0606754725033,1.31312442607,0.357076574338
000852.SH,25318,25317,8363,24373,0.330312076169,0.140034478186,5.38907172982,0.657151160887,0.183795674335,0.0606754725033,1.31312442607,0.357076574338
000852.SH,25422,25421,8363,24373,0.330312076169,0.140034478186,5.38907172982,0.657151160887,0.183795674335,0.0606754725033,1.31312442607,0.357076574338
000852.SH,25462,25461,8363,24373,0.330312076169,0.140034478186,5.38907172982,0.657151160887,0.183795674335,0.0606754725033,1.31312442607,0.357076574338
000852.SH,25559,25558,8363,24373,0.330312076169,0.140034478186,5.38907172982,0.657151160887,0.183795674335,0.0606754725033,1.31312442607,0.357076574338
000852.SH,25629,25628,8363,24373,0.330312076169,0.140034478186,5.38907172982,0.657151160887,0.183795674335,0.0606754725033,1.31312442607,0.357076574338
000852.SH,25714,25713,8363,24373,0.330312076169,0.140034478186,5.38907172982,0.657151160887,0.183795674335,0.0606754725033,1.31312442607,0.357076574338
000852.SH,25765,25764,8363,24373,0.330312076169,0.140034478186,5.38907172982,0.657151160887,0.183795674335,0.0606754725033,1.31312442607,0.357076574338
000852.SH,25879,25878,8363,24373,0.330312076169,0.140034478186,5.38907172982,0.657151160887,0.183795674335,0.0606754725033,1.31312442607,0.357076574338
000852.SH,26169,26168,8363,24373,0.330312076169,0.140034478186,5.38907172982,0.657151160887,0.183795674335,0.0606754725033,1.31312442607,0.357076574338
000852.SH,26209,26208,8363,24373,0.330312076169,0.140034478186,5.38907172982,0.657151160887,0.183795674335,0.0606754725033,1.31312442607,0.357076574338
000852.SH,26247,26246,8363,24373,0.330312076169,0.140034478186,5.38907172982,0.657151160887,0.183795674335,0.0606754725033,1.31312442607,0.357076574338
000852.SH,26406,26405,8409,26165,0.330312076169,0.140034478186,5.37989735354,0.658067087386,0.194279104797,0.0606754725033,1.32138353459,0.357952274893
000852.SH,26455,26454,8412,26168,0.330312076169,0.140034478186,5.37989735354,0.658550263595,0.194279104797,0.0606754725033,1.32138353459,0.358407536457
000852.SH,26508,26507,8412,26168,0.330312076169,0.140034478186,5.37989735354,0.658550263595,0.194279104797,0.0606754725033,1.32138353459,0.358407536457
000852.SH,26644,26643,8412,26168,0.330312076169,0.140034478186,5.37989735354,0.658550263595,0.194279104797,0.0606754725033,1.32138353459,0.358407536457
000852.SH,26668,26667,8412,26168,0.330312076169,0.140034478186,5.37989735354,0.658550263595,0.194279104797,0.0606754725033,1.32138353459,0.358407536457
000852.SH,26734,26733,8412,26168,0.330312076169,0.140034478186,5.37989735354,0.658550263595,0.194279104797,0.0606754725033,1.32138353459,0.358407536457
000852.SH,26768,26767,8412,26168,0.330312076169,0.140034478186,5.37989735354,0.658550263595,0.194279104797,0.0606754725033,1.32138353459,0.358407536457
000852.SH,26823,26822,8412,26168,0.330312076169,0.140034478186,5.37989735354,0.658550263595,0.194279104797,0.0606754725033,1.32138353459,0.358407536457
000852.SH,26845,26844,8412,26168,0.330312076169,0.140034478186,5.37989735354,0.658550263595,0.194279104797,0.0606754725033,1.32138353459,0.358407536457
000852.SH,26865,26864,8412,26168,0.330312076169,0.140034478186,5.37989735354,0.658550263595,0.194279104797,0.0606754725033,1.32138353459,0.358407536457
000852.SH,26887,26886,8412,26168,0.330312076169,0.140034478186,5.37989735354,0.658550263595,0.194279104797,0.0606754725033,1.32138353459,0.358407536457
000852.SH,26922,26921,8412,26168,0.330312076169,0.140034478186,5.37989735354,0.658550263595,0.194279104797,0.0606754725033,1.32138353459,0.358407536457
000852.SH,26986,26985,8412,26168,0.330312076169,0.140034478186,5.37989735354,0.658550263595,0.194279104797,0.0606754725033,1.32138353459,0.358407536457
000852.SH,27052,27051,8412,26168,0.330312076169,0.140034478186,5.37989735354,0.658550263595,0.194279104797,0.0606754725033,1.32138353459,0.358407536457
000852.SH,27127,27126,8412,26168,0.330312076169,0.140034478186,5.37989735354,0.658550263595,0.194279104797,0.0606754725033,1.32138353459,0.358407536457
000852.SH,27138,27137,8412,26168,0.330312076169,0.140034478186,5.37989735354,0.658550263595,0.194279104797,0.0606754725033,1.32138353459,0.358407536457
000852.SH,27247,27246,8412,26168,0.330312076169,0.140034478186,5.37989735354,0.658550263595,0.194279104797,0.0606754725033,1.32138353459,0.358407536457
000852.SH,27398,27397,8412,26168,0.330312076169,0.140034478186,5.37989735354,0.658550263595,0.194279104797,0.0606754725033,1.32138353459,0.358407536457
000852.SH,27838,27837,8412,26168,0.330312076169,0.140034478186,5.37989735354,0.658550263595,0.194279104797,0.0606754725033,1.32138353459,0.358407536457
000852.SH,27846,27845,8412,26168,0.330312076169,0.140034478186,5.37989735354,0.658550263595,0.194279104797,0.0606754725033,1.32138353459,0.358407536457
000852.SH,27867,27866,8412,26168,0.330312076169,0.140034478186,5.37989735354,0.658550263595,0.194279104797,0.0606754725033,1.32138353459,0.358407536457
000852.SH,27933,27932,8466,27692,0.330312076169,0.140034478186,5.37063802813,0.657965609982,0.183795674335,0.0606754725033,1.33205420972,0.357277646717
000852.SH,27966,27965,8499,27725,0.330312076169,0.140034478186,5.36129216571,0.657025752652,0.183795674335,0.0606754725033,1.34309976839,0.355930151088
000852.SH,28100,28099,8611,27837,0.291838241241,0.140034478186,5.34233425196,0.659109722033,0.209176167267,0.0606754725033,1.36839081604,0.358155630552
000852.SH,28126,28125,8611,27837,0.291838241241,0.140034478186,5.34233425196,0.659109722033,0.209176167267,0.0606754725033,1.36839081604,0.358155630552
000852.SH,28148,28147,8611,27837,0.291838241241,0.140034478186,5.34233425196,0.659109722033,0.209176167267,0.0606754725033,1.36839081604,0.358155630552
000852.SH,28164,28163,8611,27837,0.291838241241,0.140034478186,5.34233425196,0.659109722033,0.209176167267,0.0606754725033,1.36839081604,0.358155630552
000852.SH,28174,28173,8611,27837,0.291838241241,0.140034478186,5.34233425196,0.659109722033,0.209176167267,0.0606754725033,1.36839081604,0.358155630552
000852.SH,28188,28187,8611,27837,0.291838241241,0.140034478186,5.34233425196,0.659109722033,0.209176167267,0.0606754725033,1.36839081604,0.358155630552
000852.SH,28247,28246,8611,27837,0.291838241241,0.140034478186,5.34233425196,0.659109722033,0.209176167267,0.0606754725033,1.36839081604,0.358155630552
000852.SH,28275,28274,8611,27837,0.291838241241,0.140034478186,5.34233425196,0.659109722033,0.209176167267,0.0606754725033,1.36839081604,0.358155630552
000852.SH,28328,28327,8611,27837,0.291838241241,0.140034478186,5.34233425196,0.659109722033,0.209176167267,0.0606754725033,1.36839081604,0.358155630552
000852.SH,28347,28346,8611,27837,0.291838241241,0.140034478186,5.34233425196,0.659109722033,0.209176167267,0.0606754725033,1.36839081604,0.358155630552
000852.SH,28363,28362,8611,27837,0.291838241241,0.140034478186,5.34233425196,0.659109722033,0.209176167267,0.0606754725033,1.36839081604,0.358155630552
000852.SH,28389,28388,8611,27837,0.291838241241,0.140034478186,5.34233425196,0.659109722033,0.209176167267,0.0606754725033,1.36839081604,0.358155630552
000852.SH,28434,28433,8611,27837,0.291838241241,0.140034478186,5.34233425196,0.659109722033,0.209176167267,0.0606754725033,1.36839081604,0.358155630552
000852.SH,28452,28451,8611,27837,0.291838241241,0.140034478186,5.34233425196,0.659109722033,0.209176167267,0.0606754725033,1.36839081604,0.358155630552
000852.SH,28489,28488,8611,27837,0.291838241241,0.140034478186,5.34233425196,0.659109722033,0.209176167267,0.0606754725033,1.36839081604,0.358155630552
000852.SH,28505,28504,8611,27837,0.291838241241,0.140034478186,5.34233425196,0.659109722033,0.209176167267,0.0606754725033,1.36839081604,0.358155630552
000852.SH,28519,28518,8611,27837,0.291838241241,0.140034478186,5.34233425196,0.659109722033,0.209176167267,0.0606754725033,1.36839081604,0.358155630552
000852.SH,28567,28566,8611,27837,0.291838241241,0.140034478186,5.34233425196,0.659109722033,0.209176167267,0.0606754725033,1.36839081604,0.358155630552
000852.SH,28591,28590,8611,27837,0.291838241241,0.140034478186,5.34233425196,0.659109722033,0.209176167267,0.0606754725033,1.36839081604,0.358155630552
000852.SH,28652,28651,8611,27837,0.291838241241,0.140034478186,5.34233425196,0.659109722033,0.209176167267,0.0606754725033,1.36839081604,0.358155630552
000852.SH,28699,28698,8611,27837,0.291838241241,0.140034478186,5.34233425196,0.659109722033,0.209176167267,0.0606754725033,1.36839081604,0.358155630552
000852.SH,28746,28745,8611,27837,0.291838241241,0.140034478186,5.34233425196,0.659109722033,0.209176167267,0.0606754725033,1.36839081604,0.358155630552
000852.SH,28764,28763,8611,27837,0.291838241241,0.140034478186,5.34233425196,0.659109722033,0.209176167267,0.0606754725033,1.36839081604,0.358155630552
000852.SH,28783,28782,8611,27837,0.291838241241,0.140034478186,5.34233425196,0.659109722033,0.209176167267,0.0606754725033,1.36839081604,0.358155630552
000852.SH,28801,28800,8611,27837,0.291838241241,0.140034478186,5.34233425196,0.659109722033,0.209176167267,0.0606754725033,1.36839081604,0.358155630552
000852.SH,28812,28811,8611,27837,0.291838241241,0.140034478186,5.34233425196,0.659109722033,0.209176167267,0.0606754725033,1.36839081604,0.358155630552
000852.SH,28825,28824,8611,27837,0.291838241241,0.140034478186,5.34233425196,0.659109722033,0.209176167267,0.0606754725033,1.36839081604,0.358155630552
000852.SH,28848,28847,8611,27837,0.291838241241,0.140034478186,5.34233425196,0.659109722033,0.209176167267,0.0606754725033,1.36839081604,0.358155630552
000852.SH,28863,28862,8611,27837,0.291838241241,0.140034478186,5.34233425196,0.659109722033,0.209176167267,0.0606754725033,1.36839081604,0.358155630552
000852.SH,28887,28886,8611,27837,0.291838241241,0.140034478186,5.34233425196,0.659109722033,0.209176167267,0.0606754725033,1.36839081604,0.358155630552
000852.SH,28914,28913,8611,27837,0.291838241241,0.140034478186,5.34233425196,0.659109722033,0.209176167267,0.0606754725033,1.36839081604,0.358155630552
000852.SH,28980,28979,8611,27837,0.291838241241,0.140034478186,5.34233425196,0.659109722033,0.209176167267,0.0606754725033,1.36839081604,0.358155630552
000852.SH,29009,29008,8611,27837,0.291838241241,0.140034478186,5.34233425196,0.659109722033,0.209176167267,0.0606754725033,1.36839081604,0.358155630552
000852.SH,29070,29069,8611,27837,0.291838241241,0.140034478186,5.34233425196,0.659109722033,0.209176167267,0.0606754725033,1.36839081604,0.358155630552
000852.SH,29122,29121,8611,27837,0.291838241241,0.140034478186,5.34233425196,0.659109722033,0.209176167267,0.0606754725033,1.36839081604,0.358155630552
000852.SH,29170,29169,8611,27837,0.291838241241,0.140034478186,5.34233425196,0.659109722033,0.209176167267,0.0606754725033,1.36839081604,0.358155630552
000852.SH,29188,29187,8611,27837,0.291838241241,0.140034478186,5.34233425196,0.659109722033,0.209176167267,0.0606754725033,1.36839081604,0.358155630552
000852.SH,29218,29217,8611,27837,0.291838241241,0.140034478186,5.34233425196,0.659109722033,0.209176167267,0.0606754725033,1.36839081604,0.358155630552
000852.SH,29227,29226,8611,27837,0.291838241241,0.140034478186,5.34233425196,0.659109722033,0.209176167267,0.0606754725033,1.36839081604,0.358155630552
000852.SH,29240,29239,8611,27837,0.291838241241,0.140034478186,5.34233425196,0.659109722033,0.209176167267,0.0606754725033,1.36839081604,0.358155630552
000852.SH,29265,29264,8611,27837,0.291838241241,0.140034478186,5.34233425196,0.659109722033,0.209176167267,0.0606754725033,1.36839081604,0.358155630552
000852.SH,29293,29292,8611,27837,0.291838241241,0.140034478186,5.34233425196,0.659109722033,0.209176167267,0.0606754725033,1.36839081604,0.358155630552
000852.SH,29321,29320,8611,27837,0.291838241241,0.140034478186,5.34233425196,0.659109722033,0.209176167267,0.0606754725033,1.36839081604,0.358155630552
000852.SH,29364,29363,8611,27837,0.291838241241,0.140034478186,5.34233425196,0.659109722033,0.209176167267,0.0606754725033,1.36839081604,0.358155630552
000852.SH,29398,29397,8611,27837,0.291838241241,0.140034478186,5.34233425196,0.659109722033,0.209176167267,0.0606754725033,1.36839081604,0.358155630552
000852.SH,29421,29420,8611,27837,0.291838241241,0.140034478186,5.34233425196,0.659109722033,0.209176167267,0.0606754725033,1.36839081604,0.358155630552
000852.SH,29452,29451,8611,27837,0.291838241241,0.140034478186,5.34233425196,0.659109722033,0.209176167267,0.0606754725033,1.36839081604,0.358155630552
000852.SH,29496,29495,8611,27837,0.291838241241,0.140034478186,5.34233425196,0.659109722033,0.209176167267,0.0606754725033,1.36839081604,0.358155630552
000852.SH,29527,29526,8611,27837,0.291838241241,0.140034478186,5.34233425196,0.659109722033,0.209176167267,0.0606754725033,1.36839081604,0.358155630552
000852.SH,29550,29549,8611,27837,0.291838241241,0.140034478186,5.34233425196,0.659109722033,0.209176167267,0.0606754725033,1.36839081604,0.358155630552
000852.SH,30067,30066,8647,29826,0.330312076169,0.140034478186,5.34710753072,0.657291100988,0.192363122462,0.0606754725033,1.35849263908,0.359185813761
000852.SH,30503,30502,8887,30066,0.330312076169,0.142677638333,5.36129216571,0.653354770017,0.204525613236,0.064594221738,1.34463646346,0.369936677996
000852.SH,30749,30748,9082,30502,0.337443969286,0.142677638333,5.39589512394,0.645912294359,0.215099357972,0.0655278247583,1.29741333833,0.379033119754
000852.SH,30848,30847,9082,30502,0.337443969286,0.142677638333,5.39589512394,0.645912294359,0.215099357972,0.0655278247583,1.29741333833,0.379033119754
000852.SH,30868,30867,9082,30502,0.337443969286,0.142677638333,5.39589512394,0.645912294359,0.215099357972,0.0655278247583,1.29741333833,0.379033119754
000852.SH,30877,30876,9082,30502,0.337443969286,0.142677638333,5.39589512394,0.645912294359,0.215099357972,0.0655278247583,1.29741333833,0.379033119754
000852.SH,30896,30895,9082,30502,0.337443969286,0.142677638333,5.39589512394,0.645912294359,0.215099357972,0.0655278247583,1.29741333833,0.379033119754
000852.SH,30936,30935,9082,30502,0.337443969286,0.142677638333,5.39589512394,0.645912294359,0.215099357972,0.0655278247583,1.29741333833,0.379033119754
000852.SH,30950,30949,9082,30502,0.337443969286,0.142677638333,5.39589512394,0.645912294359,0.215099357972,0.0655278247583,1.29741333833,0.379033119754
000852.SH,30963,30962,9082,30502,0.337443969286,0.142677638333,5.39589512394,0.645912294359,0.215099357972,0.0655278247583,1.29741333833,0.379033119754
000852.SH,30970,30969,9082,30502,0.337443969286,0.142677638333,5.39589512394,0.645912294359,0.215099357972,0.0655278247583,1.29741333833,0.379033119754
000852.SH,31009,31008,9087,30748,0.337443969286,0.142677638333,5.39362754635,0.646520116448,0.215099357972,0.0655278247583,1.30077524885,0.379462126201
000852.SH,31048,31047,9087,30748,0.337443969286,0.142677638333,5.39362754635,0.646520116448,0.215099357972,0.0655278247583,1.30077524885,0.379462126201
000852.SH,31086,31085,9087,30748,0.337443969286,0.142677638333,5.39362754635,0.646520116448,0.215099357972,0.0655278247583,1.30077524885,0.379462126201
000852.SH,31141,31140,9087,30748,0.337443969286,0.142677638333,5.39362754635,0.646520116448,0.215099357972,0.0655278247583,1.30077524885,0.379462126201
000852.SH,31218,31217,9087,30748,0.337443969286,0.142677638333,5.39362754635,0.646520116448,0.215099357972,0.0655278247583,1.30077524885,0.379462126201
000852.SH,31233,31232,9087,30748,0.337443969286,0.142677638333,5.39362754635,0.646520116448,0.215099357972,0.0655278247583,1.30077524885,0.379462126201
000852.SH,31269,31268,9087,30748,0.337443969286,0.142677638333,5.39362754635,0.646520116448,0.215099357972,0.0655278247583,1.30077524885,0.379462126201
000852.SH,31298,31297,9087,30748,0.337443969286,0.142677638333,5.39362754635,0.646520116448,0.215099357972,0.0655278247583,1.30077524885,0.379462126201
000852.SH,31357,31356,9087,30748,0.337443969286,0.142677638333,5.39362754635,0.646520116448,0.215099357972,0.0655278247583,1.30077524885,0.379462126201
000852.SH,31379,31378,9087,30748,0.337443969286,0.142677638333,5.39362754635,0.646520116448,0.215099357972,0.0655278247583,1.30077524885,0.379462126201
000852.SH,31423,31422,9087,30748,0.337443969286,0.142677638333,5.39362754635,0.646520116448,0.215099357972,0.0655278247583,1.30077524885,0.379462126201
000852.SH,31429,31428,9087,30748,0.337443969286,0.142677638333,5.39362754635,0.646520116448,0.215099357972,0.0655278247583,1.30077524885,0.379462126201
000852.SH,31445,31444,9087,30748,0.337443969286,0.142677638333,5.39362754635,0.646520116448,0.215099357972,0.0655278247583,1.30077524885,0.379462126201
000852.SH,31457,31456,9087,30748,0.337443969286,0.142677638333,5.39362754635,0.646520116448,0.215099357972,0.0655278247583,1.30077524885,0.379462126201
000852.SH,31504,31503,9087,30748,0.337443969286,0.142677638333,5.39362754635,0.646520116448,0.215099357972,0.0655278247583,1.30077524885,0.379462126201
000852.SH,31574,31573,9087,30748,0.337443969286,0.142677638333,5.39362754635,0.646520116448,0.215099357972,0.0655278247583,1.30077524885,0.379462126201
000852.SH,31697,31696,9087,30748,0.337443969286,0.142677638333,5.39362754635,0.646520116448,0.215099357972,0.0655278247583,1.30077524885,0.379462126201
000852.SH,31759,31758,9087,30748,0.337443969286,0.142677638333,5.39362754635,0.646520116448,0.215099357972,0.0655278247583,1.30077524885,0.379462126201
000852.SH,31780,31779,9087,30748,0.337443969286,0.142677638333,5.39362754635,0.646520116448,0.215099357972,0.0655278247583,1.30077524885,0.379462126201
000852.SH,31971,31970,9087,30748,0.337443969286,0.142677638333,5.39362754635,0.646520116448,0.215099357972,0.0655278247583,1.30077524885,0.379462126201
000852.SH,32015,32014,9087,30748,0.337443969286,0.142677638333,5.39362754635,0.646520116448,0.215099357972,0.0655278247583,1.30077524885,0.379462126201
000852.SH,32059,32058,9087,30748,0.337443969286,0.142677638333,5.39362754635,0.646520116448,0.215099357972,0.0655278247583,1.30077524885,0.379462126201
000852.SH,32128,32127,9087,30748,0.337443969286,0.142677638333,5.39362754635,0.646520116448,0.215099357972,0.0655278247583,1.30077524885,0.379462126201
000852.SH,32169,32168,9087,30748,0.337443969286,0.142677638333,5.39362754635,0.646520116448,0.215099357972,0.0655278247583,1.30077524885,0.379462126201
000852.SH,32190,32189,9087,30748,0.337443969286,0.142677638333,5.39362754635,0.646520116448,0.215099357972,0.0655278247583,1.30077524885,0.379462126201
000852.SH,32262,32261,9087,30748,0.337443969286,0.142677638333,5.39362754635,0.646520116448,0.215099357972,0.0655278247583,1.30077524885,0.379462126201
000852.SH,32299,32298,9087,30748,0.337443969286,0.142677638333,5.39362754635,0.646520116448,0.215099357972,0.0655278247583,1.30077524885,0.379462126201
000852.SH,32410,32409,9087,30748,0.337443969286,0.142677638333,5.39362754635,0.646520116448,0.215099357972,0.0655278247583,1.30077524885,0.379462126201
000852.SH,32492,32491,9087,30748,0.337443969286,0.142677638333,5.39362754635,0.646520116448,0.215099357972,0.0655278247583,1.30077524885,0.379462126201
000852.SH,32582,32581,9087,30748,0.337443969286,0.142677638333,5.39362754635,0.646520116448,0.215099357972,0.0655278247583,1.30077524885,0.379462126201
000852.SH,32649,32648,9087,30748,0.337443969286,0.142677638333,5.39362754635,0.646520116448,0.215099357972,0.0655278247583,1.30077524885,0.379462126201
000852.SH,32671,32670,9087,30748,0.337443969286,0.142677638333,5.39362754635,0.646520116448,0.215099357972,0.0655278247583,1.30077524885,0.379462126201
000852.SH,32715,32714,9087,30748,0.337443969286,0.142677638333,5.39362754635,0.646520116448,0.215099357972,0.0655278247583,1.30077524885,0.379462126201
000852.SH,32793,32792,9087,30748,0.337443969286,0.142677638333,5.39362754635,0.646520116448,0.215099357972,0.0655278247583,1.30077524885,0.379462126201
000852.SH,32838,32837,9087,30748,0.337443969286,0.142677638333,5.39362754635,0.646520116448,0.215099357972,0.0655278247583,1.30077524885,0.379462126201
000852.SH,32858,32857,9087,30748,0.337443969286,0.142677638333,5.39362754635,0.646520116448,0.215099357972,0.0655278247583,1.30077524885,0.379462126201
000852.SH,32893,32892,9087,30748,0.337443969286,0.142677638333,5.39362754635,0.646520116448,0.215099357972,0.0655278247583,1.30077524885,0.379462126201
000852.SH,32964,32963,9087,30748,0.337443969286,0.142677638333,5.39362754635,0.646520116448,0.215099357972,0.0655278247583,1.30077524885,0.379462126201
000852.SH,33010,33009,9087,30748,0.337443969286,0.142677638333,5.39362754635,0.646520116448,0.215099357972,0.0655278247583,1.30077524885,0.379462126201
000852.SH,33033,33032,9087,30748,0.337443969286,0.142677638333,5.39362754635,0.646520116448,0.215099357972,0.0655278247583,1.30077524885,0.379462126201
000852.SH,33075,33074,9087,30748,0.337443969286,0.142677638333,5.39362754635,0.646520116448,0.215099357972,0.0655278247583,1.30077524885,0.379462126201
000852.SH,33091,33090,9087,30748,0.337443969286,0.142677638333,5.39362754635,0.646520116448,0.215099357972,0.0655278247583,1.30077524885,0.379462126201
000852.SH,33109,33108,9087,30748,0.337443969286,0.142677638333,5.39362754635,0.646520116448,0.215099357972,0.0655278247583,1.30077524885,0.379462126201
000852.SH,33125,33124,9087,30748,0.337443969286,0.142677638333,5.39362754635,0.646520116448,0.215099357972,0.0655278247583,1.30077524885,0.379462126201
000852.SH,33132,33131,9087,30748,0.337443969286,0.142677638333,5.39362754635,0.646520116448,0.215099357972,0.0655278247583,1.30077524885,0.379462126201
000852.SH,33163,33162,9087,30748,0.337443969286,0.142677638333,5.39362754635,0.646520116448,0.215099357972,0.0655278247583,1.30077524885,0.379462126201
000852.SH,33217,33216,9087,30748,0.337443969286,0.142677638333,5.39362754635,0.646520116448,0.215099357972,0.0655278247583,1.30077524885,0.379462126201
000852.SH,33292,33291,9087,30748,0.337443969286,0.142677638333,5.39362754635,0.646520116448,0.215099357972,0.0655278247583,1.30077524885,0.379462126201
000852.SH,33311,33310,9087,30748,0.337443969286,0.142677638333,5.39362754635,0.646520116448,0.215099357972,0.0655278247583,1.30077524885,0.379462126201
000852.SH,33318,33317,9087,30748,0.337443969286,0.142677638333,5.39362754635,0.646520116448,0.215099357972,0.0655278247583,1.30077524885,0.379462126201
000852.SH,33329,33328,9087,30748,0.337443969286,0.142677638333,5.39362754635,0.646520116448,0.215099357972,0.0655278247583,1.30077524885,0.379462126201
000852.SH,33341,33340,9087,30748,0.337443969286,0.142677638333,5.39362754635,0.646520116448,0.215099357972,0.0655278247583,1.30077524885,0.379462126201
000852.SH,33366,33365,9087,30748,0.337443969286,0.142677638333,5.39362754635,0.646520116448,0.215099357972,0.0655278247583,1.30077524885,0.379462126201
000852.SH,33401,33400,9087,30748,0.337443969286,0.142677638333,5.39362754635,0.646520116448,0.215099357972,0.0655278247583,1.30077524885,0.379462126201
000852.SH,33425,33424,9087,30748,0.337443969286,0.142677638333,5.39362754635,0.646520116448,0.215099357972,0.0655278247583,1.30077524885,0.379462126201
000852.SH,33507,33506,9087,30748,0.337443969286,0.142677638333,5.39362754635,0.646520116448,0.215099357972,0.0655278247583,1.30077524885,0.379462126201
000852.SH,33529,33528,9087,30748,0.337443969286,0.142677638333,5.39362754635,0.646520116448,0.215099357972,0.0655278247583,1.30077524885,0.379462126201
000852.SH,33552,33551,9087,30748,0.337443969286,0.142677638333,5.39362754635,0.646520116448,0.215099357972,0.0655278247583,1.30077524885,0.379462126201
000852.SH,33563,33562,9087,30748,0.337443969286,0.142677638333,5.39362754635,0.646520116448,0.215099357972,0.0655278247583,1.30077524885,0.379462126201
000852.SH,33574,33573,9087,30748,0.337443969286,0.142677638333,5.39362754635,0.646520116448,0.215099357972,0.0655278247583,1.30077524885,0.379462126201
000852.SH,33603,33602,9087,30748,0.337443969286,0.142677638333,5.39362754635,0.646520116448,0.215099357972,0.0655278247583,1.30077524885,0.379462126201
000852.SH,33621,33620,9087,30748,0.337443969286,0.142677638333,5.39362754635,0.646520116448,0.215099357972,0.0655278247583,1.30077524885,0.379462126201
000852.SH,33692,33691,9087,30748,0.337443969286,0.142677638333,5.39362754635,0.646520116448,0.215099357972,0.0655278247583,1.30077524885,0.379462126201
000852.SH,33708,33707,9087,30748,0.337443969286,0.142677638333,5.39362754635,0.646520116448,0.215099357972,0.0655278247583,1.30077524885,0.379462126201
000852.SH,33743,33742,9087,30748,0.337443969286,0.142677638333,5.39362754635,0.646520116448,0.215099357972,0.0655278247583,1.30077524885,0.379462126201
000852.SH,33760,33759,9087,30748,0.337443969286,0.142677638333,5.39362754635,0.646520116448,0.215099357972,0.0655278247583,1.30077524885,0.379462126201
000852.SH,33793,33792,9087,30748,0.337443969286,0.142677638333,5.39362754635,0.646520116448,0.215099357972,0.0655278247583,1.30077524885,0.379462126201
000852.SH,33808,33807,9087,30748,0.337443969286,0.142677638333,5.39362754635,0.646520116448,0.215099357972,0.0655278247583,1.30077524885,0.379462126201
000852.SH,33818,33817,9087,30748,0.337443969286,0.142677638333,5.39362754635,0.646520116448,0.215099357972,0.0655278247583,1.30077524885,0.379462126201
000852.SH,33844,33843,9087,30748,0.337443969286,0.142677638333,5.39362754635,0.646520116448,0.215099357972,0.0655278247583,1.30077524885,0.379462126201
000852.SH,33850,33849,9087,30748,0.337443969286,0.142677638333,5.39362754635,0.646520116448,0.215099357972,0.0655278247583,1.30077524885,0.379462126201
000852.SH,33877,33876,9087,30748,0.337443969286,0.142677638333,5.39362754635,0.646520116448,0.215099357972,0.0655278247583,1.30077524885,0.379462126201
000852.SH,33900,33899,9087,30748,0.337443969286,0.142677638333,5.39362754635,0.646520116448,0.215099357972,0.0655278247583,1.30077524885,0.379462126201
000852.SH,33910,33909,9087,30748,0.337443969286,0.142677638333,5.39362754635,0.646520116448,0.215099357972,0.0655278247583,1.30077524885,0.379462126201
000852.SH,34041,34040,9087,30748,0.337443969286,0.142677638333,5.39362754635,0.646520116448,0.215099357972,0.0655278247583,1.30077524885,0.379462126201
000852.SH,34055,34054,9087,30748,0.337443969286,0.142677638333,5.39362754635,0.646520116448,0.215099357972,0.0655278247583,1.30077524885,0.379462126201
000852.SH,34086,34085,9087,30748,0.337443969286,0.142677638333,5.39362754635,0.646520116448,0.215099357972,0.0655278247583,1.30077524885,0.379462126201
000852.SH,34098,34097,9087,30748,0.337443969286,0.142677638333,5.39362754635,0.646520116448,0.215099357972,0.0655278247583,1.30077524885,0.379462126201
000852.SH,34133,34132,9087,30748,0.337443969286,0.142677638333,5.39362754635,0.646520116448,0.215099357972,0.0655278247583,1.30077524885,0.379462126201
000852.SH,34161,34160,9087,30748,0.337443969286,0.142677638333,5.39362754635,0.646520116448,0.215099357972,0.0655278247583,1.30077524885,0.379462126201
000852.SH,34219,34218,9087,30748,0.337443969286,0.142677638333,5.39362754635,0.646520116448,0.215099357972,0.0655278247583,1.30077524885,0.379462126201
000852.SH,34249,34248,9087,30748,0.337443969286,0.142677638333,5.39362754635,0.646520116448,0.215099357972,0.0655278247583,1.30077524885,0.379462126201
000852.SH,34297,34296,9087,30748,0.337443969286,0.142677638333,5.39362754635,0.646520116448,0.215099357972,0.0655278247583,1.30077524885,0.379462126201
000852.SH,34327,34326,9087,30748,0.337443969286,0.142677638333,5.39362754635,0.646520116448,0.215099357972,0.0655278247583,1.30077524885,0.379462126201
000852.SH,34352,34351,9087,30748,0.337443969286,0.142677638333,5.39362754635,0.646520116448,0.215099357972,0.0655278247583,1.30077524885,0.379462126201
000852.SH,34479,34478,9087,30748,0.337443969286,0.142677638333,5.39362754635,0.646520116448,0.215099357972,0.0655278247583,1.30077524885,0.379462126201
000852.SH,34526,34525,9087,30748,0.337443969286,0.142677638333,5.39362754635,0.646520116448,0.215099357972,0.0655278247583,1.30077524885,0.379462126201
000852.SH,34583,34582,9087,30748,0.337443969286,0.142677638333,5.39362754635,0.646520116448,0.215099357972,0.0655278247583,1.30077524885,0.379462126201
000852.SH,34628,34627,9087,30748,0.337443969286,0.142677638333,5.39362754635,0.646520116448,0.215099357972,0.0655278247583,1.30077524885,0.379462126201
000852.SH,34678,34677,9087,30748,0.337443969286,0.142677638333,5.39362754635,0.646520116448,0.215099357972,0.0655278247583,1.30077524885,0.379462126201
000852.SH,34688,34687,9087,30748,0.337443969286,0.142677638333,5.39362754635,0.646520116448,0.215099357972,0.0655278247583,1.30077524885,0.379462126201
000852.SH,34724,34723,9087,30748,0.337443969286,0.142677638333,5.39362754635,0.646520116448,0.215099357972,0.0655278247583,1.30077524885,0.379462126201
000852.SH,34783,34782,9087,30748,0.337443969286,0.142677638333,5.39362754635,0.646520116448,0.215099357972,0.0655278247583,1.30077524885,0.379462126201
000852.SH,34805,34804,9087,30748,0.337443969286,0.142677638333,5.39362754635,0.646520116448,0.215099357972,0.0655278247583,1.30077524885,0.379462126201
000852.SH,35160,35159,9087,30748,0.337443969286,0.142677638333,5.39362754635,0.646520116448,0.215099357972,0.0655278247583,1.30077524885,0.379462126201
000852.SH,35216,35215,9087,30748,0.337443969286,0.142677638333,5.39362754635,0.646520116448,0.215099357972,0.0655278247583,1.30077524885,0.379462126201
000852.SH,35286,35285,9087,30748,0.337443969286,0.142677638333,5.39362754635,0.646520116448,0.215099357972,0.0655278247583,1.30077524885,0.379462126201
000852.SH,35312,35311,9113,35071,0.345263999597,0.142677638333,5.38907172982,0.647640697613,0.22669333491,0.0655776560668,1.3047244036,0.381123499836
000852.SH,35356,35355,9157,35115,0.345263999597,0.142677638333,5.38449506279,0.648038568634,0.22669333491,0.0672076673311,1.31163456286,0.379538467041
000852.SH,35450,35449,9201,35159,0.345263999597,0.142677638333,5.37527840768,0.645386499624,0.22669333491,0.0672076673311,1.32797968184,0.376174888102
000852.SH,35524,35523,9201,35159,0.345263999597,0.142677638333,5.37527840768,0.645386499624,0.22669333491,0.0672076673311,1.32797968184,0.376174888102
000852.SH,35539,35538,9201,35159,0.345263999597,0.142677638333,5.37527840768,0.645386499624,0.22669333491,0.0672076673311,1.32797968184,0.376174888102
000852.SH,35566,35565,9201,35159,0.345263999597,0.142677638333,5.37527840768,0.645386499624,0.22669333491,0.0672076673311,1.32797968184,0.376174888102
000852.SH,35645,35644,9201,35159,0.345263999597,0.142677638333,5.37527840768,0.645386499624,0.22669333491,0.0672076673311,1.32797968184,0.376174888102
000852.SH,35666,35665,9201,35159,0.345263999597,0.142677638333,5.37527840768,0.645386499624,0.22669333491,0.0672076673311,1.32797968184,0.376174888102
000852.SH,35735,35734,9201,35159,0.345263999597,0.142677638333,5.37527840768,0.645386499624,0.22669333491,0.0672076673311,1.32797968184,0.376174888102
000852.SH,35787,35786,9201,35159,0.345263999597,0.142677638333,5.37527840768,0.645386499624,0.22669333491,0.0672076673311,1.32797968184,0.376174888102
000852.SH,35967,35966,9201,35159,0.345263999597,0.142677638333,5.37527840768,0.645386499624,0.22669333491,0.0672076673311,1.32797968184,0.376174888102
000852.SH,36086,36085,9201,35159,0.345263999597,0.142677638333,5.37527840768,0.645386499624,0.22669333491,0.0672076673311,1.32797968184,0.376174888102
000852.SH,36149,36148,9201,35159,0.345263999597,0.142677638333,5.37527840768,0.645386499624,0.22669333491,0.0672076673311,1.32797968184,0.376174888102
000852.SH,36246,36245,9201,35159,0.345263999597,0.142677638333,5.37527840768,0.645386499624,0.22669333491,0.0672076673311,1.32797968184,0.376174888102
000852.SH,36287,36286,9201,35159,0.345263999597,0.142677638333,5.37527840768,0.645386499624,0.22669333491,0.0672076673311,1.32797968184,0.376174888102
000852.SH,36304,36303,9201,35159,0.345263999597,0.142677638333,5.37527840768,0.645386499624,0.22669333491,0.0672076673311,1.32797968184,0.376174888102
000852.SH,36399,36398,9201,35159,0.345263999597,0.142677638333,5.37527840768,0.645386499624,0.22669333491,0.0672076673311,1.32797968184,0.376174888102
000852.SH,36464,36463,9201,35159,0.345263999597,0.142677638333,5.37527840768,0.645386499624,0.22669333491,0.0672076673311,1.32797968184,0.376174888102
000852.SH,36533,36532,9201,35159,0.345263999597,0.142677638333,5.37527840768,0.645386499624,0.22669333491,0.0672076673311,1.32797968184,0.376174888102
000852.SH,36581,36580,9201,35159,0.345263999597,0.142677638333,5.37527840768,0.645386499624,0.22669333491,0.0672076673311,1.32797968184,0.376174888102
000852.SH,36633,36632,9201,35159,0.345263999597,0.142677638333,5.37527840768,0.645386499624,0.22669333491,0.0672076673311,1.32797968184,0.376174888102
000852.SH,36685,36684,9201,35159,0.345263999597,0.142677638333,5.37527840768,0.645386499624,0.22669333491,0.0672076673311,1.32797968184,0.376174888102
000852.SH,36728,36727,9201,35159,0.345263999597,0.142677638333,5.37527840768,0.645386499624,0.22669333491,0.0672076673311,1.32797968184,0.376174888102
000852.SH,36837,36836,9201,35159,0.345263999597,0.142677638333,5.37527840768,0.645386499624,0.22669333491,0.0672076673311,1.32797968184,0.376174888102
000852.SH,36859,36858,9201,35159,0.345263999597,0.142677638333,5.37527840768,0.645386499624,0.22669333491,0.0672076673311,1.32797968184,0.376174888102
000852.SH,36880,36879,9201,35159,0.345263999597,0.142677638333,5.37527840768,0.645386499624,0.22669333491,0.0672076673311,1.32797968184,0.376174888102
000852.SH,36894,36893,9201,35159,0.345263999597,0.142677638333,5.37527840768,0.645386499624,0.22669333491,0.0672076673311,1.32797968184,0.376174888102
000852.SH,36904,36903,9201,35159,0.345263999597,0.142677638333,5.37527840768,0.645386499624,0.22669333491,0.0672076673311,1.32797968184,0.376174888102
000852.SH,36929,36928,9201,35159,0.345263999597,0.142677638333,5.37527840768,0.645386499624,0.22669333491,0.0672076673311,1.32797968184,0.376174888102
000852.SH,36964,36963,9201,35159,0.345263999597,0.142677638333,5.37527840768,0.645386499624,0.22669333491,0.0672076673311,1.32797968184,0.376174888102
000852.SH,36999,36998,9201,35159,0.345263999597,0.142677638333,5.37527840768,0.645386499624,0.22669333491,0.0672076673311,1.32797968184,0.376174888102
000852.SH,37065,37064,9201,35159,0.345263999597,0.142677638333,5.37527840768,0.645386499624,0.22669333491,0.0672076673311,1.32797968184,0.376174888102
000852.SH,37160,37159,9201,35159,0.345263999597,0.142677638333,5.37527840768,0.645386499624,0.22669333491,0.0672076673311,1.32797968184,0.376174888102
000852.SH,37185,37184,9201,35159,0.345263999597,0.142677638333,5.37527840768,0.645386499624,0.22669333491,0.0672076673311,1.32797968184,0.376174888102
000852.SH,37349,37348,9201,35159,0.345263999597,0.142677638333,5.37527840768,0.645386499624,0.22669333491,0.0672076673311,1.32797968184,0.376174888102
000852.SH,37420,37419,9201,35159,0.345263999597,0.142677638333,5.37527840768,0.645386499624,0.22669333491,0.0672076673311,1.32797968184,0.376174888102
000852.SH,37445,37444,9201,35159,0.345263999597,0.142677638333,5.37527840768,0.645386499624,0.22669333491,0.0672076673311,1.32797968184,0.376174888102
000852.SH,37457,37456,9201,35159,0.345263999597,0.142677638333,5.37527840768,0.645386499624,0.22669333491,0.0672076673311,1.32797968184,0.376174888102
000852.SH,37490,37489,9201,35159,0.345263999597,0.142677638333,5.37527840768,0.645386499624,0.22669333491,0.0672076673311,1.32797968184,0.376174888102
000852.SH,37540,37539,9201,35159,0.345263999597,0.142677638333,5.37527840768,0.645386499624,0.22669333491,0.0672076673311,1.32797968184,0.376174888102
000852.SH,37570,37569,9201,35159,0.345263999597,0.142677638333,5.37527840768,0.645386499624,0.22669333491,0.0672076673311,1.32797968184,0.376174888102
000852.SH,37583,37582,9201,35159,0.345263999597,0.142677638333,5.37527840768,0.645386499624,0.22669333491,0.0672076673311,1.32797968184,0.376174888102
000852.SH,37643,37642,9201,35159,0.345263999597,0.142677638333,5.37527840768,0.645386499624,0.22669333491,0.0672076673311,1.32797968184,0.376174888102
000852.SH,37693,37692,9201,35159,0.345263999597,0.142677638333,5.37527840768,0.645386499624,0.22669333491,0.0672076673311,1.32797968184,0.376174888102
000852.SH,37715,37714,9201,35159,0.345263999597,0.142677638333,5.37527840768,0.645386499624,0.22669333491,0.0672076673311,1.32797968184,0.376174888102
000852.SH,37744,37743,9201,35159,0.345263999597,0.142677638333,5.37527840768,0.645386499624,0.22669333491,0.0672076673311,1.32797968184,0.376174888102
000852.SH,37898,37897,9201,35159,0.345263999597,0.142677638333,5.37527840768,0.645386499624,0.22669333491,0.0672076673311,1.32797968184,0.376174888102
000852.SH,37948,37947,9201,35159,0.345263999597,0.142677638333,5.37527840768,0.645386499624,0.22669333491,0.0672076673311,1.32797968184,0.376174888102
000852.SH,38174,38173,9201,35159,0.345263999597,0.142677638333,5.37527840768,0.645386499624,0.22669333491,0.0672076673311,1.32797968184,0.376174888102
000852.SH,38185,38184,9201,35159,0.345263999597,0.142677638333,5.37527840768,0.645386499624,0.22669333491,0.0672076673311,1.32797968184,0.376174888102
000852.SH,38215,38214,9201,35159,0.345263999597,0.142677638333,5.37527840768,0.645386499624,0.22669333491,0.0672076673311,1.32797968184,0.376174888102
000852.SH,38224,38223,9201,35159,0.345263999597,0.142677638333,5.37527840768,0.645386499624,0.22669333491,0.0672076673311,1.32797968184,0.376174888102
000852.SH,38238,38237,9201,35159,0.345263999597,0.142677638333,5.37527840768,0.645386499624,0.22669333491,0.0672076673311,1.32797968184,0.376174888102
000852.SH,38279,38278,9201,35159,0.345263999597,0.142677638333,5.37527840768,0.645386499624,0.22669333491,0.0672076673311,1.32797968184,0.376174888102
000852.SH,38290,38289,9201,35159,0.345263999597,0.142677638333,5.37527840768,0.645386499624,0.22669333491,0.0672076673311,1.32797968184,0.376174888102
000852.SH,38312,38311,9201,35159,0.345263999597,0.142677638333,5.37527840768,0.645386499624,0.22669333491,0.0672076673311,1.32797968184,0.376174888102
000852.SH,38327,38326,9201,35159,0.345263999597,0.142677638333,5.37527840768,0.645386499624,0.22669333491,0.0672076673311,1.32797968184,0.376174888102
000852.SH,38341,38340,9201,35159,0.345263999597,0.142677638333,5.37527840768,0.645386499624,0.22669333491,0.0672076673311,1.32797968184,0.376174888102
000852.SH,38363,38362,9201,35159,0.345263999597,0.142677638333,5.37527840768,0.645386499624,0.22669333491,0.0672076673311,1.32797968184,0.376174888102
000852.SH,38402,38401,9201,35159,0.345263999597,0.142677638333,5.37527840768,0.645386499624,0.22669333491,0.0672076673311,1.32797968184,0.376174888102
000852.SH,38534,38533,9201,35159,0.345263999597,0.142677638333,5.37527840768,0.645386499624,0.22669333491,0.0672076673311,1.32797968184,0.376174888102
000852.SH,38585,38584,9201,35159,0.345263999597,0.142677638333,5.37527840768,0.645386499624,0.22669333491,0.0672076673311,1.32797968184,0.376174888102
000852.SH,38600,38599,9201,35159,0.345263999597,0.142677638333,5.37527840768,0.645386499624,0.22669333491,0.0672076673311,1.32797968184,0.376174888102
000852.SH,38607,38606,9201,35159,0.345263999597,0.142677638333,5.37527840768,0.645386499624,0.22669333491,0.0672076673311,1.32797968184,0.376174888102
000852.SH,38617,38616,9201,35159,0.345263999597,0.142677638333,5.37527840768,0.645386499624,0.22669333491,0.0672076673311,1.32797968184,0.376174888102
000852.SH,38632,38631,9201,35159,0.345263999597,0.142677638333,5.37527840768,0.645386499624,0.22669333491,0.0672076673311,1.32797968184,0.376174888102
000852.SH,38644,38643,9201,35159,0.345263999597,0.142677638333,5.37527840768,0.645386499624,0.22669333491,0.0672076673311,1.32797968184,0.376174888102
000852.SH,38651,38650,9201,35159,0.345263999597,0.142677638333,5.37527840768,0.645386499624,0.22669333491,0.0672076673311,1.32797968184,0.376174888102
000852.SH,38668,38667,9201,35159,0.345263999597,0.142677638333,5.37527840768,0.645386499624,0.22669333491,0.0672076673311,1.32797968184,0.376174888102
000852.SH,38703,38702,9201,35159,0.345263999597,0.142677638333,5.37527840768,0.645386499624,0.22669333491,0.0672076673311,1.32797968184,0.376174888102
000852.SH,38727,38726,9201,35159,0.345263999597,0.142677638333,5.37527840768,0.645386499624,0.22669333491,0.0672076673311,1.32797968184,0.376174888102
000852.SH,38780,38779,9201,35159,0.345263999597,0.142677638333,5.37527840768,0.645386499624,0.22669333491,0.0672076673311,1.32797968184,0.376174888102
000852.SH,38832,38831,9201,35159,0.345263999597,0.142677638333,5.37527840768,0.645386499624,0.22669333491,0.0672076673311,1.32797968184,0.376174888102
000852.SH,38868,38867,9201,35159,0.345263999597,0.142677638333,5.37527840768,0.645386499624,0.22669333491,0.0672076673311,1.32797968184,0.376174888102
000852.SH,38883,38882,9201,35159,0.345263999597,0.142677638333,5.37527840768,0.645386499624,0.22669333491,0.0672076673311,1.32797968184,0.376174888102
000852.SH,39125,39124,9201,35159,0.345263999597,0.142677638333,5.37527840768,0.645386499624,0.22669333491,0.0672076673311,1.32797968184,0.376174888102
000852.SH,39133,39132,9201,35159,0.345263999597,0.142677638333,5.37527840768,0.645386499624,0.22669333491,0.0672076673311,1.32797968184,0.376174888102
000852.SH,39166,39165,9201,35159,0.345263999597,0.142677638333,5.37527840768,0.645386499624,0.22669333491,0.0672076673311,1.32797968184,0.376174888102
000852.SH,39186,39185,9201,35159,0.345263999597,0.142677638333,5.37527840768,0.645386499624,0.22669333491,0.0672076673311,1.32797968184,0.376174888102
000852.SH,39327,39326,9201,35159,0.345263999597,0.142677638333,5.37527840768,0.645386499624,0.22669333491,0.0672076673311,1.32797968184,0.376174888102
000852.SH,39356,39355,9201,35159,0.345263999597,0.142677638333,5.37527840768,0.645386499624,0.22669333491,0.0672076673311,1.32797968184,0.376174888102
000852.SH,39377,39376,9202,39124,0.345263999597,0.142677638333,5.37527840768,0.645489832915,0.22669333491,0.0672076673311,1.32797968184,0.376242733511
000852.SH,39494,39493,9202,39124,0.345263999597,0.142677638333,5.37527840768,0.645489832915,0.22669333491,0.0672076673311,1.32797968184,0.376242733511
000852.SH,39586,39585,9202,39124,0.345263999597,0.142677638333,5.37527840768,0.645489832915,0.22669333491,0.0672076673311,1.32797968184,0.376242733511
000852.SH,39621,39620,9202,39124,0.345263999597,0.142677638333,5.37527840768,0.645489832915,0.22669333491,0.0672076673311,1.32797968184,0.376242733511
000852.SH,39745,39744,9202,39124,0.345263999597,0.142677638333,5.37527840768,0.645489832915,0.22669333491,0.0672076673311,1.32797968184,0.376242733511
000852.SH,39776,39775,9202,39124,0.345263999597,0.142677638333,5.37527840768,0.645489832915,0.22669333491,0.0672076673311,1.32797968184,0.376242733511
000852.SH,39781,39780,9202,39124,0.345263999597,0.142677638333,5.37527840768,0.645489832915,0.22669333491,0.0672076673311,1.32797968184,0.376242733511
000852.SH,39873,39872,9202,39124,0.345263999597,0.142677638333,5.37527840768,0.645489832915,0.22669333491,0.0672076673311,1.32797968184,0.376242733511
000852.SH,39955,39954,9202,39124,0.345263999597,0.142677638333,5.37527840768,0.645489832915,0.22669333491,0.0672076673311,1.32797968184,0.376242733511
000852.SH,40007,40006,9202,39124,0.345263999597,0.142677638333,5.37527840768,0.645489832915,0.22669333491,0.0672076673311,1.32797968184,0.376242733511
000852.SH,40160,40159,9202,39124,0.345263999597,0.142677638333,5.37527840768,0.645489832915,0.22669333491,0.0672076673311,1.32797968184,0.376242733511
000852.SH,40239,40238,9202,39124,0.345263999597,0.142677638333,5.37527840768,0.645489832915,0.22669333491,0.0672076673311,1.32797968184,0.376242733511
000852.SH,40271,40270,9202,39124,0.345263999597,0.142677638333,5.37527840768,0.645489832915,0.22669333491,0.0672076673311,1.32797968184,0.376242733511
000852.SH,40281,40280,9202,39124,0.345263999597,0.142677638333,5.37527840768,0.645489832915,0.22669333491,0.0672076673311,1.32797968184,0.376242733511
000852.SH,40323,40322,9202,39124,0.345263999597,0.142677638333,5.37527840768,0.645489832915,0.22669333491,0.0672076673311,1.32797968184,0.376242733511
000852.SH,40370,40369,9202,39124,0.345263999597,0.142677638333,5.37527840768,0.645489832915,0.22669333491,0.0672076673311,1.32797968184,0.376242733511
000852.SH,40418,40417,9202,39124,0.345263999597,0.142677638333,5.37527840768,0.645489832915,0.22669333491,0.0672076673311,1.32797968184,0.376242733511
000852.SH,40490,40489,9202,39124,0.345263999597,0.142677638333,5.37527840768,0.645489832915,0.22669333491,0.0672076673311,1.32797968184,0.376242733511
000852.SH,40513,40512,9202,39124,0.345263999597,0.142677638333,5.37527840768,0.645489832915,0.22669333491,0.0672076673311,1.32797968184,0.376242733511
000852.SH,40576,40575,9202,39124,0.345263999597,0.142677638333,5.37527840768,0.645489832915,0.22669333491,0.0672076673311,1.32797968184,0.376242733511
000852.SH,40683,40682,9202,39124,0.345263999597,0.142677638333,5.37527840768,0.645489832915,0.22669333491,0.0672076673311,1.32797968184,0.376242733511
000852.SH,40743,40742,9202,39124,0.345263999597,0.142677638333,5.37527840768,0.645489832915,0.22669333491,0.0672076673311,1.32797968184,0.376242733511
000852.SH,40786,40785,9202,39124,0.345263999597,0.142677638333,5.37527840768,0.645489832915,0.22669333491,0.0672076673311,1.32797968184,0.376242733511
000852.SH,40819,40818,9202,39124,0.345263999597,0.142677638333,5.37527840768,0.645489832915,0.22669333491,0.0672076673311,1.32797968184,0.376242733511
000852.SH,40871,40870,9202,39124,0.345263999597,0.142677638333,5.37527840768,0.645489832915,0.22669333491,0.0672076673311,1.32797968184,0.376242733511
000852.SH,40929,40928,9202,39124,0.345263999597,0.142677638333,5.37527840768,0.645489832915,0.22669333491,0.0672076673311,1.32797968184,0.376242733511
000852.SH,40954,40953,9202,39124,0.345263999597,0.142677638333,5.37527840768,0.645489832915,0.22669333491,0.0672076673311,1.32797968184,0.376242733511
000852.SH,41020,41019,9202,39124,0.345263999597,0.142677638333,5.37527840768,0.645489832915,0.22669333491,0.0672076673311,1.32797968184,0.376242733511
000852.SH,41045,41044,9202,39124,0.345263999597,0.142677638333,5.37527840768,0.645489832915,0.22669333491,0.0672076673311,1.32797968184,0.376242733511
000852.SH,41054,41053,9202,39124,0.345263999597,0.142677638333,5.37527840768,0.645489832915,0.22669333491,0.0672076673311,1.32797968184,0.376242733511
000852.SH,41235,41234,9202,39124,0.345263999597,0.142677638333,5.37527840768,0.645489832915,0.22669333491,0.0672076673311,1.32797968184,0.376242733511
000852.SH,41283,41282,9202,39124,0.345263999597,0.142677638333,5.37527840768,0.645489832915,0.22669333491,0.0672076673311,1.32797968184,0.376242733511
000852.SH,41296,41295,9202,39124,0.345263999597,0.142677638333,5.37527840768,0.645489832915,0.22669333491,0.0672076673311,1.32797968184,0.376242733511
000852.SH,41301,41300,9202,39124,0.345263999597,0.142677638333,5.37527840768,0.645489832915,0.22669333491,0.0672076673311,1.32797968184,0.376242733511
000852.SH,41344,41343,9202,39124,0.345263999597,0.142677638333,5.37527840768,0.645489832915,0.22669333491,0.0672076673311,1.32797968184,0.376242733511
000852.SH,41400,41399,9202,39124,0.345263999597,0.142677638333,5.37527840768,0.645489832915,0.22669333491,0.0672076673311,1.32797968184,0.376242733511
000852.SH,41523,41522,9202,39124,0.345263999597,0.142677638333,5.37527840768,0.645489832915,0.22669333491,0.0672076673311,1.32797968184,0.376242733511
000852.SH,41530,41529,9202,39124,0.345263999597,0.142677638333,5.37527840768,0.645489832915,0.22669333491,0.0672076673311,1.32797968184,0.376242733511
000852.SH,41546,41545,9202,39124,0.345263999597,0.142677638333,5.37527840768,0.645489832915,0.22669333491,0.0672076673311,1.32797968184,0.376242733511
000852.SH,41578,41577,9202,39124,0.345263999597,0.142677638333,5.37527840768,0.645489832915,0.22669333491,0.0672076673311,1.32797968184,0.376242733511
000852.SH,41606,41605,9202,39124,0.345263999597,0.142677638333,5.37527840768,0.645489832915,0.22669333491,0.0672076673311,1.32797968184,0.376242733511
000852.SH,41629,41628,9202,39124,0.345263999597,0.142677638333,5.37527840768,0.645489832915,0.22669333491,0.0672076673311,1.32797968184,0.376242733511
000852.SH,41676,41675,9202,39124,0.345263999597,0.142677638333,5.37527840768,0.645489832915,0.22669333491,0.0672076673311,1.32797968184,0.376242733511
000852.SH,41718,41717,9202,39124,0.345263999597,0.142677638333,5.37527840768,0.645489832915,0.22669333491,0.0672076673311,1.32797968184,0.376242733511
000852.SH,41753,41752,9202,39124,0.345263999597,0.142677638333,5.37527840768,0.645489832915,0.22669333491,0.0672076673311,1.32797968184,0.376242733511
000852.SH,41763,41762,9202,39124,0.345263999597,0.142677638333,5.37527840768,0.645489832915,0.22669333491,0.0672076673311,1.32797968184,0.376242733511
000852.SH,41796,41795,9202,39124,0.345263999597,0.142677638333,5.37527840768,0.645489832915,0.22669333491,0.0672076673311,1.32797968184,0.376242733511
000852.SH,41848,41847,9202,39124,0.345263999597,0.142677638333,5.37527840768,0.645489832915,0.22669333491,0.0672076673311,1.32797968184,0.376242733511
000852.SH,41947,41946,9202,39124,0.345263999597,0.142677638333,5.37527840768,0.645489832915,0.22669333491,0.0672076673311,1.32797968184,0.376242733511
000852.SH,41995,41994,9202,39124,0.345263999597,0.142677638333,5.37527840768,0.645489832915,0.22669333491,0.0672076673311,1.32797968184,0.376242733511
000852.SH,42053,42052,9202,39124,0.345263999597,0.142677638333,5.37527840768,0.645489832915,0.22669333491,0.0672076673311,1.32797968184,0.376242733511
000852.SH,42170,42169,9202,39124,0.345263999597,0.142677638333,5.37527840768,0.645489832915,0.22669333491,0.0672076673311,1.32797968184,0.376242733511
000852.SH,42266,42265,9202,39124,0.345263999597,0.142677638333,5.37527840768,0.645489832915,0.22669333491,0.0672076673311,1.32797968184,0.376242733511
000852.SH,42499,42498,9202,39124,0.345263999597,0.142677638333,5.37527840768,0.645489832915,0.22669333491,0.0672076673311,1.32797968184,0.376242733511
000852.SH,43075,43074,9297,42834,0.337443969286,0.142677638333,5.35658627467,0.64513903651,0.215099357972,0.0680088221376,1.34726076718,0.37183544691
000852.SH,43193,43192,9415,42952,0.330312076169,0.142677638333,5.3375380797,0.645846856792,0.214366261357,0.0698277562838,1.36985361421,0.36575439187
000852.SH,43221,43220,9443,42980,0.330312076169,0.142677638333,5.32787616879,0.6472035896,0.214366261357,0.0698277562838,1.38134627078,0.367714397893
000852.SH,43262,43261,9484,43021,0.330312076169,0.142677638333,5.31811999384,0.649198732885,0.218011068814,0.0698277562838,1.38785201431,0.368199737597
000852.SH,43353,43352,9537,43074,0.330312076169,0.142677638333,5.30330490806,0.651535824435,0.218011068814,0.0698277562838,1.40342335024,0.370519195968
000852.SH,43417,43416,9537,43074,0.330312076169,0.142677638333,5.30330490806,0.651535824435,0.218011068814,0.0698277562838,1.40342335024,0.370519195968
000852.SH,43443,43442,9537,43074,0.330312076169,0.142677638333,5.30330490806,0.651535824435,0.218011068814,0.0698277562838,1.40342335024,0.370519195968
000852.SH,43654,43653,9537,43074,0.330312076169,0.142677638333,5.30330490806,0.651535824435,0.218011068814,0.0698277562838,1.40342335024,0.370519195968
000852.SH,43688,43687,9537,43074,0.330312076169,0.142677638333,5.30330490806,0.651535824435,0.218011068814,0.0698277562838,1.40342335024,0.370519195968
000852.SH,43709,43708,9537,43074,0.330312076169,0.142677638333,5.30330490806,0.651535824435,0.218011068814,0.0698277562838,1.40342335024,0.370519195968
000852.SH,43738,43737,9537,43074,0.330312076169,0.142677638333,5.30330490806,0.651535824435,0.218011068814,0.0698277562838,1.40342335024,0.370519195968
000852.SH,43768,43767,9537,43074,0.330312076169,0.142677638333,5.30330490806,0.651535824435,0.218011068814,0.0698277562838,1.40342335024,0.370519195968
000852.SH,43858,43857,9537,43074,0.330312076169,0.142677638333,5.30330490806,0.651535824435,0.218011068814,0.0698277562838,1.40342335024,0.370519195968
000852.SH,43933,43932,9537,43074,0.330312076169,0.142677638333,5.30330490806,0.651535824435,0.218011068814,0.0698277562838,1.40342335024,0.370519195968
000852.SH,43959,43958,9537,43074,0.330312076169,0.142677638333,5.30330490806,0.651535824435,0.218011068814,0.0698277562838,1.40342335024,0.370519195968
000852.SH,44130,44129,9537,43074,0.330312076169,0.142677638333,5.30330490806,0.651535824435,0.218011068814,0.0698277562838,1.40342335024,0.370519195968
000852.SH,44223,44222,9537,43074,0.330312076169,0.142677638333,5.30330490806,0.651535824435,0.218011068814,0.0698277562838,1.40342335024,0.370519195968
000852.SH,44258,44257,9537,43074,0.330312076169,0.142677638333,5.30330490806,0.651535824435,0.218011068814,0.0698277562838,1.40342335024,0.370519195968
000852.SH,44360,44359,9537,43074,0.330312076169,0.142677638333,5.30330490806,0.651535824435,0.218011068814,0.0698277562838,1.40342335024,0.370519195968
000852.SH,44560,44559,9537,43074,0.330312076169,0.142677638333,5.30330490806,0.651535824435,0.218011068814,0.0698277562838,1.40342335024,0.370519195968
000852.SH,44732,44731,9537,43074,0.330312076169,0.142677638333,5.30330490806,0.651535824435,0.218011068814,0.0698277562838,1.40342335024,0.370519195968
000852.SH,44801,44800,9537,43074,0.330312076169,0.142677638333,5.30330490806,0.651535824435,0.218011068814,0.0698277562838,1.40342335024,0.370519195968
000852.SH,44841,44840,9537,43074,0.330312076169,0.142677638333,5.30330490806,0.651535824435,0.218011068814,0.0698277562838,1.40342335024,0.370519195968
000852.SH,44877,44876,9537,43074,0.330312076169,0.142677638333,5.30330490806,0.651535824435,0.218011068814,0.0698277562838,1.40342335024,0.370519195968
000852.SH,44961,44960,9537,43074,0.330312076169,0.142677638333,5.30330490806,0.651535824435,0.218011068814,0.0698277562838,1.40342335024,0.370519195968
000852.SH,44982,44981,9537,43074,0.330312076169,0.142677638333,5.30330490806,0.651535824435,0.218011068814,0.0698277562838,1.40342335024,0.370519195968
000852.SH,45027,45026,9537,43074,0.330312076169,0.142677638333,5.30330490806,0.651535824435,0.218011068814,0.0698277562838,1.40342335024,0.370519195968
000852.SH,45117,45116,9537,43074,0.330312076169,0.142677638333,5.30330490806,0.651535824435,0.218011068814,0.0698277562838,1.40342335024,0.370519195968
000852.SH,45148,45147,9537,43074,0.330312076169,0.142677638333,5.30330490806,0.651535824435,0.218011068814,0.0698277562838,1.40342335024,0.370519195968
000852.SH,45297,45296,9537,43074,0.330312076169,0.142677638333,5.30330490806,0.651535824435,0.218011068814,0.0698277562838,1.40342335024,0.370519195968
000852.SH,45401,45400,9537,43074,0.330312076169,0.142677638333,5.30330490806,0.651535824435,0.218011068814,0.0698277562838,1.40342335024,0.370519195968
000852.SH,45556,45555,9537,43074,0.330312076169,0.142677638333,5.30330490806,0.651535824435,0.218011068814,0.0698277562838,1.40342335024,0.370519195968
000852.SH,45622,45621,9537,43074,0.330312076169,0.142677638333,5.30330490806,0.651535824435,0.218011068814,0.0698277562838,1.40342335024,0.370519195968
000852.SH,45662,45661,9537,43074,0.330312076169,0.142677638333,5.30330490806,0.651535824435,0.218011068814,0.0698277562838,1.40342335024,0.370519195968
000852.SH,45739,45738,9537,43074,0.330312076169,0.142677638333,5.30330490806,0.651535824435,0.218011068814,0.0698277562838,1.40342335024,0.370519195968
000852.SH,45780,45779,9537,43074,0.330312076169,0.142677638333,5.30330490806,0.651535824435,0.218011068814,0.0698277562838,1.40342335024,0.370519195968
000852.SH,45879,45878,9537,43074,0.330312076169,0.142677638333,5.30330490806,0.651535824435,0.218011068814,0.0698277562838,1.40342335024,0.370519195968
000852.SH,45944,45943,9537,43074,0.330312076169,0.142677638333,5.30330490806,0.651535824435,0.218011068814,0.0698277562838,1.40342335024,0.370519195968
000852.SH,46030,46029,9537,43074,0.330312076169,0.142677638333,5.30330490806,0.651535824435,0.218011068814,0.0698277562838,1.40342335024,0.370519195968
000852.SH,46065,46064,9537,43074,0.330312076169,0.142677638333,5.30330490806,0.651535824435,0.218011068814,0.0698277562838,1.40342335024,0.370519195968
000852.SH,46107,46106,9537,43074,0.330312076169,0.142677638333,5.30330490806,0.651535824435,0.218011068814,0.0698277562838,1.40342335024,0.370519195968
000852.SH,46187,46186,9537,43074,0.330312076169,0.142677638333,5.30330490806,0.651535824435,0.218011068814,0.0698277562838,1.40342335024,0.370519195968
000852.SH,46246,46245,9537,43074,0.330312076169,0.142677638333,5.30330490806,0.651535824435,0.218011068814,0.0698277562838,1.40342335024,0.370519195968
000852.SH,46261,46260,9537,43074,0.330312076169,0.142677638333,5.30330490806,0.651535824435,0.218011068814,0.0698277562838,1.40342335024,0.370519195968
000852.SH,46314,46313,9537,43074,0.330312076169,0.142677638333,5.30330490806,0.651535824435,0.218011068814,0.0698277562838,1.40342335024,0.370519195968
000852.SH,46392,46391,9537,43074,0.330312076169,0.142677638333,5.30330490806,0.651535824435,0.218011068814,0.0698277562838,1.40342335024,0.370519195968
000852.SH,46477,46476,9537,43074,0.330312076169,0.142677638333,5.30330490806,0.651535824435,0.218011068814,0.0698277562838,1.40342335024,0.370519195968
000852.SH,46579,46578,9537,43074,0.330312076169,0.142677638333,5.30330490806,0.651535824435,0.218011068814,0.0698277562838,1.40342335024,0.370519195968
000852.SH,46611,46610,9537,43074,0.330312076169,0.142677638333,5.30330490806,0.651535824435,0.218011068814,0.0698277562838,1.40342335024,0.370519195968
000852.SH,46658,46657,9537,43074,0.330312076169,0.142677638333,5.30330490806,0.651535824435,0.218011068814,0.0698277562838,1.40342335024,0.370519195968
000852.SH,46728,46727,9537,43074,0.330312076169,0.142677638333,5.30330490806,0.651535824435,0.218011068814,0.0698277562838,1.40342335024,0.370519195968
000852.SH,46758,46757,9537,43074,0.330312076169,0.142677638333,5.30330490806,0.651535824435,0.218011068814,0.0698277562838,1.40342335024,0.370519195968
000852.SH,46814,46813,9537,43074,0.330312076169,0.142677638333,5.30330490806,0.651535824435,0.218011068814,0.0698277562838,1.40342335024,0.370519195968
000852.SH,46972,46971,9537,43074,0.330312076169,0.142677638333,5.30330490806,0.651535824435,0.218011068814,0.0698277562838,1.40342335024,0.370519195968
000852.SH,47041,47040,9537,43074,0.330312076169,0.142677638333,5.30330490806,0.651535824435,0.218011068814,0.0698277562838,1.40342335024,0.370519195968
000852.SH,47074,47073,9537,43074,0.330312076169,0.142677638333,5.30330490806,0.651535824435,0.218011068814,0.0698277562838,1.40342335024,0.370519195968
000852.SH,47101,47100,9537,43074,0.330312076169,0.142677638333,5.30330490806,0.651535824435,0.218011068814,0.0698277562838,1.40342335024,0.370519195968
000852.SH,47147,47146,9537,43074,0.330312076169,0.142677638333,5.30330490806,0.651535824435,0.218011068814,0.0698277562838,1.40342335024,0.370519195968
000852.SH,47212,47211,9537,43074,0.330312076169,0.142677638333,5.30330490806,0.651535824435,0.218011068814,0.0698277562838,1.40342335024,0.370519195968
000852.SH,47253,47252,9537,43074,0.330312076169,0.142677638333,5.30330490806,0.651535824435,0.218011068814,0.0698277562838,1.40342335024,0.370519195968
000852.SH,47283,47282,9537,43074,0.330312076169,0.142677638333,5.30330490806,0.651535824435,0.218011068814,0.0698277562838,1.40342335024,0.370519195968
000852.SH,47322,47321,9537,43074,0.330312076169,0.142677638333,5.30330490806,0.651535824435,0.218011068814,0.0698277562838,1.40342335024,0.370519195968
000852.SH,47349,47348,9537,43074,0.330312076169,0.142677638333,5.30330490806,0.651535824435,0.218011068814,0.0698277562838,1.40342335024,0.370519195968
000852.SH,47431,47430,9537,43074,0.330312076169,0.142677638333,5.30330490806,0.651535824435,0.218011068814,0.0698277562838,1.40342335024,0.370519195968
000852.SH,47465,47464,9537,43074,0.330312076169,0.142677638333,5.30330490806,0.651535824435,0.218011068814,0.0698277562838,1.40342335024,0.370519195968
000852.SH,47523,47522,9537,43074,0.330312076169,0.142677638333,5.30330490806,0.651535824435,0.218011068814,0.0698277562838,1.40342335024,0.370519195968
000852.SH,47570,47569,9537,43074,0.330312076169,0.142677638333,5.30330490806,0.651535824435,0.218011068814,0.0698277562838,1.40342335024,0.370519195968
000852.SH,47674,47673,9537,43074,0.330312076169,0.142677638333,5.30330490806,0.651535824435,0.218011068814,0.0698277562838,1.40342335024,0.370519195968
000852.SH,47747,47746,9537,43074,0.330312076169,0.142677638333,5.30330490806,0.651535824435,0.218011068814,0.0698277562838,1.40342335024,0.370519195968
000852.SH,47786,47785,9537,43074,0.330312076169,0.142677638333,5.30330490806,0.651535824435,0.218011068814,0.0698277562838,1.40342335024,0.370519195968
000852.SH,47855,47854,9537,43074,0.330312076169,0.142677638333,5.30330490806,0.651535824435,0.218011068814,0.0698277562838,1.40342335024,0.370519195968
000852.SH,47892,47891,9537,43074,0.330312076169,0.142677638333,5.30330490806,0.651535824435,0.218011068814,0.0698277562838,1.40342335024,0.370519195968
000852.SH,47907,47906,9537,43074,0.330312076169,0.142677638333,5.30330490806,0.651535824435,0.218011068814,0.0698277562838,1.40342335024,0.370519195968
000852.SH,47928,47927,9537,43074,0.330312076169,0.142677638333,5.30330490806,0.651535824435,0.218011068814,0.0698277562838,1.40342335024,0.370519195968
000852.SH,48043,48042,9537,43074,0.330312076169,0.142677638333,5.30330490806,0.651535824435,0.218011068814,0.0698277562838,1.40342335024,0.370519195968
000852.SH,48244,48243,9537,43074,0.330312076169,0.142677638333,5.30330490806,0.651535824435,0.218011068814,0.0698277562838,1.40342335024,0.370519195968
000852.SH,48332,48331,9537,43074,0.330312076169,0.142677638333,5.30330490806,0.651535824435,0.218011068814,0.0698277562838,1.40342335024,0.370519195968
000852.SH,48598,48597,9537,43074,0.330312076169,0.142677638333,5.30330490806,0.651535824435,0.218011068814,0.0698277562838,1.40342335024,0.370519195968
000852.SH,48636,48635,9537,43074,0.330312076169,0.142677638333,5.30330490806,0.651535824435,0.218011068814,0.0698277562838,1.40342335024,0.370519195968
000852.SH,48745,48744,9537,43074,0.330312076169,0.142677638333,5.30330490806,0.651535824435,0.218011068814,0.0698277562838,1.40342335024,0.370519195968
000852.SH,48858,48857,9562,48597,0.330312076169,0.142677638333,5.29831736655,0.650550283054,0.218011068814,0.0698277562838,1.39602882119,0.369024711494
000852.SH,49044,49043,9562,48597,0.330312076169,0.142677638333,5.29831736655,0.650550283054,0.218011068814,0.0698277562838,1.39602882119,0.369024711494
000852.SH,49132,49131,9562,48597,0.330312076169,0.142677638333,5.29831736655,0.650550283054,0.218011068814,0.0698277562838,1.39602882119,0.369024711494
000852.SH,49176,49175,9562,48597,0.330312076169,0.142677638333,5.29831736655,0.650550283054,0.218011068814,0.0698277562838,1.39602882119,0.369024711494
000852.SH,49202,49201,9562,48597,0.330312076169,0.142677638333,5.29831736655,0.650550283054,0.218011068814,0.0698277562838,1.39602882119,0.369024711494
000852.SH,49211,49210,9562,48597,0.330312076169,0.142677638333,5.29831736655,0.650550283054,0.218011068814,0.0698277562838,1.39602882119,0.369024711494
000852.SH,49270,49269,9562,48597,0.330312076169,0.142677638333,5.29831736655,0.650550283054,0.218011068814,0.0698277562838,1.39602882119,0.369024711494
000852.SH,49359,49358,9562,48597,0.330312076169,0.142677638333,5.29831736655,0.650550283054,0.218011068814,0.0698277562838,1.39602882119,0.369024711494
000852.SH,49443,49442,9562,48597,0.330312076169,0.142677638333,5.29831736655,0.650550283054,0.218011068814,0.0698277562838,1.39602882119,0.369024711494
000852.SH,49468,49467,9562,48597,0.330312076169,0.142677638333,5.29831736655,0.650550283054,0.218011068814,0.0698277562838,1.39602882119,0.369024711494
000852.SH,49512,49511,9562,48597,0.330312076169,0.142677638333,5.29831736655,0.650550283054,0.218011068814,0.0698277562838,1.39602882119,0.369024711494
000852.SH,49588,49587,9562,48597,0.330312076169,0.142677638333,5.29831736655,0.650550283054,0.218011068814,0.0698277562838,1.39602882119,0.369024711494
000852.SH,49690,49689,9562,48597,0.330312076169,0.142677638333,5.29831736655,0.650550283054,0.218011068814,0.0698277562838,1.39602882119,0.369024711494
000852.SH,49715,49714,9562,48597,0.330312076169,0.142677638333,5.29831736655,0.650550283054,0.218011068814,0.0698277562838,1.39602882119,0.369024711494
000852.SH,49761,49760,9562,48597,0.330312076169,0.142677638333,5.29831736655,0.650550283054,0.218011068814,0.0698277562838,1.39602882119,0.369024711494
000852.SH,49857,49856,9562,48597,0.330312076169,0.142677638333,5.29831736655,0.650550283054,0.218011068814,0.0698277562838,1.39602882119,0.369024711494
000852.SH,49915,49914,9562,48597,0.330312076169,0.142677638333,5.29831736655,0.650550283054,0.218011068814,0.0698277562838,1.39602882119,0.369024711494
000852.SH,49944,49943,9562,48597,0.330312076169,0.142677638333,5.29831736655,0.650550283054,0.218011068814,0.0698277562838,1.39602882119,0.369024711494
000852.SH,50163,50162,9562,48597,0.330312076169,0.142677638333,5.29831736655,0.650550283054,0.218011068814,0.0698277562838,1.39602882119,0.369024711494
000852.SH,50248,50247,9562,48597,0.330312076169,0.142677638333,5.29831736655,0.650550283054,0.218011068814,0.0698277562838,1.39602882119,0.369024711494
000852.SH,50449,50448,9562,48597,0.330312076169,0.142677638333,5.29831736655,0.650550283054,0.218011068814,0.0698277562838,1.39602882119,0.369024711494
000852.SH,50646,50645,9562,48597,0.330312076169,0.142677638333,5.29831736655,0.650550283054,0.218011068814,0.0698277562838,1.39602882119,0.369024711494
000852.SH,50673,50672,9562,48597,0.330312076169,0.142677638333,5.29831736655,0.650550283054,0.218011068814,0.0698277562838,1.39602882119,0.369024711494
000852.SH,51112,51111,9562,48597,0.330312076169,0.142677638333,5.29831736655,0.650550283054,0.218011068814,0.0698277562838,1.39602882119,0.369024711494
000852.SH,51134,51133,9562,48597,0.330312076169,0.142677638333,5.29831736655,0.650550283054,0.218011068814,0.0698277562838,1.39602882119,0.369024711494
000852.SH,51321,51320,9729,51080,0.314758018592,0.142677638333,5.25749537203,0.652707534419,0.23384106851,0.0816103542693,1.43372747112,0.369290372029
000852.SH,51426,51425,9760,51111,0.314758018592,0.142677638333,5.24702407216,0.6535048518,0.215423568225,0.0816103542693,1.43865270133,0.368676044389
000852.SH,51531,51530,9760,51111,0.314758018592,0.142677638333,5.24702407216,0.6535048518,0.215423568225,0.0816103542693,1.43865270133,0.368676044389
000852.SH,51556,51555,9760,51111,0.314758018592,0.142677638333,5.24702407216,0.6535048518,0.215423568225,0.0816103542693,1.43865270133,0.368676044389
000852.SH,51650,51649,9760,51111,0.314758018592,0.142677638333,5.24702407216,0.6535048518,0.215423568225,0.0816103542693,1.43865270133,0.368676044389
000852.SH,51748,51747,9760,51111,0.314758018592,0.142677638333,5.24702407216,0.6535048518,0.215423568225,0.0816103542693,1.43865270133,0.368676044389
000852.SH,51793,51792,9760,51111,0.314758018592,0.142677638333,5.24702407216,0.6535048518,0.215423568225,0.0816103542693,1.43865270133,0.368676044389
000852.SH,51816,51815,9760,51111,0.314758018592,0.142677638333,5.24702407216,0.6535048518,0.215423568225,0.0816103542693,1.43865270133,0.368676044389
000852.SH,51846,51845,9760,51111,0.314758018592,0.142677638333,5.24702407216,0.6535048518,0.215423568225,0.0816103542693,1.43865270133,0.368676044389
000852.SH,51912,51911,9760,51111,0.314758018592,0.142677638333,5.24702407216,0.6535048518,0.215423568225,0.0816103542693,1.43865270133,0.368676044389
000852.SH,51971,51970,9760,51111,0.314758018592,0.142677638333,5.24702407216,0.6535048518,0.215423568225,0.0816103542693,1.43865270133,0.368676044389
000852.SH,52126,52125,9760,51111,0.314758018592,0.142677638333,5.24702407216,0.6535048518,0.215423568225,0.0816103542693,1.43865270133,0.368676044389
000852.SH,52192,52191,9760,51111,0.314758018592,0.142677638333,5.24702407216,0.6535048518,0.215423568225,0.0816103542693,1.43865270133,0.368676044389
000852.SH,52289,52288,9760,51111,0.314758018592,0.142677638333,5.24702407216,0.6535048518,0.215423568225,0.0816103542693,1.43865270133,0.368676044389
000852.SH,52349,52348,9760,51111,0.314758018592,0.142677638333,5.24702407216,0.6535048518,0.215423568225,0.0816103542693,1.43865270133,0.368676044389
000852.SH,52511,52510,9760,51111,0.314758018592,0.142677638333,5.24702407216,0.6535048518,0.215423568225,0.0816103542693,1.43865270133,0.368676044389
000852.SH,52534,52533,9760,51111,0.314758018592,0.142677638333,5.24702407216,0.6535048518,0.215423568225,0.0816103542693,1.43865270133,0.368676044389
000852.SH,52606,52605,9760,51111,0.314758018592,0.142677638333,5.24702407216,0.6535048518,0.215423568225,0.0816103542693,1.43865270133,0.368676044389
000852.SH,52701,52700,9760,51111,0.314758018592,0.142677638333,5.24702407216,0.6535048518,0.215423568225,0.0816103542693,1.43865270133,0.368676044389
000852.SH,52717,52716,9760,51111,0.314758018592,0.142677638333,5.24702407216,0.6535048518,0.215423568225,0.0816103542693,1.43865270133,0.368676044389
000852.SH,52747,52746,9760,51111,0.314758018592,0.142677638333,5.24702407216,0.6535048518,0.215423568225,0.0816103542693,1.43865270133,0.368676044389
000852.SH,52763,52762,9760,51111,0.314758018592,0.142677638333,5.24702407216,0.6535048518,0.215423568225,0.0816103542693,1.43865270133,0.368676044389
000852.SH,52804,52803,9760,51111,0.314758018592,0.142677638333,5.24702407216,0.6535048518,0.215423568225,0.0816103542693,1.43865270133,0.368676044389
000852.SH,52893,52892,9760,51111,0.314758018592,0.142677638333,5.24702407216,0.6535048518,0.215423568225,0.0816103542693,1.43865270133,0.368676044389
000852.SH,52904,52903,9760,51111,0.314758018592,0.142677638333,5.24702407216,0.6535048518,0.215423568225,0.0816103542693,1.43865270133,0.368676044389
000852.SH,52931,52930,9760,51111,0.314758018592,0.142677638333,5.24702407216,0.6535048518,0.215423568225,0.0816103542693,1.43865270133,0.368676044389
000852.SH,52955,52954,9760,51111,0.314758018592,0.142677638333,5.24702407216,0.6535048518,0.215423568225,0.0816103542693,1.43865270133,0.368676044389
000852.SH,53015,53014,9760,51111,0.314758018592,0.142677638333,5.24702407216,0.6535048518,0.215423568225,0.0816103542693,1.43865270133,0.368676044389
000852.SH,53045,53044,9760,51111,0.314758018592,0.142677638333,5.24702407216,0.6535048518,0.215423568225,0.0816103542693,1.43865270133,0.368676044389
000852.SH,53054,53053,9760,51111,0.314758018592,0.142677638333,5.24702407216,0.6535048518,0.215423568225,0.0816103542693,1.43865270133,0.368676044389
000852.SH,53071,53070,9760,51111,0.314758018592,0.142677638333,5.24702407216,0.6535048518,0.215423568225,0.0816103542693,1.43865270133,0.368676044389
000852.SH,53094,53093,9760,51111,0.314758018592,0.142677638333,5.24702407216,0.6535048518,0.215423568225,0.0816103542693,1.43865270133,0.368676044389
000852.SH,53128,53127,9760,51111,0.314758018592,0.142677638333,5.24702407216,0.6535048518,0.215423568225,0.0816103542693,1.43865270133,0.368676044389
000852.SH,53236,53235,9760,51111,0.314758018592,0.142677638333,5.24702407216,0.6535048518,0.215423568225,0.0816103542693,1.43865270133,0.368676044389
000852.SH,53281,53280,9760,51111,0.314758018592,0.142677638333,5.24702407216,0.6535048518,0.215423568225,0.0816103542693,1.43865270133,0.368676044389
000852.SH,53326,53325,9760,51111,0.314758018592,0.142677638333,5.24702407216,0.6535048518,0.215423568225,0.0816103542693,1.43865270133,0.368676044389
000852.SH,53370,53369,9760,51111,0.314758018592,0.142677638333,5.24702407216,0.6535048518,0.215423568225,0.0816103542693,1.43865270133,0.368676044389
000852.SH,53606,53605,9760,51111,0.314758018592,0.142677638333,5.24702407216,0.6535048518,0.215423568225,0.0816103542693,1.43865270133,0.368676044389
000852.SH,53723,53722,9760,51111,0.314758018592,0.142677638333,5.24702407216,0.6535048518,0.215423568225,0.0816103542693,1.43865270133,0.368676044389
000852.SH,53763,53762,9760,51111,0.314758018592,0.142677638333,5.24702407216,0.6535048518,0.215423568225,0.0816103542693,1.43865270133,0.368676044389
000852.SH,53788,53787,9760,51111,0.314758018592,0.142677638333,5.24702407216,0.6535048518,0.215423568225,0.0816103542693,1.43865270133,0.368676044389
000852.SH,53816,53815,9760,51111,0.314758018592,0.142677638333,5.24702407216,0.6535048518,0.215423568225,0.0816103542693,1.43865270133,0.368676044389
000852.SH,53879,53878,9760,51111,0.314758018592,0.142677638333,5.24702407216,0.6535048518,0.215423568225,0.0816103542693,1.43865270133,0.368676044389
000852.SH,54155,54154,9760,51111,0.314758018592,0.142677638333,5.24702407216,0.6535048518,0.215423568225,0.0816103542693,1.43865270133,0.368676044389
000852.SH,54244,54243,9760,51111,0.314758018592,0.142677638333,5.24702407216,0.6535048518,0.215423568225,0.0816103542693,1.43865270133,0.368676044389
000852.SH,54327,54326,9760,51111,0.314758018592,0.142677638333,5.24702407216,0.6535048518,0.215423568225,0.0816103542693,1.43865270133,0.368676044389
000852.SH,54494,54493,9795,54154,0.314758018592,0.142677638333,5.24174701506,0.652665209973,0.214454196884,0.0816103542693,1.43344144816,0.366799207996
000852.SH,54530,54529,9795,54154,0.314758018592,0.142677638333,5.24174701506,0.652665209973,0.214454196884,0.0816103542693,1.43344144816,0.366799207996
000852.SH,54675,54674,9795,54154,0.314758018592,0.142677638333,5.24174701506,0.652665209973,0.214454196884,0.0816103542693,1.43344144816,0.366799207996
000852.SH,54919,54918,9795,54154,0.314758018592,0.142677638333,5.24174701506,0.652665209973,0.214454196884,0.0816103542693,1.43344144816,0.366799207996
000852.SH,54943,54942,9795,54154,0.314758018592,0.142677638333,5.24174701506,0.652665209973,0.214454196884,0.0816103542693,1.43344144816,0.366799207996
000852.SH,55041,55040,9795,54154,0.314758018592,0.142677638333,5.24174701506,0.652665209973,0.214454196884,0.0816103542693,1.43344144816,0.366799207996
000852.SH,55093,55092,9795,54154,0.314758018592,0.142677638333,5.24174701506,0.652665209973,0.214454196884,0.0816103542693,1.43344144816,0.366799207996
000852.SH,55154,55153,9795,54154,0.314758018592,0.142677638333,5.24174701506,0.652665209973,0.214454196884,0.0816103542693,1.43344144816,0.366799207996
000852.SH,55220,55219,9798,54918,0.314758018592,0.140034478186,5.23644196283,0.652700022739,0.214454196884,0.0827743167426,1.44369966839,0.366922489965
000852.SH,55497,55496,9798,54918,0.314758018592,0.140034478186,5.23644196283,0.652700022739,0.214454196884,0.0827743167426,1.44369966839,0.366922489965
000852.SH,55636,55635,9798,54918,0.314758018592,0.140034478186,5.23644196283,0.652700022739,0.214454196884,0.0827743167426,1.44369966839,0.366922489965
000852.SH,55882,55881,9834,55496,0.291838241241,0.140034478186,5.24174701506,0.653804030154,0.216397262117,0.0830329277996,1.43082893647,0.369402040532
000852.SH,55995,55994,9834,55496,0.291838241241,0.140034478186,5.24174701506,0.653804030154,0.216397262117,0.0830329277996,1.43082893647,0.369402040532
000852.SH,56100,56099,9834,55496,0.291838241241,0.140034478186,5.24174701506,0.653804030154,0.216397262117,0.0830329277996,1.43082893647,0.369402040532
000852.SH,56138,56137,9839,55881,0.291838241241,0.140034478186,5.24174701506,0.654278105898,0.216397262117,0.0830329277996,1.43082893647,0.369858672767
000852.SH,56233,56232,9839,55881,0.291838241241,0.140034478186,5.24174701506,0.654278105898,0.216397262117,0.0830329277996,1.43082893647,0.369858672767
000852.SH,56761,56760,9886,56520,0.291838241241,0.140034478186,5.23110861685,0.655789814366,0.216397262117,0.0830329277996,1.44023752243,0.368015216559
000852.SH,56857,56856,9982,56616,0.291838241241,0.138236672775,5.20674641996,0.654075782642,0.216397262117,0.0872918702596,1.45519814665,0.362723552373
000852.SH,56935,56934,10060,56694,0.291838241241,0.138236672775,5.18738580584,0.655789814366,0.216397262117,0.0872918702596,1.44222220332,0.364466587953
000852.SH,57157,57156,10126,56760,0.291838241241,0.137409145276,5.18738580584,0.657639196324,0.216397262117,0.0860649779896,1.43751884829,0.36697276521
000852.SH,57230,57229,10126,56760,0.291838241241,0.137409145276,5.18738580584,0.657639196324,0.216397262117,0.0860649779896,1.43751884829,0.36697276521
000852.SH,57744,57743,10159,57503,0.291838241241,0.137409145276,5.18178355029,0.659105078254,0.216397262117,0.0860649779896,1.44863501415,0.367175814433
000852.SH,57758,57757,10173,57517,0.291838241241,0.137409145276,5.17614973257,0.657970966163,0.216397262117,0.0860649779896,1.45103301667,0.366667469021
000852.SH,57807,57806,10222,57566,0.291838241241,0.137409145276,5.16478597392,0.658046505034,0.216397262117,0.0860649779896,1.46472980823,0.366356979581
000852.SH,57833,57832,10248,57592,0.291838241241,0.137409145276,5.15905529921,0.659529538839,0.216397262117,0.0860649779896,1.4637323708,0.36753139589
000852.SH,57867,57866,10282,57626,0.291838241241,0.137409145276,5.15039303566,0.660945085912,0.216397262117,0.0860649779896,1.47021194286,0.368679520903
000852.SH,57912,57911,10327,57671,0.291838241241,0.137409145276,5.13579843705,0.661834526997,0.216397262117,0.0860649779896,1.47259507867,0.368673383841
000852.SH,58240,58239,10399,57743,0.291838241241,0.137409145276,5.11799381242,0.66137839447,0.216397262117,0.0860649779896,1.47292385126,0.365151988189
000852.SH,58374,58373,10399,57743,0.291838241241,0.137409145276,5.11799381242,0.66137839447,0.216397262117,0.0860649779896,1.47292385126,0.365151988189
000852.SH,58453,58452,10459,58212,0.291838241241,0.137409145276,5.11799381242,0.660280971697,0.216397262117,0.0860649779896,1.46904818702,0.362669073924
000852.SH,58513,58512,10486,58239,0.291838241241,0.137409145276,5.11799381242,0.661053395581,0.216397262117,0.0860649779896,1.46904818702,0.362123133247
000852.SH,58593,58592,0,-1,,,,,,,,
000852.SH,58614,58613,0,-1,,,,,,,,
000852.SH,58713,58712,0,-1,,,,,,,,
000852.SH,58905,58904,0,-1,,,,,,,,
000852.SH,58931,58930,0,-1,,,,,,,,
000852.SH,58964,58963,0,-1,,,,,,,,
000852.SH,59016,59015,0,-1,,,,,,,,
000852.SH,59125,59124,0,-1,,,,,,,,
000852.SH,59173,59172,0,-1,,,,,,,,
000852.SH,59187,59186,0,-1,,,,,,,,
000852.SH,59204,59203,0,-1,,,,,,,,
000852.SH,59226,59225,0,-1,,,,,,,,
000852.SH,59237,59236,0,-1,,,,,,,,
000852.SH,59270,59269,0,-1,,,,,,,,
000852.SH,59338,59337,0,-1,,,,,,,,
000852.SH,59378,59377,0,-1,,,,,,,,
000852.SH,59447,59446,0,-1,,,,,,,,
000852.SH,59564,59563,0,-1,,,,,,,,
000852.SH,59588,59587,0,-1,,,,,,,,
000852.SH,59609,59608,0,-1,,,,,,,,
000852.SH,59659,59658,0,-1,,,,,,,,
000852.SH,59674,59673,0,-1,,,,,,,,
000852.SH,59697,59696,0,-1,,,,,,,,
000852.SH,59760,59759,0,-1,,,,,,,,
000852.SH,59865,59864,0,-1,,,,,,,,
000852.SH,59996,59995,0,-1,,,,,,,,
000852.SH,60065,60064,0,-1,,,,,,,,
000852.SH,60137,60136,0,-1,,,,,,,,
000852.SH,60156,60155,0,-1,,,,,,,,
000852.SH,60165,60164,0,-1,,,,,,,,
000852.SH,60331,60330,0,-1,,,,,,,,
000852.SH,60371,60370,0,-1,,,,,,,,
000852.SH,60404,60403,0,-1,,,,,,,,
000852.SH,60449,60448,0,-1,,,,,,,,
000852.SH,60536,60535,0,-1,,,,,,,,
000852.SH,60567,60566,0,-1,,,,,,,,
000852.SH,60612,60611,0,-1,,,,,,,,
000852.SH,60646,60645,0,-1,,,,,,,,
000852.SH,60667,60666,0,-1,,,,,,,,
000852.SH,60718,60717,0,-1,,,,,,,,
000852.SH,60743,60742,0,-1,,,,,,,,
000852.SH,60814,60813,0,-1,,,,,,,,
000852.SH,60924,60923,0,-1,,,,,,,,
000852.SH,61057,61056,0,-1,,,,,,,,
000852.SH,61095,61094,0,-1,,,,,,,,
000852.SH,61124,61123,0,-1,,,,,,,,
000852.SH,61189,61188,0,-1,,,,,,,,
000852.SH,61271,61270,0,-1,,,,,,,,
000852.SH,61329,61328,0,-1,,,,,,,,
000852.SH,61382,61381,0,-1,,,,,,,,
000852.SH,61534,61533,0,-1,,,,,,,,
000852.SH,61557,61556,0,-1,,,,,,,,
000852.SH,61582,61581,0,-1,,,,,,,,
000852.SH,61594,61593,0,-1,,,,,,,,
000852.SH,61603,61602,0,-1,,,,,,,,
000852.SH,61633,61632,0,-1,,,,,,,,
000852.SH,61657,61656,0,-1,,,,,,,,
000852.SH,61755,61754,0,-1,,,,,,,,
000852.SH,61816,61815,0,-1,,,,,,,,
000852.SH,61861,61860,0,-1,,,,,,,,
000852.SH,61907,61906,0,-1,,,,,,,,
000852.SH,62008,62007,0,-1,,,,,,,,
000852.SH,62114,62113,0,-1,,,,,,,,
000852.SH,62222,62221,0,-1,,,,,,,,
000852.SH,62238,62237,0,-1,,,,,,,,
000852.SH,62270,62269,0,-1,,,,,,,,
000852.SH,62296,62295,0,-1,,,,,,,,
000852.SH,62314,62313,0,-1,,,,,,,,
000852.SH,62337,62336,0,-1,,,,,,,,
000852.SH,62356,62355,0,-1,,,,,,,,
000852.SH,62372,62371,0,-1,,,,,,,,
000852.SH,62390,62389,0,-1,,,,,,,,
000852.SH,62432,62431,0,-1,,,,,,,,
000852.SH,62463,62462,0,-1,,,,,,,,
000852.SH,62507,62506,0,-1,,,,,,,,
000852.SH,62537,62536,0,-1,,,,,,,,
000852.SH,62804,62803,0,-1,,,,,,,,
000852.SH,62922,62921,0,-1,,,,,,,,
000852.SH,62967,62966,0,-1,,,,,,,,
000852.SH,62996,62995,0,-1,,,,,,,,
000852.SH,63017,63016,0,-1,,,,,,,,
000852.SH,63044,63043,26,62803,0.18920900733,0.0924582123912,2.97008562636,0.98930220564,0.0544626391841,0.0520982785834,0.703553415197,0.0653280988585
000852.SH,63241,63240,26,62803,0.18920900733,0.0924582123912,2.97008562636,0.98930220564,0.0544626391841,0.0520982785834,0.703553415197,0.0653280988585
000852.SH,63484,63483,26,62803,0.18920900733,0.0924582123912,2.97008562636,0.98930220564,0.0544626391841,0.0520982785834,0.703553415197,0.0653280988585
000852.SH,63900,63899,28,63483,0.243833497211,0.121120432636,2.71467281448,0.969002767232,0.0809862686965,0.0424946077348,0.83365691766,0.0843268649781
000852.SH,63992,63991,55,63751,0.235940766876,0.13200596996,3.33220451018,0.818596729028,0.0692845067028,0.0263557100986,0.498853738015,0.147262624315
000852.SH,64033,64032,96,63792,0.235940766876,0.13200596996,3.79542606184,0.937824220732,0.0325962148345,0.0274719322365,0.689761389458,0.322810831234
000852.SH,64088,64087,151,63847,0.235940766876,0.13200596996,4.27666611902,0.854310290956,0.0260406367327,0.0219438030701,0.744943302834,0.232026184055
000852.SH,64225,64224,203,63899,0.235940766876,0.13200596996,4.09434456222,0.7469486038,0.12732746694,0.0533266683245,1.0276600099,0.193431762609
000852.SH,64257,64256,203,63899,0.235940766876,0.13200596996,4.09434456222,0.7469486038,0.12732746694,0.0533266683245,1.0276600099,0.193431762609
000852.SH,64654,64653,203,63899,0.235940766876,0.13200596996,4.09434456222,0.7469486038,0.12732746694,0.0533266683245,1.0276600099,0.193431762609
000852.SH,64693,64692,203,63899,0.235940766876,0.13200596996,4.09434456222,0.7469486038,0.12732746694,0.0533266683245,1.0276600099,0.193431762609
000852.SH,64763,64762,228,64522,0.235940766876,0.13200596996,4.09434456222,0.777399566105,0.164926793632,0.0644225447724,0.935262565266,0.224250220181
000852.SH,64935,64934,359,64653,0.559198569486,0.261397841568,4.46590811865,0.642830440511,0.148938197196,0.0368698190212,0.734800585685,0.183061754305
000852.SH,64978,64977,359,64653,0.559198569486,0.261397841568,4.46590811865,0.642830440511,0.148938197196,0.0368698190212,0.734800585685,0.183061754305
000852.SH,65025,65024,359,64653,0.559198569486,0.261397841568,4.46590811865,0.642830440511,0.148938197196,0.0368698190212,0.734800585685,0.183061754305
000852.SH,65410,65409,359,64653,0.559198569486,0.261397841568,4.46590811865,0.642830440511,0.148938197196,0.0368698190212,0.734800585685,0.183061754305
000852.SH,65471,65470,359,64653,0.559198569486,0.261397841568,4.46590811865,0.642830440511,0.148938197196,0.0368698190212,0.734800585685,0.183061754305
000852.SH,65647,65646,500,65406,0.235940766876,0.13200596996,4.00733318523,0.691220804806,0.309116464339,0.173785840228,1.11912689531,0.203465697
000852.SH,65718,65717,503,65409,0.235940766876,0.13200596996,3.98898404656,0.692754915262,0.309116464339,0.173785840228,1.14176244949,0.204767391309
000852.SH,65820,65819,503,65409,0.235940766876,0.13200596996,3.98898404656,0.692754915262,0.309116464339,0.173785840228,1.14176244949,0.204767391309
000852.SH,65889,65888,503,65409,0.235940766876,0.13200596996,3.98898404656,0.692754915262,0.309116464339,0.173785840228,1.14176244949,0.204767391309
000852.SH,66178,66177,503,65409,0.235940766876,0.13200596996,3.98898404656,0.692754915262,0.309116464339,0.173785840228,1.14176244949,0.204767391309
000852.SH,66229,66228,503,65409,0.235940766876,0.13200596996,3.98898404656,0.692754915262,0.309116464339,0.173785840228,1.14176244949,0.204767391309
000852.SH,66309,66308,503,65409,0.235940766876,0.13200596996,3.98898404656,0.692754915262,0.309116464339,0.173785840228,1.14176244949,0.204767391309
000852.SH,66404,66403,537,66163,0.235940766876,0.13200596996,3.98898404656,0.719269449712,0.309116464339,0.173785840228,1.08157867915,0.222486026417
000852.SH,66436,66435,551,66177,0.235940766876,0.13200596996,3.97029191355,0.733212449264,0.309116464339,0.173785840228,1.09599468543,0.233222014749
000852.SH,66554,66553,551,66177,0.235940766876,0.13200596996,3.97029191355,0.733212449264,0.309116464339,0.173785840228,1.09599468543,0.233222014749
000852.SH,66620,66619,551,66177,0.235940766876,0.13200596996,3.97029191355,0.733212449264,0.309116464339,0.173785840228,1.09599468543,0.233222014749
000852.SH,66665,66664,551,66177,0.235940766876,0.13200596996,3.97029191355,0.733212449264,0.309116464339,0.173785840228,1.09599468543,0.233222014749
000852.SH,66686,66685,551,66177,0.235940766876,0.13200596996,3.97029191355,0.733212449264,0.309116464339,0.173785840228,1.09599468543,0.233222014749
000852.SH,66775,66774,551,66177,0.235940766876,0.13200596996,3.97029191355,0.733212449264,0.309116464339,0.173785840228,1.09599468543,0.233222014749
000852.SH,66825,66824,551,66177,0.235940766876,0.13200596996,3.97029191355,0.733212449264,0.309116464339,0.173785840228,1.09599468543,0.233222014749
000852.SH,66867,66866,551,66177,0.235940766876,0.13200596996,3.97029191355,0.733212449264,0.309116464339,0.173785840228,1.09599468543,0.233222014749
000852.SH,66902,66901,551,66177,0.235940766876,0.13200596996,3.97029191355,0.733212449264,0.309116464339,0.173785840228,1.09599468543,0.233222014749
000852.SH,66943,66942,551,66177,0.235940766876,0.13200596996,3.97029191355,0.733212449264,0.309116464339,0.173785840228,1.09599468543,0.233222014749
000852.SH,66978,66977,551,66177,0.235940766876,0.13200596996,3.97029191355,0.733212449264,0.309116464339,0.173785840228,1.09599468543,0.233222014749
000852.SH,67125,67124,551,66177,0.235940766876,0.13200596996,3.97029191355,0.733212449264,0.309116464339,0.173785840228,1.09599468543,0.233222014749
000852.SH,67157,67156,551,66177,0.235940766876,0.13200596996,3.97029191355,0.733212449264,0.309116464339,0.173785840228,1.09599468543,0.233222014749
000852.SH,67197,67196,551,66177,0.235940766876,0.13200596996,3.97029191355,0.733212449264,0.309116464339,0.173785840228,1.09599468543,0.233222014749
000852.SH,67322,67321,551,66177,0.235940766876,0.13200596996,3.97029191355,0.733212449264,0.309116464339,0.173785840228,1.09599468543,0.233222014749
000852.SH,67387,67386,551,66177,0.235940766876,0.13200596996,3.97029191355,0.733212449264,0.309116464339,0.173785840228,1.09599468543,0.233222014749
000852.SH,67415,67414,551,66177,0.235940766876,0.13200596996,3.97029191355,0.733212449264,0.309116464339,0.173785840228,1.09599468543,0.233222014749
000852.SH,67458,67457,551,66177,0.235940766876,0.13200596996,3.97029191355,0.733212449264,0.309116464339,0.173785840228,1.09599468543,0.233222014749
000852.SH,67576,67575,551,66177,0.235940766876,0.13200596996,3.97029191355,0.733212449264,0.309116464339,0.173785840228,1.09599468543,0.233222014749
000852.SH,67615,67614,551,66177,0.235940766876,0.13200596996,3.97029191355,0.733212449264,0.309116464339,0.173785840228,1.09599468543,0.233222014749
000852.SH,67664,67663,551,66177,0.235940766876,0.13200596996,3.97029191355,0.733212449264,0.309116464339,0.173785840228,1.09599468543,0.233222014749
000852.SH,67752,67751,551,66177,0.235940766876,0.13200596996,3.97029191355,0.733212449264,0.309116464339,0.173785840228,1.09599468543,0.233222014749
000852.SH,68102,68101,551,66177,0.235940766876,0.13200596996,3.97029191355,0.733212449264,0.309116464339,0.173785840228,1.09599468543,0.233222014749
000852.SH,68269,68268,587,68028,0.235940766876,0.13200596996,4.06044301055,0.703915947652,0.309116464339,0.158400151671,1.0276600099,0.230870192353
000852.SH,68303,68302,621,68062,0.267448712588,0.13200596996,4.04305126783,0.684546058638,0.275436750809,0.158400151671,1.06617126604,0.220687929247
000852.SH,68354,68353,660,68101,0.267448712588,0.13200596996,3.95124371858,0.685491758769,0.187406459923,0.098395281181,1.14193190885,0.231064828573
000852.SH,68635,68634,660,68101,0.267448712588,0.13200596996,3.95124371858,0.685491758769,0.187406459923,0.098395281181,1.14193190885,0.231064828573
000852.SH,68819,68818,660,68101,0.267448712588,0.13200596996,3.95124371858,0.685491758769,0.187406459923,0.098395281181,1.14193190885,0.231064828573
000852.SH,68981,68980,700,68634,0.267448712588,0.13200596996,3.87120101091,0.700143100369,0.161735085087,0.158400151671,1.21594975142,0.243588348907
000852.SH,69046,69045,700,68634,0.267448712588,0.13200596996,3.87120101091,0.700143100369,0.161735085087,0.158400151671,1.21594975142,0.243588348907
000852.SH,69203,69202,700,68634,0.267448712588,0.13200596996,3.87120101091,0.700143100369,0.161735085087,0.158400151671,1.21594975142,0.243588348907
000852.SH,69284,69283,700,68634,0.267448712588,0.13200596996,3.87120101091,0.700143100369,0.161735085087,0.158400151671,1.21594975142,0.243588348907
000852.SH,69907,69906,842,69666,0.235940766876,0.13200596996,3.91202300543,0.733902000477,0.109032698186,0.0572026687281,1.15128158331,0.257961093802
000852.SH,69984,69983,919,69743,0.235940766876,0.13200596996,3.76120011569,0.719301231111,0.109032698186,0.0572026687281,1.21093006102,0.233716957552
000852.SH,70081,70080,1016,69840,0.235940766876,0.13200596996,3.68887945411,0.724224349847,0.104152823114,0.0488423830697,1.20228513856,0.236319790846
000852.SH,70159,70158,1082,69906,0.235940766876,0.131067522372,3.63758615973,0.723785612668,0.104152823114,0.0597321073512,1.19256313651,0.23241060622
000852.SH,70296,70295,1082,69906,0.235940766876,0.131067522372,3.63758615973,0.723785612668,0.104152823114,0.0597321073512,1.19256313651,0.23241060622
000852.SH,70382,70381,1082,69906,0.235940766876,0.131067522372,3.63758615973,0.723785612668,0.104152823114,0.0597321073512,1.19256313651,0.23241060622
000852.SH,70485,70484,1082,69906,0.235940766876,0.131067522372,3.63758615973,0.723785612668,0.104152823114,0.0597321073512,1.19256313651,0.23241060622
000852.SH,70573,70572,1082,69906,0.235940766876,0.131067522372,3.63758615973,0.723785612668,0.104152823114,0.0597321073512,1.19256313651,0.23241060622
000852.SH,70689,70688,1082,69906,0.235940766876,0.131067522372,3.63758615973,0.723785612668,0.104152823114,0.0597321073512,1.19256313651,0.23241060622
000852.SH,70795,70794,1082,69906,0.235940766876,0.131067522372,3.63758615973,0.723785612668,0.104152823114,0.0597321073512,1.19256313651,0.23241060622
000852.SH,70833,70832,1082,69906,0.235940766876,0.131067522372,3.63758615973,0.723785612668,0.104152823114,0.0597321073512,1.19256313651,0.23241060622
000852.SH,70860,70859,1082,69906,0.235940766876,0.131067522372,3.63758615973,0.723785612668,0.104152823114,0.0597321073512,1.19256313651,0.23241060622
000852.SH,70928,70927,1082,69906,0.235940766876,0.131067522372,3.63758615973,0.723785612668,0.104152823114,0.0597321073512,1.19256313651,0.23241060622
000852.SH,70972,70971,1082,69906,0.235940766876,0.131067522372,3.63758615973,0.723785612668,0.104152823114,0.0597321073512,1.19256313651,0.23241060622
000852.SH,71031,71030,1082,69906,0.235940766876,0.131067522372,3.63758615973,0.723785612668,0.104152823114,0.0597321073512,1.19256313651,0.23241060622
000852.SH,71161,71160,1082,69906,0.235940766876,0.131067522372,3.63758615973,0.723785612668,0.104152823114,0.0597321073512,1.19256313651,0.23241060622
000852.SH,71190,71189,1082,69906,0.235940766876,0.131067522372,3.63758615973,0.723785612668,0.104152823114,0.0597321073512,1.19256313651,0.23241060622
000852.SH,71216,71215,1082,69906,0.235940766876,0.131067522372,3.63758615973,0.723785612668,0.104152823114,0.0597321073512,1.19256313651,0.23241060622
000852.SH,71242,71241,1082,69906,0.235940766876,0.131067522372,3.63758615973,0.723785612668,0.104152823114,0.0597321073512,1.19256313651,0.23241060622
000852.SH,71353,71352,1082,69906,0.235940766876,0.131067522372,3.63758615973,0.723785612668,0.104152823114,0.0597321073512,1.19256313651,0.23241060622
000852.SH,71413,71412,1082,69906,0.235940766876,0.131067522372,3.63758615973,0.723785612668,0.104152823114,0.0597321073512,1.19256313651,0.23241060622
000852.SH,71485,71484,1082,69906,0.235940766876,0.131067522372,3.63758615973,0.723785612668,0.104152823114,0.0597321073512,1.19256313651,0.23241060622
000852.SH,71623,71622,1082,69906,0.235940766876,0.131067522372,3.63758615973,0.723785612668,0.104152823114,0.0597321073512,1.19256313651,0.23241060622
000852.SH,71649,71648,1082,69906,0.235940766876,0.131067522372,3.63758615973,0.723785612668,0.104152823114,0.0597321073512,1.19256313651,0.23241060622
000852.SH,71670,71669,1082,69906,0.235940766876,0.131067522372,3.63758615973,0.723785612668,0.104152823114,0.0597321073512,1.19256313651,0.23241060622
000852.SH,71734,71733,1082,69906,0.235940766876,0.131067522372,3.63758615973,0.723785612668,0.104152823114,0.0597321073512,1.19256313651,0.23241060622
000852.SH,71845,71844,1082,69906,0.235940766876,0.131067522372,3.63758615973,0.723785612668,0.104152823114,0.0597321073512,1.19256313651,0.23241060622
000852.SH,71987,71986,1082,69906,0.235940766876,0.131067522372,3.63758615973,0.723785612668,0.104152823114,0.0597321073512,1.19256313651,0.23241060622
000852.SH,72186,72185,1082,69906,0.235940766876,0.131067522372,3.63758615973,0.723785612668,0.104152823114,0.0597321073512,1.19256313651,0.23241060622
000852.SH,72257,72256,1082,69906,0.235940766876,0.131067522372,3.63758615973,0.723785612668,0.104152823114,0.0597321073512,1.19256313651,0.23241060622
000852.SH,72343,72342,1082,69906,0.235940766876,0.131067522372,3.63758615973,0.723785612668,0.104152823114,0.0597321073512,1.19256313651,0.23241060622
000852.SH,72361,72360,1082,69906,0.235940766876,0.131067522372,3.63758615973,0.723785612668,0.104152823114,0.0597321073512,1.19256313651,0.23241060622
000852.SH,72385,72384,1082,69906,0.235940766876,0.131067522372,3.63758615973,0.723785612668,0.104152823114,0.0597321073512,1.19256313651,0.23241060622
000852.SH,72415,72414,1082,69906,0.235940766876,0.131067522372,3.63758615973,0.723785612668,0.104152823114,0.0597321073512,1.19256313651,0.23241060622
000852.SH,72439,72438,1082,69906,0.235940766876,0.131067522372,3.63758615973,0.723785612668,0.104152823114,0.0597321073512,1.19256313651,0.23241060622
000852.SH,72462,72461,1082,69906,0.235940766876,0.131067522372,3.63758615973,0.723785612668,0.104152823114,0.0597321073512,1.19256313651,0.23241060622
000852.SH,72494,72493,1082,69906,0.235940766876,0.131067522372,3.63758615973,0.723785612668,0.104152823114,0.0597321073512,1.19256313651,0.23241060622
000852.SH,72557,72556,1082,69906,0.235940766876,0.131067522372,3.63758615973,0.723785612668,0.104152823114,0.0597321073512,1.19256313651,0.23241060622
000852.SH,72727,72726,1082,69906,0.235940766876,0.131067522372,3.63758615973,0.723785612668,0.104152823114,0.0597321073512,1.19256313651,0.23241060622
000852.SH,72841,72840,1082,69906,0.235940766876,0.131067522372,3.63758615973,0.723785612668,0.104152823114,0.0597321073512,1.19256313651,0.23241060622
000852.SH,72875,72874,1082,69906,0.235940766876,0.131067522372,3.63758615973,0.723785612668,0.104152823114,0.0597321073512,1.19256313651,0.23241060622
000852.SH,72903,72902,1082,69906,0.235940766876,0.131067522372,3.63758615973,0.723785612668,0.104152823114,0.0597321073512,1.19256313651,0.23241060622
000852.SH,72945,72944,1082,69906,0.235940766876,0.131067522372,3.63758615973,0.723785612668,0.104152823114,0.0597321073512,1.19256313651,0.23241060622
000852.SH,73129,73128,1082,69906,0.235940766876,0.131067522372,3.63758615973,0.723785612668,0.104152823114,0.0597321073512,1.19256313651,0.23241060622
000852.SH,73157,73156,1082,69906,0.235940766876,0.131067522372,3.63758615973,0.723785612668,0.104152823114,0.0597321073512,1.19256313651,0.23241060622
000852.SH,73200,73199,1082,69906,0.235940766876,0.131067522372,3.63758615973,0.723785612668,0.104152823114,0.0597321073512,1.19256313651,0.23241060622
000852.SH,73219,73218,1082,69906,0.235940766876,0.131067522372,3.63758615973,0.723785612668,0.104152823114,0.0597321073512,1.19256313651,0.23241060622
000852.SH,73269,73268,1082,69906,0.235940766876,0.131067522372,3.63758615973,0.723785612668,0.104152823114,0.0597321073512,1.19256313651,0.23241060622
000852.SH,73390,73389,1082,69906,0.235940766876,0.131067522372,3.63758615973,0.723785612668,0.104152823114,0.0597321073512,1.19256313651,0.23241060622
000852.SH,73523,73522,1082,69906,0.235940766876,0.131067522372,3.63758615973,0.723785612668,0.104152823114,0.0597321073512,1.19256313651,0.23241060622
000852.SH,73566,73565,1082,69906,0.235940766876,0.131067522372,3.63758615973,0.723785612668,0.104152823114,0.0597321073512,1.19256313651,0.23241060622
000852.SH,73824,73823,1082,69906,0.235940766876,0.131067522372,3.63758615973,0.723785612668,0.104152823114,0.0597321073512,1.19256313651,0.23241060622
000852.SH,74322,74321,1116,74081,0.235940766876,0.118796866491,3.61091791264,0.723785612668,0.104152823114,0.0462243270592,1.21558208868,0.241291369693
000852.SH,74613,74612,1356,74321,0.207620365799,0.110212748581,3.82864139649,0.67786104763,0.0999026920346,0.0615652772662,1.23487106566,0.235510722438
000852.SH,74782,74781,1356,74321,0.207620365799,0.110212748581,3.82864139649,0.67786104763,0.0999026920346,0.0615652772662,1.23487106566,0.235510722438
000852.SH,75036,75035,1406,74612,0.207620365799,0.110212748581,3.82864139649,0.689173500286,0.0999026920346,0.0615652772662,1.23487106566,0.248298626344
000852.SH,75419,75418,1419,75035,0.207620365799,0.110212748581,3.82864139649,0.685424137693,0.0999026920346,0.0615652772662,1.23487106566,0.246733502946
000852.SH,75787,75786,1561,75418,0.216755469492,0.110212748581,3.80666248977,0.721941209742,0.11344639677,0.0615652772662,1.15391497654,0.285719297762
000852.SH,76093,76092,1688,75786,0.216755469492,0.110212748581,3.7135720667,0.724603382279,0.11344639677,0.0615652772662,1.22047677784,0.285570923798
000852.SH,76167,76166,1688,75786,0.216755469492,0.110212748581,3.7135720667,0.724603382279,0.11344639677,0.0615652772662,1.22047677784,0.285570923798
000852.SH,76343,76342,1753,76092,0.216755469492,0.110212748581,3.66356164613,0.733335085737,0.11344639677,0.0615652772662,1.23107439265,0.284274282636
000852.SH,76513,76512,1753,76092,0.216755469492,0.110212748581,3.66356164613,0.733335085737,0.11344639677,0.0615652772662,1.23107439265,0.284274282636
000852.SH,76633,76632,1753,76092,0.216755469492,0.110212748581,3.66356164613,0.733335085737,0.11344639677,0.0615652772662,1.23107439265,0.284274282636
000852.SH,76836,76835,1753,76092,0.216755469492,0.110212748581,3.66356164613,0.733335085737,0.11344639677,0.0615652772662,1.23107439265,0.284274282636
000852.SH,76899,76898,1753,76092,0.216755469492,0.110212748581,3.66356164613,0.733335085737,0.11344639677,0.0615652772662,1.23107439265,0.284274282636
000852.SH,77561,77560,1934,77320,0.196755499902,0.109652342186,3.66356164613,0.743948647973,0.0837944418553,0.060734418745,1.15507825632,0.286972686637
000852.SH,77697,77696,2070,77456,0.191103641448,0.0934232984852,3.77269487481,0.72892149483,0.0849845660902,0.0661621792361,1.22797219088,0.270430605577
000852.SH,77802,77801,2174,77560,0.180030859222,0.0907787679194,3.82864139649,0.741943993638,0.11893508661,0.0689829640895,1.27904863576,0.275611599893
000852.SH,77869,77868,2174,77560,0.180030859222,0.0907787679194,3.82864139649,0.741943993638,0.11893508661,0.0689829640895,1.27904863576,0.275611599893
000852.SH,77949,77948,2174,77560,0.180030859222,0.0907787679194,3.82864139649,0.741943993638,0.11893508661,0.0689829640895,1.27904863576,0.275611599893
000852.SH,78067,78066,2174,77560,0.180030859222,0.0907787679194,3.82864139649,0.741943993638,0.11893508661,0.0689829640895,1.27904863576,0.275611599893
000852.SH,78126,78125,2174,77560,0.180030859222,0.0907787679194,3.82864139649,0.741943993638,0.11893508661,0.0689829640895,1.27904863576,0.275611599893
000852.SH,78187,78186,2174,77560,0.180030859222,0.0907787679194,3.82864139649,0.741943993638,0.11893508661,0.0689829640895,1.27904863576,0.275611599893
000852.SH,78253,78252,2174,77560,0.180030859222,0.0907787679194,3.82864139649,0.741943993638,0.11893508661,0.0689829640895,1.27904863576,0.275611599893
000852.SH,78342,78341,2174,77560,0.180030859222,0.0907787679194,3.82864139649,0.741943993638,0.11893508661,0.0689829640895,1.27904863576,0.275611599893
000852.SH,78410,78409,2174,77560,0.180030859222,0.0907787679194,3.82864139649,0.741943993638,0.11893508661,0.0689829640895,1.27904863576,0.275611599893
000852.SH,78502,78501,2174,77560,0.180030859222,0.0907787679194,3.82864139649,0.741943993638,0.11893508661,0.0689829640895,1.27904863576,0.275611599893
000852.SH,78774,78773,2174,77560,0.180030859222,0.0907787679194,3.82864139649,0.741943993638,0.11893508661,0.0689829640895,1.27904863576,0.275611599893
000852.SH,78909,78908,2174,77560,0.180030859222,0.0907787679194,3.82864139649,0.741943993638,0.11893508661,0.0689829640895,1.27904863576,0.275611599893
000852.SH,79666,79665,2481,79425,0.196755499902,0.100660222092,3.87120101091,0.751066837875,0.167128775003,0.0798944487781,1.22948957155,0.281445316161
000852.SH,80015,80014,2721,79665,0.184210624041,0.0907787679194,3.95124371858,0.747842560743,0.153481711858,0.0689829640895,1.22741455372,0.27267483355
000852.SH,80106,80105,2721,79665,0.184210624041,0.0907787679194,3.95124371858,0.747842560743,0.153481711858,0.0689829640895,1.22741455372,0.27267483355
000852.SH,80287,80286,2829,80014,0.191103641448,0.0876189850262,3.98898404656,0.742950638141,0.163701299466,0.0658081438623,1.25620380781,0.26538672344
000852.SH,80691,80690,2829,80014,0.191103641448,0.0876189850262,3.98898404656,0.742950638141,0.163701299466,0.0658081438623,1.25620380781,0.26538672344
000852.SH,80866,80865,2927,80625,0.196755499902,0.0907787679194,4.02535169074,0.745694187742,0.17208074481,0.0611234497449,1.19568111873,0.268833354596
000852.SH,81235,81234,2992,80690,0.207620365799,0.0934232984852,4.06044301055,0.744767811896,0.159839289062,0.0611289176744,1.18955888017,0.264241581903
000852.SH,81330,81329,2992,80690,0.207620365799,0.0934232984852,4.06044301055,0.744767811896,0.159839289062,0.0611289176744,1.18955888017,0.264241581903
000852.SH,81505,81504,3120,81234,0.196755499902,0.0907787679194,4.07753744391,0.737560674257,0.17208074481,0.0611234497449,1.1589492768,0.267518551177
000852.SH,81522,81521,3120,81234,0.196755499902,0.0907787679194,4.07753744391,0.737560674257,0.17208074481,0.0611234497449,1.1589492768,0.267518551177
000852.SH,81561,81560,3120,81234,0.196755499902,0.0907787679194,4.07753744391,0.737560674257,0.17208074481,0.0611234497449,1.1589492768,0.267518551177
000852.SH,81605,81604,3120,81234,0.196755499902,0.0907787679194,4.07753744391,0.737560674257,0.17208074481,0.0611234497449,1.1589492768,0.267518551177
000852.SH,81667,81666,3120,81234,0.196755499902,0.0907787679194,4.07753744391,0.737560674257,0.17208074481,0.0611234497449,1.1589492768,0.267518551177
000852.SH,81869,81868,3120,81234,0.196755499902,0.0907787679194,4.07753744391,0.737560674257,0.17208074481,0.0611234497449,1.1589492768,0.267518551177
000852.SH,82108,82107,3120,81234,0.196755499902,0.0907787679194,4.07753744391,0.737560674257,0.17208074481,0.0611234497449,1.1589492768,0.267518551177
000852.SH,82257,82256,3120,81234,0.196755499902,0.0907787679194,4.07753744391,0.737560674257,0.17208074481,0.0611234497449,1.1589492768,0.267518551177
000852.SH,82289,82288,3120,81234,0.196755499902,0.0907787679194,4.07753744391,0.737560674257,0.17208074481,0.0611234497449,1.1589492768,0.267518551177
000852.SH,82409,82408,3120,81234,0.196755499902,0.0907787679194,4.07753744391,0.737560674257,0.17208074481,0.0611234497449,1.1589492768,0.267518551177
000852.SH,82612,82611,3120,81234,0.196755499902,0.0907787679194,4.07753744391,0.737560674257,0.17208074481,0.0611234497449,1.1589492768,0.267518551177
000852.SH,82699,82698,3120,81234,0.196755499902,0.0907787679194,4.07753744391,0.737560674257,0.17208074481,0.0611234497449,1.1589492768,0.267518551177
000852.SH,82759,82758,3120,81234,0.196755499902,0.0907787679194,4.07753744391,0.737560674257,0.17208074481,0.0611234497449,1.1589492768,0.267518551177
000852.SH,82944,82943,3120,81234,0.196755499902,0.0907787679194,4.07753744391,0.737560674257,0.17208074481,0.0611234497449,1.1589492768,0.267518551177
000852.SH,83132,83131,3120,81234,0.196755499902,0.0907787679194,4.07753744391,0.737560674257,0.17208074481,0.0611234497449,1.1589492768,0.267518551177
000852.SH,83796,83795,3303,83555,0.184210624041,0.0865623210536,4.07753744391,0.751131964044,0.153481711858,0.0673747538681,1.11310093259,0.283319053788
000852.SH,83889,83888,3396,83648,0.180030859222,0.0865623210536,4.07753744391,0.747045650672,0.147284792538,0.0763342643761,1.10503060755,0.277066571407
000852.SH,83905,83904,3412,83664,0.167264611627,0.0865623210536,4.07753744391,0.746049665147,0.128357553853,0.0790985593154,1.10503060755,0.27495308607
000852.SH,83930,83929,3437,83689,0.165690650113,0.0865623210536,4.07753744391,0.74786030243,0.126023998512,0.0790985593154,1.10119243483,0.274339022869
000852.SH,83964,83963,3471,83723,0.177557909391,0.0865623210536,4.06044301055,0.748949366072,0.143618397118,0.0763342643761,1.11453171784,0.277934236801
000852.SH,84085,84084,3543,83795,0.180030859222,0.0865623210536,4.06044301055,0.742568042305,0.14048641085,0.0763342643761,1.09022625547,0.281795779518
000852.SH,84398,84397,3543,83795,0.180030859222,0.0865623210536,4.06044301055,0.742568042305,0.14048641085,0.0763342643761,1.09022625547,0.281795779518
000852.SH,84474,84473,3543,83795,0.180030859222,0.0865623210536,4.06044301055,0.742568042305,0.14048641085,0.0763342643761,1.09022625547,0.281795779518
000852.SH,84588,84587,3565,84347,0.180030859222,0.0865623210536,4.07753744391,0.741265974018,0.140995619518,0.0735053489101,1.10503060755,0.284329365456
000852.SH,84740,84739,3615,84397,0.180030859222,0.0865623210536,4.07753744391,0.737477878275,0.147284792538,0.0735053489101,1.10503060755,0.287923415968
000852.SH,85290,85289,3684,85049,0.167264611627,0.0865623210536,4.07753744391,0.72893689227,0.128357553853,0.0763342643761,1.10311152119,0.280813957082
000852.SH,85371,85370,3765,85130,0.165690650113,0.0784738928608,4.11087386417,0.731726604838,0.126023998512,0.0757896529023,1.09883847826,0.275335404813
000852.SH,85641,85640,3924,85289,0.165690650113,0.0784738928608,4.12713438505,0.724873282361,0.150866503426,0.0757896529023,1.07627420122,0.276004578614
000852.SH,85728,85727,3924,85289,0.165690650113,0.0784738928608,4.12713438505,0.724873282361,0.150866503426,0.0757896529023,1.07627420122,0.276004578614
000852.SH,85996,85995,3953,85640,0.165690650113,0.0784738928608,4.12713438505,0.726597917149,0.126023998512,0.0757896529023,1.08626843144,0.280032816547
000852.SH,86054,86053,3953,85640,0.165690650113,0.0784738928608,4.12713438505,0.726597917149,0.126023998512,0.0757896529023,1.08626843144,0.280032816547
000852.SH,86373,86372,3980,85995,0.165690650113,0.0784738928608,4.12713438505,0.728852096462,0.138445250969,0.0757896529023,1.10907811211,0.282164135829
000852.SH,86509,86508,3980,85995,0.165690650113,0.0784738928608,4.12713438505,0.728852096462,0.138445250969,0.0757896529023,1.10907811211,0.282164135829
000852.SH,86591,86590,4036,86350,0.177557909391,0.0865623210536,4.14313472639,0.728869430847,0.143618397118,0.0790985593154,1.11337290711,0.287034699415
000852.SH,87638,87637,4624,87397,0.14537514633,0.0686875379604,4.15888308336,0.744956869194,0.138938355477,0.0755677615822,1.07473063002,0.277035680399
000852.SH,87758,87757,4744,87517,0.165690650113,0.0745836350471,4.18965474203,0.73787890694,0.126023998512,0.0722796704406,1.0827816001,0.281850224763
000852.SH,87976,87975,4864,87637,0.165690650113,0.0784738928608,4.21950770518,0.744546938307,0.126023998512,0.0757896529023,1.1175420742,0.285060290421
000852.SH,88061,88060,4864,87637,0.165690650113,0.0784738928608,4.21950770518,0.744546938307,0.126023998512,0.0757896529023,1.1175420742,0.285060290421
000852.SH,88273,88272,4864,87637,0.165690650113,0.0784738928608,4.21950770518,0.744546938307,0.126023998512,0.0757896529023,1.1175420742,0.285060290421
000852.SH,88482,88481,4864,87637,0.165690650113,0.0784738928608,4.21950770518,0.744546938307,0.126023998512,0.0757896529023,1.1175420742,0.285060290421
000852.SH,88976,88975,4877,88735,0.165690650113,0.0784738928608,4.21950770518,0.745498821672,0.126023998512,0.0757896529023,1.1175420742,0.287522688314
000852.SH,89190,89189,5091,88949,0.165690650113,0.0784738928608,4.21950770518,0.756392834146,0.140120747877,0.0780473666752,1.07192001306,0.293108360021
000852.SH,89413,89412,5117,88975,0.165690650113,0.0784738928608,4.2341065046,0.756865051601,0.140120747877,0.0780473666752,1.05954510976,0.293090955851
000852.SH,89560,89559,5117,88975,0.165690650113,0.0784738928608,4.2341065046,0.756865051601,0.140120747877,0.0780473666752,1.05954510976,0.293090955851
000852.SH,89617,89616,5117,88975,0.165690650113,0.0784738928608,4.2341065046,0.756865051601,0.140120747877,0.0780473666752,1.05954510976,0.293090955851
000852.SH,89887,89886,5117,88975,0.165690650113,0.0784738928608,4.2341065046,0.756865051601,0.140120747877,0.0780473666752,1.05954510976,0.293090955851
000852.SH,90711,90710,5489,90470,0.14537514633,0.0686875379604,4.3040650932,0.7665179568,0.144706404638,0.0755677615822,1.06828172903,0.303292414571
000852.SH,90797,90796,5575,90556,0.165690650113,0.0686875379604,4.27666611902,0.769425894052,0.162413709712,0.0755677615822,1.07826560514,0.306148048604
000852.SH,91025,91024,5729,90710,0.165690650113,0.0686875379604,4.27666611902,0.772980866933,0.162413709712,0.0755677615822,1.06942615209,0.3070546226
000852.SH,91514,91513,5737,91273,0.165690650113,0.0686875379604,4.27666611902,0.772715880647,0.162413709712,0.0755677615822,1.06942615209,0.307234595776
000852.SH,91765,91764,5977,91513,0.143137782272,0.0686875379604,4.3040650932,0.780253552897,0.137589704974,0.0740677991448,1.10570960916,0.317000025286
000852.SH,92122,92121,5987,91764,0.143137782272,0.0686875379604,4.3040650932,0.780511536776,0.137589704974,0.0740677991448,1.11004787122,0.316260148545
000852.SH,92158,92157,5987,91764,0.143137782272,0.0686875379604,4.3040650932,0.780511536776,0.137589704974,0.0740677991448,1.11004787122,0.316260148545
000852.SH,93256,93255,6720,93015,0.140236923175,0.052192408377,4.4188406078,0.783953179372,0.131320425827,0.0572288999941,1.18029066911,0.315399112564
000852.SH,93745,93744,6968,93504,0.13773675065,0.052192408377,4.46590811865,0.786065857348,0.127613670042,0.0572081366576,1.21172247151,0.312915293502
000852.SH,93818,93817,7041,93577,0.13773675065,0.052192408377,4.47733681448,0.788860201875,0.127613670042,0.0554542538255,1.20650306459,0.315060724946
000852.SH,93976,93975,7199,93735,0.140236923175,0.0535954618065,4.51085950652,0.787935818759,0.131320425827,0.0568952183174,1.2327444576,0.311045584787
000852.SH,95449,95448,8200,95208,0.184210624041,0.0686875379604,4.63472898823,0.797229762467,0.185727807954,0.0611585791751,1.2610096467,0.312784450215
000852.SH,95826,95825,8440,95448,0.187379994379,0.0686875379604,4.66343909411,0.802130578652,0.194570331522,0.0566686647982,1.30357524968,0.314343185226
000852.SH,96091,96090,8576,95825,0.187379994379,0.0686875379604,4.64439089914,0.80927877417,0.199157644227,0.0611585791751,1.288435512,0.317327584543
000852.SH,96237,96236,8576,95825,0.187379994379,0.0686875379604,4.64439089914,0.80927877417,0.199157644227,0.0611585791751,1.288435512,0.317327584543
000852.SH,96470,96469,8600,96090,0.187379994379,0.0686875379604,4.64439089914,0.808358368236,0.199157644227,0.0611585791751,1.28244520082,0.31833998342
000852.SH,96919,96918,8600,96090,0.187379994379,0.0686875379604,4.64439089914,0.808358368236,0.199157644227,0.0611585791751,1.28244520082,0.31833998342
000852.SH,97432,97431,8840,97191,0.187379994379,0.0686875379604,4.66343909411,0.801922896141,0.199157644227,0.0606682749564,1.2702569936,0.318221188784
000852.SH,97551,97550,8959,97310,0.187379994379,0.0745836350471,4.68213122712,0.801113278462,0.199157644227,0.0528237237254,1.26792402695,0.315858332946
000852.SH,97866,97865,9080,97431,0.187379994379,0.0686875379604,4.67282883446,0.803246731513,0.199157644227,0.0611585791751,1.28417822264,0.318060211656
000852.SH,98196,98195,9154,97865,0.187379994379,0.0686875379604,4.67282883446,0.806520878781,0.199157644227,0.0611585791751,1.29334404921,0.318439227302
000852.SH,98820,98819,9386,98579,0.187379994379,0.0686875379604,4.66343909411,0.800302164197,0.199157644227,0.0611585791751,1.2702569936,0.316521910214
000852.SH,99343,99342,9668,99102,0.184210624041,0.0686875379604,4.68213122712,0.802792572911,0.195193161347,0.0611585791751,1.28533244613,0.317713539373
000852.SH,99452,99451,9777,99211,0.187379994379,0.0686875379604,4.68213122712,0.80317063664,0.199157644227,0.0611585791751,1.2653840229,0.318752095692
000852.SH,99497,99496,9822,99256,0.187379994379,0.0686875379604,4.68213122712,0.80434698802,0.199157644227,0.0612804031269,1.2653840229,0.317756342385
000852.SH,99531,99530,9856,99290,0.187379994379,0.0686875379604,4.68213122712,0.806299288377,0.199157644227,0.0612804031269,1.2653840229,0.319130808486
000852.SH,99877,99876,9908,99342,0.187379994379,0.0686875379604,4.67282883446,0.806062429754,0.199157644227,0.0612804031269,1.28171575431,0.320901507138
000852.SH,100362,100361,10017,100121,0.184210624041,0.0686875379604,4.65396035016,0.802670838718,0.196515834731,0.0612804031269,1.2895220639,0.323674616243
000852.SH,101280,101279,10694,101039,0.141044787104,0.0661513630133,4.7621739348,0.799966524912,0.14585895036,0.0575202701504,1.32095645696,0.336944426517
000852.SH,101780,101779,10953,101539,0.165690650113,0.0661513630133,4.77068462447,0.803814708757,0.162466921609,0.0529085318217,1.30300425025,0.335982586844
000852.SH,103518,103517,12450,103277,0.199638110279,0.052192408377,4.96981329958,0.786110579536,0.180983761594,0.0456019571137,1.48189040692,0.340321003587
000852.SH,104322,104321,13013,104081,0.190377570733,0.0520502419237,4.94164242261,0.785869751834,0.177145168536,0.0458127330974,1.46836511859,0.337635159107
000852.SH,104821,104820,13271,104580,0.187379994379,0.052192408377,4.96981329958,0.788794188624,0.172700961833,0.0456019571137,1.44254915561,0.337174498031
000852.SH,105419,105418,13628,105178,0.190377570733,0.052192408377,4.96284463026,0.790504305858,0.177145168536,0.0456019571137,1.44384570139,0.337471798689
000852.SH,106082,106081,14050,105841,0.190377570733,0.052192408377,5.01727983681,0.79520028683,0.177145168536,0.0456019571137,1.47063266938,0.340063552938
000852.SH,106572,106571,14299,106331,0.187379994379,0.052192408377,5.04985600725,0.797176204038,0.172700961833,0.0456019571137,1.51893009966,0.340092409356
000852.SH,106968,106967,14539,106571,0.187379994379,0.0473905218956,5.08140436498,0.793400643171,0.172700961833,0.0501096230969,1.48833309719,0.341492594916
000852.SH,107902,107901,15147,107661,0.187379994379,0.0520502419237,5.08140436498,0.786681532035,0.172700961833,0.0458127330974,1.4389085205,0.340680761038
000852.SH,108619,108618,15623,108378,0.187379994379,0.052192408377,5.09986642782,0.791975553665,0.172700961833,0.0456019571137,1.41845042054,0.345401712011
000852.SH,108827,108826,15831,108586,0.190377570733,0.052192408377,5.1239639794,0.791782165659,0.177145168536,0.0456019571137,1.45417745052,0.343878547723
000852.SH,109272,109271,15863,108618,0.191103641448,0.052192408377,5.1239639794,0.792169271236,0.178221640977,0.0456019571137,1.45417745052,0.344160965432
000852.SH,110234,110233,16548,109993,0.21063198207,0.0640241480658,5.15905529921,0.791043733248,0.18039909978,0.0497178412552,1.48285532723,0.340604822012
000852.SH,110823,110822,16896,110582,0.199638110279,0.0550780564813,5.16478597392,0.79282605262,0.180983761594,0.0439870497126,1.44572956441,0.342882459136
000852.SH,112103,112102,17935,111862,0.187379994379,0.054759369967,5.15905529921,0.789549543177,0.173985550386,0.0472409397516,1.41204609093,0.343818593848
000852.SH,113489,113488,19080,113248,0.21063198207,0.0661513630133,5.15617344686,0.792665647504,0.18039909978,0.0526721359815,1.34572370645,0.350663874348
000852.SH,113768,113767,19320,113488,0.215232262727,0.0661513630133,5.17048399504,0.798680682683,0.187219475883,0.0526721359815,1.34591038534,0.357275599183
000852.SH,113924,113923,19320,113488,0.215232262727,0.0661513630133,5.17048399504,0.798680682683,0.187219475883,0.0526721359815,1.34591038534,0.357275599183
000852.SH,114134,114133,19358,113767,0.215232262727,0.0677520671752,5.16763498448,0.799208528535,0.187219475883,0.0524643882215,1.3457723977,0.356505035964
000852.SH,114340,114339,19358,113767,0.215232262727,0.0677520671752,5.16763498448,0.799208528535,0.187219475883,0.0524643882215,1.3457723977,0.356505035964
000852.SH,114424,114423,19358,113767,0.215232262727,0.0677520671752,5.16763498448,0.799208528535,0.187219475883,0.0524643882215,1.3457723977,0.356505035964
000852.SH,115117,115116,19570,114876,0.215232262727,0.0686875379604,5.18738580584,0.800699551051,0.187219475883,0.0525974059013,1.36345393763,0.35775925804
000852.SH,115281,115280,19734,115040,0.215232262727,0.0686875379604,5.19849703127,0.798867264307,0.187198688874,0.0549477539919,1.36991614083,0.358999193589
000852.SH,115579,115578,19810,115116,0.215232262727,0.0686875379604,5.20400668708,0.797188311987,0.187198688874,0.0560227973885,1.37487512621,0.359348779608
000852.SH,115696,115695,19810,115116,0.215232262727,0.0686875379604,5.20400668708,0.797188311987,0.187198688874,0.0560227973885,1.37487512621,0.359348779608
000852.SH,115890,115889,19867,115578,0.215232262727,0.0686875379604,5.19849703127,0.798485654953,0.187198688874,0.0549477539919,1.37316389679,0.360002098976
000852.SH,117833,117832,792,117592,0.137738655483,0.0575996807935,5.91485253412,0.777613938795,0.0407049110624,0.00967794906343,0.735583154764,0.454178256157
000852.SH,118726,118725,1444,118485,0.137738655483,0.0575996807935,5.43590065624,0.814607520813,0.126664924572,0.031571430542,0.894248217469,0.368605088461
000852.SH,118859,118858,1577,118618,0.137738655483,0.0575996807935,5.50533153593,0.80729124472,0.00244257492905,0.0316704410098,0.773509357829,0.348820743518
000852.SH,119018,119017,1684,118725,0.137738655483,0.0575996807935,5.5568280617,0.828235028926,0.00244257492905,0.0316704410098,0.792422746893,0.388521261249
000852.SH,119144,119143,1684,118725,0.137738655483,0.0575996807935,5.5568280617,0.828235028926,0.00244257492905,0.0316704410098,0.792422746893,0.388521261249
000852.SH,119202,119201,1684,118725,0.137738655483,0.0575996807935,5.5568280617,0.828235028926,0.00244257492905,0.0316704410098,0.792422746893,0.388521261249
000852.SH,120559,120558,2560,120318,0.137738655483,0.0575996807935,5.43807930892,0.742893550985,0.0335556324025,0.0316704410098,0.968479647759,0.381807052752
000852.SH,121268,121267,3028,121027,0.259350795576,0.0902918231725,5.42495001748,0.720473037274,0.180302158901,0.0484693702912,1.01783058163,0.362252186164
000852.SH,121785,121784,3304,121544,0.259350795576,0.0977413728391,5.46170865958,0.720840064659,0.180302158901,0.0595140726268,0.984546665153,0.366307073646
000852.SH,122467,122466,3745,122226,0.259350795576,0.0977413728391,5.39362754635,0.730359666213,0.180302158901,0.0495213119933,0.958689434718,0.355232875442
000852.SH,123013,123012,4050,122772,0.259350795576,0.0902918231725,5.47646355193,0.732551231355,0.180302158901,0.0484693702912,0.902798285848,0.346508994012
000852.SH,123157,123156,4194,122916,0.259350795576,0.0902918231725,5.51342874616,0.743334724057,0.180302158901,0.0484693702912,0.915946934244,0.358941636481
000852.SH,125219,125218,5871,124978,0.259350795576,0.0672984620412,5.56068163102,0.769268574498,0.180302158901,0.0336388496906,0.963569088053,0.344627554638
000852.SH,125800,125799,6211,125559,0.223326703722,0.0672984620412,5.57972982599,0.778360838354,0.129143300644,0.0336388496906,1.03324419729,0.349730716666
000852.SH,127022,127021,7192,126781,0.186767996089,0.0652897012703,5.5872486584,0.778450064395,0.0751334753113,0.0306879158397,1.01109447443,0.35092511492
000852.SH,128613,128612,8542,128372,0.186767996089,0.0652897012703,5.50938833663,0.770659936465,0.0751334753113,0.0358147683409,1.01560628497,0.369912156832
000852.SH,129551,129550,9239,129310,0.186767996089,0.0652897012703,5.47646355193,0.766809476049,0.107611258519,0.0358147683409,1.01520111305,0.374264709754
000852.SH,130438,130437,9885,130197,0.186767996089,0.0672984620412,5.48893772616,0.777042980335,0.0751334753113,0.0340899572132,1.03996381495,0.377819724618
000852.SH,130670,130669,10117,130429,0.186767996089,0.0652897012703,5.45958551414,0.775716376183,0.0751334753113,0.0358147683409,1.06195933139,0.377483239032
000852.SH,131929,131928,10903,131688,0.168378824667,0.0575996807935,5.49306144334,0.77699011756,0.112568021588,0.0408982097967,1.04607763805,0.38042657011
000852.SH,132960,132959,11693,132719,0.177590130897,0.0575996807935,5.4161004022,0.770064768774,0.112764971425,0.0408982097967,1.08818269897,0.377423650403
000852.SH,133096,133095,11829,132855,0.177590130897,0.0575996807935,5.40267738187,0.772822141525,0.112764971425,0.0408982097967,1.08336645218,0.379215181385
000852.SH,133165,133164,11898,132924,0.168378824667,0.0575996807935,5.40717177146,0.775034366685,0.099108288809,0.037846992946,1.07494511103,0.382279133871
000852.SH,133459,133458,11933,132959,0.168378824667,0.0575996807935,5.41164605186,0.773668546186,0.099108288809,0.037846992946,1.07006950207,0.382103136506
000852.SH,133511,133510,11933,132959,0.168378824667,0.0575996807935,5.41164605186,0.773668546186,0.099108288809,0.037846992946,1.07006950207,0.382103136506
000852.SH,133646,133645,11933,132959,0.168378824667,0.0575996807935,5.41164605186,0.773668546186,0.099108288809,0.037846992946,1.07006950207,0.382103136506
000852.SH,133912,133911,11986,133458,0.168378824667,0.0575996807935,5.40267738187,0.774876609407,0.099108288809,0.037846992946,1.07044610898,0.382953244734
000852.SH,134167,134166,12011,133911,0.168378824667,0.0575996807935,5.40267738187,0.773798688732,0.099108288809,0.0408982097967,1.073686766,0.381968777993
000852.SH,134303,134302,12011,133911,0.168378824667,0.0575996807935,5.40267738187,0.773798688732,0.099108288809,0.0408982097967,1.073686766,0.381968777993
000852.SH,134335,134334,12011,133911,0.168378824667,0.0575996807935,5.40267738187,0.773798688732,0.099108288809,0.0408982097967,1.073686766,0.381968777993
000852.SH,134476,134475,12025,134166,0.168378824667,0.0575996807935,5.39816270152,0.77311211505,0.099108288809,0.0408982097967,1.0753799913,0.382150420288
000852.SH,134862,134861,12025,134166,0.168378824667,0.0575996807935,5.39816270152,0.77311211505,0.099108288809,0.0408982097967,1.0753799913,0.382150420288
000852.SH,135736,135735,12563,135495,0.177590130897,0.0594135108393,5.42495001748,0.765869984594,0.112764971425,0.0405361773719,1.0695168615,0.377430140757
000852.SH,136043,136042,12803,135735,0.186767996089,0.0650999854036,5.44241771052,0.766134115893,0.107611258519,0.0427903926248,1.08432678003,0.374297475435
000852.SH,136309,136308,12869,136042,0.177590130897,0.0650999854036,5.43372200355,0.766719288999,0.121218361453,0.0427903926248,1.09102862952,0.375060245584
000852.SH,136445,136444,12869,136042,0.177590130897,0.0650999854036,5.43372200355,0.766719288999,0.121218361453,0.0427903926248,1.09102862952,0.375060245584
000852.SH,136493,136492,12869,136042,0.177590130897,0.0650999854036,5.43372200355,0.766719288999,0.121218361453,0.0427903926248,1.09102862952,0.375060245584
000852.SH,136544,136543,12889,136303,0.177590130897,0.0650999854036,5.43372200355,0.768068958949,0.121218361453,0.0427903926248,1.09412706325,0.376473043158
000852.SH,136630,136629,12894,136308,0.177590130897,0.0650999854036,5.43372200355,0.768252964905,0.121218361453,0.0427903926248,1.09412706325,0.376359266541
000852.SH,137003,137002,12894,136308,0.177590130897,0.0650999854036,5.43372200355,0.768252964905,0.121218361453,0.0427903926248,1.09412706325,0.376359266541
000852.SH,137070,137069,12894,136308,0.177590130897,0.0650999854036,5.43372200355,0.768252964905,0.121218361453,0.0427903926248,1.09412706325,0.376359266541
000852.SH,137202,137201,12985,136961,0.177590130897,0.0648834074133,5.42495001748,0.770624638489,0.121218361453,0.0424692940965,1.10403397607,0.37875653602
000852.SH,137608,137607,13026,137002,0.177590130897,0.0648834074133,5.42053499927,0.772005596022,0.121218361453,0.0424692940965,1.10854915995,0.380329515316
000852.SH,137737,137736,13080,137496,0.177590130897,0.0650999854036,5.4161004022,0.7724337561,0.117729155885,0.0427903926248,1.11589565538,0.3803874577
000852.SH,138165,138164,13191,137607,0.186767996089,0.0652897012703,5.40267738187,0.768831750924,0.107611258519,0.0430716653688,1.12146533661,0.380904228297
000852.SH,138936,138935,13668,138695,0.177590130897,0.0616739116044,5.41164605186,0.770622937283,0.112764971425,0.0411755380995,1.08157867915,0.378495268927
000852.SH,139047,139046,13779,138806,0.177590130897,0.0616739116044,5.40267738187,0.768237737405,0.112764971425,0.0411755380995,1.09599468543,0.375217716473
000852.SH,139200,139199,13908,138935,0.177590130897,0.0616739116044,5.38907172982,0.772321982559,0.112764971425,0.0411755380995,1.09709209481,0.379505441189
000852.SH,140366,140365,14593,140125,0.168378824667,0.0616739116044,5.36129216571,0.763687392405,0.128773497619,0.0411755380995,1.09166707191,0.37490503545
000852.SH,141619,141618,15605,141378,0.168378824667,0.0615568862275,5.42934562895,0.763729428811,0.11033834254,0.0413490399233,1.06719835302,0.369293686614
000852.SH,143481,143480,17226,143240,0.177590130897,0.0650999854036,5.48063892334,0.767646649055,0.123995025156,0.0373494186762,1.09705171844,0.363164370774
000852.SH,144795,144794,18299,144554,0.186767996089,0.0652897012703,5.52146091786,0.765568181087,0.150086997992,0.0393233950941,1.08818269897,0.357815924242
000852.SH,145850,145849,19113,145609,0.168378824667,0.0616739116044,5.48479693349,0.759423340841,0.144278874563,0.0421206412712,1.09692356008,0.351453312197
000852.SH,146229,146228,19353,145849,0.168378824667,0.0615568862275,5.50125821054,0.76536871226,0.144278874563,0.0422941430949,1.08314839872,0.35462905959
000852.SH,146701,146700,19491,146228,0.168378824667,0.0615568862275,5.50938833663,0.767460601865,0.144278874563,0.0422941430949,1.09225874262,0.355530318433
000852.SH,146975,146974,19722,146700,0.168378824667,0.0615568862275,5.51342874616,0.768590331689,0.144278874563,0.0422941430949,1.07762350899,0.35569584943
000852.SH,147225,147224,19755,146974,0.168378824667,0.0615568862275,5.51745289646,0.767719176797,0.144278874563,0.0422941430949,1.07742618263,0.355478068827
000852.SH,147809,147808,19867,147568,0.168378824667,0.0616739116044,5.51745289646,0.768268192404,0.144278874563,0.0421206412712,1.07454454907,0.355831620824
000852.SH,148027,148026,20085,147786,0.177590130897,0.0616739116044,5.50125821054,0.766793395913,0.157935557179,0.0424289156908,1.07822499097,0.353962345415
000852.SH,148119,148118,20107,147808,0.177590130897,0.0616739116044,5.50125821054,0.767719176797,0.157935557179,0.0424289156908,1.08114637123,0.354689034434
000852.SH,149322,149321,20829,149081,0.186767996089,0.0652897012703,5.54517744448,0.76391183418,0.150086997992,0.0430716653688,1.07473063002,0.348038881945
000852.SH,150061,150060,21327,149820,0.219928032929,0.0672984620412,5.55295958492,0.76677428739,0.16643131062,0.0460498540878,1.08626843144,0.349239037765
000852.SH,150223,150222,21489,149982,0.220453126534,0.0672984620412,5.5490760849,0.766154477293,0.165652806842,0.0460498540878,1.07869143383,0.349662894071
000852.SH,150485,150484,21567,150060,0.223326703722,0.0672984620412,5.55295958492,0.764416750826,0.162305676281,0.0460498540878,1.07435993368,0.348680741774
000852.SH,151841,151840,22463,151600,0.186767996089,0.0672984620412,5.52545293913,0.763337123542,0.152064659929,0.0460498540878,1.08558143824,0.346214207003
000852.SH,151992,151991,22614,151751,0.186767996089,0.0672984620412,5.51745289646,0.765747806739,0.152064659929,0.0460498540878,1.08889703288,0.348043695018
000852.SH,152216,152215,22703,151840,0.186767996089,0.0672984620412,5.51745289646,0.76590028165,0.152064659929,0.0460498540878,1.08224040645,0.347107194844
000852.SH,152398,152397,22703,151840,0.186767996089,0.0672984620412,5.51745289646,0.76590028165,0.152064659929,0.0460498540878,1.08224040645,0.347107194844
000852.SH,152522,152521,22703,151840,0.186767996089,0.0672984620412,5.51745289646,0.76590028165,0.152064659929,0.0460498540878,1.08224040645,0.347107194844
000852.SH,153538,153537,23238,153297,0.219928032929,0.0672984620412,5.54126354516,0.767988198871,0.168425601987,0.0460498540878,1.06892788289,0.346582283172
000852.SH,154112,154111,23571,153871,0.223326703722,0.0752352175302,5.54517744448,0.769578948153,0.16338673267,0.054372573958,1.08673555391,0.347917221112
000852.SH,155168,155167,24386,154927,0.223326703722,0.0672984620412,5.54517744448,0.768906558927,0.165366084525,0.0460498540878,1.06282213226,0.348840978889
000852.SH,157137,157136,26114,156896,0.234566129964,0.0616739116044,5.61858598169,0.769817929539,0.145998988595,0.0438874475463,1.11350900021,0.343363892931
000852.SH,157983,157982,26719,157742,0.251994497324,0.0616739116044,5.62040086572,0.770624638489,0.171646171438,0.0438874475463,1.12132904944,0.343111969991
000852.SH,159724,159723,28219,159483,0.234566129964,0.0615568862275,5.57972982599,0.779482733568,0.145998988595,0.0437139457226,1.11457720265,0.347798170791
000852.SH,160168,160167,28459,159723,0.234566129964,0.0615568862275,5.56834450376,0.77869610501,0.145998988595,0.0437139457226,1.121083036,0.349365427154
000852.SH,160693,160692,28706,160452,0.234566129964,0.0615568862275,5.56452040732,0.777923858938,0.145998988595,0.0437139457226,1.10340850673,0.349674699603
000852.SH,161895,161894,29667,161654,0.251994497324,0.0616739116044,5.60211882088,0.772354181298,0.171646171438,0.046938664397,1.12812410247,0.34711482762
000852.SH,163077,163076,30608,162836,0.251994497324,0.0616739116044,5.57215403218,0.771174649024,0.171646171438,0.046938664397,1.12673104283,0.345472514993
000852.SH,164710,164709,32000,164469,0.251994497324,0.0672984620412,5.57594910315,0.772299351604,0.171646171438,0.0453762303945,1.12938656435,0.343263215069
000852.SH,165787,165786,32836,165546,0.251994497324,0.0672984620412,5.54517744448,0.773425022628,0.171646171438,0.0451346595489,1.13245571515,0.344912586949
000852.SH,166983,166982,33791,166742,0.251994497324,0.0679507962239,5.57972982599,0.776522128445,0.171646171438,0.0463433810538,1.12509214034,0.344900047199
000852.SH,167229,167228,34031,166982,0.258128108123,0.0679507962239,5.5872486584,0.774759297023,0.180739862808,0.047017004747,1.13475348204,0.343826743335
000852.SH,167417,167416,34031,166982,0.258128108123,0.0679507962239,5.5872486584,0.774759297023,0.180739862808,0.047017004747,1.13475348204,0.343826743335
000852.SH,168260,168259,34398,168019,0.251994497324,0.0679507962239,5.60211882088,0.774968645575,0.171646171438,0.047017004747,1.12171921717,0.34489927867
000852.SH,169526,169525,35423,169285,0.251994497324,0.0692807957154,5.57594910315,0.774900828705,0.171838286042,0.0489888619931,1.14633132829,0.345140236395
000852.SH,169650,169649,35547,169409,0.251994497324,0.0692807957154,5.57215403218,0.774303463254,0.171838286042,0.0524558329512,1.14936367413,0.345245637953
000852.SH,169958,169957,35663,169525,0.251994497324,0.0692807957154,5.56834450376,0.773509755582,0.171838286042,0.0529333071101,1.15501168096,0.344689615203
000852.SH,170110,170109,35663,169525,0.251994497324,0.0692807957154,5.56834450376,0.773509755582,0.171838286042,0.0529333071101,1.15501168096,0.344689615203
000852.SH,170337,170336,35730,169957,0.251994497324,0.0692807957154,5.56834450376,0.774251741805,0.171838286042,0.0524558329512,1.15501168096,0.3457988023
000852.SH,170606,170605,35730,169957,0.251994497324,0.0692807957154,5.56834450376,0.774251741805,0.171838286042,0.0524558329512,1.15501168096,0.3457988023
000852.SH,171083,171082,35758,170605,0.251994497324,0.0692807957154,5.56834450376,0.774833446714,0.171838286042,0.0524558329512,1.15241290729,0.346426615473
000852.SH,172296,172295,36726,172055,0.251994497324,0.0708015999123,5.57594910315,0.772359119239,0.171646171438,0.0512436062955,1.13592707507,0.345761287103
000852.SH,173922,173921,38111,173681,0.251994497324,0.0708015999123,5.5568280617,0.776671480935,0.171646171438,0.0526564359377,1.13794131335,0.347458242297
000852.SH,174448,174447,38396,174207,0.251994497324,0.0708015999123,5.5490760849,0.777086622991,0.171646171438,0.0545716843469,1.14144192197,0.349253733189
000852.SH,174824,174823,38636,174447,0.247227956986,0.0708015999123,5.54126354516,0.779897097842,0.164579298732,0.0526564359377,1.13690941733,0.350748595337
000852.SH,176400,176399,799,176159,0.213775202993,0.0671798754838,6.60934924317,0.735085662956,1,1.38777878078e-17,0.394197904676,0.332196517833
000852.SH,177932,177931,2090,177691,0.213775202993,0.0671798754838,5.81711115996,0.756256569974,0.103269425501,0.00510891886858,1.30365821925,0.34487886205
000852.SH,178058,178057,2216,177817,0.213775202993,0.0671798754838,5.80211837538,0.757125026181,0.103269425501,0.00510891886858,1.23397550538,0.34245480928
000852.SH,178357,178356,2330,177931,0.213775202993,0.0671798754838,5.85650253834,0.734484097287,0.103269425501,0.00510891886858,1.14486338859,0.325240119203
000852.SH,179733,179732,3283,179492,0.227479783552,0.0706257940515,5.63835466933,0.736411105287,0.0829510143648,0.00518861584965,1.09788734535,0.332832454967
000852.SH,180068,180067,3523,179732,0.265104816682,0.0706257940515,5.64897423816,0.733721700468,0.0761012852558,0.00518861584965,1.04581981699,0.328845143382
000852.SH,180539,180538,3617,180067,0.265104816682,0.0706257940515,5.68017260902,0.750238530571,0.0761012852558,0.00518861584965,0.996984432855,0.343169688382
000852.SH,180660,180659,3728,180419,0.265104816682,0.0706257940515,5.71373280551,0.747875775168,0.189267086966,0.0635301812502,1.03255309697,0.337729069522
000852.SH,180817,180816,3847,180538,0.265104816682,0.0706257940515,5.7333412769,0.735653117664,0.189267086966,0.0635301812502,1.08140098393,0.331250552497
000852.SH,180985,180984,3847,180538,0.265104816682,0.0706257940515,5.7333412769,0.735653117664,0.189267086966,0.0635301812502,1.08140098393,0.331250552497
000852.SH,181518,181517,3899,181277,0.265104816682,0.0706257940515,5.72031177661,0.72886516734,0.189267086966,0.0635301812502,1.10242879349,0.328917829498
000852.SH,181604,181603,3985,181363,0.265104816682,0.0706257940515,5.69709348651,0.715984403846,0.157168556667,0.0778974718046,1.06935705093,0.330983178405
000852.SH,181713,181712,4094,181472,0.265104816682,0.0741254674966,5.66296048014,0.70503437629,0.139548848638,0.0830860876542,1.11240307426,0.333990921093
000852.SH,182221,182220,4166,181980,0.265104816682,0.0741254674966,5.63657213625,0.694538143585,0.189267086966,0.0830860876542,1.14017527296,0.334580784197
000852.SH,182865,182864,4569,182624,0.265104816682,0.0741254674966,5.5568280617,0.678255198092,0.139548848638,0.0878325400205,1.14061802643,0.34309602436
000852.SH,183456,183455,4919,183215,0.279916786594,0.0741254674966,5.52942908751,0.650034641851,0.161509075229,0.0901368569811,1.1133833057,0.354180260346
000852.SH,183576,183575,5039,183335,0.279916786594,0.112421929216,5.53338948873,0.647546970879,0.161509075229,0.0670758688632,1.07381470981,0.368376123726
000852.SH,183951,183950,5159,183455,0.279916786594,0.112421929216,5.54126354516,0.66200750326,0.161509075229,0.0670758688632,1.06781023912,0.369848672103
000852.SH,184184,184183,5286,183943,0.279916786594,0.113476314253,5.57594910315,0.674278860063,0.167306860375,0.0686391001188,1.0276600099,0.379560233986
000852.SH,184450,184449,5293,183950,0.279916786594,0.113476314253,5.57594910315,0.675533621519,0.167306860375,0.0686391001188,1.02203343768,0.377916664044
000852.SH,184487,184486,5293,183950,0.279916786594,0.113476314253,5.57594910315,0.675533621519,0.167306860375,0.0686391001188,1.02203343768,0.377916664044
000852.SH,184531,184530,5293,183950,0.279916786594,0.113476314253,5.57594910315,0.675533621519,0.167306860375,0.0686391001188,1.02203343768,0.377916664044
000852.SH,184639,184638,5293,183950,0.279916786594,0.113476314253,5.57594910315,0.675533621519,0.167306860375,0.0686391001188,1.02203343768,0.377916664044
000852.SH,185452,185451,5650,185211,0.28342947623,0.133367704122,5.51342874616,0.675813539116,0.16209894672,0.0878325400205,0.980589389777,0.36266505788
000852.SH,186088,186087,6045,185847,0.28342947623,0.133367704122,5.51745289646,0.700506750318,0.16209894672,0.0878325400205,0.954430310847,0.372180967145
000852.SH,186212,186211,6169,185971,0.28342947623,0.119515389653,5.50938833663,0.704261736025,0.16209894672,0.0724837144386,0.928977017458,0.369570923479
000852.SH,186413,186412,6285,186087,0.324779324023,0.116434143657,5.52942908751,0.694134890839,0.16457470984,0.0684909909733,0.901862565244,0.366639256828
000852.SH,187698,187697,7089,187457,0.28342947623,0.112421929216,5.46383180503,0.694079176406,0.199829544859,0.0670758688632,0.930405478885,0.354258837666
000852.SH,187788,187787,7179,187547,0.28342947623,0.102022963368,5.44673737167,0.685714562912,0.199829544859,0.064787177549,0.942164929292,0.358979117784
000852.SH,187847,187846,7238,187606,0.28342947623,0.0915222700314,5.43807930892,0.681735321093,0.201067642538,0.0803555054898,0.958382446416,0.361615446668
000852.SH,187932,187931,7323,187691,0.28342947623,0.0761398348229,5.42495001748,0.68715538373,0.201067642538,0.0871503559831,0.957502405031,0.361038009397
000852.SH,188035,188034,7329,187697,0.28342947623,0.0761398348229,5.42053499927,0.686474496349,0.201067642538,0.0871503559831,0.957126664467,0.360814668376
000852.SH,188147,188146,7329,187697,0.28342947623,0.0761398348229,5.42053499927,0.686474496349,0.201067642538,0.0871503559831,0.957126664467,0.360814668376
000852.SH,188242,188241,7329,187697,0.28342947623,0.0761398348229,5.42053499927,0.686474496349,0.201067642538,0.0871503559831,0.957126664467,0.360814668376
000852.SH,188461,188460,7329,187697,0.28342947623,0.0761398348229,5.42053499927,0.686474496349,0.201067642538,0.0871503559831,0.957126664467,0.360814668376
000852.SH,188778,188777,7329,187697,0.28342947623,0.0761398348229,5.42053499927,0.686474496349,0.201067642538,0.0871503559831,0.957126664467,0.360814668376
000852.SH,189572,189571,7718,189331,0.28342947623,0.112421929216,5.38449506279,0.679041338274,0.199829544859,0.0670758688632,0.961601252348,0.371046885438
000852.SH,189766,189765,7912,189525,0.300828392357,0.113476314253,5.4161004022,0.667672475617,0.174033911808,0.0686391001188,0.939424364419,0.360710869999
000852.SH,190412,190411,8123,190171,0.28342947623,0.113476314253,5.39816270152,0.667472657993,0.16209894672,0.0686391001188,0.955643203936,0.360305986782
000852.SH,191694,191693,9164,191453,0.28342947623,0.0915222700314,5.31811999384,0.659082977999,0.166716988884,0.0749143384491,1.01671826282,0.336363236038
000852.SH,191858,191857,9328,191617,0.28342947623,0.0761398348229,5.29330482472,0.667892039965,0.18130609988,0.0828486812725,1.03879347899,0.336029259219
000852.SH,191925,191924,9395,191684,0.28342947623,0.0741254674966,5.28320372874,0.670640930988,0.18130609988,0.0858351822705,1.04635634845,0.336477553584
000852.SH,191976,191975,9404,191693,0.28342947623,0.0741254674966,5.27811465923,0.670829227999,0.18130609988,0.0858351822705,1.04645113597,0.336918845937
000852.SH,192439,192438,9404,191693,0.28342947623,0.0741254674966,5.27811465923,0.670829227999,0.18130609988,0.0858351822705,1.04645113597,0.336918845937
000852.SH,192893,192892,9626,192438,0.28342947623,0.0915222700314,5.29330482472,0.673198776785,0.18130609988,0.0749143384491,1.03509160441,0.334370008721
000852.SH,193472,193471,9937,193231,0.28342947623,0.100986457114,5.27299955856,0.679835117635,0.199829544859,0.0665867604986,1.0352826488,0.333774297976
000852.SH,194322,194321,10546,194081,0.28342947623,0.0983764783843,5.22574667371,0.680831398285,0.201067642538,0.0704563149636,1.0939107164,0.338916638234
000852.SH,194413,194412,10637,194172,0.28342947623,0.0915222700314,5.23644196283,0.686038824838,0.201067642538,0.0803555054898,1.08186030133,0.343224083217
000852.SH,194518,194517,10742,194277,0.28342947623,0.0983764783843,5.22842764528,0.68550433467,0.201067642538,0.0704563149636,1.09527843683,0.339689420002
000852.SH,195681,195680,11468,195440,0.287167157815,0.113476314253,5.32300997914,0.691963179761,0.178037040552,0.0686391001188,1.11881779492,0.338534395091
000852.SH,197772,197771,13318,197531,0.28342947623,0.0741254674966,5.37989735354,0.710734578707,0.183578527271,0.0672436132823,1.07803631701,0.354162186726
000852.SH,198024,198023,13558,197771,0.28342947623,0.0741254674966,5.35658627467,0.71088257744,0.18130609988,0.0672436132823,1.08594312151,0.352271597775
000852.SH,198337,198336,13569,198023,0.28342947623,0.0741254674966,5.36129216571,0.711600206231,0.18130609988,0.0672436132823,1.08901773138,0.353108759019
000852.SH,198617,198616,13641,198336,0.28342947623,0.0741254674966,5.35185813348,0.709617660943,0.18130609988,0.0672436132823,1.09228719042,0.352090244467
000852.SH,198686,198685,13641,198336,0.28342947623,0.0741254674966,5.35185813348,0.709617660943,0.18130609988,0.0672436132823,1.09228719042,0.352090244467
000852.SH,198839,198838,13662,198598,0.28342947623,0.0741254674966,5.35422220407,0.710595978016,0.18130609988,0.0672436132823,1.08944809258,0.353067575611
000852.SH,198908,198907,13680,198616,0.28342947623,0.0741254674966,5.35658627467,0.711719197484,0.18130609988,0.0672436132823,1.08469011785,0.354018503149
000852.SH,199323,199322,13680,198616,0.28342947623,0.0741254674966,5.35658627467,0.711719197484,0.18130609988,0.0672436132823,1.08469011785,0.354018503149
000852.SH,199351,199350,13680,198616,0.28342947623,0.0741254674966,5.35658627467,0.711719197484,0.18130609988,0.0672436132823,1.08469011785,0.354018503149
000852.SH,199368,199367,13680,198616,0.28342947623,0.0741254674966,5.35658627467,0.711719197484,0.18130609988,0.0672436132823,1.08469011785,0.354018503149
000852.SH,199583,199582,13854,199322,0.28342947623,0.0741254674966,5.34710753072,0.708432097499,0.18130609988,0.0672436132823,1.08987613148,0.348042084165
000852.SH,200258,200257,14048,200017,0.279916786594,0.0741254674966,5.36597601502,0.707868331248,0.195859728883,0.0672436132823,1.0787305012,0.344664997269
000852.SH,200562,200561,14288,200257,0.279916786594,0.0706257940515,5.37527840768,0.706851332476,0.195859728883,0.0724322291319,1.09793856928,0.341042585489
000852.SH,200816,200815,14351,200561,0.279916786594,0.0706257940515,5.37989735354,0.706899097444,0.195859728883,0.0724322291319,1.09046186929,0.339702247111
000852.SH,201042,201041,14351,200561,0.279916786594,0.0706257940515,5.37989735354,0.706899097444,0.195859728883,0.0724322291319,1.09046186929,0.339702247111
000852.SH,201337,201336,14364,200815,0.279916786594,0.0706257940515,5.37989735354,0.707868331248,0.195859728883,0.0724322291319,1.09046186929,0.340426075427
000852.SH,201534,201533,14375,201293,0.279916786594,0.0706257940515,5.37989735354,0.70819277959,0.195859728883,0.0724322291319,1.08790938346,0.340842924372
000852.SH,201580,201579,14418,201336,0.279916786594,0.0706257940515,5.37527840768,0.709470112711,0.195859728883,0.0724322291319,1.08818269897,0.342139479926
000852.SH,201621,201620,14418,201336,0.279916786594,0.0706257940515,5.37527840768,0.709470112711,0.195859728883,0.0724322291319,1.08818269897,0.342139479926
000852.SH,201704,201703,14418,201336,0.279916786594,0.0706257940515,5.37527840768,0.709470112711,0.195859728883,0.0724322291319,1.08818269897,0.342139479926
000852.SH,201784,201783,14418,201336,0.279916786594,0.0706257940515,5.37527840768,0.709470112711,0.195859728883,0.0724322291319,1.08818269897,0.342139479926
000852.SH,201879,201878,14418,201336,0.279916786594,0.0706257940515,5.37527840768,0.709470112711,0.195859728883,0.0724322291319,1.08818269897,0.342139479926
000852.SH,202002,202001,14418,201336,0.279916786594,0.0706257940515,5.37527840768,0.709470112711,0.195859728883,0.0724322291319,1.08818269897,0.342139479926
000852.SH,202114,202113,14418,201336,0.279916786594,0.0706257940515,5.37527840768,0.709470112711,0.195859728883,0.0724322291319,1.08818269897,0.342139479926
000852.SH,202377,202376,14418,201336,0.279916786594,0.0706257940515,5.37527840768,0.709470112711,0.195859728883,0.0724322291319,1.08818269897,0.342139479926
000852.SH,202537,202536,14418,201336,0.279916786594,0.0706257940515,5.37527840768,0.709470112711,0.195859728883,0.0724322291319,1.08818269897,0.342139479926
000852.SH,204151,204150,15573,203910,0.28342947623,0.0741254674966,5.29330482472,0.708334828284,0.166229597313,0.0672436132823,1.11447114545,0.347102446377
000852.SH,204696,204695,15877,204455,0.28342947623,0.076785234298,5.28826703069,0.715752077616,0.166229597313,0.0633002430225,1.11842273951,0.352587703619
000852.SH,204724,204723,15905,204483,0.28342947623,0.076785234298,5.28826703069,0.715869461131,0.166229597313,0.0633002430225,1.12035269116,0.351663300792
000852.SH,204793,204792,15974,204552,0.28342947623,0.076785234298,5.27811465923,0.713062356711,0.166229597313,0.0633002430225,1.12132904944,0.348477893589
000852.SH,204824,204823,16005,204583,0.28342947623,0.076785234298,5.27811465923,0.712084696973,0.166229597313,0.0633002430225,1.11932083866,0.347445627795
000852.SH,204848,204847,16029,204607,0.28342947623,0.0776409737449,5.27811465923,0.711074350209,0.166229597313,0.062429546325,1.11576117309,0.346362559945
000852.SH,204903,204902,16084,204662,0.28342947623,0.0776409737449,5.28320372874,0.712699963032,0.166229597313,0.062429546325,1.11177578421,0.346786889564
000852.SH,204939,204938,16117,204695,0.279916786594,0.0778640319925,5.28320372874,0.713712439066,0.167306860375,0.0627602524829,1.10821611864,0.348290575398
000852.SH,205021,205020,16117,204695,0.279916786594,0.0778640319925,5.28320372874,0.713712439066,0.167306860375,0.0627602524829,1.10821611864,0.348290575398
000852.SH,205122,205121,16117,204695,0.279916786594,0.0778640319925,5.28320372874,0.713712439066,0.167306860375,0.0627602524829,1.10821611864,0.348290575398
000852.SH,205483,205482,16117,204695,0.279916786594,0.0778640319925,5.28320372874,0.713712439066,0.167306860375,0.0627602524829,1.10821611864,0.348290575398
000852.SH,205679,205678,16193,205438,0.28342947623,0.0778640319925,5.29330482472,0.716209570763,0.166229597313,0.0627602524829,1.09627585365,0.35056576781
000852.SH,206641,206640,16718,206400,0.28342947623,0.0843100707825,5.32300997914,0.720950119156,0.16209894672,0.071899507804,1.07393939758,0.350372684177
000852.SH,206854,206853,16931,206613,0.286079103132,0.0903638838809,5.3375380797,0.720395531733,0.158170609876,0.0662582011916,1.08580863922,0.349451581644
000852.SH,207052,207051,16958,206640,0.286079103132,0.0903638838809,5.3375380797,0.721331887527,0.158170609876,0.0662582011916,1.08580863922,0.350158259623
000852.SH,207111,207110,16958,206640,0.286079103132,0.0903638838809,5.3375380797,0.721331887527,0.158170609876,0.0662582011916,1.08580863922,0.350158259623
000852.SH,207375,207374,16958,206640,0.286079103132,0.0903638838809,5.3375380797,0.721331887527,0.158170609876,0.0662582011916,1.08580863922,0.350158259623
000852.SH,208100,208099,17225,207859,0.286079103132,0.0903638838809,5.33271879327,0.72018217267,0.1549714654,0.0667359956973,1.07696716687,0.352195473687
000852.SH,209503,209502,18387,209262,0.286079103132,0.0903638838809,5.31320597904,0.730813211388,0.1549714654,0.0667359956973,1.07792245041,0.352237938222
000852.SH,209547,209546,18431,209306,0.286079103132,0.0903638838809,5.3082676974,0.72995765505,0.158170609876,0.0667359956973,1.07816708369,0.35108494359
000852.SH,209599,209598,18483,209358,0.286079103132,0.0903638838809,5.30330490806,0.728754715704,0.158170609876,0.0667359956973,1.08197377575,0.350561486627
000852.SH,209970,209969,18627,209502,0.286079103132,0.0903638838809,5.29330482472,0.731712970069,0.158170609876,0.0667359956973,1.08250966819,0.352373203963
000852.SH,210083,210082,18630,209842,0.286079103132,0.0903638838809,5.29330482472,0.731500614753,0.158170609876,0.0667359956973,1.08250966819,0.352217215175
000852.SH,210178,210177,18725,209937,0.286079103132,0.0903638838809,5.28826703069,0.730070368027,0.158170609876,0.0667359956973,1.09356419309,0.351996879258
000852.SH,210604,210603,18757,209969,0.286079103132,0.0903638838809,5.28320372874,0.730813211388,0.158170609876,0.0667359956973,1.09698900403,0.352969832305
000852.SH,210888,210887,18942,210603,0.286079103132,0.0903638838809,5.28320372874,0.730281148501,0.158170609876,0.0667359956973,1.09698900403,0.350443580073
000852.SH,211057,211056,18942,210603,0.286079103132,0.0903638838809,5.28320372874,0.730281148501,0.158170609876,0.0667359956973,1.09698900403,0.350443580073
000852.SH,211415,211414,18985,210887,0.286079103132,0.0903638838809,5.28320372874,0.729601942152,0.158170609876,0.0667359956973,1.09698900403,0.350917929438
000852.SH,211535,211534,18985,210887,0.286079103132,0.0903638838809,5.28320372874,0.729601942152,0.158170609876,0.0667359956973,1.09698900403,0.350917929438
000852.SH,211890,211889,19102,211414,0.286079103132,0.0903638838809,5.27811465923,0.72927683717,0.158170609876,0.0667359956973,1.10143642397,0.352020564833
000852.SH,212277,212276,19216,211889,0.286079103132,0.0903638838809,5.27811465923,0.731204733798,0.158170609876,0.0667359956973,1.09783350604,0.353774817149
000852.SH,212339,212338,19216,211889,0.286079103132,0.0903638838809,5.27811465923,0.731204733798,0.158170609876,0.0667359956973,1.09783350604,0.353774817149
000852.SH,212465,212464,19310,212224,0.286079103132,0.0903638838809,5.27299955856,0.729257645133,0.158170609876,0.0667359956973,1.09818494482,0.351997647513
000852.SH,212836,212835,19362,212276,0.286079103132,0.0903638838809,5.26785815906,0.728164725558,0.158170609876,0.0667359956973,1.10217820614,0.350937114298
000852.SH,213874,213873,20049,213633,0.28342947623,0.0866446687732,5.23110861685,0.728008704524,0.166229597313,0.0696306976045,1.13448625863,0.351403573655
000852.SH,214647,214646,20581,214406,0.286079103132,0.0866446687732,5.24702407216,0.72995765505,0.170645325728,0.0696306976045,1.09143758502,0.352351063921
000852.SH,214831,214830,20765,214590,0.286079103132,0.0866446687732,5.25749537203,0.732440107772,0.170645325728,0.0711329142425,1.09926070817,0.353782324581
000852.SH,214993,214992,20821,214646,0.286079103132,0.0866446687732,5.25227342805,0.732007953522,0.170645325728,0.0696306976045,1.0996266277,0.353517274764
000852.SH,215216,215215,20821,214646,0.286079103132,0.0866446687732,5.25227342805,0.732007953522,0.170645325728,0.0696306976045,1.0996266277,0.353517274764
000852.SH,215460,215459,20821,214646,0.286079103132,0.0866446687732,5.25227342805,0.732007953522,0.170645325728,0.0696306976045,1.0996266277,0.353517274764
000852.SH,215667,215666,20821,214646,0.286079103132,0.0866446687732,5.25227342805,0.732007953522,0.170645325728,0.0696306976045,1.0996266277,0.353517274764
000852.SH,215748,215747,20824,215459,0.286079103132,0.0866446687732,5.25227342805,0.73203587847,0.170645325728,0.0696306976045,1.10147295493,0.353554271457
000852.SH,215807,215806,20824,215459,0.286079103132,0.0866446687732,5.25227342805,0.73203587847,0.170645325728,0.0696306976045,1.10147295493,0.353554271457
000852.SH,215925,215924,20824,215459,0.286079103132,0.0866446687732,5.25227342805,0.73203587847,0.170645325728,0.0696306976045,1.10147295493,0.353554271457
000852.SH,215962,215961,20824,215459,0.286079103132,0.0866446687732,5.25227342805,0.73203587847,0.170645325728,0.0696306976045,1.10147295493,0.353554271457
000852.SH,216036,216035,20824,215459,0.286079103132,0.0866446687732,5.25227342805,0.73203587847,0.170645325728,0.0696306976045,1.10147295493,0.353554271457
000852.SH,216187,216186,20824,215459,0.286079103132,0.0866446687732,5.25227342805,0.73203587847,0.170645325728,0.0696306976045,1.10147295493,0.353554271457
000852.SH,216295,216294,20824,215459,0.286079103132,0.0866446687732,5.25227342805,0.73203587847,0.170645325728,0.0696306976045,1.10147295493,0.353554271457
000852.SH,217151,217150,21199,216910,0.28342947623,0.0843100707825,5.22035582508,0.728397354625,0.18130609988,0.0707354894388,1.11854416954,0.353114763921
000852.SH,217204,217203,21252,216963,0.28342947623,0.0843100707825,5.22035582508,0.729375988598,0.18130609988,0.0707354894388,1.11854416954,0.353907417886
000852.SH,217353,217352,21401,217112,0.28342947623,0.0843100707825,5.20400668708,0.731274290154,0.18130609988,0.0707354894388,1.12994884116,0.353118383989
000852.SH,217860,217859,21465,217619,0.28342947623,0.0843100707825,5.20400668708,0.732022352586,0.18130609988,0.0707354894388,1.12994884116,0.354306143684
000852.SH,218331,218330,21705,217859,0.28342947623,0.0778640319925,5.20400668708,0.731712970069,0.182683633126,0.0682231061544,1.12232620227,0.352335640558
000852.SH,218868,218867,21991,218627,0.28342947623,0.0843100707825,5.20400668708,0.735068555573,0.182683633126,0.0707354894388,1.11466416971,0.354037502318
000852.SH,219003,219002,22126,218762,0.28342947623,0.0843100707825,5.21493575761,0.73612296538,0.182683633126,0.0707354894388,1.10993898062,0.352780020292
000852.SH,219310,219309,22231,218867,0.279916786594,0.0843100707825,5.21493575761,0.736480557078,0.176098186225,0.0707354894388,1.11050837751,0.352504671293
000852.SH,219536,219535,22283,219295,0.279916786594,0.0843100707825,5.20948615284,0.736400628439,0.176098186225,0.0707354894388,1.11956886878,0.352733672815
000852.SH,219680,219679,22297,219309,0.279916786594,0.0843100707825,5.20948615284,0.736668348806,0.176098186225,0.0707354894388,1.11956886878,0.352959867083
000852.SH,219771,219770,22297,219309,0.279916786594,0.0843100707825,5.20948615284,0.736668348806,0.176098186225,0.0707354894388,1.11956886878,0.352959867083
000852.SH,219809,219808,22297,219309,0.279916786594,0.0843100707825,5.20948615284,0.736668348806,0.176098186225,0.0707354894388,1.11956886878,0.352959867083
000852.SH,219858,219857,22297,219309,0.279916786594,0.0843100707825,5.20948615284,0.736668348806,0.176098186225,0.0707354894388,1.11956886878,0.352959867083
000852.SH,220030,220029,22297,219309,0.279916786594,0.0843100707825,5.20948615284,0.736668348806,0.176098186225,0.0707354894388,1.11956886878,0.352959867083
000852.SH,220066,220065,22297,219309,0.279916786594,0.0843100707825,5.20948615284,0.736668348806,0.176098186225,0.0707354894388,1.11956886878,0.352959867083
000852.SH,220177,220176,22297,219309,0.279916786594,0.0843100707825,5.20948615284,0.736668348806,0.176098186225,0.0707354894388,1.11956886878,0.352959867083
000852.SH,220259,220258,22297,219309,0.279916786594,0.0843100707825,5.20948615284,0.736668348806,0.176098186225,0.0707354894388,1.11956886878,0.352959867083
000852.SH,220300,220299,22297,219309,0.279916786594,0.0843100707825,5.20948615284,0.736668348806,0.176098186225,0.0707354894388,1.11956886878,0.352959867083
000852.SH,220398,220397,22297,219309,0.279916786594,0.0843100707825,5.20948615284,0.736668348806,0.176098186225,0.0707354894388,1.11956886878,0.352959867083
000852.SH,220482,220481,22297,219309,0.279916786594,0.0843100707825,5.20948615284,0.736668348806,0.176098186225,0.0707354894388,1.11956886878,0.352959867083
000852.SH,220509,220508,22297,219309,0.279916786594,0.0843100707825,5.20948615284,0.736668348806,0.176098186225,0.0707354894388,1.11956886878,0.352959867083
000852.SH,220633,220632,22297,219309,0.279916786594,0.0843100707825,5.20948615284,0.736668348806,0.176098186225,0.0707354894388,1.11956886878,0.352959867083
000852.SH,220768,220767,22297,219309,0.279916786594,0.0843100707825,5.20948615284,0.736668348806,0.176098186225,0.0707354894388,1.11956886878,0.352959867083
000852.SH,220839,220838,22297,219309,0.279916786594,0.0843100707825,5.20948615284,0.736668348806,0.176098186225,0.0707354894388,1.11956886878,0.352959867083
000852.SH,220878,220877,22297,219309,0.279916786594,0.0843100707825,5.20948615284,0.736668348806,0.176098186225,0.0707354894388,1.11956886878,0.352959867083
000852.SH,220933,220932,22297,219309,0.279916786594,0.0843100707825,5.20948615284,0.736668348806,0.176098186225,0.0707354894388,1.11956886878,0.352959867083
000852.SH,220964,220963,22297,219309,0.279916786594,0.0843100707825,5.20948615284,0.736668348806,0.176098186225,0.0707354894388,1.11956886878,0.352959867083
000852.SH,221138,221137,22297,219309,0.279916786594,0.0843100707825,5.20948615284,0.736668348806,0.176098186225,0.0707354894388,1.11956886878,0.352959867083
000852.SH,221243,221242,22297,219309,0.279916786594,0.0843100707825,5.20948615284,0.736668348806,0.176098186225,0.0707354894388,1.11956886878,0.352959867083
000852.SH,221457,221456,22297,219309,0.279916786594,0.0843100707825,5.20948615284,0.736668348806,0.176098186225,0.0707354894388,1.11956886878,0.352959867083
000852.SH,221660,221659,22297,219309,0.279916786594,0.0843100707825,5.20948615284,0.736668348806,0.176098186225,0.0707354894388,1.11956886878,0.352959867083
000852.SH,221749,221748,22297,219309,0.279916786594,0.0843100707825,5.20948615284,0.736668348806,0.176098186225,0.0707354894388,1.11956886878,0.352959867083
000852.SH,221918,221917,22297,219309,0.279916786594,0.0843100707825,5.20948615284,0.736668348806,0.176098186225,0.0707354894388,1.11956886878,0.352959867083
000852.SH,223123,223122,23021,222882,0.279916786594,0.0868031944335,5.15905529921,0.732504777546,0.177475719471,0.0708978840986,1.15417579104,0.355202348841
000852.SH,223234,223233,23132,222993,0.279916786594,0.0868031944335,5.1532915945,0.733690320845,0.177475719471,0.0708978840986,1.16212673193,0.355502350555
000852.SH,223292,223291,23190,223051,0.28342947623,0.0903638838809,5.14749447681,0.732917970562,0.182683633126,0.0667359956973,1.1673988231,0.355555276342
000852.SH,223704,223703,23261,223122,0.28342947623,0.0903638838809,5.1416635565,0.731803240911,0.183578527271,0.0667359956973,1.16377388242,0.354570479307
000852.SH,223857,223856,23345,223616,0.28342947623,0.0903638838809,5.1416635565,0.730689869672,0.183578527271,0.0667359956973,1.16423013723,0.353471728699
000852.SH,223962,223961,23432,223703,0.28342947623,0.0903638838809,5.13579843705,0.730373483074,0.184620640895,0.0667359956973,1.17420884433,0.353014089159
000852.SH,224232,224231,23432,223703,0.28342947623,0.0903638838809,5.13579843705,0.730373483074,0.184620640895,0.0667359956973,1.17420884433,0.353014089159
000852.SH,224642,224641,23461,224231,0.28342947623,0.0903638838809,5.13579843705,0.730842458917,0.184620640895,0.0667359956973,1.17420884433,0.353566507251
000852.SH,224747,224746,23495,224506,0.28342947623,0.0903638838809,5.12989871492,0.730570237259,0.184620640895,0.0667359956973,1.1777138105,0.353117491604
000852.SH,224812,224811,23560,224571,0.28342947623,0.0903638838809,5.12989871492,0.73068427875,0.186445797541,0.0667359956973,1.18167269136,0.352488996875
000852.SH,224876,224875,23624,224635,0.28342947623,0.0903638838809,5.1239639794,0.731864604511,0.188004319186,0.0667359956973,1.17604374555,0.353623377387
000852.SH,224940,224939,23630,224641,0.28342947623,0.0903638838809,5.1239639794,0.731947302726,0.188004319186,0.0667359956973,1.17604374555,0.353595749027
000852.SH,225137,225136,23630,224641,0.28342947623,0.0903638838809,5.1239639794,0.731947302726,0.188004319186,0.0667359956973,1.17604374555,0.353595749027
000852.SH,225524,225523,23630,224641,0.28342947623,0.0903638838809,5.1239639794,0.731947302726,0.188004319186,0.0667359956973,1.17604374555,0.353595749027
000852.SH,225629,225628,23641,225388,0.28342947623,0.0903638838809,5.1239639794,0.732141228997,0.188004319186,0.0667359956973,1.17604374555,0.353426631124
000852.SH,225765,225764,23776,225523,0.279916786594,0.0866446687732,5.11799381242,0.731694313491,0.189554693928,0.0715335801474,1.17540947817,0.351248572686
000852.SH,225977,225976,23776,225523,0.279916786594,0.0866446687732,5.11799381242,0.731694313491,0.189554693928,0.0715335801474,1.17540947817,0.351248572686
000852.SH,226272,226271,23776,225523,0.279916786594,0.0866446687732,5.11799381242,0.731694313491,0.189554693928,0.0715335801474,1.17540947817,0.351248572686
000852.SH,226408,226407,23776,225523,0.279916786594,0.0866446687732,5.11799381242,0.731694313491,0.189554693928,0.0715335801474,1.17540947817,0.351248572686
000852.SH,226484,226483,23802,226243,0.279916786594,0.0868031944335,5.11799381242,0.731167486641,0.189554693928,0.0713408590245,1.17540947817,0.350670148292
000852.SH,226992,226991,23857,226751,0.279916786594,0.0868031944335,5.11198778836,0.732246714606,0.189554693928,0.0713408590245,1.17792521789,0.35211832765
000852.SH,227515,227514,24139,227274,0.279916786594,0.0903638838809,5.09986642782,0.72995947961,0.189554693928,0.0667359956973,1.18205835827,0.351275257746
000852.SH,227660,227659,24284,227419,0.279916786594,0.0903638838809,5.09375020081,0.730147984922,0.189554693928,0.0667359956973,1.19095888027,0.349905932415
000852.SH,227721,227720,24345,227480,0.279916786594,0.0903638838809,5.08759633523,0.730333382134,0.189554693928,0.0667359956973,1.19617131547,0.35032782689
000852.SH,227829,227828,24379,227514,0.279916786594,0.0903638838809,5.08759633523,0.730842458917,0.189554693928,0.0667359956973,1.20024999754,0.350922982662
000852.SH,228041,228040,24379,227514,0.279916786594,0.0903638838809,5.08759633523,0.730842458917,0.189554693928,0.0667359956973,1.20024999754,0.350922982662
000852.SH,228219,228218,24379,227514,0.279916786594,0.0903638838809,5.08759633523,0.730842458917,0.189554693928,0.0667359956973,1.20024999754,0.350922982662
000852.SH,228499,228498,24379,227514,0.279916786594,0.0903638838809,5.08759633523,0.730842458917,0.189554693928,0.0667359956973,1.20024999754,0.350922982662
000852.SH,228662,228661,24379,227514,0.279916786594,0.0903638838809,5.08759633523,0.730842458917,0.189554693928,0.0667359956973,1.20024999754,0.350922982662
000852.SH,228758,228757,24418,228498,0.279916786594,0.0903638838809,5.08759633523,0.730795609491,0.189554693928,0.0667359956973,1.20024999754,0.350468710084
000852.SH,228905,228904,24418,228498,0.279916786594,0.0903638838809,5.08759633523,0.730795609491,0.189554693928,0.0667359956973,1.20024999754,0.350468710084
000852.SH,229128,229127,24418,228498,0.279916786594,0.0903638838809,5.08759633523,0.730795609491,0.189554693928,0.0667359956973,1.20024999754,0.350468710084
000852.SH,229186,229185,24418,228498,0.279916786594,0.0903638838809,5.08759633523,0.730795609491,0.189554693928,0.0667359956973,1.20024999754,0.350468710084
000852.SH,229310,229309,24418,228498,0.279916786594,0.0903638838809,5.08759633523,0.730795609491,0.189554693928,0.0667359956973,1.20024999754,0.350468710084
000852.SH,229490,229489,24418,228498,0.279916786594,0.0903638838809,5.08759633523,0.730795609491,0.189554693928,0.0667359956973,1.20024999754,0.350468710084
000852.SH,229833,229832,24418,228498,0.279916786594,0.0903638838809,5.08759633523,0.730795609491,0.189554693928,0.0667359956973,1.20024999754,0.350468710084
000852.SH,229903,229902,24418,228498,0.279916786594,0.0903638838809,5.08759633523,0.730795609491,0.189554693928,0.0667359956973,1.20024999754,0.350468710084
000852.SH,230008,230007,24455,229767,0.279916786594,0.0903638838809,5.08140436498,0.730677669207,0.189554693928,0.0667359956973,1.1971603495,0.350010701135
000852.SH,230091,230090,24520,229832,0.279916786594,0.0903638838809,5.08140436498,0.729859493134,0.189554693928,0.0667359956973,1.19310492347,0.349186312323
000852.SH,230122,230121,24520,229832,0.279916786594,0.0903638838809,5.08140436498,0.729859493134,0.189554693928,0.0667359956973,1.19310492347,0.349186312323
000852.SH,230186,230185,24520,229832,0.279916786594,0.0903638838809,5.08140436498,0.729859493134,0.189554693928,0.0667359956973,1.19310492347,0.349186312323
000852.SH,230303,230302,24520,229832,0.279916786594,0.0903638838809,5.08140436498,0.729859493134,0.189554693928,0.0667359956973,1.19310492347,0.349186312323
000852.SH,231392,231391,25128,231151,0.28342947623,0.0903638838809,5.06890420222,0.730052639004,0.184620640895,0.0667359956973,1.19917369985,0.350165168828
000852.SH,231763,231762,25368,231391,0.28342947623,0.0903638838809,5.06890420222,0.733482230925,0.183578527271,0.0667359956973,1.19530818451,0.352436961855
000852.SH,231907,231906,25402,231666,0.28342947623,0.0903638838809,5.06890420222,0.733482230925,0.183578527271,0.0667359956973,1.19530818451,0.352240371297
000852.SH,232010,232009,25498,231762,0.28342947623,0.0903638838809,5.06259503303,0.733693831629,0.183578527271,0.0667359956973,1.20019843871,0.35088003781
000852.SH,232069,232068,25498,231762,0.28342947623,0.0903638838809,5.06259503303,0.733693831629,0.183578527271,0.0667359956973,1.20019843871,0.35088003781
000852.SH,232242,232241,25498,231762,0.28342947623,0.0903638838809,5.06259503303,0.733693831629,0.183578527271,0.0667359956973,1.20019843871,0.35088003781
000852.SH,232548,232547,25498,231762,0.28342947623,0.0903638838809,5.06259503303,0.733693831629,0.183578527271,0.0667359956973,1.20019843871,0.35088003781
000852.SH,232645,232644,25498,231762,0.28342947623,0.0903638838809,5.06259503303,0.733693831629,0.183578527271,0.0667359956973,1.20019843871,0.35088003781
000852.SH,232966,232965,25563,232547,0.28342947623,0.0903638838809,5.05624580535,0.734927581396,0.182683633126,0.0667359956973,1.2012355102,0.351980652384
000852.SH,233514,233513,25710,233273,0.28342947623,0.0903638838809,5.04985600725,0.733247562459,0.182683633126,0.0667359956973,1.20943021263,0.352440316027
000852.SH,233961,233960,0,-1,,,,,,,,
000852.SH,234115,234114,120,233874,0.484155867048,0.206850759677,5.57783946457,0.740148096819,1.11022302463e-16,8.32667268469e-17,0.167924946425,0.244069092148
000852.SH,234193,234192,198,233952,0.484155867048,0.206850759677,5.67503853472,0.791603668618,0.097814020868,0.0460199598819,0.250717208759,0.247055100019
000852.SH,235131,235130,663,234890,0.361811363897,0.164780275254,5.97126183979,0.589629115205,0.0776947300686,0.0336141660394,0.435942774332,0.30886540749
000852.SH,236254,236253,1545,236013,0.361811363897,0.164780275254,5.60211882088,0.740108888944,0.181387960372,0.0623737002053,1.27086499032,0.310803830052
000852.SH,237488,237487,2538,237247,0.204561641718,0.095056506968,5.10290595086,0.757690181095,0.200512007989,0.0945277403545,1.25492129896,0.30324589177
000852.SH,237575,237574,2625,237334,0.281581916794,0.095056506968,5.1532915945,0.767484077422,0.163646386814,0.0945277403545,1.18985436597,0.312493849127
000852.SH,237779,237778,2778,237487,0.286206279273,0.125133820696,5.23909448894,0.760809912455,0.170502466625,0.0587798335279,1.20534591254,0.310302004525
000852.SH,238002,238001,2778,237487,0.286206279273,0.125133820696,5.23909448894,0.760809912455,0.170502466625,0.0587798335279,1.20534591254,0.310302004525
000852.SH,238296,238295,2778,237487,0.286206279273,0.125133820696,5.23909448894,0.760809912455,0.170502466625,0.0587798335279,1.20534591254,0.310302004525
000852.SH,238421,238420,2778,237487,0.286206279273,0.125133820696,5.23909448894,0.760809912455,0.170502466625,0.0587798335279,1.20534591254,0.310302004525
000852.SH,238743,238742,2831,238295,0.286206279273,0.095056506968,5.20948615284,0.768145107763,0.170502466625,0.0715219661076,1.18872054257,0.318759551319
000852.SH,238825,238824,2831,238295,0.286206279273,0.095056506968,5.20948615284,0.768145107763,0.170502466625,0.0715219661076,1.18872054257,0.318759551319
000852.SH,239669,239668,3275,239428,0.286206279273,0.125133820696,5.28826703069,0.727990080411,0.190445674153,0.0748029835226,1.08997870162,0.330314244737
000852.SH,239796,239795,3402,239555,0.286206279273,0.125133820696,5.34233425196,0.739013692129,0.190445674153,0.0784552692218,1.1171247343,0.338094025224
000852.SH,239931,239930,3515,239668,0.286206279273,0.125133820696,5.36129216571,0.738273859741,0.190445674153,0.0784552692218,1.150978981,0.327914367746
000852.SH,239971,239970,3515,239668,0.286206279273,0.125133820696,5.36129216571,0.738273859741,0.190445674153,0.0784552692218,1.150978981,0.327914367746
000852.SH,240067,240066,3515,239668,0.286206279273,0.125133820696,5.36129216571,0.738273859741,0.190445674153,0.0784552692218,1.150978981,0.327914367746
000852.SH,240168,240167,3515,239668,0.286206279273,0.125133820696,5.36129216571,0.738273859741,0.190445674153,0.0784552692218,1.150978981,0.327914367746
000852.SH,240702,240701,3568,240461,0.286206279273,0.125133820696,5.33993616583,0.737261354212,0.190445674153,0.0784552692218,1.17959914805,0.329645758124
000852.SH,241331,241330,3956,241090,0.286206279273,0.125133820696,5.2496487501,0.728055968498,0.210250003686,0.0920036380553,1.17911393548,0.336004879382
000852.SH,241611,241610,4196,241330,0.286206279273,0.125133820696,5.20400668708,0.733475366221,0.219660119538,0.0920036380553,1.1767212924,0.333623536461
000852.SH,241635,241634,4196,241330,0.286206279273,0.125133820696,5.20400668708,0.733475366221,0.219660119538,0.0920036380553,1.1767212924,0.333623536461
000852.SH,241692,241691,4196,241330,0.286206279273,0.125133820696,5.20400668708,0.733475366221,0.219660119538,0.0920036380553,1.1767212924,0.333623536461
000852.SH,241784,241783,4196,241330,0.286206279273,0.125133820696,5.20400668708,0.733475366221,0.219660119538,0.0920036380553,1.1767212924,0.333623536461
000852.SH,241848,241847,4232,241607,0.286206279273,0.0981148619027,5.20948615284,0.730815002298,0.219660119538,0.0988381418343,1.15936116734,0.332136138297
000852.SH,241864,241863,4235,241610,0.286206279273,0.0981148619027,5.20948615284,0.73096496791,0.219660119538,0.0988381418343,1.15565002648,0.332455234456
000852.SH,241923,241922,4235,241610,0.286206279273,0.0981148619027,5.20948615284,0.73096496791,0.219660119538,0.0988381418343,1.15565002648,0.332455234456
000852.SH,242061,242060,4235,241610,0.286206279273,0.0981148619027,5.20948615284,0.73096496791,0.219660119538,0.0988381418343,1.15565002648,0.332455234456
000852.SH,242330,242329,4235,241610,0.286206279273,0.0981148619027,5.20948615284,0.73096496791,0.219660119538,0.0988381418343,1.15565002648,0.332455234456
000852.SH,242822,242821,4274,242581,0.286206279273,0.0981148619027,5.19849703127,0.736674469271,0.219660119538,0.0988381418343,1.17388974256,0.336996642365
000852.SH,242876,242875,4328,242635,0.286206279273,0.0981148619027,5.18458467807,0.739814919828,0.219660119538,0.0988381418343,1.20182829565,0.339016626623
000852.SH,242969,242968,4421,242728,0.281581916794,0.095056506968,5.15905529921,0.732332930928,0.212804039727,0.10337245886,1.24770750949,0.331526520031
000852.SH,243162,243161,4514,242821,0.217621142269,0.095056506968,5.13579843705,0.730755881656,0.213776422586,0.10337245886,1.27374957472,0.327322848423
000852.SH,243223,243222,4514,242821,0.217621142269,0.095056506968,5.13579843705,0.730755881656,0.213776422586,0.10337245886,1.27374957472,0.327322848423
000852.SH,243318,243317,4514,242821,0.217621142269,0.095056506968,5.13579843705,0.730755881656,0.213776422586,0.10337245886,1.27374957472,0.327322848423
000852.SH,243423,243422,4514,242821,0.217621142269,0.095056506968,5.13579843705,0.730755881656,0.213776422586,0.10337245886,1.27374957472,0.327322848423
000852.SH,243477,243476,4514,242821,0.217621142269,0.095056506968,5.13579843705,0.730755881656,0.213776422586,0.10337245886,1.27374957472,0.327322848423
000852.SH,243526,243525,4514,242821,0.217621142269,0.095056506968,5.13579843705,0.730755881656,0.213776422586,0.10337245886,1.27374957472,0.327322848423
000852.SH,243599,243598,4514,242821,0.217621142269,0.095056506968,5.13579843705,0.730755881656,0.213776422586,0.10337245886,1.27374957472,0.327322848423
000852.SH,243815,243814,4514,242821,0.217621142269,0.095056506968,5.13579843705,0.730755881656,0.213776422586,0.10337245886,1.27374957472,0.327322848423
000852.SH,243994,243993,4514,242821,0.217621142269,0.095056506968,5.13579843705,0.730755881656,0.213776422586,0.10337245886,1.27374957472,0.327322848423
000852.SH,244015,244014,4514,242821,0.217621142269,0.095056506968,5.13579843705,0.730755881656,0.213776422586,0.10337245886,1.27374957472,0.327322848423
000852.SH,244201,244200,4514,242821,0.217621142269,0.095056506968,5.13579843705,0.730755881656,0.213776422586,0.10337245886,1.27374957472,0.327322848423
000852.SH,244276,244275,4514,242821,0.217621142269,0.095056506968,5.13579843705,0.730755881656,0.213776422586,0.10337245886,1.27374957472,0.327322848423
000852.SH,244305,244304,4514,242821,0.217621142269,0.095056506968,5.13579843705,0.730755881656,0.213776422586,0.10337245886,1.27374957472,0.327322848423
000852.SH,244430,244429,4514,242821,0.217621142269,0.095056506968,5.13579843705,0.730755881656,0.213776422586,0.10337245886,1.27374957472,0.327322848423
000852.SH,244777,244776,4514,242821,0.217621142269,0.095056506968,5.13579843705,0.730755881656,0.213776422586,0.10337245886,1.27374957472,0.327322848423
000852.SH,244805,244804,4514,242821,0.217621142269,0.095056506968,5.13579843705,0.730755881656,0.213776422586,0.10337245886,1.27374957472,0.327322848423
000852.SH,244989,244988,4592,244748,0.217621142269,0.095056506968,5.11198778836,0.737564462663,0.213776422586,0.10337245886,1.30761411711,0.332535074214
000852.SH,245030,245029,4620,244776,0.217621142269,0.095056506968,5.10290595086,0.738943089116,0.213776422586,0.10337245886,1.32107884938,0.334553587806
000852.SH,245156,245155,4620,244776,0.217621142269,0.095056506968,5.10290595086,0.738943089116,0.213776422586,0.10337245886,1.32107884938,0.334553587806
000852.SH,245314,245313,4620,244776,0.217621142269,0.095056506968,5.10290595086,0.738943089116,0.213776422586,0.10337245886,1.32107884938,0.334553587806
000852.SH,245456,245455,4620,244776,0.217621142269,0.095056506968,5.10290595086,0.738943089116,0.213776422586,0.10337245886,1.32107884938,0.334553587806
000852.SH,245475,245474,4620,244776,0.217621142269,0.095056506968,5.10290595086,0.738943089116,0.213776422586,0.10337245886,1.32107884938,0.334553587806
000852.SH,245530,245529,4620,244776,0.217621142269,0.095056506968,5.10290595086,0.738943089116,0.213776422586,0.10337245886,1.32107884938,0.334553587806
000852.SH,245956,245955,4620,244776,0.217621142269,0.095056506968,5.10290595086,0.738943089116,0.213776422586,0.10337245886,1.32107884938,0.334553587806
000852.SH,246033,246032,4642,245792,0.217621142269,0.095056506968,5.09375020081,0.738846221944,0.213776422586,0.10337245886,1.33095128983,0.333765160371
000852.SH,246109,246108,4718,245868,0.217621142269,0.095056506968,5.07517381523,0.743765323391,0.213776422586,0.10337245886,1.35849263908,0.335760306127
000852.SH,246220,246219,4805,245955,0.204561641718,0.095056506968,5.04342511692,0.748039888312,0.200512007989,0.10337245886,1.38260048732,0.335569803138
000852.SH,246338,246337,4805,245955,0.204561641718,0.095056506968,5.04342511692,0.748039888312,0.200512007989,0.10337245886,1.38260048732,0.335569803138
000852.SH,246529,246528,4805,245955,0.204561641718,0.095056506968,5.04342511692,0.748039888312,0.200512007989,0.10337245886,1.38260048732,0.335569803138
000852.SH,246646,246645,4805,245955,0.204561641718,0.095056506968,5.04342511692,0.748039888312,0.200512007989,0.10337245886,1.38260048732,0.335569803138
000852.SH,246698,246697,4805,245955,0.204561641718,0.095056506968,5.04342511692,0.748039888312,0.200512007989,0.10337245886,1.38260048732,0.335569803138
000852.SH,246809,246808,4805,245955,0.204561641718,0.095056506968,5.04342511692,0.748039888312,0.200512007989,0.10337245886,1.38260048732,0.335569803138
000852.SH,246839,246838,4805,245955,0.204561641718,0.095056506968,5.04342511692,0.748039888312,0.200512007989,0.10337245886,1.38260048732,0.335569803138
000852.SH,246870,246869,4805,245955,0.204561641718,0.095056506968,5.04342511692,0.748039888312,0.200512007989,0.10337245886,1.38260048732,0.335569803138
000852.SH,246884,246883,4805,245955,0.204561641718,0.095056506968,5.04342511692,0.748039888312,0.200512007989,0.10337245886,1.38260048732,0.335569803138
000852.SH,246948,246947,4805,245955,0.204561641718,0.095056506968,5.04342511692,0.748039888312,0.200512007989,0.10337245886,1.38260048732,0.335569803138
000852.SH,247199,247198,4805,245955,0.204561641718,0.095056506968,5.04342511692,0.748039888312,0.200512007989,0.10337245886,1.38260048732,0.335569803138
000852.SH,247277,247276,4805,245955,0.204561641718,0.095056506968,5.04342511692,0.748039888312,0.200512007989,0.10337245886,1.38260048732,0.335569803138
000852.SH,247315,247314,4805,245955,0.204561641718,0.095056506968,5.04342511692,0.748039888312,0.200512007989,0.10337245886,1.38260048732,0.335569803138
000852.SH,247857,247856,4876,247616,0.217621142269,0.095056506968,5.05624580535,0.745597557951,0.213776422586,0.10337245886,1.35377848566,0.337567835987
000852.SH,247899,247898,4918,247658,0.217621142269,0.095056506968,5.06890420222,0.746183026274,0.213776422586,0.10337245886,1.34725957637,0.336356096743
000852.SH,248035,248034,5054,247794,0.242442210154,0.0981148619027,5.1059454739,0.737564462663,0.208644414617,0.0988381418343,1.29258845589,0.342307419579
000852.SH,248076,248075,5095,247835,0.281581916794,0.0981148619027,5.11799381242,0.732572676142,0.219946996025,0.0988381418343,1.29129657039,0.343087077621
000852.SH,248116,248115,5116,247856,0.281581916794,0.0981148619027,5.11799381242,0.733745485854,0.219946996025,0.0988381418343,1.30055591307,0.344647462314
000852.SH,248362,248361,5116,247856,0.281581916794,0.0981148619027,5.11799381242,0.733745485854,0.219946996025,0.0988381418343,1.30055591307,0.344647462314
000852.SH,248538,248537,5116,247856,0.281581916794,0.0981148619027,5.11799381242,0.733745485854,0.219946996025,0.0988381418343,1.30055591307,0.344647462314
000852.SH,248582,248581,5116,247856,0.281581916794,0.0981148619027,5.11799381242,0.733745485854,0.219946996025,0.0988381418343,1.30055591307,0.344647462314
000852.SH,248732,248731,5121,248361,0.281581916794,0.0981148619027,5.11799381242,0.734305108022,0.219946996025,0.0988381418343,1.3024022403,0.344841901701
000852.SH,249444,249443,5352,249203,0.217621142269,0.095056506968,5.06259503303,0.73076245234,0.213776422586,0.10337245886,1.35096673459,0.34254760513
000852.SH,249534,249533,5442,249293,0.204727750284,0.095056506968,5.04342511692,0.724061056185,0.20075828055,0.10337245886,1.35274240562,0.337563444284
000852.SH,249576,249575,5484,249335,0.204727750284,0.095056506968,5.03043792139,0.729321437318,0.20075828055,0.10337245886,1.36334567123,0.342573385415
000852.SH,249628,249627,5536,249387,0.204727750284,0.095056506968,5.01727983681,0.733252968339,0.20075828055,0.10337245886,1.34864144004,0.342745795298
000852.SH,249845,249844,5592,249443,0.204727750284,0.095056506968,5.00394630595,0.734628537735,0.20075828055,0.10337245886,1.35251038483,0.343468900345
000852.SH,250089,250088,5592,249443,0.204727750284,0.095056506968,5.00394630595,0.734628537735,0.20075828055,0.10337245886,1.35251038483,0.343468900345
000852.SH,250285,250284,5592,249443,0.204727750284,0.095056506968,5.00394630595,0.734628537735,0.20075828055,0.10337245886,1.35251038483,0.343468900345
000852.SH,250337,250336,5595,250088,0.204727750284,0.095056506968,5.00394630595,0.734364353389,0.20075828055,0.10337245886,1.35251038483,0.343067039557
000852.SH,250458,250457,5595,250088,0.204727750284,0.095056506968,5.00394630595,0.734364353389,0.20075828055,0.10337245886,1.35251038483,0.343067039557
000852.SH,251097,251096,5753,250856,0.204727750284,0.095056506968,4.96284463026,0.744418987622,0.20075828055,0.0983662293818,1.3973760271,0.348486307468
000852.SH,251238,251237,5894,250997,0.207243384047,0.095056506968,4.93447393313,0.744152599347,0.204487959166,0.0945277403545,1.38596855015,0.344633838345
000852.SH,251375,251374,5993,251096,0.207243384047,0.095056506968,4.9558270576,0.748919257974,0.198621284915,0.0945277403545,1.36682187447,0.346167116352
000852.SH,251455,251454,5993,251096,0.207243384047,0.095056506968,4.9558270576,0.748919257974,0.198621284915,0.0945277403545,1.36682187447,0.346167116352
000852.SH,251492,251491,5993,251096,0.207243384047,0.095056506968,4.9558270576,0.748919257974,0.198621284915,0.0945277403545,1.36682187447,0.346167116352
000852.SH,251693,251692,5993,251096,0.207243384047,0.095056506968,4.9558270576,0.748919257974,0.198621284915,0.0945277403545,1.36682187447,0.346167116352
000852.SH,251956,251955,5993,251096,0.207243384047,0.095056506968,4.9558270576,0.748919257974,0.198621284915,0.0945277403545,1.36682187447,0.346167116352
000852.SH,252202,252201,6015,251955,0.207243384047,0.095056506968,4.9558270576,0.750662756791,0.198621284915,0.0945277403545,1.36682187447,0.347845829131
000852.SH,252272,252271,6015,251955,0.207243384047,0.095056506968,4.9558270576,0.750662756791,0.198621284915,0.0945277403545,1.36682187447,0.347845829131
000852.SH,252425,252424,6015,251955,0.207243384047,0.095056506968,4.9558270576,0.750662756791,0.198621284915,0.0945277403545,1.36682187447,0.347845829131
000852.SH,252649,252648,6020,252201,0.207243384047,0.095056506968,4.9558270576,0.751512634534,0.198621284915,0.0945277403545,1.36889544225,0.348164043519
000852.SH,252677,252676,6020,252201,0.207243384047,0.095056506968,4.9558270576,0.751512634534,0.198621284915,0.0945277403545,1.36889544225,0.348164043519
000852.SH,252757,252756,6020,252201,0.207243384047,0.095056506968,4.9558270576,0.751512634534,0.198621284915,0.0945277403545,1.36889544225,0.348164043519
000852.SH,252807,252806,6020,252201,0.207243384047,0.095056506968,4.9558270576,0.751512634534,0.198621284915,0.0945277403545,1.36889544225,0.348164043519
000852.SH,252851,252850,6020,252201,0.207243384047,0.095056506968,4.9558270576,0.751512634534,0.198621284915,0.0945277403545,1.36889544225,0.348164043519
000852.SH,253294,253293,6020,252201,0.207243384047,0.095056506968,4.9558270576,0.751512634534,0.198621284915,0.0945277403545,1.36889544225,0.348164043519
000852.SH,253746,253745,6222,253293,0.204727750284,0.095056506968,4.89783979995,0.744830110609,0.192572694251,0.0945277403545,1.39563995369,0.35347793364
000852.SH,253848,253847,6295,253607,0.204727750284,0.095056506968,4.8751973232,0.741248414386,0.193495393078,0.0945277403545,1.40528029327,0.351175971202
000852.SH,254874,254873,6978,254633,0.204016042205,0.095056506968,4.77912349311,0.727260195997,0.199703102151,0.0983662293818,1.40918475645,0.368714636053
000852.SH,255090,255089,7194,254849,0.183643344757,0.0869754610135,4.82429765145,0.738734402321,0.169498540916,0.0983712755226,1.44971700529,0.366827208776
000852.SH,256108,256107,7755,255867,0.204727750284,0.095056506968,4.7957905456,0.750040866701,0.201493039566,0.0945277403545,1.42322434296,0.369349082961
000852.SH,256189,256188,7836,255948,0.204727750284,0.095056506968,4.77912349311,0.745809894163,0.201493039566,0.0925843689354,1.41951359736,0.364893362942
000852.SH,256223,256222,7870,255982,0.204727750284,0.095056506968,4.77068462447,0.746055491768,0.201493039566,0.0899590763047,1.422428914,0.363615664434
000852.SH,256263,256262,7910,256022,0.204561641718,0.095056506968,4.77912349311,0.747174794098,0.201246767006,0.0899396434569,1.40918475645,0.364017352628
000852.SH,256328,256327,7975,256087,0.204016042205,0.095056506968,4.7957905456,0.748919257974,0.199703102151,0.089901753975,1.3995779087,0.366508840419
000852.SH,256342,256341,7989,256101,0.204016042205,0.095056506968,4.7957905456,0.749081291543,0.199703102151,0.089901753975,1.40201022861,0.365768974478
000852.SH,256561,256560,7995,256107,0.204561641718,0.095056506968,4.78749174278,0.748832275261,0.200512007989,0.089901753975,1.39268921272,0.365633419731
000852.SH,256719,256718,7995,256107,0.204561641718,0.095056506968,4.78749174278,0.748832275261,0.200512007989,0.089901753975,1.39268921272,0.365633419731
000852.SH,257832,257831,8627,257591,0.204016042205,0.0861113342437,4.70953020131,0.762341300739,0.199703102151,0.0812656272734,1.37190992522,0.361262175044
000852.SH,257928,257927,8723,257687,0.204561641718,0.0861113342437,4.69134788223,0.758712193456,0.200512007989,0.0812656272734,1.37903707867,0.358030271261
000852.SH,258210,258209,8867,257831,0.204727750284,0.0869754610135,4.70048036579,0.757007287852,0.20075828055,0.0825467816223,1.35849263908,0.355536912363
000852.SH,258293,258292,8867,257831,0.204727750284,0.0869754610135,4.70048036579,0.757007287852,0.20075828055,0.0825467816223,1.35849263908,0.355536912363
000852.SH,258404,258403,8867,257831,0.204727750284,0.0869754610135,4.70048036579,0.757007287852,0.20075828055,0.0825467816223,1.35849263908,0.355536912363
000852.SH,258886,258885,8909,258645,0.204727750284,0.0861113342437,4.69134788223,0.760105831141,0.20075828055,0.0812656272734,1.34495281895,0.35909926298
000852.SH,259038,259037,9061,258797,0.204016042205,0.0861113342437,4.72738781871,0.766665364764,0.19244021468,0.0801069608108,1.34000940771,0.357858154865
000852.SH,260784,260783,10414,260543,0.204016042205,0.0861113342437,4.64439089914,0.758008346993,0.19856452144,0.0812656272734,1.30626258049,0.35559695479
000852.SH,260872,260871,10502,260631,0.204727750284,0.0861113342437,4.66343909411,0.758281246482,0.20075828055,0.0812656272734,1.28978845506,0.356436493584
000852.SH,261282,261281,10654,260783,0.204727750284,0.0869754610135,4.67282883446,0.751680468915,0.20075828055,0.0825467816223,1.30488185063,0.357928386795
000852.SH,261415,261414,10716,261174,0.204727750284,0.0869754610135,4.68213122712,0.754308285982,0.20075828055,0.0825467816223,1.30823019856,0.35930349257
000852.SH,261640,261639,10823,261281,0.204727750284,0.0869754610135,4.67282883446,0.75362988642,0.20075828055,0.0825467816223,1.31749647873,0.354994481528
000852.SH,262004,262003,10823,261281,0.204727750284,0.0869754610135,4.67282883446,0.75362988642,0.20075828055,0.0825467816223,1.31749647873,0.354994481528
000852.SH,262579,262578,11040,262338,0.207243384047,0.0861113342437,4.70048036579,0.75567676302,0.204487959166,0.0812656272734,1.32517438299,0.351876263496
000852.SH,263340,263339,11560,263099,0.232539574463,0.0842624320936,4.72738781871,0.751680468915,0.191658355014,0.0771639397115,1.31048812701,0.342759251619
000852.SH,263694,263693,11800,263339,0.232539574463,0.0842624320936,4.69134788223,0.754122968845,0.191658355014,0.0771639397115,1.31437481634,0.343060638161
000852.SH,263797,263796,11800,263339,0.232539574463,0.0842624320936,4.69134788223,0.754122968845,0.191658355014,0.0771639397115,1.31437481634,0.343060638161
000852.SH,263976,263975,11913,263693,0.223986815872,0.0819011610144,4.68213122712,0.751682173287,0.204338674902,0.073864957981,1.31954781077,0.341303172257
000852.SH,264118,264117,11913,263693,0.223986815872,0.0819011610144,4.68213122712,0.751682173287,0.204338674902,0.073864957981,1.31954781077,0.341303172257
000852.SH,264183,264182,11913,263693,0.223986815872,0.0819011610144,4.68213122712,0.751682173287,0.204338674902,0.073864957981,1.31954781077,0.341303172257
000852.SH,264216,264215,11913,263693,0.223986815872,0.0819011610144,4.68213122712,0.751682173287,0.204338674902,0.073864957981,1.31954781077,0.341303172257
000852.SH,265176,265175,12392,264935,0.226075994299,0.0794502676017,4.73619844839,0.743765323391,0.190486570536,0.0694465584508,1.31365898529,0.342578355736
000852.SH,265661,265660,12636,265420,0.226075994299,0.0794502676017,4.75359019111,0.741164774886,0.185352232125,0.0691177345882,1.33944398304,0.338051611814
000852.SH,267004,267003,13738,266763,0.226075994299,0.0841228632118,4.7621739348,0.724666333386,0.185352232125,0.0701494903267,1.29373998993,0.338006432056
000852.SH,267451,267450,13978,267003,0.226075994299,0.0842624320936,4.78330761795,0.724102729696,0.185352232125,0.072716299783,1.32171910039,0.335353171606
000852.SH,267572,267571,14065,267331,0.226075994299,0.0842624320936,4.77912349311,0.724749689586,0.185352232125,0.072716299783,1.31551571691,0.337391479115
000852.SH,267855,267854,14184,267450,0.226075994299,0.0842624320936,4.77912349311,0.72185247114,0.185352232125,0.0716125839395,1.31551571691,0.335645766938
000852.SH,268002,268001,14184,267450,0.226075994299,0.0842624320936,4.77912349311,0.72185247114,0.185352232125,0.0716125839395,1.31551571691,0.335645766938
000852.SH,268450,268449,14226,267854,0.226075994299,0.0842624320936,4.77068462447,0.720085883707,0.185352232125,0.0716125839395,1.30300425025,0.335908781142
000852.SH,270029,270028,15531,269788,0.226075994299,0.0841228632118,4.74493212836,0.706101459098,0.201241258966,0.0769570148874,1.26482359953,0.345024422498
000852.SH,270890,270889,16151,270649,0.242442210154,0.0861113342437,4.77912349311,0.691961639658,0.17697670734,0.0766396408939,1.28556318304,0.343647579544
000852.SH,271379,271378,16399,271138,0.253058584913,0.0861113342437,4.78749174278,0.694660251672,0.17051534788,0.0766396408939,1.29796995,0.344815935102
000852.SH,271427,271426,16447,271186,0.253058584913,0.0861113342437,4.78749174278,0.695959795529,0.17051534788,0.0766396408939,1.29796995,0.345910470482
000852.SH,271639,271638,16639,271378,0.253058584913,0.0861113342437,4.77068462447,0.695534390028,0.17051534788,0.0766969632236,1.30300425025,0.342263857192
000852.SH,272069,272068,16639,271378,0.253058584913,0.0861113342437,4.77068462447,0.695534390028,0.17051534788,0.0766969632236,1.30300425025,0.342263857192
000852.SH,273420,273419,17698,273179,0.276803795717,0.087394607616,4.78749174278,0.694134021464,0.193424269354,0.0818077031411,1.27723394765,0.334743209648
000852.SH,273762,273761,17938,273419,0.276803795717,0.087394607616,4.80402104473,0.697082300167,0.194209592945,0.0812248369561,1.29311691784,0.333530836936
000852.SH,274029,274028,18039,273761,0.276803795717,0.087394607616,4.80402104473,0.69452605346,0.195572212234,0.0812272006216,1.29311691784,0.332071145753
000852.SH,274286,274285,18065,274028,0.276803795717,0.087394607616,4.80402104473,0.695439197412,0.195572212234,0.0812272006216,1.29311691784,0.332678268696
000852.SH,274362,274361,18065,274028,0.276803795717,0.087394607616,4.80402104473,0.695439197412,0.195572212234,0.0812272006216,1.29311691784,0.332678268696
000852.SH,274520,274519,18075,274279,0.276803795717,0.087394607616,4.80402104473,0.69556402489,0.195572212234,0.0812272006216,1.29311691784,0.332925815117
000852.SH,275081,275080,18161,274840,0.278166106254,0.087394607616,4.81218435537,0.696081776288,0.197591973835,0.0796806545479,1.28181066197,0.332023572268
000852.SH,275198,275197,18278,274957,0.278166106254,0.087394607616,4.80402104473,0.693552263649,0.198049264802,0.0785801114777,1.29311691784,0.328803277576
000852.SH,275299,275298,18379,275058,0.283751202924,0.0918396057825,4.80402104473,0.694691437787,0.203724495278,0.0826663442212,1.28372385549,0.329573412978
000852.SH,275460,275459,18401,275080,0.283751202924,0.0918396057825,4.81218435537,0.694177704543,0.203724495278,0.0826663442212,1.27643058811,0.329224527948
000852.SH,275556,275555,18401,275080,0.283751202924,0.0918396057825,4.81218435537,0.694177704543,0.203724495278,0.0826663442212,1.27643058811,0.329224527948
000852.SH,275831,275830,18401,275080,0.283751202924,0.0918396057825,4.81218435537,0.694177704543,0.203724495278,0.0826663442212,1.27643058811,0.329224527948
000852.SH,276059,276058,18423,275818,0.283751202924,0.0918396057825,4.80402104473,0.693968187454,0.203724495278,0.0826663442212,1.27860260687,0.328624736947
000852.SH,276378,276377,18435,275830,0.281581916794,0.0918396057825,4.80402104473,0.693677362036,0.200508311662,0.0826663442212,1.27860260687,0.328258220218
000852.SH,276431,276430,18435,275830,0.281581916794,0.0918396057825,4.80402104473,0.693677362036,0.200508311662,0.0826663442212,1.27860260687,0.328258220218
000852.SH,276773,276772,18513,276377,0.283751202924,0.087394607616,4.81218435537,0.691839083323,0.203724495278,0.0785422219957,1.27672455063,0.329166683733
000852.SH,276873,276872,18513,276377,0.283751202924,0.087394607616,4.81218435537,0.691839083323,0.203724495278,0.0785422219957,1.27672455063,0.329166683733
000852.SH,276920,276919,18521,276679,0.283751202924,0.087394607616,4.81218435537,0.692002078514,0.203724495278,0.0785422219957,1.27643058811,0.329430461328
000852.SH,276975,276974,18576,276734,0.283751202924,0.087394607616,4.80402104473,0.692962998117,0.203724495278,0.0785422219957,1.27860260687,0.328721278952
000852.SH,277068,277067,18614,276772,0.281581916794,0.087394607616,4.81218435537,0.691826191951,0.200508311662,0.0785422219957,1.27643058811,0.32905821211
000852.SH,277240,277239,18614,276772,0.281581916794,0.087394607616,4.81218435537,0.691826191951,0.200508311662,0.0785422219957,1.27643058811,0.32905821211
000852.SH,277618,277617,18614,276772,0.281581916794,0.087394607616,4.81218435537,0.691826191951,0.200508311662,0.0785422219957,1.27643058811,0.32905821211
000852.SH,277915,277914,18751,277617,0.278166106254,0.087394607616,4.7957905456,0.693635273331,0.198049264802,0.0785422219957,1.28091437982,0.327775557756
000852.SH,278416,278415,18827,278175,0.281581916794,0.087394607616,4.7957905456,0.694691437787,0.200508311662,0.0785422219957,1.28091437982,0.327553827153
000852.SH,278763,278762,19067,278415,0.283751202924,0.0918396057825,4.81218435537,0.69556402489,0.203255108059,0.0809066529275,1.3052198422,0.326817417174
000852.SH,279908,279907,19837,279667,0.286206279273,0.095056506968,4.85981240436,0.700793588792,0.206736729656,0.0856760306252,1.31880307967,0.330941700158
000852.SH,281465,281464,21153,281224,0.286206279273,0.087394607616,4.8751973232,0.706880542378,0.20996962532,0.0831682083752,1.28669537095,0.337202161083
000852.SH,282311,282310,21758,282070,0.286206279273,0.0918396057825,4.89034912822,0.712396385443,0.213090916214,0.0883978574226,1.29238576261,0.339501526739
000852.SH,282993,282992,22199,282752,0.286206279273,0.095056506968,4.90527477844,0.712208180479,0.213090916214,0.08590046523,1.27833257682,0.335997910754
000852.SH,283201,283200,22407,282960,0.286206279273,0.0918396057825,4.89783979995,0.714598590253,0.213090916214,0.0881627778632,1.26730947772,0.336473625163
000852.SH,283271,283270,22439,282992,0.286206279273,0.0918396057825,4.89783979995,0.714892119528,0.213090916214,0.0881627778632,1.26730947772,0.335962398908
000852.SH,283851,283850,22538,283610,0.286206279273,0.0918396057825,4.89783979995,0.713464297272,0.213090916214,0.0881627778632,1.26730947772,0.336489101732
000852.SH,285303,285302,23749,285062,0.286206279273,0.0918396057825,4.89034912822,0.717223318094,0.213090916214,0.0846065628418,1.2593853541,0.331948020031
000852.SH,285847,285846,24052,285606,0.283751202924,0.0918396057825,4.89783979995,0.720895429892,0.216020223343,0.0826663442212,1.27192611846,0.332009554076
000852.SH,287109,287108,25073,286868,0.276803795717,0.087394607616,4.89034912822,0.725128646547,0.223512586452,0.0831682083752,1.25461047074,0.331124905988
000852.SH,287453,287452,25313,287108,0.276803795717,0.087394607616,4.89034912822,0.727100584517,0.222801812468,0.0818077031411,1.24019285307,0.330922305384
000852.SH,288034,288033,25516,287793,0.272966261428,0.087394607616,4.89034912822,0.726337369278,0.232720566671,0.0831682083752,1.24982015963,0.332168081639
000852.SH,288521,288520,25762,288280,0.266098132087,0.087394607616,4.90527477844,0.726439317301,0.236242407865,0.0831682083752,1.25254757908,0.331542794328
000852.SH,288762,288761,26002,288520,0.25854409502,0.0869754610135,4.91998092583,0.724198024522,0.22936932166,0.0834528696147,1.26698640079,0.330429821046
000852.SH,289717,289716,26476,289476,0.272966261428,0.087394607616,4.93447393313,0.722941756833,0.239612805126,0.0831682083752,1.25924816206,0.330165373538
000852.SH,289977,289976,26716,289716,0.276803795717,0.087394607616,4.94875989038,0.723880710474,0.244562266992,0.0818077031411,1.26675616552,0.329741582557
000852.SH,290392,290391,26735,289976,0.276803795717,0.087394607616,4.94875989038,0.723512047065,0.244562266992,0.0818077031411,1.26675616552,0.329208917443
000852.SH,290617,290616,26894,290376,0.276803795717,0.087394607616,4.94875989038,0.724161027509,0.245302333464,0.0820095419126,1.26675616552,0.329714669029
000852.SH,290722,290721,26909,290391,0.276803795717,0.087394607616,4.94875989038,0.724415241936,0.245302333464,0.0831682083752,1.26675616552,0.330100428546
000852.SH,290819,290818,26909,290391,0.276803795717,0.087394607616,4.94875989038,0.724415241936,0.245302333464,0.0831682083752,1.26675616552,0.330100428546
000852.SH,291266,291265,26909,290391,0.276803795717,0.087394607616,4.94875989038,0.724415241936,0.245302333464,0.0831682083752,1.26675616552,0.330100428546
000852.SH,291477,291476,27086,291236,0.276803795717,0.087394607616,4.9558270576,0.72579527237,0.245302333464,0.0831682083752,1.25918390932,0.33021523416
000852.SH,292070,292069,27227,291829,0.276803795717,0.087394607616,4.94875989038,0.727744914639,0.245302333464,0.0831682083752,1.26675616552,0.331568562775
000852.SH,292637,292636,86,292396,0.218388181083,0.0803200821601,6.33947669097,0.540331914054,5.55111512313e-17,1,0.0562951768934,0.0499300266475
000852.SH,292727,292726,176,292486,0.218388181083,0.0803200821601,6.41591462084,0.350847119634,1,1.38777878078e-17,0.106601597085,0.129816348377
000852.SH,292935,292934,326,292636,0.218388181083,0.0803200821601,6.47927710207,0.588398392164,0.0235765762388,0.00630601295758,0.185009045933,0.423792817856
000852.SH,293054,293053,326,292636,0.218388181083,0.0803200821601,6.47927710207,0.588398392164,0.0235765762388,0.00630601295758,0.185009045933,0.423792817856
000852.SH,293214,293213,326,292636,0.218388181083,0.0803200821601,6.47927710207,0.588398392164,0.0235765762388,0.00630601295758,0.185009045933,0.423792817856
000852.SH,293412,293411,326,292636,0.218388181083,0.0803200821601,6.47927710207,0.588398392164,0.0235765762388,0.00630601295758,0.185009045933,0.423792817856
000852.SH,293862,293861,326,292636,0.218388181083,0.0803200821601,6.47927710207,0.588398392164,0.0235765762388,0.00630601295758,0.185009045933,0.423792817856
000852.SH,294410,294409,602,294169,0.218388181083,0.0803200821601,5.72847376528,0.743334489477,0.0862079927244,0.0302006255034,1.19954119104,0.353378292018
000852.SH,295457,295456,1408,295216,0.175635348022,0.0428742348035,5.46170865958,0.761295308381,0.0633853502957,0.0328486141086,1.19870291696,0.251169746347
000852.SH,295831,295830,1648,295456,0.160241686597,0.048418907799,5.27042885881,0.763269623096,0.0862079927244,0.0153726310203,1.04859670319,0.278850372881
000852.SH,296019,296018,1729,295778,0.175635348022,0.048418907799,5.19849703127,0.743102652816,0.0985676827558,0.0410691462917,1.08785501636,0.292615183452
000852.SH,296158,296157,1781,295830,0.175635348022,0.048418907799,5.14749447681,0.732400556421,0.0985676827558,0.0410691462917,1.07432652335,0.291089310283
000852.SH,296333,296332,1781,295830,0.175635348022,0.048418907799,5.14749447681,0.732400556421,0.0985676827558,0.0410691462917,1.07432652335,0.291089310283
000852.SH,296677,296676,1781,295830,0.175635348022,0.048418907799,5.14749447681,0.732400556421,0.0985676827558,0.0410691462917,1.07432652335,0.291089310283
000852.SH,296957,296956,1884,296676,0.175635348022,0.048418907799,5.12989871492,0.741125237158,0.0985676827558,0.0410691462917,1.05421474963,0.291125514756
000852.SH,297022,297021,1884,296676,0.175635348022,0.048418907799,5.12989871492,0.741125237158,0.0985676827558,0.0410691462917,1.05421474963,0.291125514756
000852.SH,297076,297075,1884,296676,0.175635348022,0.048418907799,5.12989871492,0.741125237158,0.0985676827558,0.0410691462917,1.05421474963,0.291125514756
000852.SH,297166,297165,1892,296925,0.175635348022,0.048418907799,5.12693134716,0.741125237158,0.0985676827558,0.0410691462917,1.04981533018,0.289477106368
000852.SH,297258,297257,1923,296956,0.175635348022,0.048418907799,5.1059454739,0.743820101073,0.0985676827558,0.046825724313,1.03667280361,0.287756466441
000852.SH,297290,297289,1923,296956,0.175635348022,0.048418907799,5.1059454739,0.743820101073,0.0985676827558,0.046825724313,1.03667280361,0.287756466441
000852.SH,297412,297411,1923,296956,0.175635348022,0.048418907799,5.1059454739,0.743820101073,0.0985676827558,0.046825724313,1.03667280361,0.287756466441
000852.SH,297530,297529,1923,296956,0.175635348022,0.048418907799,5.1059454739,0.743820101073,0.0985676827558,0.046825724313,1.03667280361,0.287756466441
000852.SH,297765,297764,1923,296956,0.175635348022,0.048418907799,5.1059454739,0.743820101073,0.0985676827558,0.046825724313,1.03667280361,0.287756466441
000852.SH,297855,297854,1923,296956,0.175635348022,0.048418907799,5.1059454739,0.743820101073,0.0985676827558,0.046825724313,1.03667280361,0.287756466441
000852.SH,298039,298038,1923,296956,0.175635348022,0.048418907799,5.1059454739,0.743820101073,0.0985676827558,0.046825724313,1.03667280361,0.287756466441
000852.SH,298411,298410,1923,296956,0.175635348022,0.048418907799,5.1059454739,0.743820101073,0.0985676827558,0.046825724313,1.03667280361,0.287756466441
000852.SH,298816,298815,2054,298410,0.175635348022,0.048418907799,5.03695260241,0.746534877984,0.0873574446141,0.0410691462917,1.14558891758,0.272536196129
000852.SH,298937,298936,2099,298696,0.175635348022,0.048418907799,5.06259503303,0.74130313597,0.0873574446141,0.0410691462917,1.10469551884,0.278987198381
000852.SH,298965,298964,2127,298724,0.166134779894,0.048418907799,5.07517381523,0.73808112609,0.0774708926025,0.0410691462917,1.08432678003,0.283051124586
000852.SH,299004,299003,2166,298763,0.160241686597,0.0520253935808,5.09986642782,0.743193240276,0.0862079927244,0.0414787484929,1.04797086946,0.291854674804
000852.SH,299057,299056,2218,298815,0.160241686597,0.0520253935808,5.1059454739,0.752407453998,0.0862079927244,0.0414787484929,1.03667280361,0.303517573784
000852.SH,299165,299164,2218,298815,0.160241686597,0.0520253935808,5.1059454739,0.752407453998,0.0862079927244,0.0414787484929,1.03667280361,0.303517573784
000852.SH,299620,299619,2218,298815,0.160241686597,0.0520253935808,5.1059454739,0.752407453998,0.0862079927244,0.0414787484929,1.03667280361,0.303517573784
000852.SH,299692,299691,2264,299451,0.166134779894,0.0520253935808,5.08759633523,0.744434593961,0.0774708926025,0.0414787484929,1.01847979481,0.304327585987
000852.SH,299739,299738,2311,299498,0.175635348022,0.0520253935808,5.1059454739,0.753739361474,0.0873574446141,0.0414787484929,0.983400006732,0.315379653872
000852.SH,299852,299851,2424,299611,0.175635348022,0.0520253935808,5.1532915945,0.765449888364,0.0985676827558,0.0419497052876,0.920238109453,0.327471465682
000852.SH,299918,299917,2432,299619,0.175635348022,0.0520253935808,5.15039303566,0.767273560194,0.0985676827558,0.0419497052876,0.925377406761,0.33111006331
000852.SH,299923,299922,2432,299619,0.175635348022,0.0520253935808,5.15039303566,0.767273560194,0.0985676827558,0.0419497052876,0.925377406761,0.33111006331
000852.SH,300072,300071,2432,299619,0.175635348022,0.0520253935808,5.15039303566,0.767273560194,0.0985676827558,0.0419497052876,0.925377406761,0.33111006331
000852.SH,300114,300113,2432,299619,0.175635348022,0.0520253935808,5.15039303566,0.767273560194,0.0985676827558,0.0419497052876,0.925377406761,0.33111006331
000852.SH,300164,300163,2432,299619,0.175635348022,0.0520253935808,5.15039303566,0.767273560194,0.0985676827558,0.0419497052876,0.925377406761,0.33111006331
000852.SH,300666,300665,2453,300425,0.175635348022,0.0520253935808,5.1416635565,0.772668877539,0.0985676827558,0.0419497052876,0.935230084509,0.334660440996
000852.SH,300718,300717,2505,300477,0.175635348022,0.0529104122801,5.11198778836,0.776384349483,0.0985676827558,0.0406375765641,0.975017793592,0.336239018946
000852.SH,300803,300802,2590,300562,0.175635348022,0.0529104122801,5.07517381523,0.763802475269,0.0985676827558,0.0406375765641,1.0090107074,0.326601586181
000852.SH,300888,300887,2675,300647,0.175635348022,0.0529104122801,5.03695260241,0.749865853544,0.0985676827558,0.0406375765641,1.05626411257,0.314428273127
000852.SH,301067,301066,2693,300665,0.175635348022,0.0529104122801,5.03043792139,0.752422218721,0.0985676827558,0.0406375765641,1.06592277865,0.31902321779
000852.SH,301279,301278,2693,300665,0.175635348022,0.0529104122801,5.03043792139,0.752422218721,0.0985676827558,0.0406375765641,1.06592277865,0.31902321779
000852.SH,301626,301625,2693,300665,0.175635348022,0.0529104122801,5.03043792139,0.752422218721,0.0985676827558,0.0406375765641,1.06592277865,0.31902321779
000852.SH,301793,301792,2726,301552,0.175635348022,0.0529104122801,5.0106352941,0.756773915339,0.0985676827558,0.0406375765641,1.08580863922,0.318809003271
000852.SH,301844,301843,2777,301603,0.175635348022,0.0529104122801,4.99043258678,0.745738036097,0.0985676827558,0.0406375765641,1.11576117309,0.308200234911
000852.SH,301879,301878,2799,301625,0.175635348022,0.0529104122801,4.97673374242,0.752395954436,0.0985676827558,0.0406375765641,1.11694049172,0.315116832187
000852.SH,302091,302090,2799,301625,0.175635348022,0.0529104122801,4.97673374242,0.752395954436,0.0985676827558,0.0406375765641,1.11694049172,0.315116832187
000852.SH,302127,302126,2799,301625,0.175635348022,0.0529104122801,4.97673374242,0.752395954436,0.0985676827558,0.0406375765641,1.11694049172,0.315116832187
000852.SH,302204,302203,2799,301625,0.175635348022,0.0529104122801,4.97673374242,0.752395954436,0.0985676827558,0.0406375765641,1.11694049172,0.315116832187
000852.SH,302277,302276,2799,301625,0.175635348022,0.0529104122801,4.97673374242,0.752395954436,0.0985676827558,0.0406375765641,1.11694049172,0.315116832187
000852.SH,302326,302325,2799,301625,0.175635348022,0.0529104122801,4.97673374242,0.752395954436,0.0985676827558,0.0406375765641,1.11694049172,0.315116832187
000852.SH,302348,302347,2799,301625,0.175635348022,0.0529104122801,4.97673374242,0.752395954436,0.0985676827558,0.0406375765641,1.11694049172,0.315116832187
000852.SH,302508,302507,2799,301625,0.175635348022,0.0529104122801,4.97673374242,0.752395954436,0.0985676827558,0.0406375765641,1.11694049172,0.315116832187
000852.SH,302579,302578,2799,301625,0.175635348022,0.0529104122801,4.97673374242,0.752395954436,0.0985676827558,0.0406375765641,1.11694049172,0.315116832187
000852.SH,302612,302611,2799,301625,0.175635348022,0.0529104122801,4.97673374242,0.752395954436,0.0985676827558,0.0406375765641,1.11694049172,0.315116832187
000852.SH,302662,302661,2799,301625,0.175635348022,0.0529104122801,4.97673374242,0.752395954436,0.0985676827558,0.0406375765641,1.11694049172,0.315116832187
000852.SH,302820,302819,2799,301625,0.175635348022,0.0529104122801,4.97673374242,0.752395954436,0.0985676827558,0.0406375765641,1.11694049172,0.315116832187
000852.SH,302881,302880,2799,301625,0.175635348022,0.0529104122801,4.97673374242,0.752395954436,0.0985676827558,0.0406375765641,1.11694049172,0.315116832187
000852.SH,302983,302982,2799,301625,0.175635348022,0.0529104122801,4.97673374242,0.752395954436,0.0985676827558,0.0406375765641,1.11694049172,0.315116832187
000852.SH,303035,303034,2799,301625,0.175635348022,0.0529104122801,4.97673374242,0.752395954436,0.0985676827558,0.0406375765641,1.11694049172,0.315116832187
000852.SH,303074,303073,2799,301625,0.175635348022,0.0529104122801,4.97673374242,0.752395954436,0.0985676827558,0.0406375765641,1.11694049172,0.315116832187
000852.SH,303492,303491,2799,301625,0.175635348022,0.0529104122801,4.97673374242,0.752395954436,0.0985676827558,0.0406375765641,1.11694049172,0.315116832187
000852.SH,303521,303520,2799,301625,0.175635348022,0.0529104122801,4.97673374242,0.752395954436,0.0985676827558,0.0406375765641,1.11694049172,0.315116832187
000852.SH,303523,303522,2799,301625,0.175635348022,0.0529104122801,4.97673374242,0.752395954436,0.0985676827558,0.0406375765641,1.11694049172,0.315116832187
000852.SH,303538,303537,2799,301625,0.175635348022,0.0529104122801,4.97673374242,0.752395954436,0.0985676827558,0.0406375765641,1.11694049172,0.315116832187
000852.SH,303602,303601,2846,303361,0.175635348022,0.0529104122801,4.9558270576,0.744616266957,0.128377128334,0.0406375765641,1.13827807655,0.307925986075
000852.SH,303625,303624,2869,303384,0.175635348022,0.0529104122801,4.94164242261,0.743102652816,0.134277071029,0.0406375765641,1.14958621434,0.310393899333
000852.SH,303685,303684,2929,303444,0.175635348022,0.0529104122801,4.90527477844,0.738129747057,0.134277071029,0.0477282508354,1.19371870945,0.305865578922
000852.SH,303825,303824,2976,303491,0.175635348022,0.0529104122801,4.8751973232,0.743075965764,0.134277071029,0.0477282508354,1.22598521804,0.314827465956
000852.SH,303978,303977,2976,303491,0.175635348022,0.0529104122801,4.8751973232,0.743075965764,0.134277071029,0.0477282508354,1.22598521804,0.314827465956
000852.SH,304011,304010,2976,303491,0.175635348022,0.0529104122801,4.8751973232,0.743075965764,0.134277071029,0.0477282508354,1.22598521804,0.314827465956
000852.SH,304031,304030,2976,303491,0.175635348022,0.0529104122801,4.8751973232,0.743075965764,0.134277071029,0.0477282508354,1.22598521804,0.314827465956
000852.SH,304077,304076,2976,303491,0.175635348022,0.0529104122801,4.8751973232,0.743075965764,0.134277071029,0.0477282508354,1.22598521804,0.314827465956
000852.SH,304119,304118,2976,303491,0.175635348022,0.0529104122801,4.8751973232,0.743075965764,0.134277071029,0.0477282508354,1.22598521804,0.314827465956
000852.SH,304188,304187,2976,303491,0.175635348022,0.0529104122801,4.8751973232,0.743075965764,0.134277071029,0.0477282508354,1.22598521804,0.314827465956
000852.SH,304236,304235,2976,303491,0.175635348022,0.0529104122801,4.8751973232,0.743075965764,0.134277071029,0.0477282508354,1.22598521804,0.314827465956
000852.SH,304255,304254,2976,303491,0.175635348022,0.0529104122801,4.8751973232,0.743075965764,0.134277071029,0.0477282508354,1.22598521804,0.314827465956
000852.SH,304368,304367,2976,303491,0.175635348022,0.0529104122801,4.8751973232,0.743075965764,0.134277071029,0.0477282508354,1.22598521804,0.314827465956
000852.SH,304407,304406,2976,303491,0.175635348022,0.0529104122801,4.8751973232,0.743075965764,0.134277071029,0.0477282508354,1.22598521804,0.314827465956
000852.SH,304492,304491,2976,303491,0.175635348022,0.0529104122801,4.8751973232,0.743075965764,0.134277071029,0.0477282508354,1.22598521804,0.314827465956
000852.SH,304589,304588,2976,303491,0.175635348022,0.0529104122801,4.8751973232,0.743075965764,0.134277071029,0.0477282508354,1.22598521804,0.314827465956
000852.SH,304608,304607,2976,303491,0.175635348022,0.0529104122801,4.8751973232,0.743075965764,0.134277071029,0.0477282508354,1.22598521804,0.314827465956
000852.SH,304671,304670,2976,303491,0.175635348022,0.0529104122801,4.8751973232,0.743075965764,0.134277071029,0.0477282508354,1.22598521804,0.314827465956
000852.SH,304726,304725,2976,303491,0.175635348022,0.0529104122801,4.8751973232,0.743075965764,0.134277071029,0.0477282508354,1.22598521804,0.314827465956
000852.SH,304940,304939,2976,303491,0.175635348022,0.0529104122801,4.8751973232,0.743075965764,0.134277071029,0.0477282508354,1.22598521804,0.314827465956
000852.SH,305058,305057,2976,303491,0.175635348022,0.0529104122801,4.8751973232,0.743075965764,0.134277071029,0.0477282508354,1.22598521804,0.314827465956
000852.SH,305206,305205,2976,303491,0.175635348022,0.0529104122801,4.8751973232,0.743075965764,0.134277071029,0.0477282508354,1.22598521804,0.314827465956
000852.SH,305285,305284,2976,303491,0.175635348022,0.0529104122801,4.8751973232,0.743075965764,0.134277071029,0.0477282508354,1.22598521804,0.314827465956
000852.SH,305336,305335,2976,303491,0.175635348022,0.0529104122801,4.8751973232,0.743075965764,0.134277071029,0.0477282508354,1.22598521804,0.314827465956
000852.SH,305757,305756,2976,303491,0.175635348022,0.0529104122801,4.8751973232,0.743075965764,0.134277071029,0.0477282508354,1.22598521804,0.314827465956
000852.SH,305922,305921,3081,305681,0.175635348022,0.0529104122801,4.80402104473,0.725815989077,0.134277071029,0.0477282508354,1.27860260687,0.304105198635
000852.SH,305979,305978,3138,305738,0.175635348022,0.0529104122801,4.7957905456,0.727726533132,0.134277071029,0.0496851895746,1.25970050754,0.307332973554
000852.SH,306069,306068,3156,305756,0.175635348022,0.0529104122801,4.78330761795,0.725290025848,0.134277071029,0.0496851895746,1.272959549,0.304464656188
000852.SH,306212,306211,3156,305756,0.175635348022,0.0529104122801,4.78330761795,0.725290025848,0.134277071029,0.0496851895746,1.272959549,0.304464656188
000852.SH,306527,306526,3156,305756,0.175635348022,0.0529104122801,4.78330761795,0.725290025848,0.134277071029,0.0496851895746,1.272959549,0.304464656188
000852.SH,306803,306802,3230,306526,0.175635348022,0.0529104122801,4.7184988713,0.725909170938,0.134277071029,0.0477282508354,1.30457396983,0.298461548243
000852.SH,307018,307017,3240,306777,0.175635348022,0.0529104122801,4.7140145363,0.726743545518,0.134277071029,0.0477282508354,1.31265421709,0.299153823174
000852.SH,307127,307126,3265,306802,0.175635348022,0.0529104122801,4.69134788223,0.733325808894,0.134277071029,0.0477282508354,1.32269925721,0.304498181304
000852.SH,307242,307241,3265,306802,0.175635348022,0.0529104122801,4.69134788223,0.733325808894,0.134277071029,0.0477282508354,1.32269925721,0.304498181304
000852.SH,307285,307284,3265,306802,0.175635348022,0.0529104122801,4.69134788223,0.733325808894,0.134277071029,0.0477282508354,1.32269925721,0.304498181304
000852.SH,307357,307356,3265,306802,0.175635348022,0.0529104122801,4.69134788223,0.733325808894,0.134277071029,0.0477282508354,1.32269925721,0.304498181304
000852.SH,307406,307405,3265,306802,0.175635348022,0.0529104122801,4.69134788223,0.733325808894,0.134277071029,0.0477282508354,1.32269925721,0.304498181304
000852.SH,307642,307641,3265,306802,0.175635348022,0.0529104122801,4.69134788223,0.733325808894,0.134277071029,0.0477282508354,1.32269925721,0.304498181304
000852.SH,307705,307704,3265,306802,0.175635348022,0.0529104122801,4.69134788223,0.733325808894,0.134277071029,0.0477282508354,1.32269925721,0.304498181304
000852.SH,307945,307944,3265,306802,0.175635348022,0.0529104122801,4.69134788223,0.733325808894,0.134277071029,0.0477282508354,1.32269925721,0.304498181304
000852.SH,309221,309220,4060,308980,0.175635348022,0.0559113382221,4.89034912822,0.716187821815,0.0689459617519,0.0361884037625,1.18859548048,0.282863277196
000852.SH,310216,310215,4814,309975,0.175635348022,0.057523235368,4.7184988713,0.699277910359,0.134277071029,0.0428462180645,1.28244520082,0.298955349173
000852.SH,310425,310424,5023,310184,0.175635348022,0.0559113382221,4.70048036579,0.712278846477,0.134277071029,0.0511295683137,1.26070335603,0.306319163315
000852.SH,310559,310558,5054,310215,0.175635348022,0.0559113382221,4.70953020131,0.714804682484,0.136570492985,0.0511295683137,1.25046840414,0.309979411079
000852.SH,311204,311203,5218,310963,0.175635348022,0.0559113382221,4.67282883446,0.700905083786,0.136570492985,0.0511295683137,1.25159229554,0.305970147901
000852.SH,311509,311508,5458,311203,0.173831207344,0.0559113382221,4.68213122712,0.69337305393,0.131602252061,0.0511295683137,1.21140575955,0.307890474911
000852.SH,311619,311618,5458,311203,0.173831207344,0.0559113382221,4.68213122712,0.69337305393,0.131602252061,0.0511295683137,1.21140575955,0.307890474911
000852.SH,311772,311771,5522,311508,0.173831207344,0.0559113382221,4.70953020131,0.697158325189,0.131602252061,0.0511295683137,1.21233670249,0.313034131295
000852.SH,312140,312139,5522,311508,0.173831207344,0.0559113382221,4.70953020131,0.697158325189,0.131602252061,0.0511295683137,1.21233670249,0.313034131295
000852.SH,312402,312401,5649,312139,0.175635348022,0.0559113382221,4.68213122712,0.693956099764,0.136570492985,0.0511295683137,1.23349892304,0.305311057234
000852.SH,312665,312664,5670,312401,0.175635348022,0.0559113382221,4.67282883446,0.693193177662,0.136570492985,0.0511295683137,1.22216558085,0.30367962513
000852.SH,313148,313147,5694,312907,0.175635348022,0.0559113382221,4.67282883446,0.693973798192,0.136570492985,0.0511295683137,1.2342685052,0.305551006535
000852.SH,313362,313361,5908,313121,0.175635348022,0.0559113382221,4.67282883446,0.691629481786,0.143578622189,0.0511295683137,1.24627342909,0.296758294461
000852.SH,313687,313686,5934,313147,0.175635348022,0.0559113382221,4.66343909411,0.692956970163,0.143578622189,0.0511295683137,1.24215062202,0.29917843826
000852.SH,313908,313907,5999,313667,0.175635348022,0.0559113382221,4.68213122712,0.696058897338,0.143578622189,0.0511295683137,1.25030877022,0.304119377115
000852.SH,314249,314248,6018,313686,0.175635348022,0.0559113382221,4.69134788223,0.696932878808,0.143578622189,0.0511295683137,1.2471635359,0.304786703543
000852.SH,314482,314481,6111,314241,0.175635348022,0.0559113382221,4.7184988713,0.70169893124,0.143578622189,0.0511295683137,1.25620380781,0.308484464139
000852.SH,314886,314885,6118,314248,0.175635348022,0.0559113382221,4.70953020131,0.702384507418,0.143578622189,0.0511295683137,1.26191710968,0.309346186955
000852.SH,316264,316263,7178,316023,0.204966118997,0.058771947713,4.91998092583,0.702548932569,0.180056294031,0.0553707079448,1.18170154947,0.314257396001
000852.SH,316972,316971,7645,316731,0.218388181083,0.058771947713,4.91265488574,0.72081384161,0.197662421325,0.0564185632681,1.226314838,0.319001770811
000852.SH,317643,317642,8075,317402,0.175635348022,0.058771947713,4.92725368516,0.716947894063,0.169201424771,0.0567493827077,1.19989577463,0.309958282965
000852.SH,317738,317737,8170,317497,0.175635348022,0.058771947713,4.94164242261,0.71859562168,0.166723344317,0.0570738932295,1.20758961649,0.310455227994
000852.SH,318499,318498,8595,318258,0.175635348022,0.058771947713,4.91998092583,0.721861903177,0.167467566452,0.0570738932295,1.24845365948,0.310490648879
000852.SH,318746,318745,8835,318498,0.204966118997,0.058771947713,4.94164242261,0.719904149182,0.200132207202,0.0570738932295,1.20758961649,0.318925315021
000852.SH,319414,319413,9028,319173,0.175635348022,0.058771947713,4.94875989038,0.720909252151,0.176297796627,0.0570738932295,1.18228943682,0.315658938964
000852.SH,319797,319796,9268,319413,0.175635348022,0.058771947713,4.98360662171,0.716669908189,0.202133079547,0.0635601787259,1.17711305682,0.314420035043
000852.SH,320304,320303,9436,320063,0.175635348022,0.058771947713,4.99721227376,0.713348382432,0.202133079547,0.0570738932295,1.16394785884,0.307398512455
000852.SH,320498,320497,9630,320257,0.175635348022,0.0559113382221,4.97673374242,0.708567300104,0.187019125758,0.0638345218286,1.16692332598,0.306629644195
000852.SH,320564,320563,9676,320303,0.175635348022,0.0559113382221,4.97673374242,0.709613504535,0.187019125758,0.0638345218286,1.16692332598,0.304784684135
000852.SH,321202,321201,9833,320961,0.175635348022,0.0559113382221,5.00394630595,0.713256214657,0.187019125758,0.0609356493788,1.1630086695,0.305386076758
000852.SH,321299,321298,9930,321058,0.174733277683,0.0559113382221,5.02388052085,0.710730733301,0.185681716274,0.060334406757,1.17091895649,0.305995456454
000852.SH,321358,321357,9989,321117,0.173831207344,0.0559113382221,5.03043792139,0.71001708783,0.18434430679,0.060334406757,1.17512058239,0.304928371776
000852.SH,321449,321448,10073,321201,0.173831207344,0.0559113382221,5.04342511692,0.70810217274,0.18434430679,0.060334406757,1.17856303248,0.303538823914
000852.SH,321496,321495,10073,321201,0.173831207344,0.0559113382221,5.04342511692,0.70810217274,0.18434430679,0.060334406757,1.17856303248,0.303538823914
000852.SH,321823,321822,10073,321201,0.173831207344,0.0559113382221,5.04342511692,0.70810217274,0.18434430679,0.060334406757,1.17856303248,0.303538823914
000852.SH,321948,321947,10073,321201,0.173831207344,0.0559113382221,5.04342511692,0.70810217274,0.18434430679,0.060334406757,1.17856303248,0.303538823914
000852.SH,322080,322079,10159,321822,0.173166685762,0.0559113382221,5.05624580535,0.709639115861,0.179957835295,0.058319309206,1.16294529021,0.307810152075
000852.SH,322259,322258,10159,321822,0.173166685762,0.0559113382221,5.05624580535,0.709639115861,0.179957835295,0.058319309206,1.16294529021,0.307810152075
000852.SH,322429,322428,10159,321822,0.173166685762,0.0559113382221,5.05624580535,0.709639115861,0.179957835295,0.058319309206,1.16294529021,0.307810152075
000852.SH,322457,322456,10159,321822,0.173166685762,0.0559113382221,5.05624580535,0.709639115861,0.179957835295,0.058319309206,1.16294529021,0.307810152075
000852.SH,322509,322508,10159,321822,0.173166685762,0.0559113382221,5.05624580535,0.709639115861,0.179957835295,0.058319309206,1.16294529021,0.307810152075
000852.SH,322531,322530,10159,321822,0.173166685762,0.0559113382221,5.05624580535,0.709639115861,0.179957835295,0.058319309206,1.16294529021,0.307810152075
000852.SH,322903,322902,10159,321822,0.173166685762,0.0559113382221,5.05624580535,0.709639115861,0.179957835295,0.058319309206,1.16294529021,0.307810152075
000852.SH,322985,322984,10159,321822,0.173166685762,0.0559113382221,5.05624580535,0.709639115861,0.179957835295,0.058319309206,1.16294529021,0.307810152075
000852.SH,323032,323031,10179,322791,0.173831207344,0.0559113382221,5.04985600725,0.710292830753,0.178972615596,0.0593190390948,1.16706733065,0.306849843036
000852.SH,323135,323134,10282,322894,0.173831207344,0.0559113382221,5.03043792139,0.711510235632,0.178972615596,0.060334406757,1.18822169856,0.306685379908
000852.SH,323173,323172,10290,322902,0.173831207344,0.0559113382221,5.03043792139,0.711382301077,0.178972615596,0.060334406757,1.18822169856,0.306643903805
000852.SH,323192,323191,10290,322902,0.173831207344,0.0559113382221,5.03043792139,0.711382301077,0.178972615596,0.060334406757,1.18822169856,0.306643903805
000852.SH,323220,323219,10290,322902,0.173831207344,0.0559113382221,5.03043792139,0.711382301077,0.178972615596,0.060334406757,1.18822169856,0.306643903805
000852.SH,323308,323307,10290,322902,0.173831207344,0.0559113382221,5.03043792139,0.711382301077,0.178972615596,0.060334406757,1.18822169856,0.306643903805
000852.SH,323334,323333,10290,322902,0.173831207344,0.0559113382221,5.03043792139,0.711382301077,0.178972615596,0.060334406757,1.18822169856,0.306643903805
000852.SH,323373,323372,10290,322902,0.173831207344,0.0559113382221,5.03043792139,0.711382301077,0.178972615596,0.060334406757,1.18822169856,0.306643903805
000852.SH,323419,323418,10290,322902,0.173831207344,0.0559113382221,5.03043792139,0.711382301077,0.178972615596,0.060334406757,1.18822169856,0.306643903805
000852.SH,323447,323446,10290,322902,0.173831207344,0.0559113382221,5.03043792139,0.711382301077,0.178972615596,0.060334406757,1.18822169856,0.306643903805
000852.SH,323643,323642,10290,322902,0.173831207344,0.0559113382221,5.03043792139,0.711382301077,0.178972615596,0.060334406757,1.18822169856,0.306643903805
000852.SH,323789,323788,10290,322902,0.173831207344,0.0559113382221,5.03043792139,0.711382301077,0.178972615596,0.060334406757,1.18822169856,0.306643903805
000852.SH,324107,324106,10290,322902,0.173831207344,0.0559113382221,5.03043792139,0.711382301077,0.178972615596,0.060334406757,1.18822169856,0.306643903805
000852.SH,324229,324228,10290,322902,0.173831207344,0.0559113382221,5.03043792139,0.711382301077,0.178972615596,0.060334406757,1.18822169856,0.306643903805
000852.SH,324315,324314,10335,324074,0.173831207344,0.0559113382221,5.03695260241,0.713178919719,0.179578439509,0.060334406757,1.18290447043,0.308046887911
000852.SH,324552,324551,10367,324106,0.175635348022,0.0559113382221,5.03695260241,0.714706751004,0.182330695588,0.060334406757,1.18290447043,0.309533521267
000852.SH,324606,324605,10367,324106,0.175635348022,0.0559113382221,5.03695260241,0.714706751004,0.182330695588,0.060334406757,1.18290447043,0.309533521267
000852.SH,324672,324671,10367,324106,0.175635348022,0.0559113382221,5.03695260241,0.714706751004,0.182330695588,0.060334406757,1.18290447043,0.309533521267
000852.SH,324826,324825,10367,324106,0.175635348022,0.0559113382221,5.03695260241,0.714706751004,0.182330695588,0.060334406757,1.18290447043,0.309533521267
000852.SH,324926,324925,10367,324106,0.175635348022,0.0559113382221,5.03695260241,0.714706751004,0.182330695588,0.060334406757,1.18290447043,0.309533521267
000852.SH,325066,325065,10367,324106,0.175635348022,0.0559113382221,5.03695260241,0.714706751004,0.182330695588,0.060334406757,1.18290447043,0.309533521267
000852.SH,325260,325259,10367,324106,0.175635348022,0.0559113382221,5.03695260241,0.714706751004,0.182330695588,0.060334406757,1.18290447043,0.309533521267
000852.SH,325404,325403,10367,324106,0.175635348022,0.0559113382221,5.03695260241,0.714706751004,0.182330695588,0.060334406757,1.18290447043,0.309533521267
000852.SH,325744,325743,10367,324106,0.175635348022,0.0559113382221,5.03695260241,0.714706751004,0.182330695588,0.060334406757,1.18290447043,0.309533521267
000852.SH,326142,326141,10466,325743,0.175635348022,0.0559113382221,5.02058017883,0.717518874478,0.176297796627,0.060334406757,1.20283678769,0.312114628926
000852.SH,326194,326193,10466,325743,0.175635348022,0.0559113382221,5.02058017883,0.717518874478,0.176297796627,0.060334406757,1.20283678769,0.312114628926
000852.SH,326280,326279,10521,326039,0.173831207344,0.0559113382221,5.03043792139,0.715901545071,0.17187624374,0.060334406757,1.19256313651,0.312834388286
000852.SH,326347,326346,10588,326106,0.173831207344,0.0559113382221,5.04342511692,0.715077732748,0.17187624374,0.058319309206,1.19054804956,0.31437778255
000852.SH,326654,326653,10623,326141,0.173831207344,0.0559113382221,5.04342511692,0.716197263852,0.17187624374,0.058319309206,1.19909331817,0.31573913948
000852.SH,326746,326745,10623,326141,0.173831207344,0.0559113382221,5.04342511692,0.716197263852,0.17187624374,0.058319309206,1.19909331817,0.31573913948
000852.SH,326804,326803,10623,326141,0.173831207344,0.0559113382221,5.04342511692,0.716197263852,0.17187624374,0.058319309206,1.19909331817,0.31573913948
000852.SH,326868,326867,10663,326627,0.173831207344,0.0559113382221,5.04985600725,0.717417271557,0.17187624374,0.058319309206,1.18809747049,0.317770581753
000852.SH,326905,326904,10689,326653,0.173831207344,0.0559113382221,5.04342511692,0.718113678757,0.17187624374,0.058319309206,1.19909331817,0.318744206167
000852.SH,326948,326947,10689,326653,0.173831207344,0.0559113382221,5.04342511692,0.718113678757,0.17187624374,0.058319309206,1.19909331817,0.318744206167
000852.SH,327027,327026,10689,326653,0.173831207344,0.0559113382221,5.04342511692,0.718113678757,0.17187624374,0.058319309206,1.19909331817,0.318744206167
000852.SH,327067,327066,10689,326653,0.173831207344,0.0559113382221,5.04342511692,0.718113678757,0.17187624374,0.058319309206,1.19909331817,0.318744206167
000852.SH,327128,327127,10689,326653,0.173831207344,0.0559113382221,5.04342511692,0.718113678757,0.17187624374,0.058319309206,1.19909331817,0.318744206167
000852.SH,327253,327252,10689,326653,0.173831207344,0.0559113382221,5.04342511692,0.718113678757,0.17187624374,0.058319309206,1.19909331817,0.318744206167
000852.SH,327604,327603,10689,326653,0.173831207344,0.0559113382221,5.04342511692,0.718113678757,0.17187624374,0.058319309206,1.19909331817,0.318744206167
000852.SH,327699,327698,10689,326653,0.173831207344,0.0559113382221,5.04342511692,0.718113678757,0.17187624374,0.058319309206,1.19909331817,0.318744206167
000852.SH,327799,327798,10754,327558,0.173166685762,0.0559113382221,5.05624580535,0.721053482413,0.172861463438,0.058319309206,1.1800853655,0.321359779158
000852.SH,327886,327885,10799,327603,0.172057436352,0.0559113382221,5.05624580535,0.722195745936,0.174506036614,0.058319309206,1.17654084531,0.323104080028
000852.SH,327972,327971,10799,327603,0.172057436352,0.0559113382221,5.05624580535,0.722195745936,0.174506036614,0.058319309206,1.17654084531,0.323104080028
000852.SH,328008,328007,10799,327603,0.172057436352,0.0559113382221,5.05624580535,0.722195745936,0.174506036614,0.058319309206,1.17654084531,0.323104080028
000852.SH,328032,328031,10799,327603,0.172057436352,0.0559113382221,5.05624580535,0.722195745936,0.174506036614,0.058319309206,1.17654084531,0.323104080028
000852.SH,328756,328755,11042,328515,0.175635348022,0.0559113382221,5.09375020081,0.722360211255,0.166723344317,0.0574096199632,1.14563149349,0.321116215451
000852.SH,329982,329981,12027,329741,0.175635348022,0.058771947713,5.04985600725,0.722709259234,0.158086637898,0.0566945097477,1.1852924024,0.317912506815
000852.SH,330185,330184,12230,329944,0.175635348022,0.058771947713,5.03695260241,0.729052649154,0.166723344317,0.0560932671259,1.18290447043,0.319284760734
000852.SH,330916,330915,12517,330675,0.175635348022,0.058771947713,5.07517381523,0.732362845664,0.169201424771,0.0566945097477,1.15627693339,0.319523254259
000852.SH,332111,332110,13471,331870,0.175635348022,0.058771947713,5.03043792139,0.737033457356,0.167467566452,0.0564185632681,1.20120805897,0.323042369611
000852.SH,332326,332325,13686,332085,0.175635348022,0.061262324092,5.0106352941,0.739447756162,0.169201424771,0.0592272531749,1.19568111873,0.326342334154
000852.SH,332347,332346,13707,332106,0.175635348022,0.061262324092,5.00394630595,0.740222981674,0.169201424771,0.0592272531749,1.20559821257,0.32691439535
000852.SH,332472,332471,13711,332110,0.175635348022,0.061262324092,5.00394630595,0.740248204544,0.169201424771,0.0592272531749,1.20559821257,0.327009508293
000852.SH,332567,332566,13711,332110,0.175635348022,0.061262324092,5.00394630595,0.740248204544,0.169201424771,0.0592272531749,1.20559821257,0.327009508293
000852.SH,332661,332660,13711,332110,0.175635348022,0.061262324092,5.00394630595,0.740248204544,0.169201424771,0.0592272531749,1.20559821257,0.327009508293
000852.SH,332720,332719,13711,332110,0.175635348022,0.061262324092,5.00394630595,0.740248204544,0.169201424771,0.0592272531749,1.20559821257,0.327009508293
000852.SH,332766,332765,13711,332110,0.175635348022,0.061262324092,5.00394630595,0.740248204544,0.169201424771,0.0592272531749,1.20559821257,0.327009508293
000852.SH,332798,332797,13711,332110,0.175635348022,0.061262324092,5.00394630595,0.740248204544,0.169201424771,0.0592272531749,1.20559821257,0.327009508293
000852.SH,332811,332810,13711,332110,0.175635348022,0.061262324092,5.00394630595,0.740248204544,0.169201424771,0.0592272531749,1.20559821257,0.327009508293
000852.SH,332873,332872,13711,332110,0.175635348022,0.061262324092,5.00394630595,0.740248204544,0.169201424771,0.0592272531749,1.20559821257,0.327009508293
000852.SH,333096,333095,13711,332110,0.175635348022,0.061262324092,5.00394630595,0.740248204544,0.169201424771,0.0592272531749,1.20559821257,0.327009508293
000852.SH,333150,333149,13711,332110,0.175635348022,0.061262324092,5.00394630595,0.740248204544,0.169201424771,0.0592272531749,1.20559821257,0.327009508293
000852.SH,333472,333471,13711,332110,0.175635348022,0.061262324092,5.00394630595,0.740248204544,0.169201424771,0.0592272531749,1.20559821257,0.327009508293
000852.SH,333583,333582,13711,332110,0.175635348022,0.061262324092,5.00394630595,0.740248204544,0.169201424771,0.0592272531749,1.20559821257,0.327009508293
000852.SH,333733,333732,13792,333471,0.175635348022,0.064363568559,5.0106352941,0.741471509763,0.169201424771,0.0636608450111,1.19489060952,0.327070379474
000852.SH,333847,333846,13792,333471,0.175635348022,0.064363568559,5.0106352941,0.741471509763,0.169201424771,0.0636608450111,1.19489060952,0.327070379474
000852.SH,334009,334008,13792,333471,0.175635348022,0.064363568559,5.0106352941,0.741471509763,0.169201424771,0.0636608450111,1.19489060952,0.327070379474
000852.SH,334369,334368,13792,333471,0.175635348022,0.064363568559,5.0106352941,0.741471509763,0.169201424771,0.0636608450111,1.19489060952,0.327070379474
000852.SH,334735,334734,13911,334368,0.180706948696,0.0651855743611,5.01727983681,0.744858462721,0.168778641468,0.0648795508133,1.18141084042,0.328703334133
000852.SH,335075,335074,14036,334734,0.180706948696,0.0651855743611,5.00394630595,0.742378250732,0.168778641468,0.0648795508133,1.18497351569,0.32919097159
000852.SH,335118,335117,14036,334734,0.180706948696,0.0651855743611,5.00394630595,0.742378250732,0.168778641468,0.0648795508133,1.18497351569,0.32919097159
000852.SH,335161,335160,14036,334734,0.180706948696,0.0651855743611,5.00394630595,0.742378250732,0.168778641468,0.0648795508133,1.18497351569,0.32919097159
000852.SH,335208,335207,14036,334734,0.180706948696,0.0651855743611,5.00394630595,0.742378250732,0.168778641468,0.0648795508133,1.18497351569,0.32919097159
000852.SH,335265,335264,14085,335024,0.180706948696,0.0651855743611,4.99721227376,0.743444613512,0.168778641468,0.0648795508133,1.19335378625,0.330624977491
000852.SH,335345,335344,14135,335074,0.180706948696,0.0651855743611,4.99043258678,0.744563884814,0.165605793057,0.0648795508133,1.18723323263,0.330072898078
000852.SH,335400,335399,14135,335074,0.180706948696,0.0651855743611,4.99043258678,0.744563884814,0.165605793057,0.0648795508133,1.18723323263,0.330072898078
000852.SH,335446,335445,14135,335074,0.180706948696,0.0651855743611,4.99043258678,0.744563884814,0.165605793057,0.0648795508133,1.18723323263,0.330072898078
000852.SH,335549,335548,14135,335074,0.180706948696,0.0651855743611,4.99043258678,0.744563884814,0.165605793057,0.0648795508133,1.18723323263,0.330072898078
000852.SH,335607,335606,14135,335074,0.180706948696,0.0651855743611,4.99043258678,0.744563884814,0.165605793057,0.0648795508133,1.18723323263,0.330072898078
000852.SH,336126,336125,14173,335885,0.177424025119,0.064363568559,4.99721227376,0.743520111354,0.166549532108,0.0636608450111,1.1843683042,0.328639012725
000852.SH,336616,336615,14422,336375,0.175635348022,0.058771947713,5.0106352941,0.745609220184,0.167467566452,0.0560932671259,1.17292576333,0.330175645779
000852.SH,336686,336685,14492,336445,0.175635348022,0.058771947713,5.01727983681,0.745559827581,0.167467566452,0.0560932671259,1.16113278235,0.331567145187
000852.SH,337160,337159,14662,336615,0.180706948696,0.058771947713,5.03695260241,0.74303165584,0.164165561315,0.0555350211553,1.16896688248,0.331522867847
000852.SH,338504,338503,15758,338263,0.183415889101,0.064363568559,4.99721227376,0.743472025342,0.168181836359,0.0588034601104,1.17078714053,0.326786864238
000852.SH,338783,338782,15998,338503,0.183415889101,0.064363568559,5.00394630595,0.742984743075,0.168181836359,0.0588034601104,1.15624842213,0.326442679976
000852.SH,338809,338808,15998,338503,0.183415889101,0.064363568559,5.00394630595,0.742984743075,0.168181836359,0.0588034601104,1.15624842213,0.326442679976
000852.SH,338919,338918,15998,338503,0.183415889101,0.064363568559,5.00394630595,0.742984743075,0.168181836359,0.0588034601104,1.15624842213,0.326442679976
000852.SH,340035,340034,16671,339794,0.180968777243,0.058771947713,4.96284463026,0.741324305352,0.164553748318,0.0543044995068,1.16896688248,0.328604935351
000852.SH,340084,340083,16720,339843,0.180706948696,0.058771947713,4.9558270576,0.742962831736,0.165605793057,0.0553707079448,1.17654084531,0.330016194459
000852.SH,340152,340151,16788,339911,0.180706948696,0.058771947713,4.94875989038,0.744141173554,0.165605793057,0.0553707079448,1.17107135409,0.329769800132
000852.SH,340567,340566,16911,340034,0.175635348022,0.058771947713,4.9558270576,0.747484036409,0.176297796627,0.0553707079448,1.15856262925,0.332034269259
000852.SH,340829,340828,17085,340566,0.180706948696,0.058771947713,4.96981329958,0.748069119849,0.165605793057,0.0553707079448,1.15666307742,0.332626761668
000852.SH,341048,341047,17085,340566,0.180706948696,0.058771947713,4.96981329958,0.748069119849,0.165605793057,0.0553707079448,1.15666307742,0.332626761668
000852.SH,341441,341440,17106,340828,0.180706948696,0.058771947713,4.96981329958,0.747526906352,0.165605793057,0.0553707079448,1.15666307742,0.332335437221
000852.SH,342286,342285,17622,342045,0.183415889101,0.058771947713,4.98360662171,0.746951824347,0.168181836359,0.0553707079448,1.13285305365,0.329941999314
000852.SH,342422,342421,17758,342181,0.183415889101,0.061262324092,4.97673374242,0.744464379473,0.168181836359,0.0550582744467,1.14081540378,0.327502839605
000852.SH,342639,342638,17862,342285,0.183415889101,0.064363568559,4.96981329958,0.745322329215,0.168181836359,0.0588034601104,1.14157177365,0.327216588541
000852.SH,342804,342803,17862,342285,0.183415889101,0.064363568559,4.96981329958,0.745322329215,0.168181836359,0.0588034601104,1.14157177365,0.327216588541
000852.SH,342869,342868,17862,342285,0.183415889101,0.064363568559,4.96981329958,0.745322329215,0.168181836359,0.0588034601104,1.14157177365,0.327216588541
000852.SH,342911,342910,17862,342285,0.183415889101,0.064363568559,4.96981329958,0.745322329215,0.168181836359,0.0588034601104,1.14157177365,0.327216588541
000852.SH,343169,343168,17862,342285,0.183415889101,0.064363568559,4.96981329958,0.745322329215,0.168181836359,0.0588034601104,1.14157177365,0.327216588541
000852.SH,343422,343421,17879,343168,0.183415889101,0.064363568559,4.96284463026,0.745581278557,0.168181836359,0.0588034601104,1.14633132829,0.327690251238
000852.SH,343912,343911,17900,343671,0.183415889101,0.064363568559,4.96981329958,0.746023248014,0.168181836359,0.0588034601104,1.14157177365,0.328226380219
000852.SH,344089,344088,18077,343848,0.183415889101,0.058771947713,4.98360662171,0.74584870125,0.168181836359,0.0555350211553,1.14945259261,0.326910805648
000852.SH,344522,344521,18140,343911,0.183415889101,0.058771947713,4.98360662171,0.747602222683,0.168181836359,0.0555350211553,1.15412220277,0.328800581682
000852.SH,344803,344802,18332,344521,0.183415889101,0.058771947713,4.98360662171,0.748689943316,0.16906931879,0.0555350211553,1.15877715164,0.32917082283
000852.SH,344897,344896,18332,344521,0.183415889101,0.058771947713,4.98360662171,0.748689943316,0.16906931879,0.0555350211553,1.15877715164,0.32917082283
000852.SH,345049,345048,18372,344802,0.183415889101,0.058771947713,4.98360662171,0.747602222683,0.16906931879,0.0555350211553,1.15877715164,0.32844382029
000852.SH,345356,345355,18372,344802,0.183415889101,0.058771947713,4.98360662171,0.747602222683,0.16906931879,0.0555350211553,1.15877715164,0.32844382029
000852.SH,345574,345573,18416,345333,0.183415889101,0.058771947713,4.98360662171,0.748888263079,0.16906931879,0.0553707079448,1.15481789984,0.329519578134
000852.SH,346142,346141,18525,345901,0.183415889101,0.058771947713,4.99043258678,0.74940862898,0.16906931879,0.0553707079448,1.14400202695,0.328719529042
000852.SH,346894,346893,19036,346653,0.191251584031,0.058771947713,5.03043792139,0.751783035936,0.17898044804,0.0543044995068,1.13285133628,0.32817969922
000852.SH,347102,347101,19244,346861,0.194275092191,0.058771947713,5.03043792139,0.753024169028,0.174497794843,0.0543044995068,1.13827807655,0.329399319041
000852.SH,347204,347203,19276,346893,0.194275092191,0.058771947713,5.02388052085,0.75216005201,0.175779766401,0.0543044995068,1.14031671558,0.329636388949
000852.SH,348700,348699,20291,348459,0.194275092191,0.061262324092,5.00394630595,0.760501606207,0.18428169086,0.0584556576152,1.14136448948,0.329788041386
000852.SH,348883,348882,20474,348642,0.194275092191,0.064363568559,5.00394630595,0.759475316836,0.18428169086,0.0596561794935,1.13326191517,0.32996513925
000852.SH,348929,348928,20520,348688,0.194275092191,0.0651855743611,5.00394630595,0.760341493989,0.185721922602,0.0600221659126,1.13326191517,0.331017147579
000852.SH,349034,349033,20531,348699,0.194275092191,0.0651855743611,5.00394630595,0.760462436686,0.185721922602,0.0600221659126,1.13326191517,0.330981031088
000852.SH,349197,349196,20531,348699,0.194275092191,0.0651855743611,5.00394630595,0.760462436686,0.185721922602,0.0600221659126,1.13326191517,0.330981031088
000852.SH,349280,349279,20531,348699,0.194275092191,0.0651855743611,5.00394630595,0.760462436686,0.185721922602,0.0600221659126,1.13326191517,0.330981031088
000852.SH,349385,349384,20531,348699,0.194275092191,0.0651855743611,5.00394630595,0.760462436686,0.185721922602,0.0600221659126,1.13326191517,0.330981031088
000688.SH,243,242,0,-1,,,,,,,,
000688.SH,256,255,0,-1,,,,,,,,
000688.SH,322,321,0,-1,,,,,,,,
000688.SH,372,371,0,-1,,,,,,,,
000688.SH,390,389,0,-1,,,,,,,,
000688.SH,444,443,0,-1,,,,,,,,
000688.SH,482,481,0,-1,,,,,,,,
000688.SH,487,486,0,-1,,,,,,,,
000688.SH,511,510,0,-1,,,,,,,,
000688.SH,533,532,0,-1,,,,,,,,
000688.SH,548,547,0,-1,,,,,,,,
000688.SH,642,641,0,-1,,,,,,,,
000688.SH,766,765,0,-1,,,,,,,,
000688.SH,969,968,0,-1,,,,,,,,
000688.SH,1231,1230,0,-1,,,,,,,,
000688.SH,1358,1357,0,-1,,,,,,,,
000688.SH,1454,1453,4,1213,0.18978423727,0.0641254715108,5.7054463697,1.8530225001,1,1,0.00492559951735,0.0746937029019
000688.SH,1513,1512,21,1230,0.678528905418,0.247512679101,2.3978952728,2.11336929143,0.230396446077,0.0864495587132,1.49979951165,0.111270019395
000688.SH,1687,1686,21,1230,0.678528905418,0.247512679101,2.3978952728,2.11336929143,0.230396446077,0.0864495587132,1.49979951165,0.111270019395
000688.SH,1704,1703,21,1230,0.678528905418,0.247512679101,2.3978952728,2.11336929143,0.230396446077,0.0864495587132,1.49979951165,0.111270019395
000688.SH,1799,1798,21,1230,0.678528905418,0.247512679101,2.3978952728,2.11336929143,0.230396446077,0.0864495587132,1.49979951165,0.111270019395
000688.SH,1846,1845,21,1230,0.678528905418,0.247512679101,2.3978952728,2.11336929143,0.230396446077,0.0864495587132,1.49979951165,0.111270019395
000688.SH,1925,1924,21,1230,0.678528905418,0.247512679101,2.3978952728,2.11336929143,0.230396446077,0.0864495587132,1.49979951165,0.111270019395
000688.SH,1937,1936,21,1230,0.678528905418,0.247512679101,2.3978952728,2.11336929143,0.230396446077,0.0864495587132,1.49979951165,0.111270019395
000688.SH,1970,1969,21,1230,0.678528905418,0.247512679101,2.3978952728,2.11336929143,0.230396446077,0.0864495587132,1.49979951165,0.111270019395
000688.SH,2013,2012,21,1230,0.678528905418,0.247512679101,2.3978952728,2.11336929143,0.230396446077,0.0864495587132,1.49979951165,0.111270019395
000688.SH,2041,2040,21,1230,0.678528905418,0.247512679101,2.3978952728,2.11336929143,0.230396446077,0.0864495587132,1.49979951165,0.111270019395
000688.SH,2112,2111,21,1230,0.678528905418,0.247512679101,2.3978952728,2.11336929143,0.230396446077,0.0864495587132,1.49979951165,0.111270019395
000688.SH,2163,2162,21,1230,0.678528905418,0.247512679101,2.3978952728,2.11336929143,0.230396446077,0.0864495587132,1.49979951165,0.111270019395
000688.SH,2525,2524,21,1230,0.678528905418,0.247512679101,2.3978952728,2.11336929143,0.230396446077,0.0864495587132,1.49979951165,0.111270019395
000688.SH,2663,2662,40,2422,0.18978423727,0.0949301064052,4.01634243798,1.80332549815,0.0454644745015,0.0456709516944,2.44817905523,0.463023394149
000688.SH,2682,2681,59,2441,0.36158993571,0.107194129845,2.77258872224,1.78581168502,0.300183603009,0.0181826411523,1.80342770784,0.26337873691
000688.SH,2713,2712,90,2472,0.36158993571,0.107194129845,2.91740536853,1.59321905544,0.254719128508,0.0181826411523,1.24236516969,0.493500633057
000688.SH,2771,2770,142,2524,0.235274249589,0.103335919317,2.97008562636,1.18691404828,0.187275636243,0.0124624582235,0.909476228513,0.371817693231
000688.SH,2883,2882,142,2524,0.235274249589,0.103335919317,2.97008562636,1.18691404828,0.187275636243,0.0124624582235,0.909476228513,0.371817693231
000688.SH,2899,2898,142,2524,0.235274249589,0.103335919317,2.97008562636,1.18691404828,0.187275636243,0.0124624582235,0.909476228513,0.371817693231
000688.SH,2911,2910,142,2524,0.235274249589,0.103335919317,2.97008562636,1.18691404828,0.187275636243,0.0124624582235,0.909476228513,0.371817693231
000688.SH,2986,2985,142,2524,0.235274249589,0.103335919317,2.97008562636,1.18691404828,0.187275636243,0.0124624582235,0.909476228513,0.371817693231
000688.SH,3126,3125,142,2524,0.235274249589,0.103335919317,2.97008562636,1.18691404828,0.187275636243,0.0124624582235,0.909476228513,0.371817693231
000688.SH,3371,3370,142,2524,0.235274249589,0.103335919317,2.97008562636,1.18691404828,0.187275636243,0.0124624582235,0.909476228513,0.371817693231
000688.SH,3379,3378,142,2524,0.235274249589,0.103335919317,2.97008562636,1.18691404828,0.187275636243,0.0124624582235,0.909476228513,0.371817693231
000688.SH,3388,3387,142,2524,0.235274249589,0.103335919317,2.97008562636,1.18691404828,0.187275636243,0.0124624582235,0.909476228513,0.371817693231
000688.SH,3422,3421,142,2524,0.235274249589,0.103335919317,2.97008562636,1.18691404828,0.187275636243,0.0124624582235,0.909476228513,0.371817693231
000688.SH,3535,3534,142,2524,0.235274249589,0.103335919317,2.97008562636,1.18691404828,0.187275636243,0.0124624582235,0.909476228513,0.371817693231
000688.SH,3612,3611,146,3370,0.235274249589,0.103335919317,2.99573227355,1.19200684075,0.187275636243,0.0124624582235,0.912074228515,0.385483502334
000688.SH,3727,3726,146,3370,0.235274249589,0.103335919317,2.99573227355,1.19200684075,0.187275636243,0.0124624582235,0.912074228515,0.385483502334
000688.SH,3803,3802,146,3370,0.235274249589,0.103335919317,2.99573227355,1.19200684075,0.187275636243,0.0124624582235,0.912074228515,0.385483502334
000688.SH,3844,3843,146,3370,0.235274249589,0.103335919317,2.99573227355,1.19200684075,0.187275636243,0.0124624582235,0.912074228515,0.385483502334
000688.SH,3870,3869,146,3370,0.235274249589,0.103335919317,2.99573227355,1.19200684075,0.187275636243,0.0124624582235,0.912074228515,0.385483502334
000688.SH,3997,3996,146,3370,0.235274249589,0.103335919317,2.99573227355,1.19200684075,0.187275636243,0.0124624582235,0.912074228515,0.385483502334
000688.SH,4084,4083,146,3370,0.235274249589,0.103335919317,2.99573227355,1.19200684075,0.187275636243,0.0124624582235,0.912074228515,0.385483502334
000688.SH,4133,4132,146,3370,0.235274249589,0.103335919317,2.99573227355,1.19200684075,0.187275636243,0.0124624582235,0.912074228515,0.385483502334
000688.SH,4298,4297,146,3370,0.235274249589,0.103335919317,2.99573227355,1.19200684075,0.187275636243,0.0124624582235,0.912074228515,0.385483502334
000688.SH,4346,4345,146,3370,0.235274249589,0.103335919317,2.99573227355,1.19200684075,0.187275636243,0.0124624582235,0.912074228515,0.385483502334
000688.SH,4584,4583,146,3370,0.235274249589,0.103335919317,2.99573227355,1.19200684075,0.187275636243,0.0124624582235,0.912074228515,0.385483502334
000688.SH,4712,4711,146,3370,0.235274249589,0.103335919317,2.99573227355,1.19200684075,0.187275636243,0.0124624582235,0.912074228515,0.385483502334
000688.SH,4768,4767,146,3370,0.235274249589,0.103335919317,2.99573227355,1.19200684075,0.187275636243,0.0124624582235,0.912074228515,0.385483502334
000688.SH,4836,4835,146,3370,0.235274249589,0.103335919317,2.99573227355,1.19200684075,0.187275636243,0.0124624582235,0.912074228515,0.385483502334
000688.SH,4946,4945,146,3370,0.235274249589,0.103335919317,2.99573227355,1.19200684075,0.187275636243,0.0124624582235,0.912074228515,0.385483502334
000688.SH,4985,4984,146,3370,0.235274249589,0.103335919317,2.99573227355,1.19200684075,0.187275636243,0.0124624582235,0.912074228515,0.385483502334
000688.SH,5071,5070,146,3370,0.235274249589,0.103335919317,2.99573227355,1.19200684075,0.187275636243,0.0124624582235,0.912074228515,0.385483502334
000688.SH,5333,5332,146,3370,0.235274249589,0.103335919317,2.99573227355,1.19200684075,0.187275636243,0.0124624582235,0.912074228515,0.385483502334
000688.SH,5775,5774,167,5332,0.235274249589,0.103335919317,2.8903717579,1.24709890196,0.187275636243,0.0581334099179,0.942916945539,0.45002352297
000688.SH,5948,5947,301,5707,0.399103807982,0.0925023059692,4.00733318523,1.01336955024,0.0556180670297,0.0160619151499,1.36387413319,0.412170917771
000688.SH,5977,5976,330,5736,0.399103807982,0.0925023059692,4.12713438505,0.95024776546,0.0556180670297,0.00359945692642,1.40710683039,0.342721501224
000688.SH,6601,6600,511,6360,0.399103807982,0.0925023059692,4.46590811865,0.878360951577,0.140161121993,0.0217820980787,1.0276600099,0.302048118774
000688.SH,6724,6723,634,6483,0.399103807982,0.0925023059692,4.46590811865,0.746308862108,0.188701608348,0.0677798591336,0.865761139631,0.269914573644
000688.SH,7469,7468,1015,7228,0.312634829782,0.0925023059692,4.38202663467,0.796172377808,0.26659327903,0.0677798591336,1.08224040645,0.294289999589
000688.SH,7923,7922,1255,7468,0.227671932933,0.0774539877301,4.24849524205,0.827161134932,0.140627288162,0.0454692225123,1.11489693523,0.310817320351
000688.SH,7948,7947,1255,7468,0.227671932933,0.0774539877301,4.24849524205,0.827161134932,0.140627288162,0.0454692225123,1.11489693523,0.310817320351
000688.SH,8042,8041,1347,7801,0.227671932933,0.0774539877301,4.15888308336,0.850061889036,0.140627288162,0.0454692225123,1.13918625423,0.306983164026
000688.SH,8125,8124,1430,7884,0.227671932933,0.0774539877301,4.21950770518,0.826685122112,0.140627288162,0.0454692225123,1.05465655974,0.292084680088
000688.SH,8310,8309,1468,7922,0.162433585906,0.0744714310676,4.26267987704,0.844777818699,0.159207288358,0.042794490279,1.05865626081,0.306781441023
000688.SH,8650,8649,1468,7922,0.162433585906,0.0744714310676,4.26267987704,0.844777818699,0.159207288358,0.042794490279,1.05865626081,0.306781441023
000688.SH,8696,8695,1468,7922,0.162433585906,0.0744714310676,4.26267987704,0.844777818699,0.159207288358,0.042794490279,1.05865626081,0.306781441023
000688.SH,8935,8934,1567,8649,0.227671932933,0.0774539877301,4.15888308336,0.830159769721,0.140627288162,0.0454692225123,1.1175420742,0.292590556717
000688.SH,9844,9843,1995,9603,0.236407474496,0.0925023059692,4.21950770518,0.785629433443,0.241213584025,0.0677798591336,1.15302479339,0.254924243853
000688.SH,9888,9887,2039,9647,0.236407474496,0.0925023059692,4.24849524205,0.793599513675,0.241213584025,0.0677798591336,1.16051899637,0.266050579839
000688.SH,9932,9931,2083,9691,0.236407474496,0.0925023059692,4.21950770518,0.801557425591,0.241213584025,0.0741104378733,1.18277696237,0.27380063717
000688.SH,10308,10307,2235,9843,0.227671932933,0.0925023059692,4.2341065046,0.801872165689,0.193237541233,0.0741104378733,1.13918625423,0.267420887982
000688.SH,10342,10341,2235,9843,0.227671932933,0.0925023059692,4.2341065046,0.801872165689,0.193237541233,0.0741104378733,1.13918625423,0.267420887982
000688.SH,10509,10508,2331,10268,0.236407474496,0.086361425693,4.24849524205,0.796172377808,0.206188855156,0.0586753900362,1.07063693207,0.26762398013
000688.SH,10631,10630,2370,10307,0.236407474496,0.086361425693,4.27666611902,0.792970181291,0.206188855156,0.0586753900362,1.06942615209,0.262487421996
000688.SH,10802,10801,2370,10307,0.236407474496,0.086361425693,4.27666611902,0.792970181291,0.206188855156,0.0586753900362,1.06942615209,0.262487421996
000688.SH,10922,10921,2370,10307,0.236407474496,0.086361425693,4.27666611902,0.792970181291,0.206188855156,0.0586753900362,1.06942615209,0.262487421996
000688.SH,11045,11044,2370,10307,0.236407474496,0.086361425693,4.27666611902,0.792970181291,0.206188855156,0.0586753900362,1.06942615209,0.262487421996
000688.SH,11100,11099,2370,10307,0.236407474496,0.086361425693,4.27666611902,0.792970181291,0.206188855156,0.0586753900362,1.06942615209,0.262487421996
000688.SH,11178,11177,2370,10307,0.236407474496,0.086361425693,4.27666611902,0.792970181291,0.206188855156,0.0586753900362,1.06942615209,0.262487421996
000688.SH,11239,11238,2370,10307,0.236407474496,0.086361425693,4.27666611902,0.792970181291,0.206188855156,0.0586753900362,1.06942615209,0.262487421996
000688.SH,11270,11269,2370,10307,0.236407474496,0.086361425693,4.27666611902,0.792970181291,0.206188855156,0.0586753900362,1.06942615209,0.262487421996
000688.SH,11300,11299,2370,10307,0.236407474496,0.086361425693,4.27666611902,0.792970181291,0.206188855156,0.0586753900362,1.06942615209,0.262487421996
000688.SH,11379,11378,2370,10307,0.236407474496,0.086361425693,4.27666611902,0.792970181291,0.206188855156,0.0586753900362,1.06942615209,0.262487421996
000688.SH,11761,11760,2370,10307,0.236407474496,0.086361425693,4.27666611902,0.792970181291,0.206188855156,0.0586753900362,1.06942615209,0.262487421996
000688.SH,11964,11963,2474,11723,0.227671932933,0.086361425693,4.34380542185,0.779454637613,0.193237541233,0.0586753900362,1.04704067803,0.25121732113
000688.SH,12025,12024,2511,11760,0.235274249589,0.086361425693,4.34380542185,0.774661970016,0.187275636243,0.0586753900362,1.06567747753,0.251185950164
000688.SH,12300,12299,2511,11760,0.235274249589,0.086361425693,4.34380542185,0.774661970016,0.187275636243,0.0586753900362,1.06567747753,0.251185950164
000688.SH,12433,12432,2511,11760,0.235274249589,0.086361425693,4.34380542185,0.774661970016,0.187275636243,0.0586753900362,1.06567747753,0.251185950164
000688.SH,12521,12520,2526,12280,0.235274249589,0.086361425693,4.33073334029,0.776447884558,0.187275636243,0.0586753900362,1.06719835302,0.254374508498
000688.SH,12724,12723,2545,12299,0.235274249589,0.086361425693,4.31748811354,0.779245900597,0.187275636243,0.0586753900362,1.08818269897,0.255686493608
000688.SH,13223,13222,2563,12982,0.235274249589,0.086361425693,4.31748811354,0.78074111548,0.187275636243,0.0586753900362,1.09528215388,0.258129470993
000688.SH,13388,13387,2728,13147,0.227671932933,0.0848389630793,4.33073334029,0.803860011689,0.143882243389,0.0627487657048,1.06617126604,0.28118535338
000688.SH,13555,13554,2803,13222,0.227671932933,0.0848389630793,4.36944785247,0.807348127246,0.140627288162,0.0627487657048,1.07385066165,0.280026104263
000688.SH,13710,13709,2803,13222,0.227671932933,0.0848389630793,4.36944785247,0.807348127246,0.140627288162,0.0627487657048,1.07385066165,0.280026104263
000688.SH,14044,14043,2803,13222,0.227671932933,0.0848389630793,4.36944785247,0.807348127246,0.140627288162,0.0627487657048,1.07385066165,0.280026104263
000688.SH,14157,14156,2803,13222,0.227671932933,0.0848389630793,4.36944785247,0.807348127246,0.140627288162,0.0627487657048,1.07385066165,0.280026104263
000688.SH,14172,14171,2803,13222,0.227671932933,0.0848389630793,4.36944785247,0.807348127246,0.140627288162,0.0627487657048,1.07385066165,0.280026104263
000688.SH,14277,14276,2889,14036,0.227671932933,0.0848389630793,4.33073334029,0.819874553901,0.140627288162,0.0627487657048,1.08505814566,0.288173012778
000688.SH,14738,14737,2896,14043,0.227671932933,0.0848389630793,4.34380542185,0.819701493601,0.140627288162,0.0627487657048,1.08432678003,0.287337086132
000688.SH,15200,15199,3116,14737,0.227671932933,0.0774539877301,4.35670882669,0.843905285412,0.177136212801,0.051799801252,1.05590086376,0.30092817854
000688.SH,15362,15361,3259,15121,0.227671932933,0.0848389630793,4.4188406078,0.821254085918,0.193237541233,0.0688145396286,1.01870167449,0.282658968644
000688.SH,15546,15545,3337,15199,0.236407474496,0.0848389630793,4.45434729625,0.820468252415,0.206188855156,0.0868357077903,1.0276600099,0.281497422181
000688.SH,15604,15603,3337,15199,0.236407474496,0.0848389630793,4.45434729625,0.820468252415,0.206188855156,0.0868357077903,1.0276600099,0.281497422181
000688.SH,15806,15805,3337,15199,0.236407474496,0.0848389630793,4.45434729625,0.820468252415,0.206188855156,0.0868357077903,1.0276600099,0.281497422181
000688.SH,15841,15840,3337,15199,0.236407474496,0.0848389630793,4.45434729625,0.820468252415,0.206188855156,0.0868357077903,1.0276600099,0.281497422181
000688.SH,15851,15850,3337,15199,0.236407474496,0.0848389630793,4.45434729625,0.820468252415,0.206188855156,0.0868357077903,1.0276600099,0.281497422181
000688.SH,15924,15923,3337,15199,0.236407474496,0.0848389630793,4.45434729625,0.820468252415,0.206188855156,0.0868357077903,1.0276600099,0.281497422181
000688.SH,16081,16080,3337,15199,0.236407474496,0.0848389630793,4.45434729625,0.820468252415,0.206188855156,0.0868357077903,1.0276600099,0.281497422181
000688.SH,16135,16134,3337,15199,0.236407474496,0.0848389630793,4.45434729625,0.820468252415,0.206188855156,0.0868357077903,1.0276600099,0.281497422181
000688.SH,16201,16200,3337,15199,0.236407474496,0.0848389630793,4.45434729625,0.820468252415,0.206188855156,0.0868357077903,1.0276600099,0.281497422181
000688.SH,16337,16336,3337,15199,0.236407474496,0.0848389630793,4.45434729625,0.820468252415,0.206188855156,0.0868357077903,1.0276600099,0.281497422181
000688.SH,16470,16469,3337,15199,0.236407474496,0.0848389630793,4.45434729625,0.820468252415,0.206188855156,0.0868357077903,1.0276600099,0.281497422181
000688.SH,16589,16588,3337,15199,0.236407474496,0.0848389630793,4.45434729625,0.820468252415,0.206188855156,0.0868357077903,1.0276600099,0.281497422181
000688.SH,17047,17046,3337,15199,0.236407474496,0.0848389630793,4.45434729625,0.820468252415,0.206188855156,0.0868357077903,1.0276600099,0.281497422181
000688.SH,17270,17269,3537,17029,0.227671932933,0.0848389630793,4.47733681448,0.822658081706,0.198546830918,0.0868357077903,0.994341753812,0.277731720648
000688.SH,17797,17796,3600,17556,0.227671932933,0.0848389630793,4.48863636973,0.826407089456,0.193237541233,0.0868357077903,1.01090728928,0.282718953424
000688.SH,19219,19218,4781,18978,0.226969544248,0.0668732782369,4.46590811865,0.813546256397,0.180086167275,0.0601997834429,1.10242879349,0.260112931992
000688.SH,20184,20183,5505,19943,0.227671932933,0.0668732782369,4.53259949315,0.805642921799,0.220297612979,0.0521393919717,1.08243246552,0.249798338128
000688.SH,20380,20379,5701,20139,0.236407474496,0.0774539877301,4.59511985013,0.813546256397,0.207346299057,0.051799801252,1.10449585551,0.251249191682
000688.SH,20483,20482,5745,20183,0.236407474496,0.0774539877301,4.59511985013,0.814319601998,0.207346299057,0.051799801252,1.10449585551,0.251539896811
000688.SH,20608,20607,5745,20183,0.236407474496,0.0774539877301,4.59511985013,0.814319601998,0.207346299057,0.051799801252,1.10449585551,0.251539896811
000688.SH,21191,21190,5847,20950,0.235274249589,0.0673957441202,4.5747109785,0.819492984368,0.209026418304,0.0485443420895,1.13096746024,0.253087162625
000688.SH,22619,22618,7034,22378,0.209725789365,0.0468999255557,4.63472898823,0.818875203636,0.229322709206,0.0505375616636,1.04212451487,0.245218411798
000688.SH,22823,22822,7238,22582,0.209725789365,0.0467854173049,4.68213122712,0.818551265636,0.24539134977,0.0507073315961,1.0553729663,0.240449843373
000688.SH,22906,22905,7274,22618,0.209725789365,0.0467854173049,4.67282883446,0.819716434232,0.24539134977,0.0507073315961,1.0698220928,0.242335861434
000688.SH,23043,23042,7274,22618,0.209725789365,0.0467854173049,4.67282883446,0.819716434232,0.24539134977,0.0507073315961,1.0698220928,0.242335861434
000688.SH,23236,23235,7274,22618,0.209725789365,0.0467854173049,4.67282883446,0.819716434232,0.24539134977,0.0507073315961,1.0698220928,0.242335861434
000688.SH,23314,23313,7274,22618,0.209725789365,0.0467854173049,4.67282883446,0.819716434232,0.24539134977,0.0507073315961,1.0698220928,0.242335861434
000688.SH,23595,23594,7274,22618,0.209725789365,0.0467854173049,4.67282883446,0.819716434232,0.24539134977,0.0507073315961,1.0698220928,0.242335861434
000688.SH,24021,24020,7314,23594,0.209725789365,0.0468999255557,4.66343909411,0.820629804537,0.246904565433,0.0505375616636,1.06903757916,0.241949968275
000688.SH,24095,24094,7333,23854,0.209725789365,0.0468999255557,4.66343909411,0.821357321724,0.246904565433,0.0505375616636,1.0758229457,0.242768357074
000688.SH,24299,24298,7499,24020,0.209725789365,0.0467854173049,4.65396035016,0.823759766216,0.246904565433,0.0517968927431,1.07063693207,0.245841529485
000688.SH,24515,24514,7499,24020,0.209725789365,0.0467854173049,4.65396035016,0.823759766216,0.246904565433,0.0517968927431,1.07063693207,0.245841529485
000688.SH,24613,24612,7499,24020,0.209725789365,0.0467854173049,4.65396035016,0.823759766216,0.246904565433,0.0517968927431,1.07063693207,0.245841529485
000688.SH,24725,24724,7499,24020,0.209725789365,0.0467854173049,4.65396035016,0.823759766216,0.246904565433,0.0517968927431,1.07063693207,0.245841529485
000688.SH,24801,24800,7499,24020,0.209725789365,0.0467854173049,4.65396035016,0.823759766216,0.246904565433,0.0517968927431,1.07063693207,0.245841529485
000688.SH,25216,25215,7499,24020,0.209725789365,0.0467854173049,4.65396035016,0.823759766216,0.246904565433,0.0517968927431,1.07063693207,0.245841529485
000688.SH,25295,25294,7512,25054,0.191103265744,0.0467854173049,4.64439089914,0.823486871883,0.231352918775,0.0517968927431,1.06287781781,0.245037221278
000688.SH,25351,25350,7568,25110,0.191103265744,0.0467854173049,4.64439089914,0.820775355497,0.235224370255,0.0517968927431,1.05644926399,0.243051042075
000688.SH,25451,25450,7668,25210,0.191103265744,0.0467854173049,4.66343909411,0.81900691331,0.235224370255,0.0517968927431,1.04158123894,0.241283925715
000688.SH,25477,25476,7673,25215,0.191103265744,0.0467854173049,4.66343909411,0.819102539471,0.235224370255,0.0517968927431,1.04158123894,0.241604361469
000688.SH,25498,25497,7673,25215,0.191103265744,0.0467854173049,4.66343909411,0.819102539471,0.235224370255,0.0517968927431,1.04158123894,0.241604361469
000688.SH,25522,25521,7673,25215,0.191103265744,0.0467854173049,4.66343909411,0.819102539471,0.235224370255,0.0517968927431,1.04158123894,0.241604361469
000688.SH,25697,25696,7673,25215,0.191103265744,0.0467854173049,4.66343909411,0.819102539471,0.235224370255,0.0517968927431,1.04158123894,0.241604361469
000688.SH,25849,25848,7673,25215,0.191103265744,0.0467854173049,4.66343909411,0.819102539471,0.235224370255,0.0517968927431,1.04158123894,0.241604361469
000688.SH,25950,25949,7673,25215,0.191103265744,0.0467854173049,4.66343909411,0.819102539471,0.235224370255,0.0517968927431,1.04158123894,0.241604361469
000688.SH,25987,25986,7673,25215,0.191103265744,0.0467854173049,4.66343909411,0.819102539471,0.235224370255,0.0517968927431,1.04158123894,0.241604361469
