carrier,legacy_label,convention,scope,left_label,right_label,legacy_volume_raw,legacy_open,legacy_high,legacy_low,legacy_close,tick_rows,tick_volume_raw,tick_open_x10000,tick_high_x10000,tick_low_x10000,tick_close_x10000,left_exact_tick_rows,right_exact_tick_rows,volume_equal_without_unit_conversion,legacy_minus_tick_volume_raw,open_equal_declared_scale,high_equal_declared_scale,low_equal_declared_scale,close_equal_declared_scale,all_ohlc_equal_declared_scale,legacy_zero_nonflat
512100,2025-12-01T09:30:00+08:00,"[t-60s,t)",OUTSIDE_COMPLETE_CONTINUOUS_MINUTE,2025-12-01 09:29:00,2025-12-01 09:30:00,12705.0,2.976,2.976,2.976,2.976,0,0.0,,,,,0,0,False,12705.0,,,,,,False
512100,2025-12-01T09:30:00+08:00,"(t-60s,t]",OUTSIDE_COMPLETE_CONTINUOUS_MINUTE,2025-12-01 09:29:00,2025-12-01 09:30:00,12705.0,2.976,2.976,2.976,2.976,0,0.0,,,,,0,0,False,12705.0,,,,,,False
512100,2025-12-01T09:30:00+08:00,"[t,t+60s)",continuous_am,2025-12-01 09:30:00,2025-12-01 09:31:00,12705.0,2.976,2.976,2.976,2.976,310,7047100.0,29750,29760,29710,29720,0,0,False,-7034395.0,False,True,False,False,False,False
512100,2025-12-01T09:30:00+08:00,"(t,t+60s]",continuous_am,2025-12-01 09:30:00,2025-12-01 09:31:00,12705.0,2.976,2.976,2.976,2.976,310,7047100.0,29750,29760,29710,29720,0,0,False,-7034395.0,False,True,False,False,False,False
512100,2025-12-01T09:31:00+08:00,"[t-60s,t)",continuous_am,2025-12-01 09:30:00,2025-12-01 09:31:00,69950.0,2.975,2.976,2.971,2.972,310,7047100.0,29750,29760,29710,29720,0,0,False,-6977150.0,True,True,True,True,True,False
512100,2025-12-01T09:31:00+08:00,"(t-60s,t]",continuous_am,2025-12-01 09:30:00,2025-12-01 09:31:00,69950.0,2.975,2.976,2.971,2.972,310,7047100.0,29750,29760,29710,29720,0,0,False,-6977150.0,True,True,True,True,True,False
512100,2025-12-01T09:31:00+08:00,"[t,t+60s)",continuous_am,2025-12-01 09:31:00,2025-12-01 09:32:00,69950.0,2.975,2.976,2.971,2.972,221,3587700.0,29710,29760,29690,29740,0,0,False,-3517750.0,False,True,False,False,False,False
512100,2025-12-01T09:31:00+08:00,"(t,t+60s]",continuous_am,2025-12-01 09:31:00,2025-12-01 09:32:00,69950.0,2.975,2.976,2.971,2.972,221,3587700.0,29710,29760,29690,29740,0,0,False,-3517750.0,False,True,False,False,False,False
512100,2025-12-01T09:32:00+08:00,"[t-60s,t)",continuous_am,2025-12-01 09:31:00,2025-12-01 09:32:00,36203.0,2.971,2.976,2.97,2.976,221,3587700.0,29710,29760,29690,29740,0,0,False,-3551497.0,True,True,False,False,False,False
512100,2025-12-01T09:32:00+08:00,"(t-60s,t]",continuous_am,2025-12-01 09:31:00,2025-12-01 09:32:00,36203.0,2.971,2.976,2.97,2.976,221,3587700.0,29710,29760,29690,29740,0,0,False,-3551497.0,True,True,False,False,False,False
512100,2025-12-01T09:32:00+08:00,"[t,t+60s)",continuous_am,2025-12-01 09:32:00,2025-12-01 09:33:00,36203.0,2.971,2.976,2.97,2.976,236,2260745.0,29730,29810,29730,29800,0,0,False,-2224542.0,False,False,False,False,False,False
512100,2025-12-01T09:32:00+08:00,"(t,t+60s]",continuous_am,2025-12-01 09:32:00,2025-12-01 09:33:00,36203.0,2.971,2.976,2.97,2.976,236,2260745.0,29730,29810,29730,29800,0,0,False,-2224542.0,False,False,False,False,False,False
512100,2025-12-01T09:33:00+08:00,"[t-60s,t)",continuous_am,2025-12-01 09:32:00,2025-12-01 09:33:00,22802.0,2.974,2.981,2.974,2.98,236,2260745.0,29730,29810,29730,29800,0,0,False,-2237943.0,False,True,False,True,False,False
512100,2025-12-01T09:33:00+08:00,"(t-60s,t]",continuous_am,2025-12-01 09:32:00,2025-12-01 09:33:00,22802.0,2.974,2.981,2.974,2.98,236,2260745.0,29730,29810,29730,29800,0,0,False,-2237943.0,False,True,False,True,False,False
512100,2025-12-01T09:33:00+08:00,"[t,t+60s)",continuous_am,2025-12-01 09:33:00,2025-12-01 09:34:00,22802.0,2.974,2.981,2.974,2.98,181,2604300.0,29810,29830,29790,29790,0,0,False,-2581498.0,False,False,False,False,False,False
512100,2025-12-01T09:33:00+08:00,"(t,t+60s]",continuous_am,2025-12-01 09:33:00,2025-12-01 09:34:00,22802.0,2.974,2.981,2.974,2.98,181,2604300.0,29810,29830,29790,29790,0,0,False,-2581498.0,False,False,False,False,False,False
512100,2025-12-01T09:34:00+08:00,"[t-60s,t)",continuous_am,2025-12-01 09:33:00,2025-12-01 09:34:00,26043.0,2.982,2.983,2.979,2.979,181,2604300.0,29810,29830,29790,29790,0,0,False,-2578257.0,False,True,True,True,False,False
512100,2025-12-01T09:34:00+08:00,"(t-60s,t]",continuous_am,2025-12-01 09:33:00,2025-12-01 09:34:00,26043.0,2.982,2.983,2.979,2.979,181,2604300.0,29810,29830,29790,29790,0,0,False,-2578257.0,False,True,True,True,False,False
512100,2025-12-01T09:34:00+08:00,"[t,t+60s)",continuous_am,2025-12-01 09:34:00,2025-12-01 09:35:00,26043.0,2.982,2.983,2.979,2.979,116,2918700.0,29780,29800,29770,29790,0,0,False,-2892657.0,False,False,False,True,False,False
512100,2025-12-01T09:34:00+08:00,"(t,t+60s]",continuous_am,2025-12-01 09:34:00,2025-12-01 09:35:00,26043.0,2.982,2.983,2.979,2.979,116,2918700.0,29780,29800,29770,29790,0,0,False,-2892657.0,False,False,False,True,False,False
512100,2025-12-01T09:35:00+08:00,"[t-60s,t)",continuous_am,2025-12-01 09:34:00,2025-12-01 09:35:00,29184.0,2.978,2.979,2.977,2.978,116,2918700.0,29780,29800,29770,29790,0,0,False,-2889516.0,True,False,True,False,False,False
512100,2025-12-01T09:35:00+08:00,"(t-60s,t]",continuous_am,2025-12-01 09:34:00,2025-12-01 09:35:00,29184.0,2.978,2.979,2.977,2.978,116,2918700.0,29780,29800,29770,29790,0,0,False,-2889516.0,True,False,True,False,False,False
512100,2025-12-01T09:35:00+08:00,"[t,t+60s)",continuous_am,2025-12-01 09:35:00,2025-12-01 09:36:00,29184.0,2.978,2.979,2.977,2.978,130,1740300.0,29790,29790,29720,29740,0,0,False,-1711116.0,False,True,False,False,False,False
512100,2025-12-01T09:35:00+08:00,"(t,t+60s]",continuous_am,2025-12-01 09:35:00,2025-12-01 09:36:00,29184.0,2.978,2.979,2.977,2.978,130,1740300.0,29790,29790,29720,29740,0,0,False,-1711116.0,False,True,False,False,False,False
512100,2025-12-01T09:36:00+08:00,"[t-60s,t)",continuous_am,2025-12-01 09:35:00,2025-12-01 09:36:00,17344.0,2.979,2.979,2.973,2.974,130,1740300.0,29790,29790,29720,29740,0,0,False,-1722956.0,True,True,False,True,False,False
512100,2025-12-01T09:36:00+08:00,"(t-60s,t]",continuous_am,2025-12-01 09:35:00,2025-12-01 09:36:00,17344.0,2.979,2.979,2.973,2.974,130,1740300.0,29790,29790,29720,29740,0,0,False,-1722956.0,True,True,False,True,False,False
512100,2025-12-01T09:36:00+08:00,"[t,t+60s)",continuous_am,2025-12-01 09:36:00,2025-12-01 09:37:00,17344.0,2.979,2.979,2.973,2.974,166,1962400.0,29740,29740,29690,29700,0,0,False,-1945056.0,False,False,False,False,False,False
512100,2025-12-01T09:36:00+08:00,"(t,t+60s]",continuous_am,2025-12-01 09:36:00,2025-12-01 09:37:00,17344.0,2.979,2.979,2.973,2.974,166,1962400.0,29740,29740,29690,29700,0,0,False,-1945056.0,False,False,False,False,False,False
512100,2025-12-01T09:37:00+08:00,"[t-60s,t)",continuous_am,2025-12-01 09:36:00,2025-12-01 09:37:00,19666.0,2.974,2.974,2.969,2.969,166,1962400.0,29740,29740,29690,29700,0,0,False,-1942734.0,True,True,True,False,False,False
512100,2025-12-01T09:37:00+08:00,"(t-60s,t]",continuous_am,2025-12-01 09:36:00,2025-12-01 09:37:00,19666.0,2.974,2.974,2.969,2.969,166,1962400.0,29740,29740,29690,29700,0,0,False,-1942734.0,True,True,True,False,False,False
512100,2025-12-01T09:37:00+08:00,"[t,t+60s)",continuous_am,2025-12-01 09:37:00,2025-12-01 09:38:00,19666.0,2.974,2.974,2.969,2.969,80,1488983.0,29700,29740,29690,29740,0,0,False,-1469317.0,False,True,True,False,False,False
512100,2025-12-01T09:37:00+08:00,"(t,t+60s]",continuous_am,2025-12-01 09:37:00,2025-12-01 09:38:00,19666.0,2.974,2.974,2.969,2.969,80,1488983.0,29700,29740,29690,29740,0,0,False,-1469317.0,False,True,True,False,False,False
512100,2025-12-01T09:38:00+08:00,"[t-60s,t)",continuous_am,2025-12-01 09:37:00,2025-12-01 09:38:00,14910.0,2.97,2.974,2.97,2.974,80,1488983.0,29700,29740,29690,29740,0,0,False,-1474073.0,True,True,False,True,False,False
512100,2025-12-01T09:38:00+08:00,"(t-60s,t]",continuous_am,2025-12-01 09:37:00,2025-12-01 09:38:00,14910.0,2.97,2.974,2.97,2.974,80,1488983.0,29700,29740,29690,29740,0,0,False,-1474073.0,True,True,False,True,False,False
512100,2025-12-01T09:38:00+08:00,"[t,t+60s)",continuous_am,2025-12-01 09:38:00,2025-12-01 09:39:00,14910.0,2.97,2.974,2.97,2.974,106,1941100.0,29730,29780,29720,29760,0,0,False,-1926190.0,False,False,False,False,False,False
512100,2025-12-01T09:38:00+08:00,"(t,t+60s]",continuous_am,2025-12-01 09:38:00,2025-12-01 09:39:00,14910.0,2.97,2.974,2.97,2.974,106,1941100.0,29730,29780,29720,29760,0,0,False,-1926190.0,False,False,False,False,False,False
512100,2025-12-01T09:39:00+08:00,"[t-60s,t)",continuous_am,2025-12-01 09:38:00,2025-12-01 09:39:00,19411.0,2.973,2.978,2.972,2.976,106,1941100.0,29730,29780,29720,29760,0,0,False,-1921689.0,True,True,True,True,True,False
512100,2025-12-01T09:39:00+08:00,"(t-60s,t]",continuous_am,2025-12-01 09:38:00,2025-12-01 09:39:00,19411.0,2.973,2.978,2.972,2.976,106,1941100.0,29730,29780,29720,29760,0,0,False,-1921689.0,True,True,True,True,True,False
512100,2025-12-01T09:39:00+08:00,"[t,t+60s)",continuous_am,2025-12-01 09:39:00,2025-12-01 09:40:00,19411.0,2.973,2.978,2.972,2.976,115,2383500.0,29740,29790,29730,29790,0,0,False,-2364089.0,False,False,False,False,False,False
512100,2025-12-01T09:39:00+08:00,"(t,t+60s]",continuous_am,2025-12-01 09:39:00,2025-12-01 09:40:00,19411.0,2.973,2.978,2.972,2.976,115,2383500.0,29740,29790,29730,29790,0,0,False,-2364089.0,False,False,False,False,False,False
512100,2025-12-01T09:40:00+08:00,"[t-60s,t)",continuous_am,2025-12-01 09:39:00,2025-12-01 09:40:00,23835.0,2.974,2.979,2.974,2.979,115,2383500.0,29740,29790,29730,29790,0,0,False,-2359665.0,True,True,False,True,False,False
512100,2025-12-01T09:40:00+08:00,"(t-60s,t]",continuous_am,2025-12-01 09:39:00,2025-12-01 09:40:00,23835.0,2.974,2.979,2.974,2.979,115,2383500.0,29740,29790,29730,29790,0,0,False,-2359665.0,True,True,False,True,False,False
512100,2025-12-01T09:40:00+08:00,"[t,t+60s)",continuous_am,2025-12-01 09:40:00,2025-12-01 09:41:00,23835.0,2.974,2.979,2.974,2.979,76,1327000.0,29800,29810,29780,29800,0,0,False,-1303165.0,False,False,False,False,False,False
512100,2025-12-01T09:40:00+08:00,"(t,t+60s]",continuous_am,2025-12-01 09:40:00,2025-12-01 09:41:00,23835.0,2.974,2.979,2.974,2.979,76,1327000.0,29800,29810,29780,29800,0,0,False,-1303165.0,False,False,False,False,False,False
512100,2025-12-01T09:41:00+08:00,"[t-60s,t)",continuous_am,2025-12-01 09:40:00,2025-12-01 09:41:00,13270.0,2.979,2.981,2.979,2.98,76,1327000.0,29800,29810,29780,29800,0,0,False,-1313730.0,False,True,False,True,False,False
512100,2025-12-01T09:41:00+08:00,"(t-60s,t]",continuous_am,2025-12-01 09:40:00,2025-12-01 09:41:00,13270.0,2.979,2.981,2.979,2.98,76,1327000.0,29800,29810,29780,29800,0,0,False,-1313730.0,False,True,False,True,False,False
512100,2025-12-01T09:41:00+08:00,"[t,t+60s)",continuous_am,2025-12-01 09:41:00,2025-12-01 09:42:00,13270.0,2.979,2.981,2.979,2.98,68,1271300.0,29790,29810,29790,29800,0,0,False,-1258030.0,True,True,True,True,True,False
512100,2025-12-01T09:41:00+08:00,"(t,t+60s]",continuous_am,2025-12-01 09:41:00,2025-12-01 09:42:00,13270.0,2.979,2.981,2.979,2.98,68,1271300.0,29790,29810,29790,29800,0,0,False,-1258030.0,True,True,True,True,True,False
512100,2025-12-01T09:42:00+08:00,"[t-60s,t)",continuous_am,2025-12-01 09:41:00,2025-12-01 09:42:00,12228.0,2.98,2.981,2.979,2.98,68,1271300.0,29790,29810,29790,29800,0,0,False,-1259072.0,False,True,True,True,False,False
512100,2025-12-01T09:42:00+08:00,"(t-60s,t]",continuous_am,2025-12-01 09:41:00,2025-12-01 09:42:00,12228.0,2.98,2.981,2.979,2.98,68,1271300.0,29790,29810,29790,29800,0,0,False,-1259072.0,False,True,True,True,False,False
512100,2025-12-01T09:42:00+08:00,"[t,t+60s)",continuous_am,2025-12-01 09:42:00,2025-12-01 09:43:00,12228.0,2.98,2.981,2.979,2.98,115,2164400.0,29810,29830,29810,29830,0,0,False,-2152172.0,False,False,False,False,False,False
512100,2025-12-01T09:42:00+08:00,"(t,t+60s]",continuous_am,2025-12-01 09:42:00,2025-12-01 09:43:00,12228.0,2.98,2.981,2.979,2.98,115,2164400.0,29810,29830,29810,29830,0,0,False,-2152172.0,False,False,False,False,False,False
512100,2025-12-01T09:43:00+08:00,"[t-60s,t)",continuous_am,2025-12-01 09:42:00,2025-12-01 09:43:00,22129.0,2.981,2.983,2.981,2.983,115,2164400.0,29810,29830,29810,29830,0,0,False,-2142271.0,True,True,True,True,True,False
512100,2025-12-01T09:43:00+08:00,"(t-60s,t]",continuous_am,2025-12-01 09:42:00,2025-12-01 09:43:00,22129.0,2.981,2.983,2.981,2.983,115,2164400.0,29810,29830,29810,29830,0,0,False,-2142271.0,True,True,True,True,True,False
512100,2025-12-01T09:43:00+08:00,"[t,t+60s)",continuous_am,2025-12-01 09:43:00,2025-12-01 09:44:00,22129.0,2.981,2.983,2.981,2.983,68,1250500.0,29830,29840,29810,29840,0,0,False,-1228371.0,False,False,True,False,False,False
512100,2025-12-01T09:43:00+08:00,"(t,t+60s]",continuous_am,2025-12-01 09:43:00,2025-12-01 09:44:00,22129.0,2.981,2.983,2.981,2.983,68,1250500.0,29830,29840,29810,29840,0,0,False,-1228371.0,False,False,True,False,False,False
512100,2025-12-01T09:44:00+08:00,"[t-60s,t)",continuous_am,2025-12-01 09:43:00,2025-12-01 09:44:00,12505.0,2.983,2.984,2.983,2.984,68,1250500.0,29830,29840,29810,29840,0,0,False,-1237995.0,True,True,False,True,False,False
512100,2025-12-01T09:44:00+08:00,"(t-60s,t]",continuous_am,2025-12-01 09:43:00,2025-12-01 09:44:00,12505.0,2.983,2.984,2.983,2.984,68,1250500.0,29830,29840,29810,29840,0,0,False,-1237995.0,True,True,False,True,False,False
512100,2025-12-01T09:44:00+08:00,"[t,t+60s)",continuous_am,2025-12-01 09:44:00,2025-12-01 09:45:00,12505.0,2.983,2.984,2.983,2.984,54,1831500.0,29820,29840,29820,29840,0,0,False,-1818995.0,False,True,False,True,False,False
512100,2025-12-01T09:44:00+08:00,"(t,t+60s]",continuous_am,2025-12-01 09:44:00,2025-12-01 09:45:00,12505.0,2.983,2.984,2.983,2.984,54,1831500.0,29820,29840,29820,29840,0,0,False,-1818995.0,False,True,False,True,False,False
512100,2025-12-01T09:45:00+08:00,"[t-60s,t)",continuous_am,2025-12-01 09:44:00,2025-12-01 09:45:00,18315.0,2.983,2.984,2.982,2.984,54,1831500.0,29820,29840,29820,29840,0,0,False,-1813185.0,False,True,True,True,False,False
512100,2025-12-01T09:45:00+08:00,"(t-60s,t]",continuous_am,2025-12-01 09:44:00,2025-12-01 09:45:00,18315.0,2.983,2.984,2.982,2.984,54,1831500.0,29820,29840,29820,29840,0,0,False,-1813185.0,False,True,True,True,False,False
512100,2025-12-01T09:45:00+08:00,"[t,t+60s)",continuous_am,2025-12-01 09:45:00,2025-12-01 09:46:00,18315.0,2.983,2.984,2.982,2.984,81,1703800.0,29840,29840,29820,29840,0,0,False,-1685485.0,False,True,True,True,False,False
512100,2025-12-01T09:45:00+08:00,"(t,t+60s]",continuous_am,2025-12-01 09:45:00,2025-12-01 09:46:00,18315.0,2.983,2.984,2.982,2.984,81,1703800.0,29840,29840,29820,29840,0,0,False,-1685485.0,False,True,True,True,False,False
512100,2025-12-01T09:46:00+08:00,"[t-60s,t)",continuous_am,2025-12-01 09:45:00,2025-12-01 09:46:00,17038.0,2.983,2.984,2.982,2.984,81,1703800.0,29840,29840,29820,29840,0,0,False,-1686762.0,False,True,True,True,False,False
512100,2025-12-01T09:46:00+08:00,"(t-60s,t]",continuous_am,2025-12-01 09:45:00,2025-12-01 09:46:00,17038.0,2.983,2.984,2.982,2.984,81,1703800.0,29840,29840,29820,29840,0,0,False,-1686762.0,False,True,True,True,False,False
512100,2025-12-01T09:46:00+08:00,"[t,t+60s)",continuous_am,2025-12-01 09:46:00,2025-12-01 09:47:00,17038.0,2.983,2.984,2.982,2.984,107,1610700.0,29840,29860,29820,29850,0,0,False,-1593662.0,False,False,True,False,False,False
512100,2025-12-01T09:46:00+08:00,"(t,t+60s]",continuous_am,2025-12-01 09:46:00,2025-12-01 09:47:00,17038.0,2.983,2.984,2.982,2.984,107,1610700.0,29840,29860,29820,29850,0,0,False,-1593662.0,False,False,True,False,False,False
512100,2025-12-01T09:47:00+08:00,"[t-60s,t)",continuous_am,2025-12-01 09:46:00,2025-12-01 09:47:00,15998.0,2.984,2.986,2.983,2.985,107,1610700.0,29840,29860,29820,29850,0,0,False,-1594702.0,True,True,False,True,False,False
512100,2025-12-01T09:47:00+08:00,"(t-60s,t]",continuous_am,2025-12-01 09:46:00,2025-12-01 09:47:00,15998.0,2.984,2.986,2.983,2.985,107,1610700.0,29840,29860,29820,29850,0,0,False,-1594702.0,True,True,False,True,False,False
512100,2025-12-01T09:47:00+08:00,"[t,t+60s)",continuous_am,2025-12-01 09:47:00,2025-12-01 09:48:00,15998.0,2.984,2.986,2.983,2.985,148,1762537.0,29860,29880,29850,29880,0,0,False,-1746539.0,False,False,False,False,False,False
512100,2025-12-01T09:47:00+08:00,"(t,t+60s]",continuous_am,2025-12-01 09:47:00,2025-12-01 09:48:00,15998.0,2.984,2.986,2.983,2.985,148,1762537.0,29860,29880,29850,29880,0,0,False,-1746539.0,False,False,False,False,False,False
512100,2025-12-01T09:48:00+08:00,"[t-60s,t)",continuous_am,2025-12-01 09:47:00,2025-12-01 09:48:00,17053.0,2.985,2.988,2.985,2.988,148,1762537.0,29860,29880,29850,29880,0,0,False,-1745484.0,False,True,True,True,False,False
512100,2025-12-01T09:48:00+08:00,"(t-60s,t]",continuous_am,2025-12-01 09:47:00,2025-12-01 09:48:00,17053.0,2.985,2.988,2.985,2.988,148,1762537.0,29860,29880,29850,29880,0,0,False,-1745484.0,False,True,True,True,False,False
512100,2025-12-01T09:48:00+08:00,"[t,t+60s)",continuous_am,2025-12-01 09:48:00,2025-12-01 09:49:00,17053.0,2.985,2.988,2.985,2.988,130,2766600.0,29880,29900,29880,29880,0,0,False,-2749547.0,False,False,False,True,False,False
512100,2025-12-01T09:48:00+08:00,"(t,t+60s]",continuous_am,2025-12-01 09:48:00,2025-12-01 09:49:00,17053.0,2.985,2.988,2.985,2.988,130,2766600.0,29880,29900,29880,29880,0,0,False,-2749547.0,False,False,False,True,False,False
512100,2025-12-01T09:49:00+08:00,"[t-60s,t)",continuous_am,2025-12-01 09:48:00,2025-12-01 09:49:00,28348.0,2.988,2.99,2.988,2.988,130,2766600.0,29880,29900,29880,29880,0,0,False,-2738252.0,True,True,True,True,True,False
512100,2025-12-01T09:49:00+08:00,"(t-60s,t]",continuous_am,2025-12-01 09:48:00,2025-12-01 09:49:00,28348.0,2.988,2.99,2.988,2.988,130,2766600.0,29880,29900,29880,29880,0,0,False,-2738252.0,True,True,True,True,True,False
512100,2025-12-01T09:49:00+08:00,"[t,t+60s)",continuous_am,2025-12-01 09:49:00,2025-12-01 09:50:00,28348.0,2.988,2.99,2.988,2.988,67,3523800.0,29880,29890,29870,29880,0,0,False,-3495452.0,True,False,False,True,False,False
512100,2025-12-01T09:49:00+08:00,"(t,t+60s]",continuous_am,2025-12-01 09:49:00,2025-12-01 09:50:00,28348.0,2.988,2.99,2.988,2.988,67,3523800.0,29880,29890,29870,29880,0,0,False,-3495452.0,True,False,False,True,False,False
512100,2025-12-01T09:50:00+08:00,"[t-60s,t)",continuous_am,2025-12-01 09:49:00,2025-12-01 09:50:00,32584.0,2.989,2.989,2.987,2.988,67,3523800.0,29880,29890,29870,29880,0,0,False,-3491216.0,False,True,True,True,False,False
512100,2025-12-01T09:50:00+08:00,"(t-60s,t]",continuous_am,2025-12-01 09:49:00,2025-12-01 09:50:00,32584.0,2.989,2.989,2.987,2.988,67,3523800.0,29880,29890,29870,29880,0,0,False,-3491216.0,False,True,True,True,False,False
512100,2025-12-01T09:50:00+08:00,"[t,t+60s)",continuous_am,2025-12-01 09:50:00,2025-12-01 09:51:00,32584.0,2.989,2.989,2.987,2.988,72,1678800.0,29890,29890,29870,29880,0,0,False,-1646216.0,True,True,True,True,True,False
512100,2025-12-01T09:50:00+08:00,"(t,t+60s]",continuous_am,2025-12-01 09:50:00,2025-12-01 09:51:00,32584.0,2.989,2.989,2.987,2.988,72,1678800.0,29890,29890,29870,29880,0,0,False,-1646216.0,True,True,True,True,True,False
512100,2025-12-01T09:51:00+08:00,"[t-60s,t)",continuous_am,2025-12-01 09:50:00,2025-12-01 09:51:00,19442.0,2.988,2.988,2.987,2.988,72,1678800.0,29890,29890,29870,29880,0,0,False,-1659358.0,False,False,True,True,False,False
512100,2025-12-01T09:51:00+08:00,"(t-60s,t]",continuous_am,2025-12-01 09:50:00,2025-12-01 09:51:00,19442.0,2.988,2.988,2.987,2.988,72,1678800.0,29890,29890,29870,29880,0,0,False,-1659358.0,False,False,True,True,False,False
512100,2025-12-01T09:51:00+08:00,"[t,t+60s)",continuous_am,2025-12-01 09:51:00,2025-12-01 09:52:00,19442.0,2.988,2.988,2.987,2.988,55,757600.0,29880,29890,29870,29890,0,0,False,-738158.0,True,False,True,False,False,False
512100,2025-12-01T09:51:00+08:00,"(t,t+60s]",continuous_am,2025-12-01 09:51:00,2025-12-01 09:52:00,19442.0,2.988,2.988,2.987,2.988,55,757600.0,29880,29890,29870,29890,0,0,False,-738158.0,True,False,True,False,False,False
512100,2025-12-01T09:52:00+08:00,"[t-60s,t)",continuous_am,2025-12-01 09:51:00,2025-12-01 09:52:00,7576.0,2.988,2.989,2.987,2.989,55,757600.0,29880,29890,29870,29890,0,0,False,-750024.0,True,True,True,True,True,False
512100,2025-12-01T09:52:00+08:00,"(t-60s,t]",continuous_am,2025-12-01 09:51:00,2025-12-01 09:52:00,7576.0,2.988,2.989,2.987,2.989,55,757600.0,29880,29890,29870,29890,0,0,False,-750024.0,True,True,True,True,True,False
512100,2025-12-01T09:52:00+08:00,"[t,t+60s)",continuous_am,2025-12-01 09:52:00,2025-12-01 09:53:00,7576.0,2.988,2.989,2.987,2.989,132,1366500.0,29890,29920,29890,29910,0,0,False,-1358924.0,False,False,False,False,False,False
512100,2025-12-01T09:52:00+08:00,"(t,t+60s]",continuous_am,2025-12-01 09:52:00,2025-12-01 09:53:00,7576.0,2.988,2.989,2.987,2.989,132,1366500.0,29890,29920,29890,29910,0,0,False,-1358924.0,False,False,False,False,False,False
512100,2025-12-01T09:53:00+08:00,"[t-60s,t)",continuous_am,2025-12-01 09:52:00,2025-12-01 09:53:00,13662.0,2.989,2.992,2.989,2.991,132,1366500.0,29890,29920,29890,29910,0,0,False,-1352838.0,True,True,True,True,True,False
512100,2025-12-01T09:53:00+08:00,"(t-60s,t]",continuous_am,2025-12-01 09:52:00,2025-12-01 09:53:00,13662.0,2.989,2.992,2.989,2.991,132,1366500.0,29890,29920,29890,29910,0,0,False,-1352838.0,True,True,True,True,True,False
512100,2025-12-01T09:53:00+08:00,"[t,t+60s)",continuous_am,2025-12-01 09:53:00,2025-12-01 09:54:00,13662.0,2.989,2.992,2.989,2.991,99,807437.0,29910,29930,29900,29920,0,0,False,-793775.0,False,False,False,False,False,False
512100,2025-12-01T09:53:00+08:00,"(t,t+60s]",continuous_am,2025-12-01 09:53:00,2025-12-01 09:54:00,13662.0,2.989,2.992,2.989,2.991,99,807437.0,29910,29930,29900,29920,0,0,False,-793775.0,False,False,False,False,False,False
512100,2025-12-01T09:54:00+08:00,"[t-60s,t)",continuous_am,2025-12-01 09:53:00,2025-12-01 09:54:00,8018.0,2.991,2.993,2.991,2.993,99,807437.0,29910,29930,29900,29920,0,0,False,-799419.0,True,True,False,False,False,False
512100,2025-12-01T09:54:00+08:00,"(t-60s,t]",continuous_am,2025-12-01 09:53:00,2025-12-01 09:54:00,8018.0,2.991,2.993,2.991,2.993,99,807437.0,29910,29930,29900,29920,0,0,False,-799419.0,True,True,False,False,False,False
512100,2025-12-01T09:54:00+08:00,"[t,t+60s)",continuous_am,2025-12-01 09:54:00,2025-12-01 09:55:00,8018.0,2.991,2.993,2.991,2.993,52,253100.0,29910,29920,29880,29880,0,0,False,-245082.0,True,False,False,False,False,False
512100,2025-12-01T09:54:00+08:00,"(t,t+60s]",continuous_am,2025-12-01 09:54:00,2025-12-01 09:55:00,8018.0,2.991,2.993,2.991,2.993,52,253100.0,29910,29920,29880,29880,0,0,False,-245082.0,True,False,False,False,False,False
512100,2025-12-01T09:55:00+08:00,"[t-60s,t)",continuous_am,2025-12-01 09:54:00,2025-12-01 09:55:00,2590.0,2.992,2.992,2.988,2.988,52,253100.0,29910,29920,29880,29880,0,0,False,-250510.0,False,True,True,True,False,False
512100,2025-12-01T09:55:00+08:00,"(t-60s,t]",continuous_am,2025-12-01 09:54:00,2025-12-01 09:55:00,2590.0,2.992,2.992,2.988,2.988,52,253100.0,29910,29920,29880,29880,0,0,False,-250510.0,False,True,True,True,False,False
512100,2025-12-01T09:55:00+08:00,"[t,t+60s)",continuous_am,2025-12-01 09:55:00,2025-12-01 09:56:00,2590.0,2.992,2.992,2.988,2.988,40,397400.0,29870,29890,29870,29880,0,0,False,-394810.0,False,False,False,True,False,False
512100,2025-12-01T09:55:00+08:00,"(t,t+60s]",continuous_am,2025-12-01 09:55:00,2025-12-01 09:56:00,2590.0,2.992,2.992,2.988,2.988,40,397400.0,29870,29890,29870,29880,0,0,False,-394810.0,False,False,False,True,False,False
512100,2025-12-01T09:56:00+08:00,"[t-60s,t)",continuous_am,2025-12-01 09:55:00,2025-12-01 09:56:00,3974.0,2.987,2.989,2.987,2.988,40,397400.0,29870,29890,29870,29880,0,0,False,-393426.0,True,True,True,True,True,False
512100,2025-12-01T09:56:00+08:00,"(t-60s,t]",continuous_am,2025-12-01 09:55:00,2025-12-01 09:56:00,3974.0,2.987,2.989,2.987,2.988,40,397400.0,29870,29890,29870,29880,0,0,False,-393426.0,True,True,True,True,True,False
512100,2025-12-01T09:56:00+08:00,"[t,t+60s)",continuous_am,2025-12-01 09:56:00,2025-12-01 09:57:00,3974.0,2.987,2.989,2.987,2.988,32,320000.0,29890,29900,29880,29890,0,0,False,-316026.0,False,False,False,False,False,False
512100,2025-12-01T09:56:00+08:00,"(t,t+60s]",continuous_am,2025-12-01 09:56:00,2025-12-01 09:57:00,3974.0,2.987,2.989,2.987,2.988,32,320000.0,29890,29900,29880,29890,0,0,False,-316026.0,False,False,False,False,False,False
512100,2025-12-01T09:57:00+08:00,"[t-60s,t)",continuous_am,2025-12-01 09:56:00,2025-12-01 09:57:00,3200.0,2.989,2.99,2.988,2.989,32,320000.0,29890,29900,29880,29890,0,0,False,-316800.0,True,True,True,True,True,False
512100,2025-12-01T09:57:00+08:00,"(t-60s,t]",continuous_am,2025-12-01 09:56:00,2025-12-01 09:57:00,3200.0,2.989,2.99,2.988,2.989,32,320000.0,29890,29900,29880,29890,0,0,False,-316800.0,True,True,True,True,True,False
512100,2025-12-01T09:57:00+08:00,"[t,t+60s)",continuous_am,2025-12-01 09:57:00,2025-12-01 09:58:00,3200.0,2.989,2.99,2.988,2.989,20,307000.0,29880,29890,29880,29880,0,0,False,-303800.0,False,False,True,False,False,False
512100,2025-12-01T09:57:00+08:00,"(t,t+60s]",continuous_am,2025-12-01 09:57:00,2025-12-01 09:58:00,3200.0,2.989,2.99,2.988,2.989,20,307000.0,29880,29890,29880,29880,0,0,False,-303800.0,False,False,True,False,False,False
512100,2025-12-01T09:58:00+08:00,"[t-60s,t)",continuous_am,2025-12-01 09:57:00,2025-12-01 09:58:00,3070.0,2.988,2.989,2.988,2.988,20,307000.0,29880,29890,29880,29880,0,0,False,-303930.0,True,True,True,True,True,False
512100,2025-12-01T09:58:00+08:00,"(t-60s,t]",continuous_am,2025-12-01 09:57:00,2025-12-01 09:58:00,3070.0,2.988,2.989,2.988,2.988,20,307000.0,29880,29890,29880,29880,0,0,False,-303930.0,True,True,True,True,True,False
512100,2025-12-01T09:58:00+08:00,"[t,t+60s)",continuous_am,2025-12-01 09:58:00,2025-12-01 09:59:00,3070.0,2.988,2.989,2.988,2.988,29,336000.0,29880,29890,29880,29890,0,0,False,-332930.0,True,True,True,False,False,False
512100,2025-12-01T09:58:00+08:00,"(t,t+60s]",continuous_am,2025-12-01 09:58:00,2025-12-01 09:59:00,3070.0,2.988,2.989,2.988,2.988,29,336000.0,29880,29890,29880,29890,0,0,False,-332930.0,True,True,True,False,False,False
512100,2025-12-01T09:59:00+08:00,"[t-60s,t)",continuous_am,2025-12-01 09:58:00,2025-12-01 09:59:00,3339.0,2.988,2.989,2.988,2.988,29,336000.0,29880,29890,29880,29890,0,0,False,-332661.0,True,True,True,False,False,False
512100,2025-12-01T09:59:00+08:00,"(t-60s,t]",continuous_am,2025-12-01 09:58:00,2025-12-01 09:59:00,3339.0,2.988,2.989,2.988,2.988,29,336000.0,29880,29890,29880,29890,0,0,False,-332661.0,True,True,True,False,False,False
512100,2025-12-01T09:59:00+08:00,"[t,t+60s)",continuous_am,2025-12-01 09:59:00,2025-12-01 10:00:00,3339.0,2.988,2.989,2.988,2.988,32,401800.0,29890,29890,29880,29880,0,0,False,-398461.0,False,True,True,True,False,False
512100,2025-12-01T09:59:00+08:00,"(t,t+60s]",continuous_am,2025-12-01 09:59:00,2025-12-01 10:00:00,3339.0,2.988,2.989,2.988,2.988,32,401800.0,29890,29890,29880,29880,0,0,False,-398461.0,False,True,True,True,False,False
512100,2025-12-01T10:00:00+08:00,"[t-60s,t)",continuous_am,2025-12-01 09:59:00,2025-12-01 10:00:00,4039.0,2.988,2.989,2.988,2.988,32,401800.0,29890,29890,29880,29880,0,0,False,-397761.0,False,True,True,True,False,False
512100,2025-12-01T10:00:00+08:00,"(t-60s,t]",continuous_am,2025-12-01 09:59:00,2025-12-01 10:00:00,4039.0,2.988,2.989,2.988,2.988,32,401800.0,29890,29890,29880,29880,0,0,False,-397761.0,False,True,True,True,False,False
512100,2025-12-01T10:00:00+08:00,"[t,t+60s)",continuous_am,2025-12-01 10:00:00,2025-12-01 10:01:00,4039.0,2.988,2.989,2.988,2.988,74,810500.0,29890,29890,29850,29850,0,0,False,-806461.0,False,True,False,False,False,False
512100,2025-12-01T10:00:00+08:00,"(t,t+60s]",continuous_am,2025-12-01 10:00:00,2025-12-01 10:01:00,4039.0,2.988,2.989,2.988,2.988,74,810500.0,29890,29890,29850,29850,0,0,False,-806461.0,False,True,False,False,False,False
512100,2025-12-01T10:01:00+08:00,"[t-60s,t)",continuous_am,2025-12-01 10:00:00,2025-12-01 10:01:00,8105.0,2.989,2.989,2.985,2.985,74,810500.0,29890,29890,29850,29850,0,0,False,-802395.0,True,True,True,True,True,False
512100,2025-12-01T10:01:00+08:00,"(t-60s,t]",continuous_am,2025-12-01 10:00:00,2025-12-01 10:01:00,8105.0,2.989,2.989,2.985,2.985,74,810500.0,29890,29890,29850,29850,0,0,False,-802395.0,True,True,True,True,True,False
512100,2025-12-01T10:01:00+08:00,"[t,t+60s)",continuous_am,2025-12-01 10:01:00,2025-12-01 10:02:00,8105.0,2.989,2.989,2.985,2.985,18,155600.0,29850,29870,29850,29850,0,0,False,-147495.0,False,False,True,True,False,False
512100,2025-12-01T10:01:00+08:00,"(t,t+60s]",continuous_am,2025-12-01 10:01:00,2025-12-01 10:02:00,8105.0,2.989,2.989,2.985,2.985,18,155600.0,29850,29870,29850,29850,0,0,False,-147495.0,False,False,True,True,False,False
512100,2025-12-01T10:02:00+08:00,"[t-60s,t)",continuous_am,2025-12-01 10:01:00,2025-12-01 10:02:00,1556.0,2.985,2.986,2.985,2.985,18,155600.0,29850,29870,29850,29850,0,0,False,-154044.0,True,False,True,True,False,False
512100,2025-12-01T10:02:00+08:00,"(t-60s,t]",continuous_am,2025-12-01 10:01:00,2025-12-01 10:02:00,1556.0,2.985,2.986,2.985,2.985,18,155600.0,29850,29870,29850,29850,0,0,False,-154044.0,True,False,True,True,False,False
512100,2025-12-01T10:02:00+08:00,"[t,t+60s)",continuous_am,2025-12-01 10:02:00,2025-12-01 10:03:00,1556.0,2.985,2.986,2.985,2.985,33,307900.0,29860,29880,29860,29880,0,0,False,-306344.0,False,False,False,False,False,False
512100,2025-12-01T10:02:00+08:00,"(t,t+60s]",continuous_am,2025-12-01 10:02:00,2025-12-01 10:03:00,1556.0,2.985,2.986,2.985,2.985,33,307900.0,29860,29880,29860,29880,0,0,False,-306344.0,False,False,False,False,False,False
512100,2025-12-01T10:03:00+08:00,"[t-60s,t)",continuous_am,2025-12-01 10:02:00,2025-12-01 10:03:00,2910.0,2.986,2.987,2.986,2.987,33,307900.0,29860,29880,29860,29880,0,0,False,-304990.0,True,False,True,False,False,False
512100,2025-12-01T10:03:00+08:00,"(t-60s,t]",continuous_am,2025-12-01 10:02:00,2025-12-01 10:03:00,2910.0,2.986,2.987,2.986,2.987,33,307900.0,29860,29880,29860,29880,0,0,False,-304990.0,True,False,True,False,False,False
512100,2025-12-01T10:03:00+08:00,"[t,t+60s)",continuous_am,2025-12-01 10:03:00,2025-12-01 10:04:00,2910.0,2.986,2.987,2.986,2.987,52,955200.0,29880,29880,29860,29870,0,0,False,-952290.0,False,False,True,True,False,False
512100,2025-12-01T10:03:00+08:00,"(t,t+60s]",continuous_am,2025-12-01 10:03:00,2025-12-01 10:04:00,2910.0,2.986,2.987,2.986,2.987,52,955200.0,29880,29880,29860,29870,0,0,False,-952290.0,False,False,True,True,False,False
512100,2025-12-01T10:04:00+08:00,"[t-60s,t)",continuous_am,2025-12-01 10:03:00,2025-12-01 10:04:00,9721.0,2.988,2.988,2.987,2.987,52,955200.0,29880,29880,29860,29870,0,0,False,-945479.0,True,True,False,True,False,False
512100,2025-12-01T10:04:00+08:00,"(t-60s,t]",continuous_am,2025-12-01 10:03:00,2025-12-01 10:04:00,9721.0,2.988,2.988,2.987,2.987,52,955200.0,29880,29880,29860,29870,0,0,False,-945479.0,True,True,False,True,False,False
512100,2025-12-01T10:04:00+08:00,"[t,t+60s)",continuous_am,2025-12-01 10:04:00,2025-12-01 10:05:00,9721.0,2.988,2.988,2.987,2.987,53,1186100.0,29860,29880,29860,29880,0,0,False,-1176379.0,False,True,False,False,False,False
512100,2025-12-01T10:04:00+08:00,"(t,t+60s]",continuous_am,2025-12-01 10:04:00,2025-12-01 10:05:00,9721.0,2.988,2.988,2.987,2.987,53,1186100.0,29860,29880,29860,29880,0,0,False,-1176379.0,False,True,False,False,False,False
512100,2025-12-01T10:05:00+08:00,"[t-60s,t)",continuous_am,2025-12-01 10:04:00,2025-12-01 10:05:00,11581.0,2.986,2.988,2.986,2.987,53,1186100.0,29860,29880,29860,29880,0,0,False,-1174519.0,True,True,True,False,False,False
512100,2025-12-01T10:05:00+08:00,"(t-60s,t]",continuous_am,2025-12-01 10:04:00,2025-12-01 10:05:00,11581.0,2.986,2.988,2.986,2.987,53,1186100.0,29860,29880,29860,29880,0,0,False,-1174519.0,True,True,True,False,False,False
512100,2025-12-01T10:05:00+08:00,"[t,t+60s)",continuous_am,2025-12-01 10:05:00,2025-12-01 10:06:00,11581.0,2.986,2.988,2.986,2.987,31,490000.0,29870,29880,29860,29860,0,0,False,-478419.0,False,True,True,False,False,False
512100,2025-12-01T10:05:00+08:00,"(t,t+60s]",continuous_am,2025-12-01 10:05:00,2025-12-01 10:06:00,11581.0,2.986,2.988,2.986,2.987,31,490000.0,29870,29880,29860,29860,0,0,False,-478419.0,False,True,True,False,False,False
512100,2025-12-01T10:06:00+08:00,"[t-60s,t)",continuous_am,2025-12-01 10:05:00,2025-12-01 10:06:00,2680.0,2.988,2.988,2.986,2.986,31,490000.0,29870,29880,29860,29860,0,0,False,-487320.0,False,True,True,True,False,False
512100,2025-12-01T10:06:00+08:00,"(t-60s,t]",continuous_am,2025-12-01 10:05:00,2025-12-01 10:06:00,2680.0,2.988,2.988,2.986,2.986,31,490000.0,29870,29880,29860,29860,0,0,False,-487320.0,False,True,True,True,False,False
512100,2025-12-01T10:06:00+08:00,"[t,t+60s)",continuous_am,2025-12-01 10:06:00,2025-12-01 10:07:00,2680.0,2.988,2.988,2.986,2.986,74,1192100.0,29850,29870,29830,29840,0,0,False,-1189420.0,False,False,False,False,False,False
512100,2025-12-01T10:06:00+08:00,"(t,t+60s]",continuous_am,2025-12-01 10:06:00,2025-12-01 10:07:00,2680.0,2.988,2.988,2.986,2.986,74,1192100.0,29850,29870,29830,29840,0,0,False,-1189420.0,False,False,False,False,False,False
512100,2025-12-01T10:07:00+08:00,"[t-60s,t)",continuous_am,2025-12-01 10:06:00,2025-12-01 10:07:00,14421.0,2.986,2.987,2.983,2.984,74,1192100.0,29850,29870,29830,29840,0,0,False,-1177679.0,False,True,True,True,False,False
512100,2025-12-01T10:07:00+08:00,"(t-60s,t]",continuous_am,2025-12-01 10:06:00,2025-12-01 10:07:00,14421.0,2.986,2.987,2.983,2.984,74,1192100.0,29850,29870,29830,29840,0,0,False,-1177679.0,False,True,True,True,False,False
512100,2025-12-01T10:07:00+08:00,"[t,t+60s)",continuous_am,2025-12-01 10:07:00,2025-12-01 10:08:00,14421.0,2.986,2.987,2.983,2.984,17,298900.0,29830,29850,29830,29840,0,0,False,-284479.0,False,False,True,True,False,False
512100,2025-12-01T10:07:00+08:00,"(t,t+60s]",continuous_am,2025-12-01 10:07:00,2025-12-01 10:08:00,14421.0,2.986,2.987,2.983,2.984,17,298900.0,29830,29850,29830,29840,0,0,False,-284479.0,False,False,True,True,False,False
512100,2025-12-01T10:08:00+08:00,"[t-60s,t)",continuous_am,2025-12-01 10:07:00,2025-12-01 10:08:00,2989.0,2.983,2.985,2.983,2.984,17,298900.0,29830,29850,29830,29840,0,0,False,-295911.0,True,True,True,True,True,False
512100,2025-12-01T10:08:00+08:00,"(t-60s,t]",continuous_am,2025-12-01 10:07:00,2025-12-01 10:08:00,2989.0,2.983,2.985,2.983,2.984,17,298900.0,29830,29850,29830,29840,0,0,False,-295911.0,True,True,True,True,True,False
512100,2025-12-01T10:08:00+08:00,"[t,t+60s)",continuous_am,2025-12-01 10:08:00,2025-12-01 10:09:00,2989.0,2.983,2.985,2.983,2.984,28,503300.0,29850,29850,29830,29830,0,0,False,-500311.0,False,True,True,False,False,False
512100,2025-12-01T10:08:00+08:00,"(t,t+60s]",continuous_am,2025-12-01 10:08:00,2025-12-01 10:09:00,2989.0,2.983,2.985,2.983,2.984,28,503300.0,29850,29850,29830,29830,0,0,False,-500311.0,False,True,True,False,False,False
512100,2025-12-01T10:09:00+08:00,"[t-60s,t)",continuous_am,2025-12-01 10:08:00,2025-12-01 10:09:00,5033.0,2.985,2.985,2.983,2.983,28,503300.0,29850,29850,29830,29830,0,0,False,-498267.0,True,True,True,True,True,False
512100,2025-12-01T10:09:00+08:00,"(t-60s,t]",continuous_am,2025-12-01 10:08:00,2025-12-01 10:09:00,5033.0,2.985,2.985,2.983,2.983,28,503300.0,29850,29850,29830,29830,0,0,False,-498267.0,True,True,True,True,True,False
512100,2025-12-01T10:09:00+08:00,"[t,t+60s)",continuous_am,2025-12-01 10:09:00,2025-12-01 10:10:00,5033.0,2.985,2.985,2.983,2.983,50,1397900.0,29840,29850,29820,29830,0,0,False,-1392867.0,False,True,False,True,False,False
512100,2025-12-01T10:09:00+08:00,"(t,t+60s]",continuous_am,2025-12-01 10:09:00,2025-12-01 10:10:00,5033.0,2.985,2.985,2.983,2.983,50,1397900.0,29840,29850,29820,29830,0,0,False,-1392867.0,False,True,False,True,False,False
512100,2025-12-01T10:10:00+08:00,"[t-60s,t)",continuous_am,2025-12-01 10:09:00,2025-12-01 10:10:00,13969.0,2.984,2.985,2.982,2.982,50,1397900.0,29840,29850,29820,29830,0,0,False,-1383931.0,True,True,True,False,False,False
512100,2025-12-01T10:10:00+08:00,"(t-60s,t]",continuous_am,2025-12-01 10:09:00,2025-12-01 10:10:00,13969.0,2.984,2.985,2.982,2.982,50,1397900.0,29840,29850,29820,29830,0,0,False,-1383931.0,True,True,True,False,False,False
512100,2025-12-01T10:10:00+08:00,"[t,t+60s)",continuous_am,2025-12-01 10:10:00,2025-12-01 10:11:00,13969.0,2.984,2.985,2.982,2.982,103,4251100.0,29820,29830,29800,29810,0,0,False,-4237131.0,False,False,False,False,False,False
512100,2025-12-01T10:10:00+08:00,"(t,t+60s]",continuous_am,2025-12-01 10:10:00,2025-12-01 10:11:00,13969.0,2.984,2.985,2.982,2.982,103,4251100.0,29820,29830,29800,29810,0,0,False,-4237131.0,False,False,False,False,False,False
512100,2025-12-01T10:11:00+08:00,"[t-60s,t)",continuous_am,2025-12-01 10:10:00,2025-12-01 10:11:00,42521.0,2.982,2.983,2.98,2.981,103,4251100.0,29820,29830,29800,29810,0,0,False,-4208579.0,True,True,True,True,True,False
512100,2025-12-01T10:11:00+08:00,"(t-60s,t]",continuous_am,2025-12-01 10:10:00,2025-12-01 10:11:00,42521.0,2.982,2.983,2.98,2.981,103,4251100.0,29820,29830,29800,29810,0,0,False,-4208579.0,True,True,True,True,True,False
512100,2025-12-01T10:11:00+08:00,"[t,t+60s)",continuous_am,2025-12-01 10:11:00,2025-12-01 10:12:00,42521.0,2.982,2.983,2.98,2.981,28,262300.0,29810,29820,29800,29810,0,0,False,-219779.0,False,False,True,True,False,False
512100,2025-12-01T10:11:00+08:00,"(t,t+60s]",continuous_am,2025-12-01 10:11:00,2025-12-01 10:12:00,42521.0,2.982,2.983,2.98,2.981,28,262300.0,29810,29820,29800,29810,0,0,False,-219779.0,False,False,True,True,False,False
512100,2025-12-01T10:12:00+08:00,"[t-60s,t)",continuous_am,2025-12-01 10:11:00,2025-12-01 10:12:00,2623.0,2.981,2.981,2.98,2.981,28,262300.0,29810,29820,29800,29810,0,0,False,-259677.0,True,False,True,True,False,False
512100,2025-12-01T10:12:00+08:00,"(t-60s,t]",continuous_am,2025-12-01 10:11:00,2025-12-01 10:12:00,2623.0,2.981,2.981,2.98,2.981,28,262300.0,29810,29820,29800,29810,0,0,False,-259677.0,True,False,True,True,False,False
512100,2025-12-01T10:12:00+08:00,"[t,t+60s)",continuous_am,2025-12-01 10:12:00,2025-12-01 10:13:00,2623.0,2.981,2.981,2.98,2.981,20,654600.0,29800,29820,29800,29820,0,0,False,-651977.0,False,False,True,False,False,False
512100,2025-12-01T10:12:00+08:00,"(t,t+60s]",continuous_am,2025-12-01 10:12:00,2025-12-01 10:13:00,2623.0,2.981,2.981,2.98,2.981,20,654600.0,29800,29820,29800,29820,0,0,False,-651977.0,False,False,True,False,False,False
512100,2025-12-01T10:13:00+08:00,"[t-60s,t)",continuous_am,2025-12-01 10:12:00,2025-12-01 10:13:00,6546.0,2.98,2.982,2.98,2.982,20,654600.0,29800,29820,29800,29820,0,0,False,-648054.0,True,True,True,True,True,False
512100,2025-12-01T10:13:00+08:00,"(t-60s,t]",continuous_am,2025-12-01 10:12:00,2025-12-01 10:13:00,6546.0,2.98,2.982,2.98,2.982,20,654600.0,29800,29820,29800,29820,0,0,False,-648054.0,True,True,True,True,True,False
512100,2025-12-01T10:13:00+08:00,"[t,t+60s)",continuous_am,2025-12-01 10:13:00,2025-12-01 10:14:00,6546.0,2.98,2.982,2.98,2.982,22,831400.0,29820,29840,29820,29820,0,0,False,-824854.0,False,False,False,True,False,False
512100,2025-12-01T10:13:00+08:00,"(t,t+60s]",continuous_am,2025-12-01 10:13:00,2025-12-01 10:14:00,6546.0,2.98,2.982,2.98,2.982,22,831400.0,29820,29840,29820,29820,0,0,False,-824854.0,False,False,False,True,False,False
512100,2025-12-01T10:14:00+08:00,"[t-60s,t)",continuous_am,2025-12-01 10:13:00,2025-12-01 10:14:00,8314.0,2.982,2.984,2.982,2.982,22,831400.0,29820,29840,29820,29820,0,0,False,-823086.0,True,True,True,True,True,False
512100,2025-12-01T10:14:00+08:00,"(t-60s,t]",continuous_am,2025-12-01 10:13:00,2025-12-01 10:14:00,8314.0,2.982,2.984,2.982,2.982,22,831400.0,29820,29840,29820,29820,0,0,False,-823086.0,True,True,True,True,True,False
512100,2025-12-01T10:14:00+08:00,"[t,t+60s)",continuous_am,2025-12-01 10:14:00,2025-12-01 10:15:00,8314.0,2.982,2.984,2.982,2.982,46,930300.0,29830,29830,29790,29810,0,0,False,-921986.0,False,False,False,False,False,False
512100,2025-12-01T10:14:00+08:00,"(t,t+60s]",continuous_am,2025-12-01 10:14:00,2025-12-01 10:15:00,8314.0,2.982,2.984,2.982,2.982,46,930300.0,29830,29830,29790,29810,0,0,False,-921986.0,False,False,False,False,False,False
512100,2025-12-01T10:15:00+08:00,"[t-60s,t)",continuous_am,2025-12-01 10:14:00,2025-12-01 10:15:00,9302.0,2.983,2.983,2.979,2.979,46,930300.0,29830,29830,29790,29810,0,0,False,-920998.0,True,True,True,False,False,False
512100,2025-12-01T10:15:00+08:00,"(t-60s,t]",continuous_am,2025-12-01 10:14:00,2025-12-01 10:15:00,9302.0,2.983,2.983,2.979,2.979,46,930300.0,29830,29830,29790,29810,0,0,False,-920998.0,True,True,True,False,False,False
512100,2025-12-01T10:15:00+08:00,"[t,t+60s)",continuous_am,2025-12-01 10:15:00,2025-12-01 10:16:00,9302.0,2.983,2.983,2.979,2.979,38,995100.0,29800,29800,29780,29800,0,0,False,-985798.0,False,False,False,False,False,False
512100,2025-12-01T10:15:00+08:00,"(t,t+60s]",continuous_am,2025-12-01 10:15:00,2025-12-01 10:16:00,9302.0,2.983,2.983,2.979,2.979,38,995100.0,29800,29800,29780,29800,0,0,False,-985798.0,False,False,False,False,False,False
512100,2025-12-01T10:16:00+08:00,"[t-60s,t)",continuous_am,2025-12-01 10:15:00,2025-12-01 10:16:00,9952.0,2.98,2.98,2.979,2.98,38,995100.0,29800,29800,29780,29800,0,0,False,-985148.0,True,True,False,True,False,False
512100,2025-12-01T10:16:00+08:00,"(t-60s,t]",continuous_am,2025-12-01 10:15:00,2025-12-01 10:16:00,9952.0,2.98,2.98,2.979,2.98,38,995100.0,29800,29800,29780,29800,0,0,False,-985148.0,True,True,False,True,False,False
512100,2025-12-01T10:16:00+08:00,"[t,t+60s)",continuous_am,2025-12-01 10:16:00,2025-12-01 10:17:00,9952.0,2.98,2.98,2.979,2.98,39,453900.0,29800,29830,29800,29820,0,0,False,-443948.0,True,False,False,False,False,False
512100,2025-12-01T10:16:00+08:00,"(t,t+60s]",continuous_am,2025-12-01 10:16:00,2025-12-01 10:17:00,9952.0,2.98,2.98,2.979,2.98,39,453900.0,29800,29830,29800,29820,0,0,False,-443948.0,True,False,False,False,False,False
512100,2025-12-01T10:17:00+08:00,"[t-60s,t)",continuous_am,2025-12-01 10:16:00,2025-12-01 10:17:00,4539.0,2.98,2.983,2.98,2.982,39,453900.0,29800,29830,29800,29820,0,0,False,-449361.0,True,True,True,True,True,False
512100,2025-12-01T10:17:00+08:00,"(t-60s,t]",continuous_am,2025-12-01 10:16:00,2025-12-01 10:17:00,4539.0,2.98,2.983,2.98,2.982,39,453900.0,29800,29830,29800,29820,0,0,False,-449361.0,True,True,True,True,True,False
512100,2025-12-01T10:17:00+08:00,"[t,t+60s)",continuous_am,2025-12-01 10:17:00,2025-12-01 10:18:00,4539.0,2.98,2.983,2.98,2.982,45,1008800.0,29830,29840,29790,29790,0,0,False,-1004261.0,False,False,False,False,False,False
512100,2025-12-01T10:17:00+08:00,"(t,t+60s]",continuous_am,2025-12-01 10:17:00,2025-12-01 10:18:00,4539.0,2.98,2.983,2.98,2.982,45,1008800.0,29830,29840,29790,29790,0,0,False,-1004261.0,False,False,False,False,False,False
512100,2025-12-01T10:18:00+08:00,"[t-60s,t)",continuous_am,2025-12-01 10:17:00,2025-12-01 10:18:00,10088.0,2.984,2.984,2.979,2.979,45,1008800.0,29830,29840,29790,29790,0,0,False,-998712.0,False,True,True,True,False,False
512100,2025-12-01T10:18:00+08:00,"(t-60s,t]",continuous_am,2025-12-01 10:17:00,2025-12-01 10:18:00,10088.0,2.984,2.984,2.979,2.979,45,1008800.0,29830,29840,29790,29790,0,0,False,-998712.0,False,True,True,True,False,False
512100,2025-12-01T10:18:00+08:00,"[t,t+60s)",continuous_am,2025-12-01 10:18:00,2025-12-01 10:19:00,10088.0,2.984,2.984,2.979,2.979,65,886400.0,29780,29790,29760,29770,0,0,False,-876312.0,False,False,False,False,False,False
512100,2025-12-01T10:18:00+08:00,"(t,t+60s]",continuous_am,2025-12-01 10:18:00,2025-12-01 10:19:00,10088.0,2.984,2.984,2.979,2.979,65,886400.0,29780,29790,29760,29770,0,0,False,-876312.0,False,False,False,False,False,False
512100,2025-12-01T10:19:00+08:00,"[t-60s,t)",continuous_am,2025-12-01 10:18:00,2025-12-01 10:19:00,8864.0,2.979,2.979,2.976,2.977,65,886400.0,29780,29790,29760,29770,0,0,False,-877536.0,False,True,True,True,False,False
512100,2025-12-01T10:19:00+08:00,"(t-60s,t]",continuous_am,2025-12-01 10:18:00,2025-12-01 10:19:00,8864.0,2.979,2.979,2.976,2.977,65,886400.0,29780,29790,29760,29770,0,0,False,-877536.0,False,True,True,True,False,False
512100,2025-12-01T10:19:00+08:00,"[t,t+60s)",continuous_am,2025-12-01 10:19:00,2025-12-01 10:20:00,8864.0,2.979,2.979,2.976,2.977,29,373890.0,29760,29800,29760,29800,0,0,False,-365026.0,False,False,True,False,False,False
512100,2025-12-01T10:19:00+08:00,"(t,t+60s]",continuous_am,2025-12-01 10:19:00,2025-12-01 10:20:00,8864.0,2.979,2.979,2.976,2.977,29,373890.0,29760,29800,29760,29800,0,0,False,-365026.0,False,False,True,False,False,False
512100,2025-12-01T10:20:00+08:00,"[t-60s,t)",continuous_am,2025-12-01 10:19:00,2025-12-01 10:20:00,3739.0,2.976,2.98,2.976,2.98,29,373890.0,29760,29800,29760,29800,0,0,False,-370151.0,True,True,True,True,True,False
512100,2025-12-01T10:20:00+08:00,"(t-60s,t]",continuous_am,2025-12-01 10:19:00,2025-12-01 10:20:00,3739.0,2.976,2.98,2.976,2.98,29,373890.0,29760,29800,29760,29800,0,0,False,-370151.0,True,True,True,True,True,False
512100,2025-12-01T10:20:00+08:00,"[t,t+60s)",continuous_am,2025-12-01 10:20:00,2025-12-01 10:21:00,3739.0,2.976,2.98,2.976,2.98,37,811700.0,29800,29810,29790,29800,0,0,False,-807961.0,False,False,False,True,False,False
512100,2025-12-01T10:20:00+08:00,"(t,t+60s]",continuous_am,2025-12-01 10:20:00,2025-12-01 10:21:00,3739.0,2.976,2.98,2.976,2.98,37,811700.0,29800,29810,29790,29800,0,0,False,-807961.0,False,False,False,True,False,False
512100,2025-12-01T10:21:00+08:00,"[t-60s,t)",continuous_am,2025-12-01 10:20:00,2025-12-01 10:21:00,8017.0,2.98,2.981,2.979,2.98,37,811700.0,29800,29810,29790,29800,0,0,False,-803683.0,True,True,True,True,True,False
512100,2025-12-01T10:21:00+08:00,"(t-60s,t]",continuous_am,2025-12-01 10:20:00,2025-12-01 10:21:00,8017.0,2.98,2.981,2.979,2.98,37,811700.0,29800,29810,29790,29800,0,0,False,-803683.0,True,True,True,True,True,False
512100,2025-12-01T10:21:00+08:00,"[t,t+60s)",continuous_am,2025-12-01 10:21:00,2025-12-01 10:22:00,8017.0,2.98,2.981,2.979,2.98,39,1046000.0,29800,29810,29790,29810,0,0,False,-1037983.0,True,True,True,False,False,False
512100,2025-12-01T10:21:00+08:00,"(t,t+60s]",continuous_am,2025-12-01 10:21:00,2025-12-01 10:22:00,8017.0,2.98,2.981,2.979,2.98,39,1046000.0,29800,29810,29790,29810,0,0,False,-1037983.0,True,True,True,False,False,False
512100,2025-12-01T10:22:00+08:00,"[t-60s,t)",continuous_am,2025-12-01 10:21:00,2025-12-01 10:22:00,10560.0,2.98,2.981,2.979,2.981,39,1046000.0,29800,29810,29790,29810,0,0,False,-1035440.0,True,True,True,True,True,False
512100,2025-12-01T10:22:00+08:00,"(t-60s,t]",continuous_am,2025-12-01 10:21:00,2025-12-01 10:22:00,10560.0,2.98,2.981,2.979,2.981,39,1046000.0,29800,29810,29790,29810,0,0,False,-1035440.0,True,True,True,True,True,False
512100,2025-12-01T10:22:00+08:00,"[t,t+60s)",continuous_am,2025-12-01 10:22:00,2025-12-01 10:23:00,10560.0,2.98,2.981,2.979,2.981,36,1025200.0,29810,29820,29790,29790,0,0,False,-1014640.0,False,False,True,False,False,False
512100,2025-12-01T10:22:00+08:00,"(t,t+60s]",continuous_am,2025-12-01 10:22:00,2025-12-01 10:23:00,10560.0,2.98,2.981,2.979,2.981,36,1025200.0,29810,29820,29790,29790,0,0,False,-1014640.0,False,False,True,False,False,False
512100,2025-12-01T10:23:00+08:00,"[t-60s,t)",continuous_am,2025-12-01 10:22:00,2025-12-01 10:23:00,10252.0,2.98,2.98,2.979,2.979,36,1025200.0,29810,29820,29790,29790,0,0,False,-1014948.0,False,False,True,True,False,False
512100,2025-12-01T10:23:00+08:00,"(t-60s,t]",continuous_am,2025-12-01 10:22:00,2025-12-01 10:23:00,10252.0,2.98,2.98,2.979,2.979,36,1025200.0,29810,29820,29790,29790,0,0,False,-1014948.0,False,False,True,True,False,False
512100,2025-12-01T10:23:00+08:00,"[t,t+60s)",continuous_am,2025-12-01 10:23:00,2025-12-01 10:24:00,10252.0,2.98,2.98,2.979,2.979,30,371000.0,29800,29800,29790,29790,0,0,False,-360748.0,True,True,True,True,True,False
512100,2025-12-01T10:23:00+08:00,"(t,t+60s]",continuous_am,2025-12-01 10:23:00,2025-12-01 10:24:00,10252.0,2.98,2.98,2.979,2.979,30,371000.0,29800,29800,29790,29790,0,0,False,-360748.0,True,True,True,True,True,False
512100,2025-12-01T10:24:00+08:00,"[t-60s,t)",continuous_am,2025-12-01 10:23:00,2025-12-01 10:24:00,3710.0,2.979,2.98,2.979,2.979,30,371000.0,29800,29800,29790,29790,0,0,False,-367290.0,False,True,True,True,False,False
512100,2025-12-01T10:24:00+08:00,"(t-60s,t]",continuous_am,2025-12-01 10:23:00,2025-12-01 10:24:00,3710.0,2.979,2.98,2.979,2.979,30,371000.0,29800,29800,29790,29790,0,0,False,-367290.0,False,True,True,True,False,False
512100,2025-12-01T10:24:00+08:00,"[t,t+60s)",continuous_am,2025-12-01 10:24:00,2025-12-01 10:25:00,3710.0,2.979,2.98,2.979,2.979,20,250200.0,29790,29800,29790,29790,0,0,False,-246490.0,True,True,True,True,True,False
512100,2025-12-01T10:24:00+08:00,"(t,t+60s]",continuous_am,2025-12-01 10:24:00,2025-12-01 10:25:00,3710.0,2.979,2.98,2.979,2.979,20,250200.0,29790,29800,29790,29790,0,0,False,-246490.0,True,True,True,True,True,False
512100,2025-12-01T10:25:00+08:00,"[t-60s,t)",continuous_am,2025-12-01 10:24:00,2025-12-01 10:25:00,2502.0,2.979,2.98,2.979,2.979,20,250200.0,29790,29800,29790,29790,0,0,False,-247698.0,True,True,True,True,True,False
512100,2025-12-01T10:25:00+08:00,"(t-60s,t]",continuous_am,2025-12-01 10:24:00,2025-12-01 10:25:00,2502.0,2.979,2.98,2.979,2.979,20,250200.0,29790,29800,29790,29790,0,0,False,-247698.0,True,True,True,True,True,False
512100,2025-12-01T10:25:00+08:00,"[t,t+60s)",continuous_am,2025-12-01 10:25:00,2025-12-01 10:26:00,2502.0,2.979,2.98,2.979,2.979,32,545400.0,29780,29780,29770,29770,0,0,False,-542898.0,False,False,False,False,False,False
512100,2025-12-01T10:25:00+08:00,"(t,t+60s]",continuous_am,2025-12-01 10:25:00,2025-12-01 10:26:00,2502.0,2.979,2.98,2.979,2.979,32,545400.0,29780,29780,29770,29770,0,0,False,-542898.0,False,False,False,False,False,False
512100,2025-12-01T10:26:00+08:00,"[t-60s,t)",continuous_am,2025-12-01 10:25:00,2025-12-01 10:26:00,5454.0,2.977,2.978,2.977,2.977,32,545400.0,29780,29780,29770,29770,0,0,False,-539946.0,False,True,True,True,False,False
512100,2025-12-01T10:26:00+08:00,"(t-60s,t]",continuous_am,2025-12-01 10:25:00,2025-12-01 10:26:00,5454.0,2.977,2.978,2.977,2.977,32,545400.0,29780,29780,29770,29770,0,0,False,-539946.0,False,True,True,True,False,False
512100,2025-12-01T10:26:00+08:00,"[t,t+60s)",continuous_am,2025-12-01 10:26:00,2025-12-01 10:27:00,5454.0,2.977,2.978,2.977,2.977,19,327700.0,29780,29780,29770,29780,0,0,False,-322246.0,False,True,True,False,False,False
512100,2025-12-01T10:26:00+08:00,"(t,t+60s]",continuous_am,2025-12-01 10:26:00,2025-12-01 10:27:00,5454.0,2.977,2.978,2.977,2.977,19,327700.0,29780,29780,29770,29780,0,0,False,-322246.0,False,True,True,False,False,False
512100,2025-12-01T10:27:00+08:00,"[t-60s,t)",continuous_am,2025-12-01 10:26:00,2025-12-01 10:27:00,3277.0,2.978,2.978,2.977,2.978,19,327700.0,29780,29780,29770,29780,0,0,False,-324423.0,True,True,True,True,True,False
512100,2025-12-01T10:27:00+08:00,"(t-60s,t]",continuous_am,2025-12-01 10:26:00,2025-12-01 10:27:00,3277.0,2.978,2.978,2.977,2.978,19,327700.0,29780,29780,29770,29780,0,0,False,-324423.0,True,True,True,True,True,False
512100,2025-12-01T10:27:00+08:00,"[t,t+60s)",continuous_am,2025-12-01 10:27:00,2025-12-01 10:28:00,3277.0,2.978,2.978,2.977,2.978,28,485100.0,29780,29790,29780,29790,0,0,False,-481823.0,True,False,False,False,False,False
512100,2025-12-01T10:27:00+08:00,"(t,t+60s]",continuous_am,2025-12-01 10:27:00,2025-12-01 10:28:00,3277.0,2.978,2.978,2.977,2.978,28,485100.0,29780,29790,29780,29790,0,0,False,-481823.0,True,False,False,False,False,False
512100,2025-12-01T10:28:00+08:00,"[t-60s,t)",continuous_am,2025-12-01 10:27:00,2025-12-01 10:28:00,4851.0,2.978,2.979,2.978,2.979,28,485100.0,29780,29790,29780,29790,0,0,False,-480249.0,True,True,True,True,True,False
512100,2025-12-01T10:28:00+08:00,"(t-60s,t]",continuous_am,2025-12-01 10:27:00,2025-12-01 10:28:00,4851.0,2.978,2.979,2.978,2.979,28,485100.0,29780,29790,29780,29790,0,0,False,-480249.0,True,True,True,True,True,False
512100,2025-12-01T10:28:00+08:00,"[t,t+60s)",continuous_am,2025-12-01 10:28:00,2025-12-01 10:29:00,4851.0,2.978,2.979,2.978,2.979,31,655200.0,29790,29800,29780,29800,0,0,False,-650349.0,False,False,True,False,False,False
512100,2025-12-01T10:28:00+08:00,"(t,t+60s]",continuous_am,2025-12-01 10:28:00,2025-12-01 10:29:00,4851.0,2.978,2.979,2.978,2.979,31,655200.0,29790,29800,29780,29800,0,0,False,-650349.0,False,False,True,False,False,False
512100,2025-12-01T10:29:00+08:00,"[t-60s,t)",continuous_am,2025-12-01 10:28:00,2025-12-01 10:29:00,6552.0,2.979,2.98,2.979,2.98,31,655200.0,29790,29800,29780,29800,0,0,False,-648648.0,True,True,False,True,False,False
512100,2025-12-01T10:29:00+08:00,"(t-60s,t]",continuous_am,2025-12-01 10:28:00,2025-12-01 10:29:00,6552.0,2.979,2.98,2.979,2.98,31,655200.0,29790,29800,29780,29800,0,0,False,-648648.0,True,True,False,True,False,False
512100,2025-12-01T10:29:00+08:00,"[t,t+60s)",continuous_am,2025-12-01 10:29:00,2025-12-01 10:30:00,6552.0,2.979,2.98,2.979,2.98,46,529300.0,29800,29810,29800,29810,0,0,False,-522748.0,False,False,False,False,False,False
512100,2025-12-01T10:29:00+08:00,"(t,t+60s]",continuous_am,2025-12-01 10:29:00,2025-12-01 10:30:00,6552.0,2.979,2.98,2.979,2.98,46,529300.0,29800,29810,29800,29810,0,0,False,-522748.0,False,False,False,False,False,False
512100,2025-12-01T10:30:00+08:00,"[t-60s,t)",continuous_am,2025-12-01 10:29:00,2025-12-01 10:30:00,5293.0,2.98,2.981,2.98,2.981,46,529300.0,29800,29810,29800,29810,0,0,False,-524007.0,True,True,True,True,True,False
512100,2025-12-01T10:30:00+08:00,"(t-60s,t]",continuous_am,2025-12-01 10:29:00,2025-12-01 10:30:00,5293.0,2.98,2.981,2.98,2.981,46,529300.0,29800,29810,29800,29810,0,0,False,-524007.0,True,True,True,True,True,False
512100,2025-12-01T10:30:00+08:00,"[t,t+60s)",continuous_am,2025-12-01 10:30:00,2025-12-01 10:31:00,5293.0,2.98,2.981,2.98,2.981,165,3324500.0,29810,29820,29800,29820,0,0,False,-3319207.0,False,False,True,False,False,False
512100,2025-12-01T10:30:00+08:00,"(t,t+60s]",continuous_am,2025-12-01 10:30:00,2025-12-01 10:31:00,5293.0,2.98,2.981,2.98,2.981,165,3324500.0,29810,29820,29800,29820,0,0,False,-3319207.0,False,False,True,False,False,False
512100,2025-12-01T10:31:00+08:00,"[t-60s,t)",continuous_am,2025-12-01 10:30:00,2025-12-01 10:31:00,33245.0,2.982,2.982,2.98,2.982,165,3324500.0,29810,29820,29800,29820,0,0,False,-3291255.0,False,True,True,True,False,False
512100,2025-12-01T10:31:00+08:00,"(t-60s,t]",continuous_am,2025-12-01 10:30:00,2025-12-01 10:31:00,33245.0,2.982,2.982,2.98,2.982,165,3324500.0,29810,29820,29800,29820,0,0,False,-3291255.0,False,True,True,True,False,False
512100,2025-12-01T10:31:00+08:00,"[t,t+60s)",continuous_am,2025-12-01 10:31:00,2025-12-01 10:32:00,33245.0,2.982,2.982,2.98,2.982,55,1743000.0,29810,29830,29810,29820,0,0,False,-1709755.0,False,False,False,True,False,False
512100,2025-12-01T10:31:00+08:00,"(t,t+60s]",continuous_am,2025-12-01 10:31:00,2025-12-01 10:32:00,33245.0,2.982,2.982,2.98,2.982,55,1743000.0,29810,29830,29810,29820,0,0,False,-1709755.0,False,False,False,True,False,False
512100,2025-12-01T10:32:00+08:00,"[t-60s,t)",continuous_am,2025-12-01 10:31:00,2025-12-01 10:32:00,12490.0,2.981,2.983,2.981,2.982,55,1743000.0,29810,29830,29810,29820,0,0,False,-1730510.0,True,True,True,True,True,False
512100,2025-12-01T10:32:00+08:00,"(t-60s,t]",continuous_am,2025-12-01 10:31:00,2025-12-01 10:32:00,12490.0,2.981,2.983,2.981,2.982,55,1743000.0,29810,29830,29810,29820,0,0,False,-1730510.0,True,True,True,True,True,False
512100,2025-12-01T10:32:00+08:00,"[t,t+60s)",continuous_am,2025-12-01 10:32:00,2025-12-01 10:33:00,12490.0,2.981,2.983,2.981,2.982,30,957000.0,29820,29840,29820,29830,0,0,False,-944510.0,False,False,False,False,False,False
512100,2025-12-01T10:32:00+08:00,"(t,t+60s]",continuous_am,2025-12-01 10:32:00,2025-12-01 10:33:00,12490.0,2.981,2.983,2.981,2.982,30,957000.0,29820,29840,29820,29830,0,0,False,-944510.0,False,False,False,False,False,False
512100,2025-12-01T10:33:00+08:00,"[t-60s,t)",continuous_am,2025-12-01 10:32:00,2025-12-01 10:33:00,14510.0,2.982,2.984,2.982,2.983,30,957000.0,29820,29840,29820,29830,0,0,False,-942490.0,True,True,True,True,True,False
512100,2025-12-01T10:33:00+08:00,"(t-60s,t]",continuous_am,2025-12-01 10:32:00,2025-12-01 10:33:00,14510.0,2.982,2.984,2.982,2.983,30,957000.0,29820,29840,29820,29830,0,0,False,-942490.0,True,True,True,True,True,False
512100,2025-12-01T10:33:00+08:00,"[t,t+60s)",continuous_am,2025-12-01 10:33:00,2025-12-01 10:34:00,14510.0,2.982,2.984,2.982,2.983,23,681600.0,29830,29830,29820,29820,0,0,False,-667090.0,False,False,True,False,False,False
512100,2025-12-01T10:33:00+08:00,"(t,t+60s]",continuous_am,2025-12-01 10:33:00,2025-12-01 10:34:00,14510.0,2.982,2.984,2.982,2.983,23,681600.0,29830,29830,29820,29820,0,0,False,-667090.0,False,False,True,False,False,False
512100,2025-12-01T10:34:00+08:00,"[t-60s,t)",continuous_am,2025-12-01 10:33:00,2025-12-01 10:34:00,6816.0,2.983,2.983,2.982,2.982,23,681600.0,29830,29830,29820,29820,0,0,False,-674784.0,True,True,True,True,True,False
512100,2025-12-01T10:34:00+08:00,"(t-60s,t]",continuous_am,2025-12-01 10:33:00,2025-12-01 10:34:00,6816.0,2.983,2.983,2.982,2.982,23,681600.0,29830,29830,29820,29820,0,0,False,-674784.0,True,True,True,True,True,False
512100,2025-12-01T10:34:00+08:00,"[t,t+60s)",continuous_am,2025-12-01 10:34:00,2025-12-01 10:35:00,6816.0,2.983,2.983,2.982,2.982,16,482300.0,29830,29830,29820,29820,0,0,False,-475484.0,True,True,True,True,True,False
512100,2025-12-01T10:34:00+08:00,"(t,t+60s]",continuous_am,2025-12-01 10:34:00,2025-12-01 10:35:00,6816.0,2.983,2.983,2.982,2.982,16,482300.0,29830,29830,29820,29820,0,0,False,-475484.0,True,True,True,True,True,False
512100,2025-12-01T10:35:00+08:00,"[t-60s,t)",continuous_am,2025-12-01 10:34:00,2025-12-01 10:35:00,4823.0,2.982,2.983,2.982,2.982,16,482300.0,29830,29830,29820,29820,0,0,False,-477477.0,False,True,True,True,False,False
512100,2025-12-01T10:35:00+08:00,"(t-60s,t]",continuous_am,2025-12-01 10:34:00,2025-12-01 10:35:00,4823.0,2.982,2.983,2.982,2.982,16,482300.0,29830,29830,29820,29820,0,0,False,-477477.0,False,True,True,True,False,False
512100,2025-12-01T10:35:00+08:00,"[t,t+60s)",continuous_am,2025-12-01 10:35:00,2025-12-01 10:36:00,4823.0,2.982,2.983,2.982,2.982,34,2039200.0,29830,29840,29820,29840,0,0,False,-2034377.0,False,False,True,False,False,False
512100,2025-12-01T10:35:00+08:00,"(t,t+60s]",continuous_am,2025-12-01 10:35:00,2025-12-01 10:36:00,4823.0,2.982,2.983,2.982,2.982,34,2039200.0,29830,29840,29820,29840,0,0,False,-2034377.0,False,False,True,False,False,False
512100,2025-12-01T10:36:00+08:00,"[t-60s,t)",continuous_am,2025-12-01 10:35:00,2025-12-01 10:36:00,20332.0,2.983,2.984,2.983,2.984,34,2039200.0,29830,29840,29820,29840,0,0,False,-2018868.0,True,True,False,True,False,False
512100,2025-12-01T10:36:00+08:00,"(t-60s,t]",continuous_am,2025-12-01 10:35:00,2025-12-01 10:36:00,20332.0,2.983,2.984,2.983,2.984,34,2039200.0,29830,29840,29820,29840,0,0,False,-2018868.0,True,True,False,True,False,False
512100,2025-12-01T10:36:00+08:00,"[t,t+60s)",continuous_am,2025-12-01 10:36:00,2025-12-01 10:37:00,20332.0,2.983,2.984,2.983,2.984,34,1610800.0,29850,29850,29830,29840,0,0,False,-1590468.0,False,False,True,True,False,False
512100,2025-12-01T10:36:00+08:00,"(t,t+60s]",continuous_am,2025-12-01 10:36:00,2025-12-01 10:37:00,20332.0,2.983,2.984,2.983,2.984,34,1610800.0,29850,29850,29830,29840,0,0,False,-1590468.0,False,False,True,True,False,False
512100,2025-12-01T10:37:00+08:00,"[t-60s,t)",continuous_am,2025-12-01 10:36:00,2025-12-01 10:37:00,16018.0,2.984,2.985,2.983,2.985,34,1610800.0,29850,29850,29830,29840,0,0,False,-1594782.0,False,True,True,False,False,False
512100,2025-12-01T10:37:00+08:00,"(t-60s,t]",continuous_am,2025-12-01 10:36:00,2025-12-01 10:37:00,16018.0,2.984,2.985,2.983,2.985,34,1610800.0,29850,29850,29830,29840,0,0,False,-1594782.0,False,True,True,False,False,False
512100,2025-12-01T10:37:00+08:00,"[t,t+60s)",continuous_am,2025-12-01 10:37:00,2025-12-01 10:38:00,16018.0,2.984,2.985,2.983,2.985,31,581400.0,29840,29850,29810,29810,0,0,False,-565382.0,True,True,False,False,False,False
512100,2025-12-01T10:37:00+08:00,"(t,t+60s]",continuous_am,2025-12-01 10:37:00,2025-12-01 10:38:00,16018.0,2.984,2.985,2.983,2.985,31,581400.0,29840,29850,29810,29810,0,0,False,-565382.0,True,True,False,False,False,False
512100,2025-12-01T10:38:00+08:00,"[t-60s,t)",continuous_am,2025-12-01 10:37:00,2025-12-01 10:38:00,5964.0,2.984,2.985,2.981,2.981,31,581400.0,29840,29850,29810,29810,0,0,False,-575436.0,True,True,True,True,True,False
512100,2025-12-01T10:38:00+08:00,"(t-60s,t]",continuous_am,2025-12-01 10:37:00,2025-12-01 10:38:00,5964.0,2.984,2.985,2.981,2.981,31,581400.0,29840,29850,29810,29810,0,0,False,-575436.0,True,True,True,True,True,False
512100,2025-12-01T10:38:00+08:00,"[t,t+60s)",continuous_am,2025-12-01 10:38:00,2025-12-01 10:39:00,5964.0,2.984,2.985,2.981,2.981,6,75500.0,29820,29820,29820,29820,0,0,False,-69536.0,False,False,False,False,False,False
512100,2025-12-01T10:38:00+08:00,"(t,t+60s]",continuous_am,2025-12-01 10:38:00,2025-12-01 10:39:00,5964.0,2.984,2.985,2.981,2.981,6,75500.0,29820,29820,29820,29820,0,0,False,-69536.0,False,False,False,False,False,False
512100,2025-12-01T10:39:00+08:00,"[t-60s,t)",continuous_am,2025-12-01 10:38:00,2025-12-01 10:39:00,755.0,2.982,2.982,2.982,2.982,6,75500.0,29820,29820,29820,29820,0,0,False,-74745.0,True,True,True,True,True,False
512100,2025-12-01T10:39:00+08:00,"(t-60s,t]",continuous_am,2025-12-01 10:38:00,2025-12-01 10:39:00,755.0,2.982,2.982,2.982,2.982,6,75500.0,29820,29820,29820,29820,0,0,False,-74745.0,True,True,True,True,True,False
512100,2025-12-01T10:39:00+08:00,"[t,t+60s)",continuous_am,2025-12-01 10:39:00,2025-12-01 10:40:00,755.0,2.982,2.982,2.982,2.982,11,132100.0,29810,29840,29810,29830,0,0,False,-131345.0,False,False,False,False,False,False
512100,2025-12-01T10:39:00+08:00,"(t,t+60s]",continuous_am,2025-12-01 10:39:00,2025-12-01 10:40:00,755.0,2.982,2.982,2.982,2.982,11,132100.0,29810,29840,29810,29830,0,0,False,-131345.0,False,False,False,False,False,False
512100,2025-12-01T10:40:00+08:00,"[t-60s,t)",continuous_am,2025-12-01 10:39:00,2025-12-01 10:40:00,1321.0,2.981,2.984,2.981,2.983,11,132100.0,29810,29840,29810,29830,0,0,False,-130779.0,True,True,True,True,True,False
512100,2025-12-01T10:40:00+08:00,"(t-60s,t]",continuous_am,2025-12-01 10:39:00,2025-12-01 10:40:00,1321.0,2.981,2.984,2.981,2.983,11,132100.0,29810,29840,29810,29830,0,0,False,-130779.0,True,True,True,True,True,False
512100,2025-12-01T10:40:00+08:00,"[t,t+60s)",continuous_am,2025-12-01 10:40:00,2025-12-01 10:41:00,1321.0,2.981,2.984,2.981,2.983,5,68100.0,29830,29830,29830,29830,0,0,False,-66779.0,False,False,False,True,False,False
512100,2025-12-01T10:40:00+08:00,"(t,t+60s]",continuous_am,2025-12-01 10:40:00,2025-12-01 10:41:00,1321.0,2.981,2.984,2.981,2.983,5,68100.0,29830,29830,29830,29830,0,0,False,-66779.0,False,False,False,True,False,False
512100,2025-12-01T10:41:00+08:00,"[t-60s,t)",continuous_am,2025-12-01 10:40:00,2025-12-01 10:41:00,681.0,2.983,2.983,2.983,2.983,5,68100.0,29830,29830,29830,29830,0,0,False,-67419.0,True,True,True,True,True,False
512100,2025-12-01T10:41:00+08:00,"(t-60s,t]",continuous_am,2025-12-01 10:40:00,2025-12-01 10:41:00,681.0,2.983,2.983,2.983,2.983,5,68100.0,29830,29830,29830,29830,0,0,False,-67419.0,True,True,True,True,True,False
512100,2025-12-01T10:41:00+08:00,"[t,t+60s)",continuous_am,2025-12-01 10:41:00,2025-12-01 10:42:00,681.0,2.983,2.983,2.983,2.983,30,1461300.0,29830,29850,29830,29850,0,0,False,-1460619.0,True,False,True,False,False,False
512100,2025-12-01T10:41:00+08:00,"(t,t+60s]",continuous_am,2025-12-01 10:41:00,2025-12-01 10:42:00,681.0,2.983,2.983,2.983,2.983,30,1461300.0,29830,29850,29830,29850,0,0,False,-1460619.0,True,False,True,False,False,False
512100,2025-12-01T10:42:00+08:00,"[t-60s,t)",continuous_am,2025-12-01 10:41:00,2025-12-01 10:42:00,14613.0,2.983,2.985,2.983,2.985,30,1461300.0,29830,29850,29830,29850,0,0,False,-1446687.0,True,True,True,True,True,False
512100,2025-12-01T10:42:00+08:00,"(t-60s,t]",continuous_am,2025-12-01 10:41:00,2025-12-01 10:42:00,14613.0,2.983,2.985,2.983,2.985,30,1461300.0,29830,29850,29830,29850,0,0,False,-1446687.0,True,True,True,True,True,False
512100,2025-12-01T10:42:00+08:00,"[t,t+60s)",continuous_am,2025-12-01 10:42:00,2025-12-01 10:43:00,14613.0,2.983,2.985,2.983,2.985,55,2109900.0,29850,29860,29830,29830,0,0,False,-2095287.0,False,False,True,False,False,False
512100,2025-12-01T10:42:00+08:00,"(t,t+60s]",continuous_am,2025-12-01 10:42:00,2025-12-01 10:43:00,14613.0,2.983,2.985,2.983,2.985,55,2109900.0,29850,29860,29830,29830,0,0,False,-2095287.0,False,False,True,False,False,False
512100,2025-12-01T10:43:00+08:00,"[t-60s,t)",continuous_am,2025-12-01 10:42:00,2025-12-01 10:43:00,21099.0,2.985,2.985,2.983,2.983,55,2109900.0,29850,29860,29830,29830,0,0,False,-2088801.0,True,False,True,True,False,False
512100,2025-12-01T10:43:00+08:00,"(t-60s,t]",continuous_am,2025-12-01 10:42:00,2025-12-01 10:43:00,21099.0,2.985,2.985,2.983,2.983,55,2109900.0,29850,29860,29830,29830,0,0,False,-2088801.0,True,False,True,True,False,False
512100,2025-12-01T10:43:00+08:00,"[t,t+60s)",continuous_am,2025-12-01 10:43:00,2025-12-01 10:44:00,21099.0,2.985,2.985,2.983,2.983,27,1028500.0,29830,29830,29810,29810,0,0,False,-1007401.0,False,False,False,False,False,False
512100,2025-12-01T10:43:00+08:00,"(t,t+60s]",continuous_am,2025-12-01 10:43:00,2025-12-01 10:44:00,21099.0,2.985,2.985,2.983,2.983,27,1028500.0,29830,29830,29810,29810,0,0,False,-1007401.0,False,False,False,False,False,False
512100,2025-12-01T10:44:00+08:00,"[t-60s,t)",continuous_am,2025-12-01 10:43:00,2025-12-01 10:44:00,10242.0,2.983,2.983,2.981,2.981,27,1028500.0,29830,29830,29810,29810,0,0,False,-1018258.0,True,True,True,True,True,False
512100,2025-12-01T10:44:00+08:00,"(t-60s,t]",continuous_am,2025-12-01 10:43:00,2025-12-01 10:44:00,10242.0,2.983,2.983,2.981,2.981,27,1028500.0,29830,29830,29810,29810,0,0,False,-1018258.0,True,True,True,True,True,False
512100,2025-12-01T10:44:00+08:00,"[t,t+60s)",continuous_am,2025-12-01 10:44:00,2025-12-01 10:45:00,10242.0,2.983,2.983,2.981,2.981,14,103900.0,29800,29800,29790,29790,0,0,False,-93658.0,False,False,False,False,False,False
512100,2025-12-01T10:44:00+08:00,"(t,t+60s]",continuous_am,2025-12-01 10:44:00,2025-12-01 10:45:00,10242.0,2.983,2.983,2.981,2.981,14,103900.0,29800,29800,29790,29790,0,0,False,-93658.0,False,False,False,False,False,False
512100,2025-12-01T10:45:00+08:00,"[t-60s,t)",continuous_am,2025-12-01 10:44:00,2025-12-01 10:45:00,1082.0,2.981,2.981,2.979,2.979,14,103900.0,29800,29800,29790,29790,0,0,False,-102818.0,False,False,True,True,False,False
512100,2025-12-01T10:45:00+08:00,"(t-60s,t]",continuous_am,2025-12-01 10:44:00,2025-12-01 10:45:00,1082.0,2.981,2.981,2.979,2.979,14,103900.0,29800,29800,29790,29790,0,0,False,-102818.0,False,False,True,True,False,False
512100,2025-12-01T10:45:00+08:00,"[t,t+60s)",continuous_am,2025-12-01 10:45:00,2025-12-01 10:46:00,1082.0,2.981,2.981,2.979,2.979,43,797000.0,29790,29800,29770,29770,0,0,False,-795918.0,False,False,False,False,False,False
512100,2025-12-01T10:45:00+08:00,"(t,t+60s]",continuous_am,2025-12-01 10:45:00,2025-12-01 10:46:00,1082.0,2.981,2.981,2.979,2.979,43,797000.0,29790,29800,29770,29770,0,0,False,-795918.0,False,False,False,False,False,False
512100,2025-12-01T10:46:00+08:00,"[t-60s,t)",continuous_am,2025-12-01 10:45:00,2025-12-01 10:46:00,7970.0,2.979,2.979,2.977,2.977,43,797000.0,29790,29800,29770,29770,0,0,False,-789030.0,True,False,True,True,False,False
512100,2025-12-01T10:46:00+08:00,"(t-60s,t]",continuous_am,2025-12-01 10:45:00,2025-12-01 10:46:00,7970.0,2.979,2.979,2.977,2.977,43,797000.0,29790,29800,29770,29770,0,0,False,-789030.0,True,False,True,True,False,False
512100,2025-12-01T10:46:00+08:00,"[t,t+60s)",continuous_am,2025-12-01 10:46:00,2025-12-01 10:47:00,7970.0,2.979,2.979,2.977,2.977,29,372900.0,29770,29770,29760,29770,0,0,False,-364930.0,False,False,False,True,False,False
512100,2025-12-01T10:46:00+08:00,"(t,t+60s]",continuous_am,2025-12-01 10:46:00,2025-12-01 10:47:00,7970.0,2.979,2.979,2.977,2.977,29,372900.0,29770,29770,29760,29770,0,0,False,-364930.0,False,False,False,True,False,False
512100,2025-12-01T10:47:00+08:00,"[t-60s,t)",continuous_am,2025-12-01 10:46:00,2025-12-01 10:47:00,3729.0,2.977,2.977,2.976,2.977,29,372900.0,29770,29770,29760,29770,0,0,False,-369171.0,True,True,True,True,True,False
512100,2025-12-01T10:47:00+08:00,"(t-60s,t]",continuous_am,2025-12-01 10:46:00,2025-12-01 10:47:00,3729.0,2.977,2.977,2.976,2.977,29,372900.0,29770,29770,29760,29770,0,0,False,-369171.0,True,True,True,True,True,False
512100,2025-12-01T10:47:00+08:00,"[t,t+60s)",continuous_am,2025-12-01 10:47:00,2025-12-01 10:48:00,3729.0,2.977,2.977,2.976,2.977,83,1064700.0,29760,29760,29740,29750,0,0,False,-1060971.0,False,False,False,False,False,False
512100,2025-12-01T10:47:00+08:00,"(t,t+60s]",continuous_am,2025-12-01 10:47:00,2025-12-01 10:48:00,3729.0,2.977,2.977,2.976,2.977,83,1064700.0,29760,29760,29740,29750,0,0,False,-1060971.0,False,False,False,False,False,False
512100,2025-12-01T10:48:00+08:00,"[t-60s,t)",continuous_am,2025-12-01 10:47:00,2025-12-01 10:48:00,10647.0,2.976,2.976,2.974,2.975,83,1064700.0,29760,29760,29740,29750,0,0,False,-1054053.0,True,True,True,True,True,False
512100,2025-12-01T10:48:00+08:00,"(t-60s,t]",continuous_am,2025-12-01 10:47:00,2025-12-01 10:48:00,10647.0,2.976,2.976,2.974,2.975,83,1064700.0,29760,29760,29740,29750,0,0,False,-1054053.0,True,True,True,True,True,False
512100,2025-12-01T10:48:00+08:00,"[t,t+60s)",continuous_am,2025-12-01 10:48:00,2025-12-01 10:49:00,10647.0,2.976,2.976,2.974,2.975,21,178300.0,29740,29770,29740,29760,0,0,False,-167653.0,False,False,True,False,False,False
512100,2025-12-01T10:48:00+08:00,"(t,t+60s]",continuous_am,2025-12-01 10:48:00,2025-12-01 10:49:00,10647.0,2.976,2.976,2.974,2.975,21,178300.0,29740,29770,29740,29760,0,0,False,-167653.0,False,False,True,False,False,False
512100,2025-12-01T10:49:00+08:00,"[t-60s,t)",continuous_am,2025-12-01 10:48:00,2025-12-01 10:49:00,1715.0,2.974,2.977,2.974,2.976,21,178300.0,29740,29770,29740,29760,0,0,False,-176585.0,True,True,True,True,True,False
512100,2025-12-01T10:49:00+08:00,"(t-60s,t]",continuous_am,2025-12-01 10:48:00,2025-12-01 10:49:00,1715.0,2.974,2.977,2.974,2.976,21,178300.0,29740,29770,29740,29760,0,0,False,-176585.0,True,True,True,True,True,False
512100,2025-12-01T10:49:00+08:00,"[t,t+60s)",continuous_am,2025-12-01 10:49:00,2025-12-01 10:50:00,1715.0,2.974,2.977,2.974,2.976,33,538200.0,29750,29760,29740,29760,0,0,False,-536485.0,False,False,True,True,False,False
512100,2025-12-01T10:49:00+08:00,"(t,t+60s]",continuous_am,2025-12-01 10:49:00,2025-12-01 10:50:00,1715.0,2.974,2.977,2.974,2.976,33,538200.0,29750,29760,29740,29760,0,0,False,-536485.0,False,False,True,True,False,False
512100,2025-12-01T10:50:00+08:00,"[t-60s,t)",continuous_am,2025-12-01 10:49:00,2025-12-01 10:50:00,5450.0,2.976,2.976,2.974,2.976,33,538200.0,29750,29760,29740,29760,0,0,False,-532750.0,False,True,True,True,False,False
512100,2025-12-01T10:50:00+08:00,"(t-60s,t]",continuous_am,2025-12-01 10:49:00,2025-12-01 10:50:00,5450.0,2.976,2.976,2.974,2.976,33,538200.0,29750,29760,29740,29760,0,0,False,-532750.0,False,True,True,True,False,False
512100,2025-12-01T10:50:00+08:00,"[t,t+60s)",continuous_am,2025-12-01 10:50:00,2025-12-01 10:51:00,5450.0,2.976,2.976,2.974,2.976,22,361400.0,29760,29770,29750,29760,0,0,False,-355950.0,True,False,False,True,False,False
512100,2025-12-01T10:50:00+08:00,"(t,t+60s]",continuous_am,2025-12-01 10:50:00,2025-12-01 10:51:00,5450.0,2.976,2.976,2.974,2.976,22,361400.0,29760,29770,29750,29760,0,0,False,-355950.0,True,False,False,True,False,False
512100,2025-12-01T10:51:00+08:00,"[t-60s,t)",continuous_am,2025-12-01 10:50:00,2025-12-01 10:51:00,3614.0,2.976,2.977,2.975,2.976,22,361400.0,29760,29770,29750,29760,0,0,False,-357786.0,True,True,True,True,True,False
512100,2025-12-01T10:51:00+08:00,"(t-60s,t]",continuous_am,2025-12-01 10:50:00,2025-12-01 10:51:00,3614.0,2.976,2.977,2.975,2.976,22,361400.0,29760,29770,29750,29760,0,0,False,-357786.0,True,True,True,True,True,False
512100,2025-12-01T10:51:00+08:00,"[t,t+60s)",continuous_am,2025-12-01 10:51:00,2025-12-01 10:52:00,3614.0,2.976,2.977,2.975,2.976,7,115300.0,29760,29770,29760,29770,0,0,False,-111686.0,True,True,False,False,False,False
512100,2025-12-01T10:51:00+08:00,"(t,t+60s]",continuous_am,2025-12-01 10:51:00,2025-12-01 10:52:00,3614.0,2.976,2.977,2.975,2.976,7,115300.0,29760,29770,29760,29770,0,0,False,-111686.0,True,True,False,False,False,False
512100,2025-12-01T10:52:00+08:00,"[t-60s,t)",continuous_am,2025-12-01 10:51:00,2025-12-01 10:52:00,1113.0,2.976,2.977,2.976,2.977,7,115300.0,29760,29770,29760,29770,0,0,False,-114187.0,True,True,True,True,True,False
512100,2025-12-01T10:52:00+08:00,"(t-60s,t]",continuous_am,2025-12-01 10:51:00,2025-12-01 10:52:00,1113.0,2.976,2.977,2.976,2.977,7,115300.0,29760,29770,29760,29770,0,0,False,-114187.0,True,True,True,True,True,False
512100,2025-12-01T10:52:00+08:00,"[t,t+60s)",continuous_am,2025-12-01 10:52:00,2025-12-01 10:53:00,1113.0,2.976,2.977,2.976,2.977,25,318200.0,29770,29770,29750,29760,0,0,False,-317087.0,False,True,False,False,False,False
512100,2025-12-01T10:52:00+08:00,"(t,t+60s]",continuous_am,2025-12-01 10:52:00,2025-12-01 10:53:00,1113.0,2.976,2.977,2.976,2.977,25,318200.0,29770,29770,29750,29760,0,0,False,-317087.0,False,True,False,False,False,False
512100,2025-12-01T10:53:00+08:00,"[t-60s,t)",continuous_am,2025-12-01 10:52:00,2025-12-01 10:53:00,3222.0,2.977,2.977,2.975,2.976,25,318200.0,29770,29770,29750,29760,0,0,False,-314978.0,True,True,True,True,True,False
512100,2025-12-01T10:53:00+08:00,"(t-60s,t]",continuous_am,2025-12-01 10:52:00,2025-12-01 10:53:00,3222.0,2.977,2.977,2.975,2.976,25,318200.0,29770,29770,29750,29760,0,0,False,-314978.0,True,True,True,True,True,False
512100,2025-12-01T10:53:00+08:00,"[t,t+60s)",continuous_am,2025-12-01 10:53:00,2025-12-01 10:54:00,3222.0,2.977,2.977,2.975,2.976,24,229800.0,29750,29780,29750,29780,0,0,False,-226578.0,False,False,True,False,False,False
512100,2025-12-01T10:53:00+08:00,"(t,t+60s]",continuous_am,2025-12-01 10:53:00,2025-12-01 10:54:00,3222.0,2.977,2.977,2.975,2.976,24,229800.0,29750,29780,29750,29780,0,0,False,-226578.0,False,False,True,False,False,False
512100,2025-12-01T10:54:00+08:00,"[t-60s,t)",continuous_am,2025-12-01 10:53:00,2025-12-01 10:54:00,2298.0,2.975,2.978,2.975,2.978,24,229800.0,29750,29780,29750,29780,0,0,False,-227502.0,True,True,True,True,True,False
512100,2025-12-01T10:54:00+08:00,"(t-60s,t]",continuous_am,2025-12-01 10:53:00,2025-12-01 10:54:00,2298.0,2.975,2.978,2.975,2.978,24,229800.0,29750,29780,29750,29780,0,0,False,-227502.0,True,True,True,True,True,False
512100,2025-12-01T10:54:00+08:00,"[t,t+60s)",continuous_am,2025-12-01 10:54:00,2025-12-01 10:55:00,2298.0,2.975,2.978,2.975,2.978,20,1403400.0,29790,29790,29780,29790,0,0,False,-1401102.0,False,False,False,False,False,False
512100,2025-12-01T10:54:00+08:00,"(t,t+60s]",continuous_am,2025-12-01 10:54:00,2025-12-01 10:55:00,2298.0,2.975,2.978,2.975,2.978,20,1403400.0,29790,29790,29780,29790,0,0,False,-1401102.0,False,False,False,False,False,False
512100,2025-12-01T10:55:00+08:00,"[t-60s,t)",continuous_am,2025-12-01 10:54:00,2025-12-01 10:55:00,14034.0,2.979,2.979,2.978,2.979,20,1403400.0,29790,29790,29780,29790,0,0,False,-1389366.0,True,True,True,True,True,False
512100,2025-12-01T10:55:00+08:00,"(t-60s,t]",continuous_am,2025-12-01 10:54:00,2025-12-01 10:55:00,14034.0,2.979,2.979,2.978,2.979,20,1403400.0,29790,29790,29780,29790,0,0,False,-1389366.0,True,True,True,True,True,False
512100,2025-12-01T10:55:00+08:00,"[t,t+60s)",continuous_am,2025-12-01 10:55:00,2025-12-01 10:56:00,14034.0,2.979,2.979,2.978,2.979,21,533000.0,29800,29820,29800,29820,0,0,False,-518966.0,False,False,False,False,False,False
512100,2025-12-01T10:55:00+08:00,"(t,t+60s]",continuous_am,2025-12-01 10:55:00,2025-12-01 10:56:00,14034.0,2.979,2.979,2.978,2.979,21,533000.0,29800,29820,29800,29820,0,0,False,-518966.0,False,False,False,False,False,False
512100,2025-12-01T10:56:00+08:00,"[t-60s,t)",continuous_am,2025-12-01 10:55:00,2025-12-01 10:56:00,5329.0,2.98,2.982,2.98,2.982,21,533000.0,29800,29820,29800,29820,0,0,False,-527671.0,True,True,True,True,True,False
512100,2025-12-01T10:56:00+08:00,"(t-60s,t]",continuous_am,2025-12-01 10:55:00,2025-12-01 10:56:00,5329.0,2.98,2.982,2.98,2.982,21,533000.0,29800,29820,29800,29820,0,0,False,-527671.0,True,True,True,True,True,False
512100,2025-12-01T10:56:00+08:00,"[t,t+60s)",continuous_am,2025-12-01 10:56:00,2025-12-01 10:57:00,5329.0,2.98,2.982,2.98,2.982,20,768100.0,29820,29830,29820,29830,0,0,False,-762771.0,False,False,False,False,False,False
512100,2025-12-01T10:56:00+08:00,"(t,t+60s]",continuous_am,2025-12-01 10:56:00,2025-12-01 10:57:00,5329.0,2.98,2.982,2.98,2.982,20,768100.0,29820,29830,29820,29830,0,0,False,-762771.0,False,False,False,False,False,False
512100,2025-12-01T10:57:00+08:00,"[t-60s,t)",continuous_am,2025-12-01 10:56:00,2025-12-01 10:57:00,7682.0,2.982,2.983,2.982,2.983,20,768100.0,29820,29830,29820,29830,0,0,False,-760418.0,True,True,True,True,True,False
512100,2025-12-01T10:57:00+08:00,"(t-60s,t]",continuous_am,2025-12-01 10:56:00,2025-12-01 10:57:00,7682.0,2.982,2.983,2.982,2.983,20,768100.0,29820,29830,29820,29830,0,0,False,-760418.0,True,True,True,True,True,False
512100,2025-12-01T10:57:00+08:00,"[t,t+60s)",continuous_am,2025-12-01 10:57:00,2025-12-01 10:58:00,7682.0,2.982,2.983,2.982,2.983,20,84600.0,29830,29840,29830,29840,0,0,False,-76918.0,False,False,False,False,False,False
512100,2025-12-01T10:57:00+08:00,"(t,t+60s]",continuous_am,2025-12-01 10:57:00,2025-12-01 10:58:00,7682.0,2.982,2.983,2.982,2.983,20,84600.0,29830,29840,29830,29840,0,0,False,-76918.0,False,False,False,False,False,False
512100,2025-12-01T10:58:00+08:00,"[t-60s,t)",continuous_am,2025-12-01 10:57:00,2025-12-01 10:58:00,846.0,2.984,2.984,2.983,2.984,20,84600.0,29830,29840,29830,29840,0,0,False,-83754.0,False,True,True,True,False,False
512100,2025-12-01T10:58:00+08:00,"(t-60s,t]",continuous_am,2025-12-01 10:57:00,2025-12-01 10:58:00,846.0,2.984,2.984,2.983,2.984,20,84600.0,29830,29840,29830,29840,0,0,False,-83754.0,False,True,True,True,False,False
512100,2025-12-01T10:58:00+08:00,"[t,t+60s)",continuous_am,2025-12-01 10:58:00,2025-12-01 10:59:00,846.0,2.984,2.984,2.983,2.984,3,4900.0,29840,29840,29840,29840,0,0,False,-4054.0,True,True,False,True,False,False
512100,2025-12-01T10:58:00+08:00,"(t,t+60s]",continuous_am,2025-12-01 10:58:00,2025-12-01 10:59:00,846.0,2.984,2.984,2.983,2.984,3,4900.0,29840,29840,29840,29840,0,0,False,-4054.0,True,True,False,True,False,False
512100,2025-12-01T10:59:00+08:00,"[t-60s,t)",continuous_am,2025-12-01 10:58:00,2025-12-01 10:59:00,49.0,2.984,2.984,2.984,2.984,3,4900.0,29840,29840,29840,29840,0,0,False,-4851.0,True,True,True,True,True,False
512100,2025-12-01T10:59:00+08:00,"(t-60s,t]",continuous_am,2025-12-01 10:58:00,2025-12-01 10:59:00,49.0,2.984,2.984,2.984,2.984,3,4900.0,29840,29840,29840,29840,0,0,False,-4851.0,True,True,True,True,True,False
512100,2025-12-01T10:59:00+08:00,"[t,t+60s)",continuous_am,2025-12-01 10:59:00,2025-12-01 11:00:00,49.0,2.984,2.984,2.984,2.984,31,1052100.0,29830,29830,29810,29820,0,0,False,-1052051.0,False,False,False,False,False,False
512100,2025-12-01T10:59:00+08:00,"(t,t+60s]",continuous_am,2025-12-01 10:59:00,2025-12-01 11:00:00,49.0,2.984,2.984,2.984,2.984,31,1052100.0,29830,29830,29810,29820,0,0,False,-1052051.0,False,False,False,False,False,False
512100,2025-12-01T11:00:00+08:00,"[t-60s,t)",continuous_am,2025-12-01 10:59:00,2025-12-01 11:00:00,10521.0,2.983,2.983,2.981,2.982,31,1052100.0,29830,29830,29810,29820,0,0,False,-1041579.0,True,True,True,True,True,False
512100,2025-12-01T11:00:00+08:00,"(t-60s,t]",continuous_am,2025-12-01 10:59:00,2025-12-01 11:00:00,10521.0,2.983,2.983,2.981,2.982,31,1052100.0,29830,29830,29810,29820,0,0,False,-1041579.0,True,True,True,True,True,False
512100,2025-12-01T11:00:00+08:00,"[t,t+60s)",continuous_am,2025-12-01 11:00:00,2025-12-01 11:01:00,10521.0,2.983,2.983,2.981,2.982,16,323000.0,29820,29820,29810,29820,0,0,False,-312479.0,False,False,True,True,False,False
512100,2025-12-01T11:00:00+08:00,"(t,t+60s]",continuous_am,2025-12-01 11:00:00,2025-12-01 11:01:00,10521.0,2.983,2.983,2.981,2.982,16,323000.0,29820,29820,29810,29820,0,0,False,-312479.0,False,False,True,True,False,False
512100,2025-12-01T11:01:00+08:00,"[t-60s,t)",continuous_am,2025-12-01 11:00:00,2025-12-01 11:01:00,3230.0,2.982,2.982,2.982,2.982,16,323000.0,29820,29820,29810,29820,0,0,False,-319770.0,True,True,False,True,False,False
512100,2025-12-01T11:01:00+08:00,"(t-60s,t]",continuous_am,2025-12-01 11:00:00,2025-12-01 11:01:00,3230.0,2.982,2.982,2.982,2.982,16,323000.0,29820,29820,29810,29820,0,0,False,-319770.0,True,True,False,True,False,False
512100,2025-12-01T11:01:00+08:00,"[t,t+60s)",continuous_am,2025-12-01 11:01:00,2025-12-01 11:02:00,3230.0,2.982,2.982,2.982,2.982,7,32100.0,29820,29830,29810,29830,0,0,False,-28870.0,True,False,False,False,False,False
512100,2025-12-01T11:01:00+08:00,"(t,t+60s]",continuous_am,2025-12-01 11:01:00,2025-12-01 11:02:00,3230.0,2.982,2.982,2.982,2.982,7,32100.0,29820,29830,29810,29830,0,0,False,-28870.0,True,False,False,False,False,False
512100,2025-12-01T11:02:00+08:00,"[t-60s,t)",continuous_am,2025-12-01 11:01:00,2025-12-01 11:02:00,308.0,2.982,2.982,2.981,2.982,7,32100.0,29820,29830,29810,29830,0,0,False,-31792.0,True,False,True,False,False,False
512100,2025-12-01T11:02:00+08:00,"(t-60s,t]",continuous_am,2025-12-01 11:01:00,2025-12-01 11:02:00,308.0,2.982,2.982,2.981,2.982,7,32100.0,29820,29830,29810,29830,0,0,False,-31792.0,True,False,True,False,False,False
512100,2025-12-01T11:02:00+08:00,"[t,t+60s)",continuous_am,2025-12-01 11:02:00,2025-12-01 11:03:00,308.0,2.982,2.982,2.981,2.982,18,476100.0,29820,29830,29820,29820,0,0,False,-475792.0,True,False,False,True,False,False
512100,2025-12-01T11:02:00+08:00,"(t,t+60s]",continuous_am,2025-12-01 11:02:00,2025-12-01 11:03:00,308.0,2.982,2.982,2.981,2.982,18,476100.0,29820,29830,29820,29820,0,0,False,-475792.0,True,False,False,True,False,False
512100,2025-12-01T11:03:00+08:00,"[t-60s,t)",continuous_am,2025-12-01 11:02:00,2025-12-01 11:03:00,4774.0,2.982,2.983,2.982,2.982,18,476100.0,29820,29830,29820,29820,0,0,False,-471326.0,True,True,True,True,True,False
512100,2025-12-01T11:03:00+08:00,"(t-60s,t]",continuous_am,2025-12-01 11:02:00,2025-12-01 11:03:00,4774.0,2.982,2.983,2.982,2.982,18,476100.0,29820,29830,29820,29820,0,0,False,-471326.0,True,True,True,True,True,False
512100,2025-12-01T11:03:00+08:00,"[t,t+60s)",continuous_am,2025-12-01 11:03:00,2025-12-01 11:04:00,4774.0,2.982,2.983,2.982,2.982,9,224100.0,29820,29820,29810,29820,0,0,False,-219326.0,True,False,False,True,False,False
512100,2025-12-01T11:03:00+08:00,"(t,t+60s]",continuous_am,2025-12-01 11:03:00,2025-12-01 11:04:00,4774.0,2.982,2.983,2.982,2.982,9,224100.0,29820,29820,29810,29820,0,0,False,-219326.0,True,False,False,True,False,False
512100,2025-12-01T11:04:00+08:00,"[t-60s,t)",continuous_am,2025-12-01 11:03:00,2025-12-01 11:04:00,2241.0,2.982,2.982,2.981,2.982,9,224100.0,29820,29820,29810,29820,0,0,False,-221859.0,True,True,True,True,True,False
512100,2025-12-01T11:04:00+08:00,"(t-60s,t]",continuous_am,2025-12-01 11:03:00,2025-12-01 11:04:00,2241.0,2.982,2.982,2.981,2.982,9,224100.0,29820,29820,29810,29820,0,0,False,-221859.0,True,True,True,True,True,False
512100,2025-12-01T11:04:00+08:00,"[t,t+60s)",continuous_am,2025-12-01 11:04:00,2025-12-01 11:05:00,2241.0,2.982,2.982,2.981,2.982,10,874300.0,29830,29830,29820,29820,0,0,False,-872059.0,False,False,False,True,False,False
512100,2025-12-01T11:04:00+08:00,"(t,t+60s]",continuous_am,2025-12-01 11:04:00,2025-12-01 11:05:00,2241.0,2.982,2.982,2.981,2.982,10,874300.0,29830,29830,29820,29820,0,0,False,-872059.0,False,False,False,True,False,False
512100,2025-12-01T11:05:00+08:00,"[t-60s,t)",continuous_am,2025-12-01 11:04:00,2025-12-01 11:05:00,8743.0,2.983,2.983,2.982,2.982,10,874300.0,29830,29830,29820,29820,0,0,False,-865557.0,True,True,True,True,True,False
512100,2025-12-01T11:05:00+08:00,"(t-60s,t]",continuous_am,2025-12-01 11:04:00,2025-12-01 11:05:00,8743.0,2.983,2.983,2.982,2.982,10,874300.0,29830,29830,29820,29820,0,0,False,-865557.0,True,True,True,True,True,False
512100,2025-12-01T11:05:00+08:00,"[t,t+60s)",continuous_am,2025-12-01 11:05:00,2025-12-01 11:06:00,8743.0,2.983,2.983,2.982,2.982,34,662300.0,29830,29850,29830,29850,0,0,False,-653557.0,True,False,False,False,False,False
512100,2025-12-01T11:05:00+08:00,"(t,t+60s]",continuous_am,2025-12-01 11:05:00,2025-12-01 11:06:00,8743.0,2.983,2.983,2.982,2.982,34,662300.0,29830,29850,29830,29850,0,0,False,-653557.0,True,False,False,False,False,False
512100,2025-12-01T11:06:00+08:00,"[t-60s,t)",continuous_am,2025-12-01 11:05:00,2025-12-01 11:06:00,6623.0,2.983,2.985,2.983,2.985,34,662300.0,29830,29850,29830,29850,0,0,False,-655677.0,True,True,True,True,True,False
512100,2025-12-01T11:06:00+08:00,"(t-60s,t]",continuous_am,2025-12-01 11:05:00,2025-12-01 11:06:00,6623.0,2.983,2.985,2.983,2.985,34,662300.0,29830,29850,29830,29850,0,0,False,-655677.0,True,True,True,True,True,False
512100,2025-12-01T11:06:00+08:00,"[t,t+60s)",continuous_am,2025-12-01 11:06:00,2025-12-01 11:07:00,6623.0,2.983,2.985,2.983,2.985,34,1299400.0,29850,29860,29850,29850,0,0,False,-1292777.0,False,False,False,True,False,False
512100,2025-12-01T11:06:00+08:00,"(t,t+60s]",continuous_am,2025-12-01 11:06:00,2025-12-01 11:07:00,6623.0,2.983,2.985,2.983,2.985,34,1299400.0,29850,29860,29850,29850,0,0,False,-1292777.0,False,False,False,True,False,False
512100,2025-12-01T11:07:00+08:00,"[t-60s,t)",continuous_am,2025-12-01 11:06:00,2025-12-01 11:07:00,12994.0,2.985,2.986,2.985,2.985,34,1299400.0,29850,29860,29850,29850,0,0,False,-1286406.0,True,True,True,True,True,False
512100,2025-12-01T11:07:00+08:00,"(t-60s,t]",continuous_am,2025-12-01 11:06:00,2025-12-01 11:07:00,12994.0,2.985,2.986,2.985,2.985,34,1299400.0,29850,29860,29850,29850,0,0,False,-1286406.0,True,True,True,True,True,False
512100,2025-12-01T11:07:00+08:00,"[t,t+60s)",continuous_am,2025-12-01 11:07:00,2025-12-01 11:08:00,12994.0,2.985,2.986,2.985,2.985,31,887900.0,29850,29870,29850,29870,0,0,False,-874906.0,True,False,True,False,False,False
512100,2025-12-01T11:07:00+08:00,"(t,t+60s]",continuous_am,2025-12-01 11:07:00,2025-12-01 11:08:00,12994.0,2.985,2.986,2.985,2.985,31,887900.0,29850,29870,29850,29870,0,0,False,-874906.0,True,False,True,False,False,False
512100,2025-12-01T11:08:00+08:00,"[t-60s,t)",continuous_am,2025-12-01 11:07:00,2025-12-01 11:08:00,8879.0,2.985,2.987,2.985,2.987,31,887900.0,29850,29870,29850,29870,0,0,False,-879021.0,True,True,True,True,True,False
512100,2025-12-01T11:08:00+08:00,"(t-60s,t]",continuous_am,2025-12-01 11:07:00,2025-12-01 11:08:00,8879.0,2.985,2.987,2.985,2.987,31,887900.0,29850,29870,29850,29870,0,0,False,-879021.0,True,True,True,True,True,False
512100,2025-12-01T11:08:00+08:00,"[t,t+60s)",continuous_am,2025-12-01 11:08:00,2025-12-01 11:09:00,8879.0,2.985,2.987,2.985,2.987,8,102600.0,29870,29870,29860,29870,0,0,False,-93721.0,False,True,False,True,False,False
512100,2025-12-01T11:08:00+08:00,"(t,t+60s]",continuous_am,2025-12-01 11:08:00,2025-12-01 11:09:00,8879.0,2.985,2.987,2.985,2.987,8,102600.0,29870,29870,29860,29870,0,0,False,-93721.0,False,True,False,True,False,False
512100,2025-12-01T11:09:00+08:00,"[t-60s,t)",continuous_am,2025-12-01 11:08:00,2025-12-01 11:09:00,1026.0,2.987,2.987,2.986,2.987,8,102600.0,29870,29870,29860,29870,0,0,False,-101574.0,True,True,True,True,True,False
512100,2025-12-01T11:09:00+08:00,"(t-60s,t]",continuous_am,2025-12-01 11:08:00,2025-12-01 11:09:00,1026.0,2.987,2.987,2.986,2.987,8,102600.0,29870,29870,29860,29870,0,0,False,-101574.0,True,True,True,True,True,False
512100,2025-12-01T11:09:00+08:00,"[t,t+60s)",continuous_am,2025-12-01 11:09:00,2025-12-01 11:10:00,1026.0,2.987,2.987,2.986,2.987,34,1908500.0,29860,29870,29860,29860,0,0,False,-1907474.0,False,True,True,False,False,False
512100,2025-12-01T11:09:00+08:00,"(t,t+60s]",continuous_am,2025-12-01 11:09:00,2025-12-01 11:10:00,1026.0,2.987,2.987,2.986,2.987,34,1908500.0,29860,29870,29860,29860,0,0,False,-1907474.0,False,True,True,False,False,False
512100,2025-12-01T11:10:00+08:00,"[t-60s,t)",continuous_am,2025-12-01 11:09:00,2025-12-01 11:10:00,19085.0,2.986,2.987,2.986,2.986,34,1908500.0,29860,29870,29860,29860,0,0,False,-1889415.0,True,True,True,True,True,False
512100,2025-12-01T11:10:00+08:00,"(t-60s,t]",continuous_am,2025-12-01 11:09:00,2025-12-01 11:10:00,19085.0,2.986,2.987,2.986,2.986,34,1908500.0,29860,29870,29860,29860,0,0,False,-1889415.0,True,True,True,True,True,False
512100,2025-12-01T11:10:00+08:00,"[t,t+60s)",continuous_am,2025-12-01 11:10:00,2025-12-01 11:11:00,19085.0,2.986,2.987,2.986,2.986,8,56000.0,29860,29860,29850,29850,0,0,False,-36915.0,True,False,False,False,False,False
512100,2025-12-01T11:10:00+08:00,"(t,t+60s]",continuous_am,2025-12-01 11:10:00,2025-12-01 11:11:00,19085.0,2.986,2.987,2.986,2.986,8,56000.0,29860,29860,29850,29850,0,0,False,-36915.0,True,False,False,False,False,False
512100,2025-12-01T11:11:00+08:00,"[t-60s,t)",continuous_am,2025-12-01 11:10:00,2025-12-01 11:11:00,560.0,2.986,2.986,2.985,2.985,8,56000.0,29860,29860,29850,29850,0,0,False,-55440.0,True,True,True,True,True,False
512100,2025-12-01T11:11:00+08:00,"(t-60s,t]",continuous_am,2025-12-01 11:10:00,2025-12-01 11:11:00,560.0,2.986,2.986,2.985,2.985,8,56000.0,29860,29860,29850,29850,0,0,False,-55440.0,True,True,True,True,True,False
512100,2025-12-01T11:11:00+08:00,"[t,t+60s)",continuous_am,2025-12-01 11:11:00,2025-12-01 11:12:00,560.0,2.986,2.986,2.985,2.985,29,359600.0,29850,29860,29840,29860,0,0,False,-359040.0,False,True,False,False,False,False
512100,2025-12-01T11:11:00+08:00,"(t,t+60s]",continuous_am,2025-12-01 11:11:00,2025-12-01 11:12:00,560.0,2.986,2.986,2.985,2.985,29,359600.0,29850,29860,29840,29860,0,0,False,-359040.0,False,True,False,False,False,False
512100,2025-12-01T11:12:00+08:00,"[t-60s,t)",continuous_am,2025-12-01 11:11:00,2025-12-01 11:12:00,3596.0,2.985,2.986,2.985,2.986,29,359600.0,29850,29860,29840,29860,0,0,False,-356004.0,True,True,False,True,False,False
512100,2025-12-01T11:12:00+08:00,"(t-60s,t]",continuous_am,2025-12-01 11:11:00,2025-12-01 11:12:00,3596.0,2.985,2.986,2.985,2.986,29,359600.0,29850,29860,29840,29860,0,0,False,-356004.0,True,True,False,True,False,False
512100,2025-12-01T11:12:00+08:00,"[t,t+60s)",continuous_am,2025-12-01 11:12:00,2025-12-01 11:13:00,3596.0,2.985,2.986,2.985,2.986,11,79100.0,29860,29870,29850,29850,0,0,False,-75504.0,False,False,True,False,False,False
512100,2025-12-01T11:12:00+08:00,"(t,t+60s]",continuous_am,2025-12-01 11:12:00,2025-12-01 11:13:00,3596.0,2.985,2.986,2.985,2.986,11,79100.0,29860,29870,29850,29850,0,0,False,-75504.0,False,False,True,False,False,False
512100,2025-12-01T11:13:00+08:00,"[t-60s,t)",continuous_am,2025-12-01 11:12:00,2025-12-01 11:13:00,791.0,2.986,2.987,2.985,2.985,11,79100.0,29860,29870,29850,29850,0,0,False,-78309.0,True,True,True,True,True,False
512100,2025-12-01T11:13:00+08:00,"(t-60s,t]",continuous_am,2025-12-01 11:12:00,2025-12-01 11:13:00,791.0,2.986,2.987,2.985,2.985,11,79100.0,29860,29870,29850,29850,0,0,False,-78309.0,True,True,True,True,True,False
512100,2025-12-01T11:13:00+08:00,"[t,t+60s)",continuous_am,2025-12-01 11:13:00,2025-12-01 11:14:00,791.0,2.986,2.987,2.985,2.985,15,306300.0,29860,29870,29850,29870,0,0,False,-305509.0,True,True,True,False,False,False
512100,2025-12-01T11:13:00+08:00,"(t,t+60s]",continuous_am,2025-12-01 11:13:00,2025-12-01 11:14:00,791.0,2.986,2.987,2.985,2.985,15,306300.0,29860,29870,29850,29870,0,0,False,-305509.0,True,True,True,False,False,False
512100,2025-12-01T11:14:00+08:00,"[t-60s,t)",continuous_am,2025-12-01 11:13:00,2025-12-01 11:14:00,3063.0,2.986,2.987,2.985,2.987,15,306300.0,29860,29870,29850,29870,0,0,False,-303237.0,True,True,True,True,True,False
512100,2025-12-01T11:14:00+08:00,"(t-60s,t]",continuous_am,2025-12-01 11:13:00,2025-12-01 11:14:00,3063.0,2.986,2.987,2.985,2.987,15,306300.0,29860,29870,29850,29870,0,0,False,-303237.0,True,True,True,True,True,False
512100,2025-12-01T11:14:00+08:00,"[t,t+60s)",continuous_am,2025-12-01 11:14:00,2025-12-01 11:15:00,3063.0,2.986,2.987,2.985,2.987,6,28900.0,29860,29860,29860,29860,0,0,False,-25837.0,True,False,False,False,False,False
512100,2025-12-01T11:14:00+08:00,"(t,t+60s]",continuous_am,2025-12-01 11:14:00,2025-12-01 11:15:00,3063.0,2.986,2.987,2.985,2.987,6,28900.0,29860,29860,29860,29860,0,0,False,-25837.0,True,False,False,False,False,False
512100,2025-12-01T11:15:00+08:00,"[t-60s,t)",continuous_am,2025-12-01 11:14:00,2025-12-01 11:15:00,289.0,2.986,2.986,2.986,2.986,6,28900.0,29860,29860,29860,29860,0,0,False,-28611.0,True,True,True,True,True,False
512100,2025-12-01T11:15:00+08:00,"(t-60s,t]",continuous_am,2025-12-01 11:14:00,2025-12-01 11:15:00,289.0,2.986,2.986,2.986,2.986,6,28900.0,29860,29860,29860,29860,0,0,False,-28611.0,True,True,True,True,True,False
512100,2025-12-01T11:15:00+08:00,"[t,t+60s)",continuous_am,2025-12-01 11:15:00,2025-12-01 11:16:00,289.0,2.986,2.986,2.986,2.986,35,866800.0,29870,29870,29860,29860,0,0,False,-866511.0,False,False,True,True,False,False
512100,2025-12-01T11:15:00+08:00,"(t,t+60s]",continuous_am,2025-12-01 11:15:00,2025-12-01 11:16:00,289.0,2.986,2.986,2.986,2.986,35,866800.0,29870,29870,29860,29860,0,0,False,-866511.0,False,False,True,True,False,False
512100,2025-12-01T11:16:00+08:00,"[t-60s,t)",continuous_am,2025-12-01 11:15:00,2025-12-01 11:16:00,8668.0,2.987,2.987,2.986,2.986,35,866800.0,29870,29870,29860,29860,0,0,False,-858132.0,True,True,True,True,True,False
512100,2025-12-01T11:16:00+08:00,"(t-60s,t]",continuous_am,2025-12-01 11:15:00,2025-12-01 11:16:00,8668.0,2.987,2.987,2.986,2.986,35,866800.0,29870,29870,29860,29860,0,0,False,-858132.0,True,True,True,True,True,False
512100,2025-12-01T11:16:00+08:00,"[t,t+60s)",continuous_am,2025-12-01 11:16:00,2025-12-01 11:17:00,8668.0,2.987,2.987,2.986,2.986,17,376900.0,29860,29860,29840,29840,0,0,False,-368232.0,False,False,False,False,False,False
512100,2025-12-01T11:16:00+08:00,"(t,t+60s]",continuous_am,2025-12-01 11:16:00,2025-12-01 11:17:00,8668.0,2.987,2.987,2.986,2.986,17,376900.0,29860,29860,29840,29840,0,0,False,-368232.0,False,False,False,False,False,False
512100,2025-12-01T11:17:00+08:00,"[t-60s,t)",continuous_am,2025-12-01 11:16:00,2025-12-01 11:17:00,3769.0,2.986,2.986,2.984,2.984,17,376900.0,29860,29860,29840,29840,0,0,False,-373131.0,True,True,True,True,True,False
512100,2025-12-01T11:17:00+08:00,"(t-60s,t]",continuous_am,2025-12-01 11:16:00,2025-12-01 11:17:00,3769.0,2.986,2.986,2.984,2.984,17,376900.0,29860,29860,29840,29840,0,0,False,-373131.0,True,True,True,True,True,False
512100,2025-12-01T11:17:00+08:00,"[t,t+60s)",continuous_am,2025-12-01 11:17:00,2025-12-01 11:18:00,3769.0,2.986,2.986,2.984,2.984,21,313600.0,29850,29870,29840,29870,0,0,False,-309831.0,False,False,True,False,False,False
512100,2025-12-01T11:17:00+08:00,"(t,t+60s]",continuous_am,2025-12-01 11:17:00,2025-12-01 11:18:00,3769.0,2.986,2.986,2.984,2.984,21,313600.0,29850,29870,29840,29870,0,0,False,-309831.0,False,False,True,False,False,False
512100,2025-12-01T11:18:00+08:00,"[t-60s,t)",continuous_am,2025-12-01 11:17:00,2025-12-01 11:18:00,3136.0,2.985,2.987,2.984,2.987,21,313600.0,29850,29870,29840,29870,0,0,False,-310464.0,True,True,True,True,True,False
512100,2025-12-01T11:18:00+08:00,"(t-60s,t]",continuous_am,2025-12-01 11:17:00,2025-12-01 11:18:00,3136.0,2.985,2.987,2.984,2.987,21,313600.0,29850,29870,29840,29870,0,0,False,-310464.0,True,True,True,True,True,False
512100,2025-12-01T11:18:00+08:00,"[t,t+60s)",continuous_am,2025-12-01 11:18:00,2025-12-01 11:19:00,3136.0,2.985,2.987,2.984,2.987,12,219200.0,29870,29870,29870,29870,0,0,False,-216064.0,False,True,False,True,False,False
512100,2025-12-01T11:18:00+08:00,"(t,t+60s]",continuous_am,2025-12-01 11:18:00,2025-12-01 11:19:00,3136.0,2.985,2.987,2.984,2.987,12,219200.0,29870,29870,29870,29870,0,0,False,-216064.0,False,True,False,True,False,False
512100,2025-12-01T11:19:00+08:00,"[t-60s,t)",continuous_am,2025-12-01 11:18:00,2025-12-01 11:19:00,2192.0,2.987,2.987,2.987,2.987,12,219200.0,29870,29870,29870,29870,0,0,False,-217008.0,True,True,True,True,True,False
512100,2025-12-01T11:19:00+08:00,"(t-60s,t]",continuous_am,2025-12-01 11:18:00,2025-12-01 11:19:00,2192.0,2.987,2.987,2.987,2.987,12,219200.0,29870,29870,29870,29870,0,0,False,-217008.0,True,True,True,True,True,False
512100,2025-12-01T11:19:00+08:00,"[t,t+60s)",continuous_am,2025-12-01 11:19:00,2025-12-01 11:20:00,2192.0,2.987,2.987,2.987,2.987,6,396900.0,29870,29880,29870,29880,0,0,False,-394708.0,True,False,True,False,False,False
512100,2025-12-01T11:19:00+08:00,"(t,t+60s]",continuous_am,2025-12-01 11:19:00,2025-12-01 11:20:00,2192.0,2.987,2.987,2.987,2.987,6,396900.0,29870,29880,29870,29880,0,0,False,-394708.0,True,False,True,False,False,False
512100,2025-12-01T11:20:00+08:00,"[t-60s,t)",continuous_am,2025-12-01 11:19:00,2025-12-01 11:20:00,3969.0,2.987,2.988,2.987,2.988,6,396900.0,29870,29880,29870,29880,0,0,False,-392931.0,True,True,True,True,True,False
512100,2025-12-01T11:20:00+08:00,"(t-60s,t]",continuous_am,2025-12-01 11:19:00,2025-12-01 11:20:00,3969.0,2.987,2.988,2.987,2.988,6,396900.0,29870,29880,29870,29880,0,0,False,-392931.0,True,True,True,True,True,False
512100,2025-12-01T11:20:00+08:00,"[t,t+60s)",continuous_am,2025-12-01 11:20:00,2025-12-01 11:21:00,3969.0,2.987,2.988,2.987,2.988,22,280900.0,29870,29880,29870,29870,0,0,False,-276931.0,True,True,True,False,False,False
512100,2025-12-01T11:20:00+08:00,"(t,t+60s]",continuous_am,2025-12-01 11:20:00,2025-12-01 11:21:00,3969.0,2.987,2.988,2.987,2.988,22,280900.0,29870,29880,29870,29870,0,0,False,-276931.0,True,True,True,False,False,False
512100,2025-12-01T11:21:00+08:00,"[t-60s,t)",continuous_am,2025-12-01 11:20:00,2025-12-01 11:21:00,2809.0,2.987,2.988,2.987,2.987,22,280900.0,29870,29880,29870,29870,0,0,False,-278091.0,True,True,True,True,True,False
512100,2025-12-01T11:21:00+08:00,"(t-60s,t]",continuous_am,2025-12-01 11:20:00,2025-12-01 11:21:00,2809.0,2.987,2.988,2.987,2.987,22,280900.0,29870,29880,29870,29870,0,0,False,-278091.0,True,True,True,True,True,False
512100,2025-12-01T11:21:00+08:00,"[t,t+60s)",continuous_am,2025-12-01 11:21:00,2025-12-01 11:22:00,2809.0,2.987,2.988,2.987,2.987,12,133900.0,29880,29880,29870,29870,0,0,False,-131091.0,False,True,True,True,False,False
512100,2025-12-01T11:21:00+08:00,"(t,t+60s]",continuous_am,2025-12-01 11:21:00,2025-12-01 11:22:00,2809.0,2.987,2.988,2.987,2.987,12,133900.0,29880,29880,29870,29870,0,0,False,-131091.0,False,True,True,True,False,False
512100,2025-12-01T11:22:00+08:00,"[t-60s,t)",continuous_am,2025-12-01 11:21:00,2025-12-01 11:22:00,1339.0,2.988,2.988,2.987,2.987,12,133900.0,29880,29880,29870,29870,0,0,False,-132561.0,True,True,True,True,True,False
512100,2025-12-01T11:22:00+08:00,"(t-60s,t]",continuous_am,2025-12-01 11:21:00,2025-12-01 11:22:00,1339.0,2.988,2.988,2.987,2.987,12,133900.0,29880,29880,29870,29870,0,0,False,-132561.0,True,True,True,True,True,False
512100,2025-12-01T11:22:00+08:00,"[t,t+60s)",continuous_am,2025-12-01 11:22:00,2025-12-01 11:23:00,1339.0,2.988,2.988,2.987,2.987,14,51400.0,29880,29880,29870,29880,0,0,False,-50061.0,True,True,True,False,False,False
512100,2025-12-01T11:22:00+08:00,"(t,t+60s]",continuous_am,2025-12-01 11:22:00,2025-12-01 11:23:00,1339.0,2.988,2.988,2.987,2.987,14,51400.0,29880,29880,29870,29880,0,0,False,-50061.0,True,True,True,False,False,False
512100,2025-12-01T11:23:00+08:00,"[t-60s,t)",continuous_am,2025-12-01 11:22:00,2025-12-01 11:23:00,514.0,2.987,2.988,2.987,2.988,14,51400.0,29880,29880,29870,29880,0,0,False,-50886.0,False,True,True,True,False,False
512100,2025-12-01T11:23:00+08:00,"(t-60s,t]",continuous_am,2025-12-01 11:22:00,2025-12-01 11:23:00,514.0,2.987,2.988,2.987,2.988,14,51400.0,29880,29880,29870,29880,0,0,False,-50886.0,False,True,True,True,False,False
512100,2025-12-01T11:23:00+08:00,"[t,t+60s)",continuous_am,2025-12-01 11:23:00,2025-12-01 11:24:00,514.0,2.987,2.988,2.987,2.988,15,165400.0,29880,29880,29870,29870,0,0,False,-164886.0,False,True,True,False,False,False
512100,2025-12-01T11:23:00+08:00,"(t,t+60s]",continuous_am,2025-12-01 11:23:00,2025-12-01 11:24:00,514.0,2.987,2.988,2.987,2.988,15,165400.0,29880,29880,29870,29870,0,0,False,-164886.0,False,True,True,False,False,False
512100,2025-12-01T11:24:00+08:00,"[t-60s,t)",continuous_am,2025-12-01 11:23:00,2025-12-01 11:24:00,1654.0,2.988,2.988,2.987,2.987,15,165400.0,29880,29880,29870,29870,0,0,False,-163746.0,True,True,True,True,True,False
512100,2025-12-01T11:24:00+08:00,"(t-60s,t]",continuous_am,2025-12-01 11:23:00,2025-12-01 11:24:00,1654.0,2.988,2.988,2.987,2.987,15,165400.0,29880,29880,29870,29870,0,0,False,-163746.0,True,True,True,True,True,False
512100,2025-12-01T11:24:00+08:00,"[t,t+60s)",continuous_am,2025-12-01 11:24:00,2025-12-01 11:25:00,1654.0,2.988,2.988,2.987,2.987,18,293400.0,29870,29870,29860,29860,0,0,False,-291746.0,False,False,False,False,False,False
512100,2025-12-01T11:24:00+08:00,"(t,t+60s]",continuous_am,2025-12-01 11:24:00,2025-12-01 11:25:00,1654.0,2.988,2.988,2.987,2.987,18,293400.0,29870,29870,29860,29860,0,0,False,-291746.0,False,False,False,False,False,False
512100,2025-12-01T11:25:00+08:00,"[t-60s,t)",continuous_am,2025-12-01 11:24:00,2025-12-01 11:25:00,2934.0,2.987,2.987,2.986,2.986,18,293400.0,29870,29870,29860,29860,0,0,False,-290466.0,True,True,True,True,True,False
512100,2025-12-01T11:25:00+08:00,"(t-60s,t]",continuous_am,2025-12-01 11:24:00,2025-12-01 11:25:00,2934.0,2.987,2.987,2.986,2.986,18,293400.0,29870,29870,29860,29860,0,0,False,-290466.0,True,True,True,True,True,False
512100,2025-12-01T11:25:00+08:00,"[t,t+60s)",continuous_am,2025-12-01 11:25:00,2025-12-01 11:26:00,2934.0,2.987,2.987,2.986,2.986,6,4400.0,29860,29870,29860,29860,0,0,False,-1466.0,False,True,True,True,False,False
512100,2025-12-01T11:25:00+08:00,"(t,t+60s]",continuous_am,2025-12-01 11:25:00,2025-12-01 11:26:00,2934.0,2.987,2.987,2.986,2.986,6,4400.0,29860,29870,29860,29860,0,0,False,-1466.0,False,True,True,True,False,False
512100,2025-12-01T11:26:00+08:00,"[t-60s,t)",continuous_am,2025-12-01 11:25:00,2025-12-01 11:26:00,35.0,2.986,2.987,2.986,2.987,6,4400.0,29860,29870,29860,29860,0,0,False,-4365.0,True,True,True,False,False,False
512100,2025-12-01T11:26:00+08:00,"(t-60s,t]",continuous_am,2025-12-01 11:25:00,2025-12-01 11:26:00,35.0,2.986,2.987,2.986,2.987,6,4400.0,29860,29870,29860,29860,0,0,False,-4365.0,True,True,True,False,False,False
512100,2025-12-01T11:26:00+08:00,"[t,t+60s)",continuous_am,2025-12-01 11:26:00,2025-12-01 11:27:00,35.0,2.986,2.987,2.986,2.987,0,0.0,,,,,0,0,False,35.0,,,,,,False
512100,2025-12-01T11:26:00+08:00,"(t,t+60s]",continuous_am,2025-12-01 11:26:00,2025-12-01 11:27:00,35.0,2.986,2.987,2.986,2.987,0,0.0,,,,,0,0,False,35.0,,,,,,False
512100,2025-12-01T11:27:00+08:00,"[t-60s,t)",continuous_am,2025-12-01 11:26:00,2025-12-01 11:27:00,9.0,2.986,2.986,2.986,2.986,0,0.0,,,,,0,0,False,9.0,,,,,,False
512100,2025-12-01T11:27:00+08:00,"(t-60s,t]",continuous_am,2025-12-01 11:26:00,2025-12-01 11:27:00,9.0,2.986,2.986,2.986,2.986,0,0.0,,,,,0,0,False,9.0,,,,,,False
512100,2025-12-01T11:27:00+08:00,"[t,t+60s)",continuous_am,2025-12-01 11:27:00,2025-12-01 11:28:00,9.0,2.986,2.986,2.986,2.986,22,577200.0,29860,29880,29860,29870,0,0,False,-577191.0,True,False,True,False,False,False
512100,2025-12-01T11:27:00+08:00,"(t,t+60s]",continuous_am,2025-12-01 11:27:00,2025-12-01 11:28:00,9.0,2.986,2.986,2.986,2.986,22,577200.0,29860,29880,29860,29870,0,0,False,-577191.0,True,False,True,False,False,False
512100,2025-12-01T11:28:00+08:00,"[t-60s,t)",continuous_am,2025-12-01 11:27:00,2025-12-01 11:28:00,5772.0,2.986,2.987,2.986,2.987,22,577200.0,29860,29880,29860,29870,0,0,False,-571428.0,True,False,True,True,False,False
512100,2025-12-01T11:28:00+08:00,"(t-60s,t]",continuous_am,2025-12-01 11:27:00,2025-12-01 11:28:00,5772.0,2.986,2.987,2.986,2.987,22,577200.0,29860,29880,29860,29870,0,0,False,-571428.0,True,False,True,True,False,False
512100,2025-12-01T11:28:00+08:00,"[t,t+60s)",continuous_am,2025-12-01 11:28:00,2025-12-01 11:29:00,5772.0,2.986,2.987,2.986,2.987,31,1092237.0,29880,29880,29870,29870,0,0,False,-1086465.0,False,False,False,True,False,False
512100,2025-12-01T11:28:00+08:00,"(t,t+60s]",continuous_am,2025-12-01 11:28:00,2025-12-01 11:29:00,5772.0,2.986,2.987,2.986,2.987,31,1092237.0,29880,29880,29870,29870,0,0,False,-1086465.0,False,False,False,True,False,False
512100,2025-12-01T11:29:00+08:00,"[t-60s,t)",continuous_am,2025-12-01 11:28:00,2025-12-01 11:29:00,10922.0,2.988,2.988,2.987,2.987,31,1092237.0,29880,29880,29870,29870,0,0,False,-1081315.0,True,True,True,True,True,False
512100,2025-12-01T11:29:00+08:00,"(t-60s,t]",continuous_am,2025-12-01 11:28:00,2025-12-01 11:29:00,10922.0,2.988,2.988,2.987,2.987,31,1092237.0,29880,29880,29870,29870,0,0,False,-1081315.0,True,True,True,True,True,False
512100,2025-12-01T11:29:00+08:00,"[t,t+60s)",continuous_am,2025-12-01 11:29:00,2025-12-01 11:30:00,10922.0,2.988,2.988,2.987,2.987,19,325463.0,29870,29870,29860,29860,0,0,False,-314541.0,False,False,False,False,False,False
512100,2025-12-01T11:29:00+08:00,"(t,t+60s]",OUTSIDE_COMPLETE_CONTINUOUS_MINUTE,2025-12-01 11:29:00,2025-12-01 11:30:00,10922.0,2.988,2.988,2.987,2.987,19,325463.0,29870,29870,29860,29860,0,0,False,-314541.0,False,False,False,False,False,False
512100,2025-12-01T11:30:00+08:00,"[t-60s,t)",continuous_am,2025-12-01 11:29:00,2025-12-01 11:30:00,3255.0,2.987,2.987,2.986,2.986,19,325463.0,29870,29870,29860,29860,0,0,False,-322208.0,True,True,True,True,True,False
512100,2025-12-01T11:30:00+08:00,"(t-60s,t]",OUTSIDE_COMPLETE_CONTINUOUS_MINUTE,2025-12-01 11:29:00,2025-12-01 11:30:00,3255.0,2.987,2.987,2.986,2.986,19,325463.0,29870,29870,29860,29860,0,0,False,-322208.0,True,True,True,True,True,False
512100,2025-12-01T11:30:00+08:00,"[t,t+60s)",OUTSIDE_COMPLETE_CONTINUOUS_MINUTE,2025-12-01 11:30:00,2025-12-01 11:31:00,3255.0,2.987,2.987,2.986,2.986,0,0.0,,,,,0,0,False,3255.0,,,,,,False
512100,2025-12-01T11:30:00+08:00,"(t,t+60s]",OUTSIDE_COMPLETE_CONTINUOUS_MINUTE,2025-12-01 11:30:00,2025-12-01 11:31:00,3255.0,2.987,2.987,2.986,2.986,0,0.0,,,,,0,0,False,3255.0,,,,,,False
512100,2025-12-01T13:01:00+08:00,"[t-60s,t)",continuous_pm,2025-12-01 13:00:00,2025-12-01 13:01:00,6306.0,2.987,2.987,2.983,2.983,80,630600.0,29870,29880,29830,29830,0,0,False,-624294.0,True,False,True,True,False,False
512100,2025-12-01T13:01:00+08:00,"(t-60s,t]",continuous_pm,2025-12-01 13:00:00,2025-12-01 13:01:00,6306.0,2.987,2.987,2.983,2.983,80,630600.0,29870,29880,29830,29830,0,0,False,-624294.0,True,False,True,True,False,False
512100,2025-12-01T13:01:00+08:00,"[t,t+60s)",continuous_pm,2025-12-01 13:01:00,2025-12-01 13:02:00,6306.0,2.987,2.987,2.983,2.983,16,223200.0,29830,29840,29820,29840,0,0,False,-216894.0,False,False,False,False,False,False
512100,2025-12-01T13:01:00+08:00,"(t,t+60s]",continuous_pm,2025-12-01 13:01:00,2025-12-01 13:02:00,6306.0,2.987,2.987,2.983,2.983,16,223200.0,29830,29840,29820,29840,0,0,False,-216894.0,False,False,False,False,False,False
512100,2025-12-01T13:02:00+08:00,"[t-60s,t)",continuous_pm,2025-12-01 13:01:00,2025-12-01 13:02:00,2232.0,2.983,2.984,2.982,2.984,16,223200.0,29830,29840,29820,29840,0,0,False,-220968.0,True,True,True,True,True,False
512100,2025-12-01T13:02:00+08:00,"(t-60s,t]",continuous_pm,2025-12-01 13:01:00,2025-12-01 13:02:00,2232.0,2.983,2.984,2.982,2.984,16,223200.0,29830,29840,29820,29840,0,0,False,-220968.0,True,True,True,True,True,False
512100,2025-12-01T13:02:00+08:00,"[t,t+60s)",continuous_pm,2025-12-01 13:02:00,2025-12-01 13:03:00,2232.0,2.983,2.984,2.982,2.984,11,745900.0,29840,29860,29840,29860,0,0,False,-743668.0,False,False,False,False,False,False
512100,2025-12-01T13:02:00+08:00,"(t,t+60s]",continuous_pm,2025-12-01 13:02:00,2025-12-01 13:03:00,2232.0,2.983,2.984,2.982,2.984,11,745900.0,29840,29860,29840,29860,0,0,False,-743668.0,False,False,False,False,False,False
512100,2025-12-01T13:03:00+08:00,"[t-60s,t)",continuous_pm,2025-12-01 13:02:00,2025-12-01 13:03:00,7459.0,2.984,2.986,2.984,2.986,11,745900.0,29840,29860,29840,29860,0,0,False,-738441.0,True,True,True,True,True,False
512100,2025-12-01T13:03:00+08:00,"(t-60s,t]",continuous_pm,2025-12-01 13:02:00,2025-12-01 13:03:00,7459.0,2.984,2.986,2.984,2.986,11,745900.0,29840,29860,29840,29860,0,0,False,-738441.0,True,True,True,True,True,False
512100,2025-12-01T13:03:00+08:00,"[t,t+60s)",continuous_pm,2025-12-01 13:03:00,2025-12-01 13:04:00,7459.0,2.984,2.986,2.984,2.986,21,767637.0,29860,29860,29830,29840,0,0,False,-760178.0,False,True,False,False,False,False
512100,2025-12-01T13:03:00+08:00,"(t,t+60s]",continuous_pm,2025-12-01 13:03:00,2025-12-01 13:04:00,7459.0,2.984,2.986,2.984,2.986,21,767637.0,29860,29860,29830,29840,0,0,False,-760178.0,False,True,False,False,False,False
512100,2025-12-01T13:04:00+08:00,"[t-60s,t)",continuous_pm,2025-12-01 13:03:00,2025-12-01 13:04:00,7676.0,2.986,2.986,2.983,2.984,21,767637.0,29860,29860,29830,29840,0,0,False,-759961.0,True,True,True,True,True,False
512100,2025-12-01T13:04:00+08:00,"(t-60s,t]",continuous_pm,2025-12-01 13:03:00,2025-12-01 13:04:00,7676.0,2.986,2.986,2.983,2.984,21,767637.0,29860,29860,29830,29840,0,0,False,-759961.0,True,True,True,True,True,False
512100,2025-12-01T13:04:00+08:00,"[t,t+60s)",continuous_pm,2025-12-01 13:04:00,2025-12-01 13:05:00,7676.0,2.986,2.986,2.983,2.984,14,206900.0,29840,29850,29840,29840,0,0,False,-199224.0,False,False,False,True,False,False
512100,2025-12-01T13:04:00+08:00,"(t,t+60s]",continuous_pm,2025-12-01 13:04:00,2025-12-01 13:05:00,7676.0,2.986,2.986,2.983,2.984,14,206900.0,29840,29850,29840,29840,0,0,False,-199224.0,False,False,False,True,False,False
512100,2025-12-01T13:05:00+08:00,"[t-60s,t)",continuous_pm,2025-12-01 13:04:00,2025-12-01 13:05:00,2069.0,2.984,2.985,2.984,2.984,14,206900.0,29840,29850,29840,29840,0,0,False,-204831.0,True,True,True,True,True,False
512100,2025-12-01T13:05:00+08:00,"(t-60s,t]",continuous_pm,2025-12-01 13:04:00,2025-12-01 13:05:00,2069.0,2.984,2.985,2.984,2.984,14,206900.0,29840,29850,29840,29840,0,0,False,-204831.0,True,True,True,True,True,False
512100,2025-12-01T13:05:00+08:00,"[t,t+60s)",continuous_pm,2025-12-01 13:05:00,2025-12-01 13:06:00,2069.0,2.984,2.985,2.984,2.984,44,840800.0,29830,29830,29820,29820,0,0,False,-838731.0,False,False,False,False,False,False
512100,2025-12-01T13:05:00+08:00,"(t,t+60s]",continuous_pm,2025-12-01 13:05:00,2025-12-01 13:06:00,2069.0,2.984,2.985,2.984,2.984,44,840800.0,29830,29830,29820,29820,0,0,False,-838731.0,False,False,False,False,False,False
512100,2025-12-01T13:06:00+08:00,"[t-60s,t)",continuous_pm,2025-12-01 13:05:00,2025-12-01 13:06:00,8408.0,2.983,2.983,2.982,2.982,44,840800.0,29830,29830,29820,29820,0,0,False,-832392.0,True,True,True,True,True,False
512100,2025-12-01T13:06:00+08:00,"(t-60s,t]",continuous_pm,2025-12-01 13:05:00,2025-12-01 13:06:00,8408.0,2.983,2.983,2.982,2.982,44,840800.0,29830,29830,29820,29820,0,0,False,-832392.0,True,True,True,True,True,False
512100,2025-12-01T13:06:00+08:00,"[t,t+60s)",continuous_pm,2025-12-01 13:06:00,2025-12-01 13:07:00,8408.0,2.983,2.983,2.982,2.982,19,246200.0,29820,29830,29820,29820,0,0,False,-237792.0,False,True,True,True,False,False
512100,2025-12-01T13:06:00+08:00,"(t,t+60s]",continuous_pm,2025-12-01 13:06:00,2025-12-01 13:07:00,8408.0,2.983,2.983,2.982,2.982,19,246200.0,29820,29830,29820,29820,0,0,False,-237792.0,False,True,True,True,False,False
512100,2025-12-01T13:07:00+08:00,"[t-60s,t)",continuous_pm,2025-12-01 13:06:00,2025-12-01 13:07:00,2462.0,2.982,2.983,2.982,2.982,19,246200.0,29820,29830,29820,29820,0,0,False,-243738.0,True,True,True,True,True,False
512100,2025-12-01T13:07:00+08:00,"(t-60s,t]",continuous_pm,2025-12-01 13:06:00,2025-12-01 13:07:00,2462.0,2.982,2.983,2.982,2.982,19,246200.0,29820,29830,29820,29820,0,0,False,-243738.0,True,True,True,True,True,False
512100,2025-12-01T13:07:00+08:00,"[t,t+60s)",continuous_pm,2025-12-01 13:07:00,2025-12-01 13:08:00,2462.0,2.982,2.983,2.982,2.982,7,16000.0,29820,29830,29820,29830,0,0,False,-13538.0,True,True,True,False,False,False
512100,2025-12-01T13:07:00+08:00,"(t,t+60s]",continuous_pm,2025-12-01 13:07:00,2025-12-01 13:08:00,2462.0,2.982,2.983,2.982,2.982,7,16000.0,29820,29830,29820,29830,0,0,False,-13538.0,True,True,True,False,False,False
512100,2025-12-01T13:08:00+08:00,"[t-60s,t)",continuous_pm,2025-12-01 13:07:00,2025-12-01 13:08:00,160.0,2.982,2.983,2.982,2.983,7,16000.0,29820,29830,29820,29830,0,0,False,-15840.0,True,True,True,True,True,False
512100,2025-12-01T13:08:00+08:00,"(t-60s,t]",continuous_pm,2025-12-01 13:07:00,2025-12-01 13:08:00,160.0,2.982,2.983,2.982,2.983,7,16000.0,29820,29830,29820,29830,0,0,False,-15840.0,True,True,True,True,True,False
512100,2025-12-01T13:08:00+08:00,"[t,t+60s)",continuous_pm,2025-12-01 13:08:00,2025-12-01 13:09:00,160.0,2.982,2.983,2.982,2.983,33,511400.0,29820,29820,29800,29800,0,0,False,-511240.0,True,False,False,False,False,False
512100,2025-12-01T13:08:00+08:00,"(t,t+60s]",continuous_pm,2025-12-01 13:08:00,2025-12-01 13:09:00,160.0,2.982,2.983,2.982,2.983,33,511400.0,29820,29820,29800,29800,0,0,False,-511240.0,True,False,False,False,False,False
512100,2025-12-01T13:09:00+08:00,"[t-60s,t)",continuous_pm,2025-12-01 13:08:00,2025-12-01 13:09:00,5114.0,2.982,2.982,2.98,2.98,33,511400.0,29820,29820,29800,29800,0,0,False,-506286.0,True,True,True,True,True,False
512100,2025-12-01T13:09:00+08:00,"(t-60s,t]",continuous_pm,2025-12-01 13:08:00,2025-12-01 13:09:00,5114.0,2.982,2.982,2.98,2.98,33,511400.0,29820,29820,29800,29800,0,0,False,-506286.0,True,True,True,True,True,False
512100,2025-12-01T13:09:00+08:00,"[t,t+60s)",continuous_pm,2025-12-01 13:09:00,2025-12-01 13:10:00,5114.0,2.982,2.982,2.98,2.98,39,642000.0,29810,29810,29790,29800,0,0,False,-636886.0,False,False,False,True,False,False
512100,2025-12-01T13:09:00+08:00,"(t,t+60s]",continuous_pm,2025-12-01 13:09:00,2025-12-01 13:10:00,5114.0,2.982,2.982,2.98,2.98,39,642000.0,29810,29810,29790,29800,0,0,False,-636886.0,False,False,False,True,False,False
512100,2025-12-01T13:10:00+08:00,"[t-60s,t)",continuous_pm,2025-12-01 13:09:00,2025-12-01 13:10:00,6420.0,2.981,2.981,2.979,2.98,39,642000.0,29810,29810,29790,29800,0,0,False,-635580.0,True,True,True,True,True,False
512100,2025-12-01T13:10:00+08:00,"(t-60s,t]",continuous_pm,2025-12-01 13:09:00,2025-12-01 13:10:00,6420.0,2.981,2.981,2.979,2.98,39,642000.0,29810,29810,29790,29800,0,0,False,-635580.0,True,True,True,True,True,False
512100,2025-12-01T13:10:00+08:00,"[t,t+60s)",continuous_pm,2025-12-01 13:10:00,2025-12-01 13:11:00,6420.0,2.981,2.981,2.979,2.98,18,1119600.0,29800,29820,29800,29820,0,0,False,-1113180.0,False,False,False,False,False,False
512100,2025-12-01T13:10:00+08:00,"(t,t+60s]",continuous_pm,2025-12-01 13:10:00,2025-12-01 13:11:00,6420.0,2.981,2.981,2.979,2.98,18,1119600.0,29800,29820,29800,29820,0,0,False,-1113180.0,False,False,False,False,False,False
512100,2025-12-01T13:11:00+08:00,"[t-60s,t)",continuous_pm,2025-12-01 13:10:00,2025-12-01 13:11:00,11196.0,2.98,2.982,2.98,2.982,18,1119600.0,29800,29820,29800,29820,0,0,False,-1108404.0,True,True,True,True,True,False
512100,2025-12-01T13:11:00+08:00,"(t-60s,t]",continuous_pm,2025-12-01 13:10:00,2025-12-01 13:11:00,11196.0,2.98,2.982,2.98,2.982,18,1119600.0,29800,29820,29800,29820,0,0,False,-1108404.0,True,True,True,True,True,False
512100,2025-12-01T13:11:00+08:00,"[t,t+60s)",continuous_pm,2025-12-01 13:11:00,2025-12-01 13:12:00,11196.0,2.98,2.982,2.98,2.982,5,78600.0,29840,29840,29830,29830,0,0,False,-67404.0,False,False,False,False,False,False
512100,2025-12-01T13:11:00+08:00,"(t,t+60s]",continuous_pm,2025-12-01 13:11:00,2025-12-01 13:12:00,11196.0,2.98,2.982,2.98,2.982,5,78600.0,29840,29840,29830,29830,0,0,False,-67404.0,False,False,False,False,False,False
512100,2025-12-01T13:12:00+08:00,"[t-60s,t)",continuous_pm,2025-12-01 13:11:00,2025-12-01 13:12:00,752.0,2.984,2.984,2.984,2.984,5,78600.0,29840,29840,29830,29830,0,0,False,-77848.0,True,True,False,False,False,False
512100,2025-12-01T13:12:00+08:00,"(t-60s,t]",continuous_pm,2025-12-01 13:11:00,2025-12-01 13:12:00,752.0,2.984,2.984,2.984,2.984,5,78600.0,29840,29840,29830,29830,0,0,False,-77848.0,True,True,False,False,False,False
512100,2025-12-01T13:12:00+08:00,"[t,t+60s)",continuous_pm,2025-12-01 13:12:00,2025-12-01 13:13:00,752.0,2.984,2.984,2.984,2.984,3,40000.0,29840,29840,29840,29840,0,0,False,-39248.0,True,True,True,True,True,False
512100,2025-12-01T13:12:00+08:00,"(t,t+60s]",continuous_pm,2025-12-01 13:12:00,2025-12-01 13:13:00,752.0,2.984,2.984,2.984,2.984,3,40000.0,29840,29840,29840,29840,0,0,False,-39248.0,True,True,True,True,True,False
512100,2025-12-01T13:13:00+08:00,"[t-60s,t)",continuous_pm,2025-12-01 13:12:00,2025-12-01 13:13:00,434.0,2.983,2.984,2.983,2.984,3,40000.0,29840,29840,29840,29840,0,0,False,-39566.0,False,True,False,True,False,False
512100,2025-12-01T13:13:00+08:00,"(t-60s,t]",continuous_pm,2025-12-01 13:12:00,2025-12-01 13:13:00,434.0,2.983,2.984,2.983,2.984,3,40000.0,29840,29840,29840,29840,0,0,False,-39566.0,False,True,False,True,False,False
512100,2025-12-01T13:13:00+08:00,"[t,t+60s)",continuous_pm,2025-12-01 13:13:00,2025-12-01 13:14:00,434.0,2.983,2.984,2.983,2.984,9,144000.0,29850,29850,29840,29850,0,0,False,-143566.0,False,False,False,False,False,False
512100,2025-12-01T13:13:00+08:00,"(t,t+60s]",continuous_pm,2025-12-01 13:13:00,2025-12-01 13:14:00,434.0,2.983,2.984,2.983,2.984,9,144000.0,29850,29850,29840,29850,0,0,False,-143566.0,False,False,False,False,False,False
512100,2025-12-01T13:14:00+08:00,"[t-60s,t)",continuous_pm,2025-12-01 13:13:00,2025-12-01 13:14:00,1440.0,2.985,2.985,2.984,2.985,9,144000.0,29850,29850,29840,29850,0,0,False,-142560.0,True,True,True,True,True,False
512100,2025-12-01T13:14:00+08:00,"(t-60s,t]",continuous_pm,2025-12-01 13:13:00,2025-12-01 13:14:00,1440.0,2.985,2.985,2.984,2.985,9,144000.0,29850,29850,29840,29850,0,0,False,-142560.0,True,True,True,True,True,False
512100,2025-12-01T13:14:00+08:00,"[t,t+60s)",continuous_pm,2025-12-01 13:14:00,2025-12-01 13:15:00,1440.0,2.985,2.985,2.984,2.985,25,461100.0,29840,29840,29830,29830,0,0,False,-459660.0,False,False,False,False,False,False
512100,2025-12-01T13:14:00+08:00,"(t,t+60s]",continuous_pm,2025-12-01 13:14:00,2025-12-01 13:15:00,1440.0,2.985,2.985,2.984,2.985,25,461100.0,29840,29840,29830,29830,0,0,False,-459660.0,False,False,False,False,False,False
512100,2025-12-01T13:15:00+08:00,"[t-60s,t)",continuous_pm,2025-12-01 13:14:00,2025-12-01 13:15:00,4611.0,2.984,2.984,2.983,2.983,25,461100.0,29840,29840,29830,29830,0,0,False,-456489.0,True,True,True,True,True,False
512100,2025-12-01T13:15:00+08:00,"(t-60s,t]",continuous_pm,2025-12-01 13:14:00,2025-12-01 13:15:00,4611.0,2.984,2.984,2.983,2.983,25,461100.0,29840,29840,29830,29830,0,0,False,-456489.0,True,True,True,True,True,False
512100,2025-12-01T13:15:00+08:00,"[t,t+60s)",continuous_pm,2025-12-01 13:15:00,2025-12-01 13:16:00,4611.0,2.984,2.984,2.983,2.983,9,86600.0,29820,29830,29810,29810,0,0,False,-81989.0,False,False,False,False,False,False
512100,2025-12-01T13:15:00+08:00,"(t,t+60s]",continuous_pm,2025-12-01 13:15:00,2025-12-01 13:16:00,4611.0,2.984,2.984,2.983,2.983,9,86600.0,29820,29830,29810,29810,0,0,False,-81989.0,False,False,False,False,False,False
512100,2025-12-01T13:16:00+08:00,"[t-60s,t)",continuous_pm,2025-12-01 13:15:00,2025-12-01 13:16:00,866.0,2.982,2.983,2.981,2.981,9,86600.0,29820,29830,29810,29810,0,0,False,-85734.0,True,True,True,True,True,False
512100,2025-12-01T13:16:00+08:00,"(t-60s,t]",continuous_pm,2025-12-01 13:15:00,2025-12-01 13:16:00,866.0,2.982,2.983,2.981,2.981,9,86600.0,29820,29830,29810,29810,0,0,False,-85734.0,True,True,True,True,True,False
512100,2025-12-01T13:16:00+08:00,"[t,t+60s)",continuous_pm,2025-12-01 13:16:00,2025-12-01 13:17:00,866.0,2.982,2.983,2.981,2.981,20,1106600.0,29820,29820,29810,29810,0,0,False,-1105734.0,True,False,True,True,False,False
512100,2025-12-01T13:16:00+08:00,"(t,t+60s]",continuous_pm,2025-12-01 13:16:00,2025-12-01 13:17:00,866.0,2.982,2.983,2.981,2.981,20,1106600.0,29820,29820,29810,29810,0,0,False,-1105734.0,True,False,True,True,False,False
512100,2025-12-01T13:17:00+08:00,"[t-60s,t)",continuous_pm,2025-12-01 13:16:00,2025-12-01 13:17:00,11066.0,2.982,2.982,2.981,2.981,20,1106600.0,29820,29820,29810,29810,0,0,False,-1095534.0,True,True,True,True,True,False
512100,2025-12-01T13:17:00+08:00,"(t-60s,t]",continuous_pm,2025-12-01 13:16:00,2025-12-01 13:17:00,11066.0,2.982,2.982,2.981,2.981,20,1106600.0,29820,29820,29810,29810,0,0,False,-1095534.0,True,True,True,True,True,False
512100,2025-12-01T13:17:00+08:00,"[t,t+60s)",continuous_pm,2025-12-01 13:17:00,2025-12-01 13:18:00,11066.0,2.982,2.982,2.981,2.981,5,27600.0,29820,29820,29810,29810,0,0,False,-16534.0,True,True,True,True,True,False
512100,2025-12-01T13:17:00+08:00,"(t,t+60s]",continuous_pm,2025-12-01 13:17:00,2025-12-01 13:18:00,11066.0,2.982,2.982,2.981,2.981,5,27600.0,29820,29820,29810,29810,0,0,False,-16534.0,True,True,True,True,True,False
512100,2025-12-01T13:18:00+08:00,"[t-60s,t)",continuous_pm,2025-12-01 13:17:00,2025-12-01 13:18:00,169.0,2.982,2.982,2.982,2.982,5,27600.0,29820,29820,29810,29810,0,0,False,-27431.0,True,True,False,False,False,False
512100,2025-12-01T13:18:00+08:00,"(t-60s,t]",continuous_pm,2025-12-01 13:17:00,2025-12-01 13:18:00,169.0,2.982,2.982,2.982,2.982,5,27600.0,29820,29820,29810,29810,0,0,False,-27431.0,True,True,False,False,False,False
512100,2025-12-01T13:18:00+08:00,"[t,t+60s)",continuous_pm,2025-12-01 13:18:00,2025-12-01 13:19:00,169.0,2.982,2.982,2.982,2.982,21,159700.0,29810,29810,29800,29800,0,0,False,-159531.0,False,False,False,False,False,False
512100,2025-12-01T13:18:00+08:00,"(t,t+60s]",continuous_pm,2025-12-01 13:18:00,2025-12-01 13:19:00,169.0,2.982,2.982,2.982,2.982,21,159700.0,29810,29810,29800,29800,0,0,False,-159531.0,False,False,False,False,False,False
512100,2025-12-01T13:19:00+08:00,"[t-60s,t)",continuous_pm,2025-12-01 13:18:00,2025-12-01 13:19:00,1704.0,2.981,2.981,2.98,2.98,21,159700.0,29810,29810,29800,29800,0,0,False,-157996.0,True,True,True,True,True,False
512100,2025-12-01T13:19:00+08:00,"(t-60s,t]",continuous_pm,2025-12-01 13:18:00,2025-12-01 13:19:00,1704.0,2.981,2.981,2.98,2.98,21,159700.0,29810,29810,29800,29800,0,0,False,-157996.0,True,True,True,True,True,False
512100,2025-12-01T13:19:00+08:00,"[t,t+60s)",continuous_pm,2025-12-01 13:19:00,2025-12-01 13:20:00,1704.0,2.981,2.981,2.98,2.98,35,2274400.0,29800,29810,29800,29810,0,0,False,-2272696.0,False,True,True,False,False,False
512100,2025-12-01T13:19:00+08:00,"(t,t+60s]",continuous_pm,2025-12-01 13:19:00,2025-12-01 13:20:00,1704.0,2.981,2.981,2.98,2.98,35,2274400.0,29800,29810,29800,29810,0,0,False,-2272696.0,False,True,True,False,False,False
512100,2025-12-01T13:20:00+08:00,"[t-60s,t)",continuous_pm,2025-12-01 13:19:00,2025-12-01 13:20:00,22744.0,2.98,2.981,2.98,2.981,35,2274400.0,29800,29810,29800,29810,0,0,False,-2251656.0,True,True,True,True,True,False
512100,2025-12-01T13:20:00+08:00,"(t-60s,t]",continuous_pm,2025-12-01 13:19:00,2025-12-01 13:20:00,22744.0,2.98,2.981,2.98,2.981,35,2274400.0,29800,29810,29800,29810,0,0,False,-2251656.0,True,True,True,True,True,False
512100,2025-12-01T13:20:00+08:00,"[t,t+60s)",continuous_pm,2025-12-01 13:20:00,2025-12-01 13:21:00,22744.0,2.98,2.981,2.98,2.981,9,31500.0,29820,29820,29810,29810,0,0,False,-8756.0,False,False,False,True,False,False
512100,2025-12-01T13:20:00+08:00,"(t,t+60s]",continuous_pm,2025-12-01 13:20:00,2025-12-01 13:21:00,22744.0,2.98,2.981,2.98,2.981,9,31500.0,29820,29820,29810,29810,0,0,False,-8756.0,False,False,False,True,False,False
512100,2025-12-01T13:21:00+08:00,"[t-60s,t)",continuous_pm,2025-12-01 13:20:00,2025-12-01 13:21:00,315.0,2.981,2.981,2.981,2.981,9,31500.0,29820,29820,29810,29810,0,0,False,-31185.0,False,False,True,True,False,False
512100,2025-12-01T13:21:00+08:00,"(t-60s,t]",continuous_pm,2025-12-01 13:20:00,2025-12-01 13:21:00,315.0,2.981,2.981,2.981,2.981,9,31500.0,29820,29820,29810,29810,0,0,False,-31185.0,False,False,True,True,False,False
512100,2025-12-01T13:21:00+08:00,"[t,t+60s)",continuous_pm,2025-12-01 13:21:00,2025-12-01 13:22:00,315.0,2.981,2.981,2.981,2.981,24,1655000.0,29810,29830,29810,29820,0,0,False,-1654685.0,True,False,True,False,False,False
512100,2025-12-01T13:21:00+08:00,"(t,t+60s]",continuous_pm,2025-12-01 13:21:00,2025-12-01 13:22:00,315.0,2.981,2.981,2.981,2.981,24,1655000.0,29810,29830,29810,29820,0,0,False,-1654685.0,True,False,True,False,False,False
512100,2025-12-01T13:22:00+08:00,"[t-60s,t)",continuous_pm,2025-12-01 13:21:00,2025-12-01 13:22:00,16550.0,2.981,2.983,2.981,2.982,24,1655000.0,29810,29830,29810,29820,0,0,False,-1638450.0,True,True,True,True,True,False
512100,2025-12-01T13:22:00+08:00,"(t-60s,t]",continuous_pm,2025-12-01 13:21:00,2025-12-01 13:22:00,16550.0,2.981,2.983,2.981,2.982,24,1655000.0,29810,29830,29810,29820,0,0,False,-1638450.0,True,True,True,True,True,False
512100,2025-12-01T13:22:00+08:00,"[t,t+60s)",continuous_pm,2025-12-01 13:22:00,2025-12-01 13:23:00,16550.0,2.981,2.983,2.981,2.982,9,38400.0,29810,29820,29810,29810,0,0,False,-21850.0,True,False,True,False,False,False
512100,2025-12-01T13:22:00+08:00,"(t,t+60s]",continuous_pm,2025-12-01 13:22:00,2025-12-01 13:23:00,16550.0,2.981,2.983,2.981,2.982,9,38400.0,29810,29820,29810,29810,0,0,False,-21850.0,True,False,True,False,False,False
512100,2025-12-01T13:23:00+08:00,"[t-60s,t)",continuous_pm,2025-12-01 13:22:00,2025-12-01 13:23:00,384.0,2.981,2.982,2.981,2.981,9,38400.0,29810,29820,29810,29810,0,0,False,-38016.0,True,True,True,True,True,False
512100,2025-12-01T13:23:00+08:00,"(t-60s,t]",continuous_pm,2025-12-01 13:22:00,2025-12-01 13:23:00,384.0,2.981,2.982,2.981,2.981,9,38400.0,29810,29820,29810,29810,0,0,False,-38016.0,True,True,True,True,True,False
512100,2025-12-01T13:23:00+08:00,"[t,t+60s)",continuous_pm,2025-12-01 13:23:00,2025-12-01 13:24:00,384.0,2.981,2.982,2.981,2.981,22,512800.0,29820,29820,29810,29810,0,0,False,-512416.0,False,True,True,True,False,False
512100,2025-12-01T13:23:00+08:00,"(t,t+60s]",continuous_pm,2025-12-01 13:23:00,2025-12-01 13:24:00,384.0,2.981,2.982,2.981,2.981,22,512800.0,29820,29820,29810,29810,0,0,False,-512416.0,False,True,True,True,False,False
512100,2025-12-01T13:24:00+08:00,"[t-60s,t)",continuous_pm,2025-12-01 13:23:00,2025-12-01 13:24:00,5128.0,2.982,2.982,2.981,2.981,22,512800.0,29820,29820,29810,29810,0,0,False,-507672.0,True,True,True,True,True,False
512100,2025-12-01T13:24:00+08:00,"(t-60s,t]",continuous_pm,2025-12-01 13:23:00,2025-12-01 13:24:00,5128.0,2.982,2.982,2.981,2.981,22,512800.0,29820,29820,29810,29810,0,0,False,-507672.0,True,True,True,True,True,False
512100,2025-12-01T13:24:00+08:00,"[t,t+60s)",continuous_pm,2025-12-01 13:24:00,2025-12-01 13:25:00,5128.0,2.982,2.982,2.981,2.981,20,776200.0,29810,29820,29810,29820,0,0,False,-771072.0,False,True,True,False,False,False
512100,2025-12-01T13:24:00+08:00,"(t,t+60s]",continuous_pm,2025-12-01 13:24:00,2025-12-01 13:25:00,5128.0,2.982,2.982,2.981,2.981,20,776200.0,29810,29820,29810,29820,0,0,False,-771072.0,False,True,True,False,False,False
512100,2025-12-01T13:25:00+08:00,"[t-60s,t)",continuous_pm,2025-12-01 13:24:00,2025-12-01 13:25:00,7762.0,2.981,2.982,2.981,2.982,20,776200.0,29810,29820,29810,29820,0,0,False,-768438.0,True,True,True,True,True,False
512100,2025-12-01T13:25:00+08:00,"(t-60s,t]",continuous_pm,2025-12-01 13:24:00,2025-12-01 13:25:00,7762.0,2.981,2.982,2.981,2.982,20,776200.0,29810,29820,29810,29820,0,0,False,-768438.0,True,True,True,True,True,False
512100,2025-12-01T13:25:00+08:00,"[t,t+60s)",continuous_pm,2025-12-01 13:25:00,2025-12-01 13:26:00,7762.0,2.981,2.982,2.981,2.982,0,0.0,,,,,0,0,False,7762.0,,,,,,False
512100,2025-12-01T13:25:00+08:00,"(t,t+60s]",continuous_pm,2025-12-01 13:25:00,2025-12-01 13:26:00,7762.0,2.981,2.982,2.981,2.982,0,0.0,,,,,0,0,False,7762.0,,,,,,False
512100,2025-12-01T13:26:00+08:00,"[t-60s,t)",continuous_pm,2025-12-01 13:25:00,2025-12-01 13:26:00,0.0,2.981,2.982,2.981,2.982,0,0.0,,,,,0,0,True,0.0,,,,,,True
512100,2025-12-01T13:26:00+08:00,"(t-60s,t]",continuous_pm,2025-12-01 13:25:00,2025-12-01 13:26:00,0.0,2.981,2.982,2.981,2.982,0,0.0,,,,,0,0,True,0.0,,,,,,True
512100,2025-12-01T13:26:00+08:00,"[t,t+60s)",continuous_pm,2025-12-01 13:26:00,2025-12-01 13:27:00,0.0,2.981,2.982,2.981,2.982,22,2106300.0,29810,29810,29800,29810,0,0,False,-2106300.0,True,False,False,False,False,True
512100,2025-12-01T13:26:00+08:00,"(t,t+60s]",continuous_pm,2025-12-01 13:26:00,2025-12-01 13:27:00,0.0,2.981,2.982,2.981,2.982,22,2106300.0,29810,29810,29800,29810,0,0,False,-2106300.0,True,False,False,False,False,True
512100,2025-12-01T13:27:00+08:00,"[t-60s,t)",continuous_pm,2025-12-01 13:26:00,2025-12-01 13:27:00,21063.0,2.981,2.981,2.98,2.981,22,2106300.0,29810,29810,29800,29810,0,0,False,-2085237.0,True,True,True,True,True,False
512100,2025-12-01T13:27:00+08:00,"(t-60s,t]",continuous_pm,2025-12-01 13:26:00,2025-12-01 13:27:00,21063.0,2.981,2.981,2.98,2.981,22,2106300.0,29810,29810,29800,29810,0,0,False,-2085237.0,True,True,True,True,True,False
512100,2025-12-01T13:27:00+08:00,"[t,t+60s)",continuous_pm,2025-12-01 13:27:00,2025-12-01 13:28:00,21063.0,2.981,2.981,2.98,2.981,10,294700.0,29820,29820,29800,29800,0,0,False,-273637.0,False,False,True,False,False,False
512100,2025-12-01T13:27:00+08:00,"(t,t+60s]",continuous_pm,2025-12-01 13:27:00,2025-12-01 13:28:00,21063.0,2.981,2.981,2.98,2.981,10,294700.0,29820,29820,29800,29800,0,0,False,-273637.0,False,False,True,False,False,False
512100,2025-12-01T13:28:00+08:00,"[t-60s,t)",continuous_pm,2025-12-01 13:27:00,2025-12-01 13:28:00,2947.0,2.982,2.982,2.98,2.98,10,294700.0,29820,29820,29800,29800,0,0,False,-291753.0,True,True,True,True,True,False
512100,2025-12-01T13:28:00+08:00,"(t-60s,t]",continuous_pm,2025-12-01 13:27:00,2025-12-01 13:28:00,2947.0,2.982,2.982,2.98,2.98,10,294700.0,29820,29820,29800,29800,0,0,False,-291753.0,True,True,True,True,True,False
512100,2025-12-01T13:28:00+08:00,"[t,t+60s)",continuous_pm,2025-12-01 13:28:00,2025-12-01 13:29:00,2947.0,2.982,2.982,2.98,2.98,13,175900.0,29810,29810,29800,29810,0,0,False,-172953.0,False,False,True,False,False,False
512100,2025-12-01T13:28:00+08:00,"(t,t+60s]",continuous_pm,2025-12-01 13:28:00,2025-12-01 13:29:00,2947.0,2.982,2.982,2.98,2.98,13,175900.0,29810,29810,29800,29810,0,0,False,-172953.0,False,False,True,False,False,False
512100,2025-12-01T13:29:00+08:00,"[t-60s,t)",continuous_pm,2025-12-01 13:28:00,2025-12-01 13:29:00,1759.0,2.981,2.981,2.981,2.981,13,175900.0,29810,29810,29800,29810,0,0,False,-174141.0,True,True,False,True,False,False
512100,2025-12-01T13:29:00+08:00,"(t-60s,t]",continuous_pm,2025-12-01 13:28:00,2025-12-01 13:29:00,1759.0,2.981,2.981,2.981,2.981,13,175900.0,29810,29810,29800,29810,0,0,False,-174141.0,True,True,False,True,False,False
512100,2025-12-01T13:29:00+08:00,"[t,t+60s)",continuous_pm,2025-12-01 13:29:00,2025-12-01 13:30:00,1759.0,2.981,2.981,2.981,2.981,32,825400.0,29810,29810,29800,29800,0,0,False,-823641.0,True,True,False,False,False,False
512100,2025-12-01T13:29:00+08:00,"(t,t+60s]",continuous_pm,2025-12-01 13:29:00,2025-12-01 13:30:00,1759.0,2.981,2.981,2.981,2.981,32,825400.0,29810,29810,29800,29800,0,0,False,-823641.0,True,True,False,False,False,False
512100,2025-12-01T13:30:00+08:00,"[t-60s,t)",continuous_pm,2025-12-01 13:29:00,2025-12-01 13:30:00,8254.0,2.981,2.981,2.98,2.98,32,825400.0,29810,29810,29800,29800,0,0,False,-817146.0,True,True,True,True,True,False
512100,2025-12-01T13:30:00+08:00,"(t-60s,t]",continuous_pm,2025-12-01 13:29:00,2025-12-01 13:30:00,8254.0,2.981,2.981,2.98,2.98,32,825400.0,29810,29810,29800,29800,0,0,False,-817146.0,True,True,True,True,True,False
512100,2025-12-01T13:30:00+08:00,"[t,t+60s)",continuous_pm,2025-12-01 13:30:00,2025-12-01 13:31:00,8254.0,2.981,2.981,2.98,2.98,59,3711600.0,29790,29800,29770,29770,0,0,False,-3703346.0,False,False,False,False,False,False
512100,2025-12-01T13:30:00+08:00,"(t,t+60s]",continuous_pm,2025-12-01 13:30:00,2025-12-01 13:31:00,8254.0,2.981,2.981,2.98,2.98,59,3711600.0,29790,29800,29770,29770,0,0,False,-3703346.0,False,False,False,False,False,False
512100,2025-12-01T13:31:00+08:00,"[t-60s,t)",continuous_pm,2025-12-01 13:30:00,2025-12-01 13:31:00,32010.0,2.98,2.98,2.977,2.977,59,3711600.0,29790,29800,29770,29770,0,0,False,-3679590.0,False,True,True,True,False,False
512100,2025-12-01T13:31:00+08:00,"(t-60s,t]",continuous_pm,2025-12-01 13:30:00,2025-12-01 13:31:00,32010.0,2.98,2.98,2.977,2.977,59,3711600.0,29790,29800,29770,29770,0,0,False,-3679590.0,False,True,True,True,False,False
512100,2025-12-01T13:31:00+08:00,"[t,t+60s)",continuous_pm,2025-12-01 13:31:00,2025-12-01 13:32:00,32010.0,2.98,2.98,2.977,2.977,25,1179000.0,29770,29770,29760,29770,0,0,False,-1146990.0,False,False,False,True,False,False
512100,2025-12-01T13:31:00+08:00,"(t,t+60s]",continuous_pm,2025-12-01 13:31:00,2025-12-01 13:32:00,32010.0,2.98,2.98,2.977,2.977,25,1179000.0,29770,29770,29760,29770,0,0,False,-1146990.0,False,False,False,True,False,False
512100,2025-12-01T13:32:00+08:00,"[t-60s,t)",continuous_pm,2025-12-01 13:31:00,2025-12-01 13:32:00,16896.0,2.977,2.977,2.976,2.977,25,1179000.0,29770,29770,29760,29770,0,0,False,-1162104.0,True,True,True,True,True,False
512100,2025-12-01T13:32:00+08:00,"(t-60s,t]",continuous_pm,2025-12-01 13:31:00,2025-12-01 13:32:00,16896.0,2.977,2.977,2.976,2.977,25,1179000.0,29770,29770,29760,29770,0,0,False,-1162104.0,True,True,True,True,True,False
512100,2025-12-01T13:32:00+08:00,"[t,t+60s)",continuous_pm,2025-12-01 13:32:00,2025-12-01 13:33:00,16896.0,2.977,2.977,2.976,2.977,28,2092500.0,29760,29780,29760,29770,0,0,False,-2075604.0,False,False,True,True,False,False
512100,2025-12-01T13:32:00+08:00,"(t,t+60s]",continuous_pm,2025-12-01 13:32:00,2025-12-01 13:33:00,16896.0,2.977,2.977,2.976,2.977,28,2092500.0,29760,29780,29760,29770,0,0,False,-2075604.0,False,False,True,True,False,False
512100,2025-12-01T13:33:00+08:00,"[t-60s,t)",continuous_pm,2025-12-01 13:32:00,2025-12-01 13:33:00,20925.0,2.976,2.978,2.976,2.977,28,2092500.0,29760,29780,29760,29770,0,0,False,-2071575.0,True,True,True,True,True,False
512100,2025-12-01T13:33:00+08:00,"(t-60s,t]",continuous_pm,2025-12-01 13:32:00,2025-12-01 13:33:00,20925.0,2.976,2.978,2.976,2.977,28,2092500.0,29760,29780,29760,29770,0,0,False,-2071575.0,True,True,True,True,True,False
512100,2025-12-01T13:33:00+08:00,"[t,t+60s)",continuous_pm,2025-12-01 13:33:00,2025-12-01 13:34:00,20925.0,2.976,2.978,2.976,2.977,5,55100.0,29770,29770,29770,29770,0,0,False,-34175.0,False,False,False,True,False,False
512100,2025-12-01T13:33:00+08:00,"(t,t+60s]",continuous_pm,2025-12-01 13:33:00,2025-12-01 13:34:00,20925.0,2.976,2.978,2.976,2.977,5,55100.0,29770,29770,29770,29770,0,0,False,-34175.0,False,False,False,True,False,False
512100,2025-12-01T13:34:00+08:00,"[t-60s,t)",continuous_pm,2025-12-01 13:33:00,2025-12-01 13:34:00,551.0,2.977,2.977,2.977,2.977,5,55100.0,29770,29770,29770,29770,0,0,False,-54549.0,True,True,True,True,True,False
512100,2025-12-01T13:34:00+08:00,"(t-60s,t]",continuous_pm,2025-12-01 13:33:00,2025-12-01 13:34:00,551.0,2.977,2.977,2.977,2.977,5,55100.0,29770,29770,29770,29770,0,0,False,-54549.0,True,True,True,True,True,False
512100,2025-12-01T13:34:00+08:00,"[t,t+60s)",continuous_pm,2025-12-01 13:34:00,2025-12-01 13:35:00,551.0,2.977,2.977,2.977,2.977,27,697400.0,29770,29790,29770,29780,0,0,False,-696849.0,True,False,True,False,False,False
512100,2025-12-01T13:34:00+08:00,"(t,t+60s]",continuous_pm,2025-12-01 13:34:00,2025-12-01 13:35:00,551.0,2.977,2.977,2.977,2.977,27,697400.0,29770,29790,29770,29780,0,0,False,-696849.0,True,False,True,False,False,False
512100,2025-12-01T13:35:00+08:00,"[t-60s,t)",continuous_pm,2025-12-01 13:34:00,2025-12-01 13:35:00,6974.0,2.977,2.979,2.977,2.978,27,697400.0,29770,29790,29770,29780,0,0,False,-690426.0,True,True,True,True,True,False
512100,2025-12-01T13:35:00+08:00,"(t-60s,t]",continuous_pm,2025-12-01 13:34:00,2025-12-01 13:35:00,6974.0,2.977,2.979,2.977,2.978,27,697400.0,29770,29790,29770,29780,0,0,False,-690426.0,True,True,True,True,True,False
512100,2025-12-01T13:35:00+08:00,"[t,t+60s)",continuous_pm,2025-12-01 13:35:00,2025-12-01 13:36:00,6974.0,2.977,2.979,2.977,2.978,16,1711900.0,29780,29780,29780,29780,0,0,False,-1704926.0,False,False,False,True,False,False
512100,2025-12-01T13:35:00+08:00,"(t,t+60s]",continuous_pm,2025-12-01 13:35:00,2025-12-01 13:36:00,6974.0,2.977,2.979,2.977,2.978,16,1711900.0,29780,29780,29780,29780,0,0,False,-1704926.0,False,False,False,True,False,False
512100,2025-12-01T13:36:00+08:00,"[t-60s,t)",continuous_pm,2025-12-01 13:35:00,2025-12-01 13:36:00,17119.0,2.978,2.978,2.978,2.978,16,1711900.0,29780,29780,29780,29780,0,0,False,-1694781.0,True,True,True,True,True,False
512100,2025-12-01T13:36:00+08:00,"(t-60s,t]",continuous_pm,2025-12-01 13:35:00,2025-12-01 13:36:00,17119.0,2.978,2.978,2.978,2.978,16,1711900.0,29780,29780,29780,29780,0,0,False,-1694781.0,True,True,True,True,True,False
512100,2025-12-01T13:36:00+08:00,"[t,t+60s)",continuous_pm,2025-12-01 13:36:00,2025-12-01 13:37:00,17119.0,2.978,2.978,2.978,2.978,9,125100.0,29770,29780,29770,29780,0,0,False,-107981.0,False,True,False,True,False,False
512100,2025-12-01T13:36:00+08:00,"(t,t+60s]",continuous_pm,2025-12-01 13:36:00,2025-12-01 13:37:00,17119.0,2.978,2.978,2.978,2.978,9,125100.0,29770,29780,29770,29780,0,0,False,-107981.0,False,True,False,True,False,False
512100,2025-12-01T13:37:00+08:00,"[t-60s,t)",continuous_pm,2025-12-01 13:36:00,2025-12-01 13:37:00,1251.0,2.977,2.978,2.977,2.978,9,125100.0,29770,29780,29770,29780,0,0,False,-123849.0,True,True,True,True,True,False
512100,2025-12-01T13:37:00+08:00,"(t-60s,t]",continuous_pm,2025-12-01 13:36:00,2025-12-01 13:37:00,1251.0,2.977,2.978,2.977,2.978,9,125100.0,29770,29780,29770,29780,0,0,False,-123849.0,True,True,True,True,True,False
512100,2025-12-01T13:37:00+08:00,"[t,t+60s)",continuous_pm,2025-12-01 13:37:00,2025-12-01 13:38:00,1251.0,2.977,2.978,2.977,2.978,21,909100.0,29780,29780,29780,29780,0,0,False,-907849.0,False,True,False,True,False,False
512100,2025-12-01T13:37:00+08:00,"(t,t+60s]",continuous_pm,2025-12-01 13:37:00,2025-12-01 13:38:00,1251.0,2.977,2.978,2.977,2.978,21,909100.0,29780,29780,29780,29780,0,0,False,-907849.0,False,True,False,True,False,False
512100,2025-12-01T13:38:00+08:00,"[t-60s,t)",continuous_pm,2025-12-01 13:37:00,2025-12-01 13:38:00,9091.0,2.978,2.978,2.978,2.978,21,909100.0,29780,29780,29780,29780,0,0,False,-900009.0,True,True,True,True,True,False
512100,2025-12-01T13:38:00+08:00,"(t-60s,t]",continuous_pm,2025-12-01 13:37:00,2025-12-01 13:38:00,9091.0,2.978,2.978,2.978,2.978,21,909100.0,29780,29780,29780,29780,0,0,False,-900009.0,True,True,True,True,True,False
512100,2025-12-01T13:38:00+08:00,"[t,t+60s)",continuous_pm,2025-12-01 13:38:00,2025-12-01 13:39:00,9091.0,2.978,2.978,2.978,2.978,26,1019100.0,29770,29770,29770,29770,0,0,False,-1010009.0,False,False,False,False,False,False
512100,2025-12-01T13:38:00+08:00,"(t,t+60s]",continuous_pm,2025-12-01 13:38:00,2025-12-01 13:39:00,9091.0,2.978,2.978,2.978,2.978,26,1019100.0,29770,29770,29770,29770,0,0,False,-1010009.0,False,False,False,False,False,False
512100,2025-12-01T13:39:00+08:00,"[t-60s,t)",continuous_pm,2025-12-01 13:38:00,2025-12-01 13:39:00,10191.0,2.977,2.977,2.977,2.977,26,1019100.0,29770,29770,29770,29770,0,0,False,-1008909.0,True,True,True,True,True,False
512100,2025-12-01T13:39:00+08:00,"(t-60s,t]",continuous_pm,2025-12-01 13:38:00,2025-12-01 13:39:00,10191.0,2.977,2.977,2.977,2.977,26,1019100.0,29770,29770,29770,29770,0,0,False,-1008909.0,True,True,True,True,True,False
512100,2025-12-01T13:39:00+08:00,"[t,t+60s)",continuous_pm,2025-12-01 13:39:00,2025-12-01 13:40:00,10191.0,2.977,2.977,2.977,2.977,73,2024600.0,29760,29770,29740,29770,0,0,False,-2014409.0,False,True,False,True,False,False
512100,2025-12-01T13:39:00+08:00,"(t,t+60s]",continuous_pm,2025-12-01 13:39:00,2025-12-01 13:40:00,10191.0,2.977,2.977,2.977,2.977,73,2024600.0,29760,29770,29740,29770,0,0,False,-2014409.0,False,True,False,True,False,False
512100,2025-12-01T13:40:00+08:00,"[t-60s,t)",continuous_pm,2025-12-01 13:39:00,2025-12-01 13:40:00,20246.0,2.976,2.977,2.974,2.977,73,2024600.0,29760,29770,29740,29770,0,0,False,-2004354.0,True,True,True,True,True,False
512100,2025-12-01T13:40:00+08:00,"(t-60s,t]",continuous_pm,2025-12-01 13:39:00,2025-12-01 13:40:00,20246.0,2.976,2.977,2.974,2.977,73,2024600.0,29760,29770,29740,29770,0,0,False,-2004354.0,True,True,True,True,True,False
512100,2025-12-01T13:40:00+08:00,"[t,t+60s)",continuous_pm,2025-12-01 13:40:00,2025-12-01 13:41:00,20246.0,2.976,2.977,2.974,2.977,16,161300.0,29780,29790,29780,29790,0,0,False,-141054.0,False,False,False,False,False,False
512100,2025-12-01T13:40:00+08:00,"(t,t+60s]",continuous_pm,2025-12-01 13:40:00,2025-12-01 13:41:00,20246.0,2.976,2.977,2.974,2.977,16,161300.0,29780,29790,29780,29790,0,0,False,-141054.0,False,False,False,False,False,False
512100,2025-12-01T13:41:00+08:00,"[t-60s,t)",continuous_pm,2025-12-01 13:40:00,2025-12-01 13:41:00,1613.0,2.978,2.979,2.978,2.979,16,161300.0,29780,29790,29780,29790,0,0,False,-159687.0,True,True,True,True,True,False
512100,2025-12-01T13:41:00+08:00,"(t-60s,t]",continuous_pm,2025-12-01 13:40:00,2025-12-01 13:41:00,1613.0,2.978,2.979,2.978,2.979,16,161300.0,29780,29790,29780,29790,0,0,False,-159687.0,True,True,True,True,True,False
512100,2025-12-01T13:41:00+08:00,"[t,t+60s)",continuous_pm,2025-12-01 13:41:00,2025-12-01 13:42:00,1613.0,2.978,2.979,2.978,2.979,28,232000.0,29780,29790,29780,29780,0,0,False,-230387.0,True,True,True,False,False,False
512100,2025-12-01T13:41:00+08:00,"(t,t+60s]",continuous_pm,2025-12-01 13:41:00,2025-12-01 13:42:00,1613.0,2.978,2.979,2.978,2.979,28,232000.0,29780,29790,29780,29780,0,0,False,-230387.0,True,True,True,False,False,False
512100,2025-12-01T13:42:00+08:00,"[t-60s,t)",continuous_pm,2025-12-01 13:41:00,2025-12-01 13:42:00,2320.0,2.979,2.979,2.978,2.978,28,232000.0,29780,29790,29780,29780,0,0,False,-229680.0,False,True,True,True,False,False
512100,2025-12-01T13:42:00+08:00,"(t-60s,t]",continuous_pm,2025-12-01 13:41:00,2025-12-01 13:42:00,2320.0,2.979,2.979,2.978,2.978,28,232000.0,29780,29790,29780,29780,0,0,False,-229680.0,False,True,True,True,False,False
512100,2025-12-01T13:42:00+08:00,"[t,t+60s)",continuous_pm,2025-12-01 13:42:00,2025-12-01 13:43:00,2320.0,2.979,2.979,2.978,2.978,22,334000.0,29770,29780,29770,29770,0,0,False,-331680.0,False,False,False,False,False,False
512100,2025-12-01T13:42:00+08:00,"(t,t+60s]",continuous_pm,2025-12-01 13:42:00,2025-12-01 13:43:00,2320.0,2.979,2.979,2.978,2.978,22,334000.0,29770,29780,29770,29770,0,0,False,-331680.0,False,False,False,False,False,False
512100,2025-12-01T13:43:00+08:00,"[t-60s,t)",continuous_pm,2025-12-01 13:42:00,2025-12-01 13:43:00,1476.0,2.977,2.978,2.977,2.977,22,334000.0,29770,29780,29770,29770,0,0,False,-332524.0,True,True,True,True,True,False
512100,2025-12-01T13:43:00+08:00,"(t-60s,t]",continuous_pm,2025-12-01 13:42:00,2025-12-01 13:43:00,1476.0,2.977,2.978,2.977,2.977,22,334000.0,29770,29780,29770,29770,0,0,False,-332524.0,True,True,True,True,True,False
512100,2025-12-01T13:43:00+08:00,"[t,t+60s)",continuous_pm,2025-12-01 13:43:00,2025-12-01 13:44:00,1476.0,2.977,2.978,2.977,2.977,5,13400.0,29770,29770,29760,29760,0,0,False,-11924.0,True,False,False,False,False,False
512100,2025-12-01T13:43:00+08:00,"(t,t+60s]",continuous_pm,2025-12-01 13:43:00,2025-12-01 13:44:00,1476.0,2.977,2.978,2.977,2.977,5,13400.0,29770,29770,29760,29760,0,0,False,-11924.0,True,False,False,False,False,False
512100,2025-12-01T13:44:00+08:00,"[t-60s,t)",continuous_pm,2025-12-01 13:43:00,2025-12-01 13:44:00,1998.0,2.977,2.977,2.976,2.976,5,13400.0,29770,29770,29760,29760,0,0,False,-11402.0,True,True,True,True,True,False
512100,2025-12-01T13:44:00+08:00,"(t-60s,t]",continuous_pm,2025-12-01 13:43:00,2025-12-01 13:44:00,1998.0,2.977,2.977,2.976,2.976,5,13400.0,29770,29770,29760,29760,0,0,False,-11402.0,True,True,True,True,True,False
512100,2025-12-01T13:44:00+08:00,"[t,t+60s)",continuous_pm,2025-12-01 13:44:00,2025-12-01 13:45:00,1998.0,2.977,2.977,2.976,2.976,22,2373600.0,29760,29770,29760,29770,0,0,False,-2371602.0,False,True,True,False,False,False
512100,2025-12-01T13:44:00+08:00,"(t,t+60s]",continuous_pm,2025-12-01 13:44:00,2025-12-01 13:45:00,1998.0,2.977,2.977,2.976,2.976,22,2373600.0,29760,29770,29760,29770,0,0,False,-2371602.0,False,True,True,False,False,False
512100,2025-12-01T13:45:00+08:00,"[t-60s,t)",continuous_pm,2025-12-01 13:44:00,2025-12-01 13:45:00,23736.0,2.976,2.977,2.976,2.977,22,2373600.0,29760,29770,29760,29770,0,0,False,-2349864.0,True,True,True,True,True,False
512100,2025-12-01T13:45:00+08:00,"(t-60s,t]",continuous_pm,2025-12-01 13:44:00,2025-12-01 13:45:00,23736.0,2.976,2.977,2.976,2.977,22,2373600.0,29760,29770,29760,29770,0,0,False,-2349864.0,True,True,True,True,True,False
512100,2025-12-01T13:45:00+08:00,"[t,t+60s)",continuous_pm,2025-12-01 13:45:00,2025-12-01 13:46:00,23736.0,2.976,2.977,2.976,2.977,24,1174600.0,29770,29770,29760,29770,0,0,False,-1150864.0,False,True,True,True,False,False
512100,2025-12-01T13:45:00+08:00,"(t,t+60s]",continuous_pm,2025-12-01 13:45:00,2025-12-01 13:46:00,23736.0,2.976,2.977,2.976,2.977,24,1174600.0,29770,29770,29760,29770,0,0,False,-1150864.0,False,True,True,True,False,False
512100,2025-12-01T13:46:00+08:00,"[t-60s,t)",continuous_pm,2025-12-01 13:45:00,2025-12-01 13:46:00,11746.0,2.977,2.977,2.976,2.977,24,1174600.0,29770,29770,29760,29770,0,0,False,-1162854.0,True,True,True,True,True,False
512100,2025-12-01T13:46:00+08:00,"(t-60s,t]",continuous_pm,2025-12-01 13:45:00,2025-12-01 13:46:00,11746.0,2.977,2.977,2.976,2.977,24,1174600.0,29770,29770,29760,29770,0,0,False,-1162854.0,True,True,True,True,True,False
512100,2025-12-01T13:46:00+08:00,"[t,t+60s)",continuous_pm,2025-12-01 13:46:00,2025-12-01 13:47:00,11746.0,2.977,2.977,2.976,2.977,27,2692800.0,29770,29780,29760,29780,0,0,False,-2681054.0,True,False,True,False,False,False
512100,2025-12-01T13:46:00+08:00,"(t,t+60s]",continuous_pm,2025-12-01 13:46:00,2025-12-01 13:47:00,11746.0,2.977,2.977,2.976,2.977,27,2692800.0,29770,29780,29760,29780,0,0,False,-2681054.0,True,False,True,False,False,False
512100,2025-12-01T13:47:00+08:00,"[t-60s,t)",continuous_pm,2025-12-01 13:46:00,2025-12-01 13:47:00,26928.0,2.977,2.978,2.976,2.978,27,2692800.0,29770,29780,29760,29780,0,0,False,-2665872.0,True,True,True,True,True,False
512100,2025-12-01T13:47:00+08:00,"(t-60s,t]",continuous_pm,2025-12-01 13:46:00,2025-12-01 13:47:00,26928.0,2.977,2.978,2.976,2.978,27,2692800.0,29770,29780,29760,29780,0,0,False,-2665872.0,True,True,True,True,True,False
512100,2025-12-01T13:47:00+08:00,"[t,t+60s)",continuous_pm,2025-12-01 13:47:00,2025-12-01 13:48:00,26928.0,2.977,2.978,2.976,2.978,22,2696500.0,29770,29790,29770,29780,0,0,False,-2669572.0,True,False,False,True,False,False
512100,2025-12-01T13:47:00+08:00,"(t,t+60s]",continuous_pm,2025-12-01 13:47:00,2025-12-01 13:48:00,26928.0,2.977,2.978,2.976,2.978,22,2696500.0,29770,29790,29770,29780,0,0,False,-2669572.0,True,False,False,True,False,False
512100,2025-12-01T13:48:00+08:00,"[t-60s,t)",continuous_pm,2025-12-01 13:47:00,2025-12-01 13:48:00,26965.0,2.977,2.979,2.977,2.978,22,2696500.0,29770,29790,29770,29780,0,0,False,-2669535.0,True,True,True,True,True,False
512100,2025-12-01T13:48:00+08:00,"(t-60s,t]",continuous_pm,2025-12-01 13:47:00,2025-12-01 13:48:00,26965.0,2.977,2.979,2.977,2.978,22,2696500.0,29770,29790,29770,29780,0,0,False,-2669535.0,True,True,True,True,True,False
512100,2025-12-01T13:48:00+08:00,"[t,t+60s)",continuous_pm,2025-12-01 13:48:00,2025-12-01 13:49:00,26965.0,2.977,2.979,2.977,2.978,27,1250700.0,29780,29790,29780,29790,0,0,False,-1223735.0,False,True,False,False,False,False
512100,2025-12-01T13:48:00+08:00,"(t,t+60s]",continuous_pm,2025-12-01 13:48:00,2025-12-01 13:49:00,26965.0,2.977,2.979,2.977,2.978,27,1250700.0,29780,29790,29780,29790,0,0,False,-1223735.0,False,True,False,False,False,False
512100,2025-12-01T13:49:00+08:00,"[t-60s,t)",continuous_pm,2025-12-01 13:48:00,2025-12-01 13:49:00,12507.0,2.978,2.979,2.978,2.979,27,1250700.0,29780,29790,29780,29790,0,0,False,-1238193.0,True,True,True,True,True,False
512100,2025-12-01T13:49:00+08:00,"(t-60s,t]",continuous_pm,2025-12-01 13:48:00,2025-12-01 13:49:00,12507.0,2.978,2.979,2.978,2.979,27,1250700.0,29780,29790,29780,29790,0,0,False,-1238193.0,True,True,True,True,True,False
512100,2025-12-01T13:49:00+08:00,"[t,t+60s)",continuous_pm,2025-12-01 13:49:00,2025-12-01 13:50:00,12507.0,2.978,2.979,2.978,2.979,14,1116000.0,29790,29800,29790,29800,0,0,False,-1103493.0,False,False,False,False,False,False
512100,2025-12-01T13:49:00+08:00,"(t,t+60s]",continuous_pm,2025-12-01 13:49:00,2025-12-01 13:50:00,12507.0,2.978,2.979,2.978,2.979,14,1116000.0,29790,29800,29790,29800,0,0,False,-1103493.0,False,False,False,False,False,False
512100,2025-12-01T13:50:00+08:00,"[t-60s,t)",continuous_pm,2025-12-01 13:49:00,2025-12-01 13:50:00,11160.0,2.979,2.98,2.979,2.98,14,1116000.0,29790,29800,29790,29800,0,0,False,-1104840.0,True,True,True,True,True,False
512100,2025-12-01T13:50:00+08:00,"(t-60s,t]",continuous_pm,2025-12-01 13:49:00,2025-12-01 13:50:00,11160.0,2.979,2.98,2.979,2.98,14,1116000.0,29790,29800,29790,29800,0,0,False,-1104840.0,True,True,True,True,True,False
512100,2025-12-01T13:50:00+08:00,"[t,t+60s)",continuous_pm,2025-12-01 13:50:00,2025-12-01 13:51:00,11160.0,2.979,2.98,2.979,2.98,27,1595300.0,29800,29810,29800,29810,0,0,False,-1584140.0,False,False,False,False,False,False
512100,2025-12-01T13:50:00+08:00,"(t,t+60s]",continuous_pm,2025-12-01 13:50:00,2025-12-01 13:51:00,11160.0,2.979,2.98,2.979,2.98,27,1595300.0,29800,29810,29800,29810,0,0,False,-1584140.0,False,False,False,False,False,False
512100,2025-12-01T13:51:00+08:00,"[t-60s,t)",continuous_pm,2025-12-01 13:50:00,2025-12-01 13:51:00,15953.0,2.98,2.981,2.98,2.981,27,1595300.0,29800,29810,29800,29810,0,0,False,-1579347.0,True,True,True,True,True,False
512100,2025-12-01T13:51:00+08:00,"(t-60s,t]",continuous_pm,2025-12-01 13:50:00,2025-12-01 13:51:00,15953.0,2.98,2.981,2.98,2.981,27,1595300.0,29800,29810,29800,29810,0,0,False,-1579347.0,True,True,True,True,True,False
512100,2025-12-01T13:51:00+08:00,"[t,t+60s)",continuous_pm,2025-12-01 13:51:00,2025-12-01 13:52:00,15953.0,2.98,2.981,2.98,2.981,21,2315000.0,29810,29820,29800,29820,0,0,False,-2299047.0,False,False,True,False,False,False
512100,2025-12-01T13:51:00+08:00,"(t,t+60s]",continuous_pm,2025-12-01 13:51:00,2025-12-01 13:52:00,15953.0,2.98,2.981,2.98,2.981,21,2315000.0,29810,29820,29800,29820,0,0,False,-2299047.0,False,False,True,False,False,False
512100,2025-12-01T13:52:00+08:00,"[t-60s,t)",continuous_pm,2025-12-01 13:51:00,2025-12-01 13:52:00,23150.0,2.981,2.982,2.98,2.982,21,2315000.0,29810,29820,29800,29820,0,0,False,-2291850.0,True,True,True,True,True,False
512100,2025-12-01T13:52:00+08:00,"(t-60s,t]",continuous_pm,2025-12-01 13:51:00,2025-12-01 13:52:00,23150.0,2.981,2.982,2.98,2.982,21,2315000.0,29810,29820,29800,29820,0,0,False,-2291850.0,True,True,True,True,True,False
512100,2025-12-01T13:52:00+08:00,"[t,t+60s)",continuous_pm,2025-12-01 13:52:00,2025-12-01 13:53:00,23150.0,2.981,2.982,2.98,2.982,27,660000.0,29820,29820,29810,29810,0,0,False,-636850.0,False,True,False,False,False,False
512100,2025-12-01T13:52:00+08:00,"(t,t+60s]",continuous_pm,2025-12-01 13:52:00,2025-12-01 13:53:00,23150.0,2.981,2.982,2.98,2.982,27,660000.0,29820,29820,29810,29810,0,0,False,-636850.0,False,True,False,False,False,False
512100,2025-12-01T13:53:00+08:00,"[t-60s,t)",continuous_pm,2025-12-01 13:52:00,2025-12-01 13:53:00,6600.0,2.982,2.982,2.981,2.981,27,660000.0,29820,29820,29810,29810,0,0,False,-653400.0,True,True,True,True,True,False
512100,2025-12-01T13:53:00+08:00,"(t-60s,t]",continuous_pm,2025-12-01 13:52:00,2025-12-01 13:53:00,6600.0,2.982,2.982,2.981,2.981,27,660000.0,29820,29820,29810,29810,0,0,False,-653400.0,True,True,True,True,True,False
512100,2025-12-01T13:53:00+08:00,"[t,t+60s)",continuous_pm,2025-12-01 13:53:00,2025-12-01 13:54:00,6600.0,2.982,2.982,2.981,2.981,51,1782400.0,29810,29810,29790,29790,0,0,False,-1775800.0,False,False,False,False,False,False
512100,2025-12-01T13:53:00+08:00,"(t,t+60s]",continuous_pm,2025-12-01 13:53:00,2025-12-01 13:54:00,6600.0,2.982,2.982,2.981,2.981,51,1782400.0,29810,29810,29790,29790,0,0,False,-1775800.0,False,False,False,False,False,False
512100,2025-12-01T13:54:00+08:00,"[t-60s,t)",continuous_pm,2025-12-01 13:53:00,2025-12-01 13:54:00,12562.0,2.981,2.981,2.979,2.979,51,1782400.0,29810,29810,29790,29790,0,0,False,-1769838.0,True,True,True,True,True,False
512100,2025-12-01T13:54:00+08:00,"(t-60s,t]",continuous_pm,2025-12-01 13:53:00,2025-12-01 13:54:00,12562.0,2.981,2.981,2.979,2.979,51,1782400.0,29810,29810,29790,29790,0,0,False,-1769838.0,True,True,True,True,True,False
512100,2025-12-01T13:54:00+08:00,"[t,t+60s)",continuous_pm,2025-12-01 13:54:00,2025-12-01 13:55:00,12562.0,2.981,2.981,2.979,2.979,17,1509000.0,29780,29790,29780,29790,0,0,False,-1496438.0,False,False,False,True,False,False
512100,2025-12-01T13:54:00+08:00,"(t,t+60s]",continuous_pm,2025-12-01 13:54:00,2025-12-01 13:55:00,12562.0,2.981,2.981,2.979,2.979,17,1509000.0,29780,29790,29780,29790,0,0,False,-1496438.0,False,False,False,True,False,False
512100,2025-12-01T13:55:00+08:00,"[t-60s,t)",continuous_pm,2025-12-01 13:54:00,2025-12-01 13:55:00,20352.0,2.979,2.979,2.978,2.979,17,1509000.0,29780,29790,29780,29790,0,0,False,-1488648.0,False,True,True,True,False,False
512100,2025-12-01T13:55:00+08:00,"(t-60s,t]",continuous_pm,2025-12-01 13:54:00,2025-12-01 13:55:00,20352.0,2.979,2.979,2.978,2.979,17,1509000.0,29780,29790,29780,29790,0,0,False,-1488648.0,False,True,True,True,False,False
512100,2025-12-01T13:55:00+08:00,"[t,t+60s)",continuous_pm,2025-12-01 13:55:00,2025-12-01 13:56:00,20352.0,2.979,2.979,2.978,2.979,10,1238300.0,29790,29800,29780,29800,0,0,False,-1217948.0,True,False,True,False,False,False
512100,2025-12-01T13:55:00+08:00,"(t,t+60s]",continuous_pm,2025-12-01 13:55:00,2025-12-01 13:56:00,20352.0,2.979,2.979,2.978,2.979,10,1238300.0,29790,29800,29780,29800,0,0,False,-1217948.0,True,False,True,False,False,False
512100,2025-12-01T13:56:00+08:00,"[t-60s,t)",continuous_pm,2025-12-01 13:55:00,2025-12-01 13:56:00,12383.0,2.979,2.98,2.978,2.98,10,1238300.0,29790,29800,29780,29800,0,0,False,-1225917.0,True,True,True,True,True,False
512100,2025-12-01T13:56:00+08:00,"(t-60s,t]",continuous_pm,2025-12-01 13:55:00,2025-12-01 13:56:00,12383.0,2.979,2.98,2.978,2.98,10,1238300.0,29790,29800,29780,29800,0,0,False,-1225917.0,True,True,True,True,True,False
512100,2025-12-01T13:56:00+08:00,"[t,t+60s)",continuous_pm,2025-12-01 13:56:00,2025-12-01 13:57:00,12383.0,2.979,2.98,2.978,2.98,6,42100.0,29800,29800,29790,29790,0,0,False,-29717.0,False,True,False,False,False,False
512100,2025-12-01T13:56:00+08:00,"(t,t+60s]",continuous_pm,2025-12-01 13:56:00,2025-12-01 13:57:00,12383.0,2.979,2.98,2.978,2.98,6,42100.0,29800,29800,29790,29790,0,0,False,-29717.0,False,True,False,False,False,False
512100,2025-12-01T13:57:00+08:00,"[t-60s,t)",continuous_pm,2025-12-01 13:56:00,2025-12-01 13:57:00,421.0,2.98,2.98,2.979,2.979,6,42100.0,29800,29800,29790,29790,0,0,False,-41679.0,True,True,True,True,True,False
512100,2025-12-01T13:57:00+08:00,"(t-60s,t]",continuous_pm,2025-12-01 13:56:00,2025-12-01 13:57:00,421.0,2.98,2.98,2.979,2.979,6,42100.0,29800,29800,29790,29790,0,0,False,-41679.0,True,True,True,True,True,False
512100,2025-12-01T13:57:00+08:00,"[t,t+60s)",continuous_pm,2025-12-01 13:57:00,2025-12-01 13:58:00,421.0,2.98,2.98,2.979,2.979,29,1551400.0,29780,29790,29770,29790,0,0,False,-1550979.0,False,False,False,True,False,False
512100,2025-12-01T13:57:00+08:00,"(t,t+60s]",continuous_pm,2025-12-01 13:57:00,2025-12-01 13:58:00,421.0,2.98,2.98,2.979,2.979,29,1551400.0,29780,29790,29770,29790,0,0,False,-1550979.0,False,False,False,True,False,False
512100,2025-12-01T13:58:00+08:00,"[t-60s,t)",continuous_pm,2025-12-01 13:57:00,2025-12-01 13:58:00,15514.0,2.978,2.979,2.977,2.979,29,1551400.0,29780,29790,29770,29790,0,0,False,-1535886.0,True,True,True,True,True,False
512100,2025-12-01T13:58:00+08:00,"(t-60s,t]",continuous_pm,2025-12-01 13:57:00,2025-12-01 13:58:00,15514.0,2.978,2.979,2.977,2.979,29,1551400.0,29780,29790,29770,29790,0,0,False,-1535886.0,True,True,True,True,True,False
512100,2025-12-01T13:58:00+08:00,"[t,t+60s)",continuous_pm,2025-12-01 13:58:00,2025-12-01 13:59:00,15514.0,2.978,2.979,2.977,2.979,7,11900.0,29790,29790,29780,29790,0,0,False,3614.0,False,True,False,True,False,False
512100,2025-12-01T13:58:00+08:00,"(t,t+60s]",continuous_pm,2025-12-01 13:58:00,2025-12-01 13:59:00,15514.0,2.978,2.979,2.977,2.979,7,11900.0,29790,29790,29780,29790,0,0,False,3614.0,False,True,False,True,False,False
512100,2025-12-01T13:59:00+08:00,"[t-60s,t)",continuous_pm,2025-12-01 13:58:00,2025-12-01 13:59:00,119.0,2.979,2.979,2.978,2.979,7,11900.0,29790,29790,29780,29790,0,0,False,-11781.0,True,True,True,True,True,False
512100,2025-12-01T13:59:00+08:00,"(t-60s,t]",continuous_pm,2025-12-01 13:58:00,2025-12-01 13:59:00,119.0,2.979,2.979,2.978,2.979,7,11900.0,29790,29790,29780,29790,0,0,False,-11781.0,True,True,True,True,True,False
512100,2025-12-01T13:59:00+08:00,"[t,t+60s)",continuous_pm,2025-12-01 13:59:00,2025-12-01 14:00:00,119.0,2.979,2.979,2.978,2.979,36,3354200.0,29790,29800,29780,29790,0,0,False,-3354081.0,True,False,True,True,False,False
512100,2025-12-01T13:59:00+08:00,"(t,t+60s]",continuous_pm,2025-12-01 13:59:00,2025-12-01 14:00:00,119.0,2.979,2.979,2.978,2.979,36,3354200.0,29790,29800,29780,29790,0,0,False,-3354081.0,True,False,True,True,False,False
512100,2025-12-01T14:00:00+08:00,"[t-60s,t)",continuous_pm,2025-12-01 13:59:00,2025-12-01 14:00:00,33542.0,2.979,2.98,2.978,2.979,36,3354200.0,29790,29800,29780,29790,0,0,False,-3320658.0,True,True,True,True,True,False
512100,2025-12-01T14:00:00+08:00,"(t-60s,t]",continuous_pm,2025-12-01 13:59:00,2025-12-01 14:00:00,33542.0,2.979,2.98,2.978,2.979,36,3354200.0,29790,29800,29780,29790,0,0,False,-3320658.0,True,True,True,True,True,False
512100,2025-12-01T14:00:00+08:00,"[t,t+60s)",continuous_pm,2025-12-01 14:00:00,2025-12-01 14:01:00,33542.0,2.979,2.98,2.978,2.979,41,3876100.0,29800,29820,29800,29820,0,0,False,-3842558.0,False,False,False,False,False,False
512100,2025-12-01T14:00:00+08:00,"(t,t+60s]",continuous_pm,2025-12-01 14:00:00,2025-12-01 14:01:00,33542.0,2.979,2.98,2.978,2.979,41,3876100.0,29800,29820,29800,29820,0,0,False,-3842558.0,False,False,False,False,False,False
512100,2025-12-01T14:01:00+08:00,"[t-60s,t)",continuous_pm,2025-12-01 14:00:00,2025-12-01 14:01:00,38761.0,2.98,2.982,2.98,2.982,41,3876100.0,29800,29820,29800,29820,0,0,False,-3837339.0,True,True,True,True,True,False
512100,2025-12-01T14:01:00+08:00,"(t-60s,t]",continuous_pm,2025-12-01 14:00:00,2025-12-01 14:01:00,38761.0,2.98,2.982,2.98,2.982,41,3876100.0,29800,29820,29800,29820,0,0,False,-3837339.0,True,True,True,True,True,False
512100,2025-12-01T14:01:00+08:00,"[t,t+60s)",continuous_pm,2025-12-01 14:01:00,2025-12-01 14:02:00,38761.0,2.98,2.982,2.98,2.982,36,419300.0,29810,29830,29810,29810,0,0,False,-380539.0,False,False,False,False,False,False
512100,2025-12-01T14:01:00+08:00,"(t,t+60s]",continuous_pm,2025-12-01 14:01:00,2025-12-01 14:02:00,38761.0,2.98,2.982,2.98,2.982,36,419300.0,29810,29830,29810,29810,0,0,False,-380539.0,False,False,False,False,False,False
512100,2025-12-01T14:02:00+08:00,"[t-60s,t)",continuous_pm,2025-12-01 14:01:00,2025-12-01 14:02:00,4187.0,2.982,2.983,2.981,2.981,36,419300.0,29810,29830,29810,29810,0,0,False,-415113.0,False,True,True,True,False,False
512100,2025-12-01T14:02:00+08:00,"(t-60s,t]",continuous_pm,2025-12-01 14:01:00,2025-12-01 14:02:00,4187.0,2.982,2.983,2.981,2.981,36,419300.0,29810,29830,29810,29810,0,0,False,-415113.0,False,True,True,True,False,False
512100,2025-12-01T14:02:00+08:00,"[t,t+60s)",continuous_pm,2025-12-01 14:02:00,2025-12-01 14:03:00,4187.0,2.982,2.983,2.981,2.981,29,1186200.0,29810,29810,29780,29790,0,0,False,-1182013.0,False,False,False,False,False,False
512100,2025-12-01T14:02:00+08:00,"(t,t+60s]",continuous_pm,2025-12-01 14:02:00,2025-12-01 14:03:00,4187.0,2.982,2.983,2.981,2.981,29,1186200.0,29810,29810,29780,29790,0,0,False,-1182013.0,False,False,False,False,False,False
512100,2025-12-01T14:03:00+08:00,"[t-60s,t)",continuous_pm,2025-12-01 14:02:00,2025-12-01 14:03:00,11868.0,2.981,2.981,2.978,2.979,29,1186200.0,29810,29810,29780,29790,0,0,False,-1174332.0,True,True,True,True,True,False
512100,2025-12-01T14:03:00+08:00,"(t-60s,t]",continuous_pm,2025-12-01 14:02:00,2025-12-01 14:03:00,11868.0,2.981,2.981,2.978,2.979,29,1186200.0,29810,29810,29780,29790,0,0,False,-1174332.0,True,True,True,True,True,False
512100,2025-12-01T14:03:00+08:00,"[t,t+60s)",continuous_pm,2025-12-01 14:03:00,2025-12-01 14:04:00,11868.0,2.981,2.981,2.978,2.979,20,1968200.0,29800,29810,29800,29810,0,0,False,-1956332.0,False,True,False,False,False,False
512100,2025-12-01T14:03:00+08:00,"(t,t+60s]",continuous_pm,2025-12-01 14:03:00,2025-12-01 14:04:00,11868.0,2.981,2.981,2.978,2.979,20,1968200.0,29800,29810,29800,29810,0,0,False,-1956332.0,False,True,False,False,False,False
512100,2025-12-01T14:04:00+08:00,"[t-60s,t)",continuous_pm,2025-12-01 14:03:00,2025-12-01 14:04:00,19682.0,2.98,2.981,2.98,2.981,20,1968200.0,29800,29810,29800,29810,0,0,False,-1948518.0,True,True,True,True,True,False
512100,2025-12-01T14:04:00+08:00,"(t-60s,t]",continuous_pm,2025-12-01 14:03:00,2025-12-01 14:04:00,19682.0,2.98,2.981,2.98,2.981,20,1968200.0,29800,29810,29800,29810,0,0,False,-1948518.0,True,True,True,True,True,False
512100,2025-12-01T14:04:00+08:00,"[t,t+60s)",continuous_pm,2025-12-01 14:04:00,2025-12-01 14:05:00,19682.0,2.98,2.981,2.98,2.981,33,2831000.0,29810,29820,29800,29810,0,0,False,-2811318.0,False,False,True,True,False,False
512100,2025-12-01T14:04:00+08:00,"(t,t+60s]",continuous_pm,2025-12-01 14:04:00,2025-12-01 14:05:00,19682.0,2.98,2.981,2.98,2.981,33,2831000.0,29810,29820,29800,29810,0,0,False,-2811318.0,False,False,True,True,False,False
512100,2025-12-01T14:05:00+08:00,"[t-60s,t)",continuous_pm,2025-12-01 14:04:00,2025-12-01 14:05:00,28310.0,2.981,2.982,2.98,2.981,33,2831000.0,29810,29820,29800,29810,0,0,False,-2802690.0,True,True,True,True,True,False
512100,2025-12-01T14:05:00+08:00,"(t-60s,t]",continuous_pm,2025-12-01 14:04:00,2025-12-01 14:05:00,28310.0,2.981,2.982,2.98,2.981,33,2831000.0,29810,29820,29800,29810,0,0,False,-2802690.0,True,True,True,True,True,False
512100,2025-12-01T14:05:00+08:00,"[t,t+60s)",continuous_pm,2025-12-01 14:05:00,2025-12-01 14:06:00,28310.0,2.981,2.982,2.98,2.981,15,204000.0,29820,29820,29800,29810,0,0,False,-175690.0,False,True,True,True,False,False
512100,2025-12-01T14:05:00+08:00,"(t,t+60s]",continuous_pm,2025-12-01 14:05:00,2025-12-01 14:06:00,28310.0,2.981,2.982,2.98,2.981,15,204000.0,29820,29820,29800,29810,0,0,False,-175690.0,False,True,True,True,False,False
512100,2025-12-01T14:06:00+08:00,"[t-60s,t)",continuous_pm,2025-12-01 14:05:00,2025-12-01 14:06:00,2040.0,2.982,2.982,2.98,2.981,15,204000.0,29820,29820,29800,29810,0,0,False,-201960.0,True,True,True,True,True,False
512100,2025-12-01T14:06:00+08:00,"(t-60s,t]",continuous_pm,2025-12-01 14:05:00,2025-12-01 14:06:00,2040.0,2.982,2.982,2.98,2.981,15,204000.0,29820,29820,29800,29810,0,0,False,-201960.0,True,True,True,True,True,False
512100,2025-12-01T14:06:00+08:00,"[t,t+60s)",continuous_pm,2025-12-01 14:06:00,2025-12-01 14:07:00,2040.0,2.982,2.982,2.98,2.981,22,2342100.0,29810,29820,29810,29820,0,0,False,-2340060.0,False,True,False,False,False,False
512100,2025-12-01T14:06:00+08:00,"(t,t+60s]",continuous_pm,2025-12-01 14:06:00,2025-12-01 14:07:00,2040.0,2.982,2.982,2.98,2.981,22,2342100.0,29810,29820,29810,29820,0,0,False,-2340060.0,False,True,False,False,False,False
512100,2025-12-01T14:07:00+08:00,"[t-60s,t)",continuous_pm,2025-12-01 14:06:00,2025-12-01 14:07:00,23421.0,2.982,2.982,2.981,2.982,22,2342100.0,29810,29820,29810,29820,0,0,False,-2318679.0,False,True,True,True,False,False
512100,2025-12-01T14:07:00+08:00,"(t-60s,t]",continuous_pm,2025-12-01 14:06:00,2025-12-01 14:07:00,23421.0,2.982,2.982,2.981,2.982,22,2342100.0,29810,29820,29810,29820,0,0,False,-2318679.0,False,True,True,True,False,False
512100,2025-12-01T14:07:00+08:00,"[t,t+60s)",continuous_pm,2025-12-01 14:07:00,2025-12-01 14:08:00,23421.0,2.982,2.982,2.981,2.982,81,4988400.0,29820,29820,29790,29820,0,0,False,-4964979.0,True,True,False,True,False,False
512100,2025-12-01T14:07:00+08:00,"(t,t+60s]",continuous_pm,2025-12-01 14:07:00,2025-12-01 14:08:00,23421.0,2.982,2.982,2.981,2.982,81,4988400.0,29820,29820,29790,29820,0,0,False,-4964979.0,True,True,False,True,False,False
512100,2025-12-01T14:08:00+08:00,"[t-60s,t)",continuous_pm,2025-12-01 14:07:00,2025-12-01 14:08:00,49884.0,2.982,2.982,2.979,2.982,81,4988400.0,29820,29820,29790,29820,0,0,False,-4938516.0,True,True,True,True,True,False
512100,2025-12-01T14:08:00+08:00,"(t-60s,t]",continuous_pm,2025-12-01 14:07:00,2025-12-01 14:08:00,49884.0,2.982,2.982,2.979,2.982,81,4988400.0,29820,29820,29790,29820,0,0,False,-4938516.0,True,True,True,True,True,False
512100,2025-12-01T14:08:00+08:00,"[t,t+60s)",continuous_pm,2025-12-01 14:08:00,2025-12-01 14:09:00,49884.0,2.982,2.982,2.979,2.982,27,1538600.0,29820,29830,29810,29820,0,0,False,-1488716.0,True,False,False,True,False,False
512100,2025-12-01T14:08:00+08:00,"(t,t+60s]",continuous_pm,2025-12-01 14:08:00,2025-12-01 14:09:00,49884.0,2.982,2.982,2.979,2.982,27,1538600.0,29820,29830,29810,29820,0,0,False,-1488716.0,True,False,False,True,False,False
512100,2025-12-01T14:09:00+08:00,"[t-60s,t)",continuous_pm,2025-12-01 14:08:00,2025-12-01 14:09:00,15386.0,2.981,2.983,2.981,2.982,27,1538600.0,29820,29830,29810,29820,0,0,False,-1523214.0,False,True,True,True,False,False
512100,2025-12-01T14:09:00+08:00,"(t-60s,t]",continuous_pm,2025-12-01 14:08:00,2025-12-01 14:09:00,15386.0,2.981,2.983,2.981,2.982,27,1538600.0,29820,29830,29810,29820,0,0,False,-1523214.0,False,True,True,True,False,False
512100,2025-12-01T14:09:00+08:00,"[t,t+60s)",continuous_pm,2025-12-01 14:09:00,2025-12-01 14:10:00,15386.0,2.981,2.983,2.981,2.982,14,644900.0,29820,29820,29800,29800,0,0,False,-629514.0,False,False,False,False,False,False
512100,2025-12-01T14:09:00+08:00,"(t,t+60s]",continuous_pm,2025-12-01 14:09:00,2025-12-01 14:10:00,15386.0,2.981,2.983,2.981,2.982,14,644900.0,29820,29820,29800,29800,0,0,False,-629514.0,False,False,False,False,False,False
512100,2025-12-01T14:10:00+08:00,"[t-60s,t)",continuous_pm,2025-12-01 14:09:00,2025-12-01 14:10:00,6449.0,2.982,2.982,2.98,2.98,14,644900.0,29820,29820,29800,29800,0,0,False,-638451.0,True,True,True,True,True,False
512100,2025-12-01T14:10:00+08:00,"(t-60s,t]",continuous_pm,2025-12-01 14:09:00,2025-12-01 14:10:00,6449.0,2.982,2.982,2.98,2.98,14,644900.0,29820,29820,29800,29800,0,0,False,-638451.0,True,True,True,True,True,False
512100,2025-12-01T14:10:00+08:00,"[t,t+60s)",continuous_pm,2025-12-01 14:10:00,2025-12-01 14:11:00,6449.0,2.982,2.982,2.98,2.98,17,1427400.0,29800,29810,29800,29810,0,0,False,-1420951.0,False,False,True,False,False,False
512100,2025-12-01T14:10:00+08:00,"(t,t+60s]",continuous_pm,2025-12-01 14:10:00,2025-12-01 14:11:00,6449.0,2.982,2.982,2.98,2.98,17,1427400.0,29800,29810,29800,29810,0,0,False,-1420951.0,False,False,True,False,False,False
512100,2025-12-01T14:11:00+08:00,"[t-60s,t)",continuous_pm,2025-12-01 14:10:00,2025-12-01 14:11:00,14274.0,2.98,2.981,2.98,2.981,17,1427400.0,29800,29810,29800,29810,0,0,False,-1413126.0,True,True,True,True,True,False
512100,2025-12-01T14:11:00+08:00,"(t-60s,t]",continuous_pm,2025-12-01 14:10:00,2025-12-01 14:11:00,14274.0,2.98,2.981,2.98,2.981,17,1427400.0,29800,29810,29800,29810,0,0,False,-1413126.0,True,True,True,True,True,False
512100,2025-12-01T14:11:00+08:00,"[t,t+60s)",continuous_pm,2025-12-01 14:11:00,2025-12-01 14:12:00,14274.0,2.98,2.981,2.98,2.981,26,1845700.0,29810,29830,29810,29820,0,0,False,-1831426.0,False,False,False,False,False,False
512100,2025-12-01T14:11:00+08:00,"(t,t+60s]",continuous_pm,2025-12-01 14:11:00,2025-12-01 14:12:00,14274.0,2.98,2.981,2.98,2.981,26,1845700.0,29810,29830,29810,29820,0,0,False,-1831426.0,False,False,False,False,False,False
512100,2025-12-01T14:12:00+08:00,"[t-60s,t)",continuous_pm,2025-12-01 14:11:00,2025-12-01 14:12:00,18457.0,2.981,2.983,2.981,2.982,26,1845700.0,29810,29830,29810,29820,0,0,False,-1827243.0,True,True,True,True,True,False
512100,2025-12-01T14:12:00+08:00,"(t-60s,t]",continuous_pm,2025-12-01 14:11:00,2025-12-01 14:12:00,18457.0,2.981,2.983,2.981,2.982,26,1845700.0,29810,29830,29810,29820,0,0,False,-1827243.0,True,True,True,True,True,False
512100,2025-12-01T14:12:00+08:00,"[t,t+60s)",continuous_pm,2025-12-01 14:12:00,2025-12-01 14:13:00,18457.0,2.981,2.983,2.981,2.982,49,2455700.0,29830,29840,29820,29820,0,0,False,-2437243.0,False,False,False,True,False,False
512100,2025-12-01T14:12:00+08:00,"(t,t+60s]",continuous_pm,2025-12-01 14:12:00,2025-12-01 14:13:00,18457.0,2.981,2.983,2.981,2.982,49,2455700.0,29830,29840,29820,29820,0,0,False,-2437243.0,False,False,False,True,False,False
512100,2025-12-01T14:13:00+08:00,"[t-60s,t)",continuous_pm,2025-12-01 14:12:00,2025-12-01 14:13:00,24557.0,2.983,2.984,2.982,2.982,49,2455700.0,29830,29840,29820,29820,0,0,False,-2431143.0,True,True,True,True,True,False
512100,2025-12-01T14:13:00+08:00,"(t-60s,t]",continuous_pm,2025-12-01 14:12:00,2025-12-01 14:13:00,24557.0,2.983,2.984,2.982,2.982,49,2455700.0,29830,29840,29820,29820,0,0,False,-2431143.0,True,True,True,True,True,False
512100,2025-12-01T14:13:00+08:00,"[t,t+60s)",continuous_pm,2025-12-01 14:13:00,2025-12-01 14:14:00,24557.0,2.983,2.984,2.982,2.982,14,1070900.0,29820,29820,29810,29810,0,0,False,-1046343.0,False,False,False,False,False,False
512100,2025-12-01T14:13:00+08:00,"(t,t+60s]",continuous_pm,2025-12-01 14:13:00,2025-12-01 14:14:00,24557.0,2.983,2.984,2.982,2.982,14,1070900.0,29820,29820,29810,29810,0,0,False,-1046343.0,False,False,False,False,False,False
512100,2025-12-01T14:14:00+08:00,"[t-60s,t)",continuous_pm,2025-12-01 14:13:00,2025-12-01 14:14:00,10709.0,2.981,2.982,2.981,2.981,14,1070900.0,29820,29820,29810,29810,0,0,False,-1060191.0,False,True,True,True,False,False
512100,2025-12-01T14:14:00+08:00,"(t-60s,t]",continuous_pm,2025-12-01 14:13:00,2025-12-01 14:14:00,10709.0,2.981,2.982,2.981,2.981,14,1070900.0,29820,29820,29810,29810,0,0,False,-1060191.0,False,True,True,True,False,False
512100,2025-12-01T14:14:00+08:00,"[t,t+60s)",continuous_pm,2025-12-01 14:14:00,2025-12-01 14:15:00,10709.0,2.981,2.982,2.981,2.981,11,522000.0,29810,29820,29810,29820,0,0,False,-511291.0,True,True,True,False,False,False
512100,2025-12-01T14:14:00+08:00,"(t,t+60s]",continuous_pm,2025-12-01 14:14:00,2025-12-01 14:15:00,10709.0,2.981,2.982,2.981,2.981,11,522000.0,29810,29820,29810,29820,0,0,False,-511291.0,True,True,True,False,False,False
512100,2025-12-01T14:15:00+08:00,"[t-60s,t)",continuous_pm,2025-12-01 14:14:00,2025-12-01 14:15:00,5220.0,2.981,2.982,2.981,2.982,11,522000.0,29810,29820,29810,29820,0,0,False,-516780.0,True,True,True,True,True,False
512100,2025-12-01T14:15:00+08:00,"(t-60s,t]",continuous_pm,2025-12-01 14:14:00,2025-12-01 14:15:00,5220.0,2.981,2.982,2.981,2.982,11,522000.0,29810,29820,29810,29820,0,0,False,-516780.0,True,True,True,True,True,False
512100,2025-12-01T14:15:00+08:00,"[t,t+60s)",continuous_pm,2025-12-01 14:15:00,2025-12-01 14:16:00,5220.0,2.981,2.982,2.981,2.982,43,1134200.0,29820,29820,29790,29790,0,0,False,-1128980.0,False,True,False,False,False,False
512100,2025-12-01T14:15:00+08:00,"(t,t+60s]",continuous_pm,2025-12-01 14:15:00,2025-12-01 14:16:00,5220.0,2.981,2.982,2.981,2.982,43,1134200.0,29820,29820,29790,29790,0,0,False,-1128980.0,False,True,False,False,False,False
512100,2025-12-01T14:16:00+08:00,"[t-60s,t)",continuous_pm,2025-12-01 14:15:00,2025-12-01 14:16:00,11342.0,2.982,2.982,2.979,2.979,43,1134200.0,29820,29820,29790,29790,0,0,False,-1122858.0,True,True,True,True,True,False
512100,2025-12-01T14:16:00+08:00,"(t-60s,t]",continuous_pm,2025-12-01 14:15:00,2025-12-01 14:16:00,11342.0,2.982,2.982,2.979,2.979,43,1134200.0,29820,29820,29790,29790,0,0,False,-1122858.0,True,True,True,True,True,False
512100,2025-12-01T14:16:00+08:00,"[t,t+60s)",continuous_pm,2025-12-01 14:16:00,2025-12-01 14:17:00,11342.0,2.982,2.982,2.979,2.979,25,1911100.0,29800,29800,29790,29800,0,0,False,-1899758.0,False,False,True,False,False,False
512100,2025-12-01T14:16:00+08:00,"(t,t+60s]",continuous_pm,2025-12-01 14:16:00,2025-12-01 14:17:00,11342.0,2.982,2.982,2.979,2.979,25,1911100.0,29800,29800,29790,29800,0,0,False,-1899758.0,False,False,True,False,False,False
512100,2025-12-01T14:17:00+08:00,"[t-60s,t)",continuous_pm,2025-12-01 14:16:00,2025-12-01 14:17:00,19111.0,2.98,2.98,2.979,2.98,25,1911100.0,29800,29800,29790,29800,0,0,False,-1891989.0,True,True,True,True,True,False
512100,2025-12-01T14:17:00+08:00,"(t-60s,t]",continuous_pm,2025-12-01 14:16:00,2025-12-01 14:17:00,19111.0,2.98,2.98,2.979,2.98,25,1911100.0,29800,29800,29790,29800,0,0,False,-1891989.0,True,True,True,True,True,False
512100,2025-12-01T14:17:00+08:00,"[t,t+60s)",continuous_pm,2025-12-01 14:17:00,2025-12-01 14:18:00,19111.0,2.98,2.98,2.979,2.98,22,984600.0,29800,29810,29800,29800,0,0,False,-965489.0,True,False,False,True,False,False
512100,2025-12-01T14:17:00+08:00,"(t,t+60s]",continuous_pm,2025-12-01 14:17:00,2025-12-01 14:18:00,19111.0,2.98,2.98,2.979,2.98,22,984600.0,29800,29810,29800,29800,0,0,False,-965489.0,True,False,False,True,False,False
512100,2025-12-01T14:18:00+08:00,"[t-60s,t)",continuous_pm,2025-12-01 14:17:00,2025-12-01 14:18:00,9846.0,2.98,2.981,2.98,2.98,22,984600.0,29800,29810,29800,29800,0,0,False,-974754.0,True,True,True,True,True,False
512100,2025-12-01T14:18:00+08:00,"(t-60s,t]",continuous_pm,2025-12-01 14:17:00,2025-12-01 14:18:00,9846.0,2.98,2.981,2.98,2.98,22,984600.0,29800,29810,29800,29800,0,0,False,-974754.0,True,True,True,True,True,False
512100,2025-12-01T14:18:00+08:00,"[t,t+60s)",continuous_pm,2025-12-01 14:18:00,2025-12-01 14:19:00,9846.0,2.98,2.981,2.98,2.98,18,192300.0,29800,29810,29790,29800,0,0,False,-182454.0,True,True,False,True,False,False
512100,2025-12-01T14:18:00+08:00,"(t,t+60s]",continuous_pm,2025-12-01 14:18:00,2025-12-01 14:19:00,9846.0,2.98,2.981,2.98,2.98,18,192300.0,29800,29810,29790,29800,0,0,False,-182454.0,True,True,False,True,False,False
512100,2025-12-01T14:19:00+08:00,"[t-60s,t)",continuous_pm,2025-12-01 14:18:00,2025-12-01 14:19:00,1923.0,2.979,2.981,2.979,2.98,18,192300.0,29800,29810,29790,29800,0,0,False,-190377.0,False,True,True,True,False,False
512100,2025-12-01T14:19:00+08:00,"(t-60s,t]",continuous_pm,2025-12-01 14:18:00,2025-12-01 14:19:00,1923.0,2.979,2.981,2.979,2.98,18,192300.0,29800,29810,29790,29800,0,0,False,-190377.0,False,True,True,True,False,False
512100,2025-12-01T14:19:00+08:00,"[t,t+60s)",continuous_pm,2025-12-01 14:19:00,2025-12-01 14:20:00,1923.0,2.979,2.981,2.979,2.98,21,1090900.0,29790,29800,29790,29790,0,0,False,-1088977.0,True,False,True,False,False,False
512100,2025-12-01T14:19:00+08:00,"(t,t+60s]",continuous_pm,2025-12-01 14:19:00,2025-12-01 14:20:00,1923.0,2.979,2.981,2.979,2.98,21,1090900.0,29790,29800,29790,29790,0,0,False,-1088977.0,True,False,True,False,False,False
512100,2025-12-01T14:20:00+08:00,"[t-60s,t)",continuous_pm,2025-12-01 14:19:00,2025-12-01 14:20:00,10909.0,2.98,2.98,2.979,2.979,21,1090900.0,29790,29800,29790,29790,0,0,False,-1079991.0,False,True,True,True,False,False
512100,2025-12-01T14:20:00+08:00,"(t-60s,t]",continuous_pm,2025-12-01 14:19:00,2025-12-01 14:20:00,10909.0,2.98,2.98,2.979,2.979,21,1090900.0,29790,29800,29790,29790,0,0,False,-1079991.0,False,True,True,True,False,False
512100,2025-12-01T14:20:00+08:00,"[t,t+60s)",continuous_pm,2025-12-01 14:20:00,2025-12-01 14:21:00,10909.0,2.98,2.98,2.979,2.979,22,2088600.0,29790,29800,29790,29800,0,0,False,-2077691.0,False,True,True,False,False,False
512100,2025-12-01T14:20:00+08:00,"(t,t+60s]",continuous_pm,2025-12-01 14:20:00,2025-12-01 14:21:00,10909.0,2.98,2.98,2.979,2.979,22,2088600.0,29790,29800,29790,29800,0,0,False,-2077691.0,False,True,True,False,False,False
512100,2025-12-01T14:21:00+08:00,"[t-60s,t)",continuous_pm,2025-12-01 14:20:00,2025-12-01 14:21:00,20886.0,2.979,2.98,2.979,2.98,22,2088600.0,29790,29800,29790,29800,0,0,False,-2067714.0,True,True,True,True,True,False
512100,2025-12-01T14:21:00+08:00,"(t-60s,t]",continuous_pm,2025-12-01 14:20:00,2025-12-01 14:21:00,20886.0,2.979,2.98,2.979,2.98,22,2088600.0,29790,29800,29790,29800,0,0,False,-2067714.0,True,True,True,True,True,False
512100,2025-12-01T14:21:00+08:00,"[t,t+60s)",continuous_pm,2025-12-01 14:21:00,2025-12-01 14:22:00,20886.0,2.979,2.98,2.979,2.98,39,650600.0,29800,29800,29780,29780,0,0,False,-629714.0,False,True,False,False,False,False
512100,2025-12-01T14:21:00+08:00,"(t,t+60s]",continuous_pm,2025-12-01 14:21:00,2025-12-01 14:22:00,20886.0,2.979,2.98,2.979,2.98,39,650600.0,29800,29800,29780,29780,0,0,False,-629714.0,False,True,False,False,False,False
512100,2025-12-01T14:22:00+08:00,"[t-60s,t)",continuous_pm,2025-12-01 14:21:00,2025-12-01 14:22:00,6481.0,2.98,2.98,2.978,2.978,39,650600.0,29800,29800,29780,29780,0,0,False,-644119.0,True,True,True,True,True,False
512100,2025-12-01T14:22:00+08:00,"(t-60s,t]",continuous_pm,2025-12-01 14:21:00,2025-12-01 14:22:00,6481.0,2.98,2.98,2.978,2.978,39,650600.0,29800,29800,29780,29780,0,0,False,-644119.0,True,True,True,True,True,False
512100,2025-12-01T14:22:00+08:00,"[t,t+60s)",continuous_pm,2025-12-01 14:22:00,2025-12-01 14:23:00,6481.0,2.98,2.98,2.978,2.978,46,4465200.0,29780,29800,29780,29790,0,0,False,-4458719.0,False,True,True,False,False,False
512100,2025-12-01T14:22:00+08:00,"(t,t+60s]",continuous_pm,2025-12-01 14:22:00,2025-12-01 14:23:00,6481.0,2.98,2.98,2.978,2.978,46,4465200.0,29780,29800,29780,29790,0,0,False,-4458719.0,False,True,True,False,False,False
512100,2025-12-01T14:23:00+08:00,"[t-60s,t)",continuous_pm,2025-12-01 14:22:00,2025-12-01 14:23:00,44677.0,2.978,2.98,2.978,2.979,46,4465200.0,29780,29800,29780,29790,0,0,False,-4420523.0,True,True,True,True,True,False
512100,2025-12-01T14:23:00+08:00,"(t-60s,t]",continuous_pm,2025-12-01 14:22:00,2025-12-01 14:23:00,44677.0,2.978,2.98,2.978,2.979,46,4465200.0,29780,29800,29780,29790,0,0,False,-4420523.0,True,True,True,True,True,False
512100,2025-12-01T14:23:00+08:00,"[t,t+60s)",continuous_pm,2025-12-01 14:23:00,2025-12-01 14:24:00,44677.0,2.978,2.98,2.978,2.979,43,2300900.0,29790,29810,29790,29800,0,0,False,-2256223.0,False,False,False,False,False,False
512100,2025-12-01T14:23:00+08:00,"(t,t+60s]",continuous_pm,2025-12-01 14:23:00,2025-12-01 14:24:00,44677.0,2.978,2.98,2.978,2.979,43,2300900.0,29790,29810,29790,29800,0,0,False,-2256223.0,False,False,False,False,False,False
512100,2025-12-01T14:24:00+08:00,"[t-60s,t)",continuous_pm,2025-12-01 14:23:00,2025-12-01 14:24:00,23009.0,2.979,2.981,2.979,2.98,43,2300900.0,29790,29810,29790,29800,0,0,False,-2277891.0,True,True,True,True,True,False
512100,2025-12-01T14:24:00+08:00,"(t-60s,t]",continuous_pm,2025-12-01 14:23:00,2025-12-01 14:24:00,23009.0,2.979,2.981,2.979,2.98,43,2300900.0,29790,29810,29790,29800,0,0,False,-2277891.0,True,True,True,True,True,False
512100,2025-12-01T14:24:00+08:00,"[t,t+60s)",continuous_pm,2025-12-01 14:24:00,2025-12-01 14:25:00,23009.0,2.979,2.981,2.979,2.98,19,511000.0,29790,29800,29790,29790,0,0,False,-487991.0,True,False,True,False,False,False
512100,2025-12-01T14:24:00+08:00,"(t,t+60s]",continuous_pm,2025-12-01 14:24:00,2025-12-01 14:25:00,23009.0,2.979,2.981,2.979,2.98,19,511000.0,29790,29800,29790,29790,0,0,False,-487991.0,True,False,True,False,False,False
512100,2025-12-01T14:25:00+08:00,"[t-60s,t)",continuous_pm,2025-12-01 14:24:00,2025-12-01 14:25:00,5110.0,2.979,2.98,2.979,2.979,19,511000.0,29790,29800,29790,29790,0,0,False,-505890.0,True,True,True,True,True,False
512100,2025-12-01T14:25:00+08:00,"(t-60s,t]",continuous_pm,2025-12-01 14:24:00,2025-12-01 14:25:00,5110.0,2.979,2.98,2.979,2.979,19,511000.0,29790,29800,29790,29790,0,0,False,-505890.0,True,True,True,True,True,False
512100,2025-12-01T14:25:00+08:00,"[t,t+60s)",continuous_pm,2025-12-01 14:25:00,2025-12-01 14:26:00,5110.0,2.979,2.98,2.979,2.979,57,2980700.0,29790,29800,29790,29800,0,0,False,-2975590.0,True,True,True,False,False,False
512100,2025-12-01T14:25:00+08:00,"(t,t+60s]",continuous_pm,2025-12-01 14:25:00,2025-12-01 14:26:00,5110.0,2.979,2.98,2.979,2.979,57,2980700.0,29790,29800,29790,29800,0,0,False,-2975590.0,True,True,True,False,False,False
512100,2025-12-01T14:26:00+08:00,"[t-60s,t)",continuous_pm,2025-12-01 14:25:00,2025-12-01 14:26:00,29807.0,2.98,2.98,2.979,2.98,57,2980700.0,29790,29800,29790,29800,0,0,False,-2950893.0,False,True,True,True,False,False
512100,2025-12-01T14:26:00+08:00,"(t-60s,t]",continuous_pm,2025-12-01 14:25:00,2025-12-01 14:26:00,29807.0,2.98,2.98,2.979,2.98,57,2980700.0,29790,29800,29790,29800,0,0,False,-2950893.0,False,True,True,True,False,False
512100,2025-12-01T14:26:00+08:00,"[t,t+60s)",continuous_pm,2025-12-01 14:26:00,2025-12-01 14:27:00,29807.0,2.98,2.98,2.979,2.98,42,1372400.0,29790,29810,29790,29790,0,0,False,-1342593.0,False,False,True,False,False,False
512100,2025-12-01T14:26:00+08:00,"(t,t+60s]",continuous_pm,2025-12-01 14:26:00,2025-12-01 14:27:00,29807.0,2.98,2.98,2.979,2.98,42,1372400.0,29790,29810,29790,29790,0,0,False,-1342593.0,False,False,True,False,False,False
512100,2025-12-01T14:27:00+08:00,"[t-60s,t)",continuous_pm,2025-12-01 14:26:00,2025-12-01 14:27:00,13724.0,2.979,2.981,2.979,2.979,42,1372400.0,29790,29810,29790,29790,0,0,False,-1358676.0,True,True,True,True,True,False
512100,2025-12-01T14:27:00+08:00,"(t-60s,t]",continuous_pm,2025-12-01 14:26:00,2025-12-01 14:27:00,13724.0,2.979,2.981,2.979,2.979,42,1372400.0,29790,29810,29790,29790,0,0,False,-1358676.0,True,True,True,True,True,False
512100,2025-12-01T14:27:00+08:00,"[t,t+60s)",continuous_pm,2025-12-01 14:27:00,2025-12-01 14:28:00,13724.0,2.979,2.981,2.979,2.979,30,1155200.0,29790,29810,29790,29800,0,0,False,-1141476.0,True,True,True,False,False,False
512100,2025-12-01T14:27:00+08:00,"(t,t+60s]",continuous_pm,2025-12-01 14:27:00,2025-12-01 14:28:00,13724.0,2.979,2.981,2.979,2.979,30,1155200.0,29790,29810,29790,29800,0,0,False,-1141476.0,True,True,True,False,False,False
512100,2025-12-01T14:28:00+08:00,"[t-60s,t)",continuous_pm,2025-12-01 14:27:00,2025-12-01 14:28:00,11552.0,2.979,2.981,2.979,2.98,30,1155200.0,29790,29810,29790,29800,0,0,False,-1143648.0,True,True,True,True,True,False
512100,2025-12-01T14:28:00+08:00,"(t-60s,t]",continuous_pm,2025-12-01 14:27:00,2025-12-01 14:28:00,11552.0,2.979,2.981,2.979,2.98,30,1155200.0,29790,29810,29790,29800,0,0,False,-1143648.0,True,True,True,True,True,False
512100,2025-12-01T14:28:00+08:00,"[t,t+60s)",continuous_pm,2025-12-01 14:28:00,2025-12-01 14:29:00,11552.0,2.979,2.981,2.979,2.98,36,685900.0,29790,29800,29790,29790,0,0,False,-674348.0,True,False,True,False,False,False
512100,2025-12-01T14:28:00+08:00,"(t,t+60s]",continuous_pm,2025-12-01 14:28:00,2025-12-01 14:29:00,11552.0,2.979,2.981,2.979,2.98,36,685900.0,29790,29800,29790,29790,0,0,False,-674348.0,True,False,True,False,False,False
512100,2025-12-01T14:29:00+08:00,"[t-60s,t)",continuous_pm,2025-12-01 14:28:00,2025-12-01 14:29:00,6859.0,2.979,2.979,2.979,2.979,36,685900.0,29790,29800,29790,29790,0,0,False,-679041.0,True,False,True,True,False,False
512100,2025-12-01T14:29:00+08:00,"(t-60s,t]",continuous_pm,2025-12-01 14:28:00,2025-12-01 14:29:00,6859.0,2.979,2.979,2.979,2.979,36,685900.0,29790,29800,29790,29790,0,0,False,-679041.0,True,False,True,True,False,False
512100,2025-12-01T14:29:00+08:00,"[t,t+60s)",continuous_pm,2025-12-01 14:29:00,2025-12-01 14:30:00,6859.0,2.979,2.979,2.979,2.979,36,1398900.0,29790,29800,29780,29790,0,0,False,-1392041.0,True,False,False,True,False,False
512100,2025-12-01T14:29:00+08:00,"(t,t+60s]",continuous_pm,2025-12-01 14:29:00,2025-12-01 14:30:00,6859.0,2.979,2.979,2.979,2.979,36,1398900.0,29790,29800,29780,29790,0,0,False,-1392041.0,True,False,False,True,False,False
512100,2025-12-01T14:30:00+08:00,"[t-60s,t)",continuous_pm,2025-12-01 14:29:00,2025-12-01 14:30:00,13989.0,2.979,2.98,2.978,2.979,36,1398900.0,29790,29800,29780,29790,0,0,False,-1384911.0,True,True,True,True,True,False
512100,2025-12-01T14:30:00+08:00,"(t-60s,t]",continuous_pm,2025-12-01 14:29:00,2025-12-01 14:30:00,13989.0,2.979,2.98,2.978,2.979,36,1398900.0,29790,29800,29780,29790,0,0,False,-1384911.0,True,True,True,True,True,False
512100,2025-12-01T14:30:00+08:00,"[t,t+60s)",continuous_pm,2025-12-01 14:30:00,2025-12-01 14:31:00,13989.0,2.979,2.98,2.978,2.979,45,1222400.0,29790,29810,29790,29800,0,0,False,-1208411.0,True,False,False,False,False,False
512100,2025-12-01T14:30:00+08:00,"(t,t+60s]",continuous_pm,2025-12-01 14:30:00,2025-12-01 14:31:00,13989.0,2.979,2.98,2.978,2.979,45,1222400.0,29790,29810,29790,29800,0,0,False,-1208411.0,True,False,False,False,False,False
512100,2025-12-01T14:31:00+08:00,"[t-60s,t)",continuous_pm,2025-12-01 14:30:00,2025-12-01 14:31:00,11238.0,2.979,2.981,2.979,2.98,45,1222400.0,29790,29810,29790,29800,0,0,False,-1211162.0,True,True,True,True,True,False
512100,2025-12-01T14:31:00+08:00,"(t-60s,t]",continuous_pm,2025-12-01 14:30:00,2025-12-01 14:31:00,11238.0,2.979,2.981,2.979,2.98,45,1222400.0,29790,29810,29790,29800,0,0,False,-1211162.0,True,True,True,True,True,False
512100,2025-12-01T14:31:00+08:00,"[t,t+60s)",continuous_pm,2025-12-01 14:31:00,2025-12-01 14:32:00,11238.0,2.979,2.981,2.979,2.98,89,1855400.0,29800,29810,29790,29810,0,0,False,-1844162.0,False,True,True,False,False,False
512100,2025-12-01T14:31:00+08:00,"(t,t+60s]",continuous_pm,2025-12-01 14:31:00,2025-12-01 14:32:00,11238.0,2.979,2.981,2.979,2.98,89,1855400.0,29800,29810,29790,29810,0,0,False,-1844162.0,False,True,True,False,False,False
512100,2025-12-01T14:32:00+08:00,"[t-60s,t)",continuous_pm,2025-12-01 14:31:00,2025-12-01 14:32:00,19540.0,2.98,2.981,2.979,2.981,89,1855400.0,29800,29810,29790,29810,0,0,False,-1835860.0,True,True,True,True,True,False
512100,2025-12-01T14:32:00+08:00,"(t-60s,t]",continuous_pm,2025-12-01 14:31:00,2025-12-01 14:32:00,19540.0,2.98,2.981,2.979,2.981,89,1855400.0,29800,29810,29790,29810,0,0,False,-1835860.0,True,True,True,True,True,False
512100,2025-12-01T14:32:00+08:00,"[t,t+60s)",continuous_pm,2025-12-01 14:32:00,2025-12-01 14:33:00,19540.0,2.98,2.981,2.979,2.981,49,3656800.0,29800,29820,29800,29820,0,0,False,-3637260.0,True,False,False,False,False,False
512100,2025-12-01T14:32:00+08:00,"(t,t+60s]",continuous_pm,2025-12-01 14:32:00,2025-12-01 14:33:00,19540.0,2.98,2.981,2.979,2.981,49,3656800.0,29800,29820,29800,29820,0,0,False,-3637260.0,True,False,False,False,False,False
512100,2025-12-01T14:33:00+08:00,"[t-60s,t)",continuous_pm,2025-12-01 14:32:00,2025-12-01 14:33:00,36568.0,2.98,2.982,2.98,2.982,49,3656800.0,29800,29820,29800,29820,0,0,False,-3620232.0,True,True,True,True,True,False
512100,2025-12-01T14:33:00+08:00,"(t-60s,t]",continuous_pm,2025-12-01 14:32:00,2025-12-01 14:33:00,36568.0,2.98,2.982,2.98,2.982,49,3656800.0,29800,29820,29800,29820,0,0,False,-3620232.0,True,True,True,True,True,False
512100,2025-12-01T14:33:00+08:00,"[t,t+60s)",continuous_pm,2025-12-01 14:33:00,2025-12-01 14:34:00,36568.0,2.98,2.982,2.98,2.982,63,1178800.0,29810,29820,29810,29810,0,0,False,-1142232.0,False,True,False,False,False,False
512100,2025-12-01T14:33:00+08:00,"(t,t+60s]",continuous_pm,2025-12-01 14:33:00,2025-12-01 14:34:00,36568.0,2.98,2.982,2.98,2.982,63,1178800.0,29810,29820,29810,29810,0,0,False,-1142232.0,False,True,False,False,False,False
512100,2025-12-01T14:34:00+08:00,"[t-60s,t)",continuous_pm,2025-12-01 14:33:00,2025-12-01 14:34:00,11788.0,2.982,2.982,2.981,2.981,63,1178800.0,29810,29820,29810,29810,0,0,False,-1167012.0,False,True,True,True,False,False
512100,2025-12-01T14:34:00+08:00,"(t-60s,t]",continuous_pm,2025-12-01 14:33:00,2025-12-01 14:34:00,11788.0,2.982,2.982,2.981,2.981,63,1178800.0,29810,29820,29810,29810,0,0,False,-1167012.0,False,True,True,True,False,False
512100,2025-12-01T14:34:00+08:00,"[t,t+60s)",continuous_pm,2025-12-01 14:34:00,2025-12-01 14:35:00,11788.0,2.982,2.982,2.981,2.981,17,563600.0,29810,29820,29810,29810,0,0,False,-551812.0,False,True,True,True,False,False
512100,2025-12-01T14:34:00+08:00,"(t,t+60s]",continuous_pm,2025-12-01 14:34:00,2025-12-01 14:35:00,11788.0,2.982,2.982,2.981,2.981,17,563600.0,29810,29820,29810,29810,0,0,False,-551812.0,False,True,True,True,False,False
512100,2025-12-01T14:35:00+08:00,"[t-60s,t)",continuous_pm,2025-12-01 14:34:00,2025-12-01 14:35:00,5636.0,2.981,2.982,2.981,2.981,17,563600.0,29810,29820,29810,29810,0,0,False,-557964.0,True,True,True,True,True,False
512100,2025-12-01T14:35:00+08:00,"(t-60s,t]",continuous_pm,2025-12-01 14:34:00,2025-12-01 14:35:00,5636.0,2.981,2.982,2.981,2.981,17,563600.0,29810,29820,29810,29810,0,0,False,-557964.0,True,True,True,True,True,False
512100,2025-12-01T14:35:00+08:00,"[t,t+60s)",continuous_pm,2025-12-01 14:35:00,2025-12-01 14:36:00,5636.0,2.981,2.982,2.981,2.981,41,723700.0,29810,29820,29810,29810,0,0,False,-718064.0,True,True,True,True,True,False
512100,2025-12-01T14:35:00+08:00,"(t,t+60s]",continuous_pm,2025-12-01 14:35:00,2025-12-01 14:36:00,5636.0,2.981,2.982,2.981,2.981,41,723700.0,29810,29820,29810,29810,0,0,False,-718064.0,True,True,True,True,True,False
512100,2025-12-01T14:36:00+08:00,"[t-60s,t)",continuous_pm,2025-12-01 14:35:00,2025-12-01 14:36:00,7237.0,2.981,2.982,2.981,2.981,41,723700.0,29810,29820,29810,29810,0,0,False,-716463.0,True,True,True,True,True,False
512100,2025-12-01T14:36:00+08:00,"(t-60s,t]",continuous_pm,2025-12-01 14:35:00,2025-12-01 14:36:00,7237.0,2.981,2.982,2.981,2.981,41,723700.0,29810,29820,29810,29810,0,0,False,-716463.0,True,True,True,True,True,False
512100,2025-12-01T14:36:00+08:00,"[t,t+60s)",continuous_pm,2025-12-01 14:36:00,2025-12-01 14:37:00,7237.0,2.981,2.982,2.981,2.981,24,2906800.0,29810,29820,29810,29820,0,0,False,-2899563.0,True,True,True,False,False,False
512100,2025-12-01T14:36:00+08:00,"(t,t+60s]",continuous_pm,2025-12-01 14:36:00,2025-12-01 14:37:00,7237.0,2.981,2.982,2.981,2.981,24,2906800.0,29810,29820,29810,29820,0,0,False,-2899563.0,True,True,True,False,False,False
512100,2025-12-01T14:37:00+08:00,"[t-60s,t)",continuous_pm,2025-12-01 14:36:00,2025-12-01 14:37:00,29068.0,2.981,2.982,2.981,2.982,24,2906800.0,29810,29820,29810,29820,0,0,False,-2877732.0,True,True,True,True,True,False
512100,2025-12-01T14:37:00+08:00,"(t-60s,t]",continuous_pm,2025-12-01 14:36:00,2025-12-01 14:37:00,29068.0,2.981,2.982,2.981,2.982,24,2906800.0,29810,29820,29810,29820,0,0,False,-2877732.0,True,True,True,True,True,False
512100,2025-12-01T14:37:00+08:00,"[t,t+60s)",continuous_pm,2025-12-01 14:37:00,2025-12-01 14:38:00,29068.0,2.981,2.982,2.981,2.982,65,4614000.0,29810,29830,29810,29820,0,0,False,-4584932.0,True,False,True,True,False,False
512100,2025-12-01T14:37:00+08:00,"(t,t+60s]",continuous_pm,2025-12-01 14:37:00,2025-12-01 14:38:00,29068.0,2.981,2.982,2.981,2.982,65,4614000.0,29810,29830,29810,29820,0,0,False,-4584932.0,True,False,True,True,False,False
512100,2025-12-01T14:38:00+08:00,"[t-60s,t)",continuous_pm,2025-12-01 14:37:00,2025-12-01 14:38:00,46140.0,2.981,2.983,2.981,2.982,65,4614000.0,29810,29830,29810,29820,0,0,False,-4567860.0,True,True,True,True,True,False
512100,2025-12-01T14:38:00+08:00,"(t-60s,t]",continuous_pm,2025-12-01 14:37:00,2025-12-01 14:38:00,46140.0,2.981,2.983,2.981,2.982,65,4614000.0,29810,29830,29810,29820,0,0,False,-4567860.0,True,True,True,True,True,False
512100,2025-12-01T14:38:00+08:00,"[t,t+60s)",continuous_pm,2025-12-01 14:38:00,2025-12-01 14:39:00,46140.0,2.981,2.983,2.981,2.982,54,2298174.0,29810,29840,29810,29830,0,0,False,-2252034.0,True,False,True,False,False,False
512100,2025-12-01T14:38:00+08:00,"(t,t+60s]",continuous_pm,2025-12-01 14:38:00,2025-12-01 14:39:00,46140.0,2.981,2.983,2.981,2.982,54,2298174.0,29810,29840,29810,29830,0,0,False,-2252034.0,True,False,True,False,False,False
512100,2025-12-01T14:39:00+08:00,"[t-60s,t)",continuous_pm,2025-12-01 14:38:00,2025-12-01 14:39:00,22782.0,2.981,2.983,2.981,2.983,54,2298174.0,29810,29840,29810,29830,0,0,False,-2275392.0,True,False,True,True,False,False
512100,2025-12-01T14:39:00+08:00,"(t-60s,t]",continuous_pm,2025-12-01 14:38:00,2025-12-01 14:39:00,22782.0,2.981,2.983,2.981,2.983,54,2298174.0,29810,29840,29810,29830,0,0,False,-2275392.0,True,False,True,True,False,False
512100,2025-12-01T14:39:00+08:00,"[t,t+60s)",continuous_pm,2025-12-01 14:39:00,2025-12-01 14:40:00,22782.0,2.981,2.983,2.981,2.983,28,1297000.0,29820,29840,29820,29830,0,0,False,-1274218.0,False,False,False,True,False,False
512100,2025-12-01T14:39:00+08:00,"(t,t+60s]",continuous_pm,2025-12-01 14:39:00,2025-12-01 14:40:00,22782.0,2.981,2.983,2.981,2.983,28,1297000.0,29820,29840,29820,29830,0,0,False,-1274218.0,False,False,False,True,False,False
512100,2025-12-01T14:40:00+08:00,"[t-60s,t)",continuous_pm,2025-12-01 14:39:00,2025-12-01 14:40:00,13170.0,2.984,2.984,2.982,2.983,28,1297000.0,29820,29840,29820,29830,0,0,False,-1283830.0,False,True,True,True,False,False
512100,2025-12-01T14:40:00+08:00,"(t-60s,t]",continuous_pm,2025-12-01 14:39:00,2025-12-01 14:40:00,13170.0,2.984,2.984,2.982,2.983,28,1297000.0,29820,29840,29820,29830,0,0,False,-1283830.0,False,True,True,True,False,False
512100,2025-12-01T14:40:00+08:00,"[t,t+60s)",continuous_pm,2025-12-01 14:40:00,2025-12-01 14:41:00,13170.0,2.984,2.984,2.982,2.983,95,4223800.0,29830,29860,29830,29840,0,0,False,-4210630.0,False,False,False,False,False,False
512100,2025-12-01T14:40:00+08:00,"(t,t+60s]",continuous_pm,2025-12-01 14:40:00,2025-12-01 14:41:00,13170.0,2.984,2.984,2.982,2.983,95,4223800.0,29830,29860,29830,29840,0,0,False,-4210630.0,False,False,False,False,False,False
512100,2025-12-01T14:41:00+08:00,"[t-60s,t)",continuous_pm,2025-12-01 14:40:00,2025-12-01 14:41:00,42238.0,2.983,2.985,2.983,2.984,95,4223800.0,29830,29860,29830,29840,0,0,False,-4181562.0,True,False,True,True,False,False
512100,2025-12-01T14:41:00+08:00,"(t-60s,t]",continuous_pm,2025-12-01 14:40:00,2025-12-01 14:41:00,42238.0,2.983,2.985,2.983,2.984,95,4223800.0,29830,29860,29830,29840,0,0,False,-4181562.0,True,False,True,True,False,False
512100,2025-12-01T14:41:00+08:00,"[t,t+60s)",continuous_pm,2025-12-01 14:41:00,2025-12-01 14:42:00,42238.0,2.983,2.985,2.983,2.984,37,724800.0,29830,29840,29820,29830,0,0,False,-682562.0,True,False,False,False,False,False
512100,2025-12-01T14:41:00+08:00,"(t,t+60s]",continuous_pm,2025-12-01 14:41:00,2025-12-01 14:42:00,42238.0,2.983,2.985,2.983,2.984,37,724800.0,29830,29840,29820,29830,0,0,False,-682562.0,True,False,False,False,False,False
512100,2025-12-01T14:42:00+08:00,"[t-60s,t)",continuous_pm,2025-12-01 14:41:00,2025-12-01 14:42:00,7248.0,2.983,2.984,2.982,2.983,37,724800.0,29830,29840,29820,29830,0,0,False,-717552.0,True,True,True,True,True,False
512100,2025-12-01T14:42:00+08:00,"(t-60s,t]",continuous_pm,2025-12-01 14:41:00,2025-12-01 14:42:00,7248.0,2.983,2.984,2.982,2.983,37,724800.0,29830,29840,29820,29830,0,0,False,-717552.0,True,True,True,True,True,False
512100,2025-12-01T14:42:00+08:00,"[t,t+60s)",continuous_pm,2025-12-01 14:42:00,2025-12-01 14:43:00,7248.0,2.983,2.984,2.982,2.983,15,135400.0,29820,29830,29820,29820,0,0,False,-128152.0,False,False,True,False,False,False
512100,2025-12-01T14:42:00+08:00,"(t,t+60s]",continuous_pm,2025-12-01 14:42:00,2025-12-01 14:43:00,7248.0,2.983,2.984,2.982,2.983,15,135400.0,29820,29830,29820,29820,0,0,False,-128152.0,False,False,True,False,False,False
512100,2025-12-01T14:43:00+08:00,"[t-60s,t)",continuous_pm,2025-12-01 14:42:00,2025-12-01 14:43:00,1354.0,2.982,2.983,2.982,2.982,15,135400.0,29820,29830,29820,29820,0,0,False,-134046.0,True,True,True,True,True,False
512100,2025-12-01T14:43:00+08:00,"(t-60s,t]",continuous_pm,2025-12-01 14:42:00,2025-12-01 14:43:00,1354.0,2.982,2.983,2.982,2.982,15,135400.0,29820,29830,29820,29820,0,0,False,-134046.0,True,True,True,True,True,False
512100,2025-12-01T14:43:00+08:00,"[t,t+60s)",continuous_pm,2025-12-01 14:43:00,2025-12-01 14:44:00,1354.0,2.982,2.983,2.982,2.982,47,744200.0,29820,29830,29820,29820,0,0,False,-742846.0,True,True,True,True,True,False
512100,2025-12-01T14:43:00+08:00,"(t,t+60s]",continuous_pm,2025-12-01 14:43:00,2025-12-01 14:44:00,1354.0,2.982,2.983,2.982,2.982,47,744200.0,29820,29830,29820,29820,0,0,False,-742846.0,True,True,True,True,True,False
512100,2025-12-01T14:44:00+08:00,"[t-60s,t)",continuous_pm,2025-12-01 14:43:00,2025-12-01 14:44:00,7442.0,2.982,2.983,2.982,2.982,47,744200.0,29820,29830,29820,29820,0,0,False,-736758.0,True,True,True,True,True,False
512100,2025-12-01T14:44:00+08:00,"(t-60s,t]",continuous_pm,2025-12-01 14:43:00,2025-12-01 14:44:00,7442.0,2.982,2.983,2.982,2.982,47,744200.0,29820,29830,29820,29820,0,0,False,-736758.0,True,True,True,True,True,False
512100,2025-12-01T14:44:00+08:00,"[t,t+60s)",continuous_pm,2025-12-01 14:44:00,2025-12-01 14:45:00,7442.0,2.982,2.983,2.982,2.982,40,1615400.0,29820,29840,29820,29830,0,0,False,-1607958.0,True,False,True,False,False,False
512100,2025-12-01T14:44:00+08:00,"(t,t+60s]",continuous_pm,2025-12-01 14:44:00,2025-12-01 14:45:00,7442.0,2.982,2.983,2.982,2.982,40,1615400.0,29820,29840,29820,29830,0,0,False,-1607958.0,True,False,True,False,False,False
512100,2025-12-01T14:45:00+08:00,"[t-60s,t)",continuous_pm,2025-12-01 14:44:00,2025-12-01 14:45:00,14479.0,2.982,2.984,2.982,2.983,40,1615400.0,29820,29840,29820,29830,0,0,False,-1600921.0,True,True,True,True,True,False
512100,2025-12-01T14:45:00+08:00,"(t-60s,t]",continuous_pm,2025-12-01 14:44:00,2025-12-01 14:45:00,14479.0,2.982,2.984,2.982,2.983,40,1615400.0,29820,29840,29820,29830,0,0,False,-1600921.0,True,True,True,True,True,False
512100,2025-12-01T14:45:00+08:00,"[t,t+60s)",continuous_pm,2025-12-01 14:45:00,2025-12-01 14:46:00,14479.0,2.982,2.984,2.982,2.983,32,1753462.0,29830,29840,29830,29840,0,0,False,-1738983.0,False,True,False,False,False,False
512100,2025-12-01T14:45:00+08:00,"(t,t+60s]",continuous_pm,2025-12-01 14:45:00,2025-12-01 14:46:00,14479.0,2.982,2.984,2.982,2.983,32,1753462.0,29830,29840,29830,29840,0,0,False,-1738983.0,False,True,False,False,False,False
512100,2025-12-01T14:46:00+08:00,"[t-60s,t)",continuous_pm,2025-12-01 14:45:00,2025-12-01 14:46:00,19210.0,2.983,2.984,2.983,2.984,32,1753462.0,29830,29840,29830,29840,0,0,False,-1734252.0,True,True,True,True,True,False
512100,2025-12-01T14:46:00+08:00,"(t-60s,t]",continuous_pm,2025-12-01 14:45:00,2025-12-01 14:46:00,19210.0,2.983,2.984,2.983,2.984,32,1753462.0,29830,29840,29830,29840,0,0,False,-1734252.0,True,True,True,True,True,False
512100,2025-12-01T14:46:00+08:00,"[t,t+60s)",continuous_pm,2025-12-01 14:46:00,2025-12-01 14:47:00,19210.0,2.983,2.984,2.983,2.984,95,2225418.0,29830,29840,29830,29830,0,0,False,-2206208.0,True,True,True,False,False,False
512100,2025-12-01T14:46:00+08:00,"(t,t+60s]",continuous_pm,2025-12-01 14:46:00,2025-12-01 14:47:00,19210.0,2.983,2.984,2.983,2.984,95,2225418.0,29830,29840,29830,29830,0,0,False,-2206208.0,True,True,True,False,False,False
512100,2025-12-01T14:47:00+08:00,"[t-60s,t)",continuous_pm,2025-12-01 14:46:00,2025-12-01 14:47:00,22191.0,2.983,2.983,2.983,2.983,95,2225418.0,29830,29840,29830,29830,0,0,False,-2203227.0,True,False,True,True,False,False
512100,2025-12-01T14:47:00+08:00,"(t-60s,t]",continuous_pm,2025-12-01 14:46:00,2025-12-01 14:47:00,22191.0,2.983,2.983,2.983,2.983,95,2225418.0,29830,29840,29830,29830,0,0,False,-2203227.0,True,False,True,True,False,False
512100,2025-12-01T14:47:00+08:00,"[t,t+60s)",continuous_pm,2025-12-01 14:47:00,2025-12-01 14:48:00,22191.0,2.983,2.983,2.983,2.983,194,4359432.0,29830,29840,29830,29840,0,0,False,-4337241.0,True,False,True,False,False,False
512100,2025-12-01T14:47:00+08:00,"(t,t+60s]",continuous_pm,2025-12-01 14:47:00,2025-12-01 14:48:00,22191.0,2.983,2.983,2.983,2.983,194,4359432.0,29830,29840,29830,29840,0,0,False,-4337241.0,True,False,True,False,False,False
512100,2025-12-01T14:48:00+08:00,"[t-60s,t)",continuous_pm,2025-12-01 14:47:00,2025-12-01 14:48:00,43657.0,2.983,2.984,2.983,2.984,194,4359432.0,29830,29840,29830,29840,0,0,False,-4315775.0,True,True,True,True,True,False
512100,2025-12-01T14:48:00+08:00,"(t-60s,t]",continuous_pm,2025-12-01 14:47:00,2025-12-01 14:48:00,43657.0,2.983,2.984,2.983,2.984,194,4359432.0,29830,29840,29830,29840,0,0,False,-4315775.0,True,True,True,True,True,False
512100,2025-12-01T14:48:00+08:00,"[t,t+60s)",continuous_pm,2025-12-01 14:48:00,2025-12-01 14:49:00,43657.0,2.983,2.984,2.983,2.984,143,2885462.0,29840,29850,29840,29840,0,0,False,-2841805.0,False,False,False,True,False,False
512100,2025-12-01T14:48:00+08:00,"(t,t+60s]",continuous_pm,2025-12-01 14:48:00,2025-12-01 14:49:00,43657.0,2.983,2.984,2.983,2.984,143,2885462.0,29840,29850,29840,29840,0,0,False,-2841805.0,False,False,False,True,False,False
512100,2025-12-01T14:49:00+08:00,"[t-60s,t)",continuous_pm,2025-12-01 14:48:00,2025-12-01 14:49:00,28666.0,2.984,2.985,2.984,2.984,143,2885462.0,29840,29850,29840,29840,0,0,False,-2856796.0,True,True,True,True,True,False
512100,2025-12-01T14:49:00+08:00,"(t-60s,t]",continuous_pm,2025-12-01 14:48:00,2025-12-01 14:49:00,28666.0,2.984,2.985,2.984,2.984,143,2885462.0,29840,29850,29840,29840,0,0,False,-2856796.0,True,True,True,True,True,False
512100,2025-12-01T14:49:00+08:00,"[t,t+60s)",continuous_pm,2025-12-01 14:49:00,2025-12-01 14:50:00,28666.0,2.984,2.985,2.984,2.984,199,3429950.0,29840,29850,29830,29840,0,0,False,-3401284.0,True,True,False,True,False,False
512100,2025-12-01T14:49:00+08:00,"(t,t+60s]",continuous_pm,2025-12-01 14:49:00,2025-12-01 14:50:00,28666.0,2.984,2.985,2.984,2.984,199,3429950.0,29840,29850,29830,29840,0,0,False,-3401284.0,True,True,False,True,False,False
512100,2025-12-01T14:50:00+08:00,"[t-60s,t)",continuous_pm,2025-12-01 14:49:00,2025-12-01 14:50:00,34488.0,2.984,2.985,2.983,2.984,199,3429950.0,29840,29850,29830,29840,0,0,False,-3395462.0,True,True,True,True,True,False
512100,2025-12-01T14:50:00+08:00,"(t-60s,t]",continuous_pm,2025-12-01 14:49:00,2025-12-01 14:50:00,34488.0,2.984,2.985,2.983,2.984,199,3429950.0,29840,29850,29830,29840,0,0,False,-3395462.0,True,True,True,True,True,False
512100,2025-12-01T14:50:00+08:00,"[t,t+60s)",continuous_pm,2025-12-01 14:50:00,2025-12-01 14:51:00,34488.0,2.984,2.985,2.983,2.984,128,2493907.0,29840,29850,29840,29850,0,0,False,-2459419.0,True,True,False,False,False,False
512100,2025-12-01T14:50:00+08:00,"(t,t+60s]",continuous_pm,2025-12-01 14:50:00,2025-12-01 14:51:00,34488.0,2.984,2.985,2.983,2.984,128,2493907.0,29840,29850,29840,29850,0,0,False,-2459419.0,True,True,False,False,False,False
512100,2025-12-01T14:51:00+08:00,"[t-60s,t)",continuous_pm,2025-12-01 14:50:00,2025-12-01 14:51:00,23860.0,2.984,2.985,2.984,2.984,128,2493907.0,29840,29850,29840,29850,0,0,False,-2470047.0,True,True,True,False,False,False
512100,2025-12-01T14:51:00+08:00,"(t-60s,t]",continuous_pm,2025-12-01 14:50:00,2025-12-01 14:51:00,23860.0,2.984,2.985,2.984,2.984,128,2493907.0,29840,29850,29840,29850,0,0,False,-2470047.0,True,True,True,False,False,False
512100,2025-12-01T14:51:00+08:00,"[t,t+60s)",continuous_pm,2025-12-01 14:51:00,2025-12-01 14:52:00,23860.0,2.984,2.985,2.984,2.984,119,4426417.0,29840,29850,29840,29850,0,0,False,-4402557.0,True,True,True,False,False,False
512100,2025-12-01T14:51:00+08:00,"(t,t+60s]",continuous_pm,2025-12-01 14:51:00,2025-12-01 14:52:00,23860.0,2.984,2.985,2.984,2.984,119,4426417.0,29840,29850,29840,29850,0,0,False,-4402557.0,True,True,True,False,False,False
512100,2025-12-01T14:52:00+08:00,"[t-60s,t)",continuous_pm,2025-12-01 14:51:00,2025-12-01 14:52:00,28306.0,2.984,2.985,2.984,2.985,119,4426417.0,29840,29850,29840,29850,0,0,False,-4398111.0,True,True,True,True,True,False
512100,2025-12-01T14:52:00+08:00,"(t-60s,t]",continuous_pm,2025-12-01 14:51:00,2025-12-01 14:52:00,28306.0,2.984,2.985,2.984,2.985,119,4426417.0,29840,29850,29840,29850,0,0,False,-4398111.0,True,True,True,True,True,False
512100,2025-12-01T14:52:00+08:00,"[t,t+60s)",continuous_pm,2025-12-01 14:52:00,2025-12-01 14:53:00,28306.0,2.984,2.985,2.984,2.985,68,2574820.0,29850,29860,29850,29850,0,0,False,-2546514.0,False,False,False,True,False,False
512100,2025-12-01T14:52:00+08:00,"(t,t+60s]",continuous_pm,2025-12-01 14:52:00,2025-12-01 14:53:00,28306.0,2.984,2.985,2.984,2.985,68,2574820.0,29850,29860,29850,29850,0,0,False,-2546514.0,False,False,False,True,False,False
512100,2025-12-01T14:53:00+08:00,"[t-60s,t)",continuous_pm,2025-12-01 14:52:00,2025-12-01 14:53:00,42722.0,2.985,2.986,2.985,2.985,68,2574820.0,29850,29860,29850,29850,0,0,False,-2532098.0,True,True,True,True,True,False
512100,2025-12-01T14:53:00+08:00,"(t-60s,t]",continuous_pm,2025-12-01 14:52:00,2025-12-01 14:53:00,42722.0,2.985,2.986,2.985,2.985,68,2574820.0,29850,29860,29850,29850,0,0,False,-2532098.0,True,True,True,True,True,False
512100,2025-12-01T14:53:00+08:00,"[t,t+60s)",continuous_pm,2025-12-01 14:53:00,2025-12-01 14:54:00,42722.0,2.985,2.986,2.985,2.985,85,2784939.0,29850,29870,29850,29860,0,0,False,-2742217.0,True,False,True,False,False,False
512100,2025-12-01T14:53:00+08:00,"(t,t+60s]",continuous_pm,2025-12-01 14:53:00,2025-12-01 14:54:00,42722.0,2.985,2.986,2.985,2.985,85,2784939.0,29850,29870,29850,29860,0,0,False,-2742217.0,True,False,True,False,False,False
512100,2025-12-01T14:54:00+08:00,"[t-60s,t)",continuous_pm,2025-12-01 14:53:00,2025-12-01 14:54:00,27913.0,2.985,2.987,2.985,2.986,85,2784939.0,29850,29870,29850,29860,0,0,False,-2757026.0,True,True,True,True,True,False
512100,2025-12-01T14:54:00+08:00,"(t-60s,t]",continuous_pm,2025-12-01 14:53:00,2025-12-01 14:54:00,27913.0,2.985,2.987,2.985,2.986,85,2784939.0,29850,29870,29850,29860,0,0,False,-2757026.0,True,True,True,True,True,False
512100,2025-12-01T14:54:00+08:00,"[t,t+60s)",continuous_pm,2025-12-01 14:54:00,2025-12-01 14:55:00,27913.0,2.985,2.987,2.985,2.986,76,3512464.0,29860,29870,29860,29870,0,0,False,-3484551.0,False,True,False,False,False,False
512100,2025-12-01T14:54:00+08:00,"(t,t+60s]",continuous_pm,2025-12-01 14:54:00,2025-12-01 14:55:00,27913.0,2.985,2.987,2.985,2.986,76,3512464.0,29860,29870,29860,29870,0,0,False,-3484551.0,False,True,False,False,False,False
512100,2025-12-01T14:55:00+08:00,"[t-60s,t)",continuous_pm,2025-12-01 14:54:00,2025-12-01 14:55:00,35125.0,2.986,2.987,2.986,2.987,76,3512464.0,29860,29870,29860,29870,0,0,False,-3477339.0,True,True,True,True,True,False
512100,2025-12-01T14:55:00+08:00,"(t-60s,t]",continuous_pm,2025-12-01 14:54:00,2025-12-01 14:55:00,35125.0,2.986,2.987,2.986,2.987,76,3512464.0,29860,29870,29860,29870,0,0,False,-3477339.0,True,True,True,True,True,False
512100,2025-12-01T14:55:00+08:00,"[t,t+60s)",continuous_pm,2025-12-01 14:55:00,2025-12-01 14:56:00,35125.0,2.986,2.987,2.986,2.987,116,4850400.0,29870,29870,29860,29870,0,0,False,-4815275.0,False,True,True,True,False,False
512100,2025-12-01T14:55:00+08:00,"(t,t+60s]",continuous_pm,2025-12-01 14:55:00,2025-12-01 14:56:00,35125.0,2.986,2.987,2.986,2.987,116,4850400.0,29870,29870,29860,29870,0,0,False,-4815275.0,False,True,True,True,False,False
512100,2025-12-01T14:56:00+08:00,"[t-60s,t)",continuous_pm,2025-12-01 14:55:00,2025-12-01 14:56:00,48504.0,2.986,2.987,2.986,2.987,116,4850400.0,29870,29870,29860,29870,0,0,False,-4801896.0,False,True,True,True,False,False
512100,2025-12-01T14:56:00+08:00,"(t-60s,t]",continuous_pm,2025-12-01 14:55:00,2025-12-01 14:56:00,48504.0,2.986,2.987,2.986,2.987,116,4850400.0,29870,29870,29860,29870,0,0,False,-4801896.0,False,True,True,True,False,False
512100,2025-12-01T14:56:00+08:00,"[t,t+60s)",continuous_pm,2025-12-01 14:56:00,2025-12-01 14:57:00,48504.0,2.986,2.987,2.986,2.987,84,1787600.0,29870,29880,29870,29870,0,0,False,-1739096.0,False,False,False,True,False,False
512100,2025-12-01T14:56:00+08:00,"(t,t+60s]",OUTSIDE_COMPLETE_CONTINUOUS_MINUTE,2025-12-01 14:56:00,2025-12-01 14:57:00,48504.0,2.986,2.987,2.986,2.987,84,1787600.0,29870,29880,29870,29870,0,0,False,-1739096.0,False,False,False,True,False,False
512100,2025-12-01T14:57:00+08:00,"[t-60s,t)",continuous_pm,2025-12-01 14:56:00,2025-12-01 14:57:00,17876.0,2.988,2.988,2.987,2.987,84,1787600.0,29870,29880,29870,29870,0,0,False,-1769724.0,False,True,True,True,False,False
512100,2025-12-01T14:57:00+08:00,"(t-60s,t]",OUTSIDE_COMPLETE_CONTINUOUS_MINUTE,2025-12-01 14:56:00,2025-12-01 14:57:00,17876.0,2.988,2.988,2.987,2.987,84,1787600.0,29870,29880,29870,29870,0,0,False,-1769724.0,False,True,True,True,False,False
512100,2025-12-01T14:57:00+08:00,"[t,t+60s)",OUTSIDE_COMPLETE_CONTINUOUS_MINUTE,2025-12-01 14:57:00,2025-12-01 14:58:00,17876.0,2.988,2.988,2.987,2.987,57,3160900.0,29880,29880,29870,29880,0,0,False,-3143024.0,True,True,True,False,False,False
512100,2025-12-01T14:57:00+08:00,"(t,t+60s]",OUTSIDE_COMPLETE_CONTINUOUS_MINUTE,2025-12-01 14:57:00,2025-12-01 14:58:00,17876.0,2.988,2.988,2.987,2.987,57,3160900.0,29880,29880,29870,29880,0,0,False,-3143024.0,True,True,True,False,False,False
512100,2025-12-01T14:58:00+08:00,"[t-60s,t)",OUTSIDE_COMPLETE_CONTINUOUS_MINUTE,2025-12-01 14:57:00,2025-12-01 14:58:00,31609.0,2.988,2.988,2.987,2.988,57,3160900.0,29880,29880,29870,29880,0,0,False,-3129291.0,True,True,True,True,True,False
512100,2025-12-01T14:58:00+08:00,"(t-60s,t]",OUTSIDE_COMPLETE_CONTINUOUS_MINUTE,2025-12-01 14:57:00,2025-12-01 14:58:00,31609.0,2.988,2.988,2.987,2.988,57,3160900.0,29880,29880,29870,29880,0,0,False,-3129291.0,True,True,True,True,True,False
512100,2025-12-01T14:58:00+08:00,"[t,t+60s)",OUTSIDE_COMPLETE_CONTINUOUS_MINUTE,2025-12-01 14:58:00,2025-12-01 14:59:00,31609.0,2.988,2.988,2.987,2.988,43,1969700.0,29870,29880,29870,29880,0,0,False,-1938091.0,False,True,True,True,False,False
512100,2025-12-01T14:58:00+08:00,"(t,t+60s]",OUTSIDE_COMPLETE_CONTINUOUS_MINUTE,2025-12-01 14:58:00,2025-12-01 14:59:00,31609.0,2.988,2.988,2.987,2.988,43,1969700.0,29870,29880,29870,29880,0,0,False,-1938091.0,False,True,True,True,False,False
512100,2025-12-01T14:59:00+08:00,"[t-60s,t)",OUTSIDE_COMPLETE_CONTINUOUS_MINUTE,2025-12-01 14:58:00,2025-12-01 14:59:00,19697.0,2.987,2.988,2.987,2.988,43,1969700.0,29870,29880,29870,29880,0,0,False,-1950003.0,True,True,True,True,True,False
512100,2025-12-01T14:59:00+08:00,"(t-60s,t]",OUTSIDE_COMPLETE_CONTINUOUS_MINUTE,2025-12-01 14:58:00,2025-12-01 14:59:00,19697.0,2.987,2.988,2.987,2.988,43,1969700.0,29870,29880,29870,29880,0,0,False,-1950003.0,True,True,True,True,True,False
512100,2025-12-01T14:59:00+08:00,"[t,t+60s)",OUTSIDE_COMPLETE_CONTINUOUS_MINUTE,2025-12-01 14:59:00,2025-12-01 15:00:00,19697.0,2.987,2.988,2.987,2.988,93,3661600.0,29870,29880,29860,29870,0,0,False,-3641903.0,True,True,False,False,False,False
512100,2025-12-01T14:59:00+08:00,"(t,t+60s]",OUTSIDE_COMPLETE_CONTINUOUS_MINUTE,2025-12-01 14:59:00,2025-12-01 15:00:00,19697.0,2.987,2.988,2.987,2.988,93,3661600.0,29870,29880,29860,29870,0,0,False,-3641903.0,True,True,False,False,False,False
512100,2025-12-01T15:00:00+08:00,"[t-60s,t)",OUTSIDE_COMPLETE_CONTINUOUS_MINUTE,2025-12-01 14:59:00,2025-12-01 15:00:00,36616.0,2.987,2.988,2.986,2.987,93,3661600.0,29870,29880,29860,29870,0,0,False,-3624984.0,True,True,True,True,True,False
512100,2025-12-01T15:00:00+08:00,"(t-60s,t]",OUTSIDE_COMPLETE_CONTINUOUS_MINUTE,2025-12-01 14:59:00,2025-12-01 15:00:00,36616.0,2.987,2.988,2.986,2.987,93,3661600.0,29870,29880,29860,29870,0,0,False,-3624984.0,True,True,True,True,True,False
512100,2025-12-01T15:00:00+08:00,"[t,t+60s)",OUTSIDE_COMPLETE_CONTINUOUS_MINUTE,2025-12-01 15:00:00,2025-12-01 15:01:00,36616.0,2.987,2.988,2.986,2.987,0,0.0,,,,,0,0,False,36616.0,,,,,,False
512100,2025-12-01T15:00:00+08:00,"(t,t+60s]",OUTSIDE_COMPLETE_CONTINUOUS_MINUTE,2025-12-01 15:00:00,2025-12-01 15:01:00,36616.0,2.987,2.988,2.986,2.987,0,0.0,,,,,0,0,False,36616.0,,,,,,False
588000,2025-12-01T09:30:00+08:00,"[t-60s,t)",OUTSIDE_COMPLETE_CONTINUOUS_MINUTE,2025-12-01 09:29:00,2025-12-01 09:30:00,97667.0,1.395,1.395,1.395,1.395,0,0.0,,,,,0,0,False,97667.0,,,,,,False
588000,2025-12-01T09:30:00+08:00,"(t-60s,t]",OUTSIDE_COMPLETE_CONTINUOUS_MINUTE,2025-12-01 09:29:00,2025-12-01 09:30:00,97667.0,1.395,1.395,1.395,1.395,0,0.0,,,,,0,0,False,97667.0,,,,,,False
588000,2025-12-01T09:30:00+08:00,"[t,t+60s)",continuous_am,2025-12-01 09:30:00,2025-12-01 09:31:00,97667.0,1.395,1.395,1.395,1.395,2133,36526000.0,13950,13970,13870,13870,0,0,False,-36428333.0,True,False,False,False,False,False
588000,2025-12-01T09:30:00+08:00,"(t,t+60s]",continuous_am,2025-12-01 09:30:00,2025-12-01 09:31:00,97667.0,1.395,1.395,1.395,1.395,2133,36526000.0,13950,13970,13870,13870,0,0,False,-36428333.0,True,False,False,False,False,False
588000,2025-12-01T09:31:00+08:00,"[t-60s,t)",continuous_am,2025-12-01 09:30:00,2025-12-01 09:31:00,358272.0,1.396,1.396,1.388,1.388,2133,36526000.0,13950,13970,13870,13870,0,0,False,-36167728.0,False,False,False,False,False,False
588000,2025-12-01T09:31:00+08:00,"(t-60s,t]",continuous_am,2025-12-01 09:30:00,2025-12-01 09:31:00,358272.0,1.396,1.396,1.388,1.388,2133,36526000.0,13950,13970,13870,13870,0,0,False,-36167728.0,False,False,False,False,False,False
588000,2025-12-01T09:31:00+08:00,"[t,t+60s)",continuous_am,2025-12-01 09:31:00,2025-12-01 09:32:00,358272.0,1.396,1.396,1.388,1.388,1285,41892155.0,13880,13880,13830,13870,0,13,False,-41533883.0,False,False,False,False,False,False
588000,2025-12-01T09:31:00+08:00,"(t,t+60s]",continuous_am,2025-12-01 09:31:00,2025-12-01 09:32:00,358272.0,1.396,1.396,1.388,1.388,1298,42892155.0,13880,13880,13830,13860,0,13,False,-42533883.0,False,False,False,False,False,False
588000,2025-12-01T09:32:00+08:00,"[t-60s,t)",continuous_am,2025-12-01 09:31:00,2025-12-01 09:32:00,420206.0,1.387,1.387,1.384,1.386,1285,41892155.0,13880,13880,13830,13870,0,13,False,-41471949.0,False,False,False,False,False,False
588000,2025-12-01T09:32:00+08:00,"(t-60s,t]",continuous_am,2025-12-01 09:31:00,2025-12-01 09:32:00,420206.0,1.387,1.387,1.384,1.386,1298,42892155.0,13880,13880,13830,13860,0,13,False,-42471949.0,False,False,False,True,False,False
588000,2025-12-01T09:32:00+08:00,"[t,t+60s)",continuous_am,2025-12-01 09:32:00,2025-12-01 09:33:00,420206.0,1.387,1.387,1.384,1.386,1205,28888900.0,13860,13880,13830,13870,13,0,False,-28468694.0,False,False,False,False,False,False
588000,2025-12-01T09:32:00+08:00,"(t,t+60s]",continuous_am,2025-12-01 09:32:00,2025-12-01 09:33:00,420206.0,1.387,1.387,1.384,1.386,1192,27888900.0,13870,13880,13830,13870,13,0,False,-27468694.0,True,False,False,False,False,False
588000,2025-12-01T09:33:00+08:00,"[t-60s,t)",continuous_am,2025-12-01 09:32:00,2025-12-01 09:33:00,287481.0,1.387,1.387,1.384,1.386,1205,28888900.0,13860,13880,13830,13870,13,0,False,-28601419.0,False,False,False,False,False,False
588000,2025-12-01T09:33:00+08:00,"(t-60s,t]",continuous_am,2025-12-01 09:32:00,2025-12-01 09:33:00,287481.0,1.387,1.387,1.384,1.386,1192,27888900.0,13870,13880,13830,13870,13,0,False,-27601419.0,True,False,False,False,False,False
588000,2025-12-01T09:33:00+08:00,"[t,t+60s)",continuous_am,2025-12-01 09:33:00,2025-12-01 09:34:00,287481.0,1.387,1.387,1.384,1.386,1737,46304800.0,13870,13880,13830,13830,0,0,False,-46017319.0,True,False,False,False,False,False
588000,2025-12-01T09:33:00+08:00,"(t,t+60s]",continuous_am,2025-12-01 09:33:00,2025-12-01 09:34:00,287481.0,1.387,1.387,1.384,1.386,1737,46304800.0,13870,13880,13830,13830,0,0,False,-46017319.0,True,False,False,False,False,False
588000,2025-12-01T09:34:00+08:00,"[t-60s,t)",continuous_am,2025-12-01 09:33:00,2025-12-01 09:34:00,396485.0,1.387,1.387,1.384,1.384,1737,46304800.0,13870,13880,13830,13830,0,0,False,-45908315.0,True,False,False,False,False,False
588000,2025-12-01T09:34:00+08:00,"(t-60s,t]",continuous_am,2025-12-01 09:33:00,2025-12-01 09:34:00,396485.0,1.387,1.387,1.384,1.384,1737,46304800.0,13870,13880,13830,13830,0,0,False,-45908315.0,True,False,False,False,False,False
588000,2025-12-01T09:34:00+08:00,"[t,t+60s)",continuous_am,2025-12-01 09:34:00,2025-12-01 09:35:00,396485.0,1.387,1.387,1.384,1.384,1581,37534900.0,13830,13850,13820,13820,0,0,False,-37138415.0,False,False,False,False,False,False
588000,2025-12-01T09:34:00+08:00,"(t,t+60s]",continuous_am,2025-12-01 09:34:00,2025-12-01 09:35:00,396485.0,1.387,1.387,1.384,1.384,1581,37534900.0,13830,13850,13820,13820,0,0,False,-37138415.0,False,False,False,False,False,False
588000,2025-12-01T09:35:00+08:00,"[t-60s,t)",continuous_am,2025-12-01 09:34:00,2025-12-01 09:35:00,444112.0,1.383,1.385,1.382,1.382,1581,37534900.0,13830,13850,13820,13820,0,0,False,-37090788.0,True,True,True,True,True,False
588000,2025-12-01T09:35:00+08:00,"(t-60s,t]",continuous_am,2025-12-01 09:34:00,2025-12-01 09:35:00,444112.0,1.383,1.385,1.382,1.382,1581,37534900.0,13830,13850,13820,13820,0,0,False,-37090788.0,True,True,True,True,True,False
588000,2025-12-01T09:35:00+08:00,"[t,t+60s)",continuous_am,2025-12-01 09:35:00,2025-12-01 09:36:00,444112.0,1.383,1.385,1.382,1.382,3254,55731800.0,13810,13820,13760,13770,0,0,False,-55287688.0,False,False,False,False,False,False
588000,2025-12-01T09:35:00+08:00,"(t,t+60s]",continuous_am,2025-12-01 09:35:00,2025-12-01 09:36:00,444112.0,1.383,1.385,1.382,1.382,3254,55731800.0,13810,13820,13760,13770,0,0,False,-55287688.0,False,False,False,False,False,False
588000,2025-12-01T09:36:00+08:00,"[t-60s,t)",continuous_am,2025-12-01 09:35:00,2025-12-01 09:36:00,544166.0,1.382,1.382,1.377,1.377,3254,55731800.0,13810,13820,13760,13770,0,0,False,-55187634.0,False,True,False,True,False,False
588000,2025-12-01T09:36:00+08:00,"(t-60s,t]",continuous_am,2025-12-01 09:35:00,2025-12-01 09:36:00,544166.0,1.382,1.382,1.377,1.377,3254,55731800.0,13810,13820,13760,13770,0,0,False,-55187634.0,False,True,False,True,False,False
588000,2025-12-01T09:36:00+08:00,"[t,t+60s)",continuous_am,2025-12-01 09:36:00,2025-12-01 09:37:00,544166.0,1.382,1.382,1.377,1.377,1812,40880200.0,13770,13790,13760,13760,0,2,False,-40336034.0,False,False,False,False,False,False
588000,2025-12-01T09:36:00+08:00,"(t,t+60s]",continuous_am,2025-12-01 09:36:00,2025-12-01 09:37:00,544166.0,1.382,1.382,1.377,1.377,1814,40924400.0,13770,13790,13760,13770,0,2,False,-40380234.0,False,False,False,True,False,False
588000,2025-12-01T09:37:00+08:00,"[t-60s,t)",continuous_am,2025-12-01 09:36:00,2025-12-01 09:37:00,404222.0,1.377,1.378,1.377,1.377,1812,40880200.0,13770,13790,13760,13760,0,2,False,-40475978.0,True,False,False,False,False,False
588000,2025-12-01T09:37:00+08:00,"(t-60s,t]",continuous_am,2025-12-01 09:36:00,2025-12-01 09:37:00,404222.0,1.377,1.378,1.377,1.377,1814,40924400.0,13770,13790,13760,13770,0,2,False,-40520178.0,True,False,False,True,False,False
588000,2025-12-01T09:37:00+08:00,"[t,t+60s)",continuous_am,2025-12-01 09:37:00,2025-12-01 09:38:00,404222.0,1.377,1.378,1.377,1.377,1103,28396600.0,13770,13820,13760,13810,2,0,False,-27992378.0,True,False,False,False,False,False
588000,2025-12-01T09:37:00+08:00,"(t,t+60s]",continuous_am,2025-12-01 09:37:00,2025-12-01 09:38:00,404222.0,1.377,1.378,1.377,1.377,1101,28352400.0,13770,13820,13760,13810,2,0,False,-27948178.0,True,False,False,False,False,False
588000,2025-12-01T09:38:00+08:00,"[t-60s,t)",continuous_am,2025-12-01 09:37:00,2025-12-01 09:38:00,299985.0,1.377,1.381,1.377,1.381,1103,28396600.0,13770,13820,13760,13810,2,0,False,-28096615.0,True,False,False,True,False,False
588000,2025-12-01T09:38:00+08:00,"(t-60s,t]",continuous_am,2025-12-01 09:37:00,2025-12-01 09:38:00,299985.0,1.377,1.381,1.377,1.381,1101,28352400.0,13770,13820,13760,13810,2,0,False,-28052415.0,True,False,False,True,False,False
588000,2025-12-01T09:38:00+08:00,"[t,t+60s)",continuous_am,2025-12-01 09:38:00,2025-12-01 09:39:00,299985.0,1.377,1.381,1.377,1.381,861,18896700.0,13810,13830,13800,13820,0,0,False,-18596715.0,False,False,False,False,False,False
588000,2025-12-01T09:38:00+08:00,"(t,t+60s]",continuous_am,2025-12-01 09:38:00,2025-12-01 09:39:00,299985.0,1.377,1.381,1.377,1.381,861,18896700.0,13810,13830,13800,13820,0,0,False,-18596715.0,False,False,False,False,False,False
588000,2025-12-01T09:39:00+08:00,"[t-60s,t)",continuous_am,2025-12-01 09:38:00,2025-12-01 09:39:00,186376.0,1.381,1.383,1.38,1.382,861,18896700.0,13810,13830,13800,13820,0,0,False,-18710324.0,True,True,True,True,True,False
588000,2025-12-01T09:39:00+08:00,"(t-60s,t]",continuous_am,2025-12-01 09:38:00,2025-12-01 09:39:00,186376.0,1.381,1.383,1.38,1.382,861,18896700.0,13810,13830,13800,13820,0,0,False,-18710324.0,True,True,True,True,True,False
588000,2025-12-01T09:39:00+08:00,"[t,t+60s)",continuous_am,2025-12-01 09:39:00,2025-12-01 09:40:00,186376.0,1.381,1.383,1.38,1.382,730,17745333.0,13820,13840,13800,13830,0,0,False,-17558957.0,False,False,True,False,False,False
588000,2025-12-01T09:39:00+08:00,"(t,t+60s]",continuous_am,2025-12-01 09:39:00,2025-12-01 09:40:00,186376.0,1.381,1.383,1.38,1.382,730,17745333.0,13820,13840,13800,13830,0,0,False,-17558957.0,False,False,True,False,False,False
588000,2025-12-01T09:40:00+08:00,"[t-60s,t)",continuous_am,2025-12-01 09:39:00,2025-12-01 09:40:00,184085.0,1.382,1.384,1.38,1.383,730,17745333.0,13820,13840,13800,13830,0,0,False,-17561248.0,True,True,True,True,True,False
588000,2025-12-01T09:40:00+08:00,"(t-60s,t]",continuous_am,2025-12-01 09:39:00,2025-12-01 09:40:00,184085.0,1.382,1.384,1.38,1.383,730,17745333.0,13820,13840,13800,13830,0,0,False,-17561248.0,True,True,True,True,True,False
588000,2025-12-01T09:40:00+08:00,"[t,t+60s)",continuous_am,2025-12-01 09:40:00,2025-12-01 09:41:00,184085.0,1.382,1.384,1.38,1.383,665,17007310.0,13830,13840,13810,13840,0,0,False,-16823225.0,False,True,False,False,False,False
588000,2025-12-01T09:40:00+08:00,"(t,t+60s]",continuous_am,2025-12-01 09:40:00,2025-12-01 09:41:00,184085.0,1.382,1.384,1.38,1.383,665,17007310.0,13830,13840,13810,13840,0,0,False,-16823225.0,False,True,False,False,False,False
588000,2025-12-01T09:41:00+08:00,"[t-60s,t)",continuous_am,2025-12-01 09:40:00,2025-12-01 09:41:00,171464.0,1.383,1.384,1.381,1.384,665,17007310.0,13830,13840,13810,13840,0,0,False,-16835846.0,True,True,True,True,True,False
588000,2025-12-01T09:41:00+08:00,"(t-60s,t]",continuous_am,2025-12-01 09:40:00,2025-12-01 09:41:00,171464.0,1.383,1.384,1.381,1.384,665,17007310.0,13830,13840,13810,13840,0,0,False,-16835846.0,True,True,True,True,True,False
588000,2025-12-01T09:41:00+08:00,"[t,t+60s)",continuous_am,2025-12-01 09:41:00,2025-12-01 09:42:00,171464.0,1.383,1.384,1.381,1.384,711,10720600.0,13840,13860,13830,13860,0,0,False,-10549136.0,False,False,False,False,False,False
588000,2025-12-01T09:41:00+08:00,"(t,t+60s]",continuous_am,2025-12-01 09:41:00,2025-12-01 09:42:00,171464.0,1.383,1.384,1.381,1.384,711,10720600.0,13840,13860,13830,13860,0,0,False,-10549136.0,False,False,False,False,False,False
588000,2025-12-01T09:42:00+08:00,"[t-60s,t)",continuous_am,2025-12-01 09:41:00,2025-12-01 09:42:00,103353.0,1.384,1.385,1.384,1.385,711,10720600.0,13840,13860,13830,13860,0,0,False,-10617247.0,True,False,False,False,False,False
588000,2025-12-01T09:42:00+08:00,"(t-60s,t]",continuous_am,2025-12-01 09:41:00,2025-12-01 09:42:00,103353.0,1.384,1.385,1.384,1.385,711,10720600.0,13840,13860,13830,13860,0,0,False,-10617247.0,True,False,False,False,False,False
588000,2025-12-01T09:42:00+08:00,"[t,t+60s)",continuous_am,2025-12-01 09:42:00,2025-12-01 09:43:00,103353.0,1.384,1.385,1.384,1.385,587,11322700.0,13850,13870,13850,13870,0,0,False,-11219347.0,False,False,False,False,False,False
588000,2025-12-01T09:42:00+08:00,"(t,t+60s]",continuous_am,2025-12-01 09:42:00,2025-12-01 09:43:00,103353.0,1.384,1.385,1.384,1.385,587,11322700.0,13850,13870,13850,13870,0,0,False,-11219347.0,False,False,False,False,False,False
588000,2025-12-01T09:43:00+08:00,"[t-60s,t)",continuous_am,2025-12-01 09:42:00,2025-12-01 09:43:00,117977.0,1.385,1.387,1.385,1.387,587,11322700.0,13850,13870,13850,13870,0,0,False,-11204723.0,True,True,True,True,True,False
588000,2025-12-01T09:43:00+08:00,"(t-60s,t]",continuous_am,2025-12-01 09:42:00,2025-12-01 09:43:00,117977.0,1.385,1.387,1.385,1.387,587,11322700.0,13850,13870,13850,13870,0,0,False,-11204723.0,True,True,True,True,True,False
588000,2025-12-01T09:43:00+08:00,"[t,t+60s)",continuous_am,2025-12-01 09:43:00,2025-12-01 09:44:00,117977.0,1.385,1.387,1.385,1.387,685,12302600.0,13870,13890,13870,13880,0,0,False,-12184623.0,False,False,False,False,False,False
588000,2025-12-01T09:43:00+08:00,"(t,t+60s]",continuous_am,2025-12-01 09:43:00,2025-12-01 09:44:00,117977.0,1.385,1.387,1.385,1.387,685,12302600.0,13870,13890,13870,13880,0,0,False,-12184623.0,False,False,False,False,False,False
588000,2025-12-01T09:44:00+08:00,"[t-60s,t)",continuous_am,2025-12-01 09:43:00,2025-12-01 09:44:00,121679.0,1.387,1.389,1.387,1.387,685,12302600.0,13870,13890,13870,13880,0,0,False,-12180921.0,True,True,True,False,False,False
588000,2025-12-01T09:44:00+08:00,"(t-60s,t]",continuous_am,2025-12-01 09:43:00,2025-12-01 09:44:00,121679.0,1.387,1.389,1.387,1.387,685,12302600.0,13870,13890,13870,13880,0,0,False,-12180921.0,True,True,True,False,False,False
588000,2025-12-01T09:44:00+08:00,"[t,t+60s)",continuous_am,2025-12-01 09:44:00,2025-12-01 09:45:00,121679.0,1.387,1.389,1.387,1.387,623,10913300.0,13870,13890,13870,13890,0,0,False,-10791621.0,True,True,True,False,False,False
588000,2025-12-01T09:44:00+08:00,"(t,t+60s]",continuous_am,2025-12-01 09:44:00,2025-12-01 09:45:00,121679.0,1.387,1.389,1.387,1.387,623,10913300.0,13870,13890,13870,13890,0,0,False,-10791621.0,True,True,True,False,False,False
588000,2025-12-01T09:45:00+08:00,"[t-60s,t)",continuous_am,2025-12-01 09:44:00,2025-12-01 09:45:00,108530.0,1.388,1.389,1.388,1.389,623,10913300.0,13870,13890,13870,13890,0,0,False,-10804770.0,False,True,False,True,False,False
588000,2025-12-01T09:45:00+08:00,"(t-60s,t]",continuous_am,2025-12-01 09:44:00,2025-12-01 09:45:00,108530.0,1.388,1.389,1.388,1.389,623,10913300.0,13870,13890,13870,13890,0,0,False,-10804770.0,False,True,False,True,False,False
588000,2025-12-01T09:45:00+08:00,"[t,t+60s)",continuous_am,2025-12-01 09:45:00,2025-12-01 09:46:00,108530.0,1.388,1.389,1.388,1.389,788,29997500.0,13890,13890,13850,13880,0,0,False,-29888970.0,False,True,False,False,False,False
588000,2025-12-01T09:45:00+08:00,"(t,t+60s]",continuous_am,2025-12-01 09:45:00,2025-12-01 09:46:00,108530.0,1.388,1.389,1.388,1.389,788,29997500.0,13890,13890,13850,13880,0,0,False,-29888970.0,False,True,False,False,False,False
588000,2025-12-01T09:46:00+08:00,"[t-60s,t)",continuous_am,2025-12-01 09:45:00,2025-12-01 09:46:00,295512.0,1.389,1.389,1.386,1.388,788,29997500.0,13890,13890,13850,13880,0,0,False,-29701988.0,True,True,False,True,False,False
588000,2025-12-01T09:46:00+08:00,"(t-60s,t]",continuous_am,2025-12-01 09:45:00,2025-12-01 09:46:00,295512.0,1.389,1.389,1.386,1.388,788,29997500.0,13890,13890,13850,13880,0,0,False,-29701988.0,True,True,False,True,False,False
588000,2025-12-01T09:46:00+08:00,"[t,t+60s)",continuous_am,2025-12-01 09:46:00,2025-12-01 09:47:00,295512.0,1.389,1.389,1.386,1.388,455,14789200.0,13880,13890,13860,13880,0,0,False,-14493688.0,False,True,True,True,False,False
588000,2025-12-01T09:46:00+08:00,"(t,t+60s]",continuous_am,2025-12-01 09:46:00,2025-12-01 09:47:00,295512.0,1.389,1.389,1.386,1.388,455,14789200.0,13880,13890,13860,13880,0,0,False,-14493688.0,False,True,True,True,False,False
588000,2025-12-01T09:47:00+08:00,"[t-60s,t)",continuous_am,2025-12-01 09:46:00,2025-12-01 09:47:00,151230.0,1.388,1.389,1.386,1.389,455,14789200.0,13880,13890,13860,13880,0,0,False,-14637970.0,True,True,True,False,False,False
588000,2025-12-01T09:47:00+08:00,"(t-60s,t]",continuous_am,2025-12-01 09:46:00,2025-12-01 09:47:00,151230.0,1.388,1.389,1.386,1.389,455,14789200.0,13880,13890,13860,13880,0,0,False,-14637970.0,True,True,True,False,False,False
588000,2025-12-01T09:47:00+08:00,"[t,t+60s)",continuous_am,2025-12-01 09:47:00,2025-12-01 09:48:00,151230.0,1.388,1.389,1.386,1.389,709,16766500.0,13890,13900,13870,13900,0,0,False,-16615270.0,False,False,False,False,False,False
588000,2025-12-01T09:47:00+08:00,"(t,t+60s]",continuous_am,2025-12-01 09:47:00,2025-12-01 09:48:00,151230.0,1.388,1.389,1.386,1.389,709,16766500.0,13890,13900,13870,13900,0,0,False,-16615270.0,False,False,False,False,False,False
588000,2025-12-01T09:48:00+08:00,"[t-60s,t)",continuous_am,2025-12-01 09:47:00,2025-12-01 09:48:00,160872.0,1.388,1.389,1.387,1.389,709,16766500.0,13890,13900,13870,13900,0,0,False,-16605628.0,False,False,True,False,False,False
588000,2025-12-01T09:48:00+08:00,"(t-60s,t]",continuous_am,2025-12-01 09:47:00,2025-12-01 09:48:00,160872.0,1.388,1.389,1.387,1.389,709,16766500.0,13890,13900,13870,13900,0,0,False,-16605628.0,False,False,True,False,False,False
588000,2025-12-01T09:48:00+08:00,"[t,t+60s)",continuous_am,2025-12-01 09:48:00,2025-12-01 09:49:00,160872.0,1.388,1.389,1.387,1.389,482,10926400.0,13900,13910,13880,13890,0,0,False,-10765528.0,False,False,False,True,False,False
588000,2025-12-01T09:48:00+08:00,"(t,t+60s]",continuous_am,2025-12-01 09:48:00,2025-12-01 09:49:00,160872.0,1.388,1.389,1.387,1.389,482,10926400.0,13900,13910,13880,13890,0,0,False,-10765528.0,False,False,False,True,False,False
588000,2025-12-01T09:49:00+08:00,"[t-60s,t)",continuous_am,2025-12-01 09:48:00,2025-12-01 09:49:00,117480.0,1.39,1.39,1.388,1.389,482,10926400.0,13900,13910,13880,13890,0,0,False,-10808920.0,True,False,True,True,False,False
588000,2025-12-01T09:49:00+08:00,"(t-60s,t]",continuous_am,2025-12-01 09:48:00,2025-12-01 09:49:00,117480.0,1.39,1.39,1.388,1.389,482,10926400.0,13900,13910,13880,13890,0,0,False,-10808920.0,True,False,True,True,False,False
588000,2025-12-01T09:49:00+08:00,"[t,t+60s)",continuous_am,2025-12-01 09:49:00,2025-12-01 09:50:00,117480.0,1.39,1.39,1.388,1.389,411,10790100.0,13880,13900,13870,13890,0,0,False,-10672620.0,False,True,False,True,False,False
588000,2025-12-01T09:49:00+08:00,"(t,t+60s]",continuous_am,2025-12-01 09:49:00,2025-12-01 09:50:00,117480.0,1.39,1.39,1.388,1.389,411,10790100.0,13880,13900,13870,13890,0,0,False,-10672620.0,False,True,False,True,False,False
588000,2025-12-01T09:50:00+08:00,"[t-60s,t)",continuous_am,2025-12-01 09:49:00,2025-12-01 09:50:00,107603.0,1.389,1.39,1.387,1.389,411,10790100.0,13880,13900,13870,13890,0,0,False,-10682497.0,False,True,True,True,False,False
588000,2025-12-01T09:50:00+08:00,"(t-60s,t]",continuous_am,2025-12-01 09:49:00,2025-12-01 09:50:00,107603.0,1.389,1.39,1.387,1.389,411,10790100.0,13880,13900,13870,13890,0,0,False,-10682497.0,False,True,True,True,False,False
588000,2025-12-01T09:50:00+08:00,"[t,t+60s)",continuous_am,2025-12-01 09:50:00,2025-12-01 09:51:00,107603.0,1.389,1.39,1.387,1.389,451,16368900.0,13890,13890,13870,13890,0,0,False,-16261297.0,True,False,True,True,False,False
588000,2025-12-01T09:50:00+08:00,"(t,t+60s]",continuous_am,2025-12-01 09:50:00,2025-12-01 09:51:00,107603.0,1.389,1.39,1.387,1.389,451,16368900.0,13890,13890,13870,13890,0,0,False,-16261297.0,True,False,True,True,False,False
588000,2025-12-01T09:51:00+08:00,"[t-60s,t)",continuous_am,2025-12-01 09:50:00,2025-12-01 09:51:00,164543.0,1.389,1.389,1.388,1.389,451,16368900.0,13890,13890,13870,13890,0,0,False,-16204357.0,True,True,False,True,False,False
588000,2025-12-01T09:51:00+08:00,"(t-60s,t]",continuous_am,2025-12-01 09:50:00,2025-12-01 09:51:00,164543.0,1.389,1.389,1.388,1.389,451,16368900.0,13890,13890,13870,13890,0,0,False,-16204357.0,True,True,False,True,False,False
588000,2025-12-01T09:51:00+08:00,"[t,t+60s)",continuous_am,2025-12-01 09:51:00,2025-12-01 09:52:00,164543.0,1.389,1.389,1.388,1.389,366,10304500.0,13890,13900,13870,13890,0,0,False,-10139957.0,True,False,False,True,False,False
588000,2025-12-01T09:51:00+08:00,"(t,t+60s]",continuous_am,2025-12-01 09:51:00,2025-12-01 09:52:00,164543.0,1.389,1.389,1.388,1.389,366,10304500.0,13890,13900,13870,13890,0,0,False,-10139957.0,True,False,False,True,False,False
588000,2025-12-01T09:52:00+08:00,"[t-60s,t)",continuous_am,2025-12-01 09:51:00,2025-12-01 09:52:00,103806.0,1.388,1.39,1.387,1.388,366,10304500.0,13890,13900,13870,13890,0,0,False,-10200694.0,False,True,True,False,False,False
588000,2025-12-01T09:52:00+08:00,"(t-60s,t]",continuous_am,2025-12-01 09:51:00,2025-12-01 09:52:00,103806.0,1.388,1.39,1.387,1.388,366,10304500.0,13890,13900,13870,13890,0,0,False,-10200694.0,False,True,True,False,False,False
588000,2025-12-01T09:52:00+08:00,"[t,t+60s)",continuous_am,2025-12-01 09:52:00,2025-12-01 09:53:00,103806.0,1.388,1.39,1.387,1.388,424,4949100.0,13880,13900,13880,13900,0,0,False,-4845294.0,True,True,False,False,False,False
588000,2025-12-01T09:52:00+08:00,"(t,t+60s]",continuous_am,2025-12-01 09:52:00,2025-12-01 09:53:00,103806.0,1.388,1.39,1.387,1.388,424,4949100.0,13880,13900,13880,13900,0,0,False,-4845294.0,True,True,False,False,False,False
588000,2025-12-01T09:53:00+08:00,"[t-60s,t)",continuous_am,2025-12-01 09:52:00,2025-12-01 09:53:00,48466.0,1.389,1.39,1.388,1.39,424,4949100.0,13880,13900,13880,13900,0,0,False,-4900634.0,False,True,True,True,False,False
588000,2025-12-01T09:53:00+08:00,"(t-60s,t]",continuous_am,2025-12-01 09:52:00,2025-12-01 09:53:00,48466.0,1.389,1.39,1.388,1.39,424,4949100.0,13880,13900,13880,13900,0,0,False,-4900634.0,False,True,True,True,False,False
588000,2025-12-01T09:53:00+08:00,"[t,t+60s)",continuous_am,2025-12-01 09:53:00,2025-12-01 09:54:00,48466.0,1.389,1.39,1.388,1.39,557,15563700.0,13900,13910,13890,13900,0,0,False,-15515234.0,False,False,False,True,False,False
588000,2025-12-01T09:53:00+08:00,"(t,t+60s]",continuous_am,2025-12-01 09:53:00,2025-12-01 09:54:00,48466.0,1.389,1.39,1.388,1.39,557,15563700.0,13900,13910,13890,13900,0,0,False,-15515234.0,False,False,False,True,False,False
588000,2025-12-01T09:54:00+08:00,"[t-60s,t)",continuous_am,2025-12-01 09:53:00,2025-12-01 09:54:00,150975.0,1.39,1.391,1.389,1.39,557,15563700.0,13900,13910,13890,13900,0,0,False,-15412725.0,True,True,True,True,True,False
588000,2025-12-01T09:54:00+08:00,"(t-60s,t]",continuous_am,2025-12-01 09:53:00,2025-12-01 09:54:00,150975.0,1.39,1.391,1.389,1.39,557,15563700.0,13900,13910,13890,13900,0,0,False,-15412725.0,True,True,True,True,True,False
588000,2025-12-01T09:54:00+08:00,"[t,t+60s)",continuous_am,2025-12-01 09:54:00,2025-12-01 09:55:00,150975.0,1.39,1.391,1.389,1.39,777,17709800.0,13900,13910,13860,13870,0,0,False,-17558825.0,True,True,False,False,False,False
588000,2025-12-01T09:54:00+08:00,"(t,t+60s]",continuous_am,2025-12-01 09:54:00,2025-12-01 09:55:00,150975.0,1.39,1.391,1.389,1.39,777,17709800.0,13900,13910,13860,13870,0,0,False,-17558825.0,True,True,False,False,False,False
588000,2025-12-01T09:55:00+08:00,"[t-60s,t)",continuous_am,2025-12-01 09:54:00,2025-12-01 09:55:00,182188.0,1.39,1.391,1.387,1.387,777,17709800.0,13900,13910,13860,13870,0,0,False,-17527612.0,True,True,False,True,False,False
588000,2025-12-01T09:55:00+08:00,"(t-60s,t]",continuous_am,2025-12-01 09:54:00,2025-12-01 09:55:00,182188.0,1.39,1.391,1.387,1.387,777,17709800.0,13900,13910,13860,13870,0,0,False,-17527612.0,True,True,False,True,False,False
588000,2025-12-01T09:55:00+08:00,"[t,t+60s)",continuous_am,2025-12-01 09:55:00,2025-12-01 09:56:00,182188.0,1.39,1.391,1.387,1.387,922,25025000.0,13860,13870,13840,13860,0,0,False,-24842812.0,False,False,False,False,False,False
588000,2025-12-01T09:55:00+08:00,"(t,t+60s]",continuous_am,2025-12-01 09:55:00,2025-12-01 09:56:00,182188.0,1.39,1.391,1.387,1.387,922,25025000.0,13860,13870,13840,13860,0,0,False,-24842812.0,False,False,False,False,False,False
588000,2025-12-01T09:56:00+08:00,"[t-60s,t)",continuous_am,2025-12-01 09:55:00,2025-12-01 09:56:00,182766.0,1.387,1.387,1.384,1.386,922,25025000.0,13860,13870,13840,13860,0,0,False,-24842234.0,False,True,True,True,False,False
588000,2025-12-01T09:56:00+08:00,"(t-60s,t]",continuous_am,2025-12-01 09:55:00,2025-12-01 09:56:00,182766.0,1.387,1.387,1.384,1.386,922,25025000.0,13860,13870,13840,13860,0,0,False,-24842234.0,False,True,True,True,False,False
588000,2025-12-01T09:56:00+08:00,"[t,t+60s)",continuous_am,2025-12-01 09:56:00,2025-12-01 09:57:00,182766.0,1.387,1.387,1.384,1.386,380,11144400.0,13860,13880,13850,13870,0,0,False,-10961634.0,False,False,False,False,False,False
588000,2025-12-01T09:56:00+08:00,"(t,t+60s]",continuous_am,2025-12-01 09:56:00,2025-12-01 09:57:00,182766.0,1.387,1.387,1.384,1.386,380,11144400.0,13860,13880,13850,13870,0,0,False,-10961634.0,False,False,False,False,False,False
588000,2025-12-01T09:57:00+08:00,"[t-60s,t)",continuous_am,2025-12-01 09:56:00,2025-12-01 09:57:00,179319.0,1.386,1.388,1.386,1.387,380,11144400.0,13860,13880,13850,13870,0,0,False,-10965081.0,True,True,False,True,False,False
588000,2025-12-01T09:57:00+08:00,"(t-60s,t]",continuous_am,2025-12-01 09:56:00,2025-12-01 09:57:00,179319.0,1.386,1.388,1.386,1.387,380,11144400.0,13860,13880,13850,13870,0,0,False,-10965081.0,True,True,False,True,False,False
588000,2025-12-01T09:57:00+08:00,"[t,t+60s)",continuous_am,2025-12-01 09:57:00,2025-12-01 09:58:00,179319.0,1.386,1.388,1.386,1.387,370,8340500.0,13860,13880,13850,13870,0,1,False,-8161181.0,True,True,False,True,False,False
588000,2025-12-01T09:57:00+08:00,"(t,t+60s]",continuous_am,2025-12-01 09:57:00,2025-12-01 09:58:00,179319.0,1.386,1.388,1.386,1.387,371,8346700.0,13860,13880,13850,13870,0,1,False,-8167381.0,True,True,False,True,False,False
588000,2025-12-01T09:58:00+08:00,"[t-60s,t)",continuous_am,2025-12-01 09:57:00,2025-12-01 09:58:00,83563.0,1.386,1.387,1.385,1.387,370,8340500.0,13860,13880,13850,13870,0,1,False,-8256937.0,True,False,True,True,False,False
588000,2025-12-01T09:58:00+08:00,"(t-60s,t]",continuous_am,2025-12-01 09:57:00,2025-12-01 09:58:00,83563.0,1.386,1.387,1.385,1.387,371,8346700.0,13860,13880,13850,13870,0,1,False,-8263137.0,True,False,True,True,False,False
588000,2025-12-01T09:58:00+08:00,"[t,t+60s)",continuous_am,2025-12-01 09:58:00,2025-12-01 09:59:00,83563.0,1.386,1.387,1.385,1.387,303,10509700.0,13870,13890,13870,13890,1,0,False,-10426137.0,False,False,False,False,False,False
588000,2025-12-01T09:58:00+08:00,"(t,t+60s]",continuous_am,2025-12-01 09:58:00,2025-12-01 09:59:00,83563.0,1.386,1.387,1.385,1.387,302,10503500.0,13880,13890,13870,13890,1,0,False,-10419937.0,False,False,False,False,False,False
588000,2025-12-01T09:59:00+08:00,"[t-60s,t)",continuous_am,2025-12-01 09:58:00,2025-12-01 09:59:00,105396.0,1.387,1.389,1.387,1.389,303,10509700.0,13870,13890,13870,13890,1,0,False,-10404304.0,True,True,True,True,True,False
588000,2025-12-01T09:59:00+08:00,"(t-60s,t]",continuous_am,2025-12-01 09:58:00,2025-12-01 09:59:00,105396.0,1.387,1.389,1.387,1.389,302,10503500.0,13880,13890,13870,13890,1,0,False,-10398104.0,False,True,True,True,False,False
588000,2025-12-01T09:59:00+08:00,"[t,t+60s)",continuous_am,2025-12-01 09:59:00,2025-12-01 10:00:00,105396.0,1.387,1.389,1.387,1.389,341,9899159.0,13890,13890,13860,13870,0,0,False,-9793763.0,False,True,False,False,False,False
588000,2025-12-01T09:59:00+08:00,"(t,t+60s]",continuous_am,2025-12-01 09:59:00,2025-12-01 10:00:00,105396.0,1.387,1.389,1.387,1.389,341,9899159.0,13890,13890,13860,13870,0,0,False,-9793763.0,False,True,False,False,False,False
588000,2025-12-01T10:00:00+08:00,"[t-60s,t)",continuous_am,2025-12-01 09:59:00,2025-12-01 10:00:00,97728.0,1.388,1.389,1.387,1.387,341,9899159.0,13890,13890,13860,13870,0,0,False,-9801431.0,False,True,False,True,False,False
588000,2025-12-01T10:00:00+08:00,"(t-60s,t]",continuous_am,2025-12-01 09:59:00,2025-12-01 10:00:00,97728.0,1.388,1.389,1.387,1.387,341,9899159.0,13890,13890,13860,13870,0,0,False,-9801431.0,False,True,False,True,False,False
588000,2025-12-01T10:00:00+08:00,"[t,t+60s)",continuous_am,2025-12-01 10:00:00,2025-12-01 10:01:00,97728.0,1.388,1.389,1.387,1.387,1255,31413983.0,13870,13870,13830,13840,0,0,False,-31316255.0,False,False,False,False,False,False
588000,2025-12-01T10:00:00+08:00,"(t,t+60s]",continuous_am,2025-12-01 10:00:00,2025-12-01 10:01:00,97728.0,1.388,1.389,1.387,1.387,1255,31413983.0,13870,13870,13830,13840,0,0,False,-31316255.0,False,False,False,False,False,False
588000,2025-12-01T10:01:00+08:00,"[t-60s,t)",continuous_am,2025-12-01 10:00:00,2025-12-01 10:01:00,294827.0,1.387,1.387,1.383,1.384,1255,31413983.0,13870,13870,13830,13840,0,0,False,-31119156.0,True,True,True,True,True,False
588000,2025-12-01T10:01:00+08:00,"(t-60s,t]",continuous_am,2025-12-01 10:00:00,2025-12-01 10:01:00,294827.0,1.387,1.387,1.383,1.384,1255,31413983.0,13870,13870,13830,13840,0,0,False,-31119156.0,True,True,True,True,True,False
588000,2025-12-01T10:01:00+08:00,"[t,t+60s)",continuous_am,2025-12-01 10:01:00,2025-12-01 10:02:00,294827.0,1.387,1.387,1.383,1.384,355,10015500.0,13840,13850,13830,13840,0,0,False,-9720673.0,False,False,True,True,False,False
588000,2025-12-01T10:01:00+08:00,"(t,t+60s]",continuous_am,2025-12-01 10:01:00,2025-12-01 10:02:00,294827.0,1.387,1.387,1.383,1.384,355,10015500.0,13840,13850,13830,13840,0,0,False,-9720673.0,False,False,True,True,False,False
588000,2025-12-01T10:02:00+08:00,"[t-60s,t)",continuous_am,2025-12-01 10:01:00,2025-12-01 10:02:00,118777.0,1.384,1.385,1.383,1.384,355,10015500.0,13840,13850,13830,13840,0,0,False,-9896723.0,True,True,True,True,True,False
588000,2025-12-01T10:02:00+08:00,"(t-60s,t]",continuous_am,2025-12-01 10:01:00,2025-12-01 10:02:00,118777.0,1.384,1.385,1.383,1.384,355,10015500.0,13840,13850,13830,13840,0,0,False,-9896723.0,True,True,True,True,True,False
588000,2025-12-01T10:02:00+08:00,"[t,t+60s)",continuous_am,2025-12-01 10:02:00,2025-12-01 10:03:00,118777.0,1.384,1.385,1.383,1.384,275,9272800.0,13840,13870,13840,13870,0,0,False,-9154023.0,True,False,False,False,False,False
588000,2025-12-01T10:02:00+08:00,"(t,t+60s]",continuous_am,2025-12-01 10:02:00,2025-12-01 10:03:00,118777.0,1.384,1.385,1.383,1.384,275,9272800.0,13840,13870,13840,13870,0,0,False,-9154023.0,True,False,False,False,False,False
588000,2025-12-01T10:03:00+08:00,"[t-60s,t)",continuous_am,2025-12-01 10:02:00,2025-12-01 10:03:00,70093.0,1.385,1.386,1.385,1.386,275,9272800.0,13840,13870,13840,13870,0,0,False,-9202707.0,False,False,False,False,False,False
588000,2025-12-01T10:03:00+08:00,"(t-60s,t]",continuous_am,2025-12-01 10:02:00,2025-12-01 10:03:00,70093.0,1.385,1.386,1.385,1.386,275,9272800.0,13840,13870,13840,13870,0,0,False,-9202707.0,False,False,False,False,False,False
588000,2025-12-01T10:03:00+08:00,"[t,t+60s)",continuous_am,2025-12-01 10:03:00,2025-12-01 10:04:00,70093.0,1.385,1.386,1.385,1.386,220,5258800.0,13870,13880,13860,13870,0,0,False,-5188707.0,False,False,False,False,False,False
588000,2025-12-01T10:03:00+08:00,"(t,t+60s]",continuous_am,2025-12-01 10:03:00,2025-12-01 10:04:00,70093.0,1.385,1.386,1.385,1.386,220,5258800.0,13870,13880,13860,13870,0,0,False,-5188707.0,False,False,False,False,False,False
588000,2025-12-01T10:04:00+08:00,"[t-60s,t)",continuous_am,2025-12-01 10:03:00,2025-12-01 10:04:00,76405.0,1.387,1.388,1.386,1.387,220,5258800.0,13870,13880,13860,13870,0,0,False,-5182395.0,True,True,True,True,True,False
588000,2025-12-01T10:04:00+08:00,"(t-60s,t]",continuous_am,2025-12-01 10:03:00,2025-12-01 10:04:00,76405.0,1.387,1.388,1.386,1.387,220,5258800.0,13870,13880,13860,13870,0,0,False,-5182395.0,True,True,True,True,True,False
588000,2025-12-01T10:04:00+08:00,"[t,t+60s)",continuous_am,2025-12-01 10:04:00,2025-12-01 10:05:00,76405.0,1.387,1.388,1.386,1.387,296,5552700.0,13870,13880,13850,13880,0,0,False,-5476295.0,True,True,False,False,False,False
588000,2025-12-01T10:04:00+08:00,"(t,t+60s]",continuous_am,2025-12-01 10:04:00,2025-12-01 10:05:00,76405.0,1.387,1.388,1.386,1.387,296,5552700.0,13870,13880,13850,13880,0,0,False,-5476295.0,True,True,False,False,False,False
588000,2025-12-01T10:05:00+08:00,"[t-60s,t)",continuous_am,2025-12-01 10:04:00,2025-12-01 10:05:00,54827.0,1.386,1.388,1.386,1.388,296,5552700.0,13870,13880,13850,13880,0,0,False,-5497873.0,False,True,False,True,False,False
588000,2025-12-01T10:05:00+08:00,"(t-60s,t]",continuous_am,2025-12-01 10:04:00,2025-12-01 10:05:00,54827.0,1.386,1.388,1.386,1.388,296,5552700.0,13870,13880,13850,13880,0,0,False,-5497873.0,False,True,False,True,False,False
588000,2025-12-01T10:05:00+08:00,"[t,t+60s)",continuous_am,2025-12-01 10:05:00,2025-12-01 10:06:00,54827.0,1.386,1.388,1.386,1.388,315,5782600.0,13880,13880,13850,13860,0,0,False,-5727773.0,False,True,False,False,False,False
588000,2025-12-01T10:05:00+08:00,"(t,t+60s]",continuous_am,2025-12-01 10:05:00,2025-12-01 10:06:00,54827.0,1.386,1.388,1.386,1.388,315,5782600.0,13880,13880,13850,13860,0,0,False,-5727773.0,False,True,False,False,False,False
588000,2025-12-01T10:06:00+08:00,"[t-60s,t)",continuous_am,2025-12-01 10:05:00,2025-12-01 10:06:00,50962.0,1.388,1.388,1.386,1.387,315,5782600.0,13880,13880,13850,13860,0,0,False,-5731638.0,True,True,False,False,False,False
588000,2025-12-01T10:06:00+08:00,"(t-60s,t]",continuous_am,2025-12-01 10:05:00,2025-12-01 10:06:00,50962.0,1.388,1.388,1.386,1.387,315,5782600.0,13880,13880,13850,13860,0,0,False,-5731638.0,True,True,False,False,False,False
588000,2025-12-01T10:06:00+08:00,"[t,t+60s)",continuous_am,2025-12-01 10:06:00,2025-12-01 10:07:00,50962.0,1.388,1.388,1.386,1.387,709,12142800.0,13860,13860,13830,13830,0,0,False,-12091838.0,False,False,False,False,False,False
588000,2025-12-01T10:06:00+08:00,"(t,t+60s]",continuous_am,2025-12-01 10:06:00,2025-12-01 10:07:00,50962.0,1.388,1.388,1.386,1.387,709,12142800.0,13860,13860,13830,13830,0,0,False,-12091838.0,False,False,False,False,False,False
588000,2025-12-01T10:07:00+08:00,"[t-60s,t)",continuous_am,2025-12-01 10:06:00,2025-12-01 10:07:00,125921.0,1.386,1.386,1.383,1.384,709,12142800.0,13860,13860,13830,13830,0,0,False,-12016879.0,True,True,True,False,False,False
588000,2025-12-01T10:07:00+08:00,"(t-60s,t]",continuous_am,2025-12-01 10:06:00,2025-12-01 10:07:00,125921.0,1.386,1.386,1.383,1.384,709,12142800.0,13860,13860,13830,13830,0,0,False,-12016879.0,True,True,True,False,False,False
588000,2025-12-01T10:07:00+08:00,"[t,t+60s)",continuous_am,2025-12-01 10:07:00,2025-12-01 10:08:00,125921.0,1.386,1.386,1.383,1.384,288,11864600.0,13840,13850,13830,13840,0,0,False,-11738679.0,False,False,True,True,False,False
588000,2025-12-01T10:07:00+08:00,"(t,t+60s]",continuous_am,2025-12-01 10:07:00,2025-12-01 10:08:00,125921.0,1.386,1.386,1.383,1.384,288,11864600.0,13840,13850,13830,13840,0,0,False,-11738679.0,False,False,True,True,False,False
588000,2025-12-01T10:08:00+08:00,"[t-60s,t)",continuous_am,2025-12-01 10:07:00,2025-12-01 10:08:00,122640.0,1.383,1.385,1.383,1.384,288,11864600.0,13840,13850,13830,13840,0,0,False,-11741960.0,False,True,True,True,False,False
588000,2025-12-01T10:08:00+08:00,"(t-60s,t]",continuous_am,2025-12-01 10:07:00,2025-12-01 10:08:00,122640.0,1.383,1.385,1.383,1.384,288,11864600.0,13840,13850,13830,13840,0,0,False,-11741960.0,False,True,True,True,False,False
588000,2025-12-01T10:08:00+08:00,"[t,t+60s)",continuous_am,2025-12-01 10:08:00,2025-12-01 10:09:00,122640.0,1.383,1.385,1.383,1.384,315,10602200.0,13840,13850,13840,13850,0,0,False,-10479560.0,False,True,False,False,False,False
588000,2025-12-01T10:08:00+08:00,"(t,t+60s]",continuous_am,2025-12-01 10:08:00,2025-12-01 10:09:00,122640.0,1.383,1.385,1.383,1.384,315,10602200.0,13840,13850,13840,13850,0,0,False,-10479560.0,False,True,False,False,False,False
588000,2025-12-01T10:09:00+08:00,"[t-60s,t)",continuous_am,2025-12-01 10:08:00,2025-12-01 10:09:00,96736.0,1.384,1.385,1.384,1.384,315,10602200.0,13840,13850,13840,13850,0,0,False,-10505464.0,True,True,True,False,False,False
588000,2025-12-01T10:09:00+08:00,"(t-60s,t]",continuous_am,2025-12-01 10:08:00,2025-12-01 10:09:00,96736.0,1.384,1.385,1.384,1.384,315,10602200.0,13840,13850,13840,13850,0,0,False,-10505464.0,True,True,True,False,False,False
588000,2025-12-01T10:09:00+08:00,"[t,t+60s)",continuous_am,2025-12-01 10:09:00,2025-12-01 10:10:00,96736.0,1.384,1.385,1.384,1.384,277,15151000.0,13850,13850,13830,13840,0,0,False,-15054264.0,False,True,False,True,False,False
588000,2025-12-01T10:09:00+08:00,"(t,t+60s]",continuous_am,2025-12-01 10:09:00,2025-12-01 10:10:00,96736.0,1.384,1.385,1.384,1.384,277,15151000.0,13850,13850,13830,13840,0,0,False,-15054264.0,False,True,False,True,False,False
588000,2025-12-01T10:10:00+08:00,"[t-60s,t)",continuous_am,2025-12-01 10:09:00,2025-12-01 10:10:00,160393.0,1.385,1.385,1.384,1.384,277,15151000.0,13850,13850,13830,13840,0,0,False,-14990607.0,True,True,False,True,False,False
588000,2025-12-01T10:10:00+08:00,"(t-60s,t]",continuous_am,2025-12-01 10:09:00,2025-12-01 10:10:00,160393.0,1.385,1.385,1.384,1.384,277,15151000.0,13850,13850,13830,13840,0,0,False,-14990607.0,True,True,False,True,False,False
588000,2025-12-01T10:10:00+08:00,"[t,t+60s)",continuous_am,2025-12-01 10:10:00,2025-12-01 10:11:00,160393.0,1.385,1.385,1.384,1.384,1028,17944100.0,13840,13840,13810,13820,0,0,False,-17783707.0,False,False,False,False,False,False
588000,2025-12-01T10:10:00+08:00,"(t,t+60s]",continuous_am,2025-12-01 10:10:00,2025-12-01 10:11:00,160393.0,1.385,1.385,1.384,1.384,1028,17944100.0,13840,13840,13810,13820,0,0,False,-17783707.0,False,False,False,False,False,False
588000,2025-12-01T10:11:00+08:00,"[t-60s,t)",continuous_am,2025-12-01 10:10:00,2025-12-01 10:11:00,178456.0,1.384,1.384,1.381,1.382,1028,17944100.0,13840,13840,13810,13820,0,0,False,-17765644.0,True,True,True,True,True,False
588000,2025-12-01T10:11:00+08:00,"(t-60s,t]",continuous_am,2025-12-01 10:10:00,2025-12-01 10:11:00,178456.0,1.384,1.384,1.381,1.382,1028,17944100.0,13840,13840,13810,13820,0,0,False,-17765644.0,True,True,True,True,True,False
588000,2025-12-01T10:11:00+08:00,"[t,t+60s)",continuous_am,2025-12-01 10:11:00,2025-12-01 10:12:00,178456.0,1.384,1.384,1.381,1.382,298,4696700.0,13820,13830,13810,13830,0,0,False,-4518244.0,False,False,True,False,False,False
588000,2025-12-01T10:11:00+08:00,"(t,t+60s]",continuous_am,2025-12-01 10:11:00,2025-12-01 10:12:00,178456.0,1.384,1.384,1.381,1.382,298,4696700.0,13820,13830,13810,13830,0,0,False,-4518244.0,False,False,True,False,False,False
588000,2025-12-01T10:12:00+08:00,"[t-60s,t)",continuous_am,2025-12-01 10:11:00,2025-12-01 10:12:00,48092.0,1.382,1.383,1.381,1.382,298,4696700.0,13820,13830,13810,13830,0,0,False,-4648608.0,True,True,True,False,False,False
588000,2025-12-01T10:12:00+08:00,"(t-60s,t]",continuous_am,2025-12-01 10:11:00,2025-12-01 10:12:00,48092.0,1.382,1.383,1.381,1.382,298,4696700.0,13820,13830,13810,13830,0,0,False,-4648608.0,True,True,True,False,False,False
588000,2025-12-01T10:12:00+08:00,"[t,t+60s)",continuous_am,2025-12-01 10:12:00,2025-12-01 10:13:00,48092.0,1.382,1.383,1.381,1.382,284,5681200.0,13830,13850,13820,13840,0,0,False,-5633108.0,False,False,False,False,False,False
588000,2025-12-01T10:12:00+08:00,"(t,t+60s]",continuous_am,2025-12-01 10:12:00,2025-12-01 10:13:00,48092.0,1.382,1.383,1.381,1.382,284,5681200.0,13830,13850,13820,13840,0,0,False,-5633108.0,False,False,False,False,False,False
588000,2025-12-01T10:13:00+08:00,"[t-60s,t)",continuous_am,2025-12-01 10:12:00,2025-12-01 10:13:00,56096.0,1.383,1.385,1.382,1.383,284,5681200.0,13830,13850,13820,13840,0,0,False,-5625104.0,True,True,True,False,False,False
588000,2025-12-01T10:13:00+08:00,"(t-60s,t]",continuous_am,2025-12-01 10:12:00,2025-12-01 10:13:00,56096.0,1.383,1.385,1.382,1.383,284,5681200.0,13830,13850,13820,13840,0,0,False,-5625104.0,True,True,True,False,False,False
588000,2025-12-01T10:13:00+08:00,"[t,t+60s)",continuous_am,2025-12-01 10:13:00,2025-12-01 10:14:00,56096.0,1.383,1.385,1.382,1.383,249,9154700.0,13840,13860,13840,13850,0,0,False,-9098604.0,False,False,False,False,False,False
588000,2025-12-01T10:13:00+08:00,"(t,t+60s]",continuous_am,2025-12-01 10:13:00,2025-12-01 10:14:00,56096.0,1.383,1.385,1.382,1.383,249,9154700.0,13840,13860,13840,13850,0,0,False,-9098604.0,False,False,False,False,False,False
588000,2025-12-01T10:14:00+08:00,"[t-60s,t)",continuous_am,2025-12-01 10:13:00,2025-12-01 10:14:00,85820.0,1.384,1.386,1.384,1.385,249,9154700.0,13840,13860,13840,13850,0,0,False,-9068880.0,True,True,True,True,True,False
588000,2025-12-01T10:14:00+08:00,"(t-60s,t]",continuous_am,2025-12-01 10:13:00,2025-12-01 10:14:00,85820.0,1.384,1.386,1.384,1.385,249,9154700.0,13840,13860,13840,13850,0,0,False,-9068880.0,True,True,True,True,True,False
588000,2025-12-01T10:14:00+08:00,"[t,t+60s)",continuous_am,2025-12-01 10:14:00,2025-12-01 10:15:00,85820.0,1.384,1.386,1.384,1.385,197,3024600.0,13850,13850,13830,13840,0,0,False,-2938780.0,False,False,False,False,False,False
588000,2025-12-01T10:14:00+08:00,"(t,t+60s]",continuous_am,2025-12-01 10:14:00,2025-12-01 10:15:00,85820.0,1.384,1.386,1.384,1.385,197,3024600.0,13850,13850,13830,13840,0,0,False,-2938780.0,False,False,False,False,False,False
588000,2025-12-01T10:15:00+08:00,"[t-60s,t)",continuous_am,2025-12-01 10:14:00,2025-12-01 10:15:00,36212.0,1.385,1.385,1.383,1.384,197,3024600.0,13850,13850,13830,13840,0,0,False,-2988388.0,True,True,True,True,True,False
588000,2025-12-01T10:15:00+08:00,"(t-60s,t]",continuous_am,2025-12-01 10:14:00,2025-12-01 10:15:00,36212.0,1.385,1.385,1.383,1.384,197,3024600.0,13850,13850,13830,13840,0,0,False,-2988388.0,True,True,True,True,True,False
588000,2025-12-01T10:15:00+08:00,"[t,t+60s)",continuous_am,2025-12-01 10:15:00,2025-12-01 10:16:00,36212.0,1.385,1.385,1.383,1.384,264,4567600.0,13840,13860,13830,13850,0,0,False,-4531388.0,False,False,True,False,False,False
588000,2025-12-01T10:15:00+08:00,"(t,t+60s]",continuous_am,2025-12-01 10:15:00,2025-12-01 10:16:00,36212.0,1.385,1.385,1.383,1.384,264,4567600.0,13840,13860,13830,13850,0,0,False,-4531388.0,False,False,True,False,False,False
588000,2025-12-01T10:16:00+08:00,"[t-60s,t)",continuous_am,2025-12-01 10:15:00,2025-12-01 10:16:00,45338.0,1.383,1.385,1.383,1.384,264,4567600.0,13840,13860,13830,13850,0,0,False,-4522262.0,False,False,True,False,False,False
588000,2025-12-01T10:16:00+08:00,"(t-60s,t]",continuous_am,2025-12-01 10:15:00,2025-12-01 10:16:00,45338.0,1.383,1.385,1.383,1.384,264,4567600.0,13840,13860,13830,13850,0,0,False,-4522262.0,False,False,True,False,False,False
588000,2025-12-01T10:16:00+08:00,"[t,t+60s)",continuous_am,2025-12-01 10:16:00,2025-12-01 10:17:00,45338.0,1.383,1.385,1.383,1.384,197,4282400.0,13850,13850,13840,13850,0,0,False,-4237062.0,False,True,False,False,False,False
588000,2025-12-01T10:16:00+08:00,"(t,t+60s]",continuous_am,2025-12-01 10:16:00,2025-12-01 10:17:00,45338.0,1.383,1.385,1.383,1.384,197,4282400.0,13850,13850,13840,13850,0,0,False,-4237062.0,False,True,False,False,False,False
588000,2025-12-01T10:17:00+08:00,"[t-60s,t)",continuous_am,2025-12-01 10:16:00,2025-12-01 10:17:00,44131.0,1.385,1.385,1.385,1.385,197,4282400.0,13850,13850,13840,13850,0,0,False,-4238269.0,True,True,False,True,False,False
588000,2025-12-01T10:17:00+08:00,"(t-60s,t]",continuous_am,2025-12-01 10:16:00,2025-12-01 10:17:00,44131.0,1.385,1.385,1.385,1.385,197,4282400.0,13850,13850,13840,13850,0,0,False,-4238269.0,True,True,False,True,False,False
588000,2025-12-01T10:17:00+08:00,"[t,t+60s)",continuous_am,2025-12-01 10:17:00,2025-12-01 10:18:00,44131.0,1.385,1.385,1.385,1.385,409,17417700.0,13850,13860,13830,13840,0,0,False,-17373569.0,True,False,False,False,False,False
588000,2025-12-01T10:17:00+08:00,"(t,t+60s]",continuous_am,2025-12-01 10:17:00,2025-12-01 10:18:00,44131.0,1.385,1.385,1.385,1.385,409,17417700.0,13850,13860,13830,13840,0,0,False,-17373569.0,True,False,False,False,False,False
588000,2025-12-01T10:18:00+08:00,"[t-60s,t)",continuous_am,2025-12-01 10:17:00,2025-12-01 10:18:00,174170.0,1.385,1.386,1.383,1.384,409,17417700.0,13850,13860,13830,13840,0,0,False,-17243530.0,True,True,True,True,True,False
588000,2025-12-01T10:18:00+08:00,"(t-60s,t]",continuous_am,2025-12-01 10:17:00,2025-12-01 10:18:00,174170.0,1.385,1.386,1.383,1.384,409,17417700.0,13850,13860,13830,13840,0,0,False,-17243530.0,True,True,True,True,True,False
588000,2025-12-01T10:18:00+08:00,"[t,t+60s)",continuous_am,2025-12-01 10:18:00,2025-12-01 10:19:00,174170.0,1.385,1.386,1.383,1.384,326,9052200.0,13840,13840,13820,13820,0,0,False,-8878030.0,False,False,False,False,False,False
588000,2025-12-01T10:18:00+08:00,"(t,t+60s]",continuous_am,2025-12-01 10:18:00,2025-12-01 10:19:00,174170.0,1.385,1.386,1.383,1.384,326,9052200.0,13840,13840,13820,13820,0,0,False,-8878030.0,False,False,False,False,False,False
588000,2025-12-01T10:19:00+08:00,"[t-60s,t)",continuous_am,2025-12-01 10:18:00,2025-12-01 10:19:00,89906.0,1.384,1.384,1.382,1.383,326,9052200.0,13840,13840,13820,13820,0,0,False,-8962294.0,True,True,True,False,False,False
588000,2025-12-01T10:19:00+08:00,"(t-60s,t]",continuous_am,2025-12-01 10:18:00,2025-12-01 10:19:00,89906.0,1.384,1.384,1.382,1.383,326,9052200.0,13840,13840,13820,13820,0,0,False,-8962294.0,True,True,True,False,False,False
588000,2025-12-01T10:19:00+08:00,"[t,t+60s)",continuous_am,2025-12-01 10:19:00,2025-12-01 10:20:00,89906.0,1.384,1.384,1.382,1.383,282,17069200.0,13820,13850,13820,13840,0,0,False,-16979294.0,False,False,True,False,False,False
588000,2025-12-01T10:19:00+08:00,"(t,t+60s]",continuous_am,2025-12-01 10:19:00,2025-12-01 10:20:00,89906.0,1.384,1.384,1.382,1.383,282,17069200.0,13820,13850,13820,13840,0,0,False,-16979294.0,False,False,True,False,False,False
588000,2025-12-01T10:20:00+08:00,"[t-60s,t)",continuous_am,2025-12-01 10:19:00,2025-12-01 10:20:00,171215.0,1.382,1.384,1.382,1.384,282,17069200.0,13820,13850,13820,13840,0,0,False,-16897985.0,True,False,True,True,False,False
588000,2025-12-01T10:20:00+08:00,"(t-60s,t]",continuous_am,2025-12-01 10:19:00,2025-12-01 10:20:00,171215.0,1.382,1.384,1.382,1.384,282,17069200.0,13820,13850,13820,13840,0,0,False,-16897985.0,True,False,True,True,False,False
588000,2025-12-01T10:20:00+08:00,"[t,t+60s)",continuous_am,2025-12-01 10:20:00,2025-12-01 10:21:00,171215.0,1.382,1.384,1.382,1.384,240,7602536.0,13840,13840,13820,13830,0,1,False,-7431321.0,False,True,True,False,False,False
588000,2025-12-01T10:20:00+08:00,"(t,t+60s]",continuous_am,2025-12-01 10:20:00,2025-12-01 10:21:00,171215.0,1.382,1.384,1.382,1.384,241,7607036.0,13840,13840,13820,13830,0,1,False,-7435821.0,False,True,True,False,False,False
588000,2025-12-01T10:21:00+08:00,"[t-60s,t)",continuous_am,2025-12-01 10:20:00,2025-12-01 10:21:00,75456.0,1.384,1.384,1.382,1.383,240,7602536.0,13840,13840,13820,13830,0,1,False,-7527080.0,True,True,True,True,True,False
588000,2025-12-01T10:21:00+08:00,"(t-60s,t]",continuous_am,2025-12-01 10:20:00,2025-12-01 10:21:00,75456.0,1.384,1.384,1.382,1.383,241,7607036.0,13840,13840,13820,13830,0,1,False,-7531580.0,True,True,True,True,True,False
588000,2025-12-01T10:21:00+08:00,"[t,t+60s)",continuous_am,2025-12-01 10:21:00,2025-12-01 10:22:00,75456.0,1.384,1.384,1.382,1.383,207,12812700.0,13830,13850,13820,13830,1,0,False,-12737244.0,False,False,True,True,False,False
588000,2025-12-01T10:21:00+08:00,"(t,t+60s]",continuous_am,2025-12-01 10:21:00,2025-12-01 10:22:00,75456.0,1.384,1.384,1.382,1.383,206,12808200.0,13820,13850,13820,13830,1,0,False,-12732744.0,False,False,True,True,False,False
588000,2025-12-01T10:22:00+08:00,"[t-60s,t)",continuous_am,2025-12-01 10:21:00,2025-12-01 10:22:00,122148.0,1.383,1.385,1.382,1.385,207,12812700.0,13830,13850,13820,13830,1,0,False,-12690552.0,True,True,True,False,False,False
588000,2025-12-01T10:22:00+08:00,"(t-60s,t]",continuous_am,2025-12-01 10:21:00,2025-12-01 10:22:00,122148.0,1.383,1.385,1.382,1.385,206,12808200.0,13820,13850,13820,13830,1,0,False,-12686052.0,False,True,True,False,False,False
588000,2025-12-01T10:22:00+08:00,"[t,t+60s)",continuous_am,2025-12-01 10:22:00,2025-12-01 10:23:00,122148.0,1.383,1.385,1.382,1.385,262,6700800.0,13840,13850,13830,13830,0,0,False,-6578652.0,False,True,False,False,False,False
588000,2025-12-01T10:22:00+08:00,"(t,t+60s]",continuous_am,2025-12-01 10:22:00,2025-12-01 10:23:00,122148.0,1.383,1.385,1.382,1.385,262,6700800.0,13840,13850,13830,13830,0,0,False,-6578652.0,False,True,False,False,False,False
588000,2025-12-01T10:23:00+08:00,"[t-60s,t)",continuous_am,2025-12-01 10:22:00,2025-12-01 10:23:00,73306.0,1.384,1.385,1.383,1.384,262,6700800.0,13840,13850,13830,13830,0,0,False,-6627494.0,True,True,True,False,False,False
588000,2025-12-01T10:23:00+08:00,"(t-60s,t]",continuous_am,2025-12-01 10:22:00,2025-12-01 10:23:00,73306.0,1.384,1.385,1.383,1.384,262,6700800.0,13840,13850,13830,13830,0,0,False,-6627494.0,True,True,True,False,False,False
588000,2025-12-01T10:23:00+08:00,"[t,t+60s)",continuous_am,2025-12-01 10:23:00,2025-12-01 10:24:00,73306.0,1.384,1.385,1.383,1.384,428,8339564.0,13830,13840,13810,13820,0,0,False,-8266258.0,False,False,False,False,False,False
588000,2025-12-01T10:23:00+08:00,"(t,t+60s]",continuous_am,2025-12-01 10:23:00,2025-12-01 10:24:00,73306.0,1.384,1.385,1.383,1.384,428,8339564.0,13830,13840,13810,13820,0,0,False,-8266258.0,False,False,False,False,False,False
588000,2025-12-01T10:24:00+08:00,"[t-60s,t)",continuous_am,2025-12-01 10:23:00,2025-12-01 10:24:00,82857.0,1.383,1.384,1.381,1.382,428,8339564.0,13830,13840,13810,13820,0,0,False,-8256707.0,True,True,True,True,True,False
588000,2025-12-01T10:24:00+08:00,"(t-60s,t]",continuous_am,2025-12-01 10:23:00,2025-12-01 10:24:00,82857.0,1.383,1.384,1.381,1.382,428,8339564.0,13830,13840,13810,13820,0,0,False,-8256707.0,True,True,True,True,True,False
588000,2025-12-01T10:24:00+08:00,"[t,t+60s)",continuous_am,2025-12-01 10:24:00,2025-12-01 10:25:00,82857.0,1.383,1.384,1.381,1.382,775,13521290.0,13820,13820,13800,13800,0,0,False,-13438433.0,False,False,False,False,False,False
588000,2025-12-01T10:24:00+08:00,"(t,t+60s]",continuous_am,2025-12-01 10:24:00,2025-12-01 10:25:00,82857.0,1.383,1.384,1.381,1.382,775,13521290.0,13820,13820,13800,13800,0,0,False,-13438433.0,False,False,False,False,False,False
588000,2025-12-01T10:25:00+08:00,"[t-60s,t)",continuous_am,2025-12-01 10:24:00,2025-12-01 10:25:00,135463.0,1.382,1.382,1.381,1.381,775,13521290.0,13820,13820,13800,13800,0,0,False,-13385827.0,True,True,False,False,False,False
588000,2025-12-01T10:25:00+08:00,"(t-60s,t]",continuous_am,2025-12-01 10:24:00,2025-12-01 10:25:00,135463.0,1.382,1.382,1.381,1.381,775,13521290.0,13820,13820,13800,13800,0,0,False,-13385827.0,True,True,False,False,False,False
588000,2025-12-01T10:25:00+08:00,"[t,t+60s)",continuous_am,2025-12-01 10:25:00,2025-12-01 10:26:00,135463.0,1.382,1.382,1.381,1.381,237,7229900.0,13810,13820,13800,13810,0,0,False,-7094437.0,False,True,False,True,False,False
588000,2025-12-01T10:25:00+08:00,"(t,t+60s]",continuous_am,2025-12-01 10:25:00,2025-12-01 10:26:00,135463.0,1.382,1.382,1.381,1.381,237,7229900.0,13810,13820,13800,13810,0,0,False,-7094437.0,False,True,False,True,False,False
588000,2025-12-01T10:26:00+08:00,"[t-60s,t)",continuous_am,2025-12-01 10:25:00,2025-12-01 10:26:00,72759.0,1.381,1.382,1.38,1.382,237,7229900.0,13810,13820,13800,13810,0,0,False,-7157141.0,True,True,True,False,False,False
588000,2025-12-01T10:26:00+08:00,"(t-60s,t]",continuous_am,2025-12-01 10:25:00,2025-12-01 10:26:00,72759.0,1.381,1.382,1.38,1.382,237,7229900.0,13810,13820,13800,13810,0,0,False,-7157141.0,True,True,True,False,False,False
588000,2025-12-01T10:26:00+08:00,"[t,t+60s)",continuous_am,2025-12-01 10:26:00,2025-12-01 10:27:00,72759.0,1.381,1.382,1.38,1.382,2002,28718800.0,13810,13820,13790,13800,0,0,False,-28646041.0,True,True,False,False,False,False
588000,2025-12-01T10:26:00+08:00,"(t,t+60s]",continuous_am,2025-12-01 10:26:00,2025-12-01 10:27:00,72759.0,1.381,1.382,1.38,1.382,2002,28718800.0,13810,13820,13790,13800,0,0,False,-28646041.0,True,True,False,False,False,False
588000,2025-12-01T10:27:00+08:00,"[t-60s,t)",continuous_am,2025-12-01 10:26:00,2025-12-01 10:27:00,277315.0,1.381,1.381,1.379,1.38,2002,28718800.0,13810,13820,13790,13800,0,0,False,-28441485.0,True,False,True,True,False,False
588000,2025-12-01T10:27:00+08:00,"(t-60s,t]",continuous_am,2025-12-01 10:26:00,2025-12-01 10:27:00,277315.0,1.381,1.381,1.379,1.38,2002,28718800.0,13810,13820,13790,13800,0,0,False,-28441485.0,True,False,True,True,False,False
588000,2025-12-01T10:27:00+08:00,"[t,t+60s)",continuous_am,2025-12-01 10:27:00,2025-12-01 10:28:00,277315.0,1.381,1.381,1.379,1.38,292,11743401.0,13800,13820,13800,13810,0,0,False,-11466086.0,False,False,False,False,False,False
588000,2025-12-01T10:27:00+08:00,"(t,t+60s]",continuous_am,2025-12-01 10:27:00,2025-12-01 10:28:00,277315.0,1.381,1.381,1.379,1.38,292,11743401.0,13800,13820,13800,13810,0,0,False,-11466086.0,False,False,False,False,False,False
588000,2025-12-01T10:28:00+08:00,"[t-60s,t)",continuous_am,2025-12-01 10:27:00,2025-12-01 10:28:00,127431.0,1.38,1.381,1.38,1.381,292,11743401.0,13800,13820,13800,13810,0,0,False,-11615970.0,True,False,True,True,False,False
588000,2025-12-01T10:28:00+08:00,"(t-60s,t]",continuous_am,2025-12-01 10:27:00,2025-12-01 10:28:00,127431.0,1.38,1.381,1.38,1.381,292,11743401.0,13800,13820,13800,13810,0,0,False,-11615970.0,True,False,True,True,False,False
588000,2025-12-01T10:28:00+08:00,"[t,t+60s)",continuous_am,2025-12-01 10:28:00,2025-12-01 10:29:00,127431.0,1.38,1.381,1.38,1.381,314,7141700.0,13820,13840,13810,13830,0,0,False,-7014269.0,False,False,False,False,False,False
588000,2025-12-01T10:28:00+08:00,"(t,t+60s]",continuous_am,2025-12-01 10:28:00,2025-12-01 10:29:00,127431.0,1.38,1.381,1.38,1.381,314,7141700.0,13820,13840,13810,13830,0,0,False,-7014269.0,False,False,False,False,False,False
588000,2025-12-01T10:29:00+08:00,"[t-60s,t)",continuous_am,2025-12-01 10:28:00,2025-12-01 10:29:00,70817.0,1.381,1.383,1.381,1.383,314,7141700.0,13820,13840,13810,13830,0,0,False,-7070883.0,False,False,True,True,False,False
588000,2025-12-01T10:29:00+08:00,"(t-60s,t]",continuous_am,2025-12-01 10:28:00,2025-12-01 10:29:00,70817.0,1.381,1.383,1.381,1.383,314,7141700.0,13820,13840,13810,13830,0,0,False,-7070883.0,False,False,True,True,False,False
588000,2025-12-01T10:29:00+08:00,"[t,t+60s)",continuous_am,2025-12-01 10:29:00,2025-12-01 10:30:00,70817.0,1.381,1.383,1.381,1.383,204,7595600.0,13830,13850,13820,13840,0,0,False,-7524783.0,False,False,False,False,False,False
588000,2025-12-01T10:29:00+08:00,"(t,t+60s]",continuous_am,2025-12-01 10:29:00,2025-12-01 10:30:00,70817.0,1.381,1.383,1.381,1.383,204,7595600.0,13830,13850,13820,13840,0,0,False,-7524783.0,False,False,False,False,False,False
588000,2025-12-01T10:30:00+08:00,"[t-60s,t)",continuous_am,2025-12-01 10:29:00,2025-12-01 10:30:00,75983.0,1.383,1.385,1.383,1.384,204,7595600.0,13830,13850,13820,13840,0,0,False,-7519617.0,True,True,False,True,False,False
588000,2025-12-01T10:30:00+08:00,"(t-60s,t]",continuous_am,2025-12-01 10:29:00,2025-12-01 10:30:00,75983.0,1.383,1.385,1.383,1.384,204,7595600.0,13830,13850,13820,13840,0,0,False,-7519617.0,True,True,False,True,False,False
588000,2025-12-01T10:30:00+08:00,"[t,t+60s)",continuous_am,2025-12-01 10:30:00,2025-12-01 10:31:00,75983.0,1.383,1.385,1.383,1.384,304,15847200.0,13840,13840,13820,13830,0,0,False,-15771217.0,False,False,False,False,False,False
588000,2025-12-01T10:30:00+08:00,"(t,t+60s]",continuous_am,2025-12-01 10:30:00,2025-12-01 10:31:00,75983.0,1.383,1.385,1.383,1.384,304,15847200.0,13840,13840,13820,13830,0,0,False,-15771217.0,False,False,False,False,False,False
588000,2025-12-01T10:31:00+08:00,"[t-60s,t)",continuous_am,2025-12-01 10:30:00,2025-12-01 10:31:00,159100.0,1.384,1.384,1.382,1.383,304,15847200.0,13840,13840,13820,13830,0,0,False,-15688100.0,True,True,True,True,True,False
588000,2025-12-01T10:31:00+08:00,"(t-60s,t]",continuous_am,2025-12-01 10:30:00,2025-12-01 10:31:00,159100.0,1.384,1.384,1.382,1.383,304,15847200.0,13840,13840,13820,13830,0,0,False,-15688100.0,True,True,True,True,True,False
588000,2025-12-01T10:31:00+08:00,"[t,t+60s)",continuous_am,2025-12-01 10:31:00,2025-12-01 10:32:00,159100.0,1.384,1.384,1.382,1.383,232,5441200.0,13830,13850,13830,13850,0,0,False,-5282100.0,False,False,False,False,False,False
588000,2025-12-01T10:31:00+08:00,"(t,t+60s]",continuous_am,2025-12-01 10:31:00,2025-12-01 10:32:00,159100.0,1.384,1.384,1.382,1.383,232,5441200.0,13830,13850,13830,13850,0,0,False,-5282100.0,False,False,False,False,False,False
588000,2025-12-01T10:32:00+08:00,"[t-60s,t)",continuous_am,2025-12-01 10:31:00,2025-12-01 10:32:00,54045.0,1.383,1.385,1.383,1.384,232,5441200.0,13830,13850,13830,13850,0,0,False,-5387155.0,True,True,True,False,False,False
588000,2025-12-01T10:32:00+08:00,"(t-60s,t]",continuous_am,2025-12-01 10:31:00,2025-12-01 10:32:00,54045.0,1.383,1.385,1.383,1.384,232,5441200.0,13830,13850,13830,13850,0,0,False,-5387155.0,True,True,True,False,False,False
588000,2025-12-01T10:32:00+08:00,"[t,t+60s)",continuous_am,2025-12-01 10:32:00,2025-12-01 10:33:00,54045.0,1.383,1.385,1.383,1.384,295,9629000.0,13840,13870,13840,13870,0,0,False,-9574955.0,False,False,False,False,False,False
588000,2025-12-01T10:32:00+08:00,"(t,t+60s]",continuous_am,2025-12-01 10:32:00,2025-12-01 10:33:00,54045.0,1.383,1.385,1.383,1.384,295,9629000.0,13840,13870,13840,13870,0,0,False,-9574955.0,False,False,False,False,False,False
588000,2025-12-01T10:33:00+08:00,"[t-60s,t)",continuous_am,2025-12-01 10:32:00,2025-12-01 10:33:00,96169.0,1.384,1.387,1.384,1.387,295,9629000.0,13840,13870,13840,13870,0,0,False,-9532831.0,True,True,True,True,True,False
588000,2025-12-01T10:33:00+08:00,"(t-60s,t]",continuous_am,2025-12-01 10:32:00,2025-12-01 10:33:00,96169.0,1.384,1.387,1.384,1.387,295,9629000.0,13840,13870,13840,13870,0,0,False,-9532831.0,True,True,True,True,True,False
588000,2025-12-01T10:33:00+08:00,"[t,t+60s)",continuous_am,2025-12-01 10:33:00,2025-12-01 10:34:00,96169.0,1.384,1.387,1.384,1.387,380,10999700.0,13870,13880,13860,13870,0,0,False,-10903531.0,False,False,False,True,False,False
588000,2025-12-01T10:33:00+08:00,"(t,t+60s]",continuous_am,2025-12-01 10:33:00,2025-12-01 10:34:00,96169.0,1.384,1.387,1.384,1.387,380,10999700.0,13870,13880,13860,13870,0,0,False,-10903531.0,False,False,False,True,False,False
588000,2025-12-01T10:34:00+08:00,"[t-60s,t)",continuous_am,2025-12-01 10:33:00,2025-12-01 10:34:00,110435.0,1.387,1.388,1.386,1.388,380,10999700.0,13870,13880,13860,13870,0,0,False,-10889265.0,True,True,True,False,False,False
588000,2025-12-01T10:34:00+08:00,"(t-60s,t]",continuous_am,2025-12-01 10:33:00,2025-12-01 10:34:00,110435.0,1.387,1.388,1.386,1.388,380,10999700.0,13870,13880,13860,13870,0,0,False,-10889265.0,True,True,True,False,False,False
588000,2025-12-01T10:34:00+08:00,"[t,t+60s)",continuous_am,2025-12-01 10:34:00,2025-12-01 10:35:00,110435.0,1.387,1.388,1.386,1.388,235,6998700.0,13880,13890,13860,13880,0,0,False,-6888265.0,False,False,True,True,False,False
588000,2025-12-01T10:34:00+08:00,"(t,t+60s]",continuous_am,2025-12-01 10:34:00,2025-12-01 10:35:00,110435.0,1.387,1.388,1.386,1.388,235,6998700.0,13880,13890,13860,13880,0,0,False,-6888265.0,False,False,True,True,False,False
588000,2025-12-01T10:35:00+08:00,"[t-60s,t)",continuous_am,2025-12-01 10:34:00,2025-12-01 10:35:00,69827.0,1.387,1.389,1.387,1.388,235,6998700.0,13880,13890,13860,13880,0,0,False,-6928873.0,False,True,False,True,False,False
588000,2025-12-01T10:35:00+08:00,"(t-60s,t]",continuous_am,2025-12-01 10:34:00,2025-12-01 10:35:00,69827.0,1.387,1.389,1.387,1.388,235,6998700.0,13880,13890,13860,13880,0,0,False,-6928873.0,False,True,False,True,False,False
588000,2025-12-01T10:35:00+08:00,"[t,t+60s)",continuous_am,2025-12-01 10:35:00,2025-12-01 10:36:00,69827.0,1.387,1.389,1.387,1.388,190,3563100.0,13880,13880,13870,13880,0,0,False,-3493273.0,False,False,True,True,False,False
588000,2025-12-01T10:35:00+08:00,"(t,t+60s]",continuous_am,2025-12-01 10:35:00,2025-12-01 10:36:00,69827.0,1.387,1.389,1.387,1.388,190,3563100.0,13880,13880,13870,13880,0,0,False,-3493273.0,False,False,True,True,False,False
588000,2025-12-01T10:36:00+08:00,"[t-60s,t)",continuous_am,2025-12-01 10:35:00,2025-12-01 10:36:00,35691.0,1.388,1.388,1.387,1.388,190,3563100.0,13880,13880,13870,13880,0,0,False,-3527409.0,True,True,True,True,True,False
588000,2025-12-01T10:36:00+08:00,"(t-60s,t]",continuous_am,2025-12-01 10:35:00,2025-12-01 10:36:00,35691.0,1.388,1.388,1.387,1.388,190,3563100.0,13880,13880,13870,13880,0,0,False,-3527409.0,True,True,True,True,True,False
588000,2025-12-01T10:36:00+08:00,"[t,t+60s)",continuous_am,2025-12-01 10:36:00,2025-12-01 10:37:00,35691.0,1.388,1.388,1.387,1.388,271,18868300.0,13880,13880,13860,13870,0,0,False,-18832609.0,True,True,False,False,False,False
588000,2025-12-01T10:36:00+08:00,"(t,t+60s]",continuous_am,2025-12-01 10:36:00,2025-12-01 10:37:00,35691.0,1.388,1.388,1.387,1.388,271,18868300.0,13880,13880,13860,13870,0,0,False,-18832609.0,True,True,False,False,False,False
588000,2025-12-01T10:37:00+08:00,"[t-60s,t)",continuous_am,2025-12-01 10:36:00,2025-12-01 10:37:00,188833.0,1.388,1.388,1.386,1.387,271,18868300.0,13880,13880,13860,13870,0,0,False,-18679467.0,True,True,True,True,True,False
588000,2025-12-01T10:37:00+08:00,"(t-60s,t]",continuous_am,2025-12-01 10:36:00,2025-12-01 10:37:00,188833.0,1.388,1.388,1.386,1.387,271,18868300.0,13880,13880,13860,13870,0,0,False,-18679467.0,True,True,True,True,True,False
588000,2025-12-01T10:37:00+08:00,"[t,t+60s)",continuous_am,2025-12-01 10:37:00,2025-12-01 10:38:00,188833.0,1.388,1.388,1.386,1.387,93,1351900.0,13880,13880,13860,13860,0,0,False,-1163067.0,True,True,True,False,False,False
588000,2025-12-01T10:37:00+08:00,"(t,t+60s]",continuous_am,2025-12-01 10:37:00,2025-12-01 10:38:00,188833.0,1.388,1.388,1.386,1.387,93,1351900.0,13880,13880,13860,13860,0,0,False,-1163067.0,True,True,True,False,False,False
588000,2025-12-01T10:38:00+08:00,"[t-60s,t)",continuous_am,2025-12-01 10:37:00,2025-12-01 10:38:00,12622.0,1.388,1.388,1.386,1.386,93,1351900.0,13880,13880,13860,13860,0,0,False,-1339278.0,True,True,True,True,True,False
588000,2025-12-01T10:38:00+08:00,"(t-60s,t]",continuous_am,2025-12-01 10:37:00,2025-12-01 10:38:00,12622.0,1.388,1.388,1.386,1.386,93,1351900.0,13880,13880,13860,13860,0,0,False,-1339278.0,True,True,True,True,True,False
588000,2025-12-01T10:38:00+08:00,"[t,t+60s)",continuous_am,2025-12-01 10:38:00,2025-12-01 10:39:00,12622.0,1.388,1.388,1.386,1.386,216,3146500.0,13870,13870,13850,13870,0,0,False,-3133878.0,False,False,False,False,False,False
588000,2025-12-01T10:38:00+08:00,"(t,t+60s]",continuous_am,2025-12-01 10:38:00,2025-12-01 10:39:00,12622.0,1.388,1.388,1.386,1.386,216,3146500.0,13870,13870,13850,13870,0,0,False,-3133878.0,False,False,False,False,False,False
588000,2025-12-01T10:39:00+08:00,"[t-60s,t)",continuous_am,2025-12-01 10:38:00,2025-12-01 10:39:00,32169.0,1.387,1.387,1.386,1.387,216,3146500.0,13870,13870,13850,13870,0,0,False,-3114331.0,True,True,False,True,False,False
588000,2025-12-01T10:39:00+08:00,"(t-60s,t]",continuous_am,2025-12-01 10:38:00,2025-12-01 10:39:00,32169.0,1.387,1.387,1.386,1.387,216,3146500.0,13870,13870,13850,13870,0,0,False,-3114331.0,True,True,False,True,False,False
588000,2025-12-01T10:39:00+08:00,"[t,t+60s)",continuous_am,2025-12-01 10:39:00,2025-12-01 10:40:00,32169.0,1.387,1.387,1.386,1.387,356,6998152.0,13870,13900,13870,13890,0,0,False,-6965983.0,True,False,False,False,False,False
588000,2025-12-01T10:39:00+08:00,"(t,t+60s]",continuous_am,2025-12-01 10:39:00,2025-12-01 10:40:00,32169.0,1.387,1.387,1.386,1.387,356,6998152.0,13870,13900,13870,13890,0,0,False,-6965983.0,True,False,False,False,False,False
588000,2025-12-01T10:40:00+08:00,"[t-60s,t)",continuous_am,2025-12-01 10:39:00,2025-12-01 10:40:00,69375.0,1.387,1.39,1.387,1.39,356,6998152.0,13870,13900,13870,13890,0,0,False,-6928777.0,True,True,True,False,False,False
588000,2025-12-01T10:40:00+08:00,"(t-60s,t]",continuous_am,2025-12-01 10:39:00,2025-12-01 10:40:00,69375.0,1.387,1.39,1.387,1.39,356,6998152.0,13870,13900,13870,13890,0,0,False,-6928777.0,True,True,True,False,False,False
588000,2025-12-01T10:40:00+08:00,"[t,t+60s)",continuous_am,2025-12-01 10:40:00,2025-12-01 10:41:00,69375.0,1.387,1.39,1.387,1.39,511,6863745.0,13900,13910,13890,13910,0,0,False,-6794370.0,False,False,False,False,False,False
588000,2025-12-01T10:40:00+08:00,"(t,t+60s]",continuous_am,2025-12-01 10:40:00,2025-12-01 10:41:00,69375.0,1.387,1.39,1.387,1.39,511,6863745.0,13900,13910,13890,13910,0,0,False,-6794370.0,False,False,False,False,False,False
588000,2025-12-01T10:41:00+08:00,"[t-60s,t)",continuous_am,2025-12-01 10:40:00,2025-12-01 10:41:00,69378.0,1.389,1.391,1.389,1.391,511,6863745.0,13900,13910,13890,13910,0,0,False,-6794367.0,False,True,True,True,False,False
588000,2025-12-01T10:41:00+08:00,"(t-60s,t]",continuous_am,2025-12-01 10:40:00,2025-12-01 10:41:00,69378.0,1.389,1.391,1.389,1.391,511,6863745.0,13900,13910,13890,13910,0,0,False,-6794367.0,False,True,True,True,False,False
588000,2025-12-01T10:41:00+08:00,"[t,t+60s)",continuous_am,2025-12-01 10:41:00,2025-12-01 10:42:00,69378.0,1.389,1.391,1.389,1.391,998,20436825.0,13910,13940,13910,13930,0,0,False,-20367447.0,False,False,False,False,False,False
588000,2025-12-01T10:41:00+08:00,"(t,t+60s]",continuous_am,2025-12-01 10:41:00,2025-12-01 10:42:00,69378.0,1.389,1.391,1.389,1.391,998,20436825.0,13910,13940,13910,13930,0,0,False,-20367447.0,False,False,False,False,False,False
588000,2025-12-01T10:42:00+08:00,"[t-60s,t)",continuous_am,2025-12-01 10:41:00,2025-12-01 10:42:00,201235.0,1.391,1.393,1.391,1.393,998,20436825.0,13910,13940,13910,13930,0,0,False,-20235590.0,True,False,True,True,False,False
588000,2025-12-01T10:42:00+08:00,"(t-60s,t]",continuous_am,2025-12-01 10:41:00,2025-12-01 10:42:00,201235.0,1.391,1.393,1.391,1.393,998,20436825.0,13910,13940,13910,13930,0,0,False,-20235590.0,True,False,True,True,False,False
588000,2025-12-01T10:42:00+08:00,"[t,t+60s)",continuous_am,2025-12-01 10:42:00,2025-12-01 10:43:00,201235.0,1.391,1.393,1.391,1.393,374,6442606.0,13930,13940,13920,13940,0,0,False,-6241371.0,False,False,False,False,False,False
588000,2025-12-01T10:42:00+08:00,"(t,t+60s]",continuous_am,2025-12-01 10:42:00,2025-12-01 10:43:00,201235.0,1.391,1.393,1.391,1.393,374,6442606.0,13930,13940,13920,13940,0,0,False,-6241371.0,False,False,False,False,False,False
588000,2025-12-01T10:43:00+08:00,"[t-60s,t)",continuous_am,2025-12-01 10:42:00,2025-12-01 10:43:00,64873.0,1.393,1.394,1.392,1.393,374,6442606.0,13930,13940,13920,13940,0,0,False,-6377733.0,True,True,True,False,False,False
588000,2025-12-01T10:43:00+08:00,"(t-60s,t]",continuous_am,2025-12-01 10:42:00,2025-12-01 10:43:00,64873.0,1.393,1.394,1.392,1.393,374,6442606.0,13930,13940,13920,13940,0,0,False,-6377733.0,True,True,True,False,False,False
588000,2025-12-01T10:43:00+08:00,"[t,t+60s)",continuous_am,2025-12-01 10:43:00,2025-12-01 10:44:00,64873.0,1.393,1.394,1.392,1.393,396,16892000.0,13940,13940,13920,13940,0,0,False,-16827127.0,False,True,True,False,False,False
588000,2025-12-01T10:43:00+08:00,"(t,t+60s]",continuous_am,2025-12-01 10:43:00,2025-12-01 10:44:00,64873.0,1.393,1.394,1.392,1.393,396,16892000.0,13940,13940,13920,13940,0,0,False,-16827127.0,False,True,True,False,False,False
588000,2025-12-01T10:44:00+08:00,"[t-60s,t)",continuous_am,2025-12-01 10:43:00,2025-12-01 10:44:00,170972.0,1.394,1.394,1.392,1.393,396,16892000.0,13940,13940,13920,13940,0,0,False,-16721028.0,True,True,True,False,False,False
588000,2025-12-01T10:44:00+08:00,"(t-60s,t]",continuous_am,2025-12-01 10:43:00,2025-12-01 10:44:00,170972.0,1.394,1.394,1.392,1.393,396,16892000.0,13940,13940,13920,13940,0,0,False,-16721028.0,True,True,True,False,False,False
588000,2025-12-01T10:44:00+08:00,"[t,t+60s)",continuous_am,2025-12-01 10:44:00,2025-12-01 10:45:00,170972.0,1.394,1.394,1.392,1.393,460,20131878.0,13940,13940,13920,13930,0,0,False,-19960906.0,True,True,True,True,True,False
588000,2025-12-01T10:44:00+08:00,"(t,t+60s]",continuous_am,2025-12-01 10:44:00,2025-12-01 10:45:00,170972.0,1.394,1.394,1.392,1.393,460,20131878.0,13940,13940,13920,13930,0,0,False,-19960906.0,True,True,True,True,True,False
588000,2025-12-01T10:45:00+08:00,"[t-60s,t)",continuous_am,2025-12-01 10:44:00,2025-12-01 10:45:00,198201.0,1.394,1.394,1.392,1.392,460,20131878.0,13940,13940,13920,13930,0,0,False,-19933677.0,True,True,True,False,False,False
588000,2025-12-01T10:45:00+08:00,"(t-60s,t]",continuous_am,2025-12-01 10:44:00,2025-12-01 10:45:00,198201.0,1.394,1.394,1.392,1.392,460,20131878.0,13940,13940,13920,13930,0,0,False,-19933677.0,True,True,True,False,False,False
588000,2025-12-01T10:45:00+08:00,"[t,t+60s)",continuous_am,2025-12-01 10:45:00,2025-12-01 10:46:00,198201.0,1.394,1.394,1.392,1.392,260,7891600.0,13930,13940,13900,13910,0,0,False,-7693399.0,False,True,False,False,False,False
588000,2025-12-01T10:45:00+08:00,"(t,t+60s]",continuous_am,2025-12-01 10:45:00,2025-12-01 10:46:00,198201.0,1.394,1.394,1.392,1.392,260,7891600.0,13930,13940,13900,13910,0,0,False,-7693399.0,False,True,False,False,False,False
588000,2025-12-01T10:46:00+08:00,"[t-60s,t)",continuous_am,2025-12-01 10:45:00,2025-12-01 10:46:00,82351.0,1.393,1.393,1.391,1.391,260,7891600.0,13930,13940,13900,13910,0,0,False,-7809249.0,True,False,False,True,False,False
588000,2025-12-01T10:46:00+08:00,"(t-60s,t]",continuous_am,2025-12-01 10:45:00,2025-12-01 10:46:00,82351.0,1.393,1.393,1.391,1.391,260,7891600.0,13930,13940,13900,13910,0,0,False,-7809249.0,True,False,False,True,False,False
588000,2025-12-01T10:46:00+08:00,"[t,t+60s)",continuous_am,2025-12-01 10:46:00,2025-12-01 10:47:00,82351.0,1.393,1.393,1.391,1.391,291,3860400.0,13910,13910,13890,13900,0,0,False,-3778049.0,False,False,False,False,False,False
588000,2025-12-01T10:46:00+08:00,"(t,t+60s]",continuous_am,2025-12-01 10:46:00,2025-12-01 10:47:00,82351.0,1.393,1.393,1.391,1.391,291,3860400.0,13910,13910,13890,13900,0,0,False,-3778049.0,False,False,False,False,False,False
588000,2025-12-01T10:47:00+08:00,"[t-60s,t)",continuous_am,2025-12-01 10:46:00,2025-12-01 10:47:00,38606.0,1.391,1.391,1.389,1.389,291,3860400.0,13910,13910,13890,13900,0,0,False,-3821794.0,True,True,True,False,False,False
588000,2025-12-01T10:47:00+08:00,"(t-60s,t]",continuous_am,2025-12-01 10:46:00,2025-12-01 10:47:00,38606.0,1.391,1.391,1.389,1.389,291,3860400.0,13910,13910,13890,13900,0,0,False,-3821794.0,True,True,True,False,False,False
588000,2025-12-01T10:47:00+08:00,"[t,t+60s)",continuous_am,2025-12-01 10:47:00,2025-12-01 10:48:00,38606.0,1.391,1.391,1.389,1.389,139,1379100.0,13890,13900,13890,13900,0,0,False,-1340494.0,False,False,True,False,False,False
588000,2025-12-01T10:47:00+08:00,"(t,t+60s]",continuous_am,2025-12-01 10:47:00,2025-12-01 10:48:00,38606.0,1.391,1.391,1.389,1.389,139,1379100.0,13890,13900,13890,13900,0,0,False,-1340494.0,False,False,True,False,False,False
588000,2025-12-01T10:48:00+08:00,"[t-60s,t)",continuous_am,2025-12-01 10:47:00,2025-12-01 10:48:00,13405.0,1.389,1.39,1.389,1.389,139,1379100.0,13890,13900,13890,13900,0,0,False,-1365695.0,True,True,True,False,False,False
588000,2025-12-01T10:48:00+08:00,"(t-60s,t]",continuous_am,2025-12-01 10:47:00,2025-12-01 10:48:00,13405.0,1.389,1.39,1.389,1.389,139,1379100.0,13890,13900,13890,13900,0,0,False,-1365695.0,True,True,True,False,False,False
588000,2025-12-01T10:48:00+08:00,"[t,t+60s)",continuous_am,2025-12-01 10:48:00,2025-12-01 10:49:00,13405.0,1.389,1.39,1.389,1.389,234,8601600.0,13890,13900,13880,13880,0,0,False,-8588195.0,True,True,False,False,False,False
588000,2025-12-01T10:48:00+08:00,"(t,t+60s]",continuous_am,2025-12-01 10:48:00,2025-12-01 10:49:00,13405.0,1.389,1.39,1.389,1.389,234,8601600.0,13890,13900,13880,13880,0,0,False,-8588195.0,True,True,False,False,False,False
588000,2025-12-01T10:49:00+08:00,"[t-60s,t)",continuous_am,2025-12-01 10:48:00,2025-12-01 10:49:00,86776.0,1.389,1.389,1.388,1.388,234,8601600.0,13890,13900,13880,13880,0,0,False,-8514824.0,True,False,True,True,False,False
588000,2025-12-01T10:49:00+08:00,"(t-60s,t]",continuous_am,2025-12-01 10:48:00,2025-12-01 10:49:00,86776.0,1.389,1.389,1.388,1.388,234,8601600.0,13890,13900,13880,13880,0,0,False,-8514824.0,True,False,True,True,False,False
588000,2025-12-01T10:49:00+08:00,"[t,t+60s)",continuous_am,2025-12-01 10:49:00,2025-12-01 10:50:00,86776.0,1.389,1.389,1.388,1.388,159,4732700.0,13890,13890,13870,13890,0,0,False,-4645924.0,True,True,False,False,False,False
588000,2025-12-01T10:49:00+08:00,"(t,t+60s]",continuous_am,2025-12-01 10:49:00,2025-12-01 10:50:00,86776.0,1.389,1.389,1.388,1.388,159,4732700.0,13890,13890,13870,13890,0,0,False,-4645924.0,True,True,False,False,False,False
588000,2025-12-01T10:50:00+08:00,"[t-60s,t)",continuous_am,2025-12-01 10:49:00,2025-12-01 10:50:00,47273.0,1.388,1.389,1.387,1.388,159,4732700.0,13890,13890,13870,13890,0,0,False,-4685427.0,False,True,True,False,False,False
588000,2025-12-01T10:50:00+08:00,"(t-60s,t]",continuous_am,2025-12-01 10:49:00,2025-12-01 10:50:00,47273.0,1.388,1.389,1.387,1.388,159,4732700.0,13890,13890,13870,13890,0,0,False,-4685427.0,False,True,True,False,False,False
588000,2025-12-01T10:50:00+08:00,"[t,t+60s)",continuous_am,2025-12-01 10:50:00,2025-12-01 10:51:00,47273.0,1.388,1.389,1.387,1.388,135,5484200.0,13890,13890,13880,13890,0,0,False,-5436927.0,False,True,False,False,False,False
588000,2025-12-01T10:50:00+08:00,"(t,t+60s]",continuous_am,2025-12-01 10:50:00,2025-12-01 10:51:00,47273.0,1.388,1.389,1.387,1.388,135,5484200.0,13890,13890,13880,13890,0,0,False,-5436927.0,False,True,False,False,False,False
588000,2025-12-01T10:51:00+08:00,"[t-60s,t)",continuous_am,2025-12-01 10:50:00,2025-12-01 10:51:00,51560.0,1.389,1.389,1.388,1.389,135,5484200.0,13890,13890,13880,13890,0,0,False,-5432640.0,True,True,True,True,True,False
588000,2025-12-01T10:51:00+08:00,"(t-60s,t]",continuous_am,2025-12-01 10:50:00,2025-12-01 10:51:00,51560.0,1.389,1.389,1.388,1.389,135,5484200.0,13890,13890,13880,13890,0,0,False,-5432640.0,True,True,True,True,True,False
588000,2025-12-01T10:51:00+08:00,"[t,t+60s)",continuous_am,2025-12-01 10:51:00,2025-12-01 10:52:00,51560.0,1.389,1.389,1.388,1.389,88,1053900.0,13890,13900,13890,13900,0,0,False,-1002340.0,True,False,False,False,False,False
588000,2025-12-01T10:51:00+08:00,"(t,t+60s]",continuous_am,2025-12-01 10:51:00,2025-12-01 10:52:00,51560.0,1.389,1.389,1.388,1.389,88,1053900.0,13890,13900,13890,13900,0,0,False,-1002340.0,True,False,False,False,False,False
588000,2025-12-01T10:52:00+08:00,"[t-60s,t)",continuous_am,2025-12-01 10:51:00,2025-12-01 10:52:00,13789.0,1.389,1.39,1.389,1.39,88,1053900.0,13890,13900,13890,13900,0,0,False,-1040111.0,True,True,True,True,True,False
588000,2025-12-01T10:52:00+08:00,"(t-60s,t]",continuous_am,2025-12-01 10:51:00,2025-12-01 10:52:00,13789.0,1.389,1.39,1.389,1.39,88,1053900.0,13890,13900,13890,13900,0,0,False,-1040111.0,True,True,True,True,True,False
588000,2025-12-01T10:52:00+08:00,"[t,t+60s)",continuous_am,2025-12-01 10:52:00,2025-12-01 10:53:00,13789.0,1.389,1.39,1.389,1.39,219,3391118.0,13890,13890,13870,13880,0,0,False,-3377329.0,True,False,False,False,False,False
588000,2025-12-01T10:52:00+08:00,"(t,t+60s]",continuous_am,2025-12-01 10:52:00,2025-12-01 10:53:00,13789.0,1.389,1.39,1.389,1.39,219,3391118.0,13890,13890,13870,13880,0,0,False,-3377329.0,True,False,False,False,False,False
588000,2025-12-01T10:53:00+08:00,"[t-60s,t)",continuous_am,2025-12-01 10:52:00,2025-12-01 10:53:00,32487.0,1.39,1.39,1.387,1.388,219,3391118.0,13890,13890,13870,13880,0,0,False,-3358631.0,False,False,True,True,False,False
588000,2025-12-01T10:53:00+08:00,"(t-60s,t]",continuous_am,2025-12-01 10:52:00,2025-12-01 10:53:00,32487.0,1.39,1.39,1.387,1.388,219,3391118.0,13890,13890,13870,13880,0,0,False,-3358631.0,False,False,True,True,False,False
588000,2025-12-01T10:53:00+08:00,"[t,t+60s)",continuous_am,2025-12-01 10:53:00,2025-12-01 10:54:00,32487.0,1.39,1.39,1.387,1.388,114,2626200.0,13880,13890,13870,13890,0,0,False,-2593713.0,False,False,True,False,False,False
588000,2025-12-01T10:53:00+08:00,"(t,t+60s]",continuous_am,2025-12-01 10:53:00,2025-12-01 10:54:00,32487.0,1.39,1.39,1.387,1.388,114,2626200.0,13880,13890,13870,13890,0,0,False,-2593713.0,False,False,True,False,False,False
588000,2025-12-01T10:54:00+08:00,"[t-60s,t)",continuous_am,2025-12-01 10:53:00,2025-12-01 10:54:00,27628.0,1.388,1.389,1.387,1.389,114,2626200.0,13880,13890,13870,13890,0,0,False,-2598572.0,True,True,True,True,True,False
588000,2025-12-01T10:54:00+08:00,"(t-60s,t]",continuous_am,2025-12-01 10:53:00,2025-12-01 10:54:00,27628.0,1.388,1.389,1.387,1.389,114,2626200.0,13880,13890,13870,13890,0,0,False,-2598572.0,True,True,True,True,True,False
588000,2025-12-01T10:54:00+08:00,"[t,t+60s)",continuous_am,2025-12-01 10:54:00,2025-12-01 10:55:00,27628.0,1.388,1.389,1.387,1.389,69,841000.0,13890,13890,13880,13880,0,0,False,-813372.0,False,True,False,False,False,False
588000,2025-12-01T10:54:00+08:00,"(t,t+60s]",continuous_am,2025-12-01 10:54:00,2025-12-01 10:55:00,27628.0,1.388,1.389,1.387,1.389,69,841000.0,13890,13890,13880,13880,0,0,False,-813372.0,False,True,False,False,False,False
588000,2025-12-01T10:55:00+08:00,"[t-60s,t)",continuous_am,2025-12-01 10:54:00,2025-12-01 10:55:00,7980.0,1.389,1.389,1.388,1.389,69,841000.0,13890,13890,13880,13880,0,0,False,-833020.0,True,True,True,False,False,False
588000,2025-12-01T10:55:00+08:00,"(t-60s,t]",continuous_am,2025-12-01 10:54:00,2025-12-01 10:55:00,7980.0,1.389,1.389,1.388,1.389,69,841000.0,13890,13890,13880,13880,0,0,False,-833020.0,True,True,True,False,False,False
588000,2025-12-01T10:55:00+08:00,"[t,t+60s)",continuous_am,2025-12-01 10:55:00,2025-12-01 10:56:00,7980.0,1.389,1.389,1.388,1.389,230,9006600.0,13890,13920,13880,13910,0,0,False,-8998620.0,True,False,True,False,False,False
588000,2025-12-01T10:55:00+08:00,"(t,t+60s]",continuous_am,2025-12-01 10:55:00,2025-12-01 10:56:00,7980.0,1.389,1.389,1.388,1.389,230,9006600.0,13890,13920,13880,13910,0,0,False,-8998620.0,True,False,True,False,False,False
588000,2025-12-01T10:56:00+08:00,"[t-60s,t)",continuous_am,2025-12-01 10:55:00,2025-12-01 10:56:00,90138.0,1.388,1.392,1.388,1.392,230,9006600.0,13890,13920,13880,13910,0,0,False,-8916462.0,False,True,True,False,False,False
588000,2025-12-01T10:56:00+08:00,"(t-60s,t]",continuous_am,2025-12-01 10:55:00,2025-12-01 10:56:00,90138.0,1.388,1.392,1.388,1.392,230,9006600.0,13890,13920,13880,13910,0,0,False,-8916462.0,False,True,True,False,False,False
588000,2025-12-01T10:56:00+08:00,"[t,t+60s)",continuous_am,2025-12-01 10:56:00,2025-12-01 10:57:00,90138.0,1.388,1.392,1.388,1.392,212,3749600.0,13920,13930,13910,13920,0,0,False,-3659462.0,False,False,False,True,False,False
588000,2025-12-01T10:56:00+08:00,"(t,t+60s]",continuous_am,2025-12-01 10:56:00,2025-12-01 10:57:00,90138.0,1.388,1.392,1.388,1.392,212,3749600.0,13920,13930,13910,13920,0,0,False,-3659462.0,False,False,False,True,False,False
588000,2025-12-01T10:57:00+08:00,"[t-60s,t)",continuous_am,2025-12-01 10:56:00,2025-12-01 10:57:00,37496.0,1.391,1.393,1.391,1.392,212,3749600.0,13920,13930,13910,13920,0,0,False,-3712104.0,False,True,True,True,False,False
588000,2025-12-01T10:57:00+08:00,"(t-60s,t]",continuous_am,2025-12-01 10:56:00,2025-12-01 10:57:00,37496.0,1.391,1.393,1.391,1.392,212,3749600.0,13920,13930,13910,13920,0,0,False,-3712104.0,False,True,True,True,False,False
588000,2025-12-01T10:57:00+08:00,"[t,t+60s)",continuous_am,2025-12-01 10:57:00,2025-12-01 10:58:00,37496.0,1.391,1.393,1.391,1.392,133,1150800.0,13920,13930,13920,13930,0,0,False,-1113304.0,False,True,False,False,False,False
588000,2025-12-01T10:57:00+08:00,"(t,t+60s]",continuous_am,2025-12-01 10:57:00,2025-12-01 10:58:00,37496.0,1.391,1.393,1.391,1.392,133,1150800.0,13920,13930,13920,13930,0,0,False,-1113304.0,False,True,False,False,False,False
588000,2025-12-01T10:58:00+08:00,"[t-60s,t)",continuous_am,2025-12-01 10:57:00,2025-12-01 10:58:00,11102.0,1.392,1.393,1.392,1.392,133,1150800.0,13920,13930,13920,13930,0,0,False,-1139698.0,True,True,True,False,False,False
588000,2025-12-01T10:58:00+08:00,"(t-60s,t]",continuous_am,2025-12-01 10:57:00,2025-12-01 10:58:00,11102.0,1.392,1.393,1.392,1.392,133,1150800.0,13920,13930,13920,13930,0,0,False,-1139698.0,True,True,True,False,False,False
588000,2025-12-01T10:58:00+08:00,"[t,t+60s)",continuous_am,2025-12-01 10:58:00,2025-12-01 10:59:00,11102.0,1.392,1.393,1.392,1.392,389,17624076.0,13920,13940,13920,13930,0,0,False,-17612974.0,True,False,True,False,False,False
588000,2025-12-01T10:58:00+08:00,"(t,t+60s]",continuous_am,2025-12-01 10:58:00,2025-12-01 10:59:00,11102.0,1.392,1.393,1.392,1.392,389,17624076.0,13920,13940,13920,13930,0,0,False,-17612974.0,True,False,True,False,False,False
588000,2025-12-01T10:59:00+08:00,"[t-60s,t)",continuous_am,2025-12-01 10:58:00,2025-12-01 10:59:00,176483.0,1.392,1.394,1.392,1.393,389,17624076.0,13920,13940,13920,13930,0,0,False,-17447593.0,True,True,True,True,True,False
588000,2025-12-01T10:59:00+08:00,"(t-60s,t]",continuous_am,2025-12-01 10:58:00,2025-12-01 10:59:00,176483.0,1.392,1.394,1.392,1.393,389,17624076.0,13920,13940,13920,13930,0,0,False,-17447593.0,True,True,True,True,True,False
588000,2025-12-01T10:59:00+08:00,"[t,t+60s)",continuous_am,2025-12-01 10:59:00,2025-12-01 11:00:00,176483.0,1.392,1.394,1.392,1.393,657,12619500.0,13930,13950,13920,13950,0,0,False,-12443017.0,False,False,True,False,False,False
588000,2025-12-01T10:59:00+08:00,"(t,t+60s]",continuous_am,2025-12-01 10:59:00,2025-12-01 11:00:00,176483.0,1.392,1.394,1.392,1.393,657,12619500.0,13930,13950,13920,13950,0,0,False,-12443017.0,False,False,True,False,False,False
588000,2025-12-01T11:00:00+08:00,"[t-60s,t)",continuous_am,2025-12-01 10:59:00,2025-12-01 11:00:00,126682.0,1.393,1.394,1.392,1.394,657,12619500.0,13930,13950,13920,13950,0,0,False,-12492818.0,True,False,True,False,False,False
588000,2025-12-01T11:00:00+08:00,"(t-60s,t]",continuous_am,2025-12-01 10:59:00,2025-12-01 11:00:00,126682.0,1.393,1.394,1.392,1.394,657,12619500.0,13930,13950,13920,13950,0,0,False,-12492818.0,True,False,True,False,False,False
588000,2025-12-01T11:00:00+08:00,"[t,t+60s)",continuous_am,2025-12-01 11:00:00,2025-12-01 11:01:00,126682.0,1.393,1.394,1.392,1.394,364,4959100.0,13950,13950,13920,13930,0,0,False,-4832418.0,False,False,True,False,False,False
588000,2025-12-01T11:00:00+08:00,"(t,t+60s]",continuous_am,2025-12-01 11:00:00,2025-12-01 11:01:00,126682.0,1.393,1.394,1.392,1.394,364,4959100.0,13950,13950,13920,13930,0,0,False,-4832418.0,False,False,True,False,False,False
588000,2025-12-01T11:01:00+08:00,"[t-60s,t)",continuous_am,2025-12-01 11:00:00,2025-12-01 11:01:00,49248.0,1.395,1.395,1.393,1.393,364,4959100.0,13950,13950,13920,13930,0,0,False,-4909852.0,True,True,False,True,False,False
588000,2025-12-01T11:01:00+08:00,"(t-60s,t]",continuous_am,2025-12-01 11:00:00,2025-12-01 11:01:00,49248.0,1.395,1.395,1.393,1.393,364,4959100.0,13950,13950,13920,13930,0,0,False,-4909852.0,True,True,False,True,False,False
588000,2025-12-01T11:01:00+08:00,"[t,t+60s)",continuous_am,2025-12-01 11:01:00,2025-12-01 11:02:00,49248.0,1.395,1.395,1.393,1.393,193,2632200.0,13940,13940,13920,13940,0,0,False,-2582952.0,False,False,False,False,False,False
588000,2025-12-01T11:01:00+08:00,"(t,t+60s]",continuous_am,2025-12-01 11:01:00,2025-12-01 11:02:00,49248.0,1.395,1.395,1.393,1.393,193,2632200.0,13940,13940,13920,13940,0,0,False,-2582952.0,False,False,False,False,False,False
588000,2025-12-01T11:02:00+08:00,"[t-60s,t)",continuous_am,2025-12-01 11:01:00,2025-12-01 11:02:00,26338.0,1.394,1.394,1.392,1.393,193,2632200.0,13940,13940,13920,13940,0,0,False,-2605862.0,True,True,True,False,False,False
588000,2025-12-01T11:02:00+08:00,"(t-60s,t]",continuous_am,2025-12-01 11:01:00,2025-12-01 11:02:00,26338.0,1.394,1.394,1.392,1.393,193,2632200.0,13940,13940,13920,13940,0,0,False,-2605862.0,True,True,True,False,False,False
588000,2025-12-01T11:02:00+08:00,"[t,t+60s)",continuous_am,2025-12-01 11:02:00,2025-12-01 11:03:00,26338.0,1.394,1.394,1.392,1.393,265,5257800.0,13930,13950,13930,13930,0,0,False,-5231462.0,False,False,False,True,False,False
588000,2025-12-01T11:02:00+08:00,"(t,t+60s]",continuous_am,2025-12-01 11:02:00,2025-12-01 11:03:00,26338.0,1.394,1.394,1.392,1.393,265,5257800.0,13930,13950,13930,13930,0,0,False,-5231462.0,False,False,False,True,False,False
588000,2025-12-01T11:03:00+08:00,"[t-60s,t)",continuous_am,2025-12-01 11:02:00,2025-12-01 11:03:00,52802.0,1.394,1.395,1.393,1.393,265,5257800.0,13930,13950,13930,13930,0,0,False,-5204998.0,False,True,True,True,False,False
588000,2025-12-01T11:03:00+08:00,"(t-60s,t]",continuous_am,2025-12-01 11:02:00,2025-12-01 11:03:00,52802.0,1.394,1.395,1.393,1.393,265,5257800.0,13930,13950,13930,13930,0,0,False,-5204998.0,False,True,True,True,False,False
588000,2025-12-01T11:03:00+08:00,"[t,t+60s)",continuous_am,2025-12-01 11:03:00,2025-12-01 11:04:00,52802.0,1.394,1.395,1.393,1.393,133,2398400.0,13930,13940,13920,13930,0,0,False,-2345598.0,False,False,False,True,False,False
588000,2025-12-01T11:03:00+08:00,"(t,t+60s]",continuous_am,2025-12-01 11:03:00,2025-12-01 11:04:00,52802.0,1.394,1.395,1.393,1.393,133,2398400.0,13930,13940,13920,13930,0,0,False,-2345598.0,False,False,False,True,False,False
588000,2025-12-01T11:04:00+08:00,"[t-60s,t)",continuous_am,2025-12-01 11:03:00,2025-12-01 11:04:00,23647.0,1.393,1.394,1.392,1.394,133,2398400.0,13930,13940,13920,13930,0,0,False,-2374753.0,True,True,True,False,False,False
588000,2025-12-01T11:04:00+08:00,"(t-60s,t]",continuous_am,2025-12-01 11:03:00,2025-12-01 11:04:00,23647.0,1.393,1.394,1.392,1.394,133,2398400.0,13930,13940,13920,13930,0,0,False,-2374753.0,True,True,True,False,False,False
588000,2025-12-01T11:04:00+08:00,"[t,t+60s)",continuous_am,2025-12-01 11:04:00,2025-12-01 11:05:00,23647.0,1.393,1.394,1.392,1.394,190,5940400.0,13940,13940,13930,13940,0,0,False,-5916753.0,False,True,False,True,False,False
588000,2025-12-01T11:04:00+08:00,"(t,t+60s]",continuous_am,2025-12-01 11:04:00,2025-12-01 11:05:00,23647.0,1.393,1.394,1.392,1.394,190,5940400.0,13940,13940,13930,13940,0,0,False,-5916753.0,False,True,False,True,False,False
588000,2025-12-01T11:05:00+08:00,"[t-60s,t)",continuous_am,2025-12-01 11:04:00,2025-12-01 11:05:00,59673.0,1.394,1.394,1.393,1.393,190,5940400.0,13940,13940,13930,13940,0,0,False,-5880727.0,True,True,True,False,False,False
588000,2025-12-01T11:05:00+08:00,"(t-60s,t]",continuous_am,2025-12-01 11:04:00,2025-12-01 11:05:00,59673.0,1.394,1.394,1.393,1.393,190,5940400.0,13940,13940,13930,13940,0,0,False,-5880727.0,True,True,True,False,False,False
588000,2025-12-01T11:05:00+08:00,"[t,t+60s)",continuous_am,2025-12-01 11:05:00,2025-12-01 11:06:00,59673.0,1.394,1.394,1.393,1.393,1435,23468600.0,13940,13970,13930,13970,0,0,False,-23408927.0,True,False,True,False,False,False
588000,2025-12-01T11:05:00+08:00,"(t,t+60s]",continuous_am,2025-12-01 11:05:00,2025-12-01 11:06:00,59673.0,1.394,1.394,1.393,1.393,1435,23468600.0,13940,13970,13930,13970,0,0,False,-23408927.0,True,False,True,False,False,False
588000,2025-12-01T11:06:00+08:00,"[t-60s,t)",continuous_am,2025-12-01 11:05:00,2025-12-01 11:06:00,209987.0,1.394,1.397,1.394,1.397,1435,23468600.0,13940,13970,13930,13970,0,0,False,-23258613.0,True,True,False,True,False,False
588000,2025-12-01T11:06:00+08:00,"(t-60s,t]",continuous_am,2025-12-01 11:05:00,2025-12-01 11:06:00,209987.0,1.394,1.397,1.394,1.397,1435,23468600.0,13940,13970,13930,13970,0,0,False,-23258613.0,True,True,False,True,False,False
588000,2025-12-01T11:06:00+08:00,"[t,t+60s)",continuous_am,2025-12-01 11:06:00,2025-12-01 11:07:00,209987.0,1.394,1.397,1.394,1.397,494,16536400.0,13970,13980,13950,13970,0,0,False,-16326413.0,False,False,False,True,False,False
588000,2025-12-01T11:06:00+08:00,"(t,t+60s]",continuous_am,2025-12-01 11:06:00,2025-12-01 11:07:00,209987.0,1.394,1.397,1.394,1.397,494,16536400.0,13970,13980,13950,13970,0,0,False,-16326413.0,False,False,False,True,False,False
588000,2025-12-01T11:07:00+08:00,"[t-60s,t)",continuous_am,2025-12-01 11:06:00,2025-12-01 11:07:00,189450.0,1.397,1.398,1.395,1.396,494,16536400.0,13970,13980,13950,13970,0,0,False,-16346950.0,True,True,True,False,False,False
588000,2025-12-01T11:07:00+08:00,"(t-60s,t]",continuous_am,2025-12-01 11:06:00,2025-12-01 11:07:00,189450.0,1.397,1.398,1.395,1.396,494,16536400.0,13970,13980,13950,13970,0,0,False,-16346950.0,True,True,True,False,False,False
588000,2025-12-01T11:07:00+08:00,"[t,t+60s)",continuous_am,2025-12-01 11:07:00,2025-12-01 11:08:00,189450.0,1.397,1.398,1.395,1.396,1277,18670841.0,13970,14000,13960,13990,0,0,False,-18481391.0,True,False,False,False,False,False
588000,2025-12-01T11:07:00+08:00,"(t,t+60s]",continuous_am,2025-12-01 11:07:00,2025-12-01 11:08:00,189450.0,1.397,1.398,1.395,1.396,1277,18670841.0,13970,14000,13960,13990,0,0,False,-18481391.0,True,False,False,False,False,False
588000,2025-12-01T11:08:00+08:00,"[t-60s,t)",continuous_am,2025-12-01 11:07:00,2025-12-01 11:08:00,183861.0,1.397,1.4,1.397,1.399,1277,18670841.0,13970,14000,13960,13990,0,0,False,-18486980.0,True,True,False,True,False,False
588000,2025-12-01T11:08:00+08:00,"(t-60s,t]",continuous_am,2025-12-01 11:07:00,2025-12-01 11:08:00,183861.0,1.397,1.4,1.397,1.399,1277,18670841.0,13970,14000,13960,13990,0,0,False,-18486980.0,True,True,False,True,False,False
588000,2025-12-01T11:08:00+08:00,"[t,t+60s)",continuous_am,2025-12-01 11:08:00,2025-12-01 11:09:00,183861.0,1.397,1.4,1.397,1.399,379,6878100.0,13990,14000,13980,13990,0,0,False,-6694239.0,False,True,False,True,False,False
588000,2025-12-01T11:08:00+08:00,"(t,t+60s]",continuous_am,2025-12-01 11:08:00,2025-12-01 11:09:00,183861.0,1.397,1.4,1.397,1.399,379,6878100.0,13990,14000,13980,13990,0,0,False,-6694239.0,False,True,False,True,False,False
588000,2025-12-01T11:09:00+08:00,"[t-60s,t)",continuous_am,2025-12-01 11:08:00,2025-12-01 11:09:00,70325.0,1.399,1.4,1.398,1.399,379,6878100.0,13990,14000,13980,13990,0,0,False,-6807775.0,True,True,True,True,True,False
588000,2025-12-01T11:09:00+08:00,"(t-60s,t]",continuous_am,2025-12-01 11:08:00,2025-12-01 11:09:00,70325.0,1.399,1.4,1.398,1.399,379,6878100.0,13990,14000,13980,13990,0,0,False,-6807775.0,True,True,True,True,True,False
588000,2025-12-01T11:09:00+08:00,"[t,t+60s)",continuous_am,2025-12-01 11:09:00,2025-12-01 11:10:00,70325.0,1.399,1.4,1.398,1.399,416,16020700.0,13990,14000,13970,13980,0,1,False,-15950375.0,True,True,False,False,False,False
588000,2025-12-01T11:09:00+08:00,"(t,t+60s]",continuous_am,2025-12-01 11:09:00,2025-12-01 11:10:00,70325.0,1.399,1.4,1.398,1.399,417,16020800.0,13990,14000,13970,13980,0,1,False,-15950475.0,True,True,False,False,False,False
588000,2025-12-01T11:10:00+08:00,"[t-60s,t)",continuous_am,2025-12-01 11:09:00,2025-12-01 11:10:00,138795.0,1.398,1.4,1.398,1.398,416,16020700.0,13990,14000,13970,13980,0,1,False,-15881905.0,False,True,False,True,False,False
588000,2025-12-01T11:10:00+08:00,"(t-60s,t]",continuous_am,2025-12-01 11:09:00,2025-12-01 11:10:00,138795.0,1.398,1.4,1.398,1.398,417,16020800.0,13990,14000,13970,13980,0,1,False,-15882005.0,False,True,False,True,False,False
588000,2025-12-01T11:10:00+08:00,"[t,t+60s)",continuous_am,2025-12-01 11:10:00,2025-12-01 11:11:00,138795.0,1.398,1.4,1.398,1.398,261,3734800.0,13980,13980,13960,13960,1,0,False,-3596005.0,True,False,False,False,False,False
588000,2025-12-01T11:10:00+08:00,"(t,t+60s]",continuous_am,2025-12-01 11:10:00,2025-12-01 11:11:00,138795.0,1.398,1.4,1.398,1.398,260,3734700.0,13980,13980,13960,13960,1,0,False,-3595905.0,True,False,False,False,False,False
588000,2025-12-01T11:11:00+08:00,"[t-60s,t)",continuous_am,2025-12-01 11:10:00,2025-12-01 11:11:00,57356.0,1.398,1.398,1.396,1.396,261,3734800.0,13980,13980,13960,13960,1,0,False,-3677444.0,True,True,True,True,True,False
588000,2025-12-01T11:11:00+08:00,"(t-60s,t]",continuous_am,2025-12-01 11:10:00,2025-12-01 11:11:00,57356.0,1.398,1.398,1.396,1.396,260,3734700.0,13980,13980,13960,13960,1,0,False,-3677344.0,True,True,True,True,True,False
588000,2025-12-01T11:11:00+08:00,"[t,t+60s)",continuous_am,2025-12-01 11:11:00,2025-12-01 11:12:00,57356.0,1.398,1.398,1.396,1.396,244,4436584.0,13960,13980,13960,13970,0,0,False,-4379228.0,False,True,True,False,False,False
588000,2025-12-01T11:11:00+08:00,"(t,t+60s]",continuous_am,2025-12-01 11:11:00,2025-12-01 11:12:00,57356.0,1.398,1.398,1.396,1.396,244,4436584.0,13960,13980,13960,13970,0,0,False,-4379228.0,False,True,True,False,False,False
588000,2025-12-01T11:12:00+08:00,"[t-60s,t)",continuous_am,2025-12-01 11:11:00,2025-12-01 11:12:00,47980.0,1.396,1.397,1.396,1.397,244,4436584.0,13960,13980,13960,13970,0,0,False,-4388604.0,True,False,True,True,False,False
588000,2025-12-01T11:12:00+08:00,"(t-60s,t]",continuous_am,2025-12-01 11:11:00,2025-12-01 11:12:00,47980.0,1.396,1.397,1.396,1.397,244,4436584.0,13960,13980,13960,13970,0,0,False,-4388604.0,True,False,True,True,False,False
588000,2025-12-01T11:12:00+08:00,"[t,t+60s)",continuous_am,2025-12-01 11:12:00,2025-12-01 11:13:00,47980.0,1.396,1.397,1.396,1.397,151,3460145.0,13970,13980,13960,13960,0,0,False,-3412165.0,False,False,True,False,False,False
588000,2025-12-01T11:12:00+08:00,"(t,t+60s]",continuous_am,2025-12-01 11:12:00,2025-12-01 11:13:00,47980.0,1.396,1.397,1.396,1.397,151,3460145.0,13970,13980,13960,13960,0,0,False,-3412165.0,False,False,True,False,False,False
588000,2025-12-01T11:13:00+08:00,"[t-60s,t)",continuous_am,2025-12-01 11:12:00,2025-12-01 11:13:00,34568.0,1.397,1.397,1.396,1.396,151,3460145.0,13970,13980,13960,13960,0,0,False,-3425577.0,True,False,True,True,False,False
588000,2025-12-01T11:13:00+08:00,"(t-60s,t]",continuous_am,2025-12-01 11:12:00,2025-12-01 11:13:00,34568.0,1.397,1.397,1.396,1.396,151,3460145.0,13970,13980,13960,13960,0,0,False,-3425577.0,True,False,True,True,False,False
588000,2025-12-01T11:13:00+08:00,"[t,t+60s)",continuous_am,2025-12-01 11:13:00,2025-12-01 11:14:00,34568.0,1.397,1.397,1.396,1.396,210,4151900.0,13960,13980,13960,13980,0,0,False,-4117332.0,False,False,True,False,False,False
588000,2025-12-01T11:13:00+08:00,"(t,t+60s]",continuous_am,2025-12-01 11:13:00,2025-12-01 11:14:00,34568.0,1.397,1.397,1.396,1.396,210,4151900.0,13960,13980,13960,13980,0,0,False,-4117332.0,False,False,True,False,False,False
588000,2025-12-01T11:14:00+08:00,"[t-60s,t)",continuous_am,2025-12-01 11:13:00,2025-12-01 11:14:00,41379.0,1.396,1.398,1.396,1.398,210,4151900.0,13960,13980,13960,13980,0,0,False,-4110521.0,True,True,True,True,True,False
588000,2025-12-01T11:14:00+08:00,"(t-60s,t]",continuous_am,2025-12-01 11:13:00,2025-12-01 11:14:00,41379.0,1.396,1.398,1.396,1.398,210,4151900.0,13960,13980,13960,13980,0,0,False,-4110521.0,True,True,True,True,True,False
588000,2025-12-01T11:14:00+08:00,"[t,t+60s)",continuous_am,2025-12-01 11:14:00,2025-12-01 11:15:00,41379.0,1.396,1.398,1.396,1.398,420,6843209.0,13980,13990,13970,13990,0,0,False,-6801830.0,False,False,False,False,False,False
588000,2025-12-01T11:14:00+08:00,"(t,t+60s]",continuous_am,2025-12-01 11:14:00,2025-12-01 11:15:00,41379.0,1.396,1.398,1.396,1.398,420,6843209.0,13980,13990,13970,13990,0,0,False,-6801830.0,False,False,False,False,False,False
588000,2025-12-01T11:15:00+08:00,"[t-60s,t)",continuous_am,2025-12-01 11:14:00,2025-12-01 11:15:00,66973.0,1.398,1.399,1.398,1.399,420,6843209.0,13980,13990,13970,13990,0,0,False,-6776236.0,True,True,False,True,False,False
588000,2025-12-01T11:15:00+08:00,"(t-60s,t]",continuous_am,2025-12-01 11:14:00,2025-12-01 11:15:00,66973.0,1.398,1.399,1.398,1.399,420,6843209.0,13980,13990,13970,13990,0,0,False,-6776236.0,True,True,False,True,False,False
588000,2025-12-01T11:15:00+08:00,"[t,t+60s)",continuous_am,2025-12-01 11:15:00,2025-12-01 11:16:00,66973.0,1.398,1.399,1.398,1.399,106,2145900.0,14000,14000,13980,13980,0,0,False,-2078927.0,False,False,True,False,False,False
588000,2025-12-01T11:15:00+08:00,"(t,t+60s]",continuous_am,2025-12-01 11:15:00,2025-12-01 11:16:00,66973.0,1.398,1.399,1.398,1.399,106,2145900.0,14000,14000,13980,13980,0,0,False,-2078927.0,False,False,True,False,False,False
588000,2025-12-01T11:16:00+08:00,"[t-60s,t)",continuous_am,2025-12-01 11:15:00,2025-12-01 11:16:00,22787.0,1.4,1.4,1.398,1.398,106,2145900.0,14000,14000,13980,13980,0,0,False,-2123113.0,True,True,True,True,True,False
588000,2025-12-01T11:16:00+08:00,"(t-60s,t]",continuous_am,2025-12-01 11:15:00,2025-12-01 11:16:00,22787.0,1.4,1.4,1.398,1.398,106,2145900.0,14000,14000,13980,13980,0,0,False,-2123113.0,True,True,True,True,True,False
588000,2025-12-01T11:16:00+08:00,"[t,t+60s)",continuous_am,2025-12-01 11:16:00,2025-12-01 11:17:00,22787.0,1.4,1.4,1.398,1.398,237,14145800.0,13980,13990,13970,13970,0,0,False,-14123013.0,False,False,False,False,False,False
588000,2025-12-01T11:16:00+08:00,"(t,t+60s]",continuous_am,2025-12-01 11:16:00,2025-12-01 11:17:00,22787.0,1.4,1.4,1.398,1.398,237,14145800.0,13980,13990,13970,13970,0,0,False,-14123013.0,False,False,False,False,False,False
588000,2025-12-01T11:17:00+08:00,"[t-60s,t)",continuous_am,2025-12-01 11:16:00,2025-12-01 11:17:00,141809.0,1.398,1.398,1.397,1.397,237,14145800.0,13980,13990,13970,13970,0,0,False,-14003991.0,True,False,True,True,False,False
588000,2025-12-01T11:17:00+08:00,"(t-60s,t]",continuous_am,2025-12-01 11:16:00,2025-12-01 11:17:00,141809.0,1.398,1.398,1.397,1.397,237,14145800.0,13980,13990,13970,13970,0,0,False,-14003991.0,True,False,True,True,False,False
588000,2025-12-01T11:17:00+08:00,"[t,t+60s)",continuous_am,2025-12-01 11:17:00,2025-12-01 11:18:00,141809.0,1.398,1.398,1.397,1.397,266,10410323.0,13970,13990,13960,13980,0,0,False,-10268514.0,False,False,False,False,False,False
588000,2025-12-01T11:17:00+08:00,"(t,t+60s]",continuous_am,2025-12-01 11:17:00,2025-12-01 11:18:00,141809.0,1.398,1.398,1.397,1.397,266,10410323.0,13970,13990,13960,13980,0,0,False,-10268514.0,False,False,False,False,False,False
588000,2025-12-01T11:18:00+08:00,"[t-60s,t)",continuous_am,2025-12-01 11:17:00,2025-12-01 11:18:00,101046.0,1.397,1.398,1.396,1.398,266,10410323.0,13970,13990,13960,13980,0,0,False,-10309277.0,True,False,True,True,False,False
588000,2025-12-01T11:18:00+08:00,"(t-60s,t]",continuous_am,2025-12-01 11:17:00,2025-12-01 11:18:00,101046.0,1.397,1.398,1.396,1.398,266,10410323.0,13970,13990,13960,13980,0,0,False,-10309277.0,True,False,True,True,False,False
588000,2025-12-01T11:18:00+08:00,"[t,t+60s)",continuous_am,2025-12-01 11:18:00,2025-12-01 11:19:00,101046.0,1.397,1.398,1.396,1.398,1703,29087234.0,13990,14010,13980,14010,0,0,False,-28986188.0,False,False,False,False,False,False
588000,2025-12-01T11:18:00+08:00,"(t,t+60s]",continuous_am,2025-12-01 11:18:00,2025-12-01 11:19:00,101046.0,1.397,1.398,1.396,1.398,1703,29087234.0,13990,14010,13980,14010,0,0,False,-28986188.0,False,False,False,False,False,False
588000,2025-12-01T11:19:00+08:00,"[t-60s,t)",continuous_am,2025-12-01 11:18:00,2025-12-01 11:19:00,293059.0,1.399,1.401,1.398,1.401,1703,29087234.0,13990,14010,13980,14010,0,0,False,-28794175.0,True,True,True,True,True,False
588000,2025-12-01T11:19:00+08:00,"(t-60s,t]",continuous_am,2025-12-01 11:18:00,2025-12-01 11:19:00,293059.0,1.399,1.401,1.398,1.401,1703,29087234.0,13990,14010,13980,14010,0,0,False,-28794175.0,True,True,True,True,True,False
588000,2025-12-01T11:19:00+08:00,"[t,t+60s)",continuous_am,2025-12-01 11:19:00,2025-12-01 11:20:00,293059.0,1.399,1.401,1.398,1.401,409,4521200.0,14020,14020,14010,14010,0,0,False,-4228141.0,False,False,False,True,False,False
588000,2025-12-01T11:19:00+08:00,"(t,t+60s]",continuous_am,2025-12-01 11:19:00,2025-12-01 11:20:00,293059.0,1.399,1.401,1.398,1.401,409,4521200.0,14020,14020,14010,14010,0,0,False,-4228141.0,False,False,False,True,False,False
588000,2025-12-01T11:20:00+08:00,"[t-60s,t)",continuous_am,2025-12-01 11:19:00,2025-12-01 11:20:00,45848.0,1.401,1.402,1.401,1.402,409,4521200.0,14020,14020,14010,14010,0,0,False,-4475352.0,False,True,True,False,False,False
588000,2025-12-01T11:20:00+08:00,"(t-60s,t]",continuous_am,2025-12-01 11:19:00,2025-12-01 11:20:00,45848.0,1.401,1.402,1.401,1.402,409,4521200.0,14020,14020,14010,14010,0,0,False,-4475352.0,False,True,True,False,False,False
588000,2025-12-01T11:20:00+08:00,"[t,t+60s)",continuous_am,2025-12-01 11:20:00,2025-12-01 11:21:00,45848.0,1.401,1.402,1.401,1.402,218,4671600.0,14010,14020,14010,14010,0,0,False,-4625752.0,True,True,True,False,False,False
588000,2025-12-01T11:20:00+08:00,"(t,t+60s]",continuous_am,2025-12-01 11:20:00,2025-12-01 11:21:00,45848.0,1.401,1.402,1.401,1.402,218,4671600.0,14010,14020,14010,14010,0,0,False,-4625752.0,True,True,True,False,False,False
588000,2025-12-01T11:21:00+08:00,"[t-60s,t)",continuous_am,2025-12-01 11:20:00,2025-12-01 11:21:00,45853.0,1.401,1.402,1.401,1.402,218,4671600.0,14010,14020,14010,14010,0,0,False,-4625747.0,True,True,True,False,False,False
588000,2025-12-01T11:21:00+08:00,"(t-60s,t]",continuous_am,2025-12-01 11:20:00,2025-12-01 11:21:00,45853.0,1.401,1.402,1.401,1.402,218,4671600.0,14010,14020,14010,14010,0,0,False,-4625747.0,True,True,True,False,False,False
588000,2025-12-01T11:21:00+08:00,"[t,t+60s)",continuous_am,2025-12-01 11:21:00,2025-12-01 11:22:00,45853.0,1.401,1.402,1.401,1.402,964,20463832.0,14020,14030,14010,14030,0,0,False,-20417979.0,False,False,True,False,False,False
588000,2025-12-01T11:21:00+08:00,"(t,t+60s]",continuous_am,2025-12-01 11:21:00,2025-12-01 11:22:00,45853.0,1.401,1.402,1.401,1.402,964,20463832.0,14020,14030,14010,14030,0,0,False,-20417979.0,False,False,True,False,False,False
588000,2025-12-01T11:22:00+08:00,"[t-60s,t)",continuous_am,2025-12-01 11:21:00,2025-12-01 11:22:00,169491.0,1.402,1.403,1.401,1.402,964,20463832.0,14020,14030,14010,14030,0,0,False,-20294341.0,True,True,True,False,False,False
588000,2025-12-01T11:22:00+08:00,"(t-60s,t]",continuous_am,2025-12-01 11:21:00,2025-12-01 11:22:00,169491.0,1.402,1.403,1.401,1.402,964,20463832.0,14020,14030,14010,14030,0,0,False,-20294341.0,True,True,True,False,False,False
588000,2025-12-01T11:22:00+08:00,"[t,t+60s)",continuous_am,2025-12-01 11:22:00,2025-12-01 11:23:00,169491.0,1.402,1.403,1.401,1.402,752,14837200.0,14030,14050,14030,14030,0,0,False,-14667709.0,False,False,False,False,False,False
588000,2025-12-01T11:22:00+08:00,"(t,t+60s]",continuous_am,2025-12-01 11:22:00,2025-12-01 11:23:00,169491.0,1.402,1.403,1.401,1.402,752,14837200.0,14030,14050,14030,14030,0,0,False,-14667709.0,False,False,False,False,False,False
588000,2025-12-01T11:23:00+08:00,"[t-60s,t)",continuous_am,2025-12-01 11:22:00,2025-12-01 11:23:00,180355.0,1.403,1.405,1.403,1.404,752,14837200.0,14030,14050,14030,14030,0,0,False,-14656845.0,True,True,True,False,False,False
588000,2025-12-01T11:23:00+08:00,"(t-60s,t]",continuous_am,2025-12-01 11:22:00,2025-12-01 11:23:00,180355.0,1.403,1.405,1.403,1.404,752,14837200.0,14030,14050,14030,14030,0,0,False,-14656845.0,True,True,True,False,False,False
588000,2025-12-01T11:23:00+08:00,"[t,t+60s)",continuous_am,2025-12-01 11:23:00,2025-12-01 11:24:00,180355.0,1.403,1.405,1.403,1.404,448,13874500.0,14030,14050,14020,14030,0,0,False,-13694145.0,True,True,False,False,False,False
588000,2025-12-01T11:23:00+08:00,"(t,t+60s]",continuous_am,2025-12-01 11:23:00,2025-12-01 11:24:00,180355.0,1.403,1.405,1.403,1.404,448,13874500.0,14030,14050,14020,14030,0,0,False,-13694145.0,True,True,False,False,False,False
588000,2025-12-01T11:24:00+08:00,"[t-60s,t)",continuous_am,2025-12-01 11:23:00,2025-12-01 11:24:00,141174.0,1.403,1.405,1.402,1.403,448,13874500.0,14030,14050,14020,14030,0,0,False,-13733326.0,True,True,True,True,True,False
588000,2025-12-01T11:24:00+08:00,"(t-60s,t]",continuous_am,2025-12-01 11:23:00,2025-12-01 11:24:00,141174.0,1.403,1.405,1.402,1.403,448,13874500.0,14030,14050,14020,14030,0,0,False,-13733326.0,True,True,True,True,True,False
588000,2025-12-01T11:24:00+08:00,"[t,t+60s)",continuous_am,2025-12-01 11:24:00,2025-12-01 11:25:00,141174.0,1.403,1.405,1.402,1.403,268,7685100.0,14030,14040,14010,14010,0,0,False,-7543926.0,True,False,False,False,False,False
588000,2025-12-01T11:24:00+08:00,"(t,t+60s]",continuous_am,2025-12-01 11:24:00,2025-12-01 11:25:00,141174.0,1.403,1.405,1.402,1.403,268,7685100.0,14030,14040,14010,14010,0,0,False,-7543926.0,True,False,False,False,False,False
588000,2025-12-01T11:25:00+08:00,"[t-60s,t)",continuous_am,2025-12-01 11:24:00,2025-12-01 11:25:00,76728.0,1.403,1.403,1.401,1.401,268,7685100.0,14030,14040,14010,14010,0,0,False,-7608372.0,True,False,True,True,False,False
588000,2025-12-01T11:25:00+08:00,"(t-60s,t]",continuous_am,2025-12-01 11:24:00,2025-12-01 11:25:00,76728.0,1.403,1.403,1.401,1.401,268,7685100.0,14030,14040,14010,14010,0,0,False,-7608372.0,True,False,True,True,False,False
588000,2025-12-01T11:25:00+08:00,"[t,t+60s)",continuous_am,2025-12-01 11:25:00,2025-12-01 11:26:00,76728.0,1.403,1.403,1.401,1.401,413,9802200.0,14010,14040,14010,14030,0,0,False,-9725472.0,False,False,True,False,False,False
588000,2025-12-01T11:25:00+08:00,"(t,t+60s]",continuous_am,2025-12-01 11:25:00,2025-12-01 11:26:00,76728.0,1.403,1.403,1.401,1.401,413,9802200.0,14010,14040,14010,14030,0,0,False,-9725472.0,False,False,True,False,False,False
588000,2025-12-01T11:26:00+08:00,"[t-60s,t)",continuous_am,2025-12-01 11:25:00,2025-12-01 11:26:00,89343.0,1.401,1.403,1.401,1.403,413,9802200.0,14010,14040,14010,14030,0,0,False,-9712857.0,True,False,True,True,False,False
588000,2025-12-01T11:26:00+08:00,"(t-60s,t]",continuous_am,2025-12-01 11:25:00,2025-12-01 11:26:00,89343.0,1.401,1.403,1.401,1.403,413,9802200.0,14010,14040,14010,14030,0,0,False,-9712857.0,True,False,True,True,False,False
588000,2025-12-01T11:26:00+08:00,"[t,t+60s)",continuous_am,2025-12-01 11:26:00,2025-12-01 11:27:00,89343.0,1.401,1.403,1.401,1.403,200,6342000.0,14030,14030,14010,14020,0,0,False,-6252657.0,False,True,True,False,False,False
588000,2025-12-01T11:26:00+08:00,"(t,t+60s]",continuous_am,2025-12-01 11:26:00,2025-12-01 11:27:00,89343.0,1.401,1.403,1.401,1.403,200,6342000.0,14030,14030,14010,14020,0,0,False,-6252657.0,False,True,True,False,False,False
588000,2025-12-01T11:27:00+08:00,"[t-60s,t)",continuous_am,2025-12-01 11:26:00,2025-12-01 11:27:00,73924.0,1.402,1.403,1.401,1.402,200,6342000.0,14030,14030,14010,14020,0,0,False,-6268076.0,False,True,True,True,False,False
588000,2025-12-01T11:27:00+08:00,"(t-60s,t]",continuous_am,2025-12-01 11:26:00,2025-12-01 11:27:00,73924.0,1.402,1.403,1.401,1.402,200,6342000.0,14030,14030,14010,14020,0,0,False,-6268076.0,False,True,True,True,False,False
588000,2025-12-01T11:27:00+08:00,"[t,t+60s)",continuous_am,2025-12-01 11:27:00,2025-12-01 11:28:00,73924.0,1.402,1.403,1.401,1.402,300,4649800.0,14030,14040,14020,14040,0,0,False,-4575876.0,False,False,False,False,False,False
588000,2025-12-01T11:27:00+08:00,"(t,t+60s]",continuous_am,2025-12-01 11:27:00,2025-12-01 11:28:00,73924.0,1.402,1.403,1.401,1.402,300,4649800.0,14030,14040,14020,14040,0,0,False,-4575876.0,False,False,False,False,False,False
588000,2025-12-01T11:28:00+08:00,"[t-60s,t)",continuous_am,2025-12-01 11:27:00,2025-12-01 11:28:00,44698.0,1.403,1.404,1.402,1.403,300,4649800.0,14030,14040,14020,14040,0,0,False,-4605102.0,True,True,True,False,False,False
588000,2025-12-01T11:28:00+08:00,"(t-60s,t]",continuous_am,2025-12-01 11:27:00,2025-12-01 11:28:00,44698.0,1.403,1.404,1.402,1.403,300,4649800.0,14030,14040,14020,14040,0,0,False,-4605102.0,True,True,True,False,False,False
588000,2025-12-01T11:28:00+08:00,"[t,t+60s)",continuous_am,2025-12-01 11:28:00,2025-12-01 11:29:00,44698.0,1.403,1.404,1.402,1.403,1268,17183200.0,14040,14060,14030,14050,0,0,False,-17138502.0,False,False,False,False,False,False
588000,2025-12-01T11:28:00+08:00,"(t,t+60s]",continuous_am,2025-12-01 11:28:00,2025-12-01 11:29:00,44698.0,1.403,1.404,1.402,1.403,1268,17183200.0,14040,14060,14030,14050,0,0,False,-17138502.0,False,False,False,False,False,False
588000,2025-12-01T11:29:00+08:00,"[t-60s,t)",continuous_am,2025-12-01 11:28:00,2025-12-01 11:29:00,172612.0,1.404,1.406,1.403,1.405,1268,17183200.0,14040,14060,14030,14050,0,0,False,-17010588.0,True,True,True,True,True,False
588000,2025-12-01T11:29:00+08:00,"(t-60s,t]",continuous_am,2025-12-01 11:28:00,2025-12-01 11:29:00,172612.0,1.404,1.406,1.403,1.405,1268,17183200.0,14040,14060,14030,14050,0,0,False,-17010588.0,True,True,True,True,True,False
588000,2025-12-01T11:29:00+08:00,"[t,t+60s)",continuous_am,2025-12-01 11:29:00,2025-12-01 11:30:00,172612.0,1.404,1.406,1.403,1.405,358,7520100.0,14050,14060,14040,14040,0,0,False,-7347488.0,False,True,False,False,False,False
588000,2025-12-01T11:29:00+08:00,"(t,t+60s]",OUTSIDE_COMPLETE_CONTINUOUS_MINUTE,2025-12-01 11:29:00,2025-12-01 11:30:00,172612.0,1.404,1.406,1.403,1.405,358,7520100.0,14050,14060,14040,14040,0,0,False,-7347488.0,False,True,False,False,False,False
588000,2025-12-01T11:30:00+08:00,"[t-60s,t)",continuous_am,2025-12-01 11:29:00,2025-12-01 11:30:00,76362.0,1.404,1.405,1.404,1.404,358,7520100.0,14050,14060,14040,14040,0,0,False,-7443738.0,False,False,True,True,False,False
588000,2025-12-01T11:30:00+08:00,"(t-60s,t]",OUTSIDE_COMPLETE_CONTINUOUS_MINUTE,2025-12-01 11:29:00,2025-12-01 11:30:00,76362.0,1.404,1.405,1.404,1.404,358,7520100.0,14050,14060,14040,14040,0,0,False,-7443738.0,False,False,True,True,False,False
588000,2025-12-01T11:30:00+08:00,"[t,t+60s)",OUTSIDE_COMPLETE_CONTINUOUS_MINUTE,2025-12-01 11:30:00,2025-12-01 11:31:00,76362.0,1.404,1.405,1.404,1.404,0,0.0,,,,,0,0,False,76362.0,,,,,,False
588000,2025-12-01T11:30:00+08:00,"(t,t+60s]",OUTSIDE_COMPLETE_CONTINUOUS_MINUTE,2025-12-01 11:30:00,2025-12-01 11:31:00,76362.0,1.404,1.405,1.404,1.404,0,0.0,,,,,0,0,False,76362.0,,,,,,False
588000,2025-12-01T13:01:00+08:00,"[t-60s,t)",continuous_pm,2025-12-01 13:00:00,2025-12-01 13:01:00,309933.0,1.404,1.407,1.403,1.406,1811,31133392.0,14030,14080,14030,14060,0,0,False,-30823459.0,False,False,True,True,False,False
588000,2025-12-01T13:01:00+08:00,"(t-60s,t]",continuous_pm,2025-12-01 13:00:00,2025-12-01 13:01:00,309933.0,1.404,1.407,1.403,1.406,1811,31133392.0,14030,14080,14030,14060,0,0,False,-30823459.0,False,False,True,True,False,False
588000,2025-12-01T13:01:00+08:00,"[t,t+60s)",continuous_pm,2025-12-01 13:01:00,2025-12-01 13:02:00,309933.0,1.404,1.407,1.403,1.406,454,13263700.0,14060,14070,14050,14060,0,0,False,-12953767.0,False,True,False,True,False,False
588000,2025-12-01T13:01:00+08:00,"(t,t+60s]",continuous_pm,2025-12-01 13:01:00,2025-12-01 13:02:00,309933.0,1.404,1.407,1.403,1.406,454,13263700.0,14060,14070,14050,14060,0,0,False,-12953767.0,False,True,False,True,False,False
588000,2025-12-01T13:02:00+08:00,"[t-60s,t)",continuous_pm,2025-12-01 13:01:00,2025-12-01 13:02:00,131359.0,1.406,1.407,1.405,1.406,454,13263700.0,14060,14070,14050,14060,0,0,False,-13132341.0,True,True,True,True,True,False
588000,2025-12-01T13:02:00+08:00,"(t-60s,t]",continuous_pm,2025-12-01 13:01:00,2025-12-01 13:02:00,131359.0,1.406,1.407,1.405,1.406,454,13263700.0,14060,14070,14050,14060,0,0,False,-13132341.0,True,True,True,True,True,False
588000,2025-12-01T13:02:00+08:00,"[t,t+60s)",continuous_pm,2025-12-01 13:02:00,2025-12-01 13:03:00,131359.0,1.406,1.407,1.405,1.406,1154,18436759.0,14070,14090,14060,14080,0,0,False,-18305400.0,False,False,False,False,False,False
588000,2025-12-01T13:02:00+08:00,"(t,t+60s]",continuous_pm,2025-12-01 13:02:00,2025-12-01 13:03:00,131359.0,1.406,1.407,1.405,1.406,1154,18436759.0,14070,14090,14060,14080,0,0,False,-18305400.0,False,False,False,False,False,False
588000,2025-12-01T13:03:00+08:00,"[t-60s,t)",continuous_pm,2025-12-01 13:02:00,2025-12-01 13:03:00,186640.0,1.406,1.408,1.406,1.408,1154,18436759.0,14070,14090,14060,14080,0,0,False,-18250119.0,False,False,True,True,False,False
588000,2025-12-01T13:03:00+08:00,"(t-60s,t]",continuous_pm,2025-12-01 13:02:00,2025-12-01 13:03:00,186640.0,1.406,1.408,1.406,1.408,1154,18436759.0,14070,14090,14060,14080,0,0,False,-18250119.0,False,False,True,True,False,False
588000,2025-12-01T13:03:00+08:00,"[t,t+60s)",continuous_pm,2025-12-01 13:03:00,2025-12-01 13:04:00,186640.0,1.406,1.408,1.406,1.408,393,12196900.0,14080,14080,14050,14050,0,0,False,-12010260.0,False,True,False,False,False,False
588000,2025-12-01T13:03:00+08:00,"(t,t+60s]",continuous_pm,2025-12-01 13:03:00,2025-12-01 13:04:00,186640.0,1.406,1.408,1.406,1.408,393,12196900.0,14080,14080,14050,14050,0,0,False,-12010260.0,False,True,False,False,False,False
588000,2025-12-01T13:04:00+08:00,"[t-60s,t)",continuous_pm,2025-12-01 13:03:00,2025-12-01 13:04:00,121356.0,1.408,1.408,1.405,1.405,393,12196900.0,14080,14080,14050,14050,0,0,False,-12075544.0,True,True,True,True,True,False
588000,2025-12-01T13:04:00+08:00,"(t-60s,t]",continuous_pm,2025-12-01 13:03:00,2025-12-01 13:04:00,121356.0,1.408,1.408,1.405,1.405,393,12196900.0,14080,14080,14050,14050,0,0,False,-12075544.0,True,True,True,True,True,False
588000,2025-12-01T13:04:00+08:00,"[t,t+60s)",continuous_pm,2025-12-01 13:04:00,2025-12-01 13:05:00,121356.0,1.408,1.408,1.405,1.405,390,5263100.0,14050,14060,14030,14030,0,0,False,-5141744.0,False,False,False,False,False,False
588000,2025-12-01T13:04:00+08:00,"(t,t+60s]",continuous_pm,2025-12-01 13:04:00,2025-12-01 13:05:00,121356.0,1.408,1.408,1.405,1.405,390,5263100.0,14050,14060,14030,14030,0,0,False,-5141744.0,False,False,False,False,False,False
588000,2025-12-01T13:05:00+08:00,"[t-60s,t)",continuous_pm,2025-12-01 13:04:00,2025-12-01 13:05:00,52966.0,1.405,1.406,1.403,1.403,390,5263100.0,14050,14060,14030,14030,0,0,False,-5210134.0,True,True,True,True,True,False
588000,2025-12-01T13:05:00+08:00,"(t-60s,t]",continuous_pm,2025-12-01 13:04:00,2025-12-01 13:05:00,52966.0,1.405,1.406,1.403,1.403,390,5263100.0,14050,14060,14030,14030,0,0,False,-5210134.0,True,True,True,True,True,False
588000,2025-12-01T13:05:00+08:00,"[t,t+60s)",continuous_pm,2025-12-01 13:05:00,2025-12-01 13:06:00,52966.0,1.405,1.406,1.403,1.403,510,8285000.0,14040,14040,14000,14000,0,0,False,-8232034.0,False,False,False,False,False,False
588000,2025-12-01T13:05:00+08:00,"(t,t+60s]",continuous_pm,2025-12-01 13:05:00,2025-12-01 13:06:00,52966.0,1.405,1.406,1.403,1.403,510,8285000.0,14040,14040,14000,14000,0,0,False,-8232034.0,False,False,False,False,False,False
588000,2025-12-01T13:06:00+08:00,"[t-60s,t)",continuous_pm,2025-12-01 13:05:00,2025-12-01 13:06:00,81208.0,1.403,1.404,1.4,1.4,510,8285000.0,14040,14040,14000,14000,0,0,False,-8203792.0,False,True,True,True,False,False
588000,2025-12-01T13:06:00+08:00,"(t-60s,t]",continuous_pm,2025-12-01 13:05:00,2025-12-01 13:06:00,81208.0,1.403,1.404,1.4,1.4,510,8285000.0,14040,14040,14000,14000,0,0,False,-8203792.0,False,True,True,True,False,False
588000,2025-12-01T13:06:00+08:00,"[t,t+60s)",continuous_pm,2025-12-01 13:06:00,2025-12-01 13:07:00,81208.0,1.403,1.404,1.4,1.4,400,9140400.0,14000,14020,14000,14010,0,0,False,-9059192.0,False,False,True,False,False,False
588000,2025-12-01T13:06:00+08:00,"(t,t+60s]",continuous_pm,2025-12-01 13:06:00,2025-12-01 13:07:00,81208.0,1.403,1.404,1.4,1.4,400,9140400.0,14000,14020,14000,14010,0,0,False,-9059192.0,False,False,True,False,False,False
588000,2025-12-01T13:07:00+08:00,"[t-60s,t)",continuous_pm,2025-12-01 13:06:00,2025-12-01 13:07:00,49474.0,1.4,1.402,1.4,1.4,400,9140400.0,14000,14020,14000,14010,0,0,False,-9090926.0,True,True,True,False,False,False
588000,2025-12-01T13:07:00+08:00,"(t-60s,t]",continuous_pm,2025-12-01 13:06:00,2025-12-01 13:07:00,49474.0,1.4,1.402,1.4,1.4,400,9140400.0,14000,14020,14000,14010,0,0,False,-9090926.0,True,True,True,False,False,False
588000,2025-12-01T13:07:00+08:00,"[t,t+60s)",continuous_pm,2025-12-01 13:07:00,2025-12-01 13:08:00,49474.0,1.4,1.402,1.4,1.4,270,8729500.0,14010,14040,14010,14020,0,0,False,-8680026.0,False,False,False,False,False,False
588000,2025-12-01T13:07:00+08:00,"(t,t+60s]",continuous_pm,2025-12-01 13:07:00,2025-12-01 13:08:00,49474.0,1.4,1.402,1.4,1.4,270,8729500.0,14010,14040,14010,14020,0,0,False,-8680026.0,False,False,False,False,False,False
588000,2025-12-01T13:08:00+08:00,"[t-60s,t)",continuous_pm,2025-12-01 13:07:00,2025-12-01 13:08:00,131415.0,1.401,1.403,1.401,1.401,270,8729500.0,14010,14040,14010,14020,0,0,False,-8598085.0,True,False,True,False,False,False
588000,2025-12-01T13:08:00+08:00,"(t-60s,t]",continuous_pm,2025-12-01 13:07:00,2025-12-01 13:08:00,131415.0,1.401,1.403,1.401,1.401,270,8729500.0,14010,14040,14010,14020,0,0,False,-8598085.0,True,False,True,False,False,False
588000,2025-12-01T13:08:00+08:00,"[t,t+60s)",continuous_pm,2025-12-01 13:08:00,2025-12-01 13:09:00,131415.0,1.401,1.403,1.401,1.401,502,10965200.0,14020,14030,13990,13990,0,0,False,-10833785.0,False,True,False,False,False,False
588000,2025-12-01T13:08:00+08:00,"(t,t+60s]",continuous_pm,2025-12-01 13:08:00,2025-12-01 13:09:00,131415.0,1.401,1.403,1.401,1.401,502,10965200.0,14020,14030,13990,13990,0,0,False,-10833785.0,False,True,False,False,False,False
588000,2025-12-01T13:09:00+08:00,"[t-60s,t)",continuous_pm,2025-12-01 13:08:00,2025-12-01 13:09:00,107995.0,1.402,1.402,1.4,1.4,502,10965200.0,14020,14030,13990,13990,0,0,False,-10857205.0,True,False,False,False,False,False
588000,2025-12-01T13:09:00+08:00,"(t-60s,t]",continuous_pm,2025-12-01 13:08:00,2025-12-01 13:09:00,107995.0,1.402,1.402,1.4,1.4,502,10965200.0,14020,14030,13990,13990,0,0,False,-10857205.0,True,False,False,False,False,False
588000,2025-12-01T13:09:00+08:00,"[t,t+60s)",continuous_pm,2025-12-01 13:09:00,2025-12-01 13:10:00,107995.0,1.402,1.402,1.4,1.4,284,6413600.0,14000,14010,13990,14000,0,0,False,-6305605.0,False,False,False,True,False,False
588000,2025-12-01T13:09:00+08:00,"(t,t+60s]",continuous_pm,2025-12-01 13:09:00,2025-12-01 13:10:00,107995.0,1.402,1.402,1.4,1.4,284,6413600.0,14000,14010,13990,14000,0,0,False,-6305605.0,False,False,False,True,False,False
588000,2025-12-01T13:10:00+08:00,"[t-60s,t)",continuous_pm,2025-12-01 13:09:00,2025-12-01 13:10:00,65900.0,1.4,1.4,1.399,1.4,284,6413600.0,14000,14010,13990,14000,0,0,False,-6347700.0,True,False,True,True,False,False
588000,2025-12-01T13:10:00+08:00,"(t-60s,t]",continuous_pm,2025-12-01 13:09:00,2025-12-01 13:10:00,65900.0,1.4,1.4,1.399,1.4,284,6413600.0,14000,14010,13990,14000,0,0,False,-6347700.0,True,False,True,True,False,False
588000,2025-12-01T13:10:00+08:00,"[t,t+60s)",continuous_pm,2025-12-01 13:10:00,2025-12-01 13:11:00,65900.0,1.4,1.4,1.399,1.4,259,11277100.0,14010,14020,13990,14010,0,0,False,-11211200.0,False,False,True,False,False,False
588000,2025-12-01T13:10:00+08:00,"(t,t+60s]",continuous_pm,2025-12-01 13:10:00,2025-12-01 13:11:00,65900.0,1.4,1.4,1.399,1.4,259,11277100.0,14010,14020,13990,14010,0,0,False,-11211200.0,False,False,True,False,False,False
588000,2025-12-01T13:11:00+08:00,"[t-60s,t)",continuous_pm,2025-12-01 13:10:00,2025-12-01 13:11:00,112729.0,1.401,1.401,1.4,1.401,259,11277100.0,14010,14020,13990,14010,0,0,False,-11164371.0,True,False,False,True,False,False
588000,2025-12-01T13:11:00+08:00,"(t-60s,t]",continuous_pm,2025-12-01 13:10:00,2025-12-01 13:11:00,112729.0,1.401,1.401,1.4,1.401,259,11277100.0,14010,14020,13990,14010,0,0,False,-11164371.0,True,False,False,True,False,False
588000,2025-12-01T13:11:00+08:00,"[t,t+60s)",continuous_pm,2025-12-01 13:11:00,2025-12-01 13:12:00,112729.0,1.401,1.401,1.4,1.401,92,1375500.0,14010,14020,14010,14020,0,0,False,-1262771.0,True,False,False,False,False,False
588000,2025-12-01T13:11:00+08:00,"(t,t+60s]",continuous_pm,2025-12-01 13:11:00,2025-12-01 13:12:00,112729.0,1.401,1.401,1.4,1.401,92,1375500.0,14010,14020,14010,14020,0,0,False,-1262771.0,True,False,False,False,False,False
588000,2025-12-01T13:12:00+08:00,"[t-60s,t)",continuous_pm,2025-12-01 13:11:00,2025-12-01 13:12:00,13447.0,1.401,1.402,1.401,1.402,92,1375500.0,14010,14020,14010,14020,0,0,False,-1362053.0,True,True,True,True,True,False
588000,2025-12-01T13:12:00+08:00,"(t-60s,t]",continuous_pm,2025-12-01 13:11:00,2025-12-01 13:12:00,13447.0,1.401,1.402,1.401,1.402,92,1375500.0,14010,14020,14010,14020,0,0,False,-1362053.0,True,True,True,True,True,False
588000,2025-12-01T13:12:00+08:00,"[t,t+60s)",continuous_pm,2025-12-01 13:12:00,2025-12-01 13:13:00,13447.0,1.401,1.402,1.401,1.402,305,8507400.0,14010,14030,14010,14030,0,0,False,-8493953.0,True,False,True,False,False,False
588000,2025-12-01T13:12:00+08:00,"(t,t+60s]",continuous_pm,2025-12-01 13:12:00,2025-12-01 13:13:00,13447.0,1.401,1.402,1.401,1.402,305,8507400.0,14010,14030,14010,14030,0,0,False,-8493953.0,True,False,True,False,False,False
588000,2025-12-01T13:13:00+08:00,"[t-60s,t)",continuous_pm,2025-12-01 13:12:00,2025-12-01 13:13:00,84863.0,1.401,1.403,1.401,1.403,305,8507400.0,14010,14030,14010,14030,0,0,False,-8422537.0,True,True,True,True,True,False
588000,2025-12-01T13:13:00+08:00,"(t-60s,t]",continuous_pm,2025-12-01 13:12:00,2025-12-01 13:13:00,84863.0,1.401,1.403,1.401,1.403,305,8507400.0,14010,14030,14010,14030,0,0,False,-8422537.0,True,True,True,True,True,False
588000,2025-12-01T13:13:00+08:00,"[t,t+60s)",continuous_pm,2025-12-01 13:13:00,2025-12-01 13:14:00,84863.0,1.401,1.403,1.401,1.403,187,1949800.0,14030,14030,14010,14010,0,0,False,-1864937.0,False,True,True,False,False,False
588000,2025-12-01T13:13:00+08:00,"(t,t+60s]",continuous_pm,2025-12-01 13:13:00,2025-12-01 13:14:00,84863.0,1.401,1.403,1.401,1.403,187,1949800.0,14030,14030,14010,14010,0,0,False,-1864937.0,False,True,True,False,False,False
588000,2025-12-01T13:14:00+08:00,"[t-60s,t)",continuous_pm,2025-12-01 13:13:00,2025-12-01 13:14:00,19571.0,1.403,1.403,1.401,1.401,187,1949800.0,14030,14030,14010,14010,0,0,False,-1930229.0,True,True,True,True,True,False
588000,2025-12-01T13:14:00+08:00,"(t-60s,t]",continuous_pm,2025-12-01 13:13:00,2025-12-01 13:14:00,19571.0,1.403,1.403,1.401,1.401,187,1949800.0,14030,14030,14010,14010,0,0,False,-1930229.0,True,True,True,True,True,False
588000,2025-12-01T13:14:00+08:00,"[t,t+60s)",continuous_pm,2025-12-01 13:14:00,2025-12-01 13:15:00,19571.0,1.403,1.403,1.401,1.401,244,3869600.0,14010,14020,13990,14000,0,0,False,-3850029.0,False,False,False,False,False,False
588000,2025-12-01T13:14:00+08:00,"(t,t+60s]",continuous_pm,2025-12-01 13:14:00,2025-12-01 13:15:00,19571.0,1.403,1.403,1.401,1.401,244,3869600.0,14010,14020,13990,14000,0,0,False,-3850029.0,False,False,False,False,False,False
588000,2025-12-01T13:15:00+08:00,"[t-60s,t)",continuous_pm,2025-12-01 13:14:00,2025-12-01 13:15:00,38688.0,1.401,1.402,1.4,1.4,244,3869600.0,14010,14020,13990,14000,0,0,False,-3830912.0,True,True,False,True,False,False
588000,2025-12-01T13:15:00+08:00,"(t-60s,t]",continuous_pm,2025-12-01 13:14:00,2025-12-01 13:15:00,38688.0,1.401,1.402,1.4,1.4,244,3869600.0,14010,14020,13990,14000,0,0,False,-3830912.0,True,True,False,True,False,False
588000,2025-12-01T13:15:00+08:00,"[t,t+60s)",continuous_pm,2025-12-01 13:15:00,2025-12-01 13:16:00,38688.0,1.401,1.402,1.4,1.4,311,3130500.0,14000,14000,13980,13980,0,0,False,-3091812.0,False,False,False,False,False,False
588000,2025-12-01T13:15:00+08:00,"(t,t+60s]",continuous_pm,2025-12-01 13:15:00,2025-12-01 13:16:00,38688.0,1.401,1.402,1.4,1.4,311,3130500.0,14000,14000,13980,13980,0,0,False,-3091812.0,False,False,False,False,False,False
588000,2025-12-01T13:16:00+08:00,"[t-60s,t)",continuous_pm,2025-12-01 13:15:00,2025-12-01 13:16:00,31176.0,1.4,1.4,1.398,1.399,311,3130500.0,14000,14000,13980,13980,0,0,False,-3099324.0,True,True,True,False,False,False
588000,2025-12-01T13:16:00+08:00,"(t-60s,t]",continuous_pm,2025-12-01 13:15:00,2025-12-01 13:16:00,31176.0,1.4,1.4,1.398,1.399,311,3130500.0,14000,14000,13980,13980,0,0,False,-3099324.0,True,True,True,False,False,False
588000,2025-12-01T13:16:00+08:00,"[t,t+60s)",continuous_pm,2025-12-01 13:16:00,2025-12-01 13:17:00,31176.0,1.4,1.4,1.398,1.399,312,10946600.0,13990,14000,13980,14000,0,0,False,-10915424.0,False,True,True,False,False,False
588000,2025-12-01T13:16:00+08:00,"(t,t+60s]",continuous_pm,2025-12-01 13:16:00,2025-12-01 13:17:00,31176.0,1.4,1.4,1.398,1.399,312,10946600.0,13990,14000,13980,14000,0,0,False,-10915424.0,False,True,True,False,False,False
588000,2025-12-01T13:17:00+08:00,"[t-60s,t)",continuous_pm,2025-12-01 13:16:00,2025-12-01 13:17:00,97194.0,1.398,1.4,1.398,1.4,312,10946600.0,13990,14000,13980,14000,0,0,False,-10849406.0,False,True,True,True,False,False
588000,2025-12-01T13:17:00+08:00,"(t-60s,t]",continuous_pm,2025-12-01 13:16:00,2025-12-01 13:17:00,97194.0,1.398,1.4,1.398,1.4,312,10946600.0,13990,14000,13980,14000,0,0,False,-10849406.0,False,True,True,True,False,False
588000,2025-12-01T13:17:00+08:00,"[t,t+60s)",continuous_pm,2025-12-01 13:17:00,2025-12-01 13:18:00,97194.0,1.398,1.4,1.398,1.4,182,2422300.0,14000,14010,13990,13990,0,0,False,-2325106.0,False,False,False,False,False,False
588000,2025-12-01T13:17:00+08:00,"(t,t+60s]",continuous_pm,2025-12-01 13:17:00,2025-12-01 13:18:00,97194.0,1.398,1.4,1.398,1.4,182,2422300.0,14000,14010,13990,13990,0,0,False,-2325106.0,False,False,False,False,False,False
588000,2025-12-01T13:18:00+08:00,"[t-60s,t)",continuous_pm,2025-12-01 13:17:00,2025-12-01 13:18:00,37047.0,1.4,1.4,1.399,1.399,182,2422300.0,14000,14010,13990,13990,0,0,False,-2385253.0,True,False,True,True,False,False
588000,2025-12-01T13:18:00+08:00,"(t-60s,t]",continuous_pm,2025-12-01 13:17:00,2025-12-01 13:18:00,37047.0,1.4,1.4,1.399,1.399,182,2422300.0,14000,14010,13990,13990,0,0,False,-2385253.0,True,False,True,True,False,False
588000,2025-12-01T13:18:00+08:00,"[t,t+60s)",continuous_pm,2025-12-01 13:18:00,2025-12-01 13:19:00,37047.0,1.4,1.4,1.399,1.399,181,3538100.0,13990,14000,13980,13980,0,0,False,-3501053.0,False,True,False,False,False,False
588000,2025-12-01T13:18:00+08:00,"(t,t+60s]",continuous_pm,2025-12-01 13:18:00,2025-12-01 13:19:00,37047.0,1.4,1.4,1.399,1.399,181,3538100.0,13990,14000,13980,13980,0,0,False,-3501053.0,False,True,False,False,False,False
588000,2025-12-01T13:19:00+08:00,"[t-60s,t)",continuous_pm,2025-12-01 13:18:00,2025-12-01 13:19:00,35234.0,1.399,1.4,1.398,1.399,181,3538100.0,13990,14000,13980,13980,0,0,False,-3502866.0,True,True,True,False,False,False
588000,2025-12-01T13:19:00+08:00,"(t-60s,t]",continuous_pm,2025-12-01 13:18:00,2025-12-01 13:19:00,35234.0,1.399,1.4,1.398,1.399,181,3538100.0,13990,14000,13980,13980,0,0,False,-3502866.0,True,True,True,False,False,False
588000,2025-12-01T13:19:00+08:00,"[t,t+60s)",continuous_pm,2025-12-01 13:19:00,2025-12-01 13:20:00,35234.0,1.399,1.4,1.398,1.399,305,9280597.0,13990,14010,13980,14000,0,0,False,-9245363.0,True,False,True,False,False,False
588000,2025-12-01T13:19:00+08:00,"(t,t+60s]",continuous_pm,2025-12-01 13:19:00,2025-12-01 13:20:00,35234.0,1.399,1.4,1.398,1.399,305,9280597.0,13990,14010,13980,14000,0,0,False,-9245363.0,True,False,True,False,False,False
588000,2025-12-01T13:20:00+08:00,"[t-60s,t)",continuous_pm,2025-12-01 13:19:00,2025-12-01 13:20:00,92694.0,1.399,1.401,1.398,1.4,305,9280597.0,13990,14010,13980,14000,0,0,False,-9187903.0,True,True,True,True,True,False
588000,2025-12-01T13:20:00+08:00,"(t-60s,t]",continuous_pm,2025-12-01 13:19:00,2025-12-01 13:20:00,92694.0,1.399,1.401,1.398,1.4,305,9280597.0,13990,14010,13980,14000,0,0,False,-9187903.0,True,True,True,True,True,False
588000,2025-12-01T13:20:00+08:00,"[t,t+60s)",continuous_pm,2025-12-01 13:20:00,2025-12-01 13:21:00,92694.0,1.399,1.401,1.398,1.4,124,2095603.0,14010,14010,13990,13990,0,0,False,-2002909.0,False,True,False,False,False,False
588000,2025-12-01T13:20:00+08:00,"(t,t+60s]",continuous_pm,2025-12-01 13:20:00,2025-12-01 13:21:00,92694.0,1.399,1.401,1.398,1.4,124,2095603.0,14010,14010,13990,13990,0,0,False,-2002909.0,False,True,False,False,False,False
588000,2025-12-01T13:21:00+08:00,"[t-60s,t)",continuous_pm,2025-12-01 13:20:00,2025-12-01 13:21:00,21308.0,1.4,1.401,1.399,1.4,124,2095603.0,14010,14010,13990,13990,0,0,False,-2074295.0,False,True,True,False,False,False
588000,2025-12-01T13:21:00+08:00,"(t-60s,t]",continuous_pm,2025-12-01 13:20:00,2025-12-01 13:21:00,21308.0,1.4,1.401,1.399,1.4,124,2095603.0,14010,14010,13990,13990,0,0,False,-2074295.0,False,True,True,False,False,False
588000,2025-12-01T13:21:00+08:00,"[t,t+60s)",continuous_pm,2025-12-01 13:21:00,2025-12-01 13:22:00,21308.0,1.4,1.401,1.399,1.4,129,1933965.0,14000,14010,14000,14010,0,0,False,-1912657.0,True,True,False,False,False,False
588000,2025-12-01T13:21:00+08:00,"(t,t+60s]",continuous_pm,2025-12-01 13:21:00,2025-12-01 13:22:00,21308.0,1.4,1.401,1.399,1.4,129,1933965.0,14000,14010,14000,14010,0,0,False,-1912657.0,True,True,False,False,False,False
588000,2025-12-01T13:22:00+08:00,"[t-60s,t)",continuous_pm,2025-12-01 13:21:00,2025-12-01 13:22:00,19279.0,1.4,1.401,1.4,1.4,129,1933965.0,14000,14010,14000,14010,0,0,False,-1914686.0,True,True,True,False,False,False
588000,2025-12-01T13:22:00+08:00,"(t-60s,t]",continuous_pm,2025-12-01 13:21:00,2025-12-01 13:22:00,19279.0,1.4,1.401,1.4,1.4,129,1933965.0,14000,14010,14000,14010,0,0,False,-1914686.0,True,True,True,False,False,False
588000,2025-12-01T13:22:00+08:00,"[t,t+60s)",continuous_pm,2025-12-01 13:22:00,2025-12-01 13:23:00,19279.0,1.4,1.401,1.4,1.4,174,3761618.0,14000,14020,14000,14020,0,0,False,-3742339.0,True,False,True,False,False,False
588000,2025-12-01T13:22:00+08:00,"(t,t+60s]",continuous_pm,2025-12-01 13:22:00,2025-12-01 13:23:00,19279.0,1.4,1.401,1.4,1.4,174,3761618.0,14000,14020,14000,14020,0,0,False,-3742339.0,True,False,True,False,False,False
588000,2025-12-01T13:23:00+08:00,"[t-60s,t)",continuous_pm,2025-12-01 13:22:00,2025-12-01 13:23:00,37664.0,1.401,1.402,1.4,1.402,174,3761618.0,14000,14020,14000,14020,0,0,False,-3723954.0,False,True,True,True,False,False
588000,2025-12-01T13:23:00+08:00,"(t-60s,t]",continuous_pm,2025-12-01 13:22:00,2025-12-01 13:23:00,37664.0,1.401,1.402,1.4,1.402,174,3761618.0,14000,14020,14000,14020,0,0,False,-3723954.0,False,True,True,True,False,False
588000,2025-12-01T13:23:00+08:00,"[t,t+60s)",continuous_pm,2025-12-01 13:23:00,2025-12-01 13:24:00,37664.0,1.401,1.402,1.4,1.402,132,1340873.0,14020,14020,14010,14020,0,0,False,-1303209.0,False,True,False,True,False,False
588000,2025-12-01T13:23:00+08:00,"(t,t+60s]",continuous_pm,2025-12-01 13:23:00,2025-12-01 13:24:00,37664.0,1.401,1.402,1.4,1.402,132,1340873.0,14020,14020,14010,14020,0,0,False,-1303209.0,False,True,False,True,False,False
588000,2025-12-01T13:24:00+08:00,"[t-60s,t)",continuous_pm,2025-12-01 13:23:00,2025-12-01 13:24:00,12861.0,1.402,1.402,1.401,1.402,132,1340873.0,14020,14020,14010,14020,0,0,False,-1328012.0,True,True,True,True,True,False
588000,2025-12-01T13:24:00+08:00,"(t-60s,t]",continuous_pm,2025-12-01 13:23:00,2025-12-01 13:24:00,12861.0,1.402,1.402,1.401,1.402,132,1340873.0,14020,14020,14010,14020,0,0,False,-1328012.0,True,True,True,True,True,False
588000,2025-12-01T13:24:00+08:00,"[t,t+60s)",continuous_pm,2025-12-01 13:24:00,2025-12-01 13:25:00,12861.0,1.402,1.402,1.401,1.402,239,4971100.0,14010,14030,14010,14030,0,0,False,-4958239.0,False,False,True,False,False,False
588000,2025-12-01T13:24:00+08:00,"(t,t+60s]",continuous_pm,2025-12-01 13:24:00,2025-12-01 13:25:00,12861.0,1.402,1.402,1.401,1.402,239,4971100.0,14010,14030,14010,14030,0,0,False,-4958239.0,False,False,True,False,False,False
588000,2025-12-01T13:25:00+08:00,"[t-60s,t)",continuous_pm,2025-12-01 13:24:00,2025-12-01 13:25:00,50171.0,1.401,1.402,1.401,1.402,239,4971100.0,14010,14030,14010,14030,0,0,False,-4920929.0,True,False,True,False,False,False
588000,2025-12-01T13:25:00+08:00,"(t-60s,t]",continuous_pm,2025-12-01 13:24:00,2025-12-01 13:25:00,50171.0,1.401,1.402,1.401,1.402,239,4971100.0,14010,14030,14010,14030,0,0,False,-4920929.0,True,False,True,False,False,False
588000,2025-12-01T13:25:00+08:00,"[t,t+60s)",continuous_pm,2025-12-01 13:25:00,2025-12-01 13:26:00,50171.0,1.401,1.402,1.401,1.402,111,2502000.0,14030,14030,14010,14010,0,0,False,-2451829.0,False,False,True,False,False,False
588000,2025-12-01T13:25:00+08:00,"(t,t+60s]",continuous_pm,2025-12-01 13:25:00,2025-12-01 13:26:00,50171.0,1.401,1.402,1.401,1.402,111,2502000.0,14030,14030,14010,14010,0,0,False,-2451829.0,False,False,True,False,False,False
588000,2025-12-01T13:26:00+08:00,"[t-60s,t)",continuous_pm,2025-12-01 13:25:00,2025-12-01 13:26:00,24185.0,1.403,1.403,1.401,1.402,111,2502000.0,14030,14030,14010,14010,0,0,False,-2477815.0,True,True,True,False,False,False
588000,2025-12-01T13:26:00+08:00,"(t-60s,t]",continuous_pm,2025-12-01 13:25:00,2025-12-01 13:26:00,24185.0,1.403,1.403,1.401,1.402,111,2502000.0,14030,14030,14010,14010,0,0,False,-2477815.0,True,True,True,False,False,False
588000,2025-12-01T13:26:00+08:00,"[t,t+60s)",continuous_pm,2025-12-01 13:26:00,2025-12-01 13:27:00,24185.0,1.403,1.403,1.401,1.402,134,6894000.0,14010,14030,14010,14020,0,0,False,-6869815.0,False,True,True,True,False,False
588000,2025-12-01T13:26:00+08:00,"(t,t+60s]",continuous_pm,2025-12-01 13:26:00,2025-12-01 13:27:00,24185.0,1.403,1.403,1.401,1.402,134,6894000.0,14010,14030,14010,14020,0,0,False,-6869815.0,False,True,True,True,False,False
588000,2025-12-01T13:27:00+08:00,"[t-60s,t)",continuous_pm,2025-12-01 13:26:00,2025-12-01 13:27:00,68537.0,1.401,1.403,1.401,1.403,134,6894000.0,14010,14030,14010,14020,0,0,False,-6825463.0,True,True,True,False,False,False
588000,2025-12-01T13:27:00+08:00,"(t-60s,t]",continuous_pm,2025-12-01 13:26:00,2025-12-01 13:27:00,68537.0,1.401,1.403,1.401,1.403,134,6894000.0,14010,14030,14010,14020,0,0,False,-6825463.0,True,True,True,False,False,False
588000,2025-12-01T13:27:00+08:00,"[t,t+60s)",continuous_pm,2025-12-01 13:27:00,2025-12-01 13:28:00,68537.0,1.401,1.403,1.401,1.403,94,1175900.0,14030,14030,14010,14010,0,0,False,-1107363.0,False,True,True,False,False,False
588000,2025-12-01T13:27:00+08:00,"(t,t+60s]",continuous_pm,2025-12-01 13:27:00,2025-12-01 13:28:00,68537.0,1.401,1.403,1.401,1.403,94,1175900.0,14030,14030,14010,14010,0,0,False,-1107363.0,False,True,True,False,False,False
588000,2025-12-01T13:28:00+08:00,"[t-60s,t)",continuous_pm,2025-12-01 13:27:00,2025-12-01 13:28:00,12990.0,1.402,1.403,1.401,1.401,94,1175900.0,14030,14030,14010,14010,0,0,False,-1162910.0,False,True,True,True,False,False
588000,2025-12-01T13:28:00+08:00,"(t-60s,t]",continuous_pm,2025-12-01 13:27:00,2025-12-01 13:28:00,12990.0,1.402,1.403,1.401,1.401,94,1175900.0,14030,14030,14010,14010,0,0,False,-1162910.0,False,True,True,True,False,False
588000,2025-12-01T13:28:00+08:00,"[t,t+60s)",continuous_pm,2025-12-01 13:28:00,2025-12-01 13:29:00,12990.0,1.402,1.403,1.401,1.401,184,5111000.0,14010,14020,14010,14020,0,0,False,-5098010.0,False,False,True,False,False,False
588000,2025-12-01T13:28:00+08:00,"(t,t+60s]",continuous_pm,2025-12-01 13:28:00,2025-12-01 13:29:00,12990.0,1.402,1.403,1.401,1.401,184,5111000.0,14010,14020,14010,14020,0,0,False,-5098010.0,False,False,True,False,False,False
588000,2025-12-01T13:29:00+08:00,"[t-60s,t)",continuous_pm,2025-12-01 13:28:00,2025-12-01 13:29:00,51087.0,1.401,1.402,1.401,1.402,184,5111000.0,14010,14020,14010,14020,0,0,False,-5059913.0,True,True,True,True,True,False
588000,2025-12-01T13:29:00+08:00,"(t-60s,t]",continuous_pm,2025-12-01 13:28:00,2025-12-01 13:29:00,51087.0,1.401,1.402,1.401,1.402,184,5111000.0,14010,14020,14010,14020,0,0,False,-5059913.0,True,True,True,True,True,False
588000,2025-12-01T13:29:00+08:00,"[t,t+60s)",continuous_pm,2025-12-01 13:29:00,2025-12-01 13:30:00,51087.0,1.401,1.402,1.401,1.402,116,3205000.0,14020,14030,14000,14000,0,0,False,-3153913.0,False,False,False,False,False,False
588000,2025-12-01T13:29:00+08:00,"(t,t+60s]",continuous_pm,2025-12-01 13:29:00,2025-12-01 13:30:00,51087.0,1.401,1.402,1.401,1.402,116,3205000.0,14020,14030,14000,14000,0,0,False,-3153913.0,False,False,False,False,False,False
588000,2025-12-01T13:30:00+08:00,"[t-60s,t)",continuous_pm,2025-12-01 13:29:00,2025-12-01 13:30:00,32190.0,1.402,1.403,1.4,1.4,116,3205000.0,14020,14030,14000,14000,0,0,False,-3172810.0,True,True,True,True,True,False
588000,2025-12-01T13:30:00+08:00,"(t-60s,t]",continuous_pm,2025-12-01 13:29:00,2025-12-01 13:30:00,32190.0,1.402,1.403,1.4,1.4,116,3205000.0,14020,14030,14000,14000,0,0,False,-3172810.0,True,True,True,True,True,False
588000,2025-12-01T13:30:00+08:00,"[t,t+60s)",continuous_pm,2025-12-01 13:30:00,2025-12-01 13:31:00,32190.0,1.402,1.403,1.4,1.4,433,8355100.0,14000,14010,13980,13980,0,0,False,-8322910.0,False,False,False,False,False,False
588000,2025-12-01T13:30:00+08:00,"(t,t+60s]",continuous_pm,2025-12-01 13:30:00,2025-12-01 13:31:00,32190.0,1.402,1.403,1.4,1.4,433,8355100.0,14000,14010,13980,13980,0,0,False,-8322910.0,False,False,False,False,False,False
588000,2025-12-01T13:31:00+08:00,"[t-60s,t)",continuous_pm,2025-12-01 13:30:00,2025-12-01 13:31:00,70531.0,1.4,1.4,1.398,1.399,433,8355100.0,14000,14010,13980,13980,0,0,False,-8284569.0,True,False,True,False,False,False
588000,2025-12-01T13:31:00+08:00,"(t-60s,t]",continuous_pm,2025-12-01 13:30:00,2025-12-01 13:31:00,70531.0,1.4,1.4,1.398,1.399,433,8355100.0,14000,14010,13980,13980,0,0,False,-8284569.0,True,False,True,False,False,False
588000,2025-12-01T13:31:00+08:00,"[t,t+60s)",continuous_pm,2025-12-01 13:31:00,2025-12-01 13:32:00,70531.0,1.4,1.4,1.398,1.399,218,3929300.0,13980,13990,13980,13980,0,0,False,-3858769.0,False,False,True,False,False,False
588000,2025-12-01T13:31:00+08:00,"(t,t+60s]",continuous_pm,2025-12-01 13:31:00,2025-12-01 13:32:00,70531.0,1.4,1.4,1.398,1.399,218,3929300.0,13980,13990,13980,13980,0,0,False,-3858769.0,False,False,True,False,False,False
588000,2025-12-01T13:32:00+08:00,"[t-60s,t)",continuous_pm,2025-12-01 13:31:00,2025-12-01 13:32:00,52162.0,1.399,1.399,1.398,1.398,218,3929300.0,13980,13990,13980,13980,0,0,False,-3877138.0,False,True,True,True,False,False
588000,2025-12-01T13:32:00+08:00,"(t-60s,t]",continuous_pm,2025-12-01 13:31:00,2025-12-01 13:32:00,52162.0,1.399,1.399,1.398,1.398,218,3929300.0,13980,13990,13980,13980,0,0,False,-3877138.0,False,True,True,True,False,False
588000,2025-12-01T13:32:00+08:00,"[t,t+60s)",continuous_pm,2025-12-01 13:32:00,2025-12-01 13:33:00,52162.0,1.399,1.399,1.398,1.398,205,6178700.0,13980,14000,13980,13980,0,0,False,-6126538.0,False,False,True,True,False,False
588000,2025-12-01T13:32:00+08:00,"(t,t+60s]",continuous_pm,2025-12-01 13:32:00,2025-12-01 13:33:00,52162.0,1.399,1.399,1.398,1.398,205,6178700.0,13980,14000,13980,13980,0,0,False,-6126538.0,False,False,True,True,False,False
588000,2025-12-01T13:33:00+08:00,"[t-60s,t)",continuous_pm,2025-12-01 13:32:00,2025-12-01 13:33:00,61838.0,1.398,1.4,1.398,1.398,205,6178700.0,13980,14000,13980,13980,0,0,False,-6116862.0,True,True,True,True,True,False
588000,2025-12-01T13:33:00+08:00,"(t-60s,t]",continuous_pm,2025-12-01 13:32:00,2025-12-01 13:33:00,61838.0,1.398,1.4,1.398,1.398,205,6178700.0,13980,14000,13980,13980,0,0,False,-6116862.0,True,True,True,True,True,False
588000,2025-12-01T13:33:00+08:00,"[t,t+60s)",continuous_pm,2025-12-01 13:33:00,2025-12-01 13:34:00,61838.0,1.398,1.4,1.398,1.398,177,4655700.0,13980,14000,13980,13990,0,0,False,-4593862.0,True,True,True,False,False,False
588000,2025-12-01T13:33:00+08:00,"(t,t+60s]",continuous_pm,2025-12-01 13:33:00,2025-12-01 13:34:00,61838.0,1.398,1.4,1.398,1.398,177,4655700.0,13980,14000,13980,13990,0,0,False,-4593862.0,True,True,True,False,False,False
588000,2025-12-01T13:34:00+08:00,"[t-60s,t)",continuous_pm,2025-12-01 13:33:00,2025-12-01 13:34:00,44542.0,1.398,1.4,1.398,1.399,177,4655700.0,13980,14000,13980,13990,0,0,False,-4611158.0,True,True,True,True,True,False
588000,2025-12-01T13:34:00+08:00,"(t-60s,t]",continuous_pm,2025-12-01 13:33:00,2025-12-01 13:34:00,44542.0,1.398,1.4,1.398,1.399,177,4655700.0,13980,14000,13980,13990,0,0,False,-4611158.0,True,True,True,True,True,False
588000,2025-12-01T13:34:00+08:00,"[t,t+60s)",continuous_pm,2025-12-01 13:34:00,2025-12-01 13:35:00,44542.0,1.398,1.4,1.398,1.399,149,1900300.0,14000,14000,13990,13990,0,0,False,-1855758.0,False,True,False,True,False,False
588000,2025-12-01T13:34:00+08:00,"(t,t+60s]",continuous_pm,2025-12-01 13:34:00,2025-12-01 13:35:00,44542.0,1.398,1.4,1.398,1.399,149,1900300.0,14000,14000,13990,13990,0,0,False,-1855758.0,False,True,False,True,False,False
588000,2025-12-01T13:35:00+08:00,"[t-60s,t)",continuous_pm,2025-12-01 13:34:00,2025-12-01 13:35:00,20285.0,1.399,1.4,1.399,1.399,149,1900300.0,14000,14000,13990,13990,0,0,False,-1880015.0,False,True,True,True,False,False
588000,2025-12-01T13:35:00+08:00,"(t-60s,t]",continuous_pm,2025-12-01 13:34:00,2025-12-01 13:35:00,20285.0,1.399,1.4,1.399,1.399,149,1900300.0,14000,14000,13990,13990,0,0,False,-1880015.0,False,True,True,True,False,False
588000,2025-12-01T13:35:00+08:00,"[t,t+60s)",continuous_pm,2025-12-01 13:35:00,2025-12-01 13:36:00,20285.0,1.399,1.4,1.399,1.399,110,1456000.0,13990,14000,13980,14000,0,0,False,-1435715.0,True,True,False,False,False,False
588000,2025-12-01T13:35:00+08:00,"(t,t+60s]",continuous_pm,2025-12-01 13:35:00,2025-12-01 13:36:00,20285.0,1.399,1.4,1.399,1.399,110,1456000.0,13990,14000,13980,14000,0,0,False,-1435715.0,True,True,False,False,False,False
588000,2025-12-01T13:36:00+08:00,"[t-60s,t)",continuous_pm,2025-12-01 13:35:00,2025-12-01 13:36:00,15191.0,1.399,1.4,1.399,1.399,110,1456000.0,13990,14000,13980,14000,0,0,False,-1440809.0,True,True,False,False,False,False
588000,2025-12-01T13:36:00+08:00,"(t-60s,t]",continuous_pm,2025-12-01 13:35:00,2025-12-01 13:36:00,15191.0,1.399,1.4,1.399,1.399,110,1456000.0,13990,14000,13980,14000,0,0,False,-1440809.0,True,True,False,False,False,False
588000,2025-12-01T13:36:00+08:00,"[t,t+60s)",continuous_pm,2025-12-01 13:36:00,2025-12-01 13:37:00,15191.0,1.399,1.4,1.399,1.399,85,1086900.0,14000,14000,13990,13990,0,0,False,-1071709.0,False,True,True,True,False,False
588000,2025-12-01T13:36:00+08:00,"(t,t+60s]",continuous_pm,2025-12-01 13:36:00,2025-12-01 13:37:00,15191.0,1.399,1.4,1.399,1.399,85,1086900.0,14000,14000,13990,13990,0,0,False,-1071709.0,False,True,True,True,False,False
588000,2025-12-01T13:37:00+08:00,"[t-60s,t)",continuous_pm,2025-12-01 13:36:00,2025-12-01 13:37:00,10471.0,1.399,1.4,1.399,1.4,85,1086900.0,14000,14000,13990,13990,0,0,False,-1076429.0,False,True,True,False,False,False
588000,2025-12-01T13:37:00+08:00,"(t-60s,t]",continuous_pm,2025-12-01 13:36:00,2025-12-01 13:37:00,10471.0,1.399,1.4,1.399,1.4,85,1086900.0,14000,14000,13990,13990,0,0,False,-1076429.0,False,True,True,False,False,False
588000,2025-12-01T13:37:00+08:00,"[t,t+60s)",continuous_pm,2025-12-01 13:37:00,2025-12-01 13:38:00,10471.0,1.399,1.4,1.399,1.4,263,6599321.0,13990,14010,13990,13990,0,0,False,-6588850.0,True,False,True,False,False,False
588000,2025-12-01T13:37:00+08:00,"(t,t+60s]",continuous_pm,2025-12-01 13:37:00,2025-12-01 13:38:00,10471.0,1.399,1.4,1.399,1.4,263,6599321.0,13990,14010,13990,13990,0,0,False,-6588850.0,True,False,True,False,False,False
588000,2025-12-01T13:38:00+08:00,"[t-60s,t)",continuous_pm,2025-12-01 13:37:00,2025-12-01 13:38:00,66418.0,1.399,1.4,1.399,1.399,263,6599321.0,13990,14010,13990,13990,0,0,False,-6532903.0,True,False,True,True,False,False
588000,2025-12-01T13:38:00+08:00,"(t-60s,t]",continuous_pm,2025-12-01 13:37:00,2025-12-01 13:38:00,66418.0,1.399,1.4,1.399,1.399,263,6599321.0,13990,14010,13990,13990,0,0,False,-6532903.0,True,False,True,True,False,False
588000,2025-12-01T13:38:00+08:00,"[t,t+60s)",continuous_pm,2025-12-01 13:38:00,2025-12-01 13:39:00,66418.0,1.399,1.4,1.399,1.399,220,3199968.0,13990,14000,13980,13980,0,0,False,-3133550.0,True,True,False,False,False,False
588000,2025-12-01T13:38:00+08:00,"(t,t+60s]",continuous_pm,2025-12-01 13:38:00,2025-12-01 13:39:00,66418.0,1.399,1.4,1.399,1.399,220,3199968.0,13990,14000,13980,13980,0,0,False,-3133550.0,True,True,False,False,False,False
588000,2025-12-01T13:39:00+08:00,"[t-60s,t)",continuous_pm,2025-12-01 13:38:00,2025-12-01 13:39:00,28753.0,1.399,1.4,1.398,1.398,220,3199968.0,13990,14000,13980,13980,0,0,False,-3171215.0,True,True,True,True,True,False
588000,2025-12-01T13:39:00+08:00,"(t-60s,t]",continuous_pm,2025-12-01 13:38:00,2025-12-01 13:39:00,28753.0,1.399,1.4,1.398,1.398,220,3199968.0,13990,14000,13980,13980,0,0,False,-3171215.0,True,True,True,True,True,False
588000,2025-12-01T13:39:00+08:00,"[t,t+60s)",continuous_pm,2025-12-01 13:39:00,2025-12-01 13:40:00,28753.0,1.399,1.4,1.398,1.398,146,5387200.0,13980,13990,13970,13990,0,0,False,-5358447.0,False,False,False,False,False,False
588000,2025-12-01T13:39:00+08:00,"(t,t+60s]",continuous_pm,2025-12-01 13:39:00,2025-12-01 13:40:00,28753.0,1.399,1.4,1.398,1.398,146,5387200.0,13980,13990,13970,13990,0,0,False,-5358447.0,False,False,False,False,False,False
588000,2025-12-01T13:40:00+08:00,"[t-60s,t)",continuous_pm,2025-12-01 13:39:00,2025-12-01 13:40:00,57084.0,1.398,1.399,1.397,1.399,146,5387200.0,13980,13990,13970,13990,0,0,False,-5330116.0,True,True,True,True,True,False
588000,2025-12-01T13:40:00+08:00,"(t-60s,t]",continuous_pm,2025-12-01 13:39:00,2025-12-01 13:40:00,57084.0,1.398,1.399,1.397,1.399,146,5387200.0,13980,13990,13970,13990,0,0,False,-5330116.0,True,True,True,True,True,False
588000,2025-12-01T13:40:00+08:00,"[t,t+60s)",continuous_pm,2025-12-01 13:40:00,2025-12-01 13:41:00,57084.0,1.398,1.399,1.397,1.399,228,5451568.0,13990,14000,13990,14000,0,0,False,-5394484.0,False,False,False,False,False,False
588000,2025-12-01T13:40:00+08:00,"(t,t+60s]",continuous_pm,2025-12-01 13:40:00,2025-12-01 13:41:00,57084.0,1.398,1.399,1.397,1.399,228,5451568.0,13990,14000,13990,14000,0,0,False,-5394484.0,False,False,False,False,False,False
588000,2025-12-01T13:41:00+08:00,"[t-60s,t)",continuous_pm,2025-12-01 13:40:00,2025-12-01 13:41:00,48961.0,1.399,1.4,1.399,1.4,228,5451568.0,13990,14000,13990,14000,0,0,False,-5402607.0,True,True,True,True,True,False
588000,2025-12-01T13:41:00+08:00,"(t-60s,t]",continuous_pm,2025-12-01 13:40:00,2025-12-01 13:41:00,48961.0,1.399,1.4,1.399,1.4,228,5451568.0,13990,14000,13990,14000,0,0,False,-5402607.0,True,True,True,True,True,False
588000,2025-12-01T13:41:00+08:00,"[t,t+60s)",continuous_pm,2025-12-01 13:41:00,2025-12-01 13:42:00,48961.0,1.399,1.4,1.399,1.4,125,1702000.0,14000,14010,13990,14000,0,0,False,-1653039.0,False,False,True,True,False,False
588000,2025-12-01T13:41:00+08:00,"(t,t+60s]",continuous_pm,2025-12-01 13:41:00,2025-12-01 13:42:00,48961.0,1.399,1.4,1.399,1.4,125,1702000.0,14000,14010,13990,14000,0,0,False,-1653039.0,False,False,True,True,False,False
588000,2025-12-01T13:42:00+08:00,"[t-60s,t)",continuous_pm,2025-12-01 13:41:00,2025-12-01 13:42:00,22360.0,1.4,1.401,1.399,1.399,125,1702000.0,14000,14010,13990,14000,0,0,False,-1679640.0,True,True,True,False,False,False
588000,2025-12-01T13:42:00+08:00,"(t-60s,t]",continuous_pm,2025-12-01 13:41:00,2025-12-01 13:42:00,22360.0,1.4,1.401,1.399,1.399,125,1702000.0,14000,14010,13990,14000,0,0,False,-1679640.0,True,True,True,False,False,False
588000,2025-12-01T13:42:00+08:00,"[t,t+60s)",continuous_pm,2025-12-01 13:42:00,2025-12-01 13:43:00,22360.0,1.4,1.401,1.399,1.399,222,6344732.0,13990,14000,13970,13970,0,0,False,-6322372.0,False,False,False,False,False,False
588000,2025-12-01T13:42:00+08:00,"(t,t+60s]",continuous_pm,2025-12-01 13:42:00,2025-12-01 13:43:00,22360.0,1.4,1.401,1.399,1.399,222,6344732.0,13990,14000,13970,13970,0,0,False,-6322372.0,False,False,False,False,False,False
588000,2025-12-01T13:43:00+08:00,"[t-60s,t)",continuous_pm,2025-12-01 13:42:00,2025-12-01 13:43:00,63872.0,1.399,1.4,1.397,1.397,222,6344732.0,13990,14000,13970,13970,0,0,False,-6280860.0,True,True,True,True,True,False
588000,2025-12-01T13:43:00+08:00,"(t-60s,t]",continuous_pm,2025-12-01 13:42:00,2025-12-01 13:43:00,63872.0,1.399,1.4,1.397,1.397,222,6344732.0,13990,14000,13970,13970,0,0,False,-6280860.0,True,True,True,True,True,False
588000,2025-12-01T13:43:00+08:00,"[t,t+60s)",continuous_pm,2025-12-01 13:43:00,2025-12-01 13:44:00,63872.0,1.399,1.4,1.397,1.397,151,3544600.0,13970,13990,13970,13980,0,0,False,-3480728.0,False,False,True,False,False,False
588000,2025-12-01T13:43:00+08:00,"(t,t+60s]",continuous_pm,2025-12-01 13:43:00,2025-12-01 13:44:00,63872.0,1.399,1.4,1.397,1.397,151,3544600.0,13970,13990,13970,13980,0,0,False,-3480728.0,False,False,True,False,False,False
588000,2025-12-01T13:44:00+08:00,"[t-60s,t)",continuous_pm,2025-12-01 13:43:00,2025-12-01 13:44:00,34903.0,1.397,1.399,1.397,1.398,151,3544600.0,13970,13990,13970,13980,0,0,False,-3509697.0,True,True,True,True,True,False
588000,2025-12-01T13:44:00+08:00,"(t-60s,t]",continuous_pm,2025-12-01 13:43:00,2025-12-01 13:44:00,34903.0,1.397,1.399,1.397,1.398,151,3544600.0,13970,13990,13970,13980,0,0,False,-3509697.0,True,True,True,True,True,False
588000,2025-12-01T13:44:00+08:00,"[t,t+60s)",continuous_pm,2025-12-01 13:44:00,2025-12-01 13:45:00,34903.0,1.397,1.399,1.397,1.398,115,4121600.0,13980,13990,13970,13990,0,0,False,-4086697.0,False,True,True,False,False,False
588000,2025-12-01T13:44:00+08:00,"(t,t+60s]",continuous_pm,2025-12-01 13:44:00,2025-12-01 13:45:00,34903.0,1.397,1.399,1.397,1.398,115,4121600.0,13980,13990,13970,13990,0,0,False,-4086697.0,False,True,True,False,False,False
588000,2025-12-01T13:45:00+08:00,"[t-60s,t)",continuous_pm,2025-12-01 13:44:00,2025-12-01 13:45:00,41661.0,1.398,1.399,1.398,1.398,115,4121600.0,13980,13990,13970,13990,0,0,False,-4079939.0,True,True,False,False,False,False
588000,2025-12-01T13:45:00+08:00,"(t-60s,t]",continuous_pm,2025-12-01 13:44:00,2025-12-01 13:45:00,41661.0,1.398,1.399,1.398,1.398,115,4121600.0,13980,13990,13970,13990,0,0,False,-4079939.0,True,True,False,False,False,False
588000,2025-12-01T13:45:00+08:00,"[t,t+60s)",continuous_pm,2025-12-01 13:45:00,2025-12-01 13:46:00,41661.0,1.398,1.399,1.398,1.398,137,3440100.0,13980,13990,13970,13970,0,0,False,-3398439.0,True,True,False,False,False,False
588000,2025-12-01T13:45:00+08:00,"(t,t+60s]",continuous_pm,2025-12-01 13:45:00,2025-12-01 13:46:00,41661.0,1.398,1.399,1.398,1.398,137,3440100.0,13980,13990,13970,13970,0,0,False,-3398439.0,True,True,False,False,False,False
588000,2025-12-01T13:46:00+08:00,"[t-60s,t)",continuous_pm,2025-12-01 13:45:00,2025-12-01 13:46:00,31665.0,1.398,1.399,1.397,1.397,137,3440100.0,13980,13990,13970,13970,0,0,False,-3408435.0,True,True,True,True,True,False
588000,2025-12-01T13:46:00+08:00,"(t-60s,t]",continuous_pm,2025-12-01 13:45:00,2025-12-01 13:46:00,31665.0,1.398,1.399,1.397,1.397,137,3440100.0,13980,13990,13970,13970,0,0,False,-3408435.0,True,True,True,True,True,False
588000,2025-12-01T13:46:00+08:00,"[t,t+60s)",continuous_pm,2025-12-01 13:46:00,2025-12-01 13:47:00,31665.0,1.398,1.399,1.397,1.397,97,2792800.0,13970,13990,13970,13990,0,0,False,-2761135.0,False,True,True,False,False,False
588000,2025-12-01T13:46:00+08:00,"(t,t+60s]",continuous_pm,2025-12-01 13:46:00,2025-12-01 13:47:00,31665.0,1.398,1.399,1.397,1.397,97,2792800.0,13970,13990,13970,13990,0,0,False,-2761135.0,False,True,True,False,False,False
588000,2025-12-01T13:47:00+08:00,"[t-60s,t)",continuous_pm,2025-12-01 13:46:00,2025-12-01 13:47:00,30562.0,1.397,1.399,1.397,1.399,97,2792800.0,13970,13990,13970,13990,0,0,False,-2762238.0,True,True,True,True,True,False
588000,2025-12-01T13:47:00+08:00,"(t-60s,t]",continuous_pm,2025-12-01 13:46:00,2025-12-01 13:47:00,30562.0,1.397,1.399,1.397,1.399,97,2792800.0,13970,13990,13970,13990,0,0,False,-2762238.0,True,True,True,True,True,False
588000,2025-12-01T13:47:00+08:00,"[t,t+60s)",continuous_pm,2025-12-01 13:47:00,2025-12-01 13:48:00,30562.0,1.397,1.399,1.397,1.399,47,462100.0,13980,13990,13980,13990,0,0,False,-431538.0,False,True,False,True,False,False
588000,2025-12-01T13:47:00+08:00,"(t,t+60s]",continuous_pm,2025-12-01 13:47:00,2025-12-01 13:48:00,30562.0,1.397,1.399,1.397,1.399,47,462100.0,13980,13990,13980,13990,0,0,False,-431538.0,False,True,False,True,False,False
588000,2025-12-01T13:48:00+08:00,"[t-60s,t)",continuous_pm,2025-12-01 13:47:00,2025-12-01 13:48:00,4821.0,1.399,1.399,1.398,1.399,47,462100.0,13980,13990,13980,13990,0,0,False,-457279.0,False,True,True,True,False,False
588000,2025-12-01T13:48:00+08:00,"(t-60s,t]",continuous_pm,2025-12-01 13:47:00,2025-12-01 13:48:00,4821.0,1.399,1.399,1.398,1.399,47,462100.0,13980,13990,13980,13990,0,0,False,-457279.0,False,True,True,True,False,False
588000,2025-12-01T13:48:00+08:00,"[t,t+60s)",continuous_pm,2025-12-01 13:48:00,2025-12-01 13:49:00,4821.0,1.399,1.399,1.398,1.399,126,4324500.0,13990,14000,13980,14000,0,0,False,-4319679.0,True,False,True,False,False,False
588000,2025-12-01T13:48:00+08:00,"(t,t+60s]",continuous_pm,2025-12-01 13:48:00,2025-12-01 13:49:00,4821.0,1.399,1.399,1.398,1.399,126,4324500.0,13990,14000,13980,14000,0,0,False,-4319679.0,True,False,True,False,False,False
588000,2025-12-01T13:49:00+08:00,"[t-60s,t)",continuous_pm,2025-12-01 13:48:00,2025-12-01 13:49:00,43066.0,1.399,1.399,1.398,1.399,126,4324500.0,13990,14000,13980,14000,0,0,False,-4281434.0,True,False,True,False,False,False
588000,2025-12-01T13:49:00+08:00,"(t-60s,t]",continuous_pm,2025-12-01 13:48:00,2025-12-01 13:49:00,43066.0,1.399,1.399,1.398,1.399,126,4324500.0,13990,14000,13980,14000,0,0,False,-4281434.0,True,False,True,False,False,False
588000,2025-12-01T13:49:00+08:00,"[t,t+60s)",continuous_pm,2025-12-01 13:49:00,2025-12-01 13:50:00,43066.0,1.399,1.399,1.398,1.399,236,5813800.0,14000,14010,13990,14000,0,0,False,-5770734.0,False,False,False,False,False,False
588000,2025-12-01T13:49:00+08:00,"(t,t+60s]",continuous_pm,2025-12-01 13:49:00,2025-12-01 13:50:00,43066.0,1.399,1.399,1.398,1.399,236,5813800.0,14000,14010,13990,14000,0,0,False,-5770734.0,False,False,False,False,False,False
588000,2025-12-01T13:50:00+08:00,"[t-60s,t)",continuous_pm,2025-12-01 13:49:00,2025-12-01 13:50:00,57547.0,1.4,1.401,1.399,1.4,236,5813800.0,14000,14010,13990,14000,0,0,False,-5756253.0,True,True,True,True,True,False
588000,2025-12-01T13:50:00+08:00,"(t-60s,t]",continuous_pm,2025-12-01 13:49:00,2025-12-01 13:50:00,57547.0,1.4,1.401,1.399,1.4,236,5813800.0,14000,14010,13990,14000,0,0,False,-5756253.0,True,True,True,True,True,False
588000,2025-12-01T13:50:00+08:00,"[t,t+60s)",continuous_pm,2025-12-01 13:50:00,2025-12-01 13:51:00,57547.0,1.4,1.401,1.399,1.4,251,7232400.0,14000,14020,13990,14010,0,0,False,-7174853.0,True,False,True,False,False,False
588000,2025-12-01T13:50:00+08:00,"(t,t+60s]",continuous_pm,2025-12-01 13:50:00,2025-12-01 13:51:00,57547.0,1.4,1.401,1.399,1.4,251,7232400.0,14000,14020,13990,14010,0,0,False,-7174853.0,True,False,True,False,False,False
588000,2025-12-01T13:51:00+08:00,"[t-60s,t)",continuous_pm,2025-12-01 13:50:00,2025-12-01 13:51:00,73087.0,1.399,1.402,1.399,1.402,251,7232400.0,14000,14020,13990,14010,0,0,False,-7159313.0,False,True,True,False,False,False
588000,2025-12-01T13:51:00+08:00,"(t-60s,t]",continuous_pm,2025-12-01 13:50:00,2025-12-01 13:51:00,73087.0,1.399,1.402,1.399,1.402,251,7232400.0,14000,14020,13990,14010,0,0,False,-7159313.0,False,True,True,False,False,False
588000,2025-12-01T13:51:00+08:00,"[t,t+60s)",continuous_pm,2025-12-01 13:51:00,2025-12-01 13:52:00,73087.0,1.399,1.402,1.399,1.402,110,2506400.0,14010,14020,14000,14010,0,0,False,-2433313.0,False,True,False,False,False,False
588000,2025-12-01T13:51:00+08:00,"(t,t+60s]",continuous_pm,2025-12-01 13:51:00,2025-12-01 13:52:00,73087.0,1.399,1.402,1.399,1.402,110,2506400.0,14010,14020,14000,14010,0,0,False,-2433313.0,False,True,False,False,False,False
588000,2025-12-01T13:52:00+08:00,"[t-60s,t)",continuous_pm,2025-12-01 13:51:00,2025-12-01 13:52:00,25021.0,1.401,1.402,1.4,1.402,110,2506400.0,14010,14020,14000,14010,0,0,False,-2481379.0,True,True,True,False,False,False
588000,2025-12-01T13:52:00+08:00,"(t-60s,t]",continuous_pm,2025-12-01 13:51:00,2025-12-01 13:52:00,25021.0,1.401,1.402,1.4,1.402,110,2506400.0,14010,14020,14000,14010,0,0,False,-2481379.0,True,True,True,False,False,False
588000,2025-12-01T13:52:00+08:00,"[t,t+60s)",continuous_pm,2025-12-01 13:52:00,2025-12-01 13:53:00,25021.0,1.401,1.402,1.4,1.402,90,1579400.0,14010,14020,14000,14010,0,0,False,-1554379.0,True,True,True,False,False,False
588000,2025-12-01T13:52:00+08:00,"(t,t+60s]",continuous_pm,2025-12-01 13:52:00,2025-12-01 13:53:00,25021.0,1.401,1.402,1.4,1.402,90,1579400.0,14010,14020,14000,14010,0,0,False,-1554379.0,True,True,True,False,False,False
588000,2025-12-01T13:53:00+08:00,"[t-60s,t)",continuous_pm,2025-12-01 13:52:00,2025-12-01 13:53:00,15768.0,1.401,1.402,1.4,1.4,90,1579400.0,14010,14020,14000,14010,0,0,False,-1563632.0,True,True,True,False,False,False
588000,2025-12-01T13:53:00+08:00,"(t-60s,t]",continuous_pm,2025-12-01 13:52:00,2025-12-01 13:53:00,15768.0,1.401,1.402,1.4,1.4,90,1579400.0,14010,14020,14000,14010,0,0,False,-1563632.0,True,True,True,False,False,False
588000,2025-12-01T13:53:00+08:00,"[t,t+60s)",continuous_pm,2025-12-01 13:53:00,2025-12-01 13:54:00,15768.0,1.401,1.402,1.4,1.4,153,1704200.0,14010,14010,14000,14000,0,0,False,-1688432.0,True,False,True,True,False,False
588000,2025-12-01T13:53:00+08:00,"(t,t+60s]",continuous_pm,2025-12-01 13:53:00,2025-12-01 13:54:00,15768.0,1.401,1.402,1.4,1.4,153,1704200.0,14010,14010,14000,14000,0,0,False,-1688432.0,True,False,True,True,False,False
588000,2025-12-01T13:54:00+08:00,"[t-60s,t)",continuous_pm,2025-12-01 13:53:00,2025-12-01 13:54:00,16956.0,1.401,1.401,1.4,1.4,153,1704200.0,14010,14010,14000,14000,0,0,False,-1687244.0,True,True,True,True,True,False
588000,2025-12-01T13:54:00+08:00,"(t-60s,t]",continuous_pm,2025-12-01 13:53:00,2025-12-01 13:54:00,16956.0,1.401,1.401,1.4,1.4,153,1704200.0,14010,14010,14000,14000,0,0,False,-1687244.0,True,True,True,True,True,False
588000,2025-12-01T13:54:00+08:00,"[t,t+60s)",continuous_pm,2025-12-01 13:54:00,2025-12-01 13:55:00,16956.0,1.401,1.401,1.4,1.4,88,2821900.0,14000,14000,13990,14000,0,0,False,-2804944.0,False,False,False,True,False,False
588000,2025-12-01T13:54:00+08:00,"(t,t+60s]",continuous_pm,2025-12-01 13:54:00,2025-12-01 13:55:00,16956.0,1.401,1.401,1.4,1.4,88,2821900.0,14000,14000,13990,14000,0,0,False,-2804944.0,False,False,False,True,False,False
588000,2025-12-01T13:55:00+08:00,"[t-60s,t)",continuous_pm,2025-12-01 13:54:00,2025-12-01 13:55:00,28264.0,1.4,1.4,1.399,1.4,88,2821900.0,14000,14000,13990,14000,0,0,False,-2793636.0,True,True,True,True,True,False
588000,2025-12-01T13:55:00+08:00,"(t-60s,t]",continuous_pm,2025-12-01 13:54:00,2025-12-01 13:55:00,28264.0,1.4,1.4,1.399,1.4,88,2821900.0,14000,14000,13990,14000,0,0,False,-2793636.0,True,True,True,True,True,False
588000,2025-12-01T13:55:00+08:00,"[t,t+60s)",continuous_pm,2025-12-01 13:55:00,2025-12-01 13:56:00,28264.0,1.4,1.4,1.399,1.4,61,1269300.0,14010,14010,13990,14000,0,0,False,-1241036.0,False,False,True,True,False,False
588000,2025-12-01T13:55:00+08:00,"(t,t+60s]",continuous_pm,2025-12-01 13:55:00,2025-12-01 13:56:00,28264.0,1.4,1.4,1.399,1.4,61,1269300.0,14010,14010,13990,14000,0,0,False,-1241036.0,False,False,True,True,False,False
588000,2025-12-01T13:56:00+08:00,"[t-60s,t)",continuous_pm,2025-12-01 13:55:00,2025-12-01 13:56:00,12498.0,1.401,1.401,1.399,1.399,61,1269300.0,14010,14010,13990,14000,0,0,False,-1256802.0,True,True,True,False,False,False
588000,2025-12-01T13:56:00+08:00,"(t-60s,t]",continuous_pm,2025-12-01 13:55:00,2025-12-01 13:56:00,12498.0,1.401,1.401,1.399,1.399,61,1269300.0,14010,14010,13990,14000,0,0,False,-1256802.0,True,True,True,False,False,False
588000,2025-12-01T13:56:00+08:00,"[t,t+60s)",continuous_pm,2025-12-01 13:56:00,2025-12-01 13:57:00,12498.0,1.401,1.401,1.399,1.399,69,764983.0,14000,14000,13990,13990,0,0,False,-752485.0,False,False,True,True,False,False
588000,2025-12-01T13:56:00+08:00,"(t,t+60s]",continuous_pm,2025-12-01 13:56:00,2025-12-01 13:57:00,12498.0,1.401,1.401,1.399,1.399,69,764983.0,14000,14000,13990,13990,0,0,False,-752485.0,False,False,True,True,False,False
588000,2025-12-01T13:57:00+08:00,"[t-60s,t)",continuous_pm,2025-12-01 13:56:00,2025-12-01 13:57:00,7905.0,1.4,1.4,1.399,1.399,69,764983.0,14000,14000,13990,13990,0,0,False,-757078.0,True,True,True,True,True,False
588000,2025-12-01T13:57:00+08:00,"(t-60s,t]",continuous_pm,2025-12-01 13:56:00,2025-12-01 13:57:00,7905.0,1.4,1.4,1.399,1.399,69,764983.0,14000,14000,13990,13990,0,0,False,-757078.0,True,True,True,True,True,False
588000,2025-12-01T13:57:00+08:00,"[t,t+60s)",continuous_pm,2025-12-01 13:57:00,2025-12-01 13:58:00,7905.0,1.4,1.4,1.399,1.399,138,3515252.0,13990,14010,13990,14000,0,0,False,-3507347.0,False,False,True,False,False,False
588000,2025-12-01T13:57:00+08:00,"(t,t+60s]",continuous_pm,2025-12-01 13:57:00,2025-12-01 13:58:00,7905.0,1.4,1.4,1.399,1.399,138,3515252.0,13990,14010,13990,14000,0,0,False,-3507347.0,False,False,True,False,False,False
588000,2025-12-01T13:58:00+08:00,"[t-60s,t)",continuous_pm,2025-12-01 13:57:00,2025-12-01 13:58:00,34989.0,1.399,1.401,1.399,1.401,138,3515252.0,13990,14010,13990,14000,0,0,False,-3480263.0,True,True,True,False,False,False
588000,2025-12-01T13:58:00+08:00,"(t-60s,t]",continuous_pm,2025-12-01 13:57:00,2025-12-01 13:58:00,34989.0,1.399,1.401,1.399,1.401,138,3515252.0,13990,14010,13990,14000,0,0,False,-3480263.0,True,True,True,False,False,False
588000,2025-12-01T13:58:00+08:00,"[t,t+60s)",continuous_pm,2025-12-01 13:58:00,2025-12-01 13:59:00,34989.0,1.399,1.401,1.399,1.401,117,2225600.0,14000,14010,14000,14000,0,0,False,-2190611.0,False,True,False,False,False,False
588000,2025-12-01T13:58:00+08:00,"(t,t+60s]",continuous_pm,2025-12-01 13:58:00,2025-12-01 13:59:00,34989.0,1.399,1.401,1.399,1.401,117,2225600.0,14000,14010,14000,14000,0,0,False,-2190611.0,False,True,False,False,False,False
588000,2025-12-01T13:59:00+08:00,"[t-60s,t)",continuous_pm,2025-12-01 13:58:00,2025-12-01 13:59:00,22323.0,1.4,1.401,1.4,1.4,117,2225600.0,14000,14010,14000,14000,0,0,False,-2203277.0,True,True,True,True,True,False
588000,2025-12-01T13:59:00+08:00,"(t-60s,t]",continuous_pm,2025-12-01 13:58:00,2025-12-01 13:59:00,22323.0,1.4,1.401,1.4,1.4,117,2225600.0,14000,14010,14000,14000,0,0,False,-2203277.0,True,True,True,True,True,False
588000,2025-12-01T13:59:00+08:00,"[t,t+60s)",continuous_pm,2025-12-01 13:59:00,2025-12-01 14:00:00,22323.0,1.4,1.401,1.4,1.4,260,6301200.0,14000,14020,14000,14010,0,0,False,-6278877.0,True,False,True,False,False,False
588000,2025-12-01T13:59:00+08:00,"(t,t+60s]",continuous_pm,2025-12-01 13:59:00,2025-12-01 14:00:00,22323.0,1.4,1.401,1.4,1.4,260,6301200.0,14000,14020,14000,14010,0,0,False,-6278877.0,True,False,True,False,False,False
588000,2025-12-01T14:00:00+08:00,"[t-60s,t)",continuous_pm,2025-12-01 13:59:00,2025-12-01 14:00:00,63165.0,1.4,1.401,1.4,1.401,260,6301200.0,14000,14020,14000,14010,0,0,False,-6238035.0,True,False,True,True,False,False
588000,2025-12-01T14:00:00+08:00,"(t-60s,t]",continuous_pm,2025-12-01 13:59:00,2025-12-01 14:00:00,63165.0,1.4,1.401,1.4,1.401,260,6301200.0,14000,14020,14000,14010,0,0,False,-6238035.0,True,False,True,True,False,False
588000,2025-12-01T14:00:00+08:00,"[t,t+60s)",continuous_pm,2025-12-01 14:00:00,2025-12-01 14:01:00,63165.0,1.4,1.401,1.4,1.401,420,8812700.0,14020,14030,14010,14020,0,0,False,-8749535.0,False,False,False,False,False,False
588000,2025-12-01T14:00:00+08:00,"(t,t+60s]",continuous_pm,2025-12-01 14:00:00,2025-12-01 14:01:00,63165.0,1.4,1.401,1.4,1.401,420,8812700.0,14020,14030,14010,14020,0,0,False,-8749535.0,False,False,False,False,False,False
588000,2025-12-01T14:01:00+08:00,"[t-60s,t)",continuous_pm,2025-12-01 14:00:00,2025-12-01 14:01:00,81718.0,1.402,1.403,1.401,1.403,420,8812700.0,14020,14030,14010,14020,0,0,False,-8730982.0,True,True,True,False,False,False
588000,2025-12-01T14:01:00+08:00,"(t-60s,t]",continuous_pm,2025-12-01 14:00:00,2025-12-01 14:01:00,81718.0,1.402,1.403,1.401,1.403,420,8812700.0,14020,14030,14010,14020,0,0,False,-8730982.0,True,True,True,False,False,False
588000,2025-12-01T14:01:00+08:00,"[t,t+60s)",continuous_pm,2025-12-01 14:01:00,2025-12-01 14:02:00,81718.0,1.402,1.403,1.401,1.403,165,13222000.0,14020,14030,14010,14020,0,0,False,-13140282.0,True,True,True,False,False,False
588000,2025-12-01T14:01:00+08:00,"(t,t+60s]",continuous_pm,2025-12-01 14:01:00,2025-12-01 14:02:00,81718.0,1.402,1.403,1.401,1.403,165,13222000.0,14020,14030,14010,14020,0,0,False,-13140282.0,True,True,True,False,False,False
588000,2025-12-01T14:02:00+08:00,"[t-60s,t)",continuous_pm,2025-12-01 14:01:00,2025-12-01 14:02:00,138503.0,1.402,1.403,1.401,1.402,165,13222000.0,14020,14030,14010,14020,0,0,False,-13083497.0,True,True,True,True,True,False
588000,2025-12-01T14:02:00+08:00,"(t-60s,t]",continuous_pm,2025-12-01 14:01:00,2025-12-01 14:02:00,138503.0,1.402,1.403,1.401,1.402,165,13222000.0,14020,14030,14010,14020,0,0,False,-13083497.0,True,True,True,True,True,False
588000,2025-12-01T14:02:00+08:00,"[t,t+60s)",continuous_pm,2025-12-01 14:02:00,2025-12-01 14:03:00,138503.0,1.402,1.403,1.401,1.402,198,10036700.0,14020,14020,14000,14010,0,0,False,-9898197.0,True,False,False,False,False,False
588000,2025-12-01T14:02:00+08:00,"(t,t+60s]",continuous_pm,2025-12-01 14:02:00,2025-12-01 14:03:00,138503.0,1.402,1.403,1.401,1.402,198,10036700.0,14020,14020,14000,14010,0,0,False,-9898197.0,True,False,False,False,False,False
588000,2025-12-01T14:03:00+08:00,"[t-60s,t)",continuous_pm,2025-12-01 14:02:00,2025-12-01 14:03:00,83071.0,1.402,1.402,1.4,1.4,198,10036700.0,14020,14020,14000,14010,0,0,False,-9953629.0,True,True,True,False,False,False
588000,2025-12-01T14:03:00+08:00,"(t-60s,t]",continuous_pm,2025-12-01 14:02:00,2025-12-01 14:03:00,83071.0,1.402,1.402,1.4,1.4,198,10036700.0,14020,14020,14000,14010,0,0,False,-9953629.0,True,True,True,False,False,False
588000,2025-12-01T14:03:00+08:00,"[t,t+60s)",continuous_pm,2025-12-01 14:03:00,2025-12-01 14:04:00,83071.0,1.402,1.402,1.4,1.4,97,1813200.0,14010,14020,14010,14010,0,0,False,-1730129.0,False,True,False,False,False,False
588000,2025-12-01T14:03:00+08:00,"(t,t+60s]",continuous_pm,2025-12-01 14:03:00,2025-12-01 14:04:00,83071.0,1.402,1.402,1.4,1.4,97,1813200.0,14010,14020,14010,14010,0,0,False,-1730129.0,False,True,False,False,False,False
588000,2025-12-01T14:04:00+08:00,"[t-60s,t)",continuous_pm,2025-12-01 14:03:00,2025-12-01 14:04:00,35360.0,1.401,1.402,1.401,1.401,97,1813200.0,14010,14020,14010,14010,0,0,False,-1777840.0,True,True,True,True,True,False
588000,2025-12-01T14:04:00+08:00,"(t-60s,t]",continuous_pm,2025-12-01 14:03:00,2025-12-01 14:04:00,35360.0,1.401,1.402,1.401,1.401,97,1813200.0,14010,14020,14010,14010,0,0,False,-1777840.0,True,True,True,True,True,False
588000,2025-12-01T14:04:00+08:00,"[t,t+60s)",continuous_pm,2025-12-01 14:04:00,2025-12-01 14:05:00,35360.0,1.401,1.402,1.401,1.401,209,6071663.0,14020,14030,14020,14030,0,0,False,-6036303.0,False,False,False,False,False,False
588000,2025-12-01T14:04:00+08:00,"(t,t+60s]",continuous_pm,2025-12-01 14:04:00,2025-12-01 14:05:00,35360.0,1.401,1.402,1.401,1.401,209,6071663.0,14020,14030,14020,14030,0,0,False,-6036303.0,False,False,False,False,False,False
588000,2025-12-01T14:05:00+08:00,"[t-60s,t)",continuous_pm,2025-12-01 14:04:00,2025-12-01 14:05:00,60875.0,1.402,1.403,1.402,1.403,209,6071663.0,14020,14030,14020,14030,0,0,False,-6010788.0,True,True,True,True,True,False
588000,2025-12-01T14:05:00+08:00,"(t-60s,t]",continuous_pm,2025-12-01 14:04:00,2025-12-01 14:05:00,60875.0,1.402,1.403,1.402,1.403,209,6071663.0,14020,14030,14020,14030,0,0,False,-6010788.0,True,True,True,True,True,False
588000,2025-12-01T14:05:00+08:00,"[t,t+60s)",continuous_pm,2025-12-01 14:05:00,2025-12-01 14:06:00,60875.0,1.402,1.403,1.402,1.403,163,4231100.0,14030,14030,14010,14010,0,0,False,-4170225.0,False,True,False,False,False,False
588000,2025-12-01T14:05:00+08:00,"(t,t+60s]",continuous_pm,2025-12-01 14:05:00,2025-12-01 14:06:00,60875.0,1.402,1.403,1.402,1.403,163,4231100.0,14030,14030,14010,14010,0,0,False,-4170225.0,False,True,False,False,False,False
588000,2025-12-01T14:06:00+08:00,"[t-60s,t)",continuous_pm,2025-12-01 14:05:00,2025-12-01 14:06:00,42077.0,1.402,1.403,1.401,1.402,163,4231100.0,14030,14030,14010,14010,0,0,False,-4189023.0,False,True,True,False,False,False
588000,2025-12-01T14:06:00+08:00,"(t-60s,t]",continuous_pm,2025-12-01 14:05:00,2025-12-01 14:06:00,42077.0,1.402,1.403,1.401,1.402,163,4231100.0,14030,14030,14010,14010,0,0,False,-4189023.0,False,True,True,False,False,False
588000,2025-12-01T14:06:00+08:00,"[t,t+60s)",continuous_pm,2025-12-01 14:06:00,2025-12-01 14:07:00,42077.0,1.402,1.403,1.401,1.402,88,1003500.0,14020,14020,14010,14020,0,0,False,-961423.0,True,False,True,True,False,False
588000,2025-12-01T14:06:00+08:00,"(t,t+60s]",continuous_pm,2025-12-01 14:06:00,2025-12-01 14:07:00,42077.0,1.402,1.403,1.401,1.402,88,1003500.0,14020,14020,14010,14020,0,0,False,-961423.0,True,False,True,True,False,False
588000,2025-12-01T14:07:00+08:00,"[t-60s,t)",continuous_pm,2025-12-01 14:06:00,2025-12-01 14:07:00,9663.0,1.401,1.402,1.401,1.402,88,1003500.0,14020,14020,14010,14020,0,0,False,-993837.0,False,True,True,True,False,False
588000,2025-12-01T14:07:00+08:00,"(t-60s,t]",continuous_pm,2025-12-01 14:06:00,2025-12-01 14:07:00,9663.0,1.401,1.402,1.401,1.402,88,1003500.0,14020,14020,14010,14020,0,0,False,-993837.0,False,True,True,True,False,False
588000,2025-12-01T14:07:00+08:00,"[t,t+60s)",continuous_pm,2025-12-01 14:07:00,2025-12-01 14:08:00,9663.0,1.401,1.402,1.401,1.402,211,6958000.0,14010,14030,14010,14020,0,0,False,-6948337.0,True,False,True,True,False,False
588000,2025-12-01T14:07:00+08:00,"(t,t+60s]",continuous_pm,2025-12-01 14:07:00,2025-12-01 14:08:00,9663.0,1.401,1.402,1.401,1.402,211,6958000.0,14010,14030,14010,14020,0,0,False,-6948337.0,True,False,True,True,False,False
588000,2025-12-01T14:08:00+08:00,"[t-60s,t)",continuous_pm,2025-12-01 14:07:00,2025-12-01 14:08:00,69953.0,1.402,1.402,1.401,1.402,211,6958000.0,14010,14030,14010,14020,0,0,False,-6888047.0,False,False,True,True,False,False
588000,2025-12-01T14:08:00+08:00,"(t-60s,t]",continuous_pm,2025-12-01 14:07:00,2025-12-01 14:08:00,69953.0,1.402,1.402,1.401,1.402,211,6958000.0,14010,14030,14010,14020,0,0,False,-6888047.0,False,False,True,True,False,False
588000,2025-12-01T14:08:00+08:00,"[t,t+60s)",continuous_pm,2025-12-01 14:08:00,2025-12-01 14:09:00,69953.0,1.402,1.402,1.401,1.402,305,7748766.0,14020,14030,14010,14020,0,0,False,-7678813.0,True,False,True,True,False,False
588000,2025-12-01T14:08:00+08:00,"(t,t+60s]",continuous_pm,2025-12-01 14:08:00,2025-12-01 14:09:00,69953.0,1.402,1.402,1.401,1.402,305,7748766.0,14020,14030,14010,14020,0,0,False,-7678813.0,True,False,True,True,False,False
588000,2025-12-01T14:09:00+08:00,"[t-60s,t)",continuous_pm,2025-12-01 14:08:00,2025-12-01 14:09:00,77605.0,1.402,1.403,1.402,1.402,305,7748766.0,14020,14030,14010,14020,0,0,False,-7671161.0,True,True,False,True,False,False
588000,2025-12-01T14:09:00+08:00,"(t-60s,t]",continuous_pm,2025-12-01 14:08:00,2025-12-01 14:09:00,77605.0,1.402,1.403,1.402,1.402,305,7748766.0,14020,14030,14010,14020,0,0,False,-7671161.0,True,True,False,True,False,False
588000,2025-12-01T14:09:00+08:00,"[t,t+60s)",continuous_pm,2025-12-01 14:09:00,2025-12-01 14:10:00,77605.0,1.402,1.403,1.402,1.402,107,963052.0,14020,14020,14010,14010,0,0,False,-885447.0,True,False,False,False,False,False
588000,2025-12-01T14:09:00+08:00,"(t,t+60s]",continuous_pm,2025-12-01 14:09:00,2025-12-01 14:10:00,77605.0,1.402,1.403,1.402,1.402,107,963052.0,14020,14020,14010,14010,0,0,False,-885447.0,True,False,False,False,False,False
588000,2025-12-01T14:10:00+08:00,"[t-60s,t)",continuous_pm,2025-12-01 14:09:00,2025-12-01 14:10:00,9724.0,1.402,1.402,1.401,1.401,107,963052.0,14020,14020,14010,14010,0,0,False,-953328.0,True,True,True,True,True,False
588000,2025-12-01T14:10:00+08:00,"(t-60s,t]",continuous_pm,2025-12-01 14:09:00,2025-12-01 14:10:00,9724.0,1.402,1.402,1.401,1.401,107,963052.0,14020,14020,14010,14010,0,0,False,-953328.0,True,True,True,True,True,False
588000,2025-12-01T14:10:00+08:00,"[t,t+60s)",continuous_pm,2025-12-01 14:10:00,2025-12-01 14:11:00,9724.0,1.402,1.402,1.401,1.401,188,4666400.0,14010,14030,14010,14020,0,0,False,-4656676.0,False,False,True,False,False,False
588000,2025-12-01T14:10:00+08:00,"(t,t+60s]",continuous_pm,2025-12-01 14:10:00,2025-12-01 14:11:00,9724.0,1.402,1.402,1.401,1.401,188,4666400.0,14010,14030,14010,14020,0,0,False,-4656676.0,False,False,True,False,False,False
588000,2025-12-01T14:11:00+08:00,"[t-60s,t)",continuous_pm,2025-12-01 14:10:00,2025-12-01 14:11:00,46722.0,1.401,1.403,1.401,1.402,188,4666400.0,14010,14030,14010,14020,0,0,False,-4619678.0,True,True,True,True,True,False
588000,2025-12-01T14:11:00+08:00,"(t-60s,t]",continuous_pm,2025-12-01 14:10:00,2025-12-01 14:11:00,46722.0,1.401,1.403,1.401,1.402,188,4666400.0,14010,14030,14010,14020,0,0,False,-4619678.0,True,True,True,True,True,False
588000,2025-12-01T14:11:00+08:00,"[t,t+60s)",continuous_pm,2025-12-01 14:11:00,2025-12-01 14:12:00,46722.0,1.401,1.403,1.401,1.402,508,11699797.0,14020,14040,14020,14030,0,0,False,-11653075.0,False,False,False,False,False,False
588000,2025-12-01T14:11:00+08:00,"(t,t+60s]",continuous_pm,2025-12-01 14:11:00,2025-12-01 14:12:00,46722.0,1.401,1.403,1.401,1.402,508,11699797.0,14020,14040,14020,14030,0,0,False,-11653075.0,False,False,False,False,False,False
588000,2025-12-01T14:12:00+08:00,"[t-60s,t)",continuous_pm,2025-12-01 14:11:00,2025-12-01 14:12:00,116744.0,1.402,1.404,1.402,1.403,508,11699797.0,14020,14040,14020,14030,0,0,False,-11583053.0,True,True,True,True,True,False
588000,2025-12-01T14:12:00+08:00,"(t-60s,t]",continuous_pm,2025-12-01 14:11:00,2025-12-01 14:12:00,116744.0,1.402,1.404,1.402,1.403,508,11699797.0,14020,14040,14020,14030,0,0,False,-11583053.0,True,True,True,True,True,False
588000,2025-12-01T14:12:00+08:00,"[t,t+60s)",continuous_pm,2025-12-01 14:12:00,2025-12-01 14:13:00,116744.0,1.402,1.404,1.402,1.403,275,6857200.0,14040,14040,14020,14030,0,0,False,-6740456.0,False,True,True,True,False,False
588000,2025-12-01T14:12:00+08:00,"(t,t+60s]",continuous_pm,2025-12-01 14:12:00,2025-12-01 14:13:00,116744.0,1.402,1.404,1.402,1.403,275,6857200.0,14040,14040,14020,14030,0,0,False,-6740456.0,False,True,True,True,False,False
588000,2025-12-01T14:13:00+08:00,"[t-60s,t)",continuous_pm,2025-12-01 14:12:00,2025-12-01 14:13:00,68396.0,1.403,1.404,1.402,1.402,275,6857200.0,14040,14040,14020,14030,0,0,False,-6788804.0,False,True,True,False,False,False
588000,2025-12-01T14:13:00+08:00,"(t-60s,t]",continuous_pm,2025-12-01 14:12:00,2025-12-01 14:13:00,68396.0,1.403,1.404,1.402,1.402,275,6857200.0,14040,14040,14020,14030,0,0,False,-6788804.0,False,True,True,False,False,False
588000,2025-12-01T14:13:00+08:00,"[t,t+60s)",continuous_pm,2025-12-01 14:13:00,2025-12-01 14:14:00,68396.0,1.403,1.404,1.402,1.402,104,3359100.0,14030,14040,14020,14030,0,0,False,-3290704.0,True,True,True,False,False,False
588000,2025-12-01T14:13:00+08:00,"(t,t+60s]",continuous_pm,2025-12-01 14:13:00,2025-12-01 14:14:00,68396.0,1.403,1.404,1.402,1.402,104,3359100.0,14030,14040,14020,14030,0,0,False,-3290704.0,True,True,True,False,False,False
588000,2025-12-01T14:14:00+08:00,"[t-60s,t)",continuous_pm,2025-12-01 14:13:00,2025-12-01 14:14:00,33748.0,1.403,1.403,1.402,1.403,104,3359100.0,14030,14040,14020,14030,0,0,False,-3325352.0,True,False,True,True,False,False
588000,2025-12-01T14:14:00+08:00,"(t-60s,t]",continuous_pm,2025-12-01 14:13:00,2025-12-01 14:14:00,33748.0,1.403,1.403,1.402,1.403,104,3359100.0,14030,14040,14020,14030,0,0,False,-3325352.0,True,False,True,True,False,False
588000,2025-12-01T14:14:00+08:00,"[t,t+60s)",continuous_pm,2025-12-01 14:14:00,2025-12-01 14:15:00,33748.0,1.403,1.403,1.402,1.403,155,2786000.0,14030,14030,14010,14030,0,0,False,-2752252.0,True,True,False,True,False,False
588000,2025-12-01T14:14:00+08:00,"(t,t+60s]",continuous_pm,2025-12-01 14:14:00,2025-12-01 14:15:00,33748.0,1.403,1.403,1.402,1.403,155,2786000.0,14030,14030,14010,14030,0,0,False,-2752252.0,True,True,False,True,False,False
588000,2025-12-01T14:15:00+08:00,"[t-60s,t)",continuous_pm,2025-12-01 14:14:00,2025-12-01 14:15:00,27871.0,1.403,1.403,1.401,1.403,155,2786000.0,14030,14030,14010,14030,0,0,False,-2758129.0,True,True,True,True,True,False
588000,2025-12-01T14:15:00+08:00,"(t-60s,t]",continuous_pm,2025-12-01 14:14:00,2025-12-01 14:15:00,27871.0,1.403,1.403,1.401,1.403,155,2786000.0,14030,14030,14010,14030,0,0,False,-2758129.0,True,True,True,True,True,False
588000,2025-12-01T14:15:00+08:00,"[t,t+60s)",continuous_pm,2025-12-01 14:15:00,2025-12-01 14:16:00,27871.0,1.403,1.403,1.401,1.403,121,1287300.0,14030,14030,14010,14020,0,0,False,-1259429.0,True,True,True,False,False,False
588000,2025-12-01T14:15:00+08:00,"(t,t+60s]",continuous_pm,2025-12-01 14:15:00,2025-12-01 14:16:00,27871.0,1.403,1.403,1.401,1.403,121,1287300.0,14030,14030,14010,14020,0,0,False,-1259429.0,True,True,True,False,False,False
588000,2025-12-01T14:16:00+08:00,"[t-60s,t)",continuous_pm,2025-12-01 14:15:00,2025-12-01 14:16:00,12590.0,1.402,1.402,1.401,1.402,121,1287300.0,14030,14030,14010,14020,0,0,False,-1274710.0,False,False,True,True,False,False
588000,2025-12-01T14:16:00+08:00,"(t-60s,t]",continuous_pm,2025-12-01 14:15:00,2025-12-01 14:16:00,12590.0,1.402,1.402,1.401,1.402,121,1287300.0,14030,14030,14010,14020,0,0,False,-1274710.0,False,False,True,True,False,False
588000,2025-12-01T14:16:00+08:00,"[t,t+60s)",continuous_pm,2025-12-01 14:16:00,2025-12-01 14:17:00,12590.0,1.402,1.402,1.401,1.402,239,5805600.0,14020,14030,14010,14030,0,0,False,-5793010.0,True,False,True,False,False,False
588000,2025-12-01T14:16:00+08:00,"(t,t+60s]",continuous_pm,2025-12-01 14:16:00,2025-12-01 14:17:00,12590.0,1.402,1.402,1.401,1.402,239,5805600.0,14020,14030,14010,14030,0,0,False,-5793010.0,True,False,True,False,False,False
588000,2025-12-01T14:17:00+08:00,"[t-60s,t)",continuous_pm,2025-12-01 14:16:00,2025-12-01 14:17:00,57359.0,1.402,1.403,1.401,1.402,239,5805600.0,14020,14030,14010,14030,0,0,False,-5748241.0,True,True,True,False,False,False
588000,2025-12-01T14:17:00+08:00,"(t-60s,t]",continuous_pm,2025-12-01 14:16:00,2025-12-01 14:17:00,57359.0,1.402,1.403,1.401,1.402,239,5805600.0,14020,14030,14010,14030,0,0,False,-5748241.0,True,True,True,False,False,False
588000,2025-12-01T14:17:00+08:00,"[t,t+60s)",continuous_pm,2025-12-01 14:17:00,2025-12-01 14:18:00,57359.0,1.402,1.403,1.401,1.402,154,2238600.0,14030,14030,14010,14020,0,0,False,-2181241.0,False,True,True,True,False,False
588000,2025-12-01T14:17:00+08:00,"(t,t+60s]",continuous_pm,2025-12-01 14:17:00,2025-12-01 14:18:00,57359.0,1.402,1.403,1.401,1.402,154,2238600.0,14030,14030,14010,14020,0,0,False,-2181241.0,False,True,True,True,False,False
588000,2025-12-01T14:18:00+08:00,"[t-60s,t)",continuous_pm,2025-12-01 14:17:00,2025-12-01 14:18:00,23547.0,1.403,1.403,1.401,1.402,154,2238600.0,14030,14030,14010,14020,0,0,False,-2215053.0,True,True,True,True,True,False
588000,2025-12-01T14:18:00+08:00,"(t-60s,t]",continuous_pm,2025-12-01 14:17:00,2025-12-01 14:18:00,23547.0,1.403,1.403,1.401,1.402,154,2238600.0,14030,14030,14010,14020,0,0,False,-2215053.0,True,True,True,True,True,False
588000,2025-12-01T14:18:00+08:00,"[t,t+60s)",continuous_pm,2025-12-01 14:18:00,2025-12-01 14:19:00,23547.0,1.403,1.403,1.401,1.402,106,1632400.0,14020,14020,14010,14020,0,0,False,-1608853.0,False,False,True,True,False,False
588000,2025-12-01T14:18:00+08:00,"(t,t+60s]",continuous_pm,2025-12-01 14:18:00,2025-12-01 14:19:00,23547.0,1.403,1.403,1.401,1.402,106,1632400.0,14020,14020,14010,14020,0,0,False,-1608853.0,False,False,True,True,False,False
588000,2025-12-01T14:19:00+08:00,"[t-60s,t)",continuous_pm,2025-12-01 14:18:00,2025-12-01 14:19:00,9089.0,1.402,1.402,1.401,1.402,106,1632400.0,14020,14020,14010,14020,0,0,False,-1623311.0,True,True,True,True,True,False
588000,2025-12-01T14:19:00+08:00,"(t-60s,t]",continuous_pm,2025-12-01 14:18:00,2025-12-01 14:19:00,9089.0,1.402,1.402,1.401,1.402,106,1632400.0,14020,14020,14010,14020,0,0,False,-1623311.0,True,True,True,True,True,False
588000,2025-12-01T14:19:00+08:00,"[t,t+60s)",continuous_pm,2025-12-01 14:19:00,2025-12-01 14:20:00,9089.0,1.402,1.402,1.401,1.402,106,1515400.0,14010,14020,14010,14020,0,0,False,-1506311.0,False,True,True,True,False,False
588000,2025-12-01T14:19:00+08:00,"(t,t+60s]",continuous_pm,2025-12-01 14:19:00,2025-12-01 14:20:00,9089.0,1.402,1.402,1.401,1.402,106,1515400.0,14010,14020,14010,14020,0,0,False,-1506311.0,False,True,True,True,False,False
588000,2025-12-01T14:20:00+08:00,"[t-60s,t)",continuous_pm,2025-12-01 14:19:00,2025-12-01 14:20:00,22045.0,1.402,1.402,1.401,1.401,106,1515400.0,14010,14020,14010,14020,0,0,False,-1493355.0,False,True,True,False,False,False
588000,2025-12-01T14:20:00+08:00,"(t-60s,t]",continuous_pm,2025-12-01 14:19:00,2025-12-01 14:20:00,22045.0,1.402,1.402,1.401,1.401,106,1515400.0,14010,14020,14010,14020,0,0,False,-1493355.0,False,True,True,False,False,False
588000,2025-12-01T14:20:00+08:00,"[t,t+60s)",continuous_pm,2025-12-01 14:20:00,2025-12-01 14:21:00,22045.0,1.402,1.402,1.401,1.401,93,1725000.0,14010,14020,14010,14020,0,0,False,-1702955.0,False,True,True,False,False,False
588000,2025-12-01T14:20:00+08:00,"(t,t+60s]",continuous_pm,2025-12-01 14:20:00,2025-12-01 14:21:00,22045.0,1.402,1.402,1.401,1.401,93,1725000.0,14010,14020,14010,14020,0,0,False,-1702955.0,False,True,True,False,False,False
588000,2025-12-01T14:21:00+08:00,"[t-60s,t)",continuous_pm,2025-12-01 14:20:00,2025-12-01 14:21:00,17236.0,1.402,1.402,1.401,1.402,93,1725000.0,14010,14020,14010,14020,0,0,False,-1707764.0,False,True,True,True,False,False
588000,2025-12-01T14:21:00+08:00,"(t-60s,t]",continuous_pm,2025-12-01 14:20:00,2025-12-01 14:21:00,17236.0,1.402,1.402,1.401,1.402,93,1725000.0,14010,14020,14010,14020,0,0,False,-1707764.0,False,True,True,True,False,False
588000,2025-12-01T14:21:00+08:00,"[t,t+60s)",continuous_pm,2025-12-01 14:21:00,2025-12-01 14:22:00,17236.0,1.402,1.402,1.401,1.402,260,8374300.0,14010,14020,14000,14010,0,0,False,-8357064.0,False,True,False,False,False,False
588000,2025-12-01T14:21:00+08:00,"(t,t+60s]",continuous_pm,2025-12-01 14:21:00,2025-12-01 14:22:00,17236.0,1.402,1.402,1.401,1.402,260,8374300.0,14010,14020,14000,14010,0,0,False,-8357064.0,False,True,False,False,False,False
588000,2025-12-01T14:22:00+08:00,"[t-60s,t)",continuous_pm,2025-12-01 14:21:00,2025-12-01 14:22:00,83866.0,1.401,1.402,1.4,1.401,260,8374300.0,14010,14020,14000,14010,0,0,False,-8290434.0,True,True,True,True,True,False
588000,2025-12-01T14:22:00+08:00,"(t-60s,t]",continuous_pm,2025-12-01 14:21:00,2025-12-01 14:22:00,83866.0,1.401,1.402,1.4,1.401,260,8374300.0,14010,14020,14000,14010,0,0,False,-8290434.0,True,True,True,True,True,False
588000,2025-12-01T14:22:00+08:00,"[t,t+60s)",continuous_pm,2025-12-01 14:22:00,2025-12-01 14:23:00,83866.0,1.401,1.402,1.4,1.401,352,5736700.0,14020,14030,14010,14020,0,0,False,-5652834.0,False,False,False,False,False,False
588000,2025-12-01T14:22:00+08:00,"(t,t+60s]",continuous_pm,2025-12-01 14:22:00,2025-12-01 14:23:00,83866.0,1.401,1.402,1.4,1.401,352,5736700.0,14020,14030,14010,14020,0,0,False,-5652834.0,False,False,False,False,False,False
588000,2025-12-01T14:23:00+08:00,"[t-60s,t)",continuous_pm,2025-12-01 14:22:00,2025-12-01 14:23:00,57671.0,1.401,1.402,1.401,1.402,352,5736700.0,14020,14030,14010,14020,0,0,False,-5679029.0,False,False,True,True,False,False
588000,2025-12-01T14:23:00+08:00,"(t-60s,t]",continuous_pm,2025-12-01 14:22:00,2025-12-01 14:23:00,57671.0,1.401,1.402,1.401,1.402,352,5736700.0,14020,14030,14010,14020,0,0,False,-5679029.0,False,False,True,True,False,False
588000,2025-12-01T14:23:00+08:00,"[t,t+60s)",continuous_pm,2025-12-01 14:23:00,2025-12-01 14:24:00,57671.0,1.401,1.402,1.401,1.402,74,1102600.0,14020,14020,14010,14010,0,0,False,-1044929.0,False,True,True,False,False,False
588000,2025-12-01T14:23:00+08:00,"(t,t+60s]",continuous_pm,2025-12-01 14:23:00,2025-12-01 14:24:00,57671.0,1.401,1.402,1.401,1.402,74,1102600.0,14020,14020,14010,14010,0,0,False,-1044929.0,False,True,True,False,False,False
588000,2025-12-01T14:24:00+08:00,"[t-60s,t)",continuous_pm,2025-12-01 14:23:00,2025-12-01 14:24:00,10919.0,1.402,1.402,1.401,1.401,74,1102600.0,14020,14020,14010,14010,0,0,False,-1091681.0,True,True,True,True,True,False
588000,2025-12-01T14:24:00+08:00,"(t-60s,t]",continuous_pm,2025-12-01 14:23:00,2025-12-01 14:24:00,10919.0,1.402,1.402,1.401,1.401,74,1102600.0,14020,14020,14010,14010,0,0,False,-1091681.0,True,True,True,True,True,False
588000,2025-12-01T14:24:00+08:00,"[t,t+60s)",continuous_pm,2025-12-01 14:24:00,2025-12-01 14:25:00,10919.0,1.402,1.402,1.401,1.401,168,3558883.0,14020,14030,14010,14030,0,0,False,-3547964.0,True,False,True,False,False,False
588000,2025-12-01T14:24:00+08:00,"(t,t+60s]",continuous_pm,2025-12-01 14:24:00,2025-12-01 14:25:00,10919.0,1.402,1.402,1.401,1.401,168,3558883.0,14020,14030,14010,14030,0,0,False,-3547964.0,True,False,True,False,False,False
588000,2025-12-01T14:25:00+08:00,"[t-60s,t)",continuous_pm,2025-12-01 14:24:00,2025-12-01 14:25:00,35701.0,1.401,1.402,1.401,1.402,168,3558883.0,14020,14030,14010,14030,0,0,False,-3523182.0,False,False,True,False,False,False
588000,2025-12-01T14:25:00+08:00,"(t-60s,t]",continuous_pm,2025-12-01 14:24:00,2025-12-01 14:25:00,35701.0,1.401,1.402,1.401,1.402,168,3558883.0,14020,14030,14010,14030,0,0,False,-3523182.0,False,False,True,False,False,False
588000,2025-12-01T14:25:00+08:00,"[t,t+60s)",continuous_pm,2025-12-01 14:25:00,2025-12-01 14:26:00,35701.0,1.401,1.402,1.401,1.402,90,1280300.0,14020,14030,14020,14030,0,0,False,-1244599.0,False,False,False,False,False,False
588000,2025-12-01T14:25:00+08:00,"(t,t+60s]",continuous_pm,2025-12-01 14:25:00,2025-12-01 14:26:00,35701.0,1.401,1.402,1.401,1.402,90,1280300.0,14020,14030,14020,14030,0,0,False,-1244599.0,False,False,False,False,False,False
588000,2025-12-01T14:26:00+08:00,"[t-60s,t)",continuous_pm,2025-12-01 14:25:00,2025-12-01 14:26:00,12808.0,1.403,1.403,1.402,1.403,90,1280300.0,14020,14030,14020,14030,0,0,False,-1267492.0,False,True,True,True,False,False
588000,2025-12-01T14:26:00+08:00,"(t-60s,t]",continuous_pm,2025-12-01 14:25:00,2025-12-01 14:26:00,12808.0,1.403,1.403,1.402,1.403,90,1280300.0,14020,14030,14020,14030,0,0,False,-1267492.0,False,True,True,True,False,False
588000,2025-12-01T14:26:00+08:00,"[t,t+60s)",continuous_pm,2025-12-01 14:26:00,2025-12-01 14:27:00,12808.0,1.403,1.403,1.402,1.403,118,2794100.0,14030,14030,14020,14030,0,0,False,-2781292.0,True,True,True,True,True,False
588000,2025-12-01T14:26:00+08:00,"(t,t+60s]",continuous_pm,2025-12-01 14:26:00,2025-12-01 14:27:00,12808.0,1.403,1.403,1.402,1.403,118,2794100.0,14030,14030,14020,14030,0,0,False,-2781292.0,True,True,True,True,True,False
588000,2025-12-01T14:27:00+08:00,"[t-60s,t)",continuous_pm,2025-12-01 14:26:00,2025-12-01 14:27:00,27840.0,1.403,1.403,1.402,1.403,118,2794100.0,14030,14030,14020,14030,0,0,False,-2766260.0,True,True,True,True,True,False
588000,2025-12-01T14:27:00+08:00,"(t-60s,t]",continuous_pm,2025-12-01 14:26:00,2025-12-01 14:27:00,27840.0,1.403,1.403,1.402,1.403,118,2794100.0,14030,14030,14020,14030,0,0,False,-2766260.0,True,True,True,True,True,False
588000,2025-12-01T14:27:00+08:00,"[t,t+60s)",continuous_pm,2025-12-01 14:27:00,2025-12-01 14:28:00,27840.0,1.403,1.403,1.402,1.403,135,1608117.0,14020,14030,14010,14010,0,0,False,-1580277.0,False,True,False,False,False,False
588000,2025-12-01T14:27:00+08:00,"(t,t+60s]",continuous_pm,2025-12-01 14:27:00,2025-12-01 14:28:00,27840.0,1.403,1.403,1.402,1.403,135,1608117.0,14020,14030,14010,14010,0,0,False,-1580277.0,False,True,False,False,False,False
588000,2025-12-01T14:28:00+08:00,"[t-60s,t)",continuous_pm,2025-12-01 14:27:00,2025-12-01 14:28:00,15960.0,1.402,1.403,1.401,1.401,135,1608117.0,14020,14030,14010,14010,0,0,False,-1592157.0,True,True,True,True,True,False
588000,2025-12-01T14:28:00+08:00,"(t-60s,t]",continuous_pm,2025-12-01 14:27:00,2025-12-01 14:28:00,15960.0,1.402,1.403,1.401,1.401,135,1608117.0,14020,14030,14010,14010,0,0,False,-1592157.0,True,True,True,True,True,False
588000,2025-12-01T14:28:00+08:00,"[t,t+60s)",continuous_pm,2025-12-01 14:28:00,2025-12-01 14:29:00,15960.0,1.402,1.403,1.401,1.401,234,14354400.0,14020,14020,14000,14000,0,0,False,-14338440.0,True,False,False,False,False,False
588000,2025-12-01T14:28:00+08:00,"(t,t+60s]",continuous_pm,2025-12-01 14:28:00,2025-12-01 14:29:00,15960.0,1.402,1.403,1.401,1.401,234,14354400.0,14020,14020,14000,14000,0,0,False,-14338440.0,True,False,False,False,False,False
588000,2025-12-01T14:29:00+08:00,"[t-60s,t)",continuous_pm,2025-12-01 14:28:00,2025-12-01 14:29:00,142958.0,1.402,1.402,1.401,1.401,234,14354400.0,14020,14020,14000,14000,0,0,False,-14211442.0,True,True,False,False,False,False
588000,2025-12-01T14:29:00+08:00,"(t-60s,t]",continuous_pm,2025-12-01 14:28:00,2025-12-01 14:29:00,142958.0,1.402,1.402,1.401,1.401,234,14354400.0,14020,14020,14000,14000,0,0,False,-14211442.0,True,True,False,False,False,False
588000,2025-12-01T14:29:00+08:00,"[t,t+60s)",continuous_pm,2025-12-01 14:29:00,2025-12-01 14:30:00,142958.0,1.402,1.402,1.401,1.401,141,4159900.0,14000,14020,14000,14010,0,0,False,-4016942.0,False,True,False,True,False,False
588000,2025-12-01T14:29:00+08:00,"(t,t+60s]",continuous_pm,2025-12-01 14:29:00,2025-12-01 14:30:00,142958.0,1.402,1.402,1.401,1.401,141,4159900.0,14000,14020,14000,14010,0,0,False,-4016942.0,False,True,False,True,False,False
588000,2025-12-01T14:30:00+08:00,"[t-60s,t)",continuous_pm,2025-12-01 14:29:00,2025-12-01 14:30:00,27915.0,1.401,1.402,1.401,1.401,141,4159900.0,14000,14020,14000,14010,0,0,False,-4131985.0,False,True,False,True,False,False
588000,2025-12-01T14:30:00+08:00,"(t-60s,t]",continuous_pm,2025-12-01 14:29:00,2025-12-01 14:30:00,27915.0,1.401,1.402,1.401,1.401,141,4159900.0,14000,14020,14000,14010,0,0,False,-4131985.0,False,True,False,True,False,False
588000,2025-12-01T14:30:00+08:00,"[t,t+60s)",continuous_pm,2025-12-01 14:30:00,2025-12-01 14:31:00,27915.0,1.401,1.402,1.401,1.401,117,3077400.0,14020,14020,14010,14010,0,1,False,-3049485.0,False,True,True,True,False,False
588000,2025-12-01T14:30:00+08:00,"(t,t+60s]",continuous_pm,2025-12-01 14:30:00,2025-12-01 14:31:00,27915.0,1.401,1.402,1.401,1.401,118,3080800.0,14020,14020,14010,14010,0,1,False,-3052885.0,False,True,True,True,False,False
588000,2025-12-01T14:31:00+08:00,"[t-60s,t)",continuous_pm,2025-12-01 14:30:00,2025-12-01 14:31:00,43954.0,1.402,1.402,1.401,1.401,117,3077400.0,14020,14020,14010,14010,0,1,False,-3033446.0,True,True,True,True,True,False
588000,2025-12-01T14:31:00+08:00,"(t-60s,t]",continuous_pm,2025-12-01 14:30:00,2025-12-01 14:31:00,43954.0,1.402,1.402,1.401,1.401,118,3080800.0,14020,14020,14010,14010,0,1,False,-3036846.0,True,True,True,True,True,False
588000,2025-12-01T14:31:00+08:00,"[t,t+60s)",continuous_pm,2025-12-01 14:31:00,2025-12-01 14:32:00,43954.0,1.402,1.402,1.401,1.401,230,7629200.0,14010,14020,14000,14010,1,0,False,-7585246.0,False,True,False,True,False,False
588000,2025-12-01T14:31:00+08:00,"(t,t+60s]",continuous_pm,2025-12-01 14:31:00,2025-12-01 14:32:00,43954.0,1.402,1.402,1.401,1.401,229,7625800.0,14020,14020,14000,14010,1,0,False,-7581846.0,True,True,False,True,False,False
588000,2025-12-01T14:32:00+08:00,"[t-60s,t)",continuous_pm,2025-12-01 14:31:00,2025-12-01 14:32:00,77151.0,1.402,1.402,1.4,1.4,230,7629200.0,14010,14020,14000,14010,1,0,False,-7552049.0,False,True,True,False,False,False
588000,2025-12-01T14:32:00+08:00,"(t-60s,t]",continuous_pm,2025-12-01 14:31:00,2025-12-01 14:32:00,77151.0,1.402,1.402,1.4,1.4,229,7625800.0,14020,14020,14000,14010,1,0,False,-7548649.0,True,True,True,False,False,False
588000,2025-12-01T14:32:00+08:00,"[t,t+60s)",continuous_pm,2025-12-01 14:32:00,2025-12-01 14:33:00,77151.0,1.402,1.402,1.4,1.4,173,6982400.0,14010,14020,14000,14010,0,0,False,-6905249.0,False,True,True,False,False,False
588000,2025-12-01T14:32:00+08:00,"(t,t+60s]",continuous_pm,2025-12-01 14:32:00,2025-12-01 14:33:00,77151.0,1.402,1.402,1.4,1.4,173,6982400.0,14010,14020,14000,14010,0,0,False,-6905249.0,False,True,True,False,False,False
588000,2025-12-01T14:33:00+08:00,"[t-60s,t)",continuous_pm,2025-12-01 14:32:00,2025-12-01 14:33:00,69871.0,1.401,1.402,1.4,1.402,173,6982400.0,14010,14020,14000,14010,0,0,False,-6912529.0,True,True,True,False,False,False
588000,2025-12-01T14:33:00+08:00,"(t-60s,t]",continuous_pm,2025-12-01 14:32:00,2025-12-01 14:33:00,69871.0,1.401,1.402,1.4,1.402,173,6982400.0,14010,14020,14000,14010,0,0,False,-6912529.0,True,True,True,False,False,False
588000,2025-12-01T14:33:00+08:00,"[t,t+60s)",continuous_pm,2025-12-01 14:33:00,2025-12-01 14:34:00,69871.0,1.401,1.402,1.4,1.402,95,1210400.0,14020,14020,14010,14020,0,0,False,-1140529.0,False,True,False,True,False,False
588000,2025-12-01T14:33:00+08:00,"(t,t+60s]",continuous_pm,2025-12-01 14:33:00,2025-12-01 14:34:00,69871.0,1.401,1.402,1.4,1.402,95,1210400.0,14020,14020,14010,14020,0,0,False,-1140529.0,False,True,False,True,False,False
588000,2025-12-01T14:34:00+08:00,"[t-60s,t)",continuous_pm,2025-12-01 14:33:00,2025-12-01 14:34:00,11492.0,1.402,1.402,1.401,1.402,95,1210400.0,14020,14020,14010,14020,0,0,False,-1198908.0,True,True,True,True,True,False
588000,2025-12-01T14:34:00+08:00,"(t-60s,t]",continuous_pm,2025-12-01 14:33:00,2025-12-01 14:34:00,11492.0,1.402,1.402,1.401,1.402,95,1210400.0,14020,14020,14010,14020,0,0,False,-1198908.0,True,True,True,True,True,False
588000,2025-12-01T14:34:00+08:00,"[t,t+60s)",continuous_pm,2025-12-01 14:34:00,2025-12-01 14:35:00,11492.0,1.402,1.402,1.401,1.402,326,6836000.0,14020,14020,14010,14010,0,0,False,-6824508.0,True,True,True,False,False,False
588000,2025-12-01T14:34:00+08:00,"(t,t+60s]",continuous_pm,2025-12-01 14:34:00,2025-12-01 14:35:00,11492.0,1.402,1.402,1.401,1.402,326,6836000.0,14020,14020,14010,14010,0,0,False,-6824508.0,True,True,True,False,False,False
588000,2025-12-01T14:35:00+08:00,"[t-60s,t)",continuous_pm,2025-12-01 14:34:00,2025-12-01 14:35:00,39160.0,1.402,1.402,1.401,1.402,326,6836000.0,14020,14020,14010,14010,0,0,False,-6796840.0,True,True,True,False,False,False
588000,2025-12-01T14:35:00+08:00,"(t-60s,t]",continuous_pm,2025-12-01 14:34:00,2025-12-01 14:35:00,39160.0,1.402,1.402,1.401,1.402,326,6836000.0,14020,14020,14010,14010,0,0,False,-6796840.0,True,True,True,False,False,False
588000,2025-12-01T14:35:00+08:00,"[t,t+60s)",continuous_pm,2025-12-01 14:35:00,2025-12-01 14:36:00,39160.0,1.402,1.402,1.401,1.402,269,6272500.0,14020,14030,14010,14020,0,0,False,-6233340.0,True,False,True,True,False,False
588000,2025-12-01T14:35:00+08:00,"(t,t+60s]",continuous_pm,2025-12-01 14:35:00,2025-12-01 14:36:00,39160.0,1.402,1.402,1.401,1.402,269,6272500.0,14020,14030,14010,14020,0,0,False,-6233340.0,True,False,True,True,False,False
588000,2025-12-01T14:36:00+08:00,"[t-60s,t)",continuous_pm,2025-12-01 14:35:00,2025-12-01 14:36:00,92745.0,1.402,1.403,1.402,1.402,269,6272500.0,14020,14030,14010,14020,0,0,False,-6179755.0,True,True,False,True,False,False
588000,2025-12-01T14:36:00+08:00,"(t-60s,t]",continuous_pm,2025-12-01 14:35:00,2025-12-01 14:36:00,92745.0,1.402,1.403,1.402,1.402,269,6272500.0,14020,14030,14010,14020,0,0,False,-6179755.0,True,True,False,True,False,False
588000,2025-12-01T14:36:00+08:00,"[t,t+60s)",continuous_pm,2025-12-01 14:36:00,2025-12-01 14:37:00,92745.0,1.402,1.403,1.402,1.402,152,2453000.0,14020,14030,14010,14020,0,0,False,-2360255.0,True,True,False,True,False,False
588000,2025-12-01T14:36:00+08:00,"(t,t+60s]",continuous_pm,2025-12-01 14:36:00,2025-12-01 14:37:00,92745.0,1.402,1.403,1.402,1.402,152,2453000.0,14020,14030,14010,14020,0,0,False,-2360255.0,True,True,False,True,False,False
588000,2025-12-01T14:37:00+08:00,"[t-60s,t)",continuous_pm,2025-12-01 14:36:00,2025-12-01 14:37:00,24460.0,1.402,1.403,1.401,1.402,152,2453000.0,14020,14030,14010,14020,0,0,False,-2428540.0,True,True,True,True,True,False
588000,2025-12-01T14:37:00+08:00,"(t-60s,t]",continuous_pm,2025-12-01 14:36:00,2025-12-01 14:37:00,24460.0,1.402,1.403,1.401,1.402,152,2453000.0,14020,14030,14010,14020,0,0,False,-2428540.0,True,True,True,True,True,False
588000,2025-12-01T14:37:00+08:00,"[t,t+60s)",continuous_pm,2025-12-01 14:37:00,2025-12-01 14:38:00,24460.0,1.402,1.403,1.401,1.402,276,3382400.0,14030,14030,14010,14030,0,0,False,-3357940.0,False,True,True,False,False,False
588000,2025-12-01T14:37:00+08:00,"(t,t+60s]",continuous_pm,2025-12-01 14:37:00,2025-12-01 14:38:00,24460.0,1.402,1.403,1.401,1.402,276,3382400.0,14030,14030,14010,14030,0,0,False,-3357940.0,False,True,True,False,False,False
588000,2025-12-01T14:38:00+08:00,"[t-60s,t)",continuous_pm,2025-12-01 14:37:00,2025-12-01 14:38:00,31097.0,1.402,1.403,1.402,1.402,276,3382400.0,14030,14030,14010,14030,0,0,False,-3351303.0,False,True,False,False,False,False
588000,2025-12-01T14:38:00+08:00,"(t-60s,t]",continuous_pm,2025-12-01 14:37:00,2025-12-01 14:38:00,31097.0,1.402,1.403,1.402,1.402,276,3382400.0,14030,14030,14010,14030,0,0,False,-3351303.0,False,True,False,False,False,False
588000,2025-12-01T14:38:00+08:00,"[t,t+60s)",continuous_pm,2025-12-01 14:38:00,2025-12-01 14:39:00,31097.0,1.402,1.403,1.402,1.402,98,1391100.0,14020,14030,14010,14020,0,0,False,-1360003.0,True,True,False,True,False,False
588000,2025-12-01T14:38:00+08:00,"(t,t+60s]",continuous_pm,2025-12-01 14:38:00,2025-12-01 14:39:00,31097.0,1.402,1.403,1.402,1.402,98,1391100.0,14020,14030,14010,14020,0,0,False,-1360003.0,True,True,False,True,False,False
588000,2025-12-01T14:39:00+08:00,"[t-60s,t)",continuous_pm,2025-12-01 14:38:00,2025-12-01 14:39:00,16604.0,1.402,1.403,1.402,1.402,98,1391100.0,14020,14030,14010,14020,0,0,False,-1374496.0,True,True,False,True,False,False
588000,2025-12-01T14:39:00+08:00,"(t-60s,t]",continuous_pm,2025-12-01 14:38:00,2025-12-01 14:39:00,16604.0,1.402,1.403,1.402,1.402,98,1391100.0,14020,14030,14010,14020,0,0,False,-1374496.0,True,True,False,True,False,False
588000,2025-12-01T14:39:00+08:00,"[t,t+60s)",continuous_pm,2025-12-01 14:39:00,2025-12-01 14:40:00,16604.0,1.402,1.403,1.402,1.402,204,2002200.0,14030,14030,14020,14030,0,0,False,-1985596.0,False,True,True,False,False,False
588000,2025-12-01T14:39:00+08:00,"(t,t+60s]",continuous_pm,2025-12-01 14:39:00,2025-12-01 14:40:00,16604.0,1.402,1.403,1.402,1.402,204,2002200.0,14030,14030,14020,14030,0,0,False,-1985596.0,False,True,True,False,False,False
588000,2025-12-01T14:40:00+08:00,"[t-60s,t)",continuous_pm,2025-12-01 14:39:00,2025-12-01 14:40:00,18048.0,1.402,1.403,1.402,1.403,204,2002200.0,14030,14030,14020,14030,0,0,False,-1984152.0,False,True,True,True,False,False
588000,2025-12-01T14:40:00+08:00,"(t-60s,t]",continuous_pm,2025-12-01 14:39:00,2025-12-01 14:40:00,18048.0,1.402,1.403,1.402,1.403,204,2002200.0,14030,14030,14020,14030,0,0,False,-1984152.0,False,True,True,True,False,False
588000,2025-12-01T14:40:00+08:00,"[t,t+60s)",continuous_pm,2025-12-01 14:40:00,2025-12-01 14:41:00,18048.0,1.402,1.403,1.402,1.403,433,7402000.0,14030,14030,14010,14020,0,0,False,-7383952.0,False,True,False,False,False,False
588000,2025-12-01T14:40:00+08:00,"(t,t+60s]",continuous_pm,2025-12-01 14:40:00,2025-12-01 14:41:00,18048.0,1.402,1.403,1.402,1.403,433,7402000.0,14030,14030,14010,14020,0,0,False,-7383952.0,False,True,False,False,False,False
588000,2025-12-01T14:41:00+08:00,"[t-60s,t)",continuous_pm,2025-12-01 14:40:00,2025-12-01 14:41:00,75182.0,1.403,1.403,1.402,1.402,433,7402000.0,14030,14030,14010,14020,0,0,False,-7326818.0,True,True,False,True,False,False
588000,2025-12-01T14:41:00+08:00,"(t-60s,t]",continuous_pm,2025-12-01 14:40:00,2025-12-01 14:41:00,75182.0,1.403,1.403,1.402,1.402,433,7402000.0,14030,14030,14010,14020,0,0,False,-7326818.0,True,True,False,True,False,False
588000,2025-12-01T14:41:00+08:00,"[t,t+60s)",continuous_pm,2025-12-01 14:41:00,2025-12-01 14:42:00,75182.0,1.403,1.403,1.402,1.402,305,7021700.0,14010,14020,14000,14010,0,0,False,-6946518.0,False,False,False,False,False,False
588000,2025-12-01T14:41:00+08:00,"(t,t+60s]",continuous_pm,2025-12-01 14:41:00,2025-12-01 14:42:00,75182.0,1.403,1.403,1.402,1.402,305,7021700.0,14010,14020,14000,14010,0,0,False,-6946518.0,False,False,False,False,False,False
588000,2025-12-01T14:42:00+08:00,"[t-60s,t)",continuous_pm,2025-12-01 14:41:00,2025-12-01 14:42:00,71080.0,1.402,1.402,1.4,1.4,305,7021700.0,14010,14020,14000,14010,0,0,False,-6950620.0,False,True,True,False,False,False
588000,2025-12-01T14:42:00+08:00,"(t-60s,t]",continuous_pm,2025-12-01 14:41:00,2025-12-01 14:42:00,71080.0,1.402,1.402,1.4,1.4,305,7021700.0,14010,14020,14000,14010,0,0,False,-6950620.0,False,True,True,False,False,False
588000,2025-12-01T14:42:00+08:00,"[t,t+60s)",continuous_pm,2025-12-01 14:42:00,2025-12-01 14:43:00,71080.0,1.402,1.402,1.4,1.4,292,4836300.0,14000,14010,14000,14010,0,0,False,-4765220.0,False,False,True,False,False,False
588000,2025-12-01T14:42:00+08:00,"(t,t+60s]",continuous_pm,2025-12-01 14:42:00,2025-12-01 14:43:00,71080.0,1.402,1.402,1.4,1.4,292,4836300.0,14000,14010,14000,14010,0,0,False,-4765220.0,False,False,True,False,False,False
588000,2025-12-01T14:43:00+08:00,"[t-60s,t)",continuous_pm,2025-12-01 14:42:00,2025-12-01 14:43:00,29724.0,1.401,1.401,1.4,1.4,292,4836300.0,14000,14010,14000,14010,0,0,False,-4806576.0,False,True,True,False,False,False
588000,2025-12-01T14:43:00+08:00,"(t-60s,t]",continuous_pm,2025-12-01 14:42:00,2025-12-01 14:43:00,29724.0,1.401,1.401,1.4,1.4,292,4836300.0,14000,14010,14000,14010,0,0,False,-4806576.0,False,True,True,False,False,False
588000,2025-12-01T14:43:00+08:00,"[t,t+60s)",continuous_pm,2025-12-01 14:43:00,2025-12-01 14:44:00,29724.0,1.401,1.401,1.4,1.4,178,5138300.0,14000,14020,14000,14010,0,0,False,-5108576.0,False,False,True,False,False,False
588000,2025-12-01T14:43:00+08:00,"(t,t+60s]",continuous_pm,2025-12-01 14:43:00,2025-12-01 14:44:00,29724.0,1.401,1.401,1.4,1.4,178,5138300.0,14000,14020,14000,14010,0,0,False,-5108576.0,False,False,True,False,False,False
588000,2025-12-01T14:44:00+08:00,"[t-60s,t)",continuous_pm,2025-12-01 14:43:00,2025-12-01 14:44:00,66844.0,1.4,1.402,1.4,1.402,178,5138300.0,14000,14020,14000,14010,0,0,False,-5071456.0,True,True,True,False,False,False
588000,2025-12-01T14:44:00+08:00,"(t-60s,t]",continuous_pm,2025-12-01 14:43:00,2025-12-01 14:44:00,66844.0,1.4,1.402,1.4,1.402,178,5138300.0,14000,14020,14000,14010,0,0,False,-5071456.0,True,True,True,False,False,False
588000,2025-12-01T14:44:00+08:00,"[t,t+60s)",continuous_pm,2025-12-01 14:44:00,2025-12-01 14:45:00,66844.0,1.4,1.402,1.4,1.402,392,9000767.0,14010,14030,14010,14030,0,0,False,-8933923.0,False,False,False,False,False,False
588000,2025-12-01T14:44:00+08:00,"(t,t+60s]",continuous_pm,2025-12-01 14:44:00,2025-12-01 14:45:00,66844.0,1.4,1.402,1.4,1.402,392,9000767.0,14010,14030,14010,14030,0,0,False,-8933923.0,False,False,False,False,False,False
588000,2025-12-01T14:45:00+08:00,"[t-60s,t)",continuous_pm,2025-12-01 14:44:00,2025-12-01 14:45:00,93327.0,1.401,1.402,1.401,1.402,392,9000767.0,14010,14030,14010,14030,0,0,False,-8907440.0,True,False,True,False,False,False
588000,2025-12-01T14:45:00+08:00,"(t-60s,t]",continuous_pm,2025-12-01 14:44:00,2025-12-01 14:45:00,93327.0,1.401,1.402,1.401,1.402,392,9000767.0,14010,14030,14010,14030,0,0,False,-8907440.0,True,False,True,False,False,False
588000,2025-12-01T14:45:00+08:00,"[t,t+60s)",continuous_pm,2025-12-01 14:45:00,2025-12-01 14:46:00,93327.0,1.401,1.402,1.401,1.402,231,3019399.0,14020,14030,14010,14020,0,0,False,-2926072.0,False,False,True,True,False,False
588000,2025-12-01T14:45:00+08:00,"(t,t+60s]",continuous_pm,2025-12-01 14:45:00,2025-12-01 14:46:00,93327.0,1.401,1.402,1.401,1.402,231,3019399.0,14020,14030,14010,14020,0,0,False,-2926072.0,False,False,True,True,False,False
588000,2025-12-01T14:46:00+08:00,"[t-60s,t)",continuous_pm,2025-12-01 14:45:00,2025-12-01 14:46:00,26175.0,1.403,1.403,1.401,1.402,231,3019399.0,14020,14030,14010,14020,0,0,False,-2993224.0,False,True,True,True,False,False
588000,2025-12-01T14:46:00+08:00,"(t-60s,t]",continuous_pm,2025-12-01 14:45:00,2025-12-01 14:46:00,26175.0,1.403,1.403,1.401,1.402,231,3019399.0,14020,14030,14010,14020,0,0,False,-2993224.0,False,True,True,True,False,False
588000,2025-12-01T14:46:00+08:00,"[t,t+60s)",continuous_pm,2025-12-01 14:46:00,2025-12-01 14:47:00,26175.0,1.403,1.403,1.401,1.402,242,4711100.0,14020,14030,14010,14010,0,0,False,-4684925.0,False,True,True,False,False,False
588000,2025-12-01T14:46:00+08:00,"(t,t+60s]",continuous_pm,2025-12-01 14:46:00,2025-12-01 14:47:00,26175.0,1.403,1.403,1.401,1.402,242,4711100.0,14020,14030,14010,14010,0,0,False,-4684925.0,False,True,True,False,False,False
588000,2025-12-01T14:47:00+08:00,"[t-60s,t)",continuous_pm,2025-12-01 14:46:00,2025-12-01 14:47:00,51101.0,1.402,1.403,1.401,1.402,242,4711100.0,14020,14030,14010,14010,0,0,False,-4659999.0,True,True,True,False,False,False
588000,2025-12-01T14:47:00+08:00,"(t-60s,t]",continuous_pm,2025-12-01 14:46:00,2025-12-01 14:47:00,51101.0,1.402,1.403,1.401,1.402,242,4711100.0,14020,14030,14010,14010,0,0,False,-4659999.0,True,True,True,False,False,False
588000,2025-12-01T14:47:00+08:00,"[t,t+60s)",continuous_pm,2025-12-01 14:47:00,2025-12-01 14:48:00,51101.0,1.402,1.403,1.401,1.402,292,6884300.0,14010,14030,14010,14020,0,0,False,-6833199.0,False,True,True,True,False,False
588000,2025-12-01T14:47:00+08:00,"(t,t+60s]",continuous_pm,2025-12-01 14:47:00,2025-12-01 14:48:00,51101.0,1.402,1.403,1.401,1.402,292,6884300.0,14010,14030,14010,14020,0,0,False,-6833199.0,False,True,True,True,False,False
588000,2025-12-01T14:48:00+08:00,"[t-60s,t)",continuous_pm,2025-12-01 14:47:00,2025-12-01 14:48:00,68885.0,1.401,1.403,1.401,1.403,292,6884300.0,14010,14030,14010,14020,0,0,False,-6815415.0,True,True,True,False,False,False
588000,2025-12-01T14:48:00+08:00,"(t-60s,t]",continuous_pm,2025-12-01 14:47:00,2025-12-01 14:48:00,68885.0,1.401,1.403,1.401,1.403,292,6884300.0,14010,14030,14010,14020,0,0,False,-6815415.0,True,True,True,False,False,False
588000,2025-12-01T14:48:00+08:00,"[t,t+60s)",continuous_pm,2025-12-01 14:48:00,2025-12-01 14:49:00,68885.0,1.401,1.403,1.401,1.403,259,2749600.0,14020,14030,14020,14030,0,0,False,-2680715.0,False,True,False,True,False,False
588000,2025-12-01T14:48:00+08:00,"(t,t+60s]",continuous_pm,2025-12-01 14:48:00,2025-12-01 14:49:00,68885.0,1.401,1.403,1.401,1.403,259,2749600.0,14020,14030,14020,14030,0,0,False,-2680715.0,False,True,False,True,False,False
588000,2025-12-01T14:49:00+08:00,"[t-60s,t)",continuous_pm,2025-12-01 14:48:00,2025-12-01 14:49:00,26993.0,1.402,1.403,1.402,1.402,259,2749600.0,14020,14030,14020,14030,0,0,False,-2722607.0,True,True,True,False,False,False
588000,2025-12-01T14:49:00+08:00,"(t-60s,t]",continuous_pm,2025-12-01 14:48:00,2025-12-01 14:49:00,26993.0,1.402,1.403,1.402,1.402,259,2749600.0,14020,14030,14020,14030,0,0,False,-2722607.0,True,True,True,False,False,False
588000,2025-12-01T14:49:00+08:00,"[t,t+60s)",continuous_pm,2025-12-01 14:49:00,2025-12-01 14:50:00,26993.0,1.402,1.403,1.402,1.402,447,8216000.0,14030,14030,14020,14030,0,0,False,-8189007.0,False,True,True,False,False,False
588000,2025-12-01T14:49:00+08:00,"(t,t+60s]",continuous_pm,2025-12-01 14:49:00,2025-12-01 14:50:00,26993.0,1.402,1.403,1.402,1.402,447,8216000.0,14030,14030,14020,14030,0,0,False,-8189007.0,False,True,True,False,False,False
588000,2025-12-01T14:50:00+08:00,"[t-60s,t)",continuous_pm,2025-12-01 14:49:00,2025-12-01 14:50:00,69145.0,1.403,1.403,1.402,1.403,447,8216000.0,14030,14030,14020,14030,0,0,False,-8146855.0,True,True,True,True,True,False
588000,2025-12-01T14:50:00+08:00,"(t-60s,t]",continuous_pm,2025-12-01 14:49:00,2025-12-01 14:50:00,69145.0,1.403,1.403,1.402,1.403,447,8216000.0,14030,14030,14020,14030,0,0,False,-8146855.0,True,True,True,True,True,False
588000,2025-12-01T14:50:00+08:00,"[t,t+60s)",continuous_pm,2025-12-01 14:50:00,2025-12-01 14:51:00,69145.0,1.403,1.403,1.402,1.403,351,4635300.0,14030,14030,14020,14030,0,0,False,-4566155.0,True,True,True,True,True,False
588000,2025-12-01T14:50:00+08:00,"(t,t+60s]",continuous_pm,2025-12-01 14:50:00,2025-12-01 14:51:00,69145.0,1.403,1.403,1.402,1.403,351,4635300.0,14030,14030,14020,14030,0,0,False,-4566155.0,True,True,True,True,True,False
588000,2025-12-01T14:51:00+08:00,"[t-60s,t)",continuous_pm,2025-12-01 14:50:00,2025-12-01 14:51:00,59815.0,1.402,1.403,1.402,1.403,351,4635300.0,14030,14030,14020,14030,0,0,False,-4575485.0,False,True,True,True,False,False
588000,2025-12-01T14:51:00+08:00,"(t-60s,t]",continuous_pm,2025-12-01 14:50:00,2025-12-01 14:51:00,59815.0,1.402,1.403,1.402,1.403,351,4635300.0,14030,14030,14020,14030,0,0,False,-4575485.0,False,True,True,True,False,False
588000,2025-12-01T14:51:00+08:00,"[t,t+60s)",continuous_pm,2025-12-01 14:51:00,2025-12-01 14:52:00,59815.0,1.402,1.403,1.402,1.403,296,4839200.0,14030,14030,14020,14030,0,0,False,-4779385.0,False,True,True,True,False,False
588000,2025-12-01T14:51:00+08:00,"(t,t+60s]",continuous_pm,2025-12-01 14:51:00,2025-12-01 14:52:00,59815.0,1.402,1.403,1.402,1.403,296,4839200.0,14030,14030,14020,14030,0,0,False,-4779385.0,False,True,True,True,False,False
588000,2025-12-01T14:52:00+08:00,"[t-60s,t)",continuous_pm,2025-12-01 14:51:00,2025-12-01 14:52:00,41697.0,1.403,1.403,1.402,1.403,296,4839200.0,14030,14030,14020,14030,0,0,False,-4797503.0,True,True,True,True,True,False
588000,2025-12-01T14:52:00+08:00,"(t-60s,t]",continuous_pm,2025-12-01 14:51:00,2025-12-01 14:52:00,41697.0,1.403,1.403,1.402,1.403,296,4839200.0,14030,14030,14020,14030,0,0,False,-4797503.0,True,True,True,True,True,False
588000,2025-12-01T14:52:00+08:00,"[t,t+60s)",continuous_pm,2025-12-01 14:52:00,2025-12-01 14:53:00,41697.0,1.403,1.403,1.402,1.403,335,5143000.0,14030,14030,14020,14020,0,1,False,-5101303.0,True,True,True,False,False,False
588000,2025-12-01T14:52:00+08:00,"(t,t+60s]",continuous_pm,2025-12-01 14:52:00,2025-12-01 14:53:00,41697.0,1.403,1.403,1.402,1.403,336,5144000.0,14030,14030,14020,14020,0,1,False,-5102303.0,True,True,True,False,False,False
588000,2025-12-01T14:53:00+08:00,"[t-60s,t)",continuous_pm,2025-12-01 14:52:00,2025-12-01 14:53:00,57923.0,1.402,1.403,1.402,1.402,335,5143000.0,14030,14030,14020,14020,0,1,False,-5085077.0,False,True,True,True,False,False
588000,2025-12-01T14:53:00+08:00,"(t-60s,t]",continuous_pm,2025-12-01 14:52:00,2025-12-01 14:53:00,57923.0,1.402,1.403,1.402,1.402,336,5144000.0,14030,14030,14020,14020,0,1,False,-5086077.0,False,True,True,True,False,False
588000,2025-12-01T14:53:00+08:00,"[t,t+60s)",continuous_pm,2025-12-01 14:53:00,2025-12-01 14:54:00,57923.0,1.402,1.403,1.402,1.402,904,20801179.0,14020,14040,14020,14040,1,0,False,-20743256.0,True,False,True,False,False,False
588000,2025-12-01T14:53:00+08:00,"(t,t+60s]",continuous_pm,2025-12-01 14:53:00,2025-12-01 14:54:00,57923.0,1.402,1.403,1.402,1.402,903,20800179.0,14030,14040,14020,14040,1,0,False,-20742256.0,False,False,True,False,False,False
588000,2025-12-01T14:54:00+08:00,"[t-60s,t)",continuous_pm,2025-12-01 14:53:00,2025-12-01 14:54:00,207845.0,1.402,1.404,1.402,1.404,904,20801179.0,14020,14040,14020,14040,1,0,False,-20593334.0,True,True,True,True,True,False
588000,2025-12-01T14:54:00+08:00,"(t-60s,t]",continuous_pm,2025-12-01 14:53:00,2025-12-01 14:54:00,207845.0,1.402,1.404,1.402,1.404,903,20800179.0,14030,14040,14020,14040,1,0,False,-20592334.0,False,True,True,True,False,False
588000,2025-12-01T14:54:00+08:00,"[t,t+60s)",continuous_pm,2025-12-01 14:54:00,2025-12-01 14:55:00,207845.0,1.402,1.404,1.402,1.404,524,12779900.0,14040,14040,14030,14040,0,0,False,-12572055.0,False,True,False,True,False,False
588000,2025-12-01T14:54:00+08:00,"(t,t+60s]",continuous_pm,2025-12-01 14:54:00,2025-12-01 14:55:00,207845.0,1.402,1.404,1.402,1.404,524,12779900.0,14040,14040,14030,14040,0,0,False,-12572055.0,False,True,False,True,False,False
588000,2025-12-01T14:55:00+08:00,"[t-60s,t)",continuous_pm,2025-12-01 14:54:00,2025-12-01 14:55:00,126425.0,1.403,1.404,1.403,1.404,524,12779900.0,14040,14040,14030,14040,0,0,False,-12653475.0,False,True,True,True,False,False
588000,2025-12-01T14:55:00+08:00,"(t-60s,t]",continuous_pm,2025-12-01 14:54:00,2025-12-01 14:55:00,126425.0,1.403,1.404,1.403,1.404,524,12779900.0,14040,14040,14030,14040,0,0,False,-12653475.0,False,True,True,True,False,False
588000,2025-12-01T14:55:00+08:00,"[t,t+60s)",continuous_pm,2025-12-01 14:55:00,2025-12-01 14:56:00,126425.0,1.403,1.404,1.403,1.404,393,7961300.0,14040,14040,14030,14040,0,0,False,-7834875.0,False,True,True,True,False,False
588000,2025-12-01T14:55:00+08:00,"(t,t+60s]",continuous_pm,2025-12-01 14:55:00,2025-12-01 14:56:00,126425.0,1.403,1.404,1.403,1.404,393,7961300.0,14040,14040,14030,14040,0,0,False,-7834875.0,False,True,True,True,False,False
588000,2025-12-01T14:56:00+08:00,"[t-60s,t)",continuous_pm,2025-12-01 14:55:00,2025-12-01 14:56:00,80046.0,1.404,1.404,1.403,1.404,393,7961300.0,14040,14040,14030,14040,0,0,False,-7881254.0,True,True,True,True,True,False
588000,2025-12-01T14:56:00+08:00,"(t-60s,t]",continuous_pm,2025-12-01 14:55:00,2025-12-01 14:56:00,80046.0,1.404,1.404,1.403,1.404,393,7961300.0,14040,14040,14030,14040,0,0,False,-7881254.0,True,True,True,True,True,False
588000,2025-12-01T14:56:00+08:00,"[t,t+60s)",continuous_pm,2025-12-01 14:56:00,2025-12-01 14:57:00,80046.0,1.404,1.404,1.403,1.404,410,9518300.0,14040,14040,14030,14040,0,0,False,-9438254.0,True,True,True,True,True,False
588000,2025-12-01T14:56:00+08:00,"(t,t+60s]",OUTSIDE_COMPLETE_CONTINUOUS_MINUTE,2025-12-01 14:56:00,2025-12-01 14:57:00,80046.0,1.404,1.404,1.403,1.404,410,9518300.0,14040,14040,14030,14040,0,0,False,-9438254.0,True,True,True,True,True,False
588000,2025-12-01T14:57:00+08:00,"[t-60s,t)",continuous_pm,2025-12-01 14:56:00,2025-12-01 14:57:00,95865.0,1.404,1.404,1.403,1.404,410,9518300.0,14040,14040,14030,14040,0,0,False,-9422435.0,True,True,True,True,True,False
588000,2025-12-01T14:57:00+08:00,"(t-60s,t]",OUTSIDE_COMPLETE_CONTINUOUS_MINUTE,2025-12-01 14:56:00,2025-12-01 14:57:00,95865.0,1.404,1.404,1.403,1.404,410,9518300.0,14040,14040,14030,14040,0,0,False,-9422435.0,True,True,True,True,True,False
588000,2025-12-01T14:57:00+08:00,"[t,t+60s)",OUTSIDE_COMPLETE_CONTINUOUS_MINUTE,2025-12-01 14:57:00,2025-12-01 14:58:00,95865.0,1.404,1.404,1.403,1.404,419,7988198.0,14040,14040,14030,14040,0,0,False,-7892333.0,True,True,True,True,True,False
588000,2025-12-01T14:57:00+08:00,"(t,t+60s]",OUTSIDE_COMPLETE_CONTINUOUS_MINUTE,2025-12-01 14:57:00,2025-12-01 14:58:00,95865.0,1.404,1.404,1.403,1.404,419,7988198.0,14040,14040,14030,14040,0,0,False,-7892333.0,True,True,True,True,True,False
588000,2025-12-01T14:58:00+08:00,"[t-60s,t)",OUTSIDE_COMPLETE_CONTINUOUS_MINUTE,2025-12-01 14:57:00,2025-12-01 14:58:00,79499.0,1.404,1.404,1.403,1.403,419,7988198.0,14040,14040,14030,14040,0,0,False,-7908699.0,True,True,True,False,False,False
588000,2025-12-01T14:58:00+08:00,"(t-60s,t]",OUTSIDE_COMPLETE_CONTINUOUS_MINUTE,2025-12-01 14:57:00,2025-12-01 14:58:00,79499.0,1.404,1.404,1.403,1.403,419,7988198.0,14040,14040,14030,14040,0,0,False,-7908699.0,True,True,True,False,False,False
588000,2025-12-01T14:58:00+08:00,"[t,t+60s)",OUTSIDE_COMPLETE_CONTINUOUS_MINUTE,2025-12-01 14:58:00,2025-12-01 14:59:00,79499.0,1.404,1.404,1.403,1.403,426,9052800.0,14030,14040,14030,14030,0,1,False,-8973301.0,False,True,True,True,False,False
588000,2025-12-01T14:58:00+08:00,"(t,t+60s]",OUTSIDE_COMPLETE_CONTINUOUS_MINUTE,2025-12-01 14:58:00,2025-12-01 14:59:00,79499.0,1.404,1.404,1.403,1.403,427,9074500.0,14030,14040,14030,14040,0,1,False,-8995001.0,False,True,True,False,False,False
588000,2025-12-01T14:59:00+08:00,"[t-60s,t)",OUTSIDE_COMPLETE_CONTINUOUS_MINUTE,2025-12-01 14:58:00,2025-12-01 14:59:00,82724.0,1.403,1.404,1.403,1.403,426,9052800.0,14030,14040,14030,14030,0,1,False,-8970076.0,True,True,True,True,True,False
588000,2025-12-01T14:59:00+08:00,"(t-60s,t]",OUTSIDE_COMPLETE_CONTINUOUS_MINUTE,2025-12-01 14:58:00,2025-12-01 14:59:00,82724.0,1.403,1.404,1.403,1.403,427,9074500.0,14030,14040,14030,14040,0,1,False,-8991776.0,True,True,True,False,False,False
588000,2025-12-01T14:59:00+08:00,"[t,t+60s)",OUTSIDE_COMPLETE_CONTINUOUS_MINUTE,2025-12-01 14:59:00,2025-12-01 15:00:00,82724.0,1.403,1.404,1.403,1.403,1294,18276154.0,14040,14050,14030,14050,1,0,False,-18193430.0,False,False,True,False,False,False
588000,2025-12-01T14:59:00+08:00,"(t,t+60s]",OUTSIDE_COMPLETE_CONTINUOUS_MINUTE,2025-12-01 14:59:00,2025-12-01 15:00:00,82724.0,1.403,1.404,1.403,1.403,1293,18254454.0,14040,14050,14030,14050,1,0,False,-18171730.0,False,False,True,False,False,False
588000,2025-12-01T15:00:00+08:00,"[t-60s,t)",OUTSIDE_COMPLETE_CONTINUOUS_MINUTE,2025-12-01 14:59:00,2025-12-01 15:00:00,191731.0,1.404,1.405,1.403,1.404,1294,18276154.0,14040,14050,14030,14050,1,0,False,-18084423.0,True,True,True,False,False,False
588000,2025-12-01T15:00:00+08:00,"(t-60s,t]",OUTSIDE_COMPLETE_CONTINUOUS_MINUTE,2025-12-01 14:59:00,2025-12-01 15:00:00,191731.0,1.404,1.405,1.403,1.404,1293,18254454.0,14040,14050,14030,14050,1,0,False,-18062723.0,True,True,True,False,False,False
588000,2025-12-01T15:00:00+08:00,"[t,t+60s)",OUTSIDE_COMPLETE_CONTINUOUS_MINUTE,2025-12-01 15:00:00,2025-12-01 15:01:00,191731.0,1.404,1.405,1.403,1.404,0,0.0,,,,,0,0,False,191731.0,,,,,,False
588000,2025-12-01T15:00:00+08:00,"(t,t+60s]",OUTSIDE_COMPLETE_CONTINUOUS_MINUTE,2025-12-01 15:00:00,2025-12-01 15:01:00,191731.0,1.404,1.405,1.403,1.404,0,0.0,,,,,0,0,False,191731.0,,,,,,False
