source,symbol,trading_day,from_state,to_state,change_start_time,event_time,bar_ordinal_day,oracle_center_eligible_ordinal,oracle_available_eligible_ordinal,oracle_available_event_time,matched,match_id,event_role,eligible_ordinal
oracle_center_v2,000852.SH,2015-01-27,DownTrend,Shock,2015-01-27 11:10:00+08:00,2015-01-27 11:15:00+08:00,20,8.0,14.0,2015-01-27 13:15:00+08:00,True,1,oracle,
oracle_center_v2,000852.SH,2015-01-27,Shock,UpTrend,2015-01-27 13:50:00+08:00,2015-01-27 13:55:00+08:00,34,22.0,28.0,2015-01-27 14:25:00+08:00,True,2,oracle,
oracle_center_v2,000852.SH,2015-01-28,UpTrend,DownTrend,2015-01-28 13:35:00+08:00,2015-01-28 13:40:00+08:00,31,19.0,25.0,2015-01-28 14:10:00+08:00,True,3,oracle,
oracle_center_v2,000852.SH,2015-01-29,Range,UpTrend,2015-01-29 13:50:00+08:00,2015-01-29 13:55:00+08:00,34,22.0,28.0,2015-01-29 14:25:00+08:00,True,4,oracle,
oracle_center_v2,000852.SH,2015-02-03,Range,UpTrend,2015-02-03 11:15:00+08:00,2015-02-03 11:20:00+08:00,21,9.0,15.0,2015-02-03 13:20:00+08:00,True,5,oracle,
oracle_center_v2,000852.SH,2015-02-10,DownTrend,UpTrend,2015-02-10 11:20:00+08:00,2015-02-10 11:25:00+08:00,22,10.0,16.0,2015-02-10 13:25:00+08:00,True,6,oracle,
oracle_center_v2,000852.SH,2015-02-25,UpTrend,DownTrend,2015-02-25 13:45:00+08:00,2015-02-25 13:50:00+08:00,33,21.0,27.0,2015-02-25 14:20:00+08:00,False,,oracle,
oracle_center_v2,000852.SH,2015-02-25,DownTrend,Shock,2015-02-25 13:55:00+08:00,2015-02-25 14:00:00+08:00,35,23.0,29.0,2015-02-25 14:30:00+08:00,True,7,oracle,
oracle_center_v2,000852.SH,2015-02-26,DownTrend,UpTrend,2015-02-26 13:30:00+08:00,2015-02-26 13:35:00+08:00,30,18.0,24.0,2015-02-26 14:05:00+08:00,True,8,oracle,
oracle_center_v2,000852.SH,2015-03-03,UpTrend,Shock,2015-03-03 13:35:00+08:00,2015-03-03 13:40:00+08:00,31,19.0,25.0,2015-03-03 14:10:00+08:00,True,9,oracle,
oracle_center_v2,000852.SH,2015-03-04,Range,UpTrend,2015-03-04 13:30:00+08:00,2015-03-04 13:35:00+08:00,30,18.0,24.0,2015-03-04 14:05:00+08:00,True,10,oracle,
oracle_center_v2,000852.SH,2015-03-05,Shock,UpTrend,2015-03-05 10:50:00+08:00,2015-03-05 10:55:00+08:00,16,4.0,10.0,2015-03-05 11:25:00+08:00,True,11,oracle,
oracle_center_v2,000852.SH,2015-03-10,UpTrend,Range,2015-03-10 13:40:00+08:00,2015-03-10 13:45:00+08:00,32,20.0,26.0,2015-03-10 14:15:00+08:00,True,12,oracle,
oracle_center_v2,000852.SH,2015-03-12,DownTrend,Shock,2015-03-12 11:05:00+08:00,2015-03-12 11:10:00+08:00,19,7.0,13.0,2015-03-12 13:10:00+08:00,True,13,oracle,
oracle_center_v2,000852.SH,2015-03-12,Shock,DownTrend,2015-03-12 11:15:00+08:00,2015-03-12 11:20:00+08:00,21,9.0,15.0,2015-03-12 13:20:00+08:00,True,14,oracle,
oracle_center_v2,000852.SH,2015-03-12,DownTrend,UpTrend,2015-03-12 13:50:00+08:00,2015-03-12 13:55:00+08:00,34,22.0,28.0,2015-03-12 14:25:00+08:00,True,15,oracle,
oracle_center_v2,000852.SH,2015-03-17,UpTrend,DownTrend,2015-03-17 13:25:00+08:00,2015-03-17 13:30:00+08:00,29,17.0,23.0,2015-03-17 14:00:00+08:00,True,16,oracle,
oracle_center_v2,000852.SH,2015-03-17,DownTrend,Shock,2015-03-17 13:35:00+08:00,2015-03-17 13:40:00+08:00,31,19.0,25.0,2015-03-17 14:10:00+08:00,True,17,oracle,
oracle_center_v2,000852.SH,2015-03-19,UpTrend,DownTrend,2015-03-19 13:05:00+08:00,2015-03-19 13:10:00+08:00,25,13.0,19.0,2015-03-19 13:40:00+08:00,False,,oracle,
oracle_center_v2,000852.SH,2015-03-19,DownTrend,Shock,2015-03-19 13:15:00+08:00,2015-03-19 13:20:00+08:00,27,15.0,21.0,2015-03-19 13:50:00+08:00,True,18,oracle,
oracle_center_v2,000852.SH,2015-03-20,UpTrend,Shock,2015-03-20 10:55:00+08:00,2015-03-20 11:00:00+08:00,17,5.0,11.0,2015-03-20 11:30:00+08:00,True,19,oracle,
oracle_center_v2,000852.SH,2015-03-25,Shock,UpTrend,2015-03-25 13:55:00+08:00,2015-03-25 14:00:00+08:00,35,23.0,29.0,2015-03-25 14:30:00+08:00,True,20,oracle,
oracle_center_v2,000852.SH,2015-03-26,Shock,Range,2015-03-26 13:55:00+08:00,2015-03-26 14:00:00+08:00,35,23.0,29.0,2015-03-26 14:30:00+08:00,True,21,oracle,
oracle_center_v2,000852.SH,2015-03-30,DownTrend,Range,2015-03-30 13:15:00+08:00,2015-03-30 13:20:00+08:00,27,15.0,21.0,2015-03-30 13:50:00+08:00,True,22,oracle,
oracle_center_v2,000852.SH,2015-03-30,Range,UpTrend,2015-03-30 13:50:00+08:00,2015-03-30 13:55:00+08:00,34,22.0,28.0,2015-03-30 14:25:00+08:00,True,23,oracle,
oracle_center_v2,000852.SH,2015-04-02,UpTrend,Shock,2015-04-02 13:35:00+08:00,2015-04-02 13:40:00+08:00,31,19.0,25.0,2015-04-02 14:10:00+08:00,True,24,oracle,
oracle_center_v2,000852.SH,2015-04-08,Shock,UpTrend,2015-04-08 13:10:00+08:00,2015-04-08 13:15:00+08:00,26,14.0,20.0,2015-04-08 13:45:00+08:00,True,25,oracle,
oracle_center_v2,000852.SH,2015-04-08,UpTrend,DownTrend,2015-04-08 13:55:00+08:00,2015-04-08 14:00:00+08:00,35,23.0,29.0,2015-04-08 14:30:00+08:00,True,26,oracle,
oracle_center_v2,000852.SH,2015-04-09,Shock,UpTrend,2015-04-09 11:10:00+08:00,2015-04-09 11:15:00+08:00,20,8.0,14.0,2015-04-09 13:15:00+08:00,True,27,oracle,
oracle_center_v2,000852.SH,2015-04-09,UpTrend,Range,2015-04-09 13:50:00+08:00,2015-04-09 13:55:00+08:00,34,22.0,28.0,2015-04-09 14:25:00+08:00,True,28,oracle,
oracle_center_v2,000852.SH,2015-04-10,UpTrend,Range,2015-04-10 13:10:00+08:00,2015-04-10 13:15:00+08:00,26,14.0,20.0,2015-04-10 13:45:00+08:00,True,29,oracle,
oracle_center_v2,000852.SH,2015-04-14,UpTrend,Shock,2015-04-14 13:25:00+08:00,2015-04-14 13:30:00+08:00,29,17.0,23.0,2015-04-14 14:00:00+08:00,True,30,oracle,
oracle_center_v2,000852.SH,2015-04-20,UpTrend,Range,2015-04-20 11:10:00+08:00,2015-04-20 11:15:00+08:00,20,8.0,14.0,2015-04-20 13:15:00+08:00,True,31,oracle,
oracle_center_v2,000852.SH,2015-04-20,Range,Shock,2015-04-20 13:40:00+08:00,2015-04-20 13:45:00+08:00,32,20.0,26.0,2015-04-20 14:15:00+08:00,True,32,oracle,
oracle_center_v2,000852.SH,2015-04-23,Range,UpTrend,2015-04-23 11:20:00+08:00,2015-04-23 11:25:00+08:00,22,10.0,16.0,2015-04-23 13:25:00+08:00,True,33,oracle,
oracle_center_v2,000852.SH,2015-04-24,DownTrend,UpTrend,2015-04-24 13:45:00+08:00,2015-04-24 13:50:00+08:00,33,21.0,27.0,2015-04-24 14:20:00+08:00,True,34,oracle,
oracle_center_v2,000852.SH,2015-04-27,DownTrend,Range,2015-04-27 11:25:00+08:00,2015-04-27 11:30:00+08:00,23,11.0,17.0,2015-04-27 13:30:00+08:00,True,35,oracle,
oracle_center_v2,000852.SH,2015-04-28,Shock,DownTrend,2015-04-28 11:05:00+08:00,2015-04-28 11:10:00+08:00,19,7.0,13.0,2015-04-28 13:10:00+08:00,True,36,oracle,
oracle_center_v2,000852.SH,2015-05-06,UpTrend,Shock,2015-05-06 13:55:00+08:00,2015-05-06 14:00:00+08:00,35,23.0,29.0,2015-05-06 14:30:00+08:00,True,37,oracle,
oracle_center_v2,000852.SH,2015-05-08,UpTrend,Range,2015-05-08 11:10:00+08:00,2015-05-08 11:15:00+08:00,20,8.0,14.0,2015-05-08 13:15:00+08:00,True,38,oracle,
oracle_center_v2,000852.SH,2015-05-08,Range,Shock,2015-05-08 13:10:00+08:00,2015-05-08 13:15:00+08:00,26,14.0,20.0,2015-05-08 13:45:00+08:00,True,39,oracle,
oracle_center_v2,000852.SH,2015-05-11,UpTrend,Range,2015-05-11 13:40:00+08:00,2015-05-11 13:45:00+08:00,32,20.0,26.0,2015-05-11 14:15:00+08:00,True,40,oracle,
oracle_center_v2,000852.SH,2015-05-13,UpTrend,DownTrend,2015-05-13 13:50:00+08:00,2015-05-13 13:55:00+08:00,34,22.0,28.0,2015-05-13 14:25:00+08:00,True,41,oracle,
oracle_center_v2,000852.SH,2015-05-14,UpTrend,Range,2015-05-14 13:20:00+08:00,2015-05-14 13:25:00+08:00,28,16.0,22.0,2015-05-14 13:55:00+08:00,True,42,oracle,
oracle_center_v2,000852.SH,2015-05-18,UpTrend,Range,2015-05-18 13:55:00+08:00,2015-05-18 14:00:00+08:00,35,23.0,29.0,2015-05-18 14:30:00+08:00,True,43,oracle,
oracle_center_v2,000852.SH,2015-05-21,UpTrend,Range,2015-05-21 13:15:00+08:00,2015-05-21 13:20:00+08:00,27,15.0,21.0,2015-05-21 13:50:00+08:00,True,44,oracle,
oracle_center_v2,000852.SH,2015-05-22,Shock,UpTrend,2015-05-22 11:00:00+08:00,2015-05-22 11:05:00+08:00,18,6.0,12.0,2015-05-22 13:05:00+08:00,True,45,oracle,
oracle_center_v2,000852.SH,2015-05-22,UpTrend,Range,2015-05-22 13:20:00+08:00,2015-05-22 13:25:00+08:00,28,16.0,22.0,2015-05-22 13:55:00+08:00,True,46,oracle,
oracle_center_v2,000852.SH,2015-05-25,UpTrend,Range,2015-05-25 13:55:00+08:00,2015-05-25 14:00:00+08:00,35,23.0,29.0,2015-05-25 14:30:00+08:00,True,47,oracle,
oracle_center_v2,000852.SH,2015-05-26,UpTrend,Range,2015-05-26 13:15:00+08:00,2015-05-26 13:20:00+08:00,27,15.0,21.0,2015-05-26 13:50:00+08:00,True,48,oracle,
oracle_center_v2,000852.SH,2015-05-27,Shock,Range,2015-05-27 11:25:00+08:00,2015-05-27 11:30:00+08:00,23,11.0,17.0,2015-05-27 13:30:00+08:00,True,49,oracle,
oracle_center_v2,000852.SH,2015-05-27,Range,UpTrend,2015-05-27 13:45:00+08:00,2015-05-27 13:50:00+08:00,33,21.0,27.0,2015-05-27 14:20:00+08:00,True,50,oracle,
oracle_center_v2,000852.SH,2015-05-29,Shock,UpTrend,2015-05-29 11:20:00+08:00,2015-05-29 11:25:00+08:00,22,10.0,16.0,2015-05-29 13:25:00+08:00,True,51,oracle,
oracle_center_v2,000852.SH,2015-05-29,UpTrend,Shock,2015-05-29 13:35:00+08:00,2015-05-29 13:40:00+08:00,31,19.0,25.0,2015-05-29 14:10:00+08:00,True,52,oracle,
oracle_center_v2,000852.SH,2015-06-02,DownTrend,UpTrend,2015-06-02 13:40:00+08:00,2015-06-02 13:45:00+08:00,32,20.0,26.0,2015-06-02 14:15:00+08:00,True,53,oracle,
oracle_center_v2,000852.SH,2015-06-03,Shock,UpTrend,2015-06-03 13:35:00+08:00,2015-06-03 13:40:00+08:00,31,19.0,25.0,2015-06-03 14:10:00+08:00,True,54,oracle,
oracle_center_v2,000852.SH,2015-06-04,DownTrend,Shock,2015-06-04 11:05:00+08:00,2015-06-04 11:10:00+08:00,19,7.0,13.0,2015-06-04 13:10:00+08:00,True,55,oracle,
oracle_center_v2,000852.SH,2015-06-04,Shock,UpTrend,2015-06-04 13:45:00+08:00,2015-06-04 13:50:00+08:00,33,21.0,27.0,2015-06-04 14:20:00+08:00,True,56,oracle,
oracle_center_v2,000852.SH,2015-06-08,UpTrend,DownTrend,2015-06-08 13:20:00+08:00,2015-06-08 13:25:00+08:00,28,16.0,22.0,2015-06-08 13:55:00+08:00,True,57,oracle,
oracle_center_v2,000852.SH,2015-06-12,UpTrend,Range,2015-06-12 13:45:00+08:00,2015-06-12 13:50:00+08:00,33,21.0,27.0,2015-06-12 14:20:00+08:00,True,58,oracle,
oracle_center_v2,000852.SH,2015-06-19,Shock,Range,2015-06-19 11:10:00+08:00,2015-06-19 11:15:00+08:00,20,8.0,14.0,2015-06-19 13:15:00+08:00,False,,oracle,
oracle_center_v2,000852.SH,2015-06-19,Range,DownTrend,2015-06-19 13:10:00+08:00,2015-06-19 13:15:00+08:00,26,14.0,20.0,2015-06-19 13:45:00+08:00,True,59,oracle,
oracle_center_v2,000852.SH,2015-06-29,Shock,DownTrend,2015-06-29 11:20:00+08:00,2015-06-29 11:25:00+08:00,22,10.0,16.0,2015-06-29 13:25:00+08:00,True,60,oracle,
oracle_center_v2,000852.SH,2015-06-29,DownTrend,Range,2015-06-29 13:10:00+08:00,2015-06-29 13:15:00+08:00,26,14.0,20.0,2015-06-29 13:45:00+08:00,True,61,oracle,
oracle_center_v2,000852.SH,2015-06-29,Range,Shock,2015-06-29 13:35:00+08:00,2015-06-29 13:40:00+08:00,31,19.0,25.0,2015-06-29 14:10:00+08:00,True,62,oracle,
oracle_center_v2,000852.SH,2015-06-30,UpTrend,Shock,2015-06-30 11:05:00+08:00,2015-06-30 11:10:00+08:00,19,7.0,13.0,2015-06-30 13:10:00+08:00,True,63,oracle,
oracle_center_v2,000852.SH,2015-06-30,Shock,UpTrend,2015-06-30 13:50:00+08:00,2015-06-30 13:55:00+08:00,34,22.0,28.0,2015-06-30 14:25:00+08:00,True,64,oracle,
oracle_center_v2,000852.SH,2015-07-01,Range,DownTrend,2015-07-01 13:50:00+08:00,2015-07-01 13:55:00+08:00,34,22.0,28.0,2015-07-01 14:25:00+08:00,True,65,oracle,
oracle_center_v2,000852.SH,2015-07-02,Shock,DownTrend,2015-07-02 13:35:00+08:00,2015-07-02 13:40:00+08:00,31,19.0,25.0,2015-07-02 14:10:00+08:00,True,66,oracle,
oracle_center_v2,000852.SH,2015-07-03,UpTrend,Shock,2015-07-03 11:05:00+08:00,2015-07-03 11:10:00+08:00,19,7.0,13.0,2015-07-03 13:10:00+08:00,True,67,oracle,
oracle_center_v2,000852.SH,2015-07-06,DownTrend,Shock,2015-07-06 11:05:00+08:00,2015-07-06 11:10:00+08:00,19,7.0,13.0,2015-07-06 13:10:00+08:00,True,68,oracle,
oracle_center_v2,000852.SH,2015-07-06,Shock,DownTrend,2015-07-06 13:25:00+08:00,2015-07-06 13:30:00+08:00,29,17.0,23.0,2015-07-06 14:00:00+08:00,True,69,oracle,
oracle_center_v2,000852.SH,2015-07-07,DownTrend,Range,2015-07-07 11:25:00+08:00,2015-07-07 11:30:00+08:00,23,11.0,17.0,2015-07-07 13:30:00+08:00,True,70,oracle,
oracle_center_v2,000852.SH,2015-07-09,Range,UpTrend,2015-07-09 11:05:00+08:00,2015-07-09 11:10:00+08:00,19,7.0,13.0,2015-07-09 13:10:00+08:00,True,71,oracle,
oracle_center_v2,000852.SH,2015-07-10,DownTrend,Range,2015-07-10 13:15:00+08:00,2015-07-10 13:20:00+08:00,27,15.0,21.0,2015-07-10 13:50:00+08:00,True,72,oracle,
oracle_center_v2,000852.SH,2015-07-10,Range,UpTrend,2015-07-10 13:35:00+08:00,2015-07-10 13:40:00+08:00,31,19.0,25.0,2015-07-10 14:10:00+08:00,True,73,oracle,
oracle_center_v2,000852.SH,2015-07-13,UpTrend,Range,2015-07-13 13:55:00+08:00,2015-07-13 14:00:00+08:00,35,23.0,29.0,2015-07-13 14:30:00+08:00,True,74,oracle,
oracle_center_v2,000852.SH,2015-07-17,Range,UpTrend,2015-07-17 13:20:00+08:00,2015-07-17 13:25:00+08:00,28,16.0,22.0,2015-07-17 13:55:00+08:00,True,75,oracle,
oracle_center_v2,000852.SH,2015-07-20,DownTrend,Range,2015-07-20 11:25:00+08:00,2015-07-20 11:30:00+08:00,23,11.0,17.0,2015-07-20 13:30:00+08:00,True,76,oracle,
oracle_center_v2,000852.SH,2015-07-21,Range,UpTrend,2015-07-21 11:30:00+08:00,2015-07-21 13:05:00+08:00,24,12.0,18.0,2015-07-21 13:35:00+08:00,True,77,oracle,
oracle_center_v2,000852.SH,2015-07-22,Range,DownTrend,2015-07-22 11:10:00+08:00,2015-07-22 11:15:00+08:00,20,8.0,14.0,2015-07-22 13:15:00+08:00,True,78,oracle,
oracle_center_v2,000852.SH,2015-07-23,Range,UpTrend,2015-07-23 11:15:00+08:00,2015-07-23 11:20:00+08:00,21,9.0,15.0,2015-07-23 13:20:00+08:00,True,79,oracle,
oracle_center_v2,000852.SH,2015-07-24,Range,UpTrend,2015-07-24 11:10:00+08:00,2015-07-24 11:15:00+08:00,20,8.0,14.0,2015-07-24 13:15:00+08:00,True,80,oracle,
oracle_center_v2,000852.SH,2015-07-24,UpTrend,Range,2015-07-24 13:05:00+08:00,2015-07-24 13:10:00+08:00,25,13.0,19.0,2015-07-24 13:40:00+08:00,True,81,oracle,
oracle_center_v2,000852.SH,2015-07-24,Range,Shock,2015-07-24 13:50:00+08:00,2015-07-24 13:55:00+08:00,34,22.0,28.0,2015-07-24 14:25:00+08:00,True,82,oracle,
oracle_center_v2,000852.SH,2015-07-27,DownTrend,Shock,2015-07-27 13:05:00+08:00,2015-07-27 13:10:00+08:00,25,13.0,19.0,2015-07-27 13:40:00+08:00,True,83,oracle,
oracle_center_v2,000852.SH,2015-08-11,Range,UpTrend,2015-08-11 13:25:00+08:00,2015-08-11 13:30:00+08:00,29,17.0,23.0,2015-08-11 14:00:00+08:00,True,84,oracle,
oracle_center_v2,000852.SH,2015-08-14,UpTrend,Range,2015-08-14 13:55:00+08:00,2015-08-14 14:00:00+08:00,35,23.0,29.0,2015-08-14 14:30:00+08:00,True,85,oracle,
oracle_center_v2,000852.SH,2015-08-17,Range,UpTrend,2015-08-17 11:05:00+08:00,2015-08-17 11:10:00+08:00,19,7.0,13.0,2015-08-17 13:10:00+08:00,True,86,oracle,
oracle_center_v2,000852.SH,2015-08-17,UpTrend,Range,2015-08-17 13:45:00+08:00,2015-08-17 13:50:00+08:00,33,21.0,27.0,2015-08-17 14:20:00+08:00,True,87,oracle,
oracle_center_v2,000852.SH,2015-08-20,UpTrend,Range,2015-08-20 13:40:00+08:00,2015-08-20 13:45:00+08:00,32,20.0,26.0,2015-08-20 14:15:00+08:00,True,88,oracle,
oracle_center_v2,000852.SH,2015-08-27,DownTrend,Shock,2015-08-27 13:55:00+08:00,2015-08-27 14:00:00+08:00,35,23.0,29.0,2015-08-27 14:30:00+08:00,True,89,oracle,
oracle_center_v2,000852.SH,2015-08-28,UpTrend,Range,2015-08-28 13:10:00+08:00,2015-08-28 13:15:00+08:00,26,14.0,20.0,2015-08-28 13:45:00+08:00,True,90,oracle,
oracle_center_v2,000852.SH,2015-08-28,Range,UpTrend,2015-08-28 13:50:00+08:00,2015-08-28 13:55:00+08:00,34,22.0,28.0,2015-08-28 14:25:00+08:00,True,91,oracle,
oracle_center_v2,000852.SH,2015-09-08,Range,DownTrend,2015-09-08 11:05:00+08:00,2015-09-08 11:10:00+08:00,19,7.0,13.0,2015-09-08 13:10:00+08:00,True,92,oracle,
oracle_center_v2,000852.SH,2015-09-14,DownTrend,Shock,2015-09-14 11:20:00+08:00,2015-09-14 11:25:00+08:00,22,10.0,16.0,2015-09-14 13:25:00+08:00,True,93,oracle,
oracle_center_v2,000852.SH,2015-09-14,Shock,DownTrend,2015-09-14 13:55:00+08:00,2015-09-14 14:00:00+08:00,35,23.0,29.0,2015-09-14 14:30:00+08:00,True,94,oracle,
oracle_center_v2,000852.SH,2015-09-16,Range,UpTrend,2015-09-16 13:55:00+08:00,2015-09-16 14:00:00+08:00,35,23.0,29.0,2015-09-16 14:30:00+08:00,True,95,oracle,
oracle_center_v2,000852.SH,2015-09-17,UpTrend,Range,2015-09-17 13:35:00+08:00,2015-09-17 13:40:00+08:00,31,19.0,25.0,2015-09-17 14:10:00+08:00,True,96,oracle,
oracle_center_v2,000852.SH,2015-09-21,UpTrend,Range,2015-09-21 13:40:00+08:00,2015-09-21 13:45:00+08:00,32,20.0,26.0,2015-09-21 14:15:00+08:00,True,97,oracle,
oracle_center_v2,000852.SH,2015-09-23,Range,UpTrend,2015-09-23 13:40:00+08:00,2015-09-23 13:45:00+08:00,32,20.0,26.0,2015-09-23 14:15:00+08:00,True,98,oracle,
oracle_center_v2,000852.SH,2015-09-24,DownTrend,Range,2015-09-24 13:10:00+08:00,2015-09-24 13:15:00+08:00,26,14.0,20.0,2015-09-24 13:45:00+08:00,True,99,oracle,
oracle_center_v2,000852.SH,2015-09-25,DownTrend,Shock,2015-09-25 10:50:00+08:00,2015-09-25 10:55:00+08:00,16,4.0,10.0,2015-09-25 11:25:00+08:00,True,100,oracle,
oracle_center_v2,000852.SH,2015-09-28,UpTrend,Range,2015-09-28 13:10:00+08:00,2015-09-28 13:15:00+08:00,26,14.0,20.0,2015-09-28 13:45:00+08:00,True,101,oracle,
oracle_center_v2,000852.SH,2015-09-30,Range,UpTrend,2015-09-30 11:20:00+08:00,2015-09-30 11:25:00+08:00,22,10.0,16.0,2015-09-30 13:25:00+08:00,True,102,oracle,
oracle_center_v2,000852.SH,2015-10-08,UpTrend,Range,2015-10-08 13:20:00+08:00,2015-10-08 13:25:00+08:00,28,16.0,22.0,2015-10-08 13:55:00+08:00,True,103,oracle,
oracle_center_v2,000852.SH,2015-10-12,UpTrend,Range,2015-10-12 13:55:00+08:00,2015-10-12 14:00:00+08:00,35,23.0,29.0,2015-10-12 14:30:00+08:00,True,104,oracle,
oracle_center_v2,000852.SH,2015-10-14,UpTrend,Range,2015-10-14 13:30:00+08:00,2015-10-14 13:35:00+08:00,30,18.0,24.0,2015-10-14 14:05:00+08:00,True,105,oracle,
oracle_center_v2,000852.SH,2015-10-16,Range,UpTrend,2015-10-16 13:35:00+08:00,2015-10-16 13:40:00+08:00,31,19.0,25.0,2015-10-16 14:10:00+08:00,True,106,oracle,
oracle_center_v2,000852.SH,2015-10-29,DownTrend,UpTrend,2015-10-29 11:20:00+08:00,2015-10-29 11:25:00+08:00,22,10.0,16.0,2015-10-29 13:25:00+08:00,True,107,oracle,
oracle_center_v2,000852.SH,2015-10-30,UpTrend,Range,2015-10-30 13:10:00+08:00,2015-10-30 13:15:00+08:00,26,14.0,20.0,2015-10-30 13:45:00+08:00,True,108,oracle,
oracle_center_v2,000852.SH,2015-11-10,DownTrend,Range,2015-11-10 13:30:00+08:00,2015-11-10 13:35:00+08:00,30,18.0,24.0,2015-11-10 14:05:00+08:00,True,109,oracle,
oracle_center_v2,000852.SH,2015-11-11,Range,UpTrend,2015-11-11 11:20:00+08:00,2015-11-11 11:25:00+08:00,22,10.0,16.0,2015-11-11 13:25:00+08:00,True,110,oracle,
oracle_center_v2,000852.SH,2015-11-11,UpTrend,Range,2015-11-11 13:15:00+08:00,2015-11-11 13:20:00+08:00,27,15.0,21.0,2015-11-11 13:50:00+08:00,True,111,oracle,
oracle_center_v2,000852.SH,2015-11-17,Range,Shock,2015-11-17 13:55:00+08:00,2015-11-17 14:00:00+08:00,35,23.0,29.0,2015-11-17 14:30:00+08:00,True,112,oracle,
oracle_center_v2,000852.SH,2015-11-18,UpTrend,DownTrend,2015-11-18 11:30:00+08:00,2015-11-18 13:05:00+08:00,24,12.0,18.0,2015-11-18 13:35:00+08:00,True,113,oracle,
oracle_center_v2,000852.SH,2015-11-18,DownTrend,Range,2015-11-18 13:50:00+08:00,2015-11-18 13:55:00+08:00,34,22.0,28.0,2015-11-18 14:25:00+08:00,True,114,oracle,
oracle_center_v2,000852.SH,2015-11-24,UpTrend,Range,2015-11-24 13:55:00+08:00,2015-11-24 14:00:00+08:00,35,23.0,29.0,2015-11-24 14:30:00+08:00,True,115,oracle,
oracle_center_v2,000852.SH,2015-11-25,UpTrend,Range,2015-11-25 13:55:00+08:00,2015-11-25 14:00:00+08:00,35,23.0,29.0,2015-11-25 14:30:00+08:00,True,116,oracle,
oracle_center_v2,000852.SH,2015-11-27,DownTrend,Shock,2015-11-27 11:30:00+08:00,2015-11-27 13:05:00+08:00,24,12.0,18.0,2015-11-27 13:35:00+08:00,True,117,oracle,
oracle_center_v2,000852.SH,2015-12-04,Range,DownTrend,2015-12-04 13:45:00+08:00,2015-12-04 13:50:00+08:00,33,21.0,27.0,2015-12-04 14:20:00+08:00,True,118,oracle,
oracle_center_v2,000852.SH,2015-12-08,Range,DownTrend,2015-12-08 13:55:00+08:00,2015-12-08 14:00:00+08:00,35,23.0,29.0,2015-12-08 14:30:00+08:00,True,119,oracle,
oracle_center_v2,000852.SH,2015-12-11,DownTrend,Range,2015-12-11 13:55:00+08:00,2015-12-11 14:00:00+08:00,35,23.0,29.0,2015-12-11 14:30:00+08:00,True,120,oracle,
oracle_center_v2,000852.SH,2015-12-21,Range,UpTrend,2015-12-21 11:10:00+08:00,2015-12-21 11:15:00+08:00,20,8.0,14.0,2015-12-21 13:15:00+08:00,True,121,oracle,
oracle_center_v2,000852.SH,2015-12-28,Range,Shock,2015-12-28 13:05:00+08:00,2015-12-28 13:10:00+08:00,25,13.0,19.0,2015-12-28 13:40:00+08:00,True,122,oracle,
oracle_center_v2,000852.SH,2016-01-06,Shock,Range,2016-01-06 11:15:00+08:00,2016-01-06 11:20:00+08:00,21,9.0,15.0,2016-01-06 13:20:00+08:00,True,123,oracle,
oracle_center_v2,000852.SH,2016-01-06,Range,UpTrend,2016-01-06 13:15:00+08:00,2016-01-06 13:20:00+08:00,27,15.0,21.0,2016-01-06 13:50:00+08:00,True,124,oracle,
oracle_center_v2,000852.SH,2016-01-08,Shock,UpTrend,2016-01-08 11:25:00+08:00,2016-01-08 11:30:00+08:00,23,11.0,17.0,2016-01-08 13:30:00+08:00,True,125,oracle,
oracle_center_v2,000852.SH,2016-01-08,UpTrend,Range,2016-01-08 13:25:00+08:00,2016-01-08 13:30:00+08:00,29,17.0,23.0,2016-01-08 14:00:00+08:00,True,126,oracle,
oracle_center_v2,000852.SH,2016-01-12,Range,UpTrend,2016-01-12 13:15:00+08:00,2016-01-12 13:20:00+08:00,27,15.0,21.0,2016-01-12 13:50:00+08:00,True,127,oracle,
oracle_center_v2,000852.SH,2016-01-14,Range,UpTrend,2016-01-14 11:20:00+08:00,2016-01-14 11:25:00+08:00,22,10.0,16.0,2016-01-14 13:25:00+08:00,True,128,oracle,
oracle_center_v2,000852.SH,2016-01-15,Range,Shock,2016-01-15 11:30:00+08:00,2016-01-15 13:05:00+08:00,24,12.0,18.0,2016-01-15 13:35:00+08:00,True,129,oracle,
oracle_center_v2,000852.SH,2016-01-18,Range,UpTrend,2016-01-18 11:15:00+08:00,2016-01-18 11:20:00+08:00,21,9.0,15.0,2016-01-18 13:20:00+08:00,True,130,oracle,
oracle_center_v2,000852.SH,2016-01-19,Range,UpTrend,2016-01-19 11:00:00+08:00,2016-01-19 11:05:00+08:00,18,6.0,12.0,2016-01-19 13:05:00+08:00,True,131,oracle,
oracle_center_v2,000852.SH,2016-01-25,Range,DownTrend,2016-01-25 13:55:00+08:00,2016-01-25 14:00:00+08:00,35,23.0,29.0,2016-01-25 14:30:00+08:00,True,132,oracle,
oracle_center_v2,000852.SH,2016-01-26,Range,DownTrend,2016-01-26 11:25:00+08:00,2016-01-26 11:30:00+08:00,23,11.0,17.0,2016-01-26 13:30:00+08:00,True,133,oracle,
oracle_center_v2,000852.SH,2016-01-26,DownTrend,Shock,2016-01-26 13:20:00+08:00,2016-01-26 13:25:00+08:00,28,16.0,22.0,2016-01-26 13:55:00+08:00,True,134,oracle,
oracle_center_v2,000852.SH,2016-01-26,Shock,Range,2016-01-26 13:35:00+08:00,2016-01-26 13:40:00+08:00,31,19.0,25.0,2016-01-26 14:10:00+08:00,True,135,oracle,
oracle_center_v2,000852.SH,2016-01-26,Range,Shock,2016-01-26 13:55:00+08:00,2016-01-26 14:00:00+08:00,35,23.0,29.0,2016-01-26 14:30:00+08:00,True,136,oracle,
oracle_center_v2,000852.SH,2016-01-28,Range,DownTrend,2016-01-28 13:10:00+08:00,2016-01-28 13:15:00+08:00,26,14.0,20.0,2016-01-28 13:45:00+08:00,True,137,oracle,
oracle_center_v2,000852.SH,2016-02-03,Range,DownTrend,2016-02-03 13:15:00+08:00,2016-02-03 13:20:00+08:00,27,15.0,21.0,2016-02-03 13:50:00+08:00,True,138,oracle,
oracle_center_v2,000852.SH,2016-02-17,Range,UpTrend,2016-02-17 13:30:00+08:00,2016-02-17 13:35:00+08:00,30,18.0,24.0,2016-02-17 14:05:00+08:00,True,139,oracle,
oracle_center_v2,000852.SH,2016-02-24,DownTrend,Shock,2016-02-24 13:40:00+08:00,2016-02-24 13:45:00+08:00,32,20.0,26.0,2016-02-24 14:15:00+08:00,True,140,oracle,
oracle_center_v2,000852.SH,2016-02-26,DownTrend,Shock,2016-02-26 11:25:00+08:00,2016-02-26 11:30:00+08:00,23,11.0,17.0,2016-02-26 13:30:00+08:00,True,141,oracle,
oracle_center_v2,000852.SH,2016-02-29,Shock,Range,2016-02-29 11:25:00+08:00,2016-02-29 11:30:00+08:00,23,11.0,17.0,2016-02-29 13:30:00+08:00,True,142,oracle,
oracle_center_v2,000852.SH,2016-02-29,Range,DownTrend,2016-02-29 13:05:00+08:00,2016-02-29 13:10:00+08:00,25,13.0,19.0,2016-02-29 13:40:00+08:00,True,143,oracle,
oracle_center_v2,000852.SH,2016-03-01,DownTrend,Shock,2016-03-01 13:30:00+08:00,2016-03-01 13:35:00+08:00,30,18.0,24.0,2016-03-01 14:05:00+08:00,True,144,oracle,
oracle_center_v2,000852.SH,2016-03-04,Range,DownTrend,2016-03-04 10:50:00+08:00,2016-03-04 10:55:00+08:00,16,4.0,10.0,2016-03-04 11:25:00+08:00,True,145,oracle,
oracle_center_v2,000852.SH,2016-03-04,DownTrend,Shock,2016-03-04 11:00:00+08:00,2016-03-04 11:05:00+08:00,18,6.0,12.0,2016-03-04 13:05:00+08:00,True,146,oracle,
oracle_center_v2,000852.SH,2016-03-04,Shock,Range,2016-03-04 13:55:00+08:00,2016-03-04 14:00:00+08:00,35,23.0,29.0,2016-03-04 14:30:00+08:00,True,147,oracle,
oracle_center_v2,000852.SH,2016-03-11,Range,UpTrend,2016-03-11 11:15:00+08:00,2016-03-11 11:20:00+08:00,21,9.0,15.0,2016-03-11 13:20:00+08:00,True,148,oracle,
oracle_center_v2,000852.SH,2016-03-11,UpTrend,Range,2016-03-11 13:25:00+08:00,2016-03-11 13:30:00+08:00,29,17.0,23.0,2016-03-11 14:00:00+08:00,True,149,oracle,
oracle_center_v2,000852.SH,2016-03-16,DownTrend,UpTrend,2016-03-16 13:15:00+08:00,2016-03-16 13:20:00+08:00,27,15.0,21.0,2016-03-16 13:50:00+08:00,True,150,oracle,
oracle_center_v2,000852.SH,2016-03-18,UpTrend,Range,2016-03-18 13:45:00+08:00,2016-03-18 13:50:00+08:00,33,21.0,27.0,2016-03-18 14:20:00+08:00,True,151,oracle,
oracle_center_v2,000852.SH,2016-04-01,DownTrend,Range,2016-04-01 13:10:00+08:00,2016-04-01 13:15:00+08:00,26,14.0,20.0,2016-04-01 13:45:00+08:00,True,152,oracle,
oracle_center_v2,000852.SH,2016-04-05,UpTrend,Range,2016-04-05 13:40:00+08:00,2016-04-05 13:45:00+08:00,32,20.0,26.0,2016-04-05 14:15:00+08:00,True,153,oracle,
oracle_center_v2,000852.SH,2016-04-06,UpTrend,Range,2016-04-06 13:40:00+08:00,2016-04-06 13:45:00+08:00,32,20.0,26.0,2016-04-06 14:15:00+08:00,True,154,oracle,
oracle_center_v2,000852.SH,2016-04-13,UpTrend,Range,2016-04-13 13:35:00+08:00,2016-04-13 13:40:00+08:00,31,19.0,25.0,2016-04-13 14:10:00+08:00,True,155,oracle,
oracle_center_v2,000852.SH,2016-04-15,Range,UpTrend,2016-04-15 13:15:00+08:00,2016-04-15 13:20:00+08:00,27,15.0,21.0,2016-04-15 13:50:00+08:00,True,156,oracle,
oracle_center_v2,000852.SH,2016-04-21,Range,Shock,2016-04-21 13:55:00+08:00,2016-04-21 14:00:00+08:00,35,23.0,29.0,2016-04-21 14:30:00+08:00,True,157,oracle,
oracle_center_v2,000852.SH,2016-04-25,UpTrend,Range,2016-04-25 13:55:00+08:00,2016-04-25 14:00:00+08:00,35,23.0,29.0,2016-04-25 14:30:00+08:00,True,158,oracle,
oracle_center_v2,000852.SH,2016-05-06,Shock,DownTrend,2016-05-06 13:20:00+08:00,2016-05-06 13:25:00+08:00,28,16.0,22.0,2016-05-06 13:55:00+08:00,True,159,oracle,
oracle_center_v2,000852.SH,2016-05-11,UpTrend,Range,2016-05-11 13:10:00+08:00,2016-05-11 13:15:00+08:00,26,14.0,20.0,2016-05-11 13:45:00+08:00,True,160,oracle,
oracle_center_v2,000852.SH,2016-05-18,Range,Shock,2016-05-18 13:55:00+08:00,2016-05-18 14:00:00+08:00,35,23.0,29.0,2016-05-18 14:30:00+08:00,True,161,oracle,
oracle_center_v2,000852.SH,2016-05-26,UpTrend,Shock,2016-05-26 13:55:00+08:00,2016-05-26 14:00:00+08:00,35,23.0,29.0,2016-05-26 14:30:00+08:00,True,162,oracle,
oracle_center_v2,000852.SH,2016-05-31,Range,UpTrend,2016-05-31 11:15:00+08:00,2016-05-31 11:20:00+08:00,21,9.0,15.0,2016-05-31 13:20:00+08:00,True,163,oracle,
oracle_center_v2,000852.SH,2016-06-08,Range,UpTrend,2016-06-08 11:15:00+08:00,2016-06-08 11:20:00+08:00,21,9.0,15.0,2016-06-08 13:20:00+08:00,True,164,oracle,
oracle_center_v2,000852.SH,2016-06-13,DownTrend,Shock,2016-06-13 13:25:00+08:00,2016-06-13 13:30:00+08:00,29,17.0,23.0,2016-06-13 14:00:00+08:00,True,165,oracle,
oracle_center_v2,000852.SH,2016-06-14,Shock,DownTrend,2016-06-14 11:00:00+08:00,2016-06-14 11:05:00+08:00,18,6.0,12.0,2016-06-14 13:05:00+08:00,True,166,oracle,
oracle_center_v2,000852.SH,2016-06-14,DownTrend,Shock,2016-06-14 11:15:00+08:00,2016-06-14 11:20:00+08:00,21,9.0,15.0,2016-06-14 13:20:00+08:00,True,167,oracle,
oracle_center_v2,000852.SH,2016-06-15,Shock,UpTrend,2016-06-15 10:45:00+08:00,2016-06-15 10:50:00+08:00,15,3.0,9.0,2016-06-15 11:20:00+08:00,True,168,oracle,
oracle_center_v2,000852.SH,2016-06-17,Range,DownTrend,2016-06-17 13:10:00+08:00,2016-06-17 13:15:00+08:00,26,14.0,20.0,2016-06-17 13:45:00+08:00,True,169,oracle,
oracle_center_v2,000852.SH,2016-06-22,Range,UpTrend,2016-06-22 13:45:00+08:00,2016-06-22 13:50:00+08:00,33,21.0,27.0,2016-06-22 14:20:00+08:00,True,170,oracle,
oracle_center_v2,000852.SH,2016-06-28,Range,UpTrend,2016-06-28 11:15:00+08:00,2016-06-28 11:20:00+08:00,21,9.0,15.0,2016-06-28 13:20:00+08:00,True,171,oracle,
oracle_center_v2,000852.SH,2016-06-28,UpTrend,Range,2016-06-28 13:25:00+08:00,2016-06-28 13:30:00+08:00,29,17.0,23.0,2016-06-28 14:00:00+08:00,True,172,oracle,
oracle_center_v2,000852.SH,2016-06-29,UpTrend,Range,2016-06-29 13:35:00+08:00,2016-06-29 13:40:00+08:00,31,19.0,25.0,2016-06-29 14:10:00+08:00,True,173,oracle,
oracle_center_v2,000852.SH,2016-06-30,DownTrend,UpTrend,2016-06-30 13:20:00+08:00,2016-06-30 13:25:00+08:00,28,16.0,22.0,2016-06-30 13:55:00+08:00,True,174,oracle,
oracle_center_v2,000852.SH,2016-07-05,DownTrend,UpTrend,2016-07-05 11:30:00+08:00,2016-07-05 13:05:00+08:00,24,12.0,18.0,2016-07-05 13:35:00+08:00,True,175,oracle,
oracle_center_v2,000852.SH,2016-07-12,Shock,UpTrend,2016-07-12 13:30:00+08:00,2016-07-12 13:35:00+08:00,30,18.0,24.0,2016-07-12 14:05:00+08:00,True,176,oracle,
oracle_center_v2,000852.SH,2016-07-21,UpTrend,Range,2016-07-21 13:20:00+08:00,2016-07-21 13:25:00+08:00,28,16.0,22.0,2016-07-21 13:55:00+08:00,True,177,oracle,
oracle_center_v2,000852.SH,2016-07-25,UpTrend,DownTrend,2016-07-25 13:10:00+08:00,2016-07-25 13:15:00+08:00,26,14.0,20.0,2016-07-25 13:45:00+08:00,True,178,oracle,
oracle_center_v2,000852.SH,2016-07-27,DownTrend,Shock,2016-07-27 10:45:00+08:00,2016-07-27 10:50:00+08:00,15,3.0,9.0,2016-07-27 11:20:00+08:00,True,179,oracle,
oracle_center_v2,000852.SH,2016-08-02,DownTrend,UpTrend,2016-08-02 13:50:00+08:00,2016-08-02 13:55:00+08:00,34,22.0,28.0,2016-08-02 14:25:00+08:00,True,180,oracle,
oracle_center_v2,000852.SH,2016-08-03,Range,DownTrend,2016-08-03 13:30:00+08:00,2016-08-03 13:35:00+08:00,30,18.0,24.0,2016-08-03 14:05:00+08:00,True,181,oracle,
oracle_center_v2,000852.SH,2016-08-04,UpTrend,Range,2016-08-04 13:55:00+08:00,2016-08-04 14:00:00+08:00,35,23.0,29.0,2016-08-04 14:30:00+08:00,True,182,oracle,
oracle_center_v2,000852.SH,2016-08-09,UpTrend,Range,2016-08-09 13:35:00+08:00,2016-08-09 13:40:00+08:00,31,19.0,25.0,2016-08-09 14:10:00+08:00,True,183,oracle,
oracle_center_v2,000852.SH,2016-08-12,DownTrend,UpTrend,2016-08-12 13:55:00+08:00,2016-08-12 14:00:00+08:00,35,23.0,29.0,2016-08-12 14:30:00+08:00,True,184,oracle,
oracle_center_v2,000852.SH,2016-08-17,UpTrend,Range,2016-08-17 13:45:00+08:00,2016-08-17 13:50:00+08:00,33,21.0,27.0,2016-08-17 14:20:00+08:00,True,185,oracle,
oracle_center_v2,000852.SH,2016-08-22,Shock,Range,2016-08-22 13:05:00+08:00,2016-08-22 13:10:00+08:00,25,13.0,19.0,2016-08-22 13:40:00+08:00,True,186,oracle,
oracle_center_v2,000852.SH,2016-08-24,Range,UpTrend,2016-08-24 11:30:00+08:00,2016-08-24 13:05:00+08:00,24,12.0,18.0,2016-08-24 13:35:00+08:00,True,187,oracle,
oracle_center_v2,000852.SH,2016-08-31,UpTrend,Range,2016-08-31 13:15:00+08:00,2016-08-31 13:20:00+08:00,27,15.0,21.0,2016-08-31 13:50:00+08:00,True,188,oracle,
oracle_center_v2,000852.SH,2016-09-06,UpTrend,Shock,2016-09-06 13:35:00+08:00,2016-09-06 13:40:00+08:00,31,19.0,25.0,2016-09-06 14:10:00+08:00,True,189,oracle,
oracle_center_v2,000852.SH,2016-09-12,DownTrend,Shock,2016-09-12 11:20:00+08:00,2016-09-12 11:25:00+08:00,22,10.0,16.0,2016-09-12 13:25:00+08:00,True,190,oracle,
oracle_center_v2,000852.SH,2016-09-19,UpTrend,DownTrend,2016-09-19 13:30:00+08:00,2016-09-19 13:35:00+08:00,30,18.0,24.0,2016-09-19 14:05:00+08:00,True,191,oracle,
oracle_center_v2,000852.SH,2016-09-22,Range,DownTrend,2016-09-22 13:50:00+08:00,2016-09-22 13:55:00+08:00,34,22.0,28.0,2016-09-22 14:25:00+08:00,True,192,oracle,
oracle_center_v2,000852.SH,2016-09-23,DownTrend,Range,2016-09-23 13:40:00+08:00,2016-09-23 13:45:00+08:00,32,20.0,26.0,2016-09-23 14:15:00+08:00,True,193,oracle,
oracle_center_v2,000852.SH,2016-09-30,DownTrend,UpTrend,2016-09-30 11:15:00+08:00,2016-09-30 11:20:00+08:00,21,9.0,15.0,2016-09-30 13:20:00+08:00,True,194,oracle,
oracle_center_v2,000852.SH,2016-10-14,DownTrend,UpTrend,2016-10-14 13:25:00+08:00,2016-10-14 13:30:00+08:00,29,17.0,23.0,2016-10-14 14:00:00+08:00,True,195,oracle,
oracle_center_v2,000852.SH,2016-10-17,UpTrend,DownTrend,2016-10-17 13:35:00+08:00,2016-10-17 13:40:00+08:00,31,19.0,25.0,2016-10-17 14:10:00+08:00,True,196,oracle,
oracle_center_v2,000852.SH,2016-10-17,DownTrend,Shock,2016-10-17 13:45:00+08:00,2016-10-17 13:50:00+08:00,33,21.0,27.0,2016-10-17 14:20:00+08:00,True,197,oracle,
oracle_center_v2,000852.SH,2016-10-21,Shock,UpTrend,2016-10-21 13:25:00+08:00,2016-10-21 13:30:00+08:00,29,17.0,23.0,2016-10-21 14:00:00+08:00,True,198,oracle,
oracle_center_v2,000852.SH,2016-10-21,UpTrend,Shock,2016-10-21 13:35:00+08:00,2016-10-21 13:40:00+08:00,31,19.0,25.0,2016-10-21 14:10:00+08:00,True,199,oracle,
oracle_center_v2,000852.SH,2016-10-21,Shock,UpTrend,2016-10-21 13:50:00+08:00,2016-10-21 13:55:00+08:00,34,22.0,28.0,2016-10-21 14:25:00+08:00,True,200,oracle,
oracle_center_v2,000852.SH,2016-10-26,Shock,Range,2016-10-26 13:30:00+08:00,2016-10-26 13:35:00+08:00,30,18.0,24.0,2016-10-26 14:05:00+08:00,True,201,oracle,
oracle_center_v2,000852.SH,2016-10-26,Range,Shock,2016-10-26 13:50:00+08:00,2016-10-26 13:55:00+08:00,34,22.0,28.0,2016-10-26 14:25:00+08:00,True,202,oracle,
oracle_center_v2,000852.SH,2016-10-28,Shock,Range,2016-10-28 11:20:00+08:00,2016-10-28 11:25:00+08:00,22,10.0,16.0,2016-10-28 13:25:00+08:00,True,203,oracle,
oracle_center_v2,000852.SH,2016-11-03,Shock,UpTrend,2016-11-03 11:10:00+08:00,2016-11-03 11:15:00+08:00,20,8.0,14.0,2016-11-03 13:15:00+08:00,True,204,oracle,
oracle_center_v2,000852.SH,2016-11-03,UpTrend,DownTrend,2016-11-03 13:40:00+08:00,2016-11-03 13:45:00+08:00,32,20.0,26.0,2016-11-03 14:15:00+08:00,True,205,oracle,
oracle_center_v2,000852.SH,2016-11-07,Range,DownTrend,2016-11-07 13:35:00+08:00,2016-11-07 13:40:00+08:00,31,19.0,25.0,2016-11-07 14:10:00+08:00,True,206,oracle,
oracle_center_v2,000852.SH,2016-11-08,Range,UpTrend,2016-11-08 11:05:00+08:00,2016-11-08 11:10:00+08:00,19,7.0,13.0,2016-11-08 13:10:00+08:00,True,207,oracle,
oracle_center_v2,000852.SH,2016-11-10,UpTrend,Range,2016-11-10 13:40:00+08:00,2016-11-10 13:45:00+08:00,32,20.0,26.0,2016-11-10 14:15:00+08:00,True,208,oracle,
oracle_center_v2,000852.SH,2016-11-23,UpTrend,Shock,2016-11-23 13:35:00+08:00,2016-11-23 13:40:00+08:00,31,19.0,25.0,2016-11-23 14:10:00+08:00,True,209,oracle,
oracle_center_v2,000852.SH,2016-11-25,Shock,UpTrend,2016-11-25 11:10:00+08:00,2016-11-25 11:15:00+08:00,20,8.0,14.0,2016-11-25 13:15:00+08:00,True,210,oracle,
oracle_center_v2,000852.SH,2016-11-30,Range,DownTrend,2016-11-30 13:05:00+08:00,2016-11-30 13:10:00+08:00,25,13.0,19.0,2016-11-30 13:40:00+08:00,True,211,oracle,
oracle_center_v2,000852.SH,2016-12-05,Shock,Range,2016-12-05 13:05:00+08:00,2016-12-05 13:10:00+08:00,25,13.0,19.0,2016-12-05 13:40:00+08:00,True,212,oracle,
oracle_center_v2,000852.SH,2016-12-07,UpTrend,Range,2016-12-07 13:55:00+08:00,2016-12-07 14:00:00+08:00,35,23.0,29.0,2016-12-07 14:30:00+08:00,True,213,oracle,
oracle_center_v2,000852.SH,2016-12-09,UpTrend,Range,2016-12-09 13:20:00+08:00,2016-12-09 13:25:00+08:00,28,16.0,22.0,2016-12-09 13:55:00+08:00,True,214,oracle,
oracle_center_v2,000852.SH,2016-12-09,Range,DownTrend,2016-12-09 13:40:00+08:00,2016-12-09 13:45:00+08:00,32,20.0,26.0,2016-12-09 14:15:00+08:00,True,215,oracle,
oracle_center_v2,000852.SH,2016-12-15,UpTrend,DownTrend,2016-12-15 13:15:00+08:00,2016-12-15 13:20:00+08:00,27,15.0,21.0,2016-12-15 13:50:00+08:00,True,216,oracle,
oracle_center_v2,000852.SH,2016-12-16,DownTrend,UpTrend,2016-12-16 13:25:00+08:00,2016-12-16 13:30:00+08:00,29,17.0,23.0,2016-12-16 14:00:00+08:00,True,217,oracle,
oracle_center_v2,000852.SH,2016-12-20,UpTrend,DownTrend,2016-12-20 13:20:00+08:00,2016-12-20 13:25:00+08:00,28,16.0,22.0,2016-12-20 13:55:00+08:00,True,218,oracle,
oracle_center_v2,000852.SH,2016-12-21,DownTrend,Range,2016-12-21 11:25:00+08:00,2016-12-21 11:30:00+08:00,23,11.0,17.0,2016-12-21 13:30:00+08:00,True,219,oracle,
oracle_center_v2,000852.SH,2016-12-29,UpTrend,DownTrend,2016-12-29 13:30:00+08:00,2016-12-29 13:35:00+08:00,30,18.0,24.0,2016-12-29 14:05:00+08:00,True,220,oracle,
oracle_center_v2,000852.SH,2017-01-09,UpTrend,Range,2017-01-09 13:45:00+08:00,2017-01-09 13:50:00+08:00,33,21.0,27.0,2017-01-09 14:20:00+08:00,True,221,oracle,
oracle_center_v2,000852.SH,2017-01-10,UpTrend,DownTrend,2017-01-10 11:30:00+08:00,2017-01-10 13:05:00+08:00,24,12.0,18.0,2017-01-10 13:35:00+08:00,True,222,oracle,
oracle_center_v2,000852.SH,2017-01-12,UpTrend,DownTrend,2017-01-12 13:05:00+08:00,2017-01-12 13:10:00+08:00,25,13.0,19.0,2017-01-12 13:40:00+08:00,True,223,oracle,
oracle_center_v2,000852.SH,2017-01-12,DownTrend,Shock,2017-01-12 13:30:00+08:00,2017-01-12 13:35:00+08:00,30,18.0,24.0,2017-01-12 14:05:00+08:00,True,224,oracle,
oracle_center_v2,000852.SH,2017-01-13,Shock,UpTrend,2017-01-13 11:10:00+08:00,2017-01-13 11:15:00+08:00,20,8.0,14.0,2017-01-13 13:15:00+08:00,True,225,oracle,
oracle_center_v2,000852.SH,2017-01-13,UpTrend,DownTrend,2017-01-13 11:30:00+08:00,2017-01-13 13:05:00+08:00,24,12.0,18.0,2017-01-13 13:35:00+08:00,True,226,oracle,
oracle_center_v2,000852.SH,2017-01-13,DownTrend,Shock,2017-01-13 13:50:00+08:00,2017-01-13 13:55:00+08:00,34,22.0,28.0,2017-01-13 14:25:00+08:00,True,227,oracle,
oracle_center_v2,000852.SH,2017-01-17,Shock,DownTrend,2017-01-17 11:00:00+08:00,2017-01-17 11:05:00+08:00,18,6.0,12.0,2017-01-17 13:05:00+08:00,True,228,oracle,
oracle_center_v2,000852.SH,2017-01-17,DownTrend,Shock,2017-01-17 11:10:00+08:00,2017-01-17 11:15:00+08:00,20,8.0,14.0,2017-01-17 13:15:00+08:00,True,229,oracle,
oracle_center_v2,000852.SH,2017-01-18,UpTrend,Range,2017-01-18 13:25:00+08:00,2017-01-18 13:30:00+08:00,29,17.0,23.0,2017-01-18 14:00:00+08:00,True,230,oracle,
oracle_center_v2,000852.SH,2017-01-19,UpTrend,DownTrend,2017-01-19 11:30:00+08:00,2017-01-19 13:05:00+08:00,24,12.0,18.0,2017-01-19 13:35:00+08:00,True,231,oracle,
oracle_center_v2,000852.SH,2017-01-19,DownTrend,Range,2017-01-19 13:40:00+08:00,2017-01-19 13:45:00+08:00,32,20.0,26.0,2017-01-19 14:15:00+08:00,True,232,oracle,
oracle_center_v2,000852.SH,2017-01-24,DownTrend,UpTrend,2017-01-24 11:30:00+08:00,2017-01-24 13:05:00+08:00,24,12.0,18.0,2017-01-24 13:35:00+08:00,True,233,oracle,
oracle_center_v2,000852.SH,2017-01-25,UpTrend,DownTrend,2017-01-25 11:30:00+08:00,2017-01-25 13:05:00+08:00,24,12.0,18.0,2017-01-25 13:35:00+08:00,True,234,oracle,
oracle_center_v2,000852.SH,2017-01-26,Range,UpTrend,2017-01-26 13:10:00+08:00,2017-01-26 13:15:00+08:00,26,14.0,20.0,2017-01-26 13:45:00+08:00,True,235,oracle,
oracle_center_v2,000852.SH,2017-02-06,UpTrend,Range,2017-02-06 13:05:00+08:00,2017-02-06 13:10:00+08:00,25,13.0,19.0,2017-02-06 13:40:00+08:00,True,236,oracle,
oracle_center_v2,000852.SH,2017-02-07,DownTrend,Range,2017-02-07 13:30:00+08:00,2017-02-07 13:35:00+08:00,30,18.0,24.0,2017-02-07 14:05:00+08:00,True,237,oracle,
oracle_center_v2,000852.SH,2017-02-07,Range,UpTrend,2017-02-07 13:55:00+08:00,2017-02-07 14:00:00+08:00,35,23.0,29.0,2017-02-07 14:30:00+08:00,True,238,oracle,
oracle_center_v2,000852.SH,2017-02-15,UpTrend,DownTrend,2017-02-15 13:45:00+08:00,2017-02-15 13:50:00+08:00,33,21.0,27.0,2017-02-15 14:20:00+08:00,True,239,oracle,
oracle_center_v2,000852.SH,2017-02-22,DownTrend,UpTrend,2017-02-22 13:10:00+08:00,2017-02-22 13:15:00+08:00,26,14.0,20.0,2017-02-22 13:45:00+08:00,True,240,oracle,
oracle_center_v2,000852.SH,2017-02-22,UpTrend,Range,2017-02-22 13:45:00+08:00,2017-02-22 13:50:00+08:00,33,21.0,27.0,2017-02-22 14:20:00+08:00,True,241,oracle,
oracle_center_v2,000852.SH,2017-02-23,UpTrend,Shock,2017-02-23 13:35:00+08:00,2017-02-23 13:40:00+08:00,31,19.0,25.0,2017-02-23 14:10:00+08:00,True,242,oracle,
oracle_center_v2,000852.SH,2017-02-28,UpTrend,DownTrend,2017-02-28 13:30:00+08:00,2017-02-28 13:35:00+08:00,30,18.0,24.0,2017-02-28 14:05:00+08:00,True,243,oracle,
oracle_center_v2,000852.SH,2017-03-02,UpTrend,DownTrend,2017-03-02 13:45:00+08:00,2017-03-02 13:50:00+08:00,33,21.0,27.0,2017-03-02 14:20:00+08:00,True,244,oracle,
oracle_center_v2,000852.SH,2017-03-07,DownTrend,Range,2017-03-07 11:30:00+08:00,2017-03-07 13:05:00+08:00,24,12.0,18.0,2017-03-07 13:35:00+08:00,True,245,oracle,
oracle_center_v2,000852.SH,2017-03-07,Range,UpTrend,2017-03-07 13:35:00+08:00,2017-03-07 13:40:00+08:00,31,19.0,25.0,2017-03-07 14:10:00+08:00,True,246,oracle,
oracle_center_v2,000852.SH,2017-03-08,UpTrend,DownTrend,2017-03-08 13:15:00+08:00,2017-03-08 13:20:00+08:00,27,15.0,21.0,2017-03-08 13:50:00+08:00,True,247,oracle,
oracle_center_v2,000852.SH,2017-03-15,UpTrend,DownTrend,2017-03-15 13:05:00+08:00,2017-03-15 13:10:00+08:00,25,13.0,19.0,2017-03-15 13:40:00+08:00,True,248,oracle,
oracle_center_v2,000852.SH,2017-03-15,DownTrend,Shock,2017-03-15 13:50:00+08:00,2017-03-15 13:55:00+08:00,34,22.0,28.0,2017-03-15 14:25:00+08:00,True,249,oracle,
oracle_center_v2,000852.SH,2017-03-17,DownTrend,Shock,2017-03-17 13:45:00+08:00,2017-03-17 13:50:00+08:00,33,21.0,27.0,2017-03-17 14:20:00+08:00,True,250,oracle,
oracle_center_v2,000852.SH,2017-03-20,Range,DownTrend,2017-03-20 11:20:00+08:00,2017-03-20 11:25:00+08:00,22,10.0,16.0,2017-03-20 13:25:00+08:00,True,251,oracle,
oracle_center_v2,000852.SH,2017-03-20,DownTrend,Shock,2017-03-20 13:35:00+08:00,2017-03-20 13:40:00+08:00,31,19.0,25.0,2017-03-20 14:10:00+08:00,True,252,oracle,
oracle_center_v2,000852.SH,2017-03-21,UpTrend,DownTrend,2017-03-21 13:40:00+08:00,2017-03-21 13:45:00+08:00,32,20.0,26.0,2017-03-21 14:15:00+08:00,True,253,oracle,
oracle_center_v2,000852.SH,2017-03-22,Shock,UpTrend,2017-03-22 13:05:00+08:00,2017-03-22 13:10:00+08:00,25,13.0,19.0,2017-03-22 13:40:00+08:00,True,254,oracle,
oracle_center_v2,000852.SH,2017-03-23,DownTrend,Shock,2017-03-23 11:25:00+08:00,2017-03-23 11:30:00+08:00,23,11.0,17.0,2017-03-23 13:30:00+08:00,True,255,oracle,
oracle_center_v2,000852.SH,2017-03-24,DownTrend,UpTrend,2017-03-24 13:25:00+08:00,2017-03-24 13:30:00+08:00,29,17.0,23.0,2017-03-24 14:00:00+08:00,True,256,oracle,
oracle_center_v2,000852.SH,2017-03-29,Shock,UpTrend,2017-03-29 11:05:00+08:00,2017-03-29 11:10:00+08:00,19,7.0,13.0,2017-03-29 13:10:00+08:00,True,257,oracle,
oracle_center_v2,000852.SH,2017-04-10,Range,DownTrend,2017-04-10 11:20:00+08:00,2017-04-10 11:25:00+08:00,22,10.0,16.0,2017-04-10 13:25:00+08:00,True,258,oracle,
oracle_center_v2,000852.SH,2017-04-13,UpTrend,DownTrend,2017-04-13 13:35:00+08:00,2017-04-13 13:40:00+08:00,31,19.0,25.0,2017-04-13 14:10:00+08:00,True,259,oracle,
oracle_center_v2,000852.SH,2017-04-17,DownTrend,Shock,2017-04-17 13:05:00+08:00,2017-04-17 13:10:00+08:00,25,13.0,19.0,2017-04-17 13:40:00+08:00,True,260,oracle,
oracle_center_v2,000852.SH,2017-04-19,Shock,Range,2017-04-19 13:25:00+08:00,2017-04-19 13:30:00+08:00,29,17.0,23.0,2017-04-19 14:00:00+08:00,True,261,oracle,
oracle_center_v2,000852.SH,2017-04-19,Range,Shock,2017-04-19 13:55:00+08:00,2017-04-19 14:00:00+08:00,35,23.0,29.0,2017-04-19 14:30:00+08:00,True,262,oracle,
oracle_center_v2,000852.SH,2017-04-20,DownTrend,Shock,2017-04-20 13:35:00+08:00,2017-04-20 13:40:00+08:00,31,19.0,25.0,2017-04-20 14:10:00+08:00,True,263,oracle,
oracle_center_v2,000852.SH,2017-04-25,UpTrend,DownTrend,2017-04-25 13:20:00+08:00,2017-04-25 13:25:00+08:00,28,16.0,22.0,2017-04-25 13:55:00+08:00,True,264,oracle,
oracle_center_v2,000852.SH,2017-04-26,UpTrend,DownTrend,2017-04-26 13:50:00+08:00,2017-04-26 13:55:00+08:00,34,22.0,28.0,2017-04-26 14:25:00+08:00,True,265,oracle,
oracle_center_v2,000852.SH,2017-05-04,UpTrend,DownTrend,2017-05-04 13:55:00+08:00,2017-05-04 14:00:00+08:00,35,23.0,29.0,2017-05-04 14:30:00+08:00,True,266,oracle,
oracle_center_v2,000852.SH,2017-05-08,DownTrend,Range,2017-05-08 13:25:00+08:00,2017-05-08 13:30:00+08:00,29,17.0,23.0,2017-05-08 14:00:00+08:00,True,267,oracle,
oracle_center_v2,000852.SH,2017-05-09,Shock,DownTrend,2017-05-09 13:30:00+08:00,2017-05-09 13:35:00+08:00,30,18.0,24.0,2017-05-09 14:05:00+08:00,True,268,oracle,
oracle_center_v2,000852.SH,2017-05-09,DownTrend,UpTrend,2017-05-09 13:55:00+08:00,2017-05-09 14:00:00+08:00,35,23.0,29.0,2017-05-09 14:30:00+08:00,True,269,oracle,
oracle_center_v2,000852.SH,2017-05-10,DownTrend,Shock,2017-05-10 13:50:00+08:00,2017-05-10 13:55:00+08:00,34,22.0,28.0,2017-05-10 14:25:00+08:00,True,270,oracle,
oracle_center_v2,000852.SH,2017-05-18,DownTrend,Range,2017-05-18 13:30:00+08:00,2017-05-18 13:35:00+08:00,30,18.0,24.0,2017-05-18 14:05:00+08:00,True,271,oracle,
oracle_center_v2,000852.SH,2017-05-23,DownTrend,Shock,2017-05-23 11:25:00+08:00,2017-05-23 11:30:00+08:00,23,11.0,17.0,2017-05-23 13:30:00+08:00,True,272,oracle,
oracle_center_v2,000852.SH,2017-05-24,Shock,DownTrend,2017-05-24 13:10:00+08:00,2017-05-24 13:15:00+08:00,26,14.0,20.0,2017-05-24 13:45:00+08:00,True,273,oracle,
oracle_center_v2,000852.SH,2017-05-24,DownTrend,Range,2017-05-24 13:35:00+08:00,2017-05-24 13:40:00+08:00,31,19.0,25.0,2017-05-24 14:10:00+08:00,True,274,oracle,
oracle_center_v2,000852.SH,2017-05-25,DownTrend,Shock,2017-05-25 13:15:00+08:00,2017-05-25 13:20:00+08:00,27,15.0,21.0,2017-05-25 13:50:00+08:00,True,275,oracle,
oracle_center_v2,000852.SH,2017-06-02,UpTrend,Shock,2017-06-02 13:45:00+08:00,2017-06-02 13:50:00+08:00,33,21.0,27.0,2017-06-02 14:20:00+08:00,True,276,oracle,
oracle_center_v2,000852.SH,2017-06-06,Range,UpTrend,2017-06-06 13:25:00+08:00,2017-06-06 13:30:00+08:00,29,17.0,23.0,2017-06-06 14:00:00+08:00,True,277,oracle,
oracle_center_v2,000852.SH,2017-06-14,UpTrend,Range,2017-06-14 13:50:00+08:00,2017-06-14 13:55:00+08:00,34,22.0,28.0,2017-06-14 14:25:00+08:00,True,278,oracle,
oracle_center_v2,000852.SH,2017-06-19,UpTrend,Range,2017-06-19 13:35:00+08:00,2017-06-19 13:40:00+08:00,31,19.0,25.0,2017-06-19 14:10:00+08:00,True,279,oracle,
oracle_center_v2,000852.SH,2017-06-27,DownTrend,Range,2017-06-27 13:30:00+08:00,2017-06-27 13:35:00+08:00,30,18.0,24.0,2017-06-27 14:05:00+08:00,True,280,oracle,
oracle_center_v2,000852.SH,2017-06-28,UpTrend,DownTrend,2017-06-28 13:15:00+08:00,2017-06-28 13:20:00+08:00,27,15.0,21.0,2017-06-28 13:50:00+08:00,True,281,oracle,
oracle_center_v2,000852.SH,2017-06-29,UpTrend,DownTrend,2017-06-29 13:25:00+08:00,2017-06-29 13:30:00+08:00,29,17.0,23.0,2017-06-29 14:00:00+08:00,True,282,oracle,
oracle_center_v2,000852.SH,2017-07-04,Range,DownTrend,2017-07-04 11:05:00+08:00,2017-07-04 11:10:00+08:00,19,7.0,13.0,2017-07-04 13:10:00+08:00,True,283,oracle,
oracle_center_v2,000852.SH,2017-07-04,DownTrend,Range,2017-07-04 13:15:00+08:00,2017-07-04 13:20:00+08:00,27,15.0,21.0,2017-07-04 13:50:00+08:00,True,284,oracle,
oracle_center_v2,000852.SH,2017-07-06,Shock,UpTrend,2017-07-06 13:35:00+08:00,2017-07-06 13:40:00+08:00,31,19.0,25.0,2017-07-06 14:10:00+08:00,True,285,oracle,
oracle_center_v2,000852.SH,2017-07-10,DownTrend,UpTrend,2017-07-10 11:30:00+08:00,2017-07-10 13:05:00+08:00,24,12.0,18.0,2017-07-10 13:35:00+08:00,True,286,oracle,
oracle_center_v2,000852.SH,2017-07-11,DownTrend,Range,2017-07-11 11:20:00+08:00,2017-07-11 11:25:00+08:00,22,10.0,16.0,2017-07-11 13:25:00+08:00,True,287,oracle,
oracle_center_v2,000852.SH,2017-07-13,UpTrend,DownTrend,2017-07-13 13:45:00+08:00,2017-07-13 13:50:00+08:00,33,21.0,27.0,2017-07-13 14:20:00+08:00,True,288,oracle,
oracle_center_v2,000852.SH,2017-07-18,Shock,UpTrend,2017-07-18 13:50:00+08:00,2017-07-18 13:55:00+08:00,34,22.0,28.0,2017-07-18 14:25:00+08:00,True,289,oracle,
oracle_center_v2,000852.SH,2017-07-24,UpTrend,DownTrend,2017-07-24 11:20:00+08:00,2017-07-24 11:25:00+08:00,22,10.0,16.0,2017-07-24 13:25:00+08:00,True,290,oracle,
oracle_center_v2,000852.SH,2017-07-24,DownTrend,UpTrend,2017-07-24 13:15:00+08:00,2017-07-24 13:20:00+08:00,27,15.0,21.0,2017-07-24 13:50:00+08:00,True,291,oracle,
oracle_center_v2,000852.SH,2017-07-25,DownTrend,UpTrend,2017-07-25 11:25:00+08:00,2017-07-25 11:30:00+08:00,23,11.0,17.0,2017-07-25 13:30:00+08:00,True,292,oracle,
oracle_center_v2,000852.SH,2017-07-25,UpTrend,DownTrend,2017-07-25 13:55:00+08:00,2017-07-25 14:00:00+08:00,35,23.0,29.0,2017-07-25 14:30:00+08:00,True,293,oracle,
oracle_center_v2,000852.SH,2017-08-01,UpTrend,DownTrend,2017-08-01 13:10:00+08:00,2017-08-01 13:15:00+08:00,26,14.0,20.0,2017-08-01 13:45:00+08:00,True,294,oracle,
oracle_center_v2,000852.SH,2017-08-02,UpTrend,DownTrend,2017-08-02 13:30:00+08:00,2017-08-02 13:35:00+08:00,30,18.0,24.0,2017-08-02 14:05:00+08:00,True,295,oracle,
oracle_center_v2,000852.SH,2017-08-04,UpTrend,Shock,2017-08-04 13:55:00+08:00,2017-08-04 14:00:00+08:00,35,23.0,29.0,2017-08-04 14:30:00+08:00,True,296,oracle,
oracle_center_v2,000852.SH,2017-08-07,Range,UpTrend,2017-08-07 13:30:00+08:00,2017-08-07 13:35:00+08:00,30,18.0,24.0,2017-08-07 14:05:00+08:00,True,297,oracle,
oracle_center_v2,000852.SH,2017-08-11,Shock,Range,2017-08-11 13:30:00+08:00,2017-08-11 13:35:00+08:00,30,18.0,24.0,2017-08-11 14:05:00+08:00,True,298,oracle,
oracle_center_v2,000852.SH,2017-08-18,UpTrend,DownTrend,2017-08-18 13:45:00+08:00,2017-08-18 13:50:00+08:00,33,21.0,27.0,2017-08-18 14:20:00+08:00,True,299,oracle,
oracle_center_v2,000852.SH,2017-08-28,UpTrend,DownTrend,2017-08-28 13:45:00+08:00,2017-08-28 13:50:00+08:00,33,21.0,27.0,2017-08-28 14:20:00+08:00,True,300,oracle,
oracle_center_v2,000852.SH,2017-08-29,DownTrend,Range,2017-08-29 13:55:00+08:00,2017-08-29 14:00:00+08:00,35,23.0,29.0,2017-08-29 14:30:00+08:00,True,301,oracle,
oracle_center_v2,000852.SH,2017-08-31,Range,UpTrend,2017-08-31 11:25:00+08:00,2017-08-31 11:30:00+08:00,23,11.0,17.0,2017-08-31 13:30:00+08:00,True,302,oracle,
oracle_center_v2,000852.SH,2017-09-05,Shock,UpTrend,2017-09-05 11:00:00+08:00,2017-09-05 11:05:00+08:00,18,6.0,12.0,2017-09-05 13:05:00+08:00,True,303,oracle,
oracle_center_v2,000852.SH,2017-09-07,Shock,UpTrend,2017-09-07 11:30:00+08:00,2017-09-07 13:05:00+08:00,24,12.0,18.0,2017-09-07 13:35:00+08:00,True,304,oracle,
oracle_center_v2,000852.SH,2017-09-07,UpTrend,DownTrend,2017-09-07 13:45:00+08:00,2017-09-07 13:50:00+08:00,33,21.0,27.0,2017-09-07 14:20:00+08:00,True,305,oracle,
oracle_center_v2,000852.SH,2017-09-08,UpTrend,DownTrend,2017-09-08 11:30:00+08:00,2017-09-08 13:05:00+08:00,24,12.0,18.0,2017-09-08 13:35:00+08:00,True,306,oracle,
oracle_center_v2,000852.SH,2017-09-08,DownTrend,Shock,2017-09-08 13:40:00+08:00,2017-09-08 13:45:00+08:00,32,20.0,26.0,2017-09-08 14:15:00+08:00,True,307,oracle,
oracle_center_v2,000852.SH,2017-09-11,Range,UpTrend,2017-09-11 13:20:00+08:00,2017-09-11 13:25:00+08:00,28,16.0,22.0,2017-09-11 13:55:00+08:00,True,308,oracle,
oracle_center_v2,000852.SH,2017-09-12,UpTrend,Shock,2017-09-12 13:55:00+08:00,2017-09-12 14:00:00+08:00,35,23.0,29.0,2017-09-12 14:30:00+08:00,True,309,oracle,
oracle_center_v2,000852.SH,2017-09-13,Shock,UpTrend,2017-09-13 11:25:00+08:00,2017-09-13 11:30:00+08:00,23,11.0,17.0,2017-09-13 13:30:00+08:00,True,310,oracle,
oracle_center_v2,000852.SH,2017-09-14,Shock,DownTrend,2017-09-14 13:30:00+08:00,2017-09-14 13:35:00+08:00,30,18.0,24.0,2017-09-14 14:05:00+08:00,True,311,oracle,
oracle_center_v2,000852.SH,2017-09-14,DownTrend,Shock,2017-09-14 13:40:00+08:00,2017-09-14 13:45:00+08:00,32,20.0,26.0,2017-09-14 14:15:00+08:00,False,,oracle,
oracle_center_v2,000852.SH,2017-09-15,Shock,DownTrend,2017-09-15 13:10:00+08:00,2017-09-15 13:15:00+08:00,26,14.0,20.0,2017-09-15 13:45:00+08:00,True,312,oracle,
oracle_center_v2,000852.SH,2017-09-21,DownTrend,Shock,2017-09-21 13:50:00+08:00,2017-09-21 13:55:00+08:00,34,22.0,28.0,2017-09-21 14:25:00+08:00,True,313,oracle,
oracle_center_v2,000852.SH,2017-09-25,DownTrend,Range,2017-09-25 11:10:00+08:00,2017-09-25 11:15:00+08:00,20,8.0,14.0,2017-09-25 13:15:00+08:00,True,314,oracle,
oracle_center_v2,000852.SH,2017-09-28,UpTrend,DownTrend,2017-09-28 13:20:00+08:00,2017-09-28 13:25:00+08:00,28,16.0,22.0,2017-09-28 13:55:00+08:00,True,315,oracle,
oracle_center_v2,000852.SH,2017-10-09,UpTrend,Range,2017-10-09 13:30:00+08:00,2017-10-09 13:35:00+08:00,30,18.0,24.0,2017-10-09 14:05:00+08:00,True,316,oracle,
oracle_center_v2,000852.SH,2017-10-12,DownTrend,Shock,2017-10-12 13:50:00+08:00,2017-10-12 13:55:00+08:00,34,22.0,28.0,2017-10-12 14:25:00+08:00,True,317,oracle,
oracle_center_v2,000852.SH,2017-10-17,UpTrend,DownTrend,2017-10-17 13:25:00+08:00,2017-10-17 13:30:00+08:00,29,17.0,23.0,2017-10-17 14:00:00+08:00,True,318,oracle,
oracle_center_v2,000852.SH,2017-10-19,Shock,DownTrend,2017-10-19 13:10:00+08:00,2017-10-19 13:15:00+08:00,26,14.0,20.0,2017-10-19 13:45:00+08:00,True,319,oracle,
oracle_center_v2,000852.SH,2017-10-25,UpTrend,DownTrend,2017-10-25 11:25:00+08:00,2017-10-25 11:30:00+08:00,23,11.0,17.0,2017-10-25 13:30:00+08:00,True,320,oracle,
oracle_center_v2,000852.SH,2017-10-25,DownTrend,Range,2017-10-25 13:45:00+08:00,2017-10-25 13:50:00+08:00,33,21.0,27.0,2017-10-25 14:20:00+08:00,True,321,oracle,
oracle_center_v2,000852.SH,2017-10-30,Shock,DownTrend,2017-10-30 13:15:00+08:00,2017-10-30 13:20:00+08:00,27,15.0,21.0,2017-10-30 13:50:00+08:00,True,322,oracle,
oracle_center_v2,000852.SH,2017-10-30,DownTrend,Shock,2017-10-30 13:35:00+08:00,2017-10-30 13:40:00+08:00,31,19.0,25.0,2017-10-30 14:10:00+08:00,True,323,oracle,
oracle_center_v2,000852.SH,2017-10-31,DownTrend,UpTrend,2017-10-31 13:15:00+08:00,2017-10-31 13:20:00+08:00,27,15.0,21.0,2017-10-31 13:50:00+08:00,True,324,oracle,
oracle_center_v2,000852.SH,2017-11-02,Range,DownTrend,2017-11-02 11:20:00+08:00,2017-11-02 11:25:00+08:00,22,10.0,16.0,2017-11-02 13:25:00+08:00,True,325,oracle,
oracle_center_v2,000852.SH,2017-11-02,DownTrend,Range,2017-11-02 13:50:00+08:00,2017-11-02 13:55:00+08:00,34,22.0,28.0,2017-11-02 14:25:00+08:00,True,326,oracle,
oracle_center_v2,000852.SH,2017-11-09,DownTrend,Range,2017-11-09 13:45:00+08:00,2017-11-09 13:50:00+08:00,33,21.0,27.0,2017-11-09 14:20:00+08:00,True,327,oracle,
oracle_center_v2,000852.SH,2017-11-10,Range,UpTrend,2017-11-10 11:15:00+08:00,2017-11-10 11:20:00+08:00,21,9.0,15.0,2017-11-10 13:20:00+08:00,True,328,oracle,
oracle_center_v2,000852.SH,2017-11-15,DownTrend,Shock,2017-11-15 11:30:00+08:00,2017-11-15 13:05:00+08:00,24,12.0,18.0,2017-11-15 13:35:00+08:00,True,329,oracle,
oracle_center_v2,000852.SH,2017-11-17,Shock,DownTrend,2017-11-17 11:15:00+08:00,2017-11-17 11:20:00+08:00,21,9.0,15.0,2017-11-17 13:20:00+08:00,True,330,oracle,
oracle_center_v2,000852.SH,2017-11-17,DownTrend,Shock,2017-11-17 13:20:00+08:00,2017-11-17 13:25:00+08:00,28,16.0,22.0,2017-11-17 13:55:00+08:00,True,331,oracle,
oracle_center_v2,000852.SH,2017-11-20,Shock,DownTrend,2017-11-20 11:25:00+08:00,2017-11-20 11:30:00+08:00,23,11.0,17.0,2017-11-20 13:30:00+08:00,True,332,oracle,
oracle_center_v2,000852.SH,2017-11-20,DownTrend,UpTrend,2017-11-20 13:25:00+08:00,2017-11-20 13:30:00+08:00,29,17.0,23.0,2017-11-20 14:00:00+08:00,True,333,oracle,
oracle_center_v2,000852.SH,2017-11-21,DownTrend,Range,2017-11-21 13:30:00+08:00,2017-11-21 13:35:00+08:00,30,18.0,24.0,2017-11-21 14:05:00+08:00,True,334,oracle,
oracle_center_v2,000852.SH,2017-11-22,Range,Shock,2017-11-22 13:45:00+08:00,2017-11-22 13:50:00+08:00,33,21.0,27.0,2017-11-22 14:20:00+08:00,True,335,oracle,
oracle_center_v2,000852.SH,2017-11-28,Range,UpTrend,2017-11-28 13:15:00+08:00,2017-11-28 13:20:00+08:00,27,15.0,21.0,2017-11-28 13:50:00+08:00,True,336,oracle,
oracle_center_v2,000852.SH,2017-12-01,Range,UpTrend,2017-12-01 13:50:00+08:00,2017-12-01 13:55:00+08:00,34,22.0,28.0,2017-12-01 14:25:00+08:00,True,337,oracle,
oracle_center_v2,000852.SH,2017-12-06,DownTrend,Shock,2017-12-06 13:40:00+08:00,2017-12-06 13:45:00+08:00,32,20.0,26.0,2017-12-06 14:15:00+08:00,True,338,oracle,
oracle_center_v2,000852.SH,2017-12-13,DownTrend,UpTrend,2017-12-13 13:15:00+08:00,2017-12-13 13:20:00+08:00,27,15.0,21.0,2017-12-13 13:50:00+08:00,True,339,oracle,
oracle_center_v2,000852.SH,2017-12-18,DownTrend,Range,2017-12-18 13:50:00+08:00,2017-12-18 13:55:00+08:00,34,22.0,28.0,2017-12-18 14:25:00+08:00,True,340,oracle,
oracle_center_v2,000852.SH,2017-12-21,Shock,UpTrend,2017-12-21 13:20:00+08:00,2017-12-21 13:25:00+08:00,28,16.0,22.0,2017-12-21 13:55:00+08:00,True,341,oracle,
oracle_center_v2,000852.SH,2017-12-26,DownTrend,UpTrend,2017-12-26 11:20:00+08:00,2017-12-26 11:25:00+08:00,22,10.0,16.0,2017-12-26 13:25:00+08:00,True,342,oracle,
oracle_center_v2,000852.SH,2017-12-27,DownTrend,Shock,2017-12-27 13:55:00+08:00,2017-12-27 14:00:00+08:00,35,23.0,29.0,2017-12-27 14:30:00+08:00,True,343,oracle,
oracle_center_v2,000852.SH,2017-12-29,DownTrend,UpTrend,2017-12-29 13:55:00+08:00,2017-12-29 14:00:00+08:00,35,23.0,29.0,2017-12-29 14:30:00+08:00,True,344,oracle,
oracle_center_v2,000852.SH,2018-01-05,UpTrend,DownTrend,2018-01-05 13:40:00+08:00,2018-01-05 13:45:00+08:00,32,20.0,26.0,2018-01-05 14:15:00+08:00,True,345,oracle,
oracle_center_v2,000852.SH,2018-01-10,DownTrend,Shock,2018-01-10 13:05:00+08:00,2018-01-10 13:10:00+08:00,25,13.0,19.0,2018-01-10 13:40:00+08:00,True,346,oracle,
oracle_center_v2,000852.SH,2018-01-15,DownTrend,Shock,2018-01-15 13:15:00+08:00,2018-01-15 13:20:00+08:00,27,15.0,21.0,2018-01-15 13:50:00+08:00,True,347,oracle,
oracle_center_v2,000852.SH,2018-01-18,Range,DownTrend,2018-01-18 11:15:00+08:00,2018-01-18 11:20:00+08:00,21,9.0,15.0,2018-01-18 13:20:00+08:00,True,348,oracle,
oracle_center_v2,000852.SH,2018-01-22,Shock,UpTrend,2018-01-22 11:05:00+08:00,2018-01-22 11:10:00+08:00,19,7.0,13.0,2018-01-22 13:10:00+08:00,True,349,oracle,
oracle_center_v2,000852.SH,2018-01-29,DownTrend,Shock,2018-01-29 10:50:00+08:00,2018-01-29 10:55:00+08:00,16,4.0,10.0,2018-01-29 11:25:00+08:00,True,350,oracle,
oracle_center_v2,000852.SH,2018-01-31,Shock,UpTrend,2018-01-31 11:05:00+08:00,2018-01-31 11:10:00+08:00,19,7.0,13.0,2018-01-31 13:10:00+08:00,True,351,oracle,
oracle_center_v2,000852.SH,2018-01-31,UpTrend,DownTrend,2018-01-31 13:05:00+08:00,2018-01-31 13:10:00+08:00,25,13.0,19.0,2018-01-31 13:40:00+08:00,True,352,oracle,
oracle_center_v2,000852.SH,2018-01-31,DownTrend,Shock,2018-01-31 13:15:00+08:00,2018-01-31 13:20:00+08:00,27,15.0,21.0,2018-01-31 13:50:00+08:00,True,353,oracle,
oracle_center_v2,000852.SH,2018-02-02,Shock,DownTrend,2018-02-02 11:05:00+08:00,2018-02-02 11:10:00+08:00,19,7.0,13.0,2018-02-02 13:10:00+08:00,True,354,oracle,
oracle_center_v2,000852.SH,2018-02-02,DownTrend,Shock,2018-02-02 13:50:00+08:00,2018-02-02 13:55:00+08:00,34,22.0,28.0,2018-02-02 14:25:00+08:00,True,355,oracle,
oracle_center_v2,000852.SH,2018-02-05,Range,UpTrend,2018-02-05 11:05:00+08:00,2018-02-05 11:10:00+08:00,19,7.0,13.0,2018-02-05 13:10:00+08:00,True,356,oracle,
oracle_center_v2,000852.SH,2018-02-06,DownTrend,Shock,2018-02-06 11:05:00+08:00,2018-02-06 11:10:00+08:00,19,7.0,13.0,2018-02-06 13:10:00+08:00,True,357,oracle,
oracle_center_v2,000852.SH,2018-02-09,Shock,DownTrend,2018-02-09 13:25:00+08:00,2018-02-09 13:30:00+08:00,29,17.0,23.0,2018-02-09 14:00:00+08:00,True,358,oracle,
oracle_center_v2,000852.SH,2018-02-09,DownTrend,Shock,2018-02-09 13:45:00+08:00,2018-02-09 13:50:00+08:00,33,21.0,27.0,2018-02-09 14:20:00+08:00,True,359,oracle,
oracle_center_v2,000852.SH,2018-02-13,Range,DownTrend,2018-02-13 13:10:00+08:00,2018-02-13 13:15:00+08:00,26,14.0,20.0,2018-02-13 13:45:00+08:00,True,360,oracle,
oracle_center_v2,000852.SH,2018-02-23,DownTrend,UpTrend,2018-02-23 13:30:00+08:00,2018-02-23 13:35:00+08:00,30,18.0,24.0,2018-02-23 14:05:00+08:00,True,361,oracle,
oracle_center_v2,000852.SH,2018-03-07,DownTrend,Range,2018-03-07 13:30:00+08:00,2018-03-07 13:35:00+08:00,30,18.0,24.0,2018-03-07 14:05:00+08:00,True,362,oracle,
oracle_center_v2,000852.SH,2018-03-13,Range,UpTrend,2018-03-13 13:05:00+08:00,2018-03-13 13:10:00+08:00,25,13.0,19.0,2018-03-13 13:40:00+08:00,True,363,oracle,
oracle_center_v2,000852.SH,2018-03-13,UpTrend,DownTrend,2018-03-13 13:55:00+08:00,2018-03-13 14:00:00+08:00,35,23.0,29.0,2018-03-13 14:30:00+08:00,True,364,oracle,
oracle_center_v2,000852.SH,2018-03-14,DownTrend,UpTrend,2018-03-14 13:50:00+08:00,2018-03-14 13:55:00+08:00,34,22.0,28.0,2018-03-14 14:25:00+08:00,True,365,oracle,
oracle_center_v2,000852.SH,2018-03-19,UpTrend,DownTrend,2018-03-19 13:30:00+08:00,2018-03-19 13:35:00+08:00,30,18.0,24.0,2018-03-19 14:05:00+08:00,True,366,oracle,
oracle_center_v2,000852.SH,2018-03-19,DownTrend,Range,2018-03-19 13:50:00+08:00,2018-03-19 13:55:00+08:00,34,22.0,28.0,2018-03-19 14:25:00+08:00,True,367,oracle,
oracle_center_v2,000852.SH,2018-03-20,Range,UpTrend,2018-03-20 11:20:00+08:00,2018-03-20 11:25:00+08:00,22,10.0,16.0,2018-03-20 13:25:00+08:00,True,368,oracle,
oracle_center_v2,000852.SH,2018-03-21,DownTrend,UpTrend,2018-03-21 13:10:00+08:00,2018-03-21 13:15:00+08:00,26,14.0,20.0,2018-03-21 13:45:00+08:00,True,369,oracle,
oracle_center_v2,000852.SH,2018-03-21,UpTrend,DownTrend,2018-03-21 13:45:00+08:00,2018-03-21 13:50:00+08:00,33,21.0,27.0,2018-03-21 14:20:00+08:00,True,370,oracle,
oracle_center_v2,000852.SH,2018-03-22,Shock,UpTrend,2018-03-22 13:10:00+08:00,2018-03-22 13:15:00+08:00,26,14.0,20.0,2018-03-22 13:45:00+08:00,True,371,oracle,
oracle_center_v2,000852.SH,2018-03-26,Shock,DownTrend,2018-03-26 11:00:00+08:00,2018-03-26 11:05:00+08:00,18,6.0,12.0,2018-03-26 13:05:00+08:00,True,372,oracle,
oracle_center_v2,000852.SH,2018-03-26,DownTrend,UpTrend,2018-03-26 13:45:00+08:00,2018-03-26 13:50:00+08:00,33,21.0,27.0,2018-03-26 14:20:00+08:00,True,373,oracle,
oracle_center_v2,000852.SH,2018-03-27,UpTrend,Range,2018-03-27 13:10:00+08:00,2018-03-27 13:15:00+08:00,26,14.0,20.0,2018-03-27 13:45:00+08:00,True,374,oracle,
oracle_center_v2,000852.SH,2018-03-27,Range,DownTrend,2018-03-27 13:50:00+08:00,2018-03-27 13:55:00+08:00,34,22.0,28.0,2018-03-27 14:25:00+08:00,True,375,oracle,
oracle_center_v2,000852.SH,2018-04-02,UpTrend,DownTrend,2018-04-02 13:35:00+08:00,2018-04-02 13:40:00+08:00,31,19.0,25.0,2018-04-02 14:10:00+08:00,True,376,oracle,
oracle_center_v2,000852.SH,2018-04-03,DownTrend,Range,2018-04-03 13:35:00+08:00,2018-04-03 13:40:00+08:00,31,19.0,25.0,2018-04-03 14:10:00+08:00,True,377,oracle,
oracle_center_v2,000852.SH,2018-04-04,Range,DownTrend,2018-04-04 13:10:00+08:00,2018-04-04 13:15:00+08:00,26,14.0,20.0,2018-04-04 13:45:00+08:00,True,378,oracle,
oracle_center_v2,000852.SH,2018-04-09,UpTrend,DownTrend,2018-04-09 13:35:00+08:00,2018-04-09 13:40:00+08:00,31,19.0,25.0,2018-04-09 14:10:00+08:00,True,379,oracle,
oracle_center_v2,000852.SH,2018-04-10,DownTrend,UpTrend,2018-04-10 13:45:00+08:00,2018-04-10 13:50:00+08:00,33,21.0,27.0,2018-04-10 14:20:00+08:00,True,380,oracle,
oracle_center_v2,000852.SH,2018-04-17,DownTrend,Shock,2018-04-17 13:05:00+08:00,2018-04-17 13:10:00+08:00,25,13.0,19.0,2018-04-17 13:40:00+08:00,True,381,oracle,
oracle_center_v2,000852.SH,2018-04-19,UpTrend,DownTrend,2018-04-19 13:45:00+08:00,2018-04-19 13:50:00+08:00,33,21.0,27.0,2018-04-19 14:20:00+08:00,True,382,oracle,
oracle_center_v2,000852.SH,2018-04-20,Shock,Range,2018-04-20 13:30:00+08:00,2018-04-20 13:35:00+08:00,30,18.0,24.0,2018-04-20 14:05:00+08:00,True,383,oracle,
oracle_center_v2,000852.SH,2018-04-25,Range,UpTrend,2018-04-25 11:30:00+08:00,2018-04-25 13:05:00+08:00,24,12.0,18.0,2018-04-25 13:35:00+08:00,True,384,oracle,
oracle_center_v2,000852.SH,2018-04-25,UpTrend,Range,2018-04-25 13:30:00+08:00,2018-04-25 13:35:00+08:00,30,18.0,24.0,2018-04-25 14:05:00+08:00,True,385,oracle,
oracle_center_v2,000852.SH,2018-05-04,Range,UpTrend,2018-05-04 13:15:00+08:00,2018-05-04 13:20:00+08:00,27,15.0,21.0,2018-05-04 13:50:00+08:00,True,386,oracle,
oracle_center_v2,000852.SH,2018-05-04,UpTrend,Range,2018-05-04 13:50:00+08:00,2018-05-04 13:55:00+08:00,34,22.0,28.0,2018-05-04 14:25:00+08:00,True,387,oracle,
oracle_center_v2,000852.SH,2018-05-09,UpTrend,DownTrend,2018-05-09 13:25:00+08:00,2018-05-09 13:30:00+08:00,29,17.0,23.0,2018-05-09 14:00:00+08:00,True,388,oracle,
oracle_center_v2,000852.SH,2018-05-15,DownTrend,Range,2018-05-15 11:15:00+08:00,2018-05-15 11:20:00+08:00,21,9.0,15.0,2018-05-15 13:20:00+08:00,True,389,oracle,
oracle_center_v2,000852.SH,2018-05-15,Range,UpTrend,2018-05-15 13:25:00+08:00,2018-05-15 13:30:00+08:00,29,17.0,23.0,2018-05-15 14:00:00+08:00,True,390,oracle,
oracle_center_v2,000852.SH,2018-05-18,DownTrend,UpTrend,2018-05-18 13:35:00+08:00,2018-05-18 13:40:00+08:00,31,19.0,25.0,2018-05-18 14:10:00+08:00,False,,oracle,
oracle_center_v2,000852.SH,2018-05-18,UpTrend,Shock,2018-05-18 13:45:00+08:00,2018-05-18 13:50:00+08:00,33,21.0,27.0,2018-05-18 14:20:00+08:00,True,391,oracle,
oracle_center_v2,000852.SH,2018-05-21,UpTrend,Range,2018-05-21 13:30:00+08:00,2018-05-21 13:35:00+08:00,30,18.0,24.0,2018-05-21 14:05:00+08:00,True,392,oracle,
oracle_center_v2,000852.SH,2018-05-22,Range,UpTrend,2018-05-22 13:50:00+08:00,2018-05-22 13:55:00+08:00,34,22.0,28.0,2018-05-22 14:25:00+08:00,True,393,oracle,
oracle_center_v2,000852.SH,2018-05-23,Range,Shock,2018-05-23 13:45:00+08:00,2018-05-23 13:50:00+08:00,33,21.0,27.0,2018-05-23 14:20:00+08:00,True,394,oracle,
oracle_center_v2,000852.SH,2018-05-24,UpTrend,Range,2018-05-24 13:20:00+08:00,2018-05-24 13:25:00+08:00,28,16.0,22.0,2018-05-24 13:55:00+08:00,True,395,oracle,
oracle_center_v2,000852.SH,2018-05-25,Shock,Range,2018-05-25 13:10:00+08:00,2018-05-25 13:15:00+08:00,26,14.0,20.0,2018-05-25 13:45:00+08:00,True,396,oracle,
oracle_center_v2,000852.SH,2018-05-25,Range,DownTrend,2018-05-25 13:55:00+08:00,2018-05-25 14:00:00+08:00,35,23.0,29.0,2018-05-25 14:30:00+08:00,True,397,oracle,
oracle_center_v2,000852.SH,2018-05-28,Shock,UpTrend,2018-05-28 11:10:00+08:00,2018-05-28 11:15:00+08:00,20,8.0,14.0,2018-05-28 13:15:00+08:00,True,398,oracle,
oracle_center_v2,000852.SH,2018-05-28,UpTrend,DownTrend,2018-05-28 13:05:00+08:00,2018-05-28 13:10:00+08:00,25,13.0,19.0,2018-05-28 13:40:00+08:00,True,399,oracle,
oracle_center_v2,000852.SH,2018-05-29,DownTrend,Range,2018-05-29 13:20:00+08:00,2018-05-29 13:25:00+08:00,28,16.0,22.0,2018-05-29 13:55:00+08:00,True,400,oracle,
oracle_center_v2,000852.SH,2018-05-30,Shock,UpTrend,2018-05-30 13:05:00+08:00,2018-05-30 13:10:00+08:00,25,13.0,19.0,2018-05-30 13:40:00+08:00,True,401,oracle,
oracle_center_v2,000852.SH,2018-05-30,UpTrend,Shock,2018-05-30 13:50:00+08:00,2018-05-30 13:55:00+08:00,34,22.0,28.0,2018-05-30 14:25:00+08:00,True,402,oracle,
oracle_center_v2,000852.SH,2018-05-31,Shock,UpTrend,2018-05-31 13:10:00+08:00,2018-05-31 13:15:00+08:00,26,14.0,20.0,2018-05-31 13:45:00+08:00,True,403,oracle,
oracle_center_v2,000852.SH,2018-06-01,DownTrend,Shock,2018-06-01 11:30:00+08:00,2018-06-01 13:05:00+08:00,24,12.0,18.0,2018-06-01 13:35:00+08:00,True,404,oracle,
oracle_center_v2,000852.SH,2018-06-04,Range,UpTrend,2018-06-04 11:25:00+08:00,2018-06-04 11:30:00+08:00,23,11.0,17.0,2018-06-04 13:30:00+08:00,True,405,oracle,
oracle_center_v2,000852.SH,2018-06-04,UpTrend,DownTrend,2018-06-04 13:55:00+08:00,2018-06-04 14:00:00+08:00,35,23.0,29.0,2018-06-04 14:30:00+08:00,True,406,oracle,
oracle_center_v2,000852.SH,2018-06-07,DownTrend,Range,2018-06-07 13:45:00+08:00,2018-06-07 13:50:00+08:00,33,21.0,27.0,2018-06-07 14:20:00+08:00,True,407,oracle,
oracle_center_v2,000852.SH,2018-06-11,Range,DownTrend,2018-06-11 11:30:00+08:00,2018-06-11 13:05:00+08:00,24,12.0,18.0,2018-06-11 13:35:00+08:00,True,408,oracle,
oracle_center_v2,000852.SH,2018-06-12,Shock,UpTrend,2018-06-12 11:05:00+08:00,2018-06-12 11:10:00+08:00,19,7.0,13.0,2018-06-12 13:10:00+08:00,True,409,oracle,
oracle_center_v2,000852.SH,2018-06-20,DownTrend,Shock,2018-06-20 10:55:00+08:00,2018-06-20 11:00:00+08:00,17,5.0,11.0,2018-06-20 11:30:00+08:00,True,410,oracle,
oracle_center_v2,000852.SH,2018-06-20,Shock,UpTrend,2018-06-20 13:30:00+08:00,2018-06-20 13:35:00+08:00,30,18.0,24.0,2018-06-20 14:05:00+08:00,True,411,oracle,
oracle_center_v2,000852.SH,2018-06-21,DownTrend,Shock,2018-06-21 11:25:00+08:00,2018-06-21 11:30:00+08:00,23,11.0,17.0,2018-06-21 13:30:00+08:00,True,412,oracle,
oracle_center_v2,000852.SH,2018-06-21,Shock,DownTrend,2018-06-21 13:10:00+08:00,2018-06-21 13:15:00+08:00,26,14.0,20.0,2018-06-21 13:45:00+08:00,True,413,oracle,
oracle_center_v2,000852.SH,2018-06-22,UpTrend,DownTrend,2018-06-22 13:15:00+08:00,2018-06-22 13:20:00+08:00,27,15.0,21.0,2018-06-22 13:50:00+08:00,True,414,oracle,
oracle_center_v2,000852.SH,2018-06-26,UpTrend,DownTrend,2018-06-26 13:45:00+08:00,2018-06-26 13:50:00+08:00,33,21.0,27.0,2018-06-26 14:20:00+08:00,True,415,oracle,
oracle_center_v2,000852.SH,2018-06-27,DownTrend,Range,2018-06-27 13:40:00+08:00,2018-06-27 13:45:00+08:00,32,20.0,26.0,2018-06-27 14:15:00+08:00,True,416,oracle,
oracle_center_v2,000852.SH,2018-06-28,Range,DownTrend,2018-06-28 13:15:00+08:00,2018-06-28 13:20:00+08:00,27,15.0,21.0,2018-06-28 13:50:00+08:00,True,417,oracle,
oracle_center_v2,000852.SH,2018-07-03,Shock,UpTrend,2018-07-03 13:20:00+08:00,2018-07-03 13:25:00+08:00,28,16.0,22.0,2018-07-03 13:55:00+08:00,True,418,oracle,
oracle_center_v2,000852.SH,2018-07-06,DownTrend,Shock,2018-07-06 10:45:00+08:00,2018-07-06 10:50:00+08:00,15,3.0,9.0,2018-07-06 11:20:00+08:00,True,419,oracle,
oracle_center_v2,000852.SH,2018-07-18,UpTrend,DownTrend,2018-07-18 13:30:00+08:00,2018-07-18 13:35:00+08:00,30,18.0,24.0,2018-07-18 14:05:00+08:00,True,420,oracle,
oracle_center_v2,000852.SH,2018-07-27,UpTrend,Range,2018-07-27 13:25:00+08:00,2018-07-27 13:30:00+08:00,29,17.0,23.0,2018-07-27 14:00:00+08:00,True,421,oracle,
oracle_center_v2,000852.SH,2018-07-30,DownTrend,Range,2018-07-30 11:25:00+08:00,2018-07-30 11:30:00+08:00,23,11.0,17.0,2018-07-30 13:30:00+08:00,True,422,oracle,
oracle_center_v2,000852.SH,2018-08-03,Shock,UpTrend,2018-08-03 11:05:00+08:00,2018-08-03 11:10:00+08:00,19,7.0,13.0,2018-08-03 13:10:00+08:00,True,423,oracle,
oracle_center_v2,000852.SH,2018-08-03,UpTrend,DownTrend,2018-08-03 13:20:00+08:00,2018-08-03 13:25:00+08:00,28,16.0,22.0,2018-08-03 13:55:00+08:00,True,424,oracle,
oracle_center_v2,000852.SH,2018-08-06,DownTrend,Shock,2018-08-06 11:25:00+08:00,2018-08-06 11:30:00+08:00,23,11.0,17.0,2018-08-06 13:30:00+08:00,True,425,oracle,
oracle_center_v2,000852.SH,2018-08-06,Shock,DownTrend,2018-08-06 13:55:00+08:00,2018-08-06 14:00:00+08:00,35,23.0,29.0,2018-08-06 14:30:00+08:00,True,426,oracle,
oracle_center_v2,000852.SH,2018-08-07,Shock,UpTrend,2018-08-07 11:00:00+08:00,2018-08-07 11:05:00+08:00,18,6.0,12.0,2018-08-07 13:05:00+08:00,True,427,oracle,
oracle_center_v2,000852.SH,2018-08-08,DownTrend,Range,2018-08-08 13:15:00+08:00,2018-08-08 13:20:00+08:00,27,15.0,21.0,2018-08-08 13:50:00+08:00,True,428,oracle,
oracle_center_v2,000852.SH,2018-08-08,Range,DownTrend,2018-08-08 13:30:00+08:00,2018-08-08 13:35:00+08:00,30,18.0,24.0,2018-08-08 14:05:00+08:00,True,429,oracle,
oracle_center_v2,000852.SH,2018-08-09,UpTrend,Range,2018-08-09 13:45:00+08:00,2018-08-09 13:50:00+08:00,33,21.0,27.0,2018-08-09 14:20:00+08:00,True,430,oracle,
oracle_center_v2,000852.SH,2018-08-13,DownTrend,UpTrend,2018-08-13 11:30:00+08:00,2018-08-13 13:05:00+08:00,24,12.0,18.0,2018-08-13 13:35:00+08:00,True,431,oracle,
oracle_center_v2,000852.SH,2018-08-14,DownTrend,Range,2018-08-14 13:05:00+08:00,2018-08-14 13:10:00+08:00,25,13.0,19.0,2018-08-14 13:40:00+08:00,True,432,oracle,
oracle_center_v2,000852.SH,2018-08-16,DownTrend,UpTrend,2018-08-16 13:05:00+08:00,2018-08-16 13:10:00+08:00,25,13.0,19.0,2018-08-16 13:40:00+08:00,True,433,oracle,
oracle_center_v2,000852.SH,2018-08-20,DownTrend,Shock,2018-08-20 13:45:00+08:00,2018-08-20 13:50:00+08:00,33,21.0,27.0,2018-08-20 14:20:00+08:00,True,434,oracle,
oracle_center_v2,000852.SH,2018-08-22,DownTrend,Range,2018-08-22 13:35:00+08:00,2018-08-22 13:40:00+08:00,31,19.0,25.0,2018-08-22 14:10:00+08:00,True,435,oracle,
oracle_center_v2,000852.SH,2018-08-23,Range,DownTrend,2018-08-23 11:00:00+08:00,2018-08-23 11:05:00+08:00,18,6.0,12.0,2018-08-23 13:05:00+08:00,True,436,oracle,
oracle_center_v2,000852.SH,2018-08-23,DownTrend,UpTrend,2018-08-23 13:50:00+08:00,2018-08-23 13:55:00+08:00,34,22.0,28.0,2018-08-23 14:25:00+08:00,True,437,oracle,
oracle_center_v2,000852.SH,2018-08-24,Range,UpTrend,2018-08-24 13:15:00+08:00,2018-08-24 13:20:00+08:00,27,15.0,21.0,2018-08-24 13:50:00+08:00,True,438,oracle,
oracle_center_v2,000852.SH,2018-09-03,Range,UpTrend,2018-09-03 13:40:00+08:00,2018-09-03 13:45:00+08:00,32,20.0,26.0,2018-09-03 14:15:00+08:00,True,439,oracle,
oracle_center_v2,000852.SH,2018-09-04,DownTrend,UpTrend,2018-09-04 11:30:00+08:00,2018-09-04 13:05:00+08:00,24,12.0,18.0,2018-09-04 13:35:00+08:00,True,440,oracle,
oracle_center_v2,000852.SH,2018-09-07,DownTrend,Shock,2018-09-07 11:00:00+08:00,2018-09-07 11:05:00+08:00,18,6.0,12.0,2018-09-07 13:05:00+08:00,True,441,oracle,
oracle_center_v2,000852.SH,2018-09-07,Shock,Range,2018-09-07 13:30:00+08:00,2018-09-07 13:35:00+08:00,30,18.0,24.0,2018-09-07 14:05:00+08:00,True,442,oracle,
oracle_center_v2,000852.SH,2018-09-11,UpTrend,Shock,2018-09-11 10:55:00+08:00,2018-09-11 11:00:00+08:00,17,5.0,11.0,2018-09-11 11:30:00+08:00,True,443,oracle,
oracle_center_v2,000852.SH,2018-09-11,Shock,DownTrend,2018-09-11 13:25:00+08:00,2018-09-11 13:30:00+08:00,29,17.0,23.0,2018-09-11 14:00:00+08:00,True,444,oracle,
oracle_center_v2,000852.SH,2018-09-12,Shock,DownTrend,2018-09-12 10:55:00+08:00,2018-09-12 11:00:00+08:00,17,5.0,11.0,2018-09-12 11:30:00+08:00,True,445,oracle,
oracle_center_v2,000852.SH,2018-09-18,DownTrend,UpTrend,2018-09-18 13:10:00+08:00,2018-09-18 13:15:00+08:00,26,14.0,20.0,2018-09-18 13:45:00+08:00,True,446,oracle,
oracle_center_v2,000852.SH,2018-09-18,UpTrend,Shock,2018-09-18 13:35:00+08:00,2018-09-18 13:40:00+08:00,31,19.0,25.0,2018-09-18 14:10:00+08:00,True,447,oracle,
oracle_center_v2,000852.SH,2018-09-26,Range,DownTrend,2018-09-26 13:55:00+08:00,2018-09-26 14:00:00+08:00,35,23.0,29.0,2018-09-26 14:30:00+08:00,True,448,oracle,
oracle_center_v2,000852.SH,2018-09-27,DownTrend,Range,2018-09-27 13:55:00+08:00,2018-09-27 14:00:00+08:00,35,23.0,29.0,2018-09-27 14:30:00+08:00,True,449,oracle,
oracle_center_v2,000852.SH,2018-10-09,Shock,UpTrend,2018-10-09 13:10:00+08:00,2018-10-09 13:15:00+08:00,26,14.0,20.0,2018-10-09 13:45:00+08:00,True,450,oracle,
oracle_center_v2,000852.SH,2018-10-09,UpTrend,DownTrend,2018-10-09 13:40:00+08:00,2018-10-09 13:45:00+08:00,32,20.0,26.0,2018-10-09 14:15:00+08:00,True,451,oracle,
oracle_center_v2,000852.SH,2018-10-15,DownTrend,Range,2018-10-15 13:20:00+08:00,2018-10-15 13:25:00+08:00,28,16.0,22.0,2018-10-15 13:55:00+08:00,True,452,oracle,
oracle_center_v2,000852.SH,2018-10-15,Range,DownTrend,2018-10-15 13:45:00+08:00,2018-10-15 13:50:00+08:00,33,21.0,27.0,2018-10-15 14:20:00+08:00,True,453,oracle,
oracle_center_v2,000852.SH,2018-10-17,DownTrend,Shock,2018-10-17 13:05:00+08:00,2018-10-17 13:10:00+08:00,25,13.0,19.0,2018-10-17 13:40:00+08:00,True,454,oracle,
oracle_center_v2,000852.SH,2018-10-24,UpTrend,DownTrend,2018-10-24 13:30:00+08:00,2018-10-24 13:35:00+08:00,30,18.0,24.0,2018-10-24 14:05:00+08:00,True,455,oracle,
oracle_center_v2,000852.SH,2018-10-25,Range,UpTrend,2018-10-25 13:55:00+08:00,2018-10-25 14:00:00+08:00,35,23.0,29.0,2018-10-25 14:30:00+08:00,True,456,oracle,
oracle_center_v2,000852.SH,2018-10-26,DownTrend,Range,2018-10-26 13:15:00+08:00,2018-10-26 13:20:00+08:00,27,15.0,21.0,2018-10-26 13:50:00+08:00,True,457,oracle,
oracle_center_v2,000852.SH,2018-10-31,Range,UpTrend,2018-10-31 11:25:00+08:00,2018-10-31 11:30:00+08:00,23,11.0,17.0,2018-10-31 13:30:00+08:00,True,458,oracle,
oracle_center_v2,000852.SH,2018-11-01,UpTrend,DownTrend,2018-11-01 13:35:00+08:00,2018-11-01 13:40:00+08:00,31,19.0,25.0,2018-11-01 14:10:00+08:00,True,459,oracle,
oracle_center_v2,000852.SH,2018-11-05,DownTrend,Range,2018-11-05 13:25:00+08:00,2018-11-05 13:30:00+08:00,29,17.0,23.0,2018-11-05 14:00:00+08:00,True,460,oracle,
oracle_center_v2,000852.SH,2018-11-05,Range,UpTrend,2018-11-05 13:55:00+08:00,2018-11-05 14:00:00+08:00,35,23.0,29.0,2018-11-05 14:30:00+08:00,True,461,oracle,
oracle_center_v2,000852.SH,2018-11-06,Range,UpTrend,2018-11-06 13:25:00+08:00,2018-11-06 13:30:00+08:00,29,17.0,23.0,2018-11-06 14:00:00+08:00,True,462,oracle,
oracle_center_v2,000852.SH,2018-11-08,UpTrend,DownTrend,2018-11-08 13:55:00+08:00,2018-11-08 14:00:00+08:00,35,23.0,29.0,2018-11-08 14:30:00+08:00,True,463,oracle,
oracle_center_v2,000852.SH,2018-11-12,UpTrend,Range,2018-11-12 13:15:00+08:00,2018-11-12 13:20:00+08:00,27,15.0,21.0,2018-11-12 13:50:00+08:00,True,464,oracle,
oracle_center_v2,000852.SH,2018-11-12,Range,UpTrend,2018-11-12 13:40:00+08:00,2018-11-12 13:45:00+08:00,32,20.0,26.0,2018-11-12 14:15:00+08:00,True,465,oracle,
oracle_center_v2,000852.SH,2018-11-14,UpTrend,DownTrend,2018-11-14 13:25:00+08:00,2018-11-14 13:30:00+08:00,29,17.0,23.0,2018-11-14 14:00:00+08:00,True,466,oracle,
oracle_center_v2,000852.SH,2018-11-14,DownTrend,Shock,2018-11-14 13:45:00+08:00,2018-11-14 13:50:00+08:00,33,21.0,27.0,2018-11-14 14:20:00+08:00,True,467,oracle,
oracle_center_v2,000852.SH,2018-11-21,Shock,UpTrend,2018-11-21 13:15:00+08:00,2018-11-21 13:20:00+08:00,27,15.0,21.0,2018-11-21 13:50:00+08:00,True,468,oracle,
oracle_center_v2,000852.SH,2018-11-26,Shock,UpTrend,2018-11-26 11:25:00+08:00,2018-11-26 11:30:00+08:00,23,11.0,17.0,2018-11-26 13:30:00+08:00,True,469,oracle,
oracle_center_v2,000852.SH,2018-11-26,UpTrend,DownTrend,2018-11-26 13:20:00+08:00,2018-11-26 13:25:00+08:00,28,16.0,22.0,2018-11-26 13:55:00+08:00,True,470,oracle,
oracle_center_v2,000852.SH,2018-11-28,Shock,Range,2018-11-28 13:15:00+08:00,2018-11-28 13:20:00+08:00,27,15.0,21.0,2018-11-28 13:50:00+08:00,True,471,oracle,
oracle_center_v2,000852.SH,2018-11-30,DownTrend,Shock,2018-11-30 13:20:00+08:00,2018-11-30 13:25:00+08:00,28,16.0,22.0,2018-11-30 13:55:00+08:00,True,472,oracle,
oracle_center_v2,000852.SH,2018-12-04,DownTrend,Range,2018-12-04 13:15:00+08:00,2018-12-04 13:20:00+08:00,27,15.0,21.0,2018-12-04 13:50:00+08:00,True,473,oracle,
oracle_center_v2,000852.SH,2018-12-05,UpTrend,DownTrend,2018-12-05 13:30:00+08:00,2018-12-05 13:35:00+08:00,30,18.0,24.0,2018-12-05 14:05:00+08:00,True,474,oracle,
oracle_center_v2,000852.SH,2018-12-18,DownTrend,UpTrend,2018-12-18 13:55:00+08:00,2018-12-18 14:00:00+08:00,35,23.0,29.0,2018-12-18 14:30:00+08:00,True,475,oracle,
oracle_center_v2,000852.SH,2018-12-20,DownTrend,UpTrend,2018-12-20 13:55:00+08:00,2018-12-20 14:00:00+08:00,35,23.0,29.0,2018-12-20 14:30:00+08:00,True,476,oracle,
oracle_center_v2,000852.SH,2018-12-24,UpTrend,DownTrend,2018-12-24 13:45:00+08:00,2018-12-24 13:50:00+08:00,33,21.0,27.0,2018-12-24 14:20:00+08:00,True,477,oracle,
oracle_center_v2,000852.SH,2018-12-25,Shock,Range,2018-12-25 11:00:00+08:00,2018-12-25 11:05:00+08:00,18,6.0,12.0,2018-12-25 13:05:00+08:00,True,478,oracle,
oracle_center_v2,000852.SH,2018-12-25,Range,UpTrend,2018-12-25 13:10:00+08:00,2018-12-25 13:15:00+08:00,26,14.0,20.0,2018-12-25 13:45:00+08:00,True,479,oracle,
oracle_center_v2,000852.SH,2018-12-25,UpTrend,Shock,2018-12-25 13:25:00+08:00,2018-12-25 13:30:00+08:00,29,17.0,23.0,2018-12-25 14:00:00+08:00,True,480,oracle,
oracle_center_v2,000852.SH,2019-01-04,Shock,UpTrend,2019-01-04 11:15:00+08:00,2019-01-04 11:20:00+08:00,21,9.0,15.0,2019-01-04 13:20:00+08:00,False,,oracle,
oracle_center_v2,000852.SH,2019-01-09,UpTrend,DownTrend,2019-01-09 13:35:00+08:00,2019-01-09 13:40:00+08:00,31,19.0,25.0,2019-01-09 14:10:00+08:00,True,481,oracle,
oracle_center_v2,000852.SH,2019-01-11,UpTrend,Range,2019-01-11 13:40:00+08:00,2019-01-11 13:45:00+08:00,32,20.0,26.0,2019-01-11 14:15:00+08:00,True,482,oracle,
oracle_center_v2,000852.SH,2019-01-17,UpTrend,DownTrend,2019-01-17 13:30:00+08:00,2019-01-17 13:35:00+08:00,30,18.0,24.0,2019-01-17 14:05:00+08:00,True,483,oracle,
oracle_center_v2,000852.SH,2019-01-18,Range,UpTrend,2019-01-18 11:15:00+08:00,2019-01-18 11:20:00+08:00,21,9.0,15.0,2019-01-18 13:20:00+08:00,True,484,oracle,
oracle_center_v2,000852.SH,2019-01-21,UpTrend,DownTrend,2019-01-21 13:05:00+08:00,2019-01-21 13:10:00+08:00,25,13.0,19.0,2019-01-21 13:40:00+08:00,True,485,oracle,
oracle_center_v2,000852.SH,2019-01-29,Shock,UpTrend,2019-01-29 13:05:00+08:00,2019-01-29 13:10:00+08:00,25,13.0,19.0,2019-01-29 13:40:00+08:00,True,486,oracle,
oracle_center_v2,000852.SH,2019-01-29,UpTrend,Shock,2019-01-29 13:15:00+08:00,2019-01-29 13:20:00+08:00,27,15.0,21.0,2019-01-29 13:50:00+08:00,True,487,oracle,
oracle_center_v2,000852.SH,2019-01-31,DownTrend,Shock,2019-01-31 13:35:00+08:00,2019-01-31 13:40:00+08:00,31,19.0,25.0,2019-01-31 14:10:00+08:00,True,488,oracle,
oracle_center_v2,000852.SH,2019-02-12,UpTrend,DownTrend,2019-02-12 13:10:00+08:00,2019-02-12 13:15:00+08:00,26,14.0,20.0,2019-02-12 13:45:00+08:00,True,489,oracle,
oracle_center_v2,000852.SH,2019-02-19,UpTrend,Shock,2019-02-19 11:00:00+08:00,2019-02-19 11:05:00+08:00,18,6.0,12.0,2019-02-19 13:05:00+08:00,True,490,oracle,
oracle_center_v2,000852.SH,2019-02-20,Range,DownTrend,2019-02-20 11:05:00+08:00,2019-02-20 11:10:00+08:00,19,7.0,13.0,2019-02-20 13:10:00+08:00,True,491,oracle,
oracle_center_v2,000852.SH,2019-02-20,DownTrend,UpTrend,2019-02-20 13:35:00+08:00,2019-02-20 13:40:00+08:00,31,19.0,25.0,2019-02-20 14:10:00+08:00,True,492,oracle,
oracle_center_v2,000852.SH,2019-02-21,UpTrend,Shock,2019-02-21 13:20:00+08:00,2019-02-21 13:25:00+08:00,28,16.0,22.0,2019-02-21 13:55:00+08:00,True,493,oracle,
oracle_center_v2,000852.SH,2019-02-25,Shock,UpTrend,2019-02-25 10:55:00+08:00,2019-02-25 11:00:00+08:00,17,5.0,11.0,2019-02-25 11:30:00+08:00,True,494,oracle,
oracle_center_v2,000852.SH,2019-02-25,UpTrend,Shock,2019-02-25 11:05:00+08:00,2019-02-25 11:10:00+08:00,19,7.0,13.0,2019-02-25 13:10:00+08:00,True,495,oracle,
oracle_center_v2,000852.SH,2019-02-27,UpTrend,Shock,2019-02-27 13:25:00+08:00,2019-02-27 13:30:00+08:00,29,17.0,23.0,2019-02-27 14:00:00+08:00,True,496,oracle,
oracle_center_v2,000852.SH,2019-03-04,UpTrend,Shock,2019-03-04 13:40:00+08:00,2019-03-04 13:45:00+08:00,32,20.0,26.0,2019-03-04 14:15:00+08:00,True,497,oracle,
oracle_center_v2,000852.SH,2019-03-05,Range,UpTrend,2019-03-05 13:40:00+08:00,2019-03-05 13:45:00+08:00,32,20.0,26.0,2019-03-05 14:15:00+08:00,True,498,oracle,
oracle_center_v2,000852.SH,2019-03-06,UpTrend,Shock,2019-03-06 13:35:00+08:00,2019-03-06 13:40:00+08:00,31,19.0,25.0,2019-03-06 14:10:00+08:00,True,499,oracle,
oracle_center_v2,000852.SH,2019-03-07,Shock,UpTrend,2019-03-07 13:35:00+08:00,2019-03-07 13:40:00+08:00,31,19.0,25.0,2019-03-07 14:10:00+08:00,True,500,oracle,
oracle_center_v2,000852.SH,2019-03-08,Shock,DownTrend,2019-03-08 11:10:00+08:00,2019-03-08 11:15:00+08:00,20,8.0,14.0,2019-03-08 13:15:00+08:00,True,501,oracle,
oracle_center_v2,000852.SH,2019-03-08,DownTrend,Shock,2019-03-08 13:30:00+08:00,2019-03-08 13:35:00+08:00,30,18.0,24.0,2019-03-08 14:05:00+08:00,True,502,oracle,
oracle_center_v2,000852.SH,2019-03-13,DownTrend,Shock,2019-03-13 13:55:00+08:00,2019-03-13 14:00:00+08:00,35,23.0,29.0,2019-03-13 14:30:00+08:00,True,503,oracle,
oracle_center_v2,000852.SH,2019-03-20,Range,DownTrend,2019-03-20 11:00:00+08:00,2019-03-20 11:05:00+08:00,18,6.0,12.0,2019-03-20 13:05:00+08:00,True,504,oracle,
oracle_center_v2,000852.SH,2019-03-20,DownTrend,Range,2019-03-20 13:15:00+08:00,2019-03-20 13:20:00+08:00,27,15.0,21.0,2019-03-20 13:50:00+08:00,True,505,oracle,
oracle_center_v2,000852.SH,2019-03-21,UpTrend,Range,2019-03-21 13:30:00+08:00,2019-03-21 13:35:00+08:00,30,18.0,24.0,2019-03-21 14:05:00+08:00,True,506,oracle,
oracle_center_v2,000852.SH,2019-03-22,Range,UpTrend,2019-03-22 13:15:00+08:00,2019-03-22 13:20:00+08:00,27,15.0,21.0,2019-03-22 13:50:00+08:00,True,507,oracle,
oracle_center_v2,000852.SH,2019-03-26,DownTrend,Range,2019-03-26 13:40:00+08:00,2019-03-26 13:45:00+08:00,32,20.0,26.0,2019-03-26 14:15:00+08:00,True,508,oracle,
oracle_center_v2,000852.SH,2019-03-28,Range,DownTrend,2019-03-28 11:25:00+08:00,2019-03-28 11:30:00+08:00,23,11.0,17.0,2019-03-28 13:30:00+08:00,True,509,oracle,
oracle_center_v2,000852.SH,2019-03-29,UpTrend,Range,2019-03-29 13:35:00+08:00,2019-03-29 13:40:00+08:00,31,19.0,25.0,2019-03-29 14:10:00+08:00,True,510,oracle,
oracle_center_v2,000852.SH,2019-04-08,DownTrend,Shock,2019-04-08 11:25:00+08:00,2019-04-08 11:30:00+08:00,23,11.0,17.0,2019-04-08 13:30:00+08:00,True,511,oracle,
oracle_center_v2,000852.SH,2019-04-08,Shock,UpTrend,2019-04-08 13:50:00+08:00,2019-04-08 13:55:00+08:00,34,22.0,28.0,2019-04-08 14:25:00+08:00,True,512,oracle,
oracle_center_v2,000852.SH,2019-04-09,UpTrend,DownTrend,2019-04-09 13:35:00+08:00,2019-04-09 13:40:00+08:00,31,19.0,25.0,2019-04-09 14:10:00+08:00,True,513,oracle,
oracle_center_v2,000852.SH,2019-04-12,Range,DownTrend,2019-04-12 13:40:00+08:00,2019-04-12 13:45:00+08:00,32,20.0,26.0,2019-04-12 14:15:00+08:00,True,514,oracle,
oracle_center_v2,000852.SH,2019-04-16,Range,UpTrend,2019-04-16 11:30:00+08:00,2019-04-16 13:05:00+08:00,24,12.0,18.0,2019-04-16 13:35:00+08:00,True,515,oracle,
oracle_center_v2,000852.SH,2019-04-22,DownTrend,Range,2019-04-22 13:30:00+08:00,2019-04-22 13:35:00+08:00,30,18.0,24.0,2019-04-22 14:05:00+08:00,True,516,oracle,
oracle_center_v2,000852.SH,2019-04-23,Shock,UpTrend,2019-04-23 13:15:00+08:00,2019-04-23 13:20:00+08:00,27,15.0,21.0,2019-04-23 13:50:00+08:00,True,517,oracle,
oracle_center_v2,000852.SH,2019-04-24,Shock,UpTrend,2019-04-24 13:10:00+08:00,2019-04-24 13:15:00+08:00,26,14.0,20.0,2019-04-24 13:45:00+08:00,True,518,oracle,
oracle_center_v2,000852.SH,2019-05-06,Shock,DownTrend,2019-05-06 13:05:00+08:00,2019-05-06 13:10:00+08:00,25,13.0,19.0,2019-05-06 13:40:00+08:00,True,519,oracle,
oracle_center_v2,000852.SH,2019-05-06,DownTrend,Shock,2019-05-06 13:25:00+08:00,2019-05-06 13:30:00+08:00,29,17.0,23.0,2019-05-06 14:00:00+08:00,True,520,oracle,
oracle_center_v2,000852.SH,2019-05-07,DownTrend,Shock,2019-05-07 13:15:00+08:00,2019-05-07 13:20:00+08:00,27,15.0,21.0,2019-05-07 13:50:00+08:00,True,521,oracle,
oracle_center_v2,000852.SH,2019-05-09,UpTrend,DownTrend,2019-05-09 13:50:00+08:00,2019-05-09 13:55:00+08:00,34,22.0,28.0,2019-05-09 14:25:00+08:00,True,522,oracle,
oracle_center_v2,000852.SH,2019-05-10,DownTrend,Shock,2019-05-10 11:05:00+08:00,2019-05-10 11:10:00+08:00,19,7.0,13.0,2019-05-10 13:10:00+08:00,True,523,oracle,
oracle_center_v2,000852.SH,2019-05-10,Shock,UpTrend,2019-05-10 13:40:00+08:00,2019-05-10 13:45:00+08:00,32,20.0,26.0,2019-05-10 14:15:00+08:00,True,524,oracle,
oracle_center_v2,000852.SH,2019-05-13,Range,DownTrend,2019-05-13 13:45:00+08:00,2019-05-13 13:50:00+08:00,33,21.0,27.0,2019-05-13 14:20:00+08:00,True,525,oracle,
oracle_center_v2,000852.SH,2019-05-22,Range,DownTrend,2019-05-22 13:10:00+08:00,2019-05-22 13:15:00+08:00,26,14.0,20.0,2019-05-22 13:45:00+08:00,True,526,oracle,
oracle_center_v2,000852.SH,2019-05-24,DownTrend,Range,2019-05-24 13:35:00+08:00,2019-05-24 13:40:00+08:00,31,19.0,25.0,2019-05-24 14:10:00+08:00,True,527,oracle,
oracle_center_v2,000852.SH,2019-05-27,UpTrend,Shock,2019-05-27 13:05:00+08:00,2019-05-27 13:10:00+08:00,25,13.0,19.0,2019-05-27 13:40:00+08:00,True,528,oracle,
oracle_center_v2,000852.SH,2019-06-03,DownTrend,Range,2019-06-03 11:00:00+08:00,2019-06-03 11:05:00+08:00,18,6.0,12.0,2019-06-03 13:05:00+08:00,True,529,oracle,
oracle_center_v2,000852.SH,2019-06-03,Range,UpTrend,2019-06-03 13:30:00+08:00,2019-06-03 13:35:00+08:00,30,18.0,24.0,2019-06-03 14:05:00+08:00,True,530,oracle,
oracle_center_v2,000852.SH,2019-06-05,UpTrend,Range,2019-06-05 13:30:00+08:00,2019-06-05 13:35:00+08:00,30,18.0,24.0,2019-06-05 14:05:00+08:00,True,531,oracle,
oracle_center_v2,000852.SH,2019-06-13,Shock,UpTrend,2019-06-13 13:10:00+08:00,2019-06-13 13:15:00+08:00,26,14.0,20.0,2019-06-13 13:45:00+08:00,True,532,oracle,
oracle_center_v2,000852.SH,2019-06-17,Range,UpTrend,2019-06-17 13:30:00+08:00,2019-06-17 13:35:00+08:00,30,18.0,24.0,2019-06-17 14:05:00+08:00,True,533,oracle,
oracle_center_v2,000852.SH,2019-06-19,Range,UpTrend,2019-06-19 11:20:00+08:00,2019-06-19 11:25:00+08:00,22,10.0,16.0,2019-06-19 13:25:00+08:00,True,534,oracle,
oracle_center_v2,000852.SH,2019-06-19,UpTrend,DownTrend,2019-06-19 13:45:00+08:00,2019-06-19 13:50:00+08:00,33,21.0,27.0,2019-06-19 14:20:00+08:00,True,535,oracle,
oracle_center_v2,000852.SH,2019-06-21,UpTrend,DownTrend,2019-06-21 13:05:00+08:00,2019-06-21 13:10:00+08:00,25,13.0,19.0,2019-06-21 13:40:00+08:00,True,536,oracle,
oracle_center_v2,000852.SH,2019-06-24,DownTrend,Range,2019-06-24 13:35:00+08:00,2019-06-24 13:40:00+08:00,31,19.0,25.0,2019-06-24 14:10:00+08:00,True,537,oracle,
oracle_center_v2,000852.SH,2019-06-25,DownTrend,Range,2019-06-25 13:55:00+08:00,2019-06-25 14:00:00+08:00,35,23.0,29.0,2019-06-25 14:30:00+08:00,True,538,oracle,
oracle_center_v2,000852.SH,2019-06-28,Shock,Range,2019-06-28 13:35:00+08:00,2019-06-28 13:40:00+08:00,31,19.0,25.0,2019-06-28 14:10:00+08:00,True,539,oracle,
oracle_center_v2,000852.SH,2019-07-01,UpTrend,DownTrend,2019-07-01 13:05:00+08:00,2019-07-01 13:10:00+08:00,25,13.0,19.0,2019-07-01 13:40:00+08:00,True,540,oracle,
oracle_center_v2,000852.SH,2019-07-01,DownTrend,UpTrend,2019-07-01 13:35:00+08:00,2019-07-01 13:40:00+08:00,31,19.0,25.0,2019-07-01 14:10:00+08:00,True,541,oracle,
oracle_center_v2,000852.SH,2019-07-02,Range,DownTrend,2019-07-02 11:20:00+08:00,2019-07-02 11:25:00+08:00,22,10.0,16.0,2019-07-02 13:25:00+08:00,True,542,oracle,
oracle_center_v2,000852.SH,2019-07-05,Range,UpTrend,2019-07-05 11:30:00+08:00,2019-07-05 13:05:00+08:00,24,12.0,18.0,2019-07-05 13:35:00+08:00,True,543,oracle,
oracle_center_v2,000852.SH,2019-07-08,Shock,DownTrend,2019-07-08 13:20:00+08:00,2019-07-08 13:25:00+08:00,28,16.0,22.0,2019-07-08 13:55:00+08:00,True,544,oracle,
oracle_center_v2,000852.SH,2019-07-09,Range,UpTrend,2019-07-09 13:45:00+08:00,2019-07-09 13:50:00+08:00,33,21.0,27.0,2019-07-09 14:20:00+08:00,True,545,oracle,
oracle_center_v2,000852.SH,2019-07-17,Range,UpTrend,2019-07-17 11:20:00+08:00,2019-07-17 11:25:00+08:00,22,10.0,16.0,2019-07-17 13:25:00+08:00,True,546,oracle,
oracle_center_v2,000852.SH,2019-07-17,UpTrend,DownTrend,2019-07-17 13:50:00+08:00,2019-07-17 13:55:00+08:00,34,22.0,28.0,2019-07-17 14:25:00+08:00,True,547,oracle,
oracle_center_v2,000852.SH,2019-07-22,DownTrend,UpTrend,2019-07-22 13:05:00+08:00,2019-07-22 13:10:00+08:00,25,13.0,19.0,2019-07-22 13:40:00+08:00,True,548,oracle,
oracle_center_v2,000852.SH,2019-07-22,UpTrend,DownTrend,2019-07-22 13:25:00+08:00,2019-07-22 13:30:00+08:00,29,17.0,23.0,2019-07-22 14:00:00+08:00,True,549,oracle,
oracle_center_v2,000852.SH,2019-07-24,UpTrend,DownTrend,2019-07-24 13:05:00+08:00,2019-07-24 13:10:00+08:00,25,13.0,19.0,2019-07-24 13:40:00+08:00,True,550,oracle,
oracle_center_v2,000852.SH,2019-07-26,DownTrend,UpTrend,2019-07-26 13:15:00+08:00,2019-07-26 13:20:00+08:00,27,15.0,21.0,2019-07-26 13:50:00+08:00,True,551,oracle,
oracle_center_v2,000852.SH,2019-07-29,DownTrend,UpTrend,2019-07-29 13:55:00+08:00,2019-07-29 14:00:00+08:00,35,23.0,29.0,2019-07-29 14:30:00+08:00,True,552,oracle,
oracle_center_v2,000852.SH,2019-07-30,UpTrend,DownTrend,2019-07-30 13:25:00+08:00,2019-07-30 13:30:00+08:00,29,17.0,23.0,2019-07-30 14:00:00+08:00,True,553,oracle,
oracle_center_v2,000852.SH,2019-08-01,Range,DownTrend,2019-08-01 13:25:00+08:00,2019-08-01 13:30:00+08:00,29,17.0,23.0,2019-08-01 14:00:00+08:00,True,554,oracle,
oracle_center_v2,000852.SH,2019-08-02,Shock,UpTrend,2019-08-02 13:35:00+08:00,2019-08-02 13:40:00+08:00,31,19.0,25.0,2019-08-02 14:10:00+08:00,True,555,oracle,
oracle_center_v2,000852.SH,2019-08-07,DownTrend,UpTrend,2019-08-07 11:25:00+08:00,2019-08-07 11:30:00+08:00,23,11.0,17.0,2019-08-07 13:30:00+08:00,True,556,oracle,
oracle_center_v2,000852.SH,2019-08-09,DownTrend,Shock,2019-08-09 10:45:00+08:00,2019-08-09 10:50:00+08:00,15,3.0,9.0,2019-08-09 11:20:00+08:00,True,557,oracle,
oracle_center_v2,000852.SH,2019-08-09,Shock,Range,2019-08-09 11:30:00+08:00,2019-08-09 13:05:00+08:00,24,12.0,18.0,2019-08-09 13:35:00+08:00,True,558,oracle,
oracle_center_v2,000852.SH,2019-08-12,DownTrend,UpTrend,2019-08-12 13:20:00+08:00,2019-08-12 13:25:00+08:00,28,16.0,22.0,2019-08-12 13:55:00+08:00,True,559,oracle,
oracle_center_v2,000852.SH,2019-08-15,UpTrend,Shock,2019-08-15 13:45:00+08:00,2019-08-15 13:50:00+08:00,33,21.0,27.0,2019-08-15 14:20:00+08:00,True,560,oracle,
oracle_center_v2,000852.SH,2019-08-16,UpTrend,Range,2019-08-16 13:40:00+08:00,2019-08-16 13:45:00+08:00,32,20.0,26.0,2019-08-16 14:15:00+08:00,True,561,oracle,
oracle_center_v2,000852.SH,2019-08-20,UpTrend,DownTrend,2019-08-20 13:15:00+08:00,2019-08-20 13:20:00+08:00,27,15.0,21.0,2019-08-20 13:50:00+08:00,True,562,oracle,
oracle_center_v2,000852.SH,2019-08-22,DownTrend,UpTrend,2019-08-22 13:50:00+08:00,2019-08-22 13:55:00+08:00,34,22.0,28.0,2019-08-22 14:25:00+08:00,True,563,oracle,
oracle_center_v2,000852.SH,2019-08-26,UpTrend,Range,2019-08-26 13:15:00+08:00,2019-08-26 13:20:00+08:00,27,15.0,21.0,2019-08-26 13:50:00+08:00,True,564,oracle,
oracle_center_v2,000852.SH,2019-08-27,UpTrend,Range,2019-08-27 11:00:00+08:00,2019-08-27 11:05:00+08:00,18,6.0,12.0,2019-08-27 13:05:00+08:00,True,565,oracle,
oracle_center_v2,000852.SH,2019-08-27,Range,DownTrend,2019-08-27 13:30:00+08:00,2019-08-27 13:35:00+08:00,30,18.0,24.0,2019-08-27 14:05:00+08:00,True,566,oracle,
oracle_center_v2,000852.SH,2019-08-30,DownTrend,Shock,2019-08-30 13:25:00+08:00,2019-08-30 13:30:00+08:00,29,17.0,23.0,2019-08-30 14:00:00+08:00,True,567,oracle,
oracle_center_v2,000852.SH,2019-09-03,UpTrend,Range,2019-09-03 13:40:00+08:00,2019-09-03 13:45:00+08:00,32,20.0,26.0,2019-09-03 14:15:00+08:00,True,568,oracle,
oracle_center_v2,000852.SH,2019-09-05,UpTrend,DownTrend,2019-09-05 13:45:00+08:00,2019-09-05 13:50:00+08:00,33,21.0,27.0,2019-09-05 14:20:00+08:00,True,569,oracle,
oracle_center_v2,000852.SH,2019-09-10,Shock,UpTrend,2019-09-10 11:25:00+08:00,2019-09-10 11:30:00+08:00,23,11.0,17.0,2019-09-10 13:30:00+08:00,True,570,oracle,
oracle_center_v2,000852.SH,2019-09-17,Shock,DownTrend,2019-09-17 11:10:00+08:00,2019-09-17 11:15:00+08:00,20,8.0,14.0,2019-09-17 13:15:00+08:00,True,571,oracle,
oracle_center_v2,000852.SH,2019-09-17,DownTrend,Shock,2019-09-17 11:30:00+08:00,2019-09-17 13:05:00+08:00,24,12.0,18.0,2019-09-17 13:35:00+08:00,True,572,oracle,
oracle_center_v2,000852.SH,2019-09-19,UpTrend,DownTrend,2019-09-19 13:05:00+08:00,2019-09-19 13:10:00+08:00,25,13.0,19.0,2019-09-19 13:40:00+08:00,True,573,oracle,
oracle_center_v2,000852.SH,2019-09-19,DownTrend,UpTrend,2019-09-19 13:35:00+08:00,2019-09-19 13:40:00+08:00,31,19.0,25.0,2019-09-19 14:10:00+08:00,True,574,oracle,
oracle_center_v2,000852.SH,2019-09-20,DownTrend,UpTrend,2019-09-20 13:10:00+08:00,2019-09-20 13:15:00+08:00,26,14.0,20.0,2019-09-20 13:45:00+08:00,True,575,oracle,
oracle_center_v2,000852.SH,2019-09-23,Range,DownTrend,2019-09-23 11:15:00+08:00,2019-09-23 11:20:00+08:00,21,9.0,15.0,2019-09-23 13:20:00+08:00,True,576,oracle,
oracle_center_v2,000852.SH,2019-09-24,UpTrend,DownTrend,2019-09-24 13:50:00+08:00,2019-09-24 13:55:00+08:00,34,22.0,28.0,2019-09-24 14:25:00+08:00,True,577,oracle,
oracle_center_v2,000852.SH,2019-09-25,Shock,Range,2019-09-25 11:00:00+08:00,2019-09-25 11:05:00+08:00,18,6.0,12.0,2019-09-25 13:05:00+08:00,True,578,oracle,
oracle_center_v2,000852.SH,2019-09-25,Range,DownTrend,2019-09-25 13:20:00+08:00,2019-09-25 13:25:00+08:00,28,16.0,22.0,2019-09-25 13:55:00+08:00,True,579,oracle,
oracle_center_v2,000852.SH,2019-09-30,DownTrend,UpTrend,2019-09-30 11:25:00+08:00,2019-09-30 11:30:00+08:00,23,11.0,17.0,2019-09-30 13:30:00+08:00,True,580,oracle,
oracle_center_v2,000852.SH,2019-10-08,Range,DownTrend,2019-10-08 13:10:00+08:00,2019-10-08 13:15:00+08:00,26,14.0,20.0,2019-10-08 13:45:00+08:00,True,581,oracle,
oracle_center_v2,000852.SH,2019-10-18,DownTrend,Shock,2019-10-18 13:05:00+08:00,2019-10-18 13:10:00+08:00,25,13.0,19.0,2019-10-18 13:40:00+08:00,True,582,oracle,
oracle_center_v2,000852.SH,2019-10-22,DownTrend,UpTrend,2019-10-22 13:40:00+08:00,2019-10-22 13:45:00+08:00,32,20.0,26.0,2019-10-22 14:15:00+08:00,True,583,oracle,
oracle_center_v2,000852.SH,2019-10-23,Range,DownTrend,2019-10-23 13:50:00+08:00,2019-10-23 13:55:00+08:00,34,22.0,28.0,2019-10-23 14:25:00+08:00,True,584,oracle,
oracle_center_v2,000852.SH,2019-10-24,DownTrend,Range,2019-10-24 13:30:00+08:00,2019-10-24 13:35:00+08:00,30,18.0,24.0,2019-10-24 14:05:00+08:00,True,585,oracle,
oracle_center_v2,000852.SH,2019-10-24,Range,Shock,2019-10-24 13:55:00+08:00,2019-10-24 14:00:00+08:00,35,23.0,29.0,2019-10-24 14:30:00+08:00,True,586,oracle,
oracle_center_v2,000852.SH,2019-10-25,Shock,UpTrend,2019-10-25 11:25:00+08:00,2019-10-25 11:30:00+08:00,23,11.0,17.0,2019-10-25 13:30:00+08:00,True,587,oracle,
oracle_center_v2,000852.SH,2019-11-05,Shock,UpTrend,2019-11-05 11:10:00+08:00,2019-11-05 11:15:00+08:00,20,8.0,14.0,2019-11-05 13:15:00+08:00,True,588,oracle,
oracle_center_v2,000852.SH,2019-11-05,UpTrend,Range,2019-11-05 13:40:00+08:00,2019-11-05 13:45:00+08:00,32,20.0,26.0,2019-11-05 14:15:00+08:00,True,589,oracle,
oracle_center_v2,000852.SH,2019-11-07,DownTrend,Range,2019-11-07 13:20:00+08:00,2019-11-07 13:25:00+08:00,28,16.0,22.0,2019-11-07 13:55:00+08:00,True,590,oracle,
oracle_center_v2,000852.SH,2019-11-12,UpTrend,Shock,2019-11-12 13:10:00+08:00,2019-11-12 13:15:00+08:00,26,14.0,20.0,2019-11-12 13:45:00+08:00,True,591,oracle,
oracle_center_v2,000852.SH,2019-11-13,UpTrend,DownTrend,2019-11-13 13:10:00+08:00,2019-11-13 13:15:00+08:00,26,14.0,20.0,2019-11-13 13:45:00+08:00,True,592,oracle,
oracle_center_v2,000852.SH,2019-11-18,UpTrend,Range,2019-11-18 13:40:00+08:00,2019-11-18 13:45:00+08:00,32,20.0,26.0,2019-11-18 14:15:00+08:00,True,593,oracle,
oracle_center_v2,000852.SH,2019-11-21,DownTrend,Range,2019-11-21 13:30:00+08:00,2019-11-21 13:35:00+08:00,30,18.0,24.0,2019-11-21 14:05:00+08:00,True,594,oracle,
oracle_center_v2,000852.SH,2019-11-22,Shock,Range,2019-11-22 13:25:00+08:00,2019-11-22 13:30:00+08:00,29,17.0,23.0,2019-11-22 14:00:00+08:00,True,595,oracle,
oracle_center_v2,000852.SH,2019-11-25,DownTrend,UpTrend,2019-11-25 13:25:00+08:00,2019-11-25 13:30:00+08:00,29,17.0,23.0,2019-11-25 14:00:00+08:00,True,596,oracle,
oracle_center_v2,000852.SH,2019-11-28,Range,DownTrend,2019-11-28 11:10:00+08:00,2019-11-28 11:15:00+08:00,20,8.0,14.0,2019-11-28 13:15:00+08:00,True,597,oracle,
oracle_center_v2,000852.SH,2019-11-29,DownTrend,Range,2019-11-29 13:30:00+08:00,2019-11-29 13:35:00+08:00,30,18.0,24.0,2019-11-29 14:05:00+08:00,True,598,oracle,
oracle_center_v2,000852.SH,2019-12-04,DownTrend,Range,2019-12-04 11:20:00+08:00,2019-12-04 11:25:00+08:00,22,10.0,16.0,2019-12-04 13:25:00+08:00,True,599,oracle,
oracle_center_v2,000852.SH,2019-12-06,DownTrend,UpTrend,2019-12-06 11:15:00+08:00,2019-12-06 11:20:00+08:00,21,9.0,15.0,2019-12-06 13:20:00+08:00,True,600,oracle,
oracle_center_v2,000852.SH,2019-12-06,UpTrend,Range,2019-12-06 13:25:00+08:00,2019-12-06 13:30:00+08:00,29,17.0,23.0,2019-12-06 14:00:00+08:00,True,601,oracle,
oracle_center_v2,000852.SH,2019-12-11,UpTrend,Range,2019-12-11 13:40:00+08:00,2019-12-11 13:45:00+08:00,32,20.0,26.0,2019-12-11 14:15:00+08:00,True,602,oracle,
oracle_center_v2,000852.SH,2019-12-17,UpTrend,Shock,2019-12-17 11:15:00+08:00,2019-12-17 11:20:00+08:00,21,9.0,15.0,2019-12-17 13:20:00+08:00,True,603,oracle,
oracle_center_v2,000852.SH,2019-12-18,DownTrend,UpTrend,2019-12-18 11:30:00+08:00,2019-12-18 13:05:00+08:00,24,12.0,18.0,2019-12-18 13:35:00+08:00,True,604,oracle,
oracle_center_v2,000852.SH,2019-12-18,UpTrend,Shock,2019-12-18 13:35:00+08:00,2019-12-18 13:40:00+08:00,31,19.0,25.0,2019-12-18 14:10:00+08:00,True,605,oracle,
oracle_center_v2,000852.SH,2019-12-20,Shock,UpTrend,2019-12-20 11:00:00+08:00,2019-12-20 11:05:00+08:00,18,6.0,12.0,2019-12-20 13:05:00+08:00,True,606,oracle,
oracle_center_v2,000852.SH,2019-12-20,UpTrend,DownTrend,2019-12-20 13:35:00+08:00,2019-12-20 13:40:00+08:00,31,19.0,25.0,2019-12-20 14:10:00+08:00,True,607,oracle,
oracle_center_v2,000852.SH,2019-12-23,Shock,DownTrend,2019-12-23 13:50:00+08:00,2019-12-23 13:55:00+08:00,34,22.0,28.0,2019-12-23 14:25:00+08:00,True,608,oracle,
oracle_center_v2,000852.SH,2019-12-25,UpTrend,Shock,2019-12-25 13:55:00+08:00,2019-12-25 14:00:00+08:00,35,23.0,29.0,2019-12-25 14:30:00+08:00,True,609,oracle,
oracle_center_v2,000852.SH,2019-12-27,UpTrend,Shock,2019-12-27 13:05:00+08:00,2019-12-27 13:10:00+08:00,25,13.0,19.0,2019-12-27 13:40:00+08:00,True,610,oracle,
oracle_center_v2,000852.SH,2019-12-30,Shock,UpTrend,2019-12-30 11:25:00+08:00,2019-12-30 11:30:00+08:00,23,11.0,17.0,2019-12-30 13:30:00+08:00,True,611,oracle,
oracle_center_v2,000852.SH,2020-01-03,Range,UpTrend,2020-01-03 13:40:00+08:00,2020-01-03 13:45:00+08:00,32,20.0,26.0,2020-01-03 14:15:00+08:00,True,612,oracle,
oracle_center_v2,000852.SH,2020-01-06,UpTrend,Shock,2020-01-06 13:05:00+08:00,2020-01-06 13:10:00+08:00,25,13.0,19.0,2020-01-06 13:40:00+08:00,True,613,oracle,
oracle_center_v2,000852.SH,2020-01-08,DownTrend,Shock,2020-01-08 13:10:00+08:00,2020-01-08 13:15:00+08:00,26,14.0,20.0,2020-01-08 13:45:00+08:00,True,614,oracle,
oracle_center_v2,000852.SH,2020-01-09,DownTrend,UpTrend,2020-01-09 13:20:00+08:00,2020-01-09 13:25:00+08:00,28,16.0,22.0,2020-01-09 13:55:00+08:00,True,615,oracle,
oracle_center_v2,000852.SH,2020-01-10,Range,UpTrend,2020-01-10 13:55:00+08:00,2020-01-10 14:00:00+08:00,35,23.0,29.0,2020-01-10 14:30:00+08:00,True,616,oracle,
oracle_center_v2,000852.SH,2020-01-13,UpTrend,Range,2020-01-13 13:35:00+08:00,2020-01-13 13:40:00+08:00,31,19.0,25.0,2020-01-13 14:10:00+08:00,True,617,oracle,
oracle_center_v2,000852.SH,2020-01-16,UpTrend,DownTrend,2020-01-16 13:40:00+08:00,2020-01-16 13:45:00+08:00,32,20.0,26.0,2020-01-16 14:15:00+08:00,True,618,oracle,
oracle_center_v2,000852.SH,2020-01-17,DownTrend,Range,2020-01-17 13:30:00+08:00,2020-01-17 13:35:00+08:00,30,18.0,24.0,2020-01-17 14:05:00+08:00,True,619,oracle,
oracle_center_v2,000852.SH,2020-01-17,Range,UpTrend,2020-01-17 13:55:00+08:00,2020-01-17 14:00:00+08:00,35,23.0,29.0,2020-01-17 14:30:00+08:00,True,620,oracle,
oracle_center_v2,000852.SH,2020-01-22,Shock,UpTrend,2020-01-22 11:25:00+08:00,2020-01-22 11:30:00+08:00,23,11.0,17.0,2020-01-22 13:30:00+08:00,True,621,oracle,
oracle_center_v2,000852.SH,2020-01-22,UpTrend,Shock,2020-01-22 13:05:00+08:00,2020-01-22 13:10:00+08:00,25,13.0,19.0,2020-01-22 13:40:00+08:00,True,622,oracle,
oracle_center_v2,000852.SH,2020-02-03,DownTrend,UpTrend,2020-02-03 11:20:00+08:00,2020-02-03 11:25:00+08:00,22,10.0,16.0,2020-02-03 13:25:00+08:00,True,623,oracle,
oracle_center_v2,000852.SH,2020-02-03,UpTrend,DownTrend,2020-02-03 13:50:00+08:00,2020-02-03 13:55:00+08:00,34,22.0,28.0,2020-02-03 14:25:00+08:00,True,624,oracle,
oracle_center_v2,000852.SH,2020-02-05,Shock,DownTrend,2020-02-05 13:05:00+08:00,2020-02-05 13:10:00+08:00,25,13.0,19.0,2020-02-05 13:40:00+08:00,True,625,oracle,
oracle_center_v2,000852.SH,2020-02-07,Shock,UpTrend,2020-02-07 11:30:00+08:00,2020-02-07 13:05:00+08:00,24,12.0,18.0,2020-02-07 13:35:00+08:00,True,626,oracle,
oracle_center_v2,000852.SH,2020-02-10,DownTrend,UpTrend,2020-02-10 13:30:00+08:00,2020-02-10 13:35:00+08:00,30,18.0,24.0,2020-02-10 14:05:00+08:00,True,627,oracle,
oracle_center_v2,000852.SH,2020-02-11,Range,UpTrend,2020-02-11 11:30:00+08:00,2020-02-11 13:05:00+08:00,24,12.0,18.0,2020-02-11 13:35:00+08:00,True,628,oracle,
oracle_center_v2,000852.SH,2020-02-14,Range,DownTrend,2020-02-14 11:30:00+08:00,2020-02-14 13:05:00+08:00,24,12.0,18.0,2020-02-14 13:35:00+08:00,True,629,oracle,
oracle_center_v2,000852.SH,2020-02-17,UpTrend,Range,2020-02-17 13:35:00+08:00,2020-02-17 13:40:00+08:00,31,19.0,25.0,2020-02-17 14:10:00+08:00,True,630,oracle,
oracle_center_v2,000852.SH,2020-02-20,UpTrend,Range,2020-02-20 13:40:00+08:00,2020-02-20 13:45:00+08:00,32,20.0,26.0,2020-02-20 14:15:00+08:00,True,631,oracle,
oracle_center_v2,000852.SH,2020-02-24,Shock,UpTrend,2020-02-24 10:55:00+08:00,2020-02-24 11:00:00+08:00,17,5.0,11.0,2020-02-24 11:30:00+08:00,True,632,oracle,
oracle_center_v2,000852.SH,2020-02-25,Shock,UpTrend,2020-02-25 13:35:00+08:00,2020-02-25 13:40:00+08:00,31,19.0,25.0,2020-02-25 14:10:00+08:00,True,633,oracle,
oracle_center_v2,000852.SH,2020-02-25,UpTrend,Shock,2020-02-25 13:45:00+08:00,2020-02-25 13:50:00+08:00,33,21.0,27.0,2020-02-25 14:20:00+08:00,True,634,oracle,
oracle_center_v2,000852.SH,2020-02-26,Shock,UpTrend,2020-02-26 11:25:00+08:00,2020-02-26 11:30:00+08:00,23,11.0,17.0,2020-02-26 13:30:00+08:00,True,635,oracle,
oracle_center_v2,000852.SH,2020-02-26,UpTrend,Shock,2020-02-26 13:55:00+08:00,2020-02-26 14:00:00+08:00,35,23.0,29.0,2020-02-26 14:30:00+08:00,True,636,oracle,
oracle_center_v2,000852.SH,2020-02-28,Shock,DownTrend,2020-02-28 10:55:00+08:00,2020-02-28 11:00:00+08:00,17,5.0,11.0,2020-02-28 11:30:00+08:00,True,637,oracle,
oracle_center_v2,000852.SH,2020-02-28,DownTrend,Shock,2020-02-28 13:05:00+08:00,2020-02-28 13:10:00+08:00,25,13.0,19.0,2020-02-28 13:40:00+08:00,True,638,oracle,
oracle_center_v2,000852.SH,2020-03-04,DownTrend,UpTrend,2020-03-04 13:55:00+08:00,2020-03-04 14:00:00+08:00,35,23.0,29.0,2020-03-04 14:30:00+08:00,True,639,oracle,
oracle_center_v2,000852.SH,2020-03-10,Shock,Range,2020-03-10 13:35:00+08:00,2020-03-10 13:40:00+08:00,31,19.0,25.0,2020-03-10 14:10:00+08:00,True,640,oracle,
oracle_center_v2,000852.SH,2020-03-11,Range,DownTrend,2020-03-11 13:20:00+08:00,2020-03-11 13:25:00+08:00,28,16.0,22.0,2020-03-11 13:55:00+08:00,True,641,oracle,
oracle_center_v2,000852.SH,2020-03-12,UpTrend,DownTrend,2020-03-12 11:15:00+08:00,2020-03-12 11:20:00+08:00,21,9.0,15.0,2020-03-12 13:20:00+08:00,True,642,oracle,
oracle_center_v2,000852.SH,2020-03-16,Range,DownTrend,2020-03-16 11:10:00+08:00,2020-03-16 11:15:00+08:00,20,8.0,14.0,2020-03-16 13:15:00+08:00,True,643,oracle,
oracle_center_v2,000852.SH,2020-03-16,DownTrend,Shock,2020-03-16 13:20:00+08:00,2020-03-16 13:25:00+08:00,28,16.0,22.0,2020-03-16 13:55:00+08:00,True,644,oracle,
oracle_center_v2,000852.SH,2020-03-17,Shock,Range,2020-03-17 13:20:00+08:00,2020-03-17 13:25:00+08:00,28,16.0,22.0,2020-03-17 13:55:00+08:00,True,645,oracle,
oracle_center_v2,000852.SH,2020-03-18,UpTrend,DownTrend,2020-03-18 11:30:00+08:00,2020-03-18 13:05:00+08:00,24,12.0,18.0,2020-03-18 13:35:00+08:00,True,646,oracle,
oracle_center_v2,000852.SH,2020-03-20,DownTrend,UpTrend,2020-03-20 13:40:00+08:00,2020-03-20 13:45:00+08:00,32,20.0,26.0,2020-03-20 14:15:00+08:00,True,647,oracle,
oracle_center_v2,000852.SH,2020-03-24,DownTrend,UpTrend,2020-03-24 13:55:00+08:00,2020-03-24 14:00:00+08:00,35,23.0,29.0,2020-03-24 14:30:00+08:00,True,648,oracle,
oracle_center_v2,000852.SH,2020-03-27,UpTrend,DownTrend,2020-03-27 13:25:00+08:00,2020-03-27 13:30:00+08:00,29,17.0,23.0,2020-03-27 14:00:00+08:00,True,649,oracle,
oracle_center_v2,000852.SH,2020-03-30,Range,UpTrend,2020-03-30 13:05:00+08:00,2020-03-30 13:10:00+08:00,25,13.0,19.0,2020-03-30 13:40:00+08:00,True,650,oracle,
oracle_center_v2,000852.SH,2020-03-30,UpTrend,Range,2020-03-30 13:40:00+08:00,2020-03-30 13:45:00+08:00,32,20.0,26.0,2020-03-30 14:15:00+08:00,True,651,oracle,
oracle_center_v2,000852.SH,2020-04-02,Range,UpTrend,2020-04-02 13:35:00+08:00,2020-04-02 13:40:00+08:00,31,19.0,25.0,2020-04-02 14:10:00+08:00,True,652,oracle,
oracle_center_v2,000852.SH,2020-04-10,DownTrend,Range,2020-04-10 13:50:00+08:00,2020-04-10 13:55:00+08:00,34,22.0,28.0,2020-04-10 14:25:00+08:00,True,653,oracle,
oracle_center_v2,000852.SH,2020-04-13,DownTrend,Range,2020-04-13 13:35:00+08:00,2020-04-13 13:40:00+08:00,31,19.0,25.0,2020-04-13 14:10:00+08:00,True,654,oracle,
oracle_center_v2,000852.SH,2020-04-14,Range,UpTrend,2020-04-14 13:25:00+08:00,2020-04-14 13:30:00+08:00,29,17.0,23.0,2020-04-14 14:00:00+08:00,True,655,oracle,
oracle_center_v2,000852.SH,2020-04-17,UpTrend,DownTrend,2020-04-17 13:40:00+08:00,2020-04-17 13:45:00+08:00,32,20.0,26.0,2020-04-17 14:15:00+08:00,True,656,oracle,
oracle_center_v2,000852.SH,2020-04-20,Shock,UpTrend,2020-04-20 13:40:00+08:00,2020-04-20 13:45:00+08:00,32,20.0,26.0,2020-04-20 14:15:00+08:00,True,657,oracle,
oracle_center_v2,000852.SH,2020-04-21,Range,UpTrend,2020-04-21 13:45:00+08:00,2020-04-21 13:50:00+08:00,33,21.0,27.0,2020-04-21 14:20:00+08:00,True,658,oracle,
oracle_center_v2,000852.SH,2020-04-24,DownTrend,Shock,2020-04-24 13:25:00+08:00,2020-04-24 13:30:00+08:00,29,17.0,23.0,2020-04-24 14:00:00+08:00,True,659,oracle,
oracle_center_v2,000852.SH,2020-04-28,Shock,UpTrend,2020-04-28 11:20:00+08:00,2020-04-28 11:25:00+08:00,22,10.0,16.0,2020-04-28 13:25:00+08:00,True,660,oracle,
oracle_center_v2,000852.SH,2020-04-28,UpTrend,Range,2020-04-28 13:45:00+08:00,2020-04-28 13:50:00+08:00,33,21.0,27.0,2020-04-28 14:20:00+08:00,True,661,oracle,
oracle_center_v2,000852.SH,2020-05-07,UpTrend,Range,2020-05-07 13:35:00+08:00,2020-05-07 13:40:00+08:00,31,19.0,25.0,2020-05-07 14:10:00+08:00,True,662,oracle,
oracle_center_v2,000852.SH,2020-05-12,DownTrend,UpTrend,2020-05-12 13:20:00+08:00,2020-05-12 13:25:00+08:00,28,16.0,22.0,2020-05-12 13:55:00+08:00,True,663,oracle,
oracle_center_v2,000852.SH,2020-05-19,Range,UpTrend,2020-05-19 13:50:00+08:00,2020-05-19 13:55:00+08:00,34,22.0,28.0,2020-05-19 14:25:00+08:00,True,664,oracle,
oracle_center_v2,000852.SH,2020-05-21,DownTrend,Shock,2020-05-21 11:30:00+08:00,2020-05-21 13:05:00+08:00,24,12.0,18.0,2020-05-21 13:35:00+08:00,True,665,oracle,
oracle_center_v2,000852.SH,2020-05-25,Shock,UpTrend,2020-05-25 11:10:00+08:00,2020-05-25 11:15:00+08:00,20,8.0,14.0,2020-05-25 13:15:00+08:00,True,666,oracle,
oracle_center_v2,000852.SH,2020-05-25,UpTrend,DownTrend,2020-05-25 13:50:00+08:00,2020-05-25 13:55:00+08:00,34,22.0,28.0,2020-05-25 14:25:00+08:00,True,667,oracle,
oracle_center_v2,000852.SH,2020-05-28,DownTrend,Shock,2020-05-28 11:05:00+08:00,2020-05-28 11:10:00+08:00,19,7.0,13.0,2020-05-28 13:10:00+08:00,True,668,oracle,
oracle_center_v2,000852.SH,2020-05-28,Shock,UpTrend,2020-05-28 13:50:00+08:00,2020-05-28 13:55:00+08:00,34,22.0,28.0,2020-05-28 14:25:00+08:00,True,669,oracle,
oracle_center_v2,000852.SH,2020-06-03,UpTrend,DownTrend,2020-06-03 13:45:00+08:00,2020-06-03 13:50:00+08:00,33,21.0,27.0,2020-06-03 14:20:00+08:00,True,670,oracle,
oracle_center_v2,000852.SH,2020-06-05,DownTrend,Range,2020-06-05 13:20:00+08:00,2020-06-05 13:25:00+08:00,28,16.0,22.0,2020-06-05 13:55:00+08:00,True,671,oracle,
oracle_center_v2,000852.SH,2020-06-05,Range,UpTrend,2020-06-05 13:45:00+08:00,2020-06-05 13:50:00+08:00,33,21.0,27.0,2020-06-05 14:20:00+08:00,True,672,oracle,
oracle_center_v2,000852.SH,2020-06-11,UpTrend,Shock,2020-06-11 11:10:00+08:00,2020-06-11 11:15:00+08:00,20,8.0,14.0,2020-06-11 13:15:00+08:00,True,673,oracle,
oracle_center_v2,000852.SH,2020-06-12,Shock,UpTrend,2020-06-12 13:25:00+08:00,2020-06-12 13:30:00+08:00,29,17.0,23.0,2020-06-12 14:00:00+08:00,True,674,oracle,
oracle_center_v2,000852.SH,2020-06-16,Range,UpTrend,2020-06-16 13:10:00+08:00,2020-06-16 13:15:00+08:00,26,14.0,20.0,2020-06-16 13:45:00+08:00,True,675,oracle,
oracle_center_v2,000852.SH,2020-06-17,Shock,UpTrend,2020-06-17 13:55:00+08:00,2020-06-17 14:00:00+08:00,35,23.0,29.0,2020-06-17 14:30:00+08:00,True,676,oracle,
oracle_center_v2,000852.SH,2020-06-29,DownTrend,Range,2020-06-29 13:25:00+08:00,2020-06-29 13:30:00+08:00,29,17.0,23.0,2020-06-29 14:00:00+08:00,True,677,oracle,
oracle_center_v2,000852.SH,2020-06-30,UpTrend,DownTrend,2020-06-30 13:40:00+08:00,2020-06-30 13:45:00+08:00,32,20.0,26.0,2020-06-30 14:15:00+08:00,True,678,oracle,
oracle_center_v2,000852.SH,2020-07-03,Shock,UpTrend,2020-07-03 11:00:00+08:00,2020-07-03 11:05:00+08:00,18,6.0,12.0,2020-07-03 13:05:00+08:00,True,679,oracle,
oracle_center_v2,000852.SH,2020-07-06,UpTrend,Shock,2020-07-06 11:05:00+08:00,2020-07-06 11:10:00+08:00,19,7.0,13.0,2020-07-06 13:10:00+08:00,True,680,oracle,
oracle_center_v2,000852.SH,2020-07-10,Shock,Range,2020-07-10 11:30:00+08:00,2020-07-10 13:05:00+08:00,24,12.0,18.0,2020-07-10 13:35:00+08:00,True,681,oracle,
oracle_center_v2,000852.SH,2020-07-15,Shock,UpTrend,2020-07-15 13:20:00+08:00,2020-07-15 13:25:00+08:00,28,16.0,22.0,2020-07-15 13:55:00+08:00,True,682,oracle,
oracle_center_v2,000852.SH,2020-07-16,Shock,DownTrend,2020-07-16 11:25:00+08:00,2020-07-16 11:30:00+08:00,23,11.0,17.0,2020-07-16 13:30:00+08:00,True,683,oracle,
oracle_center_v2,000852.SH,2020-07-16,DownTrend,Shock,2020-07-16 13:05:00+08:00,2020-07-16 13:10:00+08:00,25,13.0,19.0,2020-07-16 13:40:00+08:00,True,684,oracle,
oracle_center_v2,000852.SH,2020-07-17,DownTrend,Shock,2020-07-17 11:10:00+08:00,2020-07-17 11:15:00+08:00,20,8.0,14.0,2020-07-17 13:15:00+08:00,True,685,oracle,
oracle_center_v2,000852.SH,2020-07-21,DownTrend,UpTrend,2020-07-21 13:10:00+08:00,2020-07-21 13:15:00+08:00,26,14.0,20.0,2020-07-21 13:45:00+08:00,True,686,oracle,
oracle_center_v2,000852.SH,2020-07-22,UpTrend,Range,2020-07-22 11:25:00+08:00,2020-07-22 11:30:00+08:00,23,11.0,17.0,2020-07-22 13:30:00+08:00,True,687,oracle,
oracle_center_v2,000852.SH,2020-07-24,DownTrend,Shock,2020-07-24 11:05:00+08:00,2020-07-24 11:10:00+08:00,19,7.0,13.0,2020-07-24 13:10:00+08:00,True,688,oracle,
oracle_center_v2,000852.SH,2020-07-27,DownTrend,Range,2020-07-27 13:55:00+08:00,2020-07-27 14:00:00+08:00,35,23.0,29.0,2020-07-27 14:30:00+08:00,True,689,oracle,
oracle_center_v2,000852.SH,2020-08-04,Range,DownTrend,2020-08-04 11:15:00+08:00,2020-08-04 11:20:00+08:00,21,9.0,15.0,2020-08-04 13:20:00+08:00,True,690,oracle,
oracle_center_v2,000852.SH,2020-08-06,Shock,UpTrend,2020-08-06 11:15:00+08:00,2020-08-06 11:20:00+08:00,21,9.0,15.0,2020-08-06 13:20:00+08:00,True,691,oracle,
oracle_center_v2,000852.SH,2020-08-06,UpTrend,Range,2020-08-06 13:25:00+08:00,2020-08-06 13:30:00+08:00,29,17.0,23.0,2020-08-06 14:00:00+08:00,True,692,oracle,
oracle_center_v2,000852.SH,2020-08-07,Range,Shock,2020-08-07 11:05:00+08:00,2020-08-07 11:10:00+08:00,19,7.0,13.0,2020-08-07 13:10:00+08:00,True,693,oracle,
oracle_center_v2,000852.SH,2020-08-12,DownTrend,Range,2020-08-12 13:10:00+08:00,2020-08-12 13:15:00+08:00,26,14.0,20.0,2020-08-12 13:45:00+08:00,True,694,oracle,
oracle_center_v2,000852.SH,2020-08-12,Range,UpTrend,2020-08-12 13:50:00+08:00,2020-08-12 13:55:00+08:00,34,22.0,28.0,2020-08-12 14:25:00+08:00,True,695,oracle,
oracle_center_v2,000852.SH,2020-08-19,Range,DownTrend,2020-08-19 13:30:00+08:00,2020-08-19 13:35:00+08:00,30,18.0,24.0,2020-08-19 14:05:00+08:00,True,696,oracle,
oracle_center_v2,000852.SH,2020-08-21,UpTrend,DownTrend,2020-08-21 13:35:00+08:00,2020-08-21 13:40:00+08:00,31,19.0,25.0,2020-08-21 14:10:00+08:00,True,697,oracle,
oracle_center_v2,000852.SH,2020-08-24,Range,UpTrend,2020-08-24 11:25:00+08:00,2020-08-24 11:30:00+08:00,23,11.0,17.0,2020-08-24 13:30:00+08:00,True,698,oracle,
oracle_center_v2,000852.SH,2020-08-26,DownTrend,Shock,2020-08-26 11:00:00+08:00,2020-08-26 11:05:00+08:00,18,6.0,12.0,2020-08-26 13:05:00+08:00,True,699,oracle,
oracle_center_v2,000852.SH,2020-08-26,Shock,DownTrend,2020-08-26 13:45:00+08:00,2020-08-26 13:50:00+08:00,33,21.0,27.0,2020-08-26 14:20:00+08:00,True,700,oracle,
oracle_center_v2,000852.SH,2020-08-28,UpTrend,Range,2020-08-28 11:30:00+08:00,2020-08-28 13:05:00+08:00,24,12.0,18.0,2020-08-28 13:35:00+08:00,True,701,oracle,
oracle_center_v2,000852.SH,2020-08-28,Range,UpTrend,2020-08-28 13:25:00+08:00,2020-08-28 13:30:00+08:00,29,17.0,23.0,2020-08-28 14:00:00+08:00,True,702,oracle,
oracle_center_v2,000852.SH,2020-09-04,Range,UpTrend,2020-09-04 13:10:00+08:00,2020-09-04 13:15:00+08:00,26,14.0,20.0,2020-09-04 13:45:00+08:00,True,703,oracle,
oracle_center_v2,000852.SH,2020-09-07,Range,Shock,2020-09-07 13:40:00+08:00,2020-09-07 13:45:00+08:00,32,20.0,26.0,2020-09-07 14:15:00+08:00,True,704,oracle,
oracle_center_v2,000852.SH,2020-09-08,DownTrend,UpTrend,2020-09-08 13:15:00+08:00,2020-09-08 13:20:00+08:00,27,15.0,21.0,2020-09-08 13:50:00+08:00,True,705,oracle,
oracle_center_v2,000852.SH,2020-09-09,Shock,UpTrend,2020-09-09 11:15:00+08:00,2020-09-09 11:20:00+08:00,21,9.0,15.0,2020-09-09 13:20:00+08:00,True,706,oracle,
oracle_center_v2,000852.SH,2020-09-09,UpTrend,Shock,2020-09-09 13:55:00+08:00,2020-09-09 14:00:00+08:00,35,23.0,29.0,2020-09-09 14:30:00+08:00,True,707,oracle,
oracle_center_v2,000852.SH,2020-09-10,Shock,DownTrend,2020-09-10 11:05:00+08:00,2020-09-10 11:10:00+08:00,19,7.0,13.0,2020-09-10 13:10:00+08:00,True,708,oracle,
oracle_center_v2,000852.SH,2020-09-10,DownTrend,Shock,2020-09-10 11:20:00+08:00,2020-09-10 11:25:00+08:00,22,10.0,16.0,2020-09-10 13:25:00+08:00,True,709,oracle,
oracle_center_v2,000852.SH,2020-09-10,Shock,DownTrend,2020-09-10 13:55:00+08:00,2020-09-10 14:00:00+08:00,35,23.0,29.0,2020-09-10 14:30:00+08:00,True,710,oracle,
oracle_center_v2,000852.SH,2020-09-17,DownTrend,UpTrend,2020-09-17 13:20:00+08:00,2020-09-17 13:25:00+08:00,28,16.0,22.0,2020-09-17 13:55:00+08:00,True,711,oracle,
oracle_center_v2,000852.SH,2020-09-22,Range,DownTrend,2020-09-22 13:25:00+08:00,2020-09-22 13:30:00+08:00,29,17.0,23.0,2020-09-22 14:00:00+08:00,True,712,oracle,
oracle_center_v2,000852.SH,2020-09-28,Range,DownTrend,2020-09-28 13:55:00+08:00,2020-09-28 14:00:00+08:00,35,23.0,29.0,2020-09-28 14:30:00+08:00,True,713,oracle,
oracle_center_v2,000852.SH,2020-09-30,DownTrend,Range,2020-09-30 13:55:00+08:00,2020-09-30 14:00:00+08:00,35,23.0,29.0,2020-09-30 14:30:00+08:00,True,714,oracle,
oracle_center_v2,000852.SH,2020-10-09,UpTrend,Range,2020-10-09 13:05:00+08:00,2020-10-09 13:10:00+08:00,25,13.0,19.0,2020-10-09 13:40:00+08:00,True,715,oracle,
oracle_center_v2,000852.SH,2020-10-12,UpTrend,Range,2020-10-12 13:45:00+08:00,2020-10-12 13:50:00+08:00,33,21.0,27.0,2020-10-12 14:20:00+08:00,True,716,oracle,
oracle_center_v2,000852.SH,2020-10-13,UpTrend,Range,2020-10-13 13:35:00+08:00,2020-10-13 13:40:00+08:00,31,19.0,25.0,2020-10-13 14:10:00+08:00,True,717,oracle,
oracle_center_v2,000852.SH,2020-10-16,Range,DownTrend,2020-10-16 10:55:00+08:00,2020-10-16 11:00:00+08:00,17,5.0,11.0,2020-10-16 11:30:00+08:00,True,718,oracle,
oracle_center_v2,000852.SH,2020-10-19,Shock,DownTrend,2020-10-19 13:10:00+08:00,2020-10-19 13:15:00+08:00,26,14.0,20.0,2020-10-19 13:45:00+08:00,True,719,oracle,
oracle_center_v2,000852.SH,2020-10-21,DownTrend,Range,2020-10-21 10:50:00+08:00,2020-10-21 10:55:00+08:00,16,4.0,10.0,2020-10-21 11:25:00+08:00,True,720,oracle,
oracle_center_v2,000852.SH,2020-10-21,Range,DownTrend,2020-10-21 11:25:00+08:00,2020-10-21 11:30:00+08:00,23,11.0,17.0,2020-10-21 13:30:00+08:00,True,721,oracle,
oracle_center_v2,000852.SH,2020-10-23,DownTrend,Shock,2020-10-23 13:35:00+08:00,2020-10-23 13:40:00+08:00,31,19.0,25.0,2020-10-23 14:10:00+08:00,True,722,oracle,
oracle_center_v2,000852.SH,2020-10-26,Range,DownTrend,2020-10-26 13:05:00+08:00,2020-10-26 13:10:00+08:00,25,13.0,19.0,2020-10-26 13:40:00+08:00,True,723,oracle,
oracle_center_v2,000852.SH,2020-10-29,Shock,Range,2020-10-29 11:30:00+08:00,2020-10-29 13:05:00+08:00,24,12.0,18.0,2020-10-29 13:35:00+08:00,True,724,oracle,
oracle_center_v2,000852.SH,2020-10-30,Shock,DownTrend,2020-10-30 13:15:00+08:00,2020-10-30 13:20:00+08:00,27,15.0,21.0,2020-10-30 13:50:00+08:00,True,725,oracle,
oracle_center_v2,000852.SH,2020-10-30,DownTrend,Shock,2020-10-30 13:30:00+08:00,2020-10-30 13:35:00+08:00,30,18.0,24.0,2020-10-30 14:05:00+08:00,True,726,oracle,
oracle_center_v2,000852.SH,2020-11-02,Shock,UpTrend,2020-11-02 13:10:00+08:00,2020-11-02 13:15:00+08:00,26,14.0,20.0,2020-11-02 13:45:00+08:00,True,727,oracle,
oracle_center_v2,000852.SH,2020-11-04,Shock,UpTrend,2020-11-04 13:35:00+08:00,2020-11-04 13:40:00+08:00,31,19.0,25.0,2020-11-04 14:10:00+08:00,True,728,oracle,
oracle_center_v2,000852.SH,2020-11-06,Shock,DownTrend,2020-11-06 13:15:00+08:00,2020-11-06 13:20:00+08:00,27,15.0,21.0,2020-11-06 13:50:00+08:00,True,729,oracle,
oracle_center_v2,000852.SH,2020-11-09,UpTrend,DownTrend,2020-11-09 13:50:00+08:00,2020-11-09 13:55:00+08:00,34,22.0,28.0,2020-11-09 14:25:00+08:00,True,730,oracle,
oracle_center_v2,000852.SH,2020-11-10,Range,DownTrend,2020-11-10 13:15:00+08:00,2020-11-10 13:20:00+08:00,27,15.0,21.0,2020-11-10 13:50:00+08:00,True,731,oracle,
oracle_center_v2,000852.SH,2020-11-13,UpTrend,DownTrend,2020-11-13 11:25:00+08:00,2020-11-13 11:30:00+08:00,23,11.0,17.0,2020-11-13 13:30:00+08:00,True,732,oracle,
oracle_center_v2,000852.SH,2020-11-23,Range,UpTrend,2020-11-23 11:05:00+08:00,2020-11-23 11:10:00+08:00,19,7.0,13.0,2020-11-23 13:10:00+08:00,True,733,oracle,
oracle_center_v2,000852.SH,2020-11-27,DownTrend,UpTrend,2020-11-27 13:30:00+08:00,2020-11-27 13:35:00+08:00,30,18.0,24.0,2020-11-27 14:05:00+08:00,True,734,oracle,
oracle_center_v2,000852.SH,2020-11-30,Shock,DownTrend,2020-11-30 13:55:00+08:00,2020-11-30 14:00:00+08:00,35,23.0,29.0,2020-11-30 14:30:00+08:00,True,735,oracle,
oracle_center_v2,000852.SH,2020-12-01,UpTrend,Range,2020-12-01 10:55:00+08:00,2020-12-01 11:00:00+08:00,17,5.0,11.0,2020-12-01 11:30:00+08:00,True,736,oracle,
oracle_center_v2,000852.SH,2020-12-01,Range,UpTrend,2020-12-01 11:20:00+08:00,2020-12-01 11:25:00+08:00,22,10.0,16.0,2020-12-01 13:25:00+08:00,True,737,oracle,
oracle_center_v2,000852.SH,2020-12-07,Shock,Range,2020-12-07 11:15:00+08:00,2020-12-07 11:20:00+08:00,21,9.0,15.0,2020-12-07 13:20:00+08:00,True,738,oracle,
oracle_center_v2,000852.SH,2020-12-07,Range,UpTrend,2020-12-07 13:10:00+08:00,2020-12-07 13:15:00+08:00,26,14.0,20.0,2020-12-07 13:45:00+08:00,True,739,oracle,
oracle_center_v2,000852.SH,2020-12-08,DownTrend,UpTrend,2020-12-08 13:15:00+08:00,2020-12-08 13:20:00+08:00,27,15.0,21.0,2020-12-08 13:50:00+08:00,True,740,oracle,
oracle_center_v2,000852.SH,2020-12-10,UpTrend,DownTrend,2020-12-10 13:35:00+08:00,2020-12-10 13:40:00+08:00,31,19.0,25.0,2020-12-10 14:10:00+08:00,True,741,oracle,
oracle_center_v2,000852.SH,2020-12-11,Shock,DownTrend,2020-12-11 13:40:00+08:00,2020-12-11 13:45:00+08:00,32,20.0,26.0,2020-12-11 14:15:00+08:00,True,742,oracle,
oracle_center_v2,000852.SH,2020-12-15,DownTrend,UpTrend,2020-12-15 13:15:00+08:00,2020-12-15 13:20:00+08:00,27,15.0,21.0,2020-12-15 13:50:00+08:00,True,743,oracle,
oracle_center_v2,000852.SH,2020-12-17,Shock,UpTrend,2020-12-17 11:15:00+08:00,2020-12-17 11:20:00+08:00,21,9.0,15.0,2020-12-17 13:20:00+08:00,True,744,oracle,
oracle_center_v2,000852.SH,2020-12-17,UpTrend,Range,2020-12-17 13:45:00+08:00,2020-12-17 13:50:00+08:00,33,21.0,27.0,2020-12-17 14:20:00+08:00,True,745,oracle,
oracle_center_v2,000852.SH,2020-12-21,UpTrend,DownTrend,2020-12-21 13:40:00+08:00,2020-12-21 13:45:00+08:00,32,20.0,26.0,2020-12-21 14:15:00+08:00,True,746,oracle,
oracle_center_v2,000852.SH,2020-12-23,UpTrend,DownTrend,2020-12-23 13:50:00+08:00,2020-12-23 13:55:00+08:00,34,22.0,28.0,2020-12-23 14:25:00+08:00,True,747,oracle,
oracle_center_v2,000852.SH,2020-12-25,UpTrend,Range,2020-12-25 13:30:00+08:00,2020-12-25 13:35:00+08:00,30,18.0,24.0,2020-12-25 14:05:00+08:00,True,748,oracle,
oracle_center_v2,000852.SH,2020-12-28,UpTrend,DownTrend,2020-12-28 13:15:00+08:00,2020-12-28 13:20:00+08:00,27,15.0,21.0,2020-12-28 13:50:00+08:00,True,749,oracle,
oracle_center_v2,000852.SH,2021-01-04,UpTrend,Range,2021-01-04 13:30:00+08:00,2021-01-04 13:35:00+08:00,30,18.0,24.0,2021-01-04 14:05:00+08:00,True,750,oracle,
oracle_center_v2,000852.SH,2021-01-05,Shock,UpTrend,2021-01-05 13:15:00+08:00,2021-01-05 13:20:00+08:00,27,15.0,21.0,2021-01-05 13:50:00+08:00,True,751,oracle,
oracle_center_v2,000852.SH,2021-01-06,Shock,DownTrend,2021-01-06 11:00:00+08:00,2021-01-06 11:05:00+08:00,18,6.0,12.0,2021-01-06 13:05:00+08:00,True,752,oracle,
oracle_center_v2,000852.SH,2021-01-06,DownTrend,Range,2021-01-06 13:30:00+08:00,2021-01-06 13:35:00+08:00,30,18.0,24.0,2021-01-06 14:05:00+08:00,True,753,oracle,
oracle_center_v2,000852.SH,2021-01-07,UpTrend,Shock,2021-01-07 13:05:00+08:00,2021-01-07 13:10:00+08:00,25,13.0,19.0,2021-01-07 13:40:00+08:00,True,754,oracle,
oracle_center_v2,000852.SH,2021-01-11,DownTrend,Shock,2021-01-11 13:45:00+08:00,2021-01-11 13:50:00+08:00,33,21.0,27.0,2021-01-11 14:20:00+08:00,True,755,oracle,
oracle_center_v2,000852.SH,2021-01-12,Range,UpTrend,2021-01-12 11:25:00+08:00,2021-01-12 11:30:00+08:00,23,11.0,17.0,2021-01-12 13:30:00+08:00,True,756,oracle,
oracle_center_v2,000852.SH,2021-01-14,Shock,UpTrend,2021-01-14 10:45:00+08:00,2021-01-14 10:50:00+08:00,15,3.0,9.0,2021-01-14 11:20:00+08:00,True,757,oracle,
oracle_center_v2,000852.SH,2021-01-14,UpTrend,DownTrend,2021-01-14 13:55:00+08:00,2021-01-14 14:00:00+08:00,35,23.0,29.0,2021-01-14 14:30:00+08:00,True,758,oracle,
oracle_center_v2,000852.SH,2021-01-21,UpTrend,Range,2021-01-21 13:35:00+08:00,2021-01-21 13:40:00+08:00,31,19.0,25.0,2021-01-21 14:10:00+08:00,True,759,oracle,
oracle_center_v2,000852.SH,2021-01-25,Range,DownTrend,2021-01-25 13:30:00+08:00,2021-01-25 13:35:00+08:00,30,18.0,24.0,2021-01-25 14:05:00+08:00,True,760,oracle,
oracle_center_v2,000852.SH,2021-01-27,Shock,UpTrend,2021-01-27 11:10:00+08:00,2021-01-27 11:15:00+08:00,20,8.0,14.0,2021-01-27 13:15:00+08:00,True,761,oracle,
oracle_center_v2,000852.SH,2021-01-28,Range,DownTrend,2021-01-28 13:50:00+08:00,2021-01-28 13:55:00+08:00,34,22.0,28.0,2021-01-28 14:25:00+08:00,True,762,oracle,
oracle_center_v2,000852.SH,2021-01-29,Shock,DownTrend,2021-01-29 11:25:00+08:00,2021-01-29 11:30:00+08:00,23,11.0,17.0,2021-01-29 13:30:00+08:00,True,763,oracle,
oracle_center_v2,000852.SH,2021-02-01,DownTrend,UpTrend,2021-02-01 11:05:00+08:00,2021-02-01 11:10:00+08:00,19,7.0,13.0,2021-02-01 13:10:00+08:00,True,764,oracle,
oracle_center_v2,000852.SH,2021-02-01,UpTrend,Range,2021-02-01 13:25:00+08:00,2021-02-01 13:30:00+08:00,29,17.0,23.0,2021-02-01 14:00:00+08:00,True,765,oracle,
oracle_center_v2,000852.SH,2021-02-04,Shock,UpTrend,2021-02-04 13:40:00+08:00,2021-02-04 13:45:00+08:00,32,20.0,26.0,2021-02-04 14:15:00+08:00,True,766,oracle,
oracle_center_v2,000852.SH,2021-02-08,UpTrend,DownTrend,2021-02-08 13:20:00+08:00,2021-02-08 13:25:00+08:00,28,16.0,22.0,2021-02-08 13:55:00+08:00,True,767,oracle,
oracle_center_v2,000852.SH,2021-02-18,UpTrend,Range,2021-02-18 13:55:00+08:00,2021-02-18 14:00:00+08:00,35,23.0,29.0,2021-02-18 14:30:00+08:00,True,768,oracle,
oracle_center_v2,000852.SH,2021-02-22,Range,DownTrend,2021-02-22 13:35:00+08:00,2021-02-22 13:40:00+08:00,31,19.0,25.0,2021-02-22 14:10:00+08:00,False,,oracle,
oracle_center_v2,000852.SH,2021-02-22,DownTrend,Shock,2021-02-22 13:45:00+08:00,2021-02-22 13:50:00+08:00,33,21.0,27.0,2021-02-22 14:20:00+08:00,True,769,oracle,
oracle_center_v2,000852.SH,2021-02-23,UpTrend,DownTrend,2021-02-23 13:50:00+08:00,2021-02-23 13:55:00+08:00,34,22.0,28.0,2021-02-23 14:25:00+08:00,True,770,oracle,
oracle_center_v2,000852.SH,2021-03-09,Shock,UpTrend,2021-03-09 11:05:00+08:00,2021-03-09 11:10:00+08:00,19,7.0,13.0,2021-03-09 13:10:00+08:00,True,771,oracle,
oracle_center_v2,000852.SH,2021-03-09,UpTrend,Shock,2021-03-09 11:15:00+08:00,2021-03-09 11:20:00+08:00,21,9.0,15.0,2021-03-09 13:20:00+08:00,True,772,oracle,
oracle_center_v2,000852.SH,2021-03-09,Shock,UpTrend,2021-03-09 11:30:00+08:00,2021-03-09 13:05:00+08:00,24,12.0,18.0,2021-03-09 13:35:00+08:00,True,773,oracle,
oracle_center_v2,000852.SH,2021-03-09,UpTrend,DownTrend,2021-03-09 13:30:00+08:00,2021-03-09 13:35:00+08:00,30,18.0,24.0,2021-03-09 14:05:00+08:00,True,774,oracle,
oracle_center_v2,000852.SH,2021-03-16,UpTrend,Range,2021-03-16 13:45:00+08:00,2021-03-16 13:50:00+08:00,33,21.0,27.0,2021-03-16 14:20:00+08:00,True,775,oracle,
oracle_center_v2,000852.SH,2021-03-19,Range,DownTrend,2021-03-19 11:25:00+08:00,2021-03-19 11:30:00+08:00,23,11.0,17.0,2021-03-19 13:30:00+08:00,True,776,oracle,
oracle_center_v2,000852.SH,2021-03-22,Range,UpTrend,2021-03-22 11:10:00+08:00,2021-03-22 11:15:00+08:00,20,8.0,14.0,2021-03-22 13:15:00+08:00,True,777,oracle,
oracle_center_v2,000852.SH,2021-03-23,Range,DownTrend,2021-03-23 13:50:00+08:00,2021-03-23 13:55:00+08:00,34,22.0,28.0,2021-03-23 14:25:00+08:00,True,778,oracle,
oracle_center_v2,000852.SH,2021-04-01,Range,UpTrend,2021-04-01 13:45:00+08:00,2021-04-01 13:50:00+08:00,33,21.0,27.0,2021-04-01 14:20:00+08:00,True,779,oracle,
oracle_center_v2,000852.SH,2021-04-02,UpTrend,Range,2021-04-02 13:40:00+08:00,2021-04-02 13:45:00+08:00,32,20.0,26.0,2021-04-02 14:15:00+08:00,True,780,oracle,
oracle_center_v2,000852.SH,2021-04-08,UpTrend,Range,2021-04-08 13:30:00+08:00,2021-04-08 13:35:00+08:00,30,18.0,24.0,2021-04-08 14:05:00+08:00,True,781,oracle,
oracle_center_v2,000852.SH,2021-04-15,DownTrend,UpTrend,2021-04-15 13:15:00+08:00,2021-04-15 13:20:00+08:00,27,15.0,21.0,2021-04-15 13:50:00+08:00,True,782,oracle,
oracle_center_v2,000852.SH,2021-04-19,UpTrend,Range,2021-04-19 11:30:00+08:00,2021-04-19 13:05:00+08:00,24,12.0,18.0,2021-04-19 13:35:00+08:00,True,783,oracle,
oracle_center_v2,000852.SH,2021-04-20,UpTrend,Range,2021-04-20 13:25:00+08:00,2021-04-20 13:30:00+08:00,29,17.0,23.0,2021-04-20 14:00:00+08:00,True,784,oracle,
oracle_center_v2,000852.SH,2021-04-20,Range,DownTrend,2021-04-20 13:40:00+08:00,2021-04-20 13:45:00+08:00,32,20.0,26.0,2021-04-20 14:15:00+08:00,True,785,oracle,
oracle_center_v2,000852.SH,2021-04-21,UpTrend,DownTrend,2021-04-21 13:55:00+08:00,2021-04-21 14:00:00+08:00,35,23.0,29.0,2021-04-21 14:30:00+08:00,True,786,oracle,
oracle_center_v2,000852.SH,2021-04-22,Range,DownTrend,2021-04-22 13:45:00+08:00,2021-04-22 13:50:00+08:00,33,21.0,27.0,2021-04-22 14:20:00+08:00,True,787,oracle,
oracle_center_v2,000852.SH,2021-04-23,DownTrend,Range,2021-04-23 13:50:00+08:00,2021-04-23 13:55:00+08:00,34,22.0,28.0,2021-04-23 14:25:00+08:00,True,788,oracle,
oracle_center_v2,000852.SH,2021-04-27,Shock,UpTrend,2021-04-27 13:05:00+08:00,2021-04-27 13:10:00+08:00,25,13.0,19.0,2021-04-27 13:40:00+08:00,True,789,oracle,
oracle_center_v2,000852.SH,2021-05-06,DownTrend,Shock,2021-05-06 10:45:00+08:00,2021-05-06 10:50:00+08:00,15,3.0,9.0,2021-05-06 11:20:00+08:00,True,790,oracle,
oracle_center_v2,000852.SH,2021-05-07,Range,DownTrend,2021-05-07 13:20:00+08:00,2021-05-07 13:25:00+08:00,28,16.0,22.0,2021-05-07 13:55:00+08:00,True,791,oracle,
oracle_center_v2,000852.SH,2021-05-10,Range,DownTrend,2021-05-10 11:20:00+08:00,2021-05-10 11:25:00+08:00,22,10.0,16.0,2021-05-10 13:25:00+08:00,True,792,oracle,
oracle_center_v2,000852.SH,2021-05-10,DownTrend,Range,2021-05-10 13:45:00+08:00,2021-05-10 13:50:00+08:00,33,21.0,27.0,2021-05-10 14:20:00+08:00,True,793,oracle,
oracle_center_v2,000852.SH,2021-05-11,Shock,UpTrend,2021-05-11 10:50:00+08:00,2021-05-11 10:55:00+08:00,16,4.0,10.0,2021-05-11 11:25:00+08:00,True,794,oracle,
oracle_center_v2,000852.SH,2021-05-11,UpTrend,Shock,2021-05-11 13:10:00+08:00,2021-05-11 13:15:00+08:00,26,14.0,20.0,2021-05-11 13:45:00+08:00,True,795,oracle,
oracle_center_v2,000852.SH,2021-05-11,Shock,Range,2021-05-11 13:50:00+08:00,2021-05-11 13:55:00+08:00,34,22.0,28.0,2021-05-11 14:25:00+08:00,True,796,oracle,
oracle_center_v2,000852.SH,2021-05-13,Shock,Range,2021-05-13 11:10:00+08:00,2021-05-13 11:15:00+08:00,20,8.0,14.0,2021-05-13 13:15:00+08:00,True,797,oracle,
oracle_center_v2,000852.SH,2021-05-13,Range,DownTrend,2021-05-13 13:10:00+08:00,2021-05-13 13:15:00+08:00,26,14.0,20.0,2021-05-13 13:45:00+08:00,True,798,oracle,
oracle_center_v2,000852.SH,2021-05-17,UpTrend,DownTrend,2021-05-17 13:05:00+08:00,2021-05-17 13:10:00+08:00,25,13.0,19.0,2021-05-17 13:40:00+08:00,True,799,oracle,
oracle_center_v2,000852.SH,2021-05-21,UpTrend,DownTrend,2021-05-21 13:40:00+08:00,2021-05-21 13:45:00+08:00,32,20.0,26.0,2021-05-21 14:15:00+08:00,True,800,oracle,
oracle_center_v2,000852.SH,2021-05-26,DownTrend,UpTrend,2021-05-26 13:15:00+08:00,2021-05-26 13:20:00+08:00,27,15.0,21.0,2021-05-26 13:50:00+08:00,True,801,oracle,
oracle_center_v2,000852.SH,2021-05-27,Range,DownTrend,2021-05-27 13:25:00+08:00,2021-05-27 13:30:00+08:00,29,17.0,23.0,2021-05-27 14:00:00+08:00,True,802,oracle,
oracle_center_v2,000852.SH,2021-05-28,Range,DownTrend,2021-05-28 13:20:00+08:00,2021-05-28 13:25:00+08:00,28,16.0,22.0,2021-05-28 13:55:00+08:00,True,803,oracle,
oracle_center_v2,000852.SH,2021-06-01,Shock,UpTrend,2021-06-01 10:50:00+08:00,2021-06-01 10:55:00+08:00,16,4.0,10.0,2021-06-01 11:25:00+08:00,True,804,oracle,
oracle_center_v2,000852.SH,2021-06-01,UpTrend,Range,2021-06-01 13:20:00+08:00,2021-06-01 13:25:00+08:00,28,16.0,22.0,2021-06-01 13:55:00+08:00,True,805,oracle,
oracle_center_v2,000852.SH,2021-06-02,DownTrend,Shock,2021-06-02 11:05:00+08:00,2021-06-02 11:10:00+08:00,19,7.0,13.0,2021-06-02 13:10:00+08:00,True,806,oracle,
oracle_center_v2,000852.SH,2021-06-02,Shock,DownTrend,2021-06-02 13:10:00+08:00,2021-06-02 13:15:00+08:00,26,14.0,20.0,2021-06-02 13:45:00+08:00,True,807,oracle,
oracle_center_v2,000852.SH,2021-06-02,DownTrend,Shock,2021-06-02 13:25:00+08:00,2021-06-02 13:30:00+08:00,29,17.0,23.0,2021-06-02 14:00:00+08:00,True,808,oracle,
oracle_center_v2,000852.SH,2021-06-03,UpTrend,DownTrend,2021-06-03 13:45:00+08:00,2021-06-03 13:50:00+08:00,33,21.0,27.0,2021-06-03 14:20:00+08:00,True,809,oracle,
oracle_center_v2,000852.SH,2021-06-04,UpTrend,Shock,2021-06-04 11:15:00+08:00,2021-06-04 11:20:00+08:00,21,9.0,15.0,2021-06-04 13:20:00+08:00,True,810,oracle,
oracle_center_v2,000852.SH,2021-06-04,Shock,DownTrend,2021-06-04 13:50:00+08:00,2021-06-04 13:55:00+08:00,34,22.0,28.0,2021-06-04 14:25:00+08:00,True,811,oracle,
oracle_center_v2,000852.SH,2021-06-09,UpTrend,DownTrend,2021-06-09 13:30:00+08:00,2021-06-09 13:35:00+08:00,30,18.0,24.0,2021-06-09 14:05:00+08:00,True,812,oracle,
oracle_center_v2,000852.SH,2021-06-10,UpTrend,Range,2021-06-10 13:25:00+08:00,2021-06-10 13:30:00+08:00,29,17.0,23.0,2021-06-10 14:00:00+08:00,True,813,oracle,
oracle_center_v2,000852.SH,2021-06-15,UpTrend,Range,2021-06-15 13:40:00+08:00,2021-06-15 13:45:00+08:00,32,20.0,26.0,2021-06-15 14:15:00+08:00,True,814,oracle,
oracle_center_v2,000852.SH,2021-06-16,Shock,DownTrend,2021-06-16 11:30:00+08:00,2021-06-16 13:05:00+08:00,24,12.0,18.0,2021-06-16 13:35:00+08:00,True,815,oracle,
oracle_center_v2,000852.SH,2021-06-18,Range,UpTrend,2021-06-18 13:50:00+08:00,2021-06-18 13:55:00+08:00,34,22.0,28.0,2021-06-18 14:25:00+08:00,True,816,oracle,
oracle_center_v2,000852.SH,2021-06-22,UpTrend,DownTrend,2021-06-22 13:25:00+08:00,2021-06-22 13:30:00+08:00,29,17.0,23.0,2021-06-22 14:00:00+08:00,True,817,oracle,
oracle_center_v2,000852.SH,2021-07-06,Shock,DownTrend,2021-07-06 13:30:00+08:00,2021-07-06 13:35:00+08:00,30,18.0,24.0,2021-07-06 14:05:00+08:00,True,818,oracle,
oracle_center_v2,000852.SH,2021-07-06,DownTrend,Shock,2021-07-06 13:55:00+08:00,2021-07-06 14:00:00+08:00,35,23.0,29.0,2021-07-06 14:30:00+08:00,True,819,oracle,
oracle_center_v2,000852.SH,2021-07-08,Shock,Range,2021-07-08 13:40:00+08:00,2021-07-08 13:45:00+08:00,32,20.0,26.0,2021-07-08 14:15:00+08:00,True,820,oracle,
oracle_center_v2,000852.SH,2021-07-12,UpTrend,Range,2021-07-12 13:40:00+08:00,2021-07-12 13:45:00+08:00,32,20.0,26.0,2021-07-12 14:15:00+08:00,True,821,oracle,
oracle_center_v2,000852.SH,2021-07-13,DownTrend,UpTrend,2021-07-13 13:10:00+08:00,2021-07-13 13:15:00+08:00,26,14.0,20.0,2021-07-13 13:45:00+08:00,True,822,oracle,
oracle_center_v2,000852.SH,2021-07-14,UpTrend,DownTrend,2021-07-14 13:45:00+08:00,2021-07-14 13:50:00+08:00,33,21.0,27.0,2021-07-14 14:20:00+08:00,True,823,oracle,
oracle_center_v2,000852.SH,2021-07-15,Shock,UpTrend,2021-07-15 11:05:00+08:00,2021-07-15 11:10:00+08:00,19,7.0,13.0,2021-07-15 13:10:00+08:00,True,824,oracle,
oracle_center_v2,000852.SH,2021-07-16,UpTrend,DownTrend,2021-07-16 13:30:00+08:00,2021-07-16 13:35:00+08:00,30,18.0,24.0,2021-07-16 14:05:00+08:00,True,825,oracle,
oracle_center_v2,000852.SH,2021-07-19,Shock,DownTrend,2021-07-19 13:15:00+08:00,2021-07-19 13:20:00+08:00,27,15.0,21.0,2021-07-19 13:50:00+08:00,True,826,oracle,
oracle_center_v2,000852.SH,2021-07-22,Range,UpTrend,2021-07-22 13:05:00+08:00,2021-07-22 13:10:00+08:00,25,13.0,19.0,2021-07-22 13:40:00+08:00,True,827,oracle,
oracle_center_v2,000852.SH,2021-07-23,Shock,DownTrend,2021-07-23 10:55:00+08:00,2021-07-23 11:00:00+08:00,17,5.0,11.0,2021-07-23 11:30:00+08:00,True,828,oracle,
oracle_center_v2,000852.SH,2021-07-27,Shock,Range,2021-07-27 11:25:00+08:00,2021-07-27 11:30:00+08:00,23,11.0,17.0,2021-07-27 13:30:00+08:00,True,829,oracle,
oracle_center_v2,000852.SH,2021-07-27,Range,Shock,2021-07-27 13:50:00+08:00,2021-07-27 13:55:00+08:00,34,22.0,28.0,2021-07-27 14:25:00+08:00,True,830,oracle,
oracle_center_v2,000852.SH,2021-07-28,Shock,DownTrend,2021-07-28 13:10:00+08:00,2021-07-28 13:15:00+08:00,26,14.0,20.0,2021-07-28 13:45:00+08:00,True,831,oracle,
oracle_center_v2,000852.SH,2021-07-30,UpTrend,DownTrend,2021-07-30 11:30:00+08:00,2021-07-30 13:05:00+08:00,24,12.0,18.0,2021-07-30 13:35:00+08:00,True,832,oracle,
oracle_center_v2,000852.SH,2021-08-02,Range,UpTrend,2021-08-02 13:15:00+08:00,2021-08-02 13:20:00+08:00,27,15.0,21.0,2021-08-02 13:50:00+08:00,True,833,oracle,
oracle_center_v2,000852.SH,2021-08-03,Range,UpTrend,2021-08-03 10:55:00+08:00,2021-08-03 11:00:00+08:00,17,5.0,11.0,2021-08-03 11:30:00+08:00,True,834,oracle,
oracle_center_v2,000852.SH,2021-08-03,UpTrend,DownTrend,2021-08-03 13:05:00+08:00,2021-08-03 13:10:00+08:00,25,13.0,19.0,2021-08-03 13:40:00+08:00,True,835,oracle,
oracle_center_v2,000852.SH,2021-08-16,UpTrend,Range,2021-08-16 13:10:00+08:00,2021-08-16 13:15:00+08:00,26,14.0,20.0,2021-08-16 13:45:00+08:00,True,836,oracle,
oracle_center_v2,000852.SH,2021-08-16,Range,DownTrend,2021-08-16 13:40:00+08:00,2021-08-16 13:45:00+08:00,32,20.0,26.0,2021-08-16 14:15:00+08:00,True,837,oracle,
oracle_center_v2,000852.SH,2021-08-17,DownTrend,Shock,2021-08-17 13:30:00+08:00,2021-08-17 13:35:00+08:00,30,18.0,24.0,2021-08-17 14:05:00+08:00,True,838,oracle,
oracle_center_v2,000852.SH,2021-08-20,DownTrend,UpTrend,2021-08-20 13:50:00+08:00,2021-08-20 13:55:00+08:00,34,22.0,28.0,2021-08-20 14:25:00+08:00,True,839,oracle,
oracle_center_v2,000852.SH,2021-08-24,UpTrend,DownTrend,2021-08-24 13:55:00+08:00,2021-08-24 14:00:00+08:00,35,23.0,29.0,2021-08-24 14:30:00+08:00,True,840,oracle,
oracle_center_v2,000852.SH,2021-08-31,DownTrend,UpTrend,2021-08-31 13:20:00+08:00,2021-08-31 13:25:00+08:00,28,16.0,22.0,2021-08-31 13:55:00+08:00,True,841,oracle,
oracle_center_v2,000852.SH,2021-09-01,Shock,DownTrend,2021-09-01 13:30:00+08:00,2021-09-01 13:35:00+08:00,30,18.0,24.0,2021-09-01 14:05:00+08:00,True,842,oracle,
oracle_center_v2,000852.SH,2021-09-02,Range,UpTrend,2021-09-02 11:05:00+08:00,2021-09-02 11:10:00+08:00,19,7.0,13.0,2021-09-02 13:10:00+08:00,True,843,oracle,
oracle_center_v2,000852.SH,2021-09-02,UpTrend,Range,2021-09-02 13:05:00+08:00,2021-09-02 13:10:00+08:00,25,13.0,19.0,2021-09-02 13:40:00+08:00,True,844,oracle,
oracle_center_v2,000852.SH,2021-09-03,Shock,UpTrend,2021-09-03 13:10:00+08:00,2021-09-03 13:15:00+08:00,26,14.0,20.0,2021-09-03 13:45:00+08:00,True,845,oracle,
oracle_center_v2,000852.SH,2021-09-03,UpTrend,DownTrend,2021-09-03 13:45:00+08:00,2021-09-03 13:50:00+08:00,33,21.0,27.0,2021-09-03 14:20:00+08:00,True,846,oracle,
oracle_center_v2,000852.SH,2021-09-06,UpTrend,Range,2021-09-06 11:25:00+08:00,2021-09-06 11:30:00+08:00,23,11.0,17.0,2021-09-06 13:30:00+08:00,True,847,oracle,
oracle_center_v2,000852.SH,2021-09-06,Range,UpTrend,2021-09-06 13:35:00+08:00,2021-09-06 13:40:00+08:00,31,19.0,25.0,2021-09-06 14:10:00+08:00,True,848,oracle,
oracle_center_v2,000852.SH,2021-09-07,UpTrend,Range,2021-09-07 13:55:00+08:00,2021-09-07 14:00:00+08:00,35,23.0,29.0,2021-09-07 14:30:00+08:00,True,849,oracle,
oracle_center_v2,000852.SH,2021-09-10,Shock,UpTrend,2021-09-10 11:25:00+08:00,2021-09-10 11:30:00+08:00,23,11.0,17.0,2021-09-10 13:30:00+08:00,True,850,oracle,
oracle_center_v2,000852.SH,2021-09-10,UpTrend,Range,2021-09-10 13:30:00+08:00,2021-09-10 13:35:00+08:00,30,18.0,24.0,2021-09-10 14:05:00+08:00,True,851,oracle,
oracle_center_v2,000852.SH,2021-09-14,UpTrend,DownTrend,2021-09-14 13:20:00+08:00,2021-09-14 13:25:00+08:00,28,16.0,22.0,2021-09-14 13:55:00+08:00,True,852,oracle,
oracle_center_v2,000852.SH,2021-09-17,Shock,UpTrend,2021-09-17 13:40:00+08:00,2021-09-17 13:45:00+08:00,32,20.0,26.0,2021-09-17 14:15:00+08:00,True,853,oracle,
oracle_center_v2,000852.SH,2021-09-22,Range,UpTrend,2021-09-22 11:05:00+08:00,2021-09-22 11:10:00+08:00,19,7.0,13.0,2021-09-22 13:10:00+08:00,True,854,oracle,
oracle_center_v2,000852.SH,2021-09-22,UpTrend,Range,2021-09-22 13:35:00+08:00,2021-09-22 13:40:00+08:00,31,19.0,25.0,2021-09-22 14:10:00+08:00,True,855,oracle,
oracle_center_v2,000852.SH,2021-09-27,Shock,UpTrend,2021-09-27 13:30:00+08:00,2021-09-27 13:35:00+08:00,30,18.0,24.0,2021-09-27 14:05:00+08:00,True,856,oracle,
oracle_center_v2,000852.SH,2021-10-08,Range,UpTrend,2021-10-08 13:25:00+08:00,2021-10-08 13:30:00+08:00,29,17.0,23.0,2021-10-08 14:00:00+08:00,True,857,oracle,
oracle_center_v2,000852.SH,2021-10-11,Range,DownTrend,2021-10-11 13:15:00+08:00,2021-10-11 13:20:00+08:00,27,15.0,21.0,2021-10-11 13:50:00+08:00,True,858,oracle,
oracle_center_v2,000852.SH,2021-10-18,UpTrend,Range,2021-10-18 11:30:00+08:00,2021-10-18 13:05:00+08:00,24,12.0,18.0,2021-10-18 13:35:00+08:00,True,859,oracle,
oracle_center_v2,000852.SH,2021-10-18,Range,UpTrend,2021-10-18 13:50:00+08:00,2021-10-18 13:55:00+08:00,34,22.0,28.0,2021-10-18 14:25:00+08:00,True,860,oracle,
oracle_center_v2,000852.SH,2021-10-21,Range,DownTrend,2021-10-21 13:20:00+08:00,2021-10-21 13:25:00+08:00,28,16.0,22.0,2021-10-21 13:55:00+08:00,True,861,oracle,
oracle_center_v2,000852.SH,2021-10-27,Shock,DownTrend,2021-10-27 13:30:00+08:00,2021-10-27 13:35:00+08:00,30,18.0,24.0,2021-10-27 14:05:00+08:00,True,862,oracle,
oracle_center_v2,000852.SH,2021-11-01,UpTrend,Range,2021-11-01 13:15:00+08:00,2021-11-01 13:20:00+08:00,27,15.0,21.0,2021-11-01 13:50:00+08:00,True,863,oracle,
oracle_center_v2,000852.SH,2021-11-04,UpTrend,Range,2021-11-04 13:30:00+08:00,2021-11-04 13:35:00+08:00,30,18.0,24.0,2021-11-04 14:05:00+08:00,True,864,oracle,
oracle_center_v2,000852.SH,2021-11-10,Range,UpTrend,2021-11-10 13:15:00+08:00,2021-11-10 13:20:00+08:00,27,15.0,21.0,2021-11-10 13:50:00+08:00,True,865,oracle,
oracle_center_v2,000852.SH,2021-11-11,Range,UpTrend,2021-11-11 11:05:00+08:00,2021-11-11 11:10:00+08:00,19,7.0,13.0,2021-11-11 13:10:00+08:00,True,866,oracle,
oracle_center_v2,000852.SH,2021-11-15,DownTrend,UpTrend,2021-11-15 13:20:00+08:00,2021-11-15 13:25:00+08:00,28,16.0,22.0,2021-11-15 13:55:00+08:00,True,867,oracle,
oracle_center_v2,000852.SH,2021-11-16,Range,DownTrend,2021-11-16 13:20:00+08:00,2021-11-16 13:25:00+08:00,28,16.0,22.0,2021-11-16 13:55:00+08:00,True,868,oracle,
oracle_center_v2,000852.SH,2021-11-18,UpTrend,DownTrend,2021-11-18 13:30:00+08:00,2021-11-18 13:35:00+08:00,30,18.0,24.0,2021-11-18 14:05:00+08:00,True,869,oracle,
oracle_center_v2,000852.SH,2021-11-23,Range,DownTrend,2021-11-23 13:20:00+08:00,2021-11-23 13:25:00+08:00,28,16.0,22.0,2021-11-23 13:55:00+08:00,True,870,oracle,
oracle_center_v2,000852.SH,2021-11-24,Shock,UpTrend,2021-11-24 13:10:00+08:00,2021-11-24 13:15:00+08:00,26,14.0,20.0,2021-11-24 13:45:00+08:00,True,871,oracle,
oracle_center_v2,000852.SH,2021-11-30,Shock,DownTrend,2021-11-30 13:10:00+08:00,2021-11-30 13:15:00+08:00,26,14.0,20.0,2021-11-30 13:45:00+08:00,True,872,oracle,
oracle_center_v2,000852.SH,2021-11-30,DownTrend,Shock,2021-11-30 13:35:00+08:00,2021-11-30 13:40:00+08:00,31,19.0,25.0,2021-11-30 14:10:00+08:00,True,873,oracle,
oracle_center_v2,000852.SH,2021-12-02,DownTrend,UpTrend,2021-12-02 13:10:00+08:00,2021-12-02 13:15:00+08:00,26,14.0,20.0,2021-12-02 13:45:00+08:00,True,874,oracle,
oracle_center_v2,000852.SH,2021-12-03,Range,UpTrend,2021-12-03 13:35:00+08:00,2021-12-03 13:40:00+08:00,31,19.0,25.0,2021-12-03 14:10:00+08:00,True,875,oracle,
oracle_center_v2,000852.SH,2021-12-06,Range,DownTrend,2021-12-06 13:20:00+08:00,2021-12-06 13:25:00+08:00,28,16.0,22.0,2021-12-06 13:55:00+08:00,True,876,oracle,
oracle_center_v2,000852.SH,2021-12-14,UpTrend,DownTrend,2021-12-14 13:45:00+08:00,2021-12-14 13:50:00+08:00,33,21.0,27.0,2021-12-14 14:20:00+08:00,True,877,oracle,
oracle_center_v2,000852.SH,2021-12-16,Range,UpTrend,2021-12-16 13:15:00+08:00,2021-12-16 13:20:00+08:00,27,15.0,21.0,2021-12-16 13:50:00+08:00,True,878,oracle,
oracle_center_v2,000852.SH,2021-12-20,DownTrend,Shock,2021-12-20 10:50:00+08:00,2021-12-20 10:55:00+08:00,16,4.0,10.0,2021-12-20 11:25:00+08:00,True,879,oracle,
oracle_center_v2,000852.SH,2021-12-20,Shock,DownTrend,2021-12-20 13:45:00+08:00,2021-12-20 13:50:00+08:00,33,21.0,27.0,2021-12-20 14:20:00+08:00,True,880,oracle,
oracle_center_v2,000852.SH,2021-12-21,DownTrend,Range,2021-12-21 11:00:00+08:00,2021-12-21 11:05:00+08:00,18,6.0,12.0,2021-12-21 13:05:00+08:00,True,881,oracle,
oracle_center_v2,000852.SH,2021-12-21,Range,UpTrend,2021-12-21 11:15:00+08:00,2021-12-21 11:20:00+08:00,21,9.0,15.0,2021-12-21 13:20:00+08:00,True,882,oracle,
oracle_center_v2,000852.SH,2021-12-24,Shock,Range,2021-12-24 11:30:00+08:00,2021-12-24 13:05:00+08:00,24,12.0,18.0,2021-12-24 13:35:00+08:00,True,883,oracle,
oracle_center_v2,000852.SH,2021-12-27,DownTrend,Shock,2021-12-27 13:10:00+08:00,2021-12-27 13:15:00+08:00,26,14.0,20.0,2021-12-27 13:45:00+08:00,True,884,oracle,
oracle_center_v2,000852.SH,2021-12-27,Shock,Range,2021-12-27 13:45:00+08:00,2021-12-27 13:50:00+08:00,33,21.0,27.0,2021-12-27 14:20:00+08:00,True,885,oracle,
oracle_center_v2,000852.SH,2021-12-30,UpTrend,DownTrend,2021-12-30 13:05:00+08:00,2021-12-30 13:10:00+08:00,25,13.0,19.0,2021-12-30 13:40:00+08:00,True,886,oracle,
oracle_center_v2,000852.SH,2021-12-30,DownTrend,Range,2021-12-30 13:55:00+08:00,2021-12-30 14:00:00+08:00,35,23.0,29.0,2021-12-30 14:30:00+08:00,True,887,oracle,
oracle_center_v2,000852.SH,2021-12-31,UpTrend,Range,2021-12-31 11:15:00+08:00,2021-12-31 11:20:00+08:00,21,9.0,15.0,2021-12-31 13:20:00+08:00,True,888,oracle,
oracle_center_v2,000852.SH,2022-01-04,UpTrend,DownTrend,2022-01-04 13:55:00+08:00,2022-01-04 14:00:00+08:00,35,23.0,29.0,2022-01-04 14:30:00+08:00,True,889,oracle,
oracle_center_v2,000852.SH,2022-01-05,Shock,DownTrend,2022-01-05 11:05:00+08:00,2022-01-05 11:10:00+08:00,19,7.0,13.0,2022-01-05 13:10:00+08:00,True,890,oracle,
oracle_center_v2,000852.SH,2022-01-05,DownTrend,Shock,2022-01-05 11:15:00+08:00,2022-01-05 11:20:00+08:00,21,9.0,15.0,2022-01-05 13:20:00+08:00,True,891,oracle,
oracle_center_v2,000852.SH,2022-01-05,Shock,UpTrend,2022-01-05 13:55:00+08:00,2022-01-05 14:00:00+08:00,35,23.0,29.0,2022-01-05 14:30:00+08:00,True,892,oracle,
oracle_center_v2,000852.SH,2022-01-06,Shock,UpTrend,2022-01-06 11:05:00+08:00,2022-01-06 11:10:00+08:00,19,7.0,13.0,2022-01-06 13:10:00+08:00,True,893,oracle,
oracle_center_v2,000852.SH,2022-01-06,UpTrend,Range,2022-01-06 13:50:00+08:00,2022-01-06 13:55:00+08:00,34,22.0,28.0,2022-01-06 14:25:00+08:00,True,894,oracle,
oracle_center_v2,000852.SH,2022-01-07,DownTrend,Shock,2022-01-07 11:15:00+08:00,2022-01-07 11:20:00+08:00,21,9.0,15.0,2022-01-07 13:20:00+08:00,True,895,oracle,
oracle_center_v2,000852.SH,2022-01-07,Shock,DownTrend,2022-01-07 13:50:00+08:00,2022-01-07 13:55:00+08:00,34,22.0,28.0,2022-01-07 14:25:00+08:00,True,896,oracle,
oracle_center_v2,000852.SH,2022-01-10,UpTrend,DownTrend,2022-01-10 13:40:00+08:00,2022-01-10 13:45:00+08:00,32,20.0,26.0,2022-01-10 14:15:00+08:00,True,897,oracle,
oracle_center_v2,000852.SH,2022-01-12,Range,UpTrend,2022-01-12 13:15:00+08:00,2022-01-12 13:20:00+08:00,27,15.0,21.0,2022-01-12 13:50:00+08:00,True,898,oracle,
oracle_center_v2,000852.SH,2022-01-20,Shock,DownTrend,2022-01-20 13:25:00+08:00,2022-01-20 13:30:00+08:00,29,17.0,23.0,2022-01-20 14:00:00+08:00,True,899,oracle,
oracle_center_v2,000852.SH,2022-01-21,DownTrend,Shock,2022-01-21 13:15:00+08:00,2022-01-21 13:20:00+08:00,27,15.0,21.0,2022-01-21 13:50:00+08:00,True,900,oracle,
oracle_center_v2,000852.SH,2022-01-25,Shock,DownTrend,2022-01-25 11:30:00+08:00,2022-01-25 13:05:00+08:00,24,12.0,18.0,2022-01-25 13:35:00+08:00,True,901,oracle,
oracle_center_v2,000852.SH,2022-01-26,DownTrend,Shock,2022-01-26 11:25:00+08:00,2022-01-26 11:30:00+08:00,23,11.0,17.0,2022-01-26 13:30:00+08:00,True,902,oracle,
oracle_center_v2,000852.SH,2022-01-27,Shock,DownTrend,2022-01-27 11:30:00+08:00,2022-01-27 13:05:00+08:00,24,12.0,18.0,2022-01-27 13:35:00+08:00,True,903,oracle,
oracle_center_v2,000852.SH,2022-02-07,DownTrend,Range,2022-02-07 13:10:00+08:00,2022-02-07 13:15:00+08:00,26,14.0,20.0,2022-02-07 13:45:00+08:00,True,904,oracle,
oracle_center_v2,000852.SH,2022-02-08,Shock,DownTrend,2022-02-08 10:55:00+08:00,2022-02-08 11:00:00+08:00,17,5.0,11.0,2022-02-08 11:30:00+08:00,True,905,oracle,
oracle_center_v2,000852.SH,2022-02-08,DownTrend,Range,2022-02-08 11:15:00+08:00,2022-02-08 11:20:00+08:00,21,9.0,15.0,2022-02-08 13:20:00+08:00,True,906,oracle,
oracle_center_v2,000852.SH,2022-02-08,Range,UpTrend,2022-02-08 13:20:00+08:00,2022-02-08 13:25:00+08:00,28,16.0,22.0,2022-02-08 13:55:00+08:00,True,907,oracle,
oracle_center_v2,000852.SH,2022-02-11,UpTrend,DownTrend,2022-02-11 11:25:00+08:00,2022-02-11 11:30:00+08:00,23,11.0,17.0,2022-02-11 13:30:00+08:00,True,908,oracle,
oracle_center_v2,000852.SH,2022-02-16,UpTrend,DownTrend,2022-02-16 13:40:00+08:00,2022-02-16 13:45:00+08:00,32,20.0,26.0,2022-02-16 14:15:00+08:00,True,909,oracle,
oracle_center_v2,000852.SH,2022-02-24,DownTrend,Shock,2022-02-24 11:05:00+08:00,2022-02-24 11:10:00+08:00,19,7.0,13.0,2022-02-24 13:10:00+08:00,True,910,oracle,
oracle_center_v2,000852.SH,2022-02-28,Range,UpTrend,2022-02-28 13:35:00+08:00,2022-02-28 13:40:00+08:00,31,19.0,25.0,2022-02-28 14:10:00+08:00,True,911,oracle,
oracle_center_v2,000852.SH,2022-03-01,Range,DownTrend,2022-03-01 11:25:00+08:00,2022-03-01 11:30:00+08:00,23,11.0,17.0,2022-03-01 13:30:00+08:00,True,912,oracle,
oracle_center_v2,000852.SH,2022-03-01,DownTrend,UpTrend,2022-03-01 13:55:00+08:00,2022-03-01 14:00:00+08:00,35,23.0,29.0,2022-03-01 14:30:00+08:00,True,913,oracle,
oracle_center_v2,000852.SH,2022-03-09,Shock,DownTrend,2022-03-09 11:00:00+08:00,2022-03-09 11:05:00+08:00,18,6.0,12.0,2022-03-09 13:05:00+08:00,True,914,oracle,
oracle_center_v2,000852.SH,2022-03-09,DownTrend,Shock,2022-03-09 11:25:00+08:00,2022-03-09 11:30:00+08:00,23,11.0,17.0,2022-03-09 13:30:00+08:00,True,915,oracle,
oracle_center_v2,000852.SH,2022-03-10,UpTrend,DownTrend,2022-03-10 13:05:00+08:00,2022-03-10 13:10:00+08:00,25,13.0,19.0,2022-03-10 13:40:00+08:00,True,916,oracle,
oracle_center_v2,000852.SH,2022-03-11,DownTrend,Shock,2022-03-11 13:05:00+08:00,2022-03-11 13:10:00+08:00,25,13.0,19.0,2022-03-11 13:40:00+08:00,True,917,oracle,
oracle_center_v2,000852.SH,2022-03-11,Shock,UpTrend,2022-03-11 13:35:00+08:00,2022-03-11 13:40:00+08:00,31,19.0,25.0,2022-03-11 14:10:00+08:00,True,918,oracle,
oracle_center_v2,000852.SH,2022-03-14,DownTrend,Range,2022-03-14 11:20:00+08:00,2022-03-14 11:25:00+08:00,22,10.0,16.0,2022-03-14 13:25:00+08:00,True,919,oracle,
oracle_center_v2,000852.SH,2022-03-14,Range,DownTrend,2022-03-14 13:45:00+08:00,2022-03-14 13:50:00+08:00,33,21.0,27.0,2022-03-14 14:20:00+08:00,True,920,oracle,
oracle_center_v2,000852.SH,2022-03-17,Range,DownTrend,2022-03-17 13:30:00+08:00,2022-03-17 13:35:00+08:00,30,18.0,24.0,2022-03-17 14:05:00+08:00,True,921,oracle,
oracle_center_v2,000852.SH,2022-03-25,DownTrend,Range,2022-03-25 13:35:00+08:00,2022-03-25 13:40:00+08:00,31,19.0,25.0,2022-03-25 14:10:00+08:00,True,922,oracle,
oracle_center_v2,000852.SH,2022-03-29,DownTrend,Range,2022-03-29 11:25:00+08:00,2022-03-29 11:30:00+08:00,23,11.0,17.0,2022-03-29 13:30:00+08:00,True,923,oracle,
oracle_center_v2,000852.SH,2022-04-06,UpTrend,Range,2022-04-06 13:15:00+08:00,2022-04-06 13:20:00+08:00,27,15.0,21.0,2022-04-06 13:50:00+08:00,True,924,oracle,
oracle_center_v2,000852.SH,2022-04-06,Range,DownTrend,2022-04-06 13:50:00+08:00,2022-04-06 13:55:00+08:00,34,22.0,28.0,2022-04-06 14:25:00+08:00,True,925,oracle,
oracle_center_v2,000852.SH,2022-04-08,Shock,Range,2022-04-08 11:10:00+08:00,2022-04-08 11:15:00+08:00,20,8.0,14.0,2022-04-08 13:15:00+08:00,True,926,oracle,
oracle_center_v2,000852.SH,2022-04-13,UpTrend,Range,2022-04-13 13:35:00+08:00,2022-04-13 13:40:00+08:00,31,19.0,25.0,2022-04-13 14:10:00+08:00,True,927,oracle,
oracle_center_v2,000852.SH,2022-04-20,Range,DownTrend,2022-04-20 13:05:00+08:00,2022-04-20 13:10:00+08:00,25,13.0,19.0,2022-04-20 13:40:00+08:00,True,928,oracle,
oracle_center_v2,000852.SH,2022-04-21,DownTrend,Shock,2022-04-21 11:10:00+08:00,2022-04-21 11:15:00+08:00,20,8.0,14.0,2022-04-21 13:15:00+08:00,True,929,oracle,
oracle_center_v2,000852.SH,2022-04-21,Shock,DownTrend,2022-04-21 13:55:00+08:00,2022-04-21 14:00:00+08:00,35,23.0,29.0,2022-04-21 14:30:00+08:00,True,930,oracle,
oracle_center_v2,000852.SH,2022-04-22,Shock,DownTrend,2022-04-22 10:55:00+08:00,2022-04-22 11:00:00+08:00,17,5.0,11.0,2022-04-22 11:30:00+08:00,True,931,oracle,
oracle_center_v2,000852.SH,2022-04-22,DownTrend,Shock,2022-04-22 13:30:00+08:00,2022-04-22 13:35:00+08:00,30,18.0,24.0,2022-04-22 14:05:00+08:00,True,932,oracle,
oracle_center_v2,000852.SH,2022-04-25,Shock,DownTrend,2022-04-25 13:10:00+08:00,2022-04-25 13:15:00+08:00,26,14.0,20.0,2022-04-25 13:45:00+08:00,True,933,oracle,
oracle_center_v2,000852.SH,2022-04-25,DownTrend,Shock,2022-04-25 13:30:00+08:00,2022-04-25 13:35:00+08:00,30,18.0,24.0,2022-04-25 14:05:00+08:00,True,934,oracle,
oracle_center_v2,000852.SH,2022-04-26,Shock,Range,2022-04-26 11:25:00+08:00,2022-04-26 11:30:00+08:00,23,11.0,17.0,2022-04-26 13:30:00+08:00,True,935,oracle,
oracle_center_v2,000852.SH,2022-04-26,Range,DownTrend,2022-04-26 13:20:00+08:00,2022-04-26 13:25:00+08:00,28,16.0,22.0,2022-04-26 13:55:00+08:00,True,936,oracle,
oracle_center_v2,000852.SH,2022-04-27,Shock,UpTrend,2022-04-27 13:35:00+08:00,2022-04-27 13:40:00+08:00,31,19.0,25.0,2022-04-27 14:10:00+08:00,True,937,oracle,
oracle_center_v2,000852.SH,2022-04-29,Range,Shock,2022-04-29 11:05:00+08:00,2022-04-29 11:10:00+08:00,19,7.0,13.0,2022-04-29 13:10:00+08:00,True,938,oracle,
oracle_center_v2,000852.SH,2022-04-29,Shock,UpTrend,2022-04-29 13:35:00+08:00,2022-04-29 13:40:00+08:00,31,19.0,25.0,2022-04-29 14:10:00+08:00,True,939,oracle,
oracle_center_v2,000852.SH,2022-05-05,UpTrend,Range,2022-05-05 13:20:00+08:00,2022-05-05 13:25:00+08:00,28,16.0,22.0,2022-05-05 13:55:00+08:00,True,940,oracle,
oracle_center_v2,000852.SH,2022-05-11,UpTrend,DownTrend,2022-05-11 13:55:00+08:00,2022-05-11 14:00:00+08:00,35,23.0,29.0,2022-05-11 14:30:00+08:00,True,941,oracle,
oracle_center_v2,000852.SH,2022-05-12,DownTrend,Range,2022-05-12 13:50:00+08:00,2022-05-12 13:55:00+08:00,34,22.0,28.0,2022-05-12 14:25:00+08:00,True,942,oracle,
oracle_center_v2,000852.SH,2022-05-23,Range,UpTrend,2022-05-23 13:20:00+08:00,2022-05-23 13:25:00+08:00,28,16.0,22.0,2022-05-23 13:55:00+08:00,True,943,oracle,
oracle_center_v2,000852.SH,2022-05-24,Shock,DownTrend,2022-05-24 11:20:00+08:00,2022-05-24 11:25:00+08:00,22,10.0,16.0,2022-05-24 13:25:00+08:00,True,944,oracle,
oracle_center_v2,000852.SH,2022-05-26,Shock,UpTrend,2022-05-26 11:10:00+08:00,2022-05-26 11:15:00+08:00,20,8.0,14.0,2022-05-26 13:15:00+08:00,True,945,oracle,
oracle_center_v2,000852.SH,2022-05-26,UpTrend,Range,2022-05-26 13:25:00+08:00,2022-05-26 13:30:00+08:00,29,17.0,23.0,2022-05-26 14:00:00+08:00,True,946,oracle,
oracle_center_v2,000852.SH,2022-05-27,Range,DownTrend,2022-05-27 13:15:00+08:00,2022-05-27 13:20:00+08:00,27,15.0,21.0,2022-05-27 13:50:00+08:00,True,947,oracle,
oracle_center_v2,000852.SH,2022-06-06,UpTrend,Range,2022-06-06 13:45:00+08:00,2022-06-06 13:50:00+08:00,33,21.0,27.0,2022-06-06 14:20:00+08:00,True,948,oracle,
oracle_center_v2,000852.SH,2022-06-07,Shock,DownTrend,2022-06-07 13:20:00+08:00,2022-06-07 13:25:00+08:00,28,16.0,22.0,2022-06-07 13:55:00+08:00,True,949,oracle,
oracle_center_v2,000852.SH,2022-06-08,Shock,UpTrend,2022-06-08 13:50:00+08:00,2022-06-08 13:55:00+08:00,34,22.0,28.0,2022-06-08 14:25:00+08:00,True,950,oracle,
oracle_center_v2,000852.SH,2022-06-14,Shock,UpTrend,2022-06-14 13:35:00+08:00,2022-06-14 13:40:00+08:00,31,19.0,25.0,2022-06-14 14:10:00+08:00,True,951,oracle,
oracle_center_v2,000852.SH,2022-06-15,UpTrend,Range,2022-06-15 13:35:00+08:00,2022-06-15 13:40:00+08:00,31,19.0,25.0,2022-06-15 14:10:00+08:00,True,952,oracle,
oracle_center_v2,000852.SH,2022-06-16,UpTrend,DownTrend,2022-06-16 13:35:00+08:00,2022-06-16 13:40:00+08:00,31,19.0,25.0,2022-06-16 14:10:00+08:00,True,953,oracle,
oracle_center_v2,000852.SH,2022-06-17,Shock,UpTrend,2022-06-17 13:10:00+08:00,2022-06-17 13:15:00+08:00,26,14.0,20.0,2022-06-17 13:45:00+08:00,True,954,oracle,
oracle_center_v2,000852.SH,2022-06-21,Range,DownTrend,2022-06-21 13:30:00+08:00,2022-06-21 13:35:00+08:00,30,18.0,24.0,2022-06-21 14:05:00+08:00,True,955,oracle,
oracle_center_v2,000852.SH,2022-06-22,Range,DownTrend,2022-06-22 13:45:00+08:00,2022-06-22 13:50:00+08:00,33,21.0,27.0,2022-06-22 14:20:00+08:00,True,956,oracle,
oracle_center_v2,000852.SH,2022-07-04,UpTrend,Range,2022-07-04 13:40:00+08:00,2022-07-04 13:45:00+08:00,32,20.0,26.0,2022-07-04 14:15:00+08:00,True,957,oracle,
oracle_center_v2,000852.SH,2022-07-05,Shock,DownTrend,2022-07-05 13:25:00+08:00,2022-07-05 13:30:00+08:00,29,17.0,23.0,2022-07-05 14:00:00+08:00,True,958,oracle,
oracle_center_v2,000852.SH,2022-07-12,DownTrend,Range,2022-07-12 11:25:00+08:00,2022-07-12 11:30:00+08:00,23,11.0,17.0,2022-07-12 13:30:00+08:00,False,,oracle,
oracle_center_v2,000852.SH,2022-07-12,Range,DownTrend,2022-07-12 13:55:00+08:00,2022-07-12 14:00:00+08:00,35,23.0,29.0,2022-07-12 14:30:00+08:00,True,959,oracle,
oracle_center_v2,000852.SH,2022-07-13,Shock,UpTrend,2022-07-13 10:55:00+08:00,2022-07-13 11:00:00+08:00,17,5.0,11.0,2022-07-13 11:30:00+08:00,True,960,oracle,
oracle_center_v2,000852.SH,2022-07-14,UpTrend,Range,2022-07-14 13:05:00+08:00,2022-07-14 13:10:00+08:00,25,13.0,19.0,2022-07-14 13:40:00+08:00,True,961,oracle,
oracle_center_v2,000852.SH,2022-07-15,Shock,Range,2022-07-15 10:45:00+08:00,2022-07-15 10:50:00+08:00,15,3.0,9.0,2022-07-15 11:20:00+08:00,True,962,oracle,
oracle_center_v2,000852.SH,2022-07-15,Range,DownTrend,2022-07-15 11:30:00+08:00,2022-07-15 13:05:00+08:00,24,12.0,18.0,2022-07-15 13:35:00+08:00,True,963,oracle,
oracle_center_v2,000852.SH,2022-07-18,UpTrend,Range,2022-07-18 13:45:00+08:00,2022-07-18 13:50:00+08:00,33,21.0,27.0,2022-07-18 14:20:00+08:00,True,964,oracle,
oracle_center_v2,000852.SH,2022-07-19,DownTrend,UpTrend,2022-07-19 13:55:00+08:00,2022-07-19 14:00:00+08:00,35,23.0,29.0,2022-07-19 14:30:00+08:00,True,965,oracle,
oracle_center_v2,000852.SH,2022-07-26,UpTrend,DownTrend,2022-07-26 13:20:00+08:00,2022-07-26 13:25:00+08:00,28,16.0,22.0,2022-07-26 13:55:00+08:00,True,966,oracle,
oracle_center_v2,000852.SH,2022-07-26,DownTrend,Range,2022-07-26 13:45:00+08:00,2022-07-26 13:50:00+08:00,33,21.0,27.0,2022-07-26 14:20:00+08:00,True,967,oracle,
oracle_center_v2,000852.SH,2022-08-01,Shock,UpTrend,2022-08-01 13:15:00+08:00,2022-08-01 13:20:00+08:00,27,15.0,21.0,2022-08-01 13:50:00+08:00,True,968,oracle,
oracle_center_v2,000852.SH,2022-08-02,Shock,UpTrend,2022-08-02 13:35:00+08:00,2022-08-02 13:40:00+08:00,31,19.0,25.0,2022-08-02 14:10:00+08:00,True,969,oracle,
oracle_center_v2,000852.SH,2022-08-03,Range,DownTrend,2022-08-03 13:45:00+08:00,2022-08-03 13:50:00+08:00,33,21.0,27.0,2022-08-03 14:20:00+08:00,True,970,oracle,
oracle_center_v2,000852.SH,2022-08-04,Shock,UpTrend,2022-08-04 13:45:00+08:00,2022-08-04 13:50:00+08:00,33,21.0,27.0,2022-08-04 14:20:00+08:00,True,971,oracle,
oracle_center_v2,000852.SH,2022-08-05,Range,UpTrend,2022-08-05 13:40:00+08:00,2022-08-05 13:45:00+08:00,32,20.0,26.0,2022-08-05 14:15:00+08:00,True,972,oracle,
oracle_center_v2,000852.SH,2022-08-08,UpTrend,Range,2022-08-08 11:30:00+08:00,2022-08-08 13:05:00+08:00,24,12.0,18.0,2022-08-08 13:35:00+08:00,True,973,oracle,
oracle_center_v2,000852.SH,2022-08-10,Range,DownTrend,2022-08-10 13:40:00+08:00,2022-08-10 13:45:00+08:00,32,20.0,26.0,2022-08-10 14:15:00+08:00,True,974,oracle,
oracle_center_v2,000852.SH,2022-08-12,DownTrend,Range,2022-08-12 13:35:00+08:00,2022-08-12 13:40:00+08:00,31,19.0,25.0,2022-08-12 14:10:00+08:00,True,975,oracle,
oracle_center_v2,000852.SH,2022-08-19,Range,DownTrend,2022-08-19 13:50:00+08:00,2022-08-19 13:55:00+08:00,34,22.0,28.0,2022-08-19 14:25:00+08:00,True,976,oracle,
oracle_center_v2,000852.SH,2022-08-25,Shock,DownTrend,2022-08-25 13:20:00+08:00,2022-08-25 13:25:00+08:00,28,16.0,22.0,2022-08-25 13:55:00+08:00,True,977,oracle,
oracle_center_v2,000852.SH,2022-08-30,Shock,DownTrend,2022-08-30 13:15:00+08:00,2022-08-30 13:20:00+08:00,27,15.0,21.0,2022-08-30 13:50:00+08:00,True,978,oracle,
oracle_center_v2,000852.SH,2022-08-31,Shock,UpTrend,2022-08-31 13:20:00+08:00,2022-08-31 13:25:00+08:00,28,16.0,22.0,2022-08-31 13:55:00+08:00,True,979,oracle,
oracle_center_v2,000852.SH,2022-08-31,UpTrend,DownTrend,2022-08-31 13:55:00+08:00,2022-08-31 14:00:00+08:00,35,23.0,29.0,2022-08-31 14:30:00+08:00,True,980,oracle,
oracle_center_v2,000852.SH,2022-09-01,Shock,Range,2022-09-01 11:25:00+08:00,2022-09-01 11:30:00+08:00,23,11.0,17.0,2022-09-01 13:30:00+08:00,True,981,oracle,
oracle_center_v2,000852.SH,2022-09-02,Shock,UpTrend,2022-09-02 11:00:00+08:00,2022-09-02 11:05:00+08:00,18,6.0,12.0,2022-09-02 13:05:00+08:00,True,982,oracle,
oracle_center_v2,000852.SH,2022-09-02,UpTrend,DownTrend,2022-09-02 13:10:00+08:00,2022-09-02 13:15:00+08:00,26,14.0,20.0,2022-09-02 13:45:00+08:00,True,983,oracle,
oracle_center_v2,000852.SH,2022-09-15,Shock,DownTrend,2022-09-15 11:30:00+08:00,2022-09-15 13:05:00+08:00,24,12.0,18.0,2022-09-15 13:35:00+08:00,True,984,oracle,
oracle_center_v2,000852.SH,2022-09-20,Range,DownTrend,2022-09-20 11:10:00+08:00,2022-09-20 11:15:00+08:00,20,8.0,14.0,2022-09-20 13:15:00+08:00,True,985,oracle,
oracle_center_v2,000852.SH,2022-09-21,Range,UpTrend,2022-09-21 13:50:00+08:00,2022-09-21 13:55:00+08:00,34,22.0,28.0,2022-09-21 14:25:00+08:00,True,986,oracle,
oracle_center_v2,000852.SH,2022-09-23,DownTrend,Shock,2022-09-23 11:05:00+08:00,2022-09-23 11:10:00+08:00,19,7.0,13.0,2022-09-23 13:10:00+08:00,True,987,oracle,
oracle_center_v2,000852.SH,2022-09-26,Shock,DownTrend,2022-09-26 13:45:00+08:00,2022-09-26 13:50:00+08:00,33,21.0,27.0,2022-09-26 14:20:00+08:00,True,988,oracle,
oracle_center_v2,000852.SH,2022-09-28,DownTrend,Range,2022-09-28 13:15:00+08:00,2022-09-28 13:20:00+08:00,27,15.0,21.0,2022-09-28 13:50:00+08:00,True,989,oracle,
oracle_center_v2,000852.SH,2022-09-28,Range,Shock,2022-09-28 13:55:00+08:00,2022-09-28 14:00:00+08:00,35,23.0,29.0,2022-09-28 14:30:00+08:00,True,990,oracle,
oracle_center_v2,000852.SH,2022-09-29,Range,DownTrend,2022-09-29 13:35:00+08:00,2022-09-29 13:40:00+08:00,31,19.0,25.0,2022-09-29 14:10:00+08:00,True,991,oracle,
oracle_center_v2,000852.SH,2022-10-10,Range,DownTrend,2022-10-10 13:30:00+08:00,2022-10-10 13:35:00+08:00,30,18.0,24.0,2022-10-10 14:05:00+08:00,True,992,oracle,
oracle_center_v2,000852.SH,2022-10-11,Shock,UpTrend,2022-10-11 10:55:00+08:00,2022-10-11 11:00:00+08:00,17,5.0,11.0,2022-10-11 11:30:00+08:00,True,993,oracle,
oracle_center_v2,000852.SH,2022-10-11,UpTrend,Range,2022-10-11 13:45:00+08:00,2022-10-11 13:50:00+08:00,33,21.0,27.0,2022-10-11 14:20:00+08:00,True,994,oracle,
oracle_center_v2,000852.SH,2022-10-12,DownTrend,Shock,2022-10-12 13:20:00+08:00,2022-10-12 13:25:00+08:00,28,16.0,22.0,2022-10-12 13:55:00+08:00,True,995,oracle,
oracle_center_v2,000852.SH,2022-10-13,Range,UpTrend,2022-10-13 11:30:00+08:00,2022-10-13 13:05:00+08:00,24,12.0,18.0,2022-10-13 13:35:00+08:00,True,996,oracle,
oracle_center_v2,000852.SH,2022-10-14,UpTrend,Range,2022-10-14 13:55:00+08:00,2022-10-14 14:00:00+08:00,35,23.0,29.0,2022-10-14 14:30:00+08:00,True,997,oracle,
oracle_center_v2,000852.SH,2022-10-17,Range,UpTrend,2022-10-17 13:15:00+08:00,2022-10-17 13:20:00+08:00,27,15.0,21.0,2022-10-17 13:50:00+08:00,True,998,oracle,
oracle_center_v2,000852.SH,2022-10-18,UpTrend,DownTrend,2022-10-18 13:35:00+08:00,2022-10-18 13:40:00+08:00,31,19.0,25.0,2022-10-18 14:10:00+08:00,True,999,oracle,
oracle_center_v2,000852.SH,2022-10-20,UpTrend,Shock,2022-10-20 11:10:00+08:00,2022-10-20 11:15:00+08:00,20,8.0,14.0,2022-10-20 13:15:00+08:00,True,1000,oracle,
oracle_center_v2,000852.SH,2022-10-20,Shock,DownTrend,2022-10-20 13:45:00+08:00,2022-10-20 13:50:00+08:00,33,21.0,27.0,2022-10-20 14:20:00+08:00,True,1001,oracle,
oracle_center_v2,000852.SH,2022-10-21,UpTrend,Range,2022-10-21 11:15:00+08:00,2022-10-21 11:20:00+08:00,21,9.0,15.0,2022-10-21 13:20:00+08:00,True,1002,oracle,
oracle_center_v2,000852.SH,2022-10-24,DownTrend,Shock,2022-10-24 13:55:00+08:00,2022-10-24 14:00:00+08:00,35,23.0,29.0,2022-10-24 14:30:00+08:00,True,1003,oracle,
oracle_center_v2,000852.SH,2022-10-26,Range,DownTrend,2022-10-26 13:25:00+08:00,2022-10-26 13:30:00+08:00,29,17.0,23.0,2022-10-26 14:00:00+08:00,True,1004,oracle,
oracle_center_v2,000852.SH,2022-10-28,Range,DownTrend,2022-10-28 13:15:00+08:00,2022-10-28 13:20:00+08:00,27,15.0,21.0,2022-10-28 13:50:00+08:00,True,1005,oracle,
oracle_center_v2,000852.SH,2022-10-31,UpTrend,DownTrend,2022-10-31 13:15:00+08:00,2022-10-31 13:20:00+08:00,27,15.0,21.0,2022-10-31 13:50:00+08:00,True,1006,oracle,
oracle_center_v2,000852.SH,2022-11-01,DownTrend,UpTrend,2022-11-01 13:30:00+08:00,2022-11-01 13:35:00+08:00,30,18.0,24.0,2022-11-01 14:05:00+08:00,True,1007,oracle,
oracle_center_v2,000852.SH,2022-11-10,UpTrend,DownTrend,2022-11-10 11:25:00+08:00,2022-11-10 11:30:00+08:00,23,11.0,17.0,2022-11-10 13:30:00+08:00,True,1008,oracle,
oracle_center_v2,000852.SH,2022-11-16,DownTrend,Range,2022-11-16 13:40:00+08:00,2022-11-16 13:45:00+08:00,32,20.0,26.0,2022-11-16 14:15:00+08:00,True,1009,oracle,
oracle_center_v2,000852.SH,2022-11-23,Shock,Range,2022-11-23 13:45:00+08:00,2022-11-23 13:50:00+08:00,33,21.0,27.0,2022-11-23 14:20:00+08:00,True,1010,oracle,
oracle_center_v2,000852.SH,2022-11-28,UpTrend,DownTrend,2022-11-28 13:20:00+08:00,2022-11-28 13:25:00+08:00,28,16.0,22.0,2022-11-28 13:55:00+08:00,True,1011,oracle,
oracle_center_v2,000852.SH,2022-11-28,DownTrend,Range,2022-11-28 13:50:00+08:00,2022-11-28 13:55:00+08:00,34,22.0,28.0,2022-11-28 14:25:00+08:00,True,1012,oracle,
oracle_center_v2,000852.SH,2022-11-29,UpTrend,Range,2022-11-29 13:40:00+08:00,2022-11-29 13:45:00+08:00,32,20.0,26.0,2022-11-29 14:15:00+08:00,True,1013,oracle,
oracle_center_v2,000852.SH,2022-11-30,UpTrend,Range,2022-11-30 13:10:00+08:00,2022-11-30 13:15:00+08:00,26,14.0,20.0,2022-11-30 13:45:00+08:00,True,1014,oracle,
oracle_center_v2,000852.SH,2022-11-30,Range,DownTrend,2022-11-30 13:25:00+08:00,2022-11-30 13:30:00+08:00,29,17.0,23.0,2022-11-30 14:00:00+08:00,True,1015,oracle,
oracle_center_v2,000852.SH,2022-12-05,DownTrend,Range,2022-12-05 13:15:00+08:00,2022-12-05 13:20:00+08:00,27,15.0,21.0,2022-12-05 13:50:00+08:00,True,1016,oracle,
oracle_center_v2,000852.SH,2022-12-06,UpTrend,Range,2022-12-06 13:30:00+08:00,2022-12-06 13:35:00+08:00,30,18.0,24.0,2022-12-06 14:05:00+08:00,True,1017,oracle,
oracle_center_v2,000852.SH,2022-12-09,UpTrend,Range,2022-12-09 13:20:00+08:00,2022-12-09 13:25:00+08:00,28,16.0,22.0,2022-12-09 13:55:00+08:00,True,1018,oracle,
oracle_center_v2,000852.SH,2022-12-13,DownTrend,Range,2022-12-13 13:05:00+08:00,2022-12-13 13:10:00+08:00,25,13.0,19.0,2022-12-13 13:40:00+08:00,True,1019,oracle,
oracle_center_v2,000852.SH,2022-12-15,Range,UpTrend,2022-12-15 13:45:00+08:00,2022-12-15 13:50:00+08:00,33,21.0,27.0,2022-12-15 14:20:00+08:00,True,1020,oracle,
oracle_center_v2,000852.SH,2022-12-16,DownTrend,Range,2022-12-16 13:35:00+08:00,2022-12-16 13:40:00+08:00,31,19.0,25.0,2022-12-16 14:10:00+08:00,True,1021,oracle,
oracle_center_v2,000852.SH,2022-12-19,DownTrend,Shock,2022-12-19 13:25:00+08:00,2022-12-19 13:30:00+08:00,29,17.0,23.0,2022-12-19 14:00:00+08:00,True,1022,oracle,
oracle_center_v2,000852.SH,2022-12-22,Range,DownTrend,2022-12-22 11:30:00+08:00,2022-12-22 13:05:00+08:00,24,12.0,18.0,2022-12-22 13:35:00+08:00,True,1023,oracle,
oracle_center_v2,000852.SH,2022-12-23,Shock,Range,2022-12-23 11:00:00+08:00,2022-12-23 11:05:00+08:00,18,6.0,12.0,2022-12-23 13:05:00+08:00,True,1024,oracle,
oracle_center_v2,000852.SH,2022-12-23,Range,DownTrend,2022-12-23 13:25:00+08:00,2022-12-23 13:30:00+08:00,29,17.0,23.0,2022-12-23 14:00:00+08:00,True,1025,oracle,
oracle_center_v2,000852.SH,2022-12-27,Range,UpTrend,2022-12-27 11:15:00+08:00,2022-12-27 11:20:00+08:00,21,9.0,15.0,2022-12-27 13:20:00+08:00,True,1026,oracle,
oracle_center_v2,000852.SH,2022-12-28,UpTrend,DownTrend,2022-12-28 11:30:00+08:00,2022-12-28 13:05:00+08:00,24,12.0,18.0,2022-12-28 13:35:00+08:00,True,1027,oracle,
oracle_center_v2,000852.SH,2022-12-29,UpTrend,Range,2022-12-29 11:10:00+08:00,2022-12-29 11:15:00+08:00,20,8.0,14.0,2022-12-29 13:15:00+08:00,True,1028,oracle,
oracle_center_v2,000852.SH,2022-12-29,Range,DownTrend,2022-12-29 13:10:00+08:00,2022-12-29 13:15:00+08:00,26,14.0,20.0,2022-12-29 13:45:00+08:00,True,1029,oracle,
oracle_center_v2,000852.SH,2023-01-04,Range,DownTrend,2023-01-04 11:15:00+08:00,2023-01-04 11:20:00+08:00,21,9.0,15.0,2023-01-04 13:20:00+08:00,True,1030,oracle,
oracle_center_v2,000852.SH,2023-01-06,UpTrend,DownTrend,2023-01-06 11:30:00+08:00,2023-01-06 13:05:00+08:00,24,12.0,18.0,2023-01-06 13:35:00+08:00,True,1031,oracle,
oracle_center_v2,000852.SH,2023-01-16,Shock,UpTrend,2023-01-16 11:05:00+08:00,2023-01-16 11:10:00+08:00,19,7.0,13.0,2023-01-16 13:10:00+08:00,True,1032,oracle,
oracle_center_v2,000852.SH,2023-01-16,UpTrend,DownTrend,2023-01-16 13:20:00+08:00,2023-01-16 13:25:00+08:00,28,16.0,22.0,2023-01-16 13:55:00+08:00,True,1033,oracle,
oracle_center_v2,000852.SH,2023-01-17,DownTrend,Range,2023-01-17 13:35:00+08:00,2023-01-17 13:40:00+08:00,31,19.0,25.0,2023-01-17 14:10:00+08:00,True,1034,oracle,
oracle_center_v2,000852.SH,2023-01-19,UpTrend,Range,2023-01-19 13:50:00+08:00,2023-01-19 13:55:00+08:00,34,22.0,28.0,2023-01-19 14:25:00+08:00,True,1035,oracle,
oracle_center_v2,000852.SH,2023-02-01,Shock,UpTrend,2023-02-01 11:10:00+08:00,2023-02-01 11:15:00+08:00,20,8.0,14.0,2023-02-01 13:15:00+08:00,True,1036,oracle,
oracle_center_v2,000852.SH,2023-02-02,Shock,DownTrend,2023-02-02 13:20:00+08:00,2023-02-02 13:25:00+08:00,28,16.0,22.0,2023-02-02 13:55:00+08:00,True,1037,oracle,
oracle_center_v2,000852.SH,2023-02-03,DownTrend,Shock,2023-02-03 11:25:00+08:00,2023-02-03 11:30:00+08:00,23,11.0,17.0,2023-02-03 13:30:00+08:00,True,1038,oracle,
oracle_center_v2,000852.SH,2023-02-08,Range,DownTrend,2023-02-08 13:15:00+08:00,2023-02-08 13:20:00+08:00,27,15.0,21.0,2023-02-08 13:50:00+08:00,True,1039,oracle,
oracle_center_v2,000852.SH,2023-02-10,DownTrend,Shock,2023-02-10 11:00:00+08:00,2023-02-10 11:05:00+08:00,18,6.0,12.0,2023-02-10 13:05:00+08:00,True,1040,oracle,
oracle_center_v2,000852.SH,2023-02-10,Shock,UpTrend,2023-02-10 13:40:00+08:00,2023-02-10 13:45:00+08:00,32,20.0,26.0,2023-02-10 14:15:00+08:00,True,1041,oracle,
oracle_center_v2,000852.SH,2023-02-16,DownTrend,Shock,2023-02-16 13:35:00+08:00,2023-02-16 13:40:00+08:00,31,19.0,25.0,2023-02-16 14:10:00+08:00,True,1042,oracle,
oracle_center_v2,000852.SH,2023-02-17,DownTrend,Shock,2023-02-17 11:15:00+08:00,2023-02-17 11:20:00+08:00,21,9.0,15.0,2023-02-17 13:20:00+08:00,True,1043,oracle,
oracle_center_v2,000852.SH,2023-02-17,Shock,Range,2023-02-17 13:45:00+08:00,2023-02-17 13:50:00+08:00,33,21.0,27.0,2023-02-17 14:20:00+08:00,True,1044,oracle,
oracle_center_v2,000852.SH,2023-02-22,UpTrend,Range,2023-02-22 13:05:00+08:00,2023-02-22 13:10:00+08:00,25,13.0,19.0,2023-02-22 13:40:00+08:00,True,1045,oracle,
oracle_center_v2,000852.SH,2023-02-24,DownTrend,Range,2023-02-24 11:05:00+08:00,2023-02-24 11:10:00+08:00,19,7.0,13.0,2023-02-24 13:10:00+08:00,True,1046,oracle,
oracle_center_v2,000852.SH,2023-02-28,DownTrend,UpTrend,2023-02-28 13:55:00+08:00,2023-02-28 14:00:00+08:00,35,23.0,29.0,2023-02-28 14:30:00+08:00,True,1047,oracle,
oracle_center_v2,000852.SH,2023-03-01,UpTrend,Range,2023-03-01 13:40:00+08:00,2023-03-01 13:45:00+08:00,32,20.0,26.0,2023-03-01 14:15:00+08:00,True,1048,oracle,
oracle_center_v2,000852.SH,2023-03-03,DownTrend,UpTrend,2023-03-03 13:35:00+08:00,2023-03-03 13:40:00+08:00,31,19.0,25.0,2023-03-03 14:10:00+08:00,True,1049,oracle,
oracle_center_v2,000852.SH,2023-03-10,Shock,DownTrend,2023-03-10 11:30:00+08:00,2023-03-10 13:05:00+08:00,24,12.0,18.0,2023-03-10 13:35:00+08:00,True,1050,oracle,
oracle_center_v2,000852.SH,2023-03-13,Shock,UpTrend,2023-03-13 11:05:00+08:00,2023-03-13 11:10:00+08:00,19,7.0,13.0,2023-03-13 13:10:00+08:00,True,1051,oracle,
oracle_center_v2,000852.SH,2023-03-14,Shock,UpTrend,2023-03-14 13:35:00+08:00,2023-03-14 13:40:00+08:00,31,19.0,25.0,2023-03-14 14:10:00+08:00,True,1052,oracle,
oracle_center_v2,000852.SH,2023-03-15,Range,DownTrend,2023-03-15 11:25:00+08:00,2023-03-15 11:30:00+08:00,23,11.0,17.0,2023-03-15 13:30:00+08:00,True,1053,oracle,
oracle_center_v2,000852.SH,2023-03-17,Shock,DownTrend,2023-03-17 13:50:00+08:00,2023-03-17 13:55:00+08:00,34,22.0,28.0,2023-03-17 14:25:00+08:00,True,1054,oracle,
oracle_center_v2,000852.SH,2023-03-23,Range,UpTrend,2023-03-23 13:15:00+08:00,2023-03-23 13:20:00+08:00,27,15.0,21.0,2023-03-23 13:50:00+08:00,True,1055,oracle,
oracle_center_v2,000852.SH,2023-03-24,DownTrend,UpTrend,2023-03-24 11:05:00+08:00,2023-03-24 11:10:00+08:00,19,7.0,13.0,2023-03-24 13:10:00+08:00,True,1056,oracle,
oracle_center_v2,000852.SH,2023-03-24,UpTrend,Range,2023-03-24 13:40:00+08:00,2023-03-24 13:45:00+08:00,32,20.0,26.0,2023-03-24 14:15:00+08:00,True,1057,oracle,
oracle_center_v2,000852.SH,2023-03-27,Shock,UpTrend,2023-03-27 13:10:00+08:00,2023-03-27 13:15:00+08:00,26,14.0,20.0,2023-03-27 13:45:00+08:00,True,1058,oracle,
oracle_center_v2,000852.SH,2023-03-29,UpTrend,Range,2023-03-29 13:30:00+08:00,2023-03-29 13:35:00+08:00,30,18.0,24.0,2023-03-29 14:05:00+08:00,True,1059,oracle,
oracle_center_v2,000852.SH,2023-03-31,Range,UpTrend,2023-03-31 13:45:00+08:00,2023-03-31 13:50:00+08:00,33,21.0,27.0,2023-03-31 14:20:00+08:00,True,1060,oracle,
oracle_center_v2,000852.SH,2023-04-04,Shock,UpTrend,2023-04-04 11:15:00+08:00,2023-04-04 11:20:00+08:00,21,9.0,15.0,2023-04-04 13:20:00+08:00,True,1061,oracle,
oracle_center_v2,000852.SH,2023-04-04,UpTrend,Shock,2023-04-04 13:50:00+08:00,2023-04-04 13:55:00+08:00,34,22.0,28.0,2023-04-04 14:25:00+08:00,True,1062,oracle,
oracle_center_v2,000852.SH,2023-04-06,UpTrend,Range,2023-04-06 13:50:00+08:00,2023-04-06 13:55:00+08:00,34,22.0,28.0,2023-04-06 14:25:00+08:00,True,1063,oracle,
oracle_center_v2,000852.SH,2023-04-10,DownTrend,Shock,2023-04-10 10:55:00+08:00,2023-04-10 11:00:00+08:00,17,5.0,11.0,2023-04-10 11:30:00+08:00,True,1064,oracle,
oracle_center_v2,000852.SH,2023-04-10,Shock,DownTrend,2023-04-10 11:05:00+08:00,2023-04-10 11:10:00+08:00,19,7.0,13.0,2023-04-10 13:10:00+08:00,True,1065,oracle,
oracle_center_v2,000852.SH,2023-04-10,DownTrend,Range,2023-04-10 13:30:00+08:00,2023-04-10 13:35:00+08:00,30,18.0,24.0,2023-04-10 14:05:00+08:00,True,1066,oracle,
oracle_center_v2,000852.SH,2023-04-10,Range,Shock,2023-04-10 13:55:00+08:00,2023-04-10 14:00:00+08:00,35,23.0,29.0,2023-04-10 14:30:00+08:00,True,1067,oracle,
oracle_center_v2,000852.SH,2023-04-11,DownTrend,Range,2023-04-11 13:20:00+08:00,2023-04-11 13:25:00+08:00,28,16.0,22.0,2023-04-11 13:55:00+08:00,True,1068,oracle,
oracle_center_v2,000852.SH,2023-04-13,DownTrend,Shock,2023-04-13 13:15:00+08:00,2023-04-13 13:20:00+08:00,27,15.0,21.0,2023-04-13 13:50:00+08:00,True,1069,oracle,
oracle_center_v2,000852.SH,2023-04-14,Shock,UpTrend,2023-04-14 11:05:00+08:00,2023-04-14 11:10:00+08:00,19,7.0,13.0,2023-04-14 13:10:00+08:00,True,1070,oracle,
oracle_center_v2,000852.SH,2023-04-19,UpTrend,DownTrend,2023-04-19 13:30:00+08:00,2023-04-19 13:35:00+08:00,30,18.0,24.0,2023-04-19 14:05:00+08:00,True,1071,oracle,
oracle_center_v2,000852.SH,2023-04-24,Range,DownTrend,2023-04-24 13:30:00+08:00,2023-04-24 13:35:00+08:00,30,18.0,24.0,2023-04-24 14:05:00+08:00,True,1072,oracle,
oracle_center_v2,000852.SH,2023-04-26,Shock,UpTrend,2023-04-26 13:10:00+08:00,2023-04-26 13:15:00+08:00,26,14.0,20.0,2023-04-26 13:45:00+08:00,True,1073,oracle,
oracle_center_v2,000852.SH,2023-04-27,DownTrend,UpTrend,2023-04-27 13:15:00+08:00,2023-04-27 13:20:00+08:00,27,15.0,21.0,2023-04-27 13:50:00+08:00,True,1074,oracle,
oracle_center_v2,000852.SH,2023-05-04,DownTrend,Range,2023-05-04 11:25:00+08:00,2023-05-04 11:30:00+08:00,23,11.0,17.0,2023-05-04 13:30:00+08:00,True,1075,oracle,
oracle_center_v2,000852.SH,2023-05-09,UpTrend,DownTrend,2023-05-09 11:10:00+08:00,2023-05-09 11:15:00+08:00,20,8.0,14.0,2023-05-09 13:15:00+08:00,True,1076,oracle,
oracle_center_v2,000852.SH,2023-05-11,UpTrend,DownTrend,2023-05-11 11:20:00+08:00,2023-05-11 11:25:00+08:00,22,10.0,16.0,2023-05-11 13:25:00+08:00,True,1077,oracle,
oracle_center_v2,000852.SH,2023-05-12,Range,DownTrend,2023-05-12 13:15:00+08:00,2023-05-12 13:20:00+08:00,27,15.0,21.0,2023-05-12 13:50:00+08:00,True,1078,oracle,
oracle_center_v2,000852.SH,2023-05-15,DownTrend,UpTrend,2023-05-15 11:25:00+08:00,2023-05-15 11:30:00+08:00,23,11.0,17.0,2023-05-15 13:30:00+08:00,True,1079,oracle,
oracle_center_v2,000852.SH,2023-05-17,DownTrend,Range,2023-05-17 13:35:00+08:00,2023-05-17 13:40:00+08:00,31,19.0,25.0,2023-05-17 14:10:00+08:00,True,1080,oracle,
oracle_center_v2,000852.SH,2023-05-18,Range,DownTrend,2023-05-18 13:20:00+08:00,2023-05-18 13:25:00+08:00,28,16.0,22.0,2023-05-18 13:55:00+08:00,True,1081,oracle,
oracle_center_v2,000852.SH,2023-05-18,DownTrend,Range,2023-05-18 13:55:00+08:00,2023-05-18 14:00:00+08:00,35,23.0,29.0,2023-05-18 14:30:00+08:00,True,1082,oracle,
oracle_center_v2,000852.SH,2023-05-19,Shock,Range,2023-05-19 13:40:00+08:00,2023-05-19 13:45:00+08:00,32,20.0,26.0,2023-05-19 14:15:00+08:00,True,1083,oracle,
oracle_center_v2,000852.SH,2023-05-23,Range,DownTrend,2023-05-23 13:15:00+08:00,2023-05-23 13:20:00+08:00,27,15.0,21.0,2023-05-23 13:50:00+08:00,True,1084,oracle,
oracle_center_v2,000852.SH,2023-05-24,Shock,DownTrend,2023-05-24 13:35:00+08:00,2023-05-24 13:40:00+08:00,31,19.0,25.0,2023-05-24 14:10:00+08:00,True,1085,oracle,
oracle_center_v2,000852.SH,2023-05-26,Range,UpTrend,2023-05-26 11:10:00+08:00,2023-05-26 11:15:00+08:00,20,8.0,14.0,2023-05-26 13:15:00+08:00,True,1086,oracle,
oracle_center_v2,000852.SH,2023-05-29,DownTrend,Shock,2023-05-29 11:25:00+08:00,2023-05-29 11:30:00+08:00,23,11.0,17.0,2023-05-29 13:30:00+08:00,True,1087,oracle,
oracle_center_v2,000852.SH,2023-05-29,Shock,Range,2023-05-29 13:45:00+08:00,2023-05-29 13:50:00+08:00,33,21.0,27.0,2023-05-29 14:20:00+08:00,True,1088,oracle,
oracle_center_v2,000852.SH,2023-05-30,DownTrend,Range,2023-05-30 13:10:00+08:00,2023-05-30 13:15:00+08:00,26,14.0,20.0,2023-05-30 13:45:00+08:00,True,1089,oracle,
oracle_center_v2,000852.SH,2023-05-30,Range,Shock,2023-05-30 13:45:00+08:00,2023-05-30 13:50:00+08:00,33,21.0,27.0,2023-05-30 14:20:00+08:00,True,1090,oracle,
oracle_center_v2,000852.SH,2023-06-01,UpTrend,DownTrend,2023-06-01 13:40:00+08:00,2023-06-01 13:45:00+08:00,32,20.0,26.0,2023-06-01 14:15:00+08:00,True,1091,oracle,
oracle_center_v2,000852.SH,2023-06-08,Shock,Range,2023-06-08 13:25:00+08:00,2023-06-08 13:30:00+08:00,29,17.0,23.0,2023-06-08 14:00:00+08:00,True,1092,oracle,
oracle_center_v2,000852.SH,2023-06-09,Range,UpTrend,2023-06-09 13:45:00+08:00,2023-06-09 13:50:00+08:00,33,21.0,27.0,2023-06-09 14:20:00+08:00,True,1093,oracle,
oracle_center_v2,000852.SH,2023-06-21,DownTrend,Range,2023-06-21 13:45:00+08:00,2023-06-21 13:50:00+08:00,33,21.0,27.0,2023-06-21 14:20:00+08:00,True,1094,oracle,
oracle_center_v2,000852.SH,2023-06-26,Shock,DownTrend,2023-06-26 13:10:00+08:00,2023-06-26 13:15:00+08:00,26,14.0,20.0,2023-06-26 13:45:00+08:00,True,1095,oracle,
oracle_center_v2,000852.SH,2023-06-26,DownTrend,Shock,2023-06-26 13:55:00+08:00,2023-06-26 14:00:00+08:00,35,23.0,29.0,2023-06-26 14:30:00+08:00,True,1096,oracle,
oracle_center_v2,000852.SH,2023-06-27,UpTrend,Range,2023-06-27 13:55:00+08:00,2023-06-27 14:00:00+08:00,35,23.0,29.0,2023-06-27 14:30:00+08:00,True,1097,oracle,
oracle_center_v2,000852.SH,2023-06-28,Shock,UpTrend,2023-06-28 11:25:00+08:00,2023-06-28 11:30:00+08:00,23,11.0,17.0,2023-06-28 13:30:00+08:00,True,1098,oracle,
oracle_center_v2,000852.SH,2023-07-03,UpTrend,DownTrend,2023-07-03 13:40:00+08:00,2023-07-03 13:45:00+08:00,32,20.0,26.0,2023-07-03 14:15:00+08:00,True,1099,oracle,
oracle_center_v2,000852.SH,2023-07-04,UpTrend,Range,2023-07-04 11:05:00+08:00,2023-07-04 11:10:00+08:00,19,7.0,13.0,2023-07-04 13:10:00+08:00,True,1100,oracle,
oracle_center_v2,000852.SH,2023-07-05,Range,DownTrend,2023-07-05 13:20:00+08:00,2023-07-05 13:25:00+08:00,28,16.0,22.0,2023-07-05 13:55:00+08:00,True,1101,oracle,
oracle_center_v2,000852.SH,2023-07-06,DownTrend,Range,2023-07-06 13:30:00+08:00,2023-07-06 13:35:00+08:00,30,18.0,24.0,2023-07-06 14:05:00+08:00,True,1102,oracle,
oracle_center_v2,000852.SH,2023-07-07,UpTrend,DownTrend,2023-07-07 13:55:00+08:00,2023-07-07 14:00:00+08:00,35,23.0,29.0,2023-07-07 14:30:00+08:00,True,1103,oracle,
oracle_center_v2,000852.SH,2023-07-10,Range,DownTrend,2023-07-10 11:10:00+08:00,2023-07-10 11:15:00+08:00,20,8.0,14.0,2023-07-10 13:15:00+08:00,True,1104,oracle,
oracle_center_v2,000852.SH,2023-07-12,Range,DownTrend,2023-07-12 11:30:00+08:00,2023-07-12 13:05:00+08:00,24,12.0,18.0,2023-07-12 13:35:00+08:00,True,1105,oracle,
oracle_center_v2,000852.SH,2023-07-18,UpTrend,Shock,2023-07-18 11:20:00+08:00,2023-07-18 11:25:00+08:00,22,10.0,16.0,2023-07-18 13:25:00+08:00,True,1106,oracle,
oracle_center_v2,000852.SH,2023-07-20,DownTrend,Shock,2023-07-20 11:25:00+08:00,2023-07-20 11:30:00+08:00,23,11.0,17.0,2023-07-20 13:30:00+08:00,True,1107,oracle,
oracle_center_v2,000852.SH,2023-07-20,Shock,DownTrend,2023-07-20 13:40:00+08:00,2023-07-20 13:45:00+08:00,32,20.0,26.0,2023-07-20 14:15:00+08:00,True,1108,oracle,
oracle_center_v2,000852.SH,2023-07-21,DownTrend,Shock,2023-07-21 13:50:00+08:00,2023-07-21 13:55:00+08:00,34,22.0,28.0,2023-07-21 14:25:00+08:00,True,1109,oracle,
oracle_center_v2,000852.SH,2023-07-28,UpTrend,Shock,2023-07-28 10:55:00+08:00,2023-07-28 11:00:00+08:00,17,5.0,11.0,2023-07-28 11:30:00+08:00,True,1110,oracle,
oracle_center_v2,000852.SH,2023-07-31,DownTrend,Range,2023-07-31 13:50:00+08:00,2023-07-31 13:55:00+08:00,34,22.0,28.0,2023-07-31 14:25:00+08:00,True,1111,oracle,
oracle_center_v2,000852.SH,2023-08-04,Range,UpTrend,2023-08-04 11:10:00+08:00,2023-08-04 11:15:00+08:00,20,8.0,14.0,2023-08-04 13:15:00+08:00,True,1112,oracle,
oracle_center_v2,000852.SH,2023-08-11,Shock,DownTrend,2023-08-11 13:30:00+08:00,2023-08-11 13:35:00+08:00,30,18.0,24.0,2023-08-11 14:05:00+08:00,True,1113,oracle,
oracle_center_v2,000852.SH,2023-08-15,DownTrend,Shock,2023-08-15 13:15:00+08:00,2023-08-15 13:20:00+08:00,27,15.0,21.0,2023-08-15 13:50:00+08:00,True,1114,oracle,
oracle_center_v2,000852.SH,2023-08-16,Shock,DownTrend,2023-08-16 13:10:00+08:00,2023-08-16 13:15:00+08:00,26,14.0,20.0,2023-08-16 13:45:00+08:00,True,1115,oracle,
oracle_center_v2,000852.SH,2023-08-16,DownTrend,Range,2023-08-16 13:55:00+08:00,2023-08-16 14:00:00+08:00,35,23.0,29.0,2023-08-16 14:30:00+08:00,True,1116,oracle,
oracle_center_v2,000852.SH,2023-08-17,Shock,DownTrend,2023-08-17 13:05:00+08:00,2023-08-17 13:10:00+08:00,25,13.0,19.0,2023-08-17 13:40:00+08:00,True,1117,oracle,
oracle_center_v2,000852.SH,2023-08-17,DownTrend,Shock,2023-08-17 13:50:00+08:00,2023-08-17 13:55:00+08:00,34,22.0,28.0,2023-08-17 14:25:00+08:00,True,1118,oracle,
oracle_center_v2,000852.SH,2023-08-18,DownTrend,Shock,2023-08-18 13:50:00+08:00,2023-08-18 13:55:00+08:00,34,22.0,28.0,2023-08-18 14:25:00+08:00,True,1119,oracle,
oracle_center_v2,000852.SH,2023-08-21,DownTrend,Shock,2023-08-21 11:15:00+08:00,2023-08-21 11:20:00+08:00,21,9.0,15.0,2023-08-21 13:20:00+08:00,True,1120,oracle,
oracle_center_v2,000852.SH,2023-08-21,Shock,DownTrend,2023-08-21 13:40:00+08:00,2023-08-21 13:45:00+08:00,32,20.0,26.0,2023-08-21 14:15:00+08:00,True,1121,oracle,
oracle_center_v2,000852.SH,2023-08-22,Shock,DownTrend,2023-08-22 10:50:00+08:00,2023-08-22 10:55:00+08:00,16,4.0,10.0,2023-08-22 11:25:00+08:00,True,1122,oracle,
oracle_center_v2,000852.SH,2023-08-22,DownTrend,Shock,2023-08-22 11:05:00+08:00,2023-08-22 11:10:00+08:00,19,7.0,13.0,2023-08-22 13:10:00+08:00,True,1123,oracle,
oracle_center_v2,000852.SH,2023-08-25,DownTrend,Shock,2023-08-25 13:25:00+08:00,2023-08-25 13:30:00+08:00,29,17.0,23.0,2023-08-25 14:00:00+08:00,True,1124,oracle,
oracle_center_v2,000852.SH,2023-09-01,DownTrend,Range,2023-09-01 13:05:00+08:00,2023-09-01 13:10:00+08:00,25,13.0,19.0,2023-09-01 13:40:00+08:00,True,1125,oracle,
oracle_center_v2,000852.SH,2023-09-06,Range,UpTrend,2023-09-06 13:10:00+08:00,2023-09-06 13:15:00+08:00,26,14.0,20.0,2023-09-06 13:45:00+08:00,True,1126,oracle,
oracle_center_v2,000852.SH,2023-09-12,UpTrend,DownTrend,2023-09-12 11:30:00+08:00,2023-09-12 13:05:00+08:00,24,12.0,18.0,2023-09-12 13:35:00+08:00,True,1127,oracle,
oracle_center_v2,000852.SH,2023-09-13,DownTrend,Range,2023-09-13 13:40:00+08:00,2023-09-13 13:45:00+08:00,32,20.0,26.0,2023-09-13 14:15:00+08:00,True,1128,oracle,
oracle_center_v2,000852.SH,2023-09-15,UpTrend,DownTrend,2023-09-15 11:20:00+08:00,2023-09-15 11:25:00+08:00,22,10.0,16.0,2023-09-15 13:25:00+08:00,True,1129,oracle,
oracle_center_v2,000852.SH,2023-09-19,Shock,Range,2023-09-19 13:50:00+08:00,2023-09-19 13:55:00+08:00,34,22.0,28.0,2023-09-19 14:25:00+08:00,True,1130,oracle,
oracle_center_v2,000852.SH,2023-09-22,Shock,UpTrend,2023-09-22 13:35:00+08:00,2023-09-22 13:40:00+08:00,31,19.0,25.0,2023-09-22 14:10:00+08:00,True,1131,oracle,
oracle_center_v2,000852.SH,2023-09-28,Range,UpTrend,2023-09-28 13:40:00+08:00,2023-09-28 13:45:00+08:00,32,20.0,26.0,2023-09-28 14:15:00+08:00,True,1132,oracle,
oracle_center_v2,000852.SH,2023-10-16,UpTrend,DownTrend,2023-10-16 13:20:00+08:00,2023-10-16 13:25:00+08:00,28,16.0,22.0,2023-10-16 13:55:00+08:00,True,1133,oracle,
oracle_center_v2,000852.SH,2023-10-19,DownTrend,Range,2023-10-19 11:15:00+08:00,2023-10-19 11:20:00+08:00,21,9.0,15.0,2023-10-19 13:20:00+08:00,True,1134,oracle,
oracle_center_v2,000852.SH,2023-10-19,Range,Shock,2023-10-19 13:10:00+08:00,2023-10-19 13:15:00+08:00,26,14.0,20.0,2023-10-19 13:45:00+08:00,True,1135,oracle,
oracle_center_v2,000852.SH,2023-10-20,Shock,DownTrend,2023-10-20 11:10:00+08:00,2023-10-20 11:15:00+08:00,20,8.0,14.0,2023-10-20 13:15:00+08:00,True,1136,oracle,
oracle_center_v2,000852.SH,2023-10-20,DownTrend,Shock,2023-10-20 13:30:00+08:00,2023-10-20 13:35:00+08:00,30,18.0,24.0,2023-10-20 14:05:00+08:00,True,1137,oracle,
oracle_center_v2,000852.SH,2023-10-23,Shock,DownTrend,2023-10-23 13:15:00+08:00,2023-10-23 13:20:00+08:00,27,15.0,21.0,2023-10-23 13:50:00+08:00,True,1138,oracle,
oracle_center_v2,000852.SH,2023-10-24,Shock,Range,2023-10-24 13:05:00+08:00,2023-10-24 13:10:00+08:00,25,13.0,19.0,2023-10-24 13:40:00+08:00,True,1139,oracle,
oracle_center_v2,000852.SH,2023-10-24,Range,Shock,2023-10-24 13:20:00+08:00,2023-10-24 13:25:00+08:00,28,16.0,22.0,2023-10-24 13:55:00+08:00,True,1140,oracle,
oracle_center_v2,000852.SH,2023-11-07,Range,UpTrend,2023-11-07 13:25:00+08:00,2023-11-07 13:30:00+08:00,29,17.0,23.0,2023-11-07 14:00:00+08:00,True,1141,oracle,
oracle_center_v2,000852.SH,2023-11-17,Range,UpTrend,2023-11-17 13:45:00+08:00,2023-11-17 13:50:00+08:00,33,21.0,27.0,2023-11-17 14:20:00+08:00,True,1142,oracle,
oracle_center_v2,000852.SH,2023-11-20,UpTrend,Range,2023-11-20 13:15:00+08:00,2023-11-20 13:20:00+08:00,27,15.0,21.0,2023-11-20 13:50:00+08:00,True,1143,oracle,
oracle_center_v2,000852.SH,2023-11-21,UpTrend,DownTrend,2023-11-21 13:55:00+08:00,2023-11-21 14:00:00+08:00,35,23.0,29.0,2023-11-21 14:30:00+08:00,True,1144,oracle,
oracle_center_v2,000852.SH,2023-11-22,Shock,Range,2023-11-22 11:15:00+08:00,2023-11-22 11:20:00+08:00,21,9.0,15.0,2023-11-22 13:20:00+08:00,True,1145,oracle,
oracle_center_v2,000852.SH,2023-11-23,Range,Shock,2023-11-23 13:20:00+08:00,2023-11-23 13:25:00+08:00,28,16.0,22.0,2023-11-23 13:55:00+08:00,True,1146,oracle,
oracle_center_v2,000852.SH,2023-11-24,DownTrend,Range,2023-11-24 13:55:00+08:00,2023-11-24 14:00:00+08:00,35,23.0,29.0,2023-11-24 14:30:00+08:00,True,1147,oracle,
oracle_center_v2,000852.SH,2023-11-27,Range,Shock,2023-11-27 11:30:00+08:00,2023-11-27 13:05:00+08:00,24,12.0,18.0,2023-11-27 13:35:00+08:00,True,1148,oracle,
oracle_center_v2,000852.SH,2023-11-28,Range,DownTrend,2023-11-28 13:25:00+08:00,2023-11-28 13:30:00+08:00,29,17.0,23.0,2023-11-28 14:00:00+08:00,True,1149,oracle,
oracle_center_v2,000852.SH,2023-11-30,DownTrend,Shock,2023-11-30 13:25:00+08:00,2023-11-30 13:30:00+08:00,29,17.0,23.0,2023-11-30 14:00:00+08:00,True,1150,oracle,
oracle_center_v2,000852.SH,2023-12-01,UpTrend,Shock,2023-12-01 13:20:00+08:00,2023-12-01 13:25:00+08:00,28,16.0,22.0,2023-12-01 13:55:00+08:00,True,1151,oracle,
oracle_center_v2,000852.SH,2023-12-05,Range,Shock,2023-12-05 13:05:00+08:00,2023-12-05 13:10:00+08:00,25,13.0,19.0,2023-12-05 13:40:00+08:00,True,1152,oracle,
oracle_center_v2,000852.SH,2023-12-07,Shock,UpTrend,2023-12-07 11:20:00+08:00,2023-12-07 11:25:00+08:00,22,10.0,16.0,2023-12-07 13:25:00+08:00,True,1153,oracle,
oracle_center_v2,000852.SH,2023-12-11,UpTrend,Shock,2023-12-11 13:05:00+08:00,2023-12-11 13:10:00+08:00,25,13.0,19.0,2023-12-11 13:40:00+08:00,True,1154,oracle,
oracle_center_v2,000852.SH,2023-12-15,Range,DownTrend,2023-12-15 11:15:00+08:00,2023-12-15 11:20:00+08:00,21,9.0,15.0,2023-12-15 13:20:00+08:00,True,1155,oracle,
oracle_center_v2,000852.SH,2023-12-19,Shock,DownTrend,2023-12-19 11:10:00+08:00,2023-12-19 11:15:00+08:00,20,8.0,14.0,2023-12-19 13:15:00+08:00,True,1156,oracle,
oracle_center_v2,000852.SH,2023-12-22,UpTrend,Shock,2023-12-22 11:05:00+08:00,2023-12-22 11:10:00+08:00,19,7.0,13.0,2023-12-22 13:10:00+08:00,True,1157,oracle,
oracle_center_v2,000852.SH,2023-12-29,Range,UpTrend,2023-12-29 13:30:00+08:00,2023-12-29 13:35:00+08:00,30,18.0,24.0,2023-12-29 14:05:00+08:00,True,1158,oracle,
oracle_center_v2,000852.SH,2024-01-03,DownTrend,Range,2024-01-03 13:30:00+08:00,2024-01-03 13:35:00+08:00,30,18.0,24.0,2024-01-03 14:05:00+08:00,True,1159,oracle,
oracle_center_v2,000852.SH,2024-01-09,Shock,DownTrend,2024-01-09 11:05:00+08:00,2024-01-09 11:10:00+08:00,19,7.0,13.0,2024-01-09 13:10:00+08:00,True,1160,oracle,
oracle_center_v2,000852.SH,2024-01-09,DownTrend,Shock,2024-01-09 13:40:00+08:00,2024-01-09 13:45:00+08:00,32,20.0,26.0,2024-01-09 14:15:00+08:00,True,1161,oracle,
oracle_center_v2,000852.SH,2024-01-15,DownTrend,Range,2024-01-15 13:50:00+08:00,2024-01-15 13:55:00+08:00,34,22.0,28.0,2024-01-15 14:25:00+08:00,True,1162,oracle,
oracle_center_v2,000852.SH,2024-01-16,DownTrend,Range,2024-01-16 13:20:00+08:00,2024-01-16 13:25:00+08:00,28,16.0,22.0,2024-01-16 13:55:00+08:00,True,1163,oracle,
oracle_center_v2,000852.SH,2024-01-16,Range,Shock,2024-01-16 13:45:00+08:00,2024-01-16 13:50:00+08:00,33,21.0,27.0,2024-01-16 14:20:00+08:00,True,1164,oracle,
oracle_center_v2,000852.SH,2024-01-18,Shock,DownTrend,2024-01-18 13:20:00+08:00,2024-01-18 13:25:00+08:00,28,16.0,22.0,2024-01-18 13:55:00+08:00,True,1165,oracle,
oracle_center_v2,000852.SH,2024-01-18,DownTrend,Shock,2024-01-18 13:35:00+08:00,2024-01-18 13:40:00+08:00,31,19.0,25.0,2024-01-18 14:10:00+08:00,True,1166,oracle,
oracle_center_v2,000852.SH,2024-01-22,DownTrend,Shock,2024-01-22 13:45:00+08:00,2024-01-22 13:50:00+08:00,33,21.0,27.0,2024-01-22 14:20:00+08:00,True,1167,oracle,
oracle_center_v2,000852.SH,2024-01-23,Shock,UpTrend,2024-01-23 11:20:00+08:00,2024-01-23 11:25:00+08:00,22,10.0,16.0,2024-01-23 13:25:00+08:00,True,1168,oracle,
oracle_center_v2,000852.SH,2024-01-23,UpTrend,Shock,2024-01-23 13:20:00+08:00,2024-01-23 13:25:00+08:00,28,16.0,22.0,2024-01-23 13:55:00+08:00,True,1169,oracle,
oracle_center_v2,000852.SH,2024-01-24,DownTrend,Shock,2024-01-24 11:20:00+08:00,2024-01-24 11:25:00+08:00,22,10.0,16.0,2024-01-24 13:25:00+08:00,True,1170,oracle,
oracle_center_v2,000852.SH,2024-01-29,Range,DownTrend,2024-01-29 13:30:00+08:00,2024-01-29 13:35:00+08:00,30,18.0,24.0,2024-01-29 14:05:00+08:00,True,1171,oracle,
oracle_center_v2,000852.SH,2024-01-31,Shock,DownTrend,2024-01-31 13:15:00+08:00,2024-01-31 13:20:00+08:00,27,15.0,21.0,2024-01-31 13:50:00+08:00,True,1172,oracle,
oracle_center_v2,000852.SH,2024-02-01,Shock,DownTrend,2024-02-01 11:05:00+08:00,2024-02-01 11:10:00+08:00,19,7.0,13.0,2024-02-01 13:10:00+08:00,True,1173,oracle,
oracle_center_v2,000852.SH,2024-02-01,DownTrend,Range,2024-02-01 13:35:00+08:00,2024-02-01 13:40:00+08:00,31,19.0,25.0,2024-02-01 14:10:00+08:00,True,1174,oracle,
oracle_center_v2,000852.SH,2024-02-02,DownTrend,Shock,2024-02-02 11:10:00+08:00,2024-02-02 11:15:00+08:00,20,8.0,14.0,2024-02-02 13:15:00+08:00,True,1175,oracle,
oracle_center_v2,000852.SH,2024-02-08,Range,DownTrend,2024-02-08 13:05:00+08:00,2024-02-08 13:10:00+08:00,25,13.0,19.0,2024-02-08 13:40:00+08:00,True,1176,oracle,
oracle_center_v2,000852.SH,2024-02-29,Range,DownTrend,2024-02-29 11:00:00+08:00,2024-02-29 11:05:00+08:00,18,6.0,12.0,2024-02-29 13:05:00+08:00,True,1177,oracle,
oracle_center_v2,000852.SH,2024-03-12,UpTrend,Range,2024-03-12 13:15:00+08:00,2024-03-12 13:20:00+08:00,27,15.0,21.0,2024-03-12 13:50:00+08:00,True,1178,oracle,
oracle_center_v2,000852.SH,2024-03-15,Range,UpTrend,2024-03-15 13:20:00+08:00,2024-03-15 13:25:00+08:00,28,16.0,22.0,2024-03-15 13:55:00+08:00,True,1179,oracle,
oracle_center_v2,000852.SH,2024-03-19,DownTrend,Range,2024-03-19 13:10:00+08:00,2024-03-19 13:15:00+08:00,26,14.0,20.0,2024-03-19 13:45:00+08:00,True,1180,oracle,
oracle_center_v2,000852.SH,2024-03-22,DownTrend,UpTrend,2024-03-22 13:20:00+08:00,2024-03-22 13:25:00+08:00,28,16.0,22.0,2024-03-22 13:55:00+08:00,True,1181,oracle,
oracle_center_v2,000852.SH,2024-03-25,UpTrend,DownTrend,2024-03-25 13:40:00+08:00,2024-03-25 13:45:00+08:00,32,20.0,26.0,2024-03-25 14:15:00+08:00,True,1182,oracle,
oracle_center_v2,000852.SH,2024-03-26,DownTrend,Shock,2024-03-26 11:15:00+08:00,2024-03-26 11:20:00+08:00,21,9.0,15.0,2024-03-26 13:20:00+08:00,True,1183,oracle,
oracle_center_v2,000852.SH,2024-03-28,UpTrend,Range,2024-03-28 13:05:00+08:00,2024-03-28 13:10:00+08:00,25,13.0,19.0,2024-03-28 13:40:00+08:00,True,1184,oracle,
oracle_center_v2,000852.SH,2024-03-29,Shock,Range,2024-03-29 10:45:00+08:00,2024-03-29 10:50:00+08:00,15,3.0,9.0,2024-03-29 11:20:00+08:00,True,1185,oracle,
oracle_center_v2,000852.SH,2024-03-29,Range,UpTrend,2024-03-29 13:40:00+08:00,2024-03-29 13:45:00+08:00,32,20.0,26.0,2024-03-29 14:15:00+08:00,True,1186,oracle,
oracle_center_v2,000852.SH,2024-04-09,UpTrend,Range,2024-04-09 11:25:00+08:00,2024-04-09 11:30:00+08:00,23,11.0,17.0,2024-04-09 13:30:00+08:00,True,1187,oracle,
oracle_center_v2,000852.SH,2024-04-10,Range,DownTrend,2024-04-10 11:10:00+08:00,2024-04-10 11:15:00+08:00,20,8.0,14.0,2024-04-10 13:15:00+08:00,True,1188,oracle,
oracle_center_v2,000852.SH,2024-04-10,DownTrend,Range,2024-04-10 13:50:00+08:00,2024-04-10 13:55:00+08:00,34,22.0,28.0,2024-04-10 14:25:00+08:00,True,1189,oracle,
oracle_center_v2,000852.SH,2024-04-11,Range,DownTrend,2024-04-11 13:55:00+08:00,2024-04-11 14:00:00+08:00,35,23.0,29.0,2024-04-11 14:30:00+08:00,True,1190,oracle,
oracle_center_v2,000852.SH,2024-04-12,Range,DownTrend,2024-04-12 13:55:00+08:00,2024-04-12 14:00:00+08:00,35,23.0,29.0,2024-04-12 14:30:00+08:00,True,1191,oracle,
oracle_center_v2,000852.SH,2024-04-15,Range,DownTrend,2024-04-15 13:30:00+08:00,2024-04-15 13:35:00+08:00,30,18.0,24.0,2024-04-15 14:05:00+08:00,True,1192,oracle,
oracle_center_v2,000852.SH,2024-04-16,Range,DownTrend,2024-04-16 13:50:00+08:00,2024-04-16 13:55:00+08:00,34,22.0,28.0,2024-04-16 14:25:00+08:00,True,1193,oracle,
oracle_center_v2,000852.SH,2024-04-18,Shock,Range,2024-04-18 11:20:00+08:00,2024-04-18 11:25:00+08:00,22,10.0,16.0,2024-04-18 13:25:00+08:00,True,1194,oracle,
oracle_center_v2,000852.SH,2024-04-24,UpTrend,Range,2024-04-24 13:40:00+08:00,2024-04-24 13:45:00+08:00,32,20.0,26.0,2024-04-24 14:15:00+08:00,True,1195,oracle,
oracle_center_v2,000852.SH,2024-04-26,UpTrend,Range,2024-04-26 13:15:00+08:00,2024-04-26 13:20:00+08:00,27,15.0,21.0,2024-04-26 13:50:00+08:00,True,1196,oracle,
oracle_center_v2,000852.SH,2024-04-30,DownTrend,UpTrend,2024-04-30 13:15:00+08:00,2024-04-30 13:20:00+08:00,27,15.0,21.0,2024-04-30 13:50:00+08:00,True,1197,oracle,
oracle_center_v2,000852.SH,2024-05-07,UpTrend,Range,2024-05-07 13:45:00+08:00,2024-05-07 13:50:00+08:00,33,21.0,27.0,2024-05-07 14:20:00+08:00,True,1198,oracle,
oracle_center_v2,000852.SH,2024-05-08,DownTrend,Range,2024-05-08 13:50:00+08:00,2024-05-08 13:55:00+08:00,34,22.0,28.0,2024-05-08 14:25:00+08:00,True,1199,oracle,
oracle_center_v2,000852.SH,2024-05-09,UpTrend,Range,2024-05-09 11:30:00+08:00,2024-05-09 13:05:00+08:00,24,12.0,18.0,2024-05-09 13:35:00+08:00,True,1200,oracle,
oracle_center_v2,000852.SH,2024-05-13,Range,DownTrend,2024-05-13 13:55:00+08:00,2024-05-13 14:00:00+08:00,35,23.0,29.0,2024-05-13 14:30:00+08:00,True,1201,oracle,
oracle_center_v2,000852.SH,2024-05-16,Range,DownTrend,2024-05-16 13:30:00+08:00,2024-05-16 13:35:00+08:00,30,18.0,24.0,2024-05-16 14:05:00+08:00,True,1202,oracle,
oracle_center_v2,000852.SH,2024-05-20,DownTrend,UpTrend,2024-05-20 13:20:00+08:00,2024-05-20 13:25:00+08:00,28,16.0,22.0,2024-05-20 13:55:00+08:00,True,1203,oracle,
oracle_center_v2,000852.SH,2024-05-22,DownTrend,UpTrend,2024-05-22 13:25:00+08:00,2024-05-22 13:30:00+08:00,29,17.0,23.0,2024-05-22 14:00:00+08:00,True,1204,oracle,
oracle_center_v2,000852.SH,2024-05-23,Range,DownTrend,2024-05-23 11:20:00+08:00,2024-05-23 11:25:00+08:00,22,10.0,16.0,2024-05-23 13:25:00+08:00,True,1205,oracle,
oracle_center_v2,000852.SH,2024-05-23,DownTrend,Shock,2024-05-23 13:55:00+08:00,2024-05-23 14:00:00+08:00,35,23.0,29.0,2024-05-23 14:30:00+08:00,True,1206,oracle,
oracle_center_v2,000852.SH,2024-05-27,Shock,Range,2024-05-27 10:50:00+08:00,2024-05-27 10:55:00+08:00,16,4.0,10.0,2024-05-27 11:25:00+08:00,True,1207,oracle,
oracle_center_v2,000852.SH,2024-05-27,Range,Shock,2024-05-27 11:10:00+08:00,2024-05-27 11:15:00+08:00,20,8.0,14.0,2024-05-27 13:15:00+08:00,True,1208,oracle,
oracle_center_v2,000852.SH,2024-05-27,Shock,UpTrend,2024-05-27 13:55:00+08:00,2024-05-27 14:00:00+08:00,35,23.0,29.0,2024-05-27 14:30:00+08:00,True,1209,oracle,
oracle_center_v2,000852.SH,2024-05-29,Range,DownTrend,2024-05-29 13:30:00+08:00,2024-05-29 13:35:00+08:00,30,18.0,24.0,2024-05-29 14:05:00+08:00,True,1210,oracle,
oracle_center_v2,000852.SH,2024-06-04,UpTrend,Range,2024-06-04 11:05:00+08:00,2024-06-04 11:10:00+08:00,19,7.0,13.0,2024-06-04 13:10:00+08:00,True,1211,oracle,
oracle_center_v2,000852.SH,2024-06-04,Range,DownTrend,2024-06-04 13:05:00+08:00,2024-06-04 13:10:00+08:00,25,13.0,19.0,2024-06-04 13:40:00+08:00,True,1212,oracle,
oracle_center_v2,000852.SH,2024-06-04,DownTrend,UpTrend,2024-06-04 13:55:00+08:00,2024-06-04 14:00:00+08:00,35,23.0,29.0,2024-06-04 14:30:00+08:00,True,1213,oracle,
oracle_center_v2,000852.SH,2024-06-07,Shock,UpTrend,2024-06-07 13:45:00+08:00,2024-06-07 13:50:00+08:00,33,21.0,27.0,2024-06-07 14:20:00+08:00,True,1214,oracle,
oracle_center_v2,000852.SH,2024-06-11,UpTrend,Shock,2024-06-11 11:10:00+08:00,2024-06-11 11:15:00+08:00,20,8.0,14.0,2024-06-11 13:15:00+08:00,True,1215,oracle,
oracle_center_v2,000852.SH,2024-06-14,Range,UpTrend,2024-06-14 13:10:00+08:00,2024-06-14 13:15:00+08:00,26,14.0,20.0,2024-06-14 13:45:00+08:00,True,1216,oracle,
oracle_center_v2,000852.SH,2024-06-17,DownTrend,UpTrend,2024-06-17 13:10:00+08:00,2024-06-17 13:15:00+08:00,26,14.0,20.0,2024-06-17 13:45:00+08:00,True,1217,oracle,
oracle_center_v2,000852.SH,2024-06-20,DownTrend,Range,2024-06-20 13:20:00+08:00,2024-06-20 13:25:00+08:00,28,16.0,22.0,2024-06-20 13:55:00+08:00,True,1218,oracle,
oracle_center_v2,000852.SH,2024-06-25,DownTrend,Range,2024-06-25 11:10:00+08:00,2024-06-25 11:15:00+08:00,20,8.0,14.0,2024-06-25 13:15:00+08:00,True,1219,oracle,
oracle_center_v2,000852.SH,2024-06-25,Range,Shock,2024-06-25 13:05:00+08:00,2024-06-25 13:10:00+08:00,25,13.0,19.0,2024-06-25 13:40:00+08:00,True,1220,oracle,
oracle_center_v2,000852.SH,2024-06-25,Shock,DownTrend,2024-06-25 13:40:00+08:00,2024-06-25 13:45:00+08:00,32,20.0,26.0,2024-06-25 14:15:00+08:00,True,1221,oracle,
oracle_center_v2,000852.SH,2024-06-27,DownTrend,Range,2024-06-27 11:25:00+08:00,2024-06-27 11:30:00+08:00,23,11.0,17.0,2024-06-27 13:30:00+08:00,True,1222,oracle,
oracle_center_v2,000852.SH,2024-06-28,Range,DownTrend,2024-06-28 13:35:00+08:00,2024-06-28 13:40:00+08:00,31,19.0,25.0,2024-06-28 14:10:00+08:00,True,1223,oracle,
oracle_center_v2,000852.SH,2024-07-01,Range,Shock,2024-07-01 11:20:00+08:00,2024-07-01 11:25:00+08:00,22,10.0,16.0,2024-07-01 13:25:00+08:00,True,1224,oracle,
oracle_center_v2,000852.SH,2024-07-03,UpTrend,DownTrend,2024-07-03 13:45:00+08:00,2024-07-03 13:50:00+08:00,33,21.0,27.0,2024-07-03 14:20:00+08:00,True,1225,oracle,
oracle_center_v2,000852.SH,2024-07-09,Shock,UpTrend,2024-07-09 13:35:00+08:00,2024-07-09 13:40:00+08:00,31,19.0,25.0,2024-07-09 14:10:00+08:00,True,1226,oracle,
oracle_center_v2,000852.SH,2024-07-12,DownTrend,UpTrend,2024-07-12 13:15:00+08:00,2024-07-12 13:20:00+08:00,27,15.0,21.0,2024-07-12 13:50:00+08:00,True,1227,oracle,
oracle_center_v2,000852.SH,2024-07-16,Range,UpTrend,2024-07-16 13:10:00+08:00,2024-07-16 13:15:00+08:00,26,14.0,20.0,2024-07-16 13:45:00+08:00,True,1228,oracle,
oracle_center_v2,000852.SH,2024-07-18,Shock,UpTrend,2024-07-18 11:10:00+08:00,2024-07-18 11:15:00+08:00,20,8.0,14.0,2024-07-18 13:15:00+08:00,True,1229,oracle,
oracle_center_v2,000852.SH,2024-07-18,UpTrend,Range,2024-07-18 13:45:00+08:00,2024-07-18 13:50:00+08:00,33,21.0,27.0,2024-07-18 14:20:00+08:00,True,1230,oracle,
oracle_center_v2,000852.SH,2024-07-19,UpTrend,DownTrend,2024-07-19 11:20:00+08:00,2024-07-19 11:25:00+08:00,22,10.0,16.0,2024-07-19 13:25:00+08:00,True,1231,oracle,
oracle_center_v2,000852.SH,2024-07-22,UpTrend,DownTrend,2024-07-22 11:20:00+08:00,2024-07-22 11:25:00+08:00,22,10.0,16.0,2024-07-22 13:25:00+08:00,True,1232,oracle,
oracle_center_v2,000852.SH,2024-07-24,Shock,DownTrend,2024-07-24 13:20:00+08:00,2024-07-24 13:25:00+08:00,28,16.0,22.0,2024-07-24 13:55:00+08:00,True,1233,oracle,
oracle_center_v2,000852.SH,2024-07-25,Shock,DownTrend,2024-07-25 13:20:00+08:00,2024-07-25 13:25:00+08:00,28,16.0,22.0,2024-07-25 13:55:00+08:00,True,1234,oracle,
oracle_center_v2,000852.SH,2024-07-26,UpTrend,Range,2024-07-26 13:30:00+08:00,2024-07-26 13:35:00+08:00,30,18.0,24.0,2024-07-26 14:05:00+08:00,True,1235,oracle,
oracle_center_v2,000852.SH,2024-07-30,UpTrend,Range,2024-07-30 13:20:00+08:00,2024-07-30 13:25:00+08:00,28,16.0,22.0,2024-07-30 13:55:00+08:00,True,1236,oracle,
oracle_center_v2,000852.SH,2024-08-01,DownTrend,UpTrend,2024-08-01 13:05:00+08:00,2024-08-01 13:10:00+08:00,25,13.0,19.0,2024-08-01 13:40:00+08:00,True,1237,oracle,
oracle_center_v2,000852.SH,2024-08-01,UpTrend,Range,2024-08-01 13:55:00+08:00,2024-08-01 14:00:00+08:00,35,23.0,29.0,2024-08-01 14:30:00+08:00,True,1238,oracle,
oracle_center_v2,000852.SH,2024-08-02,Range,DownTrend,2024-08-02 13:10:00+08:00,2024-08-02 13:15:00+08:00,26,14.0,20.0,2024-08-02 13:45:00+08:00,True,1239,oracle,
oracle_center_v2,000852.SH,2024-08-05,UpTrend,Shock,2024-08-05 11:10:00+08:00,2024-08-05 11:15:00+08:00,20,8.0,14.0,2024-08-05 13:15:00+08:00,True,1240,oracle,
oracle_center_v2,000852.SH,2024-08-08,UpTrend,DownTrend,2024-08-08 13:30:00+08:00,2024-08-08 13:35:00+08:00,30,18.0,24.0,2024-08-08 14:05:00+08:00,True,1241,oracle,
oracle_center_v2,000852.SH,2024-08-12,Range,DownTrend,2024-08-12 13:30:00+08:00,2024-08-12 13:35:00+08:00,30,18.0,24.0,2024-08-12 14:05:00+08:00,True,1242,oracle,
oracle_center_v2,000852.SH,2024-08-15,Shock,DownTrend,2024-08-15 11:10:00+08:00,2024-08-15 11:15:00+08:00,20,8.0,14.0,2024-08-15 13:15:00+08:00,True,1243,oracle,
oracle_center_v2,000852.SH,2024-08-21,Range,DownTrend,2024-08-21 11:10:00+08:00,2024-08-21 11:15:00+08:00,20,8.0,14.0,2024-08-21 13:15:00+08:00,True,1244,oracle,
oracle_center_v2,000852.SH,2024-08-22,Range,DownTrend,2024-08-22 13:30:00+08:00,2024-08-22 13:35:00+08:00,30,18.0,24.0,2024-08-22 14:05:00+08:00,True,1245,oracle,
oracle_center_v2,000852.SH,2024-08-23,UpTrend,DownTrend,2024-08-23 13:25:00+08:00,2024-08-23 13:30:00+08:00,29,17.0,23.0,2024-08-23 14:00:00+08:00,True,1246,oracle,
oracle_center_v2,000852.SH,2024-08-27,Shock,Range,2024-08-27 13:35:00+08:00,2024-08-27 13:40:00+08:00,31,19.0,25.0,2024-08-27 14:10:00+08:00,True,1247,oracle,
oracle_center_v2,000852.SH,2024-08-28,Shock,DownTrend,2024-08-28 11:25:00+08:00,2024-08-28 11:30:00+08:00,23,11.0,17.0,2024-08-28 13:30:00+08:00,True,1248,oracle,
oracle_center_v2,000852.SH,2024-08-28,DownTrend,Range,2024-08-28 13:25:00+08:00,2024-08-28 13:30:00+08:00,29,17.0,23.0,2024-08-28 14:00:00+08:00,True,1249,oracle,
oracle_center_v2,000852.SH,2024-08-29,Shock,UpTrend,2024-08-29 13:05:00+08:00,2024-08-29 13:10:00+08:00,25,13.0,19.0,2024-08-29 13:40:00+08:00,True,1250,oracle,
oracle_center_v2,000852.SH,2024-09-04,Shock,DownTrend,2024-09-04 11:30:00+08:00,2024-09-04 13:05:00+08:00,24,12.0,18.0,2024-09-04 13:35:00+08:00,True,1251,oracle,
oracle_center_v2,000852.SH,2024-09-05,DownTrend,Range,2024-09-05 13:10:00+08:00,2024-09-05 13:15:00+08:00,26,14.0,20.0,2024-09-05 13:45:00+08:00,True,1252,oracle,
oracle_center_v2,000852.SH,2024-09-10,DownTrend,Range,2024-09-10 11:05:00+08:00,2024-09-10 11:10:00+08:00,19,7.0,13.0,2024-09-10 13:10:00+08:00,True,1253,oracle,
oracle_center_v2,000852.SH,2024-09-10,Range,Shock,2024-09-10 11:15:00+08:00,2024-09-10 11:20:00+08:00,21,9.0,15.0,2024-09-10 13:20:00+08:00,True,1254,oracle,
oracle_center_v2,000852.SH,2024-09-13,DownTrend,Range,2024-09-13 11:30:00+08:00,2024-09-13 13:05:00+08:00,24,12.0,18.0,2024-09-13 13:35:00+08:00,True,1255,oracle,
oracle_center_v2,000852.SH,2024-09-18,DownTrend,UpTrend,2024-09-18 13:20:00+08:00,2024-09-18 13:25:00+08:00,28,16.0,22.0,2024-09-18 13:55:00+08:00,True,1256,oracle,
oracle_center_v2,000852.SH,2024-09-18,UpTrend,Shock,2024-09-18 13:30:00+08:00,2024-09-18 13:35:00+08:00,30,18.0,24.0,2024-09-18 14:05:00+08:00,True,1257,oracle,
oracle_center_v2,000852.SH,2024-09-19,Shock,Range,2024-09-19 13:15:00+08:00,2024-09-19 13:20:00+08:00,27,15.0,21.0,2024-09-19 13:50:00+08:00,True,1258,oracle,
oracle_center_v2,000852.SH,2024-09-20,DownTrend,Range,2024-09-20 13:55:00+08:00,2024-09-20 14:00:00+08:00,35,23.0,29.0,2024-09-20 14:30:00+08:00,True,1259,oracle,
oracle_center_v2,000852.SH,2024-09-25,Shock,DownTrend,2024-09-25 11:15:00+08:00,2024-09-25 11:20:00+08:00,21,9.0,15.0,2024-09-25 13:20:00+08:00,False,,oracle,
oracle_center_v2,000852.SH,2024-09-26,UpTrend,Shock,2024-09-26 11:25:00+08:00,2024-09-26 11:30:00+08:00,23,11.0,17.0,2024-09-26 13:30:00+08:00,True,1260,oracle,
oracle_center_v2,000852.SH,2024-09-26,Shock,UpTrend,2024-09-26 13:55:00+08:00,2024-09-26 14:00:00+08:00,35,23.0,29.0,2024-09-26 14:30:00+08:00,True,1261,oracle,
oracle_center_v2,000852.SH,2024-09-27,UpTrend,Shock,2024-09-27 11:00:00+08:00,2024-09-27 11:05:00+08:00,18,6.0,12.0,2024-09-27 13:05:00+08:00,True,1262,oracle,
oracle_center_v2,000852.SH,2024-09-27,Shock,DownTrend,2024-09-27 13:35:00+08:00,2024-09-27 13:40:00+08:00,31,19.0,25.0,2024-09-27 14:10:00+08:00,True,1263,oracle,
oracle_center_v2,000852.SH,2024-09-30,Shock,UpTrend,2024-09-30 13:35:00+08:00,2024-09-30 13:40:00+08:00,31,19.0,25.0,2024-09-30 14:10:00+08:00,True,1264,oracle,
oracle_center_v2,000852.SH,2024-09-30,UpTrend,Shock,2024-09-30 13:55:00+08:00,2024-09-30 14:00:00+08:00,35,23.0,29.0,2024-09-30 14:30:00+08:00,True,1265,oracle,
oracle_center_v2,000852.SH,2024-10-08,Shock,DownTrend,2024-10-08 13:20:00+08:00,2024-10-08 13:25:00+08:00,28,16.0,22.0,2024-10-08 13:55:00+08:00,True,1266,oracle,
oracle_center_v2,000852.SH,2024-10-08,DownTrend,Shock,2024-10-08 13:30:00+08:00,2024-10-08 13:35:00+08:00,30,18.0,24.0,2024-10-08 14:05:00+08:00,True,1267,oracle,
oracle_center_v2,000852.SH,2024-10-10,UpTrend,Range,2024-10-10 13:05:00+08:00,2024-10-10 13:10:00+08:00,25,13.0,19.0,2024-10-10 13:40:00+08:00,True,1268,oracle,
oracle_center_v2,000852.SH,2024-10-14,UpTrend,Range,2024-10-14 13:45:00+08:00,2024-10-14 13:50:00+08:00,33,21.0,27.0,2024-10-14 14:20:00+08:00,True,1269,oracle,
oracle_center_v2,000852.SH,2024-10-17,Range,UpTrend,2024-10-17 11:10:00+08:00,2024-10-17 11:15:00+08:00,20,8.0,14.0,2024-10-17 13:15:00+08:00,True,1270,oracle,
oracle_center_v2,000852.SH,2024-10-17,UpTrend,DownTrend,2024-10-17 13:45:00+08:00,2024-10-17 13:50:00+08:00,33,21.0,27.0,2024-10-17 14:20:00+08:00,True,1271,oracle,
oracle_center_v2,000852.SH,2024-10-18,Range,UpTrend,2024-10-18 13:20:00+08:00,2024-10-18 13:25:00+08:00,28,16.0,22.0,2024-10-18 13:55:00+08:00,True,1272,oracle,
oracle_center_v2,000852.SH,2024-10-22,Range,DownTrend,2024-10-22 13:15:00+08:00,2024-10-22 13:20:00+08:00,27,15.0,21.0,2024-10-22 13:50:00+08:00,True,1273,oracle,
oracle_center_v2,000852.SH,2024-10-23,UpTrend,DownTrend,2024-10-23 13:40:00+08:00,2024-10-23 13:45:00+08:00,32,20.0,26.0,2024-10-23 14:15:00+08:00,True,1274,oracle,
oracle_center_v2,000852.SH,2024-10-29,DownTrend,Range,2024-10-29 13:50:00+08:00,2024-10-29 13:55:00+08:00,34,22.0,28.0,2024-10-29 14:25:00+08:00,True,1275,oracle,
oracle_center_v2,000852.SH,2024-10-30,DownTrend,Range,2024-10-30 13:25:00+08:00,2024-10-30 13:30:00+08:00,29,17.0,23.0,2024-10-30 14:00:00+08:00,True,1276,oracle,
oracle_center_v2,000852.SH,2024-11-01,Shock,Range,2024-11-01 11:05:00+08:00,2024-11-01 11:10:00+08:00,19,7.0,13.0,2024-11-01 13:10:00+08:00,True,1277,oracle,
oracle_center_v2,000852.SH,2024-11-12,DownTrend,Shock,2024-11-12 13:55:00+08:00,2024-11-12 14:00:00+08:00,35,23.0,29.0,2024-11-12 14:30:00+08:00,True,1278,oracle,
oracle_center_v2,000852.SH,2024-11-15,Range,DownTrend,2024-11-15 13:35:00+08:00,2024-11-15 13:40:00+08:00,31,19.0,25.0,2024-11-15 14:10:00+08:00,True,1279,oracle,
oracle_center_v2,000852.SH,2024-11-18,Range,DownTrend,2024-11-18 13:25:00+08:00,2024-11-18 13:30:00+08:00,29,17.0,23.0,2024-11-18 14:00:00+08:00,True,1280,oracle,
oracle_center_v2,000852.SH,2024-11-19,Range,Shock,2024-11-19 13:50:00+08:00,2024-11-19 13:55:00+08:00,34,22.0,28.0,2024-11-19 14:25:00+08:00,True,1281,oracle,
oracle_center_v2,000852.SH,2024-11-22,DownTrend,Shock,2024-11-22 13:20:00+08:00,2024-11-22 13:25:00+08:00,28,16.0,22.0,2024-11-22 13:55:00+08:00,True,1282,oracle,
oracle_center_v2,000852.SH,2024-11-27,Shock,Range,2024-11-27 11:20:00+08:00,2024-11-27 11:25:00+08:00,22,10.0,16.0,2024-11-27 13:25:00+08:00,True,1283,oracle,
oracle_center_v2,000852.SH,2024-11-27,Range,UpTrend,2024-11-27 13:55:00+08:00,2024-11-27 14:00:00+08:00,35,23.0,29.0,2024-11-27 14:30:00+08:00,True,1284,oracle,
oracle_center_v2,000852.SH,2024-11-29,UpTrend,Range,2024-11-29 13:25:00+08:00,2024-11-29 13:30:00+08:00,29,17.0,23.0,2024-11-29 14:00:00+08:00,True,1285,oracle,
oracle_center_v2,000852.SH,2024-12-09,Range,DownTrend,2024-12-09 11:00:00+08:00,2024-12-09 11:05:00+08:00,18,6.0,12.0,2024-12-09 13:05:00+08:00,True,1286,oracle,
oracle_center_v2,000852.SH,2024-12-09,DownTrend,Range,2024-12-09 13:55:00+08:00,2024-12-09 14:00:00+08:00,35,23.0,29.0,2024-12-09 14:30:00+08:00,True,1287,oracle,
oracle_center_v2,000852.SH,2024-12-19,Range,Shock,2024-12-19 11:10:00+08:00,2024-12-19 11:15:00+08:00,20,8.0,14.0,2024-12-19 13:15:00+08:00,True,1288,oracle,
oracle_center_v2,000852.SH,2024-12-19,Shock,UpTrend,2024-12-19 13:50:00+08:00,2024-12-19 13:55:00+08:00,34,22.0,28.0,2024-12-19 14:25:00+08:00,True,1289,oracle,
oracle_center_v2,000852.SH,2024-12-23,Range,DownTrend,2024-12-23 13:35:00+08:00,2024-12-23 13:40:00+08:00,31,19.0,25.0,2024-12-23 14:10:00+08:00,True,1290,oracle,
oracle_center_v2,000852.SH,2024-12-24,Shock,UpTrend,2024-12-24 11:15:00+08:00,2024-12-24 11:20:00+08:00,21,9.0,15.0,2024-12-24 13:20:00+08:00,True,1291,oracle,
oracle_center_v2,000852.SH,2024-12-25,Range,UpTrend,2024-12-25 13:10:00+08:00,2024-12-25 13:15:00+08:00,26,14.0,20.0,2024-12-25 13:45:00+08:00,True,1292,oracle,
oracle_center_v2,000852.SH,2024-12-27,Range,DownTrend,2024-12-27 13:15:00+08:00,2024-12-27 13:20:00+08:00,27,15.0,21.0,2024-12-27 13:50:00+08:00,True,1293,oracle,
oracle_center_v2,000852.SH,2025-01-02,DownTrend,Shock,2025-01-02 13:30:00+08:00,2025-01-02 13:35:00+08:00,30,18.0,24.0,2025-01-02 14:05:00+08:00,True,1294,oracle,
oracle_center_v2,000852.SH,2025-01-03,Shock,DownTrend,2025-01-03 11:10:00+08:00,2025-01-03 11:15:00+08:00,20,8.0,14.0,2025-01-03 13:15:00+08:00,True,1295,oracle,
oracle_center_v2,000852.SH,2025-01-03,DownTrend,Shock,2025-01-03 13:55:00+08:00,2025-01-03 14:00:00+08:00,35,23.0,29.0,2025-01-03 14:30:00+08:00,True,1296,oracle,
oracle_center_v2,000852.SH,2025-01-06,DownTrend,Shock,2025-01-06 10:55:00+08:00,2025-01-06 11:00:00+08:00,17,5.0,11.0,2025-01-06 11:30:00+08:00,True,1297,oracle,
oracle_center_v2,000852.SH,2025-01-06,Shock,DownTrend,2025-01-06 13:05:00+08:00,2025-01-06 13:10:00+08:00,25,13.0,19.0,2025-01-06 13:40:00+08:00,True,1298,oracle,
oracle_center_v2,000852.SH,2025-01-08,DownTrend,Shock,2025-01-08 13:10:00+08:00,2025-01-08 13:15:00+08:00,26,14.0,20.0,2025-01-08 13:45:00+08:00,True,1299,oracle,
oracle_center_v2,000852.SH,2025-01-13,Shock,Range,2025-01-13 13:45:00+08:00,2025-01-13 13:50:00+08:00,33,21.0,27.0,2025-01-13 14:20:00+08:00,True,1300,oracle,
oracle_center_v2,000852.SH,2025-01-17,Shock,Range,2025-01-17 13:45:00+08:00,2025-01-17 13:50:00+08:00,33,21.0,27.0,2025-01-17 14:20:00+08:00,True,1301,oracle,
oracle_center_v2,000852.SH,2025-02-07,UpTrend,Range,2025-02-07 13:05:00+08:00,2025-02-07 13:10:00+08:00,25,13.0,19.0,2025-02-07 13:40:00+08:00,True,1302,oracle,
oracle_center_v2,000852.SH,2025-02-07,Range,DownTrend,2025-02-07 13:30:00+08:00,2025-02-07 13:35:00+08:00,30,18.0,24.0,2025-02-07 14:05:00+08:00,True,1303,oracle,
oracle_center_v2,000852.SH,2025-02-17,Range,DownTrend,2025-02-17 13:25:00+08:00,2025-02-17 13:30:00+08:00,29,17.0,23.0,2025-02-17 14:00:00+08:00,True,1304,oracle,
oracle_center_v2,000852.SH,2025-02-19,Range,UpTrend,2025-02-19 13:55:00+08:00,2025-02-19 14:00:00+08:00,35,23.0,29.0,2025-02-19 14:30:00+08:00,True,1305,oracle,
oracle_center_v2,000852.SH,2025-02-20,UpTrend,Range,2025-02-20 13:40:00+08:00,2025-02-20 13:45:00+08:00,32,20.0,26.0,2025-02-20 14:15:00+08:00,True,1306,oracle,
oracle_center_v2,000852.SH,2025-02-21,Shock,UpTrend,2025-02-21 13:05:00+08:00,2025-02-21 13:10:00+08:00,25,13.0,19.0,2025-02-21 13:40:00+08:00,True,1307,oracle,
oracle_center_v2,000852.SH,2025-02-21,UpTrend,Range,2025-02-21 13:30:00+08:00,2025-02-21 13:35:00+08:00,30,18.0,24.0,2025-02-21 14:05:00+08:00,True,1308,oracle,
oracle_center_v2,000852.SH,2025-02-24,Range,DownTrend,2025-02-24 11:25:00+08:00,2025-02-24 11:30:00+08:00,23,11.0,17.0,2025-02-24 13:30:00+08:00,True,1309,oracle,
oracle_center_v2,000852.SH,2025-02-26,UpTrend,Range,2025-02-26 13:40:00+08:00,2025-02-26 13:45:00+08:00,32,20.0,26.0,2025-02-26 14:15:00+08:00,True,1310,oracle,
oracle_center_v2,000852.SH,2025-02-28,DownTrend,Shock,2025-02-28 13:25:00+08:00,2025-02-28 13:30:00+08:00,29,17.0,23.0,2025-02-28 14:00:00+08:00,True,1311,oracle,
oracle_center_v2,000852.SH,2025-03-05,Range,UpTrend,2025-03-05 13:45:00+08:00,2025-03-05 13:50:00+08:00,33,21.0,27.0,2025-03-05 14:20:00+08:00,True,1312,oracle,
oracle_center_v2,000852.SH,2025-03-06,Range,UpTrend,2025-03-06 10:50:00+08:00,2025-03-06 10:55:00+08:00,16,4.0,10.0,2025-03-06 11:25:00+08:00,True,1313,oracle,
oracle_center_v2,000852.SH,2025-03-11,DownTrend,Range,2025-03-11 13:15:00+08:00,2025-03-11 13:20:00+08:00,27,15.0,21.0,2025-03-11 13:50:00+08:00,True,1314,oracle,
oracle_center_v2,000852.SH,2025-03-12,UpTrend,Range,2025-03-12 13:35:00+08:00,2025-03-12 13:40:00+08:00,31,19.0,25.0,2025-03-12 14:10:00+08:00,True,1315,oracle,
oracle_center_v2,000852.SH,2025-03-19,UpTrend,DownTrend,2025-03-19 13:10:00+08:00,2025-03-19 13:15:00+08:00,26,14.0,20.0,2025-03-19 13:45:00+08:00,True,1316,oracle,
oracle_center_v2,000852.SH,2025-03-20,Range,DownTrend,2025-03-20 13:30:00+08:00,2025-03-20 13:35:00+08:00,30,18.0,24.0,2025-03-20 14:05:00+08:00,True,1317,oracle,
oracle_center_v2,000852.SH,2025-03-21,DownTrend,Range,2025-03-21 13:40:00+08:00,2025-03-21 13:45:00+08:00,32,20.0,26.0,2025-03-21 14:15:00+08:00,True,1318,oracle,
oracle_center_v2,000852.SH,2025-03-24,DownTrend,Shock,2025-03-24 13:55:00+08:00,2025-03-24 14:00:00+08:00,35,23.0,29.0,2025-03-24 14:30:00+08:00,True,1319,oracle,
oracle_center_v2,000852.SH,2025-03-25,Range,Shock,2025-03-25 10:50:00+08:00,2025-03-25 10:55:00+08:00,16,4.0,10.0,2025-03-25 11:25:00+08:00,True,1320,oracle,
oracle_center_v2,000852.SH,2025-03-27,UpTrend,Range,2025-03-27 13:20:00+08:00,2025-03-27 13:25:00+08:00,28,16.0,22.0,2025-03-27 13:55:00+08:00,True,1321,oracle,
oracle_center_v2,000852.SH,2025-03-31,DownTrend,Shock,2025-03-31 11:05:00+08:00,2025-03-31 11:10:00+08:00,19,7.0,13.0,2025-03-31 13:10:00+08:00,True,1322,oracle,
oracle_center_v2,000852.SH,2025-03-31,Shock,UpTrend,2025-03-31 13:50:00+08:00,2025-03-31 13:55:00+08:00,34,22.0,28.0,2025-03-31 14:25:00+08:00,True,1323,oracle,
oracle_center_v2,000852.SH,2025-04-09,Shock,UpTrend,2025-04-09 13:10:00+08:00,2025-04-09 13:15:00+08:00,26,14.0,20.0,2025-04-09 13:45:00+08:00,True,1324,oracle,
oracle_center_v2,000852.SH,2025-04-16,DownTrend,Range,2025-04-16 13:40:00+08:00,2025-04-16 13:45:00+08:00,32,20.0,26.0,2025-04-16 14:15:00+08:00,True,1325,oracle,
oracle_center_v2,000852.SH,2025-04-18,DownTrend,Range,2025-04-18 13:05:00+08:00,2025-04-18 13:10:00+08:00,25,13.0,19.0,2025-04-18 13:40:00+08:00,True,1326,oracle,
oracle_center_v2,000852.SH,2025-04-24,DownTrend,UpTrend,2025-04-24 13:10:00+08:00,2025-04-24 13:15:00+08:00,26,14.0,20.0,2025-04-24 13:45:00+08:00,True,1327,oracle,
oracle_center_v2,000852.SH,2025-04-24,UpTrend,Range,2025-04-24 13:50:00+08:00,2025-04-24 13:55:00+08:00,34,22.0,28.0,2025-04-24 14:25:00+08:00,True,1328,oracle,
oracle_center_v2,000852.SH,2025-04-28,Range,DownTrend,2025-04-28 13:45:00+08:00,2025-04-28 13:50:00+08:00,33,21.0,27.0,2025-04-28 14:20:00+08:00,True,1329,oracle,
oracle_center_v2,000852.SH,2025-05-09,DownTrend,UpTrend,2025-05-09 11:25:00+08:00,2025-05-09 11:30:00+08:00,23,11.0,17.0,2025-05-09 13:30:00+08:00,True,1330,oracle,
oracle_center_v2,000852.SH,2025-05-09,UpTrend,Range,2025-05-09 13:40:00+08:00,2025-05-09 13:45:00+08:00,32,20.0,26.0,2025-05-09 14:15:00+08:00,True,1331,oracle,
oracle_center_v2,000852.SH,2025-05-12,Range,UpTrend,2025-05-12 13:40:00+08:00,2025-05-12 13:45:00+08:00,32,20.0,26.0,2025-05-12 14:15:00+08:00,True,1332,oracle,
oracle_center_v2,000852.SH,2025-05-14,Range,Shock,2025-05-14 11:25:00+08:00,2025-05-14 11:30:00+08:00,23,11.0,17.0,2025-05-14 13:30:00+08:00,True,1333,oracle,
oracle_center_v2,000852.SH,2025-05-16,Range,DownTrend,2025-05-16 13:45:00+08:00,2025-05-16 13:50:00+08:00,33,21.0,27.0,2025-05-16 14:20:00+08:00,True,1334,oracle,
oracle_center_v2,000852.SH,2025-05-19,UpTrend,Range,2025-05-19 11:30:00+08:00,2025-05-19 13:05:00+08:00,24,12.0,18.0,2025-05-19 13:35:00+08:00,True,1335,oracle,
oracle_center_v2,000852.SH,2025-05-22,DownTrend,Range,2025-05-22 11:25:00+08:00,2025-05-22 11:30:00+08:00,23,11.0,17.0,2025-05-22 13:30:00+08:00,True,1336,oracle,
oracle_center_v2,000852.SH,2025-05-23,Range,DownTrend,2025-05-23 13:05:00+08:00,2025-05-23 13:10:00+08:00,25,13.0,19.0,2025-05-23 13:40:00+08:00,True,1337,oracle,
oracle_center_v2,000852.SH,2025-06-13,Range,Shock,2025-06-13 13:20:00+08:00,2025-06-13 13:25:00+08:00,28,16.0,22.0,2025-06-13 13:55:00+08:00,True,1338,oracle,
oracle_center_v2,000852.SH,2025-06-25,Shock,UpTrend,2025-06-25 11:20:00+08:00,2025-06-25 11:25:00+08:00,22,10.0,16.0,2025-06-25 13:25:00+08:00,True,1339,oracle,
oracle_center_v2,000852.SH,2025-06-30,Range,UpTrend,2025-06-30 13:15:00+08:00,2025-06-30 13:20:00+08:00,27,15.0,21.0,2025-06-30 13:50:00+08:00,True,1340,oracle,
oracle_center_v2,000852.SH,2025-07-04,UpTrend,Shock,2025-07-04 11:25:00+08:00,2025-07-04 11:30:00+08:00,23,11.0,17.0,2025-07-04 13:30:00+08:00,True,1341,oracle,
oracle_center_v2,000852.SH,2025-07-08,UpTrend,Range,2025-07-08 13:35:00+08:00,2025-07-08 13:40:00+08:00,31,19.0,25.0,2025-07-08 14:10:00+08:00,True,1342,oracle,
oracle_center_v2,000852.SH,2025-07-09,Shock,Range,2025-07-09 11:30:00+08:00,2025-07-09 13:05:00+08:00,24,12.0,18.0,2025-07-09 13:35:00+08:00,True,1343,oracle,
oracle_center_v2,000852.SH,2025-07-09,Range,DownTrend,2025-07-09 13:55:00+08:00,2025-07-09 14:00:00+08:00,35,23.0,29.0,2025-07-09 14:30:00+08:00,True,1344,oracle,
oracle_center_v2,000852.SH,2025-07-10,DownTrend,UpTrend,2025-07-10 11:10:00+08:00,2025-07-10 11:15:00+08:00,20,8.0,14.0,2025-07-10 13:15:00+08:00,True,1345,oracle,
oracle_center_v2,000852.SH,2025-07-21,DownTrend,UpTrend,2025-07-21 13:35:00+08:00,2025-07-21 13:40:00+08:00,31,19.0,25.0,2025-07-21 14:10:00+08:00,True,1346,oracle,
oracle_center_v2,000852.SH,2025-07-22,UpTrend,Range,2025-07-22 11:30:00+08:00,2025-07-22 13:05:00+08:00,24,12.0,18.0,2025-07-22 13:35:00+08:00,True,1347,oracle,
oracle_center_v2,000852.SH,2025-07-23,DownTrend,UpTrend,2025-07-23 11:15:00+08:00,2025-07-23 11:20:00+08:00,21,9.0,15.0,2025-07-23 13:20:00+08:00,True,1348,oracle,
oracle_center_v2,000852.SH,2025-07-23,UpTrend,DownTrend,2025-07-23 13:45:00+08:00,2025-07-23 13:50:00+08:00,33,21.0,27.0,2025-07-23 14:20:00+08:00,True,1349,oracle,
oracle_center_v2,000852.SH,2025-07-24,Range,UpTrend,2025-07-24 13:05:00+08:00,2025-07-24 13:10:00+08:00,25,13.0,19.0,2025-07-24 13:40:00+08:00,True,1350,oracle,
oracle_center_v2,000852.SH,2025-07-24,UpTrend,Range,2025-07-24 13:20:00+08:00,2025-07-24 13:25:00+08:00,28,16.0,22.0,2025-07-24 13:55:00+08:00,True,1351,oracle,
oracle_center_v2,000852.SH,2025-07-30,DownTrend,Shock,2025-07-30 13:35:00+08:00,2025-07-30 13:40:00+08:00,31,19.0,25.0,2025-07-30 14:10:00+08:00,True,1352,oracle,
oracle_center_v2,000852.SH,2025-07-31,DownTrend,Shock,2025-07-31 13:35:00+08:00,2025-07-31 13:40:00+08:00,31,19.0,25.0,2025-07-31 14:10:00+08:00,True,1353,oracle,
oracle_center_v2,000852.SH,2025-08-01,DownTrend,UpTrend,2025-08-01 13:45:00+08:00,2025-08-01 13:50:00+08:00,33,21.0,27.0,2025-08-01 14:20:00+08:00,True,1354,oracle,
oracle_center_v2,000852.SH,2025-08-01,UpTrend,Shock,2025-08-01 13:55:00+08:00,2025-08-01 14:00:00+08:00,35,23.0,29.0,2025-08-01 14:30:00+08:00,True,1355,oracle,
oracle_center_v2,000852.SH,2025-08-11,UpTrend,Range,2025-08-11 13:20:00+08:00,2025-08-11 13:25:00+08:00,28,16.0,22.0,2025-08-11 13:55:00+08:00,True,1356,oracle,
oracle_center_v2,000852.SH,2025-08-15,UpTrend,Range,2025-08-15 13:40:00+08:00,2025-08-15 13:45:00+08:00,32,20.0,26.0,2025-08-15 14:15:00+08:00,True,1357,oracle,
oracle_center_v2,000852.SH,2025-08-18,UpTrend,Shock,2025-08-18 13:55:00+08:00,2025-08-18 14:00:00+08:00,35,23.0,29.0,2025-08-18 14:30:00+08:00,True,1358,oracle,
oracle_center_v2,000852.SH,2025-08-19,UpTrend,DownTrend,2025-08-19 13:25:00+08:00,2025-08-19 13:30:00+08:00,29,17.0,23.0,2025-08-19 14:00:00+08:00,True,1359,oracle,
oracle_center_v2,000852.SH,2025-08-19,DownTrend,Shock,2025-08-19 13:35:00+08:00,2025-08-19 13:40:00+08:00,31,19.0,25.0,2025-08-19 14:10:00+08:00,True,1360,oracle,
oracle_center_v2,000852.SH,2025-08-20,DownTrend,Shock,2025-08-20 11:15:00+08:00,2025-08-20 11:20:00+08:00,21,9.0,15.0,2025-08-20 13:20:00+08:00,False,,oracle,
oracle_center_v2,000852.SH,2025-08-20,Shock,UpTrend,2025-08-20 13:40:00+08:00,2025-08-20 13:45:00+08:00,32,20.0,26.0,2025-08-20 14:15:00+08:00,True,1361,oracle,
oracle_center_v2,000852.SH,2025-08-21,Shock,DownTrend,2025-08-21 13:50:00+08:00,2025-08-21 13:55:00+08:00,34,22.0,28.0,2025-08-21 14:25:00+08:00,True,1362,oracle,
oracle_center_v2,000852.SH,2025-08-25,Shock,Range,2025-08-25 13:35:00+08:00,2025-08-25 13:40:00+08:00,31,19.0,25.0,2025-08-25 14:10:00+08:00,True,1363,oracle,
oracle_center_v2,000852.SH,2025-08-27,UpTrend,DownTrend,2025-08-27 13:20:00+08:00,2025-08-27 13:25:00+08:00,28,16.0,22.0,2025-08-27 13:55:00+08:00,True,1364,oracle,
oracle_center_v2,000852.SH,2025-08-27,DownTrend,Shock,2025-08-27 13:30:00+08:00,2025-08-27 13:35:00+08:00,30,18.0,24.0,2025-08-27 14:05:00+08:00,True,1365,oracle,
oracle_center_v2,000852.SH,2025-09-03,Shock,DownTrend,2025-09-03 11:15:00+08:00,2025-09-03 11:20:00+08:00,21,9.0,15.0,2025-09-03 13:20:00+08:00,True,1366,oracle,
oracle_center_v2,000852.SH,2025-09-05,UpTrend,Range,2025-09-05 11:15:00+08:00,2025-09-05 11:20:00+08:00,21,9.0,15.0,2025-09-05 13:20:00+08:00,True,1367,oracle,
oracle_center_v2,000852.SH,2025-09-05,Range,UpTrend,2025-09-05 13:20:00+08:00,2025-09-05 13:25:00+08:00,28,16.0,22.0,2025-09-05 13:55:00+08:00,True,1368,oracle,
oracle_center_v2,000852.SH,2025-09-08,Range,UpTrend,2025-09-08 13:05:00+08:00,2025-09-08 13:10:00+08:00,25,13.0,19.0,2025-09-08 13:40:00+08:00,True,1369,oracle,
oracle_center_v2,000852.SH,2025-09-09,DownTrend,Range,2025-09-09 13:45:00+08:00,2025-09-09 13:50:00+08:00,33,21.0,27.0,2025-09-09 14:20:00+08:00,True,1370,oracle,
oracle_center_v2,000852.SH,2025-09-17,UpTrend,Range,2025-09-17 11:30:00+08:00,2025-09-17 13:05:00+08:00,24,12.0,18.0,2025-09-17 13:35:00+08:00,True,1371,oracle,
oracle_center_v2,000852.SH,2025-09-18,Range,DownTrend,2025-09-18 11:25:00+08:00,2025-09-18 11:30:00+08:00,23,11.0,17.0,2025-09-18 13:30:00+08:00,True,1372,oracle,
oracle_center_v2,000852.SH,2025-09-26,DownTrend,Range,2025-09-26 13:35:00+08:00,2025-09-26 13:40:00+08:00,31,19.0,25.0,2025-09-26 14:10:00+08:00,True,1373,oracle,
oracle_center_v2,000852.SH,2025-10-09,UpTrend,Range,2025-10-09 13:05:00+08:00,2025-10-09 13:10:00+08:00,25,13.0,19.0,2025-10-09 13:40:00+08:00,True,1374,oracle,
oracle_center_v2,000852.SH,2025-10-10,DownTrend,Range,2025-10-10 13:25:00+08:00,2025-10-10 13:30:00+08:00,29,17.0,23.0,2025-10-10 14:00:00+08:00,True,1375,oracle,
oracle_center_v2,000852.SH,2025-10-13,DownTrend,UpTrend,2025-10-13 13:25:00+08:00,2025-10-13 13:30:00+08:00,29,17.0,23.0,2025-10-13 14:00:00+08:00,True,1376,oracle,
oracle_center_v2,000852.SH,2025-10-14,DownTrend,Shock,2025-10-14 11:05:00+08:00,2025-10-14 11:10:00+08:00,19,7.0,13.0,2025-10-14 13:10:00+08:00,True,1377,oracle,
oracle_center_v2,000852.SH,2025-10-14,Shock,DownTrend,2025-10-14 13:50:00+08:00,2025-10-14 13:55:00+08:00,34,22.0,28.0,2025-10-14 14:25:00+08:00,True,1378,oracle,
oracle_center_v2,000852.SH,2025-10-15,Range,UpTrend,2025-10-15 11:30:00+08:00,2025-10-15 13:05:00+08:00,24,12.0,18.0,2025-10-15 13:35:00+08:00,True,1379,oracle,
oracle_center_v2,000852.SH,2025-10-16,DownTrend,Range,2025-10-16 13:40:00+08:00,2025-10-16 13:45:00+08:00,32,20.0,26.0,2025-10-16 14:15:00+08:00,True,1380,oracle,
oracle_center_v2,000852.SH,2025-10-23,Range,UpTrend,2025-10-23 13:40:00+08:00,2025-10-23 13:45:00+08:00,32,20.0,26.0,2025-10-23 14:15:00+08:00,True,1381,oracle,
oracle_center_v2,000852.SH,2025-10-24,Range,UpTrend,2025-10-24 11:05:00+08:00,2025-10-24 11:10:00+08:00,19,7.0,13.0,2025-10-24 13:10:00+08:00,True,1382,oracle,
oracle_center_v2,000852.SH,2025-10-24,UpTrend,Range,2025-10-24 13:35:00+08:00,2025-10-24 13:40:00+08:00,31,19.0,25.0,2025-10-24 14:10:00+08:00,True,1383,oracle,
oracle_center_v2,000852.SH,2025-10-28,DownTrend,Shock,2025-10-28 13:25:00+08:00,2025-10-28 13:30:00+08:00,29,17.0,23.0,2025-10-28 14:00:00+08:00,True,1384,oracle,
oracle_center_v2,000852.SH,2025-11-05,Shock,UpTrend,2025-11-05 11:25:00+08:00,2025-11-05 11:30:00+08:00,23,11.0,17.0,2025-11-05 13:30:00+08:00,True,1385,oracle,
oracle_center_v2,000852.SH,2025-11-06,UpTrend,Range,2025-11-06 11:10:00+08:00,2025-11-06 11:15:00+08:00,20,8.0,14.0,2025-11-06 13:15:00+08:00,True,1386,oracle,
oracle_center_v2,000852.SH,2025-11-07,UpTrend,DownTrend,2025-11-07 13:40:00+08:00,2025-11-07 13:45:00+08:00,32,20.0,26.0,2025-11-07 14:15:00+08:00,True,1387,oracle,
oracle_center_v2,000852.SH,2025-11-11,Range,DownTrend,2025-11-11 11:25:00+08:00,2025-11-11 11:30:00+08:00,23,11.0,17.0,2025-11-11 13:30:00+08:00,True,1388,oracle,
oracle_center_v2,000852.SH,2025-11-12,DownTrend,Range,2025-11-12 11:30:00+08:00,2025-11-12 13:05:00+08:00,24,12.0,18.0,2025-11-12 13:35:00+08:00,True,1389,oracle,
oracle_center_v2,000852.SH,2025-11-12,Range,Shock,2025-11-12 13:40:00+08:00,2025-11-12 13:45:00+08:00,32,20.0,26.0,2025-11-12 14:15:00+08:00,True,1390,oracle,
oracle_center_v2,000852.SH,2025-11-12,Shock,UpTrend,2025-11-12 13:50:00+08:00,2025-11-12 13:55:00+08:00,34,22.0,28.0,2025-11-12 14:25:00+08:00,True,1391,oracle,
oracle_center_v2,000852.SH,2025-11-13,UpTrend,Range,2025-11-13 13:55:00+08:00,2025-11-13 14:00:00+08:00,35,23.0,29.0,2025-11-13 14:30:00+08:00,True,1392,oracle,
oracle_center_v2,000852.SH,2025-11-19,Range,Shock,2025-11-19 13:55:00+08:00,2025-11-19 14:00:00+08:00,35,23.0,29.0,2025-11-19 14:30:00+08:00,True,1393,oracle,
oracle_center_v2,000852.SH,2025-11-20,Range,DownTrend,2025-11-20 13:35:00+08:00,2025-11-20 13:40:00+08:00,31,19.0,25.0,2025-11-20 14:10:00+08:00,True,1394,oracle,
oracle_center_v2,000852.SH,2025-11-24,Range,UpTrend,2025-11-24 11:30:00+08:00,2025-11-24 13:05:00+08:00,24,12.0,18.0,2025-11-24 13:35:00+08:00,True,1395,oracle,
oracle_center_v2,000852.SH,2025-11-26,UpTrend,DownTrend,2025-11-26 13:15:00+08:00,2025-11-26 13:20:00+08:00,27,15.0,21.0,2025-11-26 13:50:00+08:00,True,1396,oracle,
oracle_center_v2,000852.SH,2025-11-28,Range,UpTrend,2025-11-28 13:50:00+08:00,2025-11-28 13:55:00+08:00,34,22.0,28.0,2025-11-28 14:25:00+08:00,True,1397,oracle,
oracle_center_v2,000852.SH,2025-12-01,UpTrend,Range,2025-12-01 13:35:00+08:00,2025-12-01 13:40:00+08:00,31,19.0,25.0,2025-12-01 14:10:00+08:00,True,1398,oracle,
oracle_center_v2,000852.SH,2025-12-05,UpTrend,Range,2025-12-05 13:10:00+08:00,2025-12-05 13:15:00+08:00,26,14.0,20.0,2025-12-05 13:45:00+08:00,True,1399,oracle,
oracle_center_v2,000852.SH,2025-12-05,Range,UpTrend,2025-12-05 13:40:00+08:00,2025-12-05 13:45:00+08:00,32,20.0,26.0,2025-12-05 14:15:00+08:00,True,1400,oracle,
oracle_center_v2,000852.SH,2025-12-10,Range,UpTrend,2025-12-10 13:40:00+08:00,2025-12-10 13:45:00+08:00,32,20.0,26.0,2025-12-10 14:15:00+08:00,True,1401,oracle,
oracle_center_v2,000852.SH,2025-12-11,Range,DownTrend,2025-12-11 11:05:00+08:00,2025-12-11 11:10:00+08:00,19,7.0,13.0,2025-12-11 13:10:00+08:00,True,1402,oracle,
oracle_center_v2,000852.SH,2025-12-12,Shock,Range,2025-12-12 11:25:00+08:00,2025-12-12 11:30:00+08:00,23,11.0,17.0,2025-12-12 13:30:00+08:00,True,1403,oracle,
oracle_center_v2,000852.SH,2025-12-12,Range,UpTrend,2025-12-12 13:25:00+08:00,2025-12-12 13:30:00+08:00,29,17.0,23.0,2025-12-12 14:00:00+08:00,True,1404,oracle,
oracle_center_v2,000852.SH,2025-12-17,Range,Shock,2025-12-17 13:25:00+08:00,2025-12-17 13:30:00+08:00,29,17.0,23.0,2025-12-17 14:00:00+08:00,True,1405,oracle,
oracle_center_v2,000852.SH,2025-12-22,UpTrend,DownTrend,2025-12-22 13:15:00+08:00,2025-12-22 13:20:00+08:00,27,15.0,21.0,2025-12-22 13:50:00+08:00,True,1406,oracle,
oracle_center_v2,000852.SH,2025-12-23,UpTrend,DownTrend,2025-12-23 13:25:00+08:00,2025-12-23 13:30:00+08:00,29,17.0,23.0,2025-12-23 14:00:00+08:00,True,1407,oracle,
oracle_center_v2,000852.SH,2025-12-25,UpTrend,Range,2025-12-25 13:50:00+08:00,2025-12-25 13:55:00+08:00,34,22.0,28.0,2025-12-25 14:25:00+08:00,True,1408,oracle,
oracle_center_v2,000852.SH,2025-12-26,Shock,UpTrend,2025-12-26 13:20:00+08:00,2025-12-26 13:25:00+08:00,28,16.0,22.0,2025-12-26 13:55:00+08:00,True,1409,oracle,
online_v2,000852.SH,2015-01-27,DownTrend,Shock,2015-01-27 13:10:00+08:00,2015-01-27 13:15:00+08:00,26,,,,True,1,online,14.0
online_v2,000852.SH,2015-01-27,Shock,UpTrend,2015-01-27 14:15:00+08:00,2015-01-27 14:20:00+08:00,39,,,,True,2,online,27.0
online_v2,000852.SH,2015-01-28,UpTrend,DownTrend,2015-01-28 14:05:00+08:00,2015-01-28 14:10:00+08:00,37,,,,True,3,online,25.0
online_v2,000852.SH,2015-01-29,Range,UpTrend,2015-01-29 14:20:00+08:00,2015-01-29 14:25:00+08:00,40,,,,True,4,online,28.0
online_v2,000852.SH,2015-02-03,Range,UpTrend,2015-02-03 13:15:00+08:00,2015-02-03 13:20:00+08:00,27,,,,True,5,online,15.0
online_v2,000852.SH,2015-02-09,Range,DownTrend,2015-02-09 11:25:00+08:00,2015-02-09 11:30:00+08:00,23,,,,False,,online,11.0
online_v2,000852.SH,2015-02-10,DownTrend,UpTrend,2015-02-10 13:20:00+08:00,2015-02-10 13:25:00+08:00,28,,,,True,6,online,16.0
online_v2,000852.SH,2015-02-12,Range,UpTrend,2015-02-12 11:25:00+08:00,2015-02-12 11:30:00+08:00,23,,,,False,,online,11.0
online_v2,000852.SH,2015-02-25,UpTrend,Shock,2015-02-25 14:20:00+08:00,2015-02-25 14:25:00+08:00,40,,,,True,7,online,28.0
online_v2,000852.SH,2015-02-26,DownTrend,UpTrend,2015-02-26 14:00:00+08:00,2015-02-26 14:05:00+08:00,36,,,,True,8,online,24.0
online_v2,000852.SH,2015-03-03,Shock,UpTrend,2015-03-03 11:25:00+08:00,2015-03-03 11:30:00+08:00,23,,,,False,,online,11.0
online_v2,000852.SH,2015-03-03,UpTrend,Shock,2015-03-03 14:05:00+08:00,2015-03-03 14:10:00+08:00,37,,,,True,9,online,25.0
online_v2,000852.SH,2015-03-04,Shock,UpTrend,2015-03-04 10:55:00+08:00,2015-03-04 11:00:00+08:00,17,,,,False,,online,5.0
online_v2,000852.SH,2015-03-04,UpTrend,Range,2015-03-04 13:10:00+08:00,2015-03-04 13:15:00+08:00,26,,,,False,,online,14.0
online_v2,000852.SH,2015-03-04,Range,UpTrend,2015-03-04 14:00:00+08:00,2015-03-04 14:05:00+08:00,36,,,,True,10,online,24.0
online_v2,000852.SH,2015-03-05,Shock,UpTrend,2015-03-05 11:20:00+08:00,2015-03-05 11:25:00+08:00,22,,,,True,11,online,10.0
online_v2,000852.SH,2015-03-09,Shock,UpTrend,2015-03-09 10:45:00+08:00,2015-03-09 10:50:00+08:00,15,,,,False,,online,3.0
online_v2,000852.SH,2015-03-10,UpTrend,Range,2015-03-10 14:10:00+08:00,2015-03-10 14:15:00+08:00,38,,,,True,12,online,26.0
online_v2,000852.SH,2015-03-12,DownTrend,Shock,2015-03-12 13:05:00+08:00,2015-03-12 13:10:00+08:00,25,,,,True,13,online,13.0
online_v2,000852.SH,2015-03-12,Shock,DownTrend,2015-03-12 13:15:00+08:00,2015-03-12 13:20:00+08:00,27,,,,True,14,online,15.0
online_v2,000852.SH,2015-03-12,DownTrend,UpTrend,2015-03-12 14:20:00+08:00,2015-03-12 14:25:00+08:00,40,,,,True,15,online,28.0
online_v2,000852.SH,2015-03-17,UpTrend,DownTrend,2015-03-17 13:55:00+08:00,2015-03-17 14:00:00+08:00,35,,,,True,16,online,23.0
online_v2,000852.SH,2015-03-17,DownTrend,Shock,2015-03-17 14:05:00+08:00,2015-03-17 14:10:00+08:00,37,,,,True,17,online,25.0
online_v2,000852.SH,2015-03-19,Shock,UpTrend,2015-03-19 11:05:00+08:00,2015-03-19 11:10:00+08:00,19,,,,False,,online,7.0
online_v2,000852.SH,2015-03-19,UpTrend,Shock,2015-03-19 13:45:00+08:00,2015-03-19 13:50:00+08:00,33,,,,True,18,online,21.0
online_v2,000852.SH,2015-03-20,UpTrend,Shock,2015-03-20 11:25:00+08:00,2015-03-20 11:30:00+08:00,23,,,,True,19,online,11.0
online_v2,000852.SH,2015-03-25,Shock,UpTrend,2015-03-25 14:25:00+08:00,2015-03-25 14:30:00+08:00,41,,,,True,20,online,29.0
online_v2,000852.SH,2015-03-26,Shock,Range,2015-03-26 14:25:00+08:00,2015-03-26 14:30:00+08:00,41,,,,True,21,online,29.0
online_v2,000852.SH,2015-03-30,DownTrend,Range,2015-03-30 13:45:00+08:00,2015-03-30 13:50:00+08:00,33,,,,True,22,online,21.0
online_v2,000852.SH,2015-03-30,Range,UpTrend,2015-03-30 14:20:00+08:00,2015-03-30 14:25:00+08:00,40,,,,True,23,online,28.0
online_v2,000852.SH,2015-04-02,UpTrend,Shock,2015-04-02 14:05:00+08:00,2015-04-02 14:10:00+08:00,37,,,,True,24,online,25.0
online_v2,000852.SH,2015-04-08,Shock,UpTrend,2015-04-08 13:35:00+08:00,2015-04-08 13:40:00+08:00,31,,,,True,25,online,19.0
online_v2,000852.SH,2015-04-08,UpTrend,DownTrend,2015-04-08 14:25:00+08:00,2015-04-08 14:30:00+08:00,41,,,,True,26,online,29.0
online_v2,000852.SH,2015-04-09,Shock,UpTrend,2015-04-09 13:10:00+08:00,2015-04-09 13:15:00+08:00,26,,,,True,27,online,14.0
online_v2,000852.SH,2015-04-09,UpTrend,Range,2015-04-09 14:20:00+08:00,2015-04-09 14:25:00+08:00,40,,,,True,28,online,28.0
online_v2,000852.SH,2015-04-10,UpTrend,Range,2015-04-10 13:40:00+08:00,2015-04-10 13:45:00+08:00,32,,,,True,29,online,20.0
online_v2,000852.SH,2015-04-14,UpTrend,Shock,2015-04-14 13:55:00+08:00,2015-04-14 14:00:00+08:00,35,,,,True,30,online,23.0
online_v2,000852.SH,2015-04-16,Shock,UpTrend,2015-04-16 10:55:00+08:00,2015-04-16 11:00:00+08:00,17,,,,False,,online,5.0
online_v2,000852.SH,2015-04-16,UpTrend,DownTrend,2015-04-16 14:15:00+08:00,2015-04-16 14:20:00+08:00,39,,,,False,,online,27.0
online_v2,000852.SH,2015-04-20,UpTrend,Range,2015-04-20 13:10:00+08:00,2015-04-20 13:15:00+08:00,26,,,,True,31,online,14.0
online_v2,000852.SH,2015-04-20,Range,Shock,2015-04-20 14:10:00+08:00,2015-04-20 14:15:00+08:00,38,,,,True,32,online,26.0
online_v2,000852.SH,2015-04-23,Range,UpTrend,2015-04-23 13:20:00+08:00,2015-04-23 13:25:00+08:00,28,,,,True,33,online,16.0
online_v2,000852.SH,2015-04-24,Range,DownTrend,2015-04-24 11:30:00+08:00,2015-04-24 13:05:00+08:00,24,,,,False,,online,12.0
online_v2,000852.SH,2015-04-24,DownTrend,UpTrend,2015-04-24 14:15:00+08:00,2015-04-24 14:20:00+08:00,39,,,,True,34,online,27.0
online_v2,000852.SH,2015-04-27,DownTrend,Range,2015-04-27 13:25:00+08:00,2015-04-27 13:30:00+08:00,29,,,,True,35,online,17.0
online_v2,000852.SH,2015-04-28,Shock,DownTrend,2015-04-28 13:05:00+08:00,2015-04-28 13:10:00+08:00,25,,,,True,36,online,13.0
online_v2,000852.SH,2015-04-30,Range,UpTrend,2015-04-30 13:10:00+08:00,2015-04-30 13:15:00+08:00,26,,,,False,,online,14.0
online_v2,000852.SH,2015-05-06,UpTrend,Shock,2015-05-06 14:25:00+08:00,2015-05-06 14:30:00+08:00,41,,,,True,37,online,29.0
online_v2,000852.SH,2015-05-07,Shock,Range,2015-05-07 11:25:00+08:00,2015-05-07 11:30:00+08:00,23,,,,False,,online,11.0
online_v2,000852.SH,2015-05-08,UpTrend,Range,2015-05-08 13:10:00+08:00,2015-05-08 13:15:00+08:00,26,,,,True,38,online,14.0
online_v2,000852.SH,2015-05-08,Range,Shock,2015-05-08 13:40:00+08:00,2015-05-08 13:45:00+08:00,32,,,,True,39,online,20.0
online_v2,000852.SH,2015-05-11,UpTrend,Range,2015-05-11 14:10:00+08:00,2015-05-11 14:15:00+08:00,38,,,,True,40,online,26.0
online_v2,000852.SH,2015-05-12,Shock,UpTrend,2015-05-12 13:35:00+08:00,2015-05-12 13:40:00+08:00,31,,,,False,,online,19.0
online_v2,000852.SH,2015-05-13,UpTrend,DownTrend,2015-05-13 14:20:00+08:00,2015-05-13 14:25:00+08:00,40,,,,True,41,online,28.0
online_v2,000852.SH,2015-05-14,Shock,UpTrend,2015-05-14 11:25:00+08:00,2015-05-14 11:30:00+08:00,23,,,,False,,online,11.0
online_v2,000852.SH,2015-05-14,UpTrend,Range,2015-05-14 13:50:00+08:00,2015-05-14 13:55:00+08:00,34,,,,True,42,online,22.0
online_v2,000852.SH,2015-05-15,Range,UpTrend,2015-05-15 13:15:00+08:00,2015-05-15 13:20:00+08:00,27,,,,False,,online,15.0
online_v2,000852.SH,2015-05-18,UpTrend,Range,2015-05-18 14:25:00+08:00,2015-05-18 14:30:00+08:00,41,,,,True,43,online,29.0
online_v2,000852.SH,2015-05-21,UpTrend,Range,2015-05-21 13:45:00+08:00,2015-05-21 13:50:00+08:00,33,,,,True,44,online,21.0
online_v2,000852.SH,2015-05-22,Shock,UpTrend,2015-05-22 11:30:00+08:00,2015-05-22 13:05:00+08:00,24,,,,True,45,online,12.0
online_v2,000852.SH,2015-05-22,UpTrend,Range,2015-05-22 13:50:00+08:00,2015-05-22 13:55:00+08:00,34,,,,True,46,online,22.0
online_v2,000852.SH,2015-05-25,UpTrend,Range,2015-05-25 14:25:00+08:00,2015-05-25 14:30:00+08:00,41,,,,True,47,online,29.0
online_v2,000852.SH,2015-05-26,Shock,UpTrend,2015-05-26 11:05:00+08:00,2015-05-26 11:10:00+08:00,19,,,,False,,online,7.0
online_v2,000852.SH,2015-05-26,UpTrend,Range,2015-05-26 13:45:00+08:00,2015-05-26 13:50:00+08:00,33,,,,True,48,online,21.0
online_v2,000852.SH,2015-05-27,Shock,Range,2015-05-27 13:25:00+08:00,2015-05-27 13:30:00+08:00,29,,,,True,49,online,17.0
online_v2,000852.SH,2015-05-27,Range,UpTrend,2015-05-27 14:15:00+08:00,2015-05-27 14:20:00+08:00,39,,,,True,50,online,27.0
online_v2,000852.SH,2015-05-29,Shock,UpTrend,2015-05-29 13:20:00+08:00,2015-05-29 13:25:00+08:00,28,,,,True,51,online,16.0
online_v2,000852.SH,2015-05-29,UpTrend,Shock,2015-05-29 14:05:00+08:00,2015-05-29 14:10:00+08:00,37,,,,True,52,online,25.0
online_v2,000852.SH,2015-06-02,UpTrend,DownTrend,2015-06-02 11:25:00+08:00,2015-06-02 11:30:00+08:00,23,,,,False,,online,11.0
online_v2,000852.SH,2015-06-02,DownTrend,UpTrend,2015-06-02 14:10:00+08:00,2015-06-02 14:15:00+08:00,38,,,,True,53,online,26.0
online_v2,000852.SH,2015-06-03,Shock,UpTrend,2015-06-03 14:05:00+08:00,2015-06-03 14:10:00+08:00,37,,,,True,54,online,25.0
online_v2,000852.SH,2015-06-04,DownTrend,Shock,2015-06-04 13:05:00+08:00,2015-06-04 13:10:00+08:00,25,,,,True,55,online,13.0
online_v2,000852.SH,2015-06-04,Shock,UpTrend,2015-06-04 14:15:00+08:00,2015-06-04 14:20:00+08:00,39,,,,True,56,online,27.0
online_v2,000852.SH,2015-06-08,UpTrend,DownTrend,2015-06-08 13:50:00+08:00,2015-06-08 13:55:00+08:00,34,,,,True,57,online,22.0
online_v2,000852.SH,2015-06-12,Range,UpTrend,2015-06-12 13:15:00+08:00,2015-06-12 13:20:00+08:00,27,,,,False,,online,15.0
online_v2,000852.SH,2015-06-12,UpTrend,Range,2015-06-12 14:15:00+08:00,2015-06-12 14:20:00+08:00,39,,,,True,58,online,27.0
online_v2,000852.SH,2015-06-17,DownTrend,UpTrend,2015-06-17 13:20:00+08:00,2015-06-17 13:25:00+08:00,28,,,,False,,online,16.0
online_v2,000852.SH,2015-06-19,Shock,Range,2015-06-19 11:05:00+08:00,2015-06-19 11:10:00+08:00,19,,,,False,,online,7.0
online_v2,000852.SH,2015-06-19,Range,DownTrend,2015-06-19 13:40:00+08:00,2015-06-19 13:45:00+08:00,32,,,,True,59,online,20.0
online_v2,000852.SH,2015-06-23,Shock,DownTrend,2015-06-23 10:55:00+08:00,2015-06-23 11:00:00+08:00,17,,,,False,,online,5.0
online_v2,000852.SH,2015-06-23,DownTrend,Shock,2015-06-23 11:05:00+08:00,2015-06-23 11:10:00+08:00,19,,,,False,,online,7.0
online_v2,000852.SH,2015-06-26,Shock,DownTrend,2015-06-26 11:10:00+08:00,2015-06-26 11:15:00+08:00,20,,,,False,,online,8.0
online_v2,000852.SH,2015-06-29,Shock,DownTrend,2015-06-29 13:20:00+08:00,2015-06-29 13:25:00+08:00,28,,,,True,60,online,16.0
online_v2,000852.SH,2015-06-29,DownTrend,Range,2015-06-29 13:40:00+08:00,2015-06-29 13:45:00+08:00,32,,,,True,61,online,20.0
online_v2,000852.SH,2015-06-29,Range,Shock,2015-06-29 14:05:00+08:00,2015-06-29 14:10:00+08:00,37,,,,True,62,online,25.0
online_v2,000852.SH,2015-06-30,UpTrend,Shock,2015-06-30 13:05:00+08:00,2015-06-30 13:10:00+08:00,25,,,,True,63,online,13.0
online_v2,000852.SH,2015-06-30,Shock,UpTrend,2015-06-30 14:20:00+08:00,2015-06-30 14:25:00+08:00,40,,,,True,64,online,28.0
online_v2,000852.SH,2015-07-01,Range,DownTrend,2015-07-01 14:20:00+08:00,2015-07-01 14:25:00+08:00,40,,,,True,65,online,28.0
online_v2,000852.SH,2015-07-02,Shock,DownTrend,2015-07-02 14:05:00+08:00,2015-07-02 14:10:00+08:00,37,,,,True,66,online,25.0
online_v2,000852.SH,2015-07-03,DownTrend,UpTrend,2015-07-03 11:15:00+08:00,2015-07-03 11:20:00+08:00,21,,,,False,,online,9.0
online_v2,000852.SH,2015-07-03,UpTrend,Shock,2015-07-03 13:05:00+08:00,2015-07-03 13:10:00+08:00,25,,,,True,67,online,13.0
online_v2,000852.SH,2015-07-06,DownTrend,Shock,2015-07-06 13:05:00+08:00,2015-07-06 13:10:00+08:00,25,,,,True,68,online,13.0
online_v2,000852.SH,2015-07-06,Shock,DownTrend,2015-07-06 13:55:00+08:00,2015-07-06 14:00:00+08:00,35,,,,True,69,online,23.0
online_v2,000852.SH,2015-07-07,DownTrend,Range,2015-07-07 13:25:00+08:00,2015-07-07 13:30:00+08:00,29,,,,True,70,online,17.0
online_v2,000852.SH,2015-07-09,UpTrend,Range,2015-07-09 11:10:00+08:00,2015-07-09 11:15:00+08:00,20,,,,False,,online,8.0
online_v2,000852.SH,2015-07-09,Range,UpTrend,2015-07-09 13:05:00+08:00,2015-07-09 13:10:00+08:00,25,,,,True,71,online,13.0
online_v2,000852.SH,2015-07-10,UpTrend,DownTrend,2015-07-10 11:25:00+08:00,2015-07-10 11:30:00+08:00,23,,,,False,,online,11.0
online_v2,000852.SH,2015-07-10,DownTrend,Range,2015-07-10 13:45:00+08:00,2015-07-10 13:50:00+08:00,33,,,,True,72,online,21.0
online_v2,000852.SH,2015-07-10,Range,UpTrend,2015-07-10 14:05:00+08:00,2015-07-10 14:10:00+08:00,37,,,,True,73,online,25.0
online_v2,000852.SH,2015-07-13,Range,UpTrend,2015-07-13 11:00:00+08:00,2015-07-13 11:05:00+08:00,18,,,,False,,online,6.0
online_v2,000852.SH,2015-07-13,UpTrend,Range,2015-07-13 14:25:00+08:00,2015-07-13 14:30:00+08:00,41,,,,True,74,online,29.0
online_v2,000852.SH,2015-07-14,UpTrend,Range,2015-07-14 14:00:00+08:00,2015-07-14 14:05:00+08:00,36,,,,False,,online,24.0
online_v2,000852.SH,2015-07-16,Shock,UpTrend,2015-07-16 10:55:00+08:00,2015-07-16 11:00:00+08:00,17,,,,False,,online,5.0
online_v2,000852.SH,2015-07-16,UpTrend,Range,2015-07-16 11:25:00+08:00,2015-07-16 11:30:00+08:00,23,,,,False,,online,11.0
online_v2,000852.SH,2015-07-17,UpTrend,Range,2015-07-17 11:15:00+08:00,2015-07-17 11:20:00+08:00,21,,,,False,,online,9.0
online_v2,000852.SH,2015-07-17,Range,UpTrend,2015-07-17 13:50:00+08:00,2015-07-17 13:55:00+08:00,34,,,,True,75,online,22.0
online_v2,000852.SH,2015-07-20,DownTrend,Range,2015-07-20 13:25:00+08:00,2015-07-20 13:30:00+08:00,29,,,,True,76,online,17.0
online_v2,000852.SH,2015-07-21,Range,UpTrend,2015-07-21 13:30:00+08:00,2015-07-21 13:35:00+08:00,30,,,,True,77,online,18.0
online_v2,000852.SH,2015-07-22,Range,DownTrend,2015-07-22 13:10:00+08:00,2015-07-22 13:15:00+08:00,26,,,,True,78,online,14.0
online_v2,000852.SH,2015-07-23,Range,UpTrend,2015-07-23 13:15:00+08:00,2015-07-23 13:20:00+08:00,27,,,,True,79,online,15.0
online_v2,000852.SH,2015-07-24,Range,UpTrend,2015-07-24 13:10:00+08:00,2015-07-24 13:15:00+08:00,26,,,,True,80,online,14.0
online_v2,000852.SH,2015-07-24,UpTrend,Range,2015-07-24 13:35:00+08:00,2015-07-24 13:40:00+08:00,31,,,,True,81,online,19.0
online_v2,000852.SH,2015-07-24,Range,Shock,2015-07-24 14:20:00+08:00,2015-07-24 14:25:00+08:00,40,,,,True,82,online,28.0
online_v2,000852.SH,2015-07-27,DownTrend,Shock,2015-07-27 13:35:00+08:00,2015-07-27 13:40:00+08:00,31,,,,True,83,online,19.0
online_v2,000852.SH,2015-08-04,Range,UpTrend,2015-08-04 11:30:00+08:00,2015-08-04 13:05:00+08:00,24,,,,False,,online,12.0
online_v2,000852.SH,2015-08-06,UpTrend,Range,2015-08-06 11:05:00+08:00,2015-08-06 11:10:00+08:00,19,,,,False,,online,7.0
online_v2,000852.SH,2015-08-11,Range,UpTrend,2015-08-11 13:55:00+08:00,2015-08-11 14:00:00+08:00,35,,,,True,84,online,23.0
online_v2,000852.SH,2015-08-14,UpTrend,Range,2015-08-14 14:25:00+08:00,2015-08-14 14:30:00+08:00,41,,,,True,85,online,29.0
online_v2,000852.SH,2015-08-17,Range,UpTrend,2015-08-17 13:05:00+08:00,2015-08-17 13:10:00+08:00,25,,,,True,86,online,13.0
online_v2,000852.SH,2015-08-17,UpTrend,Range,2015-08-17 14:15:00+08:00,2015-08-17 14:20:00+08:00,39,,,,True,87,online,27.0
online_v2,000852.SH,2015-08-20,UpTrend,Range,2015-08-20 14:10:00+08:00,2015-08-20 14:15:00+08:00,38,,,,True,88,online,26.0
online_v2,000852.SH,2015-08-26,Shock,DownTrend,2015-08-26 10:50:00+08:00,2015-08-26 10:55:00+08:00,16,,,,False,,online,4.0
online_v2,000852.SH,2015-08-26,DownTrend,Shock,2015-08-26 11:05:00+08:00,2015-08-26 11:10:00+08:00,19,,,,False,,online,7.0
online_v2,000852.SH,2015-08-27,DownTrend,Shock,2015-08-27 14:25:00+08:00,2015-08-27 14:30:00+08:00,41,,,,True,89,online,29.0
online_v2,000852.SH,2015-08-28,UpTrend,Range,2015-08-28 13:40:00+08:00,2015-08-28 13:45:00+08:00,32,,,,True,90,online,20.0
online_v2,000852.SH,2015-08-28,Range,UpTrend,2015-08-28 14:20:00+08:00,2015-08-28 14:25:00+08:00,40,,,,True,91,online,28.0
online_v2,000852.SH,2015-09-08,Range,DownTrend,2015-09-08 13:05:00+08:00,2015-09-08 13:10:00+08:00,25,,,,True,92,online,13.0
online_v2,000852.SH,2015-09-11,UpTrend,DownTrend,2015-09-11 11:20:00+08:00,2015-09-11 11:25:00+08:00,22,,,,False,,online,10.0
online_v2,000852.SH,2015-09-14,DownTrend,Shock,2015-09-14 13:20:00+08:00,2015-09-14 13:25:00+08:00,28,,,,True,93,online,16.0
online_v2,000852.SH,2015-09-14,Shock,DownTrend,2015-09-14 14:25:00+08:00,2015-09-14 14:30:00+08:00,41,,,,True,94,online,29.0
online_v2,000852.SH,2015-09-16,Range,UpTrend,2015-09-16 14:25:00+08:00,2015-09-16 14:30:00+08:00,41,,,,True,95,online,29.0
online_v2,000852.SH,2015-09-17,UpTrend,Range,2015-09-17 14:05:00+08:00,2015-09-17 14:10:00+08:00,37,,,,True,96,online,25.0
online_v2,000852.SH,2015-09-21,UpTrend,Range,2015-09-21 14:10:00+08:00,2015-09-21 14:15:00+08:00,38,,,,True,97,online,26.0
online_v2,000852.SH,2015-09-23,Range,UpTrend,2015-09-23 14:10:00+08:00,2015-09-23 14:15:00+08:00,38,,,,True,98,online,26.0
online_v2,000852.SH,2015-09-24,DownTrend,Range,2015-09-24 13:40:00+08:00,2015-09-24 13:45:00+08:00,32,,,,True,99,online,20.0
online_v2,000852.SH,2015-09-25,DownTrend,Shock,2015-09-25 11:20:00+08:00,2015-09-25 11:25:00+08:00,22,,,,True,100,online,10.0
online_v2,000852.SH,2015-09-28,UpTrend,Range,2015-09-28 13:40:00+08:00,2015-09-28 13:45:00+08:00,32,,,,True,101,online,20.0
online_v2,000852.SH,2015-09-30,Range,UpTrend,2015-09-30 13:20:00+08:00,2015-09-30 13:25:00+08:00,28,,,,True,102,online,16.0
online_v2,000852.SH,2015-10-08,UpTrend,Range,2015-10-08 13:50:00+08:00,2015-10-08 13:55:00+08:00,34,,,,True,103,online,22.0
online_v2,000852.SH,2015-10-12,UpTrend,Range,2015-10-12 14:25:00+08:00,2015-10-12 14:30:00+08:00,41,,,,True,104,online,29.0
online_v2,000852.SH,2015-10-13,Range,UpTrend,2015-10-13 13:15:00+08:00,2015-10-13 13:20:00+08:00,27,,,,False,,online,15.0
online_v2,000852.SH,2015-10-14,Shock,UpTrend,2015-10-14 11:05:00+08:00,2015-10-14 11:10:00+08:00,19,,,,False,,online,7.0
online_v2,000852.SH,2015-10-14,UpTrend,Range,2015-10-14 14:00:00+08:00,2015-10-14 14:05:00+08:00,36,,,,True,105,online,24.0
online_v2,000852.SH,2015-10-16,Range,UpTrend,2015-10-16 14:05:00+08:00,2015-10-16 14:10:00+08:00,37,,,,True,106,online,25.0
online_v2,000852.SH,2015-10-26,Range,UpTrend,2015-10-26 13:15:00+08:00,2015-10-26 13:20:00+08:00,27,,,,False,,online,15.0
online_v2,000852.SH,2015-10-29,DownTrend,UpTrend,2015-10-29 13:20:00+08:00,2015-10-29 13:25:00+08:00,28,,,,True,107,online,16.0
online_v2,000852.SH,2015-10-30,UpTrend,Range,2015-10-30 13:40:00+08:00,2015-10-30 13:45:00+08:00,32,,,,True,108,online,20.0
online_v2,000852.SH,2015-11-10,DownTrend,Range,2015-11-10 13:50:00+08:00,2015-11-10 13:55:00+08:00,34,,,,True,109,online,22.0
online_v2,000852.SH,2015-11-11,Range,UpTrend,2015-11-11 13:20:00+08:00,2015-11-11 13:25:00+08:00,28,,,,True,110,online,16.0
online_v2,000852.SH,2015-11-11,UpTrend,Range,2015-11-11 13:45:00+08:00,2015-11-11 13:50:00+08:00,33,,,,True,111,online,21.0
online_v2,000852.SH,2015-11-17,Range,Shock,2015-11-17 14:25:00+08:00,2015-11-17 14:30:00+08:00,41,,,,True,112,online,29.0
online_v2,000852.SH,2015-11-18,Shock,UpTrend,2015-11-18 11:05:00+08:00,2015-11-18 11:10:00+08:00,19,,,,False,,online,7.0
online_v2,000852.SH,2015-11-18,UpTrend,DownTrend,2015-11-18 13:30:00+08:00,2015-11-18 13:35:00+08:00,30,,,,True,113,online,18.0
online_v2,000852.SH,2015-11-18,DownTrend,Range,2015-11-18 14:20:00+08:00,2015-11-18 14:25:00+08:00,40,,,,True,114,online,28.0
online_v2,000852.SH,2015-11-24,Range,UpTrend,2015-11-24 13:15:00+08:00,2015-11-24 13:20:00+08:00,27,,,,False,,online,15.0
online_v2,000852.SH,2015-11-24,UpTrend,Range,2015-11-24 14:25:00+08:00,2015-11-24 14:30:00+08:00,41,,,,True,115,online,29.0
online_v2,000852.SH,2015-11-25,UpTrend,Range,2015-11-25 14:25:00+08:00,2015-11-25 14:30:00+08:00,41,,,,True,116,online,29.0
online_v2,000852.SH,2015-11-27,Range,DownTrend,2015-11-27 13:05:00+08:00,2015-11-27 13:10:00+08:00,25,,,,False,,online,13.0
online_v2,000852.SH,2015-11-27,DownTrend,Shock,2015-11-27 13:30:00+08:00,2015-11-27 13:35:00+08:00,30,,,,True,117,online,18.0
online_v2,000852.SH,2015-12-02,DownTrend,Shock,2015-12-02 11:05:00+08:00,2015-12-02 11:10:00+08:00,19,,,,False,,online,7.0
online_v2,000852.SH,2015-12-04,Range,DownTrend,2015-12-04 14:15:00+08:00,2015-12-04 14:20:00+08:00,39,,,,True,118,online,27.0
online_v2,000852.SH,2015-12-08,Range,DownTrend,2015-12-08 14:25:00+08:00,2015-12-08 14:30:00+08:00,41,,,,True,119,online,29.0
online_v2,000852.SH,2015-12-10,Range,UpTrend,2015-12-10 13:25:00+08:00,2015-12-10 13:30:00+08:00,29,,,,False,,online,17.0
online_v2,000852.SH,2015-12-11,Range,DownTrend,2015-12-11 13:05:00+08:00,2015-12-11 13:10:00+08:00,25,,,,False,,online,13.0
online_v2,000852.SH,2015-12-11,DownTrend,Range,2015-12-11 14:25:00+08:00,2015-12-11 14:30:00+08:00,41,,,,True,120,online,29.0
online_v2,000852.SH,2015-12-18,DownTrend,Range,2015-12-18 11:30:00+08:00,2015-12-18 13:05:00+08:00,24,,,,False,,online,12.0
online_v2,000852.SH,2015-12-21,Range,UpTrend,2015-12-21 13:10:00+08:00,2015-12-21 13:15:00+08:00,26,,,,True,121,online,14.0
online_v2,000852.SH,2015-12-22,Range,UpTrend,2015-12-22 13:35:00+08:00,2015-12-22 13:40:00+08:00,31,,,,False,,online,19.0
online_v2,000852.SH,2015-12-28,Range,Shock,2015-12-28 13:35:00+08:00,2015-12-28 13:40:00+08:00,31,,,,True,122,online,19.0
online_v2,000852.SH,2015-12-29,Shock,UpTrend,2015-12-29 11:20:00+08:00,2015-12-29 11:25:00+08:00,22,,,,False,,online,10.0
online_v2,000852.SH,2015-12-31,Range,Shock,2015-12-31 13:20:00+08:00,2015-12-31 13:25:00+08:00,28,,,,False,,online,16.0
online_v2,000852.SH,2016-01-06,Shock,Range,2016-01-06 13:15:00+08:00,2016-01-06 13:20:00+08:00,27,,,,True,123,online,15.0
online_v2,000852.SH,2016-01-06,Range,UpTrend,2016-01-06 13:45:00+08:00,2016-01-06 13:50:00+08:00,33,,,,True,124,online,21.0
online_v2,000852.SH,2016-01-08,Shock,Range,2016-01-08 11:20:00+08:00,2016-01-08 11:25:00+08:00,22,,,,False,,online,10.0
online_v2,000852.SH,2016-01-08,Range,UpTrend,2016-01-08 13:25:00+08:00,2016-01-08 13:30:00+08:00,29,,,,True,125,online,17.0
online_v2,000852.SH,2016-01-08,UpTrend,Range,2016-01-08 13:55:00+08:00,2016-01-08 14:00:00+08:00,35,,,,True,126,online,23.0
online_v2,000852.SH,2016-01-12,Shock,DownTrend,2016-01-12 10:45:00+08:00,2016-01-12 10:50:00+08:00,15,,,,False,,online,3.0
online_v2,000852.SH,2016-01-12,DownTrend,Range,2016-01-12 11:25:00+08:00,2016-01-12 11:30:00+08:00,23,,,,False,,online,11.0
online_v2,000852.SH,2016-01-12,Range,UpTrend,2016-01-12 13:45:00+08:00,2016-01-12 13:50:00+08:00,33,,,,True,127,online,21.0
online_v2,000852.SH,2016-01-14,Range,UpTrend,2016-01-14 13:20:00+08:00,2016-01-14 13:25:00+08:00,28,,,,True,128,online,16.0
online_v2,000852.SH,2016-01-15,Range,Shock,2016-01-15 13:30:00+08:00,2016-01-15 13:35:00+08:00,30,,,,True,129,online,18.0
online_v2,000852.SH,2016-01-18,Range,UpTrend,2016-01-18 13:15:00+08:00,2016-01-18 13:20:00+08:00,27,,,,True,130,online,15.0
online_v2,000852.SH,2016-01-19,Range,UpTrend,2016-01-19 11:30:00+08:00,2016-01-19 13:05:00+08:00,24,,,,True,131,online,12.0
online_v2,000852.SH,2016-01-25,Range,DownTrend,2016-01-25 14:25:00+08:00,2016-01-25 14:30:00+08:00,41,,,,True,132,online,29.0
online_v2,000852.SH,2016-01-26,Range,DownTrend,2016-01-26 13:25:00+08:00,2016-01-26 13:30:00+08:00,29,,,,True,133,online,17.0
online_v2,000852.SH,2016-01-26,DownTrend,Shock,2016-01-26 13:50:00+08:00,2016-01-26 13:55:00+08:00,34,,,,True,134,online,22.0
online_v2,000852.SH,2016-01-26,Shock,Range,2016-01-26 14:05:00+08:00,2016-01-26 14:10:00+08:00,37,,,,True,135,online,25.0
online_v2,000852.SH,2016-01-26,Range,Shock,2016-01-26 14:25:00+08:00,2016-01-26 14:30:00+08:00,41,,,,True,136,online,29.0
online_v2,000852.SH,2016-01-28,Range,DownTrend,2016-01-28 13:40:00+08:00,2016-01-28 13:45:00+08:00,32,,,,True,137,online,20.0
online_v2,000852.SH,2016-02-03,Range,DownTrend,2016-02-03 13:45:00+08:00,2016-02-03 13:50:00+08:00,33,,,,True,138,online,21.0
online_v2,000852.SH,2016-02-17,Range,UpTrend,2016-02-17 14:00:00+08:00,2016-02-17 14:05:00+08:00,36,,,,True,139,online,24.0
online_v2,000852.SH,2016-02-22,UpTrend,Range,2016-02-22 13:15:00+08:00,2016-02-22 13:20:00+08:00,27,,,,False,,online,15.0
online_v2,000852.SH,2016-02-24,DownTrend,Shock,2016-02-24 14:10:00+08:00,2016-02-24 14:15:00+08:00,38,,,,True,140,online,26.0
online_v2,000852.SH,2016-02-26,Shock,DownTrend,2016-02-26 11:10:00+08:00,2016-02-26 11:15:00+08:00,20,,,,False,,online,8.0
online_v2,000852.SH,2016-02-26,DownTrend,Shock,2016-02-26 13:25:00+08:00,2016-02-26 13:30:00+08:00,29,,,,True,141,online,17.0
online_v2,000852.SH,2016-02-29,Shock,Range,2016-02-29 13:25:00+08:00,2016-02-29 13:30:00+08:00,29,,,,True,142,online,17.0
online_v2,000852.SH,2016-02-29,Range,DownTrend,2016-02-29 13:35:00+08:00,2016-02-29 13:40:00+08:00,31,,,,True,143,online,19.0
online_v2,000852.SH,2016-03-01,DownTrend,Shock,2016-03-01 14:00:00+08:00,2016-03-01 14:05:00+08:00,36,,,,True,144,online,24.0
online_v2,000852.SH,2016-03-04,Range,DownTrend,2016-03-04 11:20:00+08:00,2016-03-04 11:25:00+08:00,22,,,,True,145,online,10.0
online_v2,000852.SH,2016-03-04,DownTrend,Shock,2016-03-04 11:30:00+08:00,2016-03-04 13:05:00+08:00,24,,,,True,146,online,12.0
online_v2,000852.SH,2016-03-04,Shock,Range,2016-03-04 14:25:00+08:00,2016-03-04 14:30:00+08:00,41,,,,True,147,online,29.0
online_v2,000852.SH,2016-03-08,Range,UpTrend,2016-03-08 11:25:00+08:00,2016-03-08 11:30:00+08:00,23,,,,False,,online,11.0
online_v2,000852.SH,2016-03-11,Range,UpTrend,2016-03-11 13:15:00+08:00,2016-03-11 13:20:00+08:00,27,,,,True,148,online,15.0
online_v2,000852.SH,2016-03-11,UpTrend,Range,2016-03-11 13:55:00+08:00,2016-03-11 14:00:00+08:00,35,,,,True,149,online,23.0
online_v2,000852.SH,2016-03-16,DownTrend,UpTrend,2016-03-16 13:45:00+08:00,2016-03-16 13:50:00+08:00,33,,,,True,150,online,21.0
online_v2,000852.SH,2016-03-18,UpTrend,Range,2016-03-18 14:15:00+08:00,2016-03-18 14:20:00+08:00,39,,,,True,151,online,27.0
online_v2,000852.SH,2016-03-23,Range,DownTrend,2016-03-23 13:30:00+08:00,2016-03-23 13:35:00+08:00,30,,,,False,,online,18.0
online_v2,000852.SH,2016-03-29,Shock,Range,2016-03-29 10:50:00+08:00,2016-03-29 10:55:00+08:00,16,,,,False,,online,4.0
online_v2,000852.SH,2016-03-29,Range,Shock,2016-03-29 13:10:00+08:00,2016-03-29 13:15:00+08:00,26,,,,False,,online,14.0
online_v2,000852.SH,2016-04-01,DownTrend,Range,2016-04-01 13:40:00+08:00,2016-04-01 13:45:00+08:00,32,,,,True,152,online,20.0
online_v2,000852.SH,2016-04-05,UpTrend,Range,2016-04-05 14:10:00+08:00,2016-04-05 14:15:00+08:00,38,,,,True,153,online,26.0
online_v2,000852.SH,2016-04-06,UpTrend,Range,2016-04-06 14:10:00+08:00,2016-04-06 14:15:00+08:00,38,,,,True,154,online,26.0
online_v2,000852.SH,2016-04-08,Range,Shock,2016-04-08 10:55:00+08:00,2016-04-08 11:00:00+08:00,17,,,,False,,online,5.0
online_v2,000852.SH,2016-04-08,Shock,UpTrend,2016-04-08 13:25:00+08:00,2016-04-08 13:30:00+08:00,29,,,,False,,online,17.0
online_v2,000852.SH,2016-04-13,UpTrend,Range,2016-04-13 14:05:00+08:00,2016-04-13 14:10:00+08:00,37,,,,True,155,online,25.0
online_v2,000852.SH,2016-04-15,Range,UpTrend,2016-04-15 13:45:00+08:00,2016-04-15 13:50:00+08:00,33,,,,True,156,online,21.0
online_v2,000852.SH,2016-04-21,Shock,Range,2016-04-21 14:15:00+08:00,2016-04-21 14:20:00+08:00,39,,,,False,,online,27.0
online_v2,000852.SH,2016-04-21,Range,Shock,2016-04-21 14:25:00+08:00,2016-04-21 14:30:00+08:00,41,,,,True,157,online,29.0
online_v2,000852.SH,2016-04-25,UpTrend,Range,2016-04-25 14:25:00+08:00,2016-04-25 14:30:00+08:00,41,,,,True,158,online,29.0
online_v2,000852.SH,2016-04-27,UpTrend,Range,2016-04-27 13:30:00+08:00,2016-04-27 13:35:00+08:00,30,,,,False,,online,18.0
online_v2,000852.SH,2016-05-06,Shock,DownTrend,2016-05-06 13:50:00+08:00,2016-05-06 13:55:00+08:00,34,,,,True,159,online,22.0
online_v2,000852.SH,2016-05-11,DownTrend,UpTrend,2016-05-11 13:05:00+08:00,2016-05-11 13:10:00+08:00,25,,,,False,,online,13.0
online_v2,000852.SH,2016-05-11,UpTrend,Range,2016-05-11 13:40:00+08:00,2016-05-11 13:45:00+08:00,32,,,,True,160,online,20.0
online_v2,000852.SH,2016-05-12,Shock,UpTrend,2016-05-12 13:35:00+08:00,2016-05-12 13:40:00+08:00,31,,,,False,,online,19.0
online_v2,000852.SH,2016-05-18,Range,Shock,2016-05-18 14:25:00+08:00,2016-05-18 14:30:00+08:00,41,,,,True,161,online,29.0
online_v2,000852.SH,2016-05-26,Shock,UpTrend,2016-05-26 14:10:00+08:00,2016-05-26 14:15:00+08:00,38,,,,False,,online,26.0
online_v2,000852.SH,2016-05-26,UpTrend,Shock,2016-05-26 14:25:00+08:00,2016-05-26 14:30:00+08:00,41,,,,True,162,online,29.0
online_v2,000852.SH,2016-05-31,UpTrend,Range,2016-05-31 11:00:00+08:00,2016-05-31 11:05:00+08:00,18,,,,False,,online,6.0
online_v2,000852.SH,2016-05-31,Range,UpTrend,2016-05-31 13:15:00+08:00,2016-05-31 13:20:00+08:00,27,,,,True,163,online,15.0
online_v2,000852.SH,2016-06-06,Range,DownTrend,2016-06-06 13:30:00+08:00,2016-06-06 13:35:00+08:00,30,,,,False,,online,18.0
online_v2,000852.SH,2016-06-08,Range,UpTrend,2016-06-08 13:15:00+08:00,2016-06-08 13:20:00+08:00,27,,,,True,164,online,15.0
online_v2,000852.SH,2016-06-13,DownTrend,Shock,2016-06-13 13:55:00+08:00,2016-06-13 14:00:00+08:00,35,,,,True,165,online,23.0
online_v2,000852.SH,2016-06-14,Shock,DownTrend,2016-06-14 11:30:00+08:00,2016-06-14 13:05:00+08:00,24,,,,True,166,online,12.0
online_v2,000852.SH,2016-06-14,DownTrend,Shock,2016-06-14 13:15:00+08:00,2016-06-14 13:20:00+08:00,27,,,,True,167,online,15.0
online_v2,000852.SH,2016-06-15,Shock,UpTrend,2016-06-15 11:10:00+08:00,2016-06-15 11:15:00+08:00,20,,,,True,168,online,8.0
online_v2,000852.SH,2016-06-17,Range,DownTrend,2016-06-17 13:40:00+08:00,2016-06-17 13:45:00+08:00,32,,,,True,169,online,20.0
online_v2,000852.SH,2016-06-22,Range,UpTrend,2016-06-22 14:15:00+08:00,2016-06-22 14:20:00+08:00,39,,,,True,170,online,27.0
online_v2,000852.SH,2016-06-28,Range,UpTrend,2016-06-28 13:15:00+08:00,2016-06-28 13:20:00+08:00,27,,,,True,171,online,15.0
online_v2,000852.SH,2016-06-28,UpTrend,Range,2016-06-28 13:55:00+08:00,2016-06-28 14:00:00+08:00,35,,,,True,172,online,23.0
online_v2,000852.SH,2016-06-29,UpTrend,Range,2016-06-29 14:05:00+08:00,2016-06-29 14:10:00+08:00,37,,,,True,173,online,25.0
online_v2,000852.SH,2016-06-30,Range,DownTrend,2016-06-30 11:20:00+08:00,2016-06-30 11:25:00+08:00,22,,,,False,,online,10.0
online_v2,000852.SH,2016-06-30,DownTrend,UpTrend,2016-06-30 13:50:00+08:00,2016-06-30 13:55:00+08:00,34,,,,True,174,online,22.0
online_v2,000852.SH,2016-07-05,DownTrend,UpTrend,2016-07-05 13:30:00+08:00,2016-07-05 13:35:00+08:00,30,,,,True,175,online,18.0
online_v2,000852.SH,2016-07-12,Shock,UpTrend,2016-07-12 14:00:00+08:00,2016-07-12 14:05:00+08:00,36,,,,True,176,online,24.0
online_v2,000852.SH,2016-07-19,Range,DownTrend,2016-07-19 13:15:00+08:00,2016-07-19 13:20:00+08:00,27,,,,False,,online,15.0
online_v2,000852.SH,2016-07-20,DownTrend,UpTrend,2016-07-20 13:15:00+08:00,2016-07-20 13:20:00+08:00,27,,,,False,,online,15.0
online_v2,000852.SH,2016-07-21,UpTrend,Range,2016-07-21 13:50:00+08:00,2016-07-21 13:55:00+08:00,34,,,,True,177,online,22.0
online_v2,000852.SH,2016-07-25,UpTrend,DownTrend,2016-07-25 13:40:00+08:00,2016-07-25 13:45:00+08:00,32,,,,True,178,online,20.0
online_v2,000852.SH,2016-07-27,DownTrend,Shock,2016-07-27 11:15:00+08:00,2016-07-27 11:20:00+08:00,21,,,,True,179,online,9.0
online_v2,000852.SH,2016-08-02,DownTrend,UpTrend,2016-08-02 14:20:00+08:00,2016-08-02 14:25:00+08:00,40,,,,True,180,online,28.0
online_v2,000852.SH,2016-08-03,Range,DownTrend,2016-08-03 14:00:00+08:00,2016-08-03 14:05:00+08:00,36,,,,True,181,online,24.0
online_v2,000852.SH,2016-08-04,Range,UpTrend,2016-08-04 13:10:00+08:00,2016-08-04 13:15:00+08:00,26,,,,False,,online,14.0
online_v2,000852.SH,2016-08-04,UpTrend,Range,2016-08-04 14:25:00+08:00,2016-08-04 14:30:00+08:00,41,,,,True,182,online,29.0
online_v2,000852.SH,2016-08-09,UpTrend,Range,2016-08-09 14:05:00+08:00,2016-08-09 14:10:00+08:00,37,,,,True,183,online,25.0
online_v2,000852.SH,2016-08-12,Range,DownTrend,2016-08-12 13:20:00+08:00,2016-08-12 13:25:00+08:00,28,,,,False,,online,16.0
online_v2,000852.SH,2016-08-12,DownTrend,UpTrend,2016-08-12 14:25:00+08:00,2016-08-12 14:30:00+08:00,41,,,,True,184,online,29.0
online_v2,000852.SH,2016-08-17,UpTrend,Range,2016-08-17 14:15:00+08:00,2016-08-17 14:20:00+08:00,39,,,,True,185,online,27.0
online_v2,000852.SH,2016-08-19,Range,UpTrend,2016-08-19 13:55:00+08:00,2016-08-19 14:00:00+08:00,35,,,,False,,online,23.0
online_v2,000852.SH,2016-08-22,Shock,Range,2016-08-22 13:35:00+08:00,2016-08-22 13:40:00+08:00,31,,,,True,186,online,19.0
online_v2,000852.SH,2016-08-24,Range,UpTrend,2016-08-24 13:30:00+08:00,2016-08-24 13:35:00+08:00,30,,,,True,187,online,18.0
online_v2,000852.SH,2016-08-30,Range,UpTrend,2016-08-30 13:25:00+08:00,2016-08-30 13:30:00+08:00,29,,,,False,,online,17.0
online_v2,000852.SH,2016-08-31,UpTrend,Range,2016-08-31 13:45:00+08:00,2016-08-31 13:50:00+08:00,33,,,,True,188,online,21.0
online_v2,000852.SH,2016-09-05,UpTrend,DownTrend,2016-09-05 14:25:00+08:00,2016-09-05 14:30:00+08:00,41,,,,False,,online,29.0
online_v2,000852.SH,2016-09-06,Shock,UpTrend,2016-09-06 11:00:00+08:00,2016-09-06 11:05:00+08:00,18,,,,False,,online,6.0
online_v2,000852.SH,2016-09-06,UpTrend,Shock,2016-09-06 14:05:00+08:00,2016-09-06 14:10:00+08:00,37,,,,True,189,online,25.0
online_v2,000852.SH,2016-09-12,Shock,DownTrend,2016-09-12 11:30:00+08:00,2016-09-12 13:05:00+08:00,24,,,,False,,online,12.0
online_v2,000852.SH,2016-09-12,DownTrend,Shock,2016-09-12 13:20:00+08:00,2016-09-12 13:25:00+08:00,28,,,,True,190,online,16.0
online_v2,000852.SH,2016-09-14,UpTrend,DownTrend,2016-09-14 11:25:00+08:00,2016-09-14 11:30:00+08:00,23,,,,False,,online,11.0
online_v2,000852.SH,2016-09-19,UpTrend,DownTrend,2016-09-19 14:00:00+08:00,2016-09-19 14:05:00+08:00,36,,,,True,191,online,24.0
online_v2,000852.SH,2016-09-20,DownTrend,UpTrend,2016-09-20 13:05:00+08:00,2016-09-20 13:10:00+08:00,25,,,,False,,online,13.0
online_v2,000852.SH,2016-09-22,Range,DownTrend,2016-09-22 14:20:00+08:00,2016-09-22 14:25:00+08:00,40,,,,True,192,online,28.0
online_v2,000852.SH,2016-09-23,DownTrend,Range,2016-09-23 14:10:00+08:00,2016-09-23 14:15:00+08:00,38,,,,True,193,online,26.0
online_v2,000852.SH,2016-09-26,Shock,DownTrend,2016-09-26 13:25:00+08:00,2016-09-26 13:30:00+08:00,29,,,,False,,online,17.0
online_v2,000852.SH,2016-09-27,Shock,DownTrend,2016-09-27 11:00:00+08:00,2016-09-27 11:05:00+08:00,18,,,,False,,online,6.0
online_v2,000852.SH,2016-09-30,DownTrend,UpTrend,2016-09-30 13:15:00+08:00,2016-09-30 13:20:00+08:00,27,,,,True,194,online,15.0
online_v2,000852.SH,2016-10-14,DownTrend,UpTrend,2016-10-14 13:55:00+08:00,2016-10-14 14:00:00+08:00,35,,,,True,195,online,23.0
online_v2,000852.SH,2016-10-17,UpTrend,DownTrend,2016-10-17 14:05:00+08:00,2016-10-17 14:10:00+08:00,37,,,,True,196,online,25.0
online_v2,000852.SH,2016-10-17,DownTrend,Shock,2016-10-17 14:15:00+08:00,2016-10-17 14:20:00+08:00,39,,,,True,197,online,27.0
online_v2,000852.SH,2016-10-21,Shock,UpTrend,2016-10-21 13:55:00+08:00,2016-10-21 14:00:00+08:00,35,,,,True,198,online,23.0
online_v2,000852.SH,2016-10-21,UpTrend,Shock,2016-10-21 14:05:00+08:00,2016-10-21 14:10:00+08:00,37,,,,True,199,online,25.0
online_v2,000852.SH,2016-10-21,Shock,UpTrend,2016-10-21 14:20:00+08:00,2016-10-21 14:25:00+08:00,40,,,,True,200,online,28.0
online_v2,000852.SH,2016-10-26,Shock,Range,2016-10-26 14:00:00+08:00,2016-10-26 14:05:00+08:00,36,,,,True,201,online,24.0
online_v2,000852.SH,2016-10-26,Range,Shock,2016-10-26 14:20:00+08:00,2016-10-26 14:25:00+08:00,40,,,,True,202,online,28.0
online_v2,000852.SH,2016-10-28,DownTrend,Shock,2016-10-28 11:00:00+08:00,2016-10-28 11:05:00+08:00,18,,,,False,,online,6.0
online_v2,000852.SH,2016-10-28,Shock,Range,2016-10-28 13:20:00+08:00,2016-10-28 13:25:00+08:00,28,,,,True,203,online,16.0
online_v2,000852.SH,2016-11-03,Shock,UpTrend,2016-11-03 13:10:00+08:00,2016-11-03 13:15:00+08:00,26,,,,True,204,online,14.0
online_v2,000852.SH,2016-11-03,UpTrend,DownTrend,2016-11-03 14:10:00+08:00,2016-11-03 14:15:00+08:00,38,,,,True,205,online,26.0
online_v2,000852.SH,2016-11-07,Range,DownTrend,2016-11-07 14:05:00+08:00,2016-11-07 14:10:00+08:00,37,,,,True,206,online,25.0
online_v2,000852.SH,2016-11-08,Range,UpTrend,2016-11-08 13:05:00+08:00,2016-11-08 13:10:00+08:00,25,,,,True,207,online,13.0
online_v2,000852.SH,2016-11-10,UpTrend,Range,2016-11-10 14:10:00+08:00,2016-11-10 14:15:00+08:00,38,,,,True,208,online,26.0
online_v2,000852.SH,2016-11-23,DownTrend,UpTrend,2016-11-23 13:35:00+08:00,2016-11-23 13:40:00+08:00,31,,,,False,,online,19.0
online_v2,000852.SH,2016-11-23,UpTrend,Shock,2016-11-23 14:05:00+08:00,2016-11-23 14:10:00+08:00,37,,,,True,209,online,25.0
online_v2,000852.SH,2016-11-25,Shock,UpTrend,2016-11-25 13:10:00+08:00,2016-11-25 13:15:00+08:00,26,,,,True,210,online,14.0
online_v2,000852.SH,2016-11-30,Shock,Range,2016-11-30 11:10:00+08:00,2016-11-30 11:15:00+08:00,20,,,,False,,online,8.0
online_v2,000852.SH,2016-11-30,Range,DownTrend,2016-11-30 13:35:00+08:00,2016-11-30 13:40:00+08:00,31,,,,True,211,online,19.0
online_v2,000852.SH,2016-12-05,Shock,Range,2016-12-05 13:35:00+08:00,2016-12-05 13:40:00+08:00,31,,,,True,212,online,19.0
online_v2,000852.SH,2016-12-07,UpTrend,Range,2016-12-07 14:25:00+08:00,2016-12-07 14:30:00+08:00,41,,,,True,213,online,29.0
online_v2,000852.SH,2016-12-09,UpTrend,Range,2016-12-09 13:50:00+08:00,2016-12-09 13:55:00+08:00,34,,,,True,214,online,22.0
online_v2,000852.SH,2016-12-09,Range,DownTrend,2016-12-09 14:10:00+08:00,2016-12-09 14:15:00+08:00,38,,,,True,215,online,26.0
online_v2,000852.SH,2016-12-13,Shock,UpTrend,2016-12-13 13:50:00+08:00,2016-12-13 13:55:00+08:00,34,,,,False,,online,22.0
online_v2,000852.SH,2016-12-13,UpTrend,Shock,2016-12-13 14:05:00+08:00,2016-12-13 14:10:00+08:00,37,,,,False,,online,25.0
online_v2,000852.SH,2016-12-15,UpTrend,DownTrend,2016-12-15 13:45:00+08:00,2016-12-15 13:50:00+08:00,33,,,,True,216,online,21.0
online_v2,000852.SH,2016-12-16,UpTrend,DownTrend,2016-12-16 13:05:00+08:00,2016-12-16 13:10:00+08:00,25,,,,False,,online,13.0
online_v2,000852.SH,2016-12-16,DownTrend,UpTrend,2016-12-16 13:55:00+08:00,2016-12-16 14:00:00+08:00,35,,,,True,217,online,23.0
online_v2,000852.SH,2016-12-19,DownTrend,UpTrend,2016-12-19 13:20:00+08:00,2016-12-19 13:25:00+08:00,28,,,,False,,online,16.0
online_v2,000852.SH,2016-12-20,UpTrend,DownTrend,2016-12-20 13:50:00+08:00,2016-12-20 13:55:00+08:00,34,,,,True,218,online,22.0
online_v2,000852.SH,2016-12-21,DownTrend,Range,2016-12-21 13:25:00+08:00,2016-12-21 13:30:00+08:00,29,,,,True,219,online,17.0
online_v2,000852.SH,2016-12-29,UpTrend,DownTrend,2016-12-29 14:00:00+08:00,2016-12-29 14:05:00+08:00,36,,,,True,220,online,24.0
online_v2,000852.SH,2016-12-30,DownTrend,UpTrend,2016-12-30 13:45:00+08:00,2016-12-30 13:50:00+08:00,33,,,,False,,online,21.0
online_v2,000852.SH,2017-01-09,Range,UpTrend,2017-01-09 11:05:00+08:00,2017-01-09 11:10:00+08:00,19,,,,False,,online,7.0
online_v2,000852.SH,2017-01-09,UpTrend,Range,2017-01-09 14:15:00+08:00,2017-01-09 14:20:00+08:00,39,,,,True,221,online,27.0
online_v2,000852.SH,2017-01-10,UpTrend,DownTrend,2017-01-10 13:30:00+08:00,2017-01-10 13:35:00+08:00,30,,,,True,222,online,18.0
online_v2,000852.SH,2017-01-11,DownTrend,Shock,2017-01-11 11:25:00+08:00,2017-01-11 11:30:00+08:00,23,,,,False,,online,11.0
online_v2,000852.SH,2017-01-12,UpTrend,DownTrend,2017-01-12 13:45:00+08:00,2017-01-12 13:50:00+08:00,33,,,,True,223,online,21.0
online_v2,000852.SH,2017-01-12,DownTrend,Shock,2017-01-12 14:00:00+08:00,2017-01-12 14:05:00+08:00,36,,,,True,224,online,24.0
online_v2,000852.SH,2017-01-13,Shock,UpTrend,2017-01-13 13:10:00+08:00,2017-01-13 13:15:00+08:00,26,,,,True,225,online,14.0
online_v2,000852.SH,2017-01-13,UpTrend,DownTrend,2017-01-13 13:30:00+08:00,2017-01-13 13:35:00+08:00,30,,,,True,226,online,18.0
online_v2,000852.SH,2017-01-13,DownTrend,Shock,2017-01-13 14:20:00+08:00,2017-01-13 14:25:00+08:00,40,,,,True,227,online,28.0
online_v2,000852.SH,2017-01-17,Shock,DownTrend,2017-01-17 11:30:00+08:00,2017-01-17 13:05:00+08:00,24,,,,True,228,online,12.0
online_v2,000852.SH,2017-01-17,DownTrend,Shock,2017-01-17 13:15:00+08:00,2017-01-17 13:20:00+08:00,27,,,,True,229,online,15.0
online_v2,000852.SH,2017-01-18,UpTrend,Range,2017-01-18 13:55:00+08:00,2017-01-18 14:00:00+08:00,35,,,,True,230,online,23.0
online_v2,000852.SH,2017-01-19,UpTrend,DownTrend,2017-01-19 13:30:00+08:00,2017-01-19 13:35:00+08:00,30,,,,True,231,online,18.0
online_v2,000852.SH,2017-01-19,DownTrend,Range,2017-01-19 14:10:00+08:00,2017-01-19 14:15:00+08:00,38,,,,True,232,online,26.0
online_v2,000852.SH,2017-01-24,DownTrend,UpTrend,2017-01-24 13:30:00+08:00,2017-01-24 13:35:00+08:00,30,,,,True,233,online,18.0
online_v2,000852.SH,2017-01-25,UpTrend,DownTrend,2017-01-25 13:30:00+08:00,2017-01-25 13:35:00+08:00,30,,,,True,234,online,18.0
online_v2,000852.SH,2017-01-26,Range,UpTrend,2017-01-26 13:40:00+08:00,2017-01-26 13:45:00+08:00,32,,,,True,235,online,20.0
online_v2,000852.SH,2017-02-06,UpTrend,Range,2017-02-06 13:35:00+08:00,2017-02-06 13:40:00+08:00,31,,,,True,236,online,19.0
online_v2,000852.SH,2017-02-07,DownTrend,Range,2017-02-07 14:00:00+08:00,2017-02-07 14:05:00+08:00,36,,,,True,237,online,24.0
online_v2,000852.SH,2017-02-07,Range,UpTrend,2017-02-07 14:25:00+08:00,2017-02-07 14:30:00+08:00,41,,,,True,238,online,29.0
online_v2,000852.SH,2017-02-08,Range,UpTrend,2017-02-08 13:20:00+08:00,2017-02-08 13:25:00+08:00,28,,,,False,,online,16.0
online_v2,000852.SH,2017-02-15,DownTrend,UpTrend,2017-02-15 13:15:00+08:00,2017-02-15 13:20:00+08:00,27,,,,False,,online,15.0
online_v2,000852.SH,2017-02-15,UpTrend,DownTrend,2017-02-15 14:15:00+08:00,2017-02-15 14:20:00+08:00,39,,,,True,239,online,27.0
online_v2,000852.SH,2017-02-16,Shock,UpTrend,2017-02-16 10:45:00+08:00,2017-02-16 10:50:00+08:00,15,,,,False,,online,3.0
online_v2,000852.SH,2017-02-20,DownTrend,UpTrend,2017-02-20 13:05:00+08:00,2017-02-20 13:10:00+08:00,25,,,,False,,online,13.0
online_v2,000852.SH,2017-02-22,DownTrend,UpTrend,2017-02-22 13:40:00+08:00,2017-02-22 13:45:00+08:00,32,,,,True,240,online,20.0
online_v2,000852.SH,2017-02-22,UpTrend,Range,2017-02-22 14:15:00+08:00,2017-02-22 14:20:00+08:00,39,,,,True,241,online,27.0
online_v2,000852.SH,2017-02-23,DownTrend,UpTrend,2017-02-23 13:30:00+08:00,2017-02-23 13:35:00+08:00,30,,,,False,,online,18.0
online_v2,000852.SH,2017-02-23,UpTrend,Shock,2017-02-23 14:05:00+08:00,2017-02-23 14:10:00+08:00,37,,,,True,242,online,25.0
online_v2,000852.SH,2017-02-24,Shock,Range,2017-02-24 10:55:00+08:00,2017-02-24 11:00:00+08:00,17,,,,False,,online,5.0
online_v2,000852.SH,2017-02-24,Range,UpTrend,2017-02-24 13:20:00+08:00,2017-02-24 13:25:00+08:00,28,,,,False,,online,16.0
online_v2,000852.SH,2017-02-28,DownTrend,UpTrend,2017-02-28 13:05:00+08:00,2017-02-28 13:10:00+08:00,25,,,,False,,online,13.0
online_v2,000852.SH,2017-02-28,UpTrend,DownTrend,2017-02-28 14:00:00+08:00,2017-02-28 14:05:00+08:00,36,,,,True,243,online,24.0
online_v2,000852.SH,2017-03-02,DownTrend,UpTrend,2017-03-02 13:15:00+08:00,2017-03-02 13:20:00+08:00,27,,,,False,,online,15.0
online_v2,000852.SH,2017-03-02,UpTrend,DownTrend,2017-03-02 14:15:00+08:00,2017-03-02 14:20:00+08:00,39,,,,True,244,online,27.0
online_v2,000852.SH,2017-03-07,DownTrend,Range,2017-03-07 13:30:00+08:00,2017-03-07 13:35:00+08:00,30,,,,True,245,online,18.0
online_v2,000852.SH,2017-03-07,Range,UpTrend,2017-03-07 14:05:00+08:00,2017-03-07 14:10:00+08:00,37,,,,True,246,online,25.0
online_v2,000852.SH,2017-03-08,Range,UpTrend,2017-03-08 13:20:00+08:00,2017-03-08 13:25:00+08:00,28,,,,False,,online,16.0
online_v2,000852.SH,2017-03-08,UpTrend,DownTrend,2017-03-08 13:45:00+08:00,2017-03-08 13:50:00+08:00,33,,,,True,247,online,21.0
online_v2,000852.SH,2017-03-09,Shock,UpTrend,2017-03-09 13:30:00+08:00,2017-03-09 13:35:00+08:00,30,,,,False,,online,18.0
online_v2,000852.SH,2017-03-13,Shock,UpTrend,2017-03-13 10:50:00+08:00,2017-03-13 10:55:00+08:00,16,,,,False,,online,4.0
online_v2,000852.SH,2017-03-15,UpTrend,DownTrend,2017-03-15 13:35:00+08:00,2017-03-15 13:40:00+08:00,31,,,,True,248,online,19.0
online_v2,000852.SH,2017-03-15,DownTrend,Shock,2017-03-15 14:20:00+08:00,2017-03-15 14:25:00+08:00,40,,,,True,249,online,28.0
online_v2,000852.SH,2017-03-17,UpTrend,DownTrend,2017-03-17 13:05:00+08:00,2017-03-17 13:10:00+08:00,25,,,,False,,online,13.0
online_v2,000852.SH,2017-03-17,DownTrend,Shock,2017-03-17 14:15:00+08:00,2017-03-17 14:20:00+08:00,39,,,,True,250,online,27.0
online_v2,000852.SH,2017-03-20,Shock,Range,2017-03-20 11:10:00+08:00,2017-03-20 11:15:00+08:00,20,,,,False,,online,8.0
online_v2,000852.SH,2017-03-20,Range,DownTrend,2017-03-20 13:20:00+08:00,2017-03-20 13:25:00+08:00,28,,,,True,251,online,16.0
online_v2,000852.SH,2017-03-20,DownTrend,Shock,2017-03-20 14:05:00+08:00,2017-03-20 14:10:00+08:00,37,,,,True,252,online,25.0
online_v2,000852.SH,2017-03-21,UpTrend,DownTrend,2017-03-21 14:10:00+08:00,2017-03-21 14:15:00+08:00,38,,,,True,253,online,26.0
online_v2,000852.SH,2017-03-22,Shock,UpTrend,2017-03-22 13:35:00+08:00,2017-03-22 13:40:00+08:00,31,,,,True,254,online,19.0
online_v2,000852.SH,2017-03-23,DownTrend,Shock,2017-03-23 13:25:00+08:00,2017-03-23 13:30:00+08:00,29,,,,True,255,online,17.0
online_v2,000852.SH,2017-03-24,DownTrend,UpTrend,2017-03-24 13:55:00+08:00,2017-03-24 14:00:00+08:00,35,,,,True,256,online,23.0
online_v2,000852.SH,2017-03-29,Shock,UpTrend,2017-03-29 11:30:00+08:00,2017-03-29 13:05:00+08:00,24,,,,True,257,online,12.0
online_v2,000852.SH,2017-04-06,Range,UpTrend,2017-04-06 13:20:00+08:00,2017-04-06 13:25:00+08:00,28,,,,False,,online,16.0
online_v2,000852.SH,2017-04-10,Range,DownTrend,2017-04-10 13:20:00+08:00,2017-04-10 13:25:00+08:00,28,,,,True,258,online,16.0
online_v2,000852.SH,2017-04-11,DownTrend,Shock,2017-04-11 14:20:00+08:00,2017-04-11 14:25:00+08:00,40,,,,False,,online,28.0
online_v2,000852.SH,2017-04-13,UpTrend,DownTrend,2017-04-13 14:05:00+08:00,2017-04-13 14:10:00+08:00,37,,,,True,259,online,25.0
online_v2,000852.SH,2017-04-17,Range,DownTrend,2017-04-17 11:20:00+08:00,2017-04-17 11:25:00+08:00,22,,,,False,,online,10.0
online_v2,000852.SH,2017-04-17,DownTrend,Shock,2017-04-17 13:35:00+08:00,2017-04-17 13:40:00+08:00,31,,,,True,260,online,19.0
online_v2,000852.SH,2017-04-19,Shock,Range,2017-04-19 13:55:00+08:00,2017-04-19 14:00:00+08:00,35,,,,True,261,online,23.0
online_v2,000852.SH,2017-04-19,Range,Shock,2017-04-19 14:25:00+08:00,2017-04-19 14:30:00+08:00,41,,,,True,262,online,29.0
online_v2,000852.SH,2017-04-20,DownTrend,Shock,2017-04-20 14:05:00+08:00,2017-04-20 14:10:00+08:00,37,,,,True,263,online,25.0
online_v2,000852.SH,2017-04-24,Shock,DownTrend,2017-04-24 13:40:00+08:00,2017-04-24 13:45:00+08:00,32,,,,False,,online,20.0
online_v2,000852.SH,2017-04-25,Shock,UpTrend,2017-04-25 11:25:00+08:00,2017-04-25 11:30:00+08:00,23,,,,False,,online,11.0
online_v2,000852.SH,2017-04-25,UpTrend,DownTrend,2017-04-25 13:50:00+08:00,2017-04-25 13:55:00+08:00,34,,,,True,264,online,22.0
online_v2,000852.SH,2017-04-26,UpTrend,DownTrend,2017-04-26 14:20:00+08:00,2017-04-26 14:25:00+08:00,40,,,,True,265,online,28.0
online_v2,000852.SH,2017-05-04,UpTrend,DownTrend,2017-05-04 14:25:00+08:00,2017-05-04 14:30:00+08:00,41,,,,True,266,online,29.0
online_v2,000852.SH,2017-05-08,DownTrend,Range,2017-05-08 13:55:00+08:00,2017-05-08 14:00:00+08:00,35,,,,True,267,online,23.0
online_v2,000852.SH,2017-05-09,Shock,DownTrend,2017-05-09 14:00:00+08:00,2017-05-09 14:05:00+08:00,36,,,,True,268,online,24.0
online_v2,000852.SH,2017-05-09,DownTrend,UpTrend,2017-05-09 14:25:00+08:00,2017-05-09 14:30:00+08:00,41,,,,True,269,online,29.0
online_v2,000852.SH,2017-05-10,Range,DownTrend,2017-05-10 13:20:00+08:00,2017-05-10 13:25:00+08:00,28,,,,False,,online,16.0
online_v2,000852.SH,2017-05-10,DownTrend,Shock,2017-05-10 14:20:00+08:00,2017-05-10 14:25:00+08:00,40,,,,True,270,online,28.0
online_v2,000852.SH,2017-05-11,Shock,DownTrend,2017-05-11 10:55:00+08:00,2017-05-11 11:00:00+08:00,17,,,,False,,online,5.0
online_v2,000852.SH,2017-05-11,DownTrend,Shock,2017-05-11 11:05:00+08:00,2017-05-11 11:10:00+08:00,19,,,,False,,online,7.0
online_v2,000852.SH,2017-05-12,DownTrend,UpTrend,2017-05-12 13:45:00+08:00,2017-05-12 13:50:00+08:00,33,,,,False,,online,21.0
online_v2,000852.SH,2017-05-18,Range,DownTrend,2017-05-18 13:30:00+08:00,2017-05-18 13:35:00+08:00,30,,,,False,,online,18.0
online_v2,000852.SH,2017-05-18,DownTrend,Range,2017-05-18 14:00:00+08:00,2017-05-18 14:05:00+08:00,36,,,,True,271,online,24.0
online_v2,000852.SH,2017-05-23,DownTrend,Shock,2017-05-23 13:25:00+08:00,2017-05-23 13:30:00+08:00,29,,,,True,272,online,17.0
online_v2,000852.SH,2017-05-24,Shock,DownTrend,2017-05-24 13:40:00+08:00,2017-05-24 13:45:00+08:00,32,,,,True,273,online,20.0
online_v2,000852.SH,2017-05-24,DownTrend,Range,2017-05-24 14:05:00+08:00,2017-05-24 14:10:00+08:00,37,,,,True,274,online,25.0
online_v2,000852.SH,2017-05-25,DownTrend,Shock,2017-05-25 13:45:00+08:00,2017-05-25 13:50:00+08:00,33,,,,True,275,online,21.0
online_v2,000852.SH,2017-06-01,Range,DownTrend,2017-06-01 11:20:00+08:00,2017-06-01 11:25:00+08:00,22,,,,False,,online,10.0
online_v2,000852.SH,2017-06-02,DownTrend,UpTrend,2017-06-02 13:10:00+08:00,2017-06-02 13:15:00+08:00,26,,,,False,,online,14.0
online_v2,000852.SH,2017-06-02,UpTrend,Shock,2017-06-02 14:15:00+08:00,2017-06-02 14:20:00+08:00,39,,,,True,276,online,27.0
online_v2,000852.SH,2017-06-05,UpTrend,DownTrend,2017-06-05 13:10:00+08:00,2017-06-05 13:15:00+08:00,26,,,,False,,online,14.0
online_v2,000852.SH,2017-06-06,Range,UpTrend,2017-06-06 13:55:00+08:00,2017-06-06 14:00:00+08:00,35,,,,True,277,online,23.0
online_v2,000852.SH,2017-06-08,Range,DownTrend,2017-06-08 13:50:00+08:00,2017-06-08 13:55:00+08:00,34,,,,False,,online,22.0
online_v2,000852.SH,2017-06-14,UpTrend,Range,2017-06-14 14:20:00+08:00,2017-06-14 14:25:00+08:00,40,,,,True,278,online,28.0
online_v2,000852.SH,2017-06-19,UpTrend,Range,2017-06-19 14:05:00+08:00,2017-06-19 14:10:00+08:00,37,,,,True,279,online,25.0
online_v2,000852.SH,2017-06-27,DownTrend,Range,2017-06-27 14:00:00+08:00,2017-06-27 14:05:00+08:00,36,,,,True,280,online,24.0
online_v2,000852.SH,2017-06-28,UpTrend,DownTrend,2017-06-28 13:45:00+08:00,2017-06-28 13:50:00+08:00,33,,,,True,281,online,21.0
online_v2,000852.SH,2017-06-29,DownTrend,UpTrend,2017-06-29 11:25:00+08:00,2017-06-29 11:30:00+08:00,23,,,,False,,online,11.0
online_v2,000852.SH,2017-06-29,UpTrend,DownTrend,2017-06-29 13:55:00+08:00,2017-06-29 14:00:00+08:00,35,,,,True,282,online,23.0
online_v2,000852.SH,2017-07-04,Range,DownTrend,2017-07-04 13:05:00+08:00,2017-07-04 13:10:00+08:00,25,,,,True,283,online,13.0
online_v2,000852.SH,2017-07-04,DownTrend,Range,2017-07-04 13:45:00+08:00,2017-07-04 13:50:00+08:00,33,,,,True,284,online,21.0
online_v2,000852.SH,2017-07-06,Shock,UpTrend,2017-07-06 14:05:00+08:00,2017-07-06 14:10:00+08:00,37,,,,True,285,online,25.0
online_v2,000852.SH,2017-07-10,DownTrend,UpTrend,2017-07-10 13:30:00+08:00,2017-07-10 13:35:00+08:00,30,,,,True,286,online,18.0
online_v2,000852.SH,2017-07-11,DownTrend,Range,2017-07-11 13:20:00+08:00,2017-07-11 13:25:00+08:00,28,,,,True,287,online,16.0
online_v2,000852.SH,2017-07-13,Range,UpTrend,2017-07-13 11:30:00+08:00,2017-07-13 13:05:00+08:00,24,,,,False,,online,12.0
online_v2,000852.SH,2017-07-13,UpTrend,DownTrend,2017-07-13 14:15:00+08:00,2017-07-13 14:20:00+08:00,39,,,,True,288,online,27.0
online_v2,000852.SH,2017-07-14,Shock,DownTrend,2017-07-14 14:05:00+08:00,2017-07-14 14:10:00+08:00,37,,,,False,,online,25.0
online_v2,000852.SH,2017-07-18,Shock,UpTrend,2017-07-18 14:20:00+08:00,2017-07-18 14:25:00+08:00,40,,,,True,289,online,28.0
online_v2,000852.SH,2017-07-20,UpTrend,Range,2017-07-20 14:05:00+08:00,2017-07-20 14:10:00+08:00,37,,,,False,,online,25.0
online_v2,000852.SH,2017-07-24,UpTrend,DownTrend,2017-07-24 13:20:00+08:00,2017-07-24 13:25:00+08:00,28,,,,True,290,online,16.0
online_v2,000852.SH,2017-07-24,DownTrend,UpTrend,2017-07-24 13:45:00+08:00,2017-07-24 13:50:00+08:00,33,,,,True,291,online,21.0
online_v2,000852.SH,2017-07-25,DownTrend,UpTrend,2017-07-25 13:25:00+08:00,2017-07-25 13:30:00+08:00,29,,,,True,292,online,17.0
online_v2,000852.SH,2017-07-25,UpTrend,DownTrend,2017-07-25 14:25:00+08:00,2017-07-25 14:30:00+08:00,41,,,,True,293,online,29.0
online_v2,000852.SH,2017-07-28,Range,UpTrend,2017-07-28 13:40:00+08:00,2017-07-28 13:45:00+08:00,32,,,,False,,online,20.0
online_v2,000852.SH,2017-08-01,UpTrend,DownTrend,2017-08-01 13:40:00+08:00,2017-08-01 13:45:00+08:00,32,,,,True,294,online,20.0
online_v2,000852.SH,2017-08-02,UpTrend,DownTrend,2017-08-02 14:00:00+08:00,2017-08-02 14:05:00+08:00,36,,,,True,295,online,24.0
online_v2,000852.SH,2017-08-03,UpTrend,Range,2017-08-03 11:20:00+08:00,2017-08-03 11:25:00+08:00,22,,,,False,,online,10.0
online_v2,000852.SH,2017-08-04,Range,UpTrend,2017-08-04 13:25:00+08:00,2017-08-04 13:30:00+08:00,29,,,,False,,online,17.0
online_v2,000852.SH,2017-08-04,UpTrend,Shock,2017-08-04 14:25:00+08:00,2017-08-04 14:30:00+08:00,41,,,,True,296,online,29.0
online_v2,000852.SH,2017-08-07,Range,UpTrend,2017-08-07 14:00:00+08:00,2017-08-07 14:05:00+08:00,36,,,,True,297,online,24.0
online_v2,000852.SH,2017-08-09,Range,UpTrend,2017-08-09 13:30:00+08:00,2017-08-09 13:35:00+08:00,30,,,,False,,online,18.0
online_v2,000852.SH,2017-08-10,DownTrend,Shock,2017-08-10 11:15:00+08:00,2017-08-10 11:20:00+08:00,21,,,,False,,online,9.0
online_v2,000852.SH,2017-08-11,Shock,Range,2017-08-11 14:00:00+08:00,2017-08-11 14:05:00+08:00,36,,,,True,298,online,24.0
online_v2,000852.SH,2017-08-18,UpTrend,DownTrend,2017-08-18 14:15:00+08:00,2017-08-18 14:20:00+08:00,39,,,,True,299,online,27.0
online_v2,000852.SH,2017-08-21,Range,UpTrend,2017-08-21 13:25:00+08:00,2017-08-21 13:30:00+08:00,29,,,,False,,online,17.0
online_v2,000852.SH,2017-08-23,DownTrend,UpTrend,2017-08-23 13:30:00+08:00,2017-08-23 13:35:00+08:00,30,,,,False,,online,18.0
online_v2,000852.SH,2017-08-28,UpTrend,DownTrend,2017-08-28 14:15:00+08:00,2017-08-28 14:20:00+08:00,39,,,,True,300,online,27.0
online_v2,000852.SH,2017-08-29,DownTrend,Range,2017-08-29 14:25:00+08:00,2017-08-29 14:30:00+08:00,41,,,,True,301,online,29.0
online_v2,000852.SH,2017-08-30,Range,UpTrend,2017-08-30 13:10:00+08:00,2017-08-30 13:15:00+08:00,26,,,,False,,online,14.0
online_v2,000852.SH,2017-08-31,Range,UpTrend,2017-08-31 13:25:00+08:00,2017-08-31 13:30:00+08:00,29,,,,True,302,online,17.0
online_v2,000852.SH,2017-09-05,Shock,UpTrend,2017-09-05 11:30:00+08:00,2017-09-05 13:05:00+08:00,24,,,,True,303,online,12.0
online_v2,000852.SH,2017-09-07,Shock,UpTrend,2017-09-07 13:30:00+08:00,2017-09-07 13:35:00+08:00,30,,,,True,304,online,18.0
online_v2,000852.SH,2017-09-07,UpTrend,DownTrend,2017-09-07 14:15:00+08:00,2017-09-07 14:20:00+08:00,39,,,,True,305,online,27.0
online_v2,000852.SH,2017-09-08,UpTrend,DownTrend,2017-09-08 13:30:00+08:00,2017-09-08 13:35:00+08:00,30,,,,True,306,online,18.0
online_v2,000852.SH,2017-09-08,DownTrend,Shock,2017-09-08 14:10:00+08:00,2017-09-08 14:15:00+08:00,38,,,,True,307,online,26.0
online_v2,000852.SH,2017-09-11,UpTrend,Range,2017-09-11 11:30:00+08:00,2017-09-11 13:05:00+08:00,24,,,,False,,online,12.0
online_v2,000852.SH,2017-09-11,Range,UpTrend,2017-09-11 13:50:00+08:00,2017-09-11 13:55:00+08:00,34,,,,True,308,online,22.0
online_v2,000852.SH,2017-09-12,UpTrend,Shock,2017-09-12 14:25:00+08:00,2017-09-12 14:30:00+08:00,41,,,,True,309,online,29.0
online_v2,000852.SH,2017-09-13,Shock,UpTrend,2017-09-13 13:25:00+08:00,2017-09-13 13:30:00+08:00,29,,,,True,310,online,17.0
online_v2,000852.SH,2017-09-14,Shock,DownTrend,2017-09-14 14:00:00+08:00,2017-09-14 14:05:00+08:00,36,,,,True,311,online,24.0
online_v2,000852.SH,2017-09-15,Shock,DownTrend,2017-09-15 13:40:00+08:00,2017-09-15 13:45:00+08:00,32,,,,True,312,online,20.0
online_v2,000852.SH,2017-09-21,DownTrend,Shock,2017-09-21 14:20:00+08:00,2017-09-21 14:25:00+08:00,40,,,,True,313,online,28.0
online_v2,000852.SH,2017-09-22,Shock,Range,2017-09-22 14:15:00+08:00,2017-09-22 14:20:00+08:00,39,,,,False,,online,27.0
online_v2,000852.SH,2017-09-25,DownTrend,Range,2017-09-25 13:10:00+08:00,2017-09-25 13:15:00+08:00,26,,,,True,314,online,14.0
online_v2,000852.SH,2017-09-26,Shock,DownTrend,2017-09-26 13:50:00+08:00,2017-09-26 13:55:00+08:00,34,,,,False,,online,22.0
online_v2,000852.SH,2017-09-28,Range,UpTrend,2017-09-28 11:20:00+08:00,2017-09-28 11:25:00+08:00,22,,,,False,,online,10.0
online_v2,000852.SH,2017-09-28,UpTrend,DownTrend,2017-09-28 13:50:00+08:00,2017-09-28 13:55:00+08:00,34,,,,True,315,online,22.0
online_v2,000852.SH,2017-10-09,UpTrend,Range,2017-10-09 14:00:00+08:00,2017-10-09 14:05:00+08:00,36,,,,True,316,online,24.0
online_v2,000852.SH,2017-10-10,Range,UpTrend,2017-10-10 13:05:00+08:00,2017-10-10 13:10:00+08:00,25,,,,False,,online,13.0
online_v2,000852.SH,2017-10-12,DownTrend,Shock,2017-10-12 14:20:00+08:00,2017-10-12 14:25:00+08:00,40,,,,True,317,online,28.0
online_v2,000852.SH,2017-10-17,UpTrend,DownTrend,2017-10-17 13:55:00+08:00,2017-10-17 14:00:00+08:00,35,,,,True,318,online,23.0
online_v2,000852.SH,2017-10-19,Shock,DownTrend,2017-10-19 13:40:00+08:00,2017-10-19 13:45:00+08:00,32,,,,True,319,online,20.0
online_v2,000852.SH,2017-10-25,UpTrend,DownTrend,2017-10-25 13:25:00+08:00,2017-10-25 13:30:00+08:00,29,,,,True,320,online,17.0
online_v2,000852.SH,2017-10-25,DownTrend,Range,2017-10-25 14:15:00+08:00,2017-10-25 14:20:00+08:00,39,,,,True,321,online,27.0
online_v2,000852.SH,2017-10-30,Shock,DownTrend,2017-10-30 13:45:00+08:00,2017-10-30 13:50:00+08:00,33,,,,True,322,online,21.0
online_v2,000852.SH,2017-10-30,DownTrend,Shock,2017-10-30 14:05:00+08:00,2017-10-30 14:10:00+08:00,37,,,,True,323,online,25.0
online_v2,000852.SH,2017-10-31,DownTrend,UpTrend,2017-10-31 13:45:00+08:00,2017-10-31 13:50:00+08:00,33,,,,True,324,online,21.0
online_v2,000852.SH,2017-11-02,Range,DownTrend,2017-11-02 13:20:00+08:00,2017-11-02 13:25:00+08:00,28,,,,True,325,online,16.0
online_v2,000852.SH,2017-11-02,DownTrend,Range,2017-11-02 14:20:00+08:00,2017-11-02 14:25:00+08:00,40,,,,True,326,online,28.0
online_v2,000852.SH,2017-11-09,DownTrend,Range,2017-11-09 14:15:00+08:00,2017-11-09 14:20:00+08:00,39,,,,True,327,online,27.0
online_v2,000852.SH,2017-11-10,Range,UpTrend,2017-11-10 13:15:00+08:00,2017-11-10 13:20:00+08:00,27,,,,True,328,online,15.0
online_v2,000852.SH,2017-11-15,DownTrend,Shock,2017-11-15 13:30:00+08:00,2017-11-15 13:35:00+08:00,30,,,,True,329,online,18.0
online_v2,000852.SH,2017-11-16,Shock,DownTrend,2017-11-16 13:25:00+08:00,2017-11-16 13:30:00+08:00,29,,,,False,,online,17.0
online_v2,000852.SH,2017-11-17,Shock,DownTrend,2017-11-17 13:15:00+08:00,2017-11-17 13:20:00+08:00,27,,,,True,330,online,15.0
online_v2,000852.SH,2017-11-17,DownTrend,Shock,2017-11-17 13:50:00+08:00,2017-11-17 13:55:00+08:00,34,,,,True,331,online,22.0
online_v2,000852.SH,2017-11-20,Shock,DownTrend,2017-11-20 13:25:00+08:00,2017-11-20 13:30:00+08:00,29,,,,True,332,online,17.0
online_v2,000852.SH,2017-11-20,DownTrend,UpTrend,2017-11-20 13:55:00+08:00,2017-11-20 14:00:00+08:00,35,,,,True,333,online,23.0
online_v2,000852.SH,2017-11-21,DownTrend,Range,2017-11-21 14:00:00+08:00,2017-11-21 14:05:00+08:00,36,,,,True,334,online,24.0
online_v2,000852.SH,2017-11-22,Range,Shock,2017-11-22 14:15:00+08:00,2017-11-22 14:20:00+08:00,39,,,,True,335,online,27.0
online_v2,000852.SH,2017-11-23,Range,DownTrend,2017-11-23 11:20:00+08:00,2017-11-23 11:25:00+08:00,22,,,,False,,online,10.0
online_v2,000852.SH,2017-11-24,Shock,DownTrend,2017-11-24 13:35:00+08:00,2017-11-24 13:40:00+08:00,31,,,,False,,online,19.0
online_v2,000852.SH,2017-11-27,Range,DownTrend,2017-11-27 14:05:00+08:00,2017-11-27 14:10:00+08:00,37,,,,False,,online,25.0
online_v2,000852.SH,2017-11-28,Range,UpTrend,2017-11-28 13:45:00+08:00,2017-11-28 13:50:00+08:00,33,,,,True,336,online,21.0
online_v2,000852.SH,2017-12-01,UpTrend,Range,2017-12-01 13:35:00+08:00,2017-12-01 13:40:00+08:00,31,,,,False,,online,19.0
online_v2,000852.SH,2017-12-01,Range,UpTrend,2017-12-01 14:20:00+08:00,2017-12-01 14:25:00+08:00,40,,,,True,337,online,28.0
online_v2,000852.SH,2017-12-06,DownTrend,Shock,2017-12-06 14:10:00+08:00,2017-12-06 14:15:00+08:00,38,,,,True,338,online,26.0
online_v2,000852.SH,2017-12-13,DownTrend,UpTrend,2017-12-13 13:45:00+08:00,2017-12-13 13:50:00+08:00,33,,,,True,339,online,21.0
online_v2,000852.SH,2017-12-18,DownTrend,Range,2017-12-18 14:20:00+08:00,2017-12-18 14:25:00+08:00,40,,,,True,340,online,28.0
online_v2,000852.SH,2017-12-21,DownTrend,Shock,2017-12-21 10:45:00+08:00,2017-12-21 10:50:00+08:00,15,,,,False,,online,3.0
online_v2,000852.SH,2017-12-21,Shock,UpTrend,2017-12-21 13:50:00+08:00,2017-12-21 13:55:00+08:00,34,,,,True,341,online,22.0
online_v2,000852.SH,2017-12-26,Shock,DownTrend,2017-12-26 10:50:00+08:00,2017-12-26 10:55:00+08:00,16,,,,False,,online,4.0
online_v2,000852.SH,2017-12-26,DownTrend,Shock,2017-12-26 11:00:00+08:00,2017-12-26 11:05:00+08:00,18,,,,False,,online,6.0
online_v2,000852.SH,2017-12-26,Shock,DownTrend,2017-12-26 11:10:00+08:00,2017-12-26 11:15:00+08:00,20,,,,False,,online,8.0
online_v2,000852.SH,2017-12-26,DownTrend,UpTrend,2017-12-26 13:20:00+08:00,2017-12-26 13:25:00+08:00,28,,,,True,342,online,16.0
online_v2,000852.SH,2017-12-27,DownTrend,Shock,2017-12-27 14:25:00+08:00,2017-12-27 14:30:00+08:00,41,,,,True,343,online,29.0
online_v2,000852.SH,2017-12-28,Shock,Range,2017-12-28 11:10:00+08:00,2017-12-28 11:15:00+08:00,20,,,,False,,online,8.0
online_v2,000852.SH,2017-12-29,DownTrend,UpTrend,2017-12-29 14:25:00+08:00,2017-12-29 14:30:00+08:00,41,,,,True,344,online,29.0
online_v2,000852.SH,2018-01-05,UpTrend,DownTrend,2018-01-05 14:10:00+08:00,2018-01-05 14:15:00+08:00,38,,,,True,345,online,26.0
online_v2,000852.SH,2018-01-08,UpTrend,Range,2018-01-08 14:00:00+08:00,2018-01-08 14:05:00+08:00,36,,,,False,,online,24.0
online_v2,000852.SH,2018-01-10,Range,DownTrend,2018-01-10 11:10:00+08:00,2018-01-10 11:15:00+08:00,20,,,,False,,online,8.0
online_v2,000852.SH,2018-01-10,DownTrend,Shock,2018-01-10 13:35:00+08:00,2018-01-10 13:40:00+08:00,31,,,,True,346,online,19.0
online_v2,000852.SH,2018-01-11,Shock,UpTrend,2018-01-11 11:05:00+08:00,2018-01-11 11:10:00+08:00,19,,,,False,,online,7.0
online_v2,000852.SH,2018-01-15,Shock,DownTrend,2018-01-15 11:00:00+08:00,2018-01-15 11:05:00+08:00,18,,,,False,,online,6.0
online_v2,000852.SH,2018-01-15,DownTrend,Shock,2018-01-15 13:45:00+08:00,2018-01-15 13:50:00+08:00,33,,,,True,347,online,21.0
online_v2,000852.SH,2018-01-18,Range,DownTrend,2018-01-18 13:15:00+08:00,2018-01-18 13:20:00+08:00,27,,,,True,348,online,15.0
online_v2,000852.SH,2018-01-19,UpTrend,DownTrend,2018-01-19 11:20:00+08:00,2018-01-19 11:25:00+08:00,22,,,,False,,online,10.0
online_v2,000852.SH,2018-01-22,Shock,UpTrend,2018-01-22 10:45:00+08:00,2018-01-22 10:50:00+08:00,15,,,,False,,online,3.0
online_v2,000852.SH,2018-01-22,UpTrend,Shock,2018-01-22 10:55:00+08:00,2018-01-22 11:00:00+08:00,17,,,,False,,online,5.0
online_v2,000852.SH,2018-01-22,Shock,UpTrend,2018-01-22 11:20:00+08:00,2018-01-22 11:25:00+08:00,22,,,,True,349,online,10.0
online_v2,000852.SH,2018-01-25,Range,DownTrend,2018-01-25 14:25:00+08:00,2018-01-25 14:30:00+08:00,41,,,,False,,online,29.0
online_v2,000852.SH,2018-01-26,Range,UpTrend,2018-01-26 13:45:00+08:00,2018-01-26 13:50:00+08:00,33,,,,False,,online,21.0
online_v2,000852.SH,2018-01-29,DownTrend,Shock,2018-01-29 11:20:00+08:00,2018-01-29 11:25:00+08:00,22,,,,True,350,online,10.0
online_v2,000852.SH,2018-01-31,Shock,UpTrend,2018-01-31 13:05:00+08:00,2018-01-31 13:10:00+08:00,25,,,,True,351,online,13.0
online_v2,000852.SH,2018-01-31,UpTrend,DownTrend,2018-01-31 13:35:00+08:00,2018-01-31 13:40:00+08:00,31,,,,True,352,online,19.0
online_v2,000852.SH,2018-01-31,DownTrend,Shock,2018-01-31 13:45:00+08:00,2018-01-31 13:50:00+08:00,33,,,,True,353,online,21.0
online_v2,000852.SH,2018-02-02,Shock,DownTrend,2018-02-02 13:05:00+08:00,2018-02-02 13:10:00+08:00,25,,,,True,354,online,13.0
online_v2,000852.SH,2018-02-02,DownTrend,Shock,2018-02-02 14:20:00+08:00,2018-02-02 14:25:00+08:00,40,,,,True,355,online,28.0
online_v2,000852.SH,2018-02-05,Range,UpTrend,2018-02-05 13:05:00+08:00,2018-02-05 13:10:00+08:00,25,,,,True,356,online,13.0
online_v2,000852.SH,2018-02-06,DownTrend,Shock,2018-02-06 13:05:00+08:00,2018-02-06 13:10:00+08:00,25,,,,True,357,online,13.0
online_v2,000852.SH,2018-02-07,DownTrend,Shock,2018-02-07 10:45:00+08:00,2018-02-07 10:50:00+08:00,15,,,,False,,online,3.0
online_v2,000852.SH,2018-02-08,UpTrend,Range,2018-02-08 11:25:00+08:00,2018-02-08 11:30:00+08:00,23,,,,False,,online,11.0
online_v2,000852.SH,2018-02-09,Shock,DownTrend,2018-02-09 13:55:00+08:00,2018-02-09 14:00:00+08:00,35,,,,True,358,online,23.0
online_v2,000852.SH,2018-02-09,DownTrend,Shock,2018-02-09 14:15:00+08:00,2018-02-09 14:20:00+08:00,39,,,,True,359,online,27.0
online_v2,000852.SH,2018-02-13,Range,DownTrend,2018-02-13 13:40:00+08:00,2018-02-13 13:45:00+08:00,32,,,,True,360,online,20.0
online_v2,000852.SH,2018-02-23,Range,DownTrend,2018-02-23 11:30:00+08:00,2018-02-23 13:05:00+08:00,24,,,,False,,online,12.0
online_v2,000852.SH,2018-02-23,DownTrend,UpTrend,2018-02-23 14:00:00+08:00,2018-02-23 14:05:00+08:00,36,,,,True,361,online,24.0
online_v2,000852.SH,2018-03-07,Range,DownTrend,2018-03-07 13:15:00+08:00,2018-03-07 13:20:00+08:00,27,,,,False,,online,15.0
online_v2,000852.SH,2018-03-07,DownTrend,Range,2018-03-07 14:00:00+08:00,2018-03-07 14:05:00+08:00,36,,,,True,362,online,24.0
online_v2,000852.SH,2018-03-13,Range,UpTrend,2018-03-13 13:35:00+08:00,2018-03-13 13:40:00+08:00,31,,,,True,363,online,19.0
online_v2,000852.SH,2018-03-13,UpTrend,DownTrend,2018-03-13 14:25:00+08:00,2018-03-13 14:30:00+08:00,41,,,,True,364,online,29.0
online_v2,000852.SH,2018-03-14,Range,DownTrend,2018-03-14 11:25:00+08:00,2018-03-14 11:30:00+08:00,23,,,,False,,online,11.0
online_v2,000852.SH,2018-03-14,DownTrend,UpTrend,2018-03-14 14:20:00+08:00,2018-03-14 14:25:00+08:00,40,,,,True,365,online,28.0
online_v2,000852.SH,2018-03-19,Shock,UpTrend,2018-03-19 10:45:00+08:00,2018-03-19 10:50:00+08:00,15,,,,False,,online,3.0
online_v2,000852.SH,2018-03-19,UpTrend,DownTrend,2018-03-19 14:00:00+08:00,2018-03-19 14:05:00+08:00,36,,,,True,366,online,24.0
online_v2,000852.SH,2018-03-19,DownTrend,Range,2018-03-19 14:20:00+08:00,2018-03-19 14:25:00+08:00,40,,,,True,367,online,28.0
online_v2,000852.SH,2018-03-20,Shock,Range,2018-03-20 11:05:00+08:00,2018-03-20 11:10:00+08:00,19,,,,False,,online,7.0
online_v2,000852.SH,2018-03-20,Range,UpTrend,2018-03-20 13:20:00+08:00,2018-03-20 13:25:00+08:00,28,,,,True,368,online,16.0
online_v2,000852.SH,2018-03-21,DownTrend,UpTrend,2018-03-21 13:40:00+08:00,2018-03-21 13:45:00+08:00,32,,,,True,369,online,20.0
online_v2,000852.SH,2018-03-21,UpTrend,DownTrend,2018-03-21 14:15:00+08:00,2018-03-21 14:20:00+08:00,39,,,,True,370,online,27.0
online_v2,000852.SH,2018-03-22,Shock,UpTrend,2018-03-22 13:40:00+08:00,2018-03-22 13:45:00+08:00,32,,,,True,371,online,20.0
online_v2,000852.SH,2018-03-26,Shock,DownTrend,2018-03-26 11:30:00+08:00,2018-03-26 13:05:00+08:00,24,,,,True,372,online,12.0
online_v2,000852.SH,2018-03-26,DownTrend,UpTrend,2018-03-26 14:15:00+08:00,2018-03-26 14:20:00+08:00,39,,,,True,373,online,27.0
online_v2,000852.SH,2018-03-27,UpTrend,Range,2018-03-27 13:40:00+08:00,2018-03-27 13:45:00+08:00,32,,,,True,374,online,20.0
online_v2,000852.SH,2018-03-27,Range,DownTrend,2018-03-27 14:20:00+08:00,2018-03-27 14:25:00+08:00,40,,,,True,375,online,28.0
online_v2,000852.SH,2018-04-02,UpTrend,DownTrend,2018-04-02 14:05:00+08:00,2018-04-02 14:10:00+08:00,37,,,,True,376,online,25.0
online_v2,000852.SH,2018-04-03,DownTrend,Range,2018-04-03 14:05:00+08:00,2018-04-03 14:10:00+08:00,37,,,,True,377,online,25.0
online_v2,000852.SH,2018-04-04,Range,DownTrend,2018-04-04 13:40:00+08:00,2018-04-04 13:45:00+08:00,32,,,,True,378,online,20.0
online_v2,000852.SH,2018-04-09,UpTrend,DownTrend,2018-04-09 14:05:00+08:00,2018-04-09 14:10:00+08:00,37,,,,True,379,online,25.0
online_v2,000852.SH,2018-04-10,Range,DownTrend,2018-04-10 13:15:00+08:00,2018-04-10 13:20:00+08:00,27,,,,False,,online,15.0
online_v2,000852.SH,2018-04-10,DownTrend,UpTrend,2018-04-10 14:15:00+08:00,2018-04-10 14:20:00+08:00,39,,,,True,380,online,27.0
online_v2,000852.SH,2018-04-17,DownTrend,Shock,2018-04-17 13:35:00+08:00,2018-04-17 13:40:00+08:00,31,,,,True,381,online,19.0
online_v2,000852.SH,2018-04-19,UpTrend,DownTrend,2018-04-19 14:15:00+08:00,2018-04-19 14:20:00+08:00,39,,,,True,382,online,27.0
online_v2,000852.SH,2018-04-20,Shock,Range,2018-04-20 14:00:00+08:00,2018-04-20 14:05:00+08:00,36,,,,True,383,online,24.0
online_v2,000852.SH,2018-04-23,Shock,DownTrend,2018-04-23 11:20:00+08:00,2018-04-23 11:25:00+08:00,22,,,,False,,online,10.0
online_v2,000852.SH,2018-04-25,Range,UpTrend,2018-04-25 13:30:00+08:00,2018-04-25 13:35:00+08:00,30,,,,True,384,online,18.0
online_v2,000852.SH,2018-04-25,UpTrend,Range,2018-04-25 14:00:00+08:00,2018-04-25 14:05:00+08:00,36,,,,True,385,online,24.0
online_v2,000852.SH,2018-04-27,Shock,Range,2018-04-27 11:10:00+08:00,2018-04-27 11:15:00+08:00,20,,,,False,,online,8.0
online_v2,000852.SH,2018-05-03,Shock,UpTrend,2018-05-03 11:30:00+08:00,2018-05-03 13:05:00+08:00,24,,,,False,,online,12.0
online_v2,000852.SH,2018-05-04,Range,UpTrend,2018-05-04 13:45:00+08:00,2018-05-04 13:50:00+08:00,33,,,,True,386,online,21.0
online_v2,000852.SH,2018-05-04,UpTrend,Range,2018-05-04 14:20:00+08:00,2018-05-04 14:25:00+08:00,40,,,,True,387,online,28.0
online_v2,000852.SH,2018-05-09,Range,UpTrend,2018-05-09 11:30:00+08:00,2018-05-09 13:05:00+08:00,24,,,,False,,online,12.0
online_v2,000852.SH,2018-05-09,UpTrend,DownTrend,2018-05-09 13:55:00+08:00,2018-05-09 14:00:00+08:00,35,,,,True,388,online,23.0
online_v2,000852.SH,2018-05-10,Range,DownTrend,2018-05-10 11:15:00+08:00,2018-05-10 11:20:00+08:00,21,,,,False,,online,9.0
online_v2,000852.SH,2018-05-14,Range,DownTrend,2018-05-14 13:15:00+08:00,2018-05-14 13:20:00+08:00,27,,,,False,,online,15.0
online_v2,000852.SH,2018-05-15,DownTrend,Range,2018-05-15 13:15:00+08:00,2018-05-15 13:20:00+08:00,27,,,,True,389,online,15.0
online_v2,000852.SH,2018-05-15,Range,UpTrend,2018-05-15 13:55:00+08:00,2018-05-15 14:00:00+08:00,35,,,,True,390,online,23.0
online_v2,000852.SH,2018-05-18,DownTrend,Shock,2018-05-18 14:05:00+08:00,2018-05-18 14:10:00+08:00,37,,,,True,391,online,25.0
online_v2,000852.SH,2018-05-21,UpTrend,Range,2018-05-21 14:00:00+08:00,2018-05-21 14:05:00+08:00,36,,,,True,392,online,24.0
online_v2,000852.SH,2018-05-22,Range,UpTrend,2018-05-22 14:20:00+08:00,2018-05-22 14:25:00+08:00,40,,,,True,393,online,28.0
online_v2,000852.SH,2018-05-23,Range,Shock,2018-05-23 14:15:00+08:00,2018-05-23 14:20:00+08:00,39,,,,True,394,online,27.0
online_v2,000852.SH,2018-05-24,UpTrend,Range,2018-05-24 13:50:00+08:00,2018-05-24 13:55:00+08:00,34,,,,True,395,online,22.0
online_v2,000852.SH,2018-05-25,Shock,Range,2018-05-25 13:35:00+08:00,2018-05-25 13:40:00+08:00,31,,,,True,396,online,19.0
online_v2,000852.SH,2018-05-25,Range,DownTrend,2018-05-25 14:25:00+08:00,2018-05-25 14:30:00+08:00,41,,,,True,397,online,29.0
online_v2,000852.SH,2018-05-28,Shock,UpTrend,2018-05-28 13:10:00+08:00,2018-05-28 13:15:00+08:00,26,,,,True,398,online,14.0
online_v2,000852.SH,2018-05-28,UpTrend,DownTrend,2018-05-28 13:35:00+08:00,2018-05-28 13:40:00+08:00,31,,,,True,399,online,19.0
online_v2,000852.SH,2018-05-29,Shock,Range,2018-05-29 10:45:00+08:00,2018-05-29 10:50:00+08:00,15,,,,False,,online,3.0
online_v2,000852.SH,2018-05-29,Range,DownTrend,2018-05-29 13:05:00+08:00,2018-05-29 13:10:00+08:00,25,,,,False,,online,13.0
online_v2,000852.SH,2018-05-29,DownTrend,Range,2018-05-29 13:50:00+08:00,2018-05-29 13:55:00+08:00,34,,,,True,400,online,22.0
online_v2,000852.SH,2018-05-30,Shock,UpTrend,2018-05-30 13:20:00+08:00,2018-05-30 13:25:00+08:00,28,,,,True,401,online,16.0
online_v2,000852.SH,2018-05-30,UpTrend,Shock,2018-05-30 14:20:00+08:00,2018-05-30 14:25:00+08:00,40,,,,True,402,online,28.0
online_v2,000852.SH,2018-05-31,Shock,UpTrend,2018-05-31 13:40:00+08:00,2018-05-31 13:45:00+08:00,32,,,,True,403,online,20.0
online_v2,000852.SH,2018-06-01,DownTrend,Shock,2018-06-01 13:30:00+08:00,2018-06-01 13:35:00+08:00,30,,,,True,404,online,18.0
online_v2,000852.SH,2018-06-04,Shock,Range,2018-06-04 11:10:00+08:00,2018-06-04 11:15:00+08:00,20,,,,False,,online,8.0
online_v2,000852.SH,2018-06-04,Range,UpTrend,2018-06-04 13:25:00+08:00,2018-06-04 13:30:00+08:00,29,,,,True,405,online,17.0
online_v2,000852.SH,2018-06-04,UpTrend,DownTrend,2018-06-04 14:25:00+08:00,2018-06-04 14:30:00+08:00,41,,,,True,406,online,29.0
online_v2,000852.SH,2018-06-06,Range,DownTrend,2018-06-06 11:20:00+08:00,2018-06-06 11:25:00+08:00,22,,,,False,,online,10.0
online_v2,000852.SH,2018-06-07,DownTrend,Range,2018-06-07 14:15:00+08:00,2018-06-07 14:20:00+08:00,39,,,,True,407,online,27.0
online_v2,000852.SH,2018-06-11,Range,DownTrend,2018-06-11 13:30:00+08:00,2018-06-11 13:35:00+08:00,30,,,,True,408,online,18.0
online_v2,000852.SH,2018-06-12,Shock,UpTrend,2018-06-12 13:05:00+08:00,2018-06-12 13:10:00+08:00,25,,,,True,409,online,13.0
online_v2,000852.SH,2018-06-14,Shock,DownTrend,2018-06-14 10:55:00+08:00,2018-06-14 11:00:00+08:00,17,,,,False,,online,5.0
online_v2,000852.SH,2018-06-20,Shock,DownTrend,2018-06-20 11:00:00+08:00,2018-06-20 11:05:00+08:00,18,,,,False,,online,6.0
online_v2,000852.SH,2018-06-20,DownTrend,Shock,2018-06-20 11:25:00+08:00,2018-06-20 11:30:00+08:00,23,,,,True,410,online,11.0
online_v2,000852.SH,2018-06-20,Shock,UpTrend,2018-06-20 13:55:00+08:00,2018-06-20 14:00:00+08:00,35,,,,True,411,online,23.0
online_v2,000852.SH,2018-06-21,DownTrend,Shock,2018-06-21 13:25:00+08:00,2018-06-21 13:30:00+08:00,29,,,,True,412,online,17.0
online_v2,000852.SH,2018-06-21,Shock,DownTrend,2018-06-21 13:40:00+08:00,2018-06-21 13:45:00+08:00,32,,,,True,413,online,20.0
online_v2,000852.SH,2018-06-22,UpTrend,DownTrend,2018-06-22 13:45:00+08:00,2018-06-22 13:50:00+08:00,33,,,,True,414,online,21.0
online_v2,000852.SH,2018-06-26,UpTrend,DownTrend,2018-06-26 14:15:00+08:00,2018-06-26 14:20:00+08:00,39,,,,True,415,online,27.0
online_v2,000852.SH,2018-06-27,DownTrend,Range,2018-06-27 14:10:00+08:00,2018-06-27 14:15:00+08:00,38,,,,True,416,online,26.0
online_v2,000852.SH,2018-06-28,Range,DownTrend,2018-06-28 13:45:00+08:00,2018-06-28 13:50:00+08:00,33,,,,True,417,online,21.0
online_v2,000852.SH,2018-07-02,Range,DownTrend,2018-07-02 13:10:00+08:00,2018-07-02 13:15:00+08:00,26,,,,False,,online,14.0
online_v2,000852.SH,2018-07-03,Shock,UpTrend,2018-07-03 13:50:00+08:00,2018-07-03 13:55:00+08:00,34,,,,True,418,online,22.0
online_v2,000852.SH,2018-07-06,Shock,DownTrend,2018-07-06 10:55:00+08:00,2018-07-06 11:00:00+08:00,17,,,,False,,online,5.0
online_v2,000852.SH,2018-07-06,DownTrend,Shock,2018-07-06 11:20:00+08:00,2018-07-06 11:25:00+08:00,22,,,,True,419,online,10.0
online_v2,000852.SH,2018-07-18,UpTrend,DownTrend,2018-07-18 14:00:00+08:00,2018-07-18 14:05:00+08:00,36,,,,True,420,online,24.0
online_v2,000852.SH,2018-07-23,UpTrend,Range,2018-07-23 13:50:00+08:00,2018-07-23 13:55:00+08:00,34,,,,False,,online,22.0
online_v2,000852.SH,2018-07-27,Shock,UpTrend,2018-07-27 11:00:00+08:00,2018-07-27 11:05:00+08:00,18,,,,False,,online,6.0
online_v2,000852.SH,2018-07-27,UpTrend,Range,2018-07-27 13:55:00+08:00,2018-07-27 14:00:00+08:00,35,,,,True,421,online,23.0
online_v2,000852.SH,2018-07-30,Shock,DownTrend,2018-07-30 10:55:00+08:00,2018-07-30 11:00:00+08:00,17,,,,False,,online,5.0
online_v2,000852.SH,2018-07-30,DownTrend,Range,2018-07-30 13:25:00+08:00,2018-07-30 13:30:00+08:00,29,,,,True,422,online,17.0
online_v2,000852.SH,2018-08-03,DownTrend,Shock,2018-08-03 11:20:00+08:00,2018-08-03 11:25:00+08:00,22,,,,False,,online,10.0
online_v2,000852.SH,2018-08-03,Shock,UpTrend,2018-08-03 13:05:00+08:00,2018-08-03 13:10:00+08:00,25,,,,True,423,online,13.0
online_v2,000852.SH,2018-08-03,UpTrend,DownTrend,2018-08-03 13:50:00+08:00,2018-08-03 13:55:00+08:00,34,,,,True,424,online,22.0
online_v2,000852.SH,2018-08-06,Shock,DownTrend,2018-08-06 11:05:00+08:00,2018-08-06 11:10:00+08:00,19,,,,False,,online,7.0
online_v2,000852.SH,2018-08-06,DownTrend,Shock,2018-08-06 13:25:00+08:00,2018-08-06 13:30:00+08:00,29,,,,True,425,online,17.0
online_v2,000852.SH,2018-08-06,Shock,DownTrend,2018-08-06 14:25:00+08:00,2018-08-06 14:30:00+08:00,41,,,,True,426,online,29.0
online_v2,000852.SH,2018-08-07,Shock,UpTrend,2018-08-07 11:30:00+08:00,2018-08-07 13:05:00+08:00,24,,,,True,427,online,12.0
online_v2,000852.SH,2018-08-08,Range,DownTrend,2018-08-08 13:20:00+08:00,2018-08-08 13:25:00+08:00,28,,,,False,,online,16.0
online_v2,000852.SH,2018-08-08,DownTrend,Range,2018-08-08 13:45:00+08:00,2018-08-08 13:50:00+08:00,33,,,,True,428,online,21.0
online_v2,000852.SH,2018-08-08,Range,DownTrend,2018-08-08 14:00:00+08:00,2018-08-08 14:05:00+08:00,36,,,,True,429,online,24.0
online_v2,000852.SH,2018-08-09,Shock,UpTrend,2018-08-09 10:55:00+08:00,2018-08-09 11:00:00+08:00,17,,,,False,,online,5.0
online_v2,000852.SH,2018-08-09,UpTrend,Range,2018-08-09 14:15:00+08:00,2018-08-09 14:20:00+08:00,39,,,,True,430,online,27.0
online_v2,000852.SH,2018-08-13,DownTrend,UpTrend,2018-08-13 13:30:00+08:00,2018-08-13 13:35:00+08:00,30,,,,True,431,online,18.0
online_v2,000852.SH,2018-08-14,Range,DownTrend,2018-08-14 11:20:00+08:00,2018-08-14 11:25:00+08:00,22,,,,False,,online,10.0
online_v2,000852.SH,2018-08-14,DownTrend,Range,2018-08-14 13:35:00+08:00,2018-08-14 13:40:00+08:00,31,,,,True,432,online,19.0
online_v2,000852.SH,2018-08-16,Shock,DownTrend,2018-08-16 11:15:00+08:00,2018-08-16 11:20:00+08:00,21,,,,False,,online,9.0
online_v2,000852.SH,2018-08-16,DownTrend,UpTrend,2018-08-16 13:35:00+08:00,2018-08-16 13:40:00+08:00,31,,,,True,433,online,19.0
online_v2,000852.SH,2018-08-20,DownTrend,Shock,2018-08-20 14:15:00+08:00,2018-08-20 14:20:00+08:00,39,,,,True,434,online,27.0
online_v2,000852.SH,2018-08-22,DownTrend,Range,2018-08-22 14:05:00+08:00,2018-08-22 14:10:00+08:00,37,,,,True,435,online,25.0
online_v2,000852.SH,2018-08-23,Range,DownTrend,2018-08-23 11:30:00+08:00,2018-08-23 13:05:00+08:00,24,,,,True,436,online,12.0
online_v2,000852.SH,2018-08-23,DownTrend,UpTrend,2018-08-23 14:20:00+08:00,2018-08-23 14:25:00+08:00,40,,,,True,437,online,28.0
online_v2,000852.SH,2018-08-24,Range,UpTrend,2018-08-24 13:45:00+08:00,2018-08-24 13:50:00+08:00,33,,,,True,438,online,21.0
online_v2,000852.SH,2018-08-30,DownTrend,Range,2018-08-30 13:45:00+08:00,2018-08-30 13:50:00+08:00,33,,,,False,,online,21.0
online_v2,000852.SH,2018-08-31,Range,Shock,2018-08-31 11:00:00+08:00,2018-08-31 11:05:00+08:00,18,,,,False,,online,6.0
online_v2,000852.SH,2018-08-31,Shock,DownTrend,2018-08-31 14:10:00+08:00,2018-08-31 14:15:00+08:00,38,,,,False,,online,26.0
online_v2,000852.SH,2018-09-03,Shock,Range,2018-09-03 11:30:00+08:00,2018-09-03 13:05:00+08:00,24,,,,False,,online,12.0
online_v2,000852.SH,2018-09-03,Range,UpTrend,2018-09-03 14:10:00+08:00,2018-09-03 14:15:00+08:00,38,,,,True,439,online,26.0
online_v2,000852.SH,2018-09-04,DownTrend,UpTrend,2018-09-04 13:30:00+08:00,2018-09-04 13:35:00+08:00,30,,,,True,440,online,18.0
online_v2,000852.SH,2018-09-06,Shock,Range,2018-09-06 10:55:00+08:00,2018-09-06 11:00:00+08:00,17,,,,False,,online,5.0
online_v2,000852.SH,2018-09-06,Range,DownTrend,2018-09-06 11:30:00+08:00,2018-09-06 13:05:00+08:00,24,,,,False,,online,12.0
online_v2,000852.SH,2018-09-07,Range,DownTrend,2018-09-07 11:10:00+08:00,2018-09-07 11:15:00+08:00,20,,,,False,,online,8.0
online_v2,000852.SH,2018-09-07,DownTrend,Shock,2018-09-07 11:30:00+08:00,2018-09-07 13:05:00+08:00,24,,,,True,441,online,12.0
online_v2,000852.SH,2018-09-07,Shock,Range,2018-09-07 14:00:00+08:00,2018-09-07 14:05:00+08:00,36,,,,True,442,online,24.0
online_v2,000852.SH,2018-09-11,UpTrend,Shock,2018-09-11 11:25:00+08:00,2018-09-11 11:30:00+08:00,23,,,,True,443,online,11.0
online_v2,000852.SH,2018-09-11,Shock,UpTrend,2018-09-11 13:20:00+08:00,2018-09-11 13:25:00+08:00,28,,,,False,,online,16.0
online_v2,000852.SH,2018-09-11,UpTrend,DownTrend,2018-09-11 13:55:00+08:00,2018-09-11 14:00:00+08:00,35,,,,True,444,online,23.0
online_v2,000852.SH,2018-09-12,Shock,DownTrend,2018-09-12 11:25:00+08:00,2018-09-12 11:30:00+08:00,23,,,,True,445,online,11.0
online_v2,000852.SH,2018-09-13,DownTrend,UpTrend,2018-09-13 14:10:00+08:00,2018-09-13 14:15:00+08:00,38,,,,False,,online,26.0
online_v2,000852.SH,2018-09-17,Range,DownTrend,2018-09-17 13:30:00+08:00,2018-09-17 13:35:00+08:00,30,,,,False,,online,18.0
online_v2,000852.SH,2018-09-18,DownTrend,UpTrend,2018-09-18 13:40:00+08:00,2018-09-18 13:45:00+08:00,32,,,,True,446,online,20.0
online_v2,000852.SH,2018-09-18,UpTrend,Shock,2018-09-18 14:05:00+08:00,2018-09-18 14:10:00+08:00,37,,,,True,447,online,25.0
online_v2,000852.SH,2018-09-19,Shock,UpTrend,2018-09-19 13:15:00+08:00,2018-09-19 13:20:00+08:00,27,,,,False,,online,15.0
online_v2,000852.SH,2018-09-26,Range,DownTrend,2018-09-26 14:25:00+08:00,2018-09-26 14:30:00+08:00,41,,,,True,448,online,29.0
online_v2,000852.SH,2018-09-27,DownTrend,Range,2018-09-27 14:25:00+08:00,2018-09-27 14:30:00+08:00,41,,,,True,449,online,29.0
online_v2,000852.SH,2018-10-09,Shock,UpTrend,2018-10-09 13:40:00+08:00,2018-10-09 13:45:00+08:00,32,,,,True,450,online,20.0
online_v2,000852.SH,2018-10-09,UpTrend,DownTrend,2018-10-09 14:10:00+08:00,2018-10-09 14:15:00+08:00,38,,,,True,451,online,26.0
online_v2,000852.SH,2018-10-10,Shock,DownTrend,2018-10-10 10:45:00+08:00,2018-10-10 10:50:00+08:00,15,,,,False,,online,3.0
online_v2,000852.SH,2018-10-10,DownTrend,Shock,2018-10-10 11:10:00+08:00,2018-10-10 11:15:00+08:00,20,,,,False,,online,8.0
online_v2,000852.SH,2018-10-15,Range,DownTrend,2018-10-15 11:10:00+08:00,2018-10-15 11:15:00+08:00,20,,,,False,,online,8.0
online_v2,000852.SH,2018-10-15,DownTrend,Range,2018-10-15 13:50:00+08:00,2018-10-15 13:55:00+08:00,34,,,,True,452,online,22.0
online_v2,000852.SH,2018-10-15,Range,DownTrend,2018-10-15 14:15:00+08:00,2018-10-15 14:20:00+08:00,39,,,,True,453,online,27.0
online_v2,000852.SH,2018-10-17,DownTrend,Shock,2018-10-17 13:35:00+08:00,2018-10-17 13:40:00+08:00,31,,,,True,454,online,19.0
online_v2,000852.SH,2018-10-22,Shock,UpTrend,2018-10-22 10:45:00+08:00,2018-10-22 10:50:00+08:00,15,,,,False,,online,3.0
online_v2,000852.SH,2018-10-24,UpTrend,DownTrend,2018-10-24 14:00:00+08:00,2018-10-24 14:05:00+08:00,36,,,,True,455,online,24.0
online_v2,000852.SH,2018-10-25,Range,UpTrend,2018-10-25 14:25:00+08:00,2018-10-25 14:30:00+08:00,41,,,,True,456,online,29.0
online_v2,000852.SH,2018-10-26,Range,DownTrend,2018-10-26 13:15:00+08:00,2018-10-26 13:20:00+08:00,27,,,,False,,online,15.0
online_v2,000852.SH,2018-10-26,DownTrend,Range,2018-10-26 13:45:00+08:00,2018-10-26 13:50:00+08:00,33,,,,True,457,online,21.0
online_v2,000852.SH,2018-10-30,Shock,UpTrend,2018-10-30 10:50:00+08:00,2018-10-30 10:55:00+08:00,16,,,,False,,online,4.0
online_v2,000852.SH,2018-10-31,Range,UpTrend,2018-10-31 13:25:00+08:00,2018-10-31 13:30:00+08:00,29,,,,True,458,online,17.0
online_v2,000852.SH,2018-11-01,UpTrend,DownTrend,2018-11-01 14:05:00+08:00,2018-11-01 14:10:00+08:00,37,,,,True,459,online,25.0
online_v2,000852.SH,2018-11-02,Range,UpTrend,2018-11-02 13:35:00+08:00,2018-11-02 13:40:00+08:00,31,,,,False,,online,19.0
online_v2,000852.SH,2018-11-05,UpTrend,DownTrend,2018-11-05 11:15:00+08:00,2018-11-05 11:20:00+08:00,21,,,,False,,online,9.0
online_v2,000852.SH,2018-11-05,DownTrend,Range,2018-11-05 13:55:00+08:00,2018-11-05 14:00:00+08:00,35,,,,True,460,online,23.0
online_v2,000852.SH,2018-11-05,Range,UpTrend,2018-11-05 14:25:00+08:00,2018-11-05 14:30:00+08:00,41,,,,True,461,online,29.0
online_v2,000852.SH,2018-11-06,Range,UpTrend,2018-11-06 13:55:00+08:00,2018-11-06 14:00:00+08:00,35,,,,True,462,online,23.0
online_v2,000852.SH,2018-11-08,Range,UpTrend,2018-11-08 13:15:00+08:00,2018-11-08 13:20:00+08:00,27,,,,False,,online,15.0
online_v2,000852.SH,2018-11-08,UpTrend,DownTrend,2018-11-08 14:25:00+08:00,2018-11-08 14:30:00+08:00,41,,,,True,463,online,29.0
online_v2,000852.SH,2018-11-12,UpTrend,Range,2018-11-12 13:45:00+08:00,2018-11-12 13:50:00+08:00,33,,,,True,464,online,21.0
online_v2,000852.SH,2018-11-12,Range,UpTrend,2018-11-12 14:10:00+08:00,2018-11-12 14:15:00+08:00,38,,,,True,465,online,26.0
online_v2,000852.SH,2018-11-13,Range,UpTrend,2018-11-13 13:15:00+08:00,2018-11-13 13:20:00+08:00,27,,,,False,,online,15.0
online_v2,000852.SH,2018-11-14,Shock,UpTrend,2018-11-14 11:00:00+08:00,2018-11-14 11:05:00+08:00,18,,,,False,,online,6.0
online_v2,000852.SH,2018-11-14,UpTrend,DownTrend,2018-11-14 13:55:00+08:00,2018-11-14 14:00:00+08:00,35,,,,True,466,online,23.0
online_v2,000852.SH,2018-11-14,DownTrend,Shock,2018-11-14 14:15:00+08:00,2018-11-14 14:20:00+08:00,39,,,,True,467,online,27.0
online_v2,000852.SH,2018-11-16,Range,UpTrend,2018-11-16 11:25:00+08:00,2018-11-16 11:30:00+08:00,23,,,,False,,online,11.0
online_v2,000852.SH,2018-11-19,DownTrend,UpTrend,2018-11-19 13:20:00+08:00,2018-11-19 13:25:00+08:00,28,,,,False,,online,16.0
online_v2,000852.SH,2018-11-21,Shock,UpTrend,2018-11-21 13:45:00+08:00,2018-11-21 13:50:00+08:00,33,,,,True,468,online,21.0
online_v2,000852.SH,2018-11-22,Range,DownTrend,2018-11-22 13:25:00+08:00,2018-11-22 13:30:00+08:00,29,,,,False,,online,17.0
online_v2,000852.SH,2018-11-26,Shock,UpTrend,2018-11-26 13:25:00+08:00,2018-11-26 13:30:00+08:00,29,,,,True,469,online,17.0
online_v2,000852.SH,2018-11-26,UpTrend,DownTrend,2018-11-26 13:50:00+08:00,2018-11-26 13:55:00+08:00,34,,,,True,470,online,22.0
online_v2,000852.SH,2018-11-28,Shock,Range,2018-11-28 13:45:00+08:00,2018-11-28 13:50:00+08:00,33,,,,True,471,online,21.0
online_v2,000852.SH,2018-11-30,DownTrend,Shock,2018-11-30 13:50:00+08:00,2018-11-30 13:55:00+08:00,34,,,,True,472,online,22.0
online_v2,000852.SH,2018-12-04,DownTrend,Range,2018-12-04 13:45:00+08:00,2018-12-04 13:50:00+08:00,33,,,,True,473,online,21.0
online_v2,000852.SH,2018-12-05,UpTrend,DownTrend,2018-12-05 14:00:00+08:00,2018-12-05 14:05:00+08:00,36,,,,True,474,online,24.0
online_v2,000852.SH,2018-12-17,Shock,UpTrend,2018-12-17 10:55:00+08:00,2018-12-17 11:00:00+08:00,17,,,,False,,online,5.0
online_v2,000852.SH,2018-12-18,Range,DownTrend,2018-12-18 11:00:00+08:00,2018-12-18 11:05:00+08:00,18,,,,False,,online,6.0
online_v2,000852.SH,2018-12-18,DownTrend,UpTrend,2018-12-18 14:25:00+08:00,2018-12-18 14:30:00+08:00,41,,,,True,475,online,29.0
online_v2,000852.SH,2018-12-20,Shock,DownTrend,2018-12-20 13:15:00+08:00,2018-12-20 13:20:00+08:00,27,,,,False,,online,15.0
online_v2,000852.SH,2018-12-20,DownTrend,UpTrend,2018-12-20 14:25:00+08:00,2018-12-20 14:30:00+08:00,41,,,,True,476,online,29.0
online_v2,000852.SH,2018-12-24,Shock,UpTrend,2018-12-24 13:10:00+08:00,2018-12-24 13:15:00+08:00,26,,,,False,,online,14.0
online_v2,000852.SH,2018-12-24,UpTrend,DownTrend,2018-12-24 14:15:00+08:00,2018-12-24 14:20:00+08:00,39,,,,True,477,online,27.0
online_v2,000852.SH,2018-12-25,Shock,Range,2018-12-25 11:30:00+08:00,2018-12-25 13:05:00+08:00,24,,,,True,478,online,12.0
online_v2,000852.SH,2018-12-25,Range,UpTrend,2018-12-25 13:40:00+08:00,2018-12-25 13:45:00+08:00,32,,,,True,479,online,20.0
online_v2,000852.SH,2018-12-25,UpTrend,Shock,2018-12-25 13:55:00+08:00,2018-12-25 14:00:00+08:00,35,,,,True,480,online,23.0
online_v2,000852.SH,2018-12-27,Range,DownTrend,2018-12-27 13:10:00+08:00,2018-12-27 13:15:00+08:00,26,,,,False,,online,14.0
online_v2,000852.SH,2018-12-28,Shock,UpTrend,2018-12-28 10:50:00+08:00,2018-12-28 10:55:00+08:00,16,,,,False,,online,4.0
online_v2,000852.SH,2019-01-03,Shock,DownTrend,2019-01-03 11:05:00+08:00,2019-01-03 11:10:00+08:00,19,,,,False,,online,7.0
online_v2,000852.SH,2019-01-04,UpTrend,Shock,2019-01-04 11:00:00+08:00,2019-01-04 11:05:00+08:00,18,,,,False,,online,6.0
online_v2,000852.SH,2019-01-04,Shock,UpTrend,2019-01-04 11:15:00+08:00,2019-01-04 11:20:00+08:00,21,,,,False,,online,9.0
online_v2,000852.SH,2019-01-09,UpTrend,DownTrend,2019-01-09 14:05:00+08:00,2019-01-09 14:10:00+08:00,37,,,,True,481,online,25.0
online_v2,000852.SH,2019-01-11,Range,UpTrend,2019-01-11 13:15:00+08:00,2019-01-11 13:20:00+08:00,27,,,,False,,online,15.0
online_v2,000852.SH,2019-01-11,UpTrend,Range,2019-01-11 14:10:00+08:00,2019-01-11 14:15:00+08:00,38,,,,True,482,online,26.0
online_v2,000852.SH,2019-01-17,Range,UpTrend,2019-01-17 13:20:00+08:00,2019-01-17 13:25:00+08:00,28,,,,False,,online,16.0
online_v2,000852.SH,2019-01-17,UpTrend,DownTrend,2019-01-17 14:00:00+08:00,2019-01-17 14:05:00+08:00,36,,,,True,483,online,24.0
online_v2,000852.SH,2019-01-18,Shock,Range,2019-01-18 11:15:00+08:00,2019-01-18 11:20:00+08:00,21,,,,False,,online,9.0
online_v2,000852.SH,2019-01-18,Range,UpTrend,2019-01-18 13:15:00+08:00,2019-01-18 13:20:00+08:00,27,,,,True,484,online,15.0
online_v2,000852.SH,2019-01-21,UpTrend,DownTrend,2019-01-21 13:35:00+08:00,2019-01-21 13:40:00+08:00,31,,,,True,485,online,19.0
online_v2,000852.SH,2019-01-22,Range,DownTrend,2019-01-22 13:20:00+08:00,2019-01-22 13:25:00+08:00,28,,,,False,,online,16.0
online_v2,000852.SH,2019-01-25,Range,UpTrend,2019-01-25 13:25:00+08:00,2019-01-25 13:30:00+08:00,29,,,,False,,online,17.0
online_v2,000852.SH,2019-01-28,Shock,DownTrend,2019-01-28 11:10:00+08:00,2019-01-28 11:15:00+08:00,20,,,,False,,online,8.0
online_v2,000852.SH,2019-01-29,Shock,UpTrend,2019-01-29 13:35:00+08:00,2019-01-29 13:40:00+08:00,31,,,,True,486,online,19.0
online_v2,000852.SH,2019-01-29,UpTrend,Shock,2019-01-29 13:45:00+08:00,2019-01-29 13:50:00+08:00,33,,,,True,487,online,21.0
online_v2,000852.SH,2019-01-30,Shock,Range,2019-01-30 10:50:00+08:00,2019-01-30 10:55:00+08:00,16,,,,False,,online,4.0
online_v2,000852.SH,2019-01-30,Range,DownTrend,2019-01-30 13:40:00+08:00,2019-01-30 13:45:00+08:00,32,,,,False,,online,20.0
online_v2,000852.SH,2019-01-31,UpTrend,DownTrend,2019-01-31 11:30:00+08:00,2019-01-31 13:05:00+08:00,24,,,,False,,online,12.0
online_v2,000852.SH,2019-01-31,DownTrend,Shock,2019-01-31 14:05:00+08:00,2019-01-31 14:10:00+08:00,37,,,,True,488,online,25.0
online_v2,000852.SH,2019-02-12,Shock,UpTrend,2019-02-12 11:10:00+08:00,2019-02-12 11:15:00+08:00,20,,,,False,,online,8.0
online_v2,000852.SH,2019-02-12,UpTrend,DownTrend,2019-02-12 13:40:00+08:00,2019-02-12 13:45:00+08:00,32,,,,True,489,online,20.0
online_v2,000852.SH,2019-02-13,Shock,UpTrend,2019-02-13 11:25:00+08:00,2019-02-13 11:30:00+08:00,23,,,,False,,online,11.0
online_v2,000852.SH,2019-02-19,Shock,UpTrend,2019-02-19 11:10:00+08:00,2019-02-19 11:15:00+08:00,20,,,,False,,online,8.0
online_v2,000852.SH,2019-02-19,UpTrend,Shock,2019-02-19 11:30:00+08:00,2019-02-19 13:05:00+08:00,24,,,,True,490,online,12.0
online_v2,000852.SH,2019-02-20,Range,DownTrend,2019-02-20 13:05:00+08:00,2019-02-20 13:10:00+08:00,25,,,,True,491,online,13.0
online_v2,000852.SH,2019-02-20,DownTrend,UpTrend,2019-02-20 14:05:00+08:00,2019-02-20 14:10:00+08:00,37,,,,True,492,online,25.0
online_v2,000852.SH,2019-02-21,Shock,UpTrend,2019-02-21 11:20:00+08:00,2019-02-21 11:25:00+08:00,22,,,,False,,online,10.0
online_v2,000852.SH,2019-02-21,UpTrend,Shock,2019-02-21 13:50:00+08:00,2019-02-21 13:55:00+08:00,34,,,,True,493,online,22.0
online_v2,000852.SH,2019-02-22,Shock,UpTrend,2019-02-22 11:30:00+08:00,2019-02-22 13:05:00+08:00,24,,,,False,,online,12.0
online_v2,000852.SH,2019-02-25,Shock,UpTrend,2019-02-25 11:15:00+08:00,2019-02-25 11:20:00+08:00,21,,,,True,494,online,9.0
online_v2,000852.SH,2019-02-25,UpTrend,Shock,2019-02-25 13:05:00+08:00,2019-02-25 13:10:00+08:00,25,,,,True,495,online,13.0
online_v2,000852.SH,2019-02-27,Shock,UpTrend,2019-02-27 11:10:00+08:00,2019-02-27 11:15:00+08:00,20,,,,False,,online,8.0
online_v2,000852.SH,2019-02-27,UpTrend,Shock,2019-02-27 13:55:00+08:00,2019-02-27 14:00:00+08:00,35,,,,True,496,online,23.0
online_v2,000852.SH,2019-03-04,UpTrend,Shock,2019-03-04 14:05:00+08:00,2019-03-04 14:10:00+08:00,37,,,,True,497,online,25.0
online_v2,000852.SH,2019-03-05,Range,UpTrend,2019-03-05 14:10:00+08:00,2019-03-05 14:15:00+08:00,38,,,,True,498,online,26.0
online_v2,000852.SH,2019-03-06,Shock,UpTrend,2019-03-06 11:05:00+08:00,2019-03-06 11:10:00+08:00,19,,,,False,,online,7.0
online_v2,000852.SH,2019-03-06,UpTrend,Shock,2019-03-06 14:05:00+08:00,2019-03-06 14:10:00+08:00,37,,,,True,499,online,25.0
online_v2,000852.SH,2019-03-07,Shock,UpTrend,2019-03-07 14:05:00+08:00,2019-03-07 14:10:00+08:00,37,,,,True,500,online,25.0
online_v2,000852.SH,2019-03-08,Shock,DownTrend,2019-03-08 13:10:00+08:00,2019-03-08 13:15:00+08:00,26,,,,True,501,online,14.0
online_v2,000852.SH,2019-03-08,DownTrend,Shock,2019-03-08 14:00:00+08:00,2019-03-08 14:05:00+08:00,36,,,,True,502,online,24.0
online_v2,000852.SH,2019-03-11,Shock,UpTrend,2019-03-11 11:15:00+08:00,2019-03-11 11:20:00+08:00,21,,,,False,,online,9.0
online_v2,000852.SH,2019-03-13,Shock,Range,2019-03-13 10:45:00+08:00,2019-03-13 10:50:00+08:00,15,,,,False,,online,3.0
online_v2,000852.SH,2019-03-13,Range,DownTrend,2019-03-13 13:50:00+08:00,2019-03-13 13:55:00+08:00,34,,,,False,,online,22.0
online_v2,000852.SH,2019-03-13,DownTrend,Shock,2019-03-13 14:25:00+08:00,2019-03-13 14:30:00+08:00,41,,,,True,503,online,29.0
online_v2,000852.SH,2019-03-14,Shock,Range,2019-03-14 13:05:00+08:00,2019-03-14 13:10:00+08:00,25,,,,False,,online,13.0
online_v2,000852.SH,2019-03-20,Range,DownTrend,2019-03-20 11:30:00+08:00,2019-03-20 13:05:00+08:00,24,,,,True,504,online,12.0
online_v2,000852.SH,2019-03-20,DownTrend,Range,2019-03-20 13:45:00+08:00,2019-03-20 13:50:00+08:00,33,,,,True,505,online,21.0
online_v2,000852.SH,2019-03-21,UpTrend,Range,2019-03-21 14:00:00+08:00,2019-03-21 14:05:00+08:00,36,,,,True,506,online,24.0
online_v2,000852.SH,2019-03-22,Range,UpTrend,2019-03-22 13:45:00+08:00,2019-03-22 13:50:00+08:00,33,,,,True,507,online,21.0
online_v2,000852.SH,2019-03-25,UpTrend,Range,2019-03-25 13:10:00+08:00,2019-03-25 13:15:00+08:00,26,,,,False,,online,14.0
online_v2,000852.SH,2019-03-26,DownTrend,Range,2019-03-26 14:10:00+08:00,2019-03-26 14:15:00+08:00,38,,,,True,508,online,26.0
online_v2,000852.SH,2019-03-28,Range,DownTrend,2019-03-28 13:25:00+08:00,2019-03-28 13:30:00+08:00,29,,,,True,509,online,17.0
online_v2,000852.SH,2019-03-29,Range,UpTrend,2019-03-29 11:00:00+08:00,2019-03-29 11:05:00+08:00,18,,,,False,,online,6.0
online_v2,000852.SH,2019-03-29,UpTrend,Range,2019-03-29 14:05:00+08:00,2019-03-29 14:10:00+08:00,37,,,,True,510,online,25.0
online_v2,000852.SH,2019-04-04,Range,UpTrend,2019-04-04 13:30:00+08:00,2019-04-04 13:35:00+08:00,30,,,,False,,online,18.0
online_v2,000852.SH,2019-04-08,DownTrend,Shock,2019-04-08 13:25:00+08:00,2019-04-08 13:30:00+08:00,29,,,,True,511,online,17.0
online_v2,000852.SH,2019-04-08,Shock,UpTrend,2019-04-08 14:20:00+08:00,2019-04-08 14:25:00+08:00,40,,,,True,512,online,28.0
online_v2,000852.SH,2019-04-09,UpTrend,DownTrend,2019-04-09 14:05:00+08:00,2019-04-09 14:10:00+08:00,37,,,,True,513,online,25.0
online_v2,000852.SH,2019-04-12,Range,DownTrend,2019-04-12 14:10:00+08:00,2019-04-12 14:15:00+08:00,38,,,,True,514,online,26.0
online_v2,000852.SH,2019-04-16,Range,UpTrend,2019-04-16 13:30:00+08:00,2019-04-16 13:35:00+08:00,30,,,,True,515,online,18.0
online_v2,000852.SH,2019-04-17,Range,UpTrend,2019-04-17 13:35:00+08:00,2019-04-17 13:40:00+08:00,31,,,,False,,online,19.0
online_v2,000852.SH,2019-04-22,DownTrend,Range,2019-04-22 14:00:00+08:00,2019-04-22 14:05:00+08:00,36,,,,True,516,online,24.0
online_v2,000852.SH,2019-04-23,Shock,UpTrend,2019-04-23 13:45:00+08:00,2019-04-23 13:50:00+08:00,33,,,,True,517,online,21.0
online_v2,000852.SH,2019-04-24,Shock,UpTrend,2019-04-24 13:40:00+08:00,2019-04-24 13:45:00+08:00,32,,,,True,518,online,20.0
online_v2,000852.SH,2019-04-25,Range,Shock,2019-04-25 14:10:00+08:00,2019-04-25 14:15:00+08:00,38,,,,False,,online,26.0
online_v2,000852.SH,2019-04-26,Shock,UpTrend,2019-04-26 13:30:00+08:00,2019-04-26 13:35:00+08:00,30,,,,False,,online,18.0
online_v2,000852.SH,2019-04-30,Shock,DownTrend,2019-04-30 14:05:00+08:00,2019-04-30 14:10:00+08:00,37,,,,False,,online,25.0
online_v2,000852.SH,2019-05-06,Shock,DownTrend,2019-05-06 13:35:00+08:00,2019-05-06 13:40:00+08:00,31,,,,True,519,online,19.0
online_v2,000852.SH,2019-05-06,DownTrend,Shock,2019-05-06 13:55:00+08:00,2019-05-06 14:00:00+08:00,35,,,,True,520,online,23.0
online_v2,000852.SH,2019-05-07,DownTrend,Shock,2019-05-07 13:45:00+08:00,2019-05-07 13:50:00+08:00,33,,,,True,521,online,21.0
online_v2,000852.SH,2019-05-08,Shock,Range,2019-05-08 14:10:00+08:00,2019-05-08 14:15:00+08:00,38,,,,False,,online,26.0
online_v2,000852.SH,2019-05-09,UpTrend,DownTrend,2019-05-09 14:20:00+08:00,2019-05-09 14:25:00+08:00,40,,,,True,522,online,28.0
online_v2,000852.SH,2019-05-10,DownTrend,Shock,2019-05-10 13:05:00+08:00,2019-05-10 13:10:00+08:00,25,,,,True,523,online,13.0
online_v2,000852.SH,2019-05-10,Shock,UpTrend,2019-05-10 14:10:00+08:00,2019-05-10 14:15:00+08:00,38,,,,True,524,online,26.0
online_v2,000852.SH,2019-05-13,Range,DownTrend,2019-05-13 14:15:00+08:00,2019-05-13 14:20:00+08:00,39,,,,True,525,online,27.0
online_v2,000852.SH,2019-05-15,Range,UpTrend,2019-05-15 11:30:00+08:00,2019-05-15 13:05:00+08:00,24,,,,False,,online,12.0
online_v2,000852.SH,2019-05-20,Shock,Range,2019-05-20 13:35:00+08:00,2019-05-20 13:40:00+08:00,31,,,,False,,online,19.0
online_v2,000852.SH,2019-05-22,Range,DownTrend,2019-05-22 13:40:00+08:00,2019-05-22 13:45:00+08:00,32,,,,True,526,online,20.0
online_v2,000852.SH,2019-05-24,Range,DownTrend,2019-05-24 13:20:00+08:00,2019-05-24 13:25:00+08:00,28,,,,False,,online,16.0
online_v2,000852.SH,2019-05-24,DownTrend,Range,2019-05-24 14:05:00+08:00,2019-05-24 14:10:00+08:00,37,,,,True,527,online,25.0
online_v2,000852.SH,2019-05-27,UpTrend,Shock,2019-05-27 13:30:00+08:00,2019-05-27 13:35:00+08:00,30,,,,True,528,online,18.0
online_v2,000852.SH,2019-05-28,Range,DownTrend,2019-05-28 14:05:00+08:00,2019-05-28 14:10:00+08:00,37,,,,False,,online,25.0
online_v2,000852.SH,2019-06-03,Shock,DownTrend,2019-06-03 10:45:00+08:00,2019-06-03 10:50:00+08:00,15,,,,False,,online,3.0
online_v2,000852.SH,2019-06-03,DownTrend,Range,2019-06-03 11:30:00+08:00,2019-06-03 13:05:00+08:00,24,,,,True,529,online,12.0
online_v2,000852.SH,2019-06-03,Range,UpTrend,2019-06-03 14:00:00+08:00,2019-06-03 14:05:00+08:00,36,,,,True,530,online,24.0
online_v2,000852.SH,2019-06-05,UpTrend,Range,2019-06-05 14:00:00+08:00,2019-06-05 14:05:00+08:00,36,,,,True,531,online,24.0
online_v2,000852.SH,2019-06-10,Shock,DownTrend,2019-06-10 14:15:00+08:00,2019-06-10 14:20:00+08:00,39,,,,False,,online,27.0
online_v2,000852.SH,2019-06-13,Shock,UpTrend,2019-06-13 13:40:00+08:00,2019-06-13 13:45:00+08:00,32,,,,True,532,online,20.0
online_v2,000852.SH,2019-06-17,DownTrend,Range,2019-06-17 11:25:00+08:00,2019-06-17 11:30:00+08:00,23,,,,False,,online,11.0
online_v2,000852.SH,2019-06-17,Range,UpTrend,2019-06-17 14:00:00+08:00,2019-06-17 14:05:00+08:00,36,,,,True,533,online,24.0
online_v2,000852.SH,2019-06-19,Range,UpTrend,2019-06-19 13:20:00+08:00,2019-06-19 13:25:00+08:00,28,,,,True,534,online,16.0
online_v2,000852.SH,2019-06-19,UpTrend,DownTrend,2019-06-19 14:15:00+08:00,2019-06-19 14:20:00+08:00,39,,,,True,535,online,27.0
online_v2,000852.SH,2019-06-21,UpTrend,DownTrend,2019-06-21 13:35:00+08:00,2019-06-21 13:40:00+08:00,31,,,,True,536,online,19.0
online_v2,000852.SH,2019-06-24,DownTrend,Range,2019-06-24 14:05:00+08:00,2019-06-24 14:10:00+08:00,37,,,,True,537,online,25.0
online_v2,000852.SH,2019-06-25,DownTrend,Range,2019-06-25 14:25:00+08:00,2019-06-25 14:30:00+08:00,41,,,,True,538,online,29.0
online_v2,000852.SH,2019-06-26,UpTrend,DownTrend,2019-06-26 13:05:00+08:00,2019-06-26 13:10:00+08:00,25,,,,False,,online,13.0
online_v2,000852.SH,2019-06-27,Range,UpTrend,2019-06-27 13:20:00+08:00,2019-06-27 13:25:00+08:00,28,,,,False,,online,16.0
online_v2,000852.SH,2019-06-28,DownTrend,Shock,2019-06-28 11:00:00+08:00,2019-06-28 11:05:00+08:00,18,,,,False,,online,6.0
online_v2,000852.SH,2019-06-28,Shock,Range,2019-06-28 14:05:00+08:00,2019-06-28 14:10:00+08:00,37,,,,True,539,online,25.0
online_v2,000852.SH,2019-07-01,UpTrend,DownTrend,2019-07-01 13:35:00+08:00,2019-07-01 13:40:00+08:00,31,,,,True,540,online,19.0
online_v2,000852.SH,2019-07-01,DownTrend,UpTrend,2019-07-01 14:05:00+08:00,2019-07-01 14:10:00+08:00,37,,,,True,541,online,25.0
online_v2,000852.SH,2019-07-02,Range,DownTrend,2019-07-02 13:20:00+08:00,2019-07-02 13:25:00+08:00,28,,,,True,542,online,16.0
online_v2,000852.SH,2019-07-05,Range,UpTrend,2019-07-05 13:30:00+08:00,2019-07-05 13:35:00+08:00,30,,,,True,543,online,18.0
online_v2,000852.SH,2019-07-08,Shock,DownTrend,2019-07-08 13:50:00+08:00,2019-07-08 13:55:00+08:00,34,,,,True,544,online,22.0
online_v2,000852.SH,2019-07-09,Range,UpTrend,2019-07-09 14:15:00+08:00,2019-07-09 14:20:00+08:00,39,,,,True,545,online,27.0
online_v2,000852.SH,2019-07-12,Shock,Range,2019-07-12 13:45:00+08:00,2019-07-12 13:50:00+08:00,33,,,,False,,online,21.0
online_v2,000852.SH,2019-07-15,Shock,UpTrend,2019-07-15 13:30:00+08:00,2019-07-15 13:35:00+08:00,30,,,,False,,online,18.0
online_v2,000852.SH,2019-07-17,Range,UpTrend,2019-07-17 13:20:00+08:00,2019-07-17 13:25:00+08:00,28,,,,True,546,online,16.0
online_v2,000852.SH,2019-07-17,UpTrend,DownTrend,2019-07-17 14:20:00+08:00,2019-07-17 14:25:00+08:00,40,,,,True,547,online,28.0
online_v2,000852.SH,2019-07-22,Shock,DownTrend,2019-07-22 11:05:00+08:00,2019-07-22 11:10:00+08:00,19,,,,False,,online,7.0
online_v2,000852.SH,2019-07-22,DownTrend,UpTrend,2019-07-22 13:35:00+08:00,2019-07-22 13:40:00+08:00,31,,,,True,548,online,19.0
online_v2,000852.SH,2019-07-22,UpTrend,DownTrend,2019-07-22 13:55:00+08:00,2019-07-22 14:00:00+08:00,35,,,,True,549,online,23.0
online_v2,000852.SH,2019-07-23,Shock,UpTrend,2019-07-23 14:00:00+08:00,2019-07-23 14:05:00+08:00,36,,,,False,,online,24.0
online_v2,000852.SH,2019-07-24,UpTrend,DownTrend,2019-07-24 13:35:00+08:00,2019-07-24 13:40:00+08:00,31,,,,True,550,online,19.0
online_v2,000852.SH,2019-07-26,DownTrend,UpTrend,2019-07-26 13:45:00+08:00,2019-07-26 13:50:00+08:00,33,,,,True,551,online,21.0
online_v2,000852.SH,2019-07-29,DownTrend,UpTrend,2019-07-29 14:25:00+08:00,2019-07-29 14:30:00+08:00,41,,,,True,552,online,29.0
online_v2,000852.SH,2019-07-30,UpTrend,DownTrend,2019-07-30 13:55:00+08:00,2019-07-30 14:00:00+08:00,35,,,,True,553,online,23.0
online_v2,000852.SH,2019-08-01,Range,DownTrend,2019-08-01 13:55:00+08:00,2019-08-01 14:00:00+08:00,35,,,,True,554,online,23.0
online_v2,000852.SH,2019-08-02,Shock,UpTrend,2019-08-02 14:05:00+08:00,2019-08-02 14:10:00+08:00,37,,,,True,555,online,25.0
online_v2,000852.SH,2019-08-05,Shock,DownTrend,2019-08-05 11:15:00+08:00,2019-08-05 11:20:00+08:00,21,,,,False,,online,9.0
online_v2,000852.SH,2019-08-07,Shock,DownTrend,2019-08-07 11:00:00+08:00,2019-08-07 11:05:00+08:00,18,,,,False,,online,6.0
online_v2,000852.SH,2019-08-07,DownTrend,UpTrend,2019-08-07 13:25:00+08:00,2019-08-07 13:30:00+08:00,29,,,,True,556,online,17.0
online_v2,000852.SH,2019-08-08,Shock,UpTrend,2019-08-08 13:20:00+08:00,2019-08-08 13:25:00+08:00,28,,,,False,,online,16.0
online_v2,000852.SH,2019-08-09,DownTrend,Shock,2019-08-09 11:15:00+08:00,2019-08-09 11:20:00+08:00,21,,,,True,557,online,9.0
online_v2,000852.SH,2019-08-09,Shock,Range,2019-08-09 13:30:00+08:00,2019-08-09 13:35:00+08:00,30,,,,True,558,online,18.0
online_v2,000852.SH,2019-08-12,UpTrend,DownTrend,2019-08-12 13:05:00+08:00,2019-08-12 13:10:00+08:00,25,,,,False,,online,13.0
online_v2,000852.SH,2019-08-12,DownTrend,UpTrend,2019-08-12 13:50:00+08:00,2019-08-12 13:55:00+08:00,34,,,,True,559,online,22.0
online_v2,000852.SH,2019-08-15,UpTrend,Shock,2019-08-15 14:15:00+08:00,2019-08-15 14:20:00+08:00,39,,,,True,560,online,27.0
online_v2,000852.SH,2019-08-16,UpTrend,Range,2019-08-16 14:10:00+08:00,2019-08-16 14:15:00+08:00,38,,,,True,561,online,26.0
online_v2,000852.SH,2019-08-20,UpTrend,DownTrend,2019-08-20 13:45:00+08:00,2019-08-20 13:50:00+08:00,33,,,,True,562,online,21.0
online_v2,000852.SH,2019-08-22,DownTrend,UpTrend,2019-08-22 14:20:00+08:00,2019-08-22 14:25:00+08:00,40,,,,True,563,online,28.0
online_v2,000852.SH,2019-08-26,Shock,UpTrend,2019-08-26 11:15:00+08:00,2019-08-26 11:20:00+08:00,21,,,,False,,online,9.0
online_v2,000852.SH,2019-08-26,UpTrend,Range,2019-08-26 13:45:00+08:00,2019-08-26 13:50:00+08:00,33,,,,True,564,online,21.0
online_v2,000852.SH,2019-08-27,Shock,UpTrend,2019-08-27 10:55:00+08:00,2019-08-27 11:00:00+08:00,17,,,,False,,online,5.0
online_v2,000852.SH,2019-08-27,UpTrend,Range,2019-08-27 11:30:00+08:00,2019-08-27 13:05:00+08:00,24,,,,True,565,online,12.0
online_v2,000852.SH,2019-08-27,Range,DownTrend,2019-08-27 14:00:00+08:00,2019-08-27 14:05:00+08:00,36,,,,True,566,online,24.0
online_v2,000852.SH,2019-08-30,DownTrend,Shock,2019-08-30 14:05:00+08:00,2019-08-30 14:10:00+08:00,37,,,,True,567,online,25.0
online_v2,000852.SH,2019-09-02,Shock,UpTrend,2019-09-02 10:50:00+08:00,2019-09-02 10:55:00+08:00,16,,,,False,,online,4.0
online_v2,000852.SH,2019-09-03,UpTrend,Range,2019-09-03 14:10:00+08:00,2019-09-03 14:15:00+08:00,38,,,,True,568,online,26.0
online_v2,000852.SH,2019-09-05,Shock,UpTrend,2019-09-05 13:10:00+08:00,2019-09-05 13:15:00+08:00,26,,,,False,,online,14.0
online_v2,000852.SH,2019-09-05,UpTrend,DownTrend,2019-09-05 14:15:00+08:00,2019-09-05 14:20:00+08:00,39,,,,True,569,online,27.0
online_v2,000852.SH,2019-09-09,Range,UpTrend,2019-09-09 13:05:00+08:00,2019-09-09 13:10:00+08:00,25,,,,False,,online,13.0
online_v2,000852.SH,2019-09-10,Shock,UpTrend,2019-09-10 13:25:00+08:00,2019-09-10 13:30:00+08:00,29,,,,True,570,online,17.0
online_v2,000852.SH,2019-09-11,Shock,DownTrend,2019-09-11 13:45:00+08:00,2019-09-11 13:50:00+08:00,33,,,,False,,online,21.0
online_v2,000852.SH,2019-09-17,Shock,DownTrend,2019-09-17 13:10:00+08:00,2019-09-17 13:15:00+08:00,26,,,,True,571,online,14.0
online_v2,000852.SH,2019-09-17,DownTrend,Shock,2019-09-17 13:30:00+08:00,2019-09-17 13:35:00+08:00,30,,,,True,572,online,18.0
online_v2,000852.SH,2019-09-19,UpTrend,DownTrend,2019-09-19 13:35:00+08:00,2019-09-19 13:40:00+08:00,31,,,,True,573,online,19.0
online_v2,000852.SH,2019-09-19,DownTrend,UpTrend,2019-09-19 14:05:00+08:00,2019-09-19 14:10:00+08:00,37,,,,True,574,online,25.0
online_v2,000852.SH,2019-09-20,Range,DownTrend,2019-09-20 11:10:00+08:00,2019-09-20 11:15:00+08:00,20,,,,False,,online,8.0
online_v2,000852.SH,2019-09-20,DownTrend,UpTrend,2019-09-20 13:40:00+08:00,2019-09-20 13:45:00+08:00,32,,,,True,575,online,20.0
online_v2,000852.SH,2019-09-23,Range,DownTrend,2019-09-23 13:15:00+08:00,2019-09-23 13:20:00+08:00,27,,,,True,576,online,15.0
online_v2,000852.SH,2019-09-24,UpTrend,DownTrend,2019-09-24 14:20:00+08:00,2019-09-24 14:25:00+08:00,40,,,,True,577,online,28.0
online_v2,000852.SH,2019-09-25,Shock,Range,2019-09-25 11:30:00+08:00,2019-09-25 13:05:00+08:00,24,,,,True,578,online,12.0
online_v2,000852.SH,2019-09-25,Range,DownTrend,2019-09-25 13:50:00+08:00,2019-09-25 13:55:00+08:00,34,,,,True,579,online,22.0
online_v2,000852.SH,2019-09-27,UpTrend,Range,2019-09-27 11:30:00+08:00,2019-09-27 13:05:00+08:00,24,,,,False,,online,12.0
online_v2,000852.SH,2019-09-30,Shock,DownTrend,2019-09-30 11:25:00+08:00,2019-09-30 11:30:00+08:00,23,,,,False,,online,11.0
online_v2,000852.SH,2019-09-30,DownTrend,UpTrend,2019-09-30 13:25:00+08:00,2019-09-30 13:30:00+08:00,29,,,,True,580,online,17.0
online_v2,000852.SH,2019-10-08,Range,DownTrend,2019-10-08 13:40:00+08:00,2019-10-08 13:45:00+08:00,32,,,,True,581,online,20.0
online_v2,000852.SH,2019-10-18,Range,DownTrend,2019-10-18 11:30:00+08:00,2019-10-18 13:05:00+08:00,24,,,,False,,online,12.0
online_v2,000852.SH,2019-10-18,DownTrend,Shock,2019-10-18 13:35:00+08:00,2019-10-18 13:40:00+08:00,31,,,,True,582,online,19.0
online_v2,000852.SH,2019-10-22,DownTrend,UpTrend,2019-10-22 14:10:00+08:00,2019-10-22 14:15:00+08:00,38,,,,True,583,online,26.0
online_v2,000852.SH,2019-10-23,Range,DownTrend,2019-10-23 14:20:00+08:00,2019-10-23 14:25:00+08:00,40,,,,True,584,online,28.0
online_v2,000852.SH,2019-10-24,DownTrend,Range,2019-10-24 14:00:00+08:00,2019-10-24 14:05:00+08:00,36,,,,True,585,online,24.0
online_v2,000852.SH,2019-10-24,Range,Shock,2019-10-24 14:25:00+08:00,2019-10-24 14:30:00+08:00,41,,,,True,586,online,29.0
online_v2,000852.SH,2019-10-25,Shock,UpTrend,2019-10-25 13:25:00+08:00,2019-10-25 13:30:00+08:00,29,,,,True,587,online,17.0
online_v2,000852.SH,2019-10-30,Shock,DownTrend,2019-10-30 11:20:00+08:00,2019-10-30 11:25:00+08:00,22,,,,False,,online,10.0
online_v2,000852.SH,2019-10-31,Shock,DownTrend,2019-10-31 13:30:00+08:00,2019-10-31 13:35:00+08:00,30,,,,False,,online,18.0
online_v2,000852.SH,2019-11-04,UpTrend,DownTrend,2019-11-04 13:50:00+08:00,2019-11-04 13:55:00+08:00,34,,,,False,,online,22.0
online_v2,000852.SH,2019-11-05,Shock,UpTrend,2019-11-05 13:10:00+08:00,2019-11-05 13:15:00+08:00,26,,,,True,588,online,14.0
online_v2,000852.SH,2019-11-05,UpTrend,Range,2019-11-05 14:10:00+08:00,2019-11-05 14:15:00+08:00,38,,,,True,589,online,26.0
online_v2,000852.SH,2019-11-07,UpTrend,DownTrend,2019-11-07 11:25:00+08:00,2019-11-07 11:30:00+08:00,23,,,,False,,online,11.0
online_v2,000852.SH,2019-11-07,DownTrend,Range,2019-11-07 13:50:00+08:00,2019-11-07 13:55:00+08:00,34,,,,True,590,online,22.0
online_v2,000852.SH,2019-11-11,Shock,DownTrend,2019-11-11 11:20:00+08:00,2019-11-11 11:25:00+08:00,22,,,,False,,online,10.0
online_v2,000852.SH,2019-11-12,Shock,UpTrend,2019-11-12 13:25:00+08:00,2019-11-12 13:30:00+08:00,29,,,,False,,online,17.0
online_v2,000852.SH,2019-11-12,UpTrend,Shock,2019-11-12 13:40:00+08:00,2019-11-12 13:45:00+08:00,32,,,,True,591,online,20.0
online_v2,000852.SH,2019-11-13,Range,UpTrend,2019-11-13 13:15:00+08:00,2019-11-13 13:20:00+08:00,27,,,,False,,online,15.0
online_v2,000852.SH,2019-11-13,UpTrend,DownTrend,2019-11-13 13:40:00+08:00,2019-11-13 13:45:00+08:00,32,,,,True,592,online,20.0
online_v2,000852.SH,2019-11-14,Range,UpTrend,2019-11-14 13:25:00+08:00,2019-11-14 13:30:00+08:00,29,,,,False,,online,17.0
online_v2,000852.SH,2019-11-15,UpTrend,DownTrend,2019-11-15 14:00:00+08:00,2019-11-15 14:05:00+08:00,36,,,,False,,online,24.0
online_v2,000852.SH,2019-11-18,Shock,UpTrend,2019-11-18 11:30:00+08:00,2019-11-18 13:05:00+08:00,24,,,,False,,online,12.0
online_v2,000852.SH,2019-11-18,UpTrend,Range,2019-11-18 14:10:00+08:00,2019-11-18 14:15:00+08:00,38,,,,True,593,online,26.0
online_v2,000852.SH,2019-11-21,UpTrend,DownTrend,2019-11-21 11:25:00+08:00,2019-11-21 11:30:00+08:00,23,,,,False,,online,11.0
online_v2,000852.SH,2019-11-21,DownTrend,Range,2019-11-21 14:00:00+08:00,2019-11-21 14:05:00+08:00,36,,,,True,594,online,24.0
online_v2,000852.SH,2019-11-22,DownTrend,Shock,2019-11-22 11:05:00+08:00,2019-11-22 11:10:00+08:00,19,,,,False,,online,7.0
online_v2,000852.SH,2019-11-22,Shock,Range,2019-11-22 13:55:00+08:00,2019-11-22 14:00:00+08:00,35,,,,True,595,online,23.0
online_v2,000852.SH,2019-11-25,Shock,DownTrend,2019-11-25 11:30:00+08:00,2019-11-25 13:05:00+08:00,24,,,,False,,online,12.0
online_v2,000852.SH,2019-11-25,DownTrend,UpTrend,2019-11-25 13:55:00+08:00,2019-11-25 14:00:00+08:00,35,,,,True,596,online,23.0
online_v2,000852.SH,2019-11-26,DownTrend,Range,2019-11-26 13:35:00+08:00,2019-11-26 13:40:00+08:00,31,,,,False,,online,19.0
online_v2,000852.SH,2019-11-27,UpTrend,DownTrend,2019-11-27 14:10:00+08:00,2019-11-27 14:15:00+08:00,38,,,,False,,online,26.0
online_v2,000852.SH,2019-11-28,Range,DownTrend,2019-11-28 13:10:00+08:00,2019-11-28 13:15:00+08:00,26,,,,True,597,online,14.0
online_v2,000852.SH,2019-11-29,DownTrend,Range,2019-11-29 14:00:00+08:00,2019-11-29 14:05:00+08:00,36,,,,True,598,online,24.0
online_v2,000852.SH,2019-12-02,UpTrend,DownTrend,2019-12-02 13:15:00+08:00,2019-12-02 13:20:00+08:00,27,,,,False,,online,15.0
online_v2,000852.SH,2019-12-04,Shock,DownTrend,2019-12-04 11:20:00+08:00,2019-12-04 11:25:00+08:00,22,,,,False,,online,10.0
online_v2,000852.SH,2019-12-04,DownTrend,Range,2019-12-04 13:20:00+08:00,2019-12-04 13:25:00+08:00,28,,,,True,599,online,16.0
online_v2,000852.SH,2019-12-06,DownTrend,UpTrend,2019-12-06 13:15:00+08:00,2019-12-06 13:20:00+08:00,27,,,,True,600,online,15.0
online_v2,000852.SH,2019-12-06,UpTrend,Range,2019-12-06 13:55:00+08:00,2019-12-06 14:00:00+08:00,35,,,,True,601,online,23.0
online_v2,000852.SH,2019-12-11,DownTrend,UpTrend,2019-12-11 13:35:00+08:00,2019-12-11 13:40:00+08:00,31,,,,False,,online,19.0
online_v2,000852.SH,2019-12-11,UpTrend,Range,2019-12-11 14:10:00+08:00,2019-12-11 14:15:00+08:00,38,,,,True,602,online,26.0
online_v2,000852.SH,2019-12-13,Shock,UpTrend,2019-12-13 14:15:00+08:00,2019-12-13 14:20:00+08:00,39,,,,False,,online,27.0
online_v2,000852.SH,2019-12-17,UpTrend,Shock,2019-12-17 13:15:00+08:00,2019-12-17 13:20:00+08:00,27,,,,True,603,online,15.0
online_v2,000852.SH,2019-12-18,DownTrend,UpTrend,2019-12-18 13:30:00+08:00,2019-12-18 13:35:00+08:00,30,,,,True,604,online,18.0
online_v2,000852.SH,2019-12-18,UpTrend,Shock,2019-12-18 14:05:00+08:00,2019-12-18 14:10:00+08:00,37,,,,True,605,online,25.0
online_v2,000852.SH,2019-12-20,Shock,UpTrend,2019-12-20 11:30:00+08:00,2019-12-20 13:05:00+08:00,24,,,,True,606,online,12.0
online_v2,000852.SH,2019-12-20,UpTrend,DownTrend,2019-12-20 14:05:00+08:00,2019-12-20 14:10:00+08:00,37,,,,True,607,online,25.0
online_v2,000852.SH,2019-12-23,Shock,DownTrend,2019-12-23 14:20:00+08:00,2019-12-23 14:25:00+08:00,40,,,,True,608,online,28.0
online_v2,000852.SH,2019-12-24,Shock,UpTrend,2019-12-24 13:15:00+08:00,2019-12-24 13:20:00+08:00,27,,,,False,,online,15.0
online_v2,000852.SH,2019-12-25,UpTrend,Shock,2019-12-25 14:25:00+08:00,2019-12-25 14:30:00+08:00,41,,,,True,609,online,29.0
online_v2,000852.SH,2019-12-27,UpTrend,Shock,2019-12-27 13:35:00+08:00,2019-12-27 13:40:00+08:00,31,,,,True,610,online,19.0
online_v2,000852.SH,2019-12-30,Shock,UpTrend,2019-12-30 13:15:00+08:00,2019-12-30 13:20:00+08:00,27,,,,True,611,online,15.0
online_v2,000852.SH,2019-12-31,Range,UpTrend,2019-12-31 13:40:00+08:00,2019-12-31 13:45:00+08:00,32,,,,False,,online,20.0
online_v2,000852.SH,2020-01-03,Range,UpTrend,2020-01-03 14:10:00+08:00,2020-01-03 14:15:00+08:00,38,,,,True,612,online,26.0
online_v2,000852.SH,2020-01-06,UpTrend,Shock,2020-01-06 13:35:00+08:00,2020-01-06 13:40:00+08:00,31,,,,True,613,online,19.0
online_v2,000852.SH,2020-01-07,Range,UpTrend,2020-01-07 13:15:00+08:00,2020-01-07 13:20:00+08:00,27,,,,False,,online,15.0
online_v2,000852.SH,2020-01-08,Shock,DownTrend,2020-01-08 13:25:00+08:00,2020-01-08 13:30:00+08:00,29,,,,False,,online,17.0
online_v2,000852.SH,2020-01-08,DownTrend,Shock,2020-01-08 13:40:00+08:00,2020-01-08 13:45:00+08:00,32,,,,True,614,online,20.0
online_v2,000852.SH,2020-01-09,DownTrend,UpTrend,2020-01-09 13:50:00+08:00,2020-01-09 13:55:00+08:00,34,,,,True,615,online,22.0
online_v2,000852.SH,2020-01-10,Range,UpTrend,2020-01-10 14:25:00+08:00,2020-01-10 14:30:00+08:00,41,,,,True,616,online,29.0
online_v2,000852.SH,2020-01-13,Shock,UpTrend,2020-01-13 11:05:00+08:00,2020-01-13 11:10:00+08:00,19,,,,False,,online,7.0
online_v2,000852.SH,2020-01-13,UpTrend,Range,2020-01-13 14:05:00+08:00,2020-01-13 14:10:00+08:00,37,,,,True,617,online,25.0
online_v2,000852.SH,2020-01-15,Shock,UpTrend,2020-01-15 14:15:00+08:00,2020-01-15 14:20:00+08:00,39,,,,False,,online,27.0
online_v2,000852.SH,2020-01-16,Range,UpTrend,2020-01-16 13:35:00+08:00,2020-01-16 13:40:00+08:00,31,,,,False,,online,19.0
online_v2,000852.SH,2020-01-16,UpTrend,DownTrend,2020-01-16 14:10:00+08:00,2020-01-16 14:15:00+08:00,38,,,,True,618,online,26.0
online_v2,000852.SH,2020-01-17,DownTrend,Range,2020-01-17 14:00:00+08:00,2020-01-17 14:05:00+08:00,36,,,,True,619,online,24.0
online_v2,000852.SH,2020-01-17,Range,UpTrend,2020-01-17 14:25:00+08:00,2020-01-17 14:30:00+08:00,41,,,,True,620,online,29.0
online_v2,000852.SH,2020-01-22,Shock,UpTrend,2020-01-22 11:10:00+08:00,2020-01-22 11:15:00+08:00,20,,,,False,,online,8.0
online_v2,000852.SH,2020-01-22,UpTrend,Shock,2020-01-22 11:25:00+08:00,2020-01-22 11:30:00+08:00,23,,,,False,,online,11.0
online_v2,000852.SH,2020-01-22,Shock,UpTrend,2020-01-22 13:25:00+08:00,2020-01-22 13:30:00+08:00,29,,,,True,621,online,17.0
online_v2,000852.SH,2020-01-22,UpTrend,Shock,2020-01-22 13:35:00+08:00,2020-01-22 13:40:00+08:00,31,,,,True,622,online,19.0
online_v2,000852.SH,2020-02-03,UpTrend,DownTrend,2020-02-03 11:05:00+08:00,2020-02-03 11:10:00+08:00,19,,,,False,,online,7.0
online_v2,000852.SH,2020-02-03,DownTrend,UpTrend,2020-02-03 13:20:00+08:00,2020-02-03 13:25:00+08:00,28,,,,True,623,online,16.0
online_v2,000852.SH,2020-02-03,UpTrend,DownTrend,2020-02-03 14:20:00+08:00,2020-02-03 14:25:00+08:00,40,,,,True,624,online,28.0
online_v2,000852.SH,2020-02-05,Shock,DownTrend,2020-02-05 13:35:00+08:00,2020-02-05 13:40:00+08:00,31,,,,True,625,online,19.0
online_v2,000852.SH,2020-02-07,Shock,UpTrend,2020-02-07 13:30:00+08:00,2020-02-07 13:35:00+08:00,30,,,,True,626,online,18.0
online_v2,000852.SH,2020-02-10,Shock,DownTrend,2020-02-10 11:25:00+08:00,2020-02-10 11:30:00+08:00,23,,,,False,,online,11.0
online_v2,000852.SH,2020-02-10,DownTrend,UpTrend,2020-02-10 14:00:00+08:00,2020-02-10 14:05:00+08:00,36,,,,True,627,online,24.0
online_v2,000852.SH,2020-02-11,Range,UpTrend,2020-02-11 13:30:00+08:00,2020-02-11 13:35:00+08:00,30,,,,True,628,online,18.0
online_v2,000852.SH,2020-02-13,UpTrend,DownTrend,2020-02-13 13:05:00+08:00,2020-02-13 13:10:00+08:00,25,,,,False,,online,13.0
online_v2,000852.SH,2020-02-14,UpTrend,Range,2020-02-14 11:30:00+08:00,2020-02-14 13:05:00+08:00,24,,,,False,,online,12.0
online_v2,000852.SH,2020-02-14,Range,DownTrend,2020-02-14 13:30:00+08:00,2020-02-14 13:35:00+08:00,30,,,,True,629,online,18.0
online_v2,000852.SH,2020-02-17,UpTrend,Range,2020-02-17 14:05:00+08:00,2020-02-17 14:10:00+08:00,37,,,,True,630,online,25.0
online_v2,000852.SH,2020-02-20,UpTrend,Range,2020-02-20 14:10:00+08:00,2020-02-20 14:15:00+08:00,38,,,,True,631,online,26.0
online_v2,000852.SH,2020-02-24,Shock,UpTrend,2020-02-24 11:25:00+08:00,2020-02-24 11:30:00+08:00,23,,,,True,632,online,11.0
online_v2,000852.SH,2020-02-25,Shock,UpTrend,2020-02-25 14:05:00+08:00,2020-02-25 14:10:00+08:00,37,,,,True,633,online,25.0
online_v2,000852.SH,2020-02-25,UpTrend,Shock,2020-02-25 14:15:00+08:00,2020-02-25 14:20:00+08:00,39,,,,True,634,online,27.0
online_v2,000852.SH,2020-02-26,Shock,UpTrend,2020-02-26 13:25:00+08:00,2020-02-26 13:30:00+08:00,29,,,,True,635,online,17.0
online_v2,000852.SH,2020-02-26,UpTrend,Shock,2020-02-26 14:25:00+08:00,2020-02-26 14:30:00+08:00,41,,,,True,636,online,29.0
online_v2,000852.SH,2020-02-27,Shock,UpTrend,2020-02-27 11:30:00+08:00,2020-02-27 13:05:00+08:00,24,,,,False,,online,12.0
online_v2,000852.SH,2020-02-28,Shock,DownTrend,2020-02-28 11:25:00+08:00,2020-02-28 11:30:00+08:00,23,,,,True,637,online,11.0
online_v2,000852.SH,2020-02-28,DownTrend,Shock,2020-02-28 13:35:00+08:00,2020-02-28 13:40:00+08:00,31,,,,True,638,online,19.0
online_v2,000852.SH,2020-03-03,UpTrend,DownTrend,2020-03-03 13:15:00+08:00,2020-03-03 13:20:00+08:00,27,,,,False,,online,15.0
online_v2,000852.SH,2020-03-04,Range,DownTrend,2020-03-04 13:05:00+08:00,2020-03-04 13:10:00+08:00,25,,,,False,,online,13.0
online_v2,000852.SH,2020-03-04,DownTrend,UpTrend,2020-03-04 14:25:00+08:00,2020-03-04 14:30:00+08:00,41,,,,True,639,online,29.0
online_v2,000852.SH,2020-03-10,Shock,Range,2020-03-10 14:05:00+08:00,2020-03-10 14:10:00+08:00,37,,,,True,640,online,25.0
online_v2,000852.SH,2020-03-11,DownTrend,Range,2020-03-11 13:25:00+08:00,2020-03-11 13:30:00+08:00,29,,,,False,,online,17.0
online_v2,000852.SH,2020-03-11,Range,DownTrend,2020-03-11 13:50:00+08:00,2020-03-11 13:55:00+08:00,34,,,,True,641,online,22.0
online_v2,000852.SH,2020-03-12,UpTrend,DownTrend,2020-03-12 13:15:00+08:00,2020-03-12 13:20:00+08:00,27,,,,True,642,online,15.0
online_v2,000852.SH,2020-03-16,Range,DownTrend,2020-03-16 13:10:00+08:00,2020-03-16 13:15:00+08:00,26,,,,True,643,online,14.0
online_v2,000852.SH,2020-03-16,DownTrend,Shock,2020-03-16 13:45:00+08:00,2020-03-16 13:50:00+08:00,33,,,,True,644,online,21.0
online_v2,000852.SH,2020-03-17,Shock,UpTrend,2020-03-17 13:05:00+08:00,2020-03-17 13:10:00+08:00,25,,,,False,,online,13.0
online_v2,000852.SH,2020-03-17,UpTrend,Range,2020-03-17 13:50:00+08:00,2020-03-17 13:55:00+08:00,34,,,,True,645,online,22.0
online_v2,000852.SH,2020-03-18,Range,UpTrend,2020-03-18 11:20:00+08:00,2020-03-18 11:25:00+08:00,22,,,,False,,online,10.0
online_v2,000852.SH,2020-03-18,UpTrend,DownTrend,2020-03-18 13:30:00+08:00,2020-03-18 13:35:00+08:00,30,,,,True,646,online,18.0
online_v2,000852.SH,2020-03-19,DownTrend,UpTrend,2020-03-19 13:40:00+08:00,2020-03-19 13:45:00+08:00,32,,,,False,,online,20.0
online_v2,000852.SH,2020-03-20,DownTrend,UpTrend,2020-03-20 14:10:00+08:00,2020-03-20 14:15:00+08:00,38,,,,True,647,online,26.0
online_v2,000852.SH,2020-03-23,Range,DownTrend,2020-03-23 14:00:00+08:00,2020-03-23 14:05:00+08:00,36,,,,False,,online,24.0
online_v2,000852.SH,2020-03-24,DownTrend,UpTrend,2020-03-24 14:25:00+08:00,2020-03-24 14:30:00+08:00,41,,,,True,648,online,29.0
online_v2,000852.SH,2020-03-26,UpTrend,DownTrend,2020-03-26 14:20:00+08:00,2020-03-26 14:25:00+08:00,40,,,,False,,online,28.0
online_v2,000852.SH,2020-03-27,UpTrend,DownTrend,2020-03-27 13:55:00+08:00,2020-03-27 14:00:00+08:00,35,,,,True,649,online,23.0
online_v2,000852.SH,2020-03-30,Range,UpTrend,2020-03-30 13:35:00+08:00,2020-03-30 13:40:00+08:00,31,,,,True,650,online,19.0
online_v2,000852.SH,2020-03-30,UpTrend,Range,2020-03-30 14:10:00+08:00,2020-03-30 14:15:00+08:00,38,,,,True,651,online,26.0
online_v2,000852.SH,2020-04-02,Range,UpTrend,2020-04-02 14:05:00+08:00,2020-04-02 14:10:00+08:00,37,,,,True,652,online,25.0
online_v2,000852.SH,2020-04-10,DownTrend,Shock,2020-04-10 13:40:00+08:00,2020-04-10 13:45:00+08:00,32,,,,False,,online,20.0
online_v2,000852.SH,2020-04-10,Shock,Range,2020-04-10 14:20:00+08:00,2020-04-10 14:25:00+08:00,40,,,,True,653,online,28.0
online_v2,000852.SH,2020-04-13,Range,DownTrend,2020-04-13 13:25:00+08:00,2020-04-13 13:30:00+08:00,29,,,,False,,online,17.0
online_v2,000852.SH,2020-04-13,DownTrend,Range,2020-04-13 14:05:00+08:00,2020-04-13 14:10:00+08:00,37,,,,True,654,online,25.0
online_v2,000852.SH,2020-04-14,Range,UpTrend,2020-04-14 13:55:00+08:00,2020-04-14 14:00:00+08:00,35,,,,True,655,online,23.0
online_v2,000852.SH,2020-04-17,Range,UpTrend,2020-04-17 13:25:00+08:00,2020-04-17 13:30:00+08:00,29,,,,False,,online,17.0
online_v2,000852.SH,2020-04-17,UpTrend,DownTrend,2020-04-17 14:10:00+08:00,2020-04-17 14:15:00+08:00,38,,,,True,656,online,26.0
online_v2,000852.SH,2020-04-20,Shock,UpTrend,2020-04-20 14:10:00+08:00,2020-04-20 14:15:00+08:00,38,,,,True,657,online,26.0
online_v2,000852.SH,2020-04-21,Range,UpTrend,2020-04-21 14:15:00+08:00,2020-04-21 14:20:00+08:00,39,,,,True,658,online,27.0
online_v2,000852.SH,2020-04-24,Shock,DownTrend,2020-04-24 13:10:00+08:00,2020-04-24 13:15:00+08:00,26,,,,False,,online,14.0
online_v2,000852.SH,2020-04-24,DownTrend,Shock,2020-04-24 13:55:00+08:00,2020-04-24 14:00:00+08:00,35,,,,True,659,online,23.0
online_v2,000852.SH,2020-04-27,Shock,UpTrend,2020-04-27 11:15:00+08:00,2020-04-27 11:20:00+08:00,21,,,,False,,online,9.0
online_v2,000852.SH,2020-04-28,Shock,UpTrend,2020-04-28 13:20:00+08:00,2020-04-28 13:25:00+08:00,28,,,,True,660,online,16.0
online_v2,000852.SH,2020-04-28,UpTrend,Range,2020-04-28 14:15:00+08:00,2020-04-28 14:20:00+08:00,39,,,,True,661,online,27.0
online_v2,000852.SH,2020-04-29,Range,DownTrend,2020-04-29 13:35:00+08:00,2020-04-29 13:40:00+08:00,31,,,,False,,online,19.0
online_v2,000852.SH,2020-05-07,UpTrend,Range,2020-05-07 14:05:00+08:00,2020-05-07 14:10:00+08:00,37,,,,True,662,online,25.0
online_v2,000852.SH,2020-05-12,DownTrend,UpTrend,2020-05-12 13:50:00+08:00,2020-05-12 13:55:00+08:00,34,,,,True,663,online,22.0
online_v2,000852.SH,2020-05-18,Shock,Range,2020-05-18 11:20:00+08:00,2020-05-18 11:25:00+08:00,22,,,,False,,online,10.0
online_v2,000852.SH,2020-05-19,Range,UpTrend,2020-05-19 14:20:00+08:00,2020-05-19 14:25:00+08:00,40,,,,True,664,online,28.0
online_v2,000852.SH,2020-05-21,DownTrend,Shock,2020-05-21 13:30:00+08:00,2020-05-21 13:35:00+08:00,30,,,,True,665,online,18.0
online_v2,000852.SH,2020-05-25,Shock,UpTrend,2020-05-25 13:10:00+08:00,2020-05-25 13:15:00+08:00,26,,,,True,666,online,14.0
online_v2,000852.SH,2020-05-25,UpTrend,DownTrend,2020-05-25 14:20:00+08:00,2020-05-25 14:25:00+08:00,40,,,,True,667,online,28.0
online_v2,000852.SH,2020-05-28,DownTrend,Shock,2020-05-28 13:05:00+08:00,2020-05-28 13:10:00+08:00,25,,,,True,668,online,13.0
online_v2,000852.SH,2020-05-28,Shock,UpTrend,2020-05-28 14:20:00+08:00,2020-05-28 14:25:00+08:00,40,,,,True,669,online,28.0
online_v2,000852.SH,2020-06-02,Range,UpTrend,2020-06-02 13:55:00+08:00,2020-06-02 14:00:00+08:00,35,,,,False,,online,23.0
online_v2,000852.SH,2020-06-03,UpTrend,DownTrend,2020-06-03 14:15:00+08:00,2020-06-03 14:20:00+08:00,39,,,,True,670,online,27.0
online_v2,000852.SH,2020-06-05,DownTrend,Range,2020-06-05 13:50:00+08:00,2020-06-05 13:55:00+08:00,34,,,,True,671,online,22.0
online_v2,000852.SH,2020-06-05,Range,UpTrend,2020-06-05 14:15:00+08:00,2020-06-05 14:20:00+08:00,39,,,,True,672,online,27.0
online_v2,000852.SH,2020-06-11,UpTrend,Shock,2020-06-11 13:05:00+08:00,2020-06-11 13:10:00+08:00,25,,,,True,673,online,13.0
online_v2,000852.SH,2020-06-12,Shock,UpTrend,2020-06-12 13:55:00+08:00,2020-06-12 14:00:00+08:00,35,,,,True,674,online,23.0
online_v2,000852.SH,2020-06-15,UpTrend,Shock,2020-06-15 13:05:00+08:00,2020-06-15 13:10:00+08:00,25,,,,False,,online,13.0
online_v2,000852.SH,2020-06-16,UpTrend,Range,2020-06-16 11:25:00+08:00,2020-06-16 11:30:00+08:00,23,,,,False,,online,11.0
online_v2,000852.SH,2020-06-16,Range,UpTrend,2020-06-16 13:40:00+08:00,2020-06-16 13:45:00+08:00,32,,,,True,675,online,20.0
online_v2,000852.SH,2020-06-17,Shock,UpTrend,2020-06-17 14:25:00+08:00,2020-06-17 14:30:00+08:00,41,,,,True,676,online,29.0
online_v2,000852.SH,2020-06-22,Range,UpTrend,2020-06-22 13:05:00+08:00,2020-06-22 13:10:00+08:00,25,,,,False,,online,13.0
online_v2,000852.SH,2020-06-29,DownTrend,Range,2020-06-29 13:55:00+08:00,2020-06-29 14:00:00+08:00,35,,,,True,677,online,23.0
online_v2,000852.SH,2020-06-30,UpTrend,DownTrend,2020-06-30 14:10:00+08:00,2020-06-30 14:15:00+08:00,38,,,,True,678,online,26.0
online_v2,000852.SH,2020-07-01,Range,Shock,2020-07-01 13:35:00+08:00,2020-07-01 13:40:00+08:00,31,,,,False,,online,19.0
online_v2,000852.SH,2020-07-03,Shock,UpTrend,2020-07-03 11:30:00+08:00,2020-07-03 13:05:00+08:00,24,,,,True,679,online,12.0
online_v2,000852.SH,2020-07-06,Shock,UpTrend,2020-07-06 11:05:00+08:00,2020-07-06 11:10:00+08:00,19,,,,False,,online,7.0
online_v2,000852.SH,2020-07-06,UpTrend,Shock,2020-07-06 13:05:00+08:00,2020-07-06 13:10:00+08:00,25,,,,True,680,online,13.0
online_v2,000852.SH,2020-07-08,Shock,UpTrend,2020-07-08 11:00:00+08:00,2020-07-08 11:05:00+08:00,18,,,,False,,online,6.0
online_v2,000852.SH,2020-07-10,Shock,Range,2020-07-10 13:30:00+08:00,2020-07-10 13:35:00+08:00,30,,,,True,681,online,18.0
online_v2,000852.SH,2020-07-13,Shock,UpTrend,2020-07-13 10:45:00+08:00,2020-07-13 10:50:00+08:00,15,,,,False,,online,3.0
online_v2,000852.SH,2020-07-15,Shock,UpTrend,2020-07-15 13:50:00+08:00,2020-07-15 13:55:00+08:00,34,,,,True,682,online,22.0
online_v2,000852.SH,2020-07-16,Shock,DownTrend,2020-07-16 13:25:00+08:00,2020-07-16 13:30:00+08:00,29,,,,True,683,online,17.0
online_v2,000852.SH,2020-07-16,DownTrend,Shock,2020-07-16 13:35:00+08:00,2020-07-16 13:40:00+08:00,31,,,,True,684,online,19.0
online_v2,000852.SH,2020-07-17,Shock,UpTrend,2020-07-17 10:50:00+08:00,2020-07-17 10:55:00+08:00,16,,,,False,,online,4.0
online_v2,000852.SH,2020-07-17,UpTrend,DownTrend,2020-07-17 11:30:00+08:00,2020-07-17 13:05:00+08:00,24,,,,False,,online,12.0
online_v2,000852.SH,2020-07-17,DownTrend,Shock,2020-07-17 13:10:00+08:00,2020-07-17 13:15:00+08:00,26,,,,True,685,online,14.0
online_v2,000852.SH,2020-07-21,DownTrend,UpTrend,2020-07-21 13:40:00+08:00,2020-07-21 13:45:00+08:00,32,,,,True,686,online,20.0
online_v2,000852.SH,2020-07-22,UpTrend,Range,2020-07-22 13:25:00+08:00,2020-07-22 13:30:00+08:00,29,,,,True,687,online,17.0
online_v2,000852.SH,2020-07-23,DownTrend,UpTrend,2020-07-23 13:25:00+08:00,2020-07-23 13:30:00+08:00,29,,,,False,,online,17.0
online_v2,000852.SH,2020-07-24,Range,DownTrend,2020-07-24 11:20:00+08:00,2020-07-24 11:25:00+08:00,22,,,,False,,online,10.0
online_v2,000852.SH,2020-07-24,DownTrend,Shock,2020-07-24 13:05:00+08:00,2020-07-24 13:10:00+08:00,25,,,,True,688,online,13.0
online_v2,000852.SH,2020-07-27,DownTrend,Range,2020-07-27 14:25:00+08:00,2020-07-27 14:30:00+08:00,41,,,,True,689,online,29.0
online_v2,000852.SH,2020-08-04,Range,DownTrend,2020-08-04 13:15:00+08:00,2020-08-04 13:20:00+08:00,27,,,,True,690,online,15.0
online_v2,000852.SH,2020-08-06,Shock,UpTrend,2020-08-06 13:15:00+08:00,2020-08-06 13:20:00+08:00,27,,,,True,691,online,15.0
online_v2,000852.SH,2020-08-06,UpTrend,Range,2020-08-06 13:55:00+08:00,2020-08-06 14:00:00+08:00,35,,,,True,692,online,23.0
online_v2,000852.SH,2020-08-07,Range,Shock,2020-08-07 13:05:00+08:00,2020-08-07 13:10:00+08:00,25,,,,True,693,online,13.0
online_v2,000852.SH,2020-08-12,Shock,Range,2020-08-12 10:45:00+08:00,2020-08-12 10:50:00+08:00,15,,,,False,,online,3.0
online_v2,000852.SH,2020-08-12,Range,DownTrend,2020-08-12 13:15:00+08:00,2020-08-12 13:20:00+08:00,27,,,,False,,online,15.0
online_v2,000852.SH,2020-08-12,DownTrend,Range,2020-08-12 13:40:00+08:00,2020-08-12 13:45:00+08:00,32,,,,True,694,online,20.0
online_v2,000852.SH,2020-08-12,Range,UpTrend,2020-08-12 14:20:00+08:00,2020-08-12 14:25:00+08:00,40,,,,True,695,online,28.0
online_v2,000852.SH,2020-08-19,Range,DownTrend,2020-08-19 14:00:00+08:00,2020-08-19 14:05:00+08:00,36,,,,True,696,online,24.0
online_v2,000852.SH,2020-08-21,DownTrend,UpTrend,2020-08-21 13:10:00+08:00,2020-08-21 13:15:00+08:00,26,,,,False,,online,14.0
online_v2,000852.SH,2020-08-21,UpTrend,DownTrend,2020-08-21 14:05:00+08:00,2020-08-21 14:10:00+08:00,37,,,,True,697,online,25.0
online_v2,000852.SH,2020-08-24,UpTrend,Range,2020-08-24 11:15:00+08:00,2020-08-24 11:20:00+08:00,21,,,,False,,online,9.0
online_v2,000852.SH,2020-08-24,Range,UpTrend,2020-08-24 13:25:00+08:00,2020-08-24 13:30:00+08:00,29,,,,True,698,online,17.0
online_v2,000852.SH,2020-08-26,DownTrend,Shock,2020-08-26 11:30:00+08:00,2020-08-26 13:05:00+08:00,24,,,,True,699,online,12.0
online_v2,000852.SH,2020-08-26,Shock,DownTrend,2020-08-26 14:15:00+08:00,2020-08-26 14:20:00+08:00,39,,,,True,700,online,27.0
online_v2,000852.SH,2020-08-28,UpTrend,Range,2020-08-28 13:30:00+08:00,2020-08-28 13:35:00+08:00,30,,,,True,701,online,18.0
online_v2,000852.SH,2020-08-28,Range,UpTrend,2020-08-28 13:55:00+08:00,2020-08-28 14:00:00+08:00,35,,,,True,702,online,23.0
online_v2,000852.SH,2020-08-31,UpTrend,DownTrend,2020-08-31 13:25:00+08:00,2020-08-31 13:30:00+08:00,29,,,,False,,online,17.0
online_v2,000852.SH,2020-09-04,Shock,Range,2020-09-04 10:50:00+08:00,2020-09-04 10:55:00+08:00,16,,,,False,,online,4.0
online_v2,000852.SH,2020-09-04,Range,UpTrend,2020-09-04 13:40:00+08:00,2020-09-04 13:45:00+08:00,32,,,,True,703,online,20.0
online_v2,000852.SH,2020-09-07,Range,Shock,2020-09-07 14:10:00+08:00,2020-09-07 14:15:00+08:00,38,,,,True,704,online,26.0
online_v2,000852.SH,2020-09-08,Shock,DownTrend,2020-09-08 11:05:00+08:00,2020-09-08 11:10:00+08:00,19,,,,False,,online,7.0
online_v2,000852.SH,2020-09-08,DownTrend,UpTrend,2020-09-08 13:45:00+08:00,2020-09-08 13:50:00+08:00,33,,,,True,705,online,21.0
online_v2,000852.SH,2020-09-09,Shock,UpTrend,2020-09-09 13:15:00+08:00,2020-09-09 13:20:00+08:00,27,,,,True,706,online,15.0
online_v2,000852.SH,2020-09-09,UpTrend,Shock,2020-09-09 14:25:00+08:00,2020-09-09 14:30:00+08:00,41,,,,True,707,online,29.0
online_v2,000852.SH,2020-09-10,Shock,DownTrend,2020-09-10 13:05:00+08:00,2020-09-10 13:10:00+08:00,25,,,,True,708,online,13.0
online_v2,000852.SH,2020-09-10,DownTrend,Shock,2020-09-10 13:20:00+08:00,2020-09-10 13:25:00+08:00,28,,,,True,709,online,16.0
online_v2,000852.SH,2020-09-10,Shock,DownTrend,2020-09-10 14:25:00+08:00,2020-09-10 14:30:00+08:00,41,,,,True,710,online,29.0
online_v2,000852.SH,2020-09-14,UpTrend,DownTrend,2020-09-14 13:10:00+08:00,2020-09-14 13:15:00+08:00,26,,,,False,,online,14.0
online_v2,000852.SH,2020-09-17,Range,DownTrend,2020-09-17 13:15:00+08:00,2020-09-17 13:20:00+08:00,27,,,,False,,online,15.0
online_v2,000852.SH,2020-09-17,DownTrend,UpTrend,2020-09-17 13:50:00+08:00,2020-09-17 13:55:00+08:00,34,,,,True,711,online,22.0
online_v2,000852.SH,2020-09-18,Range,UpTrend,2020-09-18 13:10:00+08:00,2020-09-18 13:15:00+08:00,26,,,,False,,online,14.0
online_v2,000852.SH,2020-09-22,Range,DownTrend,2020-09-22 13:55:00+08:00,2020-09-22 14:00:00+08:00,35,,,,True,712,online,23.0
online_v2,000852.SH,2020-09-23,Range,UpTrend,2020-09-23 13:55:00+08:00,2020-09-23 14:00:00+08:00,35,,,,False,,online,23.0
online_v2,000852.SH,2020-09-28,DownTrend,Range,2020-09-28 11:00:00+08:00,2020-09-28 11:05:00+08:00,18,,,,False,,online,6.0
online_v2,000852.SH,2020-09-28,Range,DownTrend,2020-09-28 14:25:00+08:00,2020-09-28 14:30:00+08:00,41,,,,True,713,online,29.0
online_v2,000852.SH,2020-09-29,UpTrend,Range,2020-09-29 14:10:00+08:00,2020-09-29 14:15:00+08:00,38,,,,False,,online,26.0
online_v2,000852.SH,2020-09-30,UpTrend,DownTrend,2020-09-30 13:25:00+08:00,2020-09-30 13:30:00+08:00,29,,,,False,,online,17.0
online_v2,000852.SH,2020-09-30,DownTrend,Range,2020-09-30 14:25:00+08:00,2020-09-30 14:30:00+08:00,41,,,,True,714,online,29.0
online_v2,000852.SH,2020-10-09,UpTrend,Range,2020-10-09 13:35:00+08:00,2020-10-09 13:40:00+08:00,31,,,,True,715,online,19.0
online_v2,000852.SH,2020-10-12,UpTrend,Range,2020-10-12 14:15:00+08:00,2020-10-12 14:20:00+08:00,39,,,,True,716,online,27.0
online_v2,000852.SH,2020-10-13,UpTrend,Range,2020-10-13 14:05:00+08:00,2020-10-13 14:10:00+08:00,37,,,,True,717,online,25.0
online_v2,000852.SH,2020-10-16,Range,DownTrend,2020-10-16 11:25:00+08:00,2020-10-16 11:30:00+08:00,23,,,,True,718,online,11.0
online_v2,000852.SH,2020-10-19,DownTrend,Shock,2020-10-19 11:20:00+08:00,2020-10-19 11:25:00+08:00,22,,,,False,,online,10.0
online_v2,000852.SH,2020-10-19,Shock,DownTrend,2020-10-19 13:40:00+08:00,2020-10-19 13:45:00+08:00,32,,,,True,719,online,20.0
online_v2,000852.SH,2020-10-21,DownTrend,Range,2020-10-21 11:20:00+08:00,2020-10-21 11:25:00+08:00,22,,,,True,720,online,10.0
online_v2,000852.SH,2020-10-21,Range,DownTrend,2020-10-21 13:25:00+08:00,2020-10-21 13:30:00+08:00,29,,,,True,721,online,17.0
online_v2,000852.SH,2020-10-23,Shock,DownTrend,2020-10-23 10:45:00+08:00,2020-10-23 10:50:00+08:00,15,,,,False,,online,3.0
online_v2,000852.SH,2020-10-23,DownTrend,Shock,2020-10-23 14:05:00+08:00,2020-10-23 14:10:00+08:00,37,,,,True,722,online,25.0
online_v2,000852.SH,2020-10-26,Shock,UpTrend,2020-10-26 11:00:00+08:00,2020-10-26 11:05:00+08:00,18,,,,False,,online,6.0
online_v2,000852.SH,2020-10-26,UpTrend,Range,2020-10-26 13:15:00+08:00,2020-10-26 13:20:00+08:00,27,,,,False,,online,15.0
online_v2,000852.SH,2020-10-26,Range,DownTrend,2020-10-26 13:35:00+08:00,2020-10-26 13:40:00+08:00,31,,,,True,723,online,19.0
online_v2,000852.SH,2020-10-27,Shock,UpTrend,2020-10-27 13:50:00+08:00,2020-10-27 13:55:00+08:00,34,,,,False,,online,22.0
online_v2,000852.SH,2020-10-28,Shock,UpTrend,2020-10-28 11:20:00+08:00,2020-10-28 11:25:00+08:00,22,,,,False,,online,10.0
online_v2,000852.SH,2020-10-29,Shock,Range,2020-10-29 13:30:00+08:00,2020-10-29 13:35:00+08:00,30,,,,True,724,online,18.0
online_v2,000852.SH,2020-10-30,Shock,DownTrend,2020-10-30 13:45:00+08:00,2020-10-30 13:50:00+08:00,33,,,,True,725,online,21.0
online_v2,000852.SH,2020-10-30,DownTrend,Shock,2020-10-30 14:00:00+08:00,2020-10-30 14:05:00+08:00,36,,,,True,726,online,24.0
online_v2,000852.SH,2020-11-02,Shock,UpTrend,2020-11-02 13:40:00+08:00,2020-11-02 13:45:00+08:00,32,,,,True,727,online,20.0
online_v2,000852.SH,2020-11-04,Shock,UpTrend,2020-11-04 14:05:00+08:00,2020-11-04 14:10:00+08:00,37,,,,True,728,online,25.0
online_v2,000852.SH,2020-11-06,Shock,DownTrend,2020-11-06 13:45:00+08:00,2020-11-06 13:50:00+08:00,33,,,,True,729,online,21.0
online_v2,000852.SH,2020-11-09,UpTrend,DownTrend,2020-11-09 14:20:00+08:00,2020-11-09 14:25:00+08:00,40,,,,True,730,online,28.0
online_v2,000852.SH,2020-11-10,Shock,Range,2020-11-10 11:05:00+08:00,2020-11-10 11:10:00+08:00,19,,,,False,,online,7.0
online_v2,000852.SH,2020-11-10,Range,DownTrend,2020-11-10 13:45:00+08:00,2020-11-10 13:50:00+08:00,33,,,,True,731,online,21.0
online_v2,000852.SH,2020-11-12,Range,DownTrend,2020-11-12 13:30:00+08:00,2020-11-12 13:35:00+08:00,30,,,,False,,online,18.0
online_v2,000852.SH,2020-11-13,UpTrend,DownTrend,2020-11-13 13:25:00+08:00,2020-11-13 13:30:00+08:00,29,,,,True,732,online,17.0
online_v2,000852.SH,2020-11-19,Shock,Range,2020-11-19 13:10:00+08:00,2020-11-19 13:15:00+08:00,26,,,,False,,online,14.0
online_v2,000852.SH,2020-11-23,Range,UpTrend,2020-11-23 13:05:00+08:00,2020-11-23 13:10:00+08:00,25,,,,True,733,online,13.0
online_v2,000852.SH,2020-11-27,DownTrend,UpTrend,2020-11-27 14:00:00+08:00,2020-11-27 14:05:00+08:00,36,,,,True,734,online,24.0
online_v2,000852.SH,2020-11-30,Shock,DownTrend,2020-11-30 14:25:00+08:00,2020-11-30 14:30:00+08:00,41,,,,True,735,online,29.0
online_v2,000852.SH,2020-12-01,UpTrend,Range,2020-12-01 11:25:00+08:00,2020-12-01 11:30:00+08:00,23,,,,True,736,online,11.0
online_v2,000852.SH,2020-12-01,Range,UpTrend,2020-12-01 13:20:00+08:00,2020-12-01 13:25:00+08:00,28,,,,True,737,online,16.0
online_v2,000852.SH,2020-12-07,Shock,Range,2020-12-07 13:15:00+08:00,2020-12-07 13:20:00+08:00,27,,,,True,738,online,15.0
online_v2,000852.SH,2020-12-07,Range,UpTrend,2020-12-07 13:40:00+08:00,2020-12-07 13:45:00+08:00,32,,,,True,739,online,20.0
online_v2,000852.SH,2020-12-08,DownTrend,UpTrend,2020-12-08 13:45:00+08:00,2020-12-08 13:50:00+08:00,33,,,,True,740,online,21.0
online_v2,000852.SH,2020-12-10,Shock,UpTrend,2020-12-10 13:05:00+08:00,2020-12-10 13:10:00+08:00,25,,,,False,,online,13.0
online_v2,000852.SH,2020-12-10,UpTrend,DownTrend,2020-12-10 14:05:00+08:00,2020-12-10 14:10:00+08:00,37,,,,True,741,online,25.0
online_v2,000852.SH,2020-12-11,Shock,DownTrend,2020-12-11 14:10:00+08:00,2020-12-11 14:15:00+08:00,38,,,,True,742,online,26.0
online_v2,000852.SH,2020-12-15,UpTrend,DownTrend,2020-12-15 11:15:00+08:00,2020-12-15 11:20:00+08:00,21,,,,False,,online,9.0
online_v2,000852.SH,2020-12-15,DownTrend,UpTrend,2020-12-15 13:45:00+08:00,2020-12-15 13:50:00+08:00,33,,,,True,743,online,21.0
online_v2,000852.SH,2020-12-16,Shock,Range,2020-12-16 13:35:00+08:00,2020-12-16 13:40:00+08:00,31,,,,False,,online,19.0
online_v2,000852.SH,2020-12-17,Shock,UpTrend,2020-12-17 13:10:00+08:00,2020-12-17 13:15:00+08:00,26,,,,True,744,online,14.0
online_v2,000852.SH,2020-12-17,UpTrend,Range,2020-12-17 14:15:00+08:00,2020-12-17 14:20:00+08:00,39,,,,True,745,online,27.0
online_v2,000852.SH,2020-12-21,Shock,UpTrend,2020-12-21 11:05:00+08:00,2020-12-21 11:10:00+08:00,19,,,,False,,online,7.0
online_v2,000852.SH,2020-12-21,UpTrend,DownTrend,2020-12-21 14:10:00+08:00,2020-12-21 14:15:00+08:00,38,,,,True,746,online,26.0
online_v2,000852.SH,2020-12-22,UpTrend,Shock,2020-12-22 14:05:00+08:00,2020-12-22 14:10:00+08:00,37,,,,False,,online,25.0
online_v2,000852.SH,2020-12-23,UpTrend,DownTrend,2020-12-23 14:20:00+08:00,2020-12-23 14:25:00+08:00,40,,,,True,747,online,28.0
online_v2,000852.SH,2020-12-25,UpTrend,Range,2020-12-25 14:00:00+08:00,2020-12-25 14:05:00+08:00,36,,,,True,748,online,24.0
online_v2,000852.SH,2020-12-28,Shock,UpTrend,2020-12-28 11:15:00+08:00,2020-12-28 11:20:00+08:00,21,,,,False,,online,9.0
online_v2,000852.SH,2020-12-28,UpTrend,DownTrend,2020-12-28 13:45:00+08:00,2020-12-28 13:50:00+08:00,33,,,,True,749,online,21.0
online_v2,000852.SH,2020-12-29,Shock,DownTrend,2020-12-29 14:10:00+08:00,2020-12-29 14:15:00+08:00,38,,,,False,,online,26.0
online_v2,000852.SH,2021-01-04,UpTrend,Range,2021-01-04 14:00:00+08:00,2021-01-04 14:05:00+08:00,36,,,,True,750,online,24.0
online_v2,000852.SH,2021-01-05,Shock,UpTrend,2021-01-05 13:45:00+08:00,2021-01-05 13:50:00+08:00,33,,,,True,751,online,21.0
online_v2,000852.SH,2021-01-06,Shock,DownTrend,2021-01-06 11:30:00+08:00,2021-01-06 13:05:00+08:00,24,,,,True,752,online,12.0
online_v2,000852.SH,2021-01-06,DownTrend,Range,2021-01-06 14:00:00+08:00,2021-01-06 14:05:00+08:00,36,,,,True,753,online,24.0
online_v2,000852.SH,2021-01-07,UpTrend,Shock,2021-01-07 13:35:00+08:00,2021-01-07 13:40:00+08:00,31,,,,True,754,online,19.0
online_v2,000852.SH,2021-01-11,DownTrend,Shock,2021-01-11 14:15:00+08:00,2021-01-11 14:20:00+08:00,39,,,,True,755,online,27.0
online_v2,000852.SH,2021-01-12,Range,UpTrend,2021-01-12 13:25:00+08:00,2021-01-12 13:30:00+08:00,29,,,,True,756,online,17.0
online_v2,000852.SH,2021-01-14,Shock,UpTrend,2021-01-14 11:15:00+08:00,2021-01-14 11:20:00+08:00,21,,,,True,757,online,9.0
online_v2,000852.SH,2021-01-14,UpTrend,DownTrend,2021-01-14 14:25:00+08:00,2021-01-14 14:30:00+08:00,41,,,,True,758,online,29.0
online_v2,000852.SH,2021-01-15,Range,UpTrend,2021-01-15 14:10:00+08:00,2021-01-15 14:15:00+08:00,38,,,,False,,online,26.0
online_v2,000852.SH,2021-01-19,Range,DownTrend,2021-01-19 14:15:00+08:00,2021-01-19 14:20:00+08:00,39,,,,False,,online,27.0
online_v2,000852.SH,2021-01-21,UpTrend,Range,2021-01-21 14:05:00+08:00,2021-01-21 14:10:00+08:00,37,,,,True,759,online,25.0
online_v2,000852.SH,2021-01-25,Shock,Range,2021-01-25 11:30:00+08:00,2021-01-25 13:05:00+08:00,24,,,,False,,online,12.0
online_v2,000852.SH,2021-01-25,Range,DownTrend,2021-01-25 14:00:00+08:00,2021-01-25 14:05:00+08:00,36,,,,True,760,online,24.0
online_v2,000852.SH,2021-01-26,DownTrend,Shock,2021-01-26 11:10:00+08:00,2021-01-26 11:15:00+08:00,20,,,,False,,online,8.0
online_v2,000852.SH,2021-01-27,Shock,UpTrend,2021-01-27 13:10:00+08:00,2021-01-27 13:15:00+08:00,26,,,,True,761,online,14.0
online_v2,000852.SH,2021-01-28,Range,DownTrend,2021-01-28 14:20:00+08:00,2021-01-28 14:25:00+08:00,40,,,,True,762,online,28.0
online_v2,000852.SH,2021-01-29,Shock,DownTrend,2021-01-29 13:25:00+08:00,2021-01-29 13:30:00+08:00,29,,,,True,763,online,17.0
online_v2,000852.SH,2021-02-01,DownTrend,UpTrend,2021-02-01 13:05:00+08:00,2021-02-01 13:10:00+08:00,25,,,,True,764,online,13.0
online_v2,000852.SH,2021-02-01,UpTrend,Range,2021-02-01 13:55:00+08:00,2021-02-01 14:00:00+08:00,35,,,,True,765,online,23.0
online_v2,000852.SH,2021-02-03,Shock,Range,2021-02-03 10:50:00+08:00,2021-02-03 10:55:00+08:00,16,,,,False,,online,4.0
online_v2,000852.SH,2021-02-03,Range,DownTrend,2021-02-03 14:00:00+08:00,2021-02-03 14:05:00+08:00,36,,,,False,,online,24.0
online_v2,000852.SH,2021-02-04,Shock,UpTrend,2021-02-04 14:10:00+08:00,2021-02-04 14:15:00+08:00,38,,,,True,766,online,26.0
online_v2,000852.SH,2021-02-08,Shock,UpTrend,2021-02-08 10:45:00+08:00,2021-02-08 10:50:00+08:00,15,,,,False,,online,3.0
online_v2,000852.SH,2021-02-08,UpTrend,DownTrend,2021-02-08 13:50:00+08:00,2021-02-08 13:55:00+08:00,34,,,,True,767,online,22.0
online_v2,000852.SH,2021-02-18,Shock,UpTrend,2021-02-18 14:00:00+08:00,2021-02-18 14:05:00+08:00,36,,,,False,,online,24.0
online_v2,000852.SH,2021-02-18,UpTrend,Range,2021-02-18 14:25:00+08:00,2021-02-18 14:30:00+08:00,41,,,,True,768,online,29.0
online_v2,000852.SH,2021-02-19,DownTrend,UpTrend,2021-02-19 11:20:00+08:00,2021-02-19 11:25:00+08:00,22,,,,False,,online,10.0
online_v2,000852.SH,2021-02-22,UpTrend,Range,2021-02-22 11:15:00+08:00,2021-02-22 11:20:00+08:00,21,,,,False,,online,9.0
online_v2,000852.SH,2021-02-22,Range,Shock,2021-02-22 14:15:00+08:00,2021-02-22 14:20:00+08:00,39,,,,True,769,online,27.0
online_v2,000852.SH,2021-02-23,Shock,UpTrend,2021-02-23 13:15:00+08:00,2021-02-23 13:20:00+08:00,27,,,,False,,online,15.0
online_v2,000852.SH,2021-02-23,UpTrend,DownTrend,2021-02-23 14:20:00+08:00,2021-02-23 14:25:00+08:00,40,,,,True,770,online,28.0
online_v2,000852.SH,2021-02-24,DownTrend,Shock,2021-02-24 11:15:00+08:00,2021-02-24 11:20:00+08:00,21,,,,False,,online,9.0
online_v2,000852.SH,2021-02-26,UpTrend,DownTrend,2021-02-26 11:25:00+08:00,2021-02-26 11:30:00+08:00,23,,,,False,,online,11.0
online_v2,000852.SH,2021-03-09,Shock,UpTrend,2021-03-09 13:05:00+08:00,2021-03-09 13:10:00+08:00,25,,,,True,771,online,13.0
online_v2,000852.SH,2021-03-09,UpTrend,Shock,2021-03-09 13:15:00+08:00,2021-03-09 13:20:00+08:00,27,,,,True,772,online,15.0
online_v2,000852.SH,2021-03-09,Shock,UpTrend,2021-03-09 13:30:00+08:00,2021-03-09 13:35:00+08:00,30,,,,True,773,online,18.0
online_v2,000852.SH,2021-03-09,UpTrend,DownTrend,2021-03-09 14:00:00+08:00,2021-03-09 14:05:00+08:00,36,,,,True,774,online,24.0
online_v2,000852.SH,2021-03-10,Shock,Range,2021-03-10 13:05:00+08:00,2021-03-10 13:10:00+08:00,25,,,,False,,online,13.0
online_v2,000852.SH,2021-03-11,Shock,UpTrend,2021-03-11 10:50:00+08:00,2021-03-11 10:55:00+08:00,16,,,,False,,online,4.0
online_v2,000852.SH,2021-03-11,UpTrend,Range,2021-03-11 14:10:00+08:00,2021-03-11 14:15:00+08:00,38,,,,False,,online,26.0
online_v2,000852.SH,2021-03-16,Shock,UpTrend,2021-03-16 13:05:00+08:00,2021-03-16 13:10:00+08:00,25,,,,False,,online,13.0
online_v2,000852.SH,2021-03-16,UpTrend,Range,2021-03-16 14:15:00+08:00,2021-03-16 14:20:00+08:00,39,,,,True,775,online,27.0
online_v2,000852.SH,2021-03-19,Range,DownTrend,2021-03-19 13:25:00+08:00,2021-03-19 13:30:00+08:00,29,,,,True,776,online,17.0
online_v2,000852.SH,2021-03-22,Range,UpTrend,2021-03-22 13:10:00+08:00,2021-03-22 13:15:00+08:00,26,,,,True,777,online,14.0
online_v2,000852.SH,2021-03-23,Range,DownTrend,2021-03-23 14:20:00+08:00,2021-03-23 14:25:00+08:00,40,,,,True,778,online,28.0
online_v2,000852.SH,2021-03-25,Shock,UpTrend,2021-03-25 10:50:00+08:00,2021-03-25 10:55:00+08:00,16,,,,False,,online,4.0
online_v2,000852.SH,2021-03-25,UpTrend,DownTrend,2021-03-25 14:25:00+08:00,2021-03-25 14:30:00+08:00,41,,,,False,,online,29.0
online_v2,000852.SH,2021-04-01,Range,UpTrend,2021-04-01 14:15:00+08:00,2021-04-01 14:20:00+08:00,39,,,,True,779,online,27.0
online_v2,000852.SH,2021-04-02,UpTrend,Range,2021-04-02 14:10:00+08:00,2021-04-02 14:15:00+08:00,38,,,,True,780,online,26.0
online_v2,000852.SH,2021-04-06,UpTrend,Range,2021-04-06 13:45:00+08:00,2021-04-06 13:50:00+08:00,33,,,,False,,online,21.0
online_v2,000852.SH,2021-04-08,UpTrend,Range,2021-04-08 14:00:00+08:00,2021-04-08 14:05:00+08:00,36,,,,True,781,online,24.0
online_v2,000852.SH,2021-04-12,Shock,DownTrend,2021-04-12 11:05:00+08:00,2021-04-12 11:10:00+08:00,19,,,,False,,online,7.0
online_v2,000852.SH,2021-04-13,Shock,DownTrend,2021-04-13 13:20:00+08:00,2021-04-13 13:25:00+08:00,28,,,,False,,online,16.0
online_v2,000852.SH,2021-04-15,Shock,DownTrend,2021-04-15 11:15:00+08:00,2021-04-15 11:20:00+08:00,21,,,,False,,online,9.0
online_v2,000852.SH,2021-04-15,DownTrend,UpTrend,2021-04-15 13:45:00+08:00,2021-04-15 13:50:00+08:00,33,,,,True,782,online,21.0
online_v2,000852.SH,2021-04-16,Shock,UpTrend,2021-04-16 11:05:00+08:00,2021-04-16 11:10:00+08:00,19,,,,False,,online,7.0
online_v2,000852.SH,2021-04-19,UpTrend,Range,2021-04-19 13:30:00+08:00,2021-04-19 13:35:00+08:00,30,,,,True,783,online,18.0
online_v2,000852.SH,2021-04-20,Shock,UpTrend,2021-04-20 13:25:00+08:00,2021-04-20 13:30:00+08:00,29,,,,False,,online,17.0
online_v2,000852.SH,2021-04-20,UpTrend,Range,2021-04-20 13:55:00+08:00,2021-04-20 14:00:00+08:00,35,,,,True,784,online,23.0
online_v2,000852.SH,2021-04-20,Range,DownTrend,2021-04-20 14:10:00+08:00,2021-04-20 14:15:00+08:00,38,,,,True,785,online,26.0
online_v2,000852.SH,2021-04-21,Shock,UpTrend,2021-04-21 10:45:00+08:00,2021-04-21 10:50:00+08:00,15,,,,False,,online,3.0
online_v2,000852.SH,2021-04-21,UpTrend,DownTrend,2021-04-21 14:25:00+08:00,2021-04-21 14:30:00+08:00,41,,,,True,786,online,29.0
online_v2,000852.SH,2021-04-22,Range,DownTrend,2021-04-22 14:15:00+08:00,2021-04-22 14:20:00+08:00,39,,,,True,787,online,27.0
online_v2,000852.SH,2021-04-23,DownTrend,Range,2021-04-23 14:20:00+08:00,2021-04-23 14:25:00+08:00,40,,,,True,788,online,28.0
online_v2,000852.SH,2021-04-26,UpTrend,Shock,2021-04-26 13:25:00+08:00,2021-04-26 13:30:00+08:00,29,,,,False,,online,17.0
online_v2,000852.SH,2021-04-27,Shock,UpTrend,2021-04-27 13:35:00+08:00,2021-04-27 13:40:00+08:00,31,,,,True,789,online,19.0
online_v2,000852.SH,2021-04-28,Shock,UpTrend,2021-04-28 14:25:00+08:00,2021-04-28 14:30:00+08:00,41,,,,False,,online,29.0
online_v2,000852.SH,2021-04-29,Shock,Range,2021-04-29 11:25:00+08:00,2021-04-29 11:30:00+08:00,23,,,,False,,online,11.0
online_v2,000852.SH,2021-04-30,Shock,DownTrend,2021-04-30 13:15:00+08:00,2021-04-30 13:20:00+08:00,27,,,,False,,online,15.0
online_v2,000852.SH,2021-05-06,Shock,DownTrend,2021-05-06 10:55:00+08:00,2021-05-06 11:00:00+08:00,17,,,,False,,online,5.0
online_v2,000852.SH,2021-05-06,DownTrend,Shock,2021-05-06 11:15:00+08:00,2021-05-06 11:20:00+08:00,21,,,,True,790,online,9.0
online_v2,000852.SH,2021-05-07,Shock,Range,2021-05-07 11:30:00+08:00,2021-05-07 13:05:00+08:00,24,,,,False,,online,12.0
online_v2,000852.SH,2021-05-07,Range,DownTrend,2021-05-07 13:50:00+08:00,2021-05-07 13:55:00+08:00,34,,,,True,791,online,22.0
online_v2,000852.SH,2021-05-10,Shock,Range,2021-05-10 11:20:00+08:00,2021-05-10 11:25:00+08:00,22,,,,False,,online,10.0
online_v2,000852.SH,2021-05-10,Range,DownTrend,2021-05-10 13:20:00+08:00,2021-05-10 13:25:00+08:00,28,,,,True,792,online,16.0
online_v2,000852.SH,2021-05-10,DownTrend,Range,2021-05-10 14:15:00+08:00,2021-05-10 14:20:00+08:00,39,,,,True,793,online,27.0
online_v2,000852.SH,2021-05-11,Shock,UpTrend,2021-05-11 11:20:00+08:00,2021-05-11 11:25:00+08:00,22,,,,True,794,online,10.0
online_v2,000852.SH,2021-05-11,UpTrend,Shock,2021-05-11 13:45:00+08:00,2021-05-11 13:50:00+08:00,33,,,,True,795,online,21.0
online_v2,000852.SH,2021-05-11,Shock,Range,2021-05-11 14:20:00+08:00,2021-05-11 14:25:00+08:00,40,,,,True,796,online,28.0
online_v2,000852.SH,2021-05-13,Shock,Range,2021-05-13 13:10:00+08:00,2021-05-13 13:15:00+08:00,26,,,,True,797,online,14.0
online_v2,000852.SH,2021-05-13,Range,DownTrend,2021-05-13 13:40:00+08:00,2021-05-13 13:45:00+08:00,32,,,,True,798,online,20.0
online_v2,000852.SH,2021-05-17,Shock,UpTrend,2021-05-17 10:45:00+08:00,2021-05-17 10:50:00+08:00,15,,,,False,,online,3.0
online_v2,000852.SH,2021-05-17,UpTrend,DownTrend,2021-05-17 13:35:00+08:00,2021-05-17 13:40:00+08:00,31,,,,True,799,online,19.0
online_v2,000852.SH,2021-05-20,Shock,UpTrend,2021-05-20 13:05:00+08:00,2021-05-20 13:10:00+08:00,25,,,,False,,online,13.0
online_v2,000852.SH,2021-05-21,Range,UpTrend,2021-05-21 13:20:00+08:00,2021-05-21 13:25:00+08:00,28,,,,False,,online,16.0
online_v2,000852.SH,2021-05-21,UpTrend,DownTrend,2021-05-21 14:10:00+08:00,2021-05-21 14:15:00+08:00,38,,,,True,800,online,26.0
online_v2,000852.SH,2021-05-24,Shock,UpTrend,2021-05-24 11:15:00+08:00,2021-05-24 11:20:00+08:00,21,,,,False,,online,9.0
online_v2,000852.SH,2021-05-25,Range,UpTrend,2021-05-25 11:00:00+08:00,2021-05-25 11:05:00+08:00,18,,,,False,,online,6.0
online_v2,000852.SH,2021-05-26,UpTrend,DownTrend,2021-05-26 11:15:00+08:00,2021-05-26 11:20:00+08:00,21,,,,False,,online,9.0
online_v2,000852.SH,2021-05-26,DownTrend,UpTrend,2021-05-26 13:45:00+08:00,2021-05-26 13:50:00+08:00,33,,,,True,801,online,21.0
online_v2,000852.SH,2021-05-27,UpTrend,Range,2021-05-27 11:30:00+08:00,2021-05-27 13:05:00+08:00,24,,,,False,,online,12.0
online_v2,000852.SH,2021-05-27,Range,DownTrend,2021-05-27 13:55:00+08:00,2021-05-27 14:00:00+08:00,35,,,,True,802,online,23.0
online_v2,000852.SH,2021-05-28,Range,DownTrend,2021-05-28 13:50:00+08:00,2021-05-28 13:55:00+08:00,34,,,,True,803,online,22.0
online_v2,000852.SH,2021-06-01,Shock,UpTrend,2021-06-01 11:20:00+08:00,2021-06-01 11:25:00+08:00,22,,,,True,804,online,10.0
online_v2,000852.SH,2021-06-01,UpTrend,Range,2021-06-01 13:50:00+08:00,2021-06-01 13:55:00+08:00,34,,,,True,805,online,22.0
online_v2,000852.SH,2021-06-02,DownTrend,Shock,2021-06-02 13:05:00+08:00,2021-06-02 13:10:00+08:00,25,,,,True,806,online,13.0
online_v2,000852.SH,2021-06-02,Shock,DownTrend,2021-06-02 13:40:00+08:00,2021-06-02 13:45:00+08:00,32,,,,True,807,online,20.0
online_v2,000852.SH,2021-06-02,DownTrend,Shock,2021-06-02 13:55:00+08:00,2021-06-02 14:00:00+08:00,35,,,,True,808,online,23.0
online_v2,000852.SH,2021-06-03,Shock,UpTrend,2021-06-03 11:20:00+08:00,2021-06-03 11:25:00+08:00,22,,,,False,,online,10.0
online_v2,000852.SH,2021-06-03,UpTrend,DownTrend,2021-06-03 14:15:00+08:00,2021-06-03 14:20:00+08:00,39,,,,True,809,online,27.0
online_v2,000852.SH,2021-06-04,UpTrend,Shock,2021-06-04 13:15:00+08:00,2021-06-04 13:20:00+08:00,27,,,,True,810,online,15.0
online_v2,000852.SH,2021-06-04,Shock,DownTrend,2021-06-04 14:20:00+08:00,2021-06-04 14:25:00+08:00,40,,,,True,811,online,28.0
online_v2,000852.SH,2021-06-08,Shock,DownTrend,2021-06-08 13:40:00+08:00,2021-06-08 13:45:00+08:00,32,,,,False,,online,20.0
online_v2,000852.SH,2021-06-09,UpTrend,DownTrend,2021-06-09 14:00:00+08:00,2021-06-09 14:05:00+08:00,36,,,,True,812,online,24.0
online_v2,000852.SH,2021-06-10,UpTrend,Range,2021-06-10 13:55:00+08:00,2021-06-10 14:00:00+08:00,35,,,,True,813,online,23.0
online_v2,000852.SH,2021-06-11,Shock,DownTrend,2021-06-11 13:25:00+08:00,2021-06-11 13:30:00+08:00,29,,,,False,,online,17.0
online_v2,000852.SH,2021-06-15,Shock,UpTrend,2021-06-15 11:00:00+08:00,2021-06-15 11:05:00+08:00,18,,,,False,,online,6.0
online_v2,000852.SH,2021-06-15,UpTrend,Range,2021-06-15 14:10:00+08:00,2021-06-15 14:15:00+08:00,38,,,,True,814,online,26.0
online_v2,000852.SH,2021-06-16,Shock,DownTrend,2021-06-16 13:30:00+08:00,2021-06-16 13:35:00+08:00,30,,,,True,815,online,18.0
online_v2,000852.SH,2021-06-17,Shock,UpTrend,2021-06-17 13:20:00+08:00,2021-06-17 13:25:00+08:00,28,,,,False,,online,16.0
online_v2,000852.SH,2021-06-18,Shock,Range,2021-06-18 13:10:00+08:00,2021-06-18 13:15:00+08:00,26,,,,False,,online,14.0
online_v2,000852.SH,2021-06-18,Range,UpTrend,2021-06-18 14:20:00+08:00,2021-06-18 14:25:00+08:00,40,,,,True,816,online,28.0
online_v2,000852.SH,2021-06-21,Shock,UpTrend,2021-06-21 10:50:00+08:00,2021-06-21 10:55:00+08:00,16,,,,False,,online,4.0
online_v2,000852.SH,2021-06-22,UpTrend,DownTrend,2021-06-22 13:55:00+08:00,2021-06-22 14:00:00+08:00,35,,,,True,817,online,23.0
online_v2,000852.SH,2021-06-25,DownTrend,UpTrend,2021-06-25 13:10:00+08:00,2021-06-25 13:15:00+08:00,26,,,,False,,online,14.0
online_v2,000852.SH,2021-07-01,Shock,UpTrend,2021-07-01 13:35:00+08:00,2021-07-01 13:40:00+08:00,31,,,,False,,online,19.0
online_v2,000852.SH,2021-07-02,Shock,Range,2021-07-02 11:10:00+08:00,2021-07-02 11:15:00+08:00,20,,,,False,,online,8.0
online_v2,000852.SH,2021-07-05,Shock,UpTrend,2021-07-05 11:05:00+08:00,2021-07-05 11:10:00+08:00,19,,,,False,,online,7.0
online_v2,000852.SH,2021-07-06,Shock,DownTrend,2021-07-06 14:00:00+08:00,2021-07-06 14:05:00+08:00,36,,,,True,818,online,24.0
online_v2,000852.SH,2021-07-06,DownTrend,Shock,2021-07-06 14:25:00+08:00,2021-07-06 14:30:00+08:00,41,,,,True,819,online,29.0
online_v2,000852.SH,2021-07-07,Shock,UpTrend,2021-07-07 10:55:00+08:00,2021-07-07 11:00:00+08:00,17,,,,False,,online,5.0
online_v2,000852.SH,2021-07-08,Range,Shock,2021-07-08 13:35:00+08:00,2021-07-08 13:40:00+08:00,31,,,,False,,online,19.0
online_v2,000852.SH,2021-07-08,Shock,Range,2021-07-08 14:10:00+08:00,2021-07-08 14:15:00+08:00,38,,,,True,820,online,26.0
online_v2,000852.SH,2021-07-09,Shock,UpTrend,2021-07-09 11:05:00+08:00,2021-07-09 11:10:00+08:00,19,,,,False,,online,7.0
online_v2,000852.SH,2021-07-12,UpTrend,Range,2021-07-12 14:10:00+08:00,2021-07-12 14:15:00+08:00,38,,,,True,821,online,26.0
online_v2,000852.SH,2021-07-13,DownTrend,UpTrend,2021-07-13 13:40:00+08:00,2021-07-13 13:45:00+08:00,32,,,,True,822,online,20.0
online_v2,000852.SH,2021-07-14,Shock,UpTrend,2021-07-14 11:25:00+08:00,2021-07-14 11:30:00+08:00,23,,,,False,,online,11.0
online_v2,000852.SH,2021-07-14,UpTrend,DownTrend,2021-07-14 14:15:00+08:00,2021-07-14 14:20:00+08:00,39,,,,True,823,online,27.0
online_v2,000852.SH,2021-07-15,Shock,UpTrend,2021-07-15 13:05:00+08:00,2021-07-15 13:10:00+08:00,25,,,,True,824,online,13.0
online_v2,000852.SH,2021-07-16,UpTrend,DownTrend,2021-07-16 14:00:00+08:00,2021-07-16 14:05:00+08:00,36,,,,True,825,online,24.0
online_v2,000852.SH,2021-07-19,Shock,DownTrend,2021-07-19 10:55:00+08:00,2021-07-19 11:00:00+08:00,17,,,,False,,online,5.0
online_v2,000852.SH,2021-07-19,DownTrend,Shock,2021-07-19 11:10:00+08:00,2021-07-19 11:15:00+08:00,20,,,,False,,online,8.0
online_v2,000852.SH,2021-07-19,Shock,DownTrend,2021-07-19 13:45:00+08:00,2021-07-19 13:50:00+08:00,33,,,,True,826,online,21.0
online_v2,000852.SH,2021-07-20,Shock,UpTrend,2021-07-20 13:10:00+08:00,2021-07-20 13:15:00+08:00,26,,,,False,,online,14.0
online_v2,000852.SH,2021-07-22,Range,UpTrend,2021-07-22 13:35:00+08:00,2021-07-22 13:40:00+08:00,31,,,,True,827,online,19.0
online_v2,000852.SH,2021-07-23,Shock,DownTrend,2021-07-23 11:25:00+08:00,2021-07-23 11:30:00+08:00,23,,,,True,828,online,11.0
online_v2,000852.SH,2021-07-27,Shock,Range,2021-07-27 13:25:00+08:00,2021-07-27 13:30:00+08:00,29,,,,True,829,online,17.0
online_v2,000852.SH,2021-07-27,Range,Shock,2021-07-27 14:20:00+08:00,2021-07-27 14:25:00+08:00,40,,,,True,830,online,28.0
online_v2,000852.SH,2021-07-28,Shock,DownTrend,2021-07-28 13:30:00+08:00,2021-07-28 13:35:00+08:00,30,,,,True,831,online,18.0
online_v2,000852.SH,2021-07-30,UpTrend,DownTrend,2021-07-30 13:30:00+08:00,2021-07-30 13:35:00+08:00,30,,,,True,832,online,18.0
online_v2,000852.SH,2021-08-02,Range,UpTrend,2021-08-02 13:45:00+08:00,2021-08-02 13:50:00+08:00,33,,,,True,833,online,21.0
online_v2,000852.SH,2021-08-03,Range,UpTrend,2021-08-03 11:25:00+08:00,2021-08-03 11:30:00+08:00,23,,,,True,834,online,11.0
online_v2,000852.SH,2021-08-03,UpTrend,DownTrend,2021-08-03 13:35:00+08:00,2021-08-03 13:40:00+08:00,31,,,,True,835,online,19.0
online_v2,000852.SH,2021-08-05,UpTrend,DownTrend,2021-08-05 14:00:00+08:00,2021-08-05 14:05:00+08:00,36,,,,False,,online,24.0
online_v2,000852.SH,2021-08-10,Range,DownTrend,2021-08-10 14:05:00+08:00,2021-08-10 14:10:00+08:00,37,,,,False,,online,25.0
online_v2,000852.SH,2021-08-11,Range,UpTrend,2021-08-11 11:10:00+08:00,2021-08-11 11:15:00+08:00,20,,,,False,,online,8.0
online_v2,000852.SH,2021-08-13,UpTrend,DownTrend,2021-08-13 11:20:00+08:00,2021-08-13 11:25:00+08:00,22,,,,False,,online,10.0
online_v2,000852.SH,2021-08-16,UpTrend,Range,2021-08-16 13:40:00+08:00,2021-08-16 13:45:00+08:00,32,,,,True,836,online,20.0
online_v2,000852.SH,2021-08-16,Range,DownTrend,2021-08-16 14:10:00+08:00,2021-08-16 14:15:00+08:00,38,,,,True,837,online,26.0
online_v2,000852.SH,2021-08-17,DownTrend,Shock,2021-08-17 14:00:00+08:00,2021-08-17 14:05:00+08:00,36,,,,True,838,online,24.0
online_v2,000852.SH,2021-08-18,Shock,DownTrend,2021-08-18 14:15:00+08:00,2021-08-18 14:20:00+08:00,39,,,,False,,online,27.0
online_v2,000852.SH,2021-08-20,Shock,DownTrend,2021-08-20 11:30:00+08:00,2021-08-20 13:05:00+08:00,24,,,,False,,online,12.0
online_v2,000852.SH,2021-08-20,DownTrend,UpTrend,2021-08-20 14:20:00+08:00,2021-08-20 14:25:00+08:00,40,,,,True,839,online,28.0
online_v2,000852.SH,2021-08-24,UpTrend,DownTrend,2021-08-24 14:25:00+08:00,2021-08-24 14:30:00+08:00,41,,,,True,840,online,29.0
online_v2,000852.SH,2021-08-25,Range,UpTrend,2021-08-25 11:25:00+08:00,2021-08-25 11:30:00+08:00,23,,,,False,,online,11.0
online_v2,000852.SH,2021-08-31,DownTrend,UpTrend,2021-08-31 13:50:00+08:00,2021-08-31 13:55:00+08:00,34,,,,True,841,online,22.0
online_v2,000852.SH,2021-09-01,Shock,DownTrend,2021-09-01 14:00:00+08:00,2021-09-01 14:05:00+08:00,36,,,,True,842,online,24.0
online_v2,000852.SH,2021-09-02,Range,UpTrend,2021-09-02 13:05:00+08:00,2021-09-02 13:10:00+08:00,25,,,,True,843,online,13.0
online_v2,000852.SH,2021-09-02,UpTrend,Range,2021-09-02 13:35:00+08:00,2021-09-02 13:40:00+08:00,31,,,,True,844,online,19.0
online_v2,000852.SH,2021-09-03,Shock,UpTrend,2021-09-03 13:40:00+08:00,2021-09-03 13:45:00+08:00,32,,,,True,845,online,20.0
online_v2,000852.SH,2021-09-03,UpTrend,DownTrend,2021-09-03 14:15:00+08:00,2021-09-03 14:20:00+08:00,39,,,,True,846,online,27.0
online_v2,000852.SH,2021-09-06,Shock,UpTrend,2021-09-06 10:55:00+08:00,2021-09-06 11:00:00+08:00,17,,,,False,,online,5.0
online_v2,000852.SH,2021-09-06,UpTrend,Range,2021-09-06 13:25:00+08:00,2021-09-06 13:30:00+08:00,29,,,,True,847,online,17.0
online_v2,000852.SH,2021-09-06,Range,UpTrend,2021-09-06 14:05:00+08:00,2021-09-06 14:10:00+08:00,37,,,,True,848,online,25.0
online_v2,000852.SH,2021-09-07,UpTrend,Range,2021-09-07 14:25:00+08:00,2021-09-07 14:30:00+08:00,41,,,,True,849,online,29.0
online_v2,000852.SH,2021-09-10,Shock,UpTrend,2021-09-10 13:25:00+08:00,2021-09-10 13:30:00+08:00,29,,,,True,850,online,17.0
online_v2,000852.SH,2021-09-10,UpTrend,Range,2021-09-10 14:00:00+08:00,2021-09-10 14:05:00+08:00,36,,,,True,851,online,24.0
online_v2,000852.SH,2021-09-14,UpTrend,DownTrend,2021-09-14 13:50:00+08:00,2021-09-14 13:55:00+08:00,34,,,,True,852,online,22.0
online_v2,000852.SH,2021-09-17,Shock,UpTrend,2021-09-17 14:10:00+08:00,2021-09-17 14:15:00+08:00,38,,,,True,853,online,26.0
online_v2,000852.SH,2021-09-22,Range,UpTrend,2021-09-22 13:05:00+08:00,2021-09-22 13:10:00+08:00,25,,,,True,854,online,13.0
online_v2,000852.SH,2021-09-22,UpTrend,Range,2021-09-22 14:05:00+08:00,2021-09-22 14:10:00+08:00,37,,,,True,855,online,25.0
online_v2,000852.SH,2021-09-27,Shock,DownTrend,2021-09-27 10:55:00+08:00,2021-09-27 11:00:00+08:00,17,,,,False,,online,5.0
online_v2,000852.SH,2021-09-27,DownTrend,Shock,2021-09-27 11:20:00+08:00,2021-09-27 11:25:00+08:00,22,,,,False,,online,10.0
online_v2,000852.SH,2021-09-27,Shock,UpTrend,2021-09-27 14:00:00+08:00,2021-09-27 14:05:00+08:00,36,,,,True,856,online,24.0
online_v2,000852.SH,2021-09-29,Shock,DownTrend,2021-09-29 10:55:00+08:00,2021-09-29 11:00:00+08:00,17,,,,False,,online,5.0
online_v2,000852.SH,2021-09-29,DownTrend,Shock,2021-09-29 11:05:00+08:00,2021-09-29 11:10:00+08:00,19,,,,False,,online,7.0
online_v2,000852.SH,2021-10-08,DownTrend,Range,2021-10-08 13:15:00+08:00,2021-10-08 13:20:00+08:00,27,,,,False,,online,15.0
online_v2,000852.SH,2021-10-08,Range,UpTrend,2021-10-08 13:55:00+08:00,2021-10-08 14:00:00+08:00,35,,,,True,857,online,23.0
online_v2,000852.SH,2021-10-11,Shock,Range,2021-10-11 11:15:00+08:00,2021-10-11 11:20:00+08:00,21,,,,False,,online,9.0
online_v2,000852.SH,2021-10-11,Range,DownTrend,2021-10-11 13:45:00+08:00,2021-10-11 13:50:00+08:00,33,,,,True,858,online,21.0
online_v2,000852.SH,2021-10-15,Range,UpTrend,2021-10-15 13:55:00+08:00,2021-10-15 14:00:00+08:00,35,,,,False,,online,23.0
online_v2,000852.SH,2021-10-18,UpTrend,Range,2021-10-18 13:30:00+08:00,2021-10-18 13:35:00+08:00,30,,,,True,859,online,18.0
online_v2,000852.SH,2021-10-18,Range,UpTrend,2021-10-18 14:20:00+08:00,2021-10-18 14:25:00+08:00,40,,,,True,860,online,28.0
online_v2,000852.SH,2021-10-21,UpTrend,Range,2021-10-21 11:30:00+08:00,2021-10-21 13:05:00+08:00,24,,,,False,,online,12.0
online_v2,000852.SH,2021-10-21,Range,DownTrend,2021-10-21 13:50:00+08:00,2021-10-21 13:55:00+08:00,34,,,,True,861,online,22.0
online_v2,000852.SH,2021-10-25,Shock,UpTrend,2021-10-25 11:05:00+08:00,2021-10-25 11:10:00+08:00,19,,,,False,,online,7.0
online_v2,000852.SH,2021-10-26,Range,DownTrend,2021-10-26 13:30:00+08:00,2021-10-26 13:35:00+08:00,30,,,,False,,online,18.0
online_v2,000852.SH,2021-10-27,Shock,DownTrend,2021-10-27 14:00:00+08:00,2021-10-27 14:05:00+08:00,36,,,,True,862,online,24.0
online_v2,000852.SH,2021-10-29,Shock,UpTrend,2021-10-29 13:40:00+08:00,2021-10-29 13:45:00+08:00,32,,,,False,,online,20.0
online_v2,000852.SH,2021-11-01,Shock,UpTrend,2021-11-01 11:15:00+08:00,2021-11-01 11:20:00+08:00,21,,,,False,,online,9.0
online_v2,000852.SH,2021-11-01,UpTrend,Range,2021-11-01 13:45:00+08:00,2021-11-01 13:50:00+08:00,33,,,,True,863,online,21.0
online_v2,000852.SH,2021-11-03,Shock,Range,2021-11-03 13:45:00+08:00,2021-11-03 13:50:00+08:00,33,,,,False,,online,21.0
online_v2,000852.SH,2021-11-04,UpTrend,Range,2021-11-04 14:00:00+08:00,2021-11-04 14:05:00+08:00,36,,,,True,864,online,24.0
online_v2,000852.SH,2021-11-10,Range,UpTrend,2021-11-10 13:45:00+08:00,2021-11-10 13:50:00+08:00,33,,,,True,865,online,21.0
online_v2,000852.SH,2021-11-11,Range,UpTrend,2021-11-11 13:05:00+08:00,2021-11-11 13:10:00+08:00,25,,,,True,866,online,13.0
online_v2,000852.SH,2021-11-15,DownTrend,UpTrend,2021-11-15 13:50:00+08:00,2021-11-15 13:55:00+08:00,34,,,,True,867,online,22.0
online_v2,000852.SH,2021-11-16,Range,DownTrend,2021-11-16 13:50:00+08:00,2021-11-16 13:55:00+08:00,34,,,,True,868,online,22.0
online_v2,000852.SH,2021-11-18,Range,UpTrend,2021-11-18 11:25:00+08:00,2021-11-18 11:30:00+08:00,23,,,,False,,online,11.0
online_v2,000852.SH,2021-11-18,UpTrend,DownTrend,2021-11-18 14:00:00+08:00,2021-11-18 14:05:00+08:00,36,,,,True,869,online,24.0
online_v2,000852.SH,2021-11-19,Range,UpTrend,2021-11-19 11:25:00+08:00,2021-11-19 11:30:00+08:00,23,,,,False,,online,11.0
online_v2,000852.SH,2021-11-23,Range,DownTrend,2021-11-23 13:50:00+08:00,2021-11-23 13:55:00+08:00,34,,,,True,870,online,22.0
online_v2,000852.SH,2021-11-24,Shock,UpTrend,2021-11-24 13:40:00+08:00,2021-11-24 13:45:00+08:00,32,,,,True,871,online,20.0
online_v2,000852.SH,2021-11-30,Shock,Range,2021-11-30 10:55:00+08:00,2021-11-30 11:00:00+08:00,17,,,,False,,online,5.0
online_v2,000852.SH,2021-11-30,Range,Shock,2021-11-30 11:05:00+08:00,2021-11-30 11:10:00+08:00,19,,,,False,,online,7.0
online_v2,000852.SH,2021-11-30,Shock,DownTrend,2021-11-30 13:40:00+08:00,2021-11-30 13:45:00+08:00,32,,,,True,872,online,20.0
online_v2,000852.SH,2021-11-30,DownTrend,Shock,2021-11-30 14:05:00+08:00,2021-11-30 14:10:00+08:00,37,,,,True,873,online,25.0
online_v2,000852.SH,2021-12-01,Shock,DownTrend,2021-12-01 11:00:00+08:00,2021-12-01 11:05:00+08:00,18,,,,False,,online,6.0
online_v2,000852.SH,2021-12-02,Shock,DownTrend,2021-12-02 10:45:00+08:00,2021-12-02 10:50:00+08:00,15,,,,False,,online,3.0
online_v2,000852.SH,2021-12-02,DownTrend,UpTrend,2021-12-02 13:40:00+08:00,2021-12-02 13:45:00+08:00,32,,,,True,874,online,20.0
online_v2,000852.SH,2021-12-03,Shock,Range,2021-12-03 11:05:00+08:00,2021-12-03 11:10:00+08:00,19,,,,False,,online,7.0
online_v2,000852.SH,2021-12-03,Range,UpTrend,2021-12-03 14:05:00+08:00,2021-12-03 14:10:00+08:00,37,,,,True,875,online,25.0
online_v2,000852.SH,2021-12-06,Range,DownTrend,2021-12-06 13:50:00+08:00,2021-12-06 13:55:00+08:00,34,,,,True,876,online,22.0
online_v2,000852.SH,2021-12-14,UpTrend,DownTrend,2021-12-14 14:15:00+08:00,2021-12-14 14:20:00+08:00,39,,,,True,877,online,27.0
online_v2,000852.SH,2021-12-16,Range,UpTrend,2021-12-16 13:45:00+08:00,2021-12-16 13:50:00+08:00,33,,,,True,878,online,21.0
online_v2,000852.SH,2021-12-17,DownTrend,Shock,2021-12-17 13:50:00+08:00,2021-12-17 13:55:00+08:00,34,,,,False,,online,22.0
online_v2,000852.SH,2021-12-20,Shock,DownTrend,2021-12-20 11:00:00+08:00,2021-12-20 11:05:00+08:00,18,,,,False,,online,6.0
online_v2,000852.SH,2021-12-20,DownTrend,Shock,2021-12-20 11:20:00+08:00,2021-12-20 11:25:00+08:00,22,,,,True,879,online,10.0
online_v2,000852.SH,2021-12-20,Shock,DownTrend,2021-12-20 14:15:00+08:00,2021-12-20 14:20:00+08:00,39,,,,True,880,online,27.0
online_v2,000852.SH,2021-12-21,Shock,DownTrend,2021-12-21 11:00:00+08:00,2021-12-21 11:05:00+08:00,18,,,,False,,online,6.0
online_v2,000852.SH,2021-12-21,DownTrend,Range,2021-12-21 11:30:00+08:00,2021-12-21 13:05:00+08:00,24,,,,True,881,online,12.0
online_v2,000852.SH,2021-12-21,Range,UpTrend,2021-12-21 13:15:00+08:00,2021-12-21 13:20:00+08:00,27,,,,True,882,online,15.0
online_v2,000852.SH,2021-12-24,Shock,Range,2021-12-24 13:30:00+08:00,2021-12-24 13:35:00+08:00,30,,,,True,883,online,18.0
online_v2,000852.SH,2021-12-27,Shock,DownTrend,2021-12-27 13:10:00+08:00,2021-12-27 13:15:00+08:00,26,,,,False,,online,14.0
online_v2,000852.SH,2021-12-27,DownTrend,Shock,2021-12-27 13:40:00+08:00,2021-12-27 13:45:00+08:00,32,,,,True,884,online,20.0
online_v2,000852.SH,2021-12-27,Shock,Range,2021-12-27 14:15:00+08:00,2021-12-27 14:20:00+08:00,39,,,,True,885,online,27.0
online_v2,000852.SH,2021-12-29,Shock,Range,2021-12-29 10:55:00+08:00,2021-12-29 11:00:00+08:00,17,,,,False,,online,5.0
online_v2,000852.SH,2021-12-30,UpTrend,DownTrend,2021-12-30 13:35:00+08:00,2021-12-30 13:40:00+08:00,31,,,,True,886,online,19.0
online_v2,000852.SH,2021-12-30,DownTrend,Range,2021-12-30 14:25:00+08:00,2021-12-30 14:30:00+08:00,41,,,,True,887,online,29.0
online_v2,000852.SH,2021-12-31,UpTrend,Range,2021-12-31 13:15:00+08:00,2021-12-31 13:20:00+08:00,27,,,,True,888,online,15.0
online_v2,000852.SH,2022-01-04,Shock,DownTrend,2022-01-04 10:50:00+08:00,2022-01-04 10:55:00+08:00,16,,,,False,,online,4.0
online_v2,000852.SH,2022-01-04,DownTrend,UpTrend,2022-01-04 13:05:00+08:00,2022-01-04 13:10:00+08:00,25,,,,False,,online,13.0
online_v2,000852.SH,2022-01-04,UpTrend,DownTrend,2022-01-04 14:25:00+08:00,2022-01-04 14:30:00+08:00,41,,,,True,889,online,29.0
online_v2,000852.SH,2022-01-05,Shock,DownTrend,2022-01-05 13:05:00+08:00,2022-01-05 13:10:00+08:00,25,,,,True,890,online,13.0
online_v2,000852.SH,2022-01-05,DownTrend,Shock,2022-01-05 13:25:00+08:00,2022-01-05 13:30:00+08:00,29,,,,True,891,online,17.0
online_v2,000852.SH,2022-01-05,Shock,UpTrend,2022-01-05 14:25:00+08:00,2022-01-05 14:30:00+08:00,41,,,,True,892,online,29.0
online_v2,000852.SH,2022-01-06,Shock,UpTrend,2022-01-06 13:05:00+08:00,2022-01-06 13:10:00+08:00,25,,,,True,893,online,13.0
online_v2,000852.SH,2022-01-06,UpTrend,Range,2022-01-06 14:20:00+08:00,2022-01-06 14:25:00+08:00,40,,,,True,894,online,28.0
online_v2,000852.SH,2022-01-07,DownTrend,Shock,2022-01-07 13:15:00+08:00,2022-01-07 13:20:00+08:00,27,,,,True,895,online,15.0
online_v2,000852.SH,2022-01-07,Shock,DownTrend,2022-01-07 14:20:00+08:00,2022-01-07 14:25:00+08:00,40,,,,True,896,online,28.0
online_v2,000852.SH,2022-01-10,Shock,UpTrend,2022-01-10 11:25:00+08:00,2022-01-10 11:30:00+08:00,23,,,,False,,online,11.0
online_v2,000852.SH,2022-01-10,UpTrend,DownTrend,2022-01-10 14:10:00+08:00,2022-01-10 14:15:00+08:00,38,,,,True,897,online,26.0
online_v2,000852.SH,2022-01-12,Range,UpTrend,2022-01-12 13:45:00+08:00,2022-01-12 13:50:00+08:00,33,,,,True,898,online,21.0
online_v2,000852.SH,2022-01-13,Shock,DownTrend,2022-01-13 13:10:00+08:00,2022-01-13 13:15:00+08:00,26,,,,False,,online,14.0
online_v2,000852.SH,2022-01-14,Shock,UpTrend,2022-01-14 13:40:00+08:00,2022-01-14 13:45:00+08:00,32,,,,False,,online,20.0
online_v2,000852.SH,2022-01-20,Shock,DownTrend,2022-01-20 13:55:00+08:00,2022-01-20 14:00:00+08:00,35,,,,True,899,online,23.0
online_v2,000852.SH,2022-01-21,Shock,DownTrend,2022-01-21 10:55:00+08:00,2022-01-21 11:00:00+08:00,17,,,,False,,online,5.0
online_v2,000852.SH,2022-01-21,DownTrend,Shock,2022-01-21 13:45:00+08:00,2022-01-21 13:50:00+08:00,33,,,,True,900,online,21.0
online_v2,000852.SH,2022-01-24,Shock,UpTrend,2022-01-24 11:15:00+08:00,2022-01-24 11:20:00+08:00,21,,,,False,,online,9.0
online_v2,000852.SH,2022-01-25,Shock,DownTrend,2022-01-25 13:30:00+08:00,2022-01-25 13:35:00+08:00,30,,,,True,901,online,18.0
online_v2,000852.SH,2022-01-25,DownTrend,Shock,2022-01-25 14:25:00+08:00,2022-01-25 14:30:00+08:00,41,,,,False,,online,29.0
online_v2,000852.SH,2022-01-26,Shock,DownTrend,2022-01-26 13:10:00+08:00,2022-01-26 13:15:00+08:00,26,,,,False,,online,14.0
online_v2,000852.SH,2022-01-26,DownTrend,Shock,2022-01-26 13:25:00+08:00,2022-01-26 13:30:00+08:00,29,,,,True,902,online,17.0
online_v2,000852.SH,2022-01-27,Shock,DownTrend,2022-01-27 13:30:00+08:00,2022-01-27 13:35:00+08:00,30,,,,True,903,online,18.0
online_v2,000852.SH,2022-02-07,DownTrend,Range,2022-02-07 13:40:00+08:00,2022-02-07 13:45:00+08:00,32,,,,True,904,online,20.0
online_v2,000852.SH,2022-02-08,Shock,DownTrend,2022-02-08 11:25:00+08:00,2022-02-08 11:30:00+08:00,23,,,,True,905,online,11.0
online_v2,000852.SH,2022-02-08,DownTrend,Range,2022-02-08 13:15:00+08:00,2022-02-08 13:20:00+08:00,27,,,,True,906,online,15.0
online_v2,000852.SH,2022-02-08,Range,UpTrend,2022-02-08 13:50:00+08:00,2022-02-08 13:55:00+08:00,34,,,,True,907,online,22.0
online_v2,000852.SH,2022-02-09,Shock,UpTrend,2022-02-09 10:50:00+08:00,2022-02-09 10:55:00+08:00,16,,,,False,,online,4.0
online_v2,000852.SH,2022-02-11,UpTrend,DownTrend,2022-02-11 13:25:00+08:00,2022-02-11 13:30:00+08:00,29,,,,True,908,online,17.0
online_v2,000852.SH,2022-02-14,Shock,DownTrend,2022-02-14 11:25:00+08:00,2022-02-14 11:30:00+08:00,23,,,,False,,online,11.0
online_v2,000852.SH,2022-02-16,UpTrend,DownTrend,2022-02-16 14:10:00+08:00,2022-02-16 14:15:00+08:00,38,,,,True,909,online,26.0
online_v2,000852.SH,2022-02-22,Shock,DownTrend,2022-02-22 13:35:00+08:00,2022-02-22 13:40:00+08:00,31,,,,False,,online,19.0
online_v2,000852.SH,2022-02-24,DownTrend,Shock,2022-02-24 13:05:00+08:00,2022-02-24 13:10:00+08:00,25,,,,True,910,online,13.0
online_v2,000852.SH,2022-02-25,UpTrend,Range,2022-02-25 13:35:00+08:00,2022-02-25 13:40:00+08:00,31,,,,False,,online,19.0
online_v2,000852.SH,2022-02-28,UpTrend,Range,2022-02-28 11:15:00+08:00,2022-02-28 11:20:00+08:00,21,,,,False,,online,9.0
online_v2,000852.SH,2022-02-28,Range,UpTrend,2022-02-28 14:05:00+08:00,2022-02-28 14:10:00+08:00,37,,,,True,911,online,25.0
online_v2,000852.SH,2022-03-01,Range,DownTrend,2022-03-01 13:25:00+08:00,2022-03-01 13:30:00+08:00,29,,,,True,912,online,17.0
online_v2,000852.SH,2022-03-01,DownTrend,UpTrend,2022-03-01 14:25:00+08:00,2022-03-01 14:30:00+08:00,41,,,,True,913,online,29.0
online_v2,000852.SH,2022-03-02,Shock,UpTrend,2022-03-02 13:10:00+08:00,2022-03-02 13:15:00+08:00,26,,,,False,,online,14.0
online_v2,000852.SH,2022-03-07,Shock,DownTrend,2022-03-07 11:25:00+08:00,2022-03-07 11:30:00+08:00,23,,,,False,,online,11.0
online_v2,000852.SH,2022-03-09,Shock,DownTrend,2022-03-09 11:30:00+08:00,2022-03-09 13:05:00+08:00,24,,,,True,914,online,12.0
online_v2,000852.SH,2022-03-09,DownTrend,Shock,2022-03-09 13:25:00+08:00,2022-03-09 13:30:00+08:00,29,,,,True,915,online,17.0
online_v2,000852.SH,2022-03-10,UpTrend,DownTrend,2022-03-10 13:35:00+08:00,2022-03-10 13:40:00+08:00,31,,,,True,916,online,19.0
online_v2,000852.SH,2022-03-11,DownTrend,Shock,2022-03-11 13:35:00+08:00,2022-03-11 13:40:00+08:00,31,,,,True,917,online,19.0
online_v2,000852.SH,2022-03-11,Shock,UpTrend,2022-03-11 14:00:00+08:00,2022-03-11 14:05:00+08:00,36,,,,True,918,online,24.0
online_v2,000852.SH,2022-03-14,Range,DownTrend,2022-03-14 11:00:00+08:00,2022-03-14 11:05:00+08:00,18,,,,False,,online,6.0
online_v2,000852.SH,2022-03-14,DownTrend,Range,2022-03-14 13:20:00+08:00,2022-03-14 13:25:00+08:00,28,,,,True,919,online,16.0
online_v2,000852.SH,2022-03-14,Range,DownTrend,2022-03-14 14:15:00+08:00,2022-03-14 14:20:00+08:00,39,,,,True,920,online,27.0
online_v2,000852.SH,2022-03-15,Shock,DownTrend,2022-03-15 13:05:00+08:00,2022-03-15 13:10:00+08:00,25,,,,False,,online,13.0
online_v2,000852.SH,2022-03-17,Range,DownTrend,2022-03-17 14:00:00+08:00,2022-03-17 14:05:00+08:00,36,,,,True,921,online,24.0
online_v2,000852.SH,2022-03-25,DownTrend,Range,2022-03-25 14:05:00+08:00,2022-03-25 14:10:00+08:00,37,,,,True,922,online,25.0
online_v2,000852.SH,2022-03-29,DownTrend,Range,2022-03-29 13:25:00+08:00,2022-03-29 13:30:00+08:00,29,,,,True,923,online,17.0
online_v2,000852.SH,2022-03-31,Range,DownTrend,2022-03-31 11:15:00+08:00,2022-03-31 11:20:00+08:00,21,,,,False,,online,9.0
online_v2,000852.SH,2022-04-01,UpTrend,Range,2022-04-01 14:20:00+08:00,2022-04-01 14:25:00+08:00,40,,,,False,,online,28.0
online_v2,000852.SH,2022-04-06,UpTrend,Range,2022-04-06 13:45:00+08:00,2022-04-06 13:50:00+08:00,33,,,,True,924,online,21.0
online_v2,000852.SH,2022-04-06,Range,DownTrend,2022-04-06 14:20:00+08:00,2022-04-06 14:25:00+08:00,40,,,,True,925,online,28.0
online_v2,000852.SH,2022-04-08,Shock,Range,2022-04-08 13:10:00+08:00,2022-04-08 13:15:00+08:00,26,,,,True,926,online,14.0
online_v2,000852.SH,2022-04-11,Shock,DownTrend,2022-04-11 14:05:00+08:00,2022-04-11 14:10:00+08:00,37,,,,False,,online,25.0
online_v2,000852.SH,2022-04-13,Range,UpTrend,2022-04-13 11:15:00+08:00,2022-04-13 11:20:00+08:00,21,,,,False,,online,9.0
online_v2,000852.SH,2022-04-13,UpTrend,Range,2022-04-13 14:05:00+08:00,2022-04-13 14:10:00+08:00,37,,,,True,927,online,25.0
online_v2,000852.SH,2022-04-14,Shock,UpTrend,2022-04-14 13:40:00+08:00,2022-04-14 13:45:00+08:00,32,,,,False,,online,20.0
online_v2,000852.SH,2022-04-18,Shock,UpTrend,2022-04-18 10:50:00+08:00,2022-04-18 10:55:00+08:00,16,,,,False,,online,4.0
online_v2,000852.SH,2022-04-20,Range,DownTrend,2022-04-20 13:35:00+08:00,2022-04-20 13:40:00+08:00,31,,,,True,928,online,19.0
online_v2,000852.SH,2022-04-21,Shock,DownTrend,2022-04-21 11:05:00+08:00,2022-04-21 11:10:00+08:00,19,,,,False,,online,7.0
online_v2,000852.SH,2022-04-21,DownTrend,Shock,2022-04-21 13:10:00+08:00,2022-04-21 13:15:00+08:00,26,,,,True,929,online,14.0
online_v2,000852.SH,2022-04-21,Shock,DownTrend,2022-04-21 14:20:00+08:00,2022-04-21 14:25:00+08:00,40,,,,True,930,online,28.0
online_v2,000852.SH,2022-04-22,Shock,DownTrend,2022-04-22 11:25:00+08:00,2022-04-22 11:30:00+08:00,23,,,,True,931,online,11.0
online_v2,000852.SH,2022-04-22,DownTrend,Shock,2022-04-22 14:00:00+08:00,2022-04-22 14:05:00+08:00,36,,,,True,932,online,24.0
online_v2,000852.SH,2022-04-25,Shock,DownTrend,2022-04-25 13:40:00+08:00,2022-04-25 13:45:00+08:00,32,,,,True,933,online,20.0
online_v2,000852.SH,2022-04-25,DownTrend,Shock,2022-04-25 14:00:00+08:00,2022-04-25 14:05:00+08:00,36,,,,True,934,online,24.0
online_v2,000852.SH,2022-04-26,Shock,UpTrend,2022-04-26 11:20:00+08:00,2022-04-26 11:25:00+08:00,22,,,,False,,online,10.0
online_v2,000852.SH,2022-04-26,UpTrend,Range,2022-04-26 13:25:00+08:00,2022-04-26 13:30:00+08:00,29,,,,True,935,online,17.0
online_v2,000852.SH,2022-04-26,Range,DownTrend,2022-04-26 13:50:00+08:00,2022-04-26 13:55:00+08:00,34,,,,True,936,online,22.0
online_v2,000852.SH,2022-04-27,Shock,UpTrend,2022-04-27 14:05:00+08:00,2022-04-27 14:10:00+08:00,37,,,,True,937,online,25.0
online_v2,000852.SH,2022-04-29,Range,Shock,2022-04-29 13:05:00+08:00,2022-04-29 13:10:00+08:00,25,,,,True,938,online,13.0
online_v2,000852.SH,2022-04-29,Shock,UpTrend,2022-04-29 14:05:00+08:00,2022-04-29 14:10:00+08:00,37,,,,True,939,online,25.0
online_v2,000852.SH,2022-05-05,UpTrend,Range,2022-05-05 13:50:00+08:00,2022-05-05 13:55:00+08:00,34,,,,True,940,online,22.0
online_v2,000852.SH,2022-05-06,UpTrend,DownTrend,2022-05-06 11:30:00+08:00,2022-05-06 13:05:00+08:00,24,,,,False,,online,12.0
online_v2,000852.SH,2022-05-11,UpTrend,DownTrend,2022-05-11 14:25:00+08:00,2022-05-11 14:30:00+08:00,41,,,,True,941,online,29.0
online_v2,000852.SH,2022-05-12,DownTrend,Range,2022-05-12 14:20:00+08:00,2022-05-12 14:25:00+08:00,40,,,,True,942,online,28.0
online_v2,000852.SH,2022-05-16,DownTrend,Range,2022-05-16 11:20:00+08:00,2022-05-16 11:25:00+08:00,22,,,,False,,online,10.0
online_v2,000852.SH,2022-05-23,Range,UpTrend,2022-05-23 13:50:00+08:00,2022-05-23 13:55:00+08:00,34,,,,True,943,online,22.0
online_v2,000852.SH,2022-05-24,Shock,DownTrend,2022-05-24 13:15:00+08:00,2022-05-24 13:20:00+08:00,27,,,,True,944,online,15.0
online_v2,000852.SH,2022-05-25,Shock,UpTrend,2022-05-25 13:55:00+08:00,2022-05-25 14:00:00+08:00,35,,,,False,,online,23.0
online_v2,000852.SH,2022-05-26,Shock,UpTrend,2022-05-26 13:10:00+08:00,2022-05-26 13:15:00+08:00,26,,,,True,945,online,14.0
online_v2,000852.SH,2022-05-26,UpTrend,Range,2022-05-26 13:55:00+08:00,2022-05-26 14:00:00+08:00,35,,,,True,946,online,23.0
online_v2,000852.SH,2022-05-27,Range,DownTrend,2022-05-27 13:45:00+08:00,2022-05-27 13:50:00+08:00,33,,,,True,947,online,21.0
online_v2,000852.SH,2022-06-01,UpTrend,Shock,2022-06-01 13:35:00+08:00,2022-06-01 13:40:00+08:00,31,,,,False,,online,19.0
online_v2,000852.SH,2022-06-06,Shock,UpTrend,2022-06-06 11:30:00+08:00,2022-06-06 13:05:00+08:00,24,,,,False,,online,12.0
online_v2,000852.SH,2022-06-06,UpTrend,Range,2022-06-06 14:15:00+08:00,2022-06-06 14:20:00+08:00,39,,,,True,948,online,27.0
online_v2,000852.SH,2022-06-07,Shock,DownTrend,2022-06-07 13:50:00+08:00,2022-06-07 13:55:00+08:00,34,,,,True,949,online,22.0
online_v2,000852.SH,2022-06-08,DownTrend,Shock,2022-06-08 11:10:00+08:00,2022-06-08 11:15:00+08:00,20,,,,False,,online,8.0
online_v2,000852.SH,2022-06-08,Shock,UpTrend,2022-06-08 14:20:00+08:00,2022-06-08 14:25:00+08:00,40,,,,True,950,online,28.0
online_v2,000852.SH,2022-06-13,Shock,DownTrend,2022-06-13 14:15:00+08:00,2022-06-13 14:20:00+08:00,39,,,,False,,online,27.0
online_v2,000852.SH,2022-06-14,Shock,UpTrend,2022-06-14 14:05:00+08:00,2022-06-14 14:10:00+08:00,37,,,,True,951,online,25.0
online_v2,000852.SH,2022-06-15,Range,UpTrend,2022-06-15 11:30:00+08:00,2022-06-15 13:05:00+08:00,24,,,,False,,online,12.0
online_v2,000852.SH,2022-06-15,UpTrend,Range,2022-06-15 14:05:00+08:00,2022-06-15 14:10:00+08:00,37,,,,True,952,online,25.0
online_v2,000852.SH,2022-06-16,UpTrend,DownTrend,2022-06-16 14:05:00+08:00,2022-06-16 14:10:00+08:00,37,,,,True,953,online,25.0
online_v2,000852.SH,2022-06-17,Range,Shock,2022-06-17 11:00:00+08:00,2022-06-17 11:05:00+08:00,18,,,,False,,online,6.0
online_v2,000852.SH,2022-06-17,Shock,UpTrend,2022-06-17 13:40:00+08:00,2022-06-17 13:45:00+08:00,32,,,,True,954,online,20.0
online_v2,000852.SH,2022-06-20,Shock,Range,2022-06-20 14:25:00+08:00,2022-06-20 14:30:00+08:00,41,,,,False,,online,29.0
online_v2,000852.SH,2022-06-21,Range,DownTrend,2022-06-21 14:00:00+08:00,2022-06-21 14:05:00+08:00,36,,,,True,955,online,24.0
online_v2,000852.SH,2022-06-22,Shock,Range,2022-06-22 13:25:00+08:00,2022-06-22 13:30:00+08:00,29,,,,False,,online,17.0
online_v2,000852.SH,2022-06-22,Range,DownTrend,2022-06-22 14:15:00+08:00,2022-06-22 14:20:00+08:00,39,,,,True,956,online,27.0
online_v2,000852.SH,2022-06-23,Shock,UpTrend,2022-06-23 11:25:00+08:00,2022-06-23 11:30:00+08:00,23,,,,False,,online,11.0
online_v2,000852.SH,2022-06-28,Range,UpTrend,2022-06-28 14:10:00+08:00,2022-06-28 14:15:00+08:00,38,,,,False,,online,26.0
online_v2,000852.SH,2022-06-29,Shock,DownTrend,2022-06-29 13:05:00+08:00,2022-06-29 13:10:00+08:00,25,,,,False,,online,13.0
online_v2,000852.SH,2022-06-30,Range,UpTrend,2022-06-30 11:15:00+08:00,2022-06-30 11:20:00+08:00,21,,,,False,,online,9.0
online_v2,000852.SH,2022-07-04,UpTrend,Range,2022-07-04 14:10:00+08:00,2022-07-04 14:15:00+08:00,38,,,,True,957,online,26.0
online_v2,000852.SH,2022-07-05,Shock,DownTrend,2022-07-05 13:55:00+08:00,2022-07-05 14:00:00+08:00,35,,,,True,958,online,23.0
online_v2,000852.SH,2022-07-06,Range,DownTrend,2022-07-06 14:05:00+08:00,2022-07-06 14:10:00+08:00,37,,,,False,,online,25.0
online_v2,000852.SH,2022-07-08,Shock,DownTrend,2022-07-08 13:25:00+08:00,2022-07-08 13:30:00+08:00,29,,,,False,,online,17.0
online_v2,000852.SH,2022-07-11,Shock,DownTrend,2022-07-11 11:15:00+08:00,2022-07-11 11:20:00+08:00,21,,,,False,,online,9.0
online_v2,000852.SH,2022-07-12,Shock,DownTrend,2022-07-12 11:10:00+08:00,2022-07-12 11:15:00+08:00,20,,,,False,,online,8.0
online_v2,000852.SH,2022-07-12,DownTrend,Shock,2022-07-12 13:25:00+08:00,2022-07-12 13:30:00+08:00,29,,,,False,,online,17.0
online_v2,000852.SH,2022-07-12,Shock,DownTrend,2022-07-12 14:25:00+08:00,2022-07-12 14:30:00+08:00,41,,,,True,959,online,29.0
online_v2,000852.SH,2022-07-13,Shock,UpTrend,2022-07-13 11:10:00+08:00,2022-07-13 11:15:00+08:00,20,,,,True,960,online,8.0
online_v2,000852.SH,2022-07-14,UpTrend,Range,2022-07-14 13:35:00+08:00,2022-07-14 13:40:00+08:00,31,,,,True,961,online,19.0
online_v2,000852.SH,2022-07-15,Shock,Range,2022-07-15 11:15:00+08:00,2022-07-15 11:20:00+08:00,21,,,,True,962,online,9.0
online_v2,000852.SH,2022-07-15,Range,DownTrend,2022-07-15 13:30:00+08:00,2022-07-15 13:35:00+08:00,30,,,,True,963,online,18.0
online_v2,000852.SH,2022-07-18,Shock,UpTrend,2022-07-18 11:00:00+08:00,2022-07-18 11:05:00+08:00,18,,,,False,,online,6.0
online_v2,000852.SH,2022-07-18,UpTrend,Range,2022-07-18 14:15:00+08:00,2022-07-18 14:20:00+08:00,39,,,,True,964,online,27.0
online_v2,000852.SH,2022-07-19,DownTrend,UpTrend,2022-07-19 14:25:00+08:00,2022-07-19 14:30:00+08:00,41,,,,True,965,online,29.0
online_v2,000852.SH,2022-07-22,Range,DownTrend,2022-07-22 11:25:00+08:00,2022-07-22 11:30:00+08:00,23,,,,False,,online,11.0
online_v2,000852.SH,2022-07-25,Shock,Range,2022-07-25 10:50:00+08:00,2022-07-25 10:55:00+08:00,16,,,,False,,online,4.0
online_v2,000852.SH,2022-07-25,Range,DownTrend,2022-07-25 11:30:00+08:00,2022-07-25 13:05:00+08:00,24,,,,False,,online,12.0
online_v2,000852.SH,2022-07-26,Shock,UpTrend,2022-07-26 11:25:00+08:00,2022-07-26 11:30:00+08:00,23,,,,False,,online,11.0
online_v2,000852.SH,2022-07-26,UpTrend,DownTrend,2022-07-26 13:50:00+08:00,2022-07-26 13:55:00+08:00,34,,,,True,966,online,22.0
online_v2,000852.SH,2022-07-26,DownTrend,Range,2022-07-26 14:15:00+08:00,2022-07-26 14:20:00+08:00,39,,,,True,967,online,27.0
online_v2,000852.SH,2022-07-27,UpTrend,Range,2022-07-27 13:40:00+08:00,2022-07-27 13:45:00+08:00,32,,,,False,,online,20.0
online_v2,000852.SH,2022-08-01,Shock,UpTrend,2022-08-01 13:45:00+08:00,2022-08-01 13:50:00+08:00,33,,,,True,968,online,21.0
online_v2,000852.SH,2022-08-02,Shock,UpTrend,2022-08-02 14:05:00+08:00,2022-08-02 14:10:00+08:00,37,,,,True,969,online,25.0
online_v2,000852.SH,2022-08-03,Range,DownTrend,2022-08-03 14:15:00+08:00,2022-08-03 14:20:00+08:00,39,,,,True,970,online,27.0
online_v2,000852.SH,2022-08-04,Shock,Range,2022-08-04 10:45:00+08:00,2022-08-04 10:50:00+08:00,15,,,,False,,online,3.0
online_v2,000852.SH,2022-08-04,Range,Shock,2022-08-04 13:25:00+08:00,2022-08-04 13:30:00+08:00,29,,,,False,,online,17.0
online_v2,000852.SH,2022-08-04,Shock,UpTrend,2022-08-04 14:15:00+08:00,2022-08-04 14:20:00+08:00,39,,,,True,971,online,27.0
online_v2,000852.SH,2022-08-05,Shock,Range,2022-08-05 10:45:00+08:00,2022-08-05 10:50:00+08:00,15,,,,False,,online,3.0
online_v2,000852.SH,2022-08-05,Range,UpTrend,2022-08-05 14:10:00+08:00,2022-08-05 14:15:00+08:00,38,,,,True,972,online,26.0
online_v2,000852.SH,2022-08-08,UpTrend,Range,2022-08-08 13:30:00+08:00,2022-08-08 13:35:00+08:00,30,,,,True,973,online,18.0
online_v2,000852.SH,2022-08-10,Range,DownTrend,2022-08-10 14:10:00+08:00,2022-08-10 14:15:00+08:00,38,,,,True,974,online,26.0
online_v2,000852.SH,2022-08-11,Range,UpTrend,2022-08-11 11:10:00+08:00,2022-08-11 11:15:00+08:00,20,,,,False,,online,8.0
online_v2,000852.SH,2022-08-12,Range,DownTrend,2022-08-12 13:10:00+08:00,2022-08-12 13:15:00+08:00,26,,,,False,,online,14.0
online_v2,000852.SH,2022-08-12,DownTrend,Range,2022-08-12 14:05:00+08:00,2022-08-12 14:10:00+08:00,37,,,,True,975,online,25.0
online_v2,000852.SH,2022-08-19,DownTrend,Range,2022-08-19 13:25:00+08:00,2022-08-19 13:30:00+08:00,29,,,,False,,online,17.0
online_v2,000852.SH,2022-08-19,Range,DownTrend,2022-08-19 14:20:00+08:00,2022-08-19 14:25:00+08:00,40,,,,True,976,online,28.0
online_v2,000852.SH,2022-08-23,DownTrend,Range,2022-08-23 14:00:00+08:00,2022-08-23 14:05:00+08:00,36,,,,False,,online,24.0
online_v2,000852.SH,2022-08-25,Shock,DownTrend,2022-08-25 13:50:00+08:00,2022-08-25 13:55:00+08:00,34,,,,True,977,online,22.0
online_v2,000852.SH,2022-08-26,UpTrend,DownTrend,2022-08-26 11:10:00+08:00,2022-08-26 11:15:00+08:00,20,,,,False,,online,8.0
online_v2,000852.SH,2022-08-30,Shock,DownTrend,2022-08-30 13:45:00+08:00,2022-08-30 13:50:00+08:00,33,,,,True,978,online,21.0
online_v2,000852.SH,2022-08-31,Shock,UpTrend,2022-08-31 13:50:00+08:00,2022-08-31 13:55:00+08:00,34,,,,True,979,online,22.0
online_v2,000852.SH,2022-08-31,UpTrend,DownTrend,2022-08-31 14:25:00+08:00,2022-08-31 14:30:00+08:00,41,,,,True,980,online,29.0
online_v2,000852.SH,2022-09-01,Shock,Range,2022-09-01 13:25:00+08:00,2022-09-01 13:30:00+08:00,29,,,,True,981,online,17.0
online_v2,000852.SH,2022-09-02,Shock,UpTrend,2022-09-02 11:30:00+08:00,2022-09-02 13:05:00+08:00,24,,,,True,982,online,12.0
online_v2,000852.SH,2022-09-02,UpTrend,DownTrend,2022-09-02 13:40:00+08:00,2022-09-02 13:45:00+08:00,32,,,,True,983,online,20.0
online_v2,000852.SH,2022-09-05,Shock,DownTrend,2022-09-05 11:15:00+08:00,2022-09-05 11:20:00+08:00,21,,,,False,,online,9.0
online_v2,000852.SH,2022-09-09,UpTrend,Range,2022-09-09 13:45:00+08:00,2022-09-09 13:50:00+08:00,33,,,,False,,online,21.0
online_v2,000852.SH,2022-09-15,Shock,DownTrend,2022-09-15 13:30:00+08:00,2022-09-15 13:35:00+08:00,30,,,,True,984,online,18.0
online_v2,000852.SH,2022-09-16,Shock,DownTrend,2022-09-16 13:20:00+08:00,2022-09-16 13:25:00+08:00,28,,,,False,,online,16.0
online_v2,000852.SH,2022-09-19,Shock,DownTrend,2022-09-19 13:25:00+08:00,2022-09-19 13:30:00+08:00,29,,,,False,,online,17.0
online_v2,000852.SH,2022-09-20,Range,DownTrend,2022-09-20 13:10:00+08:00,2022-09-20 13:15:00+08:00,26,,,,True,985,online,14.0
online_v2,000852.SH,2022-09-21,Shock,Range,2022-09-21 11:05:00+08:00,2022-09-21 11:10:00+08:00,19,,,,False,,online,7.0
online_v2,000852.SH,2022-09-21,Range,UpTrend,2022-09-21 14:20:00+08:00,2022-09-21 14:25:00+08:00,40,,,,True,986,online,28.0
online_v2,000852.SH,2022-09-22,Shock,Range,2022-09-22 11:25:00+08:00,2022-09-22 11:30:00+08:00,23,,,,False,,online,11.0
online_v2,000852.SH,2022-09-23,Shock,DownTrend,2022-09-23 11:05:00+08:00,2022-09-23 11:10:00+08:00,19,,,,False,,online,7.0
online_v2,000852.SH,2022-09-23,DownTrend,Shock,2022-09-23 13:05:00+08:00,2022-09-23 13:10:00+08:00,25,,,,True,987,online,13.0
online_v2,000852.SH,2022-09-26,Shock,DownTrend,2022-09-26 14:15:00+08:00,2022-09-26 14:20:00+08:00,39,,,,True,988,online,27.0
online_v2,000852.SH,2022-09-27,Shock,UpTrend,2022-09-27 13:50:00+08:00,2022-09-27 13:55:00+08:00,34,,,,False,,online,22.0
online_v2,000852.SH,2022-09-28,DownTrend,Range,2022-09-28 13:45:00+08:00,2022-09-28 13:50:00+08:00,33,,,,True,989,online,21.0
online_v2,000852.SH,2022-09-28,Range,Shock,2022-09-28 14:25:00+08:00,2022-09-28 14:30:00+08:00,41,,,,True,990,online,29.0
online_v2,000852.SH,2022-09-29,Shock,Range,2022-09-29 13:05:00+08:00,2022-09-29 13:10:00+08:00,25,,,,False,,online,13.0
online_v2,000852.SH,2022-09-29,Range,DownTrend,2022-09-29 14:05:00+08:00,2022-09-29 14:10:00+08:00,37,,,,True,991,online,25.0
online_v2,000852.SH,2022-10-10,Shock,Range,2022-10-10 11:15:00+08:00,2022-10-10 11:20:00+08:00,21,,,,False,,online,9.0
online_v2,000852.SH,2022-10-10,Range,DownTrend,2022-10-10 14:00:00+08:00,2022-10-10 14:05:00+08:00,36,,,,True,992,online,24.0
online_v2,000852.SH,2022-10-11,Shock,UpTrend,2022-10-11 11:25:00+08:00,2022-10-11 11:30:00+08:00,23,,,,True,993,online,11.0
online_v2,000852.SH,2022-10-11,UpTrend,Range,2022-10-11 14:15:00+08:00,2022-10-11 14:20:00+08:00,39,,,,True,994,online,27.0
online_v2,000852.SH,2022-10-12,Shock,DownTrend,2022-10-12 11:30:00+08:00,2022-10-12 13:05:00+08:00,24,,,,False,,online,12.0
online_v2,000852.SH,2022-10-12,DownTrend,Shock,2022-10-12 13:50:00+08:00,2022-10-12 13:55:00+08:00,34,,,,True,995,online,22.0
online_v2,000852.SH,2022-10-13,Range,UpTrend,2022-10-13 13:30:00+08:00,2022-10-13 13:35:00+08:00,30,,,,True,996,online,18.0
online_v2,000852.SH,2022-10-14,UpTrend,Range,2022-10-14 14:25:00+08:00,2022-10-14 14:30:00+08:00,41,,,,True,997,online,29.0
online_v2,000852.SH,2022-10-17,Range,UpTrend,2022-10-17 13:45:00+08:00,2022-10-17 13:50:00+08:00,33,,,,True,998,online,21.0
online_v2,000852.SH,2022-10-18,Range,UpTrend,2022-10-18 11:10:00+08:00,2022-10-18 11:15:00+08:00,20,,,,False,,online,8.0
online_v2,000852.SH,2022-10-18,UpTrend,DownTrend,2022-10-18 14:05:00+08:00,2022-10-18 14:10:00+08:00,37,,,,True,999,online,25.0
online_v2,000852.SH,2022-10-20,UpTrend,Shock,2022-10-20 13:10:00+08:00,2022-10-20 13:15:00+08:00,26,,,,True,1000,online,14.0
online_v2,000852.SH,2022-10-20,Shock,DownTrend,2022-10-20 14:15:00+08:00,2022-10-20 14:20:00+08:00,39,,,,True,1001,online,27.0
online_v2,000852.SH,2022-10-21,Range,UpTrend,2022-10-21 11:10:00+08:00,2022-10-21 11:15:00+08:00,20,,,,False,,online,8.0
online_v2,000852.SH,2022-10-21,UpTrend,Range,2022-10-21 13:15:00+08:00,2022-10-21 13:20:00+08:00,27,,,,True,1002,online,15.0
online_v2,000852.SH,2022-10-24,Shock,DownTrend,2022-10-24 13:50:00+08:00,2022-10-24 13:55:00+08:00,34,,,,False,,online,22.0
online_v2,000852.SH,2022-10-24,DownTrend,Shock,2022-10-24 14:25:00+08:00,2022-10-24 14:30:00+08:00,41,,,,True,1003,online,29.0
online_v2,000852.SH,2022-10-25,Shock,DownTrend,2022-10-25 10:50:00+08:00,2022-10-25 10:55:00+08:00,16,,,,False,,online,4.0
online_v2,000852.SH,2022-10-25,DownTrend,Shock,2022-10-25 11:20:00+08:00,2022-10-25 11:25:00+08:00,22,,,,False,,online,10.0
online_v2,000852.SH,2022-10-26,UpTrend,Range,2022-10-26 13:10:00+08:00,2022-10-26 13:15:00+08:00,26,,,,False,,online,14.0
online_v2,000852.SH,2022-10-26,Range,DownTrend,2022-10-26 13:55:00+08:00,2022-10-26 14:00:00+08:00,35,,,,True,1004,online,23.0
online_v2,000852.SH,2022-10-28,Range,DownTrend,2022-10-28 13:45:00+08:00,2022-10-28 13:50:00+08:00,33,,,,True,1005,online,21.0
online_v2,000852.SH,2022-10-31,Shock,UpTrend,2022-10-31 11:10:00+08:00,2022-10-31 11:15:00+08:00,20,,,,False,,online,8.0
online_v2,000852.SH,2022-10-31,UpTrend,DownTrend,2022-10-31 13:45:00+08:00,2022-10-31 13:50:00+08:00,33,,,,True,1006,online,21.0
online_v2,000852.SH,2022-11-01,UpTrend,DownTrend,2022-11-01 13:15:00+08:00,2022-11-01 13:20:00+08:00,27,,,,False,,online,15.0
online_v2,000852.SH,2022-11-01,DownTrend,UpTrend,2022-11-01 14:00:00+08:00,2022-11-01 14:05:00+08:00,36,,,,True,1007,online,24.0
online_v2,000852.SH,2022-11-10,DownTrend,UpTrend,2022-11-10 11:15:00+08:00,2022-11-10 11:20:00+08:00,21,,,,False,,online,9.0
online_v2,000852.SH,2022-11-10,UpTrend,DownTrend,2022-11-10 13:25:00+08:00,2022-11-10 13:30:00+08:00,29,,,,True,1008,online,17.0
online_v2,000852.SH,2022-11-16,DownTrend,Range,2022-11-16 14:10:00+08:00,2022-11-16 14:15:00+08:00,38,,,,True,1009,online,26.0
online_v2,000852.SH,2022-11-21,Shock,UpTrend,2022-11-21 14:05:00+08:00,2022-11-21 14:10:00+08:00,37,,,,False,,online,25.0
online_v2,000852.SH,2022-11-22,Shock,DownTrend,2022-11-22 13:30:00+08:00,2022-11-22 13:35:00+08:00,30,,,,False,,online,18.0
online_v2,000852.SH,2022-11-23,Shock,Range,2022-11-23 14:15:00+08:00,2022-11-23 14:20:00+08:00,39,,,,True,1010,online,27.0
online_v2,000852.SH,2022-11-24,Shock,DownTrend,2022-11-24 13:25:00+08:00,2022-11-24 13:30:00+08:00,29,,,,False,,online,17.0
online_v2,000852.SH,2022-11-28,Shock,UpTrend,2022-11-28 11:05:00+08:00,2022-11-28 11:10:00+08:00,19,,,,False,,online,7.0
online_v2,000852.SH,2022-11-28,UpTrend,DownTrend,2022-11-28 13:50:00+08:00,2022-11-28 13:55:00+08:00,34,,,,True,1011,online,22.0
online_v2,000852.SH,2022-11-28,DownTrend,Range,2022-11-28 14:20:00+08:00,2022-11-28 14:25:00+08:00,40,,,,True,1012,online,28.0
online_v2,000852.SH,2022-11-29,UpTrend,Range,2022-11-29 14:10:00+08:00,2022-11-29 14:15:00+08:00,38,,,,True,1013,online,26.0
online_v2,000852.SH,2022-11-30,UpTrend,Range,2022-11-30 13:40:00+08:00,2022-11-30 13:45:00+08:00,32,,,,True,1014,online,20.0
online_v2,000852.SH,2022-11-30,Range,DownTrend,2022-11-30 13:55:00+08:00,2022-11-30 14:00:00+08:00,35,,,,True,1015,online,23.0
online_v2,000852.SH,2022-12-01,Shock,Range,2022-12-01 11:10:00+08:00,2022-12-01 11:15:00+08:00,20,,,,False,,online,8.0
online_v2,000852.SH,2022-12-05,DownTrend,Range,2022-12-05 13:45:00+08:00,2022-12-05 13:50:00+08:00,33,,,,True,1016,online,21.0
online_v2,000852.SH,2022-12-06,UpTrend,Range,2022-12-06 14:00:00+08:00,2022-12-06 14:05:00+08:00,36,,,,True,1017,online,24.0
online_v2,000852.SH,2022-12-09,UpTrend,Range,2022-12-09 13:50:00+08:00,2022-12-09 13:55:00+08:00,34,,,,True,1018,online,22.0
online_v2,000852.SH,2022-12-13,DownTrend,Range,2022-12-13 13:35:00+08:00,2022-12-13 13:40:00+08:00,31,,,,True,1019,online,19.0
online_v2,000852.SH,2022-12-14,Shock,DownTrend,2022-12-14 13:05:00+08:00,2022-12-14 13:10:00+08:00,25,,,,False,,online,13.0
online_v2,000852.SH,2022-12-15,Range,UpTrend,2022-12-15 14:15:00+08:00,2022-12-15 14:20:00+08:00,39,,,,True,1020,online,27.0
online_v2,000852.SH,2022-12-16,Shock,DownTrend,2022-12-16 13:05:00+08:00,2022-12-16 13:10:00+08:00,25,,,,False,,online,13.0
online_v2,000852.SH,2022-12-16,DownTrend,Range,2022-12-16 14:05:00+08:00,2022-12-16 14:10:00+08:00,37,,,,True,1021,online,25.0
online_v2,000852.SH,2022-12-19,Shock,DownTrend,2022-12-19 13:15:00+08:00,2022-12-19 13:20:00+08:00,27,,,,False,,online,15.0
online_v2,000852.SH,2022-12-19,DownTrend,Shock,2022-12-19 13:55:00+08:00,2022-12-19 14:00:00+08:00,35,,,,True,1022,online,23.0
online_v2,000852.SH,2022-12-21,Range,Shock,2022-12-21 11:30:00+08:00,2022-12-21 13:05:00+08:00,24,,,,False,,online,12.0
online_v2,000852.SH,2022-12-22,Shock,Range,2022-12-22 13:05:00+08:00,2022-12-22 13:10:00+08:00,25,,,,False,,online,13.0
online_v2,000852.SH,2022-12-22,Range,DownTrend,2022-12-22 13:30:00+08:00,2022-12-22 13:35:00+08:00,30,,,,True,1023,online,18.0
online_v2,000852.SH,2022-12-23,Shock,Range,2022-12-23 11:30:00+08:00,2022-12-23 13:05:00+08:00,24,,,,True,1024,online,12.0
online_v2,000852.SH,2022-12-23,Range,DownTrend,2022-12-23 13:55:00+08:00,2022-12-23 14:00:00+08:00,35,,,,True,1025,online,23.0
online_v2,000852.SH,2022-12-27,Range,UpTrend,2022-12-27 13:15:00+08:00,2022-12-27 13:20:00+08:00,27,,,,True,1026,online,15.0
online_v2,000852.SH,2022-12-28,Range,UpTrend,2022-12-28 11:20:00+08:00,2022-12-28 11:25:00+08:00,22,,,,False,,online,10.0
online_v2,000852.SH,2022-12-28,UpTrend,DownTrend,2022-12-28 13:30:00+08:00,2022-12-28 13:35:00+08:00,30,,,,True,1027,online,18.0
online_v2,000852.SH,2022-12-29,UpTrend,Range,2022-12-29 13:10:00+08:00,2022-12-29 13:15:00+08:00,26,,,,True,1028,online,14.0
online_v2,000852.SH,2022-12-29,Range,DownTrend,2022-12-29 13:40:00+08:00,2022-12-29 13:45:00+08:00,32,,,,True,1029,online,20.0
online_v2,000852.SH,2022-12-30,DownTrend,Range,2022-12-30 13:15:00+08:00,2022-12-30 13:20:00+08:00,27,,,,False,,online,15.0
online_v2,000852.SH,2023-01-04,Range,DownTrend,2023-01-04 13:15:00+08:00,2023-01-04 13:20:00+08:00,27,,,,True,1030,online,15.0
online_v2,000852.SH,2023-01-06,Range,UpTrend,2023-01-06 11:15:00+08:00,2023-01-06 11:20:00+08:00,21,,,,False,,online,9.0
online_v2,000852.SH,2023-01-06,UpTrend,DownTrend,2023-01-06 13:30:00+08:00,2023-01-06 13:35:00+08:00,30,,,,True,1031,online,18.0
online_v2,000852.SH,2023-01-11,UpTrend,DownTrend,2023-01-11 13:55:00+08:00,2023-01-11 14:00:00+08:00,35,,,,False,,online,23.0
online_v2,000852.SH,2023-01-16,Shock,UpTrend,2023-01-16 13:05:00+08:00,2023-01-16 13:10:00+08:00,25,,,,True,1032,online,13.0
online_v2,000852.SH,2023-01-16,UpTrend,DownTrend,2023-01-16 13:50:00+08:00,2023-01-16 13:55:00+08:00,34,,,,True,1033,online,22.0
online_v2,000852.SH,2023-01-17,DownTrend,Range,2023-01-17 14:05:00+08:00,2023-01-17 14:10:00+08:00,37,,,,True,1034,online,25.0
online_v2,000852.SH,2023-01-19,UpTrend,Range,2023-01-19 14:20:00+08:00,2023-01-19 14:25:00+08:00,40,,,,True,1035,online,28.0
online_v2,000852.SH,2023-01-20,Shock,UpTrend,2023-01-20 13:50:00+08:00,2023-01-20 13:55:00+08:00,34,,,,False,,online,22.0
online_v2,000852.SH,2023-01-30,Shock,DownTrend,2023-01-30 13:45:00+08:00,2023-01-30 13:50:00+08:00,33,,,,False,,online,21.0
online_v2,000852.SH,2023-02-01,Shock,UpTrend,2023-02-01 13:10:00+08:00,2023-02-01 13:15:00+08:00,26,,,,True,1036,online,14.0
online_v2,000852.SH,2023-02-02,Shock,DownTrend,2023-02-02 13:50:00+08:00,2023-02-02 13:55:00+08:00,34,,,,True,1037,online,22.0
online_v2,000852.SH,2023-02-03,Shock,DownTrend,2023-02-03 11:25:00+08:00,2023-02-03 11:30:00+08:00,23,,,,False,,online,11.0
online_v2,000852.SH,2023-02-03,DownTrend,Shock,2023-02-03 13:25:00+08:00,2023-02-03 13:30:00+08:00,29,,,,True,1038,online,17.0
online_v2,000852.SH,2023-02-07,Shock,UpTrend,2023-02-07 11:15:00+08:00,2023-02-07 11:20:00+08:00,21,,,,False,,online,9.0
online_v2,000852.SH,2023-02-08,Range,DownTrend,2023-02-08 13:45:00+08:00,2023-02-08 13:50:00+08:00,33,,,,True,1039,online,21.0
online_v2,000852.SH,2023-02-09,Shock,UpTrend,2023-02-09 13:25:00+08:00,2023-02-09 13:30:00+08:00,29,,,,False,,online,17.0
online_v2,000852.SH,2023-02-10,Range,DownTrend,2023-02-10 11:15:00+08:00,2023-02-10 11:20:00+08:00,21,,,,False,,online,9.0
online_v2,000852.SH,2023-02-10,DownTrend,Shock,2023-02-10 11:30:00+08:00,2023-02-10 13:05:00+08:00,24,,,,True,1040,online,12.0
online_v2,000852.SH,2023-02-10,Shock,UpTrend,2023-02-10 14:10:00+08:00,2023-02-10 14:15:00+08:00,38,,,,True,1041,online,26.0
online_v2,000852.SH,2023-02-16,DownTrend,Shock,2023-02-16 14:05:00+08:00,2023-02-16 14:10:00+08:00,37,,,,True,1042,online,25.0
online_v2,000852.SH,2023-02-17,Shock,DownTrend,2023-02-17 11:25:00+08:00,2023-02-17 11:30:00+08:00,23,,,,False,,online,11.0
online_v2,000852.SH,2023-02-17,DownTrend,Shock,2023-02-17 13:15:00+08:00,2023-02-17 13:20:00+08:00,27,,,,True,1043,online,15.0
online_v2,000852.SH,2023-02-17,Shock,Range,2023-02-17 14:15:00+08:00,2023-02-17 14:20:00+08:00,39,,,,True,1044,online,27.0
online_v2,000852.SH,2023-02-20,Shock,UpTrend,2023-02-20 13:15:00+08:00,2023-02-20 13:20:00+08:00,27,,,,False,,online,15.0
online_v2,000852.SH,2023-02-22,UpTrend,Range,2023-02-22 13:35:00+08:00,2023-02-22 13:40:00+08:00,31,,,,True,1045,online,19.0
online_v2,000852.SH,2023-02-23,Range,DownTrend,2023-02-23 13:45:00+08:00,2023-02-23 13:50:00+08:00,33,,,,False,,online,21.0
online_v2,000852.SH,2023-02-24,DownTrend,Range,2023-02-24 13:05:00+08:00,2023-02-24 13:10:00+08:00,25,,,,True,1046,online,13.0
online_v2,000852.SH,2023-02-27,Range,DownTrend,2023-02-27 13:25:00+08:00,2023-02-27 13:30:00+08:00,29,,,,False,,online,17.0
online_v2,000852.SH,2023-02-28,DownTrend,UpTrend,2023-02-28 14:25:00+08:00,2023-02-28 14:30:00+08:00,41,,,,True,1047,online,29.0
online_v2,000852.SH,2023-03-01,UpTrend,Range,2023-03-01 14:10:00+08:00,2023-03-01 14:15:00+08:00,38,,,,True,1048,online,26.0
online_v2,000852.SH,2023-03-03,DownTrend,UpTrend,2023-03-03 14:05:00+08:00,2023-03-03 14:10:00+08:00,37,,,,True,1049,online,25.0
online_v2,000852.SH,2023-03-09,Shock,Range,2023-03-09 10:50:00+08:00,2023-03-09 10:55:00+08:00,16,,,,False,,online,4.0
online_v2,000852.SH,2023-03-09,Range,Shock,2023-03-09 13:10:00+08:00,2023-03-09 13:15:00+08:00,26,,,,False,,online,14.0
online_v2,000852.SH,2023-03-09,Shock,UpTrend,2023-03-09 13:45:00+08:00,2023-03-09 13:50:00+08:00,33,,,,False,,online,21.0
online_v2,000852.SH,2023-03-10,Shock,DownTrend,2023-03-10 13:30:00+08:00,2023-03-10 13:35:00+08:00,30,,,,True,1050,online,18.0
online_v2,000852.SH,2023-03-13,Shock,UpTrend,2023-03-13 13:05:00+08:00,2023-03-13 13:10:00+08:00,25,,,,True,1051,online,13.0
online_v2,000852.SH,2023-03-14,Shock,UpTrend,2023-03-14 14:05:00+08:00,2023-03-14 14:10:00+08:00,37,,,,True,1052,online,25.0
online_v2,000852.SH,2023-03-15,Range,DownTrend,2023-03-15 13:25:00+08:00,2023-03-15 13:30:00+08:00,29,,,,True,1053,online,17.0
online_v2,000852.SH,2023-03-16,Shock,DownTrend,2023-03-16 13:10:00+08:00,2023-03-16 13:15:00+08:00,26,,,,False,,online,14.0
online_v2,000852.SH,2023-03-17,Shock,DownTrend,2023-03-17 14:20:00+08:00,2023-03-17 14:25:00+08:00,40,,,,True,1054,online,28.0
online_v2,000852.SH,2023-03-20,Shock,DownTrend,2023-03-20 14:15:00+08:00,2023-03-20 14:20:00+08:00,39,,,,False,,online,27.0
online_v2,000852.SH,2023-03-21,UpTrend,Range,2023-03-21 11:25:00+08:00,2023-03-21 11:30:00+08:00,23,,,,False,,online,11.0
online_v2,000852.SH,2023-03-23,Range,UpTrend,2023-03-23 13:45:00+08:00,2023-03-23 13:50:00+08:00,33,,,,True,1055,online,21.0
online_v2,000852.SH,2023-03-24,DownTrend,UpTrend,2023-03-24 13:05:00+08:00,2023-03-24 13:10:00+08:00,25,,,,True,1056,online,13.0
online_v2,000852.SH,2023-03-24,UpTrend,Range,2023-03-24 14:10:00+08:00,2023-03-24 14:15:00+08:00,38,,,,True,1057,online,26.0
online_v2,000852.SH,2023-03-27,Shock,UpTrend,2023-03-27 13:40:00+08:00,2023-03-27 13:45:00+08:00,32,,,,True,1058,online,20.0
online_v2,000852.SH,2023-03-29,UpTrend,Range,2023-03-29 14:00:00+08:00,2023-03-29 14:05:00+08:00,36,,,,True,1059,online,24.0
online_v2,000852.SH,2023-03-31,Range,UpTrend,2023-03-31 14:15:00+08:00,2023-03-31 14:20:00+08:00,39,,,,True,1060,online,27.0
online_v2,000852.SH,2023-04-04,Shock,UpTrend,2023-04-04 13:15:00+08:00,2023-04-04 13:20:00+08:00,27,,,,True,1061,online,15.0
online_v2,000852.SH,2023-04-04,UpTrend,Shock,2023-04-04 14:20:00+08:00,2023-04-04 14:25:00+08:00,40,,,,True,1062,online,28.0
online_v2,000852.SH,2023-04-06,Range,UpTrend,2023-04-06 13:25:00+08:00,2023-04-06 13:30:00+08:00,29,,,,False,,online,17.0
online_v2,000852.SH,2023-04-06,UpTrend,Range,2023-04-06 14:20:00+08:00,2023-04-06 14:25:00+08:00,40,,,,True,1063,online,28.0
online_v2,000852.SH,2023-04-10,DownTrend,Shock,2023-04-10 11:25:00+08:00,2023-04-10 11:30:00+08:00,23,,,,True,1064,online,11.0
online_v2,000852.SH,2023-04-10,Shock,DownTrend,2023-04-10 13:05:00+08:00,2023-04-10 13:10:00+08:00,25,,,,True,1065,online,13.0
online_v2,000852.SH,2023-04-10,DownTrend,Range,2023-04-10 14:00:00+08:00,2023-04-10 14:05:00+08:00,36,,,,True,1066,online,24.0
online_v2,000852.SH,2023-04-10,Range,Shock,2023-04-10 14:25:00+08:00,2023-04-10 14:30:00+08:00,41,,,,True,1067,online,29.0
online_v2,000852.SH,2023-04-11,UpTrend,DownTrend,2023-04-11 11:25:00+08:00,2023-04-11 11:30:00+08:00,23,,,,False,,online,11.0
online_v2,000852.SH,2023-04-11,DownTrend,Range,2023-04-11 13:50:00+08:00,2023-04-11 13:55:00+08:00,34,,,,True,1068,online,22.0
online_v2,000852.SH,2023-04-13,DownTrend,Shock,2023-04-13 13:50:00+08:00,2023-04-13 13:55:00+08:00,34,,,,True,1069,online,22.0
online_v2,000852.SH,2023-04-14,Shock,UpTrend,2023-04-14 13:05:00+08:00,2023-04-14 13:10:00+08:00,25,,,,True,1070,online,13.0
online_v2,000852.SH,2023-04-18,Range,UpTrend,2023-04-18 13:10:00+08:00,2023-04-18 13:15:00+08:00,26,,,,False,,online,14.0
online_v2,000852.SH,2023-04-19,UpTrend,DownTrend,2023-04-19 14:00:00+08:00,2023-04-19 14:05:00+08:00,36,,,,True,1071,online,24.0
online_v2,000852.SH,2023-04-24,Shock,Range,2023-04-24 13:15:00+08:00,2023-04-24 13:20:00+08:00,27,,,,False,,online,15.0
online_v2,000852.SH,2023-04-24,Range,DownTrend,2023-04-24 14:00:00+08:00,2023-04-24 14:05:00+08:00,36,,,,True,1072,online,24.0
online_v2,000852.SH,2023-04-26,Shock,UpTrend,2023-04-26 13:40:00+08:00,2023-04-26 13:45:00+08:00,32,,,,True,1073,online,20.0
online_v2,000852.SH,2023-04-27,DownTrend,UpTrend,2023-04-27 13:45:00+08:00,2023-04-27 13:50:00+08:00,33,,,,True,1074,online,21.0
online_v2,000852.SH,2023-05-04,DownTrend,Range,2023-05-04 13:25:00+08:00,2023-05-04 13:30:00+08:00,29,,,,True,1075,online,17.0
online_v2,000852.SH,2023-05-09,UpTrend,DownTrend,2023-05-09 13:10:00+08:00,2023-05-09 13:15:00+08:00,26,,,,True,1076,online,14.0
online_v2,000852.SH,2023-05-11,Range,UpTrend,2023-05-11 11:00:00+08:00,2023-05-11 11:05:00+08:00,18,,,,False,,online,6.0
online_v2,000852.SH,2023-05-11,UpTrend,DownTrend,2023-05-11 13:20:00+08:00,2023-05-11 13:25:00+08:00,28,,,,True,1077,online,16.0
online_v2,000852.SH,2023-05-12,Range,DownTrend,2023-05-12 13:45:00+08:00,2023-05-12 13:50:00+08:00,33,,,,True,1078,online,21.0
online_v2,000852.SH,2023-05-15,DownTrend,UpTrend,2023-05-15 13:25:00+08:00,2023-05-15 13:30:00+08:00,29,,,,True,1079,online,17.0
online_v2,000852.SH,2023-05-17,UpTrend,DownTrend,2023-05-17 13:20:00+08:00,2023-05-17 13:25:00+08:00,28,,,,False,,online,16.0
online_v2,000852.SH,2023-05-17,DownTrend,Range,2023-05-17 14:05:00+08:00,2023-05-17 14:10:00+08:00,37,,,,True,1080,online,25.0
online_v2,000852.SH,2023-05-18,Range,DownTrend,2023-05-18 13:50:00+08:00,2023-05-18 13:55:00+08:00,34,,,,True,1081,online,22.0
online_v2,000852.SH,2023-05-18,DownTrend,Range,2023-05-18 14:25:00+08:00,2023-05-18 14:30:00+08:00,41,,,,True,1082,online,29.0
online_v2,000852.SH,2023-05-19,Shock,UpTrend,2023-05-19 11:25:00+08:00,2023-05-19 11:30:00+08:00,23,,,,False,,online,11.0
online_v2,000852.SH,2023-05-19,UpTrend,Shock,2023-05-19 13:05:00+08:00,2023-05-19 13:10:00+08:00,25,,,,False,,online,13.0
online_v2,000852.SH,2023-05-19,Shock,Range,2023-05-19 14:10:00+08:00,2023-05-19 14:15:00+08:00,38,,,,True,1083,online,26.0
online_v2,000852.SH,2023-05-23,Range,DownTrend,2023-05-23 13:45:00+08:00,2023-05-23 13:50:00+08:00,33,,,,True,1084,online,21.0
online_v2,000852.SH,2023-05-24,UpTrend,Shock,2023-05-24 11:10:00+08:00,2023-05-24 11:15:00+08:00,20,,,,False,,online,8.0
online_v2,000852.SH,2023-05-24,Shock,DownTrend,2023-05-24 14:05:00+08:00,2023-05-24 14:10:00+08:00,37,,,,True,1085,online,25.0
online_v2,000852.SH,2023-05-26,Shock,Range,2023-05-26 11:05:00+08:00,2023-05-26 11:10:00+08:00,19,,,,False,,online,7.0
online_v2,000852.SH,2023-05-26,Range,UpTrend,2023-05-26 13:10:00+08:00,2023-05-26 13:15:00+08:00,26,,,,True,1086,online,14.0
online_v2,000852.SH,2023-05-29,DownTrend,Shock,2023-05-29 13:25:00+08:00,2023-05-29 13:30:00+08:00,29,,,,True,1087,online,17.0
online_v2,000852.SH,2023-05-29,Shock,Range,2023-05-29 14:15:00+08:00,2023-05-29 14:20:00+08:00,39,,,,True,1088,online,27.0
online_v2,000852.SH,2023-05-30,DownTrend,Range,2023-05-30 13:40:00+08:00,2023-05-30 13:45:00+08:00,32,,,,True,1089,online,20.0
online_v2,000852.SH,2023-05-30,Range,Shock,2023-05-30 14:15:00+08:00,2023-05-30 14:20:00+08:00,39,,,,True,1090,online,27.0
online_v2,000852.SH,2023-06-01,Shock,UpTrend,2023-06-01 13:05:00+08:00,2023-06-01 13:10:00+08:00,25,,,,False,,online,13.0
online_v2,000852.SH,2023-06-01,UpTrend,DownTrend,2023-06-01 14:10:00+08:00,2023-06-01 14:15:00+08:00,38,,,,True,1091,online,26.0
online_v2,000852.SH,2023-06-05,Range,DownTrend,2023-06-05 11:30:00+08:00,2023-06-05 13:05:00+08:00,24,,,,False,,online,12.0
online_v2,000852.SH,2023-06-07,Shock,Range,2023-06-07 13:35:00+08:00,2023-06-07 13:40:00+08:00,31,,,,False,,online,19.0
online_v2,000852.SH,2023-06-08,Shock,Range,2023-06-08 13:55:00+08:00,2023-06-08 14:00:00+08:00,35,,,,True,1092,online,23.0
online_v2,000852.SH,2023-06-09,DownTrend,Range,2023-06-09 11:25:00+08:00,2023-06-09 11:30:00+08:00,23,,,,False,,online,11.0
online_v2,000852.SH,2023-06-09,Range,UpTrend,2023-06-09 14:15:00+08:00,2023-06-09 14:20:00+08:00,39,,,,True,1093,online,27.0
online_v2,000852.SH,2023-06-16,Range,UpTrend,2023-06-16 11:15:00+08:00,2023-06-16 11:20:00+08:00,21,,,,False,,online,9.0
online_v2,000852.SH,2023-06-20,DownTrend,UpTrend,2023-06-20 11:25:00+08:00,2023-06-20 11:30:00+08:00,23,,,,False,,online,11.0
online_v2,000852.SH,2023-06-21,Shock,DownTrend,2023-06-21 13:10:00+08:00,2023-06-21 13:15:00+08:00,26,,,,False,,online,14.0
online_v2,000852.SH,2023-06-21,DownTrend,Range,2023-06-21 14:15:00+08:00,2023-06-21 14:20:00+08:00,39,,,,True,1094,online,27.0
online_v2,000852.SH,2023-06-26,Shock,DownTrend,2023-06-26 13:40:00+08:00,2023-06-26 13:45:00+08:00,32,,,,True,1095,online,20.0
online_v2,000852.SH,2023-06-26,DownTrend,Shock,2023-06-26 14:25:00+08:00,2023-06-26 14:30:00+08:00,41,,,,True,1096,online,29.0
online_v2,000852.SH,2023-06-27,UpTrend,Range,2023-06-27 14:25:00+08:00,2023-06-27 14:30:00+08:00,41,,,,True,1097,online,29.0
online_v2,000852.SH,2023-06-28,Shock,UpTrend,2023-06-28 13:25:00+08:00,2023-06-28 13:30:00+08:00,29,,,,True,1098,online,17.0
online_v2,000852.SH,2023-07-03,Shock,UpTrend,2023-07-03 11:00:00+08:00,2023-07-03 11:05:00+08:00,18,,,,False,,online,6.0
online_v2,000852.SH,2023-07-03,UpTrend,DownTrend,2023-07-03 14:10:00+08:00,2023-07-03 14:15:00+08:00,38,,,,True,1099,online,26.0
online_v2,000852.SH,2023-07-04,UpTrend,Range,2023-07-04 13:05:00+08:00,2023-07-04 13:10:00+08:00,25,,,,True,1100,online,13.0
online_v2,000852.SH,2023-07-05,Range,DownTrend,2023-07-05 13:50:00+08:00,2023-07-05 13:55:00+08:00,34,,,,True,1101,online,22.0
online_v2,000852.SH,2023-07-06,UpTrend,DownTrend,2023-07-06 11:10:00+08:00,2023-07-06 11:15:00+08:00,20,,,,False,,online,8.0
online_v2,000852.SH,2023-07-06,DownTrend,Range,2023-07-06 14:00:00+08:00,2023-07-06 14:05:00+08:00,36,,,,True,1102,online,24.0
online_v2,000852.SH,2023-07-07,Shock,UpTrend,2023-07-07 11:10:00+08:00,2023-07-07 11:15:00+08:00,20,,,,False,,online,8.0
online_v2,000852.SH,2023-07-07,UpTrend,DownTrend,2023-07-07 14:25:00+08:00,2023-07-07 14:30:00+08:00,41,,,,True,1103,online,29.0
online_v2,000852.SH,2023-07-10,Range,DownTrend,2023-07-10 13:10:00+08:00,2023-07-10 13:15:00+08:00,26,,,,True,1104,online,14.0
online_v2,000852.SH,2023-07-12,Range,DownTrend,2023-07-12 13:30:00+08:00,2023-07-12 13:35:00+08:00,30,,,,True,1105,online,18.0
online_v2,000852.SH,2023-07-18,UpTrend,Shock,2023-07-18 13:20:00+08:00,2023-07-18 13:25:00+08:00,28,,,,True,1106,online,16.0
online_v2,000852.SH,2023-07-20,Shock,DownTrend,2023-07-20 11:30:00+08:00,2023-07-20 13:05:00+08:00,24,,,,False,,online,12.0
online_v2,000852.SH,2023-07-20,DownTrend,Shock,2023-07-20 13:20:00+08:00,2023-07-20 13:25:00+08:00,28,,,,True,1107,online,16.0
online_v2,000852.SH,2023-07-20,Shock,DownTrend,2023-07-20 14:10:00+08:00,2023-07-20 14:15:00+08:00,38,,,,True,1108,online,26.0
online_v2,000852.SH,2023-07-21,Shock,DownTrend,2023-07-21 11:25:00+08:00,2023-07-21 11:30:00+08:00,23,,,,False,,online,11.0
online_v2,000852.SH,2023-07-21,DownTrend,Shock,2023-07-21 14:20:00+08:00,2023-07-21 14:25:00+08:00,40,,,,True,1109,online,28.0
online_v2,000852.SH,2023-07-24,Shock,DownTrend,2023-07-24 13:25:00+08:00,2023-07-24 13:30:00+08:00,29,,,,False,,online,17.0
online_v2,000852.SH,2023-07-28,Shock,UpTrend,2023-07-28 11:15:00+08:00,2023-07-28 11:20:00+08:00,21,,,,False,,online,9.0
online_v2,000852.SH,2023-07-28,UpTrend,Shock,2023-07-28 11:25:00+08:00,2023-07-28 11:30:00+08:00,23,,,,True,1110,online,11.0
online_v2,000852.SH,2023-07-31,Shock,DownTrend,2023-07-31 11:15:00+08:00,2023-07-31 11:20:00+08:00,21,,,,False,,online,9.0
online_v2,000852.SH,2023-07-31,DownTrend,Range,2023-07-31 14:20:00+08:00,2023-07-31 14:25:00+08:00,40,,,,True,1111,online,28.0
online_v2,000852.SH,2023-08-02,DownTrend,Range,2023-08-02 13:40:00+08:00,2023-08-02 13:45:00+08:00,32,,,,False,,online,20.0
online_v2,000852.SH,2023-08-03,Shock,DownTrend,2023-08-03 10:50:00+08:00,2023-08-03 10:55:00+08:00,16,,,,False,,online,4.0
online_v2,000852.SH,2023-08-04,Range,UpTrend,2023-08-04 13:10:00+08:00,2023-08-04 13:15:00+08:00,26,,,,True,1112,online,14.0
online_v2,000852.SH,2023-08-11,Shock,DownTrend,2023-08-11 14:00:00+08:00,2023-08-11 14:05:00+08:00,36,,,,True,1113,online,24.0
online_v2,000852.SH,2023-08-15,Shock,DownTrend,2023-08-15 11:25:00+08:00,2023-08-15 11:30:00+08:00,23,,,,False,,online,11.0
online_v2,000852.SH,2023-08-15,DownTrend,Shock,2023-08-15 13:45:00+08:00,2023-08-15 13:50:00+08:00,33,,,,True,1114,online,21.0
online_v2,000852.SH,2023-08-16,Shock,DownTrend,2023-08-16 13:40:00+08:00,2023-08-16 13:45:00+08:00,32,,,,True,1115,online,20.0
online_v2,000852.SH,2023-08-16,DownTrend,Range,2023-08-16 14:25:00+08:00,2023-08-16 14:30:00+08:00,41,,,,True,1116,online,29.0
online_v2,000852.SH,2023-08-17,Shock,DownTrend,2023-08-17 13:35:00+08:00,2023-08-17 13:40:00+08:00,31,,,,True,1117,online,19.0
online_v2,000852.SH,2023-08-17,DownTrend,Shock,2023-08-17 14:20:00+08:00,2023-08-17 14:25:00+08:00,40,,,,True,1118,online,28.0
online_v2,000852.SH,2023-08-18,DownTrend,Shock,2023-08-18 14:20:00+08:00,2023-08-18 14:25:00+08:00,40,,,,True,1119,online,28.0
online_v2,000852.SH,2023-08-21,Shock,DownTrend,2023-08-21 11:10:00+08:00,2023-08-21 11:15:00+08:00,20,,,,False,,online,8.0
online_v2,000852.SH,2023-08-21,DownTrend,Shock,2023-08-21 13:15:00+08:00,2023-08-21 13:20:00+08:00,27,,,,True,1120,online,15.0
online_v2,000852.SH,2023-08-21,Shock,DownTrend,2023-08-21 14:05:00+08:00,2023-08-21 14:10:00+08:00,37,,,,True,1121,online,25.0
online_v2,000852.SH,2023-08-22,Shock,DownTrend,2023-08-22 11:20:00+08:00,2023-08-22 11:25:00+08:00,22,,,,True,1122,online,10.0
online_v2,000852.SH,2023-08-22,DownTrend,Shock,2023-08-22 13:05:00+08:00,2023-08-22 13:10:00+08:00,25,,,,True,1123,online,13.0
online_v2,000852.SH,2023-08-25,Shock,DownTrend,2023-08-25 13:45:00+08:00,2023-08-25 13:50:00+08:00,33,,,,False,,online,21.0
online_v2,000852.SH,2023-08-25,DownTrend,Shock,2023-08-25 13:55:00+08:00,2023-08-25 14:00:00+08:00,35,,,,True,1124,online,23.0
online_v2,000852.SH,2023-08-30,DownTrend,UpTrend,2023-08-30 14:10:00+08:00,2023-08-30 14:15:00+08:00,38,,,,False,,online,26.0
online_v2,000852.SH,2023-09-01,UpTrend,DownTrend,2023-09-01 11:10:00+08:00,2023-09-01 11:15:00+08:00,20,,,,False,,online,8.0
online_v2,000852.SH,2023-09-01,DownTrend,Range,2023-09-01 13:35:00+08:00,2023-09-01 13:40:00+08:00,31,,,,True,1125,online,19.0
online_v2,000852.SH,2023-09-06,UpTrend,Range,2023-09-06 11:20:00+08:00,2023-09-06 11:25:00+08:00,22,,,,False,,online,10.0
online_v2,000852.SH,2023-09-06,Range,UpTrend,2023-09-06 13:40:00+08:00,2023-09-06 13:45:00+08:00,32,,,,True,1126,online,20.0
online_v2,000852.SH,2023-09-12,UpTrend,DownTrend,2023-09-12 13:30:00+08:00,2023-09-12 13:35:00+08:00,30,,,,True,1127,online,18.0
online_v2,000852.SH,2023-09-13,DownTrend,Range,2023-09-13 14:10:00+08:00,2023-09-13 14:15:00+08:00,38,,,,True,1128,online,26.0
online_v2,000852.SH,2023-09-15,Shock,UpTrend,2023-09-15 11:20:00+08:00,2023-09-15 11:25:00+08:00,22,,,,False,,online,10.0
online_v2,000852.SH,2023-09-15,UpTrend,DownTrend,2023-09-15 13:20:00+08:00,2023-09-15 13:25:00+08:00,28,,,,True,1129,online,16.0
online_v2,000852.SH,2023-09-18,Shock,UpTrend,2023-09-18 14:10:00+08:00,2023-09-18 14:15:00+08:00,38,,,,False,,online,26.0
online_v2,000852.SH,2023-09-19,Shock,Range,2023-09-19 14:20:00+08:00,2023-09-19 14:25:00+08:00,40,,,,True,1130,online,28.0
online_v2,000852.SH,2023-09-22,Shock,UpTrend,2023-09-22 14:05:00+08:00,2023-09-22 14:10:00+08:00,37,,,,True,1131,online,25.0
online_v2,000852.SH,2023-09-27,Shock,UpTrend,2023-09-27 13:10:00+08:00,2023-09-27 13:15:00+08:00,26,,,,False,,online,14.0
online_v2,000852.SH,2023-09-28,DownTrend,Range,2023-09-28 11:10:00+08:00,2023-09-28 11:15:00+08:00,20,,,,False,,online,8.0
online_v2,000852.SH,2023-09-28,Range,UpTrend,2023-09-28 14:10:00+08:00,2023-09-28 14:15:00+08:00,38,,,,True,1132,online,26.0
online_v2,000852.SH,2023-10-09,Shock,DownTrend,2023-10-09 11:20:00+08:00,2023-10-09 11:25:00+08:00,22,,,,False,,online,10.0
online_v2,000852.SH,2023-10-11,Shock,DownTrend,2023-10-11 13:05:00+08:00,2023-10-11 13:10:00+08:00,25,,,,False,,online,13.0
online_v2,000852.SH,2023-10-16,Shock,UpTrend,2023-10-16 13:05:00+08:00,2023-10-16 13:10:00+08:00,25,,,,False,,online,13.0
online_v2,000852.SH,2023-10-16,UpTrend,DownTrend,2023-10-16 13:50:00+08:00,2023-10-16 13:55:00+08:00,34,,,,True,1133,online,22.0
online_v2,000852.SH,2023-10-17,Shock,UpTrend,2023-10-17 11:20:00+08:00,2023-10-17 11:25:00+08:00,22,,,,False,,online,10.0
online_v2,000852.SH,2023-10-18,Shock,Range,2023-10-18 14:05:00+08:00,2023-10-18 14:10:00+08:00,37,,,,False,,online,25.0
online_v2,000852.SH,2023-10-19,Shock,DownTrend,2023-10-19 11:25:00+08:00,2023-10-19 11:30:00+08:00,23,,,,False,,online,11.0
online_v2,000852.SH,2023-10-19,DownTrend,Range,2023-10-19 13:15:00+08:00,2023-10-19 13:20:00+08:00,27,,,,True,1134,online,15.0
online_v2,000852.SH,2023-10-19,Range,Shock,2023-10-19 13:35:00+08:00,2023-10-19 13:40:00+08:00,31,,,,True,1135,online,19.0
online_v2,000852.SH,2023-10-20,Shock,DownTrend,2023-10-20 13:10:00+08:00,2023-10-20 13:15:00+08:00,26,,,,True,1136,online,14.0
online_v2,000852.SH,2023-10-20,DownTrend,Shock,2023-10-20 14:00:00+08:00,2023-10-20 14:05:00+08:00,36,,,,True,1137,online,24.0
online_v2,000852.SH,2023-10-23,Shock,DownTrend,2023-10-23 13:45:00+08:00,2023-10-23 13:50:00+08:00,33,,,,True,1138,online,21.0
online_v2,000852.SH,2023-10-24,Shock,Range,2023-10-24 13:35:00+08:00,2023-10-24 13:40:00+08:00,31,,,,True,1139,online,19.0
online_v2,000852.SH,2023-10-24,Range,Shock,2023-10-24 13:50:00+08:00,2023-10-24 13:55:00+08:00,34,,,,True,1140,online,22.0
online_v2,000852.SH,2023-10-25,Shock,Range,2023-10-25 13:45:00+08:00,2023-10-25 13:50:00+08:00,33,,,,False,,online,21.0
online_v2,000852.SH,2023-10-27,Shock,UpTrend,2023-10-27 13:35:00+08:00,2023-10-27 13:40:00+08:00,31,,,,False,,online,19.0
online_v2,000852.SH,2023-10-31,DownTrend,Range,2023-10-31 13:30:00+08:00,2023-10-31 13:35:00+08:00,30,,,,False,,online,18.0
online_v2,000852.SH,2023-11-02,DownTrend,Range,2023-11-02 11:05:00+08:00,2023-11-02 11:10:00+08:00,19,,,,False,,online,7.0
online_v2,000852.SH,2023-11-03,Shock,UpTrend,2023-11-03 10:55:00+08:00,2023-11-03 11:00:00+08:00,17,,,,False,,online,5.0
online_v2,000852.SH,2023-11-07,Range,UpTrend,2023-11-07 13:55:00+08:00,2023-11-07 14:00:00+08:00,35,,,,True,1141,online,23.0
online_v2,000852.SH,2023-11-09,DownTrend,UpTrend,2023-11-09 13:30:00+08:00,2023-11-09 13:35:00+08:00,30,,,,False,,online,18.0
online_v2,000852.SH,2023-11-10,Range,UpTrend,2023-11-10 13:05:00+08:00,2023-11-10 13:10:00+08:00,25,,,,False,,online,13.0
online_v2,000852.SH,2023-11-14,Range,DownTrend,2023-11-14 13:05:00+08:00,2023-11-14 13:10:00+08:00,25,,,,False,,online,13.0
online_v2,000852.SH,2023-11-17,Range,UpTrend,2023-11-17 14:15:00+08:00,2023-11-17 14:20:00+08:00,39,,,,True,1142,online,27.0
online_v2,000852.SH,2023-11-20,UpTrend,Range,2023-11-20 13:45:00+08:00,2023-11-20 13:50:00+08:00,33,,,,True,1143,online,21.0
online_v2,000852.SH,2023-11-21,DownTrend,UpTrend,2023-11-21 13:25:00+08:00,2023-11-21 13:30:00+08:00,29,,,,False,,online,17.0
online_v2,000852.SH,2023-11-21,UpTrend,DownTrend,2023-11-21 14:25:00+08:00,2023-11-21 14:30:00+08:00,41,,,,True,1144,online,29.0
online_v2,000852.SH,2023-11-22,Shock,Range,2023-11-22 13:15:00+08:00,2023-11-22 13:20:00+08:00,27,,,,True,1145,online,15.0
online_v2,000852.SH,2023-11-23,Shock,Range,2023-11-23 13:35:00+08:00,2023-11-23 13:40:00+08:00,31,,,,False,,online,19.0
online_v2,000852.SH,2023-11-23,Range,Shock,2023-11-23 13:50:00+08:00,2023-11-23 13:55:00+08:00,34,,,,True,1146,online,22.0
online_v2,000852.SH,2023-11-24,DownTrend,Range,2023-11-24 14:25:00+08:00,2023-11-24 14:30:00+08:00,41,,,,True,1147,online,29.0
online_v2,000852.SH,2023-11-27,Shock,Range,2023-11-27 11:15:00+08:00,2023-11-27 11:20:00+08:00,21,,,,False,,online,9.0
online_v2,000852.SH,2023-11-27,Range,Shock,2023-11-27 13:30:00+08:00,2023-11-27 13:35:00+08:00,30,,,,True,1148,online,18.0
online_v2,000852.SH,2023-11-28,Shock,Range,2023-11-28 11:00:00+08:00,2023-11-28 11:05:00+08:00,18,,,,False,,online,6.0
online_v2,000852.SH,2023-11-28,Range,DownTrend,2023-11-28 13:55:00+08:00,2023-11-28 14:00:00+08:00,35,,,,True,1149,online,23.0
online_v2,000852.SH,2023-11-29,UpTrend,DownTrend,2023-11-29 13:30:00+08:00,2023-11-29 13:35:00+08:00,30,,,,False,,online,18.0
online_v2,000852.SH,2023-11-30,Shock,DownTrend,2023-11-30 11:05:00+08:00,2023-11-30 11:10:00+08:00,19,,,,False,,online,7.0
online_v2,000852.SH,2023-11-30,DownTrend,Shock,2023-11-30 13:55:00+08:00,2023-11-30 14:00:00+08:00,35,,,,True,1150,online,23.0
online_v2,000852.SH,2023-12-01,UpTrend,Shock,2023-12-01 13:50:00+08:00,2023-12-01 13:55:00+08:00,34,,,,True,1151,online,22.0
online_v2,000852.SH,2023-12-05,Shock,Range,2023-12-05 11:30:00+08:00,2023-12-05 13:05:00+08:00,24,,,,False,,online,12.0
online_v2,000852.SH,2023-12-05,Range,Shock,2023-12-05 13:35:00+08:00,2023-12-05 13:40:00+08:00,31,,,,True,1152,online,19.0
online_v2,000852.SH,2023-12-07,Range,Shock,2023-12-07 10:45:00+08:00,2023-12-07 10:50:00+08:00,15,,,,False,,online,3.0
online_v2,000852.SH,2023-12-07,Shock,UpTrend,2023-12-07 13:20:00+08:00,2023-12-07 13:25:00+08:00,28,,,,True,1153,online,16.0
online_v2,000852.SH,2023-12-08,Shock,UpTrend,2023-12-08 13:05:00+08:00,2023-12-08 13:10:00+08:00,25,,,,False,,online,13.0
online_v2,000852.SH,2023-12-11,UpTrend,Shock,2023-12-11 13:35:00+08:00,2023-12-11 13:40:00+08:00,31,,,,True,1154,online,19.0
online_v2,000852.SH,2023-12-13,Range,DownTrend,2023-12-13 13:40:00+08:00,2023-12-13 13:45:00+08:00,32,,,,False,,online,20.0
online_v2,000852.SH,2023-12-15,Shock,Range,2023-12-15 11:05:00+08:00,2023-12-15 11:10:00+08:00,19,,,,False,,online,7.0
online_v2,000852.SH,2023-12-15,Range,DownTrend,2023-12-15 13:15:00+08:00,2023-12-15 13:20:00+08:00,27,,,,True,1155,online,15.0
online_v2,000852.SH,2023-12-18,Shock,DownTrend,2023-12-18 10:55:00+08:00,2023-12-18 11:00:00+08:00,17,,,,False,,online,5.0
online_v2,000852.SH,2023-12-19,Shock,DownTrend,2023-12-19 13:10:00+08:00,2023-12-19 13:15:00+08:00,26,,,,True,1156,online,14.0
online_v2,000852.SH,2023-12-22,UpTrend,Shock,2023-12-22 13:05:00+08:00,2023-12-22 13:10:00+08:00,25,,,,True,1157,online,13.0
online_v2,000852.SH,2023-12-27,Range,UpTrend,2023-12-27 13:10:00+08:00,2023-12-27 13:15:00+08:00,26,,,,False,,online,14.0
online_v2,000852.SH,2023-12-28,Shock,UpTrend,2023-12-28 10:55:00+08:00,2023-12-28 11:00:00+08:00,17,,,,False,,online,5.0
online_v2,000852.SH,2023-12-29,Range,UpTrend,2023-12-29 14:00:00+08:00,2023-12-29 14:05:00+08:00,36,,,,True,1158,online,24.0
online_v2,000852.SH,2024-01-03,DownTrend,Range,2024-01-03 14:00:00+08:00,2024-01-03 14:05:00+08:00,36,,,,True,1159,online,24.0
online_v2,000852.SH,2024-01-09,Shock,DownTrend,2024-01-09 13:05:00+08:00,2024-01-09 13:10:00+08:00,25,,,,True,1160,online,13.0
online_v2,000852.SH,2024-01-09,DownTrend,Shock,2024-01-09 14:10:00+08:00,2024-01-09 14:15:00+08:00,38,,,,True,1161,online,26.0
online_v2,000852.SH,2024-01-15,Shock,DownTrend,2024-01-15 13:25:00+08:00,2024-01-15 13:30:00+08:00,29,,,,False,,online,17.0
online_v2,000852.SH,2024-01-15,DownTrend,Range,2024-01-15 14:20:00+08:00,2024-01-15 14:25:00+08:00,40,,,,True,1162,online,28.0
online_v2,000852.SH,2024-01-16,DownTrend,Range,2024-01-16 13:50:00+08:00,2024-01-16 13:55:00+08:00,34,,,,True,1163,online,22.0
online_v2,000852.SH,2024-01-16,Range,Shock,2024-01-16 14:15:00+08:00,2024-01-16 14:20:00+08:00,39,,,,True,1164,online,27.0
online_v2,000852.SH,2024-01-18,Shock,DownTrend,2024-01-18 13:50:00+08:00,2024-01-18 13:55:00+08:00,34,,,,True,1165,online,22.0
online_v2,000852.SH,2024-01-18,DownTrend,Shock,2024-01-18 14:05:00+08:00,2024-01-18 14:10:00+08:00,37,,,,True,1166,online,25.0
online_v2,000852.SH,2024-01-22,Shock,DownTrend,2024-01-22 13:10:00+08:00,2024-01-22 13:15:00+08:00,26,,,,False,,online,14.0
online_v2,000852.SH,2024-01-22,DownTrend,Shock,2024-01-22 14:15:00+08:00,2024-01-22 14:20:00+08:00,39,,,,True,1167,online,27.0
online_v2,000852.SH,2024-01-23,Shock,UpTrend,2024-01-23 13:20:00+08:00,2024-01-23 13:25:00+08:00,28,,,,True,1168,online,16.0
online_v2,000852.SH,2024-01-23,UpTrend,Shock,2024-01-23 13:50:00+08:00,2024-01-23 13:55:00+08:00,34,,,,True,1169,online,22.0
online_v2,000852.SH,2024-01-24,DownTrend,Shock,2024-01-24 13:20:00+08:00,2024-01-24 13:25:00+08:00,28,,,,True,1170,online,16.0
online_v2,000852.SH,2024-01-29,DownTrend,Range,2024-01-29 11:25:00+08:00,2024-01-29 11:30:00+08:00,23,,,,False,,online,11.0
online_v2,000852.SH,2024-01-29,Range,DownTrend,2024-01-29 14:00:00+08:00,2024-01-29 14:05:00+08:00,36,,,,True,1171,online,24.0
online_v2,000852.SH,2024-01-30,Shock,DownTrend,2024-01-30 11:05:00+08:00,2024-01-30 11:10:00+08:00,19,,,,False,,online,7.0
online_v2,000852.SH,2024-01-31,Shock,DownTrend,2024-01-31 13:45:00+08:00,2024-01-31 13:50:00+08:00,33,,,,True,1172,online,21.0
online_v2,000852.SH,2024-02-01,Shock,DownTrend,2024-02-01 13:05:00+08:00,2024-02-01 13:10:00+08:00,25,,,,True,1173,online,13.0
online_v2,000852.SH,2024-02-01,DownTrend,Range,2024-02-01 14:05:00+08:00,2024-02-01 14:10:00+08:00,37,,,,True,1174,online,25.0
online_v2,000852.SH,2024-02-02,Shock,DownTrend,2024-02-02 11:20:00+08:00,2024-02-02 11:25:00+08:00,22,,,,False,,online,10.0
online_v2,000852.SH,2024-02-02,DownTrend,Shock,2024-02-02 13:10:00+08:00,2024-02-02 13:15:00+08:00,26,,,,True,1175,online,14.0
online_v2,000852.SH,2024-02-08,Range,DownTrend,2024-02-08 13:35:00+08:00,2024-02-08 13:40:00+08:00,31,,,,True,1176,online,19.0
online_v2,000852.SH,2024-02-29,UpTrend,Range,2024-02-29 11:05:00+08:00,2024-02-29 11:10:00+08:00,19,,,,False,,online,7.0
online_v2,000852.SH,2024-02-29,Range,DownTrend,2024-02-29 11:30:00+08:00,2024-02-29 13:05:00+08:00,24,,,,True,1177,online,12.0
online_v2,000852.SH,2024-03-12,DownTrend,UpTrend,2024-03-12 13:20:00+08:00,2024-03-12 13:25:00+08:00,28,,,,False,,online,16.0
online_v2,000852.SH,2024-03-12,UpTrend,Range,2024-03-12 13:45:00+08:00,2024-03-12 13:50:00+08:00,33,,,,True,1178,online,21.0
online_v2,000852.SH,2024-03-15,Range,UpTrend,2024-03-15 13:50:00+08:00,2024-03-15 13:55:00+08:00,34,,,,True,1179,online,22.0
online_v2,000852.SH,2024-03-18,Range,UpTrend,2024-03-18 13:55:00+08:00,2024-03-18 14:00:00+08:00,35,,,,False,,online,23.0
online_v2,000852.SH,2024-03-19,DownTrend,Range,2024-03-19 13:40:00+08:00,2024-03-19 13:45:00+08:00,32,,,,True,1180,online,20.0
online_v2,000852.SH,2024-03-22,DownTrend,UpTrend,2024-03-22 13:50:00+08:00,2024-03-22 13:55:00+08:00,34,,,,True,1181,online,22.0
online_v2,000852.SH,2024-03-25,Shock,UpTrend,2024-03-25 11:10:00+08:00,2024-03-25 11:15:00+08:00,20,,,,False,,online,8.0
online_v2,000852.SH,2024-03-25,UpTrend,DownTrend,2024-03-25 14:10:00+08:00,2024-03-25 14:15:00+08:00,38,,,,True,1182,online,26.0
online_v2,000852.SH,2024-03-26,Shock,DownTrend,2024-03-26 11:15:00+08:00,2024-03-26 11:20:00+08:00,21,,,,False,,online,9.0
online_v2,000852.SH,2024-03-26,DownTrend,Shock,2024-03-26 13:15:00+08:00,2024-03-26 13:20:00+08:00,27,,,,True,1183,online,15.0
online_v2,000852.SH,2024-03-28,UpTrend,Range,2024-03-28 13:35:00+08:00,2024-03-28 13:40:00+08:00,31,,,,True,1184,online,19.0
online_v2,000852.SH,2024-03-29,Shock,Range,2024-03-29 11:05:00+08:00,2024-03-29 11:10:00+08:00,19,,,,True,1185,online,7.0
online_v2,000852.SH,2024-03-29,Range,UpTrend,2024-03-29 14:10:00+08:00,2024-03-29 14:15:00+08:00,38,,,,True,1186,online,26.0
online_v2,000852.SH,2024-04-09,UpTrend,Range,2024-04-09 13:25:00+08:00,2024-04-09 13:30:00+08:00,29,,,,True,1187,online,17.0
online_v2,000852.SH,2024-04-10,Range,DownTrend,2024-04-10 13:10:00+08:00,2024-04-10 13:15:00+08:00,26,,,,True,1188,online,14.0
online_v2,000852.SH,2024-04-10,DownTrend,Range,2024-04-10 14:20:00+08:00,2024-04-10 14:25:00+08:00,40,,,,True,1189,online,28.0
online_v2,000852.SH,2024-04-11,UpTrend,Range,2024-04-11 11:05:00+08:00,2024-04-11 11:10:00+08:00,19,,,,False,,online,7.0
online_v2,000852.SH,2024-04-11,Range,DownTrend,2024-04-11 14:25:00+08:00,2024-04-11 14:30:00+08:00,41,,,,True,1190,online,29.0
online_v2,000852.SH,2024-04-12,Range,DownTrend,2024-04-12 14:25:00+08:00,2024-04-12 14:30:00+08:00,41,,,,True,1191,online,29.0
online_v2,000852.SH,2024-04-15,Shock,Range,2024-04-15 11:30:00+08:00,2024-04-15 13:05:00+08:00,24,,,,False,,online,12.0
online_v2,000852.SH,2024-04-15,Range,DownTrend,2024-04-15 14:00:00+08:00,2024-04-15 14:05:00+08:00,36,,,,True,1192,online,24.0
online_v2,000852.SH,2024-04-16,Shock,Range,2024-04-16 11:10:00+08:00,2024-04-16 11:15:00+08:00,20,,,,False,,online,8.0
online_v2,000852.SH,2024-04-16,Range,DownTrend,2024-04-16 14:20:00+08:00,2024-04-16 14:25:00+08:00,40,,,,True,1193,online,28.0
online_v2,000852.SH,2024-04-18,Shock,Range,2024-04-18 13:20:00+08:00,2024-04-18 13:25:00+08:00,28,,,,True,1194,online,16.0
online_v2,000852.SH,2024-04-19,DownTrend,Range,2024-04-19 14:00:00+08:00,2024-04-19 14:05:00+08:00,36,,,,False,,online,24.0
online_v2,000852.SH,2024-04-22,Shock,Range,2024-04-22 13:50:00+08:00,2024-04-22 13:55:00+08:00,34,,,,False,,online,22.0
online_v2,000852.SH,2024-04-24,UpTrend,Range,2024-04-24 14:10:00+08:00,2024-04-24 14:15:00+08:00,38,,,,True,1195,online,26.0
online_v2,000852.SH,2024-04-25,UpTrend,Range,2024-04-25 13:05:00+08:00,2024-04-25 13:10:00+08:00,25,,,,False,,online,13.0
online_v2,000852.SH,2024-04-26,UpTrend,Range,2024-04-26 13:45:00+08:00,2024-04-26 13:50:00+08:00,33,,,,True,1196,online,21.0
online_v2,000852.SH,2024-04-30,DownTrend,UpTrend,2024-04-30 13:45:00+08:00,2024-04-30 13:50:00+08:00,33,,,,True,1197,online,21.0
online_v2,000852.SH,2024-05-07,UpTrend,Range,2024-05-07 14:15:00+08:00,2024-05-07 14:20:00+08:00,39,,,,True,1198,online,27.0
online_v2,000852.SH,2024-05-08,DownTrend,Range,2024-05-08 14:20:00+08:00,2024-05-08 14:25:00+08:00,40,,,,True,1199,online,28.0
online_v2,000852.SH,2024-05-09,UpTrend,Range,2024-05-09 13:30:00+08:00,2024-05-09 13:35:00+08:00,30,,,,True,1200,online,18.0
online_v2,000852.SH,2024-05-13,Shock,UpTrend,2024-05-13 10:45:00+08:00,2024-05-13 10:50:00+08:00,15,,,,False,,online,3.0
online_v2,000852.SH,2024-05-13,UpTrend,Range,2024-05-13 11:15:00+08:00,2024-05-13 11:20:00+08:00,21,,,,False,,online,9.0
online_v2,000852.SH,2024-05-13,Range,DownTrend,2024-05-13 14:25:00+08:00,2024-05-13 14:30:00+08:00,41,,,,True,1201,online,29.0
online_v2,000852.SH,2024-05-15,Range,DownTrend,2024-05-15 13:50:00+08:00,2024-05-15 13:55:00+08:00,34,,,,False,,online,22.0
online_v2,000852.SH,2024-05-16,DownTrend,Range,2024-05-16 11:20:00+08:00,2024-05-16 11:25:00+08:00,22,,,,False,,online,10.0
online_v2,000852.SH,2024-05-16,Range,DownTrend,2024-05-16 14:00:00+08:00,2024-05-16 14:05:00+08:00,36,,,,True,1202,online,24.0
online_v2,000852.SH,2024-05-20,DownTrend,UpTrend,2024-05-20 13:50:00+08:00,2024-05-20 13:55:00+08:00,34,,,,True,1203,online,22.0
online_v2,000852.SH,2024-05-22,DownTrend,UpTrend,2024-05-22 13:55:00+08:00,2024-05-22 14:00:00+08:00,35,,,,True,1204,online,23.0
online_v2,000852.SH,2024-05-23,Shock,Range,2024-05-23 11:25:00+08:00,2024-05-23 11:30:00+08:00,23,,,,False,,online,11.0
online_v2,000852.SH,2024-05-23,Range,DownTrend,2024-05-23 13:20:00+08:00,2024-05-23 13:25:00+08:00,28,,,,True,1205,online,16.0
online_v2,000852.SH,2024-05-23,DownTrend,Shock,2024-05-23 14:25:00+08:00,2024-05-23 14:30:00+08:00,41,,,,True,1206,online,29.0
online_v2,000852.SH,2024-05-24,DownTrend,Range,2024-05-24 13:10:00+08:00,2024-05-24 13:15:00+08:00,26,,,,False,,online,14.0
online_v2,000852.SH,2024-05-27,Shock,Range,2024-05-27 11:15:00+08:00,2024-05-27 11:20:00+08:00,21,,,,True,1207,online,9.0
online_v2,000852.SH,2024-05-27,Range,Shock,2024-05-27 13:10:00+08:00,2024-05-27 13:15:00+08:00,26,,,,True,1208,online,14.0
online_v2,000852.SH,2024-05-27,Shock,UpTrend,2024-05-27 14:25:00+08:00,2024-05-27 14:30:00+08:00,41,,,,True,1209,online,29.0
online_v2,000852.SH,2024-05-28,UpTrend,DownTrend,2024-05-28 10:55:00+08:00,2024-05-28 11:00:00+08:00,17,,,,False,,online,5.0
online_v2,000852.SH,2024-05-29,Range,DownTrend,2024-05-29 14:00:00+08:00,2024-05-29 14:05:00+08:00,36,,,,True,1210,online,24.0
online_v2,000852.SH,2024-06-03,Shock,DownTrend,2024-06-03 11:15:00+08:00,2024-06-03 11:20:00+08:00,21,,,,False,,online,9.0
online_v2,000852.SH,2024-06-04,Shock,UpTrend,2024-06-04 11:05:00+08:00,2024-06-04 11:10:00+08:00,19,,,,False,,online,7.0
online_v2,000852.SH,2024-06-04,UpTrend,Range,2024-06-04 13:05:00+08:00,2024-06-04 13:10:00+08:00,25,,,,True,1211,online,13.0
online_v2,000852.SH,2024-06-04,Range,DownTrend,2024-06-04 13:35:00+08:00,2024-06-04 13:40:00+08:00,31,,,,True,1212,online,19.0
online_v2,000852.SH,2024-06-04,DownTrend,UpTrend,2024-06-04 14:25:00+08:00,2024-06-04 14:30:00+08:00,41,,,,True,1213,online,29.0
online_v2,000852.SH,2024-06-07,Shock,UpTrend,2024-06-07 14:15:00+08:00,2024-06-07 14:20:00+08:00,39,,,,True,1214,online,27.0
online_v2,000852.SH,2024-06-11,UpTrend,Shock,2024-06-11 13:10:00+08:00,2024-06-11 13:15:00+08:00,26,,,,True,1215,online,14.0
online_v2,000852.SH,2024-06-14,Range,UpTrend,2024-06-14 13:40:00+08:00,2024-06-14 13:45:00+08:00,32,,,,True,1216,online,20.0
online_v2,000852.SH,2024-06-17,UpTrend,DownTrend,2024-06-17 11:15:00+08:00,2024-06-17 11:20:00+08:00,21,,,,False,,online,9.0
online_v2,000852.SH,2024-06-17,DownTrend,UpTrend,2024-06-17 13:40:00+08:00,2024-06-17 13:45:00+08:00,32,,,,True,1217,online,20.0
online_v2,000852.SH,2024-06-20,Shock,DownTrend,2024-06-20 11:20:00+08:00,2024-06-20 11:25:00+08:00,22,,,,False,,online,10.0
online_v2,000852.SH,2024-06-20,DownTrend,Range,2024-06-20 13:50:00+08:00,2024-06-20 13:55:00+08:00,34,,,,True,1218,online,22.0
online_v2,000852.SH,2024-06-25,Shock,DownTrend,2024-06-25 10:55:00+08:00,2024-06-25 11:00:00+08:00,17,,,,False,,online,5.0
online_v2,000852.SH,2024-06-25,DownTrend,Range,2024-06-25 13:10:00+08:00,2024-06-25 13:15:00+08:00,26,,,,True,1219,online,14.0
online_v2,000852.SH,2024-06-25,Range,Shock,2024-06-25 13:35:00+08:00,2024-06-25 13:40:00+08:00,31,,,,True,1220,online,19.0
online_v2,000852.SH,2024-06-25,Shock,DownTrend,2024-06-25 14:10:00+08:00,2024-06-25 14:15:00+08:00,38,,,,True,1221,online,26.0
online_v2,000852.SH,2024-06-26,Range,Shock,2024-06-26 13:10:00+08:00,2024-06-26 13:15:00+08:00,26,,,,False,,online,14.0
online_v2,000852.SH,2024-06-27,DownTrend,Range,2024-06-27 13:25:00+08:00,2024-06-27 13:30:00+08:00,29,,,,True,1222,online,17.0
online_v2,000852.SH,2024-06-28,Shock,Range,2024-06-28 11:05:00+08:00,2024-06-28 11:10:00+08:00,19,,,,False,,online,7.0
online_v2,000852.SH,2024-06-28,Range,DownTrend,2024-06-28 14:05:00+08:00,2024-06-28 14:10:00+08:00,37,,,,True,1223,online,25.0
online_v2,000852.SH,2024-07-01,Shock,Range,2024-07-01 11:05:00+08:00,2024-07-01 11:10:00+08:00,19,,,,False,,online,7.0
online_v2,000852.SH,2024-07-01,Range,Shock,2024-07-01 13:20:00+08:00,2024-07-01 13:25:00+08:00,28,,,,True,1224,online,16.0
online_v2,000852.SH,2024-07-03,UpTrend,DownTrend,2024-07-03 14:15:00+08:00,2024-07-03 14:20:00+08:00,39,,,,True,1225,online,27.0
online_v2,000852.SH,2024-07-05,Shock,UpTrend,2024-07-05 14:05:00+08:00,2024-07-05 14:10:00+08:00,37,,,,False,,online,25.0
online_v2,000852.SH,2024-07-09,Shock,UpTrend,2024-07-09 14:00:00+08:00,2024-07-09 14:05:00+08:00,36,,,,True,1226,online,24.0
online_v2,000852.SH,2024-07-10,Range,DownTrend,2024-07-10 14:25:00+08:00,2024-07-10 14:30:00+08:00,41,,,,False,,online,29.0
online_v2,000852.SH,2024-07-11,UpTrend,Range,2024-07-11 11:05:00+08:00,2024-07-11 11:10:00+08:00,19,,,,False,,online,7.0
online_v2,000852.SH,2024-07-12,DownTrend,UpTrend,2024-07-12 13:45:00+08:00,2024-07-12 13:50:00+08:00,33,,,,True,1227,online,21.0
online_v2,000852.SH,2024-07-16,Range,UpTrend,2024-07-16 13:40:00+08:00,2024-07-16 13:45:00+08:00,32,,,,True,1228,online,20.0
online_v2,000852.SH,2024-07-17,DownTrend,Range,2024-07-17 13:25:00+08:00,2024-07-17 13:30:00+08:00,29,,,,False,,online,17.0
online_v2,000852.SH,2024-07-18,Shock,UpTrend,2024-07-18 13:10:00+08:00,2024-07-18 13:15:00+08:00,26,,,,True,1229,online,14.0
online_v2,000852.SH,2024-07-18,UpTrend,Range,2024-07-18 14:15:00+08:00,2024-07-18 14:20:00+08:00,39,,,,True,1230,online,27.0
online_v2,000852.SH,2024-07-19,UpTrend,DownTrend,2024-07-19 13:20:00+08:00,2024-07-19 13:25:00+08:00,28,,,,True,1231,online,16.0
online_v2,000852.SH,2024-07-22,UpTrend,DownTrend,2024-07-22 13:20:00+08:00,2024-07-22 13:25:00+08:00,28,,,,True,1232,online,16.0
online_v2,000852.SH,2024-07-24,DownTrend,Shock,2024-07-24 11:05:00+08:00,2024-07-24 11:10:00+08:00,19,,,,False,,online,7.0
online_v2,000852.SH,2024-07-24,Shock,DownTrend,2024-07-24 13:50:00+08:00,2024-07-24 13:55:00+08:00,34,,,,True,1233,online,22.0
online_v2,000852.SH,2024-07-25,Shock,DownTrend,2024-07-25 13:50:00+08:00,2024-07-25 13:55:00+08:00,34,,,,True,1234,online,22.0
online_v2,000852.SH,2024-07-26,UpTrend,Range,2024-07-26 14:00:00+08:00,2024-07-26 14:05:00+08:00,36,,,,True,1235,online,24.0
online_v2,000852.SH,2024-07-30,Shock,UpTrend,2024-07-30 10:55:00+08:00,2024-07-30 11:00:00+08:00,17,,,,False,,online,5.0
online_v2,000852.SH,2024-07-30,UpTrend,Range,2024-07-30 13:50:00+08:00,2024-07-30 13:55:00+08:00,34,,,,True,1236,online,22.0
online_v2,000852.SH,2024-07-31,Shock,UpTrend,2024-07-31 11:05:00+08:00,2024-07-31 11:10:00+08:00,19,,,,False,,online,7.0
online_v2,000852.SH,2024-08-01,DownTrend,UpTrend,2024-08-01 13:35:00+08:00,2024-08-01 13:40:00+08:00,31,,,,True,1237,online,19.0
online_v2,000852.SH,2024-08-01,UpTrend,Range,2024-08-01 14:25:00+08:00,2024-08-01 14:30:00+08:00,41,,,,True,1238,online,29.0
online_v2,000852.SH,2024-08-02,DownTrend,Range,2024-08-02 11:30:00+08:00,2024-08-02 13:05:00+08:00,24,,,,False,,online,12.0
online_v2,000852.SH,2024-08-02,Range,DownTrend,2024-08-02 13:40:00+08:00,2024-08-02 13:45:00+08:00,32,,,,True,1239,online,20.0
online_v2,000852.SH,2024-08-05,Shock,UpTrend,2024-08-05 11:15:00+08:00,2024-08-05 11:20:00+08:00,21,,,,False,,online,9.0
online_v2,000852.SH,2024-08-05,UpTrend,Shock,2024-08-05 13:10:00+08:00,2024-08-05 13:15:00+08:00,26,,,,True,1240,online,14.0
online_v2,000852.SH,2024-08-08,UpTrend,DownTrend,2024-08-08 14:00:00+08:00,2024-08-08 14:05:00+08:00,36,,,,True,1241,online,24.0
online_v2,000852.SH,2024-08-12,Range,DownTrend,2024-08-12 14:00:00+08:00,2024-08-12 14:05:00+08:00,36,,,,True,1242,online,24.0
online_v2,000852.SH,2024-08-13,Shock,Range,2024-08-13 11:15:00+08:00,2024-08-13 11:20:00+08:00,21,,,,False,,online,9.0
online_v2,000852.SH,2024-08-15,Shock,DownTrend,2024-08-15 13:10:00+08:00,2024-08-15 13:15:00+08:00,26,,,,True,1243,online,14.0
online_v2,000852.SH,2024-08-21,Range,DownTrend,2024-08-21 13:10:00+08:00,2024-08-21 13:15:00+08:00,26,,,,True,1244,online,14.0
online_v2,000852.SH,2024-08-22,Shock,Range,2024-08-22 13:35:00+08:00,2024-08-22 13:40:00+08:00,31,,,,False,,online,19.0
online_v2,000852.SH,2024-08-22,Range,DownTrend,2024-08-22 14:00:00+08:00,2024-08-22 14:05:00+08:00,36,,,,True,1245,online,24.0
online_v2,000852.SH,2024-08-23,UpTrend,DownTrend,2024-08-23 13:55:00+08:00,2024-08-23 14:00:00+08:00,35,,,,True,1246,online,23.0
online_v2,000852.SH,2024-08-26,Shock,Range,2024-08-26 13:15:00+08:00,2024-08-26 13:20:00+08:00,27,,,,False,,online,15.0
online_v2,000852.SH,2024-08-27,Range,Shock,2024-08-27 11:30:00+08:00,2024-08-27 13:05:00+08:00,24,,,,False,,online,12.0
online_v2,000852.SH,2024-08-27,Shock,Range,2024-08-27 14:05:00+08:00,2024-08-27 14:10:00+08:00,37,,,,True,1247,online,25.0
online_v2,000852.SH,2024-08-28,Shock,DownTrend,2024-08-28 13:25:00+08:00,2024-08-28 13:30:00+08:00,29,,,,True,1248,online,17.0
online_v2,000852.SH,2024-08-28,DownTrend,Range,2024-08-28 13:55:00+08:00,2024-08-28 14:00:00+08:00,35,,,,True,1249,online,23.0
online_v2,000852.SH,2024-08-29,Shock,UpTrend,2024-08-29 13:35:00+08:00,2024-08-29 13:40:00+08:00,31,,,,True,1250,online,19.0
online_v2,000852.SH,2024-08-30,Shock,UpTrend,2024-08-30 10:50:00+08:00,2024-08-30 10:55:00+08:00,16,,,,False,,online,4.0
online_v2,000852.SH,2024-09-03,Shock,UpTrend,2024-09-03 13:55:00+08:00,2024-09-03 14:00:00+08:00,35,,,,False,,online,23.0
online_v2,000852.SH,2024-09-04,Shock,DownTrend,2024-09-04 13:30:00+08:00,2024-09-04 13:35:00+08:00,30,,,,True,1251,online,18.0
online_v2,000852.SH,2024-09-05,Shock,DownTrend,2024-09-05 13:05:00+08:00,2024-09-05 13:10:00+08:00,25,,,,False,,online,13.0
online_v2,000852.SH,2024-09-05,DownTrend,Range,2024-09-05 13:40:00+08:00,2024-09-05 13:45:00+08:00,32,,,,True,1252,online,20.0
online_v2,000852.SH,2024-09-10,DownTrend,Range,2024-09-10 13:05:00+08:00,2024-09-10 13:10:00+08:00,25,,,,True,1253,online,13.0
online_v2,000852.SH,2024-09-10,Range,Shock,2024-09-10 13:15:00+08:00,2024-09-10 13:20:00+08:00,27,,,,True,1254,online,15.0
online_v2,000852.SH,2024-09-13,Range,DownTrend,2024-09-13 11:15:00+08:00,2024-09-13 11:20:00+08:00,21,,,,False,,online,9.0
online_v2,000852.SH,2024-09-13,DownTrend,Range,2024-09-13 13:30:00+08:00,2024-09-13 13:35:00+08:00,30,,,,True,1255,online,18.0
online_v2,000852.SH,2024-09-18,DownTrend,UpTrend,2024-09-18 13:50:00+08:00,2024-09-18 13:55:00+08:00,34,,,,True,1256,online,22.0
online_v2,000852.SH,2024-09-18,UpTrend,Shock,2024-09-18 14:00:00+08:00,2024-09-18 14:05:00+08:00,36,,,,True,1257,online,24.0
online_v2,000852.SH,2024-09-19,Shock,Range,2024-09-19 13:45:00+08:00,2024-09-19 13:50:00+08:00,33,,,,True,1258,online,21.0
online_v2,000852.SH,2024-09-20,DownTrend,Range,2024-09-20 14:25:00+08:00,2024-09-20 14:30:00+08:00,41,,,,True,1259,online,29.0
online_v2,000852.SH,2024-09-23,Shock,DownTrend,2024-09-23 13:50:00+08:00,2024-09-23 13:55:00+08:00,34,,,,False,,online,22.0
online_v2,000852.SH,2024-09-24,DownTrend,Shock,2024-09-24 10:50:00+08:00,2024-09-24 10:55:00+08:00,16,,,,False,,online,4.0
online_v2,000852.SH,2024-09-25,Shock,DownTrend,2024-09-25 11:25:00+08:00,2024-09-25 11:30:00+08:00,23,,,,False,,online,11.0
online_v2,000852.SH,2024-09-26,Shock,Range,2024-09-26 10:50:00+08:00,2024-09-26 10:55:00+08:00,16,,,,False,,online,4.0
online_v2,000852.SH,2024-09-26,Range,UpTrend,2024-09-26 13:15:00+08:00,2024-09-26 13:20:00+08:00,27,,,,False,,online,15.0
online_v2,000852.SH,2024-09-26,UpTrend,Shock,2024-09-26 13:25:00+08:00,2024-09-26 13:30:00+08:00,29,,,,True,1260,online,17.0
online_v2,000852.SH,2024-09-26,Shock,UpTrend,2024-09-26 14:20:00+08:00,2024-09-26 14:25:00+08:00,40,,,,True,1261,online,28.0
online_v2,000852.SH,2024-09-27,Shock,UpTrend,2024-09-27 11:05:00+08:00,2024-09-27 11:10:00+08:00,19,,,,False,,online,7.0
online_v2,000852.SH,2024-09-27,UpTrend,Shock,2024-09-27 11:30:00+08:00,2024-09-27 13:05:00+08:00,24,,,,True,1262,online,12.0
online_v2,000852.SH,2024-09-27,Shock,DownTrend,2024-09-27 14:05:00+08:00,2024-09-27 14:10:00+08:00,37,,,,True,1263,online,25.0
online_v2,000852.SH,2024-09-30,Shock,UpTrend,2024-09-30 14:05:00+08:00,2024-09-30 14:10:00+08:00,37,,,,True,1264,online,25.0
online_v2,000852.SH,2024-09-30,UpTrend,Shock,2024-09-30 14:25:00+08:00,2024-09-30 14:30:00+08:00,41,,,,True,1265,online,29.0
online_v2,000852.SH,2024-10-08,Shock,DownTrend,2024-10-08 13:50:00+08:00,2024-10-08 13:55:00+08:00,34,,,,True,1266,online,22.0
online_v2,000852.SH,2024-10-08,DownTrend,Shock,2024-10-08 14:00:00+08:00,2024-10-08 14:05:00+08:00,36,,,,True,1267,online,24.0
online_v2,000852.SH,2024-10-10,Shock,UpTrend,2024-10-10 11:10:00+08:00,2024-10-10 11:15:00+08:00,20,,,,False,,online,8.0
online_v2,000852.SH,2024-10-10,UpTrend,Range,2024-10-10 13:35:00+08:00,2024-10-10 13:40:00+08:00,31,,,,True,1268,online,19.0
online_v2,000852.SH,2024-10-14,UpTrend,Range,2024-10-14 14:15:00+08:00,2024-10-14 14:20:00+08:00,39,,,,True,1269,online,27.0
online_v2,000852.SH,2024-10-17,Range,UpTrend,2024-10-17 13:10:00+08:00,2024-10-17 13:15:00+08:00,26,,,,True,1270,online,14.0
online_v2,000852.SH,2024-10-17,UpTrend,DownTrend,2024-10-17 14:15:00+08:00,2024-10-17 14:20:00+08:00,39,,,,True,1271,online,27.0
online_v2,000852.SH,2024-10-18,Range,UpTrend,2024-10-18 13:50:00+08:00,2024-10-18 13:55:00+08:00,34,,,,True,1272,online,22.0
online_v2,000852.SH,2024-10-22,Range,DownTrend,2024-10-22 13:45:00+08:00,2024-10-22 13:50:00+08:00,33,,,,True,1273,online,21.0
online_v2,000852.SH,2024-10-23,Range,UpTrend,2024-10-23 13:10:00+08:00,2024-10-23 13:15:00+08:00,26,,,,False,,online,14.0
online_v2,000852.SH,2024-10-23,UpTrend,DownTrend,2024-10-23 14:10:00+08:00,2024-10-23 14:15:00+08:00,38,,,,True,1274,online,26.0
online_v2,000852.SH,2024-10-28,UpTrend,Range,2024-10-28 14:00:00+08:00,2024-10-28 14:05:00+08:00,36,,,,False,,online,24.0
online_v2,000852.SH,2024-10-29,DownTrend,Range,2024-10-29 14:20:00+08:00,2024-10-29 14:25:00+08:00,40,,,,True,1275,online,28.0
online_v2,000852.SH,2024-10-30,DownTrend,Range,2024-10-30 13:55:00+08:00,2024-10-30 14:00:00+08:00,35,,,,True,1276,online,23.0
online_v2,000852.SH,2024-11-01,Shock,Range,2024-11-01 13:05:00+08:00,2024-11-01 13:10:00+08:00,25,,,,True,1277,online,13.0
online_v2,000852.SH,2024-11-11,Shock,Range,2024-11-11 10:55:00+08:00,2024-11-11 11:00:00+08:00,17,,,,False,,online,5.0
online_v2,000852.SH,2024-11-11,Range,UpTrend,2024-11-11 13:10:00+08:00,2024-11-11 13:15:00+08:00,26,,,,False,,online,14.0
online_v2,000852.SH,2024-11-12,Range,DownTrend,2024-11-12 13:55:00+08:00,2024-11-12 14:00:00+08:00,35,,,,False,,online,23.0
online_v2,000852.SH,2024-11-12,DownTrend,Shock,2024-11-12 14:25:00+08:00,2024-11-12 14:30:00+08:00,41,,,,True,1278,online,29.0
online_v2,000852.SH,2024-11-13,Shock,Range,2024-11-13 11:20:00+08:00,2024-11-13 11:25:00+08:00,22,,,,False,,online,10.0
online_v2,000852.SH,2024-11-15,Range,DownTrend,2024-11-15 14:05:00+08:00,2024-11-15 14:10:00+08:00,37,,,,True,1279,online,25.0
online_v2,000852.SH,2024-11-18,Shock,Range,2024-11-18 11:25:00+08:00,2024-11-18 11:30:00+08:00,23,,,,False,,online,11.0
online_v2,000852.SH,2024-11-18,Range,DownTrend,2024-11-18 13:55:00+08:00,2024-11-18 14:00:00+08:00,35,,,,True,1280,online,23.0
online_v2,000852.SH,2024-11-19,Range,Shock,2024-11-19 14:20:00+08:00,2024-11-19 14:25:00+08:00,40,,,,True,1281,online,28.0
online_v2,000852.SH,2024-11-22,DownTrend,Shock,2024-11-22 13:50:00+08:00,2024-11-22 13:55:00+08:00,34,,,,True,1282,online,22.0
online_v2,000852.SH,2024-11-25,Shock,UpTrend,2024-11-25 10:55:00+08:00,2024-11-25 11:00:00+08:00,17,,,,False,,online,5.0
online_v2,000852.SH,2024-11-25,UpTrend,DownTrend,2024-11-25 11:30:00+08:00,2024-11-25 13:05:00+08:00,24,,,,False,,online,12.0
online_v2,000852.SH,2024-11-27,Shock,Range,2024-11-27 13:20:00+08:00,2024-11-27 13:25:00+08:00,28,,,,True,1283,online,16.0
online_v2,000852.SH,2024-11-27,Range,UpTrend,2024-11-27 14:25:00+08:00,2024-11-27 14:30:00+08:00,41,,,,True,1284,online,29.0
online_v2,000852.SH,2024-11-29,UpTrend,Range,2024-11-29 13:55:00+08:00,2024-11-29 14:00:00+08:00,35,,,,True,1285,online,23.0
online_v2,000852.SH,2024-12-05,UpTrend,Range,2024-12-05 13:05:00+08:00,2024-12-05 13:10:00+08:00,25,,,,False,,online,13.0
online_v2,000852.SH,2024-12-09,Range,DownTrend,2024-12-09 11:30:00+08:00,2024-12-09 13:05:00+08:00,24,,,,True,1286,online,12.0
online_v2,000852.SH,2024-12-09,DownTrend,Range,2024-12-09 14:25:00+08:00,2024-12-09 14:30:00+08:00,41,,,,True,1287,online,29.0
online_v2,000852.SH,2024-12-11,UpTrend,Range,2024-12-11 11:25:00+08:00,2024-12-11 11:30:00+08:00,23,,,,False,,online,11.0
online_v2,000852.SH,2024-12-17,Shock,DownTrend,2024-12-17 11:00:00+08:00,2024-12-17 11:05:00+08:00,18,,,,False,,online,6.0
online_v2,000852.SH,2024-12-17,DownTrend,Shock,2024-12-17 13:30:00+08:00,2024-12-17 13:35:00+08:00,30,,,,False,,online,18.0
online_v2,000852.SH,2024-12-19,Range,Shock,2024-12-19 13:10:00+08:00,2024-12-19 13:15:00+08:00,26,,,,True,1288,online,14.0
online_v2,000852.SH,2024-12-19,Shock,UpTrend,2024-12-19 14:20:00+08:00,2024-12-19 14:25:00+08:00,40,,,,True,1289,online,28.0
online_v2,000852.SH,2024-12-23,Shock,Range,2024-12-23 11:05:00+08:00,2024-12-23 11:10:00+08:00,19,,,,False,,online,7.0
online_v2,000852.SH,2024-12-23,Range,DownTrend,2024-12-23 14:05:00+08:00,2024-12-23 14:10:00+08:00,37,,,,True,1290,online,25.0
online_v2,000852.SH,2024-12-24,Shock,UpTrend,2024-12-24 13:15:00+08:00,2024-12-24 13:20:00+08:00,27,,,,True,1291,online,15.0
online_v2,000852.SH,2024-12-25,DownTrend,Range,2024-12-25 13:10:00+08:00,2024-12-25 13:15:00+08:00,26,,,,False,,online,14.0
online_v2,000852.SH,2024-12-25,Range,UpTrend,2024-12-25 13:40:00+08:00,2024-12-25 13:45:00+08:00,32,,,,True,1292,online,20.0
online_v2,000852.SH,2024-12-27,Range,DownTrend,2024-12-27 13:45:00+08:00,2024-12-27 13:50:00+08:00,33,,,,True,1293,online,21.0
online_v2,000852.SH,2025-01-02,DownTrend,Shock,2025-01-02 14:00:00+08:00,2025-01-02 14:05:00+08:00,36,,,,True,1294,online,24.0
online_v2,000852.SH,2025-01-03,Shock,DownTrend,2025-01-03 11:30:00+08:00,2025-01-03 13:05:00+08:00,24,,,,True,1295,online,12.0
online_v2,000852.SH,2025-01-03,DownTrend,Shock,2025-01-03 14:25:00+08:00,2025-01-03 14:30:00+08:00,41,,,,True,1296,online,29.0
online_v2,000852.SH,2025-01-06,Shock,DownTrend,2025-01-06 11:15:00+08:00,2025-01-06 11:20:00+08:00,21,,,,False,,online,9.0
online_v2,000852.SH,2025-01-06,DownTrend,Shock,2025-01-06 11:25:00+08:00,2025-01-06 11:30:00+08:00,23,,,,True,1297,online,11.0
online_v2,000852.SH,2025-01-06,Shock,DownTrend,2025-01-06 13:35:00+08:00,2025-01-06 13:40:00+08:00,31,,,,True,1298,online,19.0
online_v2,000852.SH,2025-01-08,DownTrend,Shock,2025-01-08 13:40:00+08:00,2025-01-08 13:45:00+08:00,32,,,,True,1299,online,20.0
online_v2,000852.SH,2025-01-13,Shock,Range,2025-01-13 14:15:00+08:00,2025-01-13 14:20:00+08:00,39,,,,True,1300,online,27.0
online_v2,000852.SH,2025-01-17,Shock,Range,2025-01-17 14:15:00+08:00,2025-01-17 14:20:00+08:00,39,,,,True,1301,online,27.0
online_v2,000852.SH,2025-01-21,Range,UpTrend,2025-01-21 11:25:00+08:00,2025-01-21 11:30:00+08:00,23,,,,False,,online,11.0
online_v2,000852.SH,2025-01-24,Shock,UpTrend,2025-01-24 11:30:00+08:00,2025-01-24 13:05:00+08:00,24,,,,False,,online,12.0
online_v2,000852.SH,2025-02-07,UpTrend,Range,2025-02-07 13:35:00+08:00,2025-02-07 13:40:00+08:00,31,,,,True,1302,online,19.0
online_v2,000852.SH,2025-02-07,Range,DownTrend,2025-02-07 14:00:00+08:00,2025-02-07 14:05:00+08:00,36,,,,True,1303,online,24.0
online_v2,000852.SH,2025-02-13,Shock,UpTrend,2025-02-13 13:40:00+08:00,2025-02-13 13:45:00+08:00,32,,,,False,,online,20.0
online_v2,000852.SH,2025-02-14,UpTrend,Shock,2025-02-14 13:50:00+08:00,2025-02-14 13:55:00+08:00,34,,,,False,,online,22.0
online_v2,000852.SH,2025-02-14,Shock,DownTrend,2025-02-14 14:05:00+08:00,2025-02-14 14:10:00+08:00,37,,,,False,,online,25.0
online_v2,000852.SH,2025-02-14,DownTrend,Shock,2025-02-14 14:25:00+08:00,2025-02-14 14:30:00+08:00,41,,,,False,,online,29.0
online_v2,000852.SH,2025-02-17,Shock,Range,2025-02-17 11:25:00+08:00,2025-02-17 11:30:00+08:00,23,,,,False,,online,11.0
online_v2,000852.SH,2025-02-17,Range,DownTrend,2025-02-17 13:55:00+08:00,2025-02-17 14:00:00+08:00,35,,,,True,1304,online,23.0
online_v2,000852.SH,2025-02-19,Range,UpTrend,2025-02-19 14:25:00+08:00,2025-02-19 14:30:00+08:00,41,,,,True,1305,online,29.0
online_v2,000852.SH,2025-02-20,Shock,Range,2025-02-20 11:00:00+08:00,2025-02-20 11:05:00+08:00,18,,,,False,,online,6.0
online_v2,000852.SH,2025-02-20,Range,UpTrend,2025-02-20 13:20:00+08:00,2025-02-20 13:25:00+08:00,28,,,,False,,online,16.0
online_v2,000852.SH,2025-02-20,UpTrend,Range,2025-02-20 14:10:00+08:00,2025-02-20 14:15:00+08:00,38,,,,True,1306,online,26.0
online_v2,000852.SH,2025-02-21,UpTrend,Shock,2025-02-21 11:05:00+08:00,2025-02-21 11:10:00+08:00,19,,,,False,,online,7.0
online_v2,000852.SH,2025-02-21,Shock,UpTrend,2025-02-21 13:35:00+08:00,2025-02-21 13:40:00+08:00,31,,,,True,1307,online,19.0
online_v2,000852.SH,2025-02-21,UpTrend,Range,2025-02-21 14:00:00+08:00,2025-02-21 14:05:00+08:00,36,,,,True,1308,online,24.0
online_v2,000852.SH,2025-02-24,Range,DownTrend,2025-02-24 13:25:00+08:00,2025-02-24 13:30:00+08:00,29,,,,True,1309,online,17.0
online_v2,000852.SH,2025-02-26,UpTrend,Range,2025-02-26 14:10:00+08:00,2025-02-26 14:15:00+08:00,38,,,,True,1310,online,26.0
online_v2,000852.SH,2025-02-27,DownTrend,Shock,2025-02-27 10:45:00+08:00,2025-02-27 10:50:00+08:00,15,,,,False,,online,3.0
online_v2,000852.SH,2025-02-28,DownTrend,Shock,2025-02-28 13:55:00+08:00,2025-02-28 14:00:00+08:00,35,,,,True,1311,online,23.0
online_v2,000852.SH,2025-03-05,Shock,Range,2025-03-05 11:20:00+08:00,2025-03-05 11:25:00+08:00,22,,,,False,,online,10.0
online_v2,000852.SH,2025-03-05,Range,UpTrend,2025-03-05 14:15:00+08:00,2025-03-05 14:20:00+08:00,39,,,,True,1312,online,27.0
online_v2,000852.SH,2025-03-06,Range,UpTrend,2025-03-06 11:20:00+08:00,2025-03-06 11:25:00+08:00,22,,,,True,1313,online,10.0
online_v2,000852.SH,2025-03-11,DownTrend,Range,2025-03-11 13:45:00+08:00,2025-03-11 13:50:00+08:00,33,,,,True,1314,online,21.0
online_v2,000852.SH,2025-03-12,UpTrend,Range,2025-03-12 14:05:00+08:00,2025-03-12 14:10:00+08:00,37,,,,True,1315,online,25.0
online_v2,000852.SH,2025-03-13,Shock,DownTrend,2025-03-13 11:10:00+08:00,2025-03-13 11:15:00+08:00,20,,,,False,,online,8.0
online_v2,000852.SH,2025-03-14,Shock,UpTrend,2025-03-14 11:05:00+08:00,2025-03-14 11:10:00+08:00,19,,,,False,,online,7.0
online_v2,000852.SH,2025-03-19,UpTrend,DownTrend,2025-03-19 13:40:00+08:00,2025-03-19 13:45:00+08:00,32,,,,True,1316,online,20.0
online_v2,000852.SH,2025-03-20,Range,DownTrend,2025-03-20 14:00:00+08:00,2025-03-20 14:05:00+08:00,36,,,,True,1317,online,24.0
online_v2,000852.SH,2025-03-21,DownTrend,Range,2025-03-21 14:10:00+08:00,2025-03-21 14:15:00+08:00,38,,,,True,1318,online,26.0
online_v2,000852.SH,2025-03-24,Shock,DownTrend,2025-03-24 11:30:00+08:00,2025-03-24 13:05:00+08:00,24,,,,False,,online,12.0
online_v2,000852.SH,2025-03-24,DownTrend,Shock,2025-03-24 14:25:00+08:00,2025-03-24 14:30:00+08:00,41,,,,True,1319,online,29.0
online_v2,000852.SH,2025-03-25,Range,Shock,2025-03-25 11:20:00+08:00,2025-03-25 11:25:00+08:00,22,,,,True,1320,online,10.0
online_v2,000852.SH,2025-03-27,Shock,UpTrend,2025-03-27 11:10:00+08:00,2025-03-27 11:15:00+08:00,20,,,,False,,online,8.0
online_v2,000852.SH,2025-03-27,UpTrend,Range,2025-03-27 13:50:00+08:00,2025-03-27 13:55:00+08:00,34,,,,True,1321,online,22.0
online_v2,000852.SH,2025-03-31,Shock,DownTrend,2025-03-31 11:00:00+08:00,2025-03-31 11:05:00+08:00,18,,,,False,,online,6.0
online_v2,000852.SH,2025-03-31,DownTrend,Shock,2025-03-31 13:05:00+08:00,2025-03-31 13:10:00+08:00,25,,,,True,1322,online,13.0
online_v2,000852.SH,2025-03-31,Shock,UpTrend,2025-03-31 14:20:00+08:00,2025-03-31 14:25:00+08:00,40,,,,True,1323,online,28.0
online_v2,000852.SH,2025-04-02,UpTrend,Range,2025-04-02 14:10:00+08:00,2025-04-02 14:15:00+08:00,38,,,,False,,online,26.0
online_v2,000852.SH,2025-04-03,Shock,DownTrend,2025-04-03 11:20:00+08:00,2025-04-03 11:25:00+08:00,22,,,,False,,online,10.0
online_v2,000852.SH,2025-04-07,Shock,DownTrend,2025-04-07 13:30:00+08:00,2025-04-07 13:35:00+08:00,30,,,,False,,online,18.0
online_v2,000852.SH,2025-04-07,DownTrend,Shock,2025-04-07 13:40:00+08:00,2025-04-07 13:45:00+08:00,32,,,,False,,online,20.0
online_v2,000852.SH,2025-04-09,Shock,UpTrend,2025-04-09 13:40:00+08:00,2025-04-09 13:45:00+08:00,32,,,,True,1324,online,20.0
online_v2,000852.SH,2025-04-11,DownTrend,UpTrend,2025-04-11 11:30:00+08:00,2025-04-11 13:05:00+08:00,24,,,,False,,online,12.0
online_v2,000852.SH,2025-04-16,DownTrend,Range,2025-04-16 14:10:00+08:00,2025-04-16 14:15:00+08:00,38,,,,True,1325,online,26.0
online_v2,000852.SH,2025-04-18,Range,DownTrend,2025-04-18 11:05:00+08:00,2025-04-18 11:10:00+08:00,19,,,,False,,online,7.0
online_v2,000852.SH,2025-04-18,DownTrend,Range,2025-04-18 13:35:00+08:00,2025-04-18 13:40:00+08:00,31,,,,True,1326,online,19.0
online_v2,000852.SH,2025-04-23,Range,UpTrend,2025-04-23 13:05:00+08:00,2025-04-23 13:10:00+08:00,25,,,,False,,online,13.0
online_v2,000852.SH,2025-04-24,DownTrend,UpTrend,2025-04-24 13:40:00+08:00,2025-04-24 13:45:00+08:00,32,,,,True,1327,online,20.0
online_v2,000852.SH,2025-04-24,UpTrend,Range,2025-04-24 14:20:00+08:00,2025-04-24 14:25:00+08:00,40,,,,True,1328,online,28.0
online_v2,000852.SH,2025-04-28,UpTrend,Range,2025-04-28 13:25:00+08:00,2025-04-28 13:30:00+08:00,29,,,,False,,online,17.0
online_v2,000852.SH,2025-04-28,Range,DownTrend,2025-04-28 14:15:00+08:00,2025-04-28 14:20:00+08:00,39,,,,True,1329,online,27.0
online_v2,000852.SH,2025-05-08,Range,UpTrend,2025-05-08 14:15:00+08:00,2025-05-08 14:20:00+08:00,39,,,,False,,online,27.0
online_v2,000852.SH,2025-05-09,DownTrend,UpTrend,2025-05-09 13:25:00+08:00,2025-05-09 13:30:00+08:00,29,,,,True,1330,online,17.0
online_v2,000852.SH,2025-05-09,UpTrend,Range,2025-05-09 14:10:00+08:00,2025-05-09 14:15:00+08:00,38,,,,True,1331,online,26.0
online_v2,000852.SH,2025-05-12,Range,UpTrend,2025-05-12 14:10:00+08:00,2025-05-12 14:15:00+08:00,38,,,,True,1332,online,26.0
online_v2,000852.SH,2025-05-13,Shock,Range,2025-05-13 14:10:00+08:00,2025-05-13 14:15:00+08:00,38,,,,False,,online,26.0
online_v2,000852.SH,2025-05-14,DownTrend,Range,2025-05-14 13:05:00+08:00,2025-05-14 13:10:00+08:00,25,,,,False,,online,13.0
online_v2,000852.SH,2025-05-14,Range,Shock,2025-05-14 13:20:00+08:00,2025-05-14 13:25:00+08:00,28,,,,True,1333,online,16.0
online_v2,000852.SH,2025-05-15,Shock,DownTrend,2025-05-15 11:20:00+08:00,2025-05-15 11:25:00+08:00,22,,,,False,,online,10.0
online_v2,000852.SH,2025-05-16,Range,DownTrend,2025-05-16 14:15:00+08:00,2025-05-16 14:20:00+08:00,39,,,,True,1334,online,27.0
online_v2,000852.SH,2025-05-19,UpTrend,Range,2025-05-19 13:30:00+08:00,2025-05-19 13:35:00+08:00,30,,,,True,1335,online,18.0
online_v2,000852.SH,2025-05-21,DownTrend,UpTrend,2025-05-21 13:20:00+08:00,2025-05-21 13:25:00+08:00,28,,,,False,,online,16.0
online_v2,000852.SH,2025-05-22,DownTrend,Range,2025-05-22 13:25:00+08:00,2025-05-22 13:30:00+08:00,29,,,,True,1336,online,17.0
online_v2,000852.SH,2025-05-23,Range,DownTrend,2025-05-23 13:35:00+08:00,2025-05-23 13:40:00+08:00,31,,,,True,1337,online,19.0
online_v2,000852.SH,2025-05-26,UpTrend,DownTrend,2025-05-26 11:15:00+08:00,2025-05-26 11:20:00+08:00,21,,,,False,,online,9.0
online_v2,000852.SH,2025-06-03,Shock,Range,2025-06-03 13:05:00+08:00,2025-06-03 13:10:00+08:00,25,,,,False,,online,13.0
online_v2,000852.SH,2025-06-04,UpTrend,Range,2025-06-04 13:25:00+08:00,2025-06-04 13:30:00+08:00,29,,,,False,,online,17.0
online_v2,000852.SH,2025-06-06,Range,DownTrend,2025-06-06 13:45:00+08:00,2025-06-06 13:50:00+08:00,33,,,,False,,online,21.0
online_v2,000852.SH,2025-06-09,UpTrend,DownTrend,2025-06-09 13:25:00+08:00,2025-06-09 13:30:00+08:00,29,,,,False,,online,17.0
online_v2,000852.SH,2025-06-12,UpTrend,DownTrend,2025-06-12 13:30:00+08:00,2025-06-12 13:35:00+08:00,30,,,,False,,online,18.0
online_v2,000852.SH,2025-06-13,Shock,Range,2025-06-13 13:20:00+08:00,2025-06-13 13:25:00+08:00,28,,,,False,,online,16.0
online_v2,000852.SH,2025-06-13,Range,Shock,2025-06-13 13:50:00+08:00,2025-06-13 13:55:00+08:00,34,,,,True,1338,online,22.0
online_v2,000852.SH,2025-06-20,Shock,Range,2025-06-20 11:00:00+08:00,2025-06-20 11:05:00+08:00,18,,,,False,,online,6.0
online_v2,000852.SH,2025-06-20,Range,DownTrend,2025-06-20 14:10:00+08:00,2025-06-20 14:15:00+08:00,38,,,,False,,online,26.0
online_v2,000852.SH,2025-06-24,Shock,UpTrend,2025-06-24 13:15:00+08:00,2025-06-24 13:20:00+08:00,27,,,,False,,online,15.0
online_v2,000852.SH,2025-06-25,Shock,UpTrend,2025-06-25 13:20:00+08:00,2025-06-25 13:25:00+08:00,28,,,,True,1339,online,16.0
online_v2,000852.SH,2025-06-26,Shock,DownTrend,2025-06-26 13:50:00+08:00,2025-06-26 13:55:00+08:00,34,,,,False,,online,22.0
online_v2,000852.SH,2025-06-27,Shock,Range,2025-06-27 11:20:00+08:00,2025-06-27 11:25:00+08:00,22,,,,False,,online,10.0
online_v2,000852.SH,2025-06-30,Range,UpTrend,2025-06-30 13:45:00+08:00,2025-06-30 13:50:00+08:00,33,,,,True,1340,online,21.0
online_v2,000852.SH,2025-07-03,DownTrend,UpTrend,2025-07-03 13:30:00+08:00,2025-07-03 13:35:00+08:00,30,,,,False,,online,18.0
online_v2,000852.SH,2025-07-04,Shock,UpTrend,2025-07-04 11:15:00+08:00,2025-07-04 11:20:00+08:00,21,,,,False,,online,9.0
online_v2,000852.SH,2025-07-04,UpTrend,Shock,2025-07-04 13:25:00+08:00,2025-07-04 13:30:00+08:00,29,,,,True,1341,online,17.0
online_v2,000852.SH,2025-07-08,UpTrend,Range,2025-07-08 14:05:00+08:00,2025-07-08 14:10:00+08:00,37,,,,True,1342,online,25.0
online_v2,000852.SH,2025-07-09,Shock,Range,2025-07-09 13:30:00+08:00,2025-07-09 13:35:00+08:00,30,,,,True,1343,online,18.0
online_v2,000852.SH,2025-07-09,Range,DownTrend,2025-07-09 14:25:00+08:00,2025-07-09 14:30:00+08:00,41,,,,True,1344,online,29.0
online_v2,000852.SH,2025-07-10,DownTrend,UpTrend,2025-07-10 13:10:00+08:00,2025-07-10 13:15:00+08:00,26,,,,True,1345,online,14.0
online_v2,000852.SH,2025-07-14,Range,UpTrend,2025-07-14 14:20:00+08:00,2025-07-14 14:25:00+08:00,40,,,,False,,online,28.0
online_v2,000852.SH,2025-07-21,Shock,DownTrend,2025-07-21 11:15:00+08:00,2025-07-21 11:20:00+08:00,21,,,,False,,online,9.0
online_v2,000852.SH,2025-07-21,DownTrend,UpTrend,2025-07-21 14:05:00+08:00,2025-07-21 14:10:00+08:00,37,,,,True,1346,online,25.0
online_v2,000852.SH,2025-07-22,UpTrend,Range,2025-07-22 13:30:00+08:00,2025-07-22 13:35:00+08:00,30,,,,True,1347,online,18.0
online_v2,000852.SH,2025-07-23,DownTrend,UpTrend,2025-07-23 13:15:00+08:00,2025-07-23 13:20:00+08:00,27,,,,True,1348,online,15.0
online_v2,000852.SH,2025-07-23,UpTrend,DownTrend,2025-07-23 14:15:00+08:00,2025-07-23 14:20:00+08:00,39,,,,True,1349,online,27.0
online_v2,000852.SH,2025-07-24,Range,UpTrend,2025-07-24 13:35:00+08:00,2025-07-24 13:40:00+08:00,31,,,,True,1350,online,19.0
online_v2,000852.SH,2025-07-24,UpTrend,Range,2025-07-24 13:50:00+08:00,2025-07-24 13:55:00+08:00,34,,,,True,1351,online,22.0
online_v2,000852.SH,2025-07-29,Shock,Range,2025-07-29 13:25:00+08:00,2025-07-29 13:30:00+08:00,29,,,,False,,online,17.0
online_v2,000852.SH,2025-07-30,DownTrend,Shock,2025-07-30 14:05:00+08:00,2025-07-30 14:10:00+08:00,37,,,,True,1352,online,25.0
online_v2,000852.SH,2025-07-31,Shock,DownTrend,2025-07-31 13:30:00+08:00,2025-07-31 13:35:00+08:00,30,,,,False,,online,18.0
online_v2,000852.SH,2025-07-31,DownTrend,Shock,2025-07-31 14:05:00+08:00,2025-07-31 14:10:00+08:00,37,,,,True,1353,online,25.0
online_v2,000852.SH,2025-08-01,Range,DownTrend,2025-08-01 11:05:00+08:00,2025-08-01 11:10:00+08:00,19,,,,False,,online,7.0
online_v2,000852.SH,2025-08-01,DownTrend,UpTrend,2025-08-01 14:15:00+08:00,2025-08-01 14:20:00+08:00,39,,,,True,1354,online,27.0
online_v2,000852.SH,2025-08-01,UpTrend,Shock,2025-08-01 14:25:00+08:00,2025-08-01 14:30:00+08:00,41,,,,True,1355,online,29.0
online_v2,000852.SH,2025-08-05,Range,UpTrend,2025-08-05 13:20:00+08:00,2025-08-05 13:25:00+08:00,28,,,,False,,online,16.0
online_v2,000852.SH,2025-08-07,DownTrend,Range,2025-08-07 13:55:00+08:00,2025-08-07 14:00:00+08:00,35,,,,False,,online,23.0
online_v2,000852.SH,2025-08-08,Range,UpTrend,2025-08-08 10:50:00+08:00,2025-08-08 10:55:00+08:00,16,,,,False,,online,4.0
online_v2,000852.SH,2025-08-11,UpTrend,Range,2025-08-11 13:50:00+08:00,2025-08-11 13:55:00+08:00,34,,,,True,1356,online,22.0
online_v2,000852.SH,2025-08-15,Shock,UpTrend,2025-08-15 10:50:00+08:00,2025-08-15 10:55:00+08:00,16,,,,False,,online,4.0
online_v2,000852.SH,2025-08-15,UpTrend,Range,2025-08-15 14:10:00+08:00,2025-08-15 14:15:00+08:00,38,,,,True,1357,online,26.0
online_v2,000852.SH,2025-08-18,UpTrend,Shock,2025-08-18 14:25:00+08:00,2025-08-18 14:30:00+08:00,41,,,,True,1358,online,29.0
online_v2,000852.SH,2025-08-19,Shock,UpTrend,2025-08-19 11:20:00+08:00,2025-08-19 11:25:00+08:00,22,,,,False,,online,10.0
online_v2,000852.SH,2025-08-19,UpTrend,DownTrend,2025-08-19 13:55:00+08:00,2025-08-19 14:00:00+08:00,35,,,,True,1359,online,23.0
online_v2,000852.SH,2025-08-19,DownTrend,Shock,2025-08-19 14:05:00+08:00,2025-08-19 14:10:00+08:00,37,,,,True,1360,online,25.0
online_v2,000852.SH,2025-08-20,Shock,UpTrend,2025-08-20 14:10:00+08:00,2025-08-20 14:15:00+08:00,38,,,,True,1361,online,26.0
online_v2,000852.SH,2025-08-21,Shock,DownTrend,2025-08-21 14:20:00+08:00,2025-08-21 14:25:00+08:00,40,,,,True,1362,online,28.0
online_v2,000852.SH,2025-08-25,Shock,UpTrend,2025-08-25 10:50:00+08:00,2025-08-25 10:55:00+08:00,16,,,,False,,online,4.0
online_v2,000852.SH,2025-08-25,UpTrend,Shock,2025-08-25 13:10:00+08:00,2025-08-25 13:15:00+08:00,26,,,,False,,online,14.0
online_v2,000852.SH,2025-08-25,Shock,Range,2025-08-25 14:00:00+08:00,2025-08-25 14:05:00+08:00,36,,,,True,1363,online,24.0
online_v2,000852.SH,2025-08-27,UpTrend,DownTrend,2025-08-27 13:50:00+08:00,2025-08-27 13:55:00+08:00,34,,,,True,1364,online,22.0
online_v2,000852.SH,2025-08-27,DownTrend,Shock,2025-08-27 14:00:00+08:00,2025-08-27 14:05:00+08:00,36,,,,True,1365,online,24.0
online_v2,000852.SH,2025-08-29,Shock,Range,2025-08-29 11:05:00+08:00,2025-08-29 11:10:00+08:00,19,,,,False,,online,7.0
online_v2,000852.SH,2025-09-03,Shock,DownTrend,2025-09-03 13:15:00+08:00,2025-09-03 13:20:00+08:00,27,,,,True,1366,online,15.0
online_v2,000852.SH,2025-09-05,UpTrend,Range,2025-09-05 13:15:00+08:00,2025-09-05 13:20:00+08:00,27,,,,True,1367,online,15.0
online_v2,000852.SH,2025-09-05,Range,UpTrend,2025-09-05 13:50:00+08:00,2025-09-05 13:55:00+08:00,34,,,,True,1368,online,22.0
online_v2,000852.SH,2025-09-08,Range,UpTrend,2025-09-08 13:35:00+08:00,2025-09-08 13:40:00+08:00,31,,,,True,1369,online,19.0
online_v2,000852.SH,2025-09-09,Range,DownTrend,2025-09-09 13:15:00+08:00,2025-09-09 13:20:00+08:00,27,,,,False,,online,15.0
online_v2,000852.SH,2025-09-09,DownTrend,Range,2025-09-09 14:15:00+08:00,2025-09-09 14:20:00+08:00,39,,,,True,1370,online,27.0
online_v2,000852.SH,2025-09-12,DownTrend,UpTrend,2025-09-12 13:25:00+08:00,2025-09-12 13:30:00+08:00,29,,,,False,,online,17.0
online_v2,000852.SH,2025-09-17,Range,UpTrend,2025-09-17 11:30:00+08:00,2025-09-17 13:05:00+08:00,24,,,,False,,online,12.0
online_v2,000852.SH,2025-09-17,UpTrend,Range,2025-09-17 13:30:00+08:00,2025-09-17 13:35:00+08:00,30,,,,True,1371,online,18.0
online_v2,000852.SH,2025-09-18,UpTrend,Range,2025-09-18 11:10:00+08:00,2025-09-18 11:15:00+08:00,20,,,,False,,online,8.0
online_v2,000852.SH,2025-09-18,Range,DownTrend,2025-09-18 13:25:00+08:00,2025-09-18 13:30:00+08:00,29,,,,True,1372,online,17.0
online_v2,000852.SH,2025-09-23,Shock,DownTrend,2025-09-23 11:00:00+08:00,2025-09-23 11:05:00+08:00,18,,,,False,,online,6.0
online_v2,000852.SH,2025-09-24,Range,UpTrend,2025-09-24 11:15:00+08:00,2025-09-24 11:20:00+08:00,21,,,,False,,online,9.0
online_v2,000852.SH,2025-09-26,DownTrend,Range,2025-09-26 14:05:00+08:00,2025-09-26 14:10:00+08:00,37,,,,True,1373,online,25.0
online_v2,000852.SH,2025-09-29,Shock,UpTrend,2025-09-29 10:55:00+08:00,2025-09-29 11:00:00+08:00,17,,,,False,,online,5.0
online_v2,000852.SH,2025-09-29,UpTrend,Range,2025-09-29 13:15:00+08:00,2025-09-29 13:20:00+08:00,27,,,,False,,online,15.0
online_v2,000852.SH,2025-10-09,UpTrend,Range,2025-10-09 13:35:00+08:00,2025-10-09 13:40:00+08:00,31,,,,True,1374,online,19.0
online_v2,000852.SH,2025-10-10,DownTrend,Range,2025-10-10 13:55:00+08:00,2025-10-10 14:00:00+08:00,35,,,,True,1375,online,23.0
online_v2,000852.SH,2025-10-13,Shock,DownTrend,2025-10-13 13:05:00+08:00,2025-10-13 13:10:00+08:00,25,,,,False,,online,13.0
online_v2,000852.SH,2025-10-13,DownTrend,UpTrend,2025-10-13 13:55:00+08:00,2025-10-13 14:00:00+08:00,35,,,,True,1376,online,23.0
online_v2,000852.SH,2025-10-14,DownTrend,Shock,2025-10-14 13:05:00+08:00,2025-10-14 13:10:00+08:00,25,,,,True,1377,online,13.0
online_v2,000852.SH,2025-10-14,Shock,DownTrend,2025-10-14 14:20:00+08:00,2025-10-14 14:25:00+08:00,40,,,,True,1378,online,28.0
online_v2,000852.SH,2025-10-15,Shock,Range,2025-10-15 13:05:00+08:00,2025-10-15 13:10:00+08:00,25,,,,False,,online,13.0
online_v2,000852.SH,2025-10-15,Range,UpTrend,2025-10-15 13:30:00+08:00,2025-10-15 13:35:00+08:00,30,,,,True,1379,online,18.0
online_v2,000852.SH,2025-10-16,DownTrend,Range,2025-10-16 14:10:00+08:00,2025-10-16 14:15:00+08:00,38,,,,True,1380,online,26.0
online_v2,000852.SH,2025-10-17,Shock,DownTrend,2025-10-17 13:05:00+08:00,2025-10-17 13:10:00+08:00,25,,,,False,,online,13.0
online_v2,000852.SH,2025-10-21,UpTrend,Range,2025-10-21 13:05:00+08:00,2025-10-21 13:10:00+08:00,25,,,,False,,online,13.0
online_v2,000852.SH,2025-10-23,Range,UpTrend,2025-10-23 14:10:00+08:00,2025-10-23 14:15:00+08:00,38,,,,True,1381,online,26.0
online_v2,000852.SH,2025-10-24,Range,UpTrend,2025-10-24 13:05:00+08:00,2025-10-24 13:10:00+08:00,25,,,,True,1382,online,13.0
online_v2,000852.SH,2025-10-24,UpTrend,Range,2025-10-24 14:05:00+08:00,2025-10-24 14:10:00+08:00,37,,,,True,1383,online,25.0
online_v2,000852.SH,2025-10-28,Range,DownTrend,2025-10-28 13:40:00+08:00,2025-10-28 13:45:00+08:00,32,,,,False,,online,20.0
online_v2,000852.SH,2025-10-28,DownTrend,Shock,2025-10-28 13:55:00+08:00,2025-10-28 14:00:00+08:00,35,,,,True,1384,online,23.0
online_v2,000852.SH,2025-10-29,Range,UpTrend,2025-10-29 13:30:00+08:00,2025-10-29 13:35:00+08:00,30,,,,False,,online,18.0
online_v2,000852.SH,2025-11-03,Shock,UpTrend,2025-11-03 13:45:00+08:00,2025-11-03 13:50:00+08:00,33,,,,False,,online,21.0
online_v2,000852.SH,2025-11-05,Shock,UpTrend,2025-11-05 13:20:00+08:00,2025-11-05 13:25:00+08:00,28,,,,True,1385,online,16.0
online_v2,000852.SH,2025-11-06,UpTrend,Range,2025-11-06 13:10:00+08:00,2025-11-06 13:15:00+08:00,26,,,,True,1386,online,14.0
online_v2,000852.SH,2025-11-07,UpTrend,DownTrend,2025-11-07 14:10:00+08:00,2025-11-07 14:15:00+08:00,38,,,,True,1387,online,26.0
online_v2,000852.SH,2025-11-10,Shock,Range,2025-11-10 13:05:00+08:00,2025-11-10 13:10:00+08:00,25,,,,False,,online,13.0
online_v2,000852.SH,2025-11-11,Range,DownTrend,2025-11-11 13:25:00+08:00,2025-11-11 13:30:00+08:00,29,,,,True,1388,online,17.0
online_v2,000852.SH,2025-11-12,Shock,DownTrend,2025-11-12 11:00:00+08:00,2025-11-12 11:05:00+08:00,18,,,,False,,online,6.0
online_v2,000852.SH,2025-11-12,DownTrend,Range,2025-11-12 13:30:00+08:00,2025-11-12 13:35:00+08:00,30,,,,True,1389,online,18.0
online_v2,000852.SH,2025-11-12,Range,Shock,2025-11-12 14:10:00+08:00,2025-11-12 14:15:00+08:00,38,,,,True,1390,online,26.0
online_v2,000852.SH,2025-11-12,Shock,UpTrend,2025-11-12 14:20:00+08:00,2025-11-12 14:25:00+08:00,40,,,,True,1391,online,28.0
online_v2,000852.SH,2025-11-13,UpTrend,Range,2025-11-13 14:25:00+08:00,2025-11-13 14:30:00+08:00,41,,,,True,1392,online,29.0
online_v2,000852.SH,2025-11-19,Range,Shock,2025-11-19 14:25:00+08:00,2025-11-19 14:30:00+08:00,41,,,,True,1393,online,29.0
online_v2,000852.SH,2025-11-20,DownTrend,Range,2025-11-20 11:20:00+08:00,2025-11-20 11:25:00+08:00,22,,,,False,,online,10.0
online_v2,000852.SH,2025-11-20,Range,DownTrend,2025-11-20 14:05:00+08:00,2025-11-20 14:10:00+08:00,37,,,,True,1394,online,25.0
online_v2,000852.SH,2025-11-24,Shock,Range,2025-11-24 10:45:00+08:00,2025-11-24 10:50:00+08:00,15,,,,False,,online,3.0
online_v2,000852.SH,2025-11-24,Range,UpTrend,2025-11-24 13:30:00+08:00,2025-11-24 13:35:00+08:00,30,,,,True,1395,online,18.0
online_v2,000852.SH,2025-11-25,UpTrend,DownTrend,2025-11-25 13:05:00+08:00,2025-11-25 13:10:00+08:00,25,,,,False,,online,13.0
online_v2,000852.SH,2025-11-26,Range,UpTrend,2025-11-26 13:15:00+08:00,2025-11-26 13:20:00+08:00,27,,,,False,,online,15.0
online_v2,000852.SH,2025-11-26,UpTrend,DownTrend,2025-11-26 13:45:00+08:00,2025-11-26 13:50:00+08:00,33,,,,True,1396,online,21.0
online_v2,000852.SH,2025-11-27,Shock,Range,2025-11-27 13:30:00+08:00,2025-11-27 13:35:00+08:00,30,,,,False,,online,18.0
online_v2,000852.SH,2025-11-28,Shock,Range,2025-11-28 11:15:00+08:00,2025-11-28 11:20:00+08:00,21,,,,False,,online,9.0
online_v2,000852.SH,2025-11-28,Range,UpTrend,2025-11-28 14:20:00+08:00,2025-11-28 14:25:00+08:00,40,,,,True,1397,online,28.0
online_v2,000852.SH,2025-12-01,DownTrend,UpTrend,2025-12-01 11:15:00+08:00,2025-12-01 11:20:00+08:00,21,,,,False,,online,9.0
online_v2,000852.SH,2025-12-01,UpTrend,Range,2025-12-01 14:05:00+08:00,2025-12-01 14:10:00+08:00,37,,,,True,1398,online,25.0
online_v2,000852.SH,2025-12-05,UpTrend,Range,2025-12-05 13:40:00+08:00,2025-12-05 13:45:00+08:00,32,,,,True,1399,online,20.0
online_v2,000852.SH,2025-12-05,Range,UpTrend,2025-12-05 14:10:00+08:00,2025-12-05 14:15:00+08:00,38,,,,True,1400,online,26.0
online_v2,000852.SH,2025-12-10,Range,UpTrend,2025-12-10 14:10:00+08:00,2025-12-10 14:15:00+08:00,38,,,,True,1401,online,26.0
online_v2,000852.SH,2025-12-11,Range,DownTrend,2025-12-11 13:05:00+08:00,2025-12-11 13:10:00+08:00,25,,,,True,1402,online,13.0
online_v2,000852.SH,2025-12-12,Shock,Range,2025-12-12 13:25:00+08:00,2025-12-12 13:30:00+08:00,29,,,,True,1403,online,17.0
online_v2,000852.SH,2025-12-12,Range,UpTrend,2025-12-12 13:55:00+08:00,2025-12-12 14:00:00+08:00,35,,,,True,1404,online,23.0
online_v2,000852.SH,2025-12-15,UpTrend,DownTrend,2025-12-15 11:30:00+08:00,2025-12-15 13:05:00+08:00,24,,,,False,,online,12.0
online_v2,000852.SH,2025-12-17,Shock,Range,2025-12-17 13:40:00+08:00,2025-12-17 13:45:00+08:00,32,,,,False,,online,20.0
online_v2,000852.SH,2025-12-17,Range,Shock,2025-12-17 13:55:00+08:00,2025-12-17 14:00:00+08:00,35,,,,True,1405,online,23.0
online_v2,000852.SH,2025-12-22,UpTrend,DownTrend,2025-12-22 13:45:00+08:00,2025-12-22 13:50:00+08:00,33,,,,True,1406,online,21.0
online_v2,000852.SH,2025-12-23,UpTrend,DownTrend,2025-12-23 13:55:00+08:00,2025-12-23 14:00:00+08:00,35,,,,True,1407,online,23.0
online_v2,000852.SH,2025-12-25,UpTrend,Range,2025-12-25 14:20:00+08:00,2025-12-25 14:25:00+08:00,40,,,,True,1408,online,28.0
online_v2,000852.SH,2025-12-26,Shock,UpTrend,2025-12-26 13:50:00+08:00,2025-12-26 13:55:00+08:00,34,,,,True,1409,online,22.0
online_v2,000852.SH,2025-12-30,UpTrend,Shock,2025-12-30 13:25:00+08:00,2025-12-30 13:30:00+08:00,29,,,,False,,online,17.0
oracle_center_v2,000688.SH,2020-08-18,DownTrend,Range,2020-08-18 13:25:00+08:00,2020-08-18 13:30:00+08:00,29,17.0,23.0,2020-08-18 14:00:00+08:00,True,1,oracle,
oracle_center_v2,000688.SH,2020-08-21,UpTrend,DownTrend,2020-08-21 13:45:00+08:00,2020-08-21 13:50:00+08:00,33,21.0,27.0,2020-08-21 14:20:00+08:00,True,2,oracle,
oracle_center_v2,000688.SH,2020-08-24,Range,UpTrend,2020-08-24 11:25:00+08:00,2020-08-24 11:30:00+08:00,23,11.0,17.0,2020-08-24 13:30:00+08:00,True,3,oracle,
oracle_center_v2,000688.SH,2020-08-25,DownTrend,Range,2020-08-25 13:25:00+08:00,2020-08-25 13:30:00+08:00,29,17.0,23.0,2020-08-25 14:00:00+08:00,True,4,oracle,
oracle_center_v2,000688.SH,2020-08-27,UpTrend,Shock,2020-08-27 11:05:00+08:00,2020-08-27 11:10:00+08:00,19,7.0,13.0,2020-08-27 13:10:00+08:00,True,5,oracle,
oracle_center_v2,000688.SH,2020-08-27,Shock,UpTrend,2020-08-27 11:15:00+08:00,2020-08-27 11:20:00+08:00,21,9.0,15.0,2020-08-27 13:20:00+08:00,True,6,oracle,
oracle_center_v2,000688.SH,2020-08-31,Range,UpTrend,2020-08-31 13:20:00+08:00,2020-08-31 13:25:00+08:00,28,16.0,22.0,2020-08-31 13:55:00+08:00,True,7,oracle,
oracle_center_v2,000688.SH,2020-09-07,DownTrend,Shock,2020-09-07 13:40:00+08:00,2020-09-07 13:45:00+08:00,32,20.0,26.0,2020-09-07 14:15:00+08:00,True,8,oracle,
oracle_center_v2,000688.SH,2020-09-08,DownTrend,UpTrend,2020-09-08 13:15:00+08:00,2020-09-08 13:20:00+08:00,27,15.0,21.0,2020-09-08 13:50:00+08:00,True,9,oracle,
oracle_center_v2,000688.SH,2020-09-09,Shock,UpTrend,2020-09-09 11:05:00+08:00,2020-09-09 11:10:00+08:00,19,7.0,13.0,2020-09-09 13:10:00+08:00,True,10,oracle,
oracle_center_v2,000688.SH,2020-09-09,UpTrend,DownTrend,2020-09-09 13:55:00+08:00,2020-09-09 14:00:00+08:00,35,23.0,29.0,2020-09-09 14:30:00+08:00,True,11,oracle,
oracle_center_v2,000688.SH,2020-09-10,Shock,DownTrend,2020-09-10 11:05:00+08:00,2020-09-10 11:10:00+08:00,19,7.0,13.0,2020-09-10 13:10:00+08:00,True,12,oracle,
oracle_center_v2,000688.SH,2020-09-15,UpTrend,Range,2020-09-15 13:55:00+08:00,2020-09-15 14:00:00+08:00,35,23.0,29.0,2020-09-15 14:30:00+08:00,True,13,oracle,
oracle_center_v2,000688.SH,2020-09-16,DownTrend,Range,2020-09-16 13:05:00+08:00,2020-09-16 13:10:00+08:00,25,13.0,19.0,2020-09-16 13:40:00+08:00,True,14,oracle,
oracle_center_v2,000688.SH,2020-09-17,Shock,UpTrend,2020-09-17 13:15:00+08:00,2020-09-17 13:20:00+08:00,27,15.0,21.0,2020-09-17 13:50:00+08:00,True,15,oracle,
oracle_center_v2,000688.SH,2020-09-23,UpTrend,DownTrend,2020-09-23 13:55:00+08:00,2020-09-23 14:00:00+08:00,35,23.0,29.0,2020-09-23 14:30:00+08:00,True,16,oracle,
oracle_center_v2,000688.SH,2020-09-24,UpTrend,DownTrend,2020-09-24 13:15:00+08:00,2020-09-24 13:20:00+08:00,27,15.0,21.0,2020-09-24 13:50:00+08:00,True,17,oracle,
oracle_center_v2,000688.SH,2020-09-29,Range,UpTrend,2020-09-29 11:25:00+08:00,2020-09-29 11:30:00+08:00,23,11.0,17.0,2020-09-29 13:30:00+08:00,True,18,oracle,
oracle_center_v2,000688.SH,2020-09-30,UpTrend,Range,2020-09-30 13:55:00+08:00,2020-09-30 14:00:00+08:00,35,23.0,29.0,2020-09-30 14:30:00+08:00,True,19,oracle,
oracle_center_v2,000688.SH,2020-10-15,DownTrend,Range,2020-10-15 11:25:00+08:00,2020-10-15 11:30:00+08:00,23,11.0,17.0,2020-10-15 13:30:00+08:00,True,20,oracle,
oracle_center_v2,000688.SH,2020-10-16,DownTrend,Range,2020-10-16 11:25:00+08:00,2020-10-16 11:30:00+08:00,23,11.0,17.0,2020-10-16 13:30:00+08:00,True,21,oracle,
oracle_center_v2,000688.SH,2020-10-23,DownTrend,Shock,2020-10-23 13:10:00+08:00,2020-10-23 13:15:00+08:00,26,14.0,20.0,2020-10-23 13:45:00+08:00,True,22,oracle,
oracle_center_v2,000688.SH,2020-10-26,UpTrend,Range,2020-10-26 13:15:00+08:00,2020-10-26 13:20:00+08:00,27,15.0,21.0,2020-10-26 13:50:00+08:00,True,23,oracle,
oracle_center_v2,000688.SH,2020-10-26,Range,DownTrend,2020-10-26 13:45:00+08:00,2020-10-26 13:50:00+08:00,33,21.0,27.0,2020-10-26 14:20:00+08:00,True,24,oracle,
oracle_center_v2,000688.SH,2020-10-27,Range,UpTrend,2020-10-27 13:10:00+08:00,2020-10-27 13:15:00+08:00,26,14.0,20.0,2020-10-27 13:45:00+08:00,True,25,oracle,
oracle_center_v2,000688.SH,2020-10-29,Range,UpTrend,2020-10-29 13:55:00+08:00,2020-10-29 14:00:00+08:00,35,23.0,29.0,2020-10-29 14:30:00+08:00,True,26,oracle,
oracle_center_v2,000688.SH,2020-11-02,Shock,UpTrend,2020-11-02 11:15:00+08:00,2020-11-02 11:20:00+08:00,21,9.0,15.0,2020-11-02 13:20:00+08:00,True,27,oracle,
oracle_center_v2,000688.SH,2020-11-03,Shock,Range,2020-11-03 13:15:00+08:00,2020-11-03 13:20:00+08:00,27,15.0,21.0,2020-11-03 13:50:00+08:00,True,28,oracle,
oracle_center_v2,000688.SH,2020-11-06,DownTrend,Range,2020-11-06 13:30:00+08:00,2020-11-06 13:35:00+08:00,30,18.0,24.0,2020-11-06 14:05:00+08:00,True,29,oracle,
oracle_center_v2,000688.SH,2020-11-10,Range,DownTrend,2020-11-10 13:30:00+08:00,2020-11-10 13:35:00+08:00,30,18.0,24.0,2020-11-10 14:05:00+08:00,True,30,oracle,
oracle_center_v2,000688.SH,2020-11-11,Range,DownTrend,2020-11-11 13:25:00+08:00,2020-11-11 13:30:00+08:00,29,17.0,23.0,2020-11-11 14:00:00+08:00,True,31,oracle,
oracle_center_v2,000688.SH,2020-11-13,UpTrend,Range,2020-11-13 11:20:00+08:00,2020-11-13 11:25:00+08:00,22,10.0,16.0,2020-11-13 13:25:00+08:00,True,32,oracle,
oracle_center_v2,000688.SH,2020-11-16,Range,UpTrend,2020-11-16 11:30:00+08:00,2020-11-16 13:05:00+08:00,24,12.0,18.0,2020-11-16 13:35:00+08:00,True,33,oracle,
oracle_center_v2,000688.SH,2020-11-16,UpTrend,DownTrend,2020-11-16 13:45:00+08:00,2020-11-16 13:50:00+08:00,33,21.0,27.0,2020-11-16 14:20:00+08:00,True,34,oracle,
oracle_center_v2,000688.SH,2020-11-24,Range,DownTrend,2020-11-24 11:30:00+08:00,2020-11-24 13:05:00+08:00,24,12.0,18.0,2020-11-24 13:35:00+08:00,True,35,oracle,
oracle_center_v2,000688.SH,2020-11-25,Range,DownTrend,2020-11-25 13:15:00+08:00,2020-11-25 13:20:00+08:00,27,15.0,21.0,2020-11-25 13:50:00+08:00,True,36,oracle,
oracle_center_v2,000688.SH,2020-11-26,DownTrend,Range,2020-11-26 13:35:00+08:00,2020-11-26 13:40:00+08:00,31,19.0,25.0,2020-11-26 14:10:00+08:00,True,37,oracle,
oracle_center_v2,000688.SH,2020-11-27,DownTrend,Range,2020-11-27 13:45:00+08:00,2020-11-27 13:50:00+08:00,33,21.0,27.0,2020-11-27 14:20:00+08:00,True,38,oracle,
oracle_center_v2,000688.SH,2020-12-02,UpTrend,Range,2020-12-02 13:15:00+08:00,2020-12-02 13:20:00+08:00,27,15.0,21.0,2020-12-02 13:50:00+08:00,True,39,oracle,
oracle_center_v2,000688.SH,2020-12-03,Shock,UpTrend,2020-12-03 10:45:00+08:00,2020-12-03 10:50:00+08:00,15,3.0,9.0,2020-12-03 11:20:00+08:00,True,40,oracle,
oracle_center_v2,000688.SH,2020-12-03,UpTrend,DownTrend,2020-12-03 13:10:00+08:00,2020-12-03 13:15:00+08:00,26,14.0,20.0,2020-12-03 13:45:00+08:00,True,41,oracle,
oracle_center_v2,000688.SH,2020-12-08,DownTrend,UpTrend,2020-12-08 11:30:00+08:00,2020-12-08 13:05:00+08:00,24,12.0,18.0,2020-12-08 13:35:00+08:00,True,42,oracle,
oracle_center_v2,000688.SH,2020-12-08,UpTrend,Range,2020-12-08 13:40:00+08:00,2020-12-08 13:45:00+08:00,32,20.0,26.0,2020-12-08 14:15:00+08:00,True,43,oracle,
oracle_center_v2,000688.SH,2020-12-10,Shock,DownTrend,2020-12-10 13:35:00+08:00,2020-12-10 13:40:00+08:00,31,19.0,25.0,2020-12-10 14:10:00+08:00,True,44,oracle,
oracle_center_v2,000688.SH,2020-12-11,DownTrend,Shock,2020-12-11 11:10:00+08:00,2020-12-11 11:15:00+08:00,20,8.0,14.0,2020-12-11 13:15:00+08:00,True,45,oracle,
oracle_center_v2,000688.SH,2020-12-11,Shock,DownTrend,2020-12-11 13:50:00+08:00,2020-12-11 13:55:00+08:00,34,22.0,28.0,2020-12-11 14:25:00+08:00,True,46,oracle,
oracle_center_v2,000688.SH,2020-12-14,UpTrend,Shock,2020-12-14 11:05:00+08:00,2020-12-14 11:10:00+08:00,19,7.0,13.0,2020-12-14 13:10:00+08:00,True,47,oracle,
oracle_center_v2,000688.SH,2020-12-14,Shock,Range,2020-12-14 13:35:00+08:00,2020-12-14 13:40:00+08:00,31,19.0,25.0,2020-12-14 14:10:00+08:00,True,48,oracle,
oracle_center_v2,000688.SH,2020-12-15,Shock,Range,2020-12-15 13:35:00+08:00,2020-12-15 13:40:00+08:00,31,19.0,25.0,2020-12-15 14:10:00+08:00,True,49,oracle,
oracle_center_v2,000688.SH,2020-12-17,Shock,UpTrend,2020-12-17 11:10:00+08:00,2020-12-17 11:15:00+08:00,20,8.0,14.0,2020-12-17 13:15:00+08:00,True,50,oracle,
oracle_center_v2,000688.SH,2020-12-17,UpTrend,Shock,2020-12-17 11:25:00+08:00,2020-12-17 11:30:00+08:00,23,11.0,17.0,2020-12-17 13:30:00+08:00,True,51,oracle,
oracle_center_v2,000688.SH,2020-12-23,Range,Shock,2020-12-23 11:25:00+08:00,2020-12-23 11:30:00+08:00,23,11.0,17.0,2020-12-23 13:30:00+08:00,True,52,oracle,
oracle_center_v2,000688.SH,2020-12-25,UpTrend,Range,2020-12-25 13:55:00+08:00,2020-12-25 14:00:00+08:00,35,23.0,29.0,2020-12-25 14:30:00+08:00,True,53,oracle,
oracle_center_v2,000688.SH,2020-12-30,Range,UpTrend,2020-12-30 11:10:00+08:00,2020-12-30 11:15:00+08:00,20,8.0,14.0,2020-12-30 13:15:00+08:00,True,54,oracle,
oracle_center_v2,000688.SH,2021-01-04,Shock,UpTrend,2021-01-04 11:10:00+08:00,2021-01-04 11:15:00+08:00,20,8.0,14.0,2021-01-04 13:15:00+08:00,True,55,oracle,
oracle_center_v2,000688.SH,2021-01-04,UpTrend,Range,2021-01-04 13:45:00+08:00,2021-01-04 13:50:00+08:00,33,21.0,27.0,2021-01-04 14:20:00+08:00,True,56,oracle,
oracle_center_v2,000688.SH,2021-01-05,Shock,UpTrend,2021-01-05 11:30:00+08:00,2021-01-05 13:05:00+08:00,24,12.0,18.0,2021-01-05 13:35:00+08:00,True,57,oracle,
oracle_center_v2,000688.SH,2021-01-06,DownTrend,Shock,2021-01-06 11:10:00+08:00,2021-01-06 11:15:00+08:00,20,8.0,14.0,2021-01-06 13:15:00+08:00,True,58,oracle,
oracle_center_v2,000688.SH,2021-01-07,Range,DownTrend,2021-01-07 11:30:00+08:00,2021-01-07 13:05:00+08:00,24,12.0,18.0,2021-01-07 13:35:00+08:00,True,59,oracle,
oracle_center_v2,000688.SH,2021-01-08,Shock,Range,2021-01-08 13:35:00+08:00,2021-01-08 13:40:00+08:00,31,19.0,25.0,2021-01-08 14:10:00+08:00,True,60,oracle,
oracle_center_v2,000688.SH,2021-01-11,Shock,DownTrend,2021-01-11 13:10:00+08:00,2021-01-11 13:15:00+08:00,26,14.0,20.0,2021-01-11 13:45:00+08:00,False,,oracle,
oracle_center_v2,000688.SH,2021-01-11,DownTrend,Shock,2021-01-11 13:35:00+08:00,2021-01-11 13:40:00+08:00,31,19.0,25.0,2021-01-11 14:10:00+08:00,False,,oracle,
oracle_center_v2,000688.SH,2021-01-12,Range,UpTrend,2021-01-12 13:15:00+08:00,2021-01-12 13:20:00+08:00,27,15.0,21.0,2021-01-12 13:50:00+08:00,True,61,oracle,
oracle_center_v2,000688.SH,2021-01-13,Shock,DownTrend,2021-01-13 13:05:00+08:00,2021-01-13 13:10:00+08:00,25,13.0,19.0,2021-01-13 13:40:00+08:00,True,62,oracle,
oracle_center_v2,000688.SH,2021-01-14,Shock,DownTrend,2021-01-14 13:55:00+08:00,2021-01-14 14:00:00+08:00,35,23.0,29.0,2021-01-14 14:30:00+08:00,True,63,oracle,
oracle_center_v2,000688.SH,2021-01-15,DownTrend,Shock,2021-01-15 11:00:00+08:00,2021-01-15 11:05:00+08:00,18,6.0,12.0,2021-01-15 13:05:00+08:00,True,64,oracle,
oracle_center_v2,000688.SH,2021-01-15,Shock,UpTrend,2021-01-15 13:50:00+08:00,2021-01-15 13:55:00+08:00,34,22.0,28.0,2021-01-15 14:25:00+08:00,True,65,oracle,
oracle_center_v2,000688.SH,2021-01-21,UpTrend,Range,2021-01-21 13:25:00+08:00,2021-01-21 13:30:00+08:00,29,17.0,23.0,2021-01-21 14:00:00+08:00,True,66,oracle,
oracle_center_v2,000688.SH,2021-01-22,Range,UpTrend,2021-01-22 13:55:00+08:00,2021-01-22 14:00:00+08:00,35,23.0,29.0,2021-01-22 14:30:00+08:00,True,67,oracle,
oracle_center_v2,000688.SH,2021-01-27,UpTrend,Range,2021-01-27 11:25:00+08:00,2021-01-27 11:30:00+08:00,23,11.0,17.0,2021-01-27 13:30:00+08:00,True,68,oracle,
oracle_center_v2,000688.SH,2021-01-29,UpTrend,DownTrend,2021-01-29 13:10:00+08:00,2021-01-29 13:15:00+08:00,26,14.0,20.0,2021-01-29 13:45:00+08:00,True,69,oracle,
oracle_center_v2,000688.SH,2021-02-02,DownTrend,UpTrend,2021-02-02 11:15:00+08:00,2021-02-02 11:20:00+08:00,21,9.0,15.0,2021-02-02 13:20:00+08:00,True,70,oracle,
oracle_center_v2,000688.SH,2021-02-02,UpTrend,Range,2021-02-02 13:25:00+08:00,2021-02-02 13:30:00+08:00,29,17.0,23.0,2021-02-02 14:00:00+08:00,True,71,oracle,
oracle_center_v2,000688.SH,2021-02-03,UpTrend,DownTrend,2021-02-03 13:35:00+08:00,2021-02-03 13:40:00+08:00,31,19.0,25.0,2021-02-03 14:10:00+08:00,True,72,oracle,
oracle_center_v2,000688.SH,2021-02-04,Shock,DownTrend,2021-02-04 10:55:00+08:00,2021-02-04 11:00:00+08:00,17,5.0,11.0,2021-02-04 11:30:00+08:00,True,73,oracle,
oracle_center_v2,000688.SH,2021-02-04,DownTrend,UpTrend,2021-02-04 13:40:00+08:00,2021-02-04 13:45:00+08:00,32,20.0,26.0,2021-02-04 14:15:00+08:00,True,74,oracle,
oracle_center_v2,000688.SH,2021-02-05,DownTrend,Range,2021-02-05 13:20:00+08:00,2021-02-05 13:25:00+08:00,28,16.0,22.0,2021-02-05 13:55:00+08:00,True,75,oracle,
oracle_center_v2,000688.SH,2021-02-05,Range,DownTrend,2021-02-05 13:50:00+08:00,2021-02-05 13:55:00+08:00,34,22.0,28.0,2021-02-05 14:25:00+08:00,True,76,oracle,
oracle_center_v2,000688.SH,2021-02-08,UpTrend,DownTrend,2021-02-08 13:20:00+08:00,2021-02-08 13:25:00+08:00,28,16.0,22.0,2021-02-08 13:55:00+08:00,True,77,oracle,
oracle_center_v2,000688.SH,2021-02-09,UpTrend,Range,2021-02-09 13:35:00+08:00,2021-02-09 13:40:00+08:00,31,19.0,25.0,2021-02-09 14:10:00+08:00,True,78,oracle,
oracle_center_v2,000688.SH,2021-02-19,Range,UpTrend,2021-02-19 11:20:00+08:00,2021-02-19 11:25:00+08:00,22,10.0,16.0,2021-02-19 13:25:00+08:00,True,79,oracle,
oracle_center_v2,000688.SH,2021-02-23,UpTrend,DownTrend,2021-02-23 13:55:00+08:00,2021-02-23 14:00:00+08:00,35,23.0,29.0,2021-02-23 14:30:00+08:00,True,80,oracle,
oracle_center_v2,000688.SH,2021-02-25,UpTrend,Range,2021-02-25 11:30:00+08:00,2021-02-25 13:05:00+08:00,24,12.0,18.0,2021-02-25 13:35:00+08:00,True,81,oracle,
oracle_center_v2,000688.SH,2021-02-25,Range,DownTrend,2021-02-25 13:35:00+08:00,2021-02-25 13:40:00+08:00,31,19.0,25.0,2021-02-25 14:10:00+08:00,True,82,oracle,
oracle_center_v2,000688.SH,2021-03-03,UpTrend,Range,2021-03-03 13:20:00+08:00,2021-03-03 13:25:00+08:00,28,16.0,22.0,2021-03-03 13:55:00+08:00,True,83,oracle,
oracle_center_v2,000688.SH,2021-03-09,Shock,DownTrend,2021-03-09 13:45:00+08:00,2021-03-09 13:50:00+08:00,33,21.0,27.0,2021-03-09 14:20:00+08:00,True,84,oracle,
oracle_center_v2,000688.SH,2021-03-10,Range,DownTrend,2021-03-10 13:15:00+08:00,2021-03-10 13:20:00+08:00,27,15.0,21.0,2021-03-10 13:50:00+08:00,True,85,oracle,
oracle_center_v2,000688.SH,2021-03-16,UpTrend,Range,2021-03-16 13:20:00+08:00,2021-03-16 13:25:00+08:00,28,16.0,22.0,2021-03-16 13:55:00+08:00,True,86,oracle,
oracle_center_v2,000688.SH,2021-03-17,Range,UpTrend,2021-03-17 13:20:00+08:00,2021-03-17 13:25:00+08:00,28,16.0,22.0,2021-03-17 13:55:00+08:00,True,87,oracle,
oracle_center_v2,000688.SH,2021-03-19,Range,DownTrend,2021-03-19 11:25:00+08:00,2021-03-19 11:30:00+08:00,23,11.0,17.0,2021-03-19 13:30:00+08:00,True,88,oracle,
oracle_center_v2,000688.SH,2021-03-22,UpTrend,Range,2021-03-22 13:50:00+08:00,2021-03-22 13:55:00+08:00,34,22.0,28.0,2021-03-22 14:25:00+08:00,True,89,oracle,
oracle_center_v2,000688.SH,2021-03-23,Range,DownTrend,2021-03-23 13:50:00+08:00,2021-03-23 13:55:00+08:00,34,22.0,28.0,2021-03-23 14:25:00+08:00,True,90,oracle,
oracle_center_v2,000688.SH,2021-03-24,DownTrend,Range,2021-03-24 13:05:00+08:00,2021-03-24 13:10:00+08:00,25,13.0,19.0,2021-03-24 13:40:00+08:00,True,91,oracle,
oracle_center_v2,000688.SH,2021-03-25,UpTrend,DownTrend,2021-03-25 13:45:00+08:00,2021-03-25 13:50:00+08:00,33,21.0,27.0,2021-03-25 14:20:00+08:00,True,92,oracle,
oracle_center_v2,000688.SH,2021-04-14,Shock,UpTrend,2021-04-14 13:35:00+08:00,2021-04-14 13:40:00+08:00,31,19.0,25.0,2021-04-14 14:10:00+08:00,True,93,oracle,
oracle_center_v2,000688.SH,2021-04-15,Range,UpTrend,2021-04-15 13:15:00+08:00,2021-04-15 13:20:00+08:00,27,15.0,21.0,2021-04-15 13:50:00+08:00,True,94,oracle,
oracle_center_v2,000688.SH,2021-04-15,UpTrend,Shock,2021-04-15 13:30:00+08:00,2021-04-15 13:35:00+08:00,30,18.0,24.0,2021-04-15 14:05:00+08:00,True,95,oracle,
oracle_center_v2,000688.SH,2021-04-20,Range,DownTrend,2021-04-20 13:40:00+08:00,2021-04-20 13:45:00+08:00,32,20.0,26.0,2021-04-20 14:15:00+08:00,True,96,oracle,
oracle_center_v2,000688.SH,2021-04-22,UpTrend,Range,2021-04-22 13:10:00+08:00,2021-04-22 13:15:00+08:00,26,14.0,20.0,2021-04-22 13:45:00+08:00,True,97,oracle,
oracle_center_v2,000688.SH,2021-04-27,Shock,UpTrend,2021-04-27 13:05:00+08:00,2021-04-27 13:10:00+08:00,25,13.0,19.0,2021-04-27 13:40:00+08:00,True,98,oracle,
oracle_center_v2,000688.SH,2021-04-28,Range,UpTrend,2021-04-28 13:40:00+08:00,2021-04-28 13:45:00+08:00,32,20.0,26.0,2021-04-28 14:15:00+08:00,True,99,oracle,
oracle_center_v2,000688.SH,2021-04-29,DownTrend,Range,2021-04-29 11:00:00+08:00,2021-04-29 11:05:00+08:00,18,6.0,12.0,2021-04-29 13:05:00+08:00,True,100,oracle,
oracle_center_v2,000688.SH,2021-05-06,Shock,UpTrend,2021-05-06 13:45:00+08:00,2021-05-06 13:50:00+08:00,33,21.0,27.0,2021-05-06 14:20:00+08:00,True,101,oracle,
oracle_center_v2,000688.SH,2021-05-10,DownTrend,Range,2021-05-10 13:55:00+08:00,2021-05-10 14:00:00+08:00,35,23.0,29.0,2021-05-10 14:30:00+08:00,True,102,oracle,
oracle_center_v2,000688.SH,2021-05-12,Range,UpTrend,2021-05-12 13:45:00+08:00,2021-05-12 13:50:00+08:00,33,21.0,27.0,2021-05-12 14:20:00+08:00,True,103,oracle,
oracle_center_v2,000688.SH,2021-05-13,Shock,DownTrend,2021-05-13 13:05:00+08:00,2021-05-13 13:10:00+08:00,25,13.0,19.0,2021-05-13 13:40:00+08:00,True,104,oracle,
oracle_center_v2,000688.SH,2021-05-14,UpTrend,Range,2021-05-14 13:55:00+08:00,2021-05-14 14:00:00+08:00,35,23.0,29.0,2021-05-14 14:30:00+08:00,True,105,oracle,
oracle_center_v2,000688.SH,2021-05-17,UpTrend,Range,2021-05-17 11:15:00+08:00,2021-05-17 11:20:00+08:00,21,9.0,15.0,2021-05-17 13:20:00+08:00,True,106,oracle,
oracle_center_v2,000688.SH,2021-05-18,DownTrend,Range,2021-05-18 11:25:00+08:00,2021-05-18 11:30:00+08:00,23,11.0,17.0,2021-05-18 13:30:00+08:00,True,107,oracle,
oracle_center_v2,000688.SH,2021-05-27,Shock,UpTrend,2021-05-27 10:50:00+08:00,2021-05-27 10:55:00+08:00,16,4.0,10.0,2021-05-27 11:25:00+08:00,True,108,oracle,
oracle_center_v2,000688.SH,2021-05-27,UpTrend,Shock,2021-05-27 11:00:00+08:00,2021-05-27 11:05:00+08:00,18,6.0,12.0,2021-05-27 13:05:00+08:00,True,109,oracle,
oracle_center_v2,000688.SH,2021-05-27,Shock,Range,2021-05-27 13:05:00+08:00,2021-05-27 13:10:00+08:00,25,13.0,19.0,2021-05-27 13:40:00+08:00,True,110,oracle,
oracle_center_v2,000688.SH,2021-05-31,Range,UpTrend,2021-05-31 13:55:00+08:00,2021-05-31 14:00:00+08:00,35,23.0,29.0,2021-05-31 14:30:00+08:00,True,111,oracle,
oracle_center_v2,000688.SH,2021-06-03,UpTrend,DownTrend,2021-06-03 13:45:00+08:00,2021-06-03 13:50:00+08:00,33,21.0,27.0,2021-06-03 14:20:00+08:00,True,112,oracle,
oracle_center_v2,000688.SH,2021-06-04,Shock,DownTrend,2021-06-04 13:45:00+08:00,2021-06-04 13:50:00+08:00,33,21.0,27.0,2021-06-04 14:20:00+08:00,True,113,oracle,
oracle_center_v2,000688.SH,2021-06-07,Shock,DownTrend,2021-06-07 10:50:00+08:00,2021-06-07 10:55:00+08:00,16,4.0,10.0,2021-06-07 11:25:00+08:00,True,114,oracle,
oracle_center_v2,000688.SH,2021-06-15,Shock,UpTrend,2021-06-15 10:45:00+08:00,2021-06-15 10:50:00+08:00,15,3.0,9.0,2021-06-15 11:20:00+08:00,True,115,oracle,
oracle_center_v2,000688.SH,2021-06-15,UpTrend,DownTrend,2021-06-15 13:50:00+08:00,2021-06-15 13:55:00+08:00,34,22.0,28.0,2021-06-15 14:25:00+08:00,True,116,oracle,
oracle_center_v2,000688.SH,2021-06-16,Shock,DownTrend,2021-06-16 13:20:00+08:00,2021-06-16 13:25:00+08:00,28,16.0,22.0,2021-06-16 13:55:00+08:00,True,117,oracle,
oracle_center_v2,000688.SH,2021-06-17,UpTrend,Shock,2021-06-17 13:25:00+08:00,2021-06-17 13:30:00+08:00,29,17.0,23.0,2021-06-17 14:00:00+08:00,True,118,oracle,
oracle_center_v2,000688.SH,2021-06-18,Shock,DownTrend,2021-06-18 11:00:00+08:00,2021-06-18 11:05:00+08:00,18,6.0,12.0,2021-06-18 13:05:00+08:00,True,119,oracle,
oracle_center_v2,000688.SH,2021-06-18,DownTrend,UpTrend,2021-06-18 13:50:00+08:00,2021-06-18 13:55:00+08:00,34,22.0,28.0,2021-06-18 14:25:00+08:00,True,120,oracle,
oracle_center_v2,000688.SH,2021-06-22,UpTrend,Range,2021-06-22 11:05:00+08:00,2021-06-22 11:10:00+08:00,19,7.0,13.0,2021-06-22 13:10:00+08:00,True,121,oracle,
oracle_center_v2,000688.SH,2021-07-05,Range,DownTrend,2021-07-05 13:10:00+08:00,2021-07-05 13:15:00+08:00,26,14.0,20.0,2021-07-05 13:45:00+08:00,True,122,oracle,
oracle_center_v2,000688.SH,2021-07-05,DownTrend,UpTrend,2021-07-05 13:50:00+08:00,2021-07-05 13:55:00+08:00,34,22.0,28.0,2021-07-05 14:25:00+08:00,True,123,oracle,
oracle_center_v2,000688.SH,2021-07-06,Shock,DownTrend,2021-07-06 13:30:00+08:00,2021-07-06 13:35:00+08:00,30,18.0,24.0,2021-07-06 14:05:00+08:00,True,124,oracle,
oracle_center_v2,000688.SH,2021-07-14,UpTrend,Range,2021-07-14 11:30:00+08:00,2021-07-14 13:05:00+08:00,24,12.0,18.0,2021-07-14 13:35:00+08:00,True,125,oracle,
oracle_center_v2,000688.SH,2021-07-14,Range,DownTrend,2021-07-14 13:45:00+08:00,2021-07-14 13:50:00+08:00,33,21.0,27.0,2021-07-14 14:20:00+08:00,True,126,oracle,
oracle_center_v2,000688.SH,2021-07-20,Range,UpTrend,2021-07-20 13:55:00+08:00,2021-07-20 14:00:00+08:00,35,23.0,29.0,2021-07-20 14:30:00+08:00,True,127,oracle,
oracle_center_v2,000688.SH,2021-07-21,UpTrend,Range,2021-07-21 13:10:00+08:00,2021-07-21 13:15:00+08:00,26,14.0,20.0,2021-07-21 13:45:00+08:00,True,128,oracle,
oracle_center_v2,000688.SH,2021-07-29,Range,UpTrend,2021-07-29 11:20:00+08:00,2021-07-29 11:25:00+08:00,22,10.0,16.0,2021-07-29 13:25:00+08:00,True,129,oracle,
oracle_center_v2,000688.SH,2021-07-30,UpTrend,Range,2021-07-30 13:35:00+08:00,2021-07-30 13:40:00+08:00,31,19.0,25.0,2021-07-30 14:10:00+08:00,True,130,oracle,
oracle_center_v2,000688.SH,2021-08-04,UpTrend,Range,2021-08-04 13:50:00+08:00,2021-08-04 13:55:00+08:00,34,22.0,28.0,2021-08-04 14:25:00+08:00,True,131,oracle,
oracle_center_v2,000688.SH,2021-08-09,Range,UpTrend,2021-08-09 13:15:00+08:00,2021-08-09 13:20:00+08:00,27,15.0,21.0,2021-08-09 13:50:00+08:00,True,132,oracle,
oracle_center_v2,000688.SH,2021-08-20,DownTrend,UpTrend,2021-08-20 13:50:00+08:00,2021-08-20 13:55:00+08:00,34,22.0,28.0,2021-08-20 14:25:00+08:00,True,133,oracle,
oracle_center_v2,000688.SH,2021-08-25,Range,DownTrend,2021-08-25 13:45:00+08:00,2021-08-25 13:50:00+08:00,33,21.0,27.0,2021-08-25 14:20:00+08:00,True,134,oracle,
oracle_center_v2,000688.SH,2021-08-26,DownTrend,Range,2021-08-26 13:20:00+08:00,2021-08-26 13:25:00+08:00,28,16.0,22.0,2021-08-26 13:55:00+08:00,True,135,oracle,
oracle_center_v2,000688.SH,2021-08-27,DownTrend,Range,2021-08-27 13:45:00+08:00,2021-08-27 13:50:00+08:00,33,21.0,27.0,2021-08-27 14:20:00+08:00,True,136,oracle,
oracle_center_v2,000688.SH,2021-09-08,DownTrend,Range,2021-09-08 11:20:00+08:00,2021-09-08 11:25:00+08:00,22,10.0,16.0,2021-09-08 13:25:00+08:00,True,137,oracle,
oracle_center_v2,000688.SH,2021-09-10,Shock,UpTrend,2021-09-10 11:25:00+08:00,2021-09-10 11:30:00+08:00,23,11.0,17.0,2021-09-10 13:30:00+08:00,True,138,oracle,
oracle_center_v2,000688.SH,2021-09-10,UpTrend,Range,2021-09-10 13:40:00+08:00,2021-09-10 13:45:00+08:00,32,20.0,26.0,2021-09-10 14:15:00+08:00,True,139,oracle,
oracle_center_v2,000688.SH,2021-09-17,Range,UpTrend,2021-09-17 13:45:00+08:00,2021-09-17 13:50:00+08:00,33,21.0,27.0,2021-09-17 14:20:00+08:00,True,140,oracle,
oracle_center_v2,000688.SH,2021-09-27,DownTrend,UpTrend,2021-09-27 13:25:00+08:00,2021-09-27 13:30:00+08:00,29,17.0,23.0,2021-09-27 14:00:00+08:00,True,141,oracle,
oracle_center_v2,000688.SH,2021-10-27,Range,UpTrend,2021-10-27 13:55:00+08:00,2021-10-27 14:00:00+08:00,35,23.0,29.0,2021-10-27 14:30:00+08:00,True,142,oracle,
oracle_center_v2,000688.SH,2021-10-28,Shock,DownTrend,2021-10-28 11:30:00+08:00,2021-10-28 13:05:00+08:00,24,12.0,18.0,2021-10-28 13:35:00+08:00,True,143,oracle,
oracle_center_v2,000688.SH,2021-10-29,Shock,UpTrend,2021-10-29 13:10:00+08:00,2021-10-29 13:15:00+08:00,26,14.0,20.0,2021-10-29 13:45:00+08:00,True,144,oracle,
oracle_center_v2,000688.SH,2021-11-01,Shock,UpTrend,2021-11-01 10:45:00+08:00,2021-11-01 10:50:00+08:00,15,3.0,9.0,2021-11-01 11:20:00+08:00,True,145,oracle,
oracle_center_v2,000688.SH,2021-11-02,Range,Shock,2021-11-02 11:20:00+08:00,2021-11-02 11:25:00+08:00,22,10.0,16.0,2021-11-02 13:25:00+08:00,True,146,oracle,
oracle_center_v2,000688.SH,2021-11-05,Range,DownTrend,2021-11-05 13:40:00+08:00,2021-11-05 13:45:00+08:00,32,20.0,26.0,2021-11-05 14:15:00+08:00,True,147,oracle,
oracle_center_v2,000688.SH,2021-11-09,Range,UpTrend,2021-11-09 11:25:00+08:00,2021-11-09 11:30:00+08:00,23,11.0,17.0,2021-11-09 13:30:00+08:00,True,148,oracle,
oracle_center_v2,000688.SH,2021-11-09,UpTrend,Range,2021-11-09 13:55:00+08:00,2021-11-09 14:00:00+08:00,35,23.0,29.0,2021-11-09 14:30:00+08:00,True,149,oracle,
oracle_center_v2,000688.SH,2021-11-12,Range,UpTrend,2021-11-12 13:40:00+08:00,2021-11-12 13:45:00+08:00,32,20.0,26.0,2021-11-12 14:15:00+08:00,True,150,oracle,
oracle_center_v2,000688.SH,2021-11-15,DownTrend,Range,2021-11-15 11:25:00+08:00,2021-11-15 11:30:00+08:00,23,11.0,17.0,2021-11-15 13:30:00+08:00,True,151,oracle,
oracle_center_v2,000688.SH,2021-11-19,UpTrend,Range,2021-11-19 11:05:00+08:00,2021-11-19 11:10:00+08:00,19,7.0,13.0,2021-11-19 13:10:00+08:00,True,152,oracle,
oracle_center_v2,000688.SH,2021-11-26,DownTrend,UpTrend,2021-11-26 13:15:00+08:00,2021-11-26 13:20:00+08:00,27,15.0,21.0,2021-11-26 13:50:00+08:00,True,153,oracle,
oracle_center_v2,000688.SH,2021-11-30,Range,DownTrend,2021-11-30 13:10:00+08:00,2021-11-30 13:15:00+08:00,26,14.0,20.0,2021-11-30 13:45:00+08:00,True,154,oracle,
oracle_center_v2,000688.SH,2021-12-02,DownTrend,Range,2021-12-02 11:15:00+08:00,2021-12-02 11:20:00+08:00,21,9.0,15.0,2021-12-02 13:20:00+08:00,True,155,oracle,
oracle_center_v2,000688.SH,2021-12-03,Shock,Range,2021-12-03 11:25:00+08:00,2021-12-03 11:30:00+08:00,23,11.0,17.0,2021-12-03 13:30:00+08:00,True,156,oracle,
oracle_center_v2,000688.SH,2021-12-03,Range,UpTrend,2021-12-03 13:30:00+08:00,2021-12-03 13:35:00+08:00,30,18.0,24.0,2021-12-03 14:05:00+08:00,True,157,oracle,
oracle_center_v2,000688.SH,2021-12-08,UpTrend,Range,2021-12-08 13:10:00+08:00,2021-12-08 13:15:00+08:00,26,14.0,20.0,2021-12-08 13:45:00+08:00,True,158,oracle,
oracle_center_v2,000688.SH,2021-12-08,Range,UpTrend,2021-12-08 13:55:00+08:00,2021-12-08 14:00:00+08:00,35,23.0,29.0,2021-12-08 14:30:00+08:00,True,159,oracle,
oracle_center_v2,000688.SH,2021-12-13,UpTrend,Range,2021-12-13 13:15:00+08:00,2021-12-13 13:20:00+08:00,27,15.0,21.0,2021-12-13 13:50:00+08:00,True,160,oracle,
oracle_center_v2,000688.SH,2021-12-14,Range,DownTrend,2021-12-14 13:40:00+08:00,2021-12-14 13:45:00+08:00,32,20.0,26.0,2021-12-14 14:15:00+08:00,True,161,oracle,
oracle_center_v2,000688.SH,2021-12-15,Range,DownTrend,2021-12-15 13:10:00+08:00,2021-12-15 13:15:00+08:00,26,14.0,20.0,2021-12-15 13:45:00+08:00,True,162,oracle,
oracle_center_v2,000688.SH,2021-12-20,Shock,DownTrend,2021-12-20 10:45:00+08:00,2021-12-20 10:50:00+08:00,15,3.0,9.0,2021-12-20 11:20:00+08:00,True,163,oracle,
oracle_center_v2,000688.SH,2021-12-21,DownTrend,UpTrend,2021-12-21 13:25:00+08:00,2021-12-21 13:30:00+08:00,29,17.0,23.0,2021-12-21 14:00:00+08:00,True,164,oracle,
oracle_center_v2,000688.SH,2021-12-23,Shock,Range,2021-12-23 11:05:00+08:00,2021-12-23 11:10:00+08:00,19,7.0,13.0,2021-12-23 13:10:00+08:00,True,165,oracle,
oracle_center_v2,000688.SH,2021-12-24,Shock,Range,2021-12-24 13:55:00+08:00,2021-12-24 14:00:00+08:00,35,23.0,29.0,2021-12-24 14:30:00+08:00,True,166,oracle,
oracle_center_v2,000688.SH,2021-12-30,UpTrend,Range,2021-12-30 13:35:00+08:00,2021-12-30 13:40:00+08:00,31,19.0,25.0,2021-12-30 14:10:00+08:00,True,167,oracle,
oracle_center_v2,000688.SH,2022-01-04,UpTrend,DownTrend,2022-01-04 13:50:00+08:00,2022-01-04 13:55:00+08:00,34,22.0,28.0,2022-01-04 14:25:00+08:00,True,168,oracle,
oracle_center_v2,000688.SH,2022-01-06,Shock,UpTrend,2022-01-06 11:25:00+08:00,2022-01-06 11:30:00+08:00,23,11.0,17.0,2022-01-06 13:30:00+08:00,True,169,oracle,
oracle_center_v2,000688.SH,2022-01-10,Shock,DownTrend,2022-01-10 13:25:00+08:00,2022-01-10 13:30:00+08:00,29,17.0,23.0,2022-01-10 14:00:00+08:00,True,170,oracle,
oracle_center_v2,000688.SH,2022-01-12,DownTrend,UpTrend,2022-01-12 11:25:00+08:00,2022-01-12 11:30:00+08:00,23,11.0,17.0,2022-01-12 13:30:00+08:00,True,171,oracle,
oracle_center_v2,000688.SH,2022-01-14,Range,UpTrend,2022-01-14 13:05:00+08:00,2022-01-14 13:10:00+08:00,25,13.0,19.0,2022-01-14 13:40:00+08:00,True,172,oracle,
oracle_center_v2,000688.SH,2022-01-17,Shock,UpTrend,2022-01-17 13:05:00+08:00,2022-01-17 13:10:00+08:00,25,13.0,19.0,2022-01-17 13:40:00+08:00,False,,oracle,
oracle_center_v2,000688.SH,2022-01-18,DownTrend,Range,2022-01-18 13:50:00+08:00,2022-01-18 13:55:00+08:00,34,22.0,28.0,2022-01-18 14:25:00+08:00,True,173,oracle,
oracle_center_v2,000688.SH,2022-01-19,DownTrend,Range,2022-01-19 11:25:00+08:00,2022-01-19 11:30:00+08:00,23,11.0,17.0,2022-01-19 13:30:00+08:00,True,174,oracle,
oracle_center_v2,000688.SH,2022-01-25,Shock,Range,2022-01-25 11:00:00+08:00,2022-01-25 11:05:00+08:00,18,6.0,12.0,2022-01-25 13:05:00+08:00,True,175,oracle,
oracle_center_v2,000688.SH,2022-01-25,Range,DownTrend,2022-01-25 11:30:00+08:00,2022-01-25 13:05:00+08:00,24,12.0,18.0,2022-01-25 13:35:00+08:00,True,176,oracle,
oracle_center_v2,000688.SH,2022-01-26,DownTrend,UpTrend,2022-01-26 13:55:00+08:00,2022-01-26 14:00:00+08:00,35,23.0,29.0,2022-01-26 14:30:00+08:00,True,177,oracle,
oracle_center_v2,000688.SH,2022-02-07,DownTrend,Range,2022-02-07 11:05:00+08:00,2022-02-07 11:10:00+08:00,19,7.0,13.0,2022-02-07 13:10:00+08:00,True,178,oracle,
oracle_center_v2,000688.SH,2022-02-08,DownTrend,Shock,2022-02-08 11:25:00+08:00,2022-02-08 11:30:00+08:00,23,11.0,17.0,2022-02-08 13:30:00+08:00,True,179,oracle,
oracle_center_v2,000688.SH,2022-02-08,Shock,Range,2022-02-08 13:05:00+08:00,2022-02-08 13:10:00+08:00,25,13.0,19.0,2022-02-08 13:40:00+08:00,True,180,oracle,
oracle_center_v2,000688.SH,2022-02-09,UpTrend,Range,2022-02-09 13:30:00+08:00,2022-02-09 13:35:00+08:00,30,18.0,24.0,2022-02-09 14:05:00+08:00,True,181,oracle,
oracle_center_v2,000688.SH,2022-02-16,UpTrend,DownTrend,2022-02-16 13:40:00+08:00,2022-02-16 13:45:00+08:00,32,20.0,26.0,2022-02-16 14:15:00+08:00,True,182,oracle,
oracle_center_v2,000688.SH,2022-02-17,UpTrend,Shock,2022-02-17 11:15:00+08:00,2022-02-17 11:20:00+08:00,21,9.0,15.0,2022-02-17 13:20:00+08:00,True,183,oracle,
oracle_center_v2,000688.SH,2022-02-22,Shock,Range,2022-02-22 13:45:00+08:00,2022-02-22 13:50:00+08:00,33,21.0,27.0,2022-02-22 14:20:00+08:00,True,184,oracle,
oracle_center_v2,000688.SH,2022-02-24,DownTrend,Shock,2022-02-24 11:05:00+08:00,2022-02-24 11:10:00+08:00,19,7.0,13.0,2022-02-24 13:10:00+08:00,True,185,oracle,
oracle_center_v2,000688.SH,2022-02-24,Shock,DownTrend,2022-02-24 13:45:00+08:00,2022-02-24 13:50:00+08:00,33,21.0,27.0,2022-02-24 14:20:00+08:00,True,186,oracle,
oracle_center_v2,000688.SH,2022-02-28,Range,UpTrend,2022-02-28 13:35:00+08:00,2022-02-28 13:40:00+08:00,31,19.0,25.0,2022-02-28 14:10:00+08:00,True,187,oracle,
oracle_center_v2,000688.SH,2022-03-02,UpTrend,Range,2022-03-02 13:40:00+08:00,2022-03-02 13:45:00+08:00,32,20.0,26.0,2022-03-02 14:15:00+08:00,True,188,oracle,
oracle_center_v2,000688.SH,2022-03-08,DownTrend,Shock,2022-03-08 11:15:00+08:00,2022-03-08 11:20:00+08:00,21,9.0,15.0,2022-03-08 13:20:00+08:00,False,,oracle,
oracle_center_v2,000688.SH,2022-03-10,UpTrend,Range,2022-03-10 13:45:00+08:00,2022-03-10 13:50:00+08:00,33,21.0,27.0,2022-03-10 14:20:00+08:00,True,189,oracle,
oracle_center_v2,000688.SH,2022-03-11,DownTrend,Shock,2022-03-11 11:20:00+08:00,2022-03-11 11:25:00+08:00,22,10.0,16.0,2022-03-11 13:25:00+08:00,True,190,oracle,
oracle_center_v2,000688.SH,2022-03-11,Shock,UpTrend,2022-03-11 13:30:00+08:00,2022-03-11 13:35:00+08:00,30,18.0,24.0,2022-03-11 14:05:00+08:00,True,191,oracle,
oracle_center_v2,000688.SH,2022-03-14,Range,DownTrend,2022-03-14 13:45:00+08:00,2022-03-14 13:50:00+08:00,33,21.0,27.0,2022-03-14 14:20:00+08:00,True,192,oracle,
oracle_center_v2,000688.SH,2022-03-17,UpTrend,DownTrend,2022-03-17 13:40:00+08:00,2022-03-17 13:45:00+08:00,32,20.0,26.0,2022-03-17 14:15:00+08:00,True,193,oracle,
oracle_center_v2,000688.SH,2022-03-24,UpTrend,Range,2022-03-24 13:45:00+08:00,2022-03-24 13:50:00+08:00,33,21.0,27.0,2022-03-24 14:20:00+08:00,True,194,oracle,
oracle_center_v2,000688.SH,2022-03-25,DownTrend,Range,2022-03-25 13:45:00+08:00,2022-03-25 13:50:00+08:00,33,21.0,27.0,2022-03-25 14:20:00+08:00,True,195,oracle,
oracle_center_v2,000688.SH,2022-03-28,Range,DownTrend,2022-03-28 13:05:00+08:00,2022-03-28 13:10:00+08:00,25,13.0,19.0,2022-03-28 13:40:00+08:00,True,196,oracle,
oracle_center_v2,000688.SH,2022-03-31,DownTrend,Range,2022-03-31 13:45:00+08:00,2022-03-31 13:50:00+08:00,33,21.0,27.0,2022-03-31 14:20:00+08:00,True,197,oracle,
oracle_center_v2,000688.SH,2022-04-06,Range,DownTrend,2022-04-06 13:15:00+08:00,2022-04-06 13:20:00+08:00,27,15.0,21.0,2022-04-06 13:50:00+08:00,True,198,oracle,
oracle_center_v2,000688.SH,2022-04-08,Shock,Range,2022-04-08 13:05:00+08:00,2022-04-08 13:10:00+08:00,25,13.0,19.0,2022-04-08 13:40:00+08:00,True,199,oracle,
oracle_center_v2,000688.SH,2022-04-08,Range,DownTrend,2022-04-08 13:50:00+08:00,2022-04-08 13:55:00+08:00,34,22.0,28.0,2022-04-08 14:25:00+08:00,True,200,oracle,
oracle_center_v2,000688.SH,2022-04-12,DownTrend,Shock,2022-04-12 11:15:00+08:00,2022-04-12 11:20:00+08:00,21,9.0,15.0,2022-04-12 13:20:00+08:00,True,201,oracle,
oracle_center_v2,000688.SH,2022-04-12,Shock,Range,2022-04-12 13:50:00+08:00,2022-04-12 13:55:00+08:00,34,22.0,28.0,2022-04-12 14:25:00+08:00,True,202,oracle,
oracle_center_v2,000688.SH,2022-04-14,Shock,UpTrend,2022-04-14 13:20:00+08:00,2022-04-14 13:25:00+08:00,28,16.0,22.0,2022-04-14 13:55:00+08:00,True,203,oracle,
oracle_center_v2,000688.SH,2022-04-15,Range,Shock,2022-04-15 13:10:00+08:00,2022-04-15 13:15:00+08:00,26,14.0,20.0,2022-04-15 13:45:00+08:00,True,204,oracle,
oracle_center_v2,000688.SH,2022-04-18,Shock,Range,2022-04-18 13:55:00+08:00,2022-04-18 14:00:00+08:00,35,23.0,29.0,2022-04-18 14:30:00+08:00,True,205,oracle,
oracle_center_v2,000688.SH,2022-04-19,DownTrend,Range,2022-04-19 11:30:00+08:00,2022-04-19 13:05:00+08:00,24,12.0,18.0,2022-04-19 13:35:00+08:00,True,206,oracle,
oracle_center_v2,000688.SH,2022-04-21,DownTrend,Shock,2022-04-21 11:30:00+08:00,2022-04-21 13:05:00+08:00,24,12.0,18.0,2022-04-21 13:35:00+08:00,True,207,oracle,
oracle_center_v2,000688.SH,2022-04-21,Shock,DownTrend,2022-04-21 13:50:00+08:00,2022-04-21 13:55:00+08:00,34,22.0,28.0,2022-04-21 14:25:00+08:00,True,208,oracle,
oracle_center_v2,000688.SH,2022-04-22,DownTrend,UpTrend,2022-04-22 11:25:00+08:00,2022-04-22 11:30:00+08:00,23,11.0,17.0,2022-04-22 13:30:00+08:00,True,209,oracle,
oracle_center_v2,000688.SH,2022-04-25,Shock,DownTrend,2022-04-25 13:10:00+08:00,2022-04-25 13:15:00+08:00,26,14.0,20.0,2022-04-25 13:45:00+08:00,True,210,oracle,
oracle_center_v2,000688.SH,2022-04-25,DownTrend,Shock,2022-04-25 13:55:00+08:00,2022-04-25 14:00:00+08:00,35,23.0,29.0,2022-04-25 14:30:00+08:00,True,211,oracle,
oracle_center_v2,000688.SH,2022-04-26,Range,DownTrend,2022-04-26 11:30:00+08:00,2022-04-26 13:05:00+08:00,24,12.0,18.0,2022-04-26 13:35:00+08:00,True,212,oracle,
oracle_center_v2,000688.SH,2022-04-27,Shock,UpTrend,2022-04-27 13:40:00+08:00,2022-04-27 13:45:00+08:00,32,20.0,26.0,2022-04-27 14:15:00+08:00,True,213,oracle,
oracle_center_v2,000688.SH,2022-04-29,Range,Shock,2022-04-29 11:05:00+08:00,2022-04-29 11:10:00+08:00,19,7.0,13.0,2022-04-29 13:10:00+08:00,True,214,oracle,
oracle_center_v2,000688.SH,2022-05-05,UpTrend,Range,2022-05-05 13:20:00+08:00,2022-05-05 13:25:00+08:00,28,16.0,22.0,2022-05-05 13:55:00+08:00,True,215,oracle,
oracle_center_v2,000688.SH,2022-05-10,Range,DownTrend,2022-05-10 13:40:00+08:00,2022-05-10 13:45:00+08:00,32,20.0,26.0,2022-05-10 14:15:00+08:00,True,216,oracle,
oracle_center_v2,000688.SH,2022-05-11,UpTrend,DownTrend,2022-05-11 13:55:00+08:00,2022-05-11 14:00:00+08:00,35,23.0,29.0,2022-05-11 14:30:00+08:00,True,217,oracle,
oracle_center_v2,000688.SH,2022-05-12,DownTrend,Range,2022-05-12 13:55:00+08:00,2022-05-12 14:00:00+08:00,35,23.0,29.0,2022-05-12 14:30:00+08:00,True,218,oracle,
oracle_center_v2,000688.SH,2022-05-17,UpTrend,Range,2022-05-17 11:30:00+08:00,2022-05-17 13:05:00+08:00,24,12.0,18.0,2022-05-17 13:35:00+08:00,True,219,oracle,
oracle_center_v2,000688.SH,2022-05-23,DownTrend,UpTrend,2022-05-23 11:20:00+08:00,2022-05-23 11:25:00+08:00,22,10.0,16.0,2022-05-23 13:25:00+08:00,True,220,oracle,
oracle_center_v2,000688.SH,2022-05-25,Range,UpTrend,2022-05-25 11:05:00+08:00,2022-05-25 11:10:00+08:00,19,7.0,13.0,2022-05-25 13:10:00+08:00,True,221,oracle,
oracle_center_v2,000688.SH,2022-05-26,Shock,DownTrend,2022-05-26 13:35:00+08:00,2022-05-26 13:40:00+08:00,31,19.0,25.0,2022-05-26 14:10:00+08:00,True,222,oracle,
oracle_center_v2,000688.SH,2022-05-27,DownTrend,Range,2022-05-27 11:05:00+08:00,2022-05-27 11:10:00+08:00,19,7.0,13.0,2022-05-27 13:10:00+08:00,True,223,oracle,
oracle_center_v2,000688.SH,2022-05-27,Range,DownTrend,2022-05-27 13:40:00+08:00,2022-05-27 13:45:00+08:00,32,20.0,26.0,2022-05-27 14:15:00+08:00,True,224,oracle,
oracle_center_v2,000688.SH,2022-05-31,Shock,Range,2022-05-31 13:35:00+08:00,2022-05-31 13:40:00+08:00,31,19.0,25.0,2022-05-31 14:10:00+08:00,True,225,oracle,
oracle_center_v2,000688.SH,2022-06-02,UpTrend,Shock,2022-06-02 13:30:00+08:00,2022-06-02 13:35:00+08:00,30,18.0,24.0,2022-06-02 14:05:00+08:00,True,226,oracle,
oracle_center_v2,000688.SH,2022-06-02,Shock,UpTrend,2022-06-02 13:40:00+08:00,2022-06-02 13:45:00+08:00,32,20.0,26.0,2022-06-02 14:15:00+08:00,True,227,oracle,
oracle_center_v2,000688.SH,2022-06-06,Shock,Range,2022-06-06 11:20:00+08:00,2022-06-06 11:25:00+08:00,22,10.0,16.0,2022-06-06 13:25:00+08:00,True,228,oracle,
oracle_center_v2,000688.SH,2022-06-06,Range,DownTrend,2022-06-06 13:25:00+08:00,2022-06-06 13:30:00+08:00,29,17.0,23.0,2022-06-06 14:00:00+08:00,True,229,oracle,
oracle_center_v2,000688.SH,2022-06-08,Shock,UpTrend,2022-06-08 13:50:00+08:00,2022-06-08 13:55:00+08:00,34,22.0,28.0,2022-06-08 14:25:00+08:00,True,230,oracle,
oracle_center_v2,000688.SH,2022-06-14,DownTrend,Shock,2022-06-14 11:05:00+08:00,2022-06-14 11:10:00+08:00,19,7.0,13.0,2022-06-14 13:10:00+08:00,True,231,oracle,
oracle_center_v2,000688.SH,2022-06-15,UpTrend,Shock,2022-06-15 11:20:00+08:00,2022-06-15 11:25:00+08:00,22,10.0,16.0,2022-06-15 13:25:00+08:00,True,232,oracle,
oracle_center_v2,000688.SH,2022-06-16,UpTrend,DownTrend,2022-06-16 13:35:00+08:00,2022-06-16 13:40:00+08:00,31,19.0,25.0,2022-06-16 14:10:00+08:00,True,233,oracle,
oracle_center_v2,000688.SH,2022-06-17,Shock,UpTrend,2022-06-17 13:10:00+08:00,2022-06-17 13:15:00+08:00,26,14.0,20.0,2022-06-17 13:45:00+08:00,True,234,oracle,
oracle_center_v2,000688.SH,2022-06-22,DownTrend,Range,2022-06-22 11:25:00+08:00,2022-06-22 11:30:00+08:00,23,11.0,17.0,2022-06-22 13:30:00+08:00,True,235,oracle,
oracle_center_v2,000688.SH,2022-06-22,Range,DownTrend,2022-06-22 13:45:00+08:00,2022-06-22 13:50:00+08:00,33,21.0,27.0,2022-06-22 14:20:00+08:00,True,236,oracle,
oracle_center_v2,000688.SH,2022-06-24,DownTrend,UpTrend,2022-06-24 13:55:00+08:00,2022-06-24 14:00:00+08:00,35,23.0,29.0,2022-06-24 14:30:00+08:00,True,237,oracle,
oracle_center_v2,000688.SH,2022-06-29,Shock,DownTrend,2022-06-29 11:10:00+08:00,2022-06-29 11:15:00+08:00,20,8.0,14.0,2022-06-29 13:15:00+08:00,True,238,oracle,
oracle_center_v2,000688.SH,2022-07-06,Range,DownTrend,2022-07-06 13:35:00+08:00,2022-07-06 13:40:00+08:00,31,19.0,25.0,2022-07-06 14:10:00+08:00,True,239,oracle,
oracle_center_v2,000688.SH,2022-07-08,Shock,Range,2022-07-08 11:10:00+08:00,2022-07-08 11:15:00+08:00,20,8.0,14.0,2022-07-08 13:15:00+08:00,True,240,oracle,
oracle_center_v2,000688.SH,2022-07-11,Range,DownTrend,2022-07-11 10:55:00+08:00,2022-07-11 11:00:00+08:00,17,5.0,11.0,2022-07-11 11:30:00+08:00,True,241,oracle,
oracle_center_v2,000688.SH,2022-07-12,DownTrend,Range,2022-07-12 11:25:00+08:00,2022-07-12 11:30:00+08:00,23,11.0,17.0,2022-07-12 13:30:00+08:00,True,242,oracle,
oracle_center_v2,000688.SH,2022-07-12,Range,DownTrend,2022-07-12 13:55:00+08:00,2022-07-12 14:00:00+08:00,35,23.0,29.0,2022-07-12 14:30:00+08:00,True,243,oracle,
oracle_center_v2,000688.SH,2022-07-13,Shock,DownTrend,2022-07-13 13:40:00+08:00,2022-07-13 13:45:00+08:00,32,20.0,26.0,2022-07-13 14:15:00+08:00,True,244,oracle,
oracle_center_v2,000688.SH,2022-07-15,Shock,Range,2022-07-15 10:50:00+08:00,2022-07-15 10:55:00+08:00,16,4.0,10.0,2022-07-15 11:25:00+08:00,True,245,oracle,
oracle_center_v2,000688.SH,2022-07-15,Range,DownTrend,2022-07-15 13:10:00+08:00,2022-07-15 13:15:00+08:00,26,14.0,20.0,2022-07-15 13:45:00+08:00,True,246,oracle,
oracle_center_v2,000688.SH,2022-07-19,DownTrend,UpTrend,2022-07-19 13:55:00+08:00,2022-07-19 14:00:00+08:00,35,23.0,29.0,2022-07-19 14:30:00+08:00,True,247,oracle,
oracle_center_v2,000688.SH,2022-07-28,UpTrend,Range,2022-07-28 11:00:00+08:00,2022-07-28 11:05:00+08:00,18,6.0,12.0,2022-07-28 13:05:00+08:00,True,248,oracle,
oracle_center_v2,000688.SH,2022-07-28,Range,DownTrend,2022-07-28 13:55:00+08:00,2022-07-28 14:00:00+08:00,35,23.0,29.0,2022-07-28 14:30:00+08:00,True,249,oracle,
oracle_center_v2,000688.SH,2022-08-02,Shock,DownTrend,2022-08-02 10:55:00+08:00,2022-08-02 11:00:00+08:00,17,5.0,11.0,2022-08-02 11:30:00+08:00,True,250,oracle,
oracle_center_v2,000688.SH,2022-08-02,DownTrend,Shock,2022-08-02 11:05:00+08:00,2022-08-02 11:10:00+08:00,19,7.0,13.0,2022-08-02 13:10:00+08:00,True,251,oracle,
oracle_center_v2,000688.SH,2022-08-03,Shock,Range,2022-08-03 13:40:00+08:00,2022-08-03 13:45:00+08:00,32,20.0,26.0,2022-08-03 14:15:00+08:00,True,252,oracle,
oracle_center_v2,000688.SH,2022-08-11,UpTrend,Range,2022-08-11 13:20:00+08:00,2022-08-11 13:25:00+08:00,28,16.0,22.0,2022-08-11 13:55:00+08:00,True,253,oracle,
oracle_center_v2,000688.SH,2022-08-12,Range,DownTrend,2022-08-12 11:05:00+08:00,2022-08-12 11:10:00+08:00,19,7.0,13.0,2022-08-12 13:10:00+08:00,True,254,oracle,
oracle_center_v2,000688.SH,2022-08-16,DownTrend,Range,2022-08-16 13:55:00+08:00,2022-08-16 14:00:00+08:00,35,23.0,29.0,2022-08-16 14:30:00+08:00,True,255,oracle,
oracle_center_v2,000688.SH,2022-08-18,Range,UpTrend,2022-08-18 13:25:00+08:00,2022-08-18 13:30:00+08:00,29,17.0,23.0,2022-08-18 14:00:00+08:00,True,256,oracle,
oracle_center_v2,000688.SH,2022-08-24,DownTrend,Range,2022-08-24 13:05:00+08:00,2022-08-24 13:10:00+08:00,25,13.0,19.0,2022-08-24 13:40:00+08:00,True,257,oracle,
oracle_center_v2,000688.SH,2022-08-25,Shock,Range,2022-08-25 11:05:00+08:00,2022-08-25 11:10:00+08:00,19,7.0,13.0,2022-08-25 13:10:00+08:00,True,258,oracle,
oracle_center_v2,000688.SH,2022-08-25,Range,DownTrend,2022-08-25 13:20:00+08:00,2022-08-25 13:25:00+08:00,28,16.0,22.0,2022-08-25 13:55:00+08:00,True,259,oracle,
oracle_center_v2,000688.SH,2022-08-30,Shock,Range,2022-08-30 11:10:00+08:00,2022-08-30 11:15:00+08:00,20,8.0,14.0,2022-08-30 13:15:00+08:00,True,260,oracle,
oracle_center_v2,000688.SH,2022-08-31,Shock,DownTrend,2022-08-31 13:55:00+08:00,2022-08-31 14:00:00+08:00,35,23.0,29.0,2022-08-31 14:30:00+08:00,True,261,oracle,
oracle_center_v2,000688.SH,2022-09-02,Shock,Range,2022-09-02 11:15:00+08:00,2022-09-02 11:20:00+08:00,21,9.0,15.0,2022-09-02 13:20:00+08:00,False,,oracle,
oracle_center_v2,000688.SH,2022-09-02,Range,DownTrend,2022-09-02 13:30:00+08:00,2022-09-02 13:35:00+08:00,30,18.0,24.0,2022-09-02 14:05:00+08:00,True,262,oracle,
oracle_center_v2,000688.SH,2022-09-05,DownTrend,Range,2022-09-05 13:50:00+08:00,2022-09-05 13:55:00+08:00,34,22.0,28.0,2022-09-05 14:25:00+08:00,True,263,oracle,
oracle_center_v2,000688.SH,2022-09-06,UpTrend,Shock,2022-09-06 10:45:00+08:00,2022-09-06 10:50:00+08:00,15,3.0,9.0,2022-09-06 11:20:00+08:00,True,264,oracle,
oracle_center_v2,000688.SH,2022-09-06,Shock,UpTrend,2022-09-06 11:10:00+08:00,2022-09-06 11:15:00+08:00,20,8.0,14.0,2022-09-06 13:15:00+08:00,True,265,oracle,
oracle_center_v2,000688.SH,2022-09-06,UpTrend,Range,2022-09-06 13:05:00+08:00,2022-09-06 13:10:00+08:00,25,13.0,19.0,2022-09-06 13:40:00+08:00,True,266,oracle,
oracle_center_v2,000688.SH,2022-09-08,Range,DownTrend,2022-09-08 13:55:00+08:00,2022-09-08 14:00:00+08:00,35,23.0,29.0,2022-09-08 14:30:00+08:00,True,267,oracle,
oracle_center_v2,000688.SH,2022-09-14,DownTrend,UpTrend,2022-09-14 13:55:00+08:00,2022-09-14 14:00:00+08:00,35,23.0,29.0,2022-09-14 14:30:00+08:00,True,268,oracle,
oracle_center_v2,000688.SH,2022-09-16,Range,DownTrend,2022-09-16 13:25:00+08:00,2022-09-16 13:30:00+08:00,29,17.0,23.0,2022-09-16 14:00:00+08:00,True,269,oracle,
oracle_center_v2,000688.SH,2022-09-19,Shock,DownTrend,2022-09-19 11:25:00+08:00,2022-09-19 11:30:00+08:00,23,11.0,17.0,2022-09-19 13:30:00+08:00,True,270,oracle,
oracle_center_v2,000688.SH,2022-09-20,Range,DownTrend,2022-09-20 11:00:00+08:00,2022-09-20 11:05:00+08:00,18,6.0,12.0,2022-09-20 13:05:00+08:00,True,271,oracle,
oracle_center_v2,000688.SH,2022-09-23,DownTrend,Shock,2022-09-23 13:10:00+08:00,2022-09-23 13:15:00+08:00,26,14.0,20.0,2022-09-23 13:45:00+08:00,True,272,oracle,
oracle_center_v2,000688.SH,2022-09-29,Range,DownTrend,2022-09-29 13:35:00+08:00,2022-09-29 13:40:00+08:00,31,19.0,25.0,2022-09-29 14:10:00+08:00,True,273,oracle,
oracle_center_v2,000688.SH,2022-10-10,Shock,Range,2022-10-10 10:50:00+08:00,2022-10-10 10:55:00+08:00,16,4.0,10.0,2022-10-10 11:25:00+08:00,True,274,oracle,
oracle_center_v2,000688.SH,2022-10-11,Shock,Range,2022-10-11 13:45:00+08:00,2022-10-11 13:50:00+08:00,33,21.0,27.0,2022-10-11 14:20:00+08:00,True,275,oracle,
oracle_center_v2,000688.SH,2022-10-14,Shock,UpTrend,2022-10-14 11:15:00+08:00,2022-10-14 11:20:00+08:00,21,9.0,15.0,2022-10-14 13:20:00+08:00,True,276,oracle,
oracle_center_v2,000688.SH,2022-10-14,UpTrend,Shock,2022-10-14 13:20:00+08:00,2022-10-14 13:25:00+08:00,28,16.0,22.0,2022-10-14 13:55:00+08:00,False,,oracle,
oracle_center_v2,000688.SH,2022-10-14,Shock,Range,2022-10-14 13:55:00+08:00,2022-10-14 14:00:00+08:00,35,23.0,29.0,2022-10-14 14:30:00+08:00,True,277,oracle,
oracle_center_v2,000688.SH,2022-10-17,Range,UpTrend,2022-10-17 11:30:00+08:00,2022-10-17 13:05:00+08:00,24,12.0,18.0,2022-10-17 13:35:00+08:00,True,278,oracle,
oracle_center_v2,000688.SH,2022-10-18,UpTrend,DownTrend,2022-10-18 13:35:00+08:00,2022-10-18 13:40:00+08:00,31,19.0,25.0,2022-10-18 14:10:00+08:00,True,279,oracle,
oracle_center_v2,000688.SH,2022-10-20,Shock,DownTrend,2022-10-20 13:45:00+08:00,2022-10-20 13:50:00+08:00,33,21.0,27.0,2022-10-20 14:20:00+08:00,True,280,oracle,
oracle_center_v2,000688.SH,2022-10-21,UpTrend,Range,2022-10-21 13:15:00+08:00,2022-10-21 13:20:00+08:00,27,15.0,21.0,2022-10-21 13:50:00+08:00,True,281,oracle,
oracle_center_v2,000688.SH,2022-10-24,Shock,UpTrend,2022-10-24 10:45:00+08:00,2022-10-24 10:50:00+08:00,15,3.0,9.0,2022-10-24 11:20:00+08:00,True,282,oracle,
oracle_center_v2,000688.SH,2022-10-24,UpTrend,DownTrend,2022-10-24 13:35:00+08:00,2022-10-24 13:40:00+08:00,31,19.0,25.0,2022-10-24 14:10:00+08:00,True,283,oracle,
oracle_center_v2,000688.SH,2022-10-26,UpTrend,Range,2022-10-26 13:25:00+08:00,2022-10-26 13:30:00+08:00,29,17.0,23.0,2022-10-26 14:00:00+08:00,True,284,oracle,
oracle_center_v2,000688.SH,2022-10-27,DownTrend,UpTrend,2022-10-27 13:20:00+08:00,2022-10-27 13:25:00+08:00,28,16.0,22.0,2022-10-27 13:55:00+08:00,True,285,oracle,
oracle_center_v2,000688.SH,2022-10-27,UpTrend,Shock,2022-10-27 13:50:00+08:00,2022-10-27 13:55:00+08:00,34,22.0,28.0,2022-10-27 14:25:00+08:00,False,,oracle,
oracle_center_v2,000688.SH,2022-11-01,UpTrend,DownTrend,2022-11-01 11:05:00+08:00,2022-11-01 11:10:00+08:00,19,7.0,13.0,2022-11-01 13:10:00+08:00,True,286,oracle,
oracle_center_v2,000688.SH,2022-11-04,UpTrend,Range,2022-11-04 13:25:00+08:00,2022-11-04 13:30:00+08:00,29,17.0,23.0,2022-11-04 14:00:00+08:00,True,287,oracle,
oracle_center_v2,000688.SH,2022-11-07,Range,DownTrend,2022-11-07 13:20:00+08:00,2022-11-07 13:25:00+08:00,28,16.0,22.0,2022-11-07 13:55:00+08:00,True,288,oracle,
oracle_center_v2,000688.SH,2022-11-17,Range,UpTrend,2022-11-17 13:15:00+08:00,2022-11-17 13:20:00+08:00,27,15.0,21.0,2022-11-17 13:50:00+08:00,True,289,oracle,
oracle_center_v2,000688.SH,2022-11-23,Shock,UpTrend,2022-11-23 11:30:00+08:00,2022-11-23 13:05:00+08:00,24,12.0,18.0,2022-11-23 13:35:00+08:00,True,290,oracle,
oracle_center_v2,000688.SH,2022-11-23,UpTrend,Shock,2022-11-23 13:15:00+08:00,2022-11-23 13:20:00+08:00,27,15.0,21.0,2022-11-23 13:50:00+08:00,True,291,oracle,
oracle_center_v2,000688.SH,2022-11-23,Shock,Range,2022-11-23 13:55:00+08:00,2022-11-23 14:00:00+08:00,35,23.0,29.0,2022-11-23 14:30:00+08:00,True,292,oracle,
oracle_center_v2,000688.SH,2022-11-28,DownTrend,Range,2022-11-28 13:50:00+08:00,2022-11-28 13:55:00+08:00,34,22.0,28.0,2022-11-28 14:25:00+08:00,True,293,oracle,
oracle_center_v2,000688.SH,2022-11-29,UpTrend,DownTrend,2022-11-29 13:50:00+08:00,2022-11-29 13:55:00+08:00,34,22.0,28.0,2022-11-29 14:25:00+08:00,True,294,oracle,
oracle_center_v2,000688.SH,2022-11-30,Range,DownTrend,2022-11-30 13:25:00+08:00,2022-11-30 13:30:00+08:00,29,17.0,23.0,2022-11-30 14:00:00+08:00,True,295,oracle,
oracle_center_v2,000688.SH,2022-12-05,DownTrend,Range,2022-12-05 13:55:00+08:00,2022-12-05 14:00:00+08:00,35,23.0,29.0,2022-12-05 14:30:00+08:00,True,296,oracle,
oracle_center_v2,000688.SH,2022-12-06,UpTrend,DownTrend,2022-12-06 13:20:00+08:00,2022-12-06 13:25:00+08:00,28,16.0,22.0,2022-12-06 13:55:00+08:00,True,297,oracle,
oracle_center_v2,000688.SH,2022-12-07,Range,DownTrend,2022-12-07 11:20:00+08:00,2022-12-07 11:25:00+08:00,22,10.0,16.0,2022-12-07 13:25:00+08:00,True,298,oracle,
oracle_center_v2,000688.SH,2022-12-12,UpTrend,Range,2022-12-12 13:10:00+08:00,2022-12-12 13:15:00+08:00,26,14.0,20.0,2022-12-12 13:45:00+08:00,True,299,oracle,
oracle_center_v2,000688.SH,2022-12-13,DownTrend,Range,2022-12-13 13:10:00+08:00,2022-12-13 13:15:00+08:00,26,14.0,20.0,2022-12-13 13:45:00+08:00,True,300,oracle,
oracle_center_v2,000688.SH,2022-12-14,Shock,DownTrend,2022-12-14 11:05:00+08:00,2022-12-14 11:10:00+08:00,19,7.0,13.0,2022-12-14 13:10:00+08:00,True,301,oracle,
oracle_center_v2,000688.SH,2022-12-15,Range,UpTrend,2022-12-15 13:20:00+08:00,2022-12-15 13:25:00+08:00,28,16.0,22.0,2022-12-15 13:55:00+08:00,True,302,oracle,
oracle_center_v2,000688.SH,2022-12-16,DownTrend,Range,2022-12-16 13:25:00+08:00,2022-12-16 13:30:00+08:00,29,17.0,23.0,2022-12-16 14:00:00+08:00,True,303,oracle,
oracle_center_v2,000688.SH,2022-12-21,DownTrend,Shock,2022-12-21 13:40:00+08:00,2022-12-21 13:45:00+08:00,32,20.0,26.0,2022-12-21 14:15:00+08:00,True,304,oracle,
oracle_center_v2,000688.SH,2022-12-23,Shock,Range,2022-12-23 11:30:00+08:00,2022-12-23 13:05:00+08:00,24,12.0,18.0,2022-12-23 13:35:00+08:00,True,305,oracle,
oracle_center_v2,000688.SH,2022-12-23,Range,DownTrend,2022-12-23 13:50:00+08:00,2022-12-23 13:55:00+08:00,34,22.0,28.0,2022-12-23 14:25:00+08:00,True,306,oracle,
oracle_center_v2,000688.SH,2022-12-29,Shock,DownTrend,2022-12-29 13:25:00+08:00,2022-12-29 13:30:00+08:00,29,17.0,23.0,2022-12-29 14:00:00+08:00,True,307,oracle,
oracle_center_v2,000688.SH,2022-12-30,DownTrend,Range,2022-12-30 11:20:00+08:00,2022-12-30 11:25:00+08:00,22,10.0,16.0,2022-12-30 13:25:00+08:00,True,308,oracle,
oracle_center_v2,000688.SH,2023-01-03,Shock,UpTrend,2023-01-03 11:00:00+08:00,2023-01-03 11:05:00+08:00,18,6.0,12.0,2023-01-03 13:05:00+08:00,True,309,oracle,
oracle_center_v2,000688.SH,2023-01-06,UpTrend,DownTrend,2023-01-06 11:25:00+08:00,2023-01-06 11:30:00+08:00,23,11.0,17.0,2023-01-06 13:30:00+08:00,True,310,oracle,
oracle_center_v2,000688.SH,2023-01-06,DownTrend,Range,2023-01-06 13:55:00+08:00,2023-01-06 14:00:00+08:00,35,23.0,29.0,2023-01-06 14:30:00+08:00,True,311,oracle,
oracle_center_v2,000688.SH,2023-01-09,DownTrend,Range,2023-01-09 13:45:00+08:00,2023-01-09 13:50:00+08:00,33,21.0,27.0,2023-01-09 14:20:00+08:00,True,312,oracle,
oracle_center_v2,000688.SH,2023-01-12,DownTrend,UpTrend,2023-01-12 13:30:00+08:00,2023-01-12 13:35:00+08:00,30,18.0,24.0,2023-01-12 14:05:00+08:00,True,313,oracle,
oracle_center_v2,000688.SH,2023-01-16,Shock,DownTrend,2023-01-16 13:25:00+08:00,2023-01-16 13:30:00+08:00,29,17.0,23.0,2023-01-16 14:00:00+08:00,True,314,oracle,
oracle_center_v2,000688.SH,2023-01-17,DownTrend,Range,2023-01-17 13:35:00+08:00,2023-01-17 13:40:00+08:00,31,19.0,25.0,2023-01-17 14:10:00+08:00,True,315,oracle,
oracle_center_v2,000688.SH,2023-02-01,Shock,UpTrend,2023-02-01 11:15:00+08:00,2023-02-01 11:20:00+08:00,21,9.0,15.0,2023-02-01 13:20:00+08:00,True,316,oracle,
oracle_center_v2,000688.SH,2023-02-03,DownTrend,Shock,2023-02-03 11:30:00+08:00,2023-02-03 13:05:00+08:00,24,12.0,18.0,2023-02-03 13:35:00+08:00,True,317,oracle,
oracle_center_v2,000688.SH,2023-02-06,Shock,Range,2023-02-06 11:15:00+08:00,2023-02-06 11:20:00+08:00,21,9.0,15.0,2023-02-06 13:20:00+08:00,True,318,oracle,
oracle_center_v2,000688.SH,2023-02-09,Shock,UpTrend,2023-02-09 13:30:00+08:00,2023-02-09 13:35:00+08:00,30,18.0,24.0,2023-02-09 14:05:00+08:00,True,319,oracle,
oracle_center_v2,000688.SH,2023-02-10,DownTrend,UpTrend,2023-02-10 13:40:00+08:00,2023-02-10 13:45:00+08:00,32,20.0,26.0,2023-02-10 14:15:00+08:00,True,320,oracle,
oracle_center_v2,000688.SH,2023-02-13,Shock,Range,2023-02-13 11:10:00+08:00,2023-02-13 11:15:00+08:00,20,8.0,14.0,2023-02-13 13:15:00+08:00,True,321,oracle,
oracle_center_v2,000688.SH,2023-02-14,DownTrend,Range,2023-02-14 11:05:00+08:00,2023-02-14 11:10:00+08:00,19,7.0,13.0,2023-02-14 13:10:00+08:00,True,322,oracle,
oracle_center_v2,000688.SH,2023-02-14,Range,UpTrend,2023-02-14 13:50:00+08:00,2023-02-14 13:55:00+08:00,34,22.0,28.0,2023-02-14 14:25:00+08:00,True,323,oracle,
oracle_center_v2,000688.SH,2023-02-16,Range,DownTrend,2023-02-16 13:10:00+08:00,2023-02-16 13:15:00+08:00,26,14.0,20.0,2023-02-16 13:45:00+08:00,True,324,oracle,
oracle_center_v2,000688.SH,2023-02-16,DownTrend,Shock,2023-02-16 13:50:00+08:00,2023-02-16 13:55:00+08:00,34,22.0,28.0,2023-02-16 14:25:00+08:00,True,325,oracle,
oracle_center_v2,000688.SH,2023-02-21,Shock,DownTrend,2023-02-21 13:30:00+08:00,2023-02-21 13:35:00+08:00,30,18.0,24.0,2023-02-21 14:05:00+08:00,True,326,oracle,
oracle_center_v2,000688.SH,2023-02-23,UpTrend,DownTrend,2023-02-23 13:15:00+08:00,2023-02-23 13:20:00+08:00,27,15.0,21.0,2023-02-23 13:50:00+08:00,True,327,oracle,
oracle_center_v2,000688.SH,2023-02-24,DownTrend,Range,2023-02-24 11:15:00+08:00,2023-02-24 11:20:00+08:00,21,9.0,15.0,2023-02-24 13:20:00+08:00,True,328,oracle,
oracle_center_v2,000688.SH,2023-02-28,DownTrend,UpTrend,2023-02-28 13:55:00+08:00,2023-02-28 14:00:00+08:00,35,23.0,29.0,2023-02-28 14:30:00+08:00,True,329,oracle,
oracle_center_v2,000688.SH,2023-03-03,DownTrend,Range,2023-03-03 11:00:00+08:00,2023-03-03 11:05:00+08:00,18,6.0,12.0,2023-03-03 13:05:00+08:00,True,330,oracle,
oracle_center_v2,000688.SH,2023-03-03,Range,UpTrend,2023-03-03 11:15:00+08:00,2023-03-03 11:20:00+08:00,21,9.0,15.0,2023-03-03 13:20:00+08:00,True,331,oracle,
oracle_center_v2,000688.SH,2023-03-03,UpTrend,Range,2023-03-03 13:50:00+08:00,2023-03-03 13:55:00+08:00,34,22.0,28.0,2023-03-03 14:25:00+08:00,True,332,oracle,
oracle_center_v2,000688.SH,2023-03-06,UpTrend,Range,2023-03-06 13:40:00+08:00,2023-03-06 13:45:00+08:00,32,20.0,26.0,2023-03-06 14:15:00+08:00,True,333,oracle,
oracle_center_v2,000688.SH,2023-03-10,Shock,Range,2023-03-10 11:10:00+08:00,2023-03-10 11:15:00+08:00,20,8.0,14.0,2023-03-10 13:15:00+08:00,True,334,oracle,
oracle_center_v2,000688.SH,2023-03-13,Shock,Range,2023-03-13 11:30:00+08:00,2023-03-13 13:05:00+08:00,24,12.0,18.0,2023-03-13 13:35:00+08:00,True,335,oracle,
oracle_center_v2,000688.SH,2023-03-14,Shock,UpTrend,2023-03-14 13:25:00+08:00,2023-03-14 13:30:00+08:00,29,17.0,23.0,2023-03-14 14:00:00+08:00,True,336,oracle,
oracle_center_v2,000688.SH,2023-03-14,UpTrend,Shock,2023-03-14 13:40:00+08:00,2023-03-14 13:45:00+08:00,32,20.0,26.0,2023-03-14 14:15:00+08:00,True,337,oracle,
oracle_center_v2,000688.SH,2023-03-23,Range,UpTrend,2023-03-23 13:15:00+08:00,2023-03-23 13:20:00+08:00,27,15.0,21.0,2023-03-23 13:50:00+08:00,True,338,oracle,
oracle_center_v2,000688.SH,2023-03-24,DownTrend,UpTrend,2023-03-24 11:05:00+08:00,2023-03-24 11:10:00+08:00,19,7.0,13.0,2023-03-24 13:10:00+08:00,True,339,oracle,
oracle_center_v2,000688.SH,2023-03-24,UpTrend,Range,2023-03-24 13:40:00+08:00,2023-03-24 13:45:00+08:00,32,20.0,26.0,2023-03-24 14:15:00+08:00,True,340,oracle,
oracle_center_v2,000688.SH,2023-03-27,Shock,UpTrend,2023-03-27 13:20:00+08:00,2023-03-27 13:25:00+08:00,28,16.0,22.0,2023-03-27 13:55:00+08:00,True,341,oracle,
oracle_center_v2,000688.SH,2023-03-29,Shock,UpTrend,2023-03-29 11:05:00+08:00,2023-03-29 11:10:00+08:00,19,7.0,13.0,2023-03-29 13:10:00+08:00,True,342,oracle,
oracle_center_v2,000688.SH,2023-03-30,Shock,UpTrend,2023-03-30 11:20:00+08:00,2023-03-30 11:25:00+08:00,22,10.0,16.0,2023-03-30 13:25:00+08:00,True,343,oracle,
oracle_center_v2,000688.SH,2023-03-30,UpTrend,DownTrend,2023-03-30 13:55:00+08:00,2023-03-30 14:00:00+08:00,35,23.0,29.0,2023-03-30 14:30:00+08:00,True,344,oracle,
oracle_center_v2,000688.SH,2023-03-31,Range,UpTrend,2023-03-31 11:30:00+08:00,2023-03-31 13:05:00+08:00,24,12.0,18.0,2023-03-31 13:35:00+08:00,True,345,oracle,
oracle_center_v2,000688.SH,2023-04-03,Shock,UpTrend,2023-04-03 11:25:00+08:00,2023-04-03 11:30:00+08:00,23,11.0,17.0,2023-04-03 13:30:00+08:00,True,346,oracle,
oracle_center_v2,000688.SH,2023-04-07,UpTrend,Range,2023-04-07 13:35:00+08:00,2023-04-07 13:40:00+08:00,31,19.0,25.0,2023-04-07 14:10:00+08:00,True,347,oracle,
oracle_center_v2,000688.SH,2023-04-10,Shock,DownTrend,2023-04-10 13:55:00+08:00,2023-04-10 14:00:00+08:00,35,23.0,29.0,2023-04-10 14:30:00+08:00,True,348,oracle,
oracle_center_v2,000688.SH,2023-04-13,Range,DownTrend,2023-04-13 13:05:00+08:00,2023-04-13 13:10:00+08:00,25,13.0,19.0,2023-04-13 13:40:00+08:00,True,349,oracle,
oracle_center_v2,000688.SH,2023-04-14,Shock,UpTrend,2023-04-14 11:25:00+08:00,2023-04-14 11:30:00+08:00,23,11.0,17.0,2023-04-14 13:30:00+08:00,True,350,oracle,
oracle_center_v2,000688.SH,2023-04-18,Range,UpTrend,2023-04-18 11:20:00+08:00,2023-04-18 11:25:00+08:00,22,10.0,16.0,2023-04-18 13:25:00+08:00,True,351,oracle,
oracle_center_v2,000688.SH,2023-04-18,UpTrend,Range,2023-04-18 13:40:00+08:00,2023-04-18 13:45:00+08:00,32,20.0,26.0,2023-04-18 14:15:00+08:00,True,352,oracle,
oracle_center_v2,000688.SH,2023-04-19,UpTrend,DownTrend,2023-04-19 13:40:00+08:00,2023-04-19 13:45:00+08:00,32,20.0,26.0,2023-04-19 14:15:00+08:00,True,353,oracle,
oracle_center_v2,000688.SH,2023-04-21,DownTrend,Range,2023-04-21 13:20:00+08:00,2023-04-21 13:25:00+08:00,28,16.0,22.0,2023-04-21 13:55:00+08:00,True,354,oracle,
oracle_center_v2,000688.SH,2023-04-25,Shock,Range,2023-04-25 13:30:00+08:00,2023-04-25 13:35:00+08:00,30,18.0,24.0,2023-04-25 14:05:00+08:00,True,355,oracle,
oracle_center_v2,000688.SH,2023-04-26,Shock,UpTrend,2023-04-26 13:10:00+08:00,2023-04-26 13:15:00+08:00,26,14.0,20.0,2023-04-26 13:45:00+08:00,True,356,oracle,
oracle_center_v2,000688.SH,2023-04-27,DownTrend,Range,2023-04-27 13:15:00+08:00,2023-04-27 13:20:00+08:00,27,15.0,21.0,2023-04-27 13:50:00+08:00,True,357,oracle,
oracle_center_v2,000688.SH,2023-04-27,Range,DownTrend,2023-04-27 13:45:00+08:00,2023-04-27 13:50:00+08:00,33,21.0,27.0,2023-04-27 14:20:00+08:00,True,358,oracle,
oracle_center_v2,000688.SH,2023-05-04,DownTrend,Range,2023-05-04 13:40:00+08:00,2023-05-04 13:45:00+08:00,32,20.0,26.0,2023-05-04 14:15:00+08:00,True,359,oracle,
oracle_center_v2,000688.SH,2023-05-15,DownTrend,UpTrend,2023-05-15 13:10:00+08:00,2023-05-15 13:15:00+08:00,26,14.0,20.0,2023-05-15 13:45:00+08:00,True,360,oracle,
oracle_center_v2,000688.SH,2023-05-17,DownTrend,Range,2023-05-17 13:50:00+08:00,2023-05-17 13:55:00+08:00,34,22.0,28.0,2023-05-17 14:25:00+08:00,True,361,oracle,
oracle_center_v2,000688.SH,2023-05-18,DownTrend,Range,2023-05-18 13:55:00+08:00,2023-05-18 14:00:00+08:00,35,23.0,29.0,2023-05-18 14:30:00+08:00,True,362,oracle,
oracle_center_v2,000688.SH,2023-05-22,DownTrend,Range,2023-05-22 13:35:00+08:00,2023-05-22 13:40:00+08:00,31,19.0,25.0,2023-05-22 14:10:00+08:00,True,363,oracle,
oracle_center_v2,000688.SH,2023-05-24,UpTrend,Shock,2023-05-24 10:55:00+08:00,2023-05-24 11:00:00+08:00,17,5.0,11.0,2023-05-24 11:30:00+08:00,True,364,oracle,
oracle_center_v2,000688.SH,2023-05-24,Shock,DownTrend,2023-05-24 13:35:00+08:00,2023-05-24 13:40:00+08:00,31,19.0,25.0,2023-05-24 14:10:00+08:00,True,365,oracle,
oracle_center_v2,000688.SH,2023-05-25,DownTrend,Shock,2023-05-25 13:50:00+08:00,2023-05-25 13:55:00+08:00,34,22.0,28.0,2023-05-25 14:25:00+08:00,True,366,oracle,
oracle_center_v2,000688.SH,2023-05-29,DownTrend,Range,2023-05-29 13:25:00+08:00,2023-05-29 13:30:00+08:00,29,17.0,23.0,2023-05-29 14:00:00+08:00,True,367,oracle,
oracle_center_v2,000688.SH,2023-05-30,DownTrend,UpTrend,2023-05-30 13:40:00+08:00,2023-05-30 13:45:00+08:00,32,20.0,26.0,2023-05-30 14:15:00+08:00,True,368,oracle,
oracle_center_v2,000688.SH,2023-05-30,UpTrend,Shock,2023-05-30 13:55:00+08:00,2023-05-30 14:00:00+08:00,35,23.0,29.0,2023-05-30 14:30:00+08:00,True,369,oracle,
oracle_center_v2,000688.SH,2023-06-01,UpTrend,DownTrend,2023-06-01 13:40:00+08:00,2023-06-01 13:45:00+08:00,32,20.0,26.0,2023-06-01 14:15:00+08:00,True,370,oracle,
oracle_center_v2,000688.SH,2023-06-02,UpTrend,Range,2023-06-02 13:30:00+08:00,2023-06-02 13:35:00+08:00,30,18.0,24.0,2023-06-02 14:05:00+08:00,True,371,oracle,
oracle_center_v2,000688.SH,2023-06-05,Shock,DownTrend,2023-06-05 13:05:00+08:00,2023-06-05 13:10:00+08:00,25,13.0,19.0,2023-06-05 13:40:00+08:00,True,372,oracle,
oracle_center_v2,000688.SH,2023-06-09,Range,UpTrend,2023-06-09 13:45:00+08:00,2023-06-09 13:50:00+08:00,33,21.0,27.0,2023-06-09 14:20:00+08:00,True,373,oracle,
oracle_center_v2,000688.SH,2023-06-12,DownTrend,Range,2023-06-12 13:20:00+08:00,2023-06-12 13:25:00+08:00,28,16.0,22.0,2023-06-12 13:55:00+08:00,True,374,oracle,
oracle_center_v2,000688.SH,2023-06-14,Range,UpTrend,2023-06-14 11:15:00+08:00,2023-06-14 11:20:00+08:00,21,9.0,15.0,2023-06-14 13:20:00+08:00,True,375,oracle,
oracle_center_v2,000688.SH,2023-06-15,DownTrend,Range,2023-06-15 13:55:00+08:00,2023-06-15 14:00:00+08:00,35,23.0,29.0,2023-06-15 14:30:00+08:00,True,376,oracle,
oracle_center_v2,000688.SH,2023-06-20,Shock,UpTrend,2023-06-20 13:15:00+08:00,2023-06-20 13:20:00+08:00,27,15.0,21.0,2023-06-20 13:50:00+08:00,True,377,oracle,
oracle_center_v2,000688.SH,2023-06-21,Shock,Range,2023-06-21 13:10:00+08:00,2023-06-21 13:15:00+08:00,26,14.0,20.0,2023-06-21 13:45:00+08:00,True,378,oracle,
oracle_center_v2,000688.SH,2023-06-27,Range,Shock,2023-06-27 11:20:00+08:00,2023-06-27 11:25:00+08:00,22,10.0,16.0,2023-06-27 13:25:00+08:00,True,379,oracle,
oracle_center_v2,000688.SH,2023-06-28,Shock,UpTrend,2023-06-28 13:45:00+08:00,2023-06-28 13:50:00+08:00,33,21.0,27.0,2023-06-28 14:20:00+08:00,True,380,oracle,
oracle_center_v2,000688.SH,2023-07-03,UpTrend,Range,2023-07-03 11:25:00+08:00,2023-07-03 11:30:00+08:00,23,11.0,17.0,2023-07-03 13:30:00+08:00,True,381,oracle,
oracle_center_v2,000688.SH,2023-07-04,UpTrend,DownTrend,2023-07-04 13:25:00+08:00,2023-07-04 13:30:00+08:00,29,17.0,23.0,2023-07-04 14:00:00+08:00,True,382,oracle,
oracle_center_v2,000688.SH,2023-07-06,DownTrend,Range,2023-07-06 13:30:00+08:00,2023-07-06 13:35:00+08:00,30,18.0,24.0,2023-07-06 14:05:00+08:00,True,383,oracle,
oracle_center_v2,000688.SH,2023-07-10,DownTrend,UpTrend,2023-07-10 13:50:00+08:00,2023-07-10 13:55:00+08:00,34,22.0,28.0,2023-07-10 14:25:00+08:00,True,384,oracle,
oracle_center_v2,000688.SH,2023-07-11,DownTrend,UpTrend,2023-07-11 13:55:00+08:00,2023-07-11 14:00:00+08:00,35,23.0,29.0,2023-07-11 14:30:00+08:00,True,385,oracle,
oracle_center_v2,000688.SH,2023-07-13,Range,UpTrend,2023-07-13 13:05:00+08:00,2023-07-13 13:10:00+08:00,25,13.0,19.0,2023-07-13 13:40:00+08:00,True,386,oracle,
oracle_center_v2,000688.SH,2023-07-18,DownTrend,Range,2023-07-18 13:20:00+08:00,2023-07-18 13:25:00+08:00,28,16.0,22.0,2023-07-18 13:55:00+08:00,True,387,oracle,
oracle_center_v2,000688.SH,2023-07-19,Range,DownTrend,2023-07-19 13:05:00+08:00,2023-07-19 13:10:00+08:00,25,13.0,19.0,2023-07-19 13:40:00+08:00,True,388,oracle,
oracle_center_v2,000688.SH,2023-07-24,Shock,DownTrend,2023-07-24 10:55:00+08:00,2023-07-24 11:00:00+08:00,17,5.0,11.0,2023-07-24 11:30:00+08:00,True,389,oracle,
oracle_center_v2,000688.SH,2023-07-25,UpTrend,Range,2023-07-25 13:15:00+08:00,2023-07-25 13:20:00+08:00,27,15.0,21.0,2023-07-25 13:50:00+08:00,True,390,oracle,
oracle_center_v2,000688.SH,2023-07-28,Shock,Range,2023-07-28 13:30:00+08:00,2023-07-28 13:35:00+08:00,30,18.0,24.0,2023-07-28 14:05:00+08:00,True,391,oracle,
oracle_center_v2,000688.SH,2023-08-02,DownTrend,Range,2023-08-02 13:35:00+08:00,2023-08-02 13:40:00+08:00,31,19.0,25.0,2023-08-02 14:10:00+08:00,True,392,oracle,
oracle_center_v2,000688.SH,2023-08-04,Range,Shock,2023-08-04 11:30:00+08:00,2023-08-04 13:05:00+08:00,24,12.0,18.0,2023-08-04 13:35:00+08:00,True,393,oracle,
oracle_center_v2,000688.SH,2023-08-07,Range,DownTrend,2023-08-07 11:20:00+08:00,2023-08-07 11:25:00+08:00,22,10.0,16.0,2023-08-07 13:25:00+08:00,True,394,oracle,
oracle_center_v2,000688.SH,2023-08-07,DownTrend,Range,2023-08-07 13:50:00+08:00,2023-08-07 13:55:00+08:00,34,22.0,28.0,2023-08-07 14:25:00+08:00,True,395,oracle,
oracle_center_v2,000688.SH,2023-08-08,Range,DownTrend,2023-08-08 13:50:00+08:00,2023-08-08 13:55:00+08:00,34,22.0,28.0,2023-08-08 14:25:00+08:00,True,396,oracle,
oracle_center_v2,000688.SH,2023-08-10,DownTrend,UpTrend,2023-08-10 13:40:00+08:00,2023-08-10 13:45:00+08:00,32,20.0,26.0,2023-08-10 14:15:00+08:00,True,397,oracle,
oracle_center_v2,000688.SH,2023-08-14,Shock,UpTrend,2023-08-14 13:45:00+08:00,2023-08-14 13:50:00+08:00,33,21.0,27.0,2023-08-14 14:20:00+08:00,True,398,oracle,
oracle_center_v2,000688.SH,2023-08-15,DownTrend,Shock,2023-08-15 13:15:00+08:00,2023-08-15 13:20:00+08:00,27,15.0,21.0,2023-08-15 13:50:00+08:00,True,399,oracle,
oracle_center_v2,000688.SH,2023-08-16,Range,Shock,2023-08-16 10:50:00+08:00,2023-08-16 10:55:00+08:00,16,4.0,10.0,2023-08-16 11:25:00+08:00,True,400,oracle,
oracle_center_v2,000688.SH,2023-08-16,Shock,DownTrend,2023-08-16 13:15:00+08:00,2023-08-16 13:20:00+08:00,27,15.0,21.0,2023-08-16 13:50:00+08:00,True,401,oracle,
oracle_center_v2,000688.SH,2023-08-16,DownTrend,Shock,2023-08-16 13:55:00+08:00,2023-08-16 14:00:00+08:00,35,23.0,29.0,2023-08-16 14:30:00+08:00,True,402,oracle,
oracle_center_v2,000688.SH,2023-08-17,Shock,DownTrend,2023-08-17 13:05:00+08:00,2023-08-17 13:10:00+08:00,25,13.0,19.0,2023-08-17 13:40:00+08:00,True,403,oracle,
oracle_center_v2,000688.SH,2023-08-17,DownTrend,Shock,2023-08-17 13:55:00+08:00,2023-08-17 14:00:00+08:00,35,23.0,29.0,2023-08-17 14:30:00+08:00,True,404,oracle,
oracle_center_v2,000688.SH,2023-08-18,DownTrend,Shock,2023-08-18 13:35:00+08:00,2023-08-18 13:40:00+08:00,31,19.0,25.0,2023-08-18 14:10:00+08:00,True,405,oracle,
oracle_center_v2,000688.SH,2023-08-21,Shock,DownTrend,2023-08-21 13:40:00+08:00,2023-08-21 13:45:00+08:00,32,20.0,26.0,2023-08-21 14:15:00+08:00,True,406,oracle,
oracle_center_v2,000688.SH,2023-08-22,DownTrend,Shock,2023-08-22 13:35:00+08:00,2023-08-22 13:40:00+08:00,31,19.0,25.0,2023-08-22 14:10:00+08:00,True,407,oracle,
oracle_center_v2,000688.SH,2023-08-24,Shock,DownTrend,2023-08-24 13:55:00+08:00,2023-08-24 14:00:00+08:00,35,23.0,29.0,2023-08-24 14:30:00+08:00,True,408,oracle,
oracle_center_v2,000688.SH,2023-08-25,DownTrend,Shock,2023-08-25 13:35:00+08:00,2023-08-25 13:40:00+08:00,31,19.0,25.0,2023-08-25 14:10:00+08:00,True,409,oracle,
oracle_center_v2,000688.SH,2023-08-28,Shock,DownTrend,2023-08-28 11:25:00+08:00,2023-08-28 11:30:00+08:00,23,11.0,17.0,2023-08-28 13:30:00+08:00,True,410,oracle,
oracle_center_v2,000688.SH,2023-08-29,UpTrend,Shock,2023-08-29 13:15:00+08:00,2023-08-29 13:20:00+08:00,27,15.0,21.0,2023-08-29 13:50:00+08:00,True,411,oracle,
oracle_center_v2,000688.SH,2023-08-30,Shock,UpTrend,2023-08-30 13:55:00+08:00,2023-08-30 14:00:00+08:00,35,23.0,29.0,2023-08-30 14:30:00+08:00,True,412,oracle,
oracle_center_v2,000688.SH,2023-09-06,DownTrend,UpTrend,2023-09-06 13:05:00+08:00,2023-09-06 13:10:00+08:00,25,13.0,19.0,2023-09-06 13:40:00+08:00,True,413,oracle,
oracle_center_v2,000688.SH,2023-09-11,Range,UpTrend,2023-09-11 11:25:00+08:00,2023-09-11 11:30:00+08:00,23,11.0,17.0,2023-09-11 13:30:00+08:00,True,414,oracle,
oracle_center_v2,000688.SH,2023-09-14,Range,DownTrend,2023-09-14 13:25:00+08:00,2023-09-14 13:30:00+08:00,29,17.0,23.0,2023-09-14 14:00:00+08:00,True,415,oracle,
oracle_center_v2,000688.SH,2023-09-15,Shock,DownTrend,2023-09-15 11:25:00+08:00,2023-09-15 11:30:00+08:00,23,11.0,17.0,2023-09-15 13:30:00+08:00,True,416,oracle,
oracle_center_v2,000688.SH,2023-09-22,Range,UpTrend,2023-09-22 13:35:00+08:00,2023-09-22 13:40:00+08:00,31,19.0,25.0,2023-09-22 14:10:00+08:00,True,417,oracle,
oracle_center_v2,000688.SH,2023-09-25,Range,DownTrend,2023-09-25 13:50:00+08:00,2023-09-25 13:55:00+08:00,34,22.0,28.0,2023-09-25 14:25:00+08:00,True,418,oracle,
oracle_center_v2,000688.SH,2023-09-28,Range,UpTrend,2023-09-28 11:15:00+08:00,2023-09-28 11:20:00+08:00,21,9.0,15.0,2023-09-28 13:20:00+08:00,True,419,oracle,
oracle_center_v2,000688.SH,2023-10-11,Range,DownTrend,2023-10-11 13:35:00+08:00,2023-10-11 13:40:00+08:00,31,19.0,25.0,2023-10-11 14:10:00+08:00,True,420,oracle,
oracle_center_v2,000688.SH,2023-10-12,Range,UpTrend,2023-10-12 11:25:00+08:00,2023-10-12 11:30:00+08:00,23,11.0,17.0,2023-10-12 13:30:00+08:00,True,421,oracle,
oracle_center_v2,000688.SH,2023-10-17,UpTrend,Shock,2023-10-17 11:00:00+08:00,2023-10-17 11:05:00+08:00,18,6.0,12.0,2023-10-17 13:05:00+08:00,True,422,oracle,
oracle_center_v2,000688.SH,2023-10-18,Range,DownTrend,2023-10-18 13:50:00+08:00,2023-10-18 13:55:00+08:00,34,22.0,28.0,2023-10-18 14:25:00+08:00,True,423,oracle,
oracle_center_v2,000688.SH,2023-10-19,DownTrend,Shock,2023-10-19 13:15:00+08:00,2023-10-19 13:20:00+08:00,27,15.0,21.0,2023-10-19 13:50:00+08:00,True,424,oracle,
oracle_center_v2,000688.SH,2023-10-20,Shock,DownTrend,2023-10-20 11:10:00+08:00,2023-10-20 11:15:00+08:00,20,8.0,14.0,2023-10-20 13:15:00+08:00,True,425,oracle,
oracle_center_v2,000688.SH,2023-10-20,DownTrend,Shock,2023-10-20 13:55:00+08:00,2023-10-20 14:00:00+08:00,35,23.0,29.0,2023-10-20 14:30:00+08:00,True,426,oracle,
oracle_center_v2,000688.SH,2023-10-24,Shock,DownTrend,2023-10-24 10:55:00+08:00,2023-10-24 11:00:00+08:00,17,5.0,11.0,2023-10-24 11:30:00+08:00,True,427,oracle,
oracle_center_v2,000688.SH,2023-10-24,DownTrend,Shock,2023-10-24 13:35:00+08:00,2023-10-24 13:40:00+08:00,31,19.0,25.0,2023-10-24 14:10:00+08:00,True,428,oracle,
oracle_center_v2,000688.SH,2023-10-26,DownTrend,UpTrend,2023-10-26 13:20:00+08:00,2023-10-26 13:25:00+08:00,28,16.0,22.0,2023-10-26 13:55:00+08:00,True,429,oracle,
oracle_center_v2,000688.SH,2023-10-27,Range,UpTrend,2023-10-27 13:10:00+08:00,2023-10-27 13:15:00+08:00,26,14.0,20.0,2023-10-27 13:45:00+08:00,True,430,oracle,
oracle_center_v2,000688.SH,2023-10-30,UpTrend,Shock,2023-10-30 11:15:00+08:00,2023-10-30 11:20:00+08:00,21,9.0,15.0,2023-10-30 13:20:00+08:00,True,431,oracle,
oracle_center_v2,000688.SH,2023-10-30,Shock,UpTrend,2023-10-30 13:55:00+08:00,2023-10-30 14:00:00+08:00,35,23.0,29.0,2023-10-30 14:30:00+08:00,True,432,oracle,
oracle_center_v2,000688.SH,2023-11-01,UpTrend,Range,2023-11-01 13:35:00+08:00,2023-11-01 13:40:00+08:00,31,19.0,25.0,2023-11-01 14:10:00+08:00,True,433,oracle,
oracle_center_v2,000688.SH,2023-11-06,UpTrend,Range,2023-11-06 11:30:00+08:00,2023-11-06 13:05:00+08:00,24,12.0,18.0,2023-11-06 13:35:00+08:00,True,434,oracle,
oracle_center_v2,000688.SH,2023-11-08,UpTrend,DownTrend,2023-11-08 11:30:00+08:00,2023-11-08 13:05:00+08:00,24,12.0,18.0,2023-11-08 13:35:00+08:00,True,435,oracle,
oracle_center_v2,000688.SH,2023-11-10,UpTrend,DownTrend,2023-11-10 13:05:00+08:00,2023-11-10 13:10:00+08:00,25,13.0,19.0,2023-11-10 13:40:00+08:00,True,436,oracle,
oracle_center_v2,000688.SH,2023-11-15,Range,DownTrend,2023-11-15 11:30:00+08:00,2023-11-15 13:05:00+08:00,24,12.0,18.0,2023-11-15 13:35:00+08:00,True,437,oracle,
oracle_center_v2,000688.SH,2023-11-16,DownTrend,UpTrend,2023-11-16 13:35:00+08:00,2023-11-16 13:40:00+08:00,31,19.0,25.0,2023-11-16 14:10:00+08:00,True,438,oracle,
oracle_center_v2,000688.SH,2023-11-20,UpTrend,Shock,2023-11-20 10:50:00+08:00,2023-11-20 10:55:00+08:00,16,4.0,10.0,2023-11-20 11:25:00+08:00,True,439,oracle,
oracle_center_v2,000688.SH,2023-11-21,UpTrend,DownTrend,2023-11-21 13:35:00+08:00,2023-11-21 13:40:00+08:00,31,19.0,25.0,2023-11-21 14:10:00+08:00,True,440,oracle,
oracle_center_v2,000688.SH,2023-11-23,Range,Shock,2023-11-23 13:25:00+08:00,2023-11-23 13:30:00+08:00,29,17.0,23.0,2023-11-23 14:00:00+08:00,True,441,oracle,
oracle_center_v2,000688.SH,2023-11-28,Range,DownTrend,2023-11-28 13:10:00+08:00,2023-11-28 13:15:00+08:00,26,14.0,20.0,2023-11-28 13:45:00+08:00,True,442,oracle,
oracle_center_v2,000688.SH,2023-11-28,DownTrend,UpTrend,2023-11-28 13:55:00+08:00,2023-11-28 14:00:00+08:00,35,23.0,29.0,2023-11-28 14:30:00+08:00,True,443,oracle,
oracle_center_v2,000688.SH,2023-12-01,DownTrend,UpTrend,2023-12-01 13:10:00+08:00,2023-12-01 13:15:00+08:00,26,14.0,20.0,2023-12-01 13:45:00+08:00,False,,oracle,
oracle_center_v2,000688.SH,2023-12-01,UpTrend,Shock,2023-12-01 13:20:00+08:00,2023-12-01 13:25:00+08:00,28,16.0,22.0,2023-12-01 13:55:00+08:00,True,444,oracle,
oracle_center_v2,000688.SH,2023-12-08,UpTrend,Range,2023-12-08 13:25:00+08:00,2023-12-08 13:30:00+08:00,29,17.0,23.0,2023-12-08 14:00:00+08:00,True,445,oracle,
oracle_center_v2,000688.SH,2023-12-14,UpTrend,DownTrend,2023-12-14 13:05:00+08:00,2023-12-14 13:10:00+08:00,25,13.0,19.0,2023-12-14 13:40:00+08:00,True,446,oracle,
oracle_center_v2,000688.SH,2023-12-19,Shock,DownTrend,2023-12-19 11:10:00+08:00,2023-12-19 11:15:00+08:00,20,8.0,14.0,2023-12-19 13:15:00+08:00,True,447,oracle,
oracle_center_v2,000688.SH,2023-12-20,Range,DownTrend,2023-12-20 11:10:00+08:00,2023-12-20 11:15:00+08:00,20,8.0,14.0,2023-12-20 13:15:00+08:00,True,448,oracle,
oracle_center_v2,000688.SH,2023-12-20,DownTrend,Range,2023-12-20 13:25:00+08:00,2023-12-20 13:30:00+08:00,29,17.0,23.0,2023-12-20 14:00:00+08:00,True,449,oracle,
oracle_center_v2,000688.SH,2023-12-22,UpTrend,Shock,2023-12-22 11:05:00+08:00,2023-12-22 11:10:00+08:00,19,7.0,13.0,2023-12-22 13:10:00+08:00,True,450,oracle,
oracle_center_v2,000688.SH,2024-01-03,DownTrend,Range,2024-01-03 13:30:00+08:00,2024-01-03 13:35:00+08:00,30,18.0,24.0,2024-01-03 14:05:00+08:00,True,451,oracle,
oracle_center_v2,000688.SH,2024-01-08,DownTrend,Range,2024-01-08 13:05:00+08:00,2024-01-08 13:10:00+08:00,25,13.0,19.0,2024-01-08 13:40:00+08:00,True,452,oracle,
oracle_center_v2,000688.SH,2024-01-09,Shock,DownTrend,2024-01-09 11:05:00+08:00,2024-01-09 11:10:00+08:00,19,7.0,13.0,2024-01-09 13:10:00+08:00,True,453,oracle,
oracle_center_v2,000688.SH,2024-01-09,DownTrend,Shock,2024-01-09 13:40:00+08:00,2024-01-09 13:45:00+08:00,32,20.0,26.0,2024-01-09 14:15:00+08:00,True,454,oracle,
oracle_center_v2,000688.SH,2024-01-11,Shock,Range,2024-01-11 13:50:00+08:00,2024-01-11 13:55:00+08:00,34,22.0,28.0,2024-01-11 14:25:00+08:00,True,455,oracle,
oracle_center_v2,000688.SH,2024-01-12,DownTrend,Range,2024-01-12 13:35:00+08:00,2024-01-12 13:40:00+08:00,31,19.0,25.0,2024-01-12 14:10:00+08:00,True,456,oracle,
oracle_center_v2,000688.SH,2024-01-15,Shock,DownTrend,2024-01-15 11:20:00+08:00,2024-01-15 11:25:00+08:00,22,10.0,16.0,2024-01-15 13:25:00+08:00,True,457,oracle,
oracle_center_v2,000688.SH,2024-01-15,DownTrend,Range,2024-01-15 13:50:00+08:00,2024-01-15 13:55:00+08:00,34,22.0,28.0,2024-01-15 14:25:00+08:00,True,458,oracle,
oracle_center_v2,000688.SH,2024-01-16,DownTrend,Shock,2024-01-16 13:45:00+08:00,2024-01-16 13:50:00+08:00,33,21.0,27.0,2024-01-16 14:20:00+08:00,True,459,oracle,
oracle_center_v2,000688.SH,2024-01-22,Range,DownTrend,2024-01-22 11:30:00+08:00,2024-01-22 13:05:00+08:00,24,12.0,18.0,2024-01-22 13:35:00+08:00,True,460,oracle,
oracle_center_v2,000688.SH,2024-01-23,Shock,UpTrend,2024-01-23 11:20:00+08:00,2024-01-23 11:25:00+08:00,22,10.0,16.0,2024-01-23 13:25:00+08:00,True,461,oracle,
oracle_center_v2,000688.SH,2024-01-24,DownTrend,Shock,2024-01-24 11:30:00+08:00,2024-01-24 13:05:00+08:00,24,12.0,18.0,2024-01-24 13:35:00+08:00,True,462,oracle,
oracle_center_v2,000688.SH,2024-01-31,UpTrend,Shock,2024-01-31 10:55:00+08:00,2024-01-31 11:00:00+08:00,17,5.0,11.0,2024-01-31 11:30:00+08:00,True,463,oracle,
oracle_center_v2,000688.SH,2024-01-31,Shock,Range,2024-01-31 13:05:00+08:00,2024-01-31 13:10:00+08:00,25,13.0,19.0,2024-01-31 13:40:00+08:00,True,464,oracle,
oracle_center_v2,000688.SH,2024-01-31,Range,DownTrend,2024-01-31 13:50:00+08:00,2024-01-31 13:55:00+08:00,34,22.0,28.0,2024-01-31 14:25:00+08:00,True,465,oracle,
oracle_center_v2,000688.SH,2024-02-01,Shock,DownTrend,2024-02-01 11:05:00+08:00,2024-02-01 11:10:00+08:00,19,7.0,13.0,2024-02-01 13:10:00+08:00,True,466,oracle,
oracle_center_v2,000688.SH,2024-02-01,DownTrend,Range,2024-02-01 13:35:00+08:00,2024-02-01 13:40:00+08:00,31,19.0,25.0,2024-02-01 14:10:00+08:00,True,467,oracle,
oracle_center_v2,000688.SH,2024-02-02,DownTrend,Shock,2024-02-02 13:20:00+08:00,2024-02-02 13:25:00+08:00,28,16.0,22.0,2024-02-02 13:55:00+08:00,True,468,oracle,
oracle_center_v2,000688.SH,2024-02-06,Range,Shock,2024-02-06 11:10:00+08:00,2024-02-06 11:15:00+08:00,20,8.0,14.0,2024-02-06 13:15:00+08:00,True,469,oracle,
oracle_center_v2,000688.SH,2024-02-06,Shock,UpTrend,2024-02-06 13:15:00+08:00,2024-02-06 13:20:00+08:00,27,15.0,21.0,2024-02-06 13:50:00+08:00,True,470,oracle,
oracle_center_v2,000688.SH,2024-02-20,Range,UpTrend,2024-02-20 13:50:00+08:00,2024-02-20 13:55:00+08:00,34,22.0,28.0,2024-02-20 14:25:00+08:00,True,471,oracle,
oracle_center_v2,000688.SH,2024-02-27,UpTrend,Range,2024-02-27 13:35:00+08:00,2024-02-27 13:40:00+08:00,31,19.0,25.0,2024-02-27 14:10:00+08:00,True,472,oracle,
oracle_center_v2,000688.SH,2024-02-29,DownTrend,Range,2024-02-29 13:45:00+08:00,2024-02-29 13:50:00+08:00,33,21.0,27.0,2024-02-29 14:20:00+08:00,False,,oracle,
oracle_center_v2,000688.SH,2024-03-06,UpTrend,DownTrend,2024-03-06 13:35:00+08:00,2024-03-06 13:40:00+08:00,31,19.0,25.0,2024-03-06 14:10:00+08:00,True,473,oracle,
oracle_center_v2,000688.SH,2024-03-14,Range,DownTrend,2024-03-14 13:05:00+08:00,2024-03-14 13:10:00+08:00,25,13.0,19.0,2024-03-14 13:40:00+08:00,True,474,oracle,
oracle_center_v2,000688.SH,2024-03-15,Range,UpTrend,2024-03-15 13:20:00+08:00,2024-03-15 13:25:00+08:00,28,16.0,22.0,2024-03-15 13:55:00+08:00,True,475,oracle,
oracle_center_v2,000688.SH,2024-03-26,DownTrend,Shock,2024-03-26 13:50:00+08:00,2024-03-26 13:55:00+08:00,34,22.0,28.0,2024-03-26 14:25:00+08:00,True,476,oracle,
oracle_center_v2,000688.SH,2024-03-28,UpTrend,Range,2024-03-28 13:05:00+08:00,2024-03-28 13:10:00+08:00,25,13.0,19.0,2024-03-28 13:40:00+08:00,True,477,oracle,
oracle_center_v2,000688.SH,2024-03-29,Range,UpTrend,2024-03-29 13:40:00+08:00,2024-03-29 13:45:00+08:00,32,20.0,26.0,2024-03-29 14:15:00+08:00,True,478,oracle,
oracle_center_v2,000688.SH,2024-04-01,UpTrend,Range,2024-04-01 11:20:00+08:00,2024-04-01 11:25:00+08:00,22,10.0,16.0,2024-04-01 13:25:00+08:00,True,479,oracle,
oracle_center_v2,000688.SH,2024-04-09,UpTrend,Range,2024-04-09 13:35:00+08:00,2024-04-09 13:40:00+08:00,31,19.0,25.0,2024-04-09 14:10:00+08:00,True,480,oracle,
oracle_center_v2,000688.SH,2024-04-10,DownTrend,Range,2024-04-10 13:50:00+08:00,2024-04-10 13:55:00+08:00,34,22.0,28.0,2024-04-10 14:25:00+08:00,True,481,oracle,
oracle_center_v2,000688.SH,2024-04-11,DownTrend,UpTrend,2024-04-11 11:25:00+08:00,2024-04-11 11:30:00+08:00,23,11.0,17.0,2024-04-11 13:30:00+08:00,True,482,oracle,
oracle_center_v2,000688.SH,2024-04-11,UpTrend,DownTrend,2024-04-11 13:45:00+08:00,2024-04-11 13:50:00+08:00,33,21.0,27.0,2024-04-11 14:20:00+08:00,True,483,oracle,
oracle_center_v2,000688.SH,2024-04-15,Shock,Range,2024-04-15 10:50:00+08:00,2024-04-15 10:55:00+08:00,16,4.0,10.0,2024-04-15 11:25:00+08:00,True,484,oracle,
oracle_center_v2,000688.SH,2024-04-15,Range,DownTrend,2024-04-15 13:40:00+08:00,2024-04-15 13:45:00+08:00,32,20.0,26.0,2024-04-15 14:15:00+08:00,True,485,oracle,
oracle_center_v2,000688.SH,2024-04-17,DownTrend,UpTrend,2024-04-17 13:45:00+08:00,2024-04-17 13:50:00+08:00,33,21.0,27.0,2024-04-17 14:20:00+08:00,True,486,oracle,
oracle_center_v2,000688.SH,2024-04-18,Shock,Range,2024-04-18 11:25:00+08:00,2024-04-18 11:30:00+08:00,23,11.0,17.0,2024-04-18 13:30:00+08:00,True,487,oracle,
oracle_center_v2,000688.SH,2024-05-06,DownTrend,Range,2024-05-06 13:35:00+08:00,2024-05-06 13:40:00+08:00,31,19.0,25.0,2024-05-06 14:10:00+08:00,True,488,oracle,
oracle_center_v2,000688.SH,2024-05-08,DownTrend,Range,2024-05-08 13:15:00+08:00,2024-05-08 13:20:00+08:00,27,15.0,21.0,2024-05-08 13:50:00+08:00,True,489,oracle,
oracle_center_v2,000688.SH,2024-05-16,Range,DownTrend,2024-05-16 13:30:00+08:00,2024-05-16 13:35:00+08:00,30,18.0,24.0,2024-05-16 14:05:00+08:00,True,490,oracle,
oracle_center_v2,000688.SH,2024-05-22,DownTrend,UpTrend,2024-05-22 11:10:00+08:00,2024-05-22 11:15:00+08:00,20,8.0,14.0,2024-05-22 13:15:00+08:00,True,491,oracle,
oracle_center_v2,000688.SH,2024-05-23,UpTrend,DownTrend,2024-05-23 13:05:00+08:00,2024-05-23 13:10:00+08:00,25,13.0,19.0,2024-05-23 13:40:00+08:00,True,492,oracle,
oracle_center_v2,000688.SH,2024-05-24,Range,DownTrend,2024-05-24 11:20:00+08:00,2024-05-24 11:25:00+08:00,22,10.0,16.0,2024-05-24 13:25:00+08:00,True,493,oracle,
oracle_center_v2,000688.SH,2024-05-27,Range,Shock,2024-05-27 11:10:00+08:00,2024-05-27 11:15:00+08:00,20,8.0,14.0,2024-05-27 13:15:00+08:00,True,494,oracle,
oracle_center_v2,000688.SH,2024-05-30,Shock,Range,2024-05-30 11:30:00+08:00,2024-05-30 13:05:00+08:00,24,12.0,18.0,2024-05-30 13:35:00+08:00,True,495,oracle,
oracle_center_v2,000688.SH,2024-05-30,Range,Shock,2024-05-30 13:15:00+08:00,2024-05-30 13:20:00+08:00,27,15.0,21.0,2024-05-30 13:50:00+08:00,True,496,oracle,
oracle_center_v2,000688.SH,2024-05-30,Shock,Range,2024-05-30 13:25:00+08:00,2024-05-30 13:30:00+08:00,29,17.0,23.0,2024-05-30 14:00:00+08:00,True,497,oracle,
oracle_center_v2,000688.SH,2024-06-03,Shock,DownTrend,2024-06-03 11:25:00+08:00,2024-06-03 11:30:00+08:00,23,11.0,17.0,2024-06-03 13:30:00+08:00,True,498,oracle,
oracle_center_v2,000688.SH,2024-06-03,DownTrend,Range,2024-06-03 13:30:00+08:00,2024-06-03 13:35:00+08:00,30,18.0,24.0,2024-06-03 14:05:00+08:00,True,499,oracle,
oracle_center_v2,000688.SH,2024-06-06,Shock,DownTrend,2024-06-06 13:15:00+08:00,2024-06-06 13:20:00+08:00,27,15.0,21.0,2024-06-06 13:50:00+08:00,True,500,oracle,
oracle_center_v2,000688.SH,2024-06-07,DownTrend,UpTrend,2024-06-07 13:45:00+08:00,2024-06-07 13:50:00+08:00,33,21.0,27.0,2024-06-07 14:20:00+08:00,True,501,oracle,
oracle_center_v2,000688.SH,2024-06-12,DownTrend,Range,2024-06-12 11:25:00+08:00,2024-06-12 11:30:00+08:00,23,11.0,17.0,2024-06-12 13:30:00+08:00,True,502,oracle,
oracle_center_v2,000688.SH,2024-06-18,Range,DownTrend,2024-06-18 13:15:00+08:00,2024-06-18 13:20:00+08:00,27,15.0,21.0,2024-06-18 13:50:00+08:00,True,503,oracle,
oracle_center_v2,000688.SH,2024-06-19,Range,UpTrend,2024-06-19 13:25:00+08:00,2024-06-19 13:30:00+08:00,29,17.0,23.0,2024-06-19 14:00:00+08:00,True,504,oracle,
oracle_center_v2,000688.SH,2024-06-20,Shock,DownTrend,2024-06-20 13:45:00+08:00,2024-06-20 13:50:00+08:00,33,21.0,27.0,2024-06-20 14:20:00+08:00,True,505,oracle,
oracle_center_v2,000688.SH,2024-06-21,Range,Shock,2024-06-21 13:05:00+08:00,2024-06-21 13:10:00+08:00,25,13.0,19.0,2024-06-21 13:40:00+08:00,True,506,oracle,
oracle_center_v2,000688.SH,2024-06-24,DownTrend,Range,2024-06-24 11:10:00+08:00,2024-06-24 11:15:00+08:00,20,8.0,14.0,2024-06-24 13:15:00+08:00,True,507,oracle,
oracle_center_v2,000688.SH,2024-06-24,Range,DownTrend,2024-06-24 13:45:00+08:00,2024-06-24 13:50:00+08:00,33,21.0,27.0,2024-06-24 14:20:00+08:00,True,508,oracle,
oracle_center_v2,000688.SH,2024-06-25,DownTrend,Range,2024-06-25 11:10:00+08:00,2024-06-25 11:15:00+08:00,20,8.0,14.0,2024-06-25 13:15:00+08:00,True,509,oracle,
oracle_center_v2,000688.SH,2024-06-25,Range,Shock,2024-06-25 13:20:00+08:00,2024-06-25 13:25:00+08:00,28,16.0,22.0,2024-06-25 13:55:00+08:00,True,510,oracle,
oracle_center_v2,000688.SH,2024-06-25,Shock,DownTrend,2024-06-25 13:45:00+08:00,2024-06-25 13:50:00+08:00,33,21.0,27.0,2024-06-25 14:20:00+08:00,True,511,oracle,
oracle_center_v2,000688.SH,2024-06-26,DownTrend,Shock,2024-06-26 11:10:00+08:00,2024-06-26 11:15:00+08:00,20,8.0,14.0,2024-06-26 13:15:00+08:00,True,512,oracle,
oracle_center_v2,000688.SH,2024-06-26,Shock,UpTrend,2024-06-26 13:45:00+08:00,2024-06-26 13:50:00+08:00,33,21.0,27.0,2024-06-26 14:20:00+08:00,True,513,oracle,
oracle_center_v2,000688.SH,2024-07-01,Range,Shock,2024-07-01 11:20:00+08:00,2024-07-01 11:25:00+08:00,22,10.0,16.0,2024-07-01 13:25:00+08:00,True,514,oracle,
oracle_center_v2,000688.SH,2024-07-02,DownTrend,Range,2024-07-02 13:15:00+08:00,2024-07-02 13:20:00+08:00,27,15.0,21.0,2024-07-02 13:50:00+08:00,True,515,oracle,
oracle_center_v2,000688.SH,2024-07-03,UpTrend,Shock,2024-07-03 11:10:00+08:00,2024-07-03 11:15:00+08:00,20,8.0,14.0,2024-07-03 13:15:00+08:00,True,516,oracle,
oracle_center_v2,000688.SH,2024-07-03,Shock,DownTrend,2024-07-03 13:40:00+08:00,2024-07-03 13:45:00+08:00,32,20.0,26.0,2024-07-03 14:15:00+08:00,True,517,oracle,
oracle_center_v2,000688.SH,2024-07-08,Range,DownTrend,2024-07-08 11:15:00+08:00,2024-07-08 11:20:00+08:00,21,9.0,15.0,2024-07-08 13:20:00+08:00,True,518,oracle,
oracle_center_v2,000688.SH,2024-07-09,Shock,UpTrend,2024-07-09 13:30:00+08:00,2024-07-09 13:35:00+08:00,30,18.0,24.0,2024-07-09 14:05:00+08:00,True,519,oracle,
oracle_center_v2,000688.SH,2024-07-10,Range,DownTrend,2024-07-10 13:55:00+08:00,2024-07-10 14:00:00+08:00,35,23.0,29.0,2024-07-10 14:30:00+08:00,True,520,oracle,
oracle_center_v2,000688.SH,2024-07-12,Range,UpTrend,2024-07-12 13:15:00+08:00,2024-07-12 13:20:00+08:00,27,15.0,21.0,2024-07-12 13:50:00+08:00,True,521,oracle,
oracle_center_v2,000688.SH,2024-07-18,UpTrend,Shock,2024-07-18 11:05:00+08:00,2024-07-18 11:10:00+08:00,19,7.0,13.0,2024-07-18 13:10:00+08:00,True,522,oracle,
oracle_center_v2,000688.SH,2024-07-18,Shock,UpTrend,2024-07-18 11:25:00+08:00,2024-07-18 11:30:00+08:00,23,11.0,17.0,2024-07-18 13:30:00+08:00,True,523,oracle,
oracle_center_v2,000688.SH,2024-07-18,UpTrend,Shock,2024-07-18 13:05:00+08:00,2024-07-18 13:10:00+08:00,25,13.0,19.0,2024-07-18 13:40:00+08:00,True,524,oracle,
oracle_center_v2,000688.SH,2024-07-19,Shock,UpTrend,2024-07-19 13:45:00+08:00,2024-07-19 13:50:00+08:00,33,21.0,27.0,2024-07-19 14:20:00+08:00,True,525,oracle,
oracle_center_v2,000688.SH,2024-07-24,Shock,DownTrend,2024-07-24 13:05:00+08:00,2024-07-24 13:10:00+08:00,25,13.0,19.0,2024-07-24 13:40:00+08:00,True,526,oracle,
oracle_center_v2,000688.SH,2024-07-25,Shock,DownTrend,2024-07-25 13:20:00+08:00,2024-07-25 13:25:00+08:00,28,16.0,22.0,2024-07-25 13:55:00+08:00,True,527,oracle,
oracle_center_v2,000688.SH,2024-07-26,UpTrend,DownTrend,2024-07-26 13:55:00+08:00,2024-07-26 14:00:00+08:00,35,23.0,29.0,2024-07-26 14:30:00+08:00,True,528,oracle,
oracle_center_v2,000688.SH,2024-07-30,UpTrend,Range,2024-07-30 13:15:00+08:00,2024-07-30 13:20:00+08:00,27,15.0,21.0,2024-07-30 13:50:00+08:00,True,529,oracle,
oracle_center_v2,000688.SH,2024-07-31,Shock,UpTrend,2024-07-31 11:05:00+08:00,2024-07-31 11:10:00+08:00,19,7.0,13.0,2024-07-31 13:10:00+08:00,True,530,oracle,
oracle_center_v2,000688.SH,2024-08-02,DownTrend,Range,2024-08-02 11:00:00+08:00,2024-08-02 11:05:00+08:00,18,6.0,12.0,2024-08-02 13:05:00+08:00,True,531,oracle,
oracle_center_v2,000688.SH,2024-08-02,Range,DownTrend,2024-08-02 13:20:00+08:00,2024-08-02 13:25:00+08:00,28,16.0,22.0,2024-08-02 13:55:00+08:00,True,532,oracle,
oracle_center_v2,000688.SH,2024-08-05,UpTrend,DownTrend,2024-08-05 11:20:00+08:00,2024-08-05 11:25:00+08:00,22,10.0,16.0,2024-08-05 13:25:00+08:00,True,533,oracle,
oracle_center_v2,000688.SH,2024-08-05,DownTrend,Shock,2024-08-05 13:30:00+08:00,2024-08-05 13:35:00+08:00,30,18.0,24.0,2024-08-05 14:05:00+08:00,True,534,oracle,
oracle_center_v2,000688.SH,2024-08-06,UpTrend,DownTrend,2024-08-06 11:15:00+08:00,2024-08-06 11:20:00+08:00,21,9.0,15.0,2024-08-06 13:20:00+08:00,True,535,oracle,
oracle_center_v2,000688.SH,2024-08-07,Range,DownTrend,2024-08-07 13:40:00+08:00,2024-08-07 13:45:00+08:00,32,20.0,26.0,2024-08-07 14:15:00+08:00,True,536,oracle,
oracle_center_v2,000688.SH,2024-08-08,Shock,UpTrend,2024-08-08 11:15:00+08:00,2024-08-08 11:20:00+08:00,21,9.0,15.0,2024-08-08 13:20:00+08:00,True,537,oracle,
oracle_center_v2,000688.SH,2024-08-08,UpTrend,DownTrend,2024-08-08 13:30:00+08:00,2024-08-08 13:35:00+08:00,30,18.0,24.0,2024-08-08 14:05:00+08:00,True,538,oracle,
oracle_center_v2,000688.SH,2024-08-09,DownTrend,Range,2024-08-09 13:40:00+08:00,2024-08-09 13:45:00+08:00,32,20.0,26.0,2024-08-09 14:15:00+08:00,True,539,oracle,
oracle_center_v2,000688.SH,2024-08-15,Shock,DownTrend,2024-08-15 11:30:00+08:00,2024-08-15 13:05:00+08:00,24,12.0,18.0,2024-08-15 13:35:00+08:00,True,540,oracle,
oracle_center_v2,000688.SH,2024-08-20,Range,DownTrend,2024-08-20 11:25:00+08:00,2024-08-20 11:30:00+08:00,23,11.0,17.0,2024-08-20 13:30:00+08:00,True,541,oracle,
oracle_center_v2,000688.SH,2024-08-21,UpTrend,DownTrend,2024-08-21 11:20:00+08:00,2024-08-21 11:25:00+08:00,22,10.0,16.0,2024-08-21 13:25:00+08:00,True,542,oracle,
oracle_center_v2,000688.SH,2024-08-23,UpTrend,Shock,2024-08-23 13:30:00+08:00,2024-08-23 13:35:00+08:00,30,18.0,24.0,2024-08-23 14:05:00+08:00,True,543,oracle,
oracle_center_v2,000688.SH,2024-08-26,Range,DownTrend,2024-08-26 13:20:00+08:00,2024-08-26 13:25:00+08:00,28,16.0,22.0,2024-08-26 13:55:00+08:00,True,544,oracle,
oracle_center_v2,000688.SH,2024-08-27,Shock,DownTrend,2024-08-27 13:20:00+08:00,2024-08-27 13:25:00+08:00,28,16.0,22.0,2024-08-27 13:55:00+08:00,True,545,oracle,
oracle_center_v2,000688.SH,2024-08-29,Shock,UpTrend,2024-08-29 13:05:00+08:00,2024-08-29 13:10:00+08:00,25,13.0,19.0,2024-08-29 13:40:00+08:00,True,546,oracle,
oracle_center_v2,000688.SH,2024-08-30,UpTrend,Range,2024-08-30 11:25:00+08:00,2024-08-30 11:30:00+08:00,23,11.0,17.0,2024-08-30 13:30:00+08:00,True,547,oracle,
oracle_center_v2,000688.SH,2024-09-03,Shock,Range,2024-09-03 13:05:00+08:00,2024-09-03 13:10:00+08:00,25,13.0,19.0,2024-09-03 13:40:00+08:00,True,548,oracle,
oracle_center_v2,000688.SH,2024-09-04,Shock,DownTrend,2024-09-04 11:30:00+08:00,2024-09-04 13:05:00+08:00,24,12.0,18.0,2024-09-04 13:35:00+08:00,True,549,oracle,
oracle_center_v2,000688.SH,2024-09-05,Shock,DownTrend,2024-09-05 11:05:00+08:00,2024-09-05 11:10:00+08:00,19,7.0,13.0,2024-09-05 13:10:00+08:00,True,550,oracle,
oracle_center_v2,000688.SH,2024-09-18,DownTrend,UpTrend,2024-09-18 13:20:00+08:00,2024-09-18 13:25:00+08:00,28,16.0,22.0,2024-09-18 13:55:00+08:00,True,551,oracle,
oracle_center_v2,000688.SH,2024-09-19,Shock,Range,2024-09-19 13:15:00+08:00,2024-09-19 13:20:00+08:00,27,15.0,21.0,2024-09-19 13:50:00+08:00,True,552,oracle,
oracle_center_v2,000688.SH,2024-09-20,Range,DownTrend,2024-09-20 13:05:00+08:00,2024-09-20 13:10:00+08:00,25,13.0,19.0,2024-09-20 13:40:00+08:00,True,553,oracle,
oracle_center_v2,000688.SH,2024-09-25,Shock,DownTrend,2024-09-25 10:50:00+08:00,2024-09-25 10:55:00+08:00,16,4.0,10.0,2024-09-25 11:25:00+08:00,True,554,oracle,
oracle_center_v2,000688.SH,2024-09-26,Shock,UpTrend,2024-09-26 13:55:00+08:00,2024-09-26 14:00:00+08:00,35,23.0,29.0,2024-09-26 14:30:00+08:00,True,555,oracle,
oracle_center_v2,000688.SH,2024-09-27,Shock,DownTrend,2024-09-27 13:45:00+08:00,2024-09-27 13:50:00+08:00,33,21.0,27.0,2024-09-27 14:20:00+08:00,True,556,oracle,
oracle_center_v2,000688.SH,2024-09-30,Shock,UpTrend,2024-09-30 13:35:00+08:00,2024-09-30 13:40:00+08:00,31,19.0,25.0,2024-09-30 14:10:00+08:00,True,557,oracle,
oracle_center_v2,000688.SH,2024-09-30,UpTrend,Shock,2024-09-30 13:55:00+08:00,2024-09-30 14:00:00+08:00,35,23.0,29.0,2024-09-30 14:30:00+08:00,True,558,oracle,
oracle_center_v2,000688.SH,2024-10-08,Shock,DownTrend,2024-10-08 13:20:00+08:00,2024-10-08 13:25:00+08:00,28,16.0,22.0,2024-10-08 13:55:00+08:00,True,559,oracle,
oracle_center_v2,000688.SH,2024-10-08,DownTrend,Range,2024-10-08 13:45:00+08:00,2024-10-08 13:50:00+08:00,33,21.0,27.0,2024-10-08 14:20:00+08:00,True,560,oracle,
oracle_center_v2,000688.SH,2024-10-10,UpTrend,Shock,2024-10-10 11:10:00+08:00,2024-10-10 11:15:00+08:00,20,8.0,14.0,2024-10-10 13:15:00+08:00,True,561,oracle,
oracle_center_v2,000688.SH,2024-10-11,UpTrend,DownTrend,2024-10-11 11:30:00+08:00,2024-10-11 13:05:00+08:00,24,12.0,18.0,2024-10-11 13:35:00+08:00,True,562,oracle,
oracle_center_v2,000688.SH,2024-10-14,UpTrend,Range,2024-10-14 13:45:00+08:00,2024-10-14 13:50:00+08:00,33,21.0,27.0,2024-10-14 14:20:00+08:00,True,563,oracle,
oracle_center_v2,000688.SH,2024-10-17,Range,DownTrend,2024-10-17 13:45:00+08:00,2024-10-17 13:50:00+08:00,33,21.0,27.0,2024-10-17 14:20:00+08:00,True,564,oracle,
oracle_center_v2,000688.SH,2024-10-18,Shock,UpTrend,2024-10-18 13:55:00+08:00,2024-10-18 14:00:00+08:00,35,23.0,29.0,2024-10-18 14:30:00+08:00,True,565,oracle,
oracle_center_v2,000688.SH,2024-10-23,UpTrend,DownTrend,2024-10-23 13:40:00+08:00,2024-10-23 13:45:00+08:00,32,20.0,26.0,2024-10-23 14:15:00+08:00,True,566,oracle,
oracle_center_v2,000688.SH,2024-10-30,DownTrend,Range,2024-10-30 13:25:00+08:00,2024-10-30 13:30:00+08:00,29,17.0,23.0,2024-10-30 14:00:00+08:00,True,567,oracle,
oracle_center_v2,000688.SH,2024-11-06,DownTrend,UpTrend,2024-11-06 13:15:00+08:00,2024-11-06 13:20:00+08:00,27,15.0,21.0,2024-11-06 13:50:00+08:00,True,568,oracle,
oracle_center_v2,000688.SH,2024-11-08,Shock,Range,2024-11-08 13:45:00+08:00,2024-11-08 13:50:00+08:00,33,21.0,27.0,2024-11-08 14:20:00+08:00,True,569,oracle,
oracle_center_v2,000688.SH,2024-11-11,Shock,UpTrend,2024-11-11 11:20:00+08:00,2024-11-11 11:25:00+08:00,22,10.0,16.0,2024-11-11 13:25:00+08:00,True,570,oracle,
oracle_center_v2,000688.SH,2024-11-11,UpTrend,Range,2024-11-11 13:40:00+08:00,2024-11-11 13:45:00+08:00,32,20.0,26.0,2024-11-11 14:15:00+08:00,True,571,oracle,
oracle_center_v2,000688.SH,2024-11-18,Range,DownTrend,2024-11-18 13:25:00+08:00,2024-11-18 13:30:00+08:00,29,17.0,23.0,2024-11-18 14:00:00+08:00,True,572,oracle,
oracle_center_v2,000688.SH,2024-11-27,Shock,UpTrend,2024-11-27 11:05:00+08:00,2024-11-27 11:10:00+08:00,19,7.0,13.0,2024-11-27 13:10:00+08:00,True,573,oracle,
oracle_center_v2,000688.SH,2024-11-27,UpTrend,Range,2024-11-27 13:05:00+08:00,2024-11-27 13:10:00+08:00,25,13.0,19.0,2024-11-27 13:40:00+08:00,True,574,oracle,
oracle_center_v2,000688.SH,2024-11-29,UpTrend,Shock,2024-11-29 11:00:00+08:00,2024-11-29 11:05:00+08:00,18,6.0,12.0,2024-11-29 13:05:00+08:00,True,575,oracle,
oracle_center_v2,000688.SH,2024-11-29,Shock,Range,2024-11-29 13:30:00+08:00,2024-11-29 13:35:00+08:00,30,18.0,24.0,2024-11-29 14:05:00+08:00,True,576,oracle,
oracle_center_v2,000688.SH,2024-11-29,Range,Shock,2024-11-29 13:45:00+08:00,2024-11-29 13:50:00+08:00,33,21.0,27.0,2024-11-29 14:20:00+08:00,True,577,oracle,
oracle_center_v2,000688.SH,2024-12-06,Shock,Range,2024-12-06 11:15:00+08:00,2024-12-06 11:20:00+08:00,21,9.0,15.0,2024-12-06 13:20:00+08:00,True,578,oracle,
oracle_center_v2,000688.SH,2024-12-12,UpTrend,Range,2024-12-12 13:20:00+08:00,2024-12-12 13:25:00+08:00,28,16.0,22.0,2024-12-12 13:55:00+08:00,True,579,oracle,
oracle_center_v2,000688.SH,2024-12-13,DownTrend,Range,2024-12-13 13:50:00+08:00,2024-12-13 13:55:00+08:00,34,22.0,28.0,2024-12-13 14:25:00+08:00,True,580,oracle,
oracle_center_v2,000688.SH,2024-12-19,Range,UpTrend,2024-12-19 11:10:00+08:00,2024-12-19 11:15:00+08:00,20,8.0,14.0,2024-12-19 13:15:00+08:00,False,,oracle,
oracle_center_v2,000688.SH,2024-12-19,UpTrend,Shock,2024-12-19 11:20:00+08:00,2024-12-19 11:25:00+08:00,22,10.0,16.0,2024-12-19 13:25:00+08:00,True,581,oracle,
oracle_center_v2,000688.SH,2024-12-20,Shock,DownTrend,2024-12-20 13:35:00+08:00,2024-12-20 13:40:00+08:00,31,19.0,25.0,2024-12-20 14:10:00+08:00,True,582,oracle,
oracle_center_v2,000688.SH,2024-12-24,Shock,UpTrend,2024-12-24 11:25:00+08:00,2024-12-24 11:30:00+08:00,23,11.0,17.0,2024-12-24 13:30:00+08:00,True,583,oracle,
oracle_center_v2,000688.SH,2024-12-24,UpTrend,Range,2024-12-24 13:45:00+08:00,2024-12-24 13:50:00+08:00,33,21.0,27.0,2024-12-24 14:20:00+08:00,True,584,oracle,
oracle_center_v2,000688.SH,2025-01-02,DownTrend,Shock,2025-01-02 13:40:00+08:00,2025-01-02 13:45:00+08:00,32,20.0,26.0,2025-01-02 14:15:00+08:00,True,585,oracle,
oracle_center_v2,000688.SH,2025-01-07,Range,UpTrend,2025-01-07 13:45:00+08:00,2025-01-07 13:50:00+08:00,33,21.0,27.0,2025-01-07 14:20:00+08:00,True,586,oracle,
oracle_center_v2,000688.SH,2025-01-08,DownTrend,Shock,2025-01-08 13:15:00+08:00,2025-01-08 13:20:00+08:00,27,15.0,21.0,2025-01-08 13:50:00+08:00,True,587,oracle,
oracle_center_v2,000688.SH,2025-01-10,Shock,DownTrend,2025-01-10 11:15:00+08:00,2025-01-10 11:20:00+08:00,21,9.0,15.0,2025-01-10 13:20:00+08:00,True,588,oracle,
oracle_center_v2,000688.SH,2025-01-14,UpTrend,Shock,2025-01-14 10:50:00+08:00,2025-01-14 10:55:00+08:00,16,4.0,10.0,2025-01-14 11:25:00+08:00,True,589,oracle,
oracle_center_v2,000688.SH,2025-01-14,Shock,UpTrend,2025-01-14 13:30:00+08:00,2025-01-14 13:35:00+08:00,30,18.0,24.0,2025-01-14 14:05:00+08:00,True,590,oracle,
oracle_center_v2,000688.SH,2025-01-16,Shock,DownTrend,2025-01-16 10:55:00+08:00,2025-01-16 11:00:00+08:00,17,5.0,11.0,2025-01-16 11:30:00+08:00,True,591,oracle,
oracle_center_v2,000688.SH,2025-01-16,DownTrend,UpTrend,2025-01-16 13:40:00+08:00,2025-01-16 13:45:00+08:00,32,20.0,26.0,2025-01-16 14:15:00+08:00,True,592,oracle,
oracle_center_v2,000688.SH,2025-01-24,Range,DownTrend,2025-01-24 13:20:00+08:00,2025-01-24 13:25:00+08:00,28,16.0,22.0,2025-01-24 13:55:00+08:00,True,593,oracle,
oracle_center_v2,000688.SH,2025-02-07,Shock,Range,2025-02-07 11:30:00+08:00,2025-02-07 13:05:00+08:00,24,12.0,18.0,2025-02-07 13:35:00+08:00,True,594,oracle,
oracle_center_v2,000688.SH,2025-02-07,Range,DownTrend,2025-02-07 13:30:00+08:00,2025-02-07 13:35:00+08:00,30,18.0,24.0,2025-02-07 14:05:00+08:00,True,595,oracle,
oracle_center_v2,000688.SH,2025-02-10,Range,UpTrend,2025-02-10 11:20:00+08:00,2025-02-10 11:25:00+08:00,22,10.0,16.0,2025-02-10 13:25:00+08:00,True,596,oracle,
oracle_center_v2,000688.SH,2025-02-11,Range,UpTrend,2025-02-11 11:15:00+08:00,2025-02-11 11:20:00+08:00,21,9.0,15.0,2025-02-11 13:20:00+08:00,True,597,oracle,
oracle_center_v2,000688.SH,2025-02-13,DownTrend,Range,2025-02-13 11:10:00+08:00,2025-02-13 11:15:00+08:00,20,8.0,14.0,2025-02-13 13:15:00+08:00,True,598,oracle,
oracle_center_v2,000688.SH,2025-02-13,Range,UpTrend,2025-02-13 13:05:00+08:00,2025-02-13 13:10:00+08:00,25,13.0,19.0,2025-02-13 13:40:00+08:00,True,599,oracle,
oracle_center_v2,000688.SH,2025-02-14,UpTrend,Shock,2025-02-14 13:10:00+08:00,2025-02-14 13:15:00+08:00,26,14.0,20.0,2025-02-14 13:45:00+08:00,True,600,oracle,
oracle_center_v2,000688.SH,2025-02-14,Shock,Range,2025-02-14 13:45:00+08:00,2025-02-14 13:50:00+08:00,33,21.0,27.0,2025-02-14 14:20:00+08:00,True,601,oracle,
oracle_center_v2,000688.SH,2025-02-17,UpTrend,Range,2025-02-17 11:25:00+08:00,2025-02-17 11:30:00+08:00,23,11.0,17.0,2025-02-17 13:30:00+08:00,True,602,oracle,
oracle_center_v2,000688.SH,2025-02-18,Range,DownTrend,2025-02-18 13:30:00+08:00,2025-02-18 13:35:00+08:00,30,18.0,24.0,2025-02-18 14:05:00+08:00,True,603,oracle,
oracle_center_v2,000688.SH,2025-02-24,Range,DownTrend,2025-02-24 13:10:00+08:00,2025-02-24 13:15:00+08:00,26,14.0,20.0,2025-02-24 13:45:00+08:00,True,604,oracle,
oracle_center_v2,000688.SH,2025-02-26,UpTrend,Range,2025-02-26 13:40:00+08:00,2025-02-26 13:45:00+08:00,32,20.0,26.0,2025-02-26 14:15:00+08:00,True,605,oracle,
oracle_center_v2,000688.SH,2025-02-28,DownTrend,Range,2025-02-28 13:55:00+08:00,2025-02-28 14:00:00+08:00,35,23.0,29.0,2025-02-28 14:30:00+08:00,True,606,oracle,
oracle_center_v2,000688.SH,2025-03-04,Range,Shock,2025-03-04 11:05:00+08:00,2025-03-04 11:10:00+08:00,19,7.0,13.0,2025-03-04 13:10:00+08:00,True,607,oracle,
oracle_center_v2,000688.SH,2025-03-04,Shock,Range,2025-03-04 13:45:00+08:00,2025-03-04 13:50:00+08:00,33,21.0,27.0,2025-03-04 14:20:00+08:00,True,608,oracle,
oracle_center_v2,000688.SH,2025-03-05,Range,UpTrend,2025-03-05 13:45:00+08:00,2025-03-05 13:50:00+08:00,33,21.0,27.0,2025-03-05 14:20:00+08:00,True,609,oracle,
oracle_center_v2,000688.SH,2025-03-07,UpTrend,Range,2025-03-07 10:50:00+08:00,2025-03-07 10:55:00+08:00,16,4.0,10.0,2025-03-07 11:25:00+08:00,True,610,oracle,
oracle_center_v2,000688.SH,2025-03-10,DownTrend,Range,2025-03-10 11:25:00+08:00,2025-03-10 11:30:00+08:00,23,11.0,17.0,2025-03-10 13:30:00+08:00,True,611,oracle,
oracle_center_v2,000688.SH,2025-03-10,Range,UpTrend,2025-03-10 13:15:00+08:00,2025-03-10 13:20:00+08:00,27,15.0,21.0,2025-03-10 13:50:00+08:00,True,612,oracle,
oracle_center_v2,000688.SH,2025-03-11,DownTrend,Range,2025-03-11 11:30:00+08:00,2025-03-11 13:05:00+08:00,24,12.0,18.0,2025-03-11 13:35:00+08:00,True,613,oracle,
oracle_center_v2,000688.SH,2025-03-20,Range,DownTrend,2025-03-20 13:45:00+08:00,2025-03-20 13:50:00+08:00,33,21.0,27.0,2025-03-20 14:20:00+08:00,True,614,oracle,
oracle_center_v2,000688.SH,2025-03-21,DownTrend,Range,2025-03-21 13:50:00+08:00,2025-03-21 13:55:00+08:00,34,22.0,28.0,2025-03-21 14:25:00+08:00,True,615,oracle,
oracle_center_v2,000688.SH,2025-03-24,Range,DownTrend,2025-03-24 11:25:00+08:00,2025-03-24 11:30:00+08:00,23,11.0,17.0,2025-03-24 13:30:00+08:00,True,616,oracle,
oracle_center_v2,000688.SH,2025-03-25,Range,Shock,2025-03-25 11:10:00+08:00,2025-03-25 11:15:00+08:00,20,8.0,14.0,2025-03-25 13:15:00+08:00,True,617,oracle,
oracle_center_v2,000688.SH,2025-03-25,Shock,DownTrend,2025-03-25 13:45:00+08:00,2025-03-25 13:50:00+08:00,33,21.0,27.0,2025-03-25 14:20:00+08:00,True,618,oracle,
oracle_center_v2,000688.SH,2025-03-27,Shock,Range,2025-03-27 13:20:00+08:00,2025-03-27 13:25:00+08:00,28,16.0,22.0,2025-03-27 13:55:00+08:00,True,619,oracle,
oracle_center_v2,000688.SH,2025-03-31,DownTrend,Range,2025-03-31 13:10:00+08:00,2025-03-31 13:15:00+08:00,26,14.0,20.0,2025-03-31 13:45:00+08:00,True,620,oracle,
oracle_center_v2,000688.SH,2025-04-09,Shock,Range,2025-04-09 11:20:00+08:00,2025-04-09 11:25:00+08:00,22,10.0,16.0,2025-04-09 13:25:00+08:00,True,621,oracle,
oracle_center_v2,000688.SH,2025-04-09,Range,UpTrend,2025-04-09 13:45:00+08:00,2025-04-09 13:50:00+08:00,33,21.0,27.0,2025-04-09 14:20:00+08:00,True,622,oracle,
oracle_center_v2,000688.SH,2025-04-11,UpTrend,Shock,2025-04-11 11:05:00+08:00,2025-04-11 11:10:00+08:00,19,7.0,13.0,2025-04-11 13:10:00+08:00,True,623,oracle,
oracle_center_v2,000688.SH,2025-04-23,UpTrend,Range,2025-04-23 13:30:00+08:00,2025-04-23 13:35:00+08:00,30,18.0,24.0,2025-04-23 14:05:00+08:00,True,624,oracle,
oracle_center_v2,000688.SH,2025-04-24,DownTrend,UpTrend,2025-04-24 13:10:00+08:00,2025-04-24 13:15:00+08:00,26,14.0,20.0,2025-04-24 13:45:00+08:00,True,625,oracle,
oracle_center_v2,000688.SH,2025-04-29,DownTrend,Range,2025-04-29 13:10:00+08:00,2025-04-29 13:15:00+08:00,26,14.0,20.0,2025-04-29 13:45:00+08:00,True,626,oracle,
oracle_center_v2,000688.SH,2025-05-06,UpTrend,Range,2025-05-06 13:15:00+08:00,2025-05-06 13:20:00+08:00,27,15.0,21.0,2025-05-06 13:50:00+08:00,True,627,oracle,
oracle_center_v2,000688.SH,2025-05-08,DownTrend,Range,2025-05-08 13:40:00+08:00,2025-05-08 13:45:00+08:00,32,20.0,26.0,2025-05-08 14:15:00+08:00,True,628,oracle,
oracle_center_v2,000688.SH,2025-05-09,DownTrend,UpTrend,2025-05-09 11:30:00+08:00,2025-05-09 13:05:00+08:00,24,12.0,18.0,2025-05-09 13:35:00+08:00,True,629,oracle,
oracle_center_v2,000688.SH,2025-05-12,DownTrend,Range,2025-05-12 13:50:00+08:00,2025-05-12 13:55:00+08:00,34,22.0,28.0,2025-05-12 14:25:00+08:00,True,630,oracle,
oracle_center_v2,000688.SH,2025-05-14,Range,Shock,2025-05-14 13:10:00+08:00,2025-05-14 13:15:00+08:00,26,14.0,20.0,2025-05-14 13:45:00+08:00,True,631,oracle,
oracle_center_v2,000688.SH,2025-05-16,Range,DownTrend,2025-05-16 13:40:00+08:00,2025-05-16 13:45:00+08:00,32,20.0,26.0,2025-05-16 14:15:00+08:00,True,632,oracle,
oracle_center_v2,000688.SH,2025-05-22,DownTrend,Range,2025-05-22 11:25:00+08:00,2025-05-22 11:30:00+08:00,23,11.0,17.0,2025-05-22 13:30:00+08:00,True,633,oracle,
oracle_center_v2,000688.SH,2025-05-23,UpTrend,DownTrend,2025-05-23 13:10:00+08:00,2025-05-23 13:15:00+08:00,26,14.0,20.0,2025-05-23 13:45:00+08:00,True,634,oracle,
oracle_center_v2,000688.SH,2025-05-27,DownTrend,Range,2025-05-27 11:10:00+08:00,2025-05-27 11:15:00+08:00,20,8.0,14.0,2025-05-27 13:15:00+08:00,True,635,oracle,
oracle_center_v2,000688.SH,2025-06-04,Range,DownTrend,2025-06-04 13:20:00+08:00,2025-06-04 13:25:00+08:00,28,16.0,22.0,2025-06-04 13:55:00+08:00,True,636,oracle,
oracle_center_v2,000688.SH,2025-06-09,DownTrend,Range,2025-06-09 13:45:00+08:00,2025-06-09 13:50:00+08:00,33,21.0,27.0,2025-06-09 14:20:00+08:00,True,637,oracle,
oracle_center_v2,000688.SH,2025-06-10,Range,Shock,2025-06-10 11:20:00+08:00,2025-06-10 11:25:00+08:00,22,10.0,16.0,2025-06-10 13:25:00+08:00,True,638,oracle,
oracle_center_v2,000688.SH,2025-06-16,DownTrend,Range,2025-06-16 13:15:00+08:00,2025-06-16 13:20:00+08:00,27,15.0,21.0,2025-06-16 13:50:00+08:00,True,639,oracle,
oracle_center_v2,000688.SH,2025-06-18,UpTrend,Shock,2025-06-18 11:30:00+08:00,2025-06-18 13:05:00+08:00,24,12.0,18.0,2025-06-18 13:35:00+08:00,True,640,oracle,
oracle_center_v2,000688.SH,2025-06-19,DownTrend,Range,2025-06-19 13:20:00+08:00,2025-06-19 13:25:00+08:00,28,16.0,22.0,2025-06-19 13:55:00+08:00,True,641,oracle,
oracle_center_v2,000688.SH,2025-06-20,DownTrend,Range,2025-06-20 13:10:00+08:00,2025-06-20 13:15:00+08:00,26,14.0,20.0,2025-06-20 13:45:00+08:00,True,642,oracle,
oracle_center_v2,000688.SH,2025-06-23,Shock,UpTrend,2025-06-23 13:55:00+08:00,2025-06-23 14:00:00+08:00,35,23.0,29.0,2025-06-23 14:30:00+08:00,True,643,oracle,
oracle_center_v2,000688.SH,2025-06-25,Shock,UpTrend,2025-06-25 11:15:00+08:00,2025-06-25 11:20:00+08:00,21,9.0,15.0,2025-06-25 13:20:00+08:00,True,644,oracle,
oracle_center_v2,000688.SH,2025-06-27,Range,DownTrend,2025-06-27 13:30:00+08:00,2025-06-27 13:35:00+08:00,30,18.0,24.0,2025-06-27 14:05:00+08:00,True,645,oracle,
oracle_center_v2,000688.SH,2025-07-04,UpTrend,Shock,2025-07-04 11:15:00+08:00,2025-07-04 11:20:00+08:00,21,9.0,15.0,2025-07-04 13:20:00+08:00,True,646,oracle,
oracle_center_v2,000688.SH,2025-07-04,Shock,DownTrend,2025-07-04 13:55:00+08:00,2025-07-04 14:00:00+08:00,35,23.0,29.0,2025-07-04 14:30:00+08:00,True,647,oracle,
oracle_center_v2,000688.SH,2025-07-09,Range,DownTrend,2025-07-09 13:35:00+08:00,2025-07-09 13:40:00+08:00,31,19.0,25.0,2025-07-09 14:10:00+08:00,True,648,oracle,
oracle_center_v2,000688.SH,2025-07-11,Range,Shock,2025-07-11 11:00:00+08:00,2025-07-11 11:05:00+08:00,18,6.0,12.0,2025-07-11 13:05:00+08:00,True,649,oracle,
oracle_center_v2,000688.SH,2025-07-15,Shock,DownTrend,2025-07-15 10:55:00+08:00,2025-07-15 11:00:00+08:00,17,5.0,11.0,2025-07-15 11:30:00+08:00,True,650,oracle,
oracle_center_v2,000688.SH,2025-07-15,DownTrend,Range,2025-07-15 13:05:00+08:00,2025-07-15 13:10:00+08:00,25,13.0,19.0,2025-07-15 13:40:00+08:00,True,651,oracle,
oracle_center_v2,000688.SH,2025-07-15,Range,UpTrend,2025-07-15 13:55:00+08:00,2025-07-15 14:00:00+08:00,35,23.0,29.0,2025-07-15 14:30:00+08:00,True,652,oracle,
oracle_center_v2,000688.SH,2025-07-22,UpTrend,Range,2025-07-22 13:15:00+08:00,2025-07-22 13:20:00+08:00,27,15.0,21.0,2025-07-22 13:50:00+08:00,True,653,oracle,
oracle_center_v2,000688.SH,2025-07-22,Range,DownTrend,2025-07-22 13:55:00+08:00,2025-07-22 14:00:00+08:00,35,23.0,29.0,2025-07-22 14:30:00+08:00,True,654,oracle,
oracle_center_v2,000688.SH,2025-07-23,Range,UpTrend,2025-07-23 11:00:00+08:00,2025-07-23 11:05:00+08:00,18,6.0,12.0,2025-07-23 13:05:00+08:00,True,655,oracle,
oracle_center_v2,000688.SH,2025-07-23,UpTrend,Shock,2025-07-23 11:30:00+08:00,2025-07-23 13:05:00+08:00,24,12.0,18.0,2025-07-23 13:35:00+08:00,True,656,oracle,
oracle_center_v2,000688.SH,2025-07-24,UpTrend,Range,2025-07-24 11:25:00+08:00,2025-07-24 11:30:00+08:00,23,11.0,17.0,2025-07-24 13:30:00+08:00,True,657,oracle,
oracle_center_v2,000688.SH,2025-07-24,Range,Shock,2025-07-24 13:35:00+08:00,2025-07-24 13:40:00+08:00,31,19.0,25.0,2025-07-24 14:10:00+08:00,True,658,oracle,
oracle_center_v2,000688.SH,2025-07-24,Shock,Range,2025-07-24 13:45:00+08:00,2025-07-24 13:50:00+08:00,33,21.0,27.0,2025-07-24 14:20:00+08:00,True,659,oracle,
oracle_center_v2,000688.SH,2025-07-25,UpTrend,Shock,2025-07-25 13:40:00+08:00,2025-07-25 13:45:00+08:00,32,20.0,26.0,2025-07-25 14:15:00+08:00,True,660,oracle,
oracle_center_v2,000688.SH,2025-07-28,UpTrend,Shock,2025-07-28 11:00:00+08:00,2025-07-28 11:05:00+08:00,18,6.0,12.0,2025-07-28 13:05:00+08:00,True,661,oracle,
oracle_center_v2,000688.SH,2025-07-30,DownTrend,Shock,2025-07-30 13:25:00+08:00,2025-07-30 13:30:00+08:00,29,17.0,23.0,2025-07-30 14:00:00+08:00,True,662,oracle,
oracle_center_v2,000688.SH,2025-07-31,Range,Shock,2025-07-31 11:10:00+08:00,2025-07-31 11:15:00+08:00,20,8.0,14.0,2025-07-31 13:15:00+08:00,True,663,oracle,
oracle_center_v2,000688.SH,2025-08-01,DownTrend,Shock,2025-08-01 13:40:00+08:00,2025-08-01 13:45:00+08:00,32,20.0,26.0,2025-08-01 14:15:00+08:00,True,664,oracle,
oracle_center_v2,000688.SH,2025-08-15,UpTrend,Range,2025-08-15 13:55:00+08:00,2025-08-15 14:00:00+08:00,35,23.0,29.0,2025-08-15 14:30:00+08:00,True,665,oracle,
oracle_center_v2,000688.SH,2025-08-21,Shock,DownTrend,2025-08-21 13:45:00+08:00,2025-08-21 13:50:00+08:00,33,21.0,27.0,2025-08-21 14:20:00+08:00,True,666,oracle,
oracle_center_v2,000688.SH,2025-08-22,Range,Shock,2025-08-22 11:05:00+08:00,2025-08-22 11:10:00+08:00,19,7.0,13.0,2025-08-22 13:10:00+08:00,True,667,oracle,
oracle_center_v2,000688.SH,2025-08-22,Shock,UpTrend,2025-08-22 13:55:00+08:00,2025-08-22 14:00:00+08:00,35,23.0,29.0,2025-08-22 14:30:00+08:00,True,668,oracle,
oracle_center_v2,000688.SH,2025-09-03,DownTrend,Range,2025-09-03 13:25:00+08:00,2025-09-03 13:30:00+08:00,29,17.0,23.0,2025-09-03 14:00:00+08:00,True,669,oracle,
oracle_center_v2,000688.SH,2025-09-04,Range,DownTrend,2025-09-04 13:40:00+08:00,2025-09-04 13:45:00+08:00,32,20.0,26.0,2025-09-04 14:15:00+08:00,True,670,oracle,
oracle_center_v2,000688.SH,2025-09-05,Range,UpTrend,2025-09-05 13:40:00+08:00,2025-09-05 13:45:00+08:00,32,20.0,26.0,2025-09-05 14:15:00+08:00,True,671,oracle,
oracle_center_v2,000688.SH,2025-09-09,DownTrend,Range,2025-09-09 13:45:00+08:00,2025-09-09 13:50:00+08:00,33,21.0,27.0,2025-09-09 14:20:00+08:00,True,672,oracle,
oracle_center_v2,000688.SH,2025-09-11,UpTrend,Shock,2025-09-11 10:45:00+08:00,2025-09-11 10:50:00+08:00,15,3.0,9.0,2025-09-11 11:20:00+08:00,True,673,oracle,
oracle_center_v2,000688.SH,2025-09-11,Shock,UpTrend,2025-09-11 11:00:00+08:00,2025-09-11 11:05:00+08:00,18,6.0,12.0,2025-09-11 13:05:00+08:00,True,674,oracle,
oracle_center_v2,000688.SH,2025-09-11,UpTrend,Shock,2025-09-11 11:15:00+08:00,2025-09-11 11:20:00+08:00,21,9.0,15.0,2025-09-11 13:20:00+08:00,True,675,oracle,
oracle_center_v2,000688.SH,2025-09-11,Shock,Range,2025-09-11 13:05:00+08:00,2025-09-11 13:10:00+08:00,25,13.0,19.0,2025-09-11 13:40:00+08:00,True,676,oracle,
oracle_center_v2,000688.SH,2025-09-18,Shock,Range,2025-09-18 11:05:00+08:00,2025-09-18 11:10:00+08:00,19,7.0,13.0,2025-09-18 13:10:00+08:00,True,677,oracle,
oracle_center_v2,000688.SH,2025-09-18,Range,DownTrend,2025-09-18 11:25:00+08:00,2025-09-18 11:30:00+08:00,23,11.0,17.0,2025-09-18 13:30:00+08:00,True,678,oracle,
oracle_center_v2,000688.SH,2025-09-19,Range,DownTrend,2025-09-19 13:10:00+08:00,2025-09-19 13:15:00+08:00,26,14.0,20.0,2025-09-19 13:45:00+08:00,True,679,oracle,
oracle_center_v2,000688.SH,2025-09-22,UpTrend,Shock,2025-09-22 11:30:00+08:00,2025-09-22 13:05:00+08:00,24,12.0,18.0,2025-09-22 13:35:00+08:00,True,680,oracle,
oracle_center_v2,000688.SH,2025-09-24,UpTrend,Shock,2025-09-24 11:05:00+08:00,2025-09-24 11:10:00+08:00,19,7.0,13.0,2025-09-24 13:10:00+08:00,True,681,oracle,
oracle_center_v2,000688.SH,2025-09-29,Range,UpTrend,2025-09-29 13:55:00+08:00,2025-09-29 14:00:00+08:00,35,23.0,29.0,2025-09-29 14:30:00+08:00,True,682,oracle,
oracle_center_v2,000688.SH,2025-09-30,UpTrend,DownTrend,2025-09-30 13:15:00+08:00,2025-09-30 13:20:00+08:00,27,15.0,21.0,2025-09-30 13:50:00+08:00,True,683,oracle,
oracle_center_v2,000688.SH,2025-10-09,Range,DownTrend,2025-10-09 13:40:00+08:00,2025-10-09 13:45:00+08:00,32,20.0,26.0,2025-10-09 14:15:00+08:00,True,684,oracle,
oracle_center_v2,000688.SH,2025-10-10,DownTrend,Range,2025-10-10 13:25:00+08:00,2025-10-10 13:30:00+08:00,29,17.0,23.0,2025-10-10 14:00:00+08:00,True,685,oracle,
oracle_center_v2,000688.SH,2025-10-13,DownTrend,UpTrend,2025-10-13 13:25:00+08:00,2025-10-13 13:30:00+08:00,29,17.0,23.0,2025-10-13 14:00:00+08:00,True,686,oracle,
oracle_center_v2,000688.SH,2025-10-14,DownTrend,Shock,2025-10-14 11:20:00+08:00,2025-10-14 11:25:00+08:00,22,10.0,16.0,2025-10-14 13:25:00+08:00,True,687,oracle,
oracle_center_v2,000688.SH,2025-10-14,Shock,Range,2025-10-14 13:35:00+08:00,2025-10-14 13:40:00+08:00,31,19.0,25.0,2025-10-14 14:10:00+08:00,True,688,oracle,
oracle_center_v2,000688.SH,2025-10-17,Range,DownTrend,2025-10-17 13:55:00+08:00,2025-10-17 14:00:00+08:00,35,23.0,29.0,2025-10-17 14:30:00+08:00,True,689,oracle,
oracle_center_v2,000688.SH,2025-10-21,UpTrend,Range,2025-10-21 13:10:00+08:00,2025-10-21 13:15:00+08:00,26,14.0,20.0,2025-10-21 13:45:00+08:00,True,690,oracle,
oracle_center_v2,000688.SH,2025-10-22,DownTrend,UpTrend,2025-10-22 11:30:00+08:00,2025-10-22 13:05:00+08:00,24,12.0,18.0,2025-10-22 13:35:00+08:00,True,691,oracle,
oracle_center_v2,000688.SH,2025-10-27,Range,UpTrend,2025-10-27 11:20:00+08:00,2025-10-27 11:25:00+08:00,22,10.0,16.0,2025-10-27 13:25:00+08:00,True,692,oracle,
oracle_center_v2,000688.SH,2025-10-30,Range,Shock,2025-10-30 11:20:00+08:00,2025-10-30 11:25:00+08:00,22,10.0,16.0,2025-10-30 13:25:00+08:00,True,693,oracle,
oracle_center_v2,000688.SH,2025-11-03,UpTrend,Range,2025-11-03 13:40:00+08:00,2025-11-03 13:45:00+08:00,32,20.0,26.0,2025-11-03 14:15:00+08:00,True,694,oracle,
oracle_center_v2,000688.SH,2025-11-06,Shock,Range,2025-11-06 11:00:00+08:00,2025-11-06 11:05:00+08:00,18,6.0,12.0,2025-11-06 13:05:00+08:00,True,695,oracle,
oracle_center_v2,000688.SH,2025-11-06,Range,UpTrend,2025-11-06 13:35:00+08:00,2025-11-06 13:40:00+08:00,31,19.0,25.0,2025-11-06 14:10:00+08:00,True,696,oracle,
oracle_center_v2,000688.SH,2025-11-07,Range,DownTrend,2025-11-07 13:40:00+08:00,2025-11-07 13:45:00+08:00,32,20.0,26.0,2025-11-07 14:15:00+08:00,True,697,oracle,
oracle_center_v2,000688.SH,2025-11-12,DownTrend,Range,2025-11-12 11:25:00+08:00,2025-11-12 11:30:00+08:00,23,11.0,17.0,2025-11-12 13:30:00+08:00,True,698,oracle,
oracle_center_v2,000688.SH,2025-11-19,DownTrend,Range,2025-11-19 13:40:00+08:00,2025-11-19 13:45:00+08:00,32,20.0,26.0,2025-11-19 14:15:00+08:00,True,699,oracle,
oracle_center_v2,000688.SH,2025-11-20,Range,DownTrend,2025-11-20 13:50:00+08:00,2025-11-20 13:55:00+08:00,34,22.0,28.0,2025-11-20 14:25:00+08:00,True,700,oracle,
oracle_center_v2,000688.SH,2025-11-21,DownTrend,Shock,2025-11-21 10:45:00+08:00,2025-11-21 10:50:00+08:00,15,3.0,9.0,2025-11-21 11:20:00+08:00,True,701,oracle,
oracle_center_v2,000688.SH,2025-11-24,DownTrend,UpTrend,2025-11-24 11:30:00+08:00,2025-11-24 13:05:00+08:00,24,12.0,18.0,2025-11-24 13:35:00+08:00,True,702,oracle,
oracle_center_v2,000688.SH,2025-11-25,DownTrend,Range,2025-11-25 13:35:00+08:00,2025-11-25 13:40:00+08:00,31,19.0,25.0,2025-11-25 14:10:00+08:00,True,703,oracle,
oracle_center_v2,000688.SH,2025-12-01,UpTrend,Range,2025-12-01 13:45:00+08:00,2025-12-01 13:50:00+08:00,33,21.0,27.0,2025-12-01 14:20:00+08:00,True,704,oracle,
oracle_center_v2,000688.SH,2025-12-02,DownTrend,Range,2025-12-02 13:20:00+08:00,2025-12-02 13:25:00+08:00,28,16.0,22.0,2025-12-02 13:55:00+08:00,True,705,oracle,
oracle_center_v2,000688.SH,2025-12-03,Range,DownTrend,2025-12-03 13:40:00+08:00,2025-12-03 13:45:00+08:00,32,20.0,26.0,2025-12-03 14:15:00+08:00,True,706,oracle,
oracle_center_v2,000688.SH,2025-12-04,Shock,UpTrend,2025-12-04 10:50:00+08:00,2025-12-04 10:55:00+08:00,16,4.0,10.0,2025-12-04 11:25:00+08:00,True,707,oracle,
oracle_center_v2,000688.SH,2025-12-04,UpTrend,Shock,2025-12-04 11:15:00+08:00,2025-12-04 11:20:00+08:00,21,9.0,15.0,2025-12-04 13:20:00+08:00,True,708,oracle,
oracle_center_v2,000688.SH,2025-12-05,UpTrend,Range,2025-12-05 11:10:00+08:00,2025-12-05 11:15:00+08:00,20,8.0,14.0,2025-12-05 13:15:00+08:00,True,709,oracle,
oracle_center_v2,000688.SH,2025-12-09,Shock,Range,2025-12-09 10:55:00+08:00,2025-12-09 11:00:00+08:00,17,5.0,11.0,2025-12-09 11:30:00+08:00,True,710,oracle,
oracle_center_v2,000688.SH,2025-12-11,Range,DownTrend,2025-12-11 11:15:00+08:00,2025-12-11 11:20:00+08:00,21,9.0,15.0,2025-12-11 13:20:00+08:00,True,711,oracle,
oracle_center_v2,000688.SH,2025-12-12,UpTrend,Shock,2025-12-12 11:05:00+08:00,2025-12-12 11:10:00+08:00,19,7.0,13.0,2025-12-12 13:10:00+08:00,True,712,oracle,
oracle_center_v2,000688.SH,2025-12-12,Shock,UpTrend,2025-12-12 13:55:00+08:00,2025-12-12 14:00:00+08:00,35,23.0,29.0,2025-12-12 14:30:00+08:00,True,713,oracle,
oracle_center_v2,000688.SH,2025-12-17,Range,UpTrend,2025-12-17 13:30:00+08:00,2025-12-17 13:35:00+08:00,30,18.0,24.0,2025-12-17 14:05:00+08:00,True,714,oracle,
oracle_center_v2,000688.SH,2025-12-19,Range,DownTrend,2025-12-19 13:10:00+08:00,2025-12-19 13:15:00+08:00,26,14.0,20.0,2025-12-19 13:45:00+08:00,True,715,oracle,
oracle_center_v2,000688.SH,2025-12-25,Range,UpTrend,2025-12-25 13:30:00+08:00,2025-12-25 13:35:00+08:00,30,18.0,24.0,2025-12-25 14:05:00+08:00,True,716,oracle,
oracle_center_v2,000688.SH,2025-12-25,UpTrend,Range,2025-12-25 13:50:00+08:00,2025-12-25 13:55:00+08:00,34,22.0,28.0,2025-12-25 14:25:00+08:00,True,717,oracle,
oracle_center_v2,000688.SH,2025-12-26,DownTrend,Range,2025-12-26 13:40:00+08:00,2025-12-26 13:45:00+08:00,32,20.0,26.0,2025-12-26 14:15:00+08:00,True,718,oracle,
online_v2,000688.SH,2020-08-12,Shock,UpTrend,2020-08-12 14:20:00+08:00,2020-08-12 14:25:00+08:00,40,,,,False,,online,28.0
online_v2,000688.SH,2020-08-14,DownTrend,Range,2020-08-14 14:05:00+08:00,2020-08-14 14:10:00+08:00,37,,,,False,,online,25.0
online_v2,000688.SH,2020-08-18,DownTrend,Range,2020-08-18 13:55:00+08:00,2020-08-18 14:00:00+08:00,35,,,,True,1,online,23.0
online_v2,000688.SH,2020-08-21,UpTrend,DownTrend,2020-08-21 14:15:00+08:00,2020-08-21 14:20:00+08:00,39,,,,True,2,online,27.0
online_v2,000688.SH,2020-08-24,Shock,Range,2020-08-24 11:05:00+08:00,2020-08-24 11:10:00+08:00,19,,,,False,,online,7.0
online_v2,000688.SH,2020-08-24,Range,UpTrend,2020-08-24 13:25:00+08:00,2020-08-24 13:30:00+08:00,29,,,,True,3,online,17.0
online_v2,000688.SH,2020-08-25,DownTrend,Range,2020-08-25 13:55:00+08:00,2020-08-25 14:00:00+08:00,35,,,,True,4,online,23.0
online_v2,000688.SH,2020-08-27,UpTrend,Shock,2020-08-27 13:05:00+08:00,2020-08-27 13:10:00+08:00,25,,,,True,5,online,13.0
online_v2,000688.SH,2020-08-27,Shock,UpTrend,2020-08-27 13:15:00+08:00,2020-08-27 13:20:00+08:00,27,,,,True,6,online,15.0
online_v2,000688.SH,2020-08-31,Range,UpTrend,2020-08-31 13:50:00+08:00,2020-08-31 13:55:00+08:00,34,,,,True,7,online,22.0
online_v2,000688.SH,2020-09-01,Shock,UpTrend,2020-09-01 13:30:00+08:00,2020-09-01 13:35:00+08:00,30,,,,False,,online,18.0
online_v2,000688.SH,2020-09-02,DownTrend,Range,2020-09-02 13:50:00+08:00,2020-09-02 13:55:00+08:00,34,,,,False,,online,22.0
online_v2,000688.SH,2020-09-03,Range,DownTrend,2020-09-03 14:10:00+08:00,2020-09-03 14:15:00+08:00,38,,,,False,,online,26.0
online_v2,000688.SH,2020-09-04,Shock,UpTrend,2020-09-04 13:45:00+08:00,2020-09-04 13:50:00+08:00,33,,,,False,,online,21.0
online_v2,000688.SH,2020-09-07,DownTrend,Shock,2020-09-07 14:10:00+08:00,2020-09-07 14:15:00+08:00,38,,,,True,8,online,26.0
online_v2,000688.SH,2020-09-08,Shock,DownTrend,2020-09-08 11:15:00+08:00,2020-09-08 11:20:00+08:00,21,,,,False,,online,9.0
online_v2,000688.SH,2020-09-08,DownTrend,UpTrend,2020-09-08 13:45:00+08:00,2020-09-08 13:50:00+08:00,33,,,,True,9,online,21.0
online_v2,000688.SH,2020-09-09,Shock,UpTrend,2020-09-09 13:05:00+08:00,2020-09-09 13:10:00+08:00,25,,,,True,10,online,13.0
online_v2,000688.SH,2020-09-09,UpTrend,DownTrend,2020-09-09 14:25:00+08:00,2020-09-09 14:30:00+08:00,41,,,,True,11,online,29.0
online_v2,000688.SH,2020-09-10,Shock,DownTrend,2020-09-10 13:05:00+08:00,2020-09-10 13:10:00+08:00,25,,,,True,12,online,13.0
online_v2,000688.SH,2020-09-14,Shock,DownTrend,2020-09-14 10:50:00+08:00,2020-09-14 10:55:00+08:00,16,,,,False,,online,4.0
online_v2,000688.SH,2020-09-15,UpTrend,Range,2020-09-15 14:25:00+08:00,2020-09-15 14:30:00+08:00,41,,,,True,13,online,29.0
online_v2,000688.SH,2020-09-16,DownTrend,Range,2020-09-16 13:35:00+08:00,2020-09-16 13:40:00+08:00,31,,,,True,14,online,19.0
online_v2,000688.SH,2020-09-17,Shock,UpTrend,2020-09-17 13:45:00+08:00,2020-09-17 13:50:00+08:00,33,,,,True,15,online,21.0
online_v2,000688.SH,2020-09-18,DownTrend,UpTrend,2020-09-18 11:30:00+08:00,2020-09-18 13:05:00+08:00,24,,,,False,,online,12.0
online_v2,000688.SH,2020-09-21,DownTrend,Range,2020-09-21 13:20:00+08:00,2020-09-21 13:25:00+08:00,28,,,,False,,online,16.0
online_v2,000688.SH,2020-09-23,UpTrend,DownTrend,2020-09-23 14:25:00+08:00,2020-09-23 14:30:00+08:00,41,,,,True,16,online,29.0
online_v2,000688.SH,2020-09-24,UpTrend,DownTrend,2020-09-24 13:45:00+08:00,2020-09-24 13:50:00+08:00,33,,,,True,17,online,21.0
online_v2,000688.SH,2020-09-28,Shock,DownTrend,2020-09-28 14:15:00+08:00,2020-09-28 14:20:00+08:00,39,,,,False,,online,27.0
online_v2,000688.SH,2020-09-29,Shock,Range,2020-09-29 11:10:00+08:00,2020-09-29 11:15:00+08:00,20,,,,False,,online,8.0
online_v2,000688.SH,2020-09-29,Range,UpTrend,2020-09-29 13:25:00+08:00,2020-09-29 13:30:00+08:00,29,,,,True,18,online,17.0
online_v2,000688.SH,2020-09-30,UpTrend,Range,2020-09-30 14:25:00+08:00,2020-09-30 14:30:00+08:00,41,,,,True,19,online,29.0
online_v2,000688.SH,2020-10-09,Range,UpTrend,2020-10-09 13:45:00+08:00,2020-10-09 13:50:00+08:00,33,,,,False,,online,21.0
online_v2,000688.SH,2020-10-12,Shock,UpTrend,2020-10-12 11:10:00+08:00,2020-10-12 11:15:00+08:00,20,,,,False,,online,8.0
online_v2,000688.SH,2020-10-15,DownTrend,Range,2020-10-15 13:25:00+08:00,2020-10-15 13:30:00+08:00,29,,,,True,20,online,17.0
online_v2,000688.SH,2020-10-16,DownTrend,Range,2020-10-16 13:25:00+08:00,2020-10-16 13:30:00+08:00,29,,,,True,21,online,17.0
online_v2,000688.SH,2020-10-21,Shock,DownTrend,2020-10-21 11:00:00+08:00,2020-10-21 11:05:00+08:00,18,,,,False,,online,6.0
online_v2,000688.SH,2020-10-23,DownTrend,Shock,2020-10-23 13:40:00+08:00,2020-10-23 13:45:00+08:00,32,,,,True,22,online,20.0
online_v2,000688.SH,2020-10-26,Shock,UpTrend,2020-10-26 11:00:00+08:00,2020-10-26 11:05:00+08:00,18,,,,False,,online,6.0
online_v2,000688.SH,2020-10-26,UpTrend,Range,2020-10-26 13:45:00+08:00,2020-10-26 13:50:00+08:00,33,,,,True,23,online,21.0
online_v2,000688.SH,2020-10-26,Range,DownTrend,2020-10-26 14:15:00+08:00,2020-10-26 14:20:00+08:00,39,,,,True,24,online,27.0
online_v2,000688.SH,2020-10-27,Shock,Range,2020-10-27 11:00:00+08:00,2020-10-27 11:05:00+08:00,18,,,,False,,online,6.0
online_v2,000688.SH,2020-10-27,Range,UpTrend,2020-10-27 13:40:00+08:00,2020-10-27 13:45:00+08:00,32,,,,True,25,online,20.0
online_v2,000688.SH,2020-10-28,Range,UpTrend,2020-10-28 13:05:00+08:00,2020-10-28 13:10:00+08:00,25,,,,False,,online,13.0
online_v2,000688.SH,2020-10-29,UpTrend,Range,2020-10-29 13:25:00+08:00,2020-10-29 13:30:00+08:00,29,,,,False,,online,17.0
online_v2,000688.SH,2020-10-29,Range,UpTrend,2020-10-29 14:25:00+08:00,2020-10-29 14:30:00+08:00,41,,,,True,26,online,29.0
online_v2,000688.SH,2020-10-30,Shock,UpTrend,2020-10-30 13:15:00+08:00,2020-10-30 13:20:00+08:00,27,,,,False,,online,15.0
online_v2,000688.SH,2020-10-30,UpTrend,Shock,2020-10-30 13:25:00+08:00,2020-10-30 13:30:00+08:00,29,,,,False,,online,17.0
online_v2,000688.SH,2020-11-02,Shock,UpTrend,2020-11-02 13:10:00+08:00,2020-11-02 13:15:00+08:00,26,,,,True,27,online,14.0
online_v2,000688.SH,2020-11-03,UpTrend,Shock,2020-11-03 11:05:00+08:00,2020-11-03 11:10:00+08:00,19,,,,False,,online,7.0
online_v2,000688.SH,2020-11-03,Shock,Range,2020-11-03 13:45:00+08:00,2020-11-03 13:50:00+08:00,33,,,,True,28,online,21.0
online_v2,000688.SH,2020-11-05,DownTrend,UpTrend,2020-11-05 11:20:00+08:00,2020-11-05 11:25:00+08:00,22,,,,False,,online,10.0
online_v2,000688.SH,2020-11-06,Shock,DownTrend,2020-11-06 13:20:00+08:00,2020-11-06 13:25:00+08:00,28,,,,False,,online,16.0
online_v2,000688.SH,2020-11-06,DownTrend,Range,2020-11-06 14:00:00+08:00,2020-11-06 14:05:00+08:00,36,,,,True,29,online,24.0
online_v2,000688.SH,2020-11-09,Shock,UpTrend,2020-11-09 11:00:00+08:00,2020-11-09 11:05:00+08:00,18,,,,False,,online,6.0
online_v2,000688.SH,2020-11-10,Range,DownTrend,2020-11-10 14:00:00+08:00,2020-11-10 14:05:00+08:00,36,,,,True,30,online,24.0
online_v2,000688.SH,2020-11-11,Shock,Range,2020-11-11 11:25:00+08:00,2020-11-11 11:30:00+08:00,23,,,,False,,online,11.0
online_v2,000688.SH,2020-11-11,Range,DownTrend,2020-11-11 13:55:00+08:00,2020-11-11 14:00:00+08:00,35,,,,True,31,online,23.0
online_v2,000688.SH,2020-11-13,UpTrend,Range,2020-11-13 13:20:00+08:00,2020-11-13 13:25:00+08:00,28,,,,True,32,online,16.0
online_v2,000688.SH,2020-11-16,DownTrend,Range,2020-11-16 11:25:00+08:00,2020-11-16 11:30:00+08:00,23,,,,False,,online,11.0
online_v2,000688.SH,2020-11-16,Range,UpTrend,2020-11-16 13:30:00+08:00,2020-11-16 13:35:00+08:00,30,,,,True,33,online,18.0
online_v2,000688.SH,2020-11-16,UpTrend,DownTrend,2020-11-16 14:15:00+08:00,2020-11-16 14:20:00+08:00,39,,,,True,34,online,27.0
online_v2,000688.SH,2020-11-19,Shock,UpTrend,2020-11-19 10:45:00+08:00,2020-11-19 10:50:00+08:00,15,,,,False,,online,3.0
online_v2,000688.SH,2020-11-20,DownTrend,Range,2020-11-20 13:35:00+08:00,2020-11-20 13:40:00+08:00,31,,,,False,,online,19.0
online_v2,000688.SH,2020-11-24,Range,DownTrend,2020-11-24 13:30:00+08:00,2020-11-24 13:35:00+08:00,30,,,,True,35,online,18.0
online_v2,000688.SH,2020-11-25,DownTrend,Range,2020-11-25 11:10:00+08:00,2020-11-25 11:15:00+08:00,20,,,,False,,online,8.0
online_v2,000688.SH,2020-11-25,Range,DownTrend,2020-11-25 13:45:00+08:00,2020-11-25 13:50:00+08:00,33,,,,True,36,online,21.0
online_v2,000688.SH,2020-11-26,Shock,DownTrend,2020-11-26 10:55:00+08:00,2020-11-26 11:00:00+08:00,17,,,,False,,online,5.0
online_v2,000688.SH,2020-11-26,DownTrend,Range,2020-11-26 14:05:00+08:00,2020-11-26 14:10:00+08:00,37,,,,True,37,online,25.0
online_v2,000688.SH,2020-11-27,Shock,DownTrend,2020-11-27 11:25:00+08:00,2020-11-27 11:30:00+08:00,23,,,,False,,online,11.0
online_v2,000688.SH,2020-11-27,DownTrend,Range,2020-11-27 14:15:00+08:00,2020-11-27 14:20:00+08:00,39,,,,True,38,online,27.0
online_v2,000688.SH,2020-11-30,Shock,Range,2020-11-30 13:55:00+08:00,2020-11-30 14:00:00+08:00,35,,,,False,,online,23.0
online_v2,000688.SH,2020-12-01,Shock,Range,2020-12-01 11:15:00+08:00,2020-12-01 11:20:00+08:00,21,,,,False,,online,9.0
online_v2,000688.SH,2020-12-02,Shock,UpTrend,2020-12-02 11:15:00+08:00,2020-12-02 11:20:00+08:00,21,,,,False,,online,9.0
online_v2,000688.SH,2020-12-02,UpTrend,Range,2020-12-02 13:45:00+08:00,2020-12-02 13:50:00+08:00,33,,,,True,39,online,21.0
online_v2,000688.SH,2020-12-03,Shock,UpTrend,2020-12-03 11:15:00+08:00,2020-12-03 11:20:00+08:00,21,,,,True,40,online,9.0
online_v2,000688.SH,2020-12-03,UpTrend,DownTrend,2020-12-03 13:40:00+08:00,2020-12-03 13:45:00+08:00,32,,,,True,41,online,20.0
online_v2,000688.SH,2020-12-07,Shock,DownTrend,2020-12-07 14:10:00+08:00,2020-12-07 14:15:00+08:00,38,,,,False,,online,26.0
online_v2,000688.SH,2020-12-08,DownTrend,UpTrend,2020-12-08 13:30:00+08:00,2020-12-08 13:35:00+08:00,30,,,,True,42,online,18.0
online_v2,000688.SH,2020-12-08,UpTrend,Range,2020-12-08 14:10:00+08:00,2020-12-08 14:15:00+08:00,38,,,,True,43,online,26.0
online_v2,000688.SH,2020-12-10,Shock,DownTrend,2020-12-10 14:05:00+08:00,2020-12-10 14:10:00+08:00,37,,,,True,44,online,25.0
online_v2,000688.SH,2020-12-11,DownTrend,Shock,2020-12-11 13:10:00+08:00,2020-12-11 13:15:00+08:00,26,,,,True,45,online,14.0
online_v2,000688.SH,2020-12-11,Shock,DownTrend,2020-12-11 14:20:00+08:00,2020-12-11 14:25:00+08:00,40,,,,True,46,online,28.0
online_v2,000688.SH,2020-12-14,Shock,UpTrend,2020-12-14 11:05:00+08:00,2020-12-14 11:10:00+08:00,19,,,,False,,online,7.0
online_v2,000688.SH,2020-12-14,UpTrend,Shock,2020-12-14 13:05:00+08:00,2020-12-14 13:10:00+08:00,25,,,,True,47,online,13.0
online_v2,000688.SH,2020-12-14,Shock,Range,2020-12-14 14:05:00+08:00,2020-12-14 14:10:00+08:00,37,,,,True,48,online,25.0
online_v2,000688.SH,2020-12-15,Shock,Range,2020-12-15 14:05:00+08:00,2020-12-15 14:10:00+08:00,37,,,,True,49,online,25.0
online_v2,000688.SH,2020-12-16,Shock,Range,2020-12-16 11:10:00+08:00,2020-12-16 11:15:00+08:00,20,,,,False,,online,8.0
online_v2,000688.SH,2020-12-17,Shock,UpTrend,2020-12-17 13:10:00+08:00,2020-12-17 13:15:00+08:00,26,,,,True,50,online,14.0
online_v2,000688.SH,2020-12-17,UpTrend,Shock,2020-12-17 13:25:00+08:00,2020-12-17 13:30:00+08:00,29,,,,True,51,online,17.0
online_v2,000688.SH,2020-12-21,Shock,Range,2020-12-21 11:15:00+08:00,2020-12-21 11:20:00+08:00,21,,,,False,,online,9.0
online_v2,000688.SH,2020-12-22,Shock,DownTrend,2020-12-22 13:30:00+08:00,2020-12-22 13:35:00+08:00,30,,,,False,,online,18.0
online_v2,000688.SH,2020-12-23,Range,Shock,2020-12-23 13:25:00+08:00,2020-12-23 13:30:00+08:00,29,,,,True,52,online,17.0
online_v2,000688.SH,2020-12-24,Shock,DownTrend,2020-12-24 13:05:00+08:00,2020-12-24 13:10:00+08:00,25,,,,False,,online,13.0
online_v2,000688.SH,2020-12-25,UpTrend,Range,2020-12-25 14:25:00+08:00,2020-12-25 14:30:00+08:00,41,,,,True,53,online,29.0
online_v2,000688.SH,2020-12-29,Shock,DownTrend,2020-12-29 13:10:00+08:00,2020-12-29 13:15:00+08:00,26,,,,False,,online,14.0
online_v2,000688.SH,2020-12-30,Range,UpTrend,2020-12-30 13:10:00+08:00,2020-12-30 13:15:00+08:00,26,,,,True,54,online,14.0
online_v2,000688.SH,2021-01-04,Shock,UpTrend,2021-01-04 13:10:00+08:00,2021-01-04 13:15:00+08:00,26,,,,True,55,online,14.0
online_v2,000688.SH,2021-01-04,UpTrend,Range,2021-01-04 14:15:00+08:00,2021-01-04 14:20:00+08:00,39,,,,True,56,online,27.0
online_v2,000688.SH,2021-01-05,Shock,UpTrend,2021-01-05 13:30:00+08:00,2021-01-05 13:35:00+08:00,30,,,,True,57,online,18.0
online_v2,000688.SH,2021-01-06,Shock,DownTrend,2021-01-06 11:30:00+08:00,2021-01-06 13:05:00+08:00,24,,,,False,,online,12.0
online_v2,000688.SH,2021-01-06,DownTrend,Shock,2021-01-06 13:10:00+08:00,2021-01-06 13:15:00+08:00,26,,,,True,58,online,14.0
online_v2,000688.SH,2021-01-07,Shock,Range,2021-01-07 13:10:00+08:00,2021-01-07 13:15:00+08:00,26,,,,False,,online,14.0
online_v2,000688.SH,2021-01-07,Range,DownTrend,2021-01-07 13:30:00+08:00,2021-01-07 13:35:00+08:00,30,,,,True,59,online,18.0
online_v2,000688.SH,2021-01-08,Shock,Range,2021-01-08 14:05:00+08:00,2021-01-08 14:10:00+08:00,37,,,,True,60,online,25.0
online_v2,000688.SH,2021-01-12,UpTrend,Range,2021-01-12 11:05:00+08:00,2021-01-12 11:10:00+08:00,19,,,,False,,online,7.0
online_v2,000688.SH,2021-01-12,Range,UpTrend,2021-01-12 13:45:00+08:00,2021-01-12 13:50:00+08:00,33,,,,True,61,online,21.0
online_v2,000688.SH,2021-01-13,Range,Shock,2021-01-13 11:05:00+08:00,2021-01-13 11:10:00+08:00,19,,,,False,,online,7.0
online_v2,000688.SH,2021-01-13,Shock,DownTrend,2021-01-13 13:35:00+08:00,2021-01-13 13:40:00+08:00,31,,,,True,62,online,19.0
online_v2,000688.SH,2021-01-14,Shock,DownTrend,2021-01-14 14:25:00+08:00,2021-01-14 14:30:00+08:00,41,,,,True,63,online,29.0
online_v2,000688.SH,2021-01-15,UpTrend,DownTrend,2021-01-15 11:15:00+08:00,2021-01-15 11:20:00+08:00,21,,,,False,,online,9.0
online_v2,000688.SH,2021-01-15,DownTrend,Shock,2021-01-15 11:30:00+08:00,2021-01-15 13:05:00+08:00,24,,,,True,64,online,12.0
online_v2,000688.SH,2021-01-15,Shock,UpTrend,2021-01-15 14:20:00+08:00,2021-01-15 14:25:00+08:00,40,,,,True,65,online,28.0
online_v2,000688.SH,2021-01-18,Shock,UpTrend,2021-01-18 11:00:00+08:00,2021-01-18 11:05:00+08:00,18,,,,False,,online,6.0
online_v2,000688.SH,2021-01-20,UpTrend,Range,2021-01-20 11:10:00+08:00,2021-01-20 11:15:00+08:00,20,,,,False,,online,8.0
online_v2,000688.SH,2021-01-21,Range,UpTrend,2021-01-21 13:05:00+08:00,2021-01-21 13:10:00+08:00,25,,,,False,,online,13.0
online_v2,000688.SH,2021-01-21,UpTrend,Range,2021-01-21 13:55:00+08:00,2021-01-21 14:00:00+08:00,35,,,,True,66,online,23.0
online_v2,000688.SH,2021-01-22,Range,UpTrend,2021-01-22 14:25:00+08:00,2021-01-22 14:30:00+08:00,41,,,,True,67,online,29.0
online_v2,000688.SH,2021-01-25,UpTrend,DownTrend,2021-01-25 14:20:00+08:00,2021-01-25 14:25:00+08:00,40,,,,False,,online,28.0
online_v2,000688.SH,2021-01-26,Shock,DownTrend,2021-01-26 10:55:00+08:00,2021-01-26 11:00:00+08:00,17,,,,False,,online,5.0
online_v2,000688.SH,2021-01-26,DownTrend,Shock,2021-01-26 11:10:00+08:00,2021-01-26 11:15:00+08:00,20,,,,False,,online,8.0
online_v2,000688.SH,2021-01-27,Shock,UpTrend,2021-01-27 11:05:00+08:00,2021-01-27 11:10:00+08:00,19,,,,False,,online,7.0
online_v2,000688.SH,2021-01-27,UpTrend,Range,2021-01-27 13:25:00+08:00,2021-01-27 13:30:00+08:00,29,,,,True,68,online,17.0
online_v2,000688.SH,2021-01-29,Shock,UpTrend,2021-01-29 11:10:00+08:00,2021-01-29 11:15:00+08:00,20,,,,False,,online,8.0
online_v2,000688.SH,2021-01-29,UpTrend,DownTrend,2021-01-29 13:40:00+08:00,2021-01-29 13:45:00+08:00,32,,,,True,69,online,20.0
online_v2,000688.SH,2021-02-02,DownTrend,UpTrend,2021-02-02 13:15:00+08:00,2021-02-02 13:20:00+08:00,27,,,,True,70,online,15.0
online_v2,000688.SH,2021-02-02,UpTrend,Range,2021-02-02 13:55:00+08:00,2021-02-02 14:00:00+08:00,35,,,,True,71,online,23.0
online_v2,000688.SH,2021-02-03,UpTrend,DownTrend,2021-02-03 14:05:00+08:00,2021-02-03 14:10:00+08:00,37,,,,True,72,online,25.0
online_v2,000688.SH,2021-02-04,Shock,DownTrend,2021-02-04 11:25:00+08:00,2021-02-04 11:30:00+08:00,23,,,,True,73,online,11.0
online_v2,000688.SH,2021-02-04,DownTrend,UpTrend,2021-02-04 14:10:00+08:00,2021-02-04 14:15:00+08:00,38,,,,True,74,online,26.0
online_v2,000688.SH,2021-02-05,DownTrend,Range,2021-02-05 13:50:00+08:00,2021-02-05 13:55:00+08:00,34,,,,True,75,online,22.0
online_v2,000688.SH,2021-02-05,Range,DownTrend,2021-02-05 14:20:00+08:00,2021-02-05 14:25:00+08:00,40,,,,True,76,online,28.0
online_v2,000688.SH,2021-02-08,UpTrend,DownTrend,2021-02-08 13:50:00+08:00,2021-02-08 13:55:00+08:00,34,,,,True,77,online,22.0
online_v2,000688.SH,2021-02-09,UpTrend,Range,2021-02-09 14:05:00+08:00,2021-02-09 14:10:00+08:00,37,,,,True,78,online,25.0
online_v2,000688.SH,2021-02-18,Shock,DownTrend,2021-02-18 13:40:00+08:00,2021-02-18 13:45:00+08:00,32,,,,False,,online,20.0
online_v2,000688.SH,2021-02-19,Shock,Range,2021-02-19 11:25:00+08:00,2021-02-19 11:30:00+08:00,23,,,,False,,online,11.0
online_v2,000688.SH,2021-02-19,Range,UpTrend,2021-02-19 13:20:00+08:00,2021-02-19 13:25:00+08:00,28,,,,True,79,online,16.0
online_v2,000688.SH,2021-02-22,Shock,DownTrend,2021-02-22 11:10:00+08:00,2021-02-22 11:15:00+08:00,20,,,,False,,online,8.0
online_v2,000688.SH,2021-02-23,Shock,UpTrend,2021-02-23 13:25:00+08:00,2021-02-23 13:30:00+08:00,29,,,,False,,online,17.0
online_v2,000688.SH,2021-02-23,UpTrend,DownTrend,2021-02-23 14:25:00+08:00,2021-02-23 14:30:00+08:00,41,,,,True,80,online,29.0
online_v2,000688.SH,2021-02-25,UpTrend,Range,2021-02-25 13:30:00+08:00,2021-02-25 13:35:00+08:00,30,,,,True,81,online,18.0
online_v2,000688.SH,2021-02-25,Range,DownTrend,2021-02-25 14:05:00+08:00,2021-02-25 14:10:00+08:00,37,,,,True,82,online,25.0
online_v2,000688.SH,2021-02-26,Range,DownTrend,2021-02-26 11:25:00+08:00,2021-02-26 11:30:00+08:00,23,,,,False,,online,11.0
online_v2,000688.SH,2021-03-02,Range,DownTrend,2021-03-02 13:35:00+08:00,2021-03-02 13:40:00+08:00,31,,,,False,,online,19.0
online_v2,000688.SH,2021-03-03,UpTrend,Range,2021-03-03 13:50:00+08:00,2021-03-03 13:55:00+08:00,34,,,,True,83,online,22.0
online_v2,000688.SH,2021-03-09,Shock,DownTrend,2021-03-09 14:15:00+08:00,2021-03-09 14:20:00+08:00,39,,,,True,84,online,27.0
online_v2,000688.SH,2021-03-10,Shock,Range,2021-03-10 13:05:00+08:00,2021-03-10 13:10:00+08:00,25,,,,False,,online,13.0
online_v2,000688.SH,2021-03-10,Range,DownTrend,2021-03-10 13:45:00+08:00,2021-03-10 13:50:00+08:00,33,,,,True,85,online,21.0
online_v2,000688.SH,2021-03-11,Shock,UpTrend,2021-03-11 10:55:00+08:00,2021-03-11 11:00:00+08:00,17,,,,False,,online,5.0
online_v2,000688.SH,2021-03-11,UpTrend,Shock,2021-03-11 13:05:00+08:00,2021-03-11 13:10:00+08:00,25,,,,False,,online,13.0
online_v2,000688.SH,2021-03-12,DownTrend,UpTrend,2021-03-12 13:05:00+08:00,2021-03-12 13:10:00+08:00,25,,,,False,,online,13.0
online_v2,000688.SH,2021-03-15,Shock,DownTrend,2021-03-15 11:05:00+08:00,2021-03-15 11:10:00+08:00,19,,,,False,,online,7.0
online_v2,000688.SH,2021-03-16,Shock,UpTrend,2021-03-16 13:05:00+08:00,2021-03-16 13:10:00+08:00,25,,,,False,,online,13.0
online_v2,000688.SH,2021-03-16,UpTrend,Range,2021-03-16 13:50:00+08:00,2021-03-16 13:55:00+08:00,34,,,,True,86,online,22.0
online_v2,000688.SH,2021-03-17,Shock,Range,2021-03-17 10:50:00+08:00,2021-03-17 10:55:00+08:00,16,,,,False,,online,4.0
online_v2,000688.SH,2021-03-17,Range,UpTrend,2021-03-17 13:50:00+08:00,2021-03-17 13:55:00+08:00,34,,,,True,87,online,22.0
online_v2,000688.SH,2021-03-19,Range,DownTrend,2021-03-19 13:25:00+08:00,2021-03-19 13:30:00+08:00,29,,,,True,88,online,17.0
online_v2,000688.SH,2021-03-22,UpTrend,Range,2021-03-22 14:20:00+08:00,2021-03-22 14:25:00+08:00,40,,,,True,89,online,28.0
online_v2,000688.SH,2021-03-23,Range,DownTrend,2021-03-23 14:20:00+08:00,2021-03-23 14:25:00+08:00,40,,,,True,90,online,28.0
online_v2,000688.SH,2021-03-24,DownTrend,Range,2021-03-24 13:35:00+08:00,2021-03-24 13:40:00+08:00,31,,,,True,91,online,19.0
online_v2,000688.SH,2021-03-25,UpTrend,DownTrend,2021-03-25 14:15:00+08:00,2021-03-25 14:20:00+08:00,39,,,,True,92,online,27.0
online_v2,000688.SH,2021-03-26,Range,UpTrend,2021-03-26 10:55:00+08:00,2021-03-26 11:00:00+08:00,17,,,,False,,online,5.0
online_v2,000688.SH,2021-03-29,UpTrend,DownTrend,2021-03-29 13:15:00+08:00,2021-03-29 13:20:00+08:00,27,,,,False,,online,15.0
online_v2,000688.SH,2021-03-31,Shock,Range,2021-03-31 13:40:00+08:00,2021-03-31 13:45:00+08:00,32,,,,False,,online,20.0
online_v2,000688.SH,2021-04-02,Shock,Range,2021-04-02 11:25:00+08:00,2021-04-02 11:30:00+08:00,23,,,,False,,online,11.0
online_v2,000688.SH,2021-04-08,Shock,UpTrend,2021-04-08 11:05:00+08:00,2021-04-08 11:10:00+08:00,19,,,,False,,online,7.0
online_v2,000688.SH,2021-04-09,Shock,Range,2021-04-09 11:10:00+08:00,2021-04-09 11:15:00+08:00,20,,,,False,,online,8.0
online_v2,000688.SH,2021-04-12,Shock,DownTrend,2021-04-12 11:10:00+08:00,2021-04-12 11:15:00+08:00,20,,,,False,,online,8.0
online_v2,000688.SH,2021-04-13,Shock,DownTrend,2021-04-13 13:20:00+08:00,2021-04-13 13:25:00+08:00,28,,,,False,,online,16.0
online_v2,000688.SH,2021-04-14,Shock,Range,2021-04-14 10:55:00+08:00,2021-04-14 11:00:00+08:00,17,,,,False,,online,5.0
online_v2,000688.SH,2021-04-14,Range,Shock,2021-04-14 13:05:00+08:00,2021-04-14 13:10:00+08:00,25,,,,False,,online,13.0
online_v2,000688.SH,2021-04-14,Shock,UpTrend,2021-04-14 14:05:00+08:00,2021-04-14 14:10:00+08:00,37,,,,True,93,online,25.0
online_v2,000688.SH,2021-04-15,Shock,Range,2021-04-15 11:20:00+08:00,2021-04-15 11:25:00+08:00,22,,,,False,,online,10.0
online_v2,000688.SH,2021-04-15,Range,UpTrend,2021-04-15 13:45:00+08:00,2021-04-15 13:50:00+08:00,33,,,,True,94,online,21.0
online_v2,000688.SH,2021-04-15,UpTrend,Shock,2021-04-15 14:00:00+08:00,2021-04-15 14:05:00+08:00,36,,,,True,95,online,24.0
online_v2,000688.SH,2021-04-16,Shock,UpTrend,2021-04-16 13:05:00+08:00,2021-04-16 13:10:00+08:00,25,,,,False,,online,13.0
online_v2,000688.SH,2021-04-19,Shock,UpTrend,2021-04-19 11:05:00+08:00,2021-04-19 11:10:00+08:00,19,,,,False,,online,7.0
online_v2,000688.SH,2021-04-19,UpTrend,Range,2021-04-19 13:10:00+08:00,2021-04-19 13:15:00+08:00,26,,,,False,,online,14.0
online_v2,000688.SH,2021-04-20,Shock,Range,2021-04-20 11:05:00+08:00,2021-04-20 11:10:00+08:00,19,,,,False,,online,7.0
online_v2,000688.SH,2021-04-20,Range,DownTrend,2021-04-20 14:10:00+08:00,2021-04-20 14:15:00+08:00,38,,,,True,96,online,26.0
online_v2,000688.SH,2021-04-22,UpTrend,Range,2021-04-22 13:40:00+08:00,2021-04-22 13:45:00+08:00,32,,,,True,97,online,20.0
online_v2,000688.SH,2021-04-23,UpTrend,Range,2021-04-23 13:50:00+08:00,2021-04-23 13:55:00+08:00,34,,,,False,,online,22.0
online_v2,000688.SH,2021-04-26,UpTrend,Shock,2021-04-26 13:20:00+08:00,2021-04-26 13:25:00+08:00,28,,,,False,,online,16.0
online_v2,000688.SH,2021-04-27,Shock,UpTrend,2021-04-27 13:35:00+08:00,2021-04-27 13:40:00+08:00,31,,,,True,98,online,19.0
online_v2,000688.SH,2021-04-28,Shock,Range,2021-04-28 11:30:00+08:00,2021-04-28 13:05:00+08:00,24,,,,False,,online,12.0
online_v2,000688.SH,2021-04-28,Range,UpTrend,2021-04-28 14:10:00+08:00,2021-04-28 14:15:00+08:00,38,,,,True,99,online,26.0
online_v2,000688.SH,2021-04-29,Shock,DownTrend,2021-04-29 11:10:00+08:00,2021-04-29 11:15:00+08:00,20,,,,False,,online,8.0
online_v2,000688.SH,2021-04-29,DownTrend,Range,2021-04-29 11:30:00+08:00,2021-04-29 13:05:00+08:00,24,,,,True,100,online,12.0
online_v2,000688.SH,2021-05-06,Shock,DownTrend,2021-05-06 11:05:00+08:00,2021-05-06 11:10:00+08:00,19,,,,False,,online,7.0
online_v2,000688.SH,2021-05-06,DownTrend,Shock,2021-05-06 11:15:00+08:00,2021-05-06 11:20:00+08:00,21,,,,False,,online,9.0
online_v2,000688.SH,2021-05-06,Shock,UpTrend,2021-05-06 14:15:00+08:00,2021-05-06 14:20:00+08:00,39,,,,True,101,online,27.0
online_v2,000688.SH,2021-05-07,Shock,DownTrend,2021-05-07 11:05:00+08:00,2021-05-07 11:10:00+08:00,19,,,,False,,online,7.0
online_v2,000688.SH,2021-05-10,Shock,DownTrend,2021-05-10 13:10:00+08:00,2021-05-10 13:15:00+08:00,26,,,,False,,online,14.0
online_v2,000688.SH,2021-05-10,DownTrend,Range,2021-05-10 14:25:00+08:00,2021-05-10 14:30:00+08:00,41,,,,True,102,online,29.0
online_v2,000688.SH,2021-05-11,Shock,UpTrend,2021-05-11 11:00:00+08:00,2021-05-11 11:05:00+08:00,18,,,,False,,online,6.0
online_v2,000688.SH,2021-05-12,Range,UpTrend,2021-05-12 14:15:00+08:00,2021-05-12 14:20:00+08:00,39,,,,True,103,online,27.0
online_v2,000688.SH,2021-05-13,Shock,DownTrend,2021-05-13 13:35:00+08:00,2021-05-13 13:40:00+08:00,31,,,,True,104,online,19.0
online_v2,000688.SH,2021-05-14,UpTrend,Range,2021-05-14 14:25:00+08:00,2021-05-14 14:30:00+08:00,41,,,,True,105,online,29.0
online_v2,000688.SH,2021-05-17,UpTrend,Range,2021-05-17 13:15:00+08:00,2021-05-17 13:20:00+08:00,27,,,,True,106,online,15.0
online_v2,000688.SH,2021-05-18,DownTrend,Range,2021-05-18 13:25:00+08:00,2021-05-18 13:30:00+08:00,29,,,,True,107,online,17.0
online_v2,000688.SH,2021-05-21,Shock,Range,2021-05-21 13:55:00+08:00,2021-05-21 14:00:00+08:00,35,,,,False,,online,23.0
online_v2,000688.SH,2021-05-27,Shock,UpTrend,2021-05-27 10:45:00+08:00,2021-05-27 10:50:00+08:00,15,,,,False,,online,3.0
online_v2,000688.SH,2021-05-27,UpTrend,Shock,2021-05-27 11:05:00+08:00,2021-05-27 11:10:00+08:00,19,,,,False,,online,7.0
online_v2,000688.SH,2021-05-27,Shock,UpTrend,2021-05-27 11:20:00+08:00,2021-05-27 11:25:00+08:00,22,,,,True,108,online,10.0
online_v2,000688.SH,2021-05-27,UpTrend,Shock,2021-05-27 11:30:00+08:00,2021-05-27 13:05:00+08:00,24,,,,True,109,online,12.0
online_v2,000688.SH,2021-05-27,Shock,Range,2021-05-27 13:35:00+08:00,2021-05-27 13:40:00+08:00,31,,,,True,110,online,19.0
online_v2,000688.SH,2021-05-28,Shock,DownTrend,2021-05-28 13:50:00+08:00,2021-05-28 13:55:00+08:00,34,,,,False,,online,22.0
online_v2,000688.SH,2021-05-31,UpTrend,Range,2021-05-31 11:25:00+08:00,2021-05-31 11:30:00+08:00,23,,,,False,,online,11.0
online_v2,000688.SH,2021-05-31,Range,UpTrend,2021-05-31 14:25:00+08:00,2021-05-31 14:30:00+08:00,41,,,,True,111,online,29.0
online_v2,000688.SH,2021-06-02,Shock,DownTrend,2021-06-02 11:25:00+08:00,2021-06-02 11:30:00+08:00,23,,,,False,,online,11.0
online_v2,000688.SH,2021-06-03,Shock,UpTrend,2021-06-03 11:25:00+08:00,2021-06-03 11:30:00+08:00,23,,,,False,,online,11.0
online_v2,000688.SH,2021-06-03,UpTrend,DownTrend,2021-06-03 14:15:00+08:00,2021-06-03 14:20:00+08:00,39,,,,True,112,online,27.0
online_v2,000688.SH,2021-06-04,Shock,DownTrend,2021-06-04 14:15:00+08:00,2021-06-04 14:20:00+08:00,39,,,,True,113,online,27.0
online_v2,000688.SH,2021-06-07,Shock,DownTrend,2021-06-07 11:20:00+08:00,2021-06-07 11:25:00+08:00,22,,,,True,114,online,10.0
online_v2,000688.SH,2021-06-08,Shock,DownTrend,2021-06-08 10:45:00+08:00,2021-06-08 10:50:00+08:00,15,,,,False,,online,3.0
online_v2,000688.SH,2021-06-15,Shock,UpTrend,2021-06-15 11:15:00+08:00,2021-06-15 11:20:00+08:00,21,,,,True,115,online,9.0
online_v2,000688.SH,2021-06-15,UpTrend,DownTrend,2021-06-15 14:20:00+08:00,2021-06-15 14:25:00+08:00,40,,,,True,116,online,28.0
online_v2,000688.SH,2021-06-16,Shock,DownTrend,2021-06-16 13:50:00+08:00,2021-06-16 13:55:00+08:00,34,,,,True,117,online,22.0
online_v2,000688.SH,2021-06-17,UpTrend,Shock,2021-06-17 13:55:00+08:00,2021-06-17 14:00:00+08:00,35,,,,True,118,online,23.0
online_v2,000688.SH,2021-06-18,Shock,DownTrend,2021-06-18 11:30:00+08:00,2021-06-18 13:05:00+08:00,24,,,,True,119,online,12.0
online_v2,000688.SH,2021-06-18,DownTrend,UpTrend,2021-06-18 14:20:00+08:00,2021-06-18 14:25:00+08:00,40,,,,True,120,online,28.0
online_v2,000688.SH,2021-06-22,UpTrend,Range,2021-06-22 13:05:00+08:00,2021-06-22 13:10:00+08:00,25,,,,True,121,online,13.0
online_v2,000688.SH,2021-06-23,Shock,Range,2021-06-23 11:30:00+08:00,2021-06-23 13:05:00+08:00,24,,,,False,,online,12.0
online_v2,000688.SH,2021-06-24,Shock,DownTrend,2021-06-24 10:50:00+08:00,2021-06-24 10:55:00+08:00,16,,,,False,,online,4.0
online_v2,000688.SH,2021-06-28,Shock,UpTrend,2021-06-28 10:45:00+08:00,2021-06-28 10:50:00+08:00,15,,,,False,,online,3.0
online_v2,000688.SH,2021-06-29,Shock,DownTrend,2021-06-29 10:50:00+08:00,2021-06-29 10:55:00+08:00,16,,,,False,,online,4.0
online_v2,000688.SH,2021-06-29,DownTrend,Range,2021-06-29 11:25:00+08:00,2021-06-29 11:30:00+08:00,23,,,,False,,online,11.0
online_v2,000688.SH,2021-06-30,Shock,DownTrend,2021-06-30 14:15:00+08:00,2021-06-30 14:20:00+08:00,39,,,,False,,online,27.0
online_v2,000688.SH,2021-07-02,Shock,Range,2021-07-02 13:10:00+08:00,2021-07-02 13:15:00+08:00,26,,,,False,,online,14.0
online_v2,000688.SH,2021-07-05,Range,DownTrend,2021-07-05 13:40:00+08:00,2021-07-05 13:45:00+08:00,32,,,,True,122,online,20.0
online_v2,000688.SH,2021-07-05,DownTrend,UpTrend,2021-07-05 14:20:00+08:00,2021-07-05 14:25:00+08:00,40,,,,True,123,online,28.0
online_v2,000688.SH,2021-07-06,Shock,DownTrend,2021-07-06 14:00:00+08:00,2021-07-06 14:05:00+08:00,36,,,,True,124,online,24.0
online_v2,000688.SH,2021-07-07,Shock,UpTrend,2021-07-07 10:55:00+08:00,2021-07-07 11:00:00+08:00,17,,,,False,,online,5.0
online_v2,000688.SH,2021-07-09,Shock,Range,2021-07-09 11:20:00+08:00,2021-07-09 11:25:00+08:00,22,,,,False,,online,10.0
online_v2,000688.SH,2021-07-13,Shock,DownTrend,2021-07-13 10:50:00+08:00,2021-07-13 10:55:00+08:00,16,,,,False,,online,4.0
online_v2,000688.SH,2021-07-14,UpTrend,Range,2021-07-14 13:30:00+08:00,2021-07-14 13:35:00+08:00,30,,,,True,125,online,18.0
online_v2,000688.SH,2021-07-14,Range,DownTrend,2021-07-14 14:15:00+08:00,2021-07-14 14:20:00+08:00,39,,,,True,126,online,27.0
online_v2,000688.SH,2021-07-15,Shock,UpTrend,2021-07-15 13:45:00+08:00,2021-07-15 13:50:00+08:00,33,,,,False,,online,21.0
online_v2,000688.SH,2021-07-19,Shock,DownTrend,2021-07-19 10:55:00+08:00,2021-07-19 11:00:00+08:00,17,,,,False,,online,5.0
online_v2,000688.SH,2021-07-20,Range,UpTrend,2021-07-20 14:25:00+08:00,2021-07-20 14:30:00+08:00,41,,,,True,127,online,29.0
online_v2,000688.SH,2021-07-21,UpTrend,Range,2021-07-21 13:40:00+08:00,2021-07-21 13:45:00+08:00,32,,,,True,128,online,20.0
online_v2,000688.SH,2021-07-23,Shock,DownTrend,2021-07-23 11:25:00+08:00,2021-07-23 11:30:00+08:00,23,,,,False,,online,11.0
online_v2,000688.SH,2021-07-28,Shock,DownTrend,2021-07-28 13:30:00+08:00,2021-07-28 13:35:00+08:00,30,,,,False,,online,18.0
online_v2,000688.SH,2021-07-29,Range,UpTrend,2021-07-29 13:20:00+08:00,2021-07-29 13:25:00+08:00,28,,,,True,129,online,16.0
online_v2,000688.SH,2021-07-30,UpTrend,Range,2021-07-30 14:05:00+08:00,2021-07-30 14:10:00+08:00,37,,,,True,130,online,25.0
online_v2,000688.SH,2021-08-02,Shock,Range,2021-08-02 13:35:00+08:00,2021-08-02 13:40:00+08:00,31,,,,False,,online,19.0
online_v2,000688.SH,2021-08-03,Shock,Range,2021-08-03 10:55:00+08:00,2021-08-03 11:00:00+08:00,17,,,,False,,online,5.0
online_v2,000688.SH,2021-08-03,Range,DownTrend,2021-08-03 13:45:00+08:00,2021-08-03 13:50:00+08:00,33,,,,False,,online,21.0
online_v2,000688.SH,2021-08-04,UpTrend,Range,2021-08-04 14:20:00+08:00,2021-08-04 14:25:00+08:00,40,,,,True,131,online,28.0
online_v2,000688.SH,2021-08-09,Range,UpTrend,2021-08-09 13:45:00+08:00,2021-08-09 13:50:00+08:00,33,,,,True,132,online,21.0
online_v2,000688.SH,2021-08-13,UpTrend,DownTrend,2021-08-13 11:20:00+08:00,2021-08-13 11:25:00+08:00,22,,,,False,,online,10.0
online_v2,000688.SH,2021-08-16,UpTrend,DownTrend,2021-08-16 13:20:00+08:00,2021-08-16 13:25:00+08:00,28,,,,False,,online,16.0
online_v2,000688.SH,2021-08-19,Shock,UpTrend,2021-08-19 11:25:00+08:00,2021-08-19 11:30:00+08:00,23,,,,False,,online,11.0
online_v2,000688.SH,2021-08-20,Shock,DownTrend,2021-08-20 11:00:00+08:00,2021-08-20 11:05:00+08:00,18,,,,False,,online,6.0
online_v2,000688.SH,2021-08-20,DownTrend,UpTrend,2021-08-20 14:20:00+08:00,2021-08-20 14:25:00+08:00,40,,,,True,133,online,28.0
online_v2,000688.SH,2021-08-23,Shock,UpTrend,2021-08-23 10:45:00+08:00,2021-08-23 10:50:00+08:00,15,,,,False,,online,3.0
online_v2,000688.SH,2021-08-25,DownTrend,Range,2021-08-25 11:30:00+08:00,2021-08-25 13:05:00+08:00,24,,,,False,,online,12.0
online_v2,000688.SH,2021-08-25,Range,DownTrend,2021-08-25 14:15:00+08:00,2021-08-25 14:20:00+08:00,39,,,,True,134,online,27.0
online_v2,000688.SH,2021-08-26,Shock,DownTrend,2021-08-26 11:20:00+08:00,2021-08-26 11:25:00+08:00,22,,,,False,,online,10.0
online_v2,000688.SH,2021-08-26,DownTrend,Range,2021-08-26 13:50:00+08:00,2021-08-26 13:55:00+08:00,34,,,,True,135,online,22.0
online_v2,000688.SH,2021-08-27,Shock,DownTrend,2021-08-27 11:05:00+08:00,2021-08-27 11:10:00+08:00,19,,,,False,,online,7.0
online_v2,000688.SH,2021-08-27,DownTrend,Range,2021-08-27 14:15:00+08:00,2021-08-27 14:20:00+08:00,39,,,,True,136,online,27.0
online_v2,000688.SH,2021-08-30,Shock,DownTrend,2021-08-30 11:00:00+08:00,2021-08-30 11:05:00+08:00,18,,,,False,,online,6.0
online_v2,000688.SH,2021-09-06,Shock,UpTrend,2021-09-06 11:00:00+08:00,2021-09-06 11:05:00+08:00,18,,,,False,,online,6.0
online_v2,000688.SH,2021-09-08,DownTrend,Range,2021-09-08 13:20:00+08:00,2021-09-08 13:25:00+08:00,28,,,,True,137,online,16.0
online_v2,000688.SH,2021-09-09,Shock,DownTrend,2021-09-09 10:45:00+08:00,2021-09-09 10:50:00+08:00,15,,,,False,,online,3.0
online_v2,000688.SH,2021-09-10,Shock,UpTrend,2021-09-10 13:10:00+08:00,2021-09-10 13:15:00+08:00,26,,,,True,138,online,14.0
online_v2,000688.SH,2021-09-10,UpTrend,Range,2021-09-10 14:10:00+08:00,2021-09-10 14:15:00+08:00,38,,,,True,139,online,26.0
online_v2,000688.SH,2021-09-14,UpTrend,DownTrend,2021-09-14 14:05:00+08:00,2021-09-14 14:10:00+08:00,37,,,,False,,online,25.0
online_v2,000688.SH,2021-09-17,Range,UpTrend,2021-09-17 14:15:00+08:00,2021-09-17 14:20:00+08:00,39,,,,True,140,online,27.0
online_v2,000688.SH,2021-09-22,Shock,Range,2021-09-22 11:10:00+08:00,2021-09-22 11:15:00+08:00,20,,,,False,,online,8.0
online_v2,000688.SH,2021-09-24,UpTrend,DownTrend,2021-09-24 13:20:00+08:00,2021-09-24 13:25:00+08:00,28,,,,False,,online,16.0
online_v2,000688.SH,2021-09-27,Shock,DownTrend,2021-09-27 11:10:00+08:00,2021-09-27 11:15:00+08:00,20,,,,False,,online,8.0
online_v2,000688.SH,2021-09-27,DownTrend,UpTrend,2021-09-27 13:55:00+08:00,2021-09-27 14:00:00+08:00,35,,,,True,141,online,23.0
online_v2,000688.SH,2021-09-28,Shock,DownTrend,2021-09-28 13:10:00+08:00,2021-09-28 13:15:00+08:00,26,,,,False,,online,14.0
online_v2,000688.SH,2021-09-30,Range,UpTrend,2021-09-30 13:15:00+08:00,2021-09-30 13:20:00+08:00,27,,,,False,,online,15.0
online_v2,000688.SH,2021-10-11,Shock,Range,2021-10-11 10:45:00+08:00,2021-10-11 10:50:00+08:00,15,,,,False,,online,3.0
online_v2,000688.SH,2021-10-11,Range,DownTrend,2021-10-11 11:10:00+08:00,2021-10-11 11:15:00+08:00,20,,,,False,,online,8.0
online_v2,000688.SH,2021-10-13,Range,UpTrend,2021-10-13 13:15:00+08:00,2021-10-13 13:20:00+08:00,27,,,,False,,online,15.0
online_v2,000688.SH,2021-10-14,DownTrend,Range,2021-10-14 13:25:00+08:00,2021-10-14 13:30:00+08:00,29,,,,False,,online,17.0
online_v2,000688.SH,2021-10-15,Shock,UpTrend,2021-10-15 10:45:00+08:00,2021-10-15 10:50:00+08:00,15,,,,False,,online,3.0
online_v2,000688.SH,2021-10-15,UpTrend,Range,2021-10-15 13:25:00+08:00,2021-10-15 13:30:00+08:00,29,,,,False,,online,17.0
online_v2,000688.SH,2021-10-18,DownTrend,Range,2021-10-18 11:05:00+08:00,2021-10-18 11:10:00+08:00,19,,,,False,,online,7.0
online_v2,000688.SH,2021-10-19,Range,UpTrend,2021-10-19 11:25:00+08:00,2021-10-19 11:30:00+08:00,23,,,,False,,online,11.0
online_v2,000688.SH,2021-10-20,Shock,Range,2021-10-20 10:55:00+08:00,2021-10-20 11:00:00+08:00,17,,,,False,,online,5.0
online_v2,000688.SH,2021-10-20,Range,UpTrend,2021-10-20 13:05:00+08:00,2021-10-20 13:10:00+08:00,25,,,,False,,online,13.0
online_v2,000688.SH,2021-10-21,Shock,DownTrend,2021-10-21 11:10:00+08:00,2021-10-21 11:15:00+08:00,20,,,,False,,online,8.0
online_v2,000688.SH,2021-10-22,Shock,Range,2021-10-22 11:00:00+08:00,2021-10-22 11:05:00+08:00,18,,,,False,,online,6.0
online_v2,000688.SH,2021-10-22,Range,DownTrend,2021-10-22 13:50:00+08:00,2021-10-22 13:55:00+08:00,34,,,,False,,online,22.0
online_v2,000688.SH,2021-10-25,Shock,Range,2021-10-25 14:15:00+08:00,2021-10-25 14:20:00+08:00,39,,,,False,,online,27.0
online_v2,000688.SH,2021-10-27,Shock,Range,2021-10-27 11:10:00+08:00,2021-10-27 11:15:00+08:00,20,,,,False,,online,8.0
online_v2,000688.SH,2021-10-27,Range,UpTrend,2021-10-27 14:25:00+08:00,2021-10-27 14:30:00+08:00,41,,,,True,142,online,29.0
online_v2,000688.SH,2021-10-28,Shock,DownTrend,2021-10-28 13:30:00+08:00,2021-10-28 13:35:00+08:00,30,,,,True,143,online,18.0
online_v2,000688.SH,2021-10-29,Shock,UpTrend,2021-10-29 13:40:00+08:00,2021-10-29 13:45:00+08:00,32,,,,True,144,online,20.0
online_v2,000688.SH,2021-11-01,Shock,UpTrend,2021-11-01 11:15:00+08:00,2021-11-01 11:20:00+08:00,21,,,,True,145,online,9.0
online_v2,000688.SH,2021-11-02,Range,Shock,2021-11-02 13:20:00+08:00,2021-11-02 13:25:00+08:00,28,,,,True,146,online,16.0
online_v2,000688.SH,2021-11-03,Shock,Range,2021-11-03 13:45:00+08:00,2021-11-03 13:50:00+08:00,33,,,,False,,online,21.0
online_v2,000688.SH,2021-11-05,Range,DownTrend,2021-11-05 14:10:00+08:00,2021-11-05 14:15:00+08:00,38,,,,True,147,online,26.0
online_v2,000688.SH,2021-11-09,Range,UpTrend,2021-11-09 13:25:00+08:00,2021-11-09 13:30:00+08:00,29,,,,True,148,online,17.0
online_v2,000688.SH,2021-11-09,UpTrend,Range,2021-11-09 14:25:00+08:00,2021-11-09 14:30:00+08:00,41,,,,True,149,online,29.0
online_v2,000688.SH,2021-11-10,Shock,UpTrend,2021-11-10 13:25:00+08:00,2021-11-10 13:30:00+08:00,29,,,,False,,online,17.0
online_v2,000688.SH,2021-11-12,Range,UpTrend,2021-11-12 14:10:00+08:00,2021-11-12 14:15:00+08:00,38,,,,True,150,online,26.0
online_v2,000688.SH,2021-11-15,Range,DownTrend,2021-11-15 11:10:00+08:00,2021-11-15 11:15:00+08:00,20,,,,False,,online,8.0
online_v2,000688.SH,2021-11-15,DownTrend,Range,2021-11-15 13:25:00+08:00,2021-11-15 13:30:00+08:00,29,,,,True,151,online,17.0
online_v2,000688.SH,2021-11-19,UpTrend,Range,2021-11-19 13:05:00+08:00,2021-11-19 13:10:00+08:00,25,,,,True,152,online,13.0
online_v2,000688.SH,2021-11-25,Shock,Range,2021-11-25 13:20:00+08:00,2021-11-25 13:25:00+08:00,28,,,,False,,online,16.0
online_v2,000688.SH,2021-11-26,DownTrend,UpTrend,2021-11-26 13:45:00+08:00,2021-11-26 13:50:00+08:00,33,,,,True,153,online,21.0
online_v2,000688.SH,2021-11-29,Shock,Range,2021-11-29 13:05:00+08:00,2021-11-29 13:10:00+08:00,25,,,,False,,online,13.0
online_v2,000688.SH,2021-11-30,Shock,Range,2021-11-30 10:55:00+08:00,2021-11-30 11:00:00+08:00,17,,,,False,,online,5.0
online_v2,000688.SH,2021-11-30,Range,DownTrend,2021-11-30 13:40:00+08:00,2021-11-30 13:45:00+08:00,32,,,,True,154,online,20.0
online_v2,000688.SH,2021-12-02,Shock,DownTrend,2021-12-02 10:55:00+08:00,2021-12-02 11:00:00+08:00,17,,,,False,,online,5.0
online_v2,000688.SH,2021-12-02,DownTrend,Range,2021-12-02 13:15:00+08:00,2021-12-02 13:20:00+08:00,27,,,,True,155,online,15.0
online_v2,000688.SH,2021-12-03,Shock,Range,2021-12-03 13:25:00+08:00,2021-12-03 13:30:00+08:00,29,,,,True,156,online,17.0
online_v2,000688.SH,2021-12-03,Range,UpTrend,2021-12-03 14:00:00+08:00,2021-12-03 14:05:00+08:00,36,,,,True,157,online,24.0
online_v2,000688.SH,2021-12-06,Shock,DownTrend,2021-12-06 10:55:00+08:00,2021-12-06 11:00:00+08:00,17,,,,False,,online,5.0
online_v2,000688.SH,2021-12-08,UpTrend,Range,2021-12-08 13:40:00+08:00,2021-12-08 13:45:00+08:00,32,,,,True,158,online,20.0
online_v2,000688.SH,2021-12-08,Range,UpTrend,2021-12-08 14:25:00+08:00,2021-12-08 14:30:00+08:00,41,,,,True,159,online,29.0
online_v2,000688.SH,2021-12-13,UpTrend,Range,2021-12-13 13:45:00+08:00,2021-12-13 13:50:00+08:00,33,,,,True,160,online,21.0
online_v2,000688.SH,2021-12-14,Shock,Range,2021-12-14 10:55:00+08:00,2021-12-14 11:00:00+08:00,17,,,,False,,online,5.0
online_v2,000688.SH,2021-12-14,Range,DownTrend,2021-12-14 14:10:00+08:00,2021-12-14 14:15:00+08:00,38,,,,True,161,online,26.0
online_v2,000688.SH,2021-12-15,Range,DownTrend,2021-12-15 13:40:00+08:00,2021-12-15 13:45:00+08:00,32,,,,True,162,online,20.0
online_v2,000688.SH,2021-12-17,Shock,Range,2021-12-17 11:25:00+08:00,2021-12-17 11:30:00+08:00,23,,,,False,,online,11.0
online_v2,000688.SH,2021-12-20,Shock,DownTrend,2021-12-20 11:15:00+08:00,2021-12-20 11:20:00+08:00,21,,,,True,163,online,9.0
online_v2,000688.SH,2021-12-21,Shock,DownTrend,2021-12-21 11:10:00+08:00,2021-12-21 11:15:00+08:00,20,,,,False,,online,8.0
online_v2,000688.SH,2021-12-21,DownTrend,UpTrend,2021-12-21 13:55:00+08:00,2021-12-21 14:00:00+08:00,35,,,,True,164,online,23.0
online_v2,000688.SH,2021-12-22,Shock,Range,2021-12-22 11:05:00+08:00,2021-12-22 11:10:00+08:00,19,,,,False,,online,7.0
online_v2,000688.SH,2021-12-23,Shock,Range,2021-12-23 13:05:00+08:00,2021-12-23 13:10:00+08:00,25,,,,True,165,online,13.0
online_v2,000688.SH,2021-12-24,Shock,Range,2021-12-24 14:25:00+08:00,2021-12-24 14:30:00+08:00,41,,,,True,166,online,29.0
online_v2,000688.SH,2021-12-27,Shock,DownTrend,2021-12-27 13:05:00+08:00,2021-12-27 13:10:00+08:00,25,,,,False,,online,13.0
online_v2,000688.SH,2021-12-29,DownTrend,Range,2021-12-29 11:10:00+08:00,2021-12-29 11:15:00+08:00,20,,,,False,,online,8.0
online_v2,000688.SH,2021-12-30,UpTrend,Range,2021-12-30 14:05:00+08:00,2021-12-30 14:10:00+08:00,37,,,,True,167,online,25.0
online_v2,000688.SH,2022-01-04,Shock,UpTrend,2022-01-04 13:35:00+08:00,2022-01-04 13:40:00+08:00,31,,,,False,,online,19.0
online_v2,000688.SH,2022-01-04,UpTrend,DownTrend,2022-01-04 14:20:00+08:00,2022-01-04 14:25:00+08:00,40,,,,True,168,online,28.0
online_v2,000688.SH,2022-01-06,Shock,UpTrend,2022-01-06 13:25:00+08:00,2022-01-06 13:30:00+08:00,29,,,,True,169,online,17.0
online_v2,000688.SH,2022-01-07,Shock,DownTrend,2022-01-07 10:45:00+08:00,2022-01-07 10:50:00+08:00,15,,,,False,,online,3.0
online_v2,000688.SH,2022-01-10,Shock,DownTrend,2022-01-10 13:55:00+08:00,2022-01-10 14:00:00+08:00,35,,,,True,170,online,23.0
online_v2,000688.SH,2022-01-11,Shock,Range,2022-01-11 11:30:00+08:00,2022-01-11 13:05:00+08:00,24,,,,False,,online,12.0
online_v2,000688.SH,2022-01-12,Shock,DownTrend,2022-01-12 11:25:00+08:00,2022-01-12 11:30:00+08:00,23,,,,False,,online,11.0
online_v2,000688.SH,2022-01-12,DownTrend,UpTrend,2022-01-12 13:25:00+08:00,2022-01-12 13:30:00+08:00,29,,,,True,171,online,17.0
online_v2,000688.SH,2022-01-13,Shock,DownTrend,2022-01-13 13:25:00+08:00,2022-01-13 13:30:00+08:00,29,,,,False,,online,17.0
online_v2,000688.SH,2022-01-14,Shock,Range,2022-01-14 11:25:00+08:00,2022-01-14 11:30:00+08:00,23,,,,False,,online,11.0
online_v2,000688.SH,2022-01-14,Range,UpTrend,2022-01-14 13:35:00+08:00,2022-01-14 13:40:00+08:00,31,,,,True,172,online,19.0
online_v2,000688.SH,2022-01-17,Shock,UpTrend,2022-01-17 11:00:00+08:00,2022-01-17 11:05:00+08:00,18,,,,False,,online,6.0
online_v2,000688.SH,2022-01-18,Shock,DownTrend,2022-01-18 11:15:00+08:00,2022-01-18 11:20:00+08:00,21,,,,False,,online,9.0
online_v2,000688.SH,2022-01-18,DownTrend,Range,2022-01-18 14:20:00+08:00,2022-01-18 14:25:00+08:00,40,,,,True,173,online,28.0
online_v2,000688.SH,2022-01-19,Range,DownTrend,2022-01-19 11:10:00+08:00,2022-01-19 11:15:00+08:00,20,,,,False,,online,8.0
online_v2,000688.SH,2022-01-19,DownTrend,Range,2022-01-19 13:25:00+08:00,2022-01-19 13:30:00+08:00,29,,,,True,174,online,17.0
online_v2,000688.SH,2022-01-20,Shock,DownTrend,2022-01-20 11:05:00+08:00,2022-01-20 11:10:00+08:00,19,,,,False,,online,7.0
online_v2,000688.SH,2022-01-21,Shock,DownTrend,2022-01-21 10:55:00+08:00,2022-01-21 11:00:00+08:00,17,,,,False,,online,5.0
online_v2,000688.SH,2022-01-25,Shock,Range,2022-01-25 11:30:00+08:00,2022-01-25 13:05:00+08:00,24,,,,True,175,online,12.0
online_v2,000688.SH,2022-01-25,Range,DownTrend,2022-01-25 13:30:00+08:00,2022-01-25 13:35:00+08:00,30,,,,True,176,online,18.0
online_v2,000688.SH,2022-01-26,Shock,DownTrend,2022-01-26 11:10:00+08:00,2022-01-26 11:15:00+08:00,20,,,,False,,online,8.0
online_v2,000688.SH,2022-01-26,DownTrend,UpTrend,2022-01-26 14:25:00+08:00,2022-01-26 14:30:00+08:00,41,,,,True,177,online,29.0
online_v2,000688.SH,2022-01-27,Shock,DownTrend,2022-01-27 13:25:00+08:00,2022-01-27 13:30:00+08:00,29,,,,False,,online,17.0
online_v2,000688.SH,2022-02-07,Shock,DownTrend,2022-02-07 10:45:00+08:00,2022-02-07 10:50:00+08:00,15,,,,False,,online,3.0
online_v2,000688.SH,2022-02-07,DownTrend,Range,2022-02-07 13:05:00+08:00,2022-02-07 13:10:00+08:00,25,,,,True,178,online,13.0
online_v2,000688.SH,2022-02-08,Shock,DownTrend,2022-02-08 10:50:00+08:00,2022-02-08 10:55:00+08:00,16,,,,False,,online,4.0
online_v2,000688.SH,2022-02-08,DownTrend,Shock,2022-02-08 13:25:00+08:00,2022-02-08 13:30:00+08:00,29,,,,True,179,online,17.0
online_v2,000688.SH,2022-02-08,Shock,Range,2022-02-08 13:35:00+08:00,2022-02-08 13:40:00+08:00,31,,,,True,180,online,19.0
online_v2,000688.SH,2022-02-09,Shock,UpTrend,2022-02-09 13:25:00+08:00,2022-02-09 13:30:00+08:00,29,,,,False,,online,17.0
online_v2,000688.SH,2022-02-09,UpTrend,Range,2022-02-09 14:00:00+08:00,2022-02-09 14:05:00+08:00,36,,,,True,181,online,24.0
online_v2,000688.SH,2022-02-10,Shock,DownTrend,2022-02-10 11:10:00+08:00,2022-02-10 11:15:00+08:00,20,,,,False,,online,8.0
online_v2,000688.SH,2022-02-14,Shock,Range,2022-02-14 14:05:00+08:00,2022-02-14 14:10:00+08:00,37,,,,False,,online,25.0
online_v2,000688.SH,2022-02-15,Shock,UpTrend,2022-02-15 10:45:00+08:00,2022-02-15 10:50:00+08:00,15,,,,False,,online,3.0
online_v2,000688.SH,2022-02-16,UpTrend,DownTrend,2022-02-16 14:10:00+08:00,2022-02-16 14:15:00+08:00,38,,,,True,182,online,26.0
online_v2,000688.SH,2022-02-17,UpTrend,Shock,2022-02-17 13:15:00+08:00,2022-02-17 13:20:00+08:00,27,,,,True,183,online,15.0
online_v2,000688.SH,2022-02-22,Shock,Range,2022-02-22 14:15:00+08:00,2022-02-22 14:20:00+08:00,39,,,,True,184,online,27.0
online_v2,000688.SH,2022-02-23,Shock,UpTrend,2022-02-23 11:00:00+08:00,2022-02-23 11:05:00+08:00,18,,,,False,,online,6.0
online_v2,000688.SH,2022-02-24,Shock,UpTrend,2022-02-24 10:45:00+08:00,2022-02-24 10:50:00+08:00,15,,,,False,,online,3.0
online_v2,000688.SH,2022-02-24,UpTrend,DownTrend,2022-02-24 11:15:00+08:00,2022-02-24 11:20:00+08:00,21,,,,False,,online,9.0
online_v2,000688.SH,2022-02-24,DownTrend,Shock,2022-02-24 13:05:00+08:00,2022-02-24 13:10:00+08:00,25,,,,True,185,online,13.0
online_v2,000688.SH,2022-02-24,Shock,DownTrend,2022-02-24 14:15:00+08:00,2022-02-24 14:20:00+08:00,39,,,,True,186,online,27.0
online_v2,000688.SH,2022-02-25,Shock,DownTrend,2022-02-25 13:15:00+08:00,2022-02-25 13:20:00+08:00,27,,,,False,,online,15.0
online_v2,000688.SH,2022-02-28,Range,UpTrend,2022-02-28 14:05:00+08:00,2022-02-28 14:10:00+08:00,37,,,,True,187,online,25.0
online_v2,000688.SH,2022-03-02,Range,UpTrend,2022-03-02 11:25:00+08:00,2022-03-02 11:30:00+08:00,23,,,,False,,online,11.0
online_v2,000688.SH,2022-03-02,UpTrend,Range,2022-03-02 14:10:00+08:00,2022-03-02 14:15:00+08:00,38,,,,True,188,online,26.0
online_v2,000688.SH,2022-03-04,UpTrend,DownTrend,2022-03-04 11:20:00+08:00,2022-03-04 11:25:00+08:00,22,,,,False,,online,10.0
online_v2,000688.SH,2022-03-07,Shock,DownTrend,2022-03-07 11:30:00+08:00,2022-03-07 13:05:00+08:00,24,,,,False,,online,12.0
online_v2,000688.SH,2022-03-08,Shock,DownTrend,2022-03-08 10:55:00+08:00,2022-03-08 11:00:00+08:00,17,,,,False,,online,5.0
online_v2,000688.SH,2022-03-08,DownTrend,Shock,2022-03-08 13:35:00+08:00,2022-03-08 13:40:00+08:00,31,,,,False,,online,19.0
online_v2,000688.SH,2022-03-09,Shock,DownTrend,2022-03-09 13:35:00+08:00,2022-03-09 13:40:00+08:00,31,,,,False,,online,19.0
online_v2,000688.SH,2022-03-09,DownTrend,Shock,2022-03-09 13:45:00+08:00,2022-03-09 13:50:00+08:00,33,,,,False,,online,21.0
online_v2,000688.SH,2022-03-10,UpTrend,Range,2022-03-10 14:15:00+08:00,2022-03-10 14:20:00+08:00,39,,,,True,189,online,27.0
online_v2,000688.SH,2022-03-11,DownTrend,Shock,2022-03-11 13:20:00+08:00,2022-03-11 13:25:00+08:00,28,,,,True,190,online,16.0
online_v2,000688.SH,2022-03-11,Shock,UpTrend,2022-03-11 14:00:00+08:00,2022-03-11 14:05:00+08:00,36,,,,True,191,online,24.0
online_v2,000688.SH,2022-03-14,Range,DownTrend,2022-03-14 14:15:00+08:00,2022-03-14 14:20:00+08:00,39,,,,True,192,online,27.0
online_v2,000688.SH,2022-03-15,Shock,DownTrend,2022-03-15 13:05:00+08:00,2022-03-15 13:10:00+08:00,25,,,,False,,online,13.0
online_v2,000688.SH,2022-03-17,Shock,UpTrend,2022-03-17 13:10:00+08:00,2022-03-17 13:15:00+08:00,26,,,,False,,online,14.0
online_v2,000688.SH,2022-03-17,UpTrend,DownTrend,2022-03-17 14:10:00+08:00,2022-03-17 14:15:00+08:00,38,,,,True,193,online,26.0
online_v2,000688.SH,2022-03-18,Range,UpTrend,2022-03-18 13:55:00+08:00,2022-03-18 14:00:00+08:00,35,,,,False,,online,23.0
online_v2,000688.SH,2022-03-24,UpTrend,Range,2022-03-24 14:15:00+08:00,2022-03-24 14:20:00+08:00,39,,,,True,194,online,27.0
online_v2,000688.SH,2022-03-25,DownTrend,Range,2022-03-25 14:15:00+08:00,2022-03-25 14:20:00+08:00,39,,,,True,195,online,27.0
online_v2,000688.SH,2022-03-28,Range,DownTrend,2022-03-28 13:35:00+08:00,2022-03-28 13:40:00+08:00,31,,,,True,196,online,19.0
online_v2,000688.SH,2022-03-30,Shock,UpTrend,2022-03-30 13:25:00+08:00,2022-03-30 13:30:00+08:00,29,,,,False,,online,17.0
online_v2,000688.SH,2022-03-31,DownTrend,Range,2022-03-31 14:15:00+08:00,2022-03-31 14:20:00+08:00,39,,,,True,197,online,27.0
online_v2,000688.SH,2022-04-06,DownTrend,Range,2022-04-06 11:15:00+08:00,2022-04-06 11:20:00+08:00,21,,,,False,,online,9.0
online_v2,000688.SH,2022-04-06,Range,DownTrend,2022-04-06 13:45:00+08:00,2022-04-06 13:50:00+08:00,33,,,,True,198,online,21.0
online_v2,000688.SH,2022-04-07,Shock,DownTrend,2022-04-07 13:25:00+08:00,2022-04-07 13:30:00+08:00,29,,,,False,,online,17.0
online_v2,000688.SH,2022-04-08,Shock,Range,2022-04-08 13:35:00+08:00,2022-04-08 13:40:00+08:00,31,,,,True,199,online,19.0
online_v2,000688.SH,2022-04-08,Range,DownTrend,2022-04-08 14:20:00+08:00,2022-04-08 14:25:00+08:00,40,,,,True,200,online,28.0
online_v2,000688.SH,2022-04-11,DownTrend,Shock,2022-04-11 10:45:00+08:00,2022-04-11 10:50:00+08:00,15,,,,False,,online,3.0
online_v2,000688.SH,2022-04-11,Shock,DownTrend,2022-04-11 13:50:00+08:00,2022-04-11 13:55:00+08:00,34,,,,False,,online,22.0
online_v2,000688.SH,2022-04-12,Shock,DownTrend,2022-04-12 11:30:00+08:00,2022-04-12 13:05:00+08:00,24,,,,False,,online,12.0
online_v2,000688.SH,2022-04-12,DownTrend,Shock,2022-04-12 13:15:00+08:00,2022-04-12 13:20:00+08:00,27,,,,True,201,online,15.0
online_v2,000688.SH,2022-04-12,Shock,Range,2022-04-12 14:20:00+08:00,2022-04-12 14:25:00+08:00,40,,,,True,202,online,28.0
online_v2,000688.SH,2022-04-13,Shock,UpTrend,2022-04-13 11:05:00+08:00,2022-04-13 11:10:00+08:00,19,,,,False,,online,7.0
online_v2,000688.SH,2022-04-14,Shock,UpTrend,2022-04-14 13:50:00+08:00,2022-04-14 13:55:00+08:00,34,,,,True,203,online,22.0
online_v2,000688.SH,2022-04-15,Range,Shock,2022-04-15 13:40:00+08:00,2022-04-15 13:45:00+08:00,32,,,,True,204,online,20.0
online_v2,000688.SH,2022-04-18,Shock,Range,2022-04-18 14:25:00+08:00,2022-04-18 14:30:00+08:00,41,,,,True,205,online,29.0
online_v2,000688.SH,2022-04-19,DownTrend,Range,2022-04-19 13:30:00+08:00,2022-04-19 13:35:00+08:00,30,,,,True,206,online,18.0
online_v2,000688.SH,2022-04-21,DownTrend,Shock,2022-04-21 13:30:00+08:00,2022-04-21 13:35:00+08:00,30,,,,True,207,online,18.0
online_v2,000688.SH,2022-04-21,Shock,DownTrend,2022-04-21 14:20:00+08:00,2022-04-21 14:25:00+08:00,40,,,,True,208,online,28.0
online_v2,000688.SH,2022-04-22,Shock,DownTrend,2022-04-22 11:00:00+08:00,2022-04-22 11:05:00+08:00,18,,,,False,,online,6.0
online_v2,000688.SH,2022-04-22,DownTrend,UpTrend,2022-04-22 13:25:00+08:00,2022-04-22 13:30:00+08:00,29,,,,True,209,online,17.0
online_v2,000688.SH,2022-04-25,Shock,Range,2022-04-25 10:45:00+08:00,2022-04-25 10:50:00+08:00,15,,,,False,,online,3.0
online_v2,000688.SH,2022-04-25,Range,Shock,2022-04-25 11:10:00+08:00,2022-04-25 11:15:00+08:00,20,,,,False,,online,8.0
online_v2,000688.SH,2022-04-25,Shock,DownTrend,2022-04-25 13:40:00+08:00,2022-04-25 13:45:00+08:00,32,,,,True,210,online,20.0
online_v2,000688.SH,2022-04-25,DownTrend,Shock,2022-04-25 14:25:00+08:00,2022-04-25 14:30:00+08:00,41,,,,True,211,online,29.0
online_v2,000688.SH,2022-04-26,Shock,Range,2022-04-26 11:25:00+08:00,2022-04-26 11:30:00+08:00,23,,,,False,,online,11.0
online_v2,000688.SH,2022-04-26,Range,DownTrend,2022-04-26 13:30:00+08:00,2022-04-26 13:35:00+08:00,30,,,,True,212,online,18.0
online_v2,000688.SH,2022-04-27,Shock,UpTrend,2022-04-27 14:10:00+08:00,2022-04-27 14:15:00+08:00,38,,,,True,213,online,26.0
online_v2,000688.SH,2022-04-28,UpTrend,DownTrend,2022-04-28 11:30:00+08:00,2022-04-28 13:05:00+08:00,24,,,,False,,online,12.0
online_v2,000688.SH,2022-04-29,Range,Shock,2022-04-29 13:05:00+08:00,2022-04-29 13:10:00+08:00,25,,,,True,214,online,13.0
online_v2,000688.SH,2022-05-05,UpTrend,Range,2022-05-05 13:50:00+08:00,2022-05-05 13:55:00+08:00,34,,,,True,215,online,22.0
online_v2,000688.SH,2022-05-10,Shock,Range,2022-05-10 11:15:00+08:00,2022-05-10 11:20:00+08:00,21,,,,False,,online,9.0
online_v2,000688.SH,2022-05-10,Range,DownTrend,2022-05-10 14:10:00+08:00,2022-05-10 14:15:00+08:00,38,,,,True,216,online,26.0
online_v2,000688.SH,2022-05-11,UpTrend,DownTrend,2022-05-11 14:25:00+08:00,2022-05-11 14:30:00+08:00,41,,,,True,217,online,29.0
online_v2,000688.SH,2022-05-12,UpTrend,DownTrend,2022-05-12 13:35:00+08:00,2022-05-12 13:40:00+08:00,31,,,,False,,online,19.0
online_v2,000688.SH,2022-05-12,DownTrend,Range,2022-05-12 14:25:00+08:00,2022-05-12 14:30:00+08:00,41,,,,True,218,online,29.0
online_v2,000688.SH,2022-05-17,Shock,UpTrend,2022-05-17 11:25:00+08:00,2022-05-17 11:30:00+08:00,23,,,,False,,online,11.0
online_v2,000688.SH,2022-05-17,UpTrend,Range,2022-05-17 13:30:00+08:00,2022-05-17 13:35:00+08:00,30,,,,True,219,online,18.0
online_v2,000688.SH,2022-05-20,DownTrend,UpTrend,2022-05-20 13:10:00+08:00,2022-05-20 13:15:00+08:00,26,,,,False,,online,14.0
online_v2,000688.SH,2022-05-23,DownTrend,UpTrend,2022-05-23 13:20:00+08:00,2022-05-23 13:25:00+08:00,28,,,,True,220,online,16.0
online_v2,000688.SH,2022-05-25,Range,UpTrend,2022-05-25 13:05:00+08:00,2022-05-25 13:10:00+08:00,25,,,,True,221,online,13.0
online_v2,000688.SH,2022-05-26,Shock,DownTrend,2022-05-26 14:05:00+08:00,2022-05-26 14:10:00+08:00,37,,,,True,222,online,25.0
online_v2,000688.SH,2022-05-27,DownTrend,Range,2022-05-27 13:05:00+08:00,2022-05-27 13:10:00+08:00,25,,,,True,223,online,13.0
online_v2,000688.SH,2022-05-27,Range,DownTrend,2022-05-27 14:10:00+08:00,2022-05-27 14:15:00+08:00,38,,,,True,224,online,26.0
online_v2,000688.SH,2022-05-30,Shock,UpTrend,2022-05-30 10:50:00+08:00,2022-05-30 10:55:00+08:00,16,,,,False,,online,4.0
online_v2,000688.SH,2022-05-31,Shock,Range,2022-05-31 14:05:00+08:00,2022-05-31 14:10:00+08:00,37,,,,True,225,online,25.0
online_v2,000688.SH,2022-06-02,Shock,UpTrend,2022-06-02 13:30:00+08:00,2022-06-02 13:35:00+08:00,30,,,,False,,online,18.0
online_v2,000688.SH,2022-06-02,UpTrend,Shock,2022-06-02 13:55:00+08:00,2022-06-02 14:00:00+08:00,35,,,,True,226,online,23.0
online_v2,000688.SH,2022-06-02,Shock,UpTrend,2022-06-02 14:10:00+08:00,2022-06-02 14:15:00+08:00,38,,,,True,227,online,26.0
online_v2,000688.SH,2022-06-06,Shock,Range,2022-06-06 13:20:00+08:00,2022-06-06 13:25:00+08:00,28,,,,True,228,online,16.0
online_v2,000688.SH,2022-06-06,Range,DownTrend,2022-06-06 13:55:00+08:00,2022-06-06 14:00:00+08:00,35,,,,True,229,online,23.0
online_v2,000688.SH,2022-06-08,Shock,DownTrend,2022-06-08 11:00:00+08:00,2022-06-08 11:05:00+08:00,18,,,,False,,online,6.0
online_v2,000688.SH,2022-06-08,DownTrend,Shock,2022-06-08 11:10:00+08:00,2022-06-08 11:15:00+08:00,20,,,,False,,online,8.0
online_v2,000688.SH,2022-06-08,Shock,UpTrend,2022-06-08 14:20:00+08:00,2022-06-08 14:25:00+08:00,40,,,,True,230,online,28.0
online_v2,000688.SH,2022-06-10,UpTrend,Shock,2022-06-10 10:45:00+08:00,2022-06-10 10:50:00+08:00,15,,,,False,,online,3.0
online_v2,000688.SH,2022-06-10,Shock,UpTrend,2022-06-10 13:50:00+08:00,2022-06-10 13:55:00+08:00,34,,,,False,,online,22.0
online_v2,000688.SH,2022-06-14,Shock,DownTrend,2022-06-14 11:15:00+08:00,2022-06-14 11:20:00+08:00,21,,,,False,,online,9.0
online_v2,000688.SH,2022-06-14,DownTrend,Shock,2022-06-14 13:05:00+08:00,2022-06-14 13:10:00+08:00,25,,,,True,231,online,13.0
online_v2,000688.SH,2022-06-15,Shock,UpTrend,2022-06-15 13:05:00+08:00,2022-06-15 13:10:00+08:00,25,,,,False,,online,13.0
online_v2,000688.SH,2022-06-15,UpTrend,Shock,2022-06-15 13:20:00+08:00,2022-06-15 13:25:00+08:00,28,,,,True,232,online,16.0
online_v2,000688.SH,2022-06-16,UpTrend,DownTrend,2022-06-16 14:05:00+08:00,2022-06-16 14:10:00+08:00,37,,,,True,233,online,25.0
online_v2,000688.SH,2022-06-17,Shock,UpTrend,2022-06-17 13:40:00+08:00,2022-06-17 13:45:00+08:00,32,,,,True,234,online,20.0
online_v2,000688.SH,2022-06-20,Shock,Range,2022-06-20 14:25:00+08:00,2022-06-20 14:30:00+08:00,41,,,,False,,online,29.0
online_v2,000688.SH,2022-06-22,Shock,DownTrend,2022-06-22 11:05:00+08:00,2022-06-22 11:10:00+08:00,19,,,,False,,online,7.0
online_v2,000688.SH,2022-06-22,DownTrend,Range,2022-06-22 13:25:00+08:00,2022-06-22 13:30:00+08:00,29,,,,True,235,online,17.0
online_v2,000688.SH,2022-06-22,Range,DownTrend,2022-06-22 14:15:00+08:00,2022-06-22 14:20:00+08:00,39,,,,True,236,online,27.0
online_v2,000688.SH,2022-06-23,DownTrend,UpTrend,2022-06-23 11:25:00+08:00,2022-06-23 11:30:00+08:00,23,,,,False,,online,11.0
online_v2,000688.SH,2022-06-24,UpTrend,DownTrend,2022-06-24 13:20:00+08:00,2022-06-24 13:25:00+08:00,28,,,,False,,online,16.0
online_v2,000688.SH,2022-06-24,DownTrend,UpTrend,2022-06-24 14:25:00+08:00,2022-06-24 14:30:00+08:00,41,,,,True,237,online,29.0
online_v2,000688.SH,2022-06-29,Shock,DownTrend,2022-06-29 13:10:00+08:00,2022-06-29 13:15:00+08:00,26,,,,True,238,online,14.0
online_v2,000688.SH,2022-06-30,Range,UpTrend,2022-06-30 11:10:00+08:00,2022-06-30 11:15:00+08:00,20,,,,False,,online,8.0
online_v2,000688.SH,2022-07-06,UpTrend,Range,2022-07-06 13:15:00+08:00,2022-07-06 13:20:00+08:00,27,,,,False,,online,15.0
online_v2,000688.SH,2022-07-06,Range,DownTrend,2022-07-06 14:05:00+08:00,2022-07-06 14:10:00+08:00,37,,,,True,239,online,25.0
online_v2,000688.SH,2022-07-08,Shock,Range,2022-07-08 13:10:00+08:00,2022-07-08 13:15:00+08:00,26,,,,True,240,online,14.0
online_v2,000688.SH,2022-07-11,Range,DownTrend,2022-07-11 11:25:00+08:00,2022-07-11 11:30:00+08:00,23,,,,True,241,online,11.0
online_v2,000688.SH,2022-07-12,Shock,DownTrend,2022-07-12 11:25:00+08:00,2022-07-12 11:30:00+08:00,23,,,,False,,online,11.0
online_v2,000688.SH,2022-07-12,DownTrend,Range,2022-07-12 13:25:00+08:00,2022-07-12 13:30:00+08:00,29,,,,True,242,online,17.0
online_v2,000688.SH,2022-07-12,Range,DownTrend,2022-07-12 14:25:00+08:00,2022-07-12 14:30:00+08:00,41,,,,True,243,online,29.0
online_v2,000688.SH,2022-07-13,Shock,UpTrend,2022-07-13 11:15:00+08:00,2022-07-13 11:20:00+08:00,21,,,,False,,online,9.0
online_v2,000688.SH,2022-07-13,UpTrend,DownTrend,2022-07-13 14:10:00+08:00,2022-07-13 14:15:00+08:00,38,,,,True,244,online,26.0
online_v2,000688.SH,2022-07-14,UpTrend,Range,2022-07-14 11:25:00+08:00,2022-07-14 11:30:00+08:00,23,,,,False,,online,11.0
online_v2,000688.SH,2022-07-15,Shock,Range,2022-07-15 11:20:00+08:00,2022-07-15 11:25:00+08:00,22,,,,True,245,online,10.0
online_v2,000688.SH,2022-07-15,Range,DownTrend,2022-07-15 13:40:00+08:00,2022-07-15 13:45:00+08:00,32,,,,True,246,online,20.0
online_v2,000688.SH,2022-07-18,Shock,UpTrend,2022-07-18 11:05:00+08:00,2022-07-18 11:10:00+08:00,19,,,,False,,online,7.0
online_v2,000688.SH,2022-07-19,DownTrend,UpTrend,2022-07-19 14:25:00+08:00,2022-07-19 14:30:00+08:00,41,,,,True,247,online,29.0
online_v2,000688.SH,2022-07-21,Shock,Range,2022-07-21 11:15:00+08:00,2022-07-21 11:20:00+08:00,21,,,,False,,online,9.0
online_v2,000688.SH,2022-07-25,Shock,DownTrend,2022-07-25 13:30:00+08:00,2022-07-25 13:35:00+08:00,30,,,,False,,online,18.0
online_v2,000688.SH,2022-07-26,UpTrend,Range,2022-07-26 13:35:00+08:00,2022-07-26 13:40:00+08:00,31,,,,False,,online,19.0
online_v2,000688.SH,2022-07-28,UpTrend,Range,2022-07-28 11:30:00+08:00,2022-07-28 13:05:00+08:00,24,,,,True,248,online,12.0
online_v2,000688.SH,2022-07-28,Range,DownTrend,2022-07-28 14:25:00+08:00,2022-07-28 14:30:00+08:00,41,,,,True,249,online,29.0
online_v2,000688.SH,2022-07-29,Shock,DownTrend,2022-07-29 10:55:00+08:00,2022-07-29 11:00:00+08:00,17,,,,False,,online,5.0
online_v2,000688.SH,2022-07-29,DownTrend,Range,2022-07-29 11:15:00+08:00,2022-07-29 11:20:00+08:00,21,,,,False,,online,9.0
online_v2,000688.SH,2022-08-02,Shock,DownTrend,2022-08-02 11:25:00+08:00,2022-08-02 11:30:00+08:00,23,,,,True,250,online,11.0
online_v2,000688.SH,2022-08-02,DownTrend,Shock,2022-08-02 13:05:00+08:00,2022-08-02 13:10:00+08:00,25,,,,True,251,online,13.0
online_v2,000688.SH,2022-08-03,Shock,Range,2022-08-03 14:10:00+08:00,2022-08-03 14:15:00+08:00,38,,,,True,252,online,26.0
online_v2,000688.SH,2022-08-05,Shock,Range,2022-08-05 10:45:00+08:00,2022-08-05 10:50:00+08:00,15,,,,False,,online,3.0
online_v2,000688.SH,2022-08-05,Range,UpTrend,2022-08-05 13:35:00+08:00,2022-08-05 13:40:00+08:00,31,,,,False,,online,19.0
online_v2,000688.SH,2022-08-11,UpTrend,Range,2022-08-11 13:50:00+08:00,2022-08-11 13:55:00+08:00,34,,,,True,253,online,22.0
online_v2,000688.SH,2022-08-12,Range,DownTrend,2022-08-12 13:05:00+08:00,2022-08-12 13:10:00+08:00,25,,,,True,254,online,13.0
online_v2,000688.SH,2022-08-16,Shock,DownTrend,2022-08-16 13:20:00+08:00,2022-08-16 13:25:00+08:00,28,,,,False,,online,16.0
online_v2,000688.SH,2022-08-16,DownTrend,Range,2022-08-16 14:25:00+08:00,2022-08-16 14:30:00+08:00,41,,,,True,255,online,29.0
online_v2,000688.SH,2022-08-17,Range,DownTrend,2022-08-17 13:25:00+08:00,2022-08-17 13:30:00+08:00,29,,,,False,,online,17.0
online_v2,000688.SH,2022-08-18,Range,UpTrend,2022-08-18 13:55:00+08:00,2022-08-18 14:00:00+08:00,35,,,,True,256,online,23.0
online_v2,000688.SH,2022-08-19,Shock,DownTrend,2022-08-19 10:50:00+08:00,2022-08-19 10:55:00+08:00,16,,,,False,,online,4.0
online_v2,000688.SH,2022-08-24,Shock,DownTrend,2022-08-24 10:55:00+08:00,2022-08-24 11:00:00+08:00,17,,,,False,,online,5.0
online_v2,000688.SH,2022-08-24,DownTrend,Range,2022-08-24 13:35:00+08:00,2022-08-24 13:40:00+08:00,31,,,,True,257,online,19.0
online_v2,000688.SH,2022-08-25,Shock,Range,2022-08-25 13:05:00+08:00,2022-08-25 13:10:00+08:00,25,,,,True,258,online,13.0
online_v2,000688.SH,2022-08-25,Range,DownTrend,2022-08-25 13:50:00+08:00,2022-08-25 13:55:00+08:00,34,,,,True,259,online,22.0
online_v2,000688.SH,2022-08-26,Shock,DownTrend,2022-08-26 13:05:00+08:00,2022-08-26 13:10:00+08:00,25,,,,False,,online,13.0
online_v2,000688.SH,2022-08-30,Shock,Range,2022-08-30 13:10:00+08:00,2022-08-30 13:15:00+08:00,26,,,,True,260,online,14.0
online_v2,000688.SH,2022-08-31,Shock,UpTrend,2022-08-31 13:50:00+08:00,2022-08-31 13:55:00+08:00,34,,,,False,,online,22.0
online_v2,000688.SH,2022-08-31,UpTrend,DownTrend,2022-08-31 14:25:00+08:00,2022-08-31 14:30:00+08:00,41,,,,True,261,online,29.0
online_v2,000688.SH,2022-09-02,Shock,Range,2022-09-02 11:00:00+08:00,2022-09-02 11:05:00+08:00,18,,,,False,,online,6.0
online_v2,000688.SH,2022-09-02,Range,DownTrend,2022-09-02 14:00:00+08:00,2022-09-02 14:05:00+08:00,36,,,,True,262,online,24.0
online_v2,000688.SH,2022-09-05,Shock,DownTrend,2022-09-05 13:05:00+08:00,2022-09-05 13:10:00+08:00,25,,,,False,,online,13.0
online_v2,000688.SH,2022-09-05,DownTrend,Range,2022-09-05 14:20:00+08:00,2022-09-05 14:25:00+08:00,40,,,,True,263,online,28.0
online_v2,000688.SH,2022-09-06,Shock,UpTrend,2022-09-06 10:55:00+08:00,2022-09-06 11:00:00+08:00,17,,,,False,,online,5.0
online_v2,000688.SH,2022-09-06,UpTrend,Shock,2022-09-06 11:15:00+08:00,2022-09-06 11:20:00+08:00,21,,,,True,264,online,9.0
online_v2,000688.SH,2022-09-06,Shock,UpTrend,2022-09-06 13:05:00+08:00,2022-09-06 13:10:00+08:00,25,,,,True,265,online,13.0
online_v2,000688.SH,2022-09-06,UpTrend,Range,2022-09-06 13:35:00+08:00,2022-09-06 13:40:00+08:00,31,,,,True,266,online,19.0
online_v2,000688.SH,2022-09-08,Range,DownTrend,2022-09-08 14:25:00+08:00,2022-09-08 14:30:00+08:00,41,,,,True,267,online,29.0
online_v2,000688.SH,2022-09-13,DownTrend,Range,2022-09-13 11:25:00+08:00,2022-09-13 11:30:00+08:00,23,,,,False,,online,11.0
online_v2,000688.SH,2022-09-14,UpTrend,DownTrend,2022-09-14 13:15:00+08:00,2022-09-14 13:20:00+08:00,27,,,,False,,online,15.0
online_v2,000688.SH,2022-09-14,DownTrend,UpTrend,2022-09-14 14:25:00+08:00,2022-09-14 14:30:00+08:00,41,,,,True,268,online,29.0
online_v2,000688.SH,2022-09-15,Shock,DownTrend,2022-09-15 10:55:00+08:00,2022-09-15 11:00:00+08:00,17,,,,False,,online,5.0
online_v2,000688.SH,2022-09-16,Range,DownTrend,2022-09-16 13:55:00+08:00,2022-09-16 14:00:00+08:00,35,,,,True,269,online,23.0
online_v2,000688.SH,2022-09-19,Shock,DownTrend,2022-09-19 13:25:00+08:00,2022-09-19 13:30:00+08:00,29,,,,True,270,online,17.0
online_v2,000688.SH,2022-09-20,Shock,Range,2022-09-20 11:10:00+08:00,2022-09-20 11:15:00+08:00,20,,,,False,,online,8.0
online_v2,000688.SH,2022-09-20,Range,DownTrend,2022-09-20 11:30:00+08:00,2022-09-20 13:05:00+08:00,24,,,,True,271,online,12.0
online_v2,000688.SH,2022-09-21,Shock,Range,2022-09-21 10:50:00+08:00,2022-09-21 10:55:00+08:00,16,,,,False,,online,4.0
online_v2,000688.SH,2022-09-22,Shock,DownTrend,2022-09-22 11:05:00+08:00,2022-09-22 11:10:00+08:00,19,,,,False,,online,7.0
online_v2,000688.SH,2022-09-23,DownTrend,Shock,2022-09-23 13:40:00+08:00,2022-09-23 13:45:00+08:00,32,,,,True,272,online,20.0
online_v2,000688.SH,2022-09-26,Shock,DownTrend,2022-09-26 13:15:00+08:00,2022-09-26 13:20:00+08:00,27,,,,False,,online,15.0
online_v2,000688.SH,2022-09-27,Shock,DownTrend,2022-09-27 11:05:00+08:00,2022-09-27 11:10:00+08:00,19,,,,False,,online,7.0
online_v2,000688.SH,2022-09-29,Shock,Range,2022-09-29 10:45:00+08:00,2022-09-29 10:50:00+08:00,15,,,,False,,online,3.0
online_v2,000688.SH,2022-09-29,Range,DownTrend,2022-09-29 14:05:00+08:00,2022-09-29 14:10:00+08:00,37,,,,True,273,online,25.0
online_v2,000688.SH,2022-10-10,Shock,Range,2022-10-10 11:20:00+08:00,2022-10-10 11:25:00+08:00,22,,,,True,274,online,10.0
online_v2,000688.SH,2022-10-11,Shock,UpTrend,2022-10-11 11:25:00+08:00,2022-10-11 11:30:00+08:00,23,,,,False,,online,11.0
online_v2,000688.SH,2022-10-11,UpTrend,Range,2022-10-11 14:15:00+08:00,2022-10-11 14:20:00+08:00,39,,,,True,275,online,27.0
online_v2,000688.SH,2022-10-14,Shock,Range,2022-10-14 11:05:00+08:00,2022-10-14 11:10:00+08:00,19,,,,False,,online,7.0
online_v2,000688.SH,2022-10-14,Range,UpTrend,2022-10-14 13:15:00+08:00,2022-10-14 13:20:00+08:00,27,,,,True,276,online,15.0
online_v2,000688.SH,2022-10-14,UpTrend,Range,2022-10-14 14:25:00+08:00,2022-10-14 14:30:00+08:00,41,,,,True,277,online,29.0
online_v2,000688.SH,2022-10-17,Shock,Range,2022-10-17 13:15:00+08:00,2022-10-17 13:20:00+08:00,27,,,,False,,online,15.0
online_v2,000688.SH,2022-10-17,Range,UpTrend,2022-10-17 13:30:00+08:00,2022-10-17 13:35:00+08:00,30,,,,True,278,online,18.0
online_v2,000688.SH,2022-10-18,UpTrend,DownTrend,2022-10-18 14:05:00+08:00,2022-10-18 14:10:00+08:00,37,,,,True,279,online,25.0
online_v2,000688.SH,2022-10-20,Shock,DownTrend,2022-10-20 14:15:00+08:00,2022-10-20 14:20:00+08:00,39,,,,True,280,online,27.0
online_v2,000688.SH,2022-10-21,UpTrend,Range,2022-10-21 13:45:00+08:00,2022-10-21 13:50:00+08:00,33,,,,True,281,online,21.0
online_v2,000688.SH,2022-10-24,Shock,UpTrend,2022-10-24 11:15:00+08:00,2022-10-24 11:20:00+08:00,21,,,,True,282,online,9.0
online_v2,000688.SH,2022-10-24,UpTrend,DownTrend,2022-10-24 14:05:00+08:00,2022-10-24 14:10:00+08:00,37,,,,True,283,online,25.0
online_v2,000688.SH,2022-10-25,Shock,DownTrend,2022-10-25 10:45:00+08:00,2022-10-25 10:50:00+08:00,15,,,,False,,online,3.0
online_v2,000688.SH,2022-10-25,DownTrend,Shock,2022-10-25 11:25:00+08:00,2022-10-25 11:30:00+08:00,23,,,,False,,online,11.0
online_v2,000688.SH,2022-10-26,UpTrend,Range,2022-10-26 13:55:00+08:00,2022-10-26 14:00:00+08:00,35,,,,True,284,online,23.0
online_v2,000688.SH,2022-10-27,DownTrend,UpTrend,2022-10-27 14:00:00+08:00,2022-10-27 14:05:00+08:00,36,,,,True,285,online,24.0
online_v2,000688.SH,2022-10-28,Shock,Range,2022-10-28 10:55:00+08:00,2022-10-28 11:00:00+08:00,17,,,,False,,online,5.0
online_v2,000688.SH,2022-11-01,UpTrend,DownTrend,2022-11-01 13:05:00+08:00,2022-11-01 13:10:00+08:00,25,,,,True,286,online,13.0
online_v2,000688.SH,2022-11-04,UpTrend,Range,2022-11-04 13:55:00+08:00,2022-11-04 14:00:00+08:00,35,,,,True,287,online,23.0
online_v2,000688.SH,2022-11-07,Range,DownTrend,2022-11-07 13:50:00+08:00,2022-11-07 13:55:00+08:00,34,,,,True,288,online,22.0
online_v2,000688.SH,2022-11-11,Shock,Range,2022-11-11 10:50:00+08:00,2022-11-11 10:55:00+08:00,16,,,,False,,online,4.0
online_v2,000688.SH,2022-11-16,Range,DownTrend,2022-11-16 11:30:00+08:00,2022-11-16 13:05:00+08:00,24,,,,False,,online,12.0
online_v2,000688.SH,2022-11-17,DownTrend,UpTrend,2022-11-17 10:55:00+08:00,2022-11-17 11:00:00+08:00,17,,,,False,,online,5.0
online_v2,000688.SH,2022-11-17,UpTrend,Range,2022-11-17 13:25:00+08:00,2022-11-17 13:30:00+08:00,29,,,,False,,online,17.0
online_v2,000688.SH,2022-11-17,Range,UpTrend,2022-11-17 13:45:00+08:00,2022-11-17 13:50:00+08:00,33,,,,True,289,online,21.0
online_v2,000688.SH,2022-11-23,DownTrend,Shock,2022-11-23 11:00:00+08:00,2022-11-23 11:05:00+08:00,18,,,,False,,online,6.0
online_v2,000688.SH,2022-11-23,Shock,UpTrend,2022-11-23 13:30:00+08:00,2022-11-23 13:35:00+08:00,30,,,,True,290,online,18.0
online_v2,000688.SH,2022-11-23,UpTrend,Shock,2022-11-23 13:45:00+08:00,2022-11-23 13:50:00+08:00,33,,,,True,291,online,21.0
online_v2,000688.SH,2022-11-23,Shock,Range,2022-11-23 14:25:00+08:00,2022-11-23 14:30:00+08:00,41,,,,True,292,online,29.0
online_v2,000688.SH,2022-11-24,Shock,Range,2022-11-24 13:40:00+08:00,2022-11-24 13:45:00+08:00,32,,,,False,,online,20.0
online_v2,000688.SH,2022-11-28,Shock,DownTrend,2022-11-28 13:50:00+08:00,2022-11-28 13:55:00+08:00,34,,,,False,,online,22.0
online_v2,000688.SH,2022-11-28,DownTrend,Range,2022-11-28 14:20:00+08:00,2022-11-28 14:25:00+08:00,40,,,,True,293,online,28.0
online_v2,000688.SH,2022-11-29,UpTrend,DownTrend,2022-11-29 14:20:00+08:00,2022-11-29 14:25:00+08:00,40,,,,True,294,online,28.0
online_v2,000688.SH,2022-11-30,Range,DownTrend,2022-11-30 13:55:00+08:00,2022-11-30 14:00:00+08:00,35,,,,True,295,online,23.0
online_v2,000688.SH,2022-12-01,Shock,DownTrend,2022-12-01 13:40:00+08:00,2022-12-01 13:45:00+08:00,32,,,,False,,online,20.0
online_v2,000688.SH,2022-12-05,DownTrend,Range,2022-12-05 14:25:00+08:00,2022-12-05 14:30:00+08:00,41,,,,True,296,online,29.0
online_v2,000688.SH,2022-12-06,Range,UpTrend,2022-12-06 10:55:00+08:00,2022-12-06 11:00:00+08:00,17,,,,False,,online,5.0
online_v2,000688.SH,2022-12-06,UpTrend,DownTrend,2022-12-06 13:50:00+08:00,2022-12-06 13:55:00+08:00,34,,,,True,297,online,22.0
online_v2,000688.SH,2022-12-07,Range,DownTrend,2022-12-07 13:20:00+08:00,2022-12-07 13:25:00+08:00,28,,,,True,298,online,16.0
online_v2,000688.SH,2022-12-12,UpTrend,Range,2022-12-12 13:40:00+08:00,2022-12-12 13:45:00+08:00,32,,,,True,299,online,20.0
online_v2,000688.SH,2022-12-13,DownTrend,Range,2022-12-13 13:40:00+08:00,2022-12-13 13:45:00+08:00,32,,,,True,300,online,20.0
online_v2,000688.SH,2022-12-14,Shock,DownTrend,2022-12-14 13:05:00+08:00,2022-12-14 13:10:00+08:00,25,,,,True,301,online,13.0
online_v2,000688.SH,2022-12-15,Range,UpTrend,2022-12-15 13:50:00+08:00,2022-12-15 13:55:00+08:00,34,,,,True,302,online,22.0
online_v2,000688.SH,2022-12-16,Range,DownTrend,2022-12-16 13:05:00+08:00,2022-12-16 13:10:00+08:00,25,,,,False,,online,13.0
online_v2,000688.SH,2022-12-16,DownTrend,Range,2022-12-16 13:55:00+08:00,2022-12-16 14:00:00+08:00,35,,,,True,303,online,23.0
online_v2,000688.SH,2022-12-21,DownTrend,Shock,2022-12-21 14:10:00+08:00,2022-12-21 14:15:00+08:00,38,,,,True,304,online,26.0
online_v2,000688.SH,2022-12-23,Shock,Range,2022-12-23 13:30:00+08:00,2022-12-23 13:35:00+08:00,30,,,,True,305,online,18.0
online_v2,000688.SH,2022-12-23,Range,DownTrend,2022-12-23 14:20:00+08:00,2022-12-23 14:25:00+08:00,40,,,,True,306,online,28.0
online_v2,000688.SH,2022-12-27,Shock,UpTrend,2022-12-27 11:25:00+08:00,2022-12-27 11:30:00+08:00,23,,,,False,,online,11.0
online_v2,000688.SH,2022-12-28,UpTrend,Range,2022-12-28 13:05:00+08:00,2022-12-28 13:10:00+08:00,25,,,,False,,online,13.0
online_v2,000688.SH,2022-12-29,Shock,DownTrend,2022-12-29 13:55:00+08:00,2022-12-29 14:00:00+08:00,35,,,,True,307,online,23.0
online_v2,000688.SH,2022-12-30,DownTrend,Range,2022-12-30 13:20:00+08:00,2022-12-30 13:25:00+08:00,28,,,,True,308,online,16.0
online_v2,000688.SH,2023-01-03,Shock,UpTrend,2023-01-03 11:25:00+08:00,2023-01-03 11:30:00+08:00,23,,,,True,309,online,11.0
online_v2,000688.SH,2023-01-05,UpTrend,Range,2023-01-05 13:55:00+08:00,2023-01-05 14:00:00+08:00,35,,,,False,,online,23.0
online_v2,000688.SH,2023-01-06,UpTrend,DownTrend,2023-01-06 13:25:00+08:00,2023-01-06 13:30:00+08:00,29,,,,True,310,online,17.0
online_v2,000688.SH,2023-01-06,DownTrend,Range,2023-01-06 14:25:00+08:00,2023-01-06 14:30:00+08:00,41,,,,True,311,online,29.0
online_v2,000688.SH,2023-01-09,Shock,DownTrend,2023-01-09 10:45:00+08:00,2023-01-09 10:50:00+08:00,15,,,,False,,online,3.0
online_v2,000688.SH,2023-01-09,DownTrend,Range,2023-01-09 14:15:00+08:00,2023-01-09 14:20:00+08:00,39,,,,True,312,online,27.0
online_v2,000688.SH,2023-01-10,Shock,Range,2023-01-10 11:00:00+08:00,2023-01-10 11:05:00+08:00,18,,,,False,,online,6.0
online_v2,000688.SH,2023-01-12,DownTrend,UpTrend,2023-01-12 14:00:00+08:00,2023-01-12 14:05:00+08:00,36,,,,True,313,online,24.0
online_v2,000688.SH,2023-01-16,Shock,DownTrend,2023-01-16 13:55:00+08:00,2023-01-16 14:00:00+08:00,35,,,,True,314,online,23.0
online_v2,000688.SH,2023-01-17,DownTrend,Range,2023-01-17 14:05:00+08:00,2023-01-17 14:10:00+08:00,37,,,,True,315,online,25.0
online_v2,000688.SH,2023-01-19,UpTrend,Range,2023-01-19 13:30:00+08:00,2023-01-19 13:35:00+08:00,30,,,,False,,online,18.0
online_v2,000688.SH,2023-01-20,Shock,DownTrend,2023-01-20 10:50:00+08:00,2023-01-20 10:55:00+08:00,16,,,,False,,online,4.0
online_v2,000688.SH,2023-01-31,Shock,DownTrend,2023-01-31 11:25:00+08:00,2023-01-31 11:30:00+08:00,23,,,,False,,online,11.0
online_v2,000688.SH,2023-02-01,Shock,UpTrend,2023-02-01 13:15:00+08:00,2023-02-01 13:20:00+08:00,27,,,,True,316,online,15.0
online_v2,000688.SH,2023-02-03,Shock,DownTrend,2023-02-03 11:25:00+08:00,2023-02-03 11:30:00+08:00,23,,,,False,,online,11.0
online_v2,000688.SH,2023-02-03,DownTrend,Shock,2023-02-03 13:30:00+08:00,2023-02-03 13:35:00+08:00,30,,,,True,317,online,18.0
online_v2,000688.SH,2023-02-06,Shock,Range,2023-02-06 13:15:00+08:00,2023-02-06 13:20:00+08:00,27,,,,True,318,online,15.0
online_v2,000688.SH,2023-02-08,Shock,Range,2023-02-08 10:50:00+08:00,2023-02-08 10:55:00+08:00,16,,,,False,,online,4.0
online_v2,000688.SH,2023-02-09,Shock,UpTrend,2023-02-09 14:00:00+08:00,2023-02-09 14:05:00+08:00,36,,,,True,319,online,24.0
online_v2,000688.SH,2023-02-10,Range,DownTrend,2023-02-10 11:15:00+08:00,2023-02-10 11:20:00+08:00,21,,,,False,,online,9.0
online_v2,000688.SH,2023-02-10,DownTrend,UpTrend,2023-02-10 14:10:00+08:00,2023-02-10 14:15:00+08:00,38,,,,True,320,online,26.0
online_v2,000688.SH,2023-02-13,Shock,Range,2023-02-13 13:10:00+08:00,2023-02-13 13:15:00+08:00,26,,,,True,321,online,14.0
online_v2,000688.SH,2023-02-14,DownTrend,Range,2023-02-14 13:05:00+08:00,2023-02-14 13:10:00+08:00,25,,,,True,322,online,13.0
online_v2,000688.SH,2023-02-14,Range,UpTrend,2023-02-14 14:20:00+08:00,2023-02-14 14:25:00+08:00,40,,,,True,323,online,28.0
online_v2,000688.SH,2023-02-15,Shock,Range,2023-02-15 14:10:00+08:00,2023-02-15 14:15:00+08:00,38,,,,False,,online,26.0
online_v2,000688.SH,2023-02-16,Shock,Range,2023-02-16 11:25:00+08:00,2023-02-16 11:30:00+08:00,23,,,,False,,online,11.0
online_v2,000688.SH,2023-02-16,Range,DownTrend,2023-02-16 13:40:00+08:00,2023-02-16 13:45:00+08:00,32,,,,True,324,online,20.0
online_v2,000688.SH,2023-02-16,DownTrend,Shock,2023-02-16 14:20:00+08:00,2023-02-16 14:25:00+08:00,40,,,,True,325,online,28.0
online_v2,000688.SH,2023-02-20,Shock,UpTrend,2023-02-20 13:15:00+08:00,2023-02-20 13:20:00+08:00,27,,,,False,,online,15.0
online_v2,000688.SH,2023-02-21,Shock,DownTrend,2023-02-21 14:00:00+08:00,2023-02-21 14:05:00+08:00,36,,,,True,326,online,24.0
online_v2,000688.SH,2023-02-23,UpTrend,DownTrend,2023-02-23 13:45:00+08:00,2023-02-23 13:50:00+08:00,33,,,,True,327,online,21.0
online_v2,000688.SH,2023-02-24,DownTrend,Range,2023-02-24 13:15:00+08:00,2023-02-24 13:20:00+08:00,27,,,,True,328,online,15.0
online_v2,000688.SH,2023-02-27,Shock,DownTrend,2023-02-27 13:30:00+08:00,2023-02-27 13:35:00+08:00,30,,,,False,,online,18.0
online_v2,000688.SH,2023-02-28,DownTrend,UpTrend,2023-02-28 14:25:00+08:00,2023-02-28 14:30:00+08:00,41,,,,True,329,online,29.0
online_v2,000688.SH,2023-03-03,Shock,DownTrend,2023-03-03 10:50:00+08:00,2023-03-03 10:55:00+08:00,16,,,,False,,online,4.0
online_v2,000688.SH,2023-03-03,DownTrend,Range,2023-03-03 11:30:00+08:00,2023-03-03 13:05:00+08:00,24,,,,True,330,online,12.0
online_v2,000688.SH,2023-03-03,Range,UpTrend,2023-03-03 13:15:00+08:00,2023-03-03 13:20:00+08:00,27,,,,True,331,online,15.0
online_v2,000688.SH,2023-03-03,UpTrend,Range,2023-03-03 14:20:00+08:00,2023-03-03 14:25:00+08:00,40,,,,True,332,online,28.0
online_v2,000688.SH,2023-03-06,UpTrend,Range,2023-03-06 14:10:00+08:00,2023-03-06 14:15:00+08:00,38,,,,True,333,online,26.0
online_v2,000688.SH,2023-03-08,Shock,Range,2023-03-08 13:15:00+08:00,2023-03-08 13:20:00+08:00,27,,,,False,,online,15.0
online_v2,000688.SH,2023-03-09,Shock,Range,2023-03-09 11:20:00+08:00,2023-03-09 11:25:00+08:00,22,,,,False,,online,10.0
online_v2,000688.SH,2023-03-10,Shock,Range,2023-03-10 13:10:00+08:00,2023-03-10 13:15:00+08:00,26,,,,True,334,online,14.0
online_v2,000688.SH,2023-03-13,Shock,Range,2023-03-13 13:30:00+08:00,2023-03-13 13:35:00+08:00,30,,,,True,335,online,18.0
online_v2,000688.SH,2023-03-14,Shock,UpTrend,2023-03-14 13:55:00+08:00,2023-03-14 14:00:00+08:00,35,,,,True,336,online,23.0
online_v2,000688.SH,2023-03-14,UpTrend,Shock,2023-03-14 14:10:00+08:00,2023-03-14 14:15:00+08:00,38,,,,True,337,online,26.0
online_v2,000688.SH,2023-03-16,Shock,DownTrend,2023-03-16 13:10:00+08:00,2023-03-16 13:15:00+08:00,26,,,,False,,online,14.0
online_v2,000688.SH,2023-03-20,Shock,Range,2023-03-20 13:25:00+08:00,2023-03-20 13:30:00+08:00,29,,,,False,,online,17.0
online_v2,000688.SH,2023-03-23,Range,UpTrend,2023-03-23 13:45:00+08:00,2023-03-23 13:50:00+08:00,33,,,,True,338,online,21.0
online_v2,000688.SH,2023-03-24,DownTrend,UpTrend,2023-03-24 13:05:00+08:00,2023-03-24 13:10:00+08:00,25,,,,True,339,online,13.0
online_v2,000688.SH,2023-03-24,UpTrend,Range,2023-03-24 14:10:00+08:00,2023-03-24 14:15:00+08:00,38,,,,True,340,online,26.0
online_v2,000688.SH,2023-03-27,Shock,UpTrend,2023-03-27 13:50:00+08:00,2023-03-27 13:55:00+08:00,34,,,,True,341,online,22.0
online_v2,000688.SH,2023-03-28,Shock,DownTrend,2023-03-28 14:10:00+08:00,2023-03-28 14:15:00+08:00,38,,,,False,,online,26.0
online_v2,000688.SH,2023-03-29,Shock,UpTrend,2023-03-29 11:30:00+08:00,2023-03-29 13:05:00+08:00,24,,,,True,342,online,12.0
online_v2,000688.SH,2023-03-30,Shock,UpTrend,2023-03-30 13:20:00+08:00,2023-03-30 13:25:00+08:00,28,,,,True,343,online,16.0
online_v2,000688.SH,2023-03-30,UpTrend,DownTrend,2023-03-30 14:25:00+08:00,2023-03-30 14:30:00+08:00,41,,,,True,344,online,29.0
online_v2,000688.SH,2023-03-31,Range,UpTrend,2023-03-31 13:30:00+08:00,2023-03-31 13:35:00+08:00,30,,,,True,345,online,18.0
online_v2,000688.SH,2023-04-03,Shock,UpTrend,2023-04-03 13:25:00+08:00,2023-04-03 13:30:00+08:00,29,,,,True,346,online,17.0
online_v2,000688.SH,2023-04-07,Shock,Range,2023-04-07 10:45:00+08:00,2023-04-07 10:50:00+08:00,15,,,,False,,online,3.0
online_v2,000688.SH,2023-04-07,Range,UpTrend,2023-04-07 13:35:00+08:00,2023-04-07 13:40:00+08:00,31,,,,False,,online,19.0
online_v2,000688.SH,2023-04-07,UpTrend,Range,2023-04-07 14:05:00+08:00,2023-04-07 14:10:00+08:00,37,,,,True,347,online,25.0
online_v2,000688.SH,2023-04-10,Shock,DownTrend,2023-04-10 14:25:00+08:00,2023-04-10 14:30:00+08:00,41,,,,True,348,online,29.0
online_v2,000688.SH,2023-04-11,Range,DownTrend,2023-04-11 11:20:00+08:00,2023-04-11 11:25:00+08:00,22,,,,False,,online,10.0
online_v2,000688.SH,2023-04-13,Range,DownTrend,2023-04-13 13:35:00+08:00,2023-04-13 13:40:00+08:00,31,,,,True,349,online,19.0
online_v2,000688.SH,2023-04-14,DownTrend,Shock,2023-04-14 11:00:00+08:00,2023-04-14 11:05:00+08:00,18,,,,False,,online,6.0
online_v2,000688.SH,2023-04-14,Shock,UpTrend,2023-04-14 13:25:00+08:00,2023-04-14 13:30:00+08:00,29,,,,True,350,online,17.0
online_v2,000688.SH,2023-04-18,Range,UpTrend,2023-04-18 13:20:00+08:00,2023-04-18 13:25:00+08:00,28,,,,True,351,online,16.0
online_v2,000688.SH,2023-04-18,UpTrend,Range,2023-04-18 14:10:00+08:00,2023-04-18 14:15:00+08:00,38,,,,True,352,online,26.0
online_v2,000688.SH,2023-04-19,UpTrend,DownTrend,2023-04-19 14:10:00+08:00,2023-04-19 14:15:00+08:00,38,,,,True,353,online,26.0
online_v2,000688.SH,2023-04-21,DownTrend,Range,2023-04-21 13:50:00+08:00,2023-04-21 13:55:00+08:00,34,,,,True,354,online,22.0
online_v2,000688.SH,2023-04-25,Shock,Range,2023-04-25 14:00:00+08:00,2023-04-25 14:05:00+08:00,36,,,,True,355,online,24.0
online_v2,000688.SH,2023-04-26,Shock,UpTrend,2023-04-26 13:40:00+08:00,2023-04-26 13:45:00+08:00,32,,,,True,356,online,20.0
online_v2,000688.SH,2023-04-27,Range,DownTrend,2023-04-27 11:15:00+08:00,2023-04-27 11:20:00+08:00,21,,,,False,,online,9.0
online_v2,000688.SH,2023-04-27,DownTrend,Range,2023-04-27 13:45:00+08:00,2023-04-27 13:50:00+08:00,33,,,,True,357,online,21.0
online_v2,000688.SH,2023-04-27,Range,DownTrend,2023-04-27 14:15:00+08:00,2023-04-27 14:20:00+08:00,39,,,,True,358,online,27.0
online_v2,000688.SH,2023-05-04,DownTrend,Range,2023-05-04 14:10:00+08:00,2023-05-04 14:15:00+08:00,38,,,,True,359,online,26.0
online_v2,000688.SH,2023-05-08,Shock,Range,2023-05-08 14:20:00+08:00,2023-05-08 14:25:00+08:00,40,,,,False,,online,28.0
online_v2,000688.SH,2023-05-15,DownTrend,UpTrend,2023-05-15 13:40:00+08:00,2023-05-15 13:45:00+08:00,32,,,,True,360,online,20.0
online_v2,000688.SH,2023-05-16,UpTrend,DownTrend,2023-05-16 13:35:00+08:00,2023-05-16 13:40:00+08:00,31,,,,False,,online,19.0
online_v2,000688.SH,2023-05-17,DownTrend,Range,2023-05-17 14:20:00+08:00,2023-05-17 14:25:00+08:00,40,,,,True,361,online,28.0
online_v2,000688.SH,2023-05-18,Range,DownTrend,2023-05-18 13:40:00+08:00,2023-05-18 13:45:00+08:00,32,,,,False,,online,20.0
online_v2,000688.SH,2023-05-18,DownTrend,Range,2023-05-18 14:25:00+08:00,2023-05-18 14:30:00+08:00,41,,,,True,362,online,29.0
online_v2,000688.SH,2023-05-22,DownTrend,Range,2023-05-22 14:05:00+08:00,2023-05-22 14:10:00+08:00,37,,,,True,363,online,25.0
online_v2,000688.SH,2023-05-24,UpTrend,Shock,2023-05-24 11:25:00+08:00,2023-05-24 11:30:00+08:00,23,,,,True,364,online,11.0
online_v2,000688.SH,2023-05-24,Shock,DownTrend,2023-05-24 14:05:00+08:00,2023-05-24 14:10:00+08:00,37,,,,True,365,online,25.0
online_v2,000688.SH,2023-05-25,Shock,DownTrend,2023-05-25 11:10:00+08:00,2023-05-25 11:15:00+08:00,20,,,,False,,online,8.0
online_v2,000688.SH,2023-05-25,DownTrend,Shock,2023-05-25 14:20:00+08:00,2023-05-25 14:25:00+08:00,40,,,,True,366,online,28.0
online_v2,000688.SH,2023-05-29,Range,DownTrend,2023-05-29 11:30:00+08:00,2023-05-29 13:05:00+08:00,24,,,,False,,online,12.0
online_v2,000688.SH,2023-05-29,DownTrend,Range,2023-05-29 13:55:00+08:00,2023-05-29 14:00:00+08:00,35,,,,True,367,online,23.0
online_v2,000688.SH,2023-05-30,DownTrend,UpTrend,2023-05-30 14:10:00+08:00,2023-05-30 14:15:00+08:00,38,,,,True,368,online,26.0
online_v2,000688.SH,2023-05-30,UpTrend,Shock,2023-05-30 14:25:00+08:00,2023-05-30 14:30:00+08:00,41,,,,True,369,online,29.0
online_v2,000688.SH,2023-06-01,UpTrend,DownTrend,2023-06-01 14:10:00+08:00,2023-06-01 14:15:00+08:00,38,,,,True,370,online,26.0
online_v2,000688.SH,2023-06-02,UpTrend,Range,2023-06-02 14:00:00+08:00,2023-06-02 14:05:00+08:00,36,,,,True,371,online,24.0
online_v2,000688.SH,2023-06-05,Shock,DownTrend,2023-06-05 13:35:00+08:00,2023-06-05 13:40:00+08:00,31,,,,True,372,online,19.0
online_v2,000688.SH,2023-06-08,DownTrend,Range,2023-06-08 11:25:00+08:00,2023-06-08 11:30:00+08:00,23,,,,False,,online,11.0
online_v2,000688.SH,2023-06-09,Range,UpTrend,2023-06-09 14:15:00+08:00,2023-06-09 14:20:00+08:00,39,,,,True,373,online,27.0
online_v2,000688.SH,2023-06-12,DownTrend,Range,2023-06-12 13:50:00+08:00,2023-06-12 13:55:00+08:00,34,,,,True,374,online,22.0
online_v2,000688.SH,2023-06-14,Range,UpTrend,2023-06-14 13:15:00+08:00,2023-06-14 13:20:00+08:00,27,,,,True,375,online,15.0
online_v2,000688.SH,2023-06-15,DownTrend,Range,2023-06-15 14:25:00+08:00,2023-06-15 14:30:00+08:00,41,,,,True,376,online,29.0
online_v2,000688.SH,2023-06-16,Shock,Range,2023-06-16 10:50:00+08:00,2023-06-16 10:55:00+08:00,16,,,,False,,online,4.0
online_v2,000688.SH,2023-06-16,Range,UpTrend,2023-06-16 13:05:00+08:00,2023-06-16 13:10:00+08:00,25,,,,False,,online,13.0
online_v2,000688.SH,2023-06-20,Shock,UpTrend,2023-06-20 13:45:00+08:00,2023-06-20 13:50:00+08:00,33,,,,True,377,online,21.0
online_v2,000688.SH,2023-06-21,Shock,Range,2023-06-21 13:40:00+08:00,2023-06-21 13:45:00+08:00,32,,,,True,378,online,20.0
online_v2,000688.SH,2023-06-27,Shock,Range,2023-06-27 11:10:00+08:00,2023-06-27 11:15:00+08:00,20,,,,False,,online,8.0
online_v2,000688.SH,2023-06-27,Range,Shock,2023-06-27 13:20:00+08:00,2023-06-27 13:25:00+08:00,28,,,,True,379,online,16.0
online_v2,000688.SH,2023-06-28,Shock,UpTrend,2023-06-28 14:15:00+08:00,2023-06-28 14:20:00+08:00,39,,,,True,380,online,27.0
online_v2,000688.SH,2023-06-29,DownTrend,Range,2023-06-29 13:10:00+08:00,2023-06-29 13:15:00+08:00,26,,,,False,,online,14.0
online_v2,000688.SH,2023-07-03,DownTrend,UpTrend,2023-07-03 11:15:00+08:00,2023-07-03 11:20:00+08:00,21,,,,False,,online,9.0
online_v2,000688.SH,2023-07-03,UpTrend,Range,2023-07-03 13:25:00+08:00,2023-07-03 13:30:00+08:00,29,,,,True,381,online,17.0
online_v2,000688.SH,2023-07-04,UpTrend,DownTrend,2023-07-04 13:55:00+08:00,2023-07-04 14:00:00+08:00,35,,,,True,382,online,23.0
online_v2,000688.SH,2023-07-06,DownTrend,Range,2023-07-06 14:00:00+08:00,2023-07-06 14:05:00+08:00,36,,,,True,383,online,24.0
online_v2,000688.SH,2023-07-10,DownTrend,UpTrend,2023-07-10 14:20:00+08:00,2023-07-10 14:25:00+08:00,40,,,,True,384,online,28.0
online_v2,000688.SH,2023-07-11,Range,DownTrend,2023-07-11 13:45:00+08:00,2023-07-11 13:50:00+08:00,33,,,,False,,online,21.0
online_v2,000688.SH,2023-07-11,DownTrend,UpTrend,2023-07-11 14:25:00+08:00,2023-07-11 14:30:00+08:00,41,,,,True,385,online,29.0
online_v2,000688.SH,2023-07-13,Range,UpTrend,2023-07-13 13:35:00+08:00,2023-07-13 13:40:00+08:00,31,,,,True,386,online,19.0
online_v2,000688.SH,2023-07-18,DownTrend,Range,2023-07-18 13:50:00+08:00,2023-07-18 13:55:00+08:00,34,,,,True,387,online,22.0
online_v2,000688.SH,2023-07-19,Range,DownTrend,2023-07-19 13:35:00+08:00,2023-07-19 13:40:00+08:00,31,,,,True,388,online,19.0
online_v2,000688.SH,2023-07-21,Shock,DownTrend,2023-07-21 11:20:00+08:00,2023-07-21 11:25:00+08:00,22,,,,False,,online,10.0
online_v2,000688.SH,2023-07-24,Shock,DownTrend,2023-07-24 11:25:00+08:00,2023-07-24 11:30:00+08:00,23,,,,True,389,online,11.0
online_v2,000688.SH,2023-07-25,UpTrend,Range,2023-07-25 13:45:00+08:00,2023-07-25 13:50:00+08:00,33,,,,True,390,online,21.0
online_v2,000688.SH,2023-07-26,Shock,DownTrend,2023-07-26 13:10:00+08:00,2023-07-26 13:15:00+08:00,26,,,,False,,online,14.0
online_v2,000688.SH,2023-07-28,Shock,Range,2023-07-28 14:00:00+08:00,2023-07-28 14:05:00+08:00,36,,,,True,391,online,24.0
online_v2,000688.SH,2023-07-31,Shock,DownTrend,2023-07-31 13:20:00+08:00,2023-07-31 13:25:00+08:00,28,,,,False,,online,16.0
online_v2,000688.SH,2023-08-02,Shock,DownTrend,2023-08-02 11:25:00+08:00,2023-08-02 11:30:00+08:00,23,,,,False,,online,11.0
online_v2,000688.SH,2023-08-02,DownTrend,Range,2023-08-02 14:05:00+08:00,2023-08-02 14:10:00+08:00,37,,,,True,392,online,25.0
online_v2,000688.SH,2023-08-04,DownTrend,Range,2023-08-04 11:15:00+08:00,2023-08-04 11:20:00+08:00,21,,,,False,,online,9.0
online_v2,000688.SH,2023-08-04,Range,Shock,2023-08-04 13:30:00+08:00,2023-08-04 13:35:00+08:00,30,,,,True,393,online,18.0
online_v2,000688.SH,2023-08-07,Range,DownTrend,2023-08-07 13:20:00+08:00,2023-08-07 13:25:00+08:00,28,,,,True,394,online,16.0
online_v2,000688.SH,2023-08-07,DownTrend,Range,2023-08-07 14:20:00+08:00,2023-08-07 14:25:00+08:00,40,,,,True,395,online,28.0
online_v2,000688.SH,2023-08-08,Range,DownTrend,2023-08-08 14:20:00+08:00,2023-08-08 14:25:00+08:00,40,,,,True,396,online,28.0
online_v2,000688.SH,2023-08-10,DownTrend,UpTrend,2023-08-10 14:10:00+08:00,2023-08-10 14:15:00+08:00,38,,,,True,397,online,26.0
online_v2,000688.SH,2023-08-14,Shock,DownTrend,2023-08-14 11:00:00+08:00,2023-08-14 11:05:00+08:00,18,,,,False,,online,6.0
online_v2,000688.SH,2023-08-14,DownTrend,Shock,2023-08-14 11:20:00+08:00,2023-08-14 11:25:00+08:00,22,,,,False,,online,10.0
online_v2,000688.SH,2023-08-14,Shock,UpTrend,2023-08-14 14:15:00+08:00,2023-08-14 14:20:00+08:00,39,,,,True,398,online,27.0
online_v2,000688.SH,2023-08-15,Shock,DownTrend,2023-08-15 10:50:00+08:00,2023-08-15 10:55:00+08:00,16,,,,False,,online,4.0
online_v2,000688.SH,2023-08-15,DownTrend,Shock,2023-08-15 13:45:00+08:00,2023-08-15 13:50:00+08:00,33,,,,True,399,online,21.0
online_v2,000688.SH,2023-08-16,Shock,Range,2023-08-16 11:05:00+08:00,2023-08-16 11:10:00+08:00,19,,,,False,,online,7.0
online_v2,000688.SH,2023-08-16,Range,Shock,2023-08-16 11:20:00+08:00,2023-08-16 11:25:00+08:00,22,,,,True,400,online,10.0
online_v2,000688.SH,2023-08-16,Shock,DownTrend,2023-08-16 13:30:00+08:00,2023-08-16 13:35:00+08:00,30,,,,True,401,online,18.0
online_v2,000688.SH,2023-08-16,DownTrend,Shock,2023-08-16 14:25:00+08:00,2023-08-16 14:30:00+08:00,41,,,,True,402,online,29.0
online_v2,000688.SH,2023-08-17,Shock,DownTrend,2023-08-17 13:35:00+08:00,2023-08-17 13:40:00+08:00,31,,,,True,403,online,19.0
online_v2,000688.SH,2023-08-17,DownTrend,Shock,2023-08-17 14:25:00+08:00,2023-08-17 14:30:00+08:00,41,,,,True,404,online,29.0
online_v2,000688.SH,2023-08-18,DownTrend,Shock,2023-08-18 14:00:00+08:00,2023-08-18 14:05:00+08:00,36,,,,True,405,online,24.0
online_v2,000688.SH,2023-08-21,Shock,DownTrend,2023-08-21 14:10:00+08:00,2023-08-21 14:15:00+08:00,38,,,,True,406,online,26.0
online_v2,000688.SH,2023-08-22,Shock,DownTrend,2023-08-22 11:15:00+08:00,2023-08-22 11:20:00+08:00,21,,,,False,,online,9.0
online_v2,000688.SH,2023-08-22,DownTrend,Shock,2023-08-22 14:05:00+08:00,2023-08-22 14:10:00+08:00,37,,,,True,407,online,25.0
online_v2,000688.SH,2023-08-23,Shock,Range,2023-08-23 13:15:00+08:00,2023-08-23 13:20:00+08:00,27,,,,False,,online,15.0
online_v2,000688.SH,2023-08-24,Shock,DownTrend,2023-08-24 14:25:00+08:00,2023-08-24 14:30:00+08:00,41,,,,True,408,online,29.0
online_v2,000688.SH,2023-08-25,Range,DownTrend,2023-08-25 11:00:00+08:00,2023-08-25 11:05:00+08:00,18,,,,False,,online,6.0
online_v2,000688.SH,2023-08-25,DownTrend,Shock,2023-08-25 14:05:00+08:00,2023-08-25 14:10:00+08:00,37,,,,True,409,online,25.0
online_v2,000688.SH,2023-08-28,Shock,DownTrend,2023-08-28 13:25:00+08:00,2023-08-28 13:30:00+08:00,29,,,,True,410,online,17.0
online_v2,000688.SH,2023-08-29,Shock,UpTrend,2023-08-29 10:55:00+08:00,2023-08-29 11:00:00+08:00,17,,,,False,,online,5.0
online_v2,000688.SH,2023-08-29,UpTrend,Shock,2023-08-29 13:45:00+08:00,2023-08-29 13:50:00+08:00,33,,,,True,411,online,21.0
online_v2,000688.SH,2023-08-30,Shock,DownTrend,2023-08-30 10:50:00+08:00,2023-08-30 10:55:00+08:00,16,,,,False,,online,4.0
online_v2,000688.SH,2023-08-30,DownTrend,Shock,2023-08-30 11:05:00+08:00,2023-08-30 11:10:00+08:00,19,,,,False,,online,7.0
online_v2,000688.SH,2023-08-30,Shock,UpTrend,2023-08-30 14:25:00+08:00,2023-08-30 14:30:00+08:00,41,,,,True,412,online,29.0
online_v2,000688.SH,2023-09-01,Range,DownTrend,2023-09-01 11:30:00+08:00,2023-09-01 13:05:00+08:00,24,,,,False,,online,12.0
online_v2,000688.SH,2023-09-05,Shock,Range,2023-09-05 11:25:00+08:00,2023-09-05 11:30:00+08:00,23,,,,False,,online,11.0
online_v2,000688.SH,2023-09-06,DownTrend,UpTrend,2023-09-06 13:35:00+08:00,2023-09-06 13:40:00+08:00,31,,,,True,413,online,19.0
online_v2,000688.SH,2023-09-11,Range,UpTrend,2023-09-11 13:25:00+08:00,2023-09-11 13:30:00+08:00,29,,,,True,414,online,17.0
online_v2,000688.SH,2023-09-14,Range,DownTrend,2023-09-14 13:55:00+08:00,2023-09-14 14:00:00+08:00,35,,,,True,415,online,23.0
online_v2,000688.SH,2023-09-15,Shock,DownTrend,2023-09-15 13:25:00+08:00,2023-09-15 13:30:00+08:00,29,,,,True,416,online,17.0
online_v2,000688.SH,2023-09-20,Range,DownTrend,2023-09-20 11:25:00+08:00,2023-09-20 11:30:00+08:00,23,,,,False,,online,11.0
online_v2,000688.SH,2023-09-22,Shock,UpTrend,2023-09-22 11:00:00+08:00,2023-09-22 11:05:00+08:00,18,,,,False,,online,6.0
online_v2,000688.SH,2023-09-22,UpTrend,Range,2023-09-22 13:20:00+08:00,2023-09-22 13:25:00+08:00,28,,,,False,,online,16.0
online_v2,000688.SH,2023-09-22,Range,UpTrend,2023-09-22 14:05:00+08:00,2023-09-22 14:10:00+08:00,37,,,,True,417,online,25.0
online_v2,000688.SH,2023-09-25,Range,DownTrend,2023-09-25 14:20:00+08:00,2023-09-25 14:25:00+08:00,40,,,,True,418,online,28.0
online_v2,000688.SH,2023-09-26,UpTrend,Range,2023-09-26 13:25:00+08:00,2023-09-26 13:30:00+08:00,29,,,,False,,online,17.0
online_v2,000688.SH,2023-09-28,DownTrend,Range,2023-09-28 11:20:00+08:00,2023-09-28 11:25:00+08:00,22,,,,False,,online,10.0
online_v2,000688.SH,2023-09-28,Range,UpTrend,2023-09-28 13:15:00+08:00,2023-09-28 13:20:00+08:00,27,,,,True,419,online,15.0
online_v2,000688.SH,2023-10-11,Range,DownTrend,2023-10-11 14:05:00+08:00,2023-10-11 14:10:00+08:00,37,,,,True,420,online,25.0
online_v2,000688.SH,2023-10-12,DownTrend,Range,2023-10-12 11:15:00+08:00,2023-10-12 11:20:00+08:00,21,,,,False,,online,9.0
online_v2,000688.SH,2023-10-12,Range,UpTrend,2023-10-12 13:25:00+08:00,2023-10-12 13:30:00+08:00,29,,,,True,421,online,17.0
online_v2,000688.SH,2023-10-16,Shock,DownTrend,2023-10-16 13:40:00+08:00,2023-10-16 13:45:00+08:00,32,,,,False,,online,20.0
online_v2,000688.SH,2023-10-17,Shock,UpTrend,2023-10-17 11:10:00+08:00,2023-10-17 11:15:00+08:00,20,,,,False,,online,8.0
online_v2,000688.SH,2023-10-17,UpTrend,Shock,2023-10-17 11:30:00+08:00,2023-10-17 13:05:00+08:00,24,,,,True,422,online,12.0
online_v2,000688.SH,2023-10-18,Shock,Range,2023-10-18 10:55:00+08:00,2023-10-18 11:00:00+08:00,17,,,,False,,online,5.0
online_v2,000688.SH,2023-10-18,Range,DownTrend,2023-10-18 14:20:00+08:00,2023-10-18 14:25:00+08:00,40,,,,True,423,online,28.0
online_v2,000688.SH,2023-10-19,DownTrend,Shock,2023-10-19 13:45:00+08:00,2023-10-19 13:50:00+08:00,33,,,,True,424,online,21.0
online_v2,000688.SH,2023-10-20,Shock,DownTrend,2023-10-20 13:10:00+08:00,2023-10-20 13:15:00+08:00,26,,,,True,425,online,14.0
online_v2,000688.SH,2023-10-20,DownTrend,Shock,2023-10-20 14:25:00+08:00,2023-10-20 14:30:00+08:00,41,,,,True,426,online,29.0
online_v2,000688.SH,2023-10-23,Shock,DownTrend,2023-10-23 14:05:00+08:00,2023-10-23 14:10:00+08:00,37,,,,False,,online,25.0
online_v2,000688.SH,2023-10-24,Shock,DownTrend,2023-10-24 11:25:00+08:00,2023-10-24 11:30:00+08:00,23,,,,True,427,online,11.0
online_v2,000688.SH,2023-10-24,DownTrend,Shock,2023-10-24 14:05:00+08:00,2023-10-24 14:10:00+08:00,37,,,,True,428,online,25.0
online_v2,000688.SH,2023-10-26,DownTrend,UpTrend,2023-10-26 13:50:00+08:00,2023-10-26 13:55:00+08:00,34,,,,True,429,online,22.0
online_v2,000688.SH,2023-10-27,Shock,Range,2023-10-27 11:05:00+08:00,2023-10-27 11:10:00+08:00,19,,,,False,,online,7.0
online_v2,000688.SH,2023-10-27,Range,UpTrend,2023-10-27 13:40:00+08:00,2023-10-27 13:45:00+08:00,32,,,,True,430,online,20.0
online_v2,000688.SH,2023-10-30,Shock,UpTrend,2023-10-30 11:30:00+08:00,2023-10-30 13:05:00+08:00,24,,,,False,,online,12.0
online_v2,000688.SH,2023-10-30,UpTrend,Shock,2023-10-30 13:15:00+08:00,2023-10-30 13:20:00+08:00,27,,,,True,431,online,15.0
online_v2,000688.SH,2023-10-30,Shock,UpTrend,2023-10-30 14:25:00+08:00,2023-10-30 14:30:00+08:00,41,,,,True,432,online,29.0
online_v2,000688.SH,2023-11-01,Shock,UpTrend,2023-11-01 10:55:00+08:00,2023-11-01 11:00:00+08:00,17,,,,False,,online,5.0
online_v2,000688.SH,2023-11-01,UpTrend,Range,2023-11-01 14:05:00+08:00,2023-11-01 14:10:00+08:00,37,,,,True,433,online,25.0
online_v2,000688.SH,2023-11-03,Shock,UpTrend,2023-11-03 10:50:00+08:00,2023-11-03 10:55:00+08:00,16,,,,False,,online,4.0
online_v2,000688.SH,2023-11-06,Range,UpTrend,2023-11-06 11:20:00+08:00,2023-11-06 11:25:00+08:00,22,,,,False,,online,10.0
online_v2,000688.SH,2023-11-06,UpTrend,Range,2023-11-06 13:30:00+08:00,2023-11-06 13:35:00+08:00,30,,,,True,434,online,18.0
online_v2,000688.SH,2023-11-08,UpTrend,DownTrend,2023-11-08 13:30:00+08:00,2023-11-08 13:35:00+08:00,30,,,,True,435,online,18.0
online_v2,000688.SH,2023-11-09,DownTrend,Range,2023-11-09 14:00:00+08:00,2023-11-09 14:05:00+08:00,36,,,,False,,online,24.0
online_v2,000688.SH,2023-11-10,DownTrend,UpTrend,2023-11-10 11:30:00+08:00,2023-11-10 13:05:00+08:00,24,,,,False,,online,12.0
online_v2,000688.SH,2023-11-10,UpTrend,DownTrend,2023-11-10 13:35:00+08:00,2023-11-10 13:40:00+08:00,31,,,,True,436,online,19.0
online_v2,000688.SH,2023-11-14,Range,UpTrend,2023-11-14 13:55:00+08:00,2023-11-14 14:00:00+08:00,35,,,,False,,online,23.0
online_v2,000688.SH,2023-11-15,Range,DownTrend,2023-11-15 13:30:00+08:00,2023-11-15 13:35:00+08:00,30,,,,True,437,online,18.0
online_v2,000688.SH,2023-11-16,DownTrend,UpTrend,2023-11-16 14:05:00+08:00,2023-11-16 14:10:00+08:00,37,,,,True,438,online,25.0
online_v2,000688.SH,2023-11-17,Range,UpTrend,2023-11-17 14:15:00+08:00,2023-11-17 14:20:00+08:00,39,,,,False,,online,27.0
online_v2,000688.SH,2023-11-20,UpTrend,Shock,2023-11-20 11:15:00+08:00,2023-11-20 11:20:00+08:00,21,,,,True,439,online,9.0
online_v2,000688.SH,2023-11-21,UpTrend,DownTrend,2023-11-21 14:05:00+08:00,2023-11-21 14:10:00+08:00,37,,,,True,440,online,25.0
online_v2,000688.SH,2023-11-22,DownTrend,Range,2023-11-22 11:20:00+08:00,2023-11-22 11:25:00+08:00,22,,,,False,,online,10.0
online_v2,000688.SH,2023-11-23,Range,Shock,2023-11-23 14:05:00+08:00,2023-11-23 14:10:00+08:00,37,,,,True,441,online,25.0
online_v2,000688.SH,2023-11-28,Shock,Range,2023-11-28 11:10:00+08:00,2023-11-28 11:15:00+08:00,20,,,,False,,online,8.0
online_v2,000688.SH,2023-11-28,Range,DownTrend,2023-11-28 13:40:00+08:00,2023-11-28 13:45:00+08:00,32,,,,True,442,online,20.0
online_v2,000688.SH,2023-11-28,DownTrend,UpTrend,2023-11-28 14:25:00+08:00,2023-11-28 14:30:00+08:00,41,,,,True,443,online,29.0
online_v2,000688.SH,2023-11-30,Shock,DownTrend,2023-11-30 13:20:00+08:00,2023-11-30 13:25:00+08:00,28,,,,False,,online,16.0
online_v2,000688.SH,2023-12-01,DownTrend,Shock,2023-12-01 13:50:00+08:00,2023-12-01 13:55:00+08:00,34,,,,True,444,online,22.0
online_v2,000688.SH,2023-12-04,Shock,Range,2023-12-04 11:10:00+08:00,2023-12-04 11:15:00+08:00,20,,,,False,,online,8.0
online_v2,000688.SH,2023-12-06,Shock,Range,2023-12-06 14:00:00+08:00,2023-12-06 14:05:00+08:00,36,,,,False,,online,24.0
online_v2,000688.SH,2023-12-08,Shock,UpTrend,2023-12-08 11:15:00+08:00,2023-12-08 11:20:00+08:00,21,,,,False,,online,9.0
online_v2,000688.SH,2023-12-08,UpTrend,Range,2023-12-08 13:55:00+08:00,2023-12-08 14:00:00+08:00,35,,,,True,445,online,23.0
online_v2,000688.SH,2023-12-14,DownTrend,UpTrend,2023-12-14 11:05:00+08:00,2023-12-14 11:10:00+08:00,19,,,,False,,online,7.0
online_v2,000688.SH,2023-12-14,UpTrend,DownTrend,2023-12-14 13:35:00+08:00,2023-12-14 13:40:00+08:00,31,,,,True,446,online,19.0
online_v2,000688.SH,2023-12-15,Shock,DownTrend,2023-12-15 11:30:00+08:00,2023-12-15 13:05:00+08:00,24,,,,False,,online,12.0
online_v2,000688.SH,2023-12-19,Shock,DownTrend,2023-12-19 13:10:00+08:00,2023-12-19 13:15:00+08:00,26,,,,True,447,online,14.0
online_v2,000688.SH,2023-12-20,Range,DownTrend,2023-12-20 13:10:00+08:00,2023-12-20 13:15:00+08:00,26,,,,True,448,online,14.0
online_v2,000688.SH,2023-12-20,DownTrend,Range,2023-12-20 13:55:00+08:00,2023-12-20 14:00:00+08:00,35,,,,True,449,online,23.0
online_v2,000688.SH,2023-12-22,UpTrend,Shock,2023-12-22 13:05:00+08:00,2023-12-22 13:10:00+08:00,25,,,,True,450,online,13.0
online_v2,000688.SH,2023-12-27,Range,DownTrend,2023-12-27 14:00:00+08:00,2023-12-27 14:05:00+08:00,36,,,,False,,online,24.0
online_v2,000688.SH,2023-12-28,Shock,UpTrend,2023-12-28 13:35:00+08:00,2023-12-28 13:40:00+08:00,31,,,,False,,online,19.0
online_v2,000688.SH,2024-01-03,DownTrend,Range,2024-01-03 14:00:00+08:00,2024-01-03 14:05:00+08:00,36,,,,True,451,online,24.0
online_v2,000688.SH,2024-01-08,DownTrend,Range,2024-01-08 13:35:00+08:00,2024-01-08 13:40:00+08:00,31,,,,True,452,online,19.0
online_v2,000688.SH,2024-01-09,Shock,DownTrend,2024-01-09 13:05:00+08:00,2024-01-09 13:10:00+08:00,25,,,,True,453,online,13.0
online_v2,000688.SH,2024-01-09,DownTrend,Shock,2024-01-09 14:10:00+08:00,2024-01-09 14:15:00+08:00,38,,,,True,454,online,26.0
online_v2,000688.SH,2024-01-11,Shock,Range,2024-01-11 14:20:00+08:00,2024-01-11 14:25:00+08:00,40,,,,True,455,online,28.0
online_v2,000688.SH,2024-01-12,DownTrend,Range,2024-01-12 14:05:00+08:00,2024-01-12 14:10:00+08:00,37,,,,True,456,online,25.0
online_v2,000688.SH,2024-01-15,Shock,DownTrend,2024-01-15 13:20:00+08:00,2024-01-15 13:25:00+08:00,28,,,,True,457,online,16.0
online_v2,000688.SH,2024-01-15,DownTrend,Range,2024-01-15 14:20:00+08:00,2024-01-15 14:25:00+08:00,40,,,,True,458,online,28.0
online_v2,000688.SH,2024-01-16,Range,DownTrend,2024-01-16 13:20:00+08:00,2024-01-16 13:25:00+08:00,28,,,,False,,online,16.0
online_v2,000688.SH,2024-01-16,DownTrend,Shock,2024-01-16 14:15:00+08:00,2024-01-16 14:20:00+08:00,39,,,,True,459,online,27.0
online_v2,000688.SH,2024-01-18,Shock,DownTrend,2024-01-18 10:55:00+08:00,2024-01-18 11:00:00+08:00,17,,,,False,,online,5.0
online_v2,000688.SH,2024-01-18,DownTrend,Shock,2024-01-18 11:20:00+08:00,2024-01-18 11:25:00+08:00,22,,,,False,,online,10.0
online_v2,000688.SH,2024-01-22,Range,DownTrend,2024-01-22 13:30:00+08:00,2024-01-22 13:35:00+08:00,30,,,,True,460,online,18.0
online_v2,000688.SH,2024-01-23,Shock,UpTrend,2024-01-23 13:20:00+08:00,2024-01-23 13:25:00+08:00,28,,,,True,461,online,16.0
online_v2,000688.SH,2024-01-24,DownTrend,Shock,2024-01-24 13:30:00+08:00,2024-01-24 13:35:00+08:00,30,,,,True,462,online,18.0
online_v2,000688.SH,2024-01-25,Shock,UpTrend,2024-01-25 13:15:00+08:00,2024-01-25 13:20:00+08:00,27,,,,False,,online,15.0
online_v2,000688.SH,2024-01-30,Shock,DownTrend,2024-01-30 11:15:00+08:00,2024-01-30 11:20:00+08:00,21,,,,False,,online,9.0
online_v2,000688.SH,2024-01-31,Shock,UpTrend,2024-01-31 11:05:00+08:00,2024-01-31 11:10:00+08:00,19,,,,False,,online,7.0
online_v2,000688.SH,2024-01-31,UpTrend,Shock,2024-01-31 11:25:00+08:00,2024-01-31 11:30:00+08:00,23,,,,True,463,online,11.0
online_v2,000688.SH,2024-01-31,Shock,Range,2024-01-31 13:35:00+08:00,2024-01-31 13:40:00+08:00,31,,,,True,464,online,19.0
online_v2,000688.SH,2024-01-31,Range,DownTrend,2024-01-31 14:20:00+08:00,2024-01-31 14:25:00+08:00,40,,,,True,465,online,28.0
online_v2,000688.SH,2024-02-01,Shock,DownTrend,2024-02-01 13:05:00+08:00,2024-02-01 13:10:00+08:00,25,,,,True,466,online,13.0
online_v2,000688.SH,2024-02-01,DownTrend,Range,2024-02-01 14:05:00+08:00,2024-02-01 14:10:00+08:00,37,,,,True,467,online,25.0
online_v2,000688.SH,2024-02-02,DownTrend,Shock,2024-02-02 13:50:00+08:00,2024-02-02 13:55:00+08:00,34,,,,True,468,online,22.0
online_v2,000688.SH,2024-02-06,Shock,Range,2024-02-06 11:15:00+08:00,2024-02-06 11:20:00+08:00,21,,,,False,,online,9.0
online_v2,000688.SH,2024-02-06,Range,Shock,2024-02-06 13:10:00+08:00,2024-02-06 13:15:00+08:00,26,,,,True,469,online,14.0
online_v2,000688.SH,2024-02-06,Shock,UpTrend,2024-02-06 13:40:00+08:00,2024-02-06 13:45:00+08:00,32,,,,True,470,online,20.0
online_v2,000688.SH,2024-02-19,Range,DownTrend,2024-02-19 13:05:00+08:00,2024-02-19 13:10:00+08:00,25,,,,False,,online,13.0
online_v2,000688.SH,2024-02-20,Range,UpTrend,2024-02-20 14:20:00+08:00,2024-02-20 14:25:00+08:00,40,,,,True,471,online,28.0
online_v2,000688.SH,2024-02-27,UpTrend,Range,2024-02-27 14:05:00+08:00,2024-02-27 14:10:00+08:00,37,,,,True,472,online,25.0
online_v2,000688.SH,2024-02-28,Range,DownTrend,2024-02-28 11:15:00+08:00,2024-02-28 11:20:00+08:00,21,,,,False,,online,9.0
online_v2,000688.SH,2024-02-29,UpTrend,DownTrend,2024-02-29 11:20:00+08:00,2024-02-29 11:25:00+08:00,22,,,,False,,online,10.0
online_v2,000688.SH,2024-02-29,DownTrend,Range,2024-02-29 13:40:00+08:00,2024-02-29 13:45:00+08:00,32,,,,False,,online,20.0
online_v2,000688.SH,2024-03-06,Shock,UpTrend,2024-03-06 11:25:00+08:00,2024-03-06 11:30:00+08:00,23,,,,False,,online,11.0
online_v2,000688.SH,2024-03-06,UpTrend,DownTrend,2024-03-06 14:05:00+08:00,2024-03-06 14:10:00+08:00,37,,,,True,473,online,25.0
online_v2,000688.SH,2024-03-08,DownTrend,UpTrend,2024-03-08 13:30:00+08:00,2024-03-08 13:35:00+08:00,30,,,,False,,online,18.0
online_v2,000688.SH,2024-03-11,Range,UpTrend,2024-03-11 13:30:00+08:00,2024-03-11 13:35:00+08:00,30,,,,False,,online,18.0
online_v2,000688.SH,2024-03-12,DownTrend,Range,2024-03-12 11:25:00+08:00,2024-03-12 11:30:00+08:00,23,,,,False,,online,11.0
online_v2,000688.SH,2024-03-14,Range,DownTrend,2024-03-14 13:35:00+08:00,2024-03-14 13:40:00+08:00,31,,,,True,474,online,19.0
online_v2,000688.SH,2024-03-15,Range,UpTrend,2024-03-15 13:50:00+08:00,2024-03-15 13:55:00+08:00,34,,,,True,475,online,22.0
online_v2,000688.SH,2024-03-21,DownTrend,Shock,2024-03-21 10:45:00+08:00,2024-03-21 10:50:00+08:00,15,,,,False,,online,3.0
online_v2,000688.SH,2024-03-21,Shock,DownTrend,2024-03-21 11:05:00+08:00,2024-03-21 11:10:00+08:00,19,,,,False,,online,7.0
online_v2,000688.SH,2024-03-22,DownTrend,UpTrend,2024-03-22 13:50:00+08:00,2024-03-22 13:55:00+08:00,34,,,,False,,online,22.0
online_v2,000688.SH,2024-03-25,Shock,DownTrend,2024-03-25 14:10:00+08:00,2024-03-25 14:15:00+08:00,38,,,,False,,online,26.0
online_v2,000688.SH,2024-03-26,Shock,DownTrend,2024-03-26 11:10:00+08:00,2024-03-26 11:15:00+08:00,20,,,,False,,online,8.0
online_v2,000688.SH,2024-03-26,DownTrend,Shock,2024-03-26 14:20:00+08:00,2024-03-26 14:25:00+08:00,40,,,,True,476,online,28.0
online_v2,000688.SH,2024-03-28,UpTrend,Range,2024-03-28 13:35:00+08:00,2024-03-28 13:40:00+08:00,31,,,,True,477,online,19.0
online_v2,000688.SH,2024-03-29,Shock,Range,2024-03-29 11:05:00+08:00,2024-03-29 11:10:00+08:00,19,,,,False,,online,7.0
online_v2,000688.SH,2024-03-29,Range,UpTrend,2024-03-29 14:10:00+08:00,2024-03-29 14:15:00+08:00,38,,,,True,478,online,26.0
online_v2,000688.SH,2024-04-01,UpTrend,Range,2024-04-01 13:20:00+08:00,2024-04-01 13:25:00+08:00,28,,,,True,479,online,16.0
online_v2,000688.SH,2024-04-08,Shock,DownTrend,2024-04-08 11:30:00+08:00,2024-04-08 13:05:00+08:00,24,,,,False,,online,12.0
online_v2,000688.SH,2024-04-09,UpTrend,Range,2024-04-09 14:05:00+08:00,2024-04-09 14:10:00+08:00,37,,,,True,480,online,25.0
online_v2,000688.SH,2024-04-10,DownTrend,Range,2024-04-10 14:20:00+08:00,2024-04-10 14:25:00+08:00,40,,,,True,481,online,28.0
online_v2,000688.SH,2024-04-11,DownTrend,UpTrend,2024-04-11 13:25:00+08:00,2024-04-11 13:30:00+08:00,29,,,,True,482,online,17.0
online_v2,000688.SH,2024-04-11,UpTrend,DownTrend,2024-04-11 14:15:00+08:00,2024-04-11 14:20:00+08:00,39,,,,True,483,online,27.0
online_v2,000688.SH,2024-04-15,Shock,Range,2024-04-15 11:20:00+08:00,2024-04-15 11:25:00+08:00,22,,,,True,484,online,10.0
online_v2,000688.SH,2024-04-15,Range,DownTrend,2024-04-15 14:10:00+08:00,2024-04-15 14:15:00+08:00,38,,,,True,485,online,26.0
online_v2,000688.SH,2024-04-16,Shock,UpTrend,2024-04-16 13:15:00+08:00,2024-04-16 13:20:00+08:00,27,,,,False,,online,15.0
online_v2,000688.SH,2024-04-17,UpTrend,DownTrend,2024-04-17 13:35:00+08:00,2024-04-17 13:40:00+08:00,31,,,,False,,online,19.0
online_v2,000688.SH,2024-04-17,DownTrend,UpTrend,2024-04-17 14:15:00+08:00,2024-04-17 14:20:00+08:00,39,,,,True,486,online,27.0
online_v2,000688.SH,2024-04-18,Shock,Range,2024-04-18 13:25:00+08:00,2024-04-18 13:30:00+08:00,29,,,,True,487,online,17.0
online_v2,000688.SH,2024-04-19,DownTrend,Range,2024-04-19 11:25:00+08:00,2024-04-19 11:30:00+08:00,23,,,,False,,online,11.0
online_v2,000688.SH,2024-04-22,Shock,Range,2024-04-22 13:40:00+08:00,2024-04-22 13:45:00+08:00,32,,,,False,,online,20.0
online_v2,000688.SH,2024-04-23,Shock,Range,2024-04-23 13:05:00+08:00,2024-04-23 13:10:00+08:00,25,,,,False,,online,13.0
online_v2,000688.SH,2024-04-24,Shock,Range,2024-04-24 10:55:00+08:00,2024-04-24 11:00:00+08:00,17,,,,False,,online,5.0
online_v2,000688.SH,2024-04-24,Range,UpTrend,2024-04-24 13:45:00+08:00,2024-04-24 13:50:00+08:00,33,,,,False,,online,21.0
online_v2,000688.SH,2024-04-25,UpTrend,DownTrend,2024-04-25 13:20:00+08:00,2024-04-25 13:25:00+08:00,28,,,,False,,online,16.0
online_v2,000688.SH,2024-04-26,Shock,Range,2024-04-26 11:10:00+08:00,2024-04-26 11:15:00+08:00,20,,,,False,,online,8.0
online_v2,000688.SH,2024-04-29,Shock,UpTrend,2024-04-29 11:05:00+08:00,2024-04-29 11:10:00+08:00,19,,,,False,,online,7.0
online_v2,000688.SH,2024-05-06,Shock,Range,2024-05-06 10:45:00+08:00,2024-05-06 10:50:00+08:00,15,,,,False,,online,3.0
online_v2,000688.SH,2024-05-06,Range,DownTrend,2024-05-06 13:35:00+08:00,2024-05-06 13:40:00+08:00,31,,,,False,,online,19.0
online_v2,000688.SH,2024-05-06,DownTrend,Range,2024-05-06 14:05:00+08:00,2024-05-06 14:10:00+08:00,37,,,,True,488,online,25.0
online_v2,000688.SH,2024-05-08,DownTrend,Range,2024-05-08 13:45:00+08:00,2024-05-08 13:50:00+08:00,33,,,,True,489,online,21.0
online_v2,000688.SH,2024-05-09,Shock,UpTrend,2024-05-09 13:05:00+08:00,2024-05-09 13:10:00+08:00,25,,,,False,,online,13.0
online_v2,000688.SH,2024-05-10,DownTrend,UpTrend,2024-05-10 13:40:00+08:00,2024-05-10 13:45:00+08:00,32,,,,False,,online,20.0
online_v2,000688.SH,2024-05-13,Shock,DownTrend,2024-05-13 11:15:00+08:00,2024-05-13 11:20:00+08:00,21,,,,False,,online,9.0
online_v2,000688.SH,2024-05-14,Shock,DownTrend,2024-05-14 11:30:00+08:00,2024-05-14 13:05:00+08:00,24,,,,False,,online,12.0
online_v2,000688.SH,2024-05-16,Range,DownTrend,2024-05-16 14:00:00+08:00,2024-05-16 14:05:00+08:00,36,,,,True,490,online,24.0
online_v2,000688.SH,2024-05-20,Shock,DownTrend,2024-05-20 11:00:00+08:00,2024-05-20 11:05:00+08:00,18,,,,False,,online,6.0
online_v2,000688.SH,2024-05-21,DownTrend,Range,2024-05-21 13:15:00+08:00,2024-05-21 13:20:00+08:00,27,,,,False,,online,15.0
online_v2,000688.SH,2024-05-22,DownTrend,UpTrend,2024-05-22 13:10:00+08:00,2024-05-22 13:15:00+08:00,26,,,,True,491,online,14.0
online_v2,000688.SH,2024-05-23,DownTrend,UpTrend,2024-05-23 11:15:00+08:00,2024-05-23 11:20:00+08:00,21,,,,False,,online,9.0
online_v2,000688.SH,2024-05-23,UpTrend,DownTrend,2024-05-23 13:35:00+08:00,2024-05-23 13:40:00+08:00,31,,,,True,492,online,19.0
online_v2,000688.SH,2024-05-24,Shock,DownTrend,2024-05-24 10:45:00+08:00,2024-05-24 10:50:00+08:00,15,,,,False,,online,3.0
online_v2,000688.SH,2024-05-24,DownTrend,Range,2024-05-24 11:15:00+08:00,2024-05-24 11:20:00+08:00,21,,,,False,,online,9.0
online_v2,000688.SH,2024-05-24,Range,DownTrend,2024-05-24 13:20:00+08:00,2024-05-24 13:25:00+08:00,28,,,,True,493,online,16.0
online_v2,000688.SH,2024-05-27,Shock,Range,2024-05-27 11:15:00+08:00,2024-05-27 11:20:00+08:00,21,,,,False,,online,9.0
online_v2,000688.SH,2024-05-27,Range,Shock,2024-05-27 13:10:00+08:00,2024-05-27 13:15:00+08:00,26,,,,True,494,online,14.0
online_v2,000688.SH,2024-05-28,Shock,DownTrend,2024-05-28 10:55:00+08:00,2024-05-28 11:00:00+08:00,17,,,,False,,online,5.0
online_v2,000688.SH,2024-05-30,Shock,Range,2024-05-30 13:30:00+08:00,2024-05-30 13:35:00+08:00,30,,,,True,495,online,18.0
online_v2,000688.SH,2024-05-30,Range,Shock,2024-05-30 13:45:00+08:00,2024-05-30 13:50:00+08:00,33,,,,True,496,online,21.0
online_v2,000688.SH,2024-05-30,Shock,Range,2024-05-30 13:55:00+08:00,2024-05-30 14:00:00+08:00,35,,,,True,497,online,23.0
online_v2,000688.SH,2024-05-31,Shock,Range,2024-05-31 11:10:00+08:00,2024-05-31 11:15:00+08:00,20,,,,False,,online,8.0
online_v2,000688.SH,2024-06-03,Shock,DownTrend,2024-06-03 13:25:00+08:00,2024-06-03 13:30:00+08:00,29,,,,True,498,online,17.0
online_v2,000688.SH,2024-06-03,DownTrend,Range,2024-06-03 14:00:00+08:00,2024-06-03 14:05:00+08:00,36,,,,True,499,online,24.0
online_v2,000688.SH,2024-06-06,Shock,DownTrend,2024-06-06 13:45:00+08:00,2024-06-06 13:50:00+08:00,33,,,,True,500,online,21.0
online_v2,000688.SH,2024-06-07,Shock,DownTrend,2024-06-07 11:20:00+08:00,2024-06-07 11:25:00+08:00,22,,,,False,,online,10.0
online_v2,000688.SH,2024-06-07,DownTrend,UpTrend,2024-06-07 14:15:00+08:00,2024-06-07 14:20:00+08:00,39,,,,True,501,online,27.0
online_v2,000688.SH,2024-06-11,Range,UpTrend,2024-06-11 11:10:00+08:00,2024-06-11 11:15:00+08:00,20,,,,False,,online,8.0
online_v2,000688.SH,2024-06-12,Shock,DownTrend,2024-06-12 11:05:00+08:00,2024-06-12 11:10:00+08:00,19,,,,False,,online,7.0
online_v2,000688.SH,2024-06-12,DownTrend,Range,2024-06-12 13:25:00+08:00,2024-06-12 13:30:00+08:00,29,,,,True,502,online,17.0
online_v2,000688.SH,2024-06-14,Shock,Range,2024-06-14 11:25:00+08:00,2024-06-14 11:30:00+08:00,23,,,,False,,online,11.0
online_v2,000688.SH,2024-06-18,Range,DownTrend,2024-06-18 13:45:00+08:00,2024-06-18 13:50:00+08:00,33,,,,True,503,online,21.0
online_v2,000688.SH,2024-06-19,DownTrend,Range,2024-06-19 13:20:00+08:00,2024-06-19 13:25:00+08:00,28,,,,False,,online,16.0
online_v2,000688.SH,2024-06-19,Range,UpTrend,2024-06-19 13:55:00+08:00,2024-06-19 14:00:00+08:00,35,,,,True,504,online,23.0
online_v2,000688.SH,2024-06-20,Shock,DownTrend,2024-06-20 14:15:00+08:00,2024-06-20 14:20:00+08:00,39,,,,True,505,online,27.0
online_v2,000688.SH,2024-06-21,UpTrend,Range,2024-06-21 11:25:00+08:00,2024-06-21 11:30:00+08:00,23,,,,False,,online,11.0
online_v2,000688.SH,2024-06-21,Range,Shock,2024-06-21 13:35:00+08:00,2024-06-21 13:40:00+08:00,31,,,,True,506,online,19.0
online_v2,000688.SH,2024-06-24,DownTrend,Range,2024-06-24 13:10:00+08:00,2024-06-24 13:15:00+08:00,26,,,,True,507,online,14.0
online_v2,000688.SH,2024-06-24,Range,DownTrend,2024-06-24 14:15:00+08:00,2024-06-24 14:20:00+08:00,39,,,,True,508,online,27.0
online_v2,000688.SH,2024-06-25,Shock,DownTrend,2024-06-25 10:55:00+08:00,2024-06-25 11:00:00+08:00,17,,,,False,,online,5.0
online_v2,000688.SH,2024-06-25,DownTrend,Range,2024-06-25 13:10:00+08:00,2024-06-25 13:15:00+08:00,26,,,,True,509,online,14.0
online_v2,000688.SH,2024-06-25,Range,Shock,2024-06-25 13:50:00+08:00,2024-06-25 13:55:00+08:00,34,,,,True,510,online,22.0
online_v2,000688.SH,2024-06-25,Shock,DownTrend,2024-06-25 14:15:00+08:00,2024-06-25 14:20:00+08:00,39,,,,True,511,online,27.0
online_v2,000688.SH,2024-06-26,DownTrend,Shock,2024-06-26 13:10:00+08:00,2024-06-26 13:15:00+08:00,26,,,,True,512,online,14.0
online_v2,000688.SH,2024-06-26,Shock,UpTrend,2024-06-26 14:15:00+08:00,2024-06-26 14:20:00+08:00,39,,,,True,513,online,27.0
online_v2,000688.SH,2024-06-27,Shock,DownTrend,2024-06-27 11:25:00+08:00,2024-06-27 11:30:00+08:00,23,,,,False,,online,11.0
online_v2,000688.SH,2024-06-28,Shock,DownTrend,2024-06-28 13:10:00+08:00,2024-06-28 13:15:00+08:00,26,,,,False,,online,14.0
online_v2,000688.SH,2024-07-01,DownTrend,Range,2024-07-01 11:15:00+08:00,2024-07-01 11:20:00+08:00,21,,,,False,,online,9.0
online_v2,000688.SH,2024-07-01,Range,Shock,2024-07-01 13:20:00+08:00,2024-07-01 13:25:00+08:00,28,,,,True,514,online,16.0
online_v2,000688.SH,2024-07-02,Shock,Range,2024-07-02 10:45:00+08:00,2024-07-02 10:50:00+08:00,15,,,,False,,online,3.0
online_v2,000688.SH,2024-07-02,Range,DownTrend,2024-07-02 13:10:00+08:00,2024-07-02 13:15:00+08:00,26,,,,False,,online,14.0
online_v2,000688.SH,2024-07-02,DownTrend,Range,2024-07-02 13:45:00+08:00,2024-07-02 13:50:00+08:00,33,,,,True,515,online,21.0
online_v2,000688.SH,2024-07-03,Shock,UpTrend,2024-07-03 11:20:00+08:00,2024-07-03 11:25:00+08:00,22,,,,False,,online,10.0
online_v2,000688.SH,2024-07-03,UpTrend,Shock,2024-07-03 13:10:00+08:00,2024-07-03 13:15:00+08:00,26,,,,True,516,online,14.0
online_v2,000688.SH,2024-07-03,Shock,DownTrend,2024-07-03 14:10:00+08:00,2024-07-03 14:15:00+08:00,38,,,,True,517,online,26.0
online_v2,000688.SH,2024-07-04,DownTrend,Range,2024-07-04 13:50:00+08:00,2024-07-04 13:55:00+08:00,34,,,,False,,online,22.0
online_v2,000688.SH,2024-07-08,Range,DownTrend,2024-07-08 13:15:00+08:00,2024-07-08 13:20:00+08:00,27,,,,True,518,online,15.0
online_v2,000688.SH,2024-07-09,Shock,UpTrend,2024-07-09 14:00:00+08:00,2024-07-09 14:05:00+08:00,36,,,,True,519,online,24.0
online_v2,000688.SH,2024-07-10,Range,DownTrend,2024-07-10 14:25:00+08:00,2024-07-10 14:30:00+08:00,41,,,,True,520,online,29.0
online_v2,000688.SH,2024-07-12,Range,UpTrend,2024-07-12 13:45:00+08:00,2024-07-12 13:50:00+08:00,33,,,,True,521,online,21.0
online_v2,000688.SH,2024-07-16,Range,UpTrend,2024-07-16 13:40:00+08:00,2024-07-16 13:45:00+08:00,32,,,,False,,online,20.0
online_v2,000688.SH,2024-07-18,Shock,UpTrend,2024-07-18 11:20:00+08:00,2024-07-18 11:25:00+08:00,22,,,,False,,online,10.0
online_v2,000688.SH,2024-07-18,UpTrend,Shock,2024-07-18 13:05:00+08:00,2024-07-18 13:10:00+08:00,25,,,,True,522,online,13.0
online_v2,000688.SH,2024-07-18,Shock,UpTrend,2024-07-18 13:25:00+08:00,2024-07-18 13:30:00+08:00,29,,,,True,523,online,17.0
online_v2,000688.SH,2024-07-18,UpTrend,Shock,2024-07-18 13:35:00+08:00,2024-07-18 13:40:00+08:00,31,,,,True,524,online,19.0
online_v2,000688.SH,2024-07-19,Shock,UpTrend,2024-07-19 14:15:00+08:00,2024-07-19 14:20:00+08:00,39,,,,True,525,online,27.0
online_v2,000688.SH,2024-07-22,Shock,Range,2024-07-22 10:50:00+08:00,2024-07-22 10:55:00+08:00,16,,,,False,,online,4.0
online_v2,000688.SH,2024-07-22,Range,DownTrend,2024-07-22 13:50:00+08:00,2024-07-22 13:55:00+08:00,34,,,,False,,online,22.0
online_v2,000688.SH,2024-07-24,Shock,DownTrend,2024-07-24 13:35:00+08:00,2024-07-24 13:40:00+08:00,31,,,,True,526,online,19.0
online_v2,000688.SH,2024-07-25,Shock,DownTrend,2024-07-25 13:50:00+08:00,2024-07-25 13:55:00+08:00,34,,,,True,527,online,22.0
online_v2,000688.SH,2024-07-26,UpTrend,DownTrend,2024-07-26 14:25:00+08:00,2024-07-26 14:30:00+08:00,41,,,,True,528,online,29.0
online_v2,000688.SH,2024-07-30,Shock,UpTrend,2024-07-30 11:20:00+08:00,2024-07-30 11:25:00+08:00,22,,,,False,,online,10.0
online_v2,000688.SH,2024-07-30,UpTrend,Range,2024-07-30 13:45:00+08:00,2024-07-30 13:50:00+08:00,33,,,,True,529,online,21.0
online_v2,000688.SH,2024-07-31,Shock,UpTrend,2024-07-31 13:05:00+08:00,2024-07-31 13:10:00+08:00,25,,,,True,530,online,13.0
online_v2,000688.SH,2024-08-01,Range,UpTrend,2024-08-01 13:20:00+08:00,2024-08-01 13:25:00+08:00,28,,,,False,,online,16.0
online_v2,000688.SH,2024-08-02,DownTrend,Range,2024-08-02 11:30:00+08:00,2024-08-02 13:05:00+08:00,24,,,,True,531,online,12.0
online_v2,000688.SH,2024-08-02,Range,DownTrend,2024-08-02 13:50:00+08:00,2024-08-02 13:55:00+08:00,34,,,,True,532,online,22.0
online_v2,000688.SH,2024-08-05,Shock,DownTrend,2024-08-05 10:55:00+08:00,2024-08-05 11:00:00+08:00,17,,,,False,,online,5.0
online_v2,000688.SH,2024-08-05,DownTrend,UpTrend,2024-08-05 11:15:00+08:00,2024-08-05 11:20:00+08:00,21,,,,False,,online,9.0
online_v2,000688.SH,2024-08-05,UpTrend,DownTrend,2024-08-05 13:20:00+08:00,2024-08-05 13:25:00+08:00,28,,,,True,533,online,16.0
online_v2,000688.SH,2024-08-05,DownTrend,Shock,2024-08-05 14:00:00+08:00,2024-08-05 14:05:00+08:00,36,,,,True,534,online,24.0
online_v2,000688.SH,2024-08-06,DownTrend,UpTrend,2024-08-06 11:05:00+08:00,2024-08-06 11:10:00+08:00,19,,,,False,,online,7.0
online_v2,000688.SH,2024-08-06,UpTrend,DownTrend,2024-08-06 13:15:00+08:00,2024-08-06 13:20:00+08:00,27,,,,True,535,online,15.0
online_v2,000688.SH,2024-08-07,Range,DownTrend,2024-08-07 14:10:00+08:00,2024-08-07 14:15:00+08:00,38,,,,True,536,online,26.0
online_v2,000688.SH,2024-08-08,Range,Shock,2024-08-08 11:00:00+08:00,2024-08-08 11:05:00+08:00,18,,,,False,,online,6.0
online_v2,000688.SH,2024-08-08,Shock,UpTrend,2024-08-08 11:30:00+08:00,2024-08-08 13:05:00+08:00,24,,,,True,537,online,12.0
online_v2,000688.SH,2024-08-08,UpTrend,DownTrend,2024-08-08 14:00:00+08:00,2024-08-08 14:05:00+08:00,36,,,,True,538,online,24.0
online_v2,000688.SH,2024-08-09,Range,DownTrend,2024-08-09 13:15:00+08:00,2024-08-09 13:20:00+08:00,27,,,,False,,online,15.0
online_v2,000688.SH,2024-08-09,DownTrend,Range,2024-08-09 14:10:00+08:00,2024-08-09 14:15:00+08:00,38,,,,True,539,online,26.0
online_v2,000688.SH,2024-08-15,Shock,DownTrend,2024-08-15 13:30:00+08:00,2024-08-15 13:35:00+08:00,30,,,,True,540,online,18.0
online_v2,000688.SH,2024-08-16,Range,DownTrend,2024-08-16 11:30:00+08:00,2024-08-16 13:05:00+08:00,24,,,,False,,online,12.0
online_v2,000688.SH,2024-08-20,DownTrend,Range,2024-08-20 11:00:00+08:00,2024-08-20 11:05:00+08:00,18,,,,False,,online,6.0
online_v2,000688.SH,2024-08-20,Range,DownTrend,2024-08-20 13:25:00+08:00,2024-08-20 13:30:00+08:00,29,,,,True,541,online,17.0
online_v2,000688.SH,2024-08-21,UpTrend,DownTrend,2024-08-21 13:20:00+08:00,2024-08-21 13:25:00+08:00,28,,,,True,542,online,16.0
online_v2,000688.SH,2024-08-22,DownTrend,Range,2024-08-22 11:25:00+08:00,2024-08-22 11:30:00+08:00,23,,,,False,,online,11.0
online_v2,000688.SH,2024-08-23,UpTrend,Shock,2024-08-23 14:00:00+08:00,2024-08-23 14:05:00+08:00,36,,,,True,543,online,24.0
online_v2,000688.SH,2024-08-26,Range,DownTrend,2024-08-26 13:50:00+08:00,2024-08-26 13:55:00+08:00,34,,,,True,544,online,22.0
online_v2,000688.SH,2024-08-27,Shock,DownTrend,2024-08-27 13:50:00+08:00,2024-08-27 13:55:00+08:00,34,,,,True,545,online,22.0
online_v2,000688.SH,2024-08-28,Shock,DownTrend,2024-08-28 13:25:00+08:00,2024-08-28 13:30:00+08:00,29,,,,False,,online,17.0
online_v2,000688.SH,2024-08-29,Shock,UpTrend,2024-08-29 13:35:00+08:00,2024-08-29 13:40:00+08:00,31,,,,True,546,online,19.0
online_v2,000688.SH,2024-08-30,Shock,UpTrend,2024-08-30 10:55:00+08:00,2024-08-30 11:00:00+08:00,17,,,,False,,online,5.0
online_v2,000688.SH,2024-08-30,UpTrend,Range,2024-08-30 13:25:00+08:00,2024-08-30 13:30:00+08:00,29,,,,True,547,online,17.0
online_v2,000688.SH,2024-09-03,Shock,Range,2024-09-03 13:35:00+08:00,2024-09-03 13:40:00+08:00,31,,,,True,548,online,19.0
online_v2,000688.SH,2024-09-04,Shock,DownTrend,2024-09-04 13:30:00+08:00,2024-09-04 13:35:00+08:00,30,,,,True,549,online,18.0
online_v2,000688.SH,2024-09-05,Shock,DownTrend,2024-09-05 13:05:00+08:00,2024-09-05 13:10:00+08:00,25,,,,True,550,online,13.0
online_v2,000688.SH,2024-09-11,UpTrend,Range,2024-09-11 11:05:00+08:00,2024-09-11 11:10:00+08:00,19,,,,False,,online,7.0
online_v2,000688.SH,2024-09-12,DownTrend,Range,2024-09-12 13:20:00+08:00,2024-09-12 13:25:00+08:00,28,,,,False,,online,16.0
online_v2,000688.SH,2024-09-18,DownTrend,UpTrend,2024-09-18 13:50:00+08:00,2024-09-18 13:55:00+08:00,34,,,,True,551,online,22.0
online_v2,000688.SH,2024-09-19,Shock,Range,2024-09-19 13:45:00+08:00,2024-09-19 13:50:00+08:00,33,,,,True,552,online,21.0
online_v2,000688.SH,2024-09-20,DownTrend,Range,2024-09-20 11:00:00+08:00,2024-09-20 11:05:00+08:00,18,,,,False,,online,6.0
online_v2,000688.SH,2024-09-20,Range,DownTrend,2024-09-20 13:35:00+08:00,2024-09-20 13:40:00+08:00,31,,,,True,553,online,19.0
online_v2,000688.SH,2024-09-23,Shock,DownTrend,2024-09-23 10:45:00+08:00,2024-09-23 10:50:00+08:00,15,,,,False,,online,3.0
online_v2,000688.SH,2024-09-24,DownTrend,Shock,2024-09-24 10:50:00+08:00,2024-09-24 10:55:00+08:00,16,,,,False,,online,4.0
online_v2,000688.SH,2024-09-25,Shock,DownTrend,2024-09-25 11:15:00+08:00,2024-09-25 11:20:00+08:00,21,,,,True,554,online,9.0
online_v2,000688.SH,2024-09-26,Range,Shock,2024-09-26 13:15:00+08:00,2024-09-26 13:20:00+08:00,27,,,,False,,online,15.0
online_v2,000688.SH,2024-09-26,Shock,UpTrend,2024-09-26 14:20:00+08:00,2024-09-26 14:25:00+08:00,40,,,,True,555,online,28.0
online_v2,000688.SH,2024-09-27,Shock,DownTrend,2024-09-27 14:15:00+08:00,2024-09-27 14:20:00+08:00,39,,,,True,556,online,27.0
online_v2,000688.SH,2024-09-30,Shock,UpTrend,2024-09-30 14:05:00+08:00,2024-09-30 14:10:00+08:00,37,,,,True,557,online,25.0
online_v2,000688.SH,2024-09-30,UpTrend,Shock,2024-09-30 14:25:00+08:00,2024-09-30 14:30:00+08:00,41,,,,True,558,online,29.0
online_v2,000688.SH,2024-10-08,Shock,DownTrend,2024-10-08 13:50:00+08:00,2024-10-08 13:55:00+08:00,34,,,,True,559,online,22.0
online_v2,000688.SH,2024-10-08,DownTrend,Range,2024-10-08 14:15:00+08:00,2024-10-08 14:20:00+08:00,39,,,,True,560,online,27.0
online_v2,000688.SH,2024-10-10,Shock,UpTrend,2024-10-10 11:15:00+08:00,2024-10-10 11:20:00+08:00,21,,,,False,,online,9.0
online_v2,000688.SH,2024-10-10,UpTrend,Shock,2024-10-10 13:10:00+08:00,2024-10-10 13:15:00+08:00,26,,,,True,561,online,14.0
online_v2,000688.SH,2024-10-11,DownTrend,UpTrend,2024-10-11 11:05:00+08:00,2024-10-11 11:10:00+08:00,19,,,,False,,online,7.0
online_v2,000688.SH,2024-10-11,UpTrend,DownTrend,2024-10-11 13:30:00+08:00,2024-10-11 13:35:00+08:00,30,,,,True,562,online,18.0
online_v2,000688.SH,2024-10-14,DownTrend,UpTrend,2024-10-14 11:30:00+08:00,2024-10-14 13:05:00+08:00,24,,,,False,,online,12.0
online_v2,000688.SH,2024-10-14,UpTrend,Range,2024-10-14 14:15:00+08:00,2024-10-14 14:20:00+08:00,39,,,,True,563,online,27.0
online_v2,000688.SH,2024-10-17,Range,DownTrend,2024-10-17 14:15:00+08:00,2024-10-17 14:20:00+08:00,39,,,,True,564,online,27.0
online_v2,000688.SH,2024-10-18,Shock,UpTrend,2024-10-18 14:25:00+08:00,2024-10-18 14:30:00+08:00,41,,,,True,565,online,29.0
online_v2,000688.SH,2024-10-22,Range,DownTrend,2024-10-22 13:45:00+08:00,2024-10-22 13:50:00+08:00,33,,,,False,,online,21.0
online_v2,000688.SH,2024-10-23,UpTrend,DownTrend,2024-10-23 14:10:00+08:00,2024-10-23 14:15:00+08:00,38,,,,True,566,online,26.0
online_v2,000688.SH,2024-10-28,UpTrend,Range,2024-10-28 13:40:00+08:00,2024-10-28 13:45:00+08:00,32,,,,False,,online,20.0
online_v2,000688.SH,2024-10-30,DownTrend,Range,2024-10-30 13:55:00+08:00,2024-10-30 14:00:00+08:00,35,,,,True,567,online,23.0
online_v2,000688.SH,2024-11-05,UpTrend,DownTrend,2024-11-05 14:15:00+08:00,2024-11-05 14:20:00+08:00,39,,,,False,,online,27.0
online_v2,000688.SH,2024-11-06,DownTrend,UpTrend,2024-11-06 13:45:00+08:00,2024-11-06 13:50:00+08:00,33,,,,True,568,online,21.0
online_v2,000688.SH,2024-11-07,Range,UpTrend,2024-11-07 13:50:00+08:00,2024-11-07 13:55:00+08:00,34,,,,False,,online,22.0
online_v2,000688.SH,2024-11-08,Shock,Range,2024-11-08 14:15:00+08:00,2024-11-08 14:20:00+08:00,39,,,,True,569,online,27.0
online_v2,000688.SH,2024-11-11,Shock,UpTrend,2024-11-11 13:20:00+08:00,2024-11-11 13:25:00+08:00,28,,,,True,570,online,16.0
online_v2,000688.SH,2024-11-11,UpTrend,Range,2024-11-11 14:10:00+08:00,2024-11-11 14:15:00+08:00,38,,,,True,571,online,26.0
online_v2,000688.SH,2024-11-18,Shock,Range,2024-11-18 11:30:00+08:00,2024-11-18 13:05:00+08:00,24,,,,False,,online,12.0
online_v2,000688.SH,2024-11-18,Range,DownTrend,2024-11-18 13:55:00+08:00,2024-11-18 14:00:00+08:00,35,,,,True,572,online,23.0
online_v2,000688.SH,2024-11-19,DownTrend,UpTrend,2024-11-19 14:05:00+08:00,2024-11-19 14:10:00+08:00,37,,,,False,,online,25.0
online_v2,000688.SH,2024-11-20,Range,UpTrend,2024-11-20 13:15:00+08:00,2024-11-20 13:20:00+08:00,27,,,,False,,online,15.0
online_v2,000688.SH,2024-11-27,Shock,UpTrend,2024-11-27 13:05:00+08:00,2024-11-27 13:10:00+08:00,25,,,,True,573,online,13.0
online_v2,000688.SH,2024-11-27,UpTrend,Range,2024-11-27 13:35:00+08:00,2024-11-27 13:40:00+08:00,31,,,,True,574,online,19.0
online_v2,000688.SH,2024-11-29,Range,UpTrend,2024-11-29 11:20:00+08:00,2024-11-29 11:25:00+08:00,22,,,,False,,online,10.0
online_v2,000688.SH,2024-11-29,UpTrend,Shock,2024-11-29 11:30:00+08:00,2024-11-29 13:05:00+08:00,24,,,,True,575,online,12.0
online_v2,000688.SH,2024-11-29,Shock,Range,2024-11-29 14:00:00+08:00,2024-11-29 14:05:00+08:00,36,,,,True,576,online,24.0
online_v2,000688.SH,2024-11-29,Range,Shock,2024-11-29 14:15:00+08:00,2024-11-29 14:20:00+08:00,39,,,,True,577,online,27.0
online_v2,000688.SH,2024-12-03,DownTrend,Range,2024-12-03 11:05:00+08:00,2024-12-03 11:10:00+08:00,19,,,,False,,online,7.0
online_v2,000688.SH,2024-12-04,DownTrend,Range,2024-12-04 13:20:00+08:00,2024-12-04 13:25:00+08:00,28,,,,False,,online,16.0
online_v2,000688.SH,2024-12-06,UpTrend,Shock,2024-12-06 11:05:00+08:00,2024-12-06 11:10:00+08:00,19,,,,False,,online,7.0
online_v2,000688.SH,2024-12-06,Shock,Range,2024-12-06 13:15:00+08:00,2024-12-06 13:20:00+08:00,27,,,,True,578,online,15.0
online_v2,000688.SH,2024-12-12,Range,UpTrend,2024-12-12 11:25:00+08:00,2024-12-12 11:30:00+08:00,23,,,,False,,online,11.0
online_v2,000688.SH,2024-12-12,UpTrend,Range,2024-12-12 13:50:00+08:00,2024-12-12 13:55:00+08:00,34,,,,True,579,online,22.0
online_v2,000688.SH,2024-12-13,DownTrend,Range,2024-12-13 14:20:00+08:00,2024-12-13 14:25:00+08:00,40,,,,True,580,online,28.0
online_v2,000688.SH,2024-12-16,Range,DownTrend,2024-12-16 11:20:00+08:00,2024-12-16 11:25:00+08:00,22,,,,False,,online,10.0
online_v2,000688.SH,2024-12-19,Range,Shock,2024-12-19 13:10:00+08:00,2024-12-19 13:15:00+08:00,26,,,,True,581,online,14.0
online_v2,000688.SH,2024-12-20,Range,Shock,2024-12-20 11:30:00+08:00,2024-12-20 13:05:00+08:00,24,,,,False,,online,12.0
online_v2,000688.SH,2024-12-20,Shock,DownTrend,2024-12-20 14:05:00+08:00,2024-12-20 14:10:00+08:00,37,,,,True,582,online,25.0
online_v2,000688.SH,2024-12-24,Shock,UpTrend,2024-12-24 13:25:00+08:00,2024-12-24 13:30:00+08:00,29,,,,True,583,online,17.0
online_v2,000688.SH,2024-12-24,UpTrend,Range,2024-12-24 14:15:00+08:00,2024-12-24 14:20:00+08:00,39,,,,True,584,online,27.0
online_v2,000688.SH,2024-12-30,UpTrend,Shock,2024-12-30 11:25:00+08:00,2024-12-30 11:30:00+08:00,23,,,,False,,online,11.0
online_v2,000688.SH,2025-01-02,DownTrend,Shock,2025-01-02 14:10:00+08:00,2025-01-02 14:15:00+08:00,38,,,,True,585,online,26.0
online_v2,000688.SH,2025-01-03,Shock,DownTrend,2025-01-03 13:15:00+08:00,2025-01-03 13:20:00+08:00,27,,,,False,,online,15.0
online_v2,000688.SH,2025-01-06,Shock,Range,2025-01-06 11:25:00+08:00,2025-01-06 11:30:00+08:00,23,,,,False,,online,11.0
online_v2,000688.SH,2025-01-07,Range,UpTrend,2025-01-07 14:15:00+08:00,2025-01-07 14:20:00+08:00,39,,,,True,586,online,27.0
online_v2,000688.SH,2025-01-08,DownTrend,Shock,2025-01-08 13:45:00+08:00,2025-01-08 13:50:00+08:00,33,,,,True,587,online,21.0
online_v2,000688.SH,2025-01-10,Shock,DownTrend,2025-01-10 13:15:00+08:00,2025-01-10 13:20:00+08:00,27,,,,True,588,online,15.0
online_v2,000688.SH,2025-01-13,Shock,Range,2025-01-13 11:00:00+08:00,2025-01-13 11:05:00+08:00,18,,,,False,,online,6.0
online_v2,000688.SH,2025-01-14,UpTrend,Shock,2025-01-14 11:20:00+08:00,2025-01-14 11:25:00+08:00,22,,,,True,589,online,10.0
online_v2,000688.SH,2025-01-14,Shock,UpTrend,2025-01-14 14:00:00+08:00,2025-01-14 14:05:00+08:00,36,,,,True,590,online,24.0
online_v2,000688.SH,2025-01-16,Shock,DownTrend,2025-01-16 11:25:00+08:00,2025-01-16 11:30:00+08:00,23,,,,True,591,online,11.0
online_v2,000688.SH,2025-01-16,DownTrend,UpTrend,2025-01-16 14:10:00+08:00,2025-01-16 14:15:00+08:00,38,,,,True,592,online,26.0
online_v2,000688.SH,2025-01-17,Range,Shock,2025-01-17 11:30:00+08:00,2025-01-17 13:05:00+08:00,24,,,,False,,online,12.0
online_v2,000688.SH,2025-01-21,Range,UpTrend,2025-01-21 11:25:00+08:00,2025-01-21 11:30:00+08:00,23,,,,False,,online,11.0
online_v2,000688.SH,2025-01-24,Range,DownTrend,2025-01-24 13:50:00+08:00,2025-01-24 13:55:00+08:00,34,,,,True,593,online,22.0
online_v2,000688.SH,2025-02-07,Shock,Range,2025-02-07 13:30:00+08:00,2025-02-07 13:35:00+08:00,30,,,,True,594,online,18.0
online_v2,000688.SH,2025-02-07,Range,DownTrend,2025-02-07 14:00:00+08:00,2025-02-07 14:05:00+08:00,36,,,,True,595,online,24.0
online_v2,000688.SH,2025-02-10,Range,UpTrend,2025-02-10 13:20:00+08:00,2025-02-10 13:25:00+08:00,28,,,,True,596,online,16.0
online_v2,000688.SH,2025-02-11,Range,UpTrend,2025-02-11 13:15:00+08:00,2025-02-11 13:20:00+08:00,27,,,,True,597,online,15.0
online_v2,000688.SH,2025-02-13,DownTrend,Range,2025-02-13 13:10:00+08:00,2025-02-13 13:15:00+08:00,26,,,,True,598,online,14.0
online_v2,000688.SH,2025-02-13,Range,UpTrend,2025-02-13 13:35:00+08:00,2025-02-13 13:40:00+08:00,31,,,,True,599,online,19.0
online_v2,000688.SH,2025-02-14,Range,UpTrend,2025-02-14 11:15:00+08:00,2025-02-14 11:20:00+08:00,21,,,,False,,online,9.0
online_v2,000688.SH,2025-02-14,UpTrend,Shock,2025-02-14 13:40:00+08:00,2025-02-14 13:45:00+08:00,32,,,,True,600,online,20.0
online_v2,000688.SH,2025-02-14,Shock,Range,2025-02-14 14:15:00+08:00,2025-02-14 14:20:00+08:00,39,,,,True,601,online,27.0
online_v2,000688.SH,2025-02-17,Shock,UpTrend,2025-02-17 11:05:00+08:00,2025-02-17 11:10:00+08:00,19,,,,False,,online,7.0
online_v2,000688.SH,2025-02-17,UpTrend,Range,2025-02-17 13:25:00+08:00,2025-02-17 13:30:00+08:00,29,,,,True,602,online,17.0
online_v2,000688.SH,2025-02-18,Range,DownTrend,2025-02-18 14:00:00+08:00,2025-02-18 14:05:00+08:00,36,,,,True,603,online,24.0
online_v2,000688.SH,2025-02-19,UpTrend,Range,2025-02-19 11:05:00+08:00,2025-02-19 11:10:00+08:00,19,,,,False,,online,7.0
online_v2,000688.SH,2025-02-20,DownTrend,UpTrend,2025-02-20 13:35:00+08:00,2025-02-20 13:40:00+08:00,31,,,,False,,online,19.0
online_v2,000688.SH,2025-02-24,Shock,Range,2025-02-24 11:25:00+08:00,2025-02-24 11:30:00+08:00,23,,,,False,,online,11.0
online_v2,000688.SH,2025-02-24,Range,DownTrend,2025-02-24 13:40:00+08:00,2025-02-24 13:45:00+08:00,32,,,,True,604,online,20.0
online_v2,000688.SH,2025-02-26,Shock,UpTrend,2025-02-26 11:10:00+08:00,2025-02-26 11:15:00+08:00,20,,,,False,,online,8.0
online_v2,000688.SH,2025-02-26,UpTrend,Range,2025-02-26 14:10:00+08:00,2025-02-26 14:15:00+08:00,38,,,,True,605,online,26.0
online_v2,000688.SH,2025-02-27,DownTrend,Shock,2025-02-27 14:25:00+08:00,2025-02-27 14:30:00+08:00,41,,,,False,,online,29.0
online_v2,000688.SH,2025-02-28,Shock,DownTrend,2025-02-28 13:10:00+08:00,2025-02-28 13:15:00+08:00,26,,,,False,,online,14.0
online_v2,000688.SH,2025-02-28,DownTrend,Range,2025-02-28 14:25:00+08:00,2025-02-28 14:30:00+08:00,41,,,,True,606,online,29.0
online_v2,000688.SH,2025-03-03,Shock,Range,2025-03-03 13:30:00+08:00,2025-03-03 13:35:00+08:00,30,,,,False,,online,18.0
online_v2,000688.SH,2025-03-04,Range,Shock,2025-03-04 13:05:00+08:00,2025-03-04 13:10:00+08:00,25,,,,True,607,online,13.0
online_v2,000688.SH,2025-03-04,Shock,Range,2025-03-04 14:15:00+08:00,2025-03-04 14:20:00+08:00,39,,,,True,608,online,27.0
online_v2,000688.SH,2025-03-05,Range,UpTrend,2025-03-05 14:15:00+08:00,2025-03-05 14:20:00+08:00,39,,,,True,609,online,27.0
online_v2,000688.SH,2025-03-07,UpTrend,Range,2025-03-07 11:20:00+08:00,2025-03-07 11:25:00+08:00,22,,,,True,610,online,10.0
online_v2,000688.SH,2025-03-10,DownTrend,Range,2025-03-10 13:25:00+08:00,2025-03-10 13:30:00+08:00,29,,,,True,611,online,17.0
online_v2,000688.SH,2025-03-10,Range,UpTrend,2025-03-10 13:45:00+08:00,2025-03-10 13:50:00+08:00,33,,,,True,612,online,21.0
online_v2,000688.SH,2025-03-11,Range,DownTrend,2025-03-11 11:20:00+08:00,2025-03-11 11:25:00+08:00,22,,,,False,,online,10.0
online_v2,000688.SH,2025-03-11,DownTrend,Range,2025-03-11 13:30:00+08:00,2025-03-11 13:35:00+08:00,30,,,,True,613,online,18.0
online_v2,000688.SH,2025-03-20,Range,DownTrend,2025-03-20 14:15:00+08:00,2025-03-20 14:20:00+08:00,39,,,,True,614,online,27.0
online_v2,000688.SH,2025-03-21,DownTrend,Range,2025-03-21 14:20:00+08:00,2025-03-21 14:25:00+08:00,40,,,,True,615,online,28.0
online_v2,000688.SH,2025-03-24,Range,DownTrend,2025-03-24 13:25:00+08:00,2025-03-24 13:30:00+08:00,29,,,,True,616,online,17.0
online_v2,000688.SH,2025-03-25,DownTrend,Range,2025-03-25 11:15:00+08:00,2025-03-25 11:20:00+08:00,21,,,,False,,online,9.0
online_v2,000688.SH,2025-03-25,Range,Shock,2025-03-25 13:10:00+08:00,2025-03-25 13:15:00+08:00,26,,,,True,617,online,14.0
online_v2,000688.SH,2025-03-25,Shock,DownTrend,2025-03-25 14:15:00+08:00,2025-03-25 14:20:00+08:00,39,,,,True,618,online,27.0
online_v2,000688.SH,2025-03-27,UpTrend,Shock,2025-03-27 10:50:00+08:00,2025-03-27 10:55:00+08:00,16,,,,False,,online,4.0
online_v2,000688.SH,2025-03-27,Shock,Range,2025-03-27 13:50:00+08:00,2025-03-27 13:55:00+08:00,34,,,,True,619,online,22.0
online_v2,000688.SH,2025-03-31,Shock,DownTrend,2025-03-31 10:55:00+08:00,2025-03-31 11:00:00+08:00,17,,,,False,,online,5.0
online_v2,000688.SH,2025-03-31,DownTrend,Range,2025-03-31 13:40:00+08:00,2025-03-31 13:45:00+08:00,32,,,,True,620,online,20.0
online_v2,000688.SH,2025-04-01,UpTrend,DownTrend,2025-04-01 13:05:00+08:00,2025-04-01 13:10:00+08:00,25,,,,False,,online,13.0
online_v2,000688.SH,2025-04-03,Shock,Range,2025-04-03 14:00:00+08:00,2025-04-03 14:05:00+08:00,36,,,,False,,online,24.0
online_v2,000688.SH,2025-04-08,Shock,Range,2025-04-08 11:25:00+08:00,2025-04-08 11:30:00+08:00,23,,,,False,,online,11.0
online_v2,000688.SH,2025-04-08,Range,Shock,2025-04-08 13:20:00+08:00,2025-04-08 13:25:00+08:00,28,,,,False,,online,16.0
online_v2,000688.SH,2025-04-09,Shock,Range,2025-04-09 13:20:00+08:00,2025-04-09 13:25:00+08:00,28,,,,True,621,online,16.0
online_v2,000688.SH,2025-04-09,Range,UpTrend,2025-04-09 14:15:00+08:00,2025-04-09 14:20:00+08:00,39,,,,True,622,online,27.0
online_v2,000688.SH,2025-04-11,UpTrend,Shock,2025-04-11 13:05:00+08:00,2025-04-11 13:10:00+08:00,25,,,,True,623,online,13.0
online_v2,000688.SH,2025-04-21,UpTrend,Range,2025-04-21 11:05:00+08:00,2025-04-21 11:10:00+08:00,19,,,,False,,online,7.0
online_v2,000688.SH,2025-04-23,UpTrend,Range,2025-04-23 14:00:00+08:00,2025-04-23 14:05:00+08:00,36,,,,True,624,online,24.0
online_v2,000688.SH,2025-04-24,DownTrend,UpTrend,2025-04-24 13:40:00+08:00,2025-04-24 13:45:00+08:00,32,,,,True,625,online,20.0
online_v2,000688.SH,2025-04-29,DownTrend,Range,2025-04-29 13:40:00+08:00,2025-04-29 13:45:00+08:00,32,,,,True,626,online,20.0
online_v2,000688.SH,2025-05-06,UpTrend,Range,2025-05-06 13:45:00+08:00,2025-05-06 13:50:00+08:00,33,,,,True,627,online,21.0
online_v2,000688.SH,2025-05-07,Shock,DownTrend,2025-05-07 10:45:00+08:00,2025-05-07 10:50:00+08:00,15,,,,False,,online,3.0
online_v2,000688.SH,2025-05-08,DownTrend,Range,2025-05-08 14:10:00+08:00,2025-05-08 14:15:00+08:00,38,,,,True,628,online,26.0
online_v2,000688.SH,2025-05-09,DownTrend,UpTrend,2025-05-09 13:30:00+08:00,2025-05-09 13:35:00+08:00,30,,,,True,629,online,18.0
online_v2,000688.SH,2025-05-12,Shock,DownTrend,2025-05-12 11:15:00+08:00,2025-05-12 11:20:00+08:00,21,,,,False,,online,9.0
online_v2,000688.SH,2025-05-12,DownTrend,Range,2025-05-12 14:20:00+08:00,2025-05-12 14:25:00+08:00,40,,,,True,630,online,28.0
online_v2,000688.SH,2025-05-13,Shock,DownTrend,2025-05-13 10:45:00+08:00,2025-05-13 10:50:00+08:00,15,,,,False,,online,3.0
online_v2,000688.SH,2025-05-13,DownTrend,Range,2025-05-13 14:10:00+08:00,2025-05-13 14:15:00+08:00,38,,,,False,,online,26.0
online_v2,000688.SH,2025-05-14,Range,Shock,2025-05-14 13:40:00+08:00,2025-05-14 13:45:00+08:00,32,,,,True,631,online,20.0
online_v2,000688.SH,2025-05-16,Range,DownTrend,2025-05-16 14:10:00+08:00,2025-05-16 14:15:00+08:00,38,,,,True,632,online,26.0
online_v2,000688.SH,2025-05-21,Range,UpTrend,2025-05-21 11:20:00+08:00,2025-05-21 11:25:00+08:00,22,,,,False,,online,10.0
online_v2,000688.SH,2025-05-22,DownTrend,Range,2025-05-22 13:25:00+08:00,2025-05-22 13:30:00+08:00,29,,,,True,633,online,17.0
online_v2,000688.SH,2025-05-23,UpTrend,DownTrend,2025-05-23 13:40:00+08:00,2025-05-23 13:45:00+08:00,32,,,,True,634,online,20.0
online_v2,000688.SH,2025-05-26,UpTrend,DownTrend,2025-05-26 13:10:00+08:00,2025-05-26 13:15:00+08:00,26,,,,False,,online,14.0
online_v2,000688.SH,2025-05-27,DownTrend,Range,2025-05-27 13:10:00+08:00,2025-05-27 13:15:00+08:00,26,,,,True,635,online,14.0
online_v2,000688.SH,2025-05-28,Range,DownTrend,2025-05-28 14:10:00+08:00,2025-05-28 14:15:00+08:00,38,,,,False,,online,26.0
online_v2,000688.SH,2025-05-29,Shock,UpTrend,2025-05-29 10:55:00+08:00,2025-05-29 11:00:00+08:00,17,,,,False,,online,5.0
online_v2,000688.SH,2025-06-04,Range,DownTrend,2025-06-04 13:50:00+08:00,2025-06-04 13:55:00+08:00,34,,,,True,636,online,22.0
online_v2,000688.SH,2025-06-06,UpTrend,DownTrend,2025-06-06 13:15:00+08:00,2025-06-06 13:20:00+08:00,27,,,,False,,online,15.0
online_v2,000688.SH,2025-06-09,Shock,DownTrend,2025-06-09 13:45:00+08:00,2025-06-09 13:50:00+08:00,33,,,,False,,online,21.0
online_v2,000688.SH,2025-06-09,DownTrend,Range,2025-06-09 14:15:00+08:00,2025-06-09 14:20:00+08:00,39,,,,True,637,online,27.0
online_v2,000688.SH,2025-06-10,Range,Shock,2025-06-10 13:20:00+08:00,2025-06-10 13:25:00+08:00,28,,,,True,638,online,16.0
online_v2,000688.SH,2025-06-16,DownTrend,Range,2025-06-16 13:45:00+08:00,2025-06-16 13:50:00+08:00,33,,,,True,639,online,21.0
online_v2,000688.SH,2025-06-18,UpTrend,Shock,2025-06-18 13:30:00+08:00,2025-06-18 13:35:00+08:00,30,,,,True,640,online,18.0
online_v2,000688.SH,2025-06-19,DownTrend,Range,2025-06-19 13:50:00+08:00,2025-06-19 13:55:00+08:00,34,,,,True,641,online,22.0
online_v2,000688.SH,2025-06-20,Shock,DownTrend,2025-06-20 11:30:00+08:00,2025-06-20 13:05:00+08:00,24,,,,False,,online,12.0
online_v2,000688.SH,2025-06-20,DownTrend,Range,2025-06-20 13:40:00+08:00,2025-06-20 13:45:00+08:00,32,,,,True,642,online,20.0
online_v2,000688.SH,2025-06-23,Shock,UpTrend,2025-06-23 14:25:00+08:00,2025-06-23 14:30:00+08:00,41,,,,True,643,online,29.0
online_v2,000688.SH,2025-06-24,Shock,Range,2025-06-24 13:45:00+08:00,2025-06-24 13:50:00+08:00,33,,,,False,,online,21.0
online_v2,000688.SH,2025-06-25,Shock,UpTrend,2025-06-25 13:15:00+08:00,2025-06-25 13:20:00+08:00,27,,,,True,644,online,15.0
online_v2,000688.SH,2025-06-26,Shock,DownTrend,2025-06-26 13:50:00+08:00,2025-06-26 13:55:00+08:00,34,,,,False,,online,22.0
online_v2,000688.SH,2025-06-27,Range,DownTrend,2025-06-27 14:00:00+08:00,2025-06-27 14:05:00+08:00,36,,,,True,645,online,24.0
online_v2,000688.SH,2025-06-30,Shock,Range,2025-06-30 10:50:00+08:00,2025-06-30 10:55:00+08:00,16,,,,False,,online,4.0
online_v2,000688.SH,2025-07-04,UpTrend,Shock,2025-07-04 13:15:00+08:00,2025-07-04 13:20:00+08:00,27,,,,True,646,online,15.0
online_v2,000688.SH,2025-07-04,Shock,DownTrend,2025-07-04 14:20:00+08:00,2025-07-04 14:25:00+08:00,40,,,,True,647,online,28.0
online_v2,000688.SH,2025-07-09,Range,DownTrend,2025-07-09 14:05:00+08:00,2025-07-09 14:10:00+08:00,37,,,,True,648,online,25.0
online_v2,000688.SH,2025-07-11,UpTrend,Range,2025-07-11 11:15:00+08:00,2025-07-11 11:20:00+08:00,21,,,,False,,online,9.0
online_v2,000688.SH,2025-07-11,Range,Shock,2025-07-11 11:30:00+08:00,2025-07-11 13:05:00+08:00,24,,,,True,649,online,12.0
online_v2,000688.SH,2025-07-11,Shock,Range,2025-07-11 14:05:00+08:00,2025-07-11 14:10:00+08:00,37,,,,False,,online,25.0
online_v2,000688.SH,2025-07-15,Shock,DownTrend,2025-07-15 11:25:00+08:00,2025-07-15 11:30:00+08:00,23,,,,True,650,online,11.0
online_v2,000688.SH,2025-07-15,DownTrend,Range,2025-07-15 13:35:00+08:00,2025-07-15 13:40:00+08:00,31,,,,True,651,online,19.0
online_v2,000688.SH,2025-07-15,Range,UpTrend,2025-07-15 14:25:00+08:00,2025-07-15 14:30:00+08:00,41,,,,True,652,online,29.0
online_v2,000688.SH,2025-07-17,Range,UpTrend,2025-07-17 11:25:00+08:00,2025-07-17 11:30:00+08:00,23,,,,False,,online,11.0
online_v2,000688.SH,2025-07-22,Shock,UpTrend,2025-07-22 10:50:00+08:00,2025-07-22 10:55:00+08:00,16,,,,False,,online,4.0
online_v2,000688.SH,2025-07-22,UpTrend,Range,2025-07-22 13:45:00+08:00,2025-07-22 13:50:00+08:00,33,,,,True,653,online,21.0
online_v2,000688.SH,2025-07-22,Range,DownTrend,2025-07-22 14:25:00+08:00,2025-07-22 14:30:00+08:00,41,,,,True,654,online,29.0
online_v2,000688.SH,2025-07-23,Shock,Range,2025-07-23 11:00:00+08:00,2025-07-23 11:05:00+08:00,18,,,,False,,online,6.0
online_v2,000688.SH,2025-07-23,Range,UpTrend,2025-07-23 11:30:00+08:00,2025-07-23 13:05:00+08:00,24,,,,True,655,online,12.0
online_v2,000688.SH,2025-07-23,UpTrend,Shock,2025-07-23 13:30:00+08:00,2025-07-23 13:35:00+08:00,30,,,,True,656,online,18.0
online_v2,000688.SH,2025-07-24,UpTrend,Range,2025-07-24 13:25:00+08:00,2025-07-24 13:30:00+08:00,29,,,,True,657,online,17.0
online_v2,000688.SH,2025-07-24,Range,Shock,2025-07-24 14:05:00+08:00,2025-07-24 14:10:00+08:00,37,,,,True,658,online,25.0
online_v2,000688.SH,2025-07-24,Shock,Range,2025-07-24 14:15:00+08:00,2025-07-24 14:20:00+08:00,39,,,,True,659,online,27.0
online_v2,000688.SH,2025-07-25,Shock,UpTrend,2025-07-25 13:30:00+08:00,2025-07-25 13:35:00+08:00,30,,,,False,,online,18.0
online_v2,000688.SH,2025-07-25,UpTrend,Shock,2025-07-25 14:10:00+08:00,2025-07-25 14:15:00+08:00,38,,,,True,660,online,26.0
online_v2,000688.SH,2025-07-28,UpTrend,Shock,2025-07-28 11:30:00+08:00,2025-07-28 13:05:00+08:00,24,,,,True,661,online,12.0
online_v2,000688.SH,2025-07-29,Shock,Range,2025-07-29 13:10:00+08:00,2025-07-29 13:15:00+08:00,26,,,,False,,online,14.0
online_v2,000688.SH,2025-07-30,Shock,UpTrend,2025-07-30 10:55:00+08:00,2025-07-30 11:00:00+08:00,17,,,,False,,online,5.0
online_v2,000688.SH,2025-07-30,UpTrend,DownTrend,2025-07-30 13:20:00+08:00,2025-07-30 13:25:00+08:00,28,,,,False,,online,16.0
online_v2,000688.SH,2025-07-30,DownTrend,Shock,2025-07-30 13:55:00+08:00,2025-07-30 14:00:00+08:00,35,,,,True,662,online,23.0
online_v2,000688.SH,2025-07-31,Range,Shock,2025-07-31 13:10:00+08:00,2025-07-31 13:15:00+08:00,26,,,,True,663,online,14.0
online_v2,000688.SH,2025-08-01,DownTrend,Shock,2025-08-01 14:10:00+08:00,2025-08-01 14:15:00+08:00,38,,,,True,664,online,26.0
online_v2,000688.SH,2025-08-04,Shock,Range,2025-08-04 13:05:00+08:00,2025-08-04 13:10:00+08:00,25,,,,False,,online,13.0
online_v2,000688.SH,2025-08-07,Shock,UpTrend,2025-08-07 11:20:00+08:00,2025-08-07 11:25:00+08:00,22,,,,False,,online,10.0
online_v2,000688.SH,2025-08-12,UpTrend,Shock,2025-08-12 11:05:00+08:00,2025-08-12 11:10:00+08:00,19,,,,False,,online,7.0
online_v2,000688.SH,2025-08-15,Shock,UpTrend,2025-08-15 13:40:00+08:00,2025-08-15 13:45:00+08:00,32,,,,False,,online,20.0
online_v2,000688.SH,2025-08-15,UpTrend,Range,2025-08-15 14:25:00+08:00,2025-08-15 14:30:00+08:00,41,,,,True,665,online,29.0
online_v2,000688.SH,2025-08-18,Shock,DownTrend,2025-08-18 13:55:00+08:00,2025-08-18 14:00:00+08:00,35,,,,False,,online,23.0
online_v2,000688.SH,2025-08-19,Shock,DownTrend,2025-08-19 13:55:00+08:00,2025-08-19 14:00:00+08:00,35,,,,False,,online,23.0
online_v2,000688.SH,2025-08-21,Shock,DownTrend,2025-08-21 14:15:00+08:00,2025-08-21 14:20:00+08:00,39,,,,True,666,online,27.0
online_v2,000688.SH,2025-08-22,Shock,Range,2025-08-22 11:25:00+08:00,2025-08-22 11:30:00+08:00,23,,,,False,,online,11.0
online_v2,000688.SH,2025-08-22,Range,Shock,2025-08-22 13:05:00+08:00,2025-08-22 13:10:00+08:00,25,,,,True,667,online,13.0
online_v2,000688.SH,2025-08-22,Shock,UpTrend,2025-08-22 14:25:00+08:00,2025-08-22 14:30:00+08:00,41,,,,True,668,online,29.0
online_v2,000688.SH,2025-08-25,Shock,DownTrend,2025-08-25 11:30:00+08:00,2025-08-25 13:05:00+08:00,24,,,,False,,online,12.0
online_v2,000688.SH,2025-08-25,DownTrend,Shock,2025-08-25 13:10:00+08:00,2025-08-25 13:15:00+08:00,26,,,,False,,online,14.0
online_v2,000688.SH,2025-08-28,Shock,UpTrend,2025-08-28 10:50:00+08:00,2025-08-28 10:55:00+08:00,16,,,,False,,online,4.0
online_v2,000688.SH,2025-08-28,UpTrend,Shock,2025-08-28 11:10:00+08:00,2025-08-28 11:15:00+08:00,20,,,,False,,online,8.0
online_v2,000688.SH,2025-09-02,Shock,DownTrend,2025-09-02 11:20:00+08:00,2025-09-02 11:25:00+08:00,22,,,,False,,online,10.0
online_v2,000688.SH,2025-09-03,DownTrend,Range,2025-09-03 13:55:00+08:00,2025-09-03 14:00:00+08:00,35,,,,True,669,online,23.0
online_v2,000688.SH,2025-09-04,Shock,Range,2025-09-04 13:10:00+08:00,2025-09-04 13:15:00+08:00,26,,,,False,,online,14.0
online_v2,000688.SH,2025-09-04,Range,DownTrend,2025-09-04 14:10:00+08:00,2025-09-04 14:15:00+08:00,38,,,,True,670,online,26.0
online_v2,000688.SH,2025-09-05,UpTrend,Range,2025-09-05 13:15:00+08:00,2025-09-05 13:20:00+08:00,27,,,,False,,online,15.0
online_v2,000688.SH,2025-09-05,Range,UpTrend,2025-09-05 14:10:00+08:00,2025-09-05 14:15:00+08:00,38,,,,True,671,online,26.0
online_v2,000688.SH,2025-09-09,Range,DownTrend,2025-09-09 13:15:00+08:00,2025-09-09 13:20:00+08:00,27,,,,False,,online,15.0
online_v2,000688.SH,2025-09-09,DownTrend,Range,2025-09-09 14:15:00+08:00,2025-09-09 14:20:00+08:00,39,,,,True,672,online,27.0
online_v2,000688.SH,2025-09-11,UpTrend,Shock,2025-09-11 11:15:00+08:00,2025-09-11 11:20:00+08:00,21,,,,True,673,online,9.0
online_v2,000688.SH,2025-09-11,Shock,UpTrend,2025-09-11 11:30:00+08:00,2025-09-11 13:05:00+08:00,24,,,,True,674,online,12.0
online_v2,000688.SH,2025-09-11,UpTrend,Shock,2025-09-11 13:15:00+08:00,2025-09-11 13:20:00+08:00,27,,,,True,675,online,15.0
online_v2,000688.SH,2025-09-11,Shock,Range,2025-09-11 13:35:00+08:00,2025-09-11 13:40:00+08:00,31,,,,True,676,online,19.0
online_v2,000688.SH,2025-09-17,Shock,Range,2025-09-17 13:30:00+08:00,2025-09-17 13:35:00+08:00,30,,,,False,,online,18.0
online_v2,000688.SH,2025-09-18,Shock,Range,2025-09-18 13:05:00+08:00,2025-09-18 13:10:00+08:00,25,,,,True,677,online,13.0
online_v2,000688.SH,2025-09-18,Range,DownTrend,2025-09-18 13:25:00+08:00,2025-09-18 13:30:00+08:00,29,,,,True,678,online,17.0
online_v2,000688.SH,2025-09-19,Shock,Range,2025-09-19 13:05:00+08:00,2025-09-19 13:10:00+08:00,25,,,,False,,online,13.0
online_v2,000688.SH,2025-09-19,Range,DownTrend,2025-09-19 13:40:00+08:00,2025-09-19 13:45:00+08:00,32,,,,True,679,online,20.0
online_v2,000688.SH,2025-09-22,UpTrend,Shock,2025-09-22 13:30:00+08:00,2025-09-22 13:35:00+08:00,30,,,,True,680,online,18.0
online_v2,000688.SH,2025-09-24,Range,UpTrend,2025-09-24 11:15:00+08:00,2025-09-24 11:20:00+08:00,21,,,,False,,online,9.0
online_v2,000688.SH,2025-09-24,UpTrend,Shock,2025-09-24 13:05:00+08:00,2025-09-24 13:10:00+08:00,25,,,,True,681,online,13.0
online_v2,000688.SH,2025-09-25,Shock,Range,2025-09-25 13:10:00+08:00,2025-09-25 13:15:00+08:00,26,,,,False,,online,14.0
online_v2,000688.SH,2025-09-29,Shock,Range,2025-09-29 10:45:00+08:00,2025-09-29 10:50:00+08:00,15,,,,False,,online,3.0
online_v2,000688.SH,2025-09-29,Range,UpTrend,2025-09-29 14:25:00+08:00,2025-09-29 14:30:00+08:00,41,,,,True,682,online,29.0
online_v2,000688.SH,2025-09-30,Range,UpTrend,2025-09-30 13:20:00+08:00,2025-09-30 13:25:00+08:00,28,,,,False,,online,16.0
online_v2,000688.SH,2025-09-30,UpTrend,DownTrend,2025-09-30 13:45:00+08:00,2025-09-30 13:50:00+08:00,33,,,,True,683,online,21.0
online_v2,000688.SH,2025-10-09,UpTrend,Range,2025-10-09 11:25:00+08:00,2025-10-09 11:30:00+08:00,23,,,,False,,online,11.0
online_v2,000688.SH,2025-10-09,Range,DownTrend,2025-10-09 14:10:00+08:00,2025-10-09 14:15:00+08:00,38,,,,True,684,online,26.0
online_v2,000688.SH,2025-10-10,DownTrend,Range,2025-10-10 13:55:00+08:00,2025-10-10 14:00:00+08:00,35,,,,True,685,online,23.0
online_v2,000688.SH,2025-10-13,Shock,DownTrend,2025-10-13 11:25:00+08:00,2025-10-13 11:30:00+08:00,23,,,,False,,online,11.0
online_v2,000688.SH,2025-10-13,DownTrend,UpTrend,2025-10-13 13:55:00+08:00,2025-10-13 14:00:00+08:00,35,,,,True,686,online,23.0
online_v2,000688.SH,2025-10-14,DownTrend,Shock,2025-10-14 13:20:00+08:00,2025-10-14 13:25:00+08:00,28,,,,True,687,online,16.0
online_v2,000688.SH,2025-10-14,Shock,Range,2025-10-14 14:05:00+08:00,2025-10-14 14:10:00+08:00,37,,,,True,688,online,25.0
online_v2,000688.SH,2025-10-16,UpTrend,DownTrend,2025-10-16 13:20:00+08:00,2025-10-16 13:25:00+08:00,28,,,,False,,online,16.0
online_v2,000688.SH,2025-10-17,Shock,Range,2025-10-17 14:00:00+08:00,2025-10-17 14:05:00+08:00,36,,,,False,,online,24.0
online_v2,000688.SH,2025-10-17,Range,DownTrend,2025-10-17 14:25:00+08:00,2025-10-17 14:30:00+08:00,41,,,,True,689,online,29.0
online_v2,000688.SH,2025-10-21,UpTrend,Range,2025-10-21 13:40:00+08:00,2025-10-21 13:45:00+08:00,32,,,,True,690,online,20.0
online_v2,000688.SH,2025-10-22,UpTrend,DownTrend,2025-10-22 13:15:00+08:00,2025-10-22 13:20:00+08:00,27,,,,False,,online,15.0
online_v2,000688.SH,2025-10-22,DownTrend,UpTrend,2025-10-22 13:30:00+08:00,2025-10-22 13:35:00+08:00,30,,,,True,691,online,18.0
online_v2,000688.SH,2025-10-27,Shock,Range,2025-10-27 11:10:00+08:00,2025-10-27 11:15:00+08:00,20,,,,False,,online,8.0
online_v2,000688.SH,2025-10-27,Range,UpTrend,2025-10-27 13:20:00+08:00,2025-10-27 13:25:00+08:00,28,,,,True,692,online,16.0
online_v2,000688.SH,2025-10-29,Shock,Range,2025-10-29 13:20:00+08:00,2025-10-29 13:25:00+08:00,28,,,,False,,online,16.0
online_v2,000688.SH,2025-10-30,Shock,Range,2025-10-30 11:10:00+08:00,2025-10-30 11:15:00+08:00,20,,,,False,,online,8.0
online_v2,000688.SH,2025-10-30,Range,Shock,2025-10-30 13:20:00+08:00,2025-10-30 13:25:00+08:00,28,,,,True,693,online,16.0
online_v2,000688.SH,2025-11-03,DownTrend,UpTrend,2025-11-03 13:10:00+08:00,2025-11-03 13:15:00+08:00,26,,,,False,,online,14.0
online_v2,000688.SH,2025-11-03,UpTrend,Range,2025-11-03 14:10:00+08:00,2025-11-03 14:15:00+08:00,38,,,,True,694,online,26.0
online_v2,000688.SH,2025-11-05,Range,UpTrend,2025-11-05 11:25:00+08:00,2025-11-05 11:30:00+08:00,23,,,,False,,online,11.0
online_v2,000688.SH,2025-11-06,Shock,Range,2025-11-06 11:30:00+08:00,2025-11-06 13:05:00+08:00,24,,,,True,695,online,12.0
online_v2,000688.SH,2025-11-06,Range,UpTrend,2025-11-06 14:05:00+08:00,2025-11-06 14:10:00+08:00,37,,,,True,696,online,25.0
online_v2,000688.SH,2025-11-07,Range,DownTrend,2025-11-07 14:10:00+08:00,2025-11-07 14:15:00+08:00,38,,,,True,697,online,26.0
online_v2,000688.SH,2025-11-10,Shock,Range,2025-11-10 13:30:00+08:00,2025-11-10 13:35:00+08:00,30,,,,False,,online,18.0
online_v2,000688.SH,2025-11-12,DownTrend,Range,2025-11-12 13:25:00+08:00,2025-11-12 13:30:00+08:00,29,,,,True,698,online,17.0
online_v2,000688.SH,2025-11-17,Shock,Range,2025-11-17 11:05:00+08:00,2025-11-17 11:10:00+08:00,19,,,,False,,online,7.0
online_v2,000688.SH,2025-11-19,DownTrend,Range,2025-11-19 14:10:00+08:00,2025-11-19 14:15:00+08:00,38,,,,True,699,online,26.0
online_v2,000688.SH,2025-11-20,DownTrend,Range,2025-11-20 13:10:00+08:00,2025-11-20 13:15:00+08:00,26,,,,False,,online,14.0
online_v2,000688.SH,2025-11-20,Range,DownTrend,2025-11-20 14:20:00+08:00,2025-11-20 14:25:00+08:00,40,,,,True,700,online,28.0
online_v2,000688.SH,2025-11-21,Shock,DownTrend,2025-11-21 10:45:00+08:00,2025-11-21 10:50:00+08:00,15,,,,False,,online,3.0
online_v2,000688.SH,2025-11-21,DownTrend,Shock,2025-11-21 11:15:00+08:00,2025-11-21 11:20:00+08:00,21,,,,True,701,online,9.0
online_v2,000688.SH,2025-11-24,Shock,DownTrend,2025-11-24 13:05:00+08:00,2025-11-24 13:10:00+08:00,25,,,,False,,online,13.0
online_v2,000688.SH,2025-11-24,DownTrend,UpTrend,2025-11-24 13:30:00+08:00,2025-11-24 13:35:00+08:00,30,,,,True,702,online,18.0
online_v2,000688.SH,2025-11-25,UpTrend,DownTrend,2025-11-25 13:05:00+08:00,2025-11-25 13:10:00+08:00,25,,,,False,,online,13.0
online_v2,000688.SH,2025-11-25,DownTrend,Range,2025-11-25 14:05:00+08:00,2025-11-25 14:10:00+08:00,37,,,,True,703,online,25.0
online_v2,000688.SH,2025-11-26,Shock,Range,2025-11-26 10:55:00+08:00,2025-11-26 11:00:00+08:00,17,,,,False,,online,5.0
online_v2,000688.SH,2025-11-26,Range,DownTrend,2025-11-26 14:05:00+08:00,2025-11-26 14:10:00+08:00,37,,,,False,,online,25.0
online_v2,000688.SH,2025-11-28,Shock,Range,2025-11-28 11:20:00+08:00,2025-11-28 11:25:00+08:00,22,,,,False,,online,10.0
online_v2,000688.SH,2025-12-01,UpTrend,Range,2025-12-01 14:15:00+08:00,2025-12-01 14:20:00+08:00,39,,,,True,704,online,27.0
online_v2,000688.SH,2025-12-02,DownTrend,Range,2025-12-02 13:50:00+08:00,2025-12-02 13:55:00+08:00,34,,,,True,705,online,22.0
online_v2,000688.SH,2025-12-03,Range,DownTrend,2025-12-03 14:10:00+08:00,2025-12-03 14:15:00+08:00,38,,,,True,706,online,26.0
online_v2,000688.SH,2025-12-04,Shock,UpTrend,2025-12-04 11:20:00+08:00,2025-12-04 11:25:00+08:00,22,,,,True,707,online,10.0
online_v2,000688.SH,2025-12-04,UpTrend,Shock,2025-12-04 13:15:00+08:00,2025-12-04 13:20:00+08:00,27,,,,True,708,online,15.0
online_v2,000688.SH,2025-12-05,UpTrend,Range,2025-12-05 13:10:00+08:00,2025-12-05 13:15:00+08:00,26,,,,True,709,online,14.0
online_v2,000688.SH,2025-12-09,Shock,Range,2025-12-09 11:25:00+08:00,2025-12-09 11:30:00+08:00,23,,,,True,710,online,11.0
online_v2,000688.SH,2025-12-11,Range,DownTrend,2025-12-11 13:15:00+08:00,2025-12-11 13:20:00+08:00,27,,,,True,711,online,15.0
online_v2,000688.SH,2025-12-12,Shock,UpTrend,2025-12-12 10:55:00+08:00,2025-12-12 11:00:00+08:00,17,,,,False,,online,5.0
online_v2,000688.SH,2025-12-12,UpTrend,Shock,2025-12-12 13:05:00+08:00,2025-12-12 13:10:00+08:00,25,,,,True,712,online,13.0
online_v2,000688.SH,2025-12-12,Shock,UpTrend,2025-12-12 14:25:00+08:00,2025-12-12 14:30:00+08:00,41,,,,True,713,online,29.0
online_v2,000688.SH,2025-12-17,Shock,Range,2025-12-17 13:05:00+08:00,2025-12-17 13:10:00+08:00,25,,,,False,,online,13.0
online_v2,000688.SH,2025-12-17,Range,UpTrend,2025-12-17 14:00:00+08:00,2025-12-17 14:05:00+08:00,36,,,,True,714,online,24.0
online_v2,000688.SH,2025-12-18,Range,DownTrend,2025-12-18 14:25:00+08:00,2025-12-18 14:30:00+08:00,41,,,,False,,online,29.0
online_v2,000688.SH,2025-12-19,Range,DownTrend,2025-12-19 13:40:00+08:00,2025-12-19 13:45:00+08:00,32,,,,True,715,online,20.0
online_v2,000688.SH,2025-12-24,Range,UpTrend,2025-12-24 13:05:00+08:00,2025-12-24 13:10:00+08:00,25,,,,False,,online,13.0
online_v2,000688.SH,2025-12-25,Range,UpTrend,2025-12-25 14:00:00+08:00,2025-12-25 14:05:00+08:00,36,,,,True,716,online,24.0
online_v2,000688.SH,2025-12-25,UpTrend,Range,2025-12-25 14:20:00+08:00,2025-12-25 14:25:00+08:00,40,,,,True,717,online,28.0
online_v2,000688.SH,2025-12-26,Range,DownTrend,2025-12-26 13:05:00+08:00,2025-12-26 13:10:00+08:00,25,,,,False,,online,13.0
online_v2,000688.SH,2025-12-26,DownTrend,Range,2025-12-26 14:10:00+08:00,2025-12-26 14:15:00+08:00,38,,,,True,718,online,26.0
online_v2,000688.SH,2025-12-29,Range,DownTrend,2025-12-29 13:15:00+08:00,2025-12-29 13:20:00+08:00,27,,,,False,,online,15.0
