entry_idx,info_idx,info_day,info_year,entry_day,parent_direction,horizon,status
246,245,2015-01-06,2015,2015-01-06,1,1,WARMUP_2015_NOT_SCORED
328,327,2015-01-06,2015,2015-01-06,1,1,WARMUP_2015_NOT_SCORED
450,449,2015-01-06,2015,2015-01-06,1,1,WARMUP_2015_NOT_SCORED
584,583,2015-01-07,2015,2015-01-07,1,1,WARMUP_2015_NOT_SCORED
775,774,2015-01-08,2015,2015-01-08,1,1,WARMUP_2015_NOT_SCORED
970,969,2015-01-09,2015,2015-01-09,1,1,WARMUP_2015_NOT_SCORED
1539,1538,2015-01-13,2015,2015-01-13,-1,1,WARMUP_2015_NOT_SCORED
2542,2541,2015-01-19,2015,2015-01-19,1,1,WARMUP_2015_NOT_SCORED
2647,2646,2015-01-20,2015,2015-01-20,-1,1,WARMUP_2015_NOT_SCORED
2956,2955,2015-01-21,2015,2015-01-21,1,1,WARMUP_2015_NOT_SCORED
3088,3087,2015-01-21,2015,2015-01-21,1,1,WARMUP_2015_NOT_SCORED
3190,3189,2015-01-22,2015,2015-01-22,1,1,WARMUP_2015_NOT_SCORED
3446,3445,2015-01-23,2015,2015-01-23,1,1,WARMUP_2015_NOT_SCORED
3716,3715,2015-01-26,2015,2015-01-26,1,1,WARMUP_2015_NOT_SCORED
3979,3978,2015-01-27,2015,2015-01-27,1,1,WARMUP_2015_NOT_SCORED
4093,4092,2015-01-28,2015,2015-01-28,1,1,WARMUP_2015_NOT_SCORED
4326,4325,2015-01-29,2015,2015-01-29,1,1,WARMUP_2015_NOT_SCORED
4749,4748,2015-01-30,2015,2015-01-30,-1,1,WARMUP_2015_NOT_SCORED
4821,4820,2015-02-02,2015,2015-02-02,-1,1,WARMUP_2015_NOT_SCORED
5363,5362,2015-02-04,2015,2015-02-04,1,1,WARMUP_2015_NOT_SCORED
7925,7924,2015-02-26,2015,2015-02-26,1,1,WARMUP_2015_NOT_SCORED
8886,8885,2015-03-04,2015,2015-03-04,1,1,WARMUP_2015_NOT_SCORED
9181,9180,2015-03-05,2015,2015-03-05,1,1,WARMUP_2015_NOT_SCORED
9554,9553,2015-03-06,2015,2015-03-06,-1,1,WARMUP_2015_NOT_SCORED
10505,10504,2015-03-12,2015,2015-03-12,1,1,WARMUP_2015_NOT_SCORED
11236,11235,2015-03-17,2015,2015-03-17,1,1,WARMUP_2015_NOT_SCORED
11530,11529,2015-03-19,2015,2015-03-19,1,1,WARMUP_2015_NOT_SCORED
11571,11570,2015-03-19,2015,2015-03-19,1,1,WARMUP_2015_NOT_SCORED
11686,11685,2015-03-19,2015,2015-03-19,1,1,WARMUP_2015_NOT_SCORED
11892,11891,2015-03-20,2015,2015-03-20,1,1,WARMUP_2015_NOT_SCORED
12195,12194,2015-03-23,2015,2015-03-23,1,1,WARMUP_2015_NOT_SCORED
12250,12249,2015-03-24,2015,2015-03-24,1,1,WARMUP_2015_NOT_SCORED
12337,12336,2015-03-24,2015,2015-03-24,-1,1,WARMUP_2015_NOT_SCORED
12382,12381,2015-03-24,2015,2015-03-24,-1,1,WARMUP_2015_NOT_SCORED
12487,12486,2015-03-25,2015,2015-03-25,1,1,WARMUP_2015_NOT_SCORED
12509,12508,2015-03-25,2015,2015-03-25,1,1,WARMUP_2015_NOT_SCORED
12595,12594,2015-03-25,2015,2015-03-25,1,1,WARMUP_2015_NOT_SCORED
12726,12725,2015-03-26,2015,2015-03-26,1,1,WARMUP_2015_NOT_SCORED
12829,12828,2015-03-26,2015,2015-03-26,-1,1,WARMUP_2015_NOT_SCORED
13560,13559,2015-03-31,2015,2015-03-31,1,1,WARMUP_2015_NOT_SCORED
13649,13648,2015-03-31,2015,2015-03-31,1,1,WARMUP_2015_NOT_SCORED
13864,13863,2015-04-01,2015,2015-04-01,1,1,WARMUP_2015_NOT_SCORED
13980,13979,2015-04-02,2015,2015-04-02,1,1,WARMUP_2015_NOT_SCORED
14103,14102,2015-04-02,2015,2015-04-02,1,1,WARMUP_2015_NOT_SCORED
14164,14163,2015-04-03,2015,2015-04-03,1,1,WARMUP_2015_NOT_SCORED
14281,14280,2015-04-03,2015,2015-04-03,1,1,WARMUP_2015_NOT_SCORED
14370,14369,2015-04-03,2015,2015-04-03,1,1,WARMUP_2015_NOT_SCORED
14460,14459,2015-04-07,2015,2015-04-07,1,1,WARMUP_2015_NOT_SCORED
14653,14652,2015-04-08,2015,2015-04-08,1,1,WARMUP_2015_NOT_SCORED
14948,14947,2015-04-09,2015,2015-04-09,-1,1,WARMUP_2015_NOT_SCORED
15295,15294,2015-04-10,2015,2015-04-10,1,1,WARMUP_2015_NOT_SCORED
15402,15401,2015-04-13,2015,2015-04-13,1,1,WARMUP_2015_NOT_SCORED
15532,15531,2015-04-13,2015,2015-04-13,1,1,WARMUP_2015_NOT_SCORED
15628,15627,2015-04-14,2015,2015-04-14,1,1,WARMUP_2015_NOT_SCORED
15656,15655,2015-04-14,2015,2015-04-14,1,1,WARMUP_2015_NOT_SCORED
15756,15755,2015-04-14,2015,2015-04-14,1,1,WARMUP_2015_NOT_SCORED
15779,15778,2015-04-14,2015,2015-04-14,1,1,WARMUP_2015_NOT_SCORED
15841,15840,2015-04-15,2015,2015-04-15,-1,1,WARMUP_2015_NOT_SCORED
15857,15856,2015-04-15,2015,2015-04-15,-1,1,WARMUP_2015_NOT_SCORED
15916,15915,2015-04-15,2015,2015-04-15,-1,1,WARMUP_2015_NOT_SCORED
16026,16025,2015-04-15,2015,2015-04-15,-1,1,WARMUP_2015_NOT_SCORED
16105,16104,2015-04-16,2015,2015-04-16,-1,1,WARMUP_2015_NOT_SCORED
16225,16224,2015-04-16,2015,2015-04-16,-1,1,WARMUP_2015_NOT_SCORED
16283,16282,2015-04-16,2015,2015-04-16,1,1,WARMUP_2015_NOT_SCORED
16405,16404,2015-04-17,2015,2015-04-17,1,1,WARMUP_2015_NOT_SCORED
16583,16582,2015-04-20,2015,2015-04-20,-1,1,WARMUP_2015_NOT_SCORED
16755,16754,2015-04-20,2015,2015-04-20,-1,1,WARMUP_2015_NOT_SCORED
16786,16785,2015-04-20,2015,2015-04-20,-1,1,WARMUP_2015_NOT_SCORED
16825,16824,2015-04-21,2015,2015-04-21,1,1,WARMUP_2015_NOT_SCORED
16984,16983,2015-04-21,2015,2015-04-21,1,1,WARMUP_2015_NOT_SCORED
17134,17133,2015-04-22,2015,2015-04-22,1,1,WARMUP_2015_NOT_SCORED
17227,17226,2015-04-22,2015,2015-04-22,1,1,WARMUP_2015_NOT_SCORED
17302,17301,2015-04-23,2015,2015-04-23,1,1,WARMUP_2015_NOT_SCORED
17365,17364,2015-04-23,2015,2015-04-23,1,1,WARMUP_2015_NOT_SCORED
17377,17376,2015-04-23,2015,2015-04-23,1,1,WARMUP_2015_NOT_SCORED
17479,17478,2015-04-23,2015,2015-04-23,1,1,WARMUP_2015_NOT_SCORED
17591,17590,2015-04-24,2015,2015-04-24,-1,1,WARMUP_2015_NOT_SCORED
17770,17769,2015-04-27,2015,2015-04-27,1,1,WARMUP_2015_NOT_SCORED
17869,17868,2015-04-27,2015,2015-04-27,1,1,WARMUP_2015_NOT_SCORED
18072,18071,2015-04-28,2015,2015-04-28,-1,1,WARMUP_2015_NOT_SCORED
18140,18139,2015-04-28,2015,2015-04-28,-1,1,WARMUP_2015_NOT_SCORED
18241,18240,2015-04-29,2015,2015-04-29,-1,1,WARMUP_2015_NOT_SCORED
18690,18689,2015-04-30,2015,2015-04-30,1,1,WARMUP_2015_NOT_SCORED
19939,19938,2015-05-11,2015,2015-05-11,1,1,WARMUP_2015_NOT_SCORED
20032,20031,2015-05-11,2015,2015-05-11,1,1,WARMUP_2015_NOT_SCORED
20199,20198,2015-05-12,2015,2015-05-12,1,1,WARMUP_2015_NOT_SCORED
20405,20404,2015-05-13,2015,2015-05-13,1,1,WARMUP_2015_NOT_SCORED
20469,20468,2015-05-13,2015,2015-05-13,1,1,WARMUP_2015_NOT_SCORED
20557,20556,2015-05-13,2015,2015-05-13,1,1,WARMUP_2015_NOT_SCORED
20608,20607,2015-05-13,2015,2015-05-13,1,1,WARMUP_2015_NOT_SCORED
20686,20685,2015-05-14,2015,2015-05-14,1,1,WARMUP_2015_NOT_SCORED
20848,20847,2015-05-14,2015,2015-05-14,1,1,WARMUP_2015_NOT_SCORED
21032,21031,2015-05-15,2015,2015-05-15,-1,1,WARMUP_2015_NOT_SCORED
21123,21122,2015-05-18,2015,2015-05-18,1,1,WARMUP_2015_NOT_SCORED
21200,21199,2015-05-18,2015,2015-05-18,1,1,WARMUP_2015_NOT_SCORED
21309,21308,2015-05-18,2015,2015-05-18,1,1,WARMUP_2015_NOT_SCORED
21399,21398,2015-05-19,2015,2015-05-19,1,1,WARMUP_2015_NOT_SCORED
21722,21721,2015-05-20,2015,2015-05-20,1,1,WARMUP_2015_NOT_SCORED
21825,21824,2015-05-20,2015,2015-05-20,1,1,WARMUP_2015_NOT_SCORED
21875,21874,2015-05-21,2015,2015-05-21,1,1,WARMUP_2015_NOT_SCORED
22010,22009,2015-05-21,2015,2015-05-21,1,1,WARMUP_2015_NOT_SCORED
22147,22146,2015-05-22,2015,2015-05-22,1,1,WARMUP_2015_NOT_SCORED
22520,22519,2015-05-25,2015,2015-05-25,1,1,WARMUP_2015_NOT_SCORED
22597,22596,2015-05-26,2015,2015-05-26,1,1,WARMUP_2015_NOT_SCORED
22719,22718,2015-05-26,2015,2015-05-26,1,1,WARMUP_2015_NOT_SCORED
22831,22830,2015-05-27,2015,2015-05-27,1,1,WARMUP_2015_NOT_SCORED
23046,23045,2015-05-28,2015,2015-05-28,1,1,WARMUP_2015_NOT_SCORED
23067,23066,2015-05-28,2015,2015-05-28,1,1,WARMUP_2015_NOT_SCORED
23119,23118,2015-05-28,2015,2015-05-28,1,1,WARMUP_2015_NOT_SCORED
23144,23143,2015-05-28,2015,2015-05-28,-1,1,WARMUP_2015_NOT_SCORED
23177,23176,2015-05-28,2015,2015-05-28,-1,1,WARMUP_2015_NOT_SCORED
23234,23233,2015-05-28,2015,2015-05-28,-1,1,WARMUP_2015_NOT_SCORED
23253,23252,2015-05-28,2015,2015-05-28,-1,1,WARMUP_2015_NOT_SCORED
23287,23286,2015-05-29,2015,2015-05-29,-1,1,WARMUP_2015_NOT_SCORED
23306,23305,2015-05-29,2015,2015-05-29,-1,1,WARMUP_2015_NOT_SCORED
23435,23434,2015-05-29,2015,2015-05-29,1,1,WARMUP_2015_NOT_SCORED
23469,23468,2015-05-29,2015,2015-05-29,1,1,WARMUP_2015_NOT_SCORED
23529,23528,2015-06-01,2015,2015-06-01,1,1,WARMUP_2015_NOT_SCORED
23578,23577,2015-06-01,2015,2015-06-01,1,1,WARMUP_2015_NOT_SCORED
23727,23726,2015-06-01,2015,2015-06-01,1,1,WARMUP_2015_NOT_SCORED
23778,23777,2015-06-02,2015,2015-06-02,1,1,WARMUP_2015_NOT_SCORED
23829,23828,2015-06-02,2015,2015-06-02,1,1,WARMUP_2015_NOT_SCORED
23880,23879,2015-06-02,2015,2015-06-02,1,1,WARMUP_2015_NOT_SCORED
24008,24007,2015-06-03,2015,2015-06-03,1,1,WARMUP_2015_NOT_SCORED
24033,24032,2015-06-03,2015,2015-06-03,1,1,WARMUP_2015_NOT_SCORED
24104,24103,2015-06-03,2015,2015-06-03,-1,1,WARMUP_2015_NOT_SCORED
24374,24373,2015-06-04,2015,2015-06-04,-1,1,WARMUP_2015_NOT_SCORED
24488,24487,2015-06-05,2015,2015-06-05,1,1,WARMUP_2015_NOT_SCORED
24569,24568,2015-06-05,2015,2015-06-05,1,1,WARMUP_2015_NOT_SCORED
24586,24585,2015-06-05,2015,2015-06-05,1,1,WARMUP_2015_NOT_SCORED
24611,24610,2015-06-05,2015,2015-06-05,-1,1,WARMUP_2015_NOT_SCORED
24784,24783,2015-06-08,2015,2015-06-08,-1,1,WARMUP_2015_NOT_SCORED
24861,24860,2015-06-08,2015,2015-06-08,-1,1,WARMUP_2015_NOT_SCORED
25037,25036,2015-06-09,2015,2015-06-09,1,1,WARMUP_2015_NOT_SCORED
25204,25203,2015-06-10,2015,2015-06-10,1,1,WARMUP_2015_NOT_SCORED
25234,25233,2015-06-10,2015,2015-06-10,1,1,WARMUP_2015_NOT_SCORED
25318,25317,2015-06-10,2015,2015-06-10,1,1,WARMUP_2015_NOT_SCORED
25422,25421,2015-06-10,2015,2015-06-10,1,1,WARMUP_2015_NOT_SCORED
25462,25461,2015-06-11,2015,2015-06-11,1,1,WARMUP_2015_NOT_SCORED
25559,25558,2015-06-11,2015,2015-06-11,1,1,WARMUP_2015_NOT_SCORED
25629,25628,2015-06-11,2015,2015-06-11,1,1,WARMUP_2015_NOT_SCORED
25714,25713,2015-06-12,2015,2015-06-12,1,1,WARMUP_2015_NOT_SCORED
25765,25764,2015-06-12,2015,2015-06-12,1,1,WARMUP_2015_NOT_SCORED
25879,25878,2015-06-12,2015,2015-06-12,1,1,WARMUP_2015_NOT_SCORED
26169,26168,2015-06-16,2015,2015-06-16,-1,1,WARMUP_2015_NOT_SCORED
26209,26208,2015-06-16,2015,2015-06-16,-1,1,WARMUP_2015_NOT_SCORED
26247,26246,2015-06-16,2015,2015-06-16,-1,1,WARMUP_2015_NOT_SCORED
26406,26405,2015-06-17,2015,2015-06-17,-1,1,WARMUP_2015_NOT_SCORED
26455,26454,2015-06-17,2015,2015-06-17,-1,1,WARMUP_2015_NOT_SCORED
26508,26507,2015-06-17,2015,2015-06-17,-1,1,WARMUP_2015_NOT_SCORED
26644,26643,2015-06-18,2015,2015-06-18,1,1,WARMUP_2015_NOT_SCORED
26668,26667,2015-06-18,2015,2015-06-18,1,1,WARMUP_2015_NOT_SCORED
26734,26733,2015-06-18,2015,2015-06-18,1,1,WARMUP_2015_NOT_SCORED
26768,26767,2015-06-18,2015,2015-06-18,-1,1,WARMUP_2015_NOT_SCORED
26823,26822,2015-06-18,2015,2015-06-18,-1,1,WARMUP_2015_NOT_SCORED
26845,26844,2015-06-18,2015,2015-06-18,-1,1,WARMUP_2015_NOT_SCORED
26865,26864,2015-06-18,2015,2015-06-18,-1,1,WARMUP_2015_NOT_SCORED
26887,26886,2015-06-19,2015,2015-06-19,-1,1,WARMUP_2015_NOT_SCORED
26922,26921,2015-06-19,2015,2015-06-19,-1,1,WARMUP_2015_NOT_SCORED
26986,26985,2015-06-19,2015,2015-06-19,-1,1,WARMUP_2015_NOT_SCORED
27052,27051,2015-06-19,2015,2015-06-19,-1,1,WARMUP_2015_NOT_SCORED
27127,27126,2015-06-23,2015,2015-06-23,-1,1,WARMUP_2015_NOT_SCORED
27138,27137,2015-06-23,2015,2015-06-23,-1,1,WARMUP_2015_NOT_SCORED
27247,27246,2015-06-23,2015,2015-06-23,-1,1,WARMUP_2015_NOT_SCORED
27398,27397,2015-06-24,2015,2015-06-24,1,1,WARMUP_2015_NOT_SCORED
27838,27837,2015-06-25,2015,2015-06-25,-1,1,WARMUP_2015_NOT_SCORED
27846,27845,2015-06-26,2015,2015-06-26,-1,1,WARMUP_2015_NOT_SCORED
27867,27866,2015-06-26,2015,2015-06-26,-1,1,WARMUP_2015_NOT_SCORED
27933,27932,2015-06-26,2015,2015-06-26,-1,1,WARMUP_2015_NOT_SCORED
27966,27965,2015-06-26,2015,2015-06-26,-1,1,WARMUP_2015_NOT_SCORED
28100,28099,2015-06-29,2015,2015-06-29,-1,1,WARMUP_2015_NOT_SCORED
28126,28125,2015-06-29,2015,2015-06-29,1,1,WARMUP_2015_NOT_SCORED
28148,28147,2015-06-29,2015,2015-06-29,1,1,WARMUP_2015_NOT_SCORED
28164,28163,2015-06-29,2015,2015-06-29,-1,1,WARMUP_2015_NOT_SCORED
28174,28173,2015-06-29,2015,2015-06-29,-1,1,WARMUP_2015_NOT_SCORED
28188,28187,2015-06-29,2015,2015-06-29,-1,1,WARMUP_2015_NOT_SCORED
28247,28246,2015-06-29,2015,2015-06-29,-1,1,WARMUP_2015_NOT_SCORED
28275,28274,2015-06-29,2015,2015-06-29,1,1,WARMUP_2015_NOT_SCORED
28328,28327,2015-06-30,2015,2015-06-30,-1,1,WARMUP_2015_NOT_SCORED
28347,28346,2015-06-30,2015,2015-06-30,-1,1,WARMUP_2015_NOT_SCORED
28363,28362,2015-06-30,2015,2015-06-30,-1,1,WARMUP_2015_NOT_SCORED
28389,28388,2015-06-30,2015,2015-06-30,-1,1,WARMUP_2015_NOT_SCORED
28434,28433,2015-06-30,2015,2015-06-30,-1,1,WARMUP_2015_NOT_SCORED
28452,28451,2015-06-30,2015,2015-06-30,1,1,WARMUP_2015_NOT_SCORED
28489,28488,2015-06-30,2015,2015-06-30,1,1,WARMUP_2015_NOT_SCORED
28505,28504,2015-06-30,2015,2015-06-30,1,1,WARMUP_2015_NOT_SCORED
28519,28518,2015-06-30,2015,2015-06-30,1,1,WARMUP_2015_NOT_SCORED
28567,28566,2015-07-01,2015,2015-07-01,-1,1,WARMUP_2015_NOT_SCORED
28591,28590,2015-07-01,2015,2015-07-01,1,1,WARMUP_2015_NOT_SCORED
28652,28651,2015-07-01,2015,2015-07-01,1,1,WARMUP_2015_NOT_SCORED
28699,28698,2015-07-01,2015,2015-07-01,-1,1,WARMUP_2015_NOT_SCORED
28746,28745,2015-07-01,2015,2015-07-01,-1,1,WARMUP_2015_NOT_SCORED
28764,28763,2015-07-01,2015,2015-07-01,-1,1,WARMUP_2015_NOT_SCORED
28783,28782,2015-07-01,2015,2015-07-01,-1,1,WARMUP_2015_NOT_SCORED
28801,28800,2015-07-02,2015,2015-07-02,-1,1,WARMUP_2015_NOT_SCORED
28812,28811,2015-07-02,2015,2015-07-02,-1,1,WARMUP_2015_NOT_SCORED
28825,28824,2015-07-02,2015,2015-07-02,1,1,WARMUP_2015_NOT_SCORED
28848,28847,2015-07-02,2015,2015-07-02,-1,1,WARMUP_2015_NOT_SCORED
28863,28862,2015-07-02,2015,2015-07-02,-1,1,WARMUP_2015_NOT_SCORED
28887,28886,2015-07-02,2015,2015-07-02,1,1,WARMUP_2015_NOT_SCORED
28914,28913,2015-07-02,2015,2015-07-02,1,1,WARMUP_2015_NOT_SCORED
28980,28979,2015-07-02,2015,2015-07-02,-1,1,WARMUP_2015_NOT_SCORED
29009,29008,2015-07-02,2015,2015-07-02,-1,1,WARMUP_2015_NOT_SCORED
29070,29069,2015-07-03,2015,2015-07-03,-1,1,WARMUP_2015_NOT_SCORED
29122,29121,2015-07-03,2015,2015-07-03,-1,1,WARMUP_2015_NOT_SCORED
29170,29169,2015-07-03,2015,2015-07-03,1,1,WARMUP_2015_NOT_SCORED
29188,29187,2015-07-03,2015,2015-07-03,1,1,WARMUP_2015_NOT_SCORED
29218,29217,2015-07-03,2015,2015-07-03,-1,1,WARMUP_2015_NOT_SCORED
29227,29226,2015-07-03,2015,2015-07-03,-1,1,WARMUP_2015_NOT_SCORED
29240,29239,2015-07-03,2015,2015-07-03,-1,1,WARMUP_2015_NOT_SCORED
29265,29264,2015-07-03,2015,2015-07-03,-1,1,WARMUP_2015_NOT_SCORED
29293,29292,2015-07-06,2015,2015-07-06,1,1,WARMUP_2015_NOT_SCORED
29321,29320,2015-07-06,2015,2015-07-06,-1,1,WARMUP_2015_NOT_SCORED
29364,29363,2015-07-06,2015,2015-07-06,-1,1,WARMUP_2015_NOT_SCORED
29398,29397,2015-07-06,2015,2015-07-06,-1,1,WARMUP_2015_NOT_SCORED
29421,29420,2015-07-06,2015,2015-07-06,-1,1,WARMUP_2015_NOT_SCORED
29452,29451,2015-07-06,2015,2015-07-06,-1,1,WARMUP_2015_NOT_SCORED
29496,29495,2015-07-06,2015,2015-07-06,1,1,WARMUP_2015_NOT_SCORED
29527,29526,2015-07-07,2015,2015-07-07,-1,1,WARMUP_2015_NOT_SCORED
29550,29549,2015-07-07,2015,2015-07-07,-1,1,WARMUP_2015_NOT_SCORED
30067,30066,2015-07-09,2015,2015-07-09,1,1,WARMUP_2015_NOT_SCORED
30503,30502,2015-07-13,2015,2015-07-13,1,1,WARMUP_2015_NOT_SCORED
30749,30748,2015-07-14,2015,2015-07-14,1,1,WARMUP_2015_NOT_SCORED
30848,30847,2015-07-14,2015,2015-07-14,1,1,WARMUP_2015_NOT_SCORED
30868,30867,2015-07-14,2015,2015-07-14,1,1,WARMUP_2015_NOT_SCORED
30877,30876,2015-07-14,2015,2015-07-14,1,1,WARMUP_2015_NOT_SCORED
30896,30895,2015-07-14,2015,2015-07-14,-1,1,WARMUP_2015_NOT_SCORED
30936,30935,2015-07-14,2015,2015-07-14,-1,1,WARMUP_2015_NOT_SCORED
30950,30949,2015-07-14,2015,2015-07-14,-1,1,WARMUP_2015_NOT_SCORED
30963,30962,2015-07-15,2015,2015-07-15,1,1,WARMUP_2015_NOT_SCORED
30970,30969,2015-07-15,2015,2015-07-15,1,1,WARMUP_2015_NOT_SCORED
31009,31008,2015-07-15,2015,2015-07-15,-1,1,WARMUP_2015_NOT_SCORED
31048,31047,2015-07-15,2015,2015-07-15,-1,1,WARMUP_2015_NOT_SCORED
31086,31085,2015-07-15,2015,2015-07-15,-1,1,WARMUP_2015_NOT_SCORED
31141,31140,2015-07-15,2015,2015-07-15,-1,1,WARMUP_2015_NOT_SCORED
31218,31217,2015-07-16,2015,2015-07-16,-1,1,WARMUP_2015_NOT_SCORED
31233,31232,2015-07-16,2015,2015-07-16,1,1,WARMUP_2015_NOT_SCORED
31269,31268,2015-07-16,2015,2015-07-16,1,1,WARMUP_2015_NOT_SCORED
31298,31297,2015-07-16,2015,2015-07-16,1,1,WARMUP_2015_NOT_SCORED
31357,31356,2015-07-16,2015,2015-07-16,-1,1,WARMUP_2015_NOT_SCORED
31379,31378,2015-07-16,2015,2015-07-16,-1,1,WARMUP_2015_NOT_SCORED
31423,31422,2015-07-16,2015,2015-07-16,-1,1,WARMUP_2015_NOT_SCORED
31429,31428,2015-07-16,2015,2015-07-16,1,1,WARMUP_2015_NOT_SCORED
31445,31444,2015-07-17,2015,2015-07-17,1,1,WARMUP_2015_NOT_SCORED
31457,31456,2015-07-17,2015,2015-07-17,1,1,WARMUP_2015_NOT_SCORED
31504,31503,2015-07-17,2015,2015-07-17,1,1,WARMUP_2015_NOT_SCORED
31574,31573,2015-07-17,2015,2015-07-17,1,1,WARMUP_2015_NOT_SCORED
31697,31696,2015-07-20,2015,2015-07-20,1,1,WARMUP_2015_NOT_SCORED
31759,31758,2015-07-20,2015,2015-07-20,1,1,WARMUP_2015_NOT_SCORED
31780,31779,2015-07-20,2015,2015-07-20,-1,1,WARMUP_2015_NOT_SCORED
31971,31970,2015-07-21,2015,2015-07-21,1,1,WARMUP_2015_NOT_SCORED
32015,32014,2015-07-21,2015,2015-07-21,1,1,WARMUP_2015_NOT_SCORED
32059,32058,2015-07-21,2015,2015-07-21,-1,1,WARMUP_2015_NOT_SCORED
32128,32127,2015-07-21,2015,2015-07-21,1,1,WARMUP_2015_NOT_SCORED
32169,32168,2015-07-22,2015,2015-07-22,1,1,WARMUP_2015_NOT_SCORED
32190,32189,2015-07-22,2015,2015-07-22,1,1,WARMUP_2015_NOT_SCORED
32262,32261,2015-07-22,2015,2015-07-22,1,1,WARMUP_2015_NOT_SCORED
32299,32298,2015-07-22,2015,2015-07-22,-1,1,WARMUP_2015_NOT_SCORED
32410,32409,2015-07-23,2015,2015-07-23,1,1,WARMUP_2015_NOT_SCORED
32492,32491,2015-07-23,2015,2015-07-23,1,1,WARMUP_2015_NOT_SCORED
32582,32581,2015-07-23,2015,2015-07-23,1,1,WARMUP_2015_NOT_SCORED
32649,32648,2015-07-24,2015,2015-07-24,1,1,WARMUP_2015_NOT_SCORED
32671,32670,2015-07-24,2015,2015-07-24,1,1,WARMUP_2015_NOT_SCORED
32715,32714,2015-07-24,2015,2015-07-24,-1,1,WARMUP_2015_NOT_SCORED
32793,32792,2015-07-24,2015,2015-07-24,-1,1,WARMUP_2015_NOT_SCORED
32838,32837,2015-07-24,2015,2015-07-24,1,1,WARMUP_2015_NOT_SCORED
32858,32857,2015-07-24,2015,2015-07-24,1,1,WARMUP_2015_NOT_SCORED
32893,32892,2015-07-27,2015,2015-07-27,-1,1,WARMUP_2015_NOT_SCORED
32964,32963,2015-07-27,2015,2015-07-27,1,1,WARMUP_2015_NOT_SCORED
33010,33009,2015-07-27,2015,2015-07-27,-1,1,WARMUP_2015_NOT_SCORED
33033,33032,2015-07-27,2015,2015-07-27,-1,1,WARMUP_2015_NOT_SCORED
33075,33074,2015-07-27,2015,2015-07-27,-1,1,WARMUP_2015_NOT_SCORED
33091,33090,2015-07-27,2015,2015-07-27,-1,1,WARMUP_2015_NOT_SCORED
33109,33108,2015-07-27,2015,2015-07-27,-1,1,WARMUP_2015_NOT_SCORED
33125,33124,2015-07-28,2015,2015-07-28,-1,1,WARMUP_2015_NOT_SCORED
33132,33131,2015-07-28,2015,2015-07-28,-1,1,WARMUP_2015_NOT_SCORED
33163,33162,2015-07-28,2015,2015-07-28,-1,1,WARMUP_2015_NOT_SCORED
33217,33216,2015-07-28,2015,2015-07-28,1,1,WARMUP_2015_NOT_SCORED
33292,33291,2015-07-28,2015,2015-07-28,-1,1,WARMUP_2015_NOT_SCORED
33311,33310,2015-07-28,2015,2015-07-28,1,1,WARMUP_2015_NOT_SCORED
33318,33317,2015-07-28,2015,2015-07-28,1,1,WARMUP_2015_NOT_SCORED
33329,33328,2015-07-28,2015,2015-07-28,1,1,WARMUP_2015_NOT_SCORED
33341,33340,2015-07-28,2015,2015-07-28,-1,1,WARMUP_2015_NOT_SCORED
33366,33365,2015-07-29,2015,2015-07-29,1,1,WARMUP_2015_NOT_SCORED
33401,33400,2015-07-29,2015,2015-07-29,-1,1,WARMUP_2015_NOT_SCORED
33425,33424,2015-07-29,2015,2015-07-29,-1,1,WARMUP_2015_NOT_SCORED
33507,33506,2015-07-29,2015,2015-07-29,-1,1,WARMUP_2015_NOT_SCORED
33529,33528,2015-07-29,2015,2015-07-29,-1,1,WARMUP_2015_NOT_SCORED
33552,33551,2015-07-29,2015,2015-07-29,1,1,WARMUP_2015_NOT_SCORED
33563,33562,2015-07-29,2015,2015-07-29,1,1,WARMUP_2015_NOT_SCORED
33574,33573,2015-07-29,2015,2015-07-29,1,1,WARMUP_2015_NOT_SCORED
33603,33602,2015-07-30,2015,2015-07-30,1,1,WARMUP_2015_NOT_SCORED
33621,33620,2015-07-30,2015,2015-07-30,1,1,WARMUP_2015_NOT_SCORED
33692,33691,2015-07-30,2015,2015-07-30,1,1,WARMUP_2015_NOT_SCORED
33708,33707,2015-07-30,2015,2015-07-30,1,1,WARMUP_2015_NOT_SCORED
33743,33742,2015-07-30,2015,2015-07-30,-1,1,WARMUP_2015_NOT_SCORED
33760,33759,2015-07-30,2015,2015-07-30,-1,1,WARMUP_2015_NOT_SCORED
33793,33792,2015-07-30,2015,2015-07-30,1,1,WARMUP_2015_NOT_SCORED
33808,33807,2015-07-30,2015,2015-07-30,1,1,WARMUP_2015_NOT_SCORED
33818,33817,2015-07-30,2015,2015-07-30,-1,1,WARMUP_2015_NOT_SCORED
33844,33843,2015-07-31,2015,2015-07-31,-1,1,WARMUP_2015_NOT_SCORED
33850,33849,2015-07-31,2015,2015-07-31,-1,1,WARMUP_2015_NOT_SCORED
33877,33876,2015-07-31,2015,2015-07-31,-1,1,WARMUP_2015_NOT_SCORED
33900,33899,2015-07-31,2015,2015-07-31,-1,1,WARMUP_2015_NOT_SCORED
33910,33909,2015-07-31,2015,2015-07-31,1,1,WARMUP_2015_NOT_SCORED
34041,34040,2015-07-31,2015,2015-07-31,1,1,WARMUP_2015_NOT_SCORED
34055,34054,2015-07-31,2015,2015-07-31,-1,1,WARMUP_2015_NOT_SCORED
34086,34085,2015-08-03,2015,2015-08-03,-1,1,WARMUP_2015_NOT_SCORED
34098,34097,2015-08-03,2015,2015-08-03,-1,1,WARMUP_2015_NOT_SCORED
34133,34132,2015-08-03,2015,2015-08-03,-1,1,WARMUP_2015_NOT_SCORED
34161,34160,2015-08-03,2015,2015-08-03,1,1,WARMUP_2015_NOT_SCORED
34219,34218,2015-08-03,2015,2015-08-03,-1,1,WARMUP_2015_NOT_SCORED
34249,34248,2015-08-03,2015,2015-08-03,-1,1,WARMUP_2015_NOT_SCORED
34297,34296,2015-08-03,2015,2015-08-03,-1,1,WARMUP_2015_NOT_SCORED
34327,34326,2015-08-04,2015,2015-08-04,1,1,WARMUP_2015_NOT_SCORED
34352,34351,2015-08-04,2015,2015-08-04,1,1,WARMUP_2015_NOT_SCORED
34479,34478,2015-08-04,2015,2015-08-04,1,1,WARMUP_2015_NOT_SCORED
34526,34525,2015-08-04,2015,2015-08-04,1,1,WARMUP_2015_NOT_SCORED
34583,34582,2015-08-05,2015,2015-08-05,1,1,WARMUP_2015_NOT_SCORED
34628,34627,2015-08-05,2015,2015-08-05,1,1,WARMUP_2015_NOT_SCORED
34678,34677,2015-08-05,2015,2015-08-05,-1,1,WARMUP_2015_NOT_SCORED
34688,34687,2015-08-05,2015,2015-08-05,-1,1,WARMUP_2015_NOT_SCORED
34724,34723,2015-08-05,2015,2015-08-05,-1,1,WARMUP_2015_NOT_SCORED
34783,34782,2015-08-05,2015,2015-08-05,1,1,WARMUP_2015_NOT_SCORED
34805,34804,2015-08-06,2015,2015-08-06,-1,1,WARMUP_2015_NOT_SCORED
35160,35159,2015-08-07,2015,2015-08-07,1,1,WARMUP_2015_NOT_SCORED
35216,35215,2015-08-07,2015,2015-08-07,1,1,WARMUP_2015_NOT_SCORED
35286,35285,2015-08-10,2015,2015-08-10,1,1,WARMUP_2015_NOT_SCORED
35312,35311,2015-08-10,2015,2015-08-10,1,1,WARMUP_2015_NOT_SCORED
35356,35355,2015-08-10,2015,2015-08-10,1,1,WARMUP_2015_NOT_SCORED
35450,35449,2015-08-10,2015,2015-08-10,1,1,WARMUP_2015_NOT_SCORED
35524,35523,2015-08-11,2015,2015-08-11,1,1,WARMUP_2015_NOT_SCORED
35539,35538,2015-08-11,2015,2015-08-11,1,1,WARMUP_2015_NOT_SCORED
35566,35565,2015-08-11,2015,2015-08-11,1,1,WARMUP_2015_NOT_SCORED
35645,35644,2015-08-11,2015,2015-08-11,-1,1,WARMUP_2015_NOT_SCORED
35666,35665,2015-08-11,2015,2015-08-11,-1,1,WARMUP_2015_NOT_SCORED
35735,35734,2015-08-11,2015,2015-08-11,1,1,WARMUP_2015_NOT_SCORED
35787,35786,2015-08-12,2015,2015-08-12,-1,1,WARMUP_2015_NOT_SCORED
35967,35966,2015-08-12,2015,2015-08-12,-1,1,WARMUP_2015_NOT_SCORED
36086,36085,2015-08-13,2015,2015-08-13,1,1,WARMUP_2015_NOT_SCORED
36149,36148,2015-08-13,2015,2015-08-13,-1,1,WARMUP_2015_NOT_SCORED
36246,36245,2015-08-14,2015,2015-08-14,1,1,WARMUP_2015_NOT_SCORED
36287,36286,2015-08-14,2015,2015-08-14,1,1,WARMUP_2015_NOT_SCORED
36304,36303,2015-08-14,2015,2015-08-14,1,1,WARMUP_2015_NOT_SCORED
36399,36398,2015-08-14,2015,2015-08-14,1,1,WARMUP_2015_NOT_SCORED
36464,36463,2015-08-14,2015,2015-08-14,-1,1,WARMUP_2015_NOT_SCORED
36533,36532,2015-08-17,2015,2015-08-17,-1,1,WARMUP_2015_NOT_SCORED
36581,36580,2015-08-17,2015,2015-08-17,-1,1,WARMUP_2015_NOT_SCORED
36633,36632,2015-08-17,2015,2015-08-17,1,1,WARMUP_2015_NOT_SCORED
36685,36684,2015-08-17,2015,2015-08-17,1,1,WARMUP_2015_NOT_SCORED
36728,36727,2015-08-18,2015,2015-08-18,1,1,WARMUP_2015_NOT_SCORED
36837,36836,2015-08-18,2015,2015-08-18,-1,1,WARMUP_2015_NOT_SCORED
36859,36858,2015-08-18,2015,2015-08-18,-1,1,WARMUP_2015_NOT_SCORED
36880,36879,2015-08-18,2015,2015-08-18,-1,1,WARMUP_2015_NOT_SCORED
36894,36893,2015-08-18,2015,2015-08-18,-1,1,WARMUP_2015_NOT_SCORED
36904,36903,2015-08-18,2015,2015-08-18,-1,1,WARMUP_2015_NOT_SCORED
36929,36928,2015-08-18,2015,2015-08-18,-1,1,WARMUP_2015_NOT_SCORED
36964,36963,2015-08-19,2015,2015-08-19,-1,1,WARMUP_2015_NOT_SCORED
36999,36998,2015-08-19,2015,2015-08-19,1,1,WARMUP_2015_NOT_SCORED
37065,37064,2015-08-19,2015,2015-08-19,-1,1,WARMUP_2015_NOT_SCORED
37160,37159,2015-08-19,2015,2015-08-19,1,1,WARMUP_2015_NOT_SCORED
37185,37184,2015-08-19,2015,2015-08-19,1,1,WARMUP_2015_NOT_SCORED
37349,37348,2015-08-20,2015,2015-08-20,1,1,WARMUP_2015_NOT_SCORED
37420,37419,2015-08-20,2015,2015-08-20,-1,1,WARMUP_2015_NOT_SCORED
37445,37444,2015-08-21,2015,2015-08-21,-1,1,WARMUP_2015_NOT_SCORED
37457,37456,2015-08-21,2015,2015-08-21,-1,1,WARMUP_2015_NOT_SCORED
37490,37489,2015-08-21,2015,2015-08-21,-1,1,WARMUP_2015_NOT_SCORED
37540,37539,2015-08-21,2015,2015-08-21,-1,1,WARMUP_2015_NOT_SCORED
37570,37569,2015-08-21,2015,2015-08-21,-1,1,WARMUP_2015_NOT_SCORED
37583,37582,2015-08-21,2015,2015-08-21,-1,1,WARMUP_2015_NOT_SCORED
37643,37642,2015-08-21,2015,2015-08-21,1,1,WARMUP_2015_NOT_SCORED
37693,37692,2015-08-24,2015,2015-08-24,-1,1,WARMUP_2015_NOT_SCORED
37715,37714,2015-08-24,2015,2015-08-24,-1,1,WARMUP_2015_NOT_SCORED
37744,37743,2015-08-24,2015,2015-08-24,-1,1,WARMUP_2015_NOT_SCORED
37898,37897,2015-08-24,2015,2015-08-24,-1,1,WARMUP_2015_NOT_SCORED
37948,37947,2015-08-25,2015,2015-08-25,-1,1,WARMUP_2015_NOT_SCORED
38174,38173,2015-08-26,2015,2015-08-26,-1,1,WARMUP_2015_NOT_SCORED
38185,38184,2015-08-26,2015,2015-08-26,1,1,WARMUP_2015_NOT_SCORED
38215,38214,2015-08-26,2015,2015-08-26,-1,1,WARMUP_2015_NOT_SCORED
38224,38223,2015-08-26,2015,2015-08-26,-1,1,WARMUP_2015_NOT_SCORED
38238,38237,2015-08-26,2015,2015-08-26,-1,1,WARMUP_2015_NOT_SCORED
38279,38278,2015-08-26,2015,2015-08-26,1,1,WARMUP_2015_NOT_SCORED
38290,38289,2015-08-26,2015,2015-08-26,1,1,WARMUP_2015_NOT_SCORED
38312,38311,2015-08-26,2015,2015-08-26,1,1,WARMUP_2015_NOT_SCORED
38327,38326,2015-08-26,2015,2015-08-26,1,1,WARMUP_2015_NOT_SCORED
38341,38340,2015-08-26,2015,2015-08-26,-1,1,WARMUP_2015_NOT_SCORED
38363,38362,2015-08-26,2015,2015-08-26,-1,1,WARMUP_2015_NOT_SCORED
38402,38401,2015-08-27,2015,2015-08-27,-1,1,WARMUP_2015_NOT_SCORED
38534,38533,2015-08-27,2015,2015-08-27,-1,1,WARMUP_2015_NOT_SCORED
38585,38584,2015-08-27,2015,2015-08-27,-1,1,WARMUP_2015_NOT_SCORED
38600,38599,2015-08-27,2015,2015-08-27,-1,1,WARMUP_2015_NOT_SCORED
38607,38606,2015-08-27,2015,2015-08-27,-1,1,WARMUP_2015_NOT_SCORED
38617,38616,2015-08-27,2015,2015-08-27,1,1,WARMUP_2015_NOT_SCORED
38632,38631,2015-08-27,2015,2015-08-27,1,1,WARMUP_2015_NOT_SCORED
38644,38643,2015-08-28,2015,2015-08-28,1,1,WARMUP_2015_NOT_SCORED
38651,38650,2015-08-28,2015,2015-08-28,1,1,WARMUP_2015_NOT_SCORED
38668,38667,2015-08-28,2015,2015-08-28,1,1,WARMUP_2015_NOT_SCORED
38703,38702,2015-08-28,2015,2015-08-28,1,1,WARMUP_2015_NOT_SCORED
38727,38726,2015-08-28,2015,2015-08-28,1,1,WARMUP_2015_NOT_SCORED
38780,38779,2015-08-28,2015,2015-08-28,1,1,WARMUP_2015_NOT_SCORED
38832,38831,2015-08-28,2015,2015-08-28,1,1,WARMUP_2015_NOT_SCORED
38868,38867,2015-08-28,2015,2015-08-28,1,1,WARMUP_2015_NOT_SCORED
38883,38882,2015-08-31,2015,2015-08-31,1,1,WARMUP_2015_NOT_SCORED
39125,39124,2015-09-01,2015,2015-09-01,-1,1,WARMUP_2015_NOT_SCORED
39133,39132,2015-09-01,2015,2015-09-01,-1,1,WARMUP_2015_NOT_SCORED
39166,39165,2015-09-01,2015,2015-09-01,-1,1,WARMUP_2015_NOT_SCORED
39186,39185,2015-09-01,2015,2015-09-01,-1,1,WARMUP_2015_NOT_SCORED
39327,39326,2015-09-01,2015,2015-09-01,-1,1,WARMUP_2015_NOT_SCORED
39356,39355,2015-09-01,2015,2015-09-01,-1,1,WARMUP_2015_NOT_SCORED
39377,39376,2015-09-02,2015,2015-09-02,-1,1,WARMUP_2015_NOT_SCORED
39494,39493,2015-09-02,2015,2015-09-02,1,1,WARMUP_2015_NOT_SCORED
39586,39585,2015-09-02,2015,2015-09-02,-1,1,WARMUP_2015_NOT_SCORED
39621,39620,2015-09-07,2015,2015-09-07,1,1,WARMUP_2015_NOT_SCORED
39745,39744,2015-09-07,2015,2015-09-07,1,1,WARMUP_2015_NOT_SCORED
39776,39775,2015-09-07,2015,2015-09-07,1,1,WARMUP_2015_NOT_SCORED
39781,39780,2015-09-07,2015,2015-09-07,-1,1,WARMUP_2015_NOT_SCORED
39873,39872,2015-09-08,2015,2015-09-08,1,1,WARMUP_2015_NOT_SCORED
39955,39954,2015-09-08,2015,2015-09-08,1,1,WARMUP_2015_NOT_SCORED
40007,40006,2015-09-08,2015,2015-09-08,-1,1,WARMUP_2015_NOT_SCORED
40160,40159,2015-09-09,2015,2015-09-09,1,1,WARMUP_2015_NOT_SCORED
40239,40238,2015-09-09,2015,2015-09-09,-1,1,WARMUP_2015_NOT_SCORED
40271,40270,2015-09-09,2015,2015-09-09,-1,1,WARMUP_2015_NOT_SCORED
40281,40280,2015-09-09,2015,2015-09-09,-1,1,WARMUP_2015_NOT_SCORED
40323,40322,2015-09-10,2015,2015-09-10,1,1,WARMUP_2015_NOT_SCORED
40370,40369,2015-09-10,2015,2015-09-10,1,1,WARMUP_2015_NOT_SCORED
40418,40417,2015-09-10,2015,2015-09-10,1,1,WARMUP_2015_NOT_SCORED
40490,40489,2015-09-10,2015,2015-09-10,1,1,WARMUP_2015_NOT_SCORED
40513,40512,2015-09-10,2015,2015-09-10,1,1,WARMUP_2015_NOT_SCORED
40576,40575,2015-09-11,2015,2015-09-11,-1,1,WARMUP_2015_NOT_SCORED
40683,40682,2015-09-11,2015,2015-09-11,1,1,WARMUP_2015_NOT_SCORED
40743,40742,2015-09-11,2015,2015-09-11,-1,1,WARMUP_2015_NOT_SCORED
40786,40785,2015-09-11,2015,2015-09-11,1,1,WARMUP_2015_NOT_SCORED
40819,40818,2015-09-14,2015,2015-09-14,1,1,WARMUP_2015_NOT_SCORED
40871,40870,2015-09-14,2015,2015-09-14,-1,1,WARMUP_2015_NOT_SCORED
40929,40928,2015-09-14,2015,2015-09-14,-1,1,WARMUP_2015_NOT_SCORED
40954,40953,2015-09-14,2015,2015-09-14,-1,1,WARMUP_2015_NOT_SCORED
41020,41019,2015-09-14,2015,2015-09-14,-1,1,WARMUP_2015_NOT_SCORED
41045,41044,2015-09-15,2015,2015-09-15,-1,1,WARMUP_2015_NOT_SCORED
41054,41053,2015-09-15,2015,2015-09-15,-1,1,WARMUP_2015_NOT_SCORED
41235,41234,2015-09-15,2015,2015-09-15,-1,1,WARMUP_2015_NOT_SCORED
41283,41282,2015-09-16,2015,2015-09-16,-1,1,WARMUP_2015_NOT_SCORED
41296,41295,2015-09-16,2015,2015-09-16,-1,1,WARMUP_2015_NOT_SCORED
41301,41300,2015-09-16,2015,2015-09-16,1,1,WARMUP_2015_NOT_SCORED
41344,41343,2015-09-16,2015,2015-09-16,1,1,WARMUP_2015_NOT_SCORED
41400,41399,2015-09-16,2015,2015-09-16,1,1,WARMUP_2015_NOT_SCORED
41523,41522,2015-09-17,2015,2015-09-17,1,1,WARMUP_2015_NOT_SCORED
41530,41529,2015-09-17,2015,2015-09-17,1,1,WARMUP_2015_NOT_SCORED
41546,41545,2015-09-17,2015,2015-09-17,1,1,WARMUP_2015_NOT_SCORED
41578,41577,2015-09-17,2015,2015-09-17,1,1,WARMUP_2015_NOT_SCORED
41606,41605,2015-09-17,2015,2015-09-17,1,1,WARMUP_2015_NOT_SCORED
41629,41628,2015-09-17,2015,2015-09-17,1,1,WARMUP_2015_NOT_SCORED
41676,41675,2015-09-17,2015,2015-09-17,1,1,WARMUP_2015_NOT_SCORED
41718,41717,2015-09-17,2015,2015-09-17,1,1,WARMUP_2015_NOT_SCORED
41753,41752,2015-09-17,2015,2015-09-17,-1,1,WARMUP_2015_NOT_SCORED
41763,41762,2015-09-18,2015,2015-09-18,-1,1,WARMUP_2015_NOT_SCORED
41796,41795,2015-09-18,2015,2015-09-18,-1,1,WARMUP_2015_NOT_SCORED
41848,41847,2015-09-18,2015,2015-09-18,-1,1,WARMUP_2015_NOT_SCORED
41947,41946,2015-09-18,2015,2015-09-18,1,1,WARMUP_2015_NOT_SCORED
41995,41994,2015-09-18,2015,2015-09-18,1,1,WARMUP_2015_NOT_SCORED
42053,42052,2015-09-21,2015,2015-09-21,1,1,WARMUP_2015_NOT_SCORED
42170,42169,2015-09-21,2015,2015-09-21,1,1,WARMUP_2015_NOT_SCORED
42266,42265,2015-09-22,2015,2015-09-22,1,1,WARMUP_2015_NOT_SCORED
42499,42498,2015-09-23,2015,2015-09-23,-1,1,WARMUP_2015_NOT_SCORED
43075,43074,2015-09-25,2015,2015-09-25,-1,1,WARMUP_2015_NOT_SCORED
43193,43192,2015-09-25,2015,2015-09-25,1,1,WARMUP_2015_NOT_SCORED
43221,43220,2015-09-28,2015,2015-09-28,-1,1,WARMUP_2015_NOT_SCORED
43262,43261,2015-09-28,2015,2015-09-28,-1,1,WARMUP_2015_NOT_SCORED
43353,43352,2015-09-28,2015,2015-09-28,1,1,WARMUP_2015_NOT_SCORED
43417,43416,2015-09-28,2015,2015-09-28,1,1,WARMUP_2015_NOT_SCORED
43443,43442,2015-09-29,2015,2015-09-29,1,1,WARMUP_2015_NOT_SCORED
43654,43653,2015-09-29,2015,2015-09-29,-1,1,WARMUP_2015_NOT_SCORED
43688,43687,2015-09-30,2015,2015-09-30,-1,1,WARMUP_2015_NOT_SCORED
43709,43708,2015-09-30,2015,2015-09-30,-1,1,WARMUP_2015_NOT_SCORED
43738,43737,2015-09-30,2015,2015-09-30,1,1,WARMUP_2015_NOT_SCORED
43768,43767,2015-09-30,2015,2015-09-30,1,1,WARMUP_2015_NOT_SCORED
43858,43857,2015-09-30,2015,2015-09-30,-1,1,WARMUP_2015_NOT_SCORED
43933,43932,2015-10-08,2015,2015-10-08,1,1,WARMUP_2015_NOT_SCORED
43959,43958,2015-10-08,2015,2015-10-08,1,1,WARMUP_2015_NOT_SCORED
44130,44129,2015-10-08,2015,2015-10-08,1,1,WARMUP_2015_NOT_SCORED
44223,44222,2015-10-09,2015,2015-10-09,1,1,WARMUP_2015_NOT_SCORED
44258,44257,2015-10-09,2015,2015-10-09,1,1,WARMUP_2015_NOT_SCORED
44360,44359,2015-10-09,2015,2015-10-09,1,1,WARMUP_2015_NOT_SCORED
44560,44559,2015-10-12,2015,2015-10-12,1,1,WARMUP_2015_NOT_SCORED
44732,44731,2015-10-13,2015,2015-10-13,1,1,WARMUP_2015_NOT_SCORED
44801,44800,2015-10-13,2015,2015-10-13,1,1,WARMUP_2015_NOT_SCORED
44841,44840,2015-10-13,2015,2015-10-13,1,1,WARMUP_2015_NOT_SCORED
44877,44876,2015-10-13,2015,2015-10-13,1,1,WARMUP_2015_NOT_SCORED
44961,44960,2015-10-14,2015,2015-10-14,-1,1,WARMUP_2015_NOT_SCORED
44982,44981,2015-10-14,2015,2015-10-14,-1,1,WARMUP_2015_NOT_SCORED
45027,45026,2015-10-14,2015,2015-10-14,1,1,WARMUP_2015_NOT_SCORED
45117,45116,2015-10-14,2015,2015-10-14,-1,1,WARMUP_2015_NOT_SCORED
45148,45147,2015-10-15,2015,2015-10-15,-1,1,WARMUP_2015_NOT_SCORED
45297,45296,2015-10-15,2015,2015-10-15,1,1,WARMUP_2015_NOT_SCORED
45401,45400,2015-10-16,2015,2015-10-16,1,1,WARMUP_2015_NOT_SCORED
45556,45555,2015-10-16,2015,2015-10-16,-1,1,WARMUP_2015_NOT_SCORED
45622,45621,2015-10-19,2015,2015-10-19,1,1,WARMUP_2015_NOT_SCORED
45662,45661,2015-10-19,2015,2015-10-19,1,1,WARMUP_2015_NOT_SCORED
45739,45738,2015-10-19,2015,2015-10-19,1,1,WARMUP_2015_NOT_SCORED
45780,45779,2015-10-19,2015,2015-10-19,-1,1,WARMUP_2015_NOT_SCORED
45879,45878,2015-10-20,2015,2015-10-20,1,1,WARMUP_2015_NOT_SCORED
45944,45943,2015-10-20,2015,2015-10-20,1,1,WARMUP_2015_NOT_SCORED
46030,46029,2015-10-20,2015,2015-10-20,1,1,WARMUP_2015_NOT_SCORED
46065,46064,2015-10-20,2015,2015-10-20,1,1,WARMUP_2015_NOT_SCORED
46107,46106,2015-10-21,2015,2015-10-21,1,1,WARMUP_2015_NOT_SCORED
46187,46186,2015-10-21,2015,2015-10-21,-1,1,WARMUP_2015_NOT_SCORED
46246,46245,2015-10-21,2015,2015-10-21,-1,1,WARMUP_2015_NOT_SCORED
46261,46260,2015-10-21,2015,2015-10-21,-1,1,WARMUP_2015_NOT_SCORED
46314,46313,2015-10-21,2015,2015-10-21,-1,1,WARMUP_2015_NOT_SCORED
46392,46391,2015-10-22,2015,2015-10-22,1,1,WARMUP_2015_NOT_SCORED
46477,46476,2015-10-22,2015,2015-10-22,-1,1,WARMUP_2015_NOT_SCORED
46579,46578,2015-10-23,2015,2015-10-23,1,1,WARMUP_2015_NOT_SCORED
46611,46610,2015-10-23,2015,2015-10-23,1,1,WARMUP_2015_NOT_SCORED
46658,46657,2015-10-23,2015,2015-10-23,1,1,WARMUP_2015_NOT_SCORED
46728,46727,2015-10-23,2015,2015-10-23,1,1,WARMUP_2015_NOT_SCORED
46758,46757,2015-10-23,2015,2015-10-23,1,1,WARMUP_2015_NOT_SCORED
46814,46813,2015-10-26,2015,2015-10-26,1,1,WARMUP_2015_NOT_SCORED
46972,46971,2015-10-26,2015,2015-10-26,1,1,WARMUP_2015_NOT_SCORED
47041,47040,2015-10-27,2015,2015-10-27,-1,1,WARMUP_2015_NOT_SCORED
47074,47073,2015-10-27,2015,2015-10-27,-1,1,WARMUP_2015_NOT_SCORED
47101,47100,2015-10-27,2015,2015-10-27,-1,1,WARMUP_2015_NOT_SCORED
47147,47146,2015-10-27,2015,2015-10-27,-1,1,WARMUP_2015_NOT_SCORED
47212,47211,2015-10-27,2015,2015-10-27,1,1,WARMUP_2015_NOT_SCORED
47253,47252,2015-10-27,2015,2015-10-27,1,1,WARMUP_2015_NOT_SCORED
47283,47282,2015-10-28,2015,2015-10-28,1,1,WARMUP_2015_NOT_SCORED
47322,47321,2015-10-28,2015,2015-10-28,-1,1,WARMUP_2015_NOT_SCORED
47349,47348,2015-10-28,2015,2015-10-28,1,1,WARMUP_2015_NOT_SCORED
47431,47430,2015-10-28,2015,2015-10-28,-1,1,WARMUP_2015_NOT_SCORED
47465,47464,2015-10-28,2015,2015-10-28,-1,1,WARMUP_2015_NOT_SCORED
47523,47522,2015-10-29,2015,2015-10-29,-1,1,WARMUP_2015_NOT_SCORED
47570,47569,2015-10-29,2015,2015-10-29,-1,1,WARMUP_2015_NOT_SCORED
47674,47673,2015-10-29,2015,2015-10-29,-1,1,WARMUP_2015_NOT_SCORED
47747,47746,2015-10-29,2015,2015-10-29,1,1,WARMUP_2015_NOT_SCORED
47786,47785,2015-10-30,2015,2015-10-30,1,1,WARMUP_2015_NOT_SCORED
47855,47854,2015-10-30,2015,2015-10-30,-1,1,WARMUP_2015_NOT_SCORED
47892,47891,2015-10-30,2015,2015-10-30,-1,1,WARMUP_2015_NOT_SCORED
47907,47906,2015-10-30,2015,2015-10-30,-1,1,WARMUP_2015_NOT_SCORED
47928,47927,2015-10-30,2015,2015-10-30,1,1,WARMUP_2015_NOT_SCORED
48043,48042,2015-11-02,2015,2015-11-02,-1,1,WARMUP_2015_NOT_SCORED
48244,48243,2015-11-03,2015,2015-11-03,-1,1,WARMUP_2015_NOT_SCORED
48332,48331,2015-11-03,2015,2015-11-03,-1,1,WARMUP_2015_NOT_SCORED
48598,48597,2015-11-04,2015,2015-11-04,1,1,WARMUP_2015_NOT_SCORED
48636,48635,2015-11-04,2015,2015-11-04,1,1,WARMUP_2015_NOT_SCORED
48745,48744,2015-11-05,2015,2015-11-05,1,1,WARMUP_2015_NOT_SCORED
48858,48857,2015-11-05,2015,2015-11-05,-1,1,WARMUP_2015_NOT_SCORED
49044,49043,2015-11-06,2015,2015-11-06,1,1,WARMUP_2015_NOT_SCORED
49132,49131,2015-11-06,2015,2015-11-06,1,1,WARMUP_2015_NOT_SCORED
49176,49175,2015-11-06,2015,2015-11-06,1,1,WARMUP_2015_NOT_SCORED
49202,49201,2015-11-09,2015,2015-11-09,1,1,WARMUP_2015_NOT_SCORED
49211,49210,2015-11-09,2015,2015-11-09,1,1,WARMUP_2015_NOT_SCORED
49270,49269,2015-11-09,2015,2015-11-09,-1,1,WARMUP_2015_NOT_SCORED
49359,49358,2015-11-09,2015,2015-11-09,1,1,WARMUP_2015_NOT_SCORED
49443,49442,2015-11-10,2015,2015-11-10,1,1,WARMUP_2015_NOT_SCORED
49468,49467,2015-11-10,2015,2015-11-10,1,1,WARMUP_2015_NOT_SCORED
49512,49511,2015-11-10,2015,2015-11-10,1,1,WARMUP_2015_NOT_SCORED
49588,49587,2015-11-10,2015,2015-11-10,1,1,WARMUP_2015_NOT_SCORED
49690,49689,2015-11-11,2015,2015-11-11,1,1,WARMUP_2015_NOT_SCORED
49715,49714,2015-11-11,2015,2015-11-11,1,1,WARMUP_2015_NOT_SCORED
49761,49760,2015-11-11,2015,2015-11-11,1,1,WARMUP_2015_NOT_SCORED
49857,49856,2015-11-11,2015,2015-11-11,1,1,WARMUP_2015_NOT_SCORED
49915,49914,2015-11-11,2015,2015-11-11,1,1,WARMUP_2015_NOT_SCORED
49944,49943,2015-11-12,2015,2015-11-12,1,1,WARMUP_2015_NOT_SCORED
50163,50162,2015-11-13,2015,2015-11-13,1,1,WARMUP_2015_NOT_SCORED
50248,50247,2015-11-13,2015,2015-11-13,-1,1,WARMUP_2015_NOT_SCORED
50449,50448,2015-11-16,2015,2015-11-16,-1,1,WARMUP_2015_NOT_SCORED
50646,50645,2015-11-17,2015,2015-11-17,1,1,WARMUP_2015_NOT_SCORED
50673,50672,2015-11-17,2015,2015-11-17,1,1,WARMUP_2015_NOT_SCORED
51112,51111,2015-11-18,2015,2015-11-18,-1,1,WARMUP_2015_NOT_SCORED
51134,51133,2015-11-19,2015,2015-11-19,-1,1,WARMUP_2015_NOT_SCORED
51321,51320,2015-11-19,2015,2015-11-19,1,1,WARMUP_2015_NOT_SCORED
51426,51425,2015-11-20,2015,2015-11-20,1,1,WARMUP_2015_NOT_SCORED
51531,51530,2015-11-20,2015,2015-11-20,1,1,WARMUP_2015_NOT_SCORED
51556,51555,2015-11-20,2015,2015-11-20,1,1,WARMUP_2015_NOT_SCORED
51650,51649,2015-11-23,2015,2015-11-23,1,1,WARMUP_2015_NOT_SCORED
51748,51747,2015-11-23,2015,2015-11-23,1,1,WARMUP_2015_NOT_SCORED
51793,51792,2015-11-23,2015,2015-11-23,1,1,WARMUP_2015_NOT_SCORED
51816,51815,2015-11-23,2015,2015-11-23,-1,1,WARMUP_2015_NOT_SCORED
51846,51845,2015-11-24,2015,2015-11-24,-1,1,WARMUP_2015_NOT_SCORED
51912,51911,2015-11-24,2015,2015-11-24,-1,1,WARMUP_2015_NOT_SCORED
51971,51970,2015-11-24,2015,2015-11-24,-1,1,WARMUP_2015_NOT_SCORED
52126,52125,2015-11-25,2015,2015-11-25,1,1,WARMUP_2015_NOT_SCORED
52192,52191,2015-11-25,2015,2015-11-25,1,1,WARMUP_2015_NOT_SCORED
52289,52288,2015-11-25,2015,2015-11-25,1,1,WARMUP_2015_NOT_SCORED
52349,52348,2015-11-26,2015,2015-11-26,1,1,WARMUP_2015_NOT_SCORED
52511,52510,2015-11-26,2015,2015-11-26,1,1,WARMUP_2015_NOT_SCORED
52534,52533,2015-11-26,2015,2015-11-26,1,1,WARMUP_2015_NOT_SCORED
52606,52605,2015-11-27,2015,2015-11-27,-1,1,WARMUP_2015_NOT_SCORED
52701,52700,2015-11-27,2015,2015-11-27,-1,1,WARMUP_2015_NOT_SCORED
52717,52716,2015-11-27,2015,2015-11-27,-1,1,WARMUP_2015_NOT_SCORED
52747,52746,2015-11-27,2015,2015-11-27,-1,1,WARMUP_2015_NOT_SCORED
52763,52762,2015-11-27,2015,2015-11-27,-1,1,WARMUP_2015_NOT_SCORED
52804,52803,2015-11-30,2015,2015-11-30,-1,1,WARMUP_2015_NOT_SCORED
52893,52892,2015-11-30,2015,2015-11-30,-1,1,WARMUP_2015_NOT_SCORED
52904,52903,2015-11-30,2015,2015-11-30,-1,1,WARMUP_2015_NOT_SCORED
52931,52930,2015-11-30,2015,2015-11-30,-1,1,WARMUP_2015_NOT_SCORED
52955,52954,2015-11-30,2015,2015-11-30,-1,1,WARMUP_2015_NOT_SCORED
53015,53014,2015-11-30,2015,2015-11-30,1,1,WARMUP_2015_NOT_SCORED
53045,53044,2015-12-01,2015,2015-12-01,1,1,WARMUP_2015_NOT_SCORED
53054,53053,2015-12-01,2015,2015-12-01,1,1,WARMUP_2015_NOT_SCORED
53071,53070,2015-12-01,2015,2015-12-01,-1,1,WARMUP_2015_NOT_SCORED
53094,53093,2015-12-01,2015,2015-12-01,-1,1,WARMUP_2015_NOT_SCORED
53128,53127,2015-12-01,2015,2015-12-01,1,1,WARMUP_2015_NOT_SCORED
53236,53235,2015-12-01,2015,2015-12-01,1,1,WARMUP_2015_NOT_SCORED
53281,53280,2015-12-02,2015,2015-12-02,-1,1,WARMUP_2015_NOT_SCORED
53326,53325,2015-12-02,2015,2015-12-02,-1,1,WARMUP_2015_NOT_SCORED
53370,53369,2015-12-02,2015,2015-12-02,-1,1,WARMUP_2015_NOT_SCORED
53606,53605,2015-12-03,2015,2015-12-03,1,1,WARMUP_2015_NOT_SCORED
53723,53722,2015-12-03,2015,2015-12-03,1,1,WARMUP_2015_NOT_SCORED
53763,53762,2015-12-04,2015,2015-12-04,1,1,WARMUP_2015_NOT_SCORED
53788,53787,2015-12-04,2015,2015-12-04,1,1,WARMUP_2015_NOT_SCORED
53816,53815,2015-12-04,2015,2015-12-04,1,1,WARMUP_2015_NOT_SCORED
53879,53878,2015-12-04,2015,2015-12-04,1,1,WARMUP_2015_NOT_SCORED
54155,54154,2015-12-07,2015,2015-12-07,1,1,WARMUP_2015_NOT_SCORED
54244,54243,2015-12-08,2015,2015-12-08,1,1,WARMUP_2015_NOT_SCORED
54327,54326,2015-12-08,2015,2015-12-08,-1,1,WARMUP_2015_NOT_SCORED
54494,54493,2015-12-09,2015,2015-12-09,-1,1,WARMUP_2015_NOT_SCORED
54530,54529,2015-12-09,2015,2015-12-09,-1,1,WARMUP_2015_NOT_SCORED
54675,54674,2015-12-09,2015,2015-12-09,-1,1,WARMUP_2015_NOT_SCORED
54919,54918,2015-12-10,2015,2015-12-10,1,1,WARMUP_2015_NOT_SCORED
54943,54942,2015-12-10,2015,2015-12-10,1,1,WARMUP_2015_NOT_SCORED
55041,55040,2015-12-11,2015,2015-12-11,-1,1,WARMUP_2015_NOT_SCORED
55093,55092,2015-12-11,2015,2015-12-11,-1,1,WARMUP_2015_NOT_SCORED
55154,55153,2015-12-11,2015,2015-12-11,-1,1,WARMUP_2015_NOT_SCORED
55220,55219,2015-12-14,2015,2015-12-14,-1,1,WARMUP_2015_NOT_SCORED
55497,55496,2015-12-15,2015,2015-12-15,1,1,WARMUP_2015_NOT_SCORED
55636,55635,2015-12-15,2015,2015-12-15,1,1,WARMUP_2015_NOT_SCORED
55882,55881,2015-12-16,2015,2015-12-16,1,1,WARMUP_2015_NOT_SCORED
55995,55994,2015-12-17,2015,2015-12-17,1,1,WARMUP_2015_NOT_SCORED
56100,56099,2015-12-17,2015,2015-12-17,1,1,WARMUP_2015_NOT_SCORED
56138,56137,2015-12-17,2015,2015-12-17,1,1,WARMUP_2015_NOT_SCORED
56233,56232,2015-12-18,2015,2015-12-18,1,1,WARMUP_2015_NOT_SCORED
56761,56760,2015-12-22,2015,2015-12-22,1,1,WARMUP_2015_NOT_SCORED
56857,56856,2015-12-22,2015,2015-12-22,1,1,WARMUP_2015_NOT_SCORED
56935,56934,2015-12-23,2015,2015-12-23,1,1,WARMUP_2015_NOT_SCORED
57157,57156,2015-12-24,2015,2015-12-24,-1,1,WARMUP_2015_NOT_SCORED
57230,57229,2015-12-24,2015,2015-12-24,-1,1,WARMUP_2015_NOT_SCORED
57744,57743,2015-12-28,2015,2015-12-28,1,1,WARMUP_2015_NOT_SCORED
57758,57757,2015-12-28,2015,2015-12-28,1,1,WARMUP_2015_NOT_SCORED
57807,57806,2015-12-28,2015,2015-12-28,-1,1,WARMUP_2015_NOT_SCORED
57833,57832,2015-12-28,2015,2015-12-28,-1,1,WARMUP_2015_NOT_SCORED
57867,57866,2015-12-29,2015,2015-12-29,-1,1,WARMUP_2015_NOT_SCORED
57912,57911,2015-12-29,2015,2015-12-29,-1,1,WARMUP_2015_NOT_SCORED
58240,58239,2015-12-30,2015,2015-12-30,1,1,WARMUP_2015_NOT_SCORED
58374,58373,2015-12-31,2015,2015-12-31,1,1,WARMUP_2015_NOT_SCORED
58453,58452,2015-12-31,2015,2015-12-31,1,1,WARMUP_2015_NOT_SCORED
58513,58512,2015-12-31,2015,2015-12-31,-1,1,WARMUP_2015_NOT_SCORED
58593,58592,2016-01-04,2016,2016-01-04,-1,1,SCORED
58614,58613,2016-01-04,2016,2016-01-04,-1,1,SCORED
58713,58712,2016-01-05,2016,2016-01-05,-1,1,SCORED
58905,58904,2016-01-05,2016,2016-01-05,-1,1,SCORED
58931,58930,2016-01-05,2016,2016-01-05,1,1,SCORED
58964,58963,2016-01-06,2016,2016-01-06,1,1,SCORED
59016,59015,2016-01-06,2016,2016-01-06,1,1,SCORED
59125,59124,2016-01-06,2016,2016-01-06,1,1,SCORED
59173,59172,2016-01-06,2016,2016-01-06,1,1,SCORED
59187,59186,2016-01-07,2016,2016-01-07,1,1,SCORED
59204,59203,2016-01-08,2016,2016-01-08,-1,1,SCORED
59226,59225,2016-01-08,2016,2016-01-08,-1,1,SCORED
59237,59236,2016-01-08,2016,2016-01-08,1,1,SCORED
59270,59269,2016-01-08,2016,2016-01-08,1,1,SCORED
59338,59337,2016-01-08,2016,2016-01-08,1,1,SCORED
59378,59377,2016-01-08,2016,2016-01-08,1,1,SCORED
59447,59446,2016-01-11,2016,2016-01-11,-1,1,SCORED
59564,59563,2016-01-11,2016,2016-01-11,-1,1,SCORED
59588,59587,2016-01-11,2016,2016-01-11,-1,1,SCORED
59609,59608,2016-01-11,2016,2016-01-11,-1,1,SCORED
59659,59658,2016-01-11,2016,2016-01-11,-1,1,SCORED
59674,59673,2016-01-11,2016,2016-01-11,-1,1,SCORED
59697,59696,2016-01-12,2016,2016-01-12,-1,1,SCORED
59760,59759,2016-01-12,2016,2016-01-12,-1,1,SCORED
59865,59864,2016-01-12,2016,2016-01-12,1,1,SCORED
59996,59995,2016-01-13,2016,2016-01-13,1,1,SCORED
60065,60064,2016-01-13,2016,2016-01-13,-1,1,SCORED
60137,60136,2016-01-13,2016,2016-01-13,-1,1,SCORED
60156,60155,2016-01-13,2016,2016-01-13,-1,1,SCORED
60165,60164,2016-01-14,2016,2016-01-14,-1,1,SCORED
60331,60330,2016-01-14,2016,2016-01-14,1,1,SCORED
60371,60370,2016-01-14,2016,2016-01-14,1,1,SCORED
60404,60403,2016-01-15,2016,2016-01-15,1,1,SCORED
60449,60448,2016-01-15,2016,2016-01-15,1,1,SCORED
60536,60535,2016-01-15,2016,2016-01-15,-1,1,SCORED
60567,60566,2016-01-15,2016,2016-01-15,-1,1,SCORED
60612,60611,2016-01-15,2016,2016-01-15,-1,1,SCORED
60646,60645,2016-01-18,2016,2016-01-18,-1,1,SCORED
60667,60666,2016-01-18,2016,2016-01-18,1,1,SCORED
60718,60717,2016-01-18,2016,2016-01-18,1,1,SCORED
60743,60742,2016-01-18,2016,2016-01-18,-1,1,SCORED
60814,60813,2016-01-18,2016,2016-01-18,1,1,SCORED
60924,60923,2016-01-19,2016,2016-01-19,-1,1,SCORED
61057,61056,2016-01-19,2016,2016-01-19,1,1,SCORED
61095,61094,2016-01-19,2016,2016-01-19,1,1,SCORED
61124,61123,2016-01-20,2016,2016-01-20,1,1,SCORED
61189,61188,2016-01-20,2016,2016-01-20,1,1,SCORED
61271,61270,2016-01-20,2016,2016-01-20,-1,1,SCORED
61329,61328,2016-01-20,2016,2016-01-20,1,1,SCORED
61382,61381,2016-01-21,2016,2016-01-21,-1,1,SCORED
61534,61533,2016-01-21,2016,2016-01-21,-1,1,SCORED
61557,61556,2016-01-21,2016,2016-01-21,-1,1,SCORED
61582,61581,2016-01-21,2016,2016-01-21,-1,1,SCORED
61594,61593,2016-01-21,2016,2016-01-21,-1,1,SCORED
61603,61602,2016-01-22,2016,2016-01-22,-1,1,SCORED
61633,61632,2016-01-22,2016,2016-01-22,-1,1,SCORED
61657,61656,2016-01-22,2016,2016-01-22,-1,1,SCORED
61755,61754,2016-01-22,2016,2016-01-22,-1,1,SCORED
61816,61815,2016-01-22,2016,2016-01-22,1,1,SCORED
61861,61860,2016-01-25,2016,2016-01-25,1,1,SCORED
61907,61906,2016-01-25,2016,2016-01-25,1,1,SCORED
62008,62007,2016-01-25,2016,2016-01-25,1,1,SCORED
62114,62113,2016-01-26,2016,2016-01-26,-1,1,SCORED
62222,62221,2016-01-26,2016,2016-01-26,-1,1,SCORED
62238,62237,2016-01-26,2016,2016-01-26,-1,1,SCORED
62270,62269,2016-01-26,2016,2016-01-26,-1,1,SCORED
62296,62295,2016-01-26,2016,2016-01-26,-1,1,SCORED
62314,62313,2016-01-26,2016,2016-01-26,-1,1,SCORED
62337,62336,2016-01-27,2016,2016-01-27,-1,1,SCORED
62356,62355,2016-01-27,2016,2016-01-27,-1,1,SCORED
62372,62371,2016-01-27,2016,2016-01-27,-1,1,SCORED
62390,62389,2016-01-27,2016,2016-01-27,-1,1,SCORED
62432,62431,2016-01-27,2016,2016-01-27,-1,1,SCORED
62463,62462,2016-01-27,2016,2016-01-27,-1,1,SCORED
62507,62506,2016-01-27,2016,2016-01-27,1,1,SCORED
62537,62536,2016-01-27,2016,2016-01-27,1,1,SCORED
62804,62803,2016-01-29,2016,2016-01-29,-1,1,SCORED
62922,62921,2016-01-29,2016,2016-01-29,1,1,SCORED
62967,62966,2016-01-29,2016,2016-01-29,1,1,SCORED
62996,62995,2016-01-29,2016,2016-01-29,1,1,SCORED
63017,63016,2016-01-29,2016,2016-01-29,1,1,SCORED
63044,63043,2016-02-01,2016,2016-02-01,1,1,SCORED
63241,63240,2016-02-01,2016,2016-02-01,-1,1,SCORED
63484,63483,2016-02-02,2016,2016-02-02,1,1,SCORED
63900,63899,2016-02-04,2016,2016-02-04,1,1,SCORED
63992,63991,2016-02-04,2016,2016-02-04,-1,1,SCORED
64033,64032,2016-02-05,2016,2016-02-05,1,1,SCORED
64088,64087,2016-02-05,2016,2016-02-05,1,1,SCORED
64225,64224,2016-02-05,2016,2016-02-05,-1,1,SCORED
64257,64256,2016-02-15,2016,2016-02-15,-1,1,SCORED
64654,64653,2016-02-16,2016,2016-02-16,1,1,SCORED
64693,64692,2016-02-16,2016,2016-02-16,1,1,SCORED
64763,64762,2016-02-17,2016,2016-02-17,1,1,SCORED
64935,64934,2016-02-17,2016,2016-02-17,1,1,SCORED
64978,64977,2016-02-18,2016,2016-02-18,1,1,SCORED
65025,65024,2016-02-18,2016,2016-02-18,1,1,SCORED
65410,65409,2016-02-19,2016,2016-02-19,1,1,SCORED
65471,65470,2016-02-22,2016,2016-02-22,1,1,SCORED
65647,65646,2016-02-22,2016,2016-02-22,1,1,SCORED
65718,65717,2016-02-23,2016,2016-02-23,1,1,SCORED
65820,65819,2016-02-23,2016,2016-02-23,1,1,SCORED
65889,65888,2016-02-23,2016,2016-02-23,-1,1,SCORED
66178,66177,2016-02-25,2016,2016-02-25,1,1,SCORED
66229,66228,2016-02-25,2016,2016-02-25,1,1,SCORED
66309,66308,2016-02-25,2016,2016-02-25,-1,1,SCORED
66404,66403,2016-02-26,2016,2016-02-26,-1,1,SCORED
66436,66435,2016-02-26,2016,2016-02-26,-1,1,SCORED
66554,66553,2016-02-26,2016,2016-02-26,-1,1,SCORED
66620,66619,2016-02-26,2016,2016-02-26,1,1,SCORED
66665,66664,2016-02-29,2016,2016-02-29,-1,1,SCORED
66686,66685,2016-02-29,2016,2016-02-29,-1,1,SCORED
66775,66774,2016-02-29,2016,2016-02-29,1,1,SCORED
66825,66824,2016-02-29,2016,2016-02-29,-1,1,SCORED
66867,66866,2016-02-29,2016,2016-02-29,-1,1,SCORED
66902,66901,2016-03-01,2016,2016-03-01,1,1,SCORED
66943,66942,2016-03-01,2016,2016-03-01,1,1,SCORED
66978,66977,2016-03-01,2016,2016-03-01,1,1,SCORED
67125,67124,2016-03-02,2016,2016-03-02,1,1,SCORED
67157,67156,2016-03-02,2016,2016-03-02,1,1,SCORED
67197,67196,2016-03-02,2016,2016-03-02,1,1,SCORED
67322,67321,2016-03-02,2016,2016-03-02,1,1,SCORED
67387,67386,2016-03-03,2016,2016-03-03,1,1,SCORED
67415,67414,2016-03-03,2016,2016-03-03,1,1,SCORED
67458,67457,2016-03-03,2016,2016-03-03,1,1,SCORED
67576,67575,2016-03-03,2016,2016-03-03,-1,1,SCORED
67615,67614,2016-03-04,2016,2016-03-04,-1,1,SCORED
67664,67663,2016-03-04,2016,2016-03-04,-1,1,SCORED
67752,67751,2016-03-04,2016,2016-03-04,-1,1,SCORED
68102,68101,2016-03-08,2016,2016-03-08,-1,1,SCORED
68269,68268,2016-03-08,2016,2016-03-08,1,1,SCORED
68303,68302,2016-03-08,2016,2016-03-08,1,1,SCORED
68354,68353,2016-03-09,2016,2016-03-09,-1,1,SCORED
68635,68634,2016-03-10,2016,2016-03-10,-1,1,SCORED
68819,68818,2016-03-11,2016,2016-03-11,-1,1,SCORED
68981,68980,2016-03-11,2016,2016-03-11,1,1,SCORED
69046,69045,2016-03-14,2016,2016-03-14,1,1,SCORED
69203,69202,2016-03-14,2016,2016-03-14,1,1,SCORED
69284,69283,2016-03-15,2016,2016-03-15,1,1,SCORED
69907,69906,2016-03-17,2016,2016-03-17,1,1,SCORED
69984,69983,2016-03-17,2016,2016-03-17,1,1,SCORED
70081,70080,2016-03-18,2016,2016-03-18,1,1,SCORED
70159,70158,2016-03-18,2016,2016-03-18,1,1,SCORED
70296,70295,2016-03-21,2016,2016-03-21,1,1,SCORED
70382,70381,2016-03-21,2016,2016-03-21,1,1,SCORED
70485,70484,2016-03-22,2016,2016-03-22,1,1,SCORED
70573,70572,2016-03-22,2016,2016-03-22,1,1,SCORED
70689,70688,2016-03-22,2016,2016-03-22,1,1,SCORED
70795,70794,2016-03-23,2016,2016-03-23,-1,1,SCORED
70833,70832,2016-03-23,2016,2016-03-23,-1,1,SCORED
70860,70859,2016-03-23,2016,2016-03-23,1,1,SCORED
70928,70927,2016-03-23,2016,2016-03-23,-1,1,SCORED
70972,70971,2016-03-24,2016,2016-03-24,1,1,SCORED
71031,71030,2016-03-24,2016,2016-03-24,-1,1,SCORED
71161,71160,2016-03-24,2016,2016-03-24,1,1,SCORED
71190,71189,2016-03-24,2016,2016-03-24,1,1,SCORED
71216,71215,2016-03-25,2016,2016-03-25,-1,1,SCORED
71242,71241,2016-03-25,2016,2016-03-25,-1,1,SCORED
71353,71352,2016-03-25,2016,2016-03-25,-1,1,SCORED
71413,71412,2016-03-25,2016,2016-03-25,-1,1,SCORED
71485,71484,2016-03-28,2016,2016-03-28,1,1,SCORED
71623,71622,2016-03-28,2016,2016-03-28,-1,1,SCORED
71649,71648,2016-03-28,2016,2016-03-28,-1,1,SCORED
71670,71669,2016-03-28,2016,2016-03-28,-1,1,SCORED
71734,71733,2016-03-29,2016,2016-03-29,-1,1,SCORED
71845,71844,2016-03-29,2016,2016-03-29,-1,1,SCORED
71987,71986,2016-03-30,2016,2016-03-30,1,1,SCORED
72186,72185,2016-03-31,2016,2016-03-31,1,1,SCORED
72257,72256,2016-03-31,2016,2016-03-31,1,1,SCORED
72343,72342,2016-03-31,2016,2016-03-31,1,1,SCORED
72361,72360,2016-03-31,2016,2016-03-31,1,1,SCORED
72385,72384,2016-03-31,2016,2016-03-31,-1,1,SCORED
72415,72414,2016-04-01,2016,2016-04-01,-1,1,SCORED
72439,72438,2016-04-01,2016,2016-04-01,-1,1,SCORED
72462,72461,2016-04-01,2016,2016-04-01,-1,1,SCORED
72494,72493,2016-04-01,2016,2016-04-01,-1,1,SCORED
72557,72556,2016-04-01,2016,2016-04-01,-1,1,SCORED
72727,72726,2016-04-05,2016,2016-04-05,1,1,SCORED
72841,72840,2016-04-05,2016,2016-04-05,1,1,SCORED
72875,72874,2016-04-05,2016,2016-04-05,1,1,SCORED
72903,72902,2016-04-06,2016,2016-04-06,1,1,SCORED
72945,72944,2016-04-06,2016,2016-04-06,1,1,SCORED
73129,73128,2016-04-07,2016,2016-04-07,-1,1,SCORED
73157,73156,2016-04-07,2016,2016-04-07,1,1,SCORED
73200,73199,2016-04-07,2016,2016-04-07,1,1,SCORED
73219,73218,2016-04-07,2016,2016-04-07,1,1,SCORED
73269,73268,2016-04-07,2016,2016-04-07,-1,1,SCORED
73390,73389,2016-04-08,2016,2016-04-08,-1,1,SCORED
73523,73522,2016-04-08,2016,2016-04-08,-1,1,SCORED
73566,73565,2016-04-08,2016,2016-04-08,1,1,SCORED
73824,73823,2016-04-11,2016,2016-04-11,1,1,SCORED
74322,74321,2016-04-14,2016,2016-04-14,1,1,SCORED
74613,74612,2016-04-15,2016,2016-04-15,1,1,SCORED
74782,74781,2016-04-15,2016,2016-04-15,1,1,SCORED
75036,75035,2016-04-18,2016,2016-04-18,-1,1,SCORED
75419,75418,2016-04-20,2016,2016-04-20,-1,1,SCORED
75787,75786,2016-04-22,2016,2016-04-22,-1,1,SCORED
76093,76092,2016-04-25,2016,2016-04-25,-1,1,SCORED
76167,76166,2016-04-25,2016,2016-04-25,-1,1,SCORED
76343,76342,2016-04-26,2016,2016-04-26,1,1,SCORED
76513,76512,2016-04-27,2016,2016-04-27,1,1,SCORED
76633,76632,2016-04-27,2016,2016-04-27,1,1,SCORED
76836,76835,2016-04-28,2016,2016-04-28,1,1,SCORED
76899,76898,2016-04-28,2016,2016-04-28,-1,1,SCORED
77561,77560,2016-05-04,2016,2016-05-04,1,1,SCORED
77697,77696,2016-05-05,2016,2016-05-05,1,1,SCORED
77802,77801,2016-05-05,2016,2016-05-05,1,1,SCORED
77869,77868,2016-05-05,2016,2016-05-05,-1,1,SCORED
77949,77948,2016-05-06,2016,2016-05-06,-1,1,SCORED
78067,78066,2016-05-06,2016,2016-05-06,-1,1,SCORED
78126,78125,2016-05-06,2016,2016-05-06,-1,1,SCORED
78187,78186,2016-05-09,2016,2016-05-09,-1,1,SCORED
78253,78252,2016-05-09,2016,2016-05-09,-1,1,SCORED
78342,78341,2016-05-09,2016,2016-05-09,-1,1,SCORED
78410,78409,2016-05-10,2016,2016-05-10,-1,1,SCORED
78502,78501,2016-05-10,2016,2016-05-10,-1,1,SCORED
78774,78773,2016-05-11,2016,2016-05-11,-1,1,SCORED
78909,78908,2016-05-12,2016,2016-05-12,-1,1,SCORED
79666,79665,2016-05-17,2016,2016-05-17,1,1,SCORED
80015,80014,2016-05-18,2016,2016-05-18,-1,1,SCORED
80106,80105,2016-05-19,2016,2016-05-19,-1,1,SCORED
80287,80286,2016-05-19,2016,2016-05-19,1,1,SCORED
80691,80690,2016-05-23,2016,2016-05-23,1,1,SCORED
80866,80865,2016-05-24,2016,2016-05-24,1,1,SCORED
81235,81234,2016-05-25,2016,2016-05-25,1,1,SCORED
81330,81329,2016-05-26,2016,2016-05-26,-1,1,SCORED
81505,81504,2016-05-26,2016,2016-05-26,-1,1,SCORED
81522,81521,2016-05-27,2016,2016-05-27,-1,1,SCORED
81561,81560,2016-05-27,2016,2016-05-27,-1,1,SCORED
81605,81604,2016-05-27,2016,2016-05-27,-1,1,SCORED
81667,81666,2016-05-27,2016,2016-05-27,1,1,SCORED
81869,81868,2016-05-30,2016,2016-05-30,-1,1,SCORED
82108,82107,2016-05-31,2016,2016-05-31,1,1,SCORED
82257,82256,2016-06-01,2016,2016-06-01,1,1,SCORED
82289,82288,2016-06-01,2016,2016-06-01,1,1,SCORED
82409,82408,2016-06-01,2016,2016-06-01,1,1,SCORED
82612,82611,2016-06-02,2016,2016-06-02,1,1,SCORED
82699,82698,2016-06-02,2016,2016-06-02,1,1,SCORED
82759,82758,2016-06-03,2016,2016-06-03,1,1,SCORED
82944,82943,2016-06-03,2016,2016-06-03,1,1,SCORED
83132,83131,2016-06-06,2016,2016-06-06,1,1,SCORED
83796,83795,2016-06-13,2016,2016-06-13,-1,1,SCORED
83889,83888,2016-06-13,2016,2016-06-13,-1,1,SCORED
83905,83904,2016-06-13,2016,2016-06-13,-1,1,SCORED
83930,83929,2016-06-14,2016,2016-06-14,-1,1,SCORED
83964,83963,2016-06-14,2016,2016-06-14,-1,1,SCORED
84085,84084,2016-06-14,2016,2016-06-14,-1,1,SCORED
84398,84397,2016-06-15,2016,2016-06-15,1,1,SCORED
84474,84473,2016-06-16,2016,2016-06-16,1,1,SCORED
84588,84587,2016-06-16,2016,2016-06-16,1,1,SCORED
84740,84739,2016-06-17,2016,2016-06-17,1,1,SCORED
85290,85289,2016-06-21,2016,2016-06-21,1,1,SCORED
85371,85370,2016-06-22,2016,2016-06-22,-1,1,SCORED
85641,85640,2016-06-23,2016,2016-06-23,1,1,SCORED
85728,85727,2016-06-23,2016,2016-06-23,1,1,SCORED
85996,85995,2016-06-24,2016,2016-06-24,-1,1,SCORED
86054,86053,2016-06-24,2016,2016-06-24,1,1,SCORED
86373,86372,2016-06-28,2016,2016-06-28,1,1,SCORED
86509,86508,2016-06-28,2016,2016-06-28,1,1,SCORED
86591,86590,2016-06-29,2016,2016-06-29,1,1,SCORED
87638,87637,2016-07-05,2016,2016-07-05,1,1,SCORED
87758,87757,2016-07-05,2016,2016-07-05,1,1,SCORED
87976,87975,2016-07-06,2016,2016-07-06,1,1,SCORED
88061,88060,2016-07-07,2016,2016-07-07,1,1,SCORED
88273,88272,2016-07-08,2016,2016-07-08,1,1,SCORED
88482,88481,2016-07-11,2016,2016-07-11,1,1,SCORED
88976,88975,2016-07-13,2016,2016-07-13,-1,1,SCORED
89190,89189,2016-07-13,2016,2016-07-13,1,1,SCORED
89413,89412,2016-07-14,2016,2016-07-14,1,1,SCORED
89560,89559,2016-07-15,2016,2016-07-15,1,1,SCORED
89617,89616,2016-07-15,2016,2016-07-15,1,1,SCORED
89887,89886,2016-07-18,2016,2016-07-18,-1,1,SCORED
90711,90710,2016-07-22,2016,2016-07-22,1,1,SCORED
90797,90796,2016-07-22,2016,2016-07-22,1,1,SCORED
91025,91024,2016-07-25,2016,2016-07-25,-1,1,SCORED
91514,91513,2016-07-27,2016,2016-07-27,-1,1,SCORED
91765,91764,2016-07-28,2016,2016-07-28,-1,1,SCORED
92122,92121,2016-08-01,2016,2016-08-01,-1,1,SCORED
92158,92157,2016-08-01,2016,2016-08-01,-1,1,SCORED
93256,93255,2016-08-05,2016,2016-08-05,1,1,SCORED
93745,93744,2016-08-09,2016,2016-08-09,1,1,SCORED
93818,93817,2016-08-10,2016,2016-08-10,1,1,SCORED
93976,93975,2016-08-10,2016,2016-08-10,1,1,SCORED
95449,95448,2016-08-19,2016,2016-08-19,1,1,SCORED
95826,95825,2016-08-22,2016,2016-08-22,1,1,SCORED
96091,96090,2016-08-23,2016,2016-08-23,-1,1,SCORED
96237,96236,2016-08-24,2016,2016-08-24,-1,1,SCORED
96470,96469,2016-08-25,2016,2016-08-25,-1,1,SCORED
96919,96918,2016-08-29,2016,2016-08-29,1,1,SCORED
97432,97431,2016-08-31,2016,2016-08-31,1,1,SCORED
97551,97550,2016-08-31,2016,2016-08-31,-1,1,SCORED
97866,97865,2016-09-02,2016,2016-09-02,-1,1,SCORED
98196,98195,2016-09-05,2016,2016-09-05,-1,1,SCORED
98820,98819,2016-09-08,2016,2016-09-08,1,1,SCORED
99343,99342,2016-09-12,2016,2016-09-12,-1,1,SCORED
99452,99451,2016-09-12,2016,2016-09-12,-1,1,SCORED
99497,99496,2016-09-12,2016,2016-09-12,-1,1,SCORED
99531,99530,2016-09-13,2016,2016-09-13,-1,1,SCORED
99877,99876,2016-09-14,2016,2016-09-14,-1,1,SCORED
100362,100361,2016-09-20,2016,2016-09-20,1,1,SCORED
101280,101279,2016-09-26,2016,2016-09-26,1,1,SCORED
101780,101779,2016-09-28,2016,2016-09-28,-1,1,SCORED
103518,103517,2016-10-14,2016,2016-10-14,1,1,SCORED
104322,104321,2016-10-20,2016,2016-10-20,1,1,SCORED
104821,104820,2016-10-24,2016,2016-10-24,-1,1,SCORED
105419,105418,2016-10-26,2016,2016-10-26,1,1,SCORED
106082,106081,2016-10-31,2016,2016-10-31,1,1,SCORED
106572,106571,2016-11-02,2016,2016-11-02,-1,1,SCORED
106968,106967,2016-11-04,2016,2016-11-04,1,1,SCORED
107902,107901,2016-11-09,2016,2016-11-09,-1,1,SCORED
108619,108618,2016-11-14,2016,2016-11-14,1,1,SCORED
108827,108826,2016-11-15,2016,2016-11-15,1,1,SCORED
109272,109271,2016-11-17,2016,2016-11-17,1,1,SCORED
110234,110233,2016-11-23,2016,2016-11-23,1,1,SCORED
110823,110822,2016-11-28,2016,2016-11-28,-1,1,SCORED
112103,112102,2016-12-05,2016,2016-12-05,-1,1,SCORED
113489,113488,2016-12-13,2016,2016-12-13,-1,1,SCORED
113768,113767,2016-12-14,2016,2016-12-14,1,1,SCORED
113924,113923,2016-12-15,2016,2016-12-15,1,1,SCORED
114134,114133,2016-12-15,2016,2016-12-15,1,1,SCORED
114340,114339,2016-12-16,2016,2016-12-16,1,1,SCORED
114424,114423,2016-12-19,2016,2016-12-19,1,1,SCORED
115117,115116,2016-12-21,2016,2016-12-21,1,1,SCORED
115281,115280,2016-12-22,2016,2016-12-22,1,1,SCORED
115579,115578,2016-12-23,2016,2016-12-23,1,1,SCORED
115696,115695,2016-12-26,2016,2016-12-26,1,1,SCORED
115890,115889,2016-12-27,2016,2016-12-27,-1,1,SCORED
117833,117832,2017-01-09,2017,2017-01-09,1,1,SCORED
118726,118725,2017-01-13,2017,2017-01-13,-1,1,SCORED
118859,118858,2017-01-13,2017,2017-01-13,-1,1,SCORED
119018,119017,2017-01-16,2017,2017-01-16,-1,1,SCORED
119144,119143,2017-01-16,2017,2017-01-16,-1,1,SCORED
119202,119201,2017-01-17,2017,2017-01-17,-1,1,SCORED
120559,120558,2017-01-24,2017,2017-01-24,1,1,SCORED
121268,121267,2017-02-03,2017,2017-02-03,1,1,SCORED
121785,121784,2017-02-07,2017,2017-02-07,1,1,SCORED
122467,122466,2017-02-10,2017,2017-02-10,1,1,SCORED
123013,123012,2017-02-14,2017,2017-02-14,1,1,SCORED
123157,123156,2017-02-15,2017,2017-02-15,1,1,SCORED
125219,125218,2017-02-28,2017,2017-02-28,1,1,SCORED
125800,125799,2017-03-02,2017,2017-03-02,1,1,SCORED
127022,127021,2017-03-09,2017,2017-03-09,1,1,SCORED
128613,128612,2017-03-20,2017,2017-03-20,1,1,SCORED
129551,129550,2017-03-24,2017,2017-03-24,-1,1,SCORED
130438,130437,2017-03-29,2017,2017-03-29,-1,1,SCORED
130670,130669,2017-03-30,2017,2017-03-30,-1,1,SCORED
131929,131928,2017-04-11,2017,2017-04-11,1,1,SCORED
132960,132959,2017-04-17,2017,2017-04-17,-1,1,SCORED
133096,133095,2017-04-17,2017,2017-04-17,-1,1,SCORED
133165,133164,2017-04-18,2017,2017-04-18,-1,1,SCORED
133459,133458,2017-04-19,2017,2017-04-19,-1,1,SCORED
133511,133510,2017-04-19,2017,2017-04-19,-1,1,SCORED
133646,133645,2017-04-20,2017,2017-04-20,-1,1,SCORED
133912,133911,2017-04-21,2017,2017-04-21,-1,1,SCORED
134167,134166,2017-04-24,2017,2017-04-24,-1,1,SCORED
134303,134302,2017-04-24,2017,2017-04-24,-1,1,SCORED
134335,134334,2017-04-25,2017,2017-04-25,-1,1,SCORED
134476,134475,2017-04-25,2017,2017-04-25,-1,1,SCORED
134862,134861,2017-04-27,2017,2017-04-27,-1,1,SCORED
135736,135735,2017-05-03,2017,2017-05-03,1,1,SCORED
136043,136042,2017-05-05,2017,2017-05-05,1,1,SCORED
136309,136308,2017-05-08,2017,2017-05-08,-1,1,SCORED
136445,136444,2017-05-08,2017,2017-05-08,-1,1,SCORED
136493,136492,2017-05-09,2017,2017-05-09,-1,1,SCORED
136544,136543,2017-05-09,2017,2017-05-09,-1,1,SCORED
136630,136629,2017-05-09,2017,2017-05-09,-1,1,SCORED
137003,137002,2017-05-11,2017,2017-05-11,-1,1,SCORED
137070,137069,2017-05-11,2017,2017-05-11,-1,1,SCORED
137202,137201,2017-05-12,2017,2017-05-12,-1,1,SCORED
137608,137607,2017-05-15,2017,2017-05-15,1,1,SCORED
137737,137736,2017-05-16,2017,2017-05-16,1,1,SCORED
138165,138164,2017-05-18,2017,2017-05-18,1,1,SCORED
138936,138935,2017-05-23,2017,2017-05-23,-1,1,SCORED
139047,139046,2017-05-23,2017,2017-05-23,-1,1,SCORED
139200,139199,2017-05-24,2017,2017-05-24,-1,1,SCORED
140366,140365,2017-06-02,2017,2017-06-02,-1,1,SCORED
141619,141618,2017-06-09,2017,2017-06-09,1,1,SCORED
143481,143480,2017-06-21,2017,2017-06-21,1,1,SCORED
144795,144794,2017-06-28,2017,2017-06-28,-1,1,SCORED
145850,145849,2017-07-05,2017,2017-07-05,1,1,SCORED
146229,146228,2017-07-06,2017,2017-07-06,1,1,SCORED
146701,146700,2017-07-10,2017,2017-07-10,1,1,SCORED
146975,146974,2017-07-11,2017,2017-07-11,1,1,SCORED
147225,147224,2017-07-12,2017,2017-07-12,-1,1,SCORED
147809,147808,2017-07-17,2017,2017-07-17,-1,1,SCORED
148027,148026,2017-07-18,2017,2017-07-18,-1,1,SCORED
148119,148118,2017-07-18,2017,2017-07-18,-1,1,SCORED
149322,149321,2017-07-25,2017,2017-07-25,1,1,SCORED
150061,150060,2017-07-28,2017,2017-07-28,1,1,SCORED
150223,150222,2017-07-31,2017,2017-07-31,1,1,SCORED
150485,150484,2017-08-01,2017,2017-08-01,1,1,SCORED
151841,151840,2017-08-08,2017,2017-08-09,1,1,SCORED
151992,151991,2017-08-09,2017,2017-08-09,1,1,SCORED
152216,152215,2017-08-10,2017,2017-08-10,1,1,SCORED
152398,152397,2017-08-11,2017,2017-08-11,-1,1,SCORED
152522,152521,2017-08-11,2017,2017-08-11,-1,1,SCORED
153538,153537,2017-08-18,2017,2017-08-18,1,1,SCORED
154112,154111,2017-08-22,2017,2017-08-22,1,1,SCORED
155168,155167,2017-08-28,2017,2017-08-28,-1,1,SCORED
157137,157136,2017-09-08,2017,2017-09-08,1,1,SCORED
157983,157982,2017-09-13,2017,2017-09-13,1,1,SCORED
159724,159723,2017-09-22,2017,2017-09-22,-1,1,SCORED
160168,160167,2017-09-26,2017,2017-09-26,-1,1,SCORED
160693,160692,2017-09-28,2017,2017-09-28,-1,1,SCORED
161895,161894,2017-10-12,2017,2017-10-12,1,1,SCORED
163077,163076,2017-10-19,2017,2017-10-19,-1,1,SCORED
164710,164709,2017-10-30,2017,2017-10-30,-1,1,SCORED
165787,165786,2017-11-06,2017,2017-11-06,-1,1,SCORED
166983,166982,2017-11-13,2017,2017-11-13,-1,1,SCORED
167229,167228,2017-11-14,2017,2017-11-14,-1,1,SCORED
167417,167416,2017-11-14,2017,2017-11-14,1,1,SCORED
168260,168259,2017-11-20,2017,2017-11-20,-1,1,SCORED
169526,169525,2017-11-27,2017,2017-11-27,-1,1,SCORED
169650,169649,2017-11-28,2017,2017-11-28,-1,1,SCORED
169958,169957,2017-11-29,2017,2017-11-29,1,1,SCORED
170110,170109,2017-11-30,2017,2017-11-30,1,1,SCORED
170337,170336,2017-12-01,2017,2017-12-01,1,1,SCORED
170606,170605,2017-12-04,2017,2017-12-04,1,1,SCORED
171083,171082,2017-12-06,2017,2017-12-06,-1,1,SCORED
172296,172295,2017-12-13,2017,2017-12-13,1,1,SCORED
173922,173921,2017-12-22,2017,2017-12-22,-1,1,SCORED
174448,174447,2017-12-26,2017,2017-12-26,-1,1,SCORED
174824,174823,2017-12-27,2017,2017-12-27,-1,1,SCORED
176400,176399,2018-01-08,2018,2018-01-08,1,1,SCORED
177932,177931,2018-01-16,2018,2018-01-16,-1,1,SCORED
178058,178057,2018-01-17,2018,2018-01-17,-1,1,SCORED
178357,178356,2018-01-18,2018,2018-01-18,-1,1,SCORED
179733,179732,2018-01-26,2018,2018-01-26,1,1,SCORED
180068,180067,2018-01-29,2018,2018-01-29,1,1,SCORED
180539,180538,2018-01-31,2018,2018-01-31,-1,1,SCORED
180660,180659,2018-02-01,2018,2018-02-01,-1,1,SCORED
180817,180816,2018-02-01,2018,2018-02-01,-1,1,SCORED
180985,180984,2018-02-02,2018,2018-02-02,-1,1,SCORED
181518,181517,2018-02-06,2018,2018-02-06,-1,1,SCORED
181604,181603,2018-02-07,2018,2018-02-07,-1,1,SCORED
181713,181712,2018-02-07,2018,2018-02-07,-1,1,SCORED
182221,182220,2018-02-09,2018,2018-02-09,-1,1,SCORED
182865,182864,2018-02-14,2018,2018-02-14,1,1,SCORED
183456,183455,2018-02-23,2018,2018-02-23,1,1,SCORED
183576,183575,2018-02-26,2018,2018-02-26,1,1,SCORED
183951,183950,2018-02-27,2018,2018-02-27,1,1,SCORED
184184,184183,2018-02-28,2018,2018-02-28,1,1,SCORED
184450,184449,2018-03-01,2018,2018-03-01,1,1,SCORED
184487,184486,2018-03-02,2018,2018-03-02,1,1,SCORED
184531,184530,2018-03-02,2018,2018-03-02,1,1,SCORED
184639,184638,2018-03-02,2018,2018-03-02,1,1,SCORED
185452,185451,2018-03-08,2018,2018-03-08,1,1,SCORED
186088,186087,2018-03-12,2018,2018-03-12,1,1,SCORED
186212,186211,2018-03-13,2018,2018-03-13,1,1,SCORED
186413,186412,2018-03-14,2018,2018-03-14,1,1,SCORED
187698,187697,2018-03-21,2018,2018-03-21,-1,1,SCORED
187788,187787,2018-03-21,2018,2018-03-21,-1,1,SCORED
187847,187846,2018-03-22,2018,2018-03-22,1,1,SCORED
187932,187931,2018-03-22,2018,2018-03-22,1,1,SCORED
188035,188034,2018-03-22,2018,2018-03-22,-1,1,SCORED
188147,188146,2018-03-23,2018,2018-03-23,-1,1,SCORED
188242,188241,2018-03-23,2018,2018-03-23,-1,1,SCORED
188461,188460,2018-03-26,2018,2018-03-26,1,1,SCORED
188778,188777,2018-03-27,2018,2018-03-27,1,1,SCORED
189572,189571,2018-04-02,2018,2018-04-02,1,1,SCORED
189766,189765,2018-04-03,2018,2018-04-03,1,1,SCORED
190412,190411,2018-04-09,2018,2018-04-09,-1,1,SCORED
191694,191693,2018-04-17,2018,2018-04-17,-1,1,SCORED
191858,191857,2018-04-17,2018,2018-04-17,-1,1,SCORED
191925,191924,2018-04-18,2018,2018-04-18,-1,1,SCORED
191976,191975,2018-04-18,2018,2018-04-18,-1,1,SCORED
192439,192438,2018-04-20,2018,2018-04-20,1,1,SCORED
192893,192892,2018-04-24,2018,2018-04-24,-1,1,SCORED
193472,193471,2018-04-26,2018,2018-04-26,1,1,SCORED
194322,194321,2018-05-04,2018,2018-05-04,-1,1,SCORED
194413,194412,2018-05-04,2018,2018-05-04,-1,1,SCORED
194518,194517,2018-05-04,2018,2018-05-04,-1,1,SCORED
195681,195680,2018-05-11,2018,2018-05-11,1,1,SCORED
197772,197771,2018-05-24,2018,2018-05-24,1,1,SCORED
198024,198023,2018-05-25,2018,2018-05-25,1,1,SCORED
198337,198336,2018-05-28,2018,2018-05-28,-1,1,SCORED
198617,198616,2018-05-29,2018,2018-05-29,-1,1,SCORED
198686,198685,2018-05-30,2018,2018-05-30,-1,1,SCORED
198839,198838,2018-05-30,2018,2018-05-30,-1,1,SCORED
198908,198907,2018-05-31,2018,2018-05-31,-1,1,SCORED
199323,199322,2018-06-01,2018,2018-06-01,1,1,SCORED
199351,199350,2018-06-01,2018,2018-06-01,1,1,SCORED
199368,199367,2018-06-04,2018,2018-06-04,-1,1,SCORED
199583,199582,2018-06-04,2018,2018-06-04,-1,1,SCORED
200258,200257,2018-06-07,2018,2018-06-07,1,1,SCORED
200562,200561,2018-06-11,2018,2018-06-11,-1,1,SCORED
200816,200815,2018-06-12,2018,2018-06-12,-1,1,SCORED
201042,201041,2018-06-13,2018,2018-06-13,-1,1,SCORED
201337,201336,2018-06-14,2018,2018-06-14,-1,1,SCORED
201534,201533,2018-06-15,2018,2018-06-15,-1,1,SCORED
201580,201579,2018-06-15,2018,2018-06-15,-1,1,SCORED
201621,201620,2018-06-15,2018,2018-06-15,-1,1,SCORED
201704,201703,2018-06-15,2018,2018-06-15,-1,1,SCORED
201784,201783,2018-06-19,2018,2018-06-19,-1,1,SCORED
201879,201878,2018-06-19,2018,2018-06-19,-1,1,SCORED
202002,202001,2018-06-20,2018,2018-06-20,-1,1,SCORED
202114,202113,2018-06-20,2018,2018-06-20,1,1,SCORED
202377,202376,2018-06-21,2018,2018-06-21,1,1,SCORED
202537,202536,2018-06-22,2018,2018-06-22,-1,1,SCORED
204151,204150,2018-07-02,2018,2018-07-02,1,1,SCORED
204696,204695,2018-07-05,2018,2018-07-05,1,1,SCORED
204724,204723,2018-07-05,2018,2018-07-05,-1,1,SCORED
204793,204792,2018-07-05,2018,2018-07-05,-1,1,SCORED
204824,204823,2018-07-05,2018,2018-07-05,-1,1,SCORED
204848,204847,2018-07-05,2018,2018-07-05,-1,1,SCORED
204903,204902,2018-07-06,2018,2018-07-06,-1,1,SCORED
204939,204938,2018-07-06,2018,2018-07-06,-1,1,SCORED
205021,205020,2018-07-06,2018,2018-07-06,-1,1,SCORED
205122,205121,2018-07-09,2018,2018-07-09,1,1,SCORED
205483,205482,2018-07-10,2018,2018-07-10,1,1,SCORED
205679,205678,2018-07-11,2018,2018-07-11,-1,1,SCORED
206641,206640,2018-07-17,2018,2018-07-17,1,1,SCORED
206854,206853,2018-07-18,2018,2018-07-18,1,1,SCORED
207052,207051,2018-07-19,2018,2018-07-19,1,1,SCORED
207111,207110,2018-07-19,2018,2018-07-19,1,1,SCORED
207375,207374,2018-07-20,2018,2018-07-20,-1,1,SCORED
208100,208099,2018-07-25,2018,2018-07-25,1,1,SCORED
209503,209502,2018-08-02,2018,2018-08-02,-1,1,SCORED
209547,209546,2018-08-02,2018,2018-08-02,-1,1,SCORED
209599,209598,2018-08-02,2018,2018-08-02,-1,1,SCORED
209970,209969,2018-08-06,2018,2018-08-06,-1,1,SCORED
210083,210082,2018-08-06,2018,2018-08-06,-1,1,SCORED
210178,210177,2018-08-07,2018,2018-08-07,-1,1,SCORED
210604,210603,2018-08-08,2018,2018-08-08,1,1,SCORED
210888,210887,2018-08-10,2018,2018-08-10,1,1,SCORED
211057,211056,2018-08-10,2018,2018-08-10,1,1,SCORED
211415,211414,2018-08-14,2018,2018-08-14,1,1,SCORED
211535,211534,2018-08-14,2018,2018-08-14,1,1,SCORED
211890,211889,2018-08-16,2018,2018-08-16,-1,1,SCORED
212277,212276,2018-08-17,2018,2018-08-17,-1,1,SCORED
212339,212338,2018-08-20,2018,2018-08-20,-1,1,SCORED
212465,212464,2018-08-20,2018,2018-08-20,-1,1,SCORED
212836,212835,2018-08-22,2018,2018-08-22,1,1,SCORED
213874,213873,2018-08-28,2018,2018-08-28,1,1,SCORED
214647,214646,2018-08-31,2018,2018-08-31,-1,1,SCORED
214831,214830,2018-09-03,2018,2018-09-03,-1,1,SCORED
214993,214992,2018-09-04,2018,2018-09-04,-1,1,SCORED
215216,215215,2018-09-05,2018,2018-09-05,1,1,SCORED
215460,215459,2018-09-06,2018,2018-09-06,-1,1,SCORED
215667,215666,2018-09-06,2018,2018-09-06,-1,1,SCORED
215748,215747,2018-09-07,2018,2018-09-07,-1,1,SCORED
215807,215806,2018-09-07,2018,2018-09-07,1,1,SCORED
215925,215924,2018-09-10,2018,2018-09-10,-1,1,SCORED
215962,215961,2018-09-10,2018,2018-09-10,-1,1,SCORED
216036,216035,2018-09-10,2018,2018-09-10,-1,1,SCORED
216187,216186,2018-09-11,2018,2018-09-11,-1,1,SCORED
216295,216294,2018-09-11,2018,2018-09-11,-1,1,SCORED
217151,217150,2018-09-17,2018,2018-09-17,-1,1,SCORED
217204,217203,2018-09-17,2018,2018-09-17,-1,1,SCORED
217353,217352,2018-09-17,2018,2018-09-17,-1,1,SCORED
217860,217859,2018-09-20,2018,2018-09-20,1,1,SCORED
218331,218330,2018-09-25,2018,2018-09-25,1,1,SCORED
218868,218867,2018-09-27,2018,2018-09-27,1,1,SCORED
219003,219002,2018-09-27,2018,2018-09-27,1,1,SCORED
219310,219309,2018-10-08,2018,2018-10-08,-1,1,SCORED
219536,219535,2018-10-09,2018,2018-10-09,-1,1,SCORED
219680,219679,2018-10-09,2018,2018-10-09,-1,1,SCORED
219771,219770,2018-10-10,2018,2018-10-10,-1,1,SCORED
219809,219808,2018-10-10,2018,2018-10-10,-1,1,SCORED
219858,219857,2018-10-10,2018,2018-10-10,1,1,SCORED
220030,220029,2018-10-11,2018,2018-10-11,-1,1,SCORED
220066,220065,2018-10-11,2018,2018-10-11,-1,1,SCORED
220177,220176,2018-10-11,2018,2018-10-11,-1,1,SCORED
220259,220258,2018-10-12,2018,2018-10-12,-1,1,SCORED
220300,220299,2018-10-12,2018,2018-10-12,-1,1,SCORED
220398,220397,2018-10-12,2018,2018-10-12,-1,1,SCORED
220482,220481,2018-10-15,2018,2018-10-15,1,1,SCORED
220509,220508,2018-10-15,2018,2018-10-15,1,1,SCORED
220633,220632,2018-10-15,2018,2018-10-15,1,1,SCORED
220768,220767,2018-10-16,2018,2018-10-16,-1,1,SCORED
220839,220838,2018-10-16,2018,2018-10-16,-1,1,SCORED
220878,220877,2018-10-16,2018,2018-10-16,-1,1,SCORED
220933,220932,2018-10-16,2018,2018-10-16,-1,1,SCORED
220964,220963,2018-10-17,2018,2018-10-17,-1,1,SCORED
221138,221137,2018-10-17,2018,2018-10-17,-1,1,SCORED
221243,221242,2018-10-18,2018,2018-10-18,-1,1,SCORED
221457,221456,2018-10-19,2018,2018-10-19,-1,1,SCORED
221660,221659,2018-10-19,2018,2018-10-19,1,1,SCORED
221749,221748,2018-10-22,2018,2018-10-22,1,1,SCORED
221918,221917,2018-10-22,2018,2018-10-22,1,1,SCORED
223123,223122,2018-10-30,2018,2018-10-30,-1,1,SCORED
223234,223233,2018-10-30,2018,2018-10-30,-1,1,SCORED
223292,223291,2018-10-30,2018,2018-10-30,-1,1,SCORED
223704,223703,2018-11-01,2018,2018-11-01,1,1,SCORED
223857,223856,2018-11-02,2018,2018-11-02,1,1,SCORED
223962,223961,2018-11-02,2018,2018-11-02,1,1,SCORED
224232,224231,2018-11-05,2018,2018-11-05,1,1,SCORED
224642,224641,2018-11-07,2018,2018-11-07,1,1,SCORED
224747,224746,2018-11-07,2018,2018-11-07,1,1,SCORED
224812,224811,2018-11-08,2018,2018-11-08,-1,1,SCORED
224876,224875,2018-11-08,2018,2018-11-08,-1,1,SCORED
224940,224939,2018-11-08,2018,2018-11-08,-1,1,SCORED
225137,225136,2018-11-09,2018,2018-11-09,-1,1,SCORED
225524,225523,2018-11-13,2018,2018-11-13,1,1,SCORED
225629,225628,2018-11-13,2018,2018-11-13,1,1,SCORED
225765,225764,2018-11-14,2018,2018-11-14,1,1,SCORED
225977,225976,2018-11-14,2018,2018-11-14,1,1,SCORED
226272,226271,2018-11-16,2018,2018-11-16,1,1,SCORED
226408,226407,2018-11-16,2018,2018-11-16,1,1,SCORED
226484,226483,2018-11-19,2018,2018-11-19,1,1,SCORED
226992,226991,2018-11-21,2018,2018-11-21,-1,1,SCORED
227515,227514,2018-11-23,2018,2018-11-23,-1,1,SCORED
227660,227659,2018-11-23,2018,2018-11-23,-1,1,SCORED
227721,227720,2018-11-26,2018,2018-11-26,-1,1,SCORED
227829,227828,2018-11-26,2018,2018-11-26,-1,1,SCORED
228041,228040,2018-11-27,2018,2018-11-27,1,1,SCORED
228219,228218,2018-11-28,2018,2018-11-28,-1,1,SCORED
228499,228498,2018-11-29,2018,2018-11-29,1,1,SCORED
228662,228661,2018-11-30,2018,2018-11-30,1,1,SCORED
228758,228757,2018-11-30,2018,2018-11-30,-1,1,SCORED
228905,228904,2018-12-03,2018,2018-12-03,1,1,SCORED
229128,229127,2018-12-04,2018,2018-12-04,1,1,SCORED
229186,229185,2018-12-04,2018,2018-12-04,1,1,SCORED
229310,229309,2018-12-04,2018,2018-12-04,1,1,SCORED
229490,229489,2018-12-05,2018,2018-12-05,-1,1,SCORED
229833,229832,2018-12-06,2018,2018-12-06,-1,1,SCORED
229903,229902,2018-12-07,2018,2018-12-07,-1,1,SCORED
230008,230007,2018-12-07,2018,2018-12-07,-1,1,SCORED
230091,230090,2018-12-10,2018,2018-12-10,-1,1,SCORED
230122,230121,2018-12-10,2018,2018-12-10,-1,1,SCORED
230186,230185,2018-12-10,2018,2018-12-10,-1,1,SCORED
230303,230302,2018-12-10,2018,2018-12-10,-1,1,SCORED
231392,231391,2018-12-17,2018,2018-12-17,-1,1,SCORED
231763,231762,2018-12-19,2018,2018-12-19,-1,1,SCORED
231907,231906,2018-12-19,2018,2018-12-19,-1,1,SCORED
232010,232009,2018-12-20,2018,2018-12-20,-1,1,SCORED
232069,232068,2018-12-20,2018,2018-12-20,-1,1,SCORED
232242,232241,2018-12-21,2018,2018-12-21,-1,1,SCORED
232548,232547,2018-12-24,2018,2018-12-24,-1,1,SCORED
232645,232644,2018-12-24,2018,2018-12-24,-1,1,SCORED
232966,232965,2018-12-26,2018,2018-12-26,-1,1,SCORED
233514,233513,2018-12-28,2018,2018-12-28,-1,1,SCORED
233961,233960,2019-01-03,2019,2019-01-03,-1,1,SCORED
234115,234114,2019-01-03,2019,2019-01-03,-1,1,SCORED
234193,234192,2019-01-04,2019,2019-01-04,-1,1,SCORED
235131,235130,2019-01-10,2019,2019-01-10,1,1,SCORED
236254,236253,2019-01-16,2019,2019-01-16,1,1,SCORED
237488,237487,2019-01-23,2019,2019-01-23,1,1,SCORED
237575,237574,2019-01-24,2019,2019-01-24,1,1,SCORED
237779,237778,2019-01-25,2019,2019-01-25,1,1,SCORED
238002,238001,2019-01-28,2019,2019-01-28,1,1,SCORED
238296,238295,2019-01-29,2019,2019-01-29,-1,1,SCORED
238421,238420,2019-01-29,2019,2019-01-29,-1,1,SCORED
238743,238742,2019-01-31,2019,2019-01-31,-1,1,SCORED
238825,238824,2019-01-31,2019,2019-01-31,-1,1,SCORED
239669,239668,2019-02-12,2019,2019-02-12,1,1,SCORED
239796,239795,2019-02-13,2019,2019-02-13,1,1,SCORED
239931,239930,2019-02-14,2019,2019-02-14,1,1,SCORED
239971,239970,2019-02-14,2019,2019-02-14,1,1,SCORED
240067,240066,2019-02-14,2019,2019-02-14,1,1,SCORED
240168,240167,2019-02-15,2019,2019-02-15,1,1,SCORED
240702,240701,2019-02-19,2019,2019-02-19,1,1,SCORED
241331,241330,2019-02-21,2019,2019-02-21,1,1,SCORED
241611,241610,2019-02-25,2019,2019-02-25,1,1,SCORED
241635,241634,2019-02-25,2019,2019-02-25,1,1,SCORED
241692,241691,2019-02-25,2019,2019-02-25,1,1,SCORED
241784,241783,2019-02-25,2019,2019-02-25,1,1,SCORED
241848,241847,2019-02-26,2019,2019-02-26,1,1,SCORED
241864,241863,2019-02-26,2019,2019-02-26,1,1,SCORED
241923,241922,2019-02-26,2019,2019-02-26,1,1,SCORED
242061,242060,2019-02-26,2019,2019-02-26,1,1,SCORED
242330,242329,2019-02-28,2019,2019-02-28,-1,1,SCORED
242822,242821,2019-03-04,2019,2019-03-04,1,1,SCORED
242876,242875,2019-03-04,2019,2019-03-04,1,1,SCORED
242969,242968,2019-03-04,2019,2019-03-04,1,1,SCORED
243162,243161,2019-03-05,2019,2019-03-05,1,1,SCORED
243223,243222,2019-03-05,2019,2019-03-05,1,1,SCORED
243318,243317,2019-03-06,2019,2019-03-06,1,1,SCORED
243423,243422,2019-03-06,2019,2019-03-06,1,1,SCORED
243477,243476,2019-03-06,2019,2019-03-06,1,1,SCORED
243526,243525,2019-03-07,2019,2019-03-07,1,1,SCORED
243599,243598,2019-03-07,2019,2019-03-07,1,1,SCORED
243815,243814,2019-03-08,2019,2019-03-08,-1,1,SCORED
243994,243993,2019-03-08,2019,2019-03-08,-1,1,SCORED
244015,244014,2019-03-11,2019,2019-03-11,1,1,SCORED
244201,244200,2019-03-11,2019,2019-03-11,1,1,SCORED
244276,244275,2019-03-12,2019,2019-03-12,1,1,SCORED
244305,244304,2019-03-12,2019,2019-03-12,1,1,SCORED
244430,244429,2019-03-12,2019,2019-03-12,1,1,SCORED
244777,244776,2019-03-14,2019,2019-03-14,-1,1,SCORED
244805,244804,2019-03-14,2019,2019-03-14,-1,1,SCORED
244989,244988,2019-03-15,2019,2019-03-15,1,1,SCORED
245030,245029,2019-03-15,2019,2019-03-15,1,1,SCORED
245156,245155,2019-03-15,2019,2019-03-15,-1,1,SCORED
245314,245313,2019-03-18,2019,2019-03-18,1,1,SCORED
245456,245455,2019-03-19,2019,2019-03-19,1,1,SCORED
245475,245474,2019-03-19,2019,2019-03-19,1,1,SCORED
245530,245529,2019-03-19,2019,2019-03-19,1,1,SCORED
245956,245955,2019-03-21,2019,2019-03-21,1,1,SCORED
246033,246032,2019-03-21,2019,2019-03-21,1,1,SCORED
246109,246108,2019-03-21,2019,2019-03-21,1,1,SCORED
246220,246219,2019-03-22,2019,2019-03-22,-1,1,SCORED
246338,246337,2019-03-22,2019,2019-03-22,-1,1,SCORED
246529,246528,2019-03-25,2019,2019-03-25,1,1,SCORED
246646,246645,2019-03-26,2019,2019-03-26,-1,1,SCORED
246698,246697,2019-03-26,2019,2019-03-26,-1,1,SCORED
246809,246808,2019-03-26,2019,2019-03-26,-1,1,SCORED
246839,246838,2019-03-26,2019,2019-03-26,-1,1,SCORED
246870,246869,2019-03-26,2019,2019-03-26,-1,1,SCORED
246884,246883,2019-03-27,2019,2019-03-27,-1,1,SCORED
246948,246947,2019-03-27,2019,2019-03-27,-1,1,SCORED
247199,247198,2019-03-28,2019,2019-03-28,1,1,SCORED
247277,247276,2019-03-28,2019,2019-03-28,1,1,SCORED
247315,247314,2019-03-28,2019,2019-03-28,1,1,SCORED
247857,247856,2019-04-02,2019,2019-04-02,1,1,SCORED
247899,247898,2019-04-02,2019,2019-04-02,1,1,SCORED
248035,248034,2019-04-02,2019,2019-04-02,1,1,SCORED
248076,248075,2019-04-02,2019,2019-04-02,1,1,SCORED
248116,248115,2019-04-03,2019,2019-04-03,-1,1,SCORED
248362,248361,2019-04-04,2019,2019-04-04,1,1,SCORED
248538,248537,2019-04-04,2019,2019-04-04,-1,1,SCORED
248582,248581,2019-04-08,2019,2019-04-08,1,1,SCORED
248732,248731,2019-04-08,2019,2019-04-08,-1,1,SCORED
249444,249443,2019-04-11,2019,2019-04-11,-1,1,SCORED
249534,249533,2019-04-12,2019,2019-04-12,-1,1,SCORED
249576,249575,2019-04-12,2019,2019-04-12,-1,1,SCORED
249628,249627,2019-04-12,2019,2019-04-12,-1,1,SCORED
249845,249844,2019-04-15,2019,2019-04-15,1,1,SCORED
250089,250088,2019-04-16,2019,2019-04-16,-1,1,SCORED
250285,250284,2019-04-17,2019,2019-04-17,-1,1,SCORED
250337,250336,2019-04-17,2019,2019-04-17,-1,1,SCORED
250458,250457,2019-04-17,2019,2019-04-17,1,1,SCORED
251097,251096,2019-04-22,2019,2019-04-22,1,1,SCORED
251238,251237,2019-04-23,2019,2019-04-23,-1,1,SCORED
251375,251374,2019-04-23,2019,2019-04-23,-1,1,SCORED
251455,251454,2019-04-24,2019,2019-04-24,-1,1,SCORED
251492,251491,2019-04-24,2019,2019-04-24,-1,1,SCORED
251693,251692,2019-04-25,2019,2019-04-25,1,1,SCORED
251956,251955,2019-04-26,2019,2019-04-26,-1,1,SCORED
252202,252201,2019-04-29,2019,2019-04-29,-1,1,SCORED
252272,252271,2019-04-29,2019,2019-04-29,-1,1,SCORED
252425,252424,2019-04-30,2019,2019-04-30,-1,1,SCORED
252649,252648,2019-05-06,2019,2019-05-06,-1,1,SCORED
252677,252676,2019-05-06,2019,2019-05-06,-1,1,SCORED
252757,252756,2019-05-06,2019,2019-05-06,-1,1,SCORED
252807,252806,2019-05-06,2019,2019-05-06,-1,1,SCORED
252851,252850,2019-05-06,2019,2019-05-06,-1,1,SCORED
253294,253293,2019-05-08,2019,2019-05-08,1,1,SCORED
253746,253745,2019-05-10,2019,2019-05-10,-1,1,SCORED
253848,253847,2019-05-13,2019,2019-05-13,1,1,SCORED
254874,254873,2019-05-17,2019,2019-05-17,1,1,SCORED
255090,255089,2019-05-20,2019,2019-05-20,-1,1,SCORED
256108,256107,2019-05-24,2019,2019-05-24,-1,1,SCORED
256189,256188,2019-05-24,2019,2019-05-24,-1,1,SCORED
256223,256222,2019-05-24,2019,2019-05-24,-1,1,SCORED
256263,256262,2019-05-27,2019,2019-05-27,-1,1,SCORED
256328,256327,2019-05-27,2019,2019-05-27,-1,1,SCORED
256342,256341,2019-05-27,2019,2019-05-27,1,1,SCORED
256561,256560,2019-05-28,2019,2019-05-28,1,1,SCORED
256719,256718,2019-05-28,2019,2019-05-28,1,1,SCORED
257832,257831,2019-06-04,2019,2019-06-04,-1,1,SCORED
257928,257927,2019-06-05,2019,2019-06-05,-1,1,SCORED
258210,258209,2019-06-06,2019,2019-06-06,-1,1,SCORED
258293,258292,2019-06-06,2019,2019-06-06,-1,1,SCORED
258404,258403,2019-06-10,2019,2019-06-10,-1,1,SCORED
258886,258885,2019-06-12,2019,2019-06-12,1,1,SCORED
259038,259037,2019-06-12,2019,2019-06-12,1,1,SCORED
260784,260783,2019-06-21,2019,2019-06-21,1,1,SCORED
260872,260871,2019-06-24,2019,2019-06-24,1,1,SCORED
261282,261281,2019-06-26,2019,2019-06-26,-1,1,SCORED
261415,261414,2019-06-26,2019,2019-06-26,1,1,SCORED
261640,261639,2019-06-27,2019,2019-06-27,1,1,SCORED
262004,262003,2019-07-01,2019,2019-07-01,-1,1,SCORED
262579,262578,2019-07-03,2019,2019-07-03,1,1,SCORED
263340,263339,2019-07-08,2019,2019-07-08,-1,1,SCORED
263694,263693,2019-07-10,2019,2019-07-10,-1,1,SCORED
263797,263796,2019-07-10,2019,2019-07-10,-1,1,SCORED
263976,263975,2019-07-11,2019,2019-07-11,-1,1,SCORED
264118,264117,2019-07-11,2019,2019-07-11,1,1,SCORED
264183,264182,2019-07-12,2019,2019-07-12,1,1,SCORED
264216,264215,2019-07-12,2019,2019-07-12,-1,1,SCORED
265176,265175,2019-07-18,2019,2019-07-18,1,1,SCORED
265661,265660,2019-07-22,2019,2019-07-22,-1,1,SCORED
267004,267003,2019-07-29,2019,2019-07-29,1,1,SCORED
267451,267450,2019-07-31,2019,2019-07-31,1,1,SCORED
267572,267571,2019-08-01,2019,2019-08-01,-1,1,SCORED
267855,267854,2019-08-02,2019,2019-08-02,-1,1,SCORED
268002,268001,2019-08-05,2019,2019-08-05,-1,1,SCORED
268450,268449,2019-08-06,2019,2019-08-06,-1,1,SCORED
270029,270028,2019-08-15,2019,2019-08-15,-1,1,SCORED
270890,270889,2019-08-21,2019,2019-08-21,1,1,SCORED
271379,271378,2019-08-23,2019,2019-08-23,-1,1,SCORED
271427,271426,2019-08-23,2019,2019-08-23,1,1,SCORED
271639,271638,2019-08-26,2019,2019-08-26,-1,1,SCORED
272069,272068,2019-08-27,2019,2019-08-27,1,1,SCORED
273420,273419,2019-09-04,2019,2019-09-04,1,1,SCORED
273762,273761,2019-09-06,2019,2019-09-06,1,1,SCORED
274029,274028,2019-09-09,2019,2019-09-09,1,1,SCORED
274286,274285,2019-09-10,2019,2019-09-10,1,1,SCORED
274362,274361,2019-09-10,2019,2019-09-10,1,1,SCORED
274520,274519,2019-09-11,2019,2019-09-11,1,1,SCORED
275081,275080,2019-09-16,2019,2019-09-16,1,1,SCORED
275198,275197,2019-09-16,2019,2019-09-16,1,1,SCORED
275299,275298,2019-09-17,2019,2019-09-17,1,1,SCORED
275460,275459,2019-09-18,2019,2019-09-18,-1,1,SCORED
275556,275555,2019-09-18,2019,2019-09-18,-1,1,SCORED
275831,275830,2019-09-19,2019,2019-09-19,-1,1,SCORED
276059,276058,2019-09-20,2019,2019-09-20,1,1,SCORED
276378,276377,2019-09-23,2019,2019-09-23,1,1,SCORED
276431,276430,2019-09-24,2019,2019-09-24,-1,1,SCORED
276773,276772,2019-09-25,2019,2019-09-25,-1,1,SCORED
276873,276872,2019-09-25,2019,2019-09-25,-1,1,SCORED
276920,276919,2019-09-26,2019,2019-09-26,-1,1,SCORED
276975,276974,2019-09-26,2019,2019-09-26,-1,1,SCORED
277068,277067,2019-09-26,2019,2019-09-26,-1,1,SCORED
277240,277239,2019-09-27,2019,2019-09-27,-1,1,SCORED
277618,277617,2019-10-08,2019,2019-10-08,-1,1,SCORED
277915,277914,2019-10-09,2019,2019-10-09,-1,1,SCORED
278416,278415,2019-10-11,2019,2019-10-11,1,1,SCORED
278763,278762,2019-10-14,2019,2019-10-14,1,1,SCORED
279908,279907,2019-10-21,2019,2019-10-21,-1,1,SCORED
281465,281464,2019-10-30,2019,2019-10-30,1,1,SCORED
282311,282310,2019-11-04,2019,2019-11-04,-1,1,SCORED
282993,282992,2019-11-07,2019,2019-11-07,-1,1,SCORED
283201,283200,2019-11-08,2019,2019-11-08,-1,1,SCORED
283271,283270,2019-11-08,2019,2019-11-08,-1,1,SCORED
283851,283850,2019-11-13,2019,2019-11-13,-1,1,SCORED
285303,285302,2019-11-21,2019,2019-11-21,1,1,SCORED
285847,285846,2019-11-25,2019,2019-11-25,-1,1,SCORED
287109,287108,2019-12-02,2019,2019-12-02,-1,1,SCORED
287453,287452,2019-12-04,2019,2019-12-04,1,1,SCORED
288034,288033,2019-12-06,2019,2019-12-06,1,1,SCORED
288521,288520,2019-12-10,2019,2019-12-10,1,1,SCORED
288762,288761,2019-12-11,2019,2019-12-11,1,1,SCORED
289717,289716,2019-12-17,2019,2019-12-17,1,1,SCORED
289977,289976,2019-12-18,2019,2019-12-18,1,1,SCORED
290392,290391,2019-12-20,2019,2019-12-20,1,1,SCORED
290617,290616,2019-12-23,2019,2019-12-23,-1,1,SCORED
290722,290721,2019-12-23,2019,2019-12-23,-1,1,SCORED
290819,290818,2019-12-24,2019,2019-12-24,-1,1,SCORED
291266,291265,2019-12-25,2019,2019-12-25,1,1,SCORED
291477,291476,2019-12-26,2019,2019-12-26,1,1,SCORED
292070,292069,2019-12-31,2019,2019-12-31,-1,1,SCORED
292637,292636,2020-01-03,2020,2020-01-03,1,1,SCORED
292727,292726,2020-01-06,2020,2020-01-06,1,1,SCORED
292935,292934,2020-01-06,2020,2020-01-06,1,1,SCORED
293054,293053,2020-01-07,2020,2020-01-07,1,1,SCORED
293214,293213,2020-01-08,2020,2020-01-08,1,1,SCORED
293412,293411,2020-01-08,2020,2020-01-08,1,1,SCORED
293862,293861,2020-01-10,2020,2020-01-10,1,1,SCORED
294410,294409,2020-01-15,2020,2020-01-15,1,1,SCORED
295457,295456,2020-01-21,2020,2020-01-21,1,1,SCORED
295831,295830,2020-01-22,2020,2020-01-22,-1,1,SCORED
296019,296018,2020-01-23,2020,2020-01-23,-1,1,SCORED
296158,296157,2020-02-03,2020,2020-02-03,-1,1,SCORED
296333,296332,2020-02-04,2020,2020-02-04,-1,1,SCORED
296677,296676,2020-02-05,2020,2020-02-05,1,1,SCORED
296957,296956,2020-02-06,2020,2020-02-06,1,1,SCORED
297022,297021,2020-02-06,2020,2020-02-06,1,1,SCORED
297076,297075,2020-02-07,2020,2020-02-07,1,1,SCORED
297166,297165,2020-02-07,2020,2020-02-07,-1,1,SCORED
297258,297257,2020-02-07,2020,2020-02-07,-1,1,SCORED
297290,297289,2020-02-10,2020,2020-02-10,-1,1,SCORED
297412,297411,2020-02-10,2020,2020-02-10,1,1,SCORED
297530,297529,2020-02-11,2020,2020-02-11,1,1,SCORED
297765,297764,2020-02-12,2020,2020-02-12,1,1,SCORED
297855,297854,2020-02-12,2020,2020-02-12,1,1,SCORED
298039,298038,2020-02-13,2020,2020-02-13,1,1,SCORED
298411,298410,2020-02-14,2020,2020-02-14,1,1,SCORED
298816,298815,2020-02-18,2020,2020-02-18,1,1,SCORED
298937,298936,2020-02-18,2020,2020-02-18,1,1,SCORED
298965,298964,2020-02-19,2020,2020-02-19,1,1,SCORED
299004,299003,2020-02-19,2020,2020-02-19,1,1,SCORED
299057,299056,2020-02-19,2020,2020-02-19,1,1,SCORED
299165,299164,2020-02-19,2020,2020-02-19,1,1,SCORED
299620,299619,2020-02-21,2020,2020-02-21,1,1,SCORED
299692,299691,2020-02-24,2020,2020-02-24,1,1,SCORED
299739,299738,2020-02-24,2020,2020-02-24,1,1,SCORED
299852,299851,2020-02-24,2020,2020-02-24,1,1,SCORED
299918,299917,2020-02-24,2020,2020-02-24,1,1,SCORED
299923,299922,2020-02-25,2020,2020-02-25,1,1,SCORED
300072,300071,2020-02-25,2020,2020-02-25,-1,1,SCORED
300114,300113,2020-02-25,2020,2020-02-25,-1,1,SCORED
300164,300163,2020-02-26,2020,2020-02-26,1,1,SCORED
300666,300665,2020-02-28,2020,2020-02-28,-1,1,SCORED
300718,300717,2020-02-28,2020,2020-02-28,-1,1,SCORED
300803,300802,2020-02-28,2020,2020-02-28,-1,1,SCORED
300888,300887,2020-03-02,2020,2020-03-02,-1,1,SCORED
301067,301066,2020-03-02,2020,2020-03-02,1,1,SCORED
301279,301278,2020-03-03,2020,2020-03-03,1,1,SCORED
301626,301625,2020-03-05,2020,2020-03-05,1,1,SCORED
301793,301792,2020-03-05,2020,2020-03-05,1,1,SCORED
301844,301843,2020-03-06,2020,2020-03-06,1,1,SCORED
301879,301878,2020-03-06,2020,2020-03-06,-1,1,SCORED
302091,302090,2020-03-09,2020,2020-03-09,-1,1,SCORED
302127,302126,2020-03-09,2020,2020-03-09,-1,1,SCORED
302204,302203,2020-03-09,2020,2020-03-09,-1,1,SCORED
302277,302276,2020-03-09,2020,2020-03-09,-1,1,SCORED
302326,302325,2020-03-10,2020,2020-03-10,-1,1,SCORED
302348,302347,2020-03-10,2020,2020-03-10,-1,1,SCORED
302508,302507,2020-03-10,2020,2020-03-10,1,1,SCORED
302579,302578,2020-03-11,2020,2020-03-11,1,1,SCORED
302612,302611,2020-03-11,2020,2020-03-11,1,1,SCORED
302662,302661,2020-03-11,2020,2020-03-11,1,1,SCORED
302820,302819,2020-03-12,2020,2020-03-12,-1,1,SCORED
302881,302880,2020-03-12,2020,2020-03-12,-1,1,SCORED
302983,302982,2020-03-12,2020,2020-03-12,-1,1,SCORED
303035,303034,2020-03-12,2020,2020-03-12,-1,1,SCORED
303074,303073,2020-03-13,2020,2020-03-13,-1,1,SCORED
303492,303491,2020-03-16,2020,2020-03-16,-1,1,SCORED
303521,303520,2020-03-16,2020,2020-03-17,-1,1,SCORED
303523,303522,2020-03-17,2020,2020-03-17,-1,1,SCORED
303538,303537,2020-03-17,2020,2020-03-17,-1,1,SCORED
303602,303601,2020-03-17,2020,2020-03-17,-1,1,SCORED
303625,303624,2020-03-17,2020,2020-03-17,-1,1,SCORED
303685,303684,2020-03-17,2020,2020-03-17,1,1,SCORED
303825,303824,2020-03-18,2020,2020-03-18,1,1,SCORED
303978,303977,2020-03-18,2020,2020-03-18,-1,1,SCORED
304011,304010,2020-03-19,2020,2020-03-19,-1,1,SCORED
304031,304030,2020-03-19,2020,2020-03-19,-1,1,SCORED
304077,304076,2020-03-19,2020,2020-03-19,1,1,SCORED
304119,304118,2020-03-19,2020,2020-03-19,-1,1,SCORED
304188,304187,2020-03-19,2020,2020-03-19,1,1,SCORED
304236,304235,2020-03-19,2020,2020-03-19,1,1,SCORED
304255,304254,2020-03-20,2020,2020-03-20,1,1,SCORED
304368,304367,2020-03-20,2020,2020-03-20,-1,1,SCORED
304407,304406,2020-03-20,2020,2020-03-20,-1,1,SCORED
304492,304491,2020-03-23,2020,2020-03-23,-1,1,SCORED
304589,304588,2020-03-23,2020,2020-03-23,-1,1,SCORED
304608,304607,2020-03-23,2020,2020-03-23,-1,1,SCORED
304671,304670,2020-03-23,2020,2020-03-23,1,1,SCORED
304726,304725,2020-03-24,2020,2020-03-24,-1,1,SCORED
304940,304939,2020-03-24,2020,2020-03-24,-1,1,SCORED
305058,305057,2020-03-25,2020,2020-03-25,1,1,SCORED
305206,305205,2020-03-26,2020,2020-03-26,1,1,SCORED
305285,305284,2020-03-26,2020,2020-03-26,-1,1,SCORED
305336,305335,2020-03-26,2020,2020-03-26,1,1,SCORED
305757,305756,2020-03-30,2020,2020-03-30,-1,1,SCORED
305922,305921,2020-03-31,2020,2020-03-31,1,1,SCORED
305979,305978,2020-03-31,2020,2020-03-31,1,1,SCORED
306069,306068,2020-03-31,2020,2020-03-31,1,1,SCORED
306212,306211,2020-04-01,2020,2020-04-01,-1,1,SCORED
306527,306526,2020-04-02,2020,2020-04-02,-1,1,SCORED
306803,306802,2020-04-03,2020,2020-04-03,1,1,SCORED
307018,307017,2020-04-07,2020,2020-04-07,1,1,SCORED
307127,307126,2020-04-08,2020,2020-04-08,1,1,SCORED
307242,307241,2020-04-08,2020,2020-04-08,1,1,SCORED
307285,307284,2020-04-08,2020,2020-04-08,1,1,SCORED
307357,307356,2020-04-08,2020,2020-04-08,1,1,SCORED
307406,307405,2020-04-09,2020,2020-04-09,1,1,SCORED
307642,307641,2020-04-10,2020,2020-04-10,1,1,SCORED
307705,307704,2020-04-10,2020,2020-04-10,1,1,SCORED
307945,307944,2020-04-13,2020,2020-04-13,-1,1,SCORED
309221,309220,2020-04-20,2020,2020-04-20,1,1,SCORED
310216,310215,2020-04-24,2020,2020-04-24,-1,1,SCORED
310425,310424,2020-04-27,2020,2020-04-27,-1,1,SCORED
310559,310558,2020-04-28,2020,2020-04-28,-1,1,SCORED
311204,311203,2020-05-06,2020,2020-05-06,1,1,SCORED
311509,311508,2020-05-07,2020,2020-05-07,1,1,SCORED
311619,311618,2020-05-07,2020,2020-05-07,1,1,SCORED
311772,311771,2020-05-08,2020,2020-05-08,1,1,SCORED
312140,312139,2020-05-11,2020,2020-05-11,1,1,SCORED
312402,312401,2020-05-13,2020,2020-05-13,-1,1,SCORED
312665,312664,2020-05-14,2020,2020-05-14,1,1,SCORED
313148,313147,2020-05-18,2020,2020-05-18,1,1,SCORED
313362,313361,2020-05-19,2020,2020-05-19,1,1,SCORED
313687,313686,2020-05-20,2020,2020-05-20,1,1,SCORED
313908,313907,2020-05-21,2020,2020-05-21,1,1,SCORED
314249,314248,2020-05-22,2020,2020-05-22,-1,1,SCORED
314482,314481,2020-05-25,2020,2020-05-25,-1,1,SCORED
314886,314885,2020-05-27,2020,2020-05-27,1,1,SCORED
316264,316263,2020-06-04,2020,2020-06-04,1,1,SCORED
316972,316971,2020-06-09,2020,2020-06-09,1,1,SCORED
317643,317642,2020-06-11,2020,2020-06-11,1,1,SCORED
317738,317737,2020-06-12,2020,2020-06-12,-1,1,SCORED
318499,318498,2020-06-17,2020,2020-06-17,1,1,SCORED
318746,318745,2020-06-18,2020,2020-06-18,1,1,SCORED
319414,319413,2020-06-23,2020,2020-06-23,1,1,SCORED
319797,319796,2020-06-24,2020,2020-06-24,1,1,SCORED
320304,320303,2020-06-30,2020,2020-06-30,1,1,SCORED
320498,320497,2020-07-01,2020,2020-07-01,1,1,SCORED
320564,320563,2020-07-02,2020,2020-07-02,-1,1,SCORED
321202,321201,2020-07-06,2020,2020-07-06,1,1,SCORED
321299,321298,2020-07-07,2020,2020-07-07,1,1,SCORED
321358,321357,2020-07-07,2020,2020-07-07,1,1,SCORED
321449,321448,2020-07-07,2020,2020-07-07,1,1,SCORED
321496,321495,2020-07-07,2020,2020-07-07,1,1,SCORED
321823,321822,2020-07-09,2020,2020-07-09,1,1,SCORED
321948,321947,2020-07-09,2020,2020-07-09,1,1,SCORED
322080,322079,2020-07-10,2020,2020-07-10,1,1,SCORED
322259,322258,2020-07-13,2020,2020-07-13,1,1,SCORED
322429,322428,2020-07-13,2020,2020-07-13,1,1,SCORED
322457,322456,2020-07-13,2020,2020-07-13,1,1,SCORED
322509,322508,2020-07-14,2020,2020-07-14,1,1,SCORED
322531,322530,2020-07-14,2020,2020-07-14,1,1,SCORED
322903,322902,2020-07-15,2020,2020-07-15,-1,1,SCORED
322985,322984,2020-07-16,2020,2020-07-16,-1,1,SCORED
323032,323031,2020-07-16,2020,2020-07-16,-1,1,SCORED
323135,323134,2020-07-16,2020,2020-07-16,-1,1,SCORED
323173,323172,2020-07-16,2020,2020-07-16,-1,1,SCORED
323192,323191,2020-07-16,2020,2020-07-16,-1,1,SCORED
323220,323219,2020-07-17,2020,2020-07-17,-1,1,SCORED
323308,323307,2020-07-17,2020,2020-07-17,1,1,SCORED
323334,323333,2020-07-17,2020,2020-07-17,-1,1,SCORED
323373,323372,2020-07-17,2020,2020-07-17,-1,1,SCORED
323419,323418,2020-07-17,2020,2020-07-17,-1,1,SCORED
323447,323446,2020-07-20,2020,2020-07-20,1,1,SCORED
323643,323642,2020-07-20,2020,2020-07-20,1,1,SCORED
323789,323788,2020-07-21,2020,2020-07-21,1,1,SCORED
324107,324106,2020-07-22,2020,2020-07-22,1,1,SCORED
324229,324228,2020-07-23,2020,2020-07-23,-1,1,SCORED
324315,324314,2020-07-23,2020,2020-07-23,-1,1,SCORED
324552,324551,2020-07-24,2020,2020-07-24,-1,1,SCORED
324606,324605,2020-07-24,2020,2020-07-24,-1,1,SCORED
324672,324671,2020-07-27,2020,2020-07-27,-1,1,SCORED
324826,324825,2020-07-27,2020,2020-07-27,-1,1,SCORED
324926,324925,2020-07-28,2020,2020-07-28,1,1,SCORED
325066,325065,2020-07-28,2020,2020-07-28,1,1,SCORED
325260,325259,2020-07-29,2020,2020-07-29,1,1,SCORED
325404,325403,2020-07-30,2020,2020-07-30,1,1,SCORED
325744,325743,2020-07-31,2020,2020-07-31,-1,1,SCORED
326142,326141,2020-08-04,2020,2020-08-04,1,1,SCORED
326194,326193,2020-08-04,2020,2020-08-04,1,1,SCORED
326280,326279,2020-08-04,2020,2020-08-04,-1,1,SCORED
326347,326346,2020-08-05,2020,2020-08-05,-1,1,SCORED
326654,326653,2020-08-06,2020,2020-08-06,1,1,SCORED
326746,326745,2020-08-06,2020,2020-08-06,1,1,SCORED
326804,326803,2020-08-07,2020,2020-08-07,1,1,SCORED
326868,326867,2020-08-07,2020,2020-08-07,1,1,SCORED
326905,326904,2020-08-07,2020,2020-08-07,-1,1,SCORED
326948,326947,2020-08-07,2020,2020-08-07,-1,1,SCORED
327027,327026,2020-08-07,2020,2020-08-07,-1,1,SCORED
327067,327066,2020-08-10,2020,2020-08-10,1,1,SCORED
327128,327127,2020-08-10,2020,2020-08-10,1,1,SCORED
327253,327252,2020-08-10,2020,2020-08-10,-1,1,SCORED
327604,327603,2020-08-12,2020,2020-08-12,-1,1,SCORED
327699,327698,2020-08-12,2020,2020-08-12,-1,1,SCORED
327799,327798,2020-08-13,2020,2020-08-13,1,1,SCORED
327886,327885,2020-08-13,2020,2020-08-13,1,1,SCORED
327972,327971,2020-08-13,2020,2020-08-13,1,1,SCORED
328008,328007,2020-08-14,2020,2020-08-14,1,1,SCORED
328032,328031,2020-08-14,2020,2020-08-14,-1,1,SCORED
328756,328755,2020-08-19,2020,2020-08-19,1,1,SCORED
329982,329981,2020-08-26,2020,2020-08-26,1,1,SCORED
330185,330184,2020-08-27,2020,2020-08-27,-1,1,SCORED
330916,330915,2020-09-01,2020,2020-09-01,1,1,SCORED
332111,332110,2020-09-08,2020,2020-09-08,-1,1,SCORED
332326,332325,2020-09-09,2020,2020-09-09,1,1,SCORED
332347,332346,2020-09-09,2020,2020-09-09,1,1,SCORED
332472,332471,2020-09-09,2020,2020-09-09,-1,1,SCORED
332567,332566,2020-09-10,2020,2020-09-10,-1,1,SCORED
332661,332660,2020-09-10,2020,2020-09-10,-1,1,SCORED
332720,332719,2020-09-10,2020,2020-09-10,-1,1,SCORED
332766,332765,2020-09-10,2020,2020-09-10,-1,1,SCORED
332798,332797,2020-09-10,2020,2020-09-10,-1,1,SCORED
332811,332810,2020-09-11,2020,2020-09-11,-1,1,SCORED
332873,332872,2020-09-11,2020,2020-09-11,-1,1,SCORED
333096,333095,2020-09-14,2020,2020-09-14,1,1,SCORED
333150,333149,2020-09-14,2020,2020-09-14,1,1,SCORED
333472,333471,2020-09-15,2020,2020-09-15,1,1,SCORED
333583,333582,2020-09-16,2020,2020-09-16,1,1,SCORED
333733,333732,2020-09-16,2020,2020-09-16,1,1,SCORED
333847,333846,2020-09-17,2020,2020-09-17,-1,1,SCORED
334009,334008,2020-09-18,2020,2020-09-18,1,1,SCORED
334369,334368,2020-09-21,2020,2020-09-21,1,1,SCORED
334735,334734,2020-09-23,2020,2020-09-23,-1,1,SCORED
335075,335074,2020-09-24,2020,2020-09-24,-1,1,SCORED
335118,335117,2020-09-24,2020,2020-09-24,-1,1,SCORED
335161,335160,2020-09-24,2020,2020-09-24,-1,1,SCORED
335208,335207,2020-09-25,2020,2020-09-25,-1,1,SCORED
335265,335264,2020-09-25,2020,2020-09-25,-1,1,SCORED
335345,335344,2020-09-25,2020,2020-09-25,-1,1,SCORED
335400,335399,2020-09-25,2020,2020-09-25,-1,1,SCORED
335446,335445,2020-09-28,2020,2020-09-28,-1,1,SCORED
335549,335548,2020-09-28,2020,2020-09-28,-1,1,SCORED
335607,335606,2020-09-28,2020,2020-09-28,-1,1,SCORED
336126,336125,2020-09-30,2020,2020-09-30,1,1,SCORED
336616,336615,2020-10-12,2020,2020-10-12,1,1,SCORED
336686,336685,2020-10-13,2020,2020-10-13,1,1,SCORED
337160,337159,2020-10-15,2020,2020-10-15,1,1,SCORED
338504,338503,2020-10-22,2020,2020-10-22,-1,1,SCORED
338783,338782,2020-10-23,2020,2020-10-23,-1,1,SCORED
338809,338808,2020-10-26,2020,2020-10-26,-1,1,SCORED
338919,338918,2020-10-26,2020,2020-10-26,-1,1,SCORED
340035,340034,2020-11-02,2020,2020-11-02,-1,1,SCORED
340084,340083,2020-11-02,2020,2020-11-02,-1,1,SCORED
340152,340151,2020-11-02,2020,2020-11-02,-1,1,SCORED
340567,340566,2020-11-04,2020,2020-11-04,1,1,SCORED
340829,340828,2020-11-05,2020,2020-11-05,1,1,SCORED
341048,341047,2020-11-06,2020,2020-11-06,1,1,SCORED
341441,341440,2020-11-09,2020,2020-11-10,1,1,SCORED
342286,342285,2020-11-13,2020,2020-11-13,-1,1,SCORED
342422,342421,2020-11-16,2020,2020-11-16,1,1,SCORED
342639,342638,2020-11-16,2020,2020-11-16,1,1,SCORED
342804,342803,2020-11-17,2020,2020-11-17,1,1,SCORED
342869,342868,2020-11-17,2020,2020-11-17,1,1,SCORED
342911,342910,2020-11-18,2020,2020-11-18,-1,1,SCORED
343169,343168,2020-11-19,2020,2020-11-19,-1,1,SCORED
343422,343421,2020-11-20,2020,2020-11-20,-1,1,SCORED
343912,343911,2020-11-24,2020,2020-11-24,1,1,SCORED
344089,344088,2020-11-25,2020,2020-11-25,1,1,SCORED
344522,344521,2020-11-26,2020,2020-11-26,-1,1,SCORED
344803,344802,2020-11-30,2020,2020-11-30,-1,1,SCORED
344897,344896,2020-11-30,2020,2020-11-30,1,1,SCORED
345049,345048,2020-12-01,2020,2020-12-01,1,1,SCORED
345356,345355,2020-12-02,2020,2020-12-02,1,1,SCORED
345574,345573,2020-12-03,2020,2020-12-03,1,1,SCORED
346142,346141,2020-12-07,2020,2020-12-07,1,1,SCORED
346894,346893,2020-12-10,2020,2020-12-10,-1,1,SCORED
347102,347101,2020-12-11,2020,2020-12-11,-1,1,SCORED
347204,347203,2020-12-14,2020,2020-12-14,-1,1,SCORED
348700,348699,2020-12-22,2020,2020-12-22,1,1,SCORED
348883,348882,2020-12-23,2020,2020-12-23,1,1,SCORED
348929,348928,2020-12-23,2020,2020-12-23,1,1,SCORED
349034,349033,2020-12-23,2020,2020-12-23,-1,1,SCORED
349197,349196,2020-12-24,2020,2020-12-24,-1,1,SCORED
349280,349279,2020-12-24,2020,2020-12-24,-1,1,SCORED
349385,349384,2020-12-25,2020,2020-12-25,-1,1,SCORED
246,245,2015-01-06,2015,2015-01-06,1,5,WARMUP_2015_NOT_SCORED
328,327,2015-01-06,2015,2015-01-06,1,5,WARMUP_2015_NOT_SCORED
450,449,2015-01-06,2015,2015-01-06,1,5,WARMUP_2015_NOT_SCORED
584,583,2015-01-07,2015,2015-01-07,1,5,WARMUP_2015_NOT_SCORED
775,774,2015-01-08,2015,2015-01-08,1,5,WARMUP_2015_NOT_SCORED
970,969,2015-01-09,2015,2015-01-09,1,5,WARMUP_2015_NOT_SCORED
1539,1538,2015-01-13,2015,2015-01-13,-1,5,WARMUP_2015_NOT_SCORED
2542,2541,2015-01-19,2015,2015-01-19,1,5,WARMUP_2015_NOT_SCORED
2647,2646,2015-01-20,2015,2015-01-20,-1,5,WARMUP_2015_NOT_SCORED
2956,2955,2015-01-21,2015,2015-01-21,1,5,WARMUP_2015_NOT_SCORED
3088,3087,2015-01-21,2015,2015-01-21,1,5,WARMUP_2015_NOT_SCORED
3190,3189,2015-01-22,2015,2015-01-22,1,5,WARMUP_2015_NOT_SCORED
3446,3445,2015-01-23,2015,2015-01-23,1,5,WARMUP_2015_NOT_SCORED
3716,3715,2015-01-26,2015,2015-01-26,1,5,WARMUP_2015_NOT_SCORED
3979,3978,2015-01-27,2015,2015-01-27,1,5,WARMUP_2015_NOT_SCORED
4093,4092,2015-01-28,2015,2015-01-28,1,5,WARMUP_2015_NOT_SCORED
4326,4325,2015-01-29,2015,2015-01-29,1,5,WARMUP_2015_NOT_SCORED
4749,4748,2015-01-30,2015,2015-01-30,-1,5,WARMUP_2015_NOT_SCORED
4821,4820,2015-02-02,2015,2015-02-02,-1,5,WARMUP_2015_NOT_SCORED
5363,5362,2015-02-04,2015,2015-02-04,1,5,WARMUP_2015_NOT_SCORED
7925,7924,2015-02-26,2015,2015-02-26,1,5,WARMUP_2015_NOT_SCORED
8886,8885,2015-03-04,2015,2015-03-04,1,5,WARMUP_2015_NOT_SCORED
9181,9180,2015-03-05,2015,2015-03-05,1,5,WARMUP_2015_NOT_SCORED
9554,9553,2015-03-06,2015,2015-03-06,-1,5,WARMUP_2015_NOT_SCORED
10505,10504,2015-03-12,2015,2015-03-12,1,5,WARMUP_2015_NOT_SCORED
11236,11235,2015-03-17,2015,2015-03-17,1,5,WARMUP_2015_NOT_SCORED
11530,11529,2015-03-19,2015,2015-03-19,1,5,WARMUP_2015_NOT_SCORED
11571,11570,2015-03-19,2015,2015-03-19,1,5,WARMUP_2015_NOT_SCORED
11686,11685,2015-03-19,2015,2015-03-19,1,5,WARMUP_2015_NOT_SCORED
11892,11891,2015-03-20,2015,2015-03-20,1,5,WARMUP_2015_NOT_SCORED
12195,12194,2015-03-23,2015,2015-03-23,1,5,WARMUP_2015_NOT_SCORED
12250,12249,2015-03-24,2015,2015-03-24,1,5,WARMUP_2015_NOT_SCORED
12337,12336,2015-03-24,2015,2015-03-24,-1,5,WARMUP_2015_NOT_SCORED
12382,12381,2015-03-24,2015,2015-03-24,-1,5,WARMUP_2015_NOT_SCORED
12487,12486,2015-03-25,2015,2015-03-25,1,5,WARMUP_2015_NOT_SCORED
12509,12508,2015-03-25,2015,2015-03-25,1,5,WARMUP_2015_NOT_SCORED
12595,12594,2015-03-25,2015,2015-03-25,1,5,WARMUP_2015_NOT_SCORED
12726,12725,2015-03-26,2015,2015-03-26,1,5,WARMUP_2015_NOT_SCORED
12829,12828,2015-03-26,2015,2015-03-26,-1,5,WARMUP_2015_NOT_SCORED
13560,13559,2015-03-31,2015,2015-03-31,1,5,WARMUP_2015_NOT_SCORED
13649,13648,2015-03-31,2015,2015-03-31,1,5,WARMUP_2015_NOT_SCORED
13864,13863,2015-04-01,2015,2015-04-01,1,5,WARMUP_2015_NOT_SCORED
13980,13979,2015-04-02,2015,2015-04-02,1,5,WARMUP_2015_NOT_SCORED
14103,14102,2015-04-02,2015,2015-04-02,1,5,WARMUP_2015_NOT_SCORED
14164,14163,2015-04-03,2015,2015-04-03,1,5,WARMUP_2015_NOT_SCORED
14281,14280,2015-04-03,2015,2015-04-03,1,5,WARMUP_2015_NOT_SCORED
14370,14369,2015-04-03,2015,2015-04-03,1,5,WARMUP_2015_NOT_SCORED
14460,14459,2015-04-07,2015,2015-04-07,1,5,WARMUP_2015_NOT_SCORED
14653,14652,2015-04-08,2015,2015-04-08,1,5,WARMUP_2015_NOT_SCORED
14948,14947,2015-04-09,2015,2015-04-09,-1,5,WARMUP_2015_NOT_SCORED
15295,15294,2015-04-10,2015,2015-04-10,1,5,WARMUP_2015_NOT_SCORED
15402,15401,2015-04-13,2015,2015-04-13,1,5,WARMUP_2015_NOT_SCORED
15532,15531,2015-04-13,2015,2015-04-13,1,5,WARMUP_2015_NOT_SCORED
15628,15627,2015-04-14,2015,2015-04-14,1,5,WARMUP_2015_NOT_SCORED
15656,15655,2015-04-14,2015,2015-04-14,1,5,WARMUP_2015_NOT_SCORED
15756,15755,2015-04-14,2015,2015-04-14,1,5,WARMUP_2015_NOT_SCORED
15779,15778,2015-04-14,2015,2015-04-14,1,5,WARMUP_2015_NOT_SCORED
15841,15840,2015-04-15,2015,2015-04-15,-1,5,WARMUP_2015_NOT_SCORED
15857,15856,2015-04-15,2015,2015-04-15,-1,5,WARMUP_2015_NOT_SCORED
15916,15915,2015-04-15,2015,2015-04-15,-1,5,WARMUP_2015_NOT_SCORED
16026,16025,2015-04-15,2015,2015-04-15,-1,5,WARMUP_2015_NOT_SCORED
16105,16104,2015-04-16,2015,2015-04-16,-1,5,WARMUP_2015_NOT_SCORED
16225,16224,2015-04-16,2015,2015-04-16,-1,5,WARMUP_2015_NOT_SCORED
16283,16282,2015-04-16,2015,2015-04-16,1,5,WARMUP_2015_NOT_SCORED
16405,16404,2015-04-17,2015,2015-04-17,1,5,WARMUP_2015_NOT_SCORED
16583,16582,2015-04-20,2015,2015-04-20,-1,5,WARMUP_2015_NOT_SCORED
16755,16754,2015-04-20,2015,2015-04-20,-1,5,WARMUP_2015_NOT_SCORED
16786,16785,2015-04-20,2015,2015-04-20,-1,5,WARMUP_2015_NOT_SCORED
16825,16824,2015-04-21,2015,2015-04-21,1,5,WARMUP_2015_NOT_SCORED
16984,16983,2015-04-21,2015,2015-04-21,1,5,WARMUP_2015_NOT_SCORED
17134,17133,2015-04-22,2015,2015-04-22,1,5,WARMUP_2015_NOT_SCORED
17227,17226,2015-04-22,2015,2015-04-22,1,5,WARMUP_2015_NOT_SCORED
17302,17301,2015-04-23,2015,2015-04-23,1,5,WARMUP_2015_NOT_SCORED
17365,17364,2015-04-23,2015,2015-04-23,1,5,WARMUP_2015_NOT_SCORED
17377,17376,2015-04-23,2015,2015-04-23,1,5,WARMUP_2015_NOT_SCORED
17479,17478,2015-04-23,2015,2015-04-23,1,5,WARMUP_2015_NOT_SCORED
17591,17590,2015-04-24,2015,2015-04-24,-1,5,WARMUP_2015_NOT_SCORED
17770,17769,2015-04-27,2015,2015-04-27,1,5,WARMUP_2015_NOT_SCORED
17869,17868,2015-04-27,2015,2015-04-27,1,5,WARMUP_2015_NOT_SCORED
18072,18071,2015-04-28,2015,2015-04-28,-1,5,WARMUP_2015_NOT_SCORED
18140,18139,2015-04-28,2015,2015-04-28,-1,5,WARMUP_2015_NOT_SCORED
18241,18240,2015-04-29,2015,2015-04-29,-1,5,WARMUP_2015_NOT_SCORED
18690,18689,2015-04-30,2015,2015-04-30,1,5,WARMUP_2015_NOT_SCORED
19939,19938,2015-05-11,2015,2015-05-11,1,5,WARMUP_2015_NOT_SCORED
20032,20031,2015-05-11,2015,2015-05-11,1,5,WARMUP_2015_NOT_SCORED
20199,20198,2015-05-12,2015,2015-05-12,1,5,WARMUP_2015_NOT_SCORED
20405,20404,2015-05-13,2015,2015-05-13,1,5,WARMUP_2015_NOT_SCORED
20469,20468,2015-05-13,2015,2015-05-13,1,5,WARMUP_2015_NOT_SCORED
20557,20556,2015-05-13,2015,2015-05-13,1,5,WARMUP_2015_NOT_SCORED
20608,20607,2015-05-13,2015,2015-05-13,1,5,WARMUP_2015_NOT_SCORED
20686,20685,2015-05-14,2015,2015-05-14,1,5,WARMUP_2015_NOT_SCORED
20848,20847,2015-05-14,2015,2015-05-14,1,5,WARMUP_2015_NOT_SCORED
21032,21031,2015-05-15,2015,2015-05-15,-1,5,WARMUP_2015_NOT_SCORED
21123,21122,2015-05-18,2015,2015-05-18,1,5,WARMUP_2015_NOT_SCORED
21200,21199,2015-05-18,2015,2015-05-18,1,5,WARMUP_2015_NOT_SCORED
21309,21308,2015-05-18,2015,2015-05-18,1,5,WARMUP_2015_NOT_SCORED
21399,21398,2015-05-19,2015,2015-05-19,1,5,WARMUP_2015_NOT_SCORED
21722,21721,2015-05-20,2015,2015-05-20,1,5,WARMUP_2015_NOT_SCORED
21825,21824,2015-05-20,2015,2015-05-20,1,5,WARMUP_2015_NOT_SCORED
21875,21874,2015-05-21,2015,2015-05-21,1,5,WARMUP_2015_NOT_SCORED
22010,22009,2015-05-21,2015,2015-05-21,1,5,WARMUP_2015_NOT_SCORED
22147,22146,2015-05-22,2015,2015-05-22,1,5,WARMUP_2015_NOT_SCORED
22520,22519,2015-05-25,2015,2015-05-25,1,5,WARMUP_2015_NOT_SCORED
22597,22596,2015-05-26,2015,2015-05-26,1,5,WARMUP_2015_NOT_SCORED
22719,22718,2015-05-26,2015,2015-05-26,1,5,WARMUP_2015_NOT_SCORED
22831,22830,2015-05-27,2015,2015-05-27,1,5,WARMUP_2015_NOT_SCORED
23046,23045,2015-05-28,2015,2015-05-28,1,5,WARMUP_2015_NOT_SCORED
23067,23066,2015-05-28,2015,2015-05-28,1,5,WARMUP_2015_NOT_SCORED
23119,23118,2015-05-28,2015,2015-05-28,1,5,WARMUP_2015_NOT_SCORED
23144,23143,2015-05-28,2015,2015-05-28,-1,5,WARMUP_2015_NOT_SCORED
23177,23176,2015-05-28,2015,2015-05-28,-1,5,WARMUP_2015_NOT_SCORED
23234,23233,2015-05-28,2015,2015-05-28,-1,5,WARMUP_2015_NOT_SCORED
23253,23252,2015-05-28,2015,2015-05-28,-1,5,WARMUP_2015_NOT_SCORED
23287,23286,2015-05-29,2015,2015-05-29,-1,5,WARMUP_2015_NOT_SCORED
23306,23305,2015-05-29,2015,2015-05-29,-1,5,WARMUP_2015_NOT_SCORED
23435,23434,2015-05-29,2015,2015-05-29,1,5,WARMUP_2015_NOT_SCORED
23469,23468,2015-05-29,2015,2015-05-29,1,5,WARMUP_2015_NOT_SCORED
23529,23528,2015-06-01,2015,2015-06-01,1,5,WARMUP_2015_NOT_SCORED
23578,23577,2015-06-01,2015,2015-06-01,1,5,WARMUP_2015_NOT_SCORED
23727,23726,2015-06-01,2015,2015-06-01,1,5,WARMUP_2015_NOT_SCORED
23778,23777,2015-06-02,2015,2015-06-02,1,5,WARMUP_2015_NOT_SCORED
23829,23828,2015-06-02,2015,2015-06-02,1,5,WARMUP_2015_NOT_SCORED
23880,23879,2015-06-02,2015,2015-06-02,1,5,WARMUP_2015_NOT_SCORED
24008,24007,2015-06-03,2015,2015-06-03,1,5,WARMUP_2015_NOT_SCORED
24033,24032,2015-06-03,2015,2015-06-03,1,5,WARMUP_2015_NOT_SCORED
24104,24103,2015-06-03,2015,2015-06-03,-1,5,WARMUP_2015_NOT_SCORED
24374,24373,2015-06-04,2015,2015-06-04,-1,5,WARMUP_2015_NOT_SCORED
24488,24487,2015-06-05,2015,2015-06-05,1,5,WARMUP_2015_NOT_SCORED
24569,24568,2015-06-05,2015,2015-06-05,1,5,WARMUP_2015_NOT_SCORED
24586,24585,2015-06-05,2015,2015-06-05,1,5,WARMUP_2015_NOT_SCORED
24611,24610,2015-06-05,2015,2015-06-05,-1,5,WARMUP_2015_NOT_SCORED
24784,24783,2015-06-08,2015,2015-06-08,-1,5,WARMUP_2015_NOT_SCORED
24861,24860,2015-06-08,2015,2015-06-08,-1,5,WARMUP_2015_NOT_SCORED
25037,25036,2015-06-09,2015,2015-06-09,1,5,WARMUP_2015_NOT_SCORED
25204,25203,2015-06-10,2015,2015-06-10,1,5,WARMUP_2015_NOT_SCORED
25234,25233,2015-06-10,2015,2015-06-10,1,5,WARMUP_2015_NOT_SCORED
25318,25317,2015-06-10,2015,2015-06-10,1,5,WARMUP_2015_NOT_SCORED
25422,25421,2015-06-10,2015,2015-06-10,1,5,WARMUP_2015_NOT_SCORED
25462,25461,2015-06-11,2015,2015-06-11,1,5,WARMUP_2015_NOT_SCORED
25559,25558,2015-06-11,2015,2015-06-11,1,5,WARMUP_2015_NOT_SCORED
25629,25628,2015-06-11,2015,2015-06-11,1,5,WARMUP_2015_NOT_SCORED
25714,25713,2015-06-12,2015,2015-06-12,1,5,WARMUP_2015_NOT_SCORED
25765,25764,2015-06-12,2015,2015-06-12,1,5,WARMUP_2015_NOT_SCORED
25879,25878,2015-06-12,2015,2015-06-12,1,5,WARMUP_2015_NOT_SCORED
26169,26168,2015-06-16,2015,2015-06-16,-1,5,WARMUP_2015_NOT_SCORED
26209,26208,2015-06-16,2015,2015-06-16,-1,5,WARMUP_2015_NOT_SCORED
26247,26246,2015-06-16,2015,2015-06-16,-1,5,WARMUP_2015_NOT_SCORED
26406,26405,2015-06-17,2015,2015-06-17,-1,5,WARMUP_2015_NOT_SCORED
26455,26454,2015-06-17,2015,2015-06-17,-1,5,WARMUP_2015_NOT_SCORED
26508,26507,2015-06-17,2015,2015-06-17,-1,5,WARMUP_2015_NOT_SCORED
26644,26643,2015-06-18,2015,2015-06-18,1,5,WARMUP_2015_NOT_SCORED
26668,26667,2015-06-18,2015,2015-06-18,1,5,WARMUP_2015_NOT_SCORED
26734,26733,2015-06-18,2015,2015-06-18,1,5,WARMUP_2015_NOT_SCORED
26768,26767,2015-06-18,2015,2015-06-18,-1,5,WARMUP_2015_NOT_SCORED
26823,26822,2015-06-18,2015,2015-06-18,-1,5,WARMUP_2015_NOT_SCORED
26845,26844,2015-06-18,2015,2015-06-18,-1,5,WARMUP_2015_NOT_SCORED
26865,26864,2015-06-18,2015,2015-06-18,-1,5,WARMUP_2015_NOT_SCORED
26887,26886,2015-06-19,2015,2015-06-19,-1,5,WARMUP_2015_NOT_SCORED
26922,26921,2015-06-19,2015,2015-06-19,-1,5,WARMUP_2015_NOT_SCORED
26986,26985,2015-06-19,2015,2015-06-19,-1,5,WARMUP_2015_NOT_SCORED
27052,27051,2015-06-19,2015,2015-06-19,-1,5,WARMUP_2015_NOT_SCORED
27127,27126,2015-06-23,2015,2015-06-23,-1,5,WARMUP_2015_NOT_SCORED
27138,27137,2015-06-23,2015,2015-06-23,-1,5,WARMUP_2015_NOT_SCORED
27247,27246,2015-06-23,2015,2015-06-23,-1,5,WARMUP_2015_NOT_SCORED
27398,27397,2015-06-24,2015,2015-06-24,1,5,WARMUP_2015_NOT_SCORED
27838,27837,2015-06-25,2015,2015-06-25,-1,5,WARMUP_2015_NOT_SCORED
27846,27845,2015-06-26,2015,2015-06-26,-1,5,WARMUP_2015_NOT_SCORED
27867,27866,2015-06-26,2015,2015-06-26,-1,5,WARMUP_2015_NOT_SCORED
27933,27932,2015-06-26,2015,2015-06-26,-1,5,WARMUP_2015_NOT_SCORED
27966,27965,2015-06-26,2015,2015-06-26,-1,5,WARMUP_2015_NOT_SCORED
28100,28099,2015-06-29,2015,2015-06-29,-1,5,WARMUP_2015_NOT_SCORED
28126,28125,2015-06-29,2015,2015-06-29,1,5,WARMUP_2015_NOT_SCORED
28148,28147,2015-06-29,2015,2015-06-29,1,5,WARMUP_2015_NOT_SCORED
28164,28163,2015-06-29,2015,2015-06-29,-1,5,WARMUP_2015_NOT_SCORED
28174,28173,2015-06-29,2015,2015-06-29,-1,5,WARMUP_2015_NOT_SCORED
28188,28187,2015-06-29,2015,2015-06-29,-1,5,WARMUP_2015_NOT_SCORED
28247,28246,2015-06-29,2015,2015-06-29,-1,5,WARMUP_2015_NOT_SCORED
28275,28274,2015-06-29,2015,2015-06-29,1,5,WARMUP_2015_NOT_SCORED
28328,28327,2015-06-30,2015,2015-06-30,-1,5,WARMUP_2015_NOT_SCORED
28347,28346,2015-06-30,2015,2015-06-30,-1,5,WARMUP_2015_NOT_SCORED
28363,28362,2015-06-30,2015,2015-06-30,-1,5,WARMUP_2015_NOT_SCORED
28389,28388,2015-06-30,2015,2015-06-30,-1,5,WARMUP_2015_NOT_SCORED
28434,28433,2015-06-30,2015,2015-06-30,-1,5,WARMUP_2015_NOT_SCORED
28452,28451,2015-06-30,2015,2015-06-30,1,5,WARMUP_2015_NOT_SCORED
28489,28488,2015-06-30,2015,2015-06-30,1,5,WARMUP_2015_NOT_SCORED
28505,28504,2015-06-30,2015,2015-06-30,1,5,WARMUP_2015_NOT_SCORED
28519,28518,2015-06-30,2015,2015-06-30,1,5,WARMUP_2015_NOT_SCORED
28567,28566,2015-07-01,2015,2015-07-01,-1,5,WARMUP_2015_NOT_SCORED
28591,28590,2015-07-01,2015,2015-07-01,1,5,WARMUP_2015_NOT_SCORED
28652,28651,2015-07-01,2015,2015-07-01,1,5,WARMUP_2015_NOT_SCORED
28699,28698,2015-07-01,2015,2015-07-01,-1,5,WARMUP_2015_NOT_SCORED
28746,28745,2015-07-01,2015,2015-07-01,-1,5,WARMUP_2015_NOT_SCORED
28764,28763,2015-07-01,2015,2015-07-01,-1,5,WARMUP_2015_NOT_SCORED
28783,28782,2015-07-01,2015,2015-07-01,-1,5,WARMUP_2015_NOT_SCORED
28801,28800,2015-07-02,2015,2015-07-02,-1,5,WARMUP_2015_NOT_SCORED
28812,28811,2015-07-02,2015,2015-07-02,-1,5,WARMUP_2015_NOT_SCORED
28825,28824,2015-07-02,2015,2015-07-02,1,5,WARMUP_2015_NOT_SCORED
28848,28847,2015-07-02,2015,2015-07-02,-1,5,WARMUP_2015_NOT_SCORED
28863,28862,2015-07-02,2015,2015-07-02,-1,5,WARMUP_2015_NOT_SCORED
28887,28886,2015-07-02,2015,2015-07-02,1,5,WARMUP_2015_NOT_SCORED
28914,28913,2015-07-02,2015,2015-07-02,1,5,WARMUP_2015_NOT_SCORED
28980,28979,2015-07-02,2015,2015-07-02,-1,5,WARMUP_2015_NOT_SCORED
29009,29008,2015-07-02,2015,2015-07-02,-1,5,WARMUP_2015_NOT_SCORED
29070,29069,2015-07-03,2015,2015-07-03,-1,5,WARMUP_2015_NOT_SCORED
29122,29121,2015-07-03,2015,2015-07-03,-1,5,WARMUP_2015_NOT_SCORED
29170,29169,2015-07-03,2015,2015-07-03,1,5,WARMUP_2015_NOT_SCORED
29188,29187,2015-07-03,2015,2015-07-03,1,5,WARMUP_2015_NOT_SCORED
29218,29217,2015-07-03,2015,2015-07-03,-1,5,WARMUP_2015_NOT_SCORED
29227,29226,2015-07-03,2015,2015-07-03,-1,5,WARMUP_2015_NOT_SCORED
29240,29239,2015-07-03,2015,2015-07-03,-1,5,WARMUP_2015_NOT_SCORED
29265,29264,2015-07-03,2015,2015-07-03,-1,5,WARMUP_2015_NOT_SCORED
29293,29292,2015-07-06,2015,2015-07-06,1,5,WARMUP_2015_NOT_SCORED
29321,29320,2015-07-06,2015,2015-07-06,-1,5,WARMUP_2015_NOT_SCORED
29364,29363,2015-07-06,2015,2015-07-06,-1,5,WARMUP_2015_NOT_SCORED
29398,29397,2015-07-06,2015,2015-07-06,-1,5,WARMUP_2015_NOT_SCORED
29421,29420,2015-07-06,2015,2015-07-06,-1,5,WARMUP_2015_NOT_SCORED
29452,29451,2015-07-06,2015,2015-07-06,-1,5,WARMUP_2015_NOT_SCORED
29496,29495,2015-07-06,2015,2015-07-06,1,5,WARMUP_2015_NOT_SCORED
29527,29526,2015-07-07,2015,2015-07-07,-1,5,WARMUP_2015_NOT_SCORED
29550,29549,2015-07-07,2015,2015-07-07,-1,5,WARMUP_2015_NOT_SCORED
30067,30066,2015-07-09,2015,2015-07-09,1,5,WARMUP_2015_NOT_SCORED
30503,30502,2015-07-13,2015,2015-07-13,1,5,WARMUP_2015_NOT_SCORED
30749,30748,2015-07-14,2015,2015-07-14,1,5,WARMUP_2015_NOT_SCORED
30848,30847,2015-07-14,2015,2015-07-14,1,5,WARMUP_2015_NOT_SCORED
30868,30867,2015-07-14,2015,2015-07-14,1,5,WARMUP_2015_NOT_SCORED
30877,30876,2015-07-14,2015,2015-07-14,1,5,WARMUP_2015_NOT_SCORED
30896,30895,2015-07-14,2015,2015-07-14,-1,5,WARMUP_2015_NOT_SCORED
30936,30935,2015-07-14,2015,2015-07-14,-1,5,WARMUP_2015_NOT_SCORED
30950,30949,2015-07-14,2015,2015-07-14,-1,5,WARMUP_2015_NOT_SCORED
30963,30962,2015-07-15,2015,2015-07-15,1,5,WARMUP_2015_NOT_SCORED
30970,30969,2015-07-15,2015,2015-07-15,1,5,WARMUP_2015_NOT_SCORED
31009,31008,2015-07-15,2015,2015-07-15,-1,5,WARMUP_2015_NOT_SCORED
31048,31047,2015-07-15,2015,2015-07-15,-1,5,WARMUP_2015_NOT_SCORED
31086,31085,2015-07-15,2015,2015-07-15,-1,5,WARMUP_2015_NOT_SCORED
31141,31140,2015-07-15,2015,2015-07-15,-1,5,WARMUP_2015_NOT_SCORED
31218,31217,2015-07-16,2015,2015-07-16,-1,5,WARMUP_2015_NOT_SCORED
31233,31232,2015-07-16,2015,2015-07-16,1,5,WARMUP_2015_NOT_SCORED
31269,31268,2015-07-16,2015,2015-07-16,1,5,WARMUP_2015_NOT_SCORED
31298,31297,2015-07-16,2015,2015-07-16,1,5,WARMUP_2015_NOT_SCORED
31357,31356,2015-07-16,2015,2015-07-16,-1,5,WARMUP_2015_NOT_SCORED
31379,31378,2015-07-16,2015,2015-07-16,-1,5,WARMUP_2015_NOT_SCORED
31423,31422,2015-07-16,2015,2015-07-16,-1,5,WARMUP_2015_NOT_SCORED
31429,31428,2015-07-16,2015,2015-07-16,1,5,WARMUP_2015_NOT_SCORED
31445,31444,2015-07-17,2015,2015-07-17,1,5,WARMUP_2015_NOT_SCORED
31457,31456,2015-07-17,2015,2015-07-17,1,5,WARMUP_2015_NOT_SCORED
31504,31503,2015-07-17,2015,2015-07-17,1,5,WARMUP_2015_NOT_SCORED
31574,31573,2015-07-17,2015,2015-07-17,1,5,WARMUP_2015_NOT_SCORED
31697,31696,2015-07-20,2015,2015-07-20,1,5,WARMUP_2015_NOT_SCORED
31759,31758,2015-07-20,2015,2015-07-20,1,5,WARMUP_2015_NOT_SCORED
31780,31779,2015-07-20,2015,2015-07-20,-1,5,WARMUP_2015_NOT_SCORED
31971,31970,2015-07-21,2015,2015-07-21,1,5,WARMUP_2015_NOT_SCORED
32015,32014,2015-07-21,2015,2015-07-21,1,5,WARMUP_2015_NOT_SCORED
32059,32058,2015-07-21,2015,2015-07-21,-1,5,WARMUP_2015_NOT_SCORED
32128,32127,2015-07-21,2015,2015-07-21,1,5,WARMUP_2015_NOT_SCORED
32169,32168,2015-07-22,2015,2015-07-22,1,5,WARMUP_2015_NOT_SCORED
32190,32189,2015-07-22,2015,2015-07-22,1,5,WARMUP_2015_NOT_SCORED
32262,32261,2015-07-22,2015,2015-07-22,1,5,WARMUP_2015_NOT_SCORED
32299,32298,2015-07-22,2015,2015-07-22,-1,5,WARMUP_2015_NOT_SCORED
32410,32409,2015-07-23,2015,2015-07-23,1,5,WARMUP_2015_NOT_SCORED
32492,32491,2015-07-23,2015,2015-07-23,1,5,WARMUP_2015_NOT_SCORED
32582,32581,2015-07-23,2015,2015-07-23,1,5,WARMUP_2015_NOT_SCORED
32649,32648,2015-07-24,2015,2015-07-24,1,5,WARMUP_2015_NOT_SCORED
32671,32670,2015-07-24,2015,2015-07-24,1,5,WARMUP_2015_NOT_SCORED
32715,32714,2015-07-24,2015,2015-07-24,-1,5,WARMUP_2015_NOT_SCORED
32793,32792,2015-07-24,2015,2015-07-24,-1,5,WARMUP_2015_NOT_SCORED
32838,32837,2015-07-24,2015,2015-07-24,1,5,WARMUP_2015_NOT_SCORED
32858,32857,2015-07-24,2015,2015-07-24,1,5,WARMUP_2015_NOT_SCORED
32893,32892,2015-07-27,2015,2015-07-27,-1,5,WARMUP_2015_NOT_SCORED
32964,32963,2015-07-27,2015,2015-07-27,1,5,WARMUP_2015_NOT_SCORED
33010,33009,2015-07-27,2015,2015-07-27,-1,5,WARMUP_2015_NOT_SCORED
33033,33032,2015-07-27,2015,2015-07-27,-1,5,WARMUP_2015_NOT_SCORED
33075,33074,2015-07-27,2015,2015-07-27,-1,5,WARMUP_2015_NOT_SCORED
33091,33090,2015-07-27,2015,2015-07-27,-1,5,WARMUP_2015_NOT_SCORED
33109,33108,2015-07-27,2015,2015-07-27,-1,5,WARMUP_2015_NOT_SCORED
33125,33124,2015-07-28,2015,2015-07-28,-1,5,WARMUP_2015_NOT_SCORED
33132,33131,2015-07-28,2015,2015-07-28,-1,5,WARMUP_2015_NOT_SCORED
33163,33162,2015-07-28,2015,2015-07-28,-1,5,WARMUP_2015_NOT_SCORED
33217,33216,2015-07-28,2015,2015-07-28,1,5,WARMUP_2015_NOT_SCORED
33292,33291,2015-07-28,2015,2015-07-28,-1,5,WARMUP_2015_NOT_SCORED
33311,33310,2015-07-28,2015,2015-07-28,1,5,WARMUP_2015_NOT_SCORED
33318,33317,2015-07-28,2015,2015-07-28,1,5,WARMUP_2015_NOT_SCORED
33329,33328,2015-07-28,2015,2015-07-28,1,5,WARMUP_2015_NOT_SCORED
33341,33340,2015-07-28,2015,2015-07-28,-1,5,WARMUP_2015_NOT_SCORED
33366,33365,2015-07-29,2015,2015-07-29,1,5,WARMUP_2015_NOT_SCORED
33401,33400,2015-07-29,2015,2015-07-29,-1,5,WARMUP_2015_NOT_SCORED
33425,33424,2015-07-29,2015,2015-07-29,-1,5,WARMUP_2015_NOT_SCORED
33507,33506,2015-07-29,2015,2015-07-29,-1,5,WARMUP_2015_NOT_SCORED
33529,33528,2015-07-29,2015,2015-07-29,-1,5,WARMUP_2015_NOT_SCORED
33552,33551,2015-07-29,2015,2015-07-29,1,5,WARMUP_2015_NOT_SCORED
33563,33562,2015-07-29,2015,2015-07-29,1,5,WARMUP_2015_NOT_SCORED
33574,33573,2015-07-29,2015,2015-07-29,1,5,WARMUP_2015_NOT_SCORED
33603,33602,2015-07-30,2015,2015-07-30,1,5,WARMUP_2015_NOT_SCORED
33621,33620,2015-07-30,2015,2015-07-30,1,5,WARMUP_2015_NOT_SCORED
33692,33691,2015-07-30,2015,2015-07-30,1,5,WARMUP_2015_NOT_SCORED
33708,33707,2015-07-30,2015,2015-07-30,1,5,WARMUP_2015_NOT_SCORED
33743,33742,2015-07-30,2015,2015-07-30,-1,5,WARMUP_2015_NOT_SCORED
33760,33759,2015-07-30,2015,2015-07-30,-1,5,WARMUP_2015_NOT_SCORED
33793,33792,2015-07-30,2015,2015-07-30,1,5,WARMUP_2015_NOT_SCORED
33808,33807,2015-07-30,2015,2015-07-30,1,5,WARMUP_2015_NOT_SCORED
33818,33817,2015-07-30,2015,2015-07-30,-1,5,WARMUP_2015_NOT_SCORED
33844,33843,2015-07-31,2015,2015-07-31,-1,5,WARMUP_2015_NOT_SCORED
33850,33849,2015-07-31,2015,2015-07-31,-1,5,WARMUP_2015_NOT_SCORED
33877,33876,2015-07-31,2015,2015-07-31,-1,5,WARMUP_2015_NOT_SCORED
33900,33899,2015-07-31,2015,2015-07-31,-1,5,WARMUP_2015_NOT_SCORED
33910,33909,2015-07-31,2015,2015-07-31,1,5,WARMUP_2015_NOT_SCORED
34041,34040,2015-07-31,2015,2015-07-31,1,5,WARMUP_2015_NOT_SCORED
34055,34054,2015-07-31,2015,2015-07-31,-1,5,WARMUP_2015_NOT_SCORED
34086,34085,2015-08-03,2015,2015-08-03,-1,5,WARMUP_2015_NOT_SCORED
34098,34097,2015-08-03,2015,2015-08-03,-1,5,WARMUP_2015_NOT_SCORED
34133,34132,2015-08-03,2015,2015-08-03,-1,5,WARMUP_2015_NOT_SCORED
34161,34160,2015-08-03,2015,2015-08-03,1,5,WARMUP_2015_NOT_SCORED
34219,34218,2015-08-03,2015,2015-08-03,-1,5,WARMUP_2015_NOT_SCORED
34249,34248,2015-08-03,2015,2015-08-03,-1,5,WARMUP_2015_NOT_SCORED
34297,34296,2015-08-03,2015,2015-08-03,-1,5,WARMUP_2015_NOT_SCORED
34327,34326,2015-08-04,2015,2015-08-04,1,5,WARMUP_2015_NOT_SCORED
34352,34351,2015-08-04,2015,2015-08-04,1,5,WARMUP_2015_NOT_SCORED
34479,34478,2015-08-04,2015,2015-08-04,1,5,WARMUP_2015_NOT_SCORED
34526,34525,2015-08-04,2015,2015-08-04,1,5,WARMUP_2015_NOT_SCORED
34583,34582,2015-08-05,2015,2015-08-05,1,5,WARMUP_2015_NOT_SCORED
34628,34627,2015-08-05,2015,2015-08-05,1,5,WARMUP_2015_NOT_SCORED
34678,34677,2015-08-05,2015,2015-08-05,-1,5,WARMUP_2015_NOT_SCORED
34688,34687,2015-08-05,2015,2015-08-05,-1,5,WARMUP_2015_NOT_SCORED
34724,34723,2015-08-05,2015,2015-08-05,-1,5,WARMUP_2015_NOT_SCORED
34783,34782,2015-08-05,2015,2015-08-05,1,5,WARMUP_2015_NOT_SCORED
34805,34804,2015-08-06,2015,2015-08-06,-1,5,WARMUP_2015_NOT_SCORED
35160,35159,2015-08-07,2015,2015-08-07,1,5,WARMUP_2015_NOT_SCORED
35216,35215,2015-08-07,2015,2015-08-07,1,5,WARMUP_2015_NOT_SCORED
35286,35285,2015-08-10,2015,2015-08-10,1,5,WARMUP_2015_NOT_SCORED
35312,35311,2015-08-10,2015,2015-08-10,1,5,WARMUP_2015_NOT_SCORED
35356,35355,2015-08-10,2015,2015-08-10,1,5,WARMUP_2015_NOT_SCORED
35450,35449,2015-08-10,2015,2015-08-10,1,5,WARMUP_2015_NOT_SCORED
35524,35523,2015-08-11,2015,2015-08-11,1,5,WARMUP_2015_NOT_SCORED
35539,35538,2015-08-11,2015,2015-08-11,1,5,WARMUP_2015_NOT_SCORED
35566,35565,2015-08-11,2015,2015-08-11,1,5,WARMUP_2015_NOT_SCORED
35645,35644,2015-08-11,2015,2015-08-11,-1,5,WARMUP_2015_NOT_SCORED
35666,35665,2015-08-11,2015,2015-08-11,-1,5,WARMUP_2015_NOT_SCORED
35735,35734,2015-08-11,2015,2015-08-11,1,5,WARMUP_2015_NOT_SCORED
35787,35786,2015-08-12,2015,2015-08-12,-1,5,WARMUP_2015_NOT_SCORED
35967,35966,2015-08-12,2015,2015-08-12,-1,5,WARMUP_2015_NOT_SCORED
36086,36085,2015-08-13,2015,2015-08-13,1,5,WARMUP_2015_NOT_SCORED
36149,36148,2015-08-13,2015,2015-08-13,-1,5,WARMUP_2015_NOT_SCORED
36246,36245,2015-08-14,2015,2015-08-14,1,5,WARMUP_2015_NOT_SCORED
36287,36286,2015-08-14,2015,2015-08-14,1,5,WARMUP_2015_NOT_SCORED
36304,36303,2015-08-14,2015,2015-08-14,1,5,WARMUP_2015_NOT_SCORED
36399,36398,2015-08-14,2015,2015-08-14,1,5,WARMUP_2015_NOT_SCORED
36464,36463,2015-08-14,2015,2015-08-14,-1,5,WARMUP_2015_NOT_SCORED
36533,36532,2015-08-17,2015,2015-08-17,-1,5,WARMUP_2015_NOT_SCORED
36581,36580,2015-08-17,2015,2015-08-17,-1,5,WARMUP_2015_NOT_SCORED
36633,36632,2015-08-17,2015,2015-08-17,1,5,WARMUP_2015_NOT_SCORED
36685,36684,2015-08-17,2015,2015-08-17,1,5,WARMUP_2015_NOT_SCORED
36728,36727,2015-08-18,2015,2015-08-18,1,5,WARMUP_2015_NOT_SCORED
36837,36836,2015-08-18,2015,2015-08-18,-1,5,WARMUP_2015_NOT_SCORED
36859,36858,2015-08-18,2015,2015-08-18,-1,5,WARMUP_2015_NOT_SCORED
36880,36879,2015-08-18,2015,2015-08-18,-1,5,WARMUP_2015_NOT_SCORED
36894,36893,2015-08-18,2015,2015-08-18,-1,5,WARMUP_2015_NOT_SCORED
36904,36903,2015-08-18,2015,2015-08-18,-1,5,WARMUP_2015_NOT_SCORED
36929,36928,2015-08-18,2015,2015-08-18,-1,5,WARMUP_2015_NOT_SCORED
36964,36963,2015-08-19,2015,2015-08-19,-1,5,WARMUP_2015_NOT_SCORED
36999,36998,2015-08-19,2015,2015-08-19,1,5,WARMUP_2015_NOT_SCORED
37065,37064,2015-08-19,2015,2015-08-19,-1,5,WARMUP_2015_NOT_SCORED
37160,37159,2015-08-19,2015,2015-08-19,1,5,WARMUP_2015_NOT_SCORED
37185,37184,2015-08-19,2015,2015-08-19,1,5,WARMUP_2015_NOT_SCORED
37349,37348,2015-08-20,2015,2015-08-20,1,5,WARMUP_2015_NOT_SCORED
37420,37419,2015-08-20,2015,2015-08-20,-1,5,WARMUP_2015_NOT_SCORED
37445,37444,2015-08-21,2015,2015-08-21,-1,5,WARMUP_2015_NOT_SCORED
37457,37456,2015-08-21,2015,2015-08-21,-1,5,WARMUP_2015_NOT_SCORED
37490,37489,2015-08-21,2015,2015-08-21,-1,5,WARMUP_2015_NOT_SCORED
37540,37539,2015-08-21,2015,2015-08-21,-1,5,WARMUP_2015_NOT_SCORED
37570,37569,2015-08-21,2015,2015-08-21,-1,5,WARMUP_2015_NOT_SCORED
37583,37582,2015-08-21,2015,2015-08-21,-1,5,WARMUP_2015_NOT_SCORED
37643,37642,2015-08-21,2015,2015-08-21,1,5,WARMUP_2015_NOT_SCORED
37693,37692,2015-08-24,2015,2015-08-24,-1,5,WARMUP_2015_NOT_SCORED
37715,37714,2015-08-24,2015,2015-08-24,-1,5,WARMUP_2015_NOT_SCORED
37744,37743,2015-08-24,2015,2015-08-24,-1,5,WARMUP_2015_NOT_SCORED
37898,37897,2015-08-24,2015,2015-08-24,-1,5,WARMUP_2015_NOT_SCORED
37948,37947,2015-08-25,2015,2015-08-25,-1,5,WARMUP_2015_NOT_SCORED
38174,38173,2015-08-26,2015,2015-08-26,-1,5,WARMUP_2015_NOT_SCORED
38185,38184,2015-08-26,2015,2015-08-26,1,5,WARMUP_2015_NOT_SCORED
38215,38214,2015-08-26,2015,2015-08-26,-1,5,WARMUP_2015_NOT_SCORED
38224,38223,2015-08-26,2015,2015-08-26,-1,5,WARMUP_2015_NOT_SCORED
38238,38237,2015-08-26,2015,2015-08-26,-1,5,WARMUP_2015_NOT_SCORED
38279,38278,2015-08-26,2015,2015-08-26,1,5,WARMUP_2015_NOT_SCORED
38290,38289,2015-08-26,2015,2015-08-26,1,5,WARMUP_2015_NOT_SCORED
38312,38311,2015-08-26,2015,2015-08-26,1,5,WARMUP_2015_NOT_SCORED
38327,38326,2015-08-26,2015,2015-08-26,1,5,WARMUP_2015_NOT_SCORED
38341,38340,2015-08-26,2015,2015-08-26,-1,5,WARMUP_2015_NOT_SCORED
38363,38362,2015-08-26,2015,2015-08-26,-1,5,WARMUP_2015_NOT_SCORED
38402,38401,2015-08-27,2015,2015-08-27,-1,5,WARMUP_2015_NOT_SCORED
38534,38533,2015-08-27,2015,2015-08-27,-1,5,WARMUP_2015_NOT_SCORED
38585,38584,2015-08-27,2015,2015-08-27,-1,5,WARMUP_2015_NOT_SCORED
38600,38599,2015-08-27,2015,2015-08-27,-1,5,WARMUP_2015_NOT_SCORED
38607,38606,2015-08-27,2015,2015-08-27,-1,5,WARMUP_2015_NOT_SCORED
38617,38616,2015-08-27,2015,2015-08-27,1,5,WARMUP_2015_NOT_SCORED
38632,38631,2015-08-27,2015,2015-08-27,1,5,WARMUP_2015_NOT_SCORED
38644,38643,2015-08-28,2015,2015-08-28,1,5,WARMUP_2015_NOT_SCORED
38651,38650,2015-08-28,2015,2015-08-28,1,5,WARMUP_2015_NOT_SCORED
38668,38667,2015-08-28,2015,2015-08-28,1,5,WARMUP_2015_NOT_SCORED
38703,38702,2015-08-28,2015,2015-08-28,1,5,WARMUP_2015_NOT_SCORED
38727,38726,2015-08-28,2015,2015-08-28,1,5,WARMUP_2015_NOT_SCORED
38780,38779,2015-08-28,2015,2015-08-28,1,5,WARMUP_2015_NOT_SCORED
38832,38831,2015-08-28,2015,2015-08-28,1,5,WARMUP_2015_NOT_SCORED
38868,38867,2015-08-28,2015,2015-08-28,1,5,WARMUP_2015_NOT_SCORED
38883,38882,2015-08-31,2015,2015-08-31,1,5,WARMUP_2015_NOT_SCORED
39125,39124,2015-09-01,2015,2015-09-01,-1,5,WARMUP_2015_NOT_SCORED
39133,39132,2015-09-01,2015,2015-09-01,-1,5,WARMUP_2015_NOT_SCORED
39166,39165,2015-09-01,2015,2015-09-01,-1,5,WARMUP_2015_NOT_SCORED
39186,39185,2015-09-01,2015,2015-09-01,-1,5,WARMUP_2015_NOT_SCORED
39327,39326,2015-09-01,2015,2015-09-01,-1,5,WARMUP_2015_NOT_SCORED
39356,39355,2015-09-01,2015,2015-09-01,-1,5,WARMUP_2015_NOT_SCORED
39377,39376,2015-09-02,2015,2015-09-02,-1,5,WARMUP_2015_NOT_SCORED
39494,39493,2015-09-02,2015,2015-09-02,1,5,WARMUP_2015_NOT_SCORED
39586,39585,2015-09-02,2015,2015-09-02,-1,5,WARMUP_2015_NOT_SCORED
39621,39620,2015-09-07,2015,2015-09-07,1,5,WARMUP_2015_NOT_SCORED
39745,39744,2015-09-07,2015,2015-09-07,1,5,WARMUP_2015_NOT_SCORED
39776,39775,2015-09-07,2015,2015-09-07,1,5,WARMUP_2015_NOT_SCORED
39781,39780,2015-09-07,2015,2015-09-07,-1,5,WARMUP_2015_NOT_SCORED
39873,39872,2015-09-08,2015,2015-09-08,1,5,WARMUP_2015_NOT_SCORED
39955,39954,2015-09-08,2015,2015-09-08,1,5,WARMUP_2015_NOT_SCORED
40007,40006,2015-09-08,2015,2015-09-08,-1,5,WARMUP_2015_NOT_SCORED
40160,40159,2015-09-09,2015,2015-09-09,1,5,WARMUP_2015_NOT_SCORED
40239,40238,2015-09-09,2015,2015-09-09,-1,5,WARMUP_2015_NOT_SCORED
40271,40270,2015-09-09,2015,2015-09-09,-1,5,WARMUP_2015_NOT_SCORED
40281,40280,2015-09-09,2015,2015-09-09,-1,5,WARMUP_2015_NOT_SCORED
40323,40322,2015-09-10,2015,2015-09-10,1,5,WARMUP_2015_NOT_SCORED
40370,40369,2015-09-10,2015,2015-09-10,1,5,WARMUP_2015_NOT_SCORED
40418,40417,2015-09-10,2015,2015-09-10,1,5,WARMUP_2015_NOT_SCORED
40490,40489,2015-09-10,2015,2015-09-10,1,5,WARMUP_2015_NOT_SCORED
40513,40512,2015-09-10,2015,2015-09-10,1,5,WARMUP_2015_NOT_SCORED
40576,40575,2015-09-11,2015,2015-09-11,-1,5,WARMUP_2015_NOT_SCORED
40683,40682,2015-09-11,2015,2015-09-11,1,5,WARMUP_2015_NOT_SCORED
40743,40742,2015-09-11,2015,2015-09-11,-1,5,WARMUP_2015_NOT_SCORED
40786,40785,2015-09-11,2015,2015-09-11,1,5,WARMUP_2015_NOT_SCORED
40819,40818,2015-09-14,2015,2015-09-14,1,5,WARMUP_2015_NOT_SCORED
40871,40870,2015-09-14,2015,2015-09-14,-1,5,WARMUP_2015_NOT_SCORED
40929,40928,2015-09-14,2015,2015-09-14,-1,5,WARMUP_2015_NOT_SCORED
40954,40953,2015-09-14,2015,2015-09-14,-1,5,WARMUP_2015_NOT_SCORED
41020,41019,2015-09-14,2015,2015-09-14,-1,5,WARMUP_2015_NOT_SCORED
41045,41044,2015-09-15,2015,2015-09-15,-1,5,WARMUP_2015_NOT_SCORED
41054,41053,2015-09-15,2015,2015-09-15,-1,5,WARMUP_2015_NOT_SCORED
41235,41234,2015-09-15,2015,2015-09-15,-1,5,WARMUP_2015_NOT_SCORED
41283,41282,2015-09-16,2015,2015-09-16,-1,5,WARMUP_2015_NOT_SCORED
41296,41295,2015-09-16,2015,2015-09-16,-1,5,WARMUP_2015_NOT_SCORED
41301,41300,2015-09-16,2015,2015-09-16,1,5,WARMUP_2015_NOT_SCORED
41344,41343,2015-09-16,2015,2015-09-16,1,5,WARMUP_2015_NOT_SCORED
41400,41399,2015-09-16,2015,2015-09-16,1,5,WARMUP_2015_NOT_SCORED
41523,41522,2015-09-17,2015,2015-09-17,1,5,WARMUP_2015_NOT_SCORED
41530,41529,2015-09-17,2015,2015-09-17,1,5,WARMUP_2015_NOT_SCORED
41546,41545,2015-09-17,2015,2015-09-17,1,5,WARMUP_2015_NOT_SCORED
41578,41577,2015-09-17,2015,2015-09-17,1,5,WARMUP_2015_NOT_SCORED
41606,41605,2015-09-17,2015,2015-09-17,1,5,WARMUP_2015_NOT_SCORED
41629,41628,2015-09-17,2015,2015-09-17,1,5,WARMUP_2015_NOT_SCORED
41676,41675,2015-09-17,2015,2015-09-17,1,5,WARMUP_2015_NOT_SCORED
41718,41717,2015-09-17,2015,2015-09-17,1,5,WARMUP_2015_NOT_SCORED
41753,41752,2015-09-17,2015,2015-09-17,-1,5,WARMUP_2015_NOT_SCORED
41763,41762,2015-09-18,2015,2015-09-18,-1,5,WARMUP_2015_NOT_SCORED
41796,41795,2015-09-18,2015,2015-09-18,-1,5,WARMUP_2015_NOT_SCORED
41848,41847,2015-09-18,2015,2015-09-18,-1,5,WARMUP_2015_NOT_SCORED
41947,41946,2015-09-18,2015,2015-09-18,1,5,WARMUP_2015_NOT_SCORED
41995,41994,2015-09-18,2015,2015-09-18,1,5,WARMUP_2015_NOT_SCORED
42053,42052,2015-09-21,2015,2015-09-21,1,5,WARMUP_2015_NOT_SCORED
42170,42169,2015-09-21,2015,2015-09-21,1,5,WARMUP_2015_NOT_SCORED
42266,42265,2015-09-22,2015,2015-09-22,1,5,WARMUP_2015_NOT_SCORED
42499,42498,2015-09-23,2015,2015-09-23,-1,5,WARMUP_2015_NOT_SCORED
43075,43074,2015-09-25,2015,2015-09-25,-1,5,WARMUP_2015_NOT_SCORED
43193,43192,2015-09-25,2015,2015-09-25,1,5,WARMUP_2015_NOT_SCORED
43221,43220,2015-09-28,2015,2015-09-28,-1,5,WARMUP_2015_NOT_SCORED
43262,43261,2015-09-28,2015,2015-09-28,-1,5,WARMUP_2015_NOT_SCORED
43353,43352,2015-09-28,2015,2015-09-28,1,5,WARMUP_2015_NOT_SCORED
43417,43416,2015-09-28,2015,2015-09-28,1,5,WARMUP_2015_NOT_SCORED
43443,43442,2015-09-29,2015,2015-09-29,1,5,WARMUP_2015_NOT_SCORED
43654,43653,2015-09-29,2015,2015-09-29,-1,5,WARMUP_2015_NOT_SCORED
43688,43687,2015-09-30,2015,2015-09-30,-1,5,WARMUP_2015_NOT_SCORED
43709,43708,2015-09-30,2015,2015-09-30,-1,5,WARMUP_2015_NOT_SCORED
43738,43737,2015-09-30,2015,2015-09-30,1,5,WARMUP_2015_NOT_SCORED
43768,43767,2015-09-30,2015,2015-09-30,1,5,WARMUP_2015_NOT_SCORED
43858,43857,2015-09-30,2015,2015-09-30,-1,5,WARMUP_2015_NOT_SCORED
43933,43932,2015-10-08,2015,2015-10-08,1,5,WARMUP_2015_NOT_SCORED
43959,43958,2015-10-08,2015,2015-10-08,1,5,WARMUP_2015_NOT_SCORED
44130,44129,2015-10-08,2015,2015-10-08,1,5,WARMUP_2015_NOT_SCORED
44223,44222,2015-10-09,2015,2015-10-09,1,5,WARMUP_2015_NOT_SCORED
44258,44257,2015-10-09,2015,2015-10-09,1,5,WARMUP_2015_NOT_SCORED
44360,44359,2015-10-09,2015,2015-10-09,1,5,WARMUP_2015_NOT_SCORED
44560,44559,2015-10-12,2015,2015-10-12,1,5,WARMUP_2015_NOT_SCORED
44732,44731,2015-10-13,2015,2015-10-13,1,5,WARMUP_2015_NOT_SCORED
44801,44800,2015-10-13,2015,2015-10-13,1,5,WARMUP_2015_NOT_SCORED
44841,44840,2015-10-13,2015,2015-10-13,1,5,WARMUP_2015_NOT_SCORED
44877,44876,2015-10-13,2015,2015-10-13,1,5,WARMUP_2015_NOT_SCORED
44961,44960,2015-10-14,2015,2015-10-14,-1,5,WARMUP_2015_NOT_SCORED
44982,44981,2015-10-14,2015,2015-10-14,-1,5,WARMUP_2015_NOT_SCORED
45027,45026,2015-10-14,2015,2015-10-14,1,5,WARMUP_2015_NOT_SCORED
45117,45116,2015-10-14,2015,2015-10-14,-1,5,WARMUP_2015_NOT_SCORED
45148,45147,2015-10-15,2015,2015-10-15,-1,5,WARMUP_2015_NOT_SCORED
45297,45296,2015-10-15,2015,2015-10-15,1,5,WARMUP_2015_NOT_SCORED
45401,45400,2015-10-16,2015,2015-10-16,1,5,WARMUP_2015_NOT_SCORED
45556,45555,2015-10-16,2015,2015-10-16,-1,5,WARMUP_2015_NOT_SCORED
45622,45621,2015-10-19,2015,2015-10-19,1,5,WARMUP_2015_NOT_SCORED
45662,45661,2015-10-19,2015,2015-10-19,1,5,WARMUP_2015_NOT_SCORED
45739,45738,2015-10-19,2015,2015-10-19,1,5,WARMUP_2015_NOT_SCORED
45780,45779,2015-10-19,2015,2015-10-19,-1,5,WARMUP_2015_NOT_SCORED
45879,45878,2015-10-20,2015,2015-10-20,1,5,WARMUP_2015_NOT_SCORED
45944,45943,2015-10-20,2015,2015-10-20,1,5,WARMUP_2015_NOT_SCORED
46030,46029,2015-10-20,2015,2015-10-20,1,5,WARMUP_2015_NOT_SCORED
46065,46064,2015-10-20,2015,2015-10-20,1,5,WARMUP_2015_NOT_SCORED
46107,46106,2015-10-21,2015,2015-10-21,1,5,WARMUP_2015_NOT_SCORED
46187,46186,2015-10-21,2015,2015-10-21,-1,5,WARMUP_2015_NOT_SCORED
46246,46245,2015-10-21,2015,2015-10-21,-1,5,WARMUP_2015_NOT_SCORED
46261,46260,2015-10-21,2015,2015-10-21,-1,5,WARMUP_2015_NOT_SCORED
46314,46313,2015-10-21,2015,2015-10-21,-1,5,WARMUP_2015_NOT_SCORED
46392,46391,2015-10-22,2015,2015-10-22,1,5,WARMUP_2015_NOT_SCORED
46477,46476,2015-10-22,2015,2015-10-22,-1,5,WARMUP_2015_NOT_SCORED
46579,46578,2015-10-23,2015,2015-10-23,1,5,WARMUP_2015_NOT_SCORED
46611,46610,2015-10-23,2015,2015-10-23,1,5,WARMUP_2015_NOT_SCORED
46658,46657,2015-10-23,2015,2015-10-23,1,5,WARMUP_2015_NOT_SCORED
46728,46727,2015-10-23,2015,2015-10-23,1,5,WARMUP_2015_NOT_SCORED
46758,46757,2015-10-23,2015,2015-10-23,1,5,WARMUP_2015_NOT_SCORED
46814,46813,2015-10-26,2015,2015-10-26,1,5,WARMUP_2015_NOT_SCORED
46972,46971,2015-10-26,2015,2015-10-26,1,5,WARMUP_2015_NOT_SCORED
47041,47040,2015-10-27,2015,2015-10-27,-1,5,WARMUP_2015_NOT_SCORED
47074,47073,2015-10-27,2015,2015-10-27,-1,5,WARMUP_2015_NOT_SCORED
47101,47100,2015-10-27,2015,2015-10-27,-1,5,WARMUP_2015_NOT_SCORED
47147,47146,2015-10-27,2015,2015-10-27,-1,5,WARMUP_2015_NOT_SCORED
47212,47211,2015-10-27,2015,2015-10-27,1,5,WARMUP_2015_NOT_SCORED
47253,47252,2015-10-27,2015,2015-10-27,1,5,WARMUP_2015_NOT_SCORED
47283,47282,2015-10-28,2015,2015-10-28,1,5,WARMUP_2015_NOT_SCORED
47322,47321,2015-10-28,2015,2015-10-28,-1,5,WARMUP_2015_NOT_SCORED
47349,47348,2015-10-28,2015,2015-10-28,1,5,WARMUP_2015_NOT_SCORED
47431,47430,2015-10-28,2015,2015-10-28,-1,5,WARMUP_2015_NOT_SCORED
47465,47464,2015-10-28,2015,2015-10-28,-1,5,WARMUP_2015_NOT_SCORED
47523,47522,2015-10-29,2015,2015-10-29,-1,5,WARMUP_2015_NOT_SCORED
47570,47569,2015-10-29,2015,2015-10-29,-1,5,WARMUP_2015_NOT_SCORED
47674,47673,2015-10-29,2015,2015-10-29,-1,5,WARMUP_2015_NOT_SCORED
47747,47746,2015-10-29,2015,2015-10-29,1,5,WARMUP_2015_NOT_SCORED
47786,47785,2015-10-30,2015,2015-10-30,1,5,WARMUP_2015_NOT_SCORED
47855,47854,2015-10-30,2015,2015-10-30,-1,5,WARMUP_2015_NOT_SCORED
47892,47891,2015-10-30,2015,2015-10-30,-1,5,WARMUP_2015_NOT_SCORED
47907,47906,2015-10-30,2015,2015-10-30,-1,5,WARMUP_2015_NOT_SCORED
47928,47927,2015-10-30,2015,2015-10-30,1,5,WARMUP_2015_NOT_SCORED
48043,48042,2015-11-02,2015,2015-11-02,-1,5,WARMUP_2015_NOT_SCORED
48244,48243,2015-11-03,2015,2015-11-03,-1,5,WARMUP_2015_NOT_SCORED
48332,48331,2015-11-03,2015,2015-11-03,-1,5,WARMUP_2015_NOT_SCORED
48598,48597,2015-11-04,2015,2015-11-04,1,5,WARMUP_2015_NOT_SCORED
48636,48635,2015-11-04,2015,2015-11-04,1,5,WARMUP_2015_NOT_SCORED
48745,48744,2015-11-05,2015,2015-11-05,1,5,WARMUP_2015_NOT_SCORED
48858,48857,2015-11-05,2015,2015-11-05,-1,5,WARMUP_2015_NOT_SCORED
49044,49043,2015-11-06,2015,2015-11-06,1,5,WARMUP_2015_NOT_SCORED
49132,49131,2015-11-06,2015,2015-11-06,1,5,WARMUP_2015_NOT_SCORED
49176,49175,2015-11-06,2015,2015-11-06,1,5,WARMUP_2015_NOT_SCORED
49202,49201,2015-11-09,2015,2015-11-09,1,5,WARMUP_2015_NOT_SCORED
49211,49210,2015-11-09,2015,2015-11-09,1,5,WARMUP_2015_NOT_SCORED
49270,49269,2015-11-09,2015,2015-11-09,-1,5,WARMUP_2015_NOT_SCORED
49359,49358,2015-11-09,2015,2015-11-09,1,5,WARMUP_2015_NOT_SCORED
49443,49442,2015-11-10,2015,2015-11-10,1,5,WARMUP_2015_NOT_SCORED
49468,49467,2015-11-10,2015,2015-11-10,1,5,WARMUP_2015_NOT_SCORED
49512,49511,2015-11-10,2015,2015-11-10,1,5,WARMUP_2015_NOT_SCORED
49588,49587,2015-11-10,2015,2015-11-10,1,5,WARMUP_2015_NOT_SCORED
49690,49689,2015-11-11,2015,2015-11-11,1,5,WARMUP_2015_NOT_SCORED
49715,49714,2015-11-11,2015,2015-11-11,1,5,WARMUP_2015_NOT_SCORED
49761,49760,2015-11-11,2015,2015-11-11,1,5,WARMUP_2015_NOT_SCORED
49857,49856,2015-11-11,2015,2015-11-11,1,5,WARMUP_2015_NOT_SCORED
49915,49914,2015-11-11,2015,2015-11-11,1,5,WARMUP_2015_NOT_SCORED
49944,49943,2015-11-12,2015,2015-11-12,1,5,WARMUP_2015_NOT_SCORED
50163,50162,2015-11-13,2015,2015-11-13,1,5,WARMUP_2015_NOT_SCORED
50248,50247,2015-11-13,2015,2015-11-13,-1,5,WARMUP_2015_NOT_SCORED
50449,50448,2015-11-16,2015,2015-11-16,-1,5,WARMUP_2015_NOT_SCORED
50646,50645,2015-11-17,2015,2015-11-17,1,5,WARMUP_2015_NOT_SCORED
50673,50672,2015-11-17,2015,2015-11-17,1,5,WARMUP_2015_NOT_SCORED
51112,51111,2015-11-18,2015,2015-11-18,-1,5,WARMUP_2015_NOT_SCORED
51134,51133,2015-11-19,2015,2015-11-19,-1,5,WARMUP_2015_NOT_SCORED
51321,51320,2015-11-19,2015,2015-11-19,1,5,WARMUP_2015_NOT_SCORED
51426,51425,2015-11-20,2015,2015-11-20,1,5,WARMUP_2015_NOT_SCORED
51531,51530,2015-11-20,2015,2015-11-20,1,5,WARMUP_2015_NOT_SCORED
51556,51555,2015-11-20,2015,2015-11-20,1,5,WARMUP_2015_NOT_SCORED
51650,51649,2015-11-23,2015,2015-11-23,1,5,WARMUP_2015_NOT_SCORED
51748,51747,2015-11-23,2015,2015-11-23,1,5,WARMUP_2015_NOT_SCORED
51793,51792,2015-11-23,2015,2015-11-23,1,5,WARMUP_2015_NOT_SCORED
51816,51815,2015-11-23,2015,2015-11-23,-1,5,WARMUP_2015_NOT_SCORED
51846,51845,2015-11-24,2015,2015-11-24,-1,5,WARMUP_2015_NOT_SCORED
51912,51911,2015-11-24,2015,2015-11-24,-1,5,WARMUP_2015_NOT_SCORED
51971,51970,2015-11-24,2015,2015-11-24,-1,5,WARMUP_2015_NOT_SCORED
52126,52125,2015-11-25,2015,2015-11-25,1,5,WARMUP_2015_NOT_SCORED
52192,52191,2015-11-25,2015,2015-11-25,1,5,WARMUP_2015_NOT_SCORED
52289,52288,2015-11-25,2015,2015-11-25,1,5,WARMUP_2015_NOT_SCORED
52349,52348,2015-11-26,2015,2015-11-26,1,5,WARMUP_2015_NOT_SCORED
52511,52510,2015-11-26,2015,2015-11-26,1,5,WARMUP_2015_NOT_SCORED
52534,52533,2015-11-26,2015,2015-11-26,1,5,WARMUP_2015_NOT_SCORED
52606,52605,2015-11-27,2015,2015-11-27,-1,5,WARMUP_2015_NOT_SCORED
52701,52700,2015-11-27,2015,2015-11-27,-1,5,WARMUP_2015_NOT_SCORED
52717,52716,2015-11-27,2015,2015-11-27,-1,5,WARMUP_2015_NOT_SCORED
52747,52746,2015-11-27,2015,2015-11-27,-1,5,WARMUP_2015_NOT_SCORED
52763,52762,2015-11-27,2015,2015-11-27,-1,5,WARMUP_2015_NOT_SCORED
52804,52803,2015-11-30,2015,2015-11-30,-1,5,WARMUP_2015_NOT_SCORED
52893,52892,2015-11-30,2015,2015-11-30,-1,5,WARMUP_2015_NOT_SCORED
52904,52903,2015-11-30,2015,2015-11-30,-1,5,WARMUP_2015_NOT_SCORED
52931,52930,2015-11-30,2015,2015-11-30,-1,5,WARMUP_2015_NOT_SCORED
52955,52954,2015-11-30,2015,2015-11-30,-1,5,WARMUP_2015_NOT_SCORED
53015,53014,2015-11-30,2015,2015-11-30,1,5,WARMUP_2015_NOT_SCORED
53045,53044,2015-12-01,2015,2015-12-01,1,5,WARMUP_2015_NOT_SCORED
53054,53053,2015-12-01,2015,2015-12-01,1,5,WARMUP_2015_NOT_SCORED
53071,53070,2015-12-01,2015,2015-12-01,-1,5,WARMUP_2015_NOT_SCORED
53094,53093,2015-12-01,2015,2015-12-01,-1,5,WARMUP_2015_NOT_SCORED
53128,53127,2015-12-01,2015,2015-12-01,1,5,WARMUP_2015_NOT_SCORED
53236,53235,2015-12-01,2015,2015-12-01,1,5,WARMUP_2015_NOT_SCORED
53281,53280,2015-12-02,2015,2015-12-02,-1,5,WARMUP_2015_NOT_SCORED
53326,53325,2015-12-02,2015,2015-12-02,-1,5,WARMUP_2015_NOT_SCORED
53370,53369,2015-12-02,2015,2015-12-02,-1,5,WARMUP_2015_NOT_SCORED
53606,53605,2015-12-03,2015,2015-12-03,1,5,WARMUP_2015_NOT_SCORED
53723,53722,2015-12-03,2015,2015-12-03,1,5,WARMUP_2015_NOT_SCORED
53763,53762,2015-12-04,2015,2015-12-04,1,5,WARMUP_2015_NOT_SCORED
53788,53787,2015-12-04,2015,2015-12-04,1,5,WARMUP_2015_NOT_SCORED
53816,53815,2015-12-04,2015,2015-12-04,1,5,WARMUP_2015_NOT_SCORED
53879,53878,2015-12-04,2015,2015-12-04,1,5,WARMUP_2015_NOT_SCORED
54155,54154,2015-12-07,2015,2015-12-07,1,5,WARMUP_2015_NOT_SCORED
54244,54243,2015-12-08,2015,2015-12-08,1,5,WARMUP_2015_NOT_SCORED
54327,54326,2015-12-08,2015,2015-12-08,-1,5,WARMUP_2015_NOT_SCORED
54494,54493,2015-12-09,2015,2015-12-09,-1,5,WARMUP_2015_NOT_SCORED
54530,54529,2015-12-09,2015,2015-12-09,-1,5,WARMUP_2015_NOT_SCORED
54675,54674,2015-12-09,2015,2015-12-09,-1,5,WARMUP_2015_NOT_SCORED
54919,54918,2015-12-10,2015,2015-12-10,1,5,WARMUP_2015_NOT_SCORED
54943,54942,2015-12-10,2015,2015-12-10,1,5,WARMUP_2015_NOT_SCORED
55041,55040,2015-12-11,2015,2015-12-11,-1,5,WARMUP_2015_NOT_SCORED
55093,55092,2015-12-11,2015,2015-12-11,-1,5,WARMUP_2015_NOT_SCORED
55154,55153,2015-12-11,2015,2015-12-11,-1,5,WARMUP_2015_NOT_SCORED
55220,55219,2015-12-14,2015,2015-12-14,-1,5,WARMUP_2015_NOT_SCORED
55497,55496,2015-12-15,2015,2015-12-15,1,5,WARMUP_2015_NOT_SCORED
55636,55635,2015-12-15,2015,2015-12-15,1,5,WARMUP_2015_NOT_SCORED
55882,55881,2015-12-16,2015,2015-12-16,1,5,WARMUP_2015_NOT_SCORED
55995,55994,2015-12-17,2015,2015-12-17,1,5,WARMUP_2015_NOT_SCORED
56100,56099,2015-12-17,2015,2015-12-17,1,5,WARMUP_2015_NOT_SCORED
56138,56137,2015-12-17,2015,2015-12-17,1,5,WARMUP_2015_NOT_SCORED
56233,56232,2015-12-18,2015,2015-12-18,1,5,WARMUP_2015_NOT_SCORED
56761,56760,2015-12-22,2015,2015-12-22,1,5,WARMUP_2015_NOT_SCORED
56857,56856,2015-12-22,2015,2015-12-22,1,5,WARMUP_2015_NOT_SCORED
56935,56934,2015-12-23,2015,2015-12-23,1,5,WARMUP_2015_NOT_SCORED
57157,57156,2015-12-24,2015,2015-12-24,-1,5,WARMUP_2015_NOT_SCORED
57230,57229,2015-12-24,2015,2015-12-24,-1,5,WARMUP_2015_NOT_SCORED
57744,57743,2015-12-28,2015,2015-12-28,1,5,WARMUP_2015_NOT_SCORED
57758,57757,2015-12-28,2015,2015-12-28,1,5,WARMUP_2015_NOT_SCORED
57807,57806,2015-12-28,2015,2015-12-28,-1,5,WARMUP_2015_NOT_SCORED
57833,57832,2015-12-28,2015,2015-12-28,-1,5,WARMUP_2015_NOT_SCORED
57867,57866,2015-12-29,2015,2015-12-29,-1,5,WARMUP_2015_NOT_SCORED
57912,57911,2015-12-29,2015,2015-12-29,-1,5,WARMUP_2015_NOT_SCORED
58240,58239,2015-12-30,2015,2015-12-30,1,5,WARMUP_2015_NOT_SCORED
58374,58373,2015-12-31,2015,2015-12-31,1,5,WARMUP_2015_NOT_SCORED
58453,58452,2015-12-31,2015,2015-12-31,1,5,WARMUP_2015_NOT_SCORED
58513,58512,2015-12-31,2015,2015-12-31,-1,5,WARMUP_2015_NOT_SCORED
58593,58592,2016-01-04,2016,2016-01-04,-1,5,SCORED
58614,58613,2016-01-04,2016,2016-01-04,-1,5,SCORED
58713,58712,2016-01-05,2016,2016-01-05,-1,5,SCORED
58905,58904,2016-01-05,2016,2016-01-05,-1,5,SCORED
58931,58930,2016-01-05,2016,2016-01-05,1,5,SCORED
58964,58963,2016-01-06,2016,2016-01-06,1,5,SCORED
59016,59015,2016-01-06,2016,2016-01-06,1,5,SCORED
59125,59124,2016-01-06,2016,2016-01-06,1,5,SCORED
59173,59172,2016-01-06,2016,2016-01-06,1,5,SCORED
59187,59186,2016-01-07,2016,2016-01-07,1,5,SCORED
59204,59203,2016-01-08,2016,2016-01-08,-1,5,SCORED
59226,59225,2016-01-08,2016,2016-01-08,-1,5,SCORED
59237,59236,2016-01-08,2016,2016-01-08,1,5,SCORED
59270,59269,2016-01-08,2016,2016-01-08,1,5,SCORED
59338,59337,2016-01-08,2016,2016-01-08,1,5,SCORED
59378,59377,2016-01-08,2016,2016-01-08,1,5,SCORED
59447,59446,2016-01-11,2016,2016-01-11,-1,5,SCORED
59564,59563,2016-01-11,2016,2016-01-11,-1,5,SCORED
59588,59587,2016-01-11,2016,2016-01-11,-1,5,SCORED
59609,59608,2016-01-11,2016,2016-01-11,-1,5,SCORED
59659,59658,2016-01-11,2016,2016-01-11,-1,5,SCORED
59674,59673,2016-01-11,2016,2016-01-11,-1,5,SCORED
59697,59696,2016-01-12,2016,2016-01-12,-1,5,SCORED
59760,59759,2016-01-12,2016,2016-01-12,-1,5,SCORED
59865,59864,2016-01-12,2016,2016-01-12,1,5,SCORED
59996,59995,2016-01-13,2016,2016-01-13,1,5,SCORED
60065,60064,2016-01-13,2016,2016-01-13,-1,5,SCORED
60137,60136,2016-01-13,2016,2016-01-13,-1,5,SCORED
60156,60155,2016-01-13,2016,2016-01-13,-1,5,SCORED
60165,60164,2016-01-14,2016,2016-01-14,-1,5,SCORED
60331,60330,2016-01-14,2016,2016-01-14,1,5,SCORED
60371,60370,2016-01-14,2016,2016-01-14,1,5,SCORED
60404,60403,2016-01-15,2016,2016-01-15,1,5,SCORED
60449,60448,2016-01-15,2016,2016-01-15,1,5,SCORED
60536,60535,2016-01-15,2016,2016-01-15,-1,5,SCORED
60567,60566,2016-01-15,2016,2016-01-15,-1,5,SCORED
60612,60611,2016-01-15,2016,2016-01-15,-1,5,SCORED
60646,60645,2016-01-18,2016,2016-01-18,-1,5,SCORED
60667,60666,2016-01-18,2016,2016-01-18,1,5,SCORED
60718,60717,2016-01-18,2016,2016-01-18,1,5,SCORED
60743,60742,2016-01-18,2016,2016-01-18,-1,5,SCORED
60814,60813,2016-01-18,2016,2016-01-18,1,5,SCORED
60924,60923,2016-01-19,2016,2016-01-19,-1,5,SCORED
61057,61056,2016-01-19,2016,2016-01-19,1,5,SCORED
61095,61094,2016-01-19,2016,2016-01-19,1,5,SCORED
61124,61123,2016-01-20,2016,2016-01-20,1,5,SCORED
61189,61188,2016-01-20,2016,2016-01-20,1,5,SCORED
61271,61270,2016-01-20,2016,2016-01-20,-1,5,SCORED
61329,61328,2016-01-20,2016,2016-01-20,1,5,SCORED
61382,61381,2016-01-21,2016,2016-01-21,-1,5,SCORED
61534,61533,2016-01-21,2016,2016-01-21,-1,5,SCORED
61557,61556,2016-01-21,2016,2016-01-21,-1,5,SCORED
61582,61581,2016-01-21,2016,2016-01-21,-1,5,SCORED
61594,61593,2016-01-21,2016,2016-01-21,-1,5,SCORED
61603,61602,2016-01-22,2016,2016-01-22,-1,5,SCORED
61633,61632,2016-01-22,2016,2016-01-22,-1,5,SCORED
61657,61656,2016-01-22,2016,2016-01-22,-1,5,SCORED
61755,61754,2016-01-22,2016,2016-01-22,-1,5,SCORED
61816,61815,2016-01-22,2016,2016-01-22,1,5,SCORED
61861,61860,2016-01-25,2016,2016-01-25,1,5,SCORED
61907,61906,2016-01-25,2016,2016-01-25,1,5,SCORED
62008,62007,2016-01-25,2016,2016-01-25,1,5,SCORED
62114,62113,2016-01-26,2016,2016-01-26,-1,5,SCORED
62222,62221,2016-01-26,2016,2016-01-26,-1,5,SCORED
62238,62237,2016-01-26,2016,2016-01-26,-1,5,SCORED
62270,62269,2016-01-26,2016,2016-01-26,-1,5,SCORED
62296,62295,2016-01-26,2016,2016-01-26,-1,5,SCORED
62314,62313,2016-01-26,2016,2016-01-26,-1,5,SCORED
62337,62336,2016-01-27,2016,2016-01-27,-1,5,SCORED
62356,62355,2016-01-27,2016,2016-01-27,-1,5,SCORED
62372,62371,2016-01-27,2016,2016-01-27,-1,5,SCORED
62390,62389,2016-01-27,2016,2016-01-27,-1,5,SCORED
62432,62431,2016-01-27,2016,2016-01-27,-1,5,SCORED
62463,62462,2016-01-27,2016,2016-01-27,-1,5,SCORED
62507,62506,2016-01-27,2016,2016-01-27,1,5,SCORED
62537,62536,2016-01-27,2016,2016-01-27,1,5,SCORED
62804,62803,2016-01-29,2016,2016-01-29,-1,5,SCORED
62922,62921,2016-01-29,2016,2016-01-29,1,5,SCORED
62967,62966,2016-01-29,2016,2016-01-29,1,5,SCORED
62996,62995,2016-01-29,2016,2016-01-29,1,5,SCORED
63017,63016,2016-01-29,2016,2016-01-29,1,5,SCORED
63044,63043,2016-02-01,2016,2016-02-01,1,5,SCORED
63241,63240,2016-02-01,2016,2016-02-01,-1,5,SCORED
63484,63483,2016-02-02,2016,2016-02-02,1,5,SCORED
63900,63899,2016-02-04,2016,2016-02-04,1,5,SCORED
63992,63991,2016-02-04,2016,2016-02-04,-1,5,SCORED
64033,64032,2016-02-05,2016,2016-02-05,1,5,SCORED
64088,64087,2016-02-05,2016,2016-02-05,1,5,SCORED
64225,64224,2016-02-05,2016,2016-02-05,-1,5,SCORED
64257,64256,2016-02-15,2016,2016-02-15,-1,5,SCORED
64654,64653,2016-02-16,2016,2016-02-16,1,5,SCORED
64693,64692,2016-02-16,2016,2016-02-16,1,5,SCORED
64763,64762,2016-02-17,2016,2016-02-17,1,5,SCORED
64935,64934,2016-02-17,2016,2016-02-17,1,5,SCORED
64978,64977,2016-02-18,2016,2016-02-18,1,5,SCORED
65025,65024,2016-02-18,2016,2016-02-18,1,5,SCORED
65410,65409,2016-02-19,2016,2016-02-19,1,5,SCORED
65471,65470,2016-02-22,2016,2016-02-22,1,5,SCORED
65647,65646,2016-02-22,2016,2016-02-22,1,5,SCORED
65718,65717,2016-02-23,2016,2016-02-23,1,5,SCORED
65820,65819,2016-02-23,2016,2016-02-23,1,5,SCORED
65889,65888,2016-02-23,2016,2016-02-23,-1,5,SCORED
66178,66177,2016-02-25,2016,2016-02-25,1,5,SCORED
66229,66228,2016-02-25,2016,2016-02-25,1,5,SCORED
66309,66308,2016-02-25,2016,2016-02-25,-1,5,SCORED
66404,66403,2016-02-26,2016,2016-02-26,-1,5,SCORED
66436,66435,2016-02-26,2016,2016-02-26,-1,5,SCORED
66554,66553,2016-02-26,2016,2016-02-26,-1,5,SCORED
66620,66619,2016-02-26,2016,2016-02-26,1,5,SCORED
66665,66664,2016-02-29,2016,2016-02-29,-1,5,SCORED
66686,66685,2016-02-29,2016,2016-02-29,-1,5,SCORED
66775,66774,2016-02-29,2016,2016-02-29,1,5,SCORED
66825,66824,2016-02-29,2016,2016-02-29,-1,5,SCORED
66867,66866,2016-02-29,2016,2016-02-29,-1,5,SCORED
66902,66901,2016-03-01,2016,2016-03-01,1,5,SCORED
66943,66942,2016-03-01,2016,2016-03-01,1,5,SCORED
66978,66977,2016-03-01,2016,2016-03-01,1,5,SCORED
67125,67124,2016-03-02,2016,2016-03-02,1,5,SCORED
67157,67156,2016-03-02,2016,2016-03-02,1,5,SCORED
67197,67196,2016-03-02,2016,2016-03-02,1,5,SCORED
67322,67321,2016-03-02,2016,2016-03-02,1,5,SCORED
67387,67386,2016-03-03,2016,2016-03-03,1,5,SCORED
67415,67414,2016-03-03,2016,2016-03-03,1,5,SCORED
67458,67457,2016-03-03,2016,2016-03-03,1,5,SCORED
67576,67575,2016-03-03,2016,2016-03-03,-1,5,SCORED
67615,67614,2016-03-04,2016,2016-03-04,-1,5,SCORED
67664,67663,2016-03-04,2016,2016-03-04,-1,5,SCORED
67752,67751,2016-03-04,2016,2016-03-04,-1,5,SCORED
68102,68101,2016-03-08,2016,2016-03-08,-1,5,SCORED
68269,68268,2016-03-08,2016,2016-03-08,1,5,SCORED
68303,68302,2016-03-08,2016,2016-03-08,1,5,SCORED
68354,68353,2016-03-09,2016,2016-03-09,-1,5,SCORED
68635,68634,2016-03-10,2016,2016-03-10,-1,5,SCORED
68819,68818,2016-03-11,2016,2016-03-11,-1,5,SCORED
68981,68980,2016-03-11,2016,2016-03-11,1,5,SCORED
69046,69045,2016-03-14,2016,2016-03-14,1,5,SCORED
69203,69202,2016-03-14,2016,2016-03-14,1,5,SCORED
69284,69283,2016-03-15,2016,2016-03-15,1,5,SCORED
69907,69906,2016-03-17,2016,2016-03-17,1,5,SCORED
69984,69983,2016-03-17,2016,2016-03-17,1,5,SCORED
70081,70080,2016-03-18,2016,2016-03-18,1,5,SCORED
70159,70158,2016-03-18,2016,2016-03-18,1,5,SCORED
70296,70295,2016-03-21,2016,2016-03-21,1,5,SCORED
70382,70381,2016-03-21,2016,2016-03-21,1,5,SCORED
70485,70484,2016-03-22,2016,2016-03-22,1,5,SCORED
70573,70572,2016-03-22,2016,2016-03-22,1,5,SCORED
70689,70688,2016-03-22,2016,2016-03-22,1,5,SCORED
70795,70794,2016-03-23,2016,2016-03-23,-1,5,SCORED
70833,70832,2016-03-23,2016,2016-03-23,-1,5,SCORED
70860,70859,2016-03-23,2016,2016-03-23,1,5,SCORED
70928,70927,2016-03-23,2016,2016-03-23,-1,5,SCORED
70972,70971,2016-03-24,2016,2016-03-24,1,5,SCORED
71031,71030,2016-03-24,2016,2016-03-24,-1,5,SCORED
71161,71160,2016-03-24,2016,2016-03-24,1,5,SCORED
71190,71189,2016-03-24,2016,2016-03-24,1,5,SCORED
71216,71215,2016-03-25,2016,2016-03-25,-1,5,SCORED
71242,71241,2016-03-25,2016,2016-03-25,-1,5,SCORED
71353,71352,2016-03-25,2016,2016-03-25,-1,5,SCORED
71413,71412,2016-03-25,2016,2016-03-25,-1,5,SCORED
71485,71484,2016-03-28,2016,2016-03-28,1,5,SCORED
71623,71622,2016-03-28,2016,2016-03-28,-1,5,SCORED
71649,71648,2016-03-28,2016,2016-03-28,-1,5,SCORED
71670,71669,2016-03-28,2016,2016-03-28,-1,5,SCORED
71734,71733,2016-03-29,2016,2016-03-29,-1,5,SCORED
71845,71844,2016-03-29,2016,2016-03-29,-1,5,SCORED
71987,71986,2016-03-30,2016,2016-03-30,1,5,SCORED
72186,72185,2016-03-31,2016,2016-03-31,1,5,SCORED
72257,72256,2016-03-31,2016,2016-03-31,1,5,SCORED
72343,72342,2016-03-31,2016,2016-03-31,1,5,SCORED
72361,72360,2016-03-31,2016,2016-03-31,1,5,SCORED
72385,72384,2016-03-31,2016,2016-03-31,-1,5,SCORED
72415,72414,2016-04-01,2016,2016-04-01,-1,5,SCORED
72439,72438,2016-04-01,2016,2016-04-01,-1,5,SCORED
72462,72461,2016-04-01,2016,2016-04-01,-1,5,SCORED
72494,72493,2016-04-01,2016,2016-04-01,-1,5,SCORED
72557,72556,2016-04-01,2016,2016-04-01,-1,5,SCORED
72727,72726,2016-04-05,2016,2016-04-05,1,5,SCORED
72841,72840,2016-04-05,2016,2016-04-05,1,5,SCORED
72875,72874,2016-04-05,2016,2016-04-05,1,5,SCORED
72903,72902,2016-04-06,2016,2016-04-06,1,5,SCORED
72945,72944,2016-04-06,2016,2016-04-06,1,5,SCORED
73129,73128,2016-04-07,2016,2016-04-07,-1,5,SCORED
73157,73156,2016-04-07,2016,2016-04-07,1,5,SCORED
73200,73199,2016-04-07,2016,2016-04-07,1,5,SCORED
73219,73218,2016-04-07,2016,2016-04-07,1,5,SCORED
73269,73268,2016-04-07,2016,2016-04-07,-1,5,SCORED
73390,73389,2016-04-08,2016,2016-04-08,-1,5,SCORED
73523,73522,2016-04-08,2016,2016-04-08,-1,5,SCORED
73566,73565,2016-04-08,2016,2016-04-08,1,5,SCORED
73824,73823,2016-04-11,2016,2016-04-11,1,5,SCORED
74322,74321,2016-04-14,2016,2016-04-14,1,5,SCORED
74613,74612,2016-04-15,2016,2016-04-15,1,5,SCORED
74782,74781,2016-04-15,2016,2016-04-15,1,5,SCORED
75036,75035,2016-04-18,2016,2016-04-18,-1,5,SCORED
75419,75418,2016-04-20,2016,2016-04-20,-1,5,SCORED
75787,75786,2016-04-22,2016,2016-04-22,-1,5,SCORED
76093,76092,2016-04-25,2016,2016-04-25,-1,5,SCORED
76167,76166,2016-04-25,2016,2016-04-25,-1,5,SCORED
76343,76342,2016-04-26,2016,2016-04-26,1,5,SCORED
76513,76512,2016-04-27,2016,2016-04-27,1,5,SCORED
76633,76632,2016-04-27,2016,2016-04-27,1,5,SCORED
76836,76835,2016-04-28,2016,2016-04-28,1,5,SCORED
76899,76898,2016-04-28,2016,2016-04-28,-1,5,SCORED
77561,77560,2016-05-04,2016,2016-05-04,1,5,SCORED
77697,77696,2016-05-05,2016,2016-05-05,1,5,SCORED
77802,77801,2016-05-05,2016,2016-05-05,1,5,SCORED
77869,77868,2016-05-05,2016,2016-05-05,-1,5,SCORED
77949,77948,2016-05-06,2016,2016-05-06,-1,5,SCORED
78067,78066,2016-05-06,2016,2016-05-06,-1,5,SCORED
78126,78125,2016-05-06,2016,2016-05-06,-1,5,SCORED
78187,78186,2016-05-09,2016,2016-05-09,-1,5,SCORED
78253,78252,2016-05-09,2016,2016-05-09,-1,5,SCORED
78342,78341,2016-05-09,2016,2016-05-09,-1,5,SCORED
78410,78409,2016-05-10,2016,2016-05-10,-1,5,SCORED
78502,78501,2016-05-10,2016,2016-05-10,-1,5,SCORED
78774,78773,2016-05-11,2016,2016-05-11,-1,5,SCORED
78909,78908,2016-05-12,2016,2016-05-12,-1,5,SCORED
79666,79665,2016-05-17,2016,2016-05-17,1,5,SCORED
80015,80014,2016-05-18,2016,2016-05-18,-1,5,SCORED
80106,80105,2016-05-19,2016,2016-05-19,-1,5,SCORED
80287,80286,2016-05-19,2016,2016-05-19,1,5,SCORED
80691,80690,2016-05-23,2016,2016-05-23,1,5,SCORED
80866,80865,2016-05-24,2016,2016-05-24,1,5,SCORED
81235,81234,2016-05-25,2016,2016-05-25,1,5,SCORED
81330,81329,2016-05-26,2016,2016-05-26,-1,5,SCORED
81505,81504,2016-05-26,2016,2016-05-26,-1,5,SCORED
81522,81521,2016-05-27,2016,2016-05-27,-1,5,SCORED
81561,81560,2016-05-27,2016,2016-05-27,-1,5,SCORED
81605,81604,2016-05-27,2016,2016-05-27,-1,5,SCORED
81667,81666,2016-05-27,2016,2016-05-27,1,5,SCORED
81869,81868,2016-05-30,2016,2016-05-30,-1,5,SCORED
82108,82107,2016-05-31,2016,2016-05-31,1,5,SCORED
82257,82256,2016-06-01,2016,2016-06-01,1,5,SCORED
82289,82288,2016-06-01,2016,2016-06-01,1,5,SCORED
82409,82408,2016-06-01,2016,2016-06-01,1,5,SCORED
82612,82611,2016-06-02,2016,2016-06-02,1,5,SCORED
82699,82698,2016-06-02,2016,2016-06-02,1,5,SCORED
82759,82758,2016-06-03,2016,2016-06-03,1,5,SCORED
82944,82943,2016-06-03,2016,2016-06-03,1,5,SCORED
83132,83131,2016-06-06,2016,2016-06-06,1,5,SCORED
83796,83795,2016-06-13,2016,2016-06-13,-1,5,SCORED
83889,83888,2016-06-13,2016,2016-06-13,-1,5,SCORED
83905,83904,2016-06-13,2016,2016-06-13,-1,5,SCORED
83930,83929,2016-06-14,2016,2016-06-14,-1,5,SCORED
83964,83963,2016-06-14,2016,2016-06-14,-1,5,SCORED
84085,84084,2016-06-14,2016,2016-06-14,-1,5,SCORED
84398,84397,2016-06-15,2016,2016-06-15,1,5,SCORED
84474,84473,2016-06-16,2016,2016-06-16,1,5,SCORED
84588,84587,2016-06-16,2016,2016-06-16,1,5,SCORED
84740,84739,2016-06-17,2016,2016-06-17,1,5,SCORED
85290,85289,2016-06-21,2016,2016-06-21,1,5,SCORED
85371,85370,2016-06-22,2016,2016-06-22,-1,5,SCORED
85641,85640,2016-06-23,2016,2016-06-23,1,5,SCORED
85728,85727,2016-06-23,2016,2016-06-23,1,5,SCORED
85996,85995,2016-06-24,2016,2016-06-24,-1,5,SCORED
86054,86053,2016-06-24,2016,2016-06-24,1,5,SCORED
86373,86372,2016-06-28,2016,2016-06-28,1,5,SCORED
86509,86508,2016-06-28,2016,2016-06-28,1,5,SCORED
86591,86590,2016-06-29,2016,2016-06-29,1,5,SCORED
87638,87637,2016-07-05,2016,2016-07-05,1,5,SCORED
87758,87757,2016-07-05,2016,2016-07-05,1,5,SCORED
87976,87975,2016-07-06,2016,2016-07-06,1,5,SCORED
88061,88060,2016-07-07,2016,2016-07-07,1,5,SCORED
88273,88272,2016-07-08,2016,2016-07-08,1,5,SCORED
88482,88481,2016-07-11,2016,2016-07-11,1,5,SCORED
88976,88975,2016-07-13,2016,2016-07-13,-1,5,SCORED
89190,89189,2016-07-13,2016,2016-07-13,1,5,SCORED
89413,89412,2016-07-14,2016,2016-07-14,1,5,SCORED
89560,89559,2016-07-15,2016,2016-07-15,1,5,SCORED
89617,89616,2016-07-15,2016,2016-07-15,1,5,SCORED
89887,89886,2016-07-18,2016,2016-07-18,-1,5,SCORED
90711,90710,2016-07-22,2016,2016-07-22,1,5,SCORED
90797,90796,2016-07-22,2016,2016-07-22,1,5,SCORED
91025,91024,2016-07-25,2016,2016-07-25,-1,5,SCORED
91514,91513,2016-07-27,2016,2016-07-27,-1,5,SCORED
91765,91764,2016-07-28,2016,2016-07-28,-1,5,SCORED
92122,92121,2016-08-01,2016,2016-08-01,-1,5,SCORED
92158,92157,2016-08-01,2016,2016-08-01,-1,5,SCORED
93256,93255,2016-08-05,2016,2016-08-05,1,5,SCORED
93745,93744,2016-08-09,2016,2016-08-09,1,5,SCORED
93818,93817,2016-08-10,2016,2016-08-10,1,5,SCORED
93976,93975,2016-08-10,2016,2016-08-10,1,5,SCORED
95449,95448,2016-08-19,2016,2016-08-19,1,5,SCORED
95826,95825,2016-08-22,2016,2016-08-22,1,5,SCORED
96091,96090,2016-08-23,2016,2016-08-23,-1,5,SCORED
96237,96236,2016-08-24,2016,2016-08-24,-1,5,SCORED
96470,96469,2016-08-25,2016,2016-08-25,-1,5,SCORED
96919,96918,2016-08-29,2016,2016-08-29,1,5,SCORED
97432,97431,2016-08-31,2016,2016-08-31,1,5,SCORED
97551,97550,2016-08-31,2016,2016-08-31,-1,5,SCORED
97866,97865,2016-09-02,2016,2016-09-02,-1,5,SCORED
98196,98195,2016-09-05,2016,2016-09-05,-1,5,SCORED
98820,98819,2016-09-08,2016,2016-09-08,1,5,SCORED
99343,99342,2016-09-12,2016,2016-09-12,-1,5,SCORED
99452,99451,2016-09-12,2016,2016-09-12,-1,5,SCORED
99497,99496,2016-09-12,2016,2016-09-12,-1,5,SCORED
99531,99530,2016-09-13,2016,2016-09-13,-1,5,SCORED
99877,99876,2016-09-14,2016,2016-09-14,-1,5,SCORED
100362,100361,2016-09-20,2016,2016-09-20,1,5,SCORED
101280,101279,2016-09-26,2016,2016-09-26,1,5,SCORED
101780,101779,2016-09-28,2016,2016-09-28,-1,5,SCORED
103518,103517,2016-10-14,2016,2016-10-14,1,5,SCORED
104322,104321,2016-10-20,2016,2016-10-20,1,5,SCORED
104821,104820,2016-10-24,2016,2016-10-24,-1,5,SCORED
105419,105418,2016-10-26,2016,2016-10-26,1,5,SCORED
106082,106081,2016-10-31,2016,2016-10-31,1,5,SCORED
106572,106571,2016-11-02,2016,2016-11-02,-1,5,SCORED
106968,106967,2016-11-04,2016,2016-11-04,1,5,SCORED
107902,107901,2016-11-09,2016,2016-11-09,-1,5,SCORED
108619,108618,2016-11-14,2016,2016-11-14,1,5,SCORED
108827,108826,2016-11-15,2016,2016-11-15,1,5,SCORED
109272,109271,2016-11-17,2016,2016-11-17,1,5,SCORED
110234,110233,2016-11-23,2016,2016-11-23,1,5,SCORED
110823,110822,2016-11-28,2016,2016-11-28,-1,5,SCORED
112103,112102,2016-12-05,2016,2016-12-05,-1,5,SCORED
113489,113488,2016-12-13,2016,2016-12-13,-1,5,SCORED
113768,113767,2016-12-14,2016,2016-12-14,1,5,SCORED
113924,113923,2016-12-15,2016,2016-12-15,1,5,SCORED
114134,114133,2016-12-15,2016,2016-12-15,1,5,SCORED
114340,114339,2016-12-16,2016,2016-12-16,1,5,SCORED
114424,114423,2016-12-19,2016,2016-12-19,1,5,SCORED
115117,115116,2016-12-21,2016,2016-12-21,1,5,SCORED
115281,115280,2016-12-22,2016,2016-12-22,1,5,SCORED
115579,115578,2016-12-23,2016,2016-12-23,1,5,SCORED
115696,115695,2016-12-26,2016,2016-12-26,1,5,SCORED
115890,115889,2016-12-27,2016,2016-12-27,-1,5,SCORED
117833,117832,2017-01-09,2017,2017-01-09,1,5,SCORED
118726,118725,2017-01-13,2017,2017-01-13,-1,5,SCORED
118859,118858,2017-01-13,2017,2017-01-13,-1,5,SCORED
119018,119017,2017-01-16,2017,2017-01-16,-1,5,SCORED
119144,119143,2017-01-16,2017,2017-01-16,-1,5,SCORED
119202,119201,2017-01-17,2017,2017-01-17,-1,5,SCORED
120559,120558,2017-01-24,2017,2017-01-24,1,5,SCORED
121268,121267,2017-02-03,2017,2017-02-03,1,5,SCORED
121785,121784,2017-02-07,2017,2017-02-07,1,5,SCORED
122467,122466,2017-02-10,2017,2017-02-10,1,5,SCORED
123013,123012,2017-02-14,2017,2017-02-14,1,5,SCORED
123157,123156,2017-02-15,2017,2017-02-15,1,5,SCORED
125219,125218,2017-02-28,2017,2017-02-28,1,5,SCORED
125800,125799,2017-03-02,2017,2017-03-02,1,5,SCORED
127022,127021,2017-03-09,2017,2017-03-09,1,5,SCORED
128613,128612,2017-03-20,2017,2017-03-20,1,5,SCORED
129551,129550,2017-03-24,2017,2017-03-24,-1,5,SCORED
130438,130437,2017-03-29,2017,2017-03-29,-1,5,SCORED
130670,130669,2017-03-30,2017,2017-03-30,-1,5,SCORED
131929,131928,2017-04-11,2017,2017-04-11,1,5,SCORED
132960,132959,2017-04-17,2017,2017-04-17,-1,5,SCORED
133096,133095,2017-04-17,2017,2017-04-17,-1,5,SCORED
133165,133164,2017-04-18,2017,2017-04-18,-1,5,SCORED
133459,133458,2017-04-19,2017,2017-04-19,-1,5,SCORED
133511,133510,2017-04-19,2017,2017-04-19,-1,5,SCORED
133646,133645,2017-04-20,2017,2017-04-20,-1,5,SCORED
133912,133911,2017-04-21,2017,2017-04-21,-1,5,SCORED
134167,134166,2017-04-24,2017,2017-04-24,-1,5,SCORED
134303,134302,2017-04-24,2017,2017-04-24,-1,5,SCORED
134335,134334,2017-04-25,2017,2017-04-25,-1,5,SCORED
134476,134475,2017-04-25,2017,2017-04-25,-1,5,SCORED
134862,134861,2017-04-27,2017,2017-04-27,-1,5,SCORED
135736,135735,2017-05-03,2017,2017-05-03,1,5,SCORED
136043,136042,2017-05-05,2017,2017-05-05,1,5,SCORED
136309,136308,2017-05-08,2017,2017-05-08,-1,5,SCORED
136445,136444,2017-05-08,2017,2017-05-08,-1,5,SCORED
136493,136492,2017-05-09,2017,2017-05-09,-1,5,SCORED
136544,136543,2017-05-09,2017,2017-05-09,-1,5,SCORED
136630,136629,2017-05-09,2017,2017-05-09,-1,5,SCORED
137003,137002,2017-05-11,2017,2017-05-11,-1,5,SCORED
137070,137069,2017-05-11,2017,2017-05-11,-1,5,SCORED
137202,137201,2017-05-12,2017,2017-05-12,-1,5,SCORED
137608,137607,2017-05-15,2017,2017-05-15,1,5,SCORED
137737,137736,2017-05-16,2017,2017-05-16,1,5,SCORED
138165,138164,2017-05-18,2017,2017-05-18,1,5,SCORED
138936,138935,2017-05-23,2017,2017-05-23,-1,5,SCORED
139047,139046,2017-05-23,2017,2017-05-23,-1,5,SCORED
139200,139199,2017-05-24,2017,2017-05-24,-1,5,SCORED
140366,140365,2017-06-02,2017,2017-06-02,-1,5,SCORED
141619,141618,2017-06-09,2017,2017-06-09,1,5,SCORED
143481,143480,2017-06-21,2017,2017-06-21,1,5,SCORED
144795,144794,2017-06-28,2017,2017-06-28,-1,5,SCORED
145850,145849,2017-07-05,2017,2017-07-05,1,5,SCORED
146229,146228,2017-07-06,2017,2017-07-06,1,5,SCORED
146701,146700,2017-07-10,2017,2017-07-10,1,5,SCORED
146975,146974,2017-07-11,2017,2017-07-11,1,5,SCORED
147225,147224,2017-07-12,2017,2017-07-12,-1,5,SCORED
147809,147808,2017-07-17,2017,2017-07-17,-1,5,SCORED
148027,148026,2017-07-18,2017,2017-07-18,-1,5,SCORED
148119,148118,2017-07-18,2017,2017-07-18,-1,5,SCORED
149322,149321,2017-07-25,2017,2017-07-25,1,5,SCORED
150061,150060,2017-07-28,2017,2017-07-28,1,5,SCORED
150223,150222,2017-07-31,2017,2017-07-31,1,5,SCORED
150485,150484,2017-08-01,2017,2017-08-01,1,5,SCORED
151841,151840,2017-08-08,2017,2017-08-09,1,5,SCORED
151992,151991,2017-08-09,2017,2017-08-09,1,5,SCORED
152216,152215,2017-08-10,2017,2017-08-10,1,5,SCORED
152398,152397,2017-08-11,2017,2017-08-11,-1,5,SCORED
152522,152521,2017-08-11,2017,2017-08-11,-1,5,SCORED
153538,153537,2017-08-18,2017,2017-08-18,1,5,SCORED
154112,154111,2017-08-22,2017,2017-08-22,1,5,SCORED
155168,155167,2017-08-28,2017,2017-08-28,-1,5,SCORED
157137,157136,2017-09-08,2017,2017-09-08,1,5,SCORED
157983,157982,2017-09-13,2017,2017-09-13,1,5,SCORED
159724,159723,2017-09-22,2017,2017-09-22,-1,5,SCORED
160168,160167,2017-09-26,2017,2017-09-26,-1,5,SCORED
160693,160692,2017-09-28,2017,2017-09-28,-1,5,SCORED
161895,161894,2017-10-12,2017,2017-10-12,1,5,SCORED
163077,163076,2017-10-19,2017,2017-10-19,-1,5,SCORED
164710,164709,2017-10-30,2017,2017-10-30,-1,5,SCORED
165787,165786,2017-11-06,2017,2017-11-06,-1,5,SCORED
166983,166982,2017-11-13,2017,2017-11-13,-1,5,SCORED
167229,167228,2017-11-14,2017,2017-11-14,-1,5,SCORED
167417,167416,2017-11-14,2017,2017-11-14,1,5,SCORED
168260,168259,2017-11-20,2017,2017-11-20,-1,5,SCORED
169526,169525,2017-11-27,2017,2017-11-27,-1,5,SCORED
169650,169649,2017-11-28,2017,2017-11-28,-1,5,SCORED
169958,169957,2017-11-29,2017,2017-11-29,1,5,SCORED
170110,170109,2017-11-30,2017,2017-11-30,1,5,SCORED
170337,170336,2017-12-01,2017,2017-12-01,1,5,SCORED
170606,170605,2017-12-04,2017,2017-12-04,1,5,SCORED
171083,171082,2017-12-06,2017,2017-12-06,-1,5,SCORED
172296,172295,2017-12-13,2017,2017-12-13,1,5,SCORED
173922,173921,2017-12-22,2017,2017-12-22,-1,5,SCORED
174448,174447,2017-12-26,2017,2017-12-26,-1,5,SCORED
174824,174823,2017-12-27,2017,2017-12-27,-1,5,SCORED
176400,176399,2018-01-08,2018,2018-01-08,1,5,SCORED
177932,177931,2018-01-16,2018,2018-01-16,-1,5,SCORED
178058,178057,2018-01-17,2018,2018-01-17,-1,5,SCORED
178357,178356,2018-01-18,2018,2018-01-18,-1,5,SCORED
179733,179732,2018-01-26,2018,2018-01-26,1,5,SCORED
180068,180067,2018-01-29,2018,2018-01-29,1,5,SCORED
180539,180538,2018-01-31,2018,2018-01-31,-1,5,SCORED
180660,180659,2018-02-01,2018,2018-02-01,-1,5,SCORED
180817,180816,2018-02-01,2018,2018-02-01,-1,5,SCORED
180985,180984,2018-02-02,2018,2018-02-02,-1,5,SCORED
181518,181517,2018-02-06,2018,2018-02-06,-1,5,SCORED
181604,181603,2018-02-07,2018,2018-02-07,-1,5,SCORED
181713,181712,2018-02-07,2018,2018-02-07,-1,5,SCORED
182221,182220,2018-02-09,2018,2018-02-09,-1,5,SCORED
182865,182864,2018-02-14,2018,2018-02-14,1,5,SCORED
183456,183455,2018-02-23,2018,2018-02-23,1,5,SCORED
183576,183575,2018-02-26,2018,2018-02-26,1,5,SCORED
183951,183950,2018-02-27,2018,2018-02-27,1,5,SCORED
184184,184183,2018-02-28,2018,2018-02-28,1,5,SCORED
184450,184449,2018-03-01,2018,2018-03-01,1,5,SCORED
184487,184486,2018-03-02,2018,2018-03-02,1,5,SCORED
184531,184530,2018-03-02,2018,2018-03-02,1,5,SCORED
184639,184638,2018-03-02,2018,2018-03-02,1,5,SCORED
185452,185451,2018-03-08,2018,2018-03-08,1,5,SCORED
186088,186087,2018-03-12,2018,2018-03-12,1,5,SCORED
186212,186211,2018-03-13,2018,2018-03-13,1,5,SCORED
186413,186412,2018-03-14,2018,2018-03-14,1,5,SCORED
187698,187697,2018-03-21,2018,2018-03-21,-1,5,SCORED
187788,187787,2018-03-21,2018,2018-03-21,-1,5,SCORED
187847,187846,2018-03-22,2018,2018-03-22,1,5,SCORED
187932,187931,2018-03-22,2018,2018-03-22,1,5,SCORED
188035,188034,2018-03-22,2018,2018-03-22,-1,5,SCORED
188147,188146,2018-03-23,2018,2018-03-23,-1,5,SCORED
188242,188241,2018-03-23,2018,2018-03-23,-1,5,SCORED
188461,188460,2018-03-26,2018,2018-03-26,1,5,SCORED
188778,188777,2018-03-27,2018,2018-03-27,1,5,SCORED
189572,189571,2018-04-02,2018,2018-04-02,1,5,SCORED
189766,189765,2018-04-03,2018,2018-04-03,1,5,SCORED
190412,190411,2018-04-09,2018,2018-04-09,-1,5,SCORED
191694,191693,2018-04-17,2018,2018-04-17,-1,5,SCORED
191858,191857,2018-04-17,2018,2018-04-17,-1,5,SCORED
191925,191924,2018-04-18,2018,2018-04-18,-1,5,SCORED
191976,191975,2018-04-18,2018,2018-04-18,-1,5,SCORED
192439,192438,2018-04-20,2018,2018-04-20,1,5,SCORED
192893,192892,2018-04-24,2018,2018-04-24,-1,5,SCORED
193472,193471,2018-04-26,2018,2018-04-26,1,5,SCORED
194322,194321,2018-05-04,2018,2018-05-04,-1,5,SCORED
194413,194412,2018-05-04,2018,2018-05-04,-1,5,SCORED
194518,194517,2018-05-04,2018,2018-05-04,-1,5,SCORED
195681,195680,2018-05-11,2018,2018-05-11,1,5,SCORED
197772,197771,2018-05-24,2018,2018-05-24,1,5,SCORED
198024,198023,2018-05-25,2018,2018-05-25,1,5,SCORED
198337,198336,2018-05-28,2018,2018-05-28,-1,5,SCORED
198617,198616,2018-05-29,2018,2018-05-29,-1,5,SCORED
198686,198685,2018-05-30,2018,2018-05-30,-1,5,SCORED
198839,198838,2018-05-30,2018,2018-05-30,-1,5,SCORED
198908,198907,2018-05-31,2018,2018-05-31,-1,5,SCORED
199323,199322,2018-06-01,2018,2018-06-01,1,5,SCORED
199351,199350,2018-06-01,2018,2018-06-01,1,5,SCORED
199368,199367,2018-06-04,2018,2018-06-04,-1,5,SCORED
199583,199582,2018-06-04,2018,2018-06-04,-1,5,SCORED
200258,200257,2018-06-07,2018,2018-06-07,1,5,SCORED
200562,200561,2018-06-11,2018,2018-06-11,-1,5,SCORED
200816,200815,2018-06-12,2018,2018-06-12,-1,5,SCORED
201042,201041,2018-06-13,2018,2018-06-13,-1,5,SCORED
201337,201336,2018-06-14,2018,2018-06-14,-1,5,SCORED
201534,201533,2018-06-15,2018,2018-06-15,-1,5,SCORED
201580,201579,2018-06-15,2018,2018-06-15,-1,5,SCORED
201621,201620,2018-06-15,2018,2018-06-15,-1,5,SCORED
201704,201703,2018-06-15,2018,2018-06-15,-1,5,SCORED
201784,201783,2018-06-19,2018,2018-06-19,-1,5,SCORED
201879,201878,2018-06-19,2018,2018-06-19,-1,5,SCORED
202002,202001,2018-06-20,2018,2018-06-20,-1,5,SCORED
202114,202113,2018-06-20,2018,2018-06-20,1,5,SCORED
202377,202376,2018-06-21,2018,2018-06-21,1,5,SCORED
202537,202536,2018-06-22,2018,2018-06-22,-1,5,SCORED
204151,204150,2018-07-02,2018,2018-07-02,1,5,SCORED
204696,204695,2018-07-05,2018,2018-07-05,1,5,SCORED
204724,204723,2018-07-05,2018,2018-07-05,-1,5,SCORED
204793,204792,2018-07-05,2018,2018-07-05,-1,5,SCORED
204824,204823,2018-07-05,2018,2018-07-05,-1,5,SCORED
204848,204847,2018-07-05,2018,2018-07-05,-1,5,SCORED
204903,204902,2018-07-06,2018,2018-07-06,-1,5,SCORED
204939,204938,2018-07-06,2018,2018-07-06,-1,5,SCORED
205021,205020,2018-07-06,2018,2018-07-06,-1,5,SCORED
205122,205121,2018-07-09,2018,2018-07-09,1,5,SCORED
205483,205482,2018-07-10,2018,2018-07-10,1,5,SCORED
205679,205678,2018-07-11,2018,2018-07-11,-1,5,SCORED
206641,206640,2018-07-17,2018,2018-07-17,1,5,SCORED
206854,206853,2018-07-18,2018,2018-07-18,1,5,SCORED
207052,207051,2018-07-19,2018,2018-07-19,1,5,SCORED
207111,207110,2018-07-19,2018,2018-07-19,1,5,SCORED
207375,207374,2018-07-20,2018,2018-07-20,-1,5,SCORED
208100,208099,2018-07-25,2018,2018-07-25,1,5,SCORED
209503,209502,2018-08-02,2018,2018-08-02,-1,5,SCORED
209547,209546,2018-08-02,2018,2018-08-02,-1,5,SCORED
209599,209598,2018-08-02,2018,2018-08-02,-1,5,SCORED
209970,209969,2018-08-06,2018,2018-08-06,-1,5,SCORED
210083,210082,2018-08-06,2018,2018-08-06,-1,5,SCORED
210178,210177,2018-08-07,2018,2018-08-07,-1,5,SCORED
210604,210603,2018-08-08,2018,2018-08-08,1,5,SCORED
210888,210887,2018-08-10,2018,2018-08-10,1,5,SCORED
211057,211056,2018-08-10,2018,2018-08-10,1,5,SCORED
211415,211414,2018-08-14,2018,2018-08-14,1,5,SCORED
211535,211534,2018-08-14,2018,2018-08-14,1,5,SCORED
211890,211889,2018-08-16,2018,2018-08-16,-1,5,SCORED
212277,212276,2018-08-17,2018,2018-08-17,-1,5,SCORED
212339,212338,2018-08-20,2018,2018-08-20,-1,5,SCORED
212465,212464,2018-08-20,2018,2018-08-20,-1,5,SCORED
212836,212835,2018-08-22,2018,2018-08-22,1,5,SCORED
213874,213873,2018-08-28,2018,2018-08-28,1,5,SCORED
214647,214646,2018-08-31,2018,2018-08-31,-1,5,SCORED
214831,214830,2018-09-03,2018,2018-09-03,-1,5,SCORED
214993,214992,2018-09-04,2018,2018-09-04,-1,5,SCORED
215216,215215,2018-09-05,2018,2018-09-05,1,5,SCORED
215460,215459,2018-09-06,2018,2018-09-06,-1,5,SCORED
215667,215666,2018-09-06,2018,2018-09-06,-1,5,SCORED
215748,215747,2018-09-07,2018,2018-09-07,-1,5,SCORED
215807,215806,2018-09-07,2018,2018-09-07,1,5,SCORED
215925,215924,2018-09-10,2018,2018-09-10,-1,5,SCORED
215962,215961,2018-09-10,2018,2018-09-10,-1,5,SCORED
216036,216035,2018-09-10,2018,2018-09-10,-1,5,SCORED
216187,216186,2018-09-11,2018,2018-09-11,-1,5,SCORED
216295,216294,2018-09-11,2018,2018-09-11,-1,5,SCORED
217151,217150,2018-09-17,2018,2018-09-17,-1,5,SCORED
217204,217203,2018-09-17,2018,2018-09-17,-1,5,SCORED
217353,217352,2018-09-17,2018,2018-09-17,-1,5,SCORED
217860,217859,2018-09-20,2018,2018-09-20,1,5,SCORED
218331,218330,2018-09-25,2018,2018-09-25,1,5,SCORED
218868,218867,2018-09-27,2018,2018-09-27,1,5,SCORED
219003,219002,2018-09-27,2018,2018-09-27,1,5,SCORED
219310,219309,2018-10-08,2018,2018-10-08,-1,5,SCORED
219536,219535,2018-10-09,2018,2018-10-09,-1,5,SCORED
219680,219679,2018-10-09,2018,2018-10-09,-1,5,SCORED
219771,219770,2018-10-10,2018,2018-10-10,-1,5,SCORED
219809,219808,2018-10-10,2018,2018-10-10,-1,5,SCORED
219858,219857,2018-10-10,2018,2018-10-10,1,5,SCORED
220030,220029,2018-10-11,2018,2018-10-11,-1,5,SCORED
220066,220065,2018-10-11,2018,2018-10-11,-1,5,SCORED
220177,220176,2018-10-11,2018,2018-10-11,-1,5,SCORED
220259,220258,2018-10-12,2018,2018-10-12,-1,5,SCORED
220300,220299,2018-10-12,2018,2018-10-12,-1,5,SCORED
220398,220397,2018-10-12,2018,2018-10-12,-1,5,SCORED
220482,220481,2018-10-15,2018,2018-10-15,1,5,SCORED
220509,220508,2018-10-15,2018,2018-10-15,1,5,SCORED
220633,220632,2018-10-15,2018,2018-10-15,1,5,SCORED
220768,220767,2018-10-16,2018,2018-10-16,-1,5,SCORED
220839,220838,2018-10-16,2018,2018-10-16,-1,5,SCORED
220878,220877,2018-10-16,2018,2018-10-16,-1,5,SCORED
220933,220932,2018-10-16,2018,2018-10-16,-1,5,SCORED
220964,220963,2018-10-17,2018,2018-10-17,-1,5,SCORED
221138,221137,2018-10-17,2018,2018-10-17,-1,5,SCORED
221243,221242,2018-10-18,2018,2018-10-18,-1,5,SCORED
221457,221456,2018-10-19,2018,2018-10-19,-1,5,SCORED
221660,221659,2018-10-19,2018,2018-10-19,1,5,SCORED
221749,221748,2018-10-22,2018,2018-10-22,1,5,SCORED
221918,221917,2018-10-22,2018,2018-10-22,1,5,SCORED
223123,223122,2018-10-30,2018,2018-10-30,-1,5,SCORED
223234,223233,2018-10-30,2018,2018-10-30,-1,5,SCORED
223292,223291,2018-10-30,2018,2018-10-30,-1,5,SCORED
223704,223703,2018-11-01,2018,2018-11-01,1,5,SCORED
223857,223856,2018-11-02,2018,2018-11-02,1,5,SCORED
223962,223961,2018-11-02,2018,2018-11-02,1,5,SCORED
224232,224231,2018-11-05,2018,2018-11-05,1,5,SCORED
224642,224641,2018-11-07,2018,2018-11-07,1,5,SCORED
224747,224746,2018-11-07,2018,2018-11-07,1,5,SCORED
224812,224811,2018-11-08,2018,2018-11-08,-1,5,SCORED
224876,224875,2018-11-08,2018,2018-11-08,-1,5,SCORED
224940,224939,2018-11-08,2018,2018-11-08,-1,5,SCORED
225137,225136,2018-11-09,2018,2018-11-09,-1,5,SCORED
225524,225523,2018-11-13,2018,2018-11-13,1,5,SCORED
225629,225628,2018-11-13,2018,2018-11-13,1,5,SCORED
225765,225764,2018-11-14,2018,2018-11-14,1,5,SCORED
225977,225976,2018-11-14,2018,2018-11-14,1,5,SCORED
226272,226271,2018-11-16,2018,2018-11-16,1,5,SCORED
226408,226407,2018-11-16,2018,2018-11-16,1,5,SCORED
226484,226483,2018-11-19,2018,2018-11-19,1,5,SCORED
226992,226991,2018-11-21,2018,2018-11-21,-1,5,SCORED
227515,227514,2018-11-23,2018,2018-11-23,-1,5,SCORED
227660,227659,2018-11-23,2018,2018-11-23,-1,5,SCORED
227721,227720,2018-11-26,2018,2018-11-26,-1,5,SCORED
227829,227828,2018-11-26,2018,2018-11-26,-1,5,SCORED
228041,228040,2018-11-27,2018,2018-11-27,1,5,SCORED
228219,228218,2018-11-28,2018,2018-11-28,-1,5,SCORED
228499,228498,2018-11-29,2018,2018-11-29,1,5,SCORED
228662,228661,2018-11-30,2018,2018-11-30,1,5,SCORED
228758,228757,2018-11-30,2018,2018-11-30,-1,5,SCORED
228905,228904,2018-12-03,2018,2018-12-03,1,5,SCORED
229128,229127,2018-12-04,2018,2018-12-04,1,5,SCORED
229186,229185,2018-12-04,2018,2018-12-04,1,5,SCORED
229310,229309,2018-12-04,2018,2018-12-04,1,5,SCORED
229490,229489,2018-12-05,2018,2018-12-05,-1,5,SCORED
229833,229832,2018-12-06,2018,2018-12-06,-1,5,SCORED
229903,229902,2018-12-07,2018,2018-12-07,-1,5,SCORED
230008,230007,2018-12-07,2018,2018-12-07,-1,5,SCORED
230091,230090,2018-12-10,2018,2018-12-10,-1,5,SCORED
230122,230121,2018-12-10,2018,2018-12-10,-1,5,SCORED
230186,230185,2018-12-10,2018,2018-12-10,-1,5,SCORED
230303,230302,2018-12-10,2018,2018-12-10,-1,5,SCORED
231392,231391,2018-12-17,2018,2018-12-17,-1,5,SCORED
231763,231762,2018-12-19,2018,2018-12-19,-1,5,SCORED
231907,231906,2018-12-19,2018,2018-12-19,-1,5,SCORED
232010,232009,2018-12-20,2018,2018-12-20,-1,5,SCORED
232069,232068,2018-12-20,2018,2018-12-20,-1,5,SCORED
232242,232241,2018-12-21,2018,2018-12-21,-1,5,SCORED
232548,232547,2018-12-24,2018,2018-12-24,-1,5,SCORED
232645,232644,2018-12-24,2018,2018-12-24,-1,5,SCORED
232966,232965,2018-12-26,2018,2018-12-26,-1,5,SCORED
233514,233513,2018-12-28,2018,2018-12-28,-1,5,SCORED
233961,233960,2019-01-03,2019,2019-01-03,-1,5,SCORED
234115,234114,2019-01-03,2019,2019-01-03,-1,5,SCORED
234193,234192,2019-01-04,2019,2019-01-04,-1,5,SCORED
235131,235130,2019-01-10,2019,2019-01-10,1,5,SCORED
236254,236253,2019-01-16,2019,2019-01-16,1,5,SCORED
237488,237487,2019-01-23,2019,2019-01-23,1,5,SCORED
237575,237574,2019-01-24,2019,2019-01-24,1,5,SCORED
237779,237778,2019-01-25,2019,2019-01-25,1,5,SCORED
238002,238001,2019-01-28,2019,2019-01-28,1,5,SCORED
238296,238295,2019-01-29,2019,2019-01-29,-1,5,SCORED
238421,238420,2019-01-29,2019,2019-01-29,-1,5,SCORED
238743,238742,2019-01-31,2019,2019-01-31,-1,5,SCORED
238825,238824,2019-01-31,2019,2019-01-31,-1,5,SCORED
239669,239668,2019-02-12,2019,2019-02-12,1,5,SCORED
239796,239795,2019-02-13,2019,2019-02-13,1,5,SCORED
239931,239930,2019-02-14,2019,2019-02-14,1,5,SCORED
239971,239970,2019-02-14,2019,2019-02-14,1,5,SCORED
240067,240066,2019-02-14,2019,2019-02-14,1,5,SCORED
240168,240167,2019-02-15,2019,2019-02-15,1,5,SCORED
240702,240701,2019-02-19,2019,2019-02-19,1,5,SCORED
241331,241330,2019-02-21,2019,2019-02-21,1,5,SCORED
241611,241610,2019-02-25,2019,2019-02-25,1,5,SCORED
241635,241634,2019-02-25,2019,2019-02-25,1,5,SCORED
241692,241691,2019-02-25,2019,2019-02-25,1,5,SCORED
241784,241783,2019-02-25,2019,2019-02-25,1,5,SCORED
241848,241847,2019-02-26,2019,2019-02-26,1,5,SCORED
241864,241863,2019-02-26,2019,2019-02-26,1,5,SCORED
241923,241922,2019-02-26,2019,2019-02-26,1,5,SCORED
242061,242060,2019-02-26,2019,2019-02-26,1,5,SCORED
242330,242329,2019-02-28,2019,2019-02-28,-1,5,SCORED
242822,242821,2019-03-04,2019,2019-03-04,1,5,SCORED
242876,242875,2019-03-04,2019,2019-03-04,1,5,SCORED
242969,242968,2019-03-04,2019,2019-03-04,1,5,SCORED
243162,243161,2019-03-05,2019,2019-03-05,1,5,SCORED
243223,243222,2019-03-05,2019,2019-03-05,1,5,SCORED
243318,243317,2019-03-06,2019,2019-03-06,1,5,SCORED
243423,243422,2019-03-06,2019,2019-03-06,1,5,SCORED
243477,243476,2019-03-06,2019,2019-03-06,1,5,SCORED
243526,243525,2019-03-07,2019,2019-03-07,1,5,SCORED
243599,243598,2019-03-07,2019,2019-03-07,1,5,SCORED
243815,243814,2019-03-08,2019,2019-03-08,-1,5,SCORED
243994,243993,2019-03-08,2019,2019-03-08,-1,5,SCORED
244015,244014,2019-03-11,2019,2019-03-11,1,5,SCORED
244201,244200,2019-03-11,2019,2019-03-11,1,5,SCORED
244276,244275,2019-03-12,2019,2019-03-12,1,5,SCORED
244305,244304,2019-03-12,2019,2019-03-12,1,5,SCORED
244430,244429,2019-03-12,2019,2019-03-12,1,5,SCORED
244777,244776,2019-03-14,2019,2019-03-14,-1,5,SCORED
244805,244804,2019-03-14,2019,2019-03-14,-1,5,SCORED
244989,244988,2019-03-15,2019,2019-03-15,1,5,SCORED
245030,245029,2019-03-15,2019,2019-03-15,1,5,SCORED
245156,245155,2019-03-15,2019,2019-03-15,-1,5,SCORED
245314,245313,2019-03-18,2019,2019-03-18,1,5,SCORED
245456,245455,2019-03-19,2019,2019-03-19,1,5,SCORED
245475,245474,2019-03-19,2019,2019-03-19,1,5,SCORED
245530,245529,2019-03-19,2019,2019-03-19,1,5,SCORED
245956,245955,2019-03-21,2019,2019-03-21,1,5,SCORED
246033,246032,2019-03-21,2019,2019-03-21,1,5,SCORED
246109,246108,2019-03-21,2019,2019-03-21,1,5,SCORED
246220,246219,2019-03-22,2019,2019-03-22,-1,5,SCORED
246338,246337,2019-03-22,2019,2019-03-22,-1,5,SCORED
246529,246528,2019-03-25,2019,2019-03-25,1,5,SCORED
246646,246645,2019-03-26,2019,2019-03-26,-1,5,SCORED
246698,246697,2019-03-26,2019,2019-03-26,-1,5,SCORED
246809,246808,2019-03-26,2019,2019-03-26,-1,5,SCORED
246839,246838,2019-03-26,2019,2019-03-26,-1,5,SCORED
246870,246869,2019-03-26,2019,2019-03-26,-1,5,SCORED
246884,246883,2019-03-27,2019,2019-03-27,-1,5,SCORED
246948,246947,2019-03-27,2019,2019-03-27,-1,5,SCORED
247199,247198,2019-03-28,2019,2019-03-28,1,5,SCORED
247277,247276,2019-03-28,2019,2019-03-28,1,5,SCORED
247315,247314,2019-03-28,2019,2019-03-28,1,5,SCORED
247857,247856,2019-04-02,2019,2019-04-02,1,5,SCORED
247899,247898,2019-04-02,2019,2019-04-02,1,5,SCORED
248035,248034,2019-04-02,2019,2019-04-02,1,5,SCORED
248076,248075,2019-04-02,2019,2019-04-02,1,5,SCORED
248116,248115,2019-04-03,2019,2019-04-03,-1,5,SCORED
248362,248361,2019-04-04,2019,2019-04-04,1,5,SCORED
248538,248537,2019-04-04,2019,2019-04-04,-1,5,SCORED
248582,248581,2019-04-08,2019,2019-04-08,1,5,SCORED
248732,248731,2019-04-08,2019,2019-04-08,-1,5,SCORED
249444,249443,2019-04-11,2019,2019-04-11,-1,5,SCORED
249534,249533,2019-04-12,2019,2019-04-12,-1,5,SCORED
249576,249575,2019-04-12,2019,2019-04-12,-1,5,SCORED
249628,249627,2019-04-12,2019,2019-04-12,-1,5,SCORED
249845,249844,2019-04-15,2019,2019-04-15,1,5,SCORED
250089,250088,2019-04-16,2019,2019-04-16,-1,5,SCORED
250285,250284,2019-04-17,2019,2019-04-17,-1,5,SCORED
250337,250336,2019-04-17,2019,2019-04-17,-1,5,SCORED
250458,250457,2019-04-17,2019,2019-04-17,1,5,SCORED
251097,251096,2019-04-22,2019,2019-04-22,1,5,SCORED
251238,251237,2019-04-23,2019,2019-04-23,-1,5,SCORED
251375,251374,2019-04-23,2019,2019-04-23,-1,5,SCORED
251455,251454,2019-04-24,2019,2019-04-24,-1,5,SCORED
251492,251491,2019-04-24,2019,2019-04-24,-1,5,SCORED
251693,251692,2019-04-25,2019,2019-04-25,1,5,SCORED
251956,251955,2019-04-26,2019,2019-04-26,-1,5,SCORED
252202,252201,2019-04-29,2019,2019-04-29,-1,5,SCORED
252272,252271,2019-04-29,2019,2019-04-29,-1,5,SCORED
252425,252424,2019-04-30,2019,2019-04-30,-1,5,SCORED
252649,252648,2019-05-06,2019,2019-05-06,-1,5,SCORED
252677,252676,2019-05-06,2019,2019-05-06,-1,5,SCORED
252757,252756,2019-05-06,2019,2019-05-06,-1,5,SCORED
252807,252806,2019-05-06,2019,2019-05-06,-1,5,SCORED
252851,252850,2019-05-06,2019,2019-05-06,-1,5,SCORED
253294,253293,2019-05-08,2019,2019-05-08,1,5,SCORED
253746,253745,2019-05-10,2019,2019-05-10,-1,5,SCORED
253848,253847,2019-05-13,2019,2019-05-13,1,5,SCORED
254874,254873,2019-05-17,2019,2019-05-17,1,5,SCORED
255090,255089,2019-05-20,2019,2019-05-20,-1,5,SCORED
256108,256107,2019-05-24,2019,2019-05-24,-1,5,SCORED
256189,256188,2019-05-24,2019,2019-05-24,-1,5,SCORED
256223,256222,2019-05-24,2019,2019-05-24,-1,5,SCORED
256263,256262,2019-05-27,2019,2019-05-27,-1,5,SCORED
256328,256327,2019-05-27,2019,2019-05-27,-1,5,SCORED
256342,256341,2019-05-27,2019,2019-05-27,1,5,SCORED
256561,256560,2019-05-28,2019,2019-05-28,1,5,SCORED
256719,256718,2019-05-28,2019,2019-05-28,1,5,SCORED
257832,257831,2019-06-04,2019,2019-06-04,-1,5,SCORED
257928,257927,2019-06-05,2019,2019-06-05,-1,5,SCORED
258210,258209,2019-06-06,2019,2019-06-06,-1,5,SCORED
258293,258292,2019-06-06,2019,2019-06-06,-1,5,SCORED
258404,258403,2019-06-10,2019,2019-06-10,-1,5,SCORED
258886,258885,2019-06-12,2019,2019-06-12,1,5,SCORED
259038,259037,2019-06-12,2019,2019-06-12,1,5,SCORED
260784,260783,2019-06-21,2019,2019-06-21,1,5,SCORED
260872,260871,2019-06-24,2019,2019-06-24,1,5,SCORED
261282,261281,2019-06-26,2019,2019-06-26,-1,5,SCORED
261415,261414,2019-06-26,2019,2019-06-26,1,5,SCORED
261640,261639,2019-06-27,2019,2019-06-27,1,5,SCORED
262004,262003,2019-07-01,2019,2019-07-01,-1,5,SCORED
262579,262578,2019-07-03,2019,2019-07-03,1,5,SCORED
263340,263339,2019-07-08,2019,2019-07-08,-1,5,SCORED
263694,263693,2019-07-10,2019,2019-07-10,-1,5,SCORED
263797,263796,2019-07-10,2019,2019-07-10,-1,5,SCORED
263976,263975,2019-07-11,2019,2019-07-11,-1,5,SCORED
264118,264117,2019-07-11,2019,2019-07-11,1,5,SCORED
264183,264182,2019-07-12,2019,2019-07-12,1,5,SCORED
264216,264215,2019-07-12,2019,2019-07-12,-1,5,SCORED
265176,265175,2019-07-18,2019,2019-07-18,1,5,SCORED
265661,265660,2019-07-22,2019,2019-07-22,-1,5,SCORED
267004,267003,2019-07-29,2019,2019-07-29,1,5,SCORED
267451,267450,2019-07-31,2019,2019-07-31,1,5,SCORED
267572,267571,2019-08-01,2019,2019-08-01,-1,5,SCORED
267855,267854,2019-08-02,2019,2019-08-02,-1,5,SCORED
268002,268001,2019-08-05,2019,2019-08-05,-1,5,SCORED
268450,268449,2019-08-06,2019,2019-08-06,-1,5,SCORED
270029,270028,2019-08-15,2019,2019-08-15,-1,5,SCORED
270890,270889,2019-08-21,2019,2019-08-21,1,5,SCORED
271379,271378,2019-08-23,2019,2019-08-23,-1,5,SCORED
271427,271426,2019-08-23,2019,2019-08-23,1,5,SCORED
271639,271638,2019-08-26,2019,2019-08-26,-1,5,SCORED
272069,272068,2019-08-27,2019,2019-08-27,1,5,SCORED
273420,273419,2019-09-04,2019,2019-09-04,1,5,SCORED
273762,273761,2019-09-06,2019,2019-09-06,1,5,SCORED
274029,274028,2019-09-09,2019,2019-09-09,1,5,SCORED
274286,274285,2019-09-10,2019,2019-09-10,1,5,SCORED
274362,274361,2019-09-10,2019,2019-09-10,1,5,SCORED
274520,274519,2019-09-11,2019,2019-09-11,1,5,SCORED
275081,275080,2019-09-16,2019,2019-09-16,1,5,SCORED
275198,275197,2019-09-16,2019,2019-09-16,1,5,SCORED
275299,275298,2019-09-17,2019,2019-09-17,1,5,SCORED
275460,275459,2019-09-18,2019,2019-09-18,-1,5,SCORED
275556,275555,2019-09-18,2019,2019-09-18,-1,5,SCORED
275831,275830,2019-09-19,2019,2019-09-19,-1,5,SCORED
276059,276058,2019-09-20,2019,2019-09-20,1,5,SCORED
276378,276377,2019-09-23,2019,2019-09-23,1,5,SCORED
276431,276430,2019-09-24,2019,2019-09-24,-1,5,SCORED
276773,276772,2019-09-25,2019,2019-09-25,-1,5,SCORED
276873,276872,2019-09-25,2019,2019-09-25,-1,5,SCORED
276920,276919,2019-09-26,2019,2019-09-26,-1,5,SCORED
276975,276974,2019-09-26,2019,2019-09-26,-1,5,SCORED
277068,277067,2019-09-26,2019,2019-09-26,-1,5,SCORED
277240,277239,2019-09-27,2019,2019-09-27,-1,5,SCORED
277618,277617,2019-10-08,2019,2019-10-08,-1,5,SCORED
277915,277914,2019-10-09,2019,2019-10-09,-1,5,SCORED
278416,278415,2019-10-11,2019,2019-10-11,1,5,SCORED
278763,278762,2019-10-14,2019,2019-10-14,1,5,SCORED
279908,279907,2019-10-21,2019,2019-10-21,-1,5,SCORED
281465,281464,2019-10-30,2019,2019-10-30,1,5,SCORED
282311,282310,2019-11-04,2019,2019-11-04,-1,5,SCORED
282993,282992,2019-11-07,2019,2019-11-07,-1,5,SCORED
283201,283200,2019-11-08,2019,2019-11-08,-1,5,SCORED
283271,283270,2019-11-08,2019,2019-11-08,-1,5,SCORED
283851,283850,2019-11-13,2019,2019-11-13,-1,5,SCORED
285303,285302,2019-11-21,2019,2019-11-21,1,5,SCORED
285847,285846,2019-11-25,2019,2019-11-25,-1,5,SCORED
287109,287108,2019-12-02,2019,2019-12-02,-1,5,SCORED
287453,287452,2019-12-04,2019,2019-12-04,1,5,SCORED
288034,288033,2019-12-06,2019,2019-12-06,1,5,SCORED
288521,288520,2019-12-10,2019,2019-12-10,1,5,SCORED
288762,288761,2019-12-11,2019,2019-12-11,1,5,SCORED
289717,289716,2019-12-17,2019,2019-12-17,1,5,SCORED
289977,289976,2019-12-18,2019,2019-12-18,1,5,SCORED
290392,290391,2019-12-20,2019,2019-12-20,1,5,SCORED
290617,290616,2019-12-23,2019,2019-12-23,-1,5,SCORED
290722,290721,2019-12-23,2019,2019-12-23,-1,5,SCORED
290819,290818,2019-12-24,2019,2019-12-24,-1,5,SCORED
291266,291265,2019-12-25,2019,2019-12-25,1,5,SCORED
291477,291476,2019-12-26,2019,2019-12-26,1,5,SCORED
292070,292069,2019-12-31,2019,2019-12-31,-1,5,SCORED
292637,292636,2020-01-03,2020,2020-01-03,1,5,SCORED
292727,292726,2020-01-06,2020,2020-01-06,1,5,SCORED
292935,292934,2020-01-06,2020,2020-01-06,1,5,SCORED
293054,293053,2020-01-07,2020,2020-01-07,1,5,SCORED
293214,293213,2020-01-08,2020,2020-01-08,1,5,SCORED
293412,293411,2020-01-08,2020,2020-01-08,1,5,SCORED
293862,293861,2020-01-10,2020,2020-01-10,1,5,SCORED
294410,294409,2020-01-15,2020,2020-01-15,1,5,SCORED
295457,295456,2020-01-21,2020,2020-01-21,1,5,SCORED
295831,295830,2020-01-22,2020,2020-01-22,-1,5,SCORED
296019,296018,2020-01-23,2020,2020-01-23,-1,5,SCORED
296158,296157,2020-02-03,2020,2020-02-03,-1,5,SCORED
296333,296332,2020-02-04,2020,2020-02-04,-1,5,SCORED
296677,296676,2020-02-05,2020,2020-02-05,1,5,SCORED
296957,296956,2020-02-06,2020,2020-02-06,1,5,SCORED
297022,297021,2020-02-06,2020,2020-02-06,1,5,SCORED
297076,297075,2020-02-07,2020,2020-02-07,1,5,SCORED
297166,297165,2020-02-07,2020,2020-02-07,-1,5,SCORED
297258,297257,2020-02-07,2020,2020-02-07,-1,5,SCORED
297290,297289,2020-02-10,2020,2020-02-10,-1,5,SCORED
297412,297411,2020-02-10,2020,2020-02-10,1,5,SCORED
297530,297529,2020-02-11,2020,2020-02-11,1,5,SCORED
297765,297764,2020-02-12,2020,2020-02-12,1,5,SCORED
297855,297854,2020-02-12,2020,2020-02-12,1,5,SCORED
298039,298038,2020-02-13,2020,2020-02-13,1,5,SCORED
298411,298410,2020-02-14,2020,2020-02-14,1,5,SCORED
298816,298815,2020-02-18,2020,2020-02-18,1,5,SCORED
298937,298936,2020-02-18,2020,2020-02-18,1,5,SCORED
298965,298964,2020-02-19,2020,2020-02-19,1,5,SCORED
299004,299003,2020-02-19,2020,2020-02-19,1,5,SCORED
299057,299056,2020-02-19,2020,2020-02-19,1,5,SCORED
299165,299164,2020-02-19,2020,2020-02-19,1,5,SCORED
299620,299619,2020-02-21,2020,2020-02-21,1,5,SCORED
299692,299691,2020-02-24,2020,2020-02-24,1,5,SCORED
299739,299738,2020-02-24,2020,2020-02-24,1,5,SCORED
299852,299851,2020-02-24,2020,2020-02-24,1,5,SCORED
299918,299917,2020-02-24,2020,2020-02-24,1,5,SCORED
299923,299922,2020-02-25,2020,2020-02-25,1,5,SCORED
300072,300071,2020-02-25,2020,2020-02-25,-1,5,SCORED
300114,300113,2020-02-25,2020,2020-02-25,-1,5,SCORED
300164,300163,2020-02-26,2020,2020-02-26,1,5,SCORED
300666,300665,2020-02-28,2020,2020-02-28,-1,5,SCORED
300718,300717,2020-02-28,2020,2020-02-28,-1,5,SCORED
300803,300802,2020-02-28,2020,2020-02-28,-1,5,SCORED
300888,300887,2020-03-02,2020,2020-03-02,-1,5,SCORED
301067,301066,2020-03-02,2020,2020-03-02,1,5,SCORED
301279,301278,2020-03-03,2020,2020-03-03,1,5,SCORED
301626,301625,2020-03-05,2020,2020-03-05,1,5,SCORED
301793,301792,2020-03-05,2020,2020-03-05,1,5,SCORED
301844,301843,2020-03-06,2020,2020-03-06,1,5,SCORED
301879,301878,2020-03-06,2020,2020-03-06,-1,5,SCORED
302091,302090,2020-03-09,2020,2020-03-09,-1,5,SCORED
302127,302126,2020-03-09,2020,2020-03-09,-1,5,SCORED
302204,302203,2020-03-09,2020,2020-03-09,-1,5,SCORED
302277,302276,2020-03-09,2020,2020-03-09,-1,5,SCORED
302326,302325,2020-03-10,2020,2020-03-10,-1,5,SCORED
302348,302347,2020-03-10,2020,2020-03-10,-1,5,SCORED
302508,302507,2020-03-10,2020,2020-03-10,1,5,SCORED
302579,302578,2020-03-11,2020,2020-03-11,1,5,SCORED
302612,302611,2020-03-11,2020,2020-03-11,1,5,SCORED
302662,302661,2020-03-11,2020,2020-03-11,1,5,SCORED
302820,302819,2020-03-12,2020,2020-03-12,-1,5,SCORED
302881,302880,2020-03-12,2020,2020-03-12,-1,5,SCORED
302983,302982,2020-03-12,2020,2020-03-12,-1,5,SCORED
303035,303034,2020-03-12,2020,2020-03-12,-1,5,SCORED
303074,303073,2020-03-13,2020,2020-03-13,-1,5,SCORED
303492,303491,2020-03-16,2020,2020-03-16,-1,5,SCORED
303521,303520,2020-03-16,2020,2020-03-17,-1,5,SCORED
303523,303522,2020-03-17,2020,2020-03-17,-1,5,SCORED
303538,303537,2020-03-17,2020,2020-03-17,-1,5,SCORED
303602,303601,2020-03-17,2020,2020-03-17,-1,5,SCORED
303625,303624,2020-03-17,2020,2020-03-17,-1,5,SCORED
303685,303684,2020-03-17,2020,2020-03-17,1,5,SCORED
303825,303824,2020-03-18,2020,2020-03-18,1,5,SCORED
303978,303977,2020-03-18,2020,2020-03-18,-1,5,SCORED
304011,304010,2020-03-19,2020,2020-03-19,-1,5,SCORED
304031,304030,2020-03-19,2020,2020-03-19,-1,5,SCORED
304077,304076,2020-03-19,2020,2020-03-19,1,5,SCORED
304119,304118,2020-03-19,2020,2020-03-19,-1,5,SCORED
304188,304187,2020-03-19,2020,2020-03-19,1,5,SCORED
304236,304235,2020-03-19,2020,2020-03-19,1,5,SCORED
304255,304254,2020-03-20,2020,2020-03-20,1,5,SCORED
304368,304367,2020-03-20,2020,2020-03-20,-1,5,SCORED
304407,304406,2020-03-20,2020,2020-03-20,-1,5,SCORED
304492,304491,2020-03-23,2020,2020-03-23,-1,5,SCORED
304589,304588,2020-03-23,2020,2020-03-23,-1,5,SCORED
304608,304607,2020-03-23,2020,2020-03-23,-1,5,SCORED
304671,304670,2020-03-23,2020,2020-03-23,1,5,SCORED
304726,304725,2020-03-24,2020,2020-03-24,-1,5,SCORED
304940,304939,2020-03-24,2020,2020-03-24,-1,5,SCORED
305058,305057,2020-03-25,2020,2020-03-25,1,5,SCORED
305206,305205,2020-03-26,2020,2020-03-26,1,5,SCORED
305285,305284,2020-03-26,2020,2020-03-26,-1,5,SCORED
305336,305335,2020-03-26,2020,2020-03-26,1,5,SCORED
305757,305756,2020-03-30,2020,2020-03-30,-1,5,SCORED
305922,305921,2020-03-31,2020,2020-03-31,1,5,SCORED
305979,305978,2020-03-31,2020,2020-03-31,1,5,SCORED
306069,306068,2020-03-31,2020,2020-03-31,1,5,SCORED
306212,306211,2020-04-01,2020,2020-04-01,-1,5,SCORED
306527,306526,2020-04-02,2020,2020-04-02,-1,5,SCORED
306803,306802,2020-04-03,2020,2020-04-03,1,5,SCORED
307018,307017,2020-04-07,2020,2020-04-07,1,5,SCORED
307127,307126,2020-04-08,2020,2020-04-08,1,5,SCORED
307242,307241,2020-04-08,2020,2020-04-08,1,5,SCORED
307285,307284,2020-04-08,2020,2020-04-08,1,5,SCORED
307357,307356,2020-04-08,2020,2020-04-08,1,5,SCORED
307406,307405,2020-04-09,2020,2020-04-09,1,5,SCORED
307642,307641,2020-04-10,2020,2020-04-10,1,5,SCORED
307705,307704,2020-04-10,2020,2020-04-10,1,5,SCORED
307945,307944,2020-04-13,2020,2020-04-13,-1,5,SCORED
309221,309220,2020-04-20,2020,2020-04-20,1,5,SCORED
310216,310215,2020-04-24,2020,2020-04-24,-1,5,SCORED
310425,310424,2020-04-27,2020,2020-04-27,-1,5,SCORED
310559,310558,2020-04-28,2020,2020-04-28,-1,5,SCORED
311204,311203,2020-05-06,2020,2020-05-06,1,5,SCORED
311509,311508,2020-05-07,2020,2020-05-07,1,5,SCORED
311619,311618,2020-05-07,2020,2020-05-07,1,5,SCORED
311772,311771,2020-05-08,2020,2020-05-08,1,5,SCORED
312140,312139,2020-05-11,2020,2020-05-11,1,5,SCORED
312402,312401,2020-05-13,2020,2020-05-13,-1,5,SCORED
312665,312664,2020-05-14,2020,2020-05-14,1,5,SCORED
313148,313147,2020-05-18,2020,2020-05-18,1,5,SCORED
313362,313361,2020-05-19,2020,2020-05-19,1,5,SCORED
313687,313686,2020-05-20,2020,2020-05-20,1,5,SCORED
313908,313907,2020-05-21,2020,2020-05-21,1,5,SCORED
314249,314248,2020-05-22,2020,2020-05-22,-1,5,SCORED
314482,314481,2020-05-25,2020,2020-05-25,-1,5,SCORED
314886,314885,2020-05-27,2020,2020-05-27,1,5,SCORED
316264,316263,2020-06-04,2020,2020-06-04,1,5,SCORED
316972,316971,2020-06-09,2020,2020-06-09,1,5,SCORED
317643,317642,2020-06-11,2020,2020-06-11,1,5,SCORED
317738,317737,2020-06-12,2020,2020-06-12,-1,5,SCORED
318499,318498,2020-06-17,2020,2020-06-17,1,5,SCORED
318746,318745,2020-06-18,2020,2020-06-18,1,5,SCORED
319414,319413,2020-06-23,2020,2020-06-23,1,5,SCORED
319797,319796,2020-06-24,2020,2020-06-24,1,5,SCORED
320304,320303,2020-06-30,2020,2020-06-30,1,5,SCORED
320498,320497,2020-07-01,2020,2020-07-01,1,5,SCORED
320564,320563,2020-07-02,2020,2020-07-02,-1,5,SCORED
321202,321201,2020-07-06,2020,2020-07-06,1,5,SCORED
321299,321298,2020-07-07,2020,2020-07-07,1,5,SCORED
321358,321357,2020-07-07,2020,2020-07-07,1,5,SCORED
321449,321448,2020-07-07,2020,2020-07-07,1,5,SCORED
321496,321495,2020-07-07,2020,2020-07-07,1,5,SCORED
321823,321822,2020-07-09,2020,2020-07-09,1,5,SCORED
321948,321947,2020-07-09,2020,2020-07-09,1,5,SCORED
322080,322079,2020-07-10,2020,2020-07-10,1,5,SCORED
322259,322258,2020-07-13,2020,2020-07-13,1,5,SCORED
322429,322428,2020-07-13,2020,2020-07-13,1,5,SCORED
322457,322456,2020-07-13,2020,2020-07-13,1,5,SCORED
322509,322508,2020-07-14,2020,2020-07-14,1,5,SCORED
322531,322530,2020-07-14,2020,2020-07-14,1,5,SCORED
322903,322902,2020-07-15,2020,2020-07-15,-1,5,SCORED
322985,322984,2020-07-16,2020,2020-07-16,-1,5,SCORED
323032,323031,2020-07-16,2020,2020-07-16,-1,5,SCORED
323135,323134,2020-07-16,2020,2020-07-16,-1,5,SCORED
323173,323172,2020-07-16,2020,2020-07-16,-1,5,SCORED
323192,323191,2020-07-16,2020,2020-07-16,-1,5,SCORED
323220,323219,2020-07-17,2020,2020-07-17,-1,5,SCORED
323308,323307,2020-07-17,2020,2020-07-17,1,5,SCORED
323334,323333,2020-07-17,2020,2020-07-17,-1,5,SCORED
323373,323372,2020-07-17,2020,2020-07-17,-1,5,SCORED
323419,323418,2020-07-17,2020,2020-07-17,-1,5,SCORED
323447,323446,2020-07-20,2020,2020-07-20,1,5,SCORED
323643,323642,2020-07-20,2020,2020-07-20,1,5,SCORED
323789,323788,2020-07-21,2020,2020-07-21,1,5,SCORED
324107,324106,2020-07-22,2020,2020-07-22,1,5,SCORED
324229,324228,2020-07-23,2020,2020-07-23,-1,5,SCORED
324315,324314,2020-07-23,2020,2020-07-23,-1,5,SCORED
324552,324551,2020-07-24,2020,2020-07-24,-1,5,SCORED
324606,324605,2020-07-24,2020,2020-07-24,-1,5,SCORED
324672,324671,2020-07-27,2020,2020-07-27,-1,5,SCORED
324826,324825,2020-07-27,2020,2020-07-27,-1,5,SCORED
324926,324925,2020-07-28,2020,2020-07-28,1,5,SCORED
325066,325065,2020-07-28,2020,2020-07-28,1,5,SCORED
325260,325259,2020-07-29,2020,2020-07-29,1,5,SCORED
325404,325403,2020-07-30,2020,2020-07-30,1,5,SCORED
325744,325743,2020-07-31,2020,2020-07-31,-1,5,SCORED
326142,326141,2020-08-04,2020,2020-08-04,1,5,SCORED
326194,326193,2020-08-04,2020,2020-08-04,1,5,SCORED
326280,326279,2020-08-04,2020,2020-08-04,-1,5,SCORED
326347,326346,2020-08-05,2020,2020-08-05,-1,5,SCORED
326654,326653,2020-08-06,2020,2020-08-06,1,5,SCORED
326746,326745,2020-08-06,2020,2020-08-06,1,5,SCORED
326804,326803,2020-08-07,2020,2020-08-07,1,5,SCORED
326868,326867,2020-08-07,2020,2020-08-07,1,5,SCORED
326905,326904,2020-08-07,2020,2020-08-07,-1,5,SCORED
326948,326947,2020-08-07,2020,2020-08-07,-1,5,SCORED
327027,327026,2020-08-07,2020,2020-08-07,-1,5,SCORED
327067,327066,2020-08-10,2020,2020-08-10,1,5,SCORED
327128,327127,2020-08-10,2020,2020-08-10,1,5,SCORED
327253,327252,2020-08-10,2020,2020-08-10,-1,5,SCORED
327604,327603,2020-08-12,2020,2020-08-12,-1,5,SCORED
327699,327698,2020-08-12,2020,2020-08-12,-1,5,SCORED
327799,327798,2020-08-13,2020,2020-08-13,1,5,SCORED
327886,327885,2020-08-13,2020,2020-08-13,1,5,SCORED
327972,327971,2020-08-13,2020,2020-08-13,1,5,SCORED
328008,328007,2020-08-14,2020,2020-08-14,1,5,SCORED
328032,328031,2020-08-14,2020,2020-08-14,-1,5,SCORED
328756,328755,2020-08-19,2020,2020-08-19,1,5,SCORED
329982,329981,2020-08-26,2020,2020-08-26,1,5,SCORED
330185,330184,2020-08-27,2020,2020-08-27,-1,5,SCORED
330916,330915,2020-09-01,2020,2020-09-01,1,5,SCORED
332111,332110,2020-09-08,2020,2020-09-08,-1,5,SCORED
332326,332325,2020-09-09,2020,2020-09-09,1,5,SCORED
332347,332346,2020-09-09,2020,2020-09-09,1,5,SCORED
332472,332471,2020-09-09,2020,2020-09-09,-1,5,SCORED
332567,332566,2020-09-10,2020,2020-09-10,-1,5,SCORED
332661,332660,2020-09-10,2020,2020-09-10,-1,5,SCORED
332720,332719,2020-09-10,2020,2020-09-10,-1,5,SCORED
332766,332765,2020-09-10,2020,2020-09-10,-1,5,SCORED
332798,332797,2020-09-10,2020,2020-09-10,-1,5,SCORED
332811,332810,2020-09-11,2020,2020-09-11,-1,5,SCORED
332873,332872,2020-09-11,2020,2020-09-11,-1,5,SCORED
333096,333095,2020-09-14,2020,2020-09-14,1,5,SCORED
333150,333149,2020-09-14,2020,2020-09-14,1,5,SCORED
333472,333471,2020-09-15,2020,2020-09-15,1,5,SCORED
333583,333582,2020-09-16,2020,2020-09-16,1,5,SCORED
333733,333732,2020-09-16,2020,2020-09-16,1,5,SCORED
333847,333846,2020-09-17,2020,2020-09-17,-1,5,SCORED
334009,334008,2020-09-18,2020,2020-09-18,1,5,SCORED
334369,334368,2020-09-21,2020,2020-09-21,1,5,SCORED
334735,334734,2020-09-23,2020,2020-09-23,-1,5,SCORED
335075,335074,2020-09-24,2020,2020-09-24,-1,5,SCORED
335118,335117,2020-09-24,2020,2020-09-24,-1,5,SCORED
335161,335160,2020-09-24,2020,2020-09-24,-1,5,SCORED
335208,335207,2020-09-25,2020,2020-09-25,-1,5,SCORED
335265,335264,2020-09-25,2020,2020-09-25,-1,5,SCORED
335345,335344,2020-09-25,2020,2020-09-25,-1,5,SCORED
335400,335399,2020-09-25,2020,2020-09-25,-1,5,SCORED
335446,335445,2020-09-28,2020,2020-09-28,-1,5,SCORED
335549,335548,2020-09-28,2020,2020-09-28,-1,5,SCORED
335607,335606,2020-09-28,2020,2020-09-28,-1,5,SCORED
336126,336125,2020-09-30,2020,2020-09-30,1,5,SCORED
336616,336615,2020-10-12,2020,2020-10-12,1,5,SCORED
336686,336685,2020-10-13,2020,2020-10-13,1,5,SCORED
337160,337159,2020-10-15,2020,2020-10-15,1,5,SCORED
338504,338503,2020-10-22,2020,2020-10-22,-1,5,SCORED
338783,338782,2020-10-23,2020,2020-10-23,-1,5,SCORED
338809,338808,2020-10-26,2020,2020-10-26,-1,5,SCORED
338919,338918,2020-10-26,2020,2020-10-26,-1,5,SCORED
340035,340034,2020-11-02,2020,2020-11-02,-1,5,SCORED
340084,340083,2020-11-02,2020,2020-11-02,-1,5,SCORED
340152,340151,2020-11-02,2020,2020-11-02,-1,5,SCORED
340567,340566,2020-11-04,2020,2020-11-04,1,5,SCORED
340829,340828,2020-11-05,2020,2020-11-05,1,5,SCORED
341048,341047,2020-11-06,2020,2020-11-06,1,5,SCORED
341441,341440,2020-11-09,2020,2020-11-10,1,5,SCORED
342286,342285,2020-11-13,2020,2020-11-13,-1,5,SCORED
342422,342421,2020-11-16,2020,2020-11-16,1,5,SCORED
342639,342638,2020-11-16,2020,2020-11-16,1,5,SCORED
342804,342803,2020-11-17,2020,2020-11-17,1,5,SCORED
342869,342868,2020-11-17,2020,2020-11-17,1,5,SCORED
342911,342910,2020-11-18,2020,2020-11-18,-1,5,SCORED
343169,343168,2020-11-19,2020,2020-11-19,-1,5,SCORED
343422,343421,2020-11-20,2020,2020-11-20,-1,5,SCORED
343912,343911,2020-11-24,2020,2020-11-24,1,5,SCORED
344089,344088,2020-11-25,2020,2020-11-25,1,5,SCORED
344522,344521,2020-11-26,2020,2020-11-26,-1,5,SCORED
344803,344802,2020-11-30,2020,2020-11-30,-1,5,SCORED
344897,344896,2020-11-30,2020,2020-11-30,1,5,SCORED
345049,345048,2020-12-01,2020,2020-12-01,1,5,SCORED
345356,345355,2020-12-02,2020,2020-12-02,1,5,SCORED
345574,345573,2020-12-03,2020,2020-12-03,1,5,SCORED
346142,346141,2020-12-07,2020,2020-12-07,1,5,SCORED
346894,346893,2020-12-10,2020,2020-12-10,-1,5,SCORED
347102,347101,2020-12-11,2020,2020-12-11,-1,5,SCORED
347204,347203,2020-12-14,2020,2020-12-14,-1,5,SCORED
348700,348699,2020-12-22,2020,2020-12-22,1,5,SCORED
348883,348882,2020-12-23,2020,2020-12-23,1,5,SCORED
348929,348928,2020-12-23,2020,2020-12-23,1,5,SCORED
349034,349033,2020-12-23,2020,2020-12-23,-1,5,SCORED
349197,349196,2020-12-24,2020,2020-12-24,-1,5,SCORED
349280,349279,2020-12-24,2020,2020-12-24,-1,5,SCORED
349385,349384,2020-12-25,2020,2020-12-25,-1,5,SCORED
246,245,2015-01-06,2015,2015-01-06,1,15,WARMUP_2015_NOT_SCORED
328,327,2015-01-06,2015,2015-01-06,1,15,WARMUP_2015_NOT_SCORED
450,449,2015-01-06,2015,2015-01-06,1,15,WARMUP_2015_NOT_SCORED
584,583,2015-01-07,2015,2015-01-07,1,15,WARMUP_2015_NOT_SCORED
775,774,2015-01-08,2015,2015-01-08,1,15,WARMUP_2015_NOT_SCORED
970,969,2015-01-09,2015,2015-01-09,1,15,WARMUP_2015_NOT_SCORED
1539,1538,2015-01-13,2015,2015-01-13,-1,15,WARMUP_2015_NOT_SCORED
2542,2541,2015-01-19,2015,2015-01-19,1,15,WARMUP_2015_NOT_SCORED
2647,2646,2015-01-20,2015,2015-01-20,-1,15,WARMUP_2015_NOT_SCORED
2956,2955,2015-01-21,2015,2015-01-21,1,15,WARMUP_2015_NOT_SCORED
3088,3087,2015-01-21,2015,2015-01-21,1,15,WARMUP_2015_NOT_SCORED
3190,3189,2015-01-22,2015,2015-01-22,1,15,WARMUP_2015_NOT_SCORED
3446,3445,2015-01-23,2015,2015-01-23,1,15,WARMUP_2015_NOT_SCORED
3716,3715,2015-01-26,2015,2015-01-26,1,15,WARMUP_2015_NOT_SCORED
3979,3978,2015-01-27,2015,2015-01-27,1,15,WARMUP_2015_NOT_SCORED
4093,4092,2015-01-28,2015,2015-01-28,1,15,WARMUP_2015_NOT_SCORED
4326,4325,2015-01-29,2015,2015-01-29,1,15,WARMUP_2015_NOT_SCORED
4749,4748,2015-01-30,2015,2015-01-30,-1,15,WARMUP_2015_NOT_SCORED
4821,4820,2015-02-02,2015,2015-02-02,-1,15,WARMUP_2015_NOT_SCORED
5363,5362,2015-02-04,2015,2015-02-04,1,15,WARMUP_2015_NOT_SCORED
7925,7924,2015-02-26,2015,2015-02-26,1,15,WARMUP_2015_NOT_SCORED
8886,8885,2015-03-04,2015,2015-03-04,1,15,WARMUP_2015_NOT_SCORED
9181,9180,2015-03-05,2015,2015-03-05,1,15,WARMUP_2015_NOT_SCORED
9554,9553,2015-03-06,2015,2015-03-06,-1,15,WARMUP_2015_NOT_SCORED
10505,10504,2015-03-12,2015,2015-03-12,1,15,WARMUP_2015_NOT_SCORED
11236,11235,2015-03-17,2015,2015-03-17,1,15,WARMUP_2015_NOT_SCORED
11530,11529,2015-03-19,2015,2015-03-19,1,15,WARMUP_2015_NOT_SCORED
11571,11570,2015-03-19,2015,2015-03-19,1,15,WARMUP_2015_NOT_SCORED
11686,11685,2015-03-19,2015,2015-03-19,1,15,WARMUP_2015_NOT_SCORED
11892,11891,2015-03-20,2015,2015-03-20,1,15,WARMUP_2015_NOT_SCORED
12195,12194,2015-03-23,2015,2015-03-23,1,15,WARMUP_2015_NOT_SCORED
12250,12249,2015-03-24,2015,2015-03-24,1,15,WARMUP_2015_NOT_SCORED
12337,12336,2015-03-24,2015,2015-03-24,-1,15,WARMUP_2015_NOT_SCORED
12382,12381,2015-03-24,2015,2015-03-24,-1,15,WARMUP_2015_NOT_SCORED
12487,12486,2015-03-25,2015,2015-03-25,1,15,WARMUP_2015_NOT_SCORED
12509,12508,2015-03-25,2015,2015-03-25,1,15,WARMUP_2015_NOT_SCORED
12595,12594,2015-03-25,2015,2015-03-25,1,15,WARMUP_2015_NOT_SCORED
12726,12725,2015-03-26,2015,2015-03-26,1,15,WARMUP_2015_NOT_SCORED
12829,12828,2015-03-26,2015,2015-03-26,-1,15,WARMUP_2015_NOT_SCORED
13560,13559,2015-03-31,2015,2015-03-31,1,15,WARMUP_2015_NOT_SCORED
13649,13648,2015-03-31,2015,2015-03-31,1,15,WARMUP_2015_NOT_SCORED
13864,13863,2015-04-01,2015,2015-04-01,1,15,WARMUP_2015_NOT_SCORED
13980,13979,2015-04-02,2015,2015-04-02,1,15,WARMUP_2015_NOT_SCORED
14103,14102,2015-04-02,2015,2015-04-02,1,15,WARMUP_2015_NOT_SCORED
14164,14163,2015-04-03,2015,2015-04-03,1,15,WARMUP_2015_NOT_SCORED
14281,14280,2015-04-03,2015,2015-04-03,1,15,WARMUP_2015_NOT_SCORED
14370,14369,2015-04-03,2015,2015-04-03,1,15,WARMUP_2015_NOT_SCORED
14460,14459,2015-04-07,2015,2015-04-07,1,15,WARMUP_2015_NOT_SCORED
14653,14652,2015-04-08,2015,2015-04-08,1,15,WARMUP_2015_NOT_SCORED
14948,14947,2015-04-09,2015,2015-04-09,-1,15,WARMUP_2015_NOT_SCORED
15295,15294,2015-04-10,2015,2015-04-10,1,15,WARMUP_2015_NOT_SCORED
15402,15401,2015-04-13,2015,2015-04-13,1,15,WARMUP_2015_NOT_SCORED
15532,15531,2015-04-13,2015,2015-04-13,1,15,WARMUP_2015_NOT_SCORED
15628,15627,2015-04-14,2015,2015-04-14,1,15,WARMUP_2015_NOT_SCORED
15656,15655,2015-04-14,2015,2015-04-14,1,15,WARMUP_2015_NOT_SCORED
15756,15755,2015-04-14,2015,2015-04-14,1,15,WARMUP_2015_NOT_SCORED
15779,15778,2015-04-14,2015,2015-04-14,1,15,WARMUP_2015_NOT_SCORED
15841,15840,2015-04-15,2015,2015-04-15,-1,15,WARMUP_2015_NOT_SCORED
15857,15856,2015-04-15,2015,2015-04-15,-1,15,WARMUP_2015_NOT_SCORED
15916,15915,2015-04-15,2015,2015-04-15,-1,15,WARMUP_2015_NOT_SCORED
16026,16025,2015-04-15,2015,2015-04-15,-1,15,WARMUP_2015_NOT_SCORED
16105,16104,2015-04-16,2015,2015-04-16,-1,15,WARMUP_2015_NOT_SCORED
16225,16224,2015-04-16,2015,2015-04-16,-1,15,WARMUP_2015_NOT_SCORED
16283,16282,2015-04-16,2015,2015-04-16,1,15,WARMUP_2015_NOT_SCORED
16405,16404,2015-04-17,2015,2015-04-17,1,15,WARMUP_2015_NOT_SCORED
16583,16582,2015-04-20,2015,2015-04-20,-1,15,WARMUP_2015_NOT_SCORED
16755,16754,2015-04-20,2015,2015-04-20,-1,15,WARMUP_2015_NOT_SCORED
16786,16785,2015-04-20,2015,2015-04-20,-1,15,WARMUP_2015_NOT_SCORED
16825,16824,2015-04-21,2015,2015-04-21,1,15,WARMUP_2015_NOT_SCORED
16984,16983,2015-04-21,2015,2015-04-21,1,15,WARMUP_2015_NOT_SCORED
17134,17133,2015-04-22,2015,2015-04-22,1,15,WARMUP_2015_NOT_SCORED
17227,17226,2015-04-22,2015,2015-04-22,1,15,WARMUP_2015_NOT_SCORED
17302,17301,2015-04-23,2015,2015-04-23,1,15,WARMUP_2015_NOT_SCORED
17365,17364,2015-04-23,2015,2015-04-23,1,15,WARMUP_2015_NOT_SCORED
17377,17376,2015-04-23,2015,2015-04-23,1,15,WARMUP_2015_NOT_SCORED
17479,17478,2015-04-23,2015,2015-04-23,1,15,WARMUP_2015_NOT_SCORED
17591,17590,2015-04-24,2015,2015-04-24,-1,15,WARMUP_2015_NOT_SCORED
17770,17769,2015-04-27,2015,2015-04-27,1,15,WARMUP_2015_NOT_SCORED
17869,17868,2015-04-27,2015,2015-04-27,1,15,WARMUP_2015_NOT_SCORED
18072,18071,2015-04-28,2015,2015-04-28,-1,15,WARMUP_2015_NOT_SCORED
18140,18139,2015-04-28,2015,2015-04-28,-1,15,WARMUP_2015_NOT_SCORED
18241,18240,2015-04-29,2015,2015-04-29,-1,15,WARMUP_2015_NOT_SCORED
18690,18689,2015-04-30,2015,2015-04-30,1,15,WARMUP_2015_NOT_SCORED
19939,19938,2015-05-11,2015,2015-05-11,1,15,WARMUP_2015_NOT_SCORED
20032,20031,2015-05-11,2015,2015-05-11,1,15,WARMUP_2015_NOT_SCORED
20199,20198,2015-05-12,2015,2015-05-12,1,15,WARMUP_2015_NOT_SCORED
20405,20404,2015-05-13,2015,2015-05-13,1,15,WARMUP_2015_NOT_SCORED
20469,20468,2015-05-13,2015,2015-05-13,1,15,WARMUP_2015_NOT_SCORED
20557,20556,2015-05-13,2015,2015-05-13,1,15,WARMUP_2015_NOT_SCORED
20608,20607,2015-05-13,2015,2015-05-13,1,15,WARMUP_2015_NOT_SCORED
20686,20685,2015-05-14,2015,2015-05-14,1,15,WARMUP_2015_NOT_SCORED
20848,20847,2015-05-14,2015,2015-05-14,1,15,WARMUP_2015_NOT_SCORED
21032,21031,2015-05-15,2015,2015-05-15,-1,15,WARMUP_2015_NOT_SCORED
21123,21122,2015-05-18,2015,2015-05-18,1,15,WARMUP_2015_NOT_SCORED
21200,21199,2015-05-18,2015,2015-05-18,1,15,WARMUP_2015_NOT_SCORED
21309,21308,2015-05-18,2015,2015-05-18,1,15,WARMUP_2015_NOT_SCORED
21399,21398,2015-05-19,2015,2015-05-19,1,15,WARMUP_2015_NOT_SCORED
21722,21721,2015-05-20,2015,2015-05-20,1,15,WARMUP_2015_NOT_SCORED
21825,21824,2015-05-20,2015,2015-05-20,1,15,WARMUP_2015_NOT_SCORED
21875,21874,2015-05-21,2015,2015-05-21,1,15,WARMUP_2015_NOT_SCORED
22010,22009,2015-05-21,2015,2015-05-21,1,15,WARMUP_2015_NOT_SCORED
22147,22146,2015-05-22,2015,2015-05-22,1,15,WARMUP_2015_NOT_SCORED
22520,22519,2015-05-25,2015,2015-05-25,1,15,WARMUP_2015_NOT_SCORED
22597,22596,2015-05-26,2015,2015-05-26,1,15,WARMUP_2015_NOT_SCORED
22719,22718,2015-05-26,2015,2015-05-26,1,15,WARMUP_2015_NOT_SCORED
22831,22830,2015-05-27,2015,2015-05-27,1,15,WARMUP_2015_NOT_SCORED
23046,23045,2015-05-28,2015,2015-05-28,1,15,WARMUP_2015_NOT_SCORED
23067,23066,2015-05-28,2015,2015-05-28,1,15,WARMUP_2015_NOT_SCORED
23119,23118,2015-05-28,2015,2015-05-28,1,15,WARMUP_2015_NOT_SCORED
23144,23143,2015-05-28,2015,2015-05-28,-1,15,WARMUP_2015_NOT_SCORED
23177,23176,2015-05-28,2015,2015-05-28,-1,15,WARMUP_2015_NOT_SCORED
23234,23233,2015-05-28,2015,2015-05-28,-1,15,WARMUP_2015_NOT_SCORED
23253,23252,2015-05-28,2015,2015-05-28,-1,15,WARMUP_2015_NOT_SCORED
23287,23286,2015-05-29,2015,2015-05-29,-1,15,WARMUP_2015_NOT_SCORED
23306,23305,2015-05-29,2015,2015-05-29,-1,15,WARMUP_2015_NOT_SCORED
23435,23434,2015-05-29,2015,2015-05-29,1,15,WARMUP_2015_NOT_SCORED
23469,23468,2015-05-29,2015,2015-05-29,1,15,WARMUP_2015_NOT_SCORED
23529,23528,2015-06-01,2015,2015-06-01,1,15,WARMUP_2015_NOT_SCORED
23578,23577,2015-06-01,2015,2015-06-01,1,15,WARMUP_2015_NOT_SCORED
23727,23726,2015-06-01,2015,2015-06-01,1,15,WARMUP_2015_NOT_SCORED
23778,23777,2015-06-02,2015,2015-06-02,1,15,WARMUP_2015_NOT_SCORED
23829,23828,2015-06-02,2015,2015-06-02,1,15,WARMUP_2015_NOT_SCORED
23880,23879,2015-06-02,2015,2015-06-02,1,15,WARMUP_2015_NOT_SCORED
24008,24007,2015-06-03,2015,2015-06-03,1,15,WARMUP_2015_NOT_SCORED
24033,24032,2015-06-03,2015,2015-06-03,1,15,WARMUP_2015_NOT_SCORED
24104,24103,2015-06-03,2015,2015-06-03,-1,15,WARMUP_2015_NOT_SCORED
24374,24373,2015-06-04,2015,2015-06-04,-1,15,WARMUP_2015_NOT_SCORED
24488,24487,2015-06-05,2015,2015-06-05,1,15,WARMUP_2015_NOT_SCORED
24569,24568,2015-06-05,2015,2015-06-05,1,15,WARMUP_2015_NOT_SCORED
24586,24585,2015-06-05,2015,2015-06-05,1,15,WARMUP_2015_NOT_SCORED
24611,24610,2015-06-05,2015,2015-06-05,-1,15,WARMUP_2015_NOT_SCORED
24784,24783,2015-06-08,2015,2015-06-08,-1,15,WARMUP_2015_NOT_SCORED
24861,24860,2015-06-08,2015,2015-06-08,-1,15,WARMUP_2015_NOT_SCORED
25037,25036,2015-06-09,2015,2015-06-09,1,15,WARMUP_2015_NOT_SCORED
25204,25203,2015-06-10,2015,2015-06-10,1,15,WARMUP_2015_NOT_SCORED
25234,25233,2015-06-10,2015,2015-06-10,1,15,WARMUP_2015_NOT_SCORED
25318,25317,2015-06-10,2015,2015-06-10,1,15,WARMUP_2015_NOT_SCORED
25422,25421,2015-06-10,2015,2015-06-10,1,15,WARMUP_2015_NOT_SCORED
25462,25461,2015-06-11,2015,2015-06-11,1,15,WARMUP_2015_NOT_SCORED
25559,25558,2015-06-11,2015,2015-06-11,1,15,WARMUP_2015_NOT_SCORED
25629,25628,2015-06-11,2015,2015-06-11,1,15,WARMUP_2015_NOT_SCORED
25714,25713,2015-06-12,2015,2015-06-12,1,15,WARMUP_2015_NOT_SCORED
25765,25764,2015-06-12,2015,2015-06-12,1,15,WARMUP_2015_NOT_SCORED
25879,25878,2015-06-12,2015,2015-06-12,1,15,WARMUP_2015_NOT_SCORED
26169,26168,2015-06-16,2015,2015-06-16,-1,15,WARMUP_2015_NOT_SCORED
26209,26208,2015-06-16,2015,2015-06-16,-1,15,WARMUP_2015_NOT_SCORED
26247,26246,2015-06-16,2015,2015-06-16,-1,15,WARMUP_2015_NOT_SCORED
26406,26405,2015-06-17,2015,2015-06-17,-1,15,WARMUP_2015_NOT_SCORED
26455,26454,2015-06-17,2015,2015-06-17,-1,15,WARMUP_2015_NOT_SCORED
26508,26507,2015-06-17,2015,2015-06-17,-1,15,WARMUP_2015_NOT_SCORED
26644,26643,2015-06-18,2015,2015-06-18,1,15,WARMUP_2015_NOT_SCORED
26668,26667,2015-06-18,2015,2015-06-18,1,15,WARMUP_2015_NOT_SCORED
26734,26733,2015-06-18,2015,2015-06-18,1,15,WARMUP_2015_NOT_SCORED
26768,26767,2015-06-18,2015,2015-06-18,-1,15,WARMUP_2015_NOT_SCORED
26823,26822,2015-06-18,2015,2015-06-18,-1,15,WARMUP_2015_NOT_SCORED
26845,26844,2015-06-18,2015,2015-06-18,-1,15,WARMUP_2015_NOT_SCORED
26865,26864,2015-06-18,2015,2015-06-18,-1,15,WARMUP_2015_NOT_SCORED
26887,26886,2015-06-19,2015,2015-06-19,-1,15,WARMUP_2015_NOT_SCORED
26922,26921,2015-06-19,2015,2015-06-19,-1,15,WARMUP_2015_NOT_SCORED
26986,26985,2015-06-19,2015,2015-06-19,-1,15,WARMUP_2015_NOT_SCORED
27052,27051,2015-06-19,2015,2015-06-19,-1,15,WARMUP_2015_NOT_SCORED
27127,27126,2015-06-23,2015,2015-06-23,-1,15,WARMUP_2015_NOT_SCORED
27138,27137,2015-06-23,2015,2015-06-23,-1,15,WARMUP_2015_NOT_SCORED
27247,27246,2015-06-23,2015,2015-06-23,-1,15,WARMUP_2015_NOT_SCORED
27398,27397,2015-06-24,2015,2015-06-24,1,15,WARMUP_2015_NOT_SCORED
27838,27837,2015-06-25,2015,2015-06-25,-1,15,WARMUP_2015_NOT_SCORED
27846,27845,2015-06-26,2015,2015-06-26,-1,15,WARMUP_2015_NOT_SCORED
27867,27866,2015-06-26,2015,2015-06-26,-1,15,WARMUP_2015_NOT_SCORED
27933,27932,2015-06-26,2015,2015-06-26,-1,15,WARMUP_2015_NOT_SCORED
27966,27965,2015-06-26,2015,2015-06-26,-1,15,WARMUP_2015_NOT_SCORED
28100,28099,2015-06-29,2015,2015-06-29,-1,15,WARMUP_2015_NOT_SCORED
28126,28125,2015-06-29,2015,2015-06-29,1,15,WARMUP_2015_NOT_SCORED
28148,28147,2015-06-29,2015,2015-06-29,1,15,WARMUP_2015_NOT_SCORED
28164,28163,2015-06-29,2015,2015-06-29,-1,15,WARMUP_2015_NOT_SCORED
28174,28173,2015-06-29,2015,2015-06-29,-1,15,WARMUP_2015_NOT_SCORED
28188,28187,2015-06-29,2015,2015-06-29,-1,15,WARMUP_2015_NOT_SCORED
28247,28246,2015-06-29,2015,2015-06-29,-1,15,WARMUP_2015_NOT_SCORED
28275,28274,2015-06-29,2015,2015-06-29,1,15,WARMUP_2015_NOT_SCORED
28328,28327,2015-06-30,2015,2015-06-30,-1,15,WARMUP_2015_NOT_SCORED
28347,28346,2015-06-30,2015,2015-06-30,-1,15,WARMUP_2015_NOT_SCORED
28363,28362,2015-06-30,2015,2015-06-30,-1,15,WARMUP_2015_NOT_SCORED
28389,28388,2015-06-30,2015,2015-06-30,-1,15,WARMUP_2015_NOT_SCORED
28434,28433,2015-06-30,2015,2015-06-30,-1,15,WARMUP_2015_NOT_SCORED
28452,28451,2015-06-30,2015,2015-06-30,1,15,WARMUP_2015_NOT_SCORED
28489,28488,2015-06-30,2015,2015-06-30,1,15,WARMUP_2015_NOT_SCORED
28505,28504,2015-06-30,2015,2015-06-30,1,15,WARMUP_2015_NOT_SCORED
28519,28518,2015-06-30,2015,2015-06-30,1,15,WARMUP_2015_NOT_SCORED
28567,28566,2015-07-01,2015,2015-07-01,-1,15,WARMUP_2015_NOT_SCORED
28591,28590,2015-07-01,2015,2015-07-01,1,15,WARMUP_2015_NOT_SCORED
28652,28651,2015-07-01,2015,2015-07-01,1,15,WARMUP_2015_NOT_SCORED
28699,28698,2015-07-01,2015,2015-07-01,-1,15,WARMUP_2015_NOT_SCORED
28746,28745,2015-07-01,2015,2015-07-01,-1,15,WARMUP_2015_NOT_SCORED
28764,28763,2015-07-01,2015,2015-07-01,-1,15,WARMUP_2015_NOT_SCORED
28783,28782,2015-07-01,2015,2015-07-01,-1,15,WARMUP_2015_NOT_SCORED
28801,28800,2015-07-02,2015,2015-07-02,-1,15,WARMUP_2015_NOT_SCORED
28812,28811,2015-07-02,2015,2015-07-02,-1,15,WARMUP_2015_NOT_SCORED
28825,28824,2015-07-02,2015,2015-07-02,1,15,WARMUP_2015_NOT_SCORED
28848,28847,2015-07-02,2015,2015-07-02,-1,15,WARMUP_2015_NOT_SCORED
28863,28862,2015-07-02,2015,2015-07-02,-1,15,WARMUP_2015_NOT_SCORED
28887,28886,2015-07-02,2015,2015-07-02,1,15,WARMUP_2015_NOT_SCORED
28914,28913,2015-07-02,2015,2015-07-02,1,15,WARMUP_2015_NOT_SCORED
28980,28979,2015-07-02,2015,2015-07-02,-1,15,WARMUP_2015_NOT_SCORED
29009,29008,2015-07-02,2015,2015-07-02,-1,15,WARMUP_2015_NOT_SCORED
29070,29069,2015-07-03,2015,2015-07-03,-1,15,WARMUP_2015_NOT_SCORED
29122,29121,2015-07-03,2015,2015-07-03,-1,15,WARMUP_2015_NOT_SCORED
29170,29169,2015-07-03,2015,2015-07-03,1,15,WARMUP_2015_NOT_SCORED
29188,29187,2015-07-03,2015,2015-07-03,1,15,WARMUP_2015_NOT_SCORED
29218,29217,2015-07-03,2015,2015-07-03,-1,15,WARMUP_2015_NOT_SCORED
29227,29226,2015-07-03,2015,2015-07-03,-1,15,WARMUP_2015_NOT_SCORED
29240,29239,2015-07-03,2015,2015-07-03,-1,15,WARMUP_2015_NOT_SCORED
29265,29264,2015-07-03,2015,2015-07-03,-1,15,WARMUP_2015_NOT_SCORED
29293,29292,2015-07-06,2015,2015-07-06,1,15,WARMUP_2015_NOT_SCORED
29321,29320,2015-07-06,2015,2015-07-06,-1,15,WARMUP_2015_NOT_SCORED
29364,29363,2015-07-06,2015,2015-07-06,-1,15,WARMUP_2015_NOT_SCORED
29398,29397,2015-07-06,2015,2015-07-06,-1,15,WARMUP_2015_NOT_SCORED
29421,29420,2015-07-06,2015,2015-07-06,-1,15,WARMUP_2015_NOT_SCORED
29452,29451,2015-07-06,2015,2015-07-06,-1,15,WARMUP_2015_NOT_SCORED
29496,29495,2015-07-06,2015,2015-07-06,1,15,WARMUP_2015_NOT_SCORED
29527,29526,2015-07-07,2015,2015-07-07,-1,15,WARMUP_2015_NOT_SCORED
29550,29549,2015-07-07,2015,2015-07-07,-1,15,WARMUP_2015_NOT_SCORED
30067,30066,2015-07-09,2015,2015-07-09,1,15,WARMUP_2015_NOT_SCORED
30503,30502,2015-07-13,2015,2015-07-13,1,15,WARMUP_2015_NOT_SCORED
30749,30748,2015-07-14,2015,2015-07-14,1,15,WARMUP_2015_NOT_SCORED
30848,30847,2015-07-14,2015,2015-07-14,1,15,WARMUP_2015_NOT_SCORED
30868,30867,2015-07-14,2015,2015-07-14,1,15,WARMUP_2015_NOT_SCORED
30877,30876,2015-07-14,2015,2015-07-14,1,15,WARMUP_2015_NOT_SCORED
30896,30895,2015-07-14,2015,2015-07-14,-1,15,WARMUP_2015_NOT_SCORED
30936,30935,2015-07-14,2015,2015-07-14,-1,15,WARMUP_2015_NOT_SCORED
30950,30949,2015-07-14,2015,2015-07-14,-1,15,WARMUP_2015_NOT_SCORED
30963,30962,2015-07-15,2015,2015-07-15,1,15,WARMUP_2015_NOT_SCORED
30970,30969,2015-07-15,2015,2015-07-15,1,15,WARMUP_2015_NOT_SCORED
31009,31008,2015-07-15,2015,2015-07-15,-1,15,WARMUP_2015_NOT_SCORED
31048,31047,2015-07-15,2015,2015-07-15,-1,15,WARMUP_2015_NOT_SCORED
31086,31085,2015-07-15,2015,2015-07-15,-1,15,WARMUP_2015_NOT_SCORED
31141,31140,2015-07-15,2015,2015-07-15,-1,15,WARMUP_2015_NOT_SCORED
31218,31217,2015-07-16,2015,2015-07-16,-1,15,WARMUP_2015_NOT_SCORED
31233,31232,2015-07-16,2015,2015-07-16,1,15,WARMUP_2015_NOT_SCORED
31269,31268,2015-07-16,2015,2015-07-16,1,15,WARMUP_2015_NOT_SCORED
31298,31297,2015-07-16,2015,2015-07-16,1,15,WARMUP_2015_NOT_SCORED
31357,31356,2015-07-16,2015,2015-07-16,-1,15,WARMUP_2015_NOT_SCORED
31379,31378,2015-07-16,2015,2015-07-16,-1,15,WARMUP_2015_NOT_SCORED
31423,31422,2015-07-16,2015,2015-07-16,-1,15,WARMUP_2015_NOT_SCORED
31429,31428,2015-07-16,2015,2015-07-16,1,15,WARMUP_2015_NOT_SCORED
31445,31444,2015-07-17,2015,2015-07-17,1,15,WARMUP_2015_NOT_SCORED
31457,31456,2015-07-17,2015,2015-07-17,1,15,WARMUP_2015_NOT_SCORED
31504,31503,2015-07-17,2015,2015-07-17,1,15,WARMUP_2015_NOT_SCORED
31574,31573,2015-07-17,2015,2015-07-17,1,15,WARMUP_2015_NOT_SCORED
31697,31696,2015-07-20,2015,2015-07-20,1,15,WARMUP_2015_NOT_SCORED
31759,31758,2015-07-20,2015,2015-07-20,1,15,WARMUP_2015_NOT_SCORED
31780,31779,2015-07-20,2015,2015-07-20,-1,15,WARMUP_2015_NOT_SCORED
31971,31970,2015-07-21,2015,2015-07-21,1,15,WARMUP_2015_NOT_SCORED
32015,32014,2015-07-21,2015,2015-07-21,1,15,WARMUP_2015_NOT_SCORED
32059,32058,2015-07-21,2015,2015-07-21,-1,15,WARMUP_2015_NOT_SCORED
32128,32127,2015-07-21,2015,2015-07-21,1,15,WARMUP_2015_NOT_SCORED
32169,32168,2015-07-22,2015,2015-07-22,1,15,WARMUP_2015_NOT_SCORED
32190,32189,2015-07-22,2015,2015-07-22,1,15,WARMUP_2015_NOT_SCORED
32262,32261,2015-07-22,2015,2015-07-22,1,15,WARMUP_2015_NOT_SCORED
32299,32298,2015-07-22,2015,2015-07-22,-1,15,WARMUP_2015_NOT_SCORED
32410,32409,2015-07-23,2015,2015-07-23,1,15,WARMUP_2015_NOT_SCORED
32492,32491,2015-07-23,2015,2015-07-23,1,15,WARMUP_2015_NOT_SCORED
32582,32581,2015-07-23,2015,2015-07-23,1,15,WARMUP_2015_NOT_SCORED
32649,32648,2015-07-24,2015,2015-07-24,1,15,WARMUP_2015_NOT_SCORED
32671,32670,2015-07-24,2015,2015-07-24,1,15,WARMUP_2015_NOT_SCORED
32715,32714,2015-07-24,2015,2015-07-24,-1,15,WARMUP_2015_NOT_SCORED
32793,32792,2015-07-24,2015,2015-07-24,-1,15,WARMUP_2015_NOT_SCORED
32838,32837,2015-07-24,2015,2015-07-24,1,15,WARMUP_2015_NOT_SCORED
32858,32857,2015-07-24,2015,2015-07-24,1,15,WARMUP_2015_NOT_SCORED
32893,32892,2015-07-27,2015,2015-07-27,-1,15,WARMUP_2015_NOT_SCORED
32964,32963,2015-07-27,2015,2015-07-27,1,15,WARMUP_2015_NOT_SCORED
33010,33009,2015-07-27,2015,2015-07-27,-1,15,WARMUP_2015_NOT_SCORED
33033,33032,2015-07-27,2015,2015-07-27,-1,15,WARMUP_2015_NOT_SCORED
33075,33074,2015-07-27,2015,2015-07-27,-1,15,WARMUP_2015_NOT_SCORED
33091,33090,2015-07-27,2015,2015-07-27,-1,15,WARMUP_2015_NOT_SCORED
33109,33108,2015-07-27,2015,2015-07-27,-1,15,WARMUP_2015_NOT_SCORED
33125,33124,2015-07-28,2015,2015-07-28,-1,15,WARMUP_2015_NOT_SCORED
33132,33131,2015-07-28,2015,2015-07-28,-1,15,WARMUP_2015_NOT_SCORED
33163,33162,2015-07-28,2015,2015-07-28,-1,15,WARMUP_2015_NOT_SCORED
33217,33216,2015-07-28,2015,2015-07-28,1,15,WARMUP_2015_NOT_SCORED
33292,33291,2015-07-28,2015,2015-07-28,-1,15,WARMUP_2015_NOT_SCORED
33311,33310,2015-07-28,2015,2015-07-28,1,15,WARMUP_2015_NOT_SCORED
33318,33317,2015-07-28,2015,2015-07-28,1,15,WARMUP_2015_NOT_SCORED
33329,33328,2015-07-28,2015,2015-07-28,1,15,WARMUP_2015_NOT_SCORED
33341,33340,2015-07-28,2015,2015-07-28,-1,15,WARMUP_2015_NOT_SCORED
33366,33365,2015-07-29,2015,2015-07-29,1,15,WARMUP_2015_NOT_SCORED
33401,33400,2015-07-29,2015,2015-07-29,-1,15,WARMUP_2015_NOT_SCORED
33425,33424,2015-07-29,2015,2015-07-29,-1,15,WARMUP_2015_NOT_SCORED
33507,33506,2015-07-29,2015,2015-07-29,-1,15,WARMUP_2015_NOT_SCORED
33529,33528,2015-07-29,2015,2015-07-29,-1,15,WARMUP_2015_NOT_SCORED
33552,33551,2015-07-29,2015,2015-07-29,1,15,WARMUP_2015_NOT_SCORED
33563,33562,2015-07-29,2015,2015-07-29,1,15,WARMUP_2015_NOT_SCORED
33574,33573,2015-07-29,2015,2015-07-29,1,15,WARMUP_2015_NOT_SCORED
33603,33602,2015-07-30,2015,2015-07-30,1,15,WARMUP_2015_NOT_SCORED
33621,33620,2015-07-30,2015,2015-07-30,1,15,WARMUP_2015_NOT_SCORED
33692,33691,2015-07-30,2015,2015-07-30,1,15,WARMUP_2015_NOT_SCORED
33708,33707,2015-07-30,2015,2015-07-30,1,15,WARMUP_2015_NOT_SCORED
33743,33742,2015-07-30,2015,2015-07-30,-1,15,WARMUP_2015_NOT_SCORED
33760,33759,2015-07-30,2015,2015-07-30,-1,15,WARMUP_2015_NOT_SCORED
33793,33792,2015-07-30,2015,2015-07-30,1,15,WARMUP_2015_NOT_SCORED
33808,33807,2015-07-30,2015,2015-07-30,1,15,WARMUP_2015_NOT_SCORED
33818,33817,2015-07-30,2015,2015-07-30,-1,15,WARMUP_2015_NOT_SCORED
33844,33843,2015-07-31,2015,2015-07-31,-1,15,WARMUP_2015_NOT_SCORED
33850,33849,2015-07-31,2015,2015-07-31,-1,15,WARMUP_2015_NOT_SCORED
33877,33876,2015-07-31,2015,2015-07-31,-1,15,WARMUP_2015_NOT_SCORED
33900,33899,2015-07-31,2015,2015-07-31,-1,15,WARMUP_2015_NOT_SCORED
33910,33909,2015-07-31,2015,2015-07-31,1,15,WARMUP_2015_NOT_SCORED
34041,34040,2015-07-31,2015,2015-07-31,1,15,WARMUP_2015_NOT_SCORED
34055,34054,2015-07-31,2015,2015-07-31,-1,15,WARMUP_2015_NOT_SCORED
34086,34085,2015-08-03,2015,2015-08-03,-1,15,WARMUP_2015_NOT_SCORED
34098,34097,2015-08-03,2015,2015-08-03,-1,15,WARMUP_2015_NOT_SCORED
34133,34132,2015-08-03,2015,2015-08-03,-1,15,WARMUP_2015_NOT_SCORED
34161,34160,2015-08-03,2015,2015-08-03,1,15,WARMUP_2015_NOT_SCORED
34219,34218,2015-08-03,2015,2015-08-03,-1,15,WARMUP_2015_NOT_SCORED
34249,34248,2015-08-03,2015,2015-08-03,-1,15,WARMUP_2015_NOT_SCORED
34297,34296,2015-08-03,2015,2015-08-03,-1,15,WARMUP_2015_NOT_SCORED
34327,34326,2015-08-04,2015,2015-08-04,1,15,WARMUP_2015_NOT_SCORED
34352,34351,2015-08-04,2015,2015-08-04,1,15,WARMUP_2015_NOT_SCORED
34479,34478,2015-08-04,2015,2015-08-04,1,15,WARMUP_2015_NOT_SCORED
34526,34525,2015-08-04,2015,2015-08-04,1,15,WARMUP_2015_NOT_SCORED
34583,34582,2015-08-05,2015,2015-08-05,1,15,WARMUP_2015_NOT_SCORED
34628,34627,2015-08-05,2015,2015-08-05,1,15,WARMUP_2015_NOT_SCORED
34678,34677,2015-08-05,2015,2015-08-05,-1,15,WARMUP_2015_NOT_SCORED
34688,34687,2015-08-05,2015,2015-08-05,-1,15,WARMUP_2015_NOT_SCORED
34724,34723,2015-08-05,2015,2015-08-05,-1,15,WARMUP_2015_NOT_SCORED
34783,34782,2015-08-05,2015,2015-08-05,1,15,WARMUP_2015_NOT_SCORED
34805,34804,2015-08-06,2015,2015-08-06,-1,15,WARMUP_2015_NOT_SCORED
35160,35159,2015-08-07,2015,2015-08-07,1,15,WARMUP_2015_NOT_SCORED
35216,35215,2015-08-07,2015,2015-08-07,1,15,WARMUP_2015_NOT_SCORED
35286,35285,2015-08-10,2015,2015-08-10,1,15,WARMUP_2015_NOT_SCORED
35312,35311,2015-08-10,2015,2015-08-10,1,15,WARMUP_2015_NOT_SCORED
35356,35355,2015-08-10,2015,2015-08-10,1,15,WARMUP_2015_NOT_SCORED
35450,35449,2015-08-10,2015,2015-08-10,1,15,WARMUP_2015_NOT_SCORED
35524,35523,2015-08-11,2015,2015-08-11,1,15,WARMUP_2015_NOT_SCORED
35539,35538,2015-08-11,2015,2015-08-11,1,15,WARMUP_2015_NOT_SCORED
35566,35565,2015-08-11,2015,2015-08-11,1,15,WARMUP_2015_NOT_SCORED
35645,35644,2015-08-11,2015,2015-08-11,-1,15,WARMUP_2015_NOT_SCORED
35666,35665,2015-08-11,2015,2015-08-11,-1,15,WARMUP_2015_NOT_SCORED
35735,35734,2015-08-11,2015,2015-08-11,1,15,WARMUP_2015_NOT_SCORED
35787,35786,2015-08-12,2015,2015-08-12,-1,15,WARMUP_2015_NOT_SCORED
35967,35966,2015-08-12,2015,2015-08-12,-1,15,WARMUP_2015_NOT_SCORED
36086,36085,2015-08-13,2015,2015-08-13,1,15,WARMUP_2015_NOT_SCORED
36149,36148,2015-08-13,2015,2015-08-13,-1,15,WARMUP_2015_NOT_SCORED
36246,36245,2015-08-14,2015,2015-08-14,1,15,WARMUP_2015_NOT_SCORED
36287,36286,2015-08-14,2015,2015-08-14,1,15,WARMUP_2015_NOT_SCORED
36304,36303,2015-08-14,2015,2015-08-14,1,15,WARMUP_2015_NOT_SCORED
36399,36398,2015-08-14,2015,2015-08-14,1,15,WARMUP_2015_NOT_SCORED
36464,36463,2015-08-14,2015,2015-08-14,-1,15,WARMUP_2015_NOT_SCORED
36533,36532,2015-08-17,2015,2015-08-17,-1,15,WARMUP_2015_NOT_SCORED
36581,36580,2015-08-17,2015,2015-08-17,-1,15,WARMUP_2015_NOT_SCORED
36633,36632,2015-08-17,2015,2015-08-17,1,15,WARMUP_2015_NOT_SCORED
36685,36684,2015-08-17,2015,2015-08-17,1,15,WARMUP_2015_NOT_SCORED
36728,36727,2015-08-18,2015,2015-08-18,1,15,WARMUP_2015_NOT_SCORED
36837,36836,2015-08-18,2015,2015-08-18,-1,15,WARMUP_2015_NOT_SCORED
36859,36858,2015-08-18,2015,2015-08-18,-1,15,WARMUP_2015_NOT_SCORED
36880,36879,2015-08-18,2015,2015-08-18,-1,15,WARMUP_2015_NOT_SCORED
36894,36893,2015-08-18,2015,2015-08-18,-1,15,WARMUP_2015_NOT_SCORED
36904,36903,2015-08-18,2015,2015-08-18,-1,15,WARMUP_2015_NOT_SCORED
36929,36928,2015-08-18,2015,2015-08-18,-1,15,WARMUP_2015_NOT_SCORED
36964,36963,2015-08-19,2015,2015-08-19,-1,15,WARMUP_2015_NOT_SCORED
36999,36998,2015-08-19,2015,2015-08-19,1,15,WARMUP_2015_NOT_SCORED
37065,37064,2015-08-19,2015,2015-08-19,-1,15,WARMUP_2015_NOT_SCORED
37160,37159,2015-08-19,2015,2015-08-19,1,15,WARMUP_2015_NOT_SCORED
37185,37184,2015-08-19,2015,2015-08-19,1,15,WARMUP_2015_NOT_SCORED
37349,37348,2015-08-20,2015,2015-08-20,1,15,WARMUP_2015_NOT_SCORED
37420,37419,2015-08-20,2015,2015-08-20,-1,15,WARMUP_2015_NOT_SCORED
37445,37444,2015-08-21,2015,2015-08-21,-1,15,WARMUP_2015_NOT_SCORED
37457,37456,2015-08-21,2015,2015-08-21,-1,15,WARMUP_2015_NOT_SCORED
37490,37489,2015-08-21,2015,2015-08-21,-1,15,WARMUP_2015_NOT_SCORED
37540,37539,2015-08-21,2015,2015-08-21,-1,15,WARMUP_2015_NOT_SCORED
37570,37569,2015-08-21,2015,2015-08-21,-1,15,WARMUP_2015_NOT_SCORED
37583,37582,2015-08-21,2015,2015-08-21,-1,15,WARMUP_2015_NOT_SCORED
37643,37642,2015-08-21,2015,2015-08-21,1,15,WARMUP_2015_NOT_SCORED
37693,37692,2015-08-24,2015,2015-08-24,-1,15,WARMUP_2015_NOT_SCORED
37715,37714,2015-08-24,2015,2015-08-24,-1,15,WARMUP_2015_NOT_SCORED
37744,37743,2015-08-24,2015,2015-08-24,-1,15,WARMUP_2015_NOT_SCORED
37898,37897,2015-08-24,2015,2015-08-24,-1,15,WARMUP_2015_NOT_SCORED
37948,37947,2015-08-25,2015,2015-08-25,-1,15,WARMUP_2015_NOT_SCORED
38174,38173,2015-08-26,2015,2015-08-26,-1,15,WARMUP_2015_NOT_SCORED
38185,38184,2015-08-26,2015,2015-08-26,1,15,WARMUP_2015_NOT_SCORED
38215,38214,2015-08-26,2015,2015-08-26,-1,15,WARMUP_2015_NOT_SCORED
38224,38223,2015-08-26,2015,2015-08-26,-1,15,WARMUP_2015_NOT_SCORED
38238,38237,2015-08-26,2015,2015-08-26,-1,15,WARMUP_2015_NOT_SCORED
38279,38278,2015-08-26,2015,2015-08-26,1,15,WARMUP_2015_NOT_SCORED
38290,38289,2015-08-26,2015,2015-08-26,1,15,WARMUP_2015_NOT_SCORED
38312,38311,2015-08-26,2015,2015-08-26,1,15,WARMUP_2015_NOT_SCORED
38327,38326,2015-08-26,2015,2015-08-26,1,15,WARMUP_2015_NOT_SCORED
38341,38340,2015-08-26,2015,2015-08-26,-1,15,WARMUP_2015_NOT_SCORED
38363,38362,2015-08-26,2015,2015-08-26,-1,15,WARMUP_2015_NOT_SCORED
38402,38401,2015-08-27,2015,2015-08-27,-1,15,WARMUP_2015_NOT_SCORED
38534,38533,2015-08-27,2015,2015-08-27,-1,15,WARMUP_2015_NOT_SCORED
38585,38584,2015-08-27,2015,2015-08-27,-1,15,WARMUP_2015_NOT_SCORED
38600,38599,2015-08-27,2015,2015-08-27,-1,15,WARMUP_2015_NOT_SCORED
38607,38606,2015-08-27,2015,2015-08-27,-1,15,WARMUP_2015_NOT_SCORED
38617,38616,2015-08-27,2015,2015-08-27,1,15,WARMUP_2015_NOT_SCORED
38632,38631,2015-08-27,2015,2015-08-27,1,15,WARMUP_2015_NOT_SCORED
38644,38643,2015-08-28,2015,2015-08-28,1,15,WARMUP_2015_NOT_SCORED
38651,38650,2015-08-28,2015,2015-08-28,1,15,WARMUP_2015_NOT_SCORED
38668,38667,2015-08-28,2015,2015-08-28,1,15,WARMUP_2015_NOT_SCORED
38703,38702,2015-08-28,2015,2015-08-28,1,15,WARMUP_2015_NOT_SCORED
38727,38726,2015-08-28,2015,2015-08-28,1,15,WARMUP_2015_NOT_SCORED
38780,38779,2015-08-28,2015,2015-08-28,1,15,WARMUP_2015_NOT_SCORED
38832,38831,2015-08-28,2015,2015-08-28,1,15,WARMUP_2015_NOT_SCORED
38868,38867,2015-08-28,2015,2015-08-28,1,15,WARMUP_2015_NOT_SCORED
38883,38882,2015-08-31,2015,2015-08-31,1,15,WARMUP_2015_NOT_SCORED
39125,39124,2015-09-01,2015,2015-09-01,-1,15,WARMUP_2015_NOT_SCORED
39133,39132,2015-09-01,2015,2015-09-01,-1,15,WARMUP_2015_NOT_SCORED
39166,39165,2015-09-01,2015,2015-09-01,-1,15,WARMUP_2015_NOT_SCORED
39186,39185,2015-09-01,2015,2015-09-01,-1,15,WARMUP_2015_NOT_SCORED
39327,39326,2015-09-01,2015,2015-09-01,-1,15,WARMUP_2015_NOT_SCORED
39356,39355,2015-09-01,2015,2015-09-01,-1,15,WARMUP_2015_NOT_SCORED
39377,39376,2015-09-02,2015,2015-09-02,-1,15,WARMUP_2015_NOT_SCORED
39494,39493,2015-09-02,2015,2015-09-02,1,15,WARMUP_2015_NOT_SCORED
39586,39585,2015-09-02,2015,2015-09-02,-1,15,WARMUP_2015_NOT_SCORED
39621,39620,2015-09-07,2015,2015-09-07,1,15,WARMUP_2015_NOT_SCORED
39745,39744,2015-09-07,2015,2015-09-07,1,15,WARMUP_2015_NOT_SCORED
39776,39775,2015-09-07,2015,2015-09-07,1,15,WARMUP_2015_NOT_SCORED
39781,39780,2015-09-07,2015,2015-09-07,-1,15,WARMUP_2015_NOT_SCORED
39873,39872,2015-09-08,2015,2015-09-08,1,15,WARMUP_2015_NOT_SCORED
39955,39954,2015-09-08,2015,2015-09-08,1,15,WARMUP_2015_NOT_SCORED
40007,40006,2015-09-08,2015,2015-09-08,-1,15,WARMUP_2015_NOT_SCORED
40160,40159,2015-09-09,2015,2015-09-09,1,15,WARMUP_2015_NOT_SCORED
40239,40238,2015-09-09,2015,2015-09-09,-1,15,WARMUP_2015_NOT_SCORED
40271,40270,2015-09-09,2015,2015-09-09,-1,15,WARMUP_2015_NOT_SCORED
40281,40280,2015-09-09,2015,2015-09-09,-1,15,WARMUP_2015_NOT_SCORED
40323,40322,2015-09-10,2015,2015-09-10,1,15,WARMUP_2015_NOT_SCORED
40370,40369,2015-09-10,2015,2015-09-10,1,15,WARMUP_2015_NOT_SCORED
40418,40417,2015-09-10,2015,2015-09-10,1,15,WARMUP_2015_NOT_SCORED
40490,40489,2015-09-10,2015,2015-09-10,1,15,WARMUP_2015_NOT_SCORED
40513,40512,2015-09-10,2015,2015-09-10,1,15,WARMUP_2015_NOT_SCORED
40576,40575,2015-09-11,2015,2015-09-11,-1,15,WARMUP_2015_NOT_SCORED
40683,40682,2015-09-11,2015,2015-09-11,1,15,WARMUP_2015_NOT_SCORED
40743,40742,2015-09-11,2015,2015-09-11,-1,15,WARMUP_2015_NOT_SCORED
40786,40785,2015-09-11,2015,2015-09-11,1,15,WARMUP_2015_NOT_SCORED
40819,40818,2015-09-14,2015,2015-09-14,1,15,WARMUP_2015_NOT_SCORED
40871,40870,2015-09-14,2015,2015-09-14,-1,15,WARMUP_2015_NOT_SCORED
40929,40928,2015-09-14,2015,2015-09-14,-1,15,WARMUP_2015_NOT_SCORED
40954,40953,2015-09-14,2015,2015-09-14,-1,15,WARMUP_2015_NOT_SCORED
41020,41019,2015-09-14,2015,2015-09-14,-1,15,WARMUP_2015_NOT_SCORED
41045,41044,2015-09-15,2015,2015-09-15,-1,15,WARMUP_2015_NOT_SCORED
41054,41053,2015-09-15,2015,2015-09-15,-1,15,WARMUP_2015_NOT_SCORED
41235,41234,2015-09-15,2015,2015-09-15,-1,15,WARMUP_2015_NOT_SCORED
41283,41282,2015-09-16,2015,2015-09-16,-1,15,WARMUP_2015_NOT_SCORED
41296,41295,2015-09-16,2015,2015-09-16,-1,15,WARMUP_2015_NOT_SCORED
41301,41300,2015-09-16,2015,2015-09-16,1,15,WARMUP_2015_NOT_SCORED
41344,41343,2015-09-16,2015,2015-09-16,1,15,WARMUP_2015_NOT_SCORED
41400,41399,2015-09-16,2015,2015-09-16,1,15,WARMUP_2015_NOT_SCORED
41523,41522,2015-09-17,2015,2015-09-17,1,15,WARMUP_2015_NOT_SCORED
41530,41529,2015-09-17,2015,2015-09-17,1,15,WARMUP_2015_NOT_SCORED
41546,41545,2015-09-17,2015,2015-09-17,1,15,WARMUP_2015_NOT_SCORED
41578,41577,2015-09-17,2015,2015-09-17,1,15,WARMUP_2015_NOT_SCORED
41606,41605,2015-09-17,2015,2015-09-17,1,15,WARMUP_2015_NOT_SCORED
41629,41628,2015-09-17,2015,2015-09-17,1,15,WARMUP_2015_NOT_SCORED
41676,41675,2015-09-17,2015,2015-09-17,1,15,WARMUP_2015_NOT_SCORED
41718,41717,2015-09-17,2015,2015-09-17,1,15,WARMUP_2015_NOT_SCORED
41753,41752,2015-09-17,2015,2015-09-17,-1,15,WARMUP_2015_NOT_SCORED
41763,41762,2015-09-18,2015,2015-09-18,-1,15,WARMUP_2015_NOT_SCORED
41796,41795,2015-09-18,2015,2015-09-18,-1,15,WARMUP_2015_NOT_SCORED
41848,41847,2015-09-18,2015,2015-09-18,-1,15,WARMUP_2015_NOT_SCORED
41947,41946,2015-09-18,2015,2015-09-18,1,15,WARMUP_2015_NOT_SCORED
41995,41994,2015-09-18,2015,2015-09-18,1,15,WARMUP_2015_NOT_SCORED
42053,42052,2015-09-21,2015,2015-09-21,1,15,WARMUP_2015_NOT_SCORED
42170,42169,2015-09-21,2015,2015-09-21,1,15,WARMUP_2015_NOT_SCORED
42266,42265,2015-09-22,2015,2015-09-22,1,15,WARMUP_2015_NOT_SCORED
42499,42498,2015-09-23,2015,2015-09-23,-1,15,WARMUP_2015_NOT_SCORED
43075,43074,2015-09-25,2015,2015-09-25,-1,15,WARMUP_2015_NOT_SCORED
43193,43192,2015-09-25,2015,2015-09-25,1,15,WARMUP_2015_NOT_SCORED
43221,43220,2015-09-28,2015,2015-09-28,-1,15,WARMUP_2015_NOT_SCORED
43262,43261,2015-09-28,2015,2015-09-28,-1,15,WARMUP_2015_NOT_SCORED
43353,43352,2015-09-28,2015,2015-09-28,1,15,WARMUP_2015_NOT_SCORED
43417,43416,2015-09-28,2015,2015-09-28,1,15,WARMUP_2015_NOT_SCORED
43443,43442,2015-09-29,2015,2015-09-29,1,15,WARMUP_2015_NOT_SCORED
43654,43653,2015-09-29,2015,2015-09-29,-1,15,WARMUP_2015_NOT_SCORED
43688,43687,2015-09-30,2015,2015-09-30,-1,15,WARMUP_2015_NOT_SCORED
43709,43708,2015-09-30,2015,2015-09-30,-1,15,WARMUP_2015_NOT_SCORED
43738,43737,2015-09-30,2015,2015-09-30,1,15,WARMUP_2015_NOT_SCORED
43768,43767,2015-09-30,2015,2015-09-30,1,15,WARMUP_2015_NOT_SCORED
43858,43857,2015-09-30,2015,2015-09-30,-1,15,WARMUP_2015_NOT_SCORED
43933,43932,2015-10-08,2015,2015-10-08,1,15,WARMUP_2015_NOT_SCORED
43959,43958,2015-10-08,2015,2015-10-08,1,15,WARMUP_2015_NOT_SCORED
44130,44129,2015-10-08,2015,2015-10-08,1,15,WARMUP_2015_NOT_SCORED
44223,44222,2015-10-09,2015,2015-10-09,1,15,WARMUP_2015_NOT_SCORED
44258,44257,2015-10-09,2015,2015-10-09,1,15,WARMUP_2015_NOT_SCORED
44360,44359,2015-10-09,2015,2015-10-09,1,15,WARMUP_2015_NOT_SCORED
44560,44559,2015-10-12,2015,2015-10-12,1,15,WARMUP_2015_NOT_SCORED
44732,44731,2015-10-13,2015,2015-10-13,1,15,WARMUP_2015_NOT_SCORED
44801,44800,2015-10-13,2015,2015-10-13,1,15,WARMUP_2015_NOT_SCORED
44841,44840,2015-10-13,2015,2015-10-13,1,15,WARMUP_2015_NOT_SCORED
44877,44876,2015-10-13,2015,2015-10-13,1,15,WARMUP_2015_NOT_SCORED
44961,44960,2015-10-14,2015,2015-10-14,-1,15,WARMUP_2015_NOT_SCORED
44982,44981,2015-10-14,2015,2015-10-14,-1,15,WARMUP_2015_NOT_SCORED
45027,45026,2015-10-14,2015,2015-10-14,1,15,WARMUP_2015_NOT_SCORED
45117,45116,2015-10-14,2015,2015-10-14,-1,15,WARMUP_2015_NOT_SCORED
45148,45147,2015-10-15,2015,2015-10-15,-1,15,WARMUP_2015_NOT_SCORED
45297,45296,2015-10-15,2015,2015-10-15,1,15,WARMUP_2015_NOT_SCORED
45401,45400,2015-10-16,2015,2015-10-16,1,15,WARMUP_2015_NOT_SCORED
45556,45555,2015-10-16,2015,2015-10-16,-1,15,WARMUP_2015_NOT_SCORED
45622,45621,2015-10-19,2015,2015-10-19,1,15,WARMUP_2015_NOT_SCORED
45662,45661,2015-10-19,2015,2015-10-19,1,15,WARMUP_2015_NOT_SCORED
45739,45738,2015-10-19,2015,2015-10-19,1,15,WARMUP_2015_NOT_SCORED
45780,45779,2015-10-19,2015,2015-10-19,-1,15,WARMUP_2015_NOT_SCORED
45879,45878,2015-10-20,2015,2015-10-20,1,15,WARMUP_2015_NOT_SCORED
45944,45943,2015-10-20,2015,2015-10-20,1,15,WARMUP_2015_NOT_SCORED
46030,46029,2015-10-20,2015,2015-10-20,1,15,WARMUP_2015_NOT_SCORED
46065,46064,2015-10-20,2015,2015-10-20,1,15,WARMUP_2015_NOT_SCORED
46107,46106,2015-10-21,2015,2015-10-21,1,15,WARMUP_2015_NOT_SCORED
46187,46186,2015-10-21,2015,2015-10-21,-1,15,WARMUP_2015_NOT_SCORED
46246,46245,2015-10-21,2015,2015-10-21,-1,15,WARMUP_2015_NOT_SCORED
46261,46260,2015-10-21,2015,2015-10-21,-1,15,WARMUP_2015_NOT_SCORED
46314,46313,2015-10-21,2015,2015-10-21,-1,15,WARMUP_2015_NOT_SCORED
46392,46391,2015-10-22,2015,2015-10-22,1,15,WARMUP_2015_NOT_SCORED
46477,46476,2015-10-22,2015,2015-10-22,-1,15,WARMUP_2015_NOT_SCORED
46579,46578,2015-10-23,2015,2015-10-23,1,15,WARMUP_2015_NOT_SCORED
46611,46610,2015-10-23,2015,2015-10-23,1,15,WARMUP_2015_NOT_SCORED
46658,46657,2015-10-23,2015,2015-10-23,1,15,WARMUP_2015_NOT_SCORED
46728,46727,2015-10-23,2015,2015-10-23,1,15,WARMUP_2015_NOT_SCORED
46758,46757,2015-10-23,2015,2015-10-23,1,15,WARMUP_2015_NOT_SCORED
46814,46813,2015-10-26,2015,2015-10-26,1,15,WARMUP_2015_NOT_SCORED
46972,46971,2015-10-26,2015,2015-10-26,1,15,WARMUP_2015_NOT_SCORED
47041,47040,2015-10-27,2015,2015-10-27,-1,15,WARMUP_2015_NOT_SCORED
47074,47073,2015-10-27,2015,2015-10-27,-1,15,WARMUP_2015_NOT_SCORED
47101,47100,2015-10-27,2015,2015-10-27,-1,15,WARMUP_2015_NOT_SCORED
47147,47146,2015-10-27,2015,2015-10-27,-1,15,WARMUP_2015_NOT_SCORED
47212,47211,2015-10-27,2015,2015-10-27,1,15,WARMUP_2015_NOT_SCORED
47253,47252,2015-10-27,2015,2015-10-27,1,15,WARMUP_2015_NOT_SCORED
47283,47282,2015-10-28,2015,2015-10-28,1,15,WARMUP_2015_NOT_SCORED
47322,47321,2015-10-28,2015,2015-10-28,-1,15,WARMUP_2015_NOT_SCORED
47349,47348,2015-10-28,2015,2015-10-28,1,15,WARMUP_2015_NOT_SCORED
47431,47430,2015-10-28,2015,2015-10-28,-1,15,WARMUP_2015_NOT_SCORED
47465,47464,2015-10-28,2015,2015-10-28,-1,15,WARMUP_2015_NOT_SCORED
47523,47522,2015-10-29,2015,2015-10-29,-1,15,WARMUP_2015_NOT_SCORED
47570,47569,2015-10-29,2015,2015-10-29,-1,15,WARMUP_2015_NOT_SCORED
47674,47673,2015-10-29,2015,2015-10-29,-1,15,WARMUP_2015_NOT_SCORED
47747,47746,2015-10-29,2015,2015-10-29,1,15,WARMUP_2015_NOT_SCORED
47786,47785,2015-10-30,2015,2015-10-30,1,15,WARMUP_2015_NOT_SCORED
47855,47854,2015-10-30,2015,2015-10-30,-1,15,WARMUP_2015_NOT_SCORED
47892,47891,2015-10-30,2015,2015-10-30,-1,15,WARMUP_2015_NOT_SCORED
47907,47906,2015-10-30,2015,2015-10-30,-1,15,WARMUP_2015_NOT_SCORED
47928,47927,2015-10-30,2015,2015-10-30,1,15,WARMUP_2015_NOT_SCORED
48043,48042,2015-11-02,2015,2015-11-02,-1,15,WARMUP_2015_NOT_SCORED
48244,48243,2015-11-03,2015,2015-11-03,-1,15,WARMUP_2015_NOT_SCORED
48332,48331,2015-11-03,2015,2015-11-03,-1,15,WARMUP_2015_NOT_SCORED
48598,48597,2015-11-04,2015,2015-11-04,1,15,WARMUP_2015_NOT_SCORED
48636,48635,2015-11-04,2015,2015-11-04,1,15,WARMUP_2015_NOT_SCORED
48745,48744,2015-11-05,2015,2015-11-05,1,15,WARMUP_2015_NOT_SCORED
48858,48857,2015-11-05,2015,2015-11-05,-1,15,WARMUP_2015_NOT_SCORED
49044,49043,2015-11-06,2015,2015-11-06,1,15,WARMUP_2015_NOT_SCORED
49132,49131,2015-11-06,2015,2015-11-06,1,15,WARMUP_2015_NOT_SCORED
49176,49175,2015-11-06,2015,2015-11-06,1,15,WARMUP_2015_NOT_SCORED
49202,49201,2015-11-09,2015,2015-11-09,1,15,WARMUP_2015_NOT_SCORED
49211,49210,2015-11-09,2015,2015-11-09,1,15,WARMUP_2015_NOT_SCORED
49270,49269,2015-11-09,2015,2015-11-09,-1,15,WARMUP_2015_NOT_SCORED
49359,49358,2015-11-09,2015,2015-11-09,1,15,WARMUP_2015_NOT_SCORED
49443,49442,2015-11-10,2015,2015-11-10,1,15,WARMUP_2015_NOT_SCORED
49468,49467,2015-11-10,2015,2015-11-10,1,15,WARMUP_2015_NOT_SCORED
49512,49511,2015-11-10,2015,2015-11-10,1,15,WARMUP_2015_NOT_SCORED
49588,49587,2015-11-10,2015,2015-11-10,1,15,WARMUP_2015_NOT_SCORED
49690,49689,2015-11-11,2015,2015-11-11,1,15,WARMUP_2015_NOT_SCORED
49715,49714,2015-11-11,2015,2015-11-11,1,15,WARMUP_2015_NOT_SCORED
49761,49760,2015-11-11,2015,2015-11-11,1,15,WARMUP_2015_NOT_SCORED
49857,49856,2015-11-11,2015,2015-11-11,1,15,WARMUP_2015_NOT_SCORED
49915,49914,2015-11-11,2015,2015-11-11,1,15,WARMUP_2015_NOT_SCORED
49944,49943,2015-11-12,2015,2015-11-12,1,15,WARMUP_2015_NOT_SCORED
50163,50162,2015-11-13,2015,2015-11-13,1,15,WARMUP_2015_NOT_SCORED
50248,50247,2015-11-13,2015,2015-11-13,-1,15,WARMUP_2015_NOT_SCORED
50449,50448,2015-11-16,2015,2015-11-16,-1,15,WARMUP_2015_NOT_SCORED
50646,50645,2015-11-17,2015,2015-11-17,1,15,WARMUP_2015_NOT_SCORED
50673,50672,2015-11-17,2015,2015-11-17,1,15,WARMUP_2015_NOT_SCORED
51112,51111,2015-11-18,2015,2015-11-18,-1,15,WARMUP_2015_NOT_SCORED
51134,51133,2015-11-19,2015,2015-11-19,-1,15,WARMUP_2015_NOT_SCORED
51321,51320,2015-11-19,2015,2015-11-19,1,15,WARMUP_2015_NOT_SCORED
51426,51425,2015-11-20,2015,2015-11-20,1,15,WARMUP_2015_NOT_SCORED
51531,51530,2015-11-20,2015,2015-11-20,1,15,WARMUP_2015_NOT_SCORED
51556,51555,2015-11-20,2015,2015-11-20,1,15,WARMUP_2015_NOT_SCORED
51650,51649,2015-11-23,2015,2015-11-23,1,15,WARMUP_2015_NOT_SCORED
51748,51747,2015-11-23,2015,2015-11-23,1,15,WARMUP_2015_NOT_SCORED
51793,51792,2015-11-23,2015,2015-11-23,1,15,WARMUP_2015_NOT_SCORED
51816,51815,2015-11-23,2015,2015-11-23,-1,15,WARMUP_2015_NOT_SCORED
51846,51845,2015-11-24,2015,2015-11-24,-1,15,WARMUP_2015_NOT_SCORED
51912,51911,2015-11-24,2015,2015-11-24,-1,15,WARMUP_2015_NOT_SCORED
51971,51970,2015-11-24,2015,2015-11-24,-1,15,WARMUP_2015_NOT_SCORED
52126,52125,2015-11-25,2015,2015-11-25,1,15,WARMUP_2015_NOT_SCORED
52192,52191,2015-11-25,2015,2015-11-25,1,15,WARMUP_2015_NOT_SCORED
52289,52288,2015-11-25,2015,2015-11-25,1,15,WARMUP_2015_NOT_SCORED
52349,52348,2015-11-26,2015,2015-11-26,1,15,WARMUP_2015_NOT_SCORED
52511,52510,2015-11-26,2015,2015-11-26,1,15,WARMUP_2015_NOT_SCORED
52534,52533,2015-11-26,2015,2015-11-26,1,15,WARMUP_2015_NOT_SCORED
52606,52605,2015-11-27,2015,2015-11-27,-1,15,WARMUP_2015_NOT_SCORED
52701,52700,2015-11-27,2015,2015-11-27,-1,15,WARMUP_2015_NOT_SCORED
52717,52716,2015-11-27,2015,2015-11-27,-1,15,WARMUP_2015_NOT_SCORED
52747,52746,2015-11-27,2015,2015-11-27,-1,15,WARMUP_2015_NOT_SCORED
52763,52762,2015-11-27,2015,2015-11-27,-1,15,WARMUP_2015_NOT_SCORED
52804,52803,2015-11-30,2015,2015-11-30,-1,15,WARMUP_2015_NOT_SCORED
52893,52892,2015-11-30,2015,2015-11-30,-1,15,WARMUP_2015_NOT_SCORED
52904,52903,2015-11-30,2015,2015-11-30,-1,15,WARMUP_2015_NOT_SCORED
52931,52930,2015-11-30,2015,2015-11-30,-1,15,WARMUP_2015_NOT_SCORED
52955,52954,2015-11-30,2015,2015-11-30,-1,15,WARMUP_2015_NOT_SCORED
53015,53014,2015-11-30,2015,2015-11-30,1,15,WARMUP_2015_NOT_SCORED
53045,53044,2015-12-01,2015,2015-12-01,1,15,WARMUP_2015_NOT_SCORED
53054,53053,2015-12-01,2015,2015-12-01,1,15,WARMUP_2015_NOT_SCORED
53071,53070,2015-12-01,2015,2015-12-01,-1,15,WARMUP_2015_NOT_SCORED
53094,53093,2015-12-01,2015,2015-12-01,-1,15,WARMUP_2015_NOT_SCORED
53128,53127,2015-12-01,2015,2015-12-01,1,15,WARMUP_2015_NOT_SCORED
53236,53235,2015-12-01,2015,2015-12-01,1,15,WARMUP_2015_NOT_SCORED
53281,53280,2015-12-02,2015,2015-12-02,-1,15,WARMUP_2015_NOT_SCORED
53326,53325,2015-12-02,2015,2015-12-02,-1,15,WARMUP_2015_NOT_SCORED
53370,53369,2015-12-02,2015,2015-12-02,-1,15,WARMUP_2015_NOT_SCORED
53606,53605,2015-12-03,2015,2015-12-03,1,15,WARMUP_2015_NOT_SCORED
53723,53722,2015-12-03,2015,2015-12-03,1,15,WARMUP_2015_NOT_SCORED
53763,53762,2015-12-04,2015,2015-12-04,1,15,WARMUP_2015_NOT_SCORED
53788,53787,2015-12-04,2015,2015-12-04,1,15,WARMUP_2015_NOT_SCORED
53816,53815,2015-12-04,2015,2015-12-04,1,15,WARMUP_2015_NOT_SCORED
53879,53878,2015-12-04,2015,2015-12-04,1,15,WARMUP_2015_NOT_SCORED
54155,54154,2015-12-07,2015,2015-12-07,1,15,WARMUP_2015_NOT_SCORED
54244,54243,2015-12-08,2015,2015-12-08,1,15,WARMUP_2015_NOT_SCORED
54327,54326,2015-12-08,2015,2015-12-08,-1,15,WARMUP_2015_NOT_SCORED
54494,54493,2015-12-09,2015,2015-12-09,-1,15,WARMUP_2015_NOT_SCORED
54530,54529,2015-12-09,2015,2015-12-09,-1,15,WARMUP_2015_NOT_SCORED
54675,54674,2015-12-09,2015,2015-12-09,-1,15,WARMUP_2015_NOT_SCORED
54919,54918,2015-12-10,2015,2015-12-10,1,15,WARMUP_2015_NOT_SCORED
54943,54942,2015-12-10,2015,2015-12-10,1,15,WARMUP_2015_NOT_SCORED
55041,55040,2015-12-11,2015,2015-12-11,-1,15,WARMUP_2015_NOT_SCORED
55093,55092,2015-12-11,2015,2015-12-11,-1,15,WARMUP_2015_NOT_SCORED
55154,55153,2015-12-11,2015,2015-12-11,-1,15,WARMUP_2015_NOT_SCORED
55220,55219,2015-12-14,2015,2015-12-14,-1,15,WARMUP_2015_NOT_SCORED
55497,55496,2015-12-15,2015,2015-12-15,1,15,WARMUP_2015_NOT_SCORED
55636,55635,2015-12-15,2015,2015-12-15,1,15,WARMUP_2015_NOT_SCORED
55882,55881,2015-12-16,2015,2015-12-16,1,15,WARMUP_2015_NOT_SCORED
55995,55994,2015-12-17,2015,2015-12-17,1,15,WARMUP_2015_NOT_SCORED
56100,56099,2015-12-17,2015,2015-12-17,1,15,WARMUP_2015_NOT_SCORED
56138,56137,2015-12-17,2015,2015-12-17,1,15,WARMUP_2015_NOT_SCORED
56233,56232,2015-12-18,2015,2015-12-18,1,15,WARMUP_2015_NOT_SCORED
56761,56760,2015-12-22,2015,2015-12-22,1,15,WARMUP_2015_NOT_SCORED
56857,56856,2015-12-22,2015,2015-12-22,1,15,WARMUP_2015_NOT_SCORED
56935,56934,2015-12-23,2015,2015-12-23,1,15,WARMUP_2015_NOT_SCORED
57157,57156,2015-12-24,2015,2015-12-24,-1,15,WARMUP_2015_NOT_SCORED
57230,57229,2015-12-24,2015,2015-12-24,-1,15,WARMUP_2015_NOT_SCORED
57744,57743,2015-12-28,2015,2015-12-28,1,15,WARMUP_2015_NOT_SCORED
57758,57757,2015-12-28,2015,2015-12-28,1,15,WARMUP_2015_NOT_SCORED
57807,57806,2015-12-28,2015,2015-12-28,-1,15,WARMUP_2015_NOT_SCORED
57833,57832,2015-12-28,2015,2015-12-28,-1,15,WARMUP_2015_NOT_SCORED
57867,57866,2015-12-29,2015,2015-12-29,-1,15,WARMUP_2015_NOT_SCORED
57912,57911,2015-12-29,2015,2015-12-29,-1,15,WARMUP_2015_NOT_SCORED
58240,58239,2015-12-30,2015,2015-12-30,1,15,WARMUP_2015_NOT_SCORED
58374,58373,2015-12-31,2015,2015-12-31,1,15,WARMUP_2015_NOT_SCORED
58453,58452,2015-12-31,2015,2015-12-31,1,15,WARMUP_2015_NOT_SCORED
58513,58512,2015-12-31,2015,2015-12-31,-1,15,WARMUP_2015_NOT_SCORED
58593,58592,2016-01-04,2016,2016-01-04,-1,15,SCORED
58614,58613,2016-01-04,2016,2016-01-04,-1,15,SCORED
58713,58712,2016-01-05,2016,2016-01-05,-1,15,SCORED
58905,58904,2016-01-05,2016,2016-01-05,-1,15,SCORED
58931,58930,2016-01-05,2016,2016-01-05,1,15,SCORED
58964,58963,2016-01-06,2016,2016-01-06,1,15,SCORED
59016,59015,2016-01-06,2016,2016-01-06,1,15,SCORED
59125,59124,2016-01-06,2016,2016-01-06,1,15,SCORED
59173,59172,2016-01-06,2016,2016-01-06,1,15,SCORED
59187,59186,2016-01-07,2016,2016-01-07,1,15,SCORED
59204,59203,2016-01-08,2016,2016-01-08,-1,15,SCORED
59226,59225,2016-01-08,2016,2016-01-08,-1,15,SCORED
59237,59236,2016-01-08,2016,2016-01-08,1,15,SCORED
59270,59269,2016-01-08,2016,2016-01-08,1,15,SCORED
59338,59337,2016-01-08,2016,2016-01-08,1,15,SCORED
59378,59377,2016-01-08,2016,2016-01-08,1,15,SCORED
59447,59446,2016-01-11,2016,2016-01-11,-1,15,SCORED
59564,59563,2016-01-11,2016,2016-01-11,-1,15,SCORED
59588,59587,2016-01-11,2016,2016-01-11,-1,15,SCORED
59609,59608,2016-01-11,2016,2016-01-11,-1,15,SCORED
59659,59658,2016-01-11,2016,2016-01-11,-1,15,SCORED
59674,59673,2016-01-11,2016,2016-01-11,-1,15,SCORED
59697,59696,2016-01-12,2016,2016-01-12,-1,15,SCORED
59760,59759,2016-01-12,2016,2016-01-12,-1,15,SCORED
59865,59864,2016-01-12,2016,2016-01-12,1,15,SCORED
59996,59995,2016-01-13,2016,2016-01-13,1,15,SCORED
60065,60064,2016-01-13,2016,2016-01-13,-1,15,SCORED
60137,60136,2016-01-13,2016,2016-01-13,-1,15,SCORED
60156,60155,2016-01-13,2016,2016-01-13,-1,15,SCORED
60165,60164,2016-01-14,2016,2016-01-14,-1,15,SCORED
60331,60330,2016-01-14,2016,2016-01-14,1,15,SCORED
60371,60370,2016-01-14,2016,2016-01-14,1,15,SCORED
60404,60403,2016-01-15,2016,2016-01-15,1,15,SCORED
60449,60448,2016-01-15,2016,2016-01-15,1,15,SCORED
60536,60535,2016-01-15,2016,2016-01-15,-1,15,SCORED
60567,60566,2016-01-15,2016,2016-01-15,-1,15,SCORED
60612,60611,2016-01-15,2016,2016-01-15,-1,15,SCORED
60646,60645,2016-01-18,2016,2016-01-18,-1,15,SCORED
60667,60666,2016-01-18,2016,2016-01-18,1,15,SCORED
60718,60717,2016-01-18,2016,2016-01-18,1,15,SCORED
60743,60742,2016-01-18,2016,2016-01-18,-1,15,SCORED
60814,60813,2016-01-18,2016,2016-01-18,1,15,SCORED
60924,60923,2016-01-19,2016,2016-01-19,-1,15,SCORED
61057,61056,2016-01-19,2016,2016-01-19,1,15,SCORED
61095,61094,2016-01-19,2016,2016-01-19,1,15,SCORED
61124,61123,2016-01-20,2016,2016-01-20,1,15,SCORED
61189,61188,2016-01-20,2016,2016-01-20,1,15,SCORED
61271,61270,2016-01-20,2016,2016-01-20,-1,15,SCORED
61329,61328,2016-01-20,2016,2016-01-20,1,15,SCORED
61382,61381,2016-01-21,2016,2016-01-21,-1,15,SCORED
61534,61533,2016-01-21,2016,2016-01-21,-1,15,SCORED
61557,61556,2016-01-21,2016,2016-01-21,-1,15,SCORED
61582,61581,2016-01-21,2016,2016-01-21,-1,15,SCORED
61594,61593,2016-01-21,2016,2016-01-21,-1,15,SCORED
61603,61602,2016-01-22,2016,2016-01-22,-1,15,SCORED
61633,61632,2016-01-22,2016,2016-01-22,-1,15,SCORED
61657,61656,2016-01-22,2016,2016-01-22,-1,15,SCORED
61755,61754,2016-01-22,2016,2016-01-22,-1,15,SCORED
61816,61815,2016-01-22,2016,2016-01-22,1,15,SCORED
61861,61860,2016-01-25,2016,2016-01-25,1,15,SCORED
61907,61906,2016-01-25,2016,2016-01-25,1,15,SCORED
62008,62007,2016-01-25,2016,2016-01-25,1,15,SCORED
62114,62113,2016-01-26,2016,2016-01-26,-1,15,SCORED
62222,62221,2016-01-26,2016,2016-01-26,-1,15,SCORED
62238,62237,2016-01-26,2016,2016-01-26,-1,15,SCORED
62270,62269,2016-01-26,2016,2016-01-26,-1,15,SCORED
62296,62295,2016-01-26,2016,2016-01-26,-1,15,SCORED
62314,62313,2016-01-26,2016,2016-01-26,-1,15,SCORED
62337,62336,2016-01-27,2016,2016-01-27,-1,15,SCORED
62356,62355,2016-01-27,2016,2016-01-27,-1,15,SCORED
62372,62371,2016-01-27,2016,2016-01-27,-1,15,SCORED
62390,62389,2016-01-27,2016,2016-01-27,-1,15,SCORED
62432,62431,2016-01-27,2016,2016-01-27,-1,15,SCORED
62463,62462,2016-01-27,2016,2016-01-27,-1,15,SCORED
62507,62506,2016-01-27,2016,2016-01-27,1,15,SCORED
62537,62536,2016-01-27,2016,2016-01-27,1,15,SCORED
62804,62803,2016-01-29,2016,2016-01-29,-1,15,SCORED
62922,62921,2016-01-29,2016,2016-01-29,1,15,SCORED
62967,62966,2016-01-29,2016,2016-01-29,1,15,SCORED
62996,62995,2016-01-29,2016,2016-01-29,1,15,SCORED
63017,63016,2016-01-29,2016,2016-01-29,1,15,SCORED
63044,63043,2016-02-01,2016,2016-02-01,1,15,SCORED
63241,63240,2016-02-01,2016,2016-02-01,-1,15,SCORED
63484,63483,2016-02-02,2016,2016-02-02,1,15,SCORED
63900,63899,2016-02-04,2016,2016-02-04,1,15,SCORED
63992,63991,2016-02-04,2016,2016-02-04,-1,15,SCORED
64033,64032,2016-02-05,2016,2016-02-05,1,15,SCORED
64088,64087,2016-02-05,2016,2016-02-05,1,15,SCORED
64225,64224,2016-02-05,2016,2016-02-05,-1,15,SCORED
64257,64256,2016-02-15,2016,2016-02-15,-1,15,SCORED
64654,64653,2016-02-16,2016,2016-02-16,1,15,SCORED
64693,64692,2016-02-16,2016,2016-02-16,1,15,SCORED
64763,64762,2016-02-17,2016,2016-02-17,1,15,SCORED
64935,64934,2016-02-17,2016,2016-02-17,1,15,SCORED
64978,64977,2016-02-18,2016,2016-02-18,1,15,SCORED
65025,65024,2016-02-18,2016,2016-02-18,1,15,SCORED
65410,65409,2016-02-19,2016,2016-02-19,1,15,SCORED
65471,65470,2016-02-22,2016,2016-02-22,1,15,SCORED
65647,65646,2016-02-22,2016,2016-02-22,1,15,SCORED
65718,65717,2016-02-23,2016,2016-02-23,1,15,SCORED
65820,65819,2016-02-23,2016,2016-02-23,1,15,SCORED
65889,65888,2016-02-23,2016,2016-02-23,-1,15,SCORED
66178,66177,2016-02-25,2016,2016-02-25,1,15,SCORED
66229,66228,2016-02-25,2016,2016-02-25,1,15,SCORED
66309,66308,2016-02-25,2016,2016-02-25,-1,15,SCORED
66404,66403,2016-02-26,2016,2016-02-26,-1,15,SCORED
66436,66435,2016-02-26,2016,2016-02-26,-1,15,SCORED
66554,66553,2016-02-26,2016,2016-02-26,-1,15,SCORED
66620,66619,2016-02-26,2016,2016-02-26,1,15,SCORED
66665,66664,2016-02-29,2016,2016-02-29,-1,15,SCORED
66686,66685,2016-02-29,2016,2016-02-29,-1,15,SCORED
66775,66774,2016-02-29,2016,2016-02-29,1,15,SCORED
66825,66824,2016-02-29,2016,2016-02-29,-1,15,SCORED
66867,66866,2016-02-29,2016,2016-02-29,-1,15,SCORED
66902,66901,2016-03-01,2016,2016-03-01,1,15,SCORED
66943,66942,2016-03-01,2016,2016-03-01,1,15,SCORED
66978,66977,2016-03-01,2016,2016-03-01,1,15,SCORED
67125,67124,2016-03-02,2016,2016-03-02,1,15,SCORED
67157,67156,2016-03-02,2016,2016-03-02,1,15,SCORED
67197,67196,2016-03-02,2016,2016-03-02,1,15,SCORED
67322,67321,2016-03-02,2016,2016-03-02,1,15,SCORED
67387,67386,2016-03-03,2016,2016-03-03,1,15,SCORED
67415,67414,2016-03-03,2016,2016-03-03,1,15,SCORED
67458,67457,2016-03-03,2016,2016-03-03,1,15,SCORED
67576,67575,2016-03-03,2016,2016-03-03,-1,15,SCORED
67615,67614,2016-03-04,2016,2016-03-04,-1,15,SCORED
67664,67663,2016-03-04,2016,2016-03-04,-1,15,SCORED
67752,67751,2016-03-04,2016,2016-03-04,-1,15,SCORED
68102,68101,2016-03-08,2016,2016-03-08,-1,15,SCORED
68269,68268,2016-03-08,2016,2016-03-08,1,15,SCORED
68303,68302,2016-03-08,2016,2016-03-08,1,15,SCORED
68354,68353,2016-03-09,2016,2016-03-09,-1,15,SCORED
68635,68634,2016-03-10,2016,2016-03-10,-1,15,SCORED
68819,68818,2016-03-11,2016,2016-03-11,-1,15,SCORED
68981,68980,2016-03-11,2016,2016-03-11,1,15,SCORED
69046,69045,2016-03-14,2016,2016-03-14,1,15,SCORED
69203,69202,2016-03-14,2016,2016-03-14,1,15,SCORED
69284,69283,2016-03-15,2016,2016-03-15,1,15,SCORED
69907,69906,2016-03-17,2016,2016-03-17,1,15,SCORED
69984,69983,2016-03-17,2016,2016-03-17,1,15,SCORED
70081,70080,2016-03-18,2016,2016-03-18,1,15,SCORED
70159,70158,2016-03-18,2016,2016-03-18,1,15,SCORED
70296,70295,2016-03-21,2016,2016-03-21,1,15,SCORED
70382,70381,2016-03-21,2016,2016-03-21,1,15,SCORED
70485,70484,2016-03-22,2016,2016-03-22,1,15,SCORED
70573,70572,2016-03-22,2016,2016-03-22,1,15,SCORED
70689,70688,2016-03-22,2016,2016-03-22,1,15,SCORED
70795,70794,2016-03-23,2016,2016-03-23,-1,15,SCORED
70833,70832,2016-03-23,2016,2016-03-23,-1,15,SCORED
70860,70859,2016-03-23,2016,2016-03-23,1,15,SCORED
70928,70927,2016-03-23,2016,2016-03-23,-1,15,SCORED
70972,70971,2016-03-24,2016,2016-03-24,1,15,SCORED
71031,71030,2016-03-24,2016,2016-03-24,-1,15,SCORED
71161,71160,2016-03-24,2016,2016-03-24,1,15,SCORED
71190,71189,2016-03-24,2016,2016-03-24,1,15,SCORED
71216,71215,2016-03-25,2016,2016-03-25,-1,15,SCORED
71242,71241,2016-03-25,2016,2016-03-25,-1,15,SCORED
71353,71352,2016-03-25,2016,2016-03-25,-1,15,SCORED
71413,71412,2016-03-25,2016,2016-03-25,-1,15,SCORED
71485,71484,2016-03-28,2016,2016-03-28,1,15,SCORED
71623,71622,2016-03-28,2016,2016-03-28,-1,15,SCORED
71649,71648,2016-03-28,2016,2016-03-28,-1,15,SCORED
71670,71669,2016-03-28,2016,2016-03-28,-1,15,SCORED
71734,71733,2016-03-29,2016,2016-03-29,-1,15,SCORED
71845,71844,2016-03-29,2016,2016-03-29,-1,15,SCORED
71987,71986,2016-03-30,2016,2016-03-30,1,15,SCORED
72186,72185,2016-03-31,2016,2016-03-31,1,15,SCORED
72257,72256,2016-03-31,2016,2016-03-31,1,15,SCORED
72343,72342,2016-03-31,2016,2016-03-31,1,15,SCORED
72361,72360,2016-03-31,2016,2016-03-31,1,15,SCORED
72385,72384,2016-03-31,2016,2016-03-31,-1,15,SCORED
72415,72414,2016-04-01,2016,2016-04-01,-1,15,SCORED
72439,72438,2016-04-01,2016,2016-04-01,-1,15,SCORED
72462,72461,2016-04-01,2016,2016-04-01,-1,15,SCORED
72494,72493,2016-04-01,2016,2016-04-01,-1,15,SCORED
72557,72556,2016-04-01,2016,2016-04-01,-1,15,SCORED
72727,72726,2016-04-05,2016,2016-04-05,1,15,SCORED
72841,72840,2016-04-05,2016,2016-04-05,1,15,SCORED
72875,72874,2016-04-05,2016,2016-04-05,1,15,SCORED
72903,72902,2016-04-06,2016,2016-04-06,1,15,SCORED
72945,72944,2016-04-06,2016,2016-04-06,1,15,SCORED
73129,73128,2016-04-07,2016,2016-04-07,-1,15,SCORED
73157,73156,2016-04-07,2016,2016-04-07,1,15,SCORED
73200,73199,2016-04-07,2016,2016-04-07,1,15,SCORED
73219,73218,2016-04-07,2016,2016-04-07,1,15,SCORED
73269,73268,2016-04-07,2016,2016-04-07,-1,15,SCORED
73390,73389,2016-04-08,2016,2016-04-08,-1,15,SCORED
73523,73522,2016-04-08,2016,2016-04-08,-1,15,SCORED
73566,73565,2016-04-08,2016,2016-04-08,1,15,SCORED
73824,73823,2016-04-11,2016,2016-04-11,1,15,SCORED
74322,74321,2016-04-14,2016,2016-04-14,1,15,SCORED
74613,74612,2016-04-15,2016,2016-04-15,1,15,SCORED
74782,74781,2016-04-15,2016,2016-04-15,1,15,SCORED
75036,75035,2016-04-18,2016,2016-04-18,-1,15,SCORED
75419,75418,2016-04-20,2016,2016-04-20,-1,15,SCORED
75787,75786,2016-04-22,2016,2016-04-22,-1,15,SCORED
76093,76092,2016-04-25,2016,2016-04-25,-1,15,SCORED
76167,76166,2016-04-25,2016,2016-04-25,-1,15,SCORED
76343,76342,2016-04-26,2016,2016-04-26,1,15,SCORED
76513,76512,2016-04-27,2016,2016-04-27,1,15,SCORED
76633,76632,2016-04-27,2016,2016-04-27,1,15,SCORED
76836,76835,2016-04-28,2016,2016-04-28,1,15,SCORED
76899,76898,2016-04-28,2016,2016-04-28,-1,15,SCORED
77561,77560,2016-05-04,2016,2016-05-04,1,15,SCORED
77697,77696,2016-05-05,2016,2016-05-05,1,15,SCORED
77802,77801,2016-05-05,2016,2016-05-05,1,15,SCORED
77869,77868,2016-05-05,2016,2016-05-05,-1,15,SCORED
77949,77948,2016-05-06,2016,2016-05-06,-1,15,SCORED
78067,78066,2016-05-06,2016,2016-05-06,-1,15,SCORED
78126,78125,2016-05-06,2016,2016-05-06,-1,15,SCORED
78187,78186,2016-05-09,2016,2016-05-09,-1,15,SCORED
78253,78252,2016-05-09,2016,2016-05-09,-1,15,SCORED
78342,78341,2016-05-09,2016,2016-05-09,-1,15,SCORED
78410,78409,2016-05-10,2016,2016-05-10,-1,15,SCORED
78502,78501,2016-05-10,2016,2016-05-10,-1,15,SCORED
78774,78773,2016-05-11,2016,2016-05-11,-1,15,SCORED
78909,78908,2016-05-12,2016,2016-05-12,-1,15,SCORED
79666,79665,2016-05-17,2016,2016-05-17,1,15,SCORED
80015,80014,2016-05-18,2016,2016-05-18,-1,15,SCORED
80106,80105,2016-05-19,2016,2016-05-19,-1,15,SCORED
80287,80286,2016-05-19,2016,2016-05-19,1,15,SCORED
80691,80690,2016-05-23,2016,2016-05-23,1,15,SCORED
80866,80865,2016-05-24,2016,2016-05-24,1,15,SCORED
81235,81234,2016-05-25,2016,2016-05-25,1,15,SCORED
81330,81329,2016-05-26,2016,2016-05-26,-1,15,SCORED
81505,81504,2016-05-26,2016,2016-05-26,-1,15,SCORED
81522,81521,2016-05-27,2016,2016-05-27,-1,15,SCORED
81561,81560,2016-05-27,2016,2016-05-27,-1,15,SCORED
81605,81604,2016-05-27,2016,2016-05-27,-1,15,SCORED
81667,81666,2016-05-27,2016,2016-05-27,1,15,SCORED
81869,81868,2016-05-30,2016,2016-05-30,-1,15,SCORED
82108,82107,2016-05-31,2016,2016-05-31,1,15,SCORED
82257,82256,2016-06-01,2016,2016-06-01,1,15,SCORED
82289,82288,2016-06-01,2016,2016-06-01,1,15,SCORED
82409,82408,2016-06-01,2016,2016-06-01,1,15,SCORED
82612,82611,2016-06-02,2016,2016-06-02,1,15,SCORED
82699,82698,2016-06-02,2016,2016-06-02,1,15,SCORED
82759,82758,2016-06-03,2016,2016-06-03,1,15,SCORED
82944,82943,2016-06-03,2016,2016-06-03,1,15,SCORED
83132,83131,2016-06-06,2016,2016-06-06,1,15,SCORED
83796,83795,2016-06-13,2016,2016-06-13,-1,15,SCORED
83889,83888,2016-06-13,2016,2016-06-13,-1,15,SCORED
83905,83904,2016-06-13,2016,2016-06-13,-1,15,SCORED
83930,83929,2016-06-14,2016,2016-06-14,-1,15,SCORED
83964,83963,2016-06-14,2016,2016-06-14,-1,15,SCORED
84085,84084,2016-06-14,2016,2016-06-14,-1,15,SCORED
84398,84397,2016-06-15,2016,2016-06-15,1,15,SCORED
84474,84473,2016-06-16,2016,2016-06-16,1,15,SCORED
84588,84587,2016-06-16,2016,2016-06-16,1,15,SCORED
84740,84739,2016-06-17,2016,2016-06-17,1,15,SCORED
85290,85289,2016-06-21,2016,2016-06-21,1,15,SCORED
85371,85370,2016-06-22,2016,2016-06-22,-1,15,SCORED
85641,85640,2016-06-23,2016,2016-06-23,1,15,SCORED
85728,85727,2016-06-23,2016,2016-06-23,1,15,SCORED
85996,85995,2016-06-24,2016,2016-06-24,-1,15,SCORED
86054,86053,2016-06-24,2016,2016-06-24,1,15,SCORED
86373,86372,2016-06-28,2016,2016-06-28,1,15,SCORED
86509,86508,2016-06-28,2016,2016-06-28,1,15,SCORED
86591,86590,2016-06-29,2016,2016-06-29,1,15,SCORED
87638,87637,2016-07-05,2016,2016-07-05,1,15,SCORED
87758,87757,2016-07-05,2016,2016-07-05,1,15,SCORED
87976,87975,2016-07-06,2016,2016-07-06,1,15,SCORED
88061,88060,2016-07-07,2016,2016-07-07,1,15,SCORED
88273,88272,2016-07-08,2016,2016-07-08,1,15,SCORED
88482,88481,2016-07-11,2016,2016-07-11,1,15,SCORED
88976,88975,2016-07-13,2016,2016-07-13,-1,15,SCORED
89190,89189,2016-07-13,2016,2016-07-13,1,15,SCORED
89413,89412,2016-07-14,2016,2016-07-14,1,15,SCORED
89560,89559,2016-07-15,2016,2016-07-15,1,15,SCORED
89617,89616,2016-07-15,2016,2016-07-15,1,15,SCORED
89887,89886,2016-07-18,2016,2016-07-18,-1,15,SCORED
90711,90710,2016-07-22,2016,2016-07-22,1,15,SCORED
90797,90796,2016-07-22,2016,2016-07-22,1,15,SCORED
91025,91024,2016-07-25,2016,2016-07-25,-1,15,SCORED
91514,91513,2016-07-27,2016,2016-07-27,-1,15,SCORED
91765,91764,2016-07-28,2016,2016-07-28,-1,15,SCORED
92122,92121,2016-08-01,2016,2016-08-01,-1,15,SCORED
92158,92157,2016-08-01,2016,2016-08-01,-1,15,SCORED
93256,93255,2016-08-05,2016,2016-08-05,1,15,SCORED
93745,93744,2016-08-09,2016,2016-08-09,1,15,SCORED
93818,93817,2016-08-10,2016,2016-08-10,1,15,SCORED
93976,93975,2016-08-10,2016,2016-08-10,1,15,SCORED
95449,95448,2016-08-19,2016,2016-08-19,1,15,SCORED
95826,95825,2016-08-22,2016,2016-08-22,1,15,SCORED
96091,96090,2016-08-23,2016,2016-08-23,-1,15,SCORED
96237,96236,2016-08-24,2016,2016-08-24,-1,15,SCORED
96470,96469,2016-08-25,2016,2016-08-25,-1,15,SCORED
96919,96918,2016-08-29,2016,2016-08-29,1,15,SCORED
97432,97431,2016-08-31,2016,2016-08-31,1,15,SCORED
97551,97550,2016-08-31,2016,2016-08-31,-1,15,SCORED
97866,97865,2016-09-02,2016,2016-09-02,-1,15,SCORED
98196,98195,2016-09-05,2016,2016-09-05,-1,15,SCORED
98820,98819,2016-09-08,2016,2016-09-08,1,15,SCORED
99343,99342,2016-09-12,2016,2016-09-12,-1,15,SCORED
99452,99451,2016-09-12,2016,2016-09-12,-1,15,SCORED
99497,99496,2016-09-12,2016,2016-09-12,-1,15,SCORED
99531,99530,2016-09-13,2016,2016-09-13,-1,15,SCORED
99877,99876,2016-09-14,2016,2016-09-14,-1,15,SCORED
100362,100361,2016-09-20,2016,2016-09-20,1,15,SCORED
101280,101279,2016-09-26,2016,2016-09-26,1,15,SCORED
101780,101779,2016-09-28,2016,2016-09-28,-1,15,SCORED
103518,103517,2016-10-14,2016,2016-10-14,1,15,SCORED
104322,104321,2016-10-20,2016,2016-10-20,1,15,SCORED
104821,104820,2016-10-24,2016,2016-10-24,-1,15,SCORED
105419,105418,2016-10-26,2016,2016-10-26,1,15,SCORED
106082,106081,2016-10-31,2016,2016-10-31,1,15,SCORED
106572,106571,2016-11-02,2016,2016-11-02,-1,15,SCORED
106968,106967,2016-11-04,2016,2016-11-04,1,15,SCORED
107902,107901,2016-11-09,2016,2016-11-09,-1,15,SCORED
108619,108618,2016-11-14,2016,2016-11-14,1,15,SCORED
108827,108826,2016-11-15,2016,2016-11-15,1,15,SCORED
109272,109271,2016-11-17,2016,2016-11-17,1,15,SCORED
110234,110233,2016-11-23,2016,2016-11-23,1,15,SCORED
110823,110822,2016-11-28,2016,2016-11-28,-1,15,SCORED
112103,112102,2016-12-05,2016,2016-12-05,-1,15,SCORED
113489,113488,2016-12-13,2016,2016-12-13,-1,15,SCORED
113768,113767,2016-12-14,2016,2016-12-14,1,15,SCORED
113924,113923,2016-12-15,2016,2016-12-15,1,15,SCORED
114134,114133,2016-12-15,2016,2016-12-15,1,15,SCORED
114340,114339,2016-12-16,2016,2016-12-16,1,15,SCORED
114424,114423,2016-12-19,2016,2016-12-19,1,15,SCORED
115117,115116,2016-12-21,2016,2016-12-21,1,15,SCORED
115281,115280,2016-12-22,2016,2016-12-22,1,15,SCORED
115579,115578,2016-12-23,2016,2016-12-23,1,15,SCORED
115696,115695,2016-12-26,2016,2016-12-26,1,15,SCORED
115890,115889,2016-12-27,2016,2016-12-27,-1,15,SCORED
117833,117832,2017-01-09,2017,2017-01-09,1,15,SCORED
118726,118725,2017-01-13,2017,2017-01-13,-1,15,SCORED
118859,118858,2017-01-13,2017,2017-01-13,-1,15,SCORED
119018,119017,2017-01-16,2017,2017-01-16,-1,15,SCORED
119144,119143,2017-01-16,2017,2017-01-16,-1,15,SCORED
119202,119201,2017-01-17,2017,2017-01-17,-1,15,SCORED
120559,120558,2017-01-24,2017,2017-01-24,1,15,SCORED
121268,121267,2017-02-03,2017,2017-02-03,1,15,SCORED
121785,121784,2017-02-07,2017,2017-02-07,1,15,SCORED
122467,122466,2017-02-10,2017,2017-02-10,1,15,SCORED
123013,123012,2017-02-14,2017,2017-02-14,1,15,SCORED
123157,123156,2017-02-15,2017,2017-02-15,1,15,SCORED
125219,125218,2017-02-28,2017,2017-02-28,1,15,SCORED
125800,125799,2017-03-02,2017,2017-03-02,1,15,SCORED
127022,127021,2017-03-09,2017,2017-03-09,1,15,SCORED
128613,128612,2017-03-20,2017,2017-03-20,1,15,SCORED
129551,129550,2017-03-24,2017,2017-03-24,-1,15,SCORED
130438,130437,2017-03-29,2017,2017-03-29,-1,15,SCORED
130670,130669,2017-03-30,2017,2017-03-30,-1,15,SCORED
131929,131928,2017-04-11,2017,2017-04-11,1,15,SCORED
132960,132959,2017-04-17,2017,2017-04-17,-1,15,SCORED
133096,133095,2017-04-17,2017,2017-04-17,-1,15,SCORED
133165,133164,2017-04-18,2017,2017-04-18,-1,15,SCORED
133459,133458,2017-04-19,2017,2017-04-19,-1,15,SCORED
133511,133510,2017-04-19,2017,2017-04-19,-1,15,SCORED
133646,133645,2017-04-20,2017,2017-04-20,-1,15,SCORED
133912,133911,2017-04-21,2017,2017-04-21,-1,15,SCORED
134167,134166,2017-04-24,2017,2017-04-24,-1,15,SCORED
134303,134302,2017-04-24,2017,2017-04-24,-1,15,SCORED
134335,134334,2017-04-25,2017,2017-04-25,-1,15,SCORED
134476,134475,2017-04-25,2017,2017-04-25,-1,15,SCORED
134862,134861,2017-04-27,2017,2017-04-27,-1,15,SCORED
135736,135735,2017-05-03,2017,2017-05-03,1,15,SCORED
136043,136042,2017-05-05,2017,2017-05-05,1,15,SCORED
136309,136308,2017-05-08,2017,2017-05-08,-1,15,SCORED
136445,136444,2017-05-08,2017,2017-05-08,-1,15,SCORED
136493,136492,2017-05-09,2017,2017-05-09,-1,15,SCORED
136544,136543,2017-05-09,2017,2017-05-09,-1,15,SCORED
136630,136629,2017-05-09,2017,2017-05-09,-1,15,SCORED
137003,137002,2017-05-11,2017,2017-05-11,-1,15,SCORED
137070,137069,2017-05-11,2017,2017-05-11,-1,15,SCORED
137202,137201,2017-05-12,2017,2017-05-12,-1,15,SCORED
137608,137607,2017-05-15,2017,2017-05-15,1,15,SCORED
137737,137736,2017-05-16,2017,2017-05-16,1,15,SCORED
138165,138164,2017-05-18,2017,2017-05-18,1,15,SCORED
138936,138935,2017-05-23,2017,2017-05-23,-1,15,SCORED
139047,139046,2017-05-23,2017,2017-05-23,-1,15,SCORED
139200,139199,2017-05-24,2017,2017-05-24,-1,15,SCORED
140366,140365,2017-06-02,2017,2017-06-02,-1,15,SCORED
141619,141618,2017-06-09,2017,2017-06-09,1,15,SCORED
143481,143480,2017-06-21,2017,2017-06-21,1,15,SCORED
144795,144794,2017-06-28,2017,2017-06-28,-1,15,SCORED
145850,145849,2017-07-05,2017,2017-07-05,1,15,SCORED
146229,146228,2017-07-06,2017,2017-07-06,1,15,SCORED
146701,146700,2017-07-10,2017,2017-07-10,1,15,SCORED
146975,146974,2017-07-11,2017,2017-07-11,1,15,SCORED
147225,147224,2017-07-12,2017,2017-07-12,-1,15,SCORED
147809,147808,2017-07-17,2017,2017-07-17,-1,15,SCORED
148027,148026,2017-07-18,2017,2017-07-18,-1,15,SCORED
148119,148118,2017-07-18,2017,2017-07-18,-1,15,SCORED
149322,149321,2017-07-25,2017,2017-07-25,1,15,SCORED
150061,150060,2017-07-28,2017,2017-07-28,1,15,SCORED
150223,150222,2017-07-31,2017,2017-07-31,1,15,SCORED
150485,150484,2017-08-01,2017,2017-08-01,1,15,SCORED
151841,151840,2017-08-08,2017,2017-08-09,1,15,SCORED
151992,151991,2017-08-09,2017,2017-08-09,1,15,SCORED
152216,152215,2017-08-10,2017,2017-08-10,1,15,SCORED
152398,152397,2017-08-11,2017,2017-08-11,-1,15,SCORED
152522,152521,2017-08-11,2017,2017-08-11,-1,15,SCORED
153538,153537,2017-08-18,2017,2017-08-18,1,15,SCORED
154112,154111,2017-08-22,2017,2017-08-22,1,15,SCORED
155168,155167,2017-08-28,2017,2017-08-28,-1,15,SCORED
157137,157136,2017-09-08,2017,2017-09-08,1,15,SCORED
157983,157982,2017-09-13,2017,2017-09-13,1,15,SCORED
159724,159723,2017-09-22,2017,2017-09-22,-1,15,SCORED
160168,160167,2017-09-26,2017,2017-09-26,-1,15,SCORED
160693,160692,2017-09-28,2017,2017-09-28,-1,15,SCORED
161895,161894,2017-10-12,2017,2017-10-12,1,15,SCORED
163077,163076,2017-10-19,2017,2017-10-19,-1,15,SCORED
164710,164709,2017-10-30,2017,2017-10-30,-1,15,SCORED
165787,165786,2017-11-06,2017,2017-11-06,-1,15,SCORED
166983,166982,2017-11-13,2017,2017-11-13,-1,15,SCORED
167229,167228,2017-11-14,2017,2017-11-14,-1,15,SCORED
167417,167416,2017-11-14,2017,2017-11-14,1,15,SCORED
168260,168259,2017-11-20,2017,2017-11-20,-1,15,SCORED
169526,169525,2017-11-27,2017,2017-11-27,-1,15,SCORED
169650,169649,2017-11-28,2017,2017-11-28,-1,15,SCORED
169958,169957,2017-11-29,2017,2017-11-29,1,15,SCORED
170110,170109,2017-11-30,2017,2017-11-30,1,15,SCORED
170337,170336,2017-12-01,2017,2017-12-01,1,15,SCORED
170606,170605,2017-12-04,2017,2017-12-04,1,15,SCORED
171083,171082,2017-12-06,2017,2017-12-06,-1,15,SCORED
172296,172295,2017-12-13,2017,2017-12-13,1,15,SCORED
173922,173921,2017-12-22,2017,2017-12-22,-1,15,SCORED
174448,174447,2017-12-26,2017,2017-12-26,-1,15,SCORED
174824,174823,2017-12-27,2017,2017-12-27,-1,15,SCORED
176400,176399,2018-01-08,2018,2018-01-08,1,15,SCORED
177932,177931,2018-01-16,2018,2018-01-16,-1,15,SCORED
178058,178057,2018-01-17,2018,2018-01-17,-1,15,SCORED
178357,178356,2018-01-18,2018,2018-01-18,-1,15,SCORED
179733,179732,2018-01-26,2018,2018-01-26,1,15,SCORED
180068,180067,2018-01-29,2018,2018-01-29,1,15,SCORED
180539,180538,2018-01-31,2018,2018-01-31,-1,15,SCORED
180660,180659,2018-02-01,2018,2018-02-01,-1,15,SCORED
180817,180816,2018-02-01,2018,2018-02-01,-1,15,SCORED
180985,180984,2018-02-02,2018,2018-02-02,-1,15,SCORED
181518,181517,2018-02-06,2018,2018-02-06,-1,15,SCORED
181604,181603,2018-02-07,2018,2018-02-07,-1,15,SCORED
181713,181712,2018-02-07,2018,2018-02-07,-1,15,SCORED
182221,182220,2018-02-09,2018,2018-02-09,-1,15,SCORED
182865,182864,2018-02-14,2018,2018-02-14,1,15,SCORED
183456,183455,2018-02-23,2018,2018-02-23,1,15,SCORED
183576,183575,2018-02-26,2018,2018-02-26,1,15,SCORED
183951,183950,2018-02-27,2018,2018-02-27,1,15,SCORED
184184,184183,2018-02-28,2018,2018-02-28,1,15,SCORED
184450,184449,2018-03-01,2018,2018-03-01,1,15,SCORED
184487,184486,2018-03-02,2018,2018-03-02,1,15,SCORED
184531,184530,2018-03-02,2018,2018-03-02,1,15,SCORED
184639,184638,2018-03-02,2018,2018-03-02,1,15,SCORED
185452,185451,2018-03-08,2018,2018-03-08,1,15,SCORED
186088,186087,2018-03-12,2018,2018-03-12,1,15,SCORED
186212,186211,2018-03-13,2018,2018-03-13,1,15,SCORED
186413,186412,2018-03-14,2018,2018-03-14,1,15,SCORED
187698,187697,2018-03-21,2018,2018-03-21,-1,15,SCORED
187788,187787,2018-03-21,2018,2018-03-21,-1,15,SCORED
187847,187846,2018-03-22,2018,2018-03-22,1,15,SCORED
187932,187931,2018-03-22,2018,2018-03-22,1,15,SCORED
188035,188034,2018-03-22,2018,2018-03-22,-1,15,SCORED
188147,188146,2018-03-23,2018,2018-03-23,-1,15,SCORED
188242,188241,2018-03-23,2018,2018-03-23,-1,15,SCORED
188461,188460,2018-03-26,2018,2018-03-26,1,15,SCORED
188778,188777,2018-03-27,2018,2018-03-27,1,15,SCORED
189572,189571,2018-04-02,2018,2018-04-02,1,15,SCORED
189766,189765,2018-04-03,2018,2018-04-03,1,15,SCORED
190412,190411,2018-04-09,2018,2018-04-09,-1,15,SCORED
191694,191693,2018-04-17,2018,2018-04-17,-1,15,SCORED
191858,191857,2018-04-17,2018,2018-04-17,-1,15,SCORED
191925,191924,2018-04-18,2018,2018-04-18,-1,15,SCORED
191976,191975,2018-04-18,2018,2018-04-18,-1,15,SCORED
192439,192438,2018-04-20,2018,2018-04-20,1,15,SCORED
192893,192892,2018-04-24,2018,2018-04-24,-1,15,SCORED
193472,193471,2018-04-26,2018,2018-04-26,1,15,SCORED
194322,194321,2018-05-04,2018,2018-05-04,-1,15,SCORED
194413,194412,2018-05-04,2018,2018-05-04,-1,15,SCORED
194518,194517,2018-05-04,2018,2018-05-04,-1,15,SCORED
195681,195680,2018-05-11,2018,2018-05-11,1,15,SCORED
197772,197771,2018-05-24,2018,2018-05-24,1,15,SCORED
198024,198023,2018-05-25,2018,2018-05-25,1,15,SCORED
198337,198336,2018-05-28,2018,2018-05-28,-1,15,SCORED
198617,198616,2018-05-29,2018,2018-05-29,-1,15,SCORED
198686,198685,2018-05-30,2018,2018-05-30,-1,15,SCORED
198839,198838,2018-05-30,2018,2018-05-30,-1,15,SCORED
198908,198907,2018-05-31,2018,2018-05-31,-1,15,SCORED
199323,199322,2018-06-01,2018,2018-06-01,1,15,SCORED
199351,199350,2018-06-01,2018,2018-06-01,1,15,SCORED
199368,199367,2018-06-04,2018,2018-06-04,-1,15,SCORED
199583,199582,2018-06-04,2018,2018-06-04,-1,15,SCORED
200258,200257,2018-06-07,2018,2018-06-07,1,15,SCORED
200562,200561,2018-06-11,2018,2018-06-11,-1,15,SCORED
200816,200815,2018-06-12,2018,2018-06-12,-1,15,SCORED
201042,201041,2018-06-13,2018,2018-06-13,-1,15,SCORED
201337,201336,2018-06-14,2018,2018-06-14,-1,15,SCORED
201534,201533,2018-06-15,2018,2018-06-15,-1,15,SCORED
201580,201579,2018-06-15,2018,2018-06-15,-1,15,SCORED
201621,201620,2018-06-15,2018,2018-06-15,-1,15,SCORED
201704,201703,2018-06-15,2018,2018-06-15,-1,15,SCORED
201784,201783,2018-06-19,2018,2018-06-19,-1,15,SCORED
201879,201878,2018-06-19,2018,2018-06-19,-1,15,SCORED
202002,202001,2018-06-20,2018,2018-06-20,-1,15,SCORED
202114,202113,2018-06-20,2018,2018-06-20,1,15,SCORED
202377,202376,2018-06-21,2018,2018-06-21,1,15,SCORED
202537,202536,2018-06-22,2018,2018-06-22,-1,15,SCORED
204151,204150,2018-07-02,2018,2018-07-02,1,15,SCORED
204696,204695,2018-07-05,2018,2018-07-05,1,15,SCORED
204724,204723,2018-07-05,2018,2018-07-05,-1,15,SCORED
204793,204792,2018-07-05,2018,2018-07-05,-1,15,SCORED
204824,204823,2018-07-05,2018,2018-07-05,-1,15,SCORED
204848,204847,2018-07-05,2018,2018-07-05,-1,15,SCORED
204903,204902,2018-07-06,2018,2018-07-06,-1,15,SCORED
204939,204938,2018-07-06,2018,2018-07-06,-1,15,SCORED
205021,205020,2018-07-06,2018,2018-07-06,-1,15,SCORED
205122,205121,2018-07-09,2018,2018-07-09,1,15,SCORED
205483,205482,2018-07-10,2018,2018-07-10,1,15,SCORED
205679,205678,2018-07-11,2018,2018-07-11,-1,15,SCORED
206641,206640,2018-07-17,2018,2018-07-17,1,15,SCORED
206854,206853,2018-07-18,2018,2018-07-18,1,15,SCORED
207052,207051,2018-07-19,2018,2018-07-19,1,15,SCORED
207111,207110,2018-07-19,2018,2018-07-19,1,15,SCORED
207375,207374,2018-07-20,2018,2018-07-20,-1,15,SCORED
208100,208099,2018-07-25,2018,2018-07-25,1,15,SCORED
209503,209502,2018-08-02,2018,2018-08-02,-1,15,SCORED
209547,209546,2018-08-02,2018,2018-08-02,-1,15,SCORED
209599,209598,2018-08-02,2018,2018-08-02,-1,15,SCORED
209970,209969,2018-08-06,2018,2018-08-06,-1,15,SCORED
210083,210082,2018-08-06,2018,2018-08-06,-1,15,SCORED
210178,210177,2018-08-07,2018,2018-08-07,-1,15,SCORED
210604,210603,2018-08-08,2018,2018-08-08,1,15,SCORED
210888,210887,2018-08-10,2018,2018-08-10,1,15,SCORED
211057,211056,2018-08-10,2018,2018-08-10,1,15,SCORED
211415,211414,2018-08-14,2018,2018-08-14,1,15,SCORED
211535,211534,2018-08-14,2018,2018-08-14,1,15,SCORED
211890,211889,2018-08-16,2018,2018-08-16,-1,15,SCORED
212277,212276,2018-08-17,2018,2018-08-17,-1,15,SCORED
212339,212338,2018-08-20,2018,2018-08-20,-1,15,SCORED
212465,212464,2018-08-20,2018,2018-08-20,-1,15,SCORED
212836,212835,2018-08-22,2018,2018-08-22,1,15,SCORED
213874,213873,2018-08-28,2018,2018-08-28,1,15,SCORED
214647,214646,2018-08-31,2018,2018-08-31,-1,15,SCORED
214831,214830,2018-09-03,2018,2018-09-03,-1,15,SCORED
214993,214992,2018-09-04,2018,2018-09-04,-1,15,SCORED
215216,215215,2018-09-05,2018,2018-09-05,1,15,SCORED
215460,215459,2018-09-06,2018,2018-09-06,-1,15,SCORED
215667,215666,2018-09-06,2018,2018-09-06,-1,15,SCORED
215748,215747,2018-09-07,2018,2018-09-07,-1,15,SCORED
215807,215806,2018-09-07,2018,2018-09-07,1,15,SCORED
215925,215924,2018-09-10,2018,2018-09-10,-1,15,SCORED
215962,215961,2018-09-10,2018,2018-09-10,-1,15,SCORED
216036,216035,2018-09-10,2018,2018-09-10,-1,15,SCORED
216187,216186,2018-09-11,2018,2018-09-11,-1,15,SCORED
216295,216294,2018-09-11,2018,2018-09-11,-1,15,SCORED
217151,217150,2018-09-17,2018,2018-09-17,-1,15,SCORED
217204,217203,2018-09-17,2018,2018-09-17,-1,15,SCORED
217353,217352,2018-09-17,2018,2018-09-17,-1,15,SCORED
217860,217859,2018-09-20,2018,2018-09-20,1,15,SCORED
218331,218330,2018-09-25,2018,2018-09-25,1,15,SCORED
218868,218867,2018-09-27,2018,2018-09-27,1,15,SCORED
219003,219002,2018-09-27,2018,2018-09-27,1,15,SCORED
219310,219309,2018-10-08,2018,2018-10-08,-1,15,SCORED
219536,219535,2018-10-09,2018,2018-10-09,-1,15,SCORED
219680,219679,2018-10-09,2018,2018-10-09,-1,15,SCORED
219771,219770,2018-10-10,2018,2018-10-10,-1,15,SCORED
219809,219808,2018-10-10,2018,2018-10-10,-1,15,SCORED
219858,219857,2018-10-10,2018,2018-10-10,1,15,SCORED
220030,220029,2018-10-11,2018,2018-10-11,-1,15,SCORED
220066,220065,2018-10-11,2018,2018-10-11,-1,15,SCORED
220177,220176,2018-10-11,2018,2018-10-11,-1,15,SCORED
220259,220258,2018-10-12,2018,2018-10-12,-1,15,SCORED
220300,220299,2018-10-12,2018,2018-10-12,-1,15,SCORED
220398,220397,2018-10-12,2018,2018-10-12,-1,15,SCORED
220482,220481,2018-10-15,2018,2018-10-15,1,15,SCORED
220509,220508,2018-10-15,2018,2018-10-15,1,15,SCORED
220633,220632,2018-10-15,2018,2018-10-15,1,15,SCORED
220768,220767,2018-10-16,2018,2018-10-16,-1,15,SCORED
220839,220838,2018-10-16,2018,2018-10-16,-1,15,SCORED
220878,220877,2018-10-16,2018,2018-10-16,-1,15,SCORED
220933,220932,2018-10-16,2018,2018-10-16,-1,15,SCORED
220964,220963,2018-10-17,2018,2018-10-17,-1,15,SCORED
221138,221137,2018-10-17,2018,2018-10-17,-1,15,SCORED
221243,221242,2018-10-18,2018,2018-10-18,-1,15,SCORED
221457,221456,2018-10-19,2018,2018-10-19,-1,15,SCORED
221660,221659,2018-10-19,2018,2018-10-19,1,15,SCORED
221749,221748,2018-10-22,2018,2018-10-22,1,15,SCORED
221918,221917,2018-10-22,2018,2018-10-22,1,15,SCORED
223123,223122,2018-10-30,2018,2018-10-30,-1,15,SCORED
223234,223233,2018-10-30,2018,2018-10-30,-1,15,SCORED
223292,223291,2018-10-30,2018,2018-10-30,-1,15,SCORED
223704,223703,2018-11-01,2018,2018-11-01,1,15,SCORED
223857,223856,2018-11-02,2018,2018-11-02,1,15,SCORED
223962,223961,2018-11-02,2018,2018-11-02,1,15,SCORED
224232,224231,2018-11-05,2018,2018-11-05,1,15,SCORED
224642,224641,2018-11-07,2018,2018-11-07,1,15,SCORED
224747,224746,2018-11-07,2018,2018-11-07,1,15,SCORED
224812,224811,2018-11-08,2018,2018-11-08,-1,15,SCORED
224876,224875,2018-11-08,2018,2018-11-08,-1,15,SCORED
224940,224939,2018-11-08,2018,2018-11-08,-1,15,SCORED
225137,225136,2018-11-09,2018,2018-11-09,-1,15,SCORED
225524,225523,2018-11-13,2018,2018-11-13,1,15,SCORED
225629,225628,2018-11-13,2018,2018-11-13,1,15,SCORED
225765,225764,2018-11-14,2018,2018-11-14,1,15,SCORED
225977,225976,2018-11-14,2018,2018-11-14,1,15,SCORED
226272,226271,2018-11-16,2018,2018-11-16,1,15,SCORED
226408,226407,2018-11-16,2018,2018-11-16,1,15,SCORED
226484,226483,2018-11-19,2018,2018-11-19,1,15,SCORED
226992,226991,2018-11-21,2018,2018-11-21,-1,15,SCORED
227515,227514,2018-11-23,2018,2018-11-23,-1,15,SCORED
227660,227659,2018-11-23,2018,2018-11-23,-1,15,SCORED
227721,227720,2018-11-26,2018,2018-11-26,-1,15,SCORED
227829,227828,2018-11-26,2018,2018-11-26,-1,15,SCORED
228041,228040,2018-11-27,2018,2018-11-27,1,15,SCORED
228219,228218,2018-11-28,2018,2018-11-28,-1,15,SCORED
228499,228498,2018-11-29,2018,2018-11-29,1,15,SCORED
228662,228661,2018-11-30,2018,2018-11-30,1,15,SCORED
228758,228757,2018-11-30,2018,2018-11-30,-1,15,SCORED
228905,228904,2018-12-03,2018,2018-12-03,1,15,SCORED
229128,229127,2018-12-04,2018,2018-12-04,1,15,SCORED
229186,229185,2018-12-04,2018,2018-12-04,1,15,SCORED
229310,229309,2018-12-04,2018,2018-12-04,1,15,SCORED
229490,229489,2018-12-05,2018,2018-12-05,-1,15,SCORED
229833,229832,2018-12-06,2018,2018-12-06,-1,15,SCORED
229903,229902,2018-12-07,2018,2018-12-07,-1,15,SCORED
230008,230007,2018-12-07,2018,2018-12-07,-1,15,SCORED
230091,230090,2018-12-10,2018,2018-12-10,-1,15,SCORED
230122,230121,2018-12-10,2018,2018-12-10,-1,15,SCORED
230186,230185,2018-12-10,2018,2018-12-10,-1,15,SCORED
230303,230302,2018-12-10,2018,2018-12-10,-1,15,SCORED
231392,231391,2018-12-17,2018,2018-12-17,-1,15,SCORED
231763,231762,2018-12-19,2018,2018-12-19,-1,15,SCORED
231907,231906,2018-12-19,2018,2018-12-19,-1,15,SCORED
232010,232009,2018-12-20,2018,2018-12-20,-1,15,SCORED
232069,232068,2018-12-20,2018,2018-12-20,-1,15,SCORED
232242,232241,2018-12-21,2018,2018-12-21,-1,15,SCORED
232548,232547,2018-12-24,2018,2018-12-24,-1,15,SCORED
232645,232644,2018-12-24,2018,2018-12-24,-1,15,SCORED
232966,232965,2018-12-26,2018,2018-12-26,-1,15,SCORED
233514,233513,2018-12-28,2018,2018-12-28,-1,15,SCORED
233961,233960,2019-01-03,2019,2019-01-03,-1,15,SCORED
234115,234114,2019-01-03,2019,2019-01-03,-1,15,SCORED
234193,234192,2019-01-04,2019,2019-01-04,-1,15,SCORED
235131,235130,2019-01-10,2019,2019-01-10,1,15,SCORED
236254,236253,2019-01-16,2019,2019-01-16,1,15,SCORED
237488,237487,2019-01-23,2019,2019-01-23,1,15,SCORED
237575,237574,2019-01-24,2019,2019-01-24,1,15,SCORED
237779,237778,2019-01-25,2019,2019-01-25,1,15,SCORED
238002,238001,2019-01-28,2019,2019-01-28,1,15,SCORED
238296,238295,2019-01-29,2019,2019-01-29,-1,15,SCORED
238421,238420,2019-01-29,2019,2019-01-29,-1,15,SCORED
238743,238742,2019-01-31,2019,2019-01-31,-1,15,SCORED
238825,238824,2019-01-31,2019,2019-01-31,-1,15,SCORED
239669,239668,2019-02-12,2019,2019-02-12,1,15,SCORED
239796,239795,2019-02-13,2019,2019-02-13,1,15,SCORED
239931,239930,2019-02-14,2019,2019-02-14,1,15,SCORED
239971,239970,2019-02-14,2019,2019-02-14,1,15,SCORED
240067,240066,2019-02-14,2019,2019-02-14,1,15,SCORED
240168,240167,2019-02-15,2019,2019-02-15,1,15,SCORED
240702,240701,2019-02-19,2019,2019-02-19,1,15,SCORED
241331,241330,2019-02-21,2019,2019-02-21,1,15,SCORED
241611,241610,2019-02-25,2019,2019-02-25,1,15,SCORED
241635,241634,2019-02-25,2019,2019-02-25,1,15,SCORED
241692,241691,2019-02-25,2019,2019-02-25,1,15,SCORED
241784,241783,2019-02-25,2019,2019-02-25,1,15,SCORED
241848,241847,2019-02-26,2019,2019-02-26,1,15,SCORED
241864,241863,2019-02-26,2019,2019-02-26,1,15,SCORED
241923,241922,2019-02-26,2019,2019-02-26,1,15,SCORED
242061,242060,2019-02-26,2019,2019-02-26,1,15,SCORED
242330,242329,2019-02-28,2019,2019-02-28,-1,15,SCORED
242822,242821,2019-03-04,2019,2019-03-04,1,15,SCORED
242876,242875,2019-03-04,2019,2019-03-04,1,15,SCORED
242969,242968,2019-03-04,2019,2019-03-04,1,15,SCORED
243162,243161,2019-03-05,2019,2019-03-05,1,15,SCORED
243223,243222,2019-03-05,2019,2019-03-05,1,15,SCORED
243318,243317,2019-03-06,2019,2019-03-06,1,15,SCORED
243423,243422,2019-03-06,2019,2019-03-06,1,15,SCORED
243477,243476,2019-03-06,2019,2019-03-06,1,15,SCORED
243526,243525,2019-03-07,2019,2019-03-07,1,15,SCORED
243599,243598,2019-03-07,2019,2019-03-07,1,15,SCORED
243815,243814,2019-03-08,2019,2019-03-08,-1,15,SCORED
243994,243993,2019-03-08,2019,2019-03-08,-1,15,SCORED
244015,244014,2019-03-11,2019,2019-03-11,1,15,SCORED
244201,244200,2019-03-11,2019,2019-03-11,1,15,SCORED
244276,244275,2019-03-12,2019,2019-03-12,1,15,SCORED
244305,244304,2019-03-12,2019,2019-03-12,1,15,SCORED
244430,244429,2019-03-12,2019,2019-03-12,1,15,SCORED
244777,244776,2019-03-14,2019,2019-03-14,-1,15,SCORED
244805,244804,2019-03-14,2019,2019-03-14,-1,15,SCORED
244989,244988,2019-03-15,2019,2019-03-15,1,15,SCORED
245030,245029,2019-03-15,2019,2019-03-15,1,15,SCORED
245156,245155,2019-03-15,2019,2019-03-15,-1,15,SCORED
245314,245313,2019-03-18,2019,2019-03-18,1,15,SCORED
245456,245455,2019-03-19,2019,2019-03-19,1,15,SCORED
245475,245474,2019-03-19,2019,2019-03-19,1,15,SCORED
245530,245529,2019-03-19,2019,2019-03-19,1,15,SCORED
245956,245955,2019-03-21,2019,2019-03-21,1,15,SCORED
246033,246032,2019-03-21,2019,2019-03-21,1,15,SCORED
246109,246108,2019-03-21,2019,2019-03-21,1,15,SCORED
246220,246219,2019-03-22,2019,2019-03-22,-1,15,SCORED
246338,246337,2019-03-22,2019,2019-03-22,-1,15,SCORED
246529,246528,2019-03-25,2019,2019-03-25,1,15,SCORED
246646,246645,2019-03-26,2019,2019-03-26,-1,15,SCORED
246698,246697,2019-03-26,2019,2019-03-26,-1,15,SCORED
246809,246808,2019-03-26,2019,2019-03-26,-1,15,SCORED
246839,246838,2019-03-26,2019,2019-03-26,-1,15,SCORED
246870,246869,2019-03-26,2019,2019-03-26,-1,15,SCORED
246884,246883,2019-03-27,2019,2019-03-27,-1,15,SCORED
246948,246947,2019-03-27,2019,2019-03-27,-1,15,SCORED
247199,247198,2019-03-28,2019,2019-03-28,1,15,SCORED
247277,247276,2019-03-28,2019,2019-03-28,1,15,SCORED
247315,247314,2019-03-28,2019,2019-03-28,1,15,SCORED
247857,247856,2019-04-02,2019,2019-04-02,1,15,SCORED
247899,247898,2019-04-02,2019,2019-04-02,1,15,SCORED
248035,248034,2019-04-02,2019,2019-04-02,1,15,SCORED
248076,248075,2019-04-02,2019,2019-04-02,1,15,SCORED
248116,248115,2019-04-03,2019,2019-04-03,-1,15,SCORED
248362,248361,2019-04-04,2019,2019-04-04,1,15,SCORED
248538,248537,2019-04-04,2019,2019-04-04,-1,15,SCORED
248582,248581,2019-04-08,2019,2019-04-08,1,15,SCORED
248732,248731,2019-04-08,2019,2019-04-08,-1,15,SCORED
249444,249443,2019-04-11,2019,2019-04-11,-1,15,SCORED
249534,249533,2019-04-12,2019,2019-04-12,-1,15,SCORED
249576,249575,2019-04-12,2019,2019-04-12,-1,15,SCORED
249628,249627,2019-04-12,2019,2019-04-12,-1,15,SCORED
249845,249844,2019-04-15,2019,2019-04-15,1,15,SCORED
250089,250088,2019-04-16,2019,2019-04-16,-1,15,SCORED
250285,250284,2019-04-17,2019,2019-04-17,-1,15,SCORED
250337,250336,2019-04-17,2019,2019-04-17,-1,15,SCORED
250458,250457,2019-04-17,2019,2019-04-17,1,15,SCORED
251097,251096,2019-04-22,2019,2019-04-22,1,15,SCORED
251238,251237,2019-04-23,2019,2019-04-23,-1,15,SCORED
251375,251374,2019-04-23,2019,2019-04-23,-1,15,SCORED
251455,251454,2019-04-24,2019,2019-04-24,-1,15,SCORED
251492,251491,2019-04-24,2019,2019-04-24,-1,15,SCORED
251693,251692,2019-04-25,2019,2019-04-25,1,15,SCORED
251956,251955,2019-04-26,2019,2019-04-26,-1,15,SCORED
252202,252201,2019-04-29,2019,2019-04-29,-1,15,SCORED
252272,252271,2019-04-29,2019,2019-04-29,-1,15,SCORED
252425,252424,2019-04-30,2019,2019-04-30,-1,15,SCORED
252649,252648,2019-05-06,2019,2019-05-06,-1,15,SCORED
252677,252676,2019-05-06,2019,2019-05-06,-1,15,SCORED
252757,252756,2019-05-06,2019,2019-05-06,-1,15,SCORED
252807,252806,2019-05-06,2019,2019-05-06,-1,15,SCORED
252851,252850,2019-05-06,2019,2019-05-06,-1,15,SCORED
253294,253293,2019-05-08,2019,2019-05-08,1,15,SCORED
253746,253745,2019-05-10,2019,2019-05-10,-1,15,SCORED
253848,253847,2019-05-13,2019,2019-05-13,1,15,SCORED
254874,254873,2019-05-17,2019,2019-05-17,1,15,SCORED
255090,255089,2019-05-20,2019,2019-05-20,-1,15,SCORED
256108,256107,2019-05-24,2019,2019-05-24,-1,15,SCORED
256189,256188,2019-05-24,2019,2019-05-24,-1,15,SCORED
256223,256222,2019-05-24,2019,2019-05-24,-1,15,SCORED
256263,256262,2019-05-27,2019,2019-05-27,-1,15,SCORED
256328,256327,2019-05-27,2019,2019-05-27,-1,15,SCORED
256342,256341,2019-05-27,2019,2019-05-27,1,15,SCORED
256561,256560,2019-05-28,2019,2019-05-28,1,15,SCORED
256719,256718,2019-05-28,2019,2019-05-28,1,15,SCORED
257832,257831,2019-06-04,2019,2019-06-04,-1,15,SCORED
257928,257927,2019-06-05,2019,2019-06-05,-1,15,SCORED
258210,258209,2019-06-06,2019,2019-06-06,-1,15,SCORED
258293,258292,2019-06-06,2019,2019-06-06,-1,15,SCORED
258404,258403,2019-06-10,2019,2019-06-10,-1,15,SCORED
258886,258885,2019-06-12,2019,2019-06-12,1,15,SCORED
259038,259037,2019-06-12,2019,2019-06-12,1,15,SCORED
260784,260783,2019-06-21,2019,2019-06-21,1,15,SCORED
260872,260871,2019-06-24,2019,2019-06-24,1,15,SCORED
261282,261281,2019-06-26,2019,2019-06-26,-1,15,SCORED
261415,261414,2019-06-26,2019,2019-06-26,1,15,SCORED
261640,261639,2019-06-27,2019,2019-06-27,1,15,SCORED
262004,262003,2019-07-01,2019,2019-07-01,-1,15,SCORED
262579,262578,2019-07-03,2019,2019-07-03,1,15,SCORED
263340,263339,2019-07-08,2019,2019-07-08,-1,15,SCORED
263694,263693,2019-07-10,2019,2019-07-10,-1,15,SCORED
263797,263796,2019-07-10,2019,2019-07-10,-1,15,SCORED
263976,263975,2019-07-11,2019,2019-07-11,-1,15,SCORED
264118,264117,2019-07-11,2019,2019-07-11,1,15,SCORED
264183,264182,2019-07-12,2019,2019-07-12,1,15,SCORED
264216,264215,2019-07-12,2019,2019-07-12,-1,15,SCORED
265176,265175,2019-07-18,2019,2019-07-18,1,15,SCORED
265661,265660,2019-07-22,2019,2019-07-22,-1,15,SCORED
267004,267003,2019-07-29,2019,2019-07-29,1,15,SCORED
267451,267450,2019-07-31,2019,2019-07-31,1,15,SCORED
267572,267571,2019-08-01,2019,2019-08-01,-1,15,SCORED
267855,267854,2019-08-02,2019,2019-08-02,-1,15,SCORED
268002,268001,2019-08-05,2019,2019-08-05,-1,15,SCORED
268450,268449,2019-08-06,2019,2019-08-06,-1,15,SCORED
270029,270028,2019-08-15,2019,2019-08-15,-1,15,SCORED
270890,270889,2019-08-21,2019,2019-08-21,1,15,SCORED
271379,271378,2019-08-23,2019,2019-08-23,-1,15,SCORED
271427,271426,2019-08-23,2019,2019-08-23,1,15,SCORED
271639,271638,2019-08-26,2019,2019-08-26,-1,15,SCORED
272069,272068,2019-08-27,2019,2019-08-27,1,15,SCORED
273420,273419,2019-09-04,2019,2019-09-04,1,15,SCORED
273762,273761,2019-09-06,2019,2019-09-06,1,15,SCORED
274029,274028,2019-09-09,2019,2019-09-09,1,15,SCORED
274286,274285,2019-09-10,2019,2019-09-10,1,15,SCORED
274362,274361,2019-09-10,2019,2019-09-10,1,15,SCORED
274520,274519,2019-09-11,2019,2019-09-11,1,15,SCORED
275081,275080,2019-09-16,2019,2019-09-16,1,15,SCORED
275198,275197,2019-09-16,2019,2019-09-16,1,15,SCORED
275299,275298,2019-09-17,2019,2019-09-17,1,15,SCORED
275460,275459,2019-09-18,2019,2019-09-18,-1,15,SCORED
275556,275555,2019-09-18,2019,2019-09-18,-1,15,SCORED
275831,275830,2019-09-19,2019,2019-09-19,-1,15,SCORED
276059,276058,2019-09-20,2019,2019-09-20,1,15,SCORED
276378,276377,2019-09-23,2019,2019-09-23,1,15,SCORED
276431,276430,2019-09-24,2019,2019-09-24,-1,15,SCORED
276773,276772,2019-09-25,2019,2019-09-25,-1,15,SCORED
276873,276872,2019-09-25,2019,2019-09-25,-1,15,SCORED
276920,276919,2019-09-26,2019,2019-09-26,-1,15,SCORED
276975,276974,2019-09-26,2019,2019-09-26,-1,15,SCORED
277068,277067,2019-09-26,2019,2019-09-26,-1,15,SCORED
277240,277239,2019-09-27,2019,2019-09-27,-1,15,SCORED
277618,277617,2019-10-08,2019,2019-10-08,-1,15,SCORED
277915,277914,2019-10-09,2019,2019-10-09,-1,15,SCORED
278416,278415,2019-10-11,2019,2019-10-11,1,15,SCORED
278763,278762,2019-10-14,2019,2019-10-14,1,15,SCORED
279908,279907,2019-10-21,2019,2019-10-21,-1,15,SCORED
281465,281464,2019-10-30,2019,2019-10-30,1,15,SCORED
282311,282310,2019-11-04,2019,2019-11-04,-1,15,SCORED
282993,282992,2019-11-07,2019,2019-11-07,-1,15,SCORED
283201,283200,2019-11-08,2019,2019-11-08,-1,15,SCORED
283271,283270,2019-11-08,2019,2019-11-08,-1,15,SCORED
283851,283850,2019-11-13,2019,2019-11-13,-1,15,SCORED
285303,285302,2019-11-21,2019,2019-11-21,1,15,SCORED
285847,285846,2019-11-25,2019,2019-11-25,-1,15,SCORED
287109,287108,2019-12-02,2019,2019-12-02,-1,15,SCORED
287453,287452,2019-12-04,2019,2019-12-04,1,15,SCORED
288034,288033,2019-12-06,2019,2019-12-06,1,15,SCORED
288521,288520,2019-12-10,2019,2019-12-10,1,15,SCORED
288762,288761,2019-12-11,2019,2019-12-11,1,15,SCORED
289717,289716,2019-12-17,2019,2019-12-17,1,15,SCORED
289977,289976,2019-12-18,2019,2019-12-18,1,15,SCORED
290392,290391,2019-12-20,2019,2019-12-20,1,15,SCORED
290617,290616,2019-12-23,2019,2019-12-23,-1,15,SCORED
290722,290721,2019-12-23,2019,2019-12-23,-1,15,SCORED
290819,290818,2019-12-24,2019,2019-12-24,-1,15,SCORED
291266,291265,2019-12-25,2019,2019-12-25,1,15,SCORED
291477,291476,2019-12-26,2019,2019-12-26,1,15,SCORED
292070,292069,2019-12-31,2019,2019-12-31,-1,15,SCORED
292637,292636,2020-01-03,2020,2020-01-03,1,15,SCORED
292727,292726,2020-01-06,2020,2020-01-06,1,15,SCORED
292935,292934,2020-01-06,2020,2020-01-06,1,15,SCORED
293054,293053,2020-01-07,2020,2020-01-07,1,15,SCORED
293214,293213,2020-01-08,2020,2020-01-08,1,15,SCORED
293412,293411,2020-01-08,2020,2020-01-08,1,15,SCORED
293862,293861,2020-01-10,2020,2020-01-10,1,15,SCORED
294410,294409,2020-01-15,2020,2020-01-15,1,15,SCORED
295457,295456,2020-01-21,2020,2020-01-21,1,15,SCORED
295831,295830,2020-01-22,2020,2020-01-22,-1,15,SCORED
296019,296018,2020-01-23,2020,2020-01-23,-1,15,SCORED
296158,296157,2020-02-03,2020,2020-02-03,-1,15,SCORED
296333,296332,2020-02-04,2020,2020-02-04,-1,15,SCORED
296677,296676,2020-02-05,2020,2020-02-05,1,15,SCORED
296957,296956,2020-02-06,2020,2020-02-06,1,15,SCORED
297022,297021,2020-02-06,2020,2020-02-06,1,15,SCORED
297076,297075,2020-02-07,2020,2020-02-07,1,15,SCORED
297166,297165,2020-02-07,2020,2020-02-07,-1,15,SCORED
297258,297257,2020-02-07,2020,2020-02-07,-1,15,SCORED
297290,297289,2020-02-10,2020,2020-02-10,-1,15,SCORED
297412,297411,2020-02-10,2020,2020-02-10,1,15,SCORED
297530,297529,2020-02-11,2020,2020-02-11,1,15,SCORED
297765,297764,2020-02-12,2020,2020-02-12,1,15,SCORED
297855,297854,2020-02-12,2020,2020-02-12,1,15,SCORED
298039,298038,2020-02-13,2020,2020-02-13,1,15,SCORED
298411,298410,2020-02-14,2020,2020-02-14,1,15,SCORED
298816,298815,2020-02-18,2020,2020-02-18,1,15,SCORED
298937,298936,2020-02-18,2020,2020-02-18,1,15,SCORED
298965,298964,2020-02-19,2020,2020-02-19,1,15,SCORED
299004,299003,2020-02-19,2020,2020-02-19,1,15,SCORED
299057,299056,2020-02-19,2020,2020-02-19,1,15,SCORED
299165,299164,2020-02-19,2020,2020-02-19,1,15,SCORED
299620,299619,2020-02-21,2020,2020-02-21,1,15,SCORED
299692,299691,2020-02-24,2020,2020-02-24,1,15,SCORED
299739,299738,2020-02-24,2020,2020-02-24,1,15,SCORED
299852,299851,2020-02-24,2020,2020-02-24,1,15,SCORED
299918,299917,2020-02-24,2020,2020-02-24,1,15,SCORED
299923,299922,2020-02-25,2020,2020-02-25,1,15,SCORED
300072,300071,2020-02-25,2020,2020-02-25,-1,15,SCORED
300114,300113,2020-02-25,2020,2020-02-25,-1,15,SCORED
300164,300163,2020-02-26,2020,2020-02-26,1,15,SCORED
300666,300665,2020-02-28,2020,2020-02-28,-1,15,SCORED
300718,300717,2020-02-28,2020,2020-02-28,-1,15,SCORED
300803,300802,2020-02-28,2020,2020-02-28,-1,15,SCORED
300888,300887,2020-03-02,2020,2020-03-02,-1,15,SCORED
301067,301066,2020-03-02,2020,2020-03-02,1,15,SCORED
301279,301278,2020-03-03,2020,2020-03-03,1,15,SCORED
301626,301625,2020-03-05,2020,2020-03-05,1,15,SCORED
301793,301792,2020-03-05,2020,2020-03-05,1,15,SCORED
301844,301843,2020-03-06,2020,2020-03-06,1,15,SCORED
301879,301878,2020-03-06,2020,2020-03-06,-1,15,SCORED
302091,302090,2020-03-09,2020,2020-03-09,-1,15,SCORED
302127,302126,2020-03-09,2020,2020-03-09,-1,15,SCORED
302204,302203,2020-03-09,2020,2020-03-09,-1,15,SCORED
302277,302276,2020-03-09,2020,2020-03-09,-1,15,SCORED
302326,302325,2020-03-10,2020,2020-03-10,-1,15,SCORED
302348,302347,2020-03-10,2020,2020-03-10,-1,15,SCORED
302508,302507,2020-03-10,2020,2020-03-10,1,15,SCORED
302579,302578,2020-03-11,2020,2020-03-11,1,15,SCORED
302612,302611,2020-03-11,2020,2020-03-11,1,15,SCORED
302662,302661,2020-03-11,2020,2020-03-11,1,15,SCORED
302820,302819,2020-03-12,2020,2020-03-12,-1,15,SCORED
302881,302880,2020-03-12,2020,2020-03-12,-1,15,SCORED
302983,302982,2020-03-12,2020,2020-03-12,-1,15,SCORED
303035,303034,2020-03-12,2020,2020-03-12,-1,15,SCORED
303074,303073,2020-03-13,2020,2020-03-13,-1,15,SCORED
303492,303491,2020-03-16,2020,2020-03-16,-1,15,SCORED
303521,303520,2020-03-16,2020,2020-03-17,-1,15,SCORED
303523,303522,2020-03-17,2020,2020-03-17,-1,15,SCORED
303538,303537,2020-03-17,2020,2020-03-17,-1,15,SCORED
303602,303601,2020-03-17,2020,2020-03-17,-1,15,SCORED
303625,303624,2020-03-17,2020,2020-03-17,-1,15,SCORED
303685,303684,2020-03-17,2020,2020-03-17,1,15,SCORED
303825,303824,2020-03-18,2020,2020-03-18,1,15,SCORED
303978,303977,2020-03-18,2020,2020-03-18,-1,15,SCORED
304011,304010,2020-03-19,2020,2020-03-19,-1,15,SCORED
304031,304030,2020-03-19,2020,2020-03-19,-1,15,SCORED
304077,304076,2020-03-19,2020,2020-03-19,1,15,SCORED
304119,304118,2020-03-19,2020,2020-03-19,-1,15,SCORED
304188,304187,2020-03-19,2020,2020-03-19,1,15,SCORED
304236,304235,2020-03-19,2020,2020-03-19,1,15,SCORED
304255,304254,2020-03-20,2020,2020-03-20,1,15,SCORED
304368,304367,2020-03-20,2020,2020-03-20,-1,15,SCORED
304407,304406,2020-03-20,2020,2020-03-20,-1,15,SCORED
304492,304491,2020-03-23,2020,2020-03-23,-1,15,SCORED
304589,304588,2020-03-23,2020,2020-03-23,-1,15,SCORED
304608,304607,2020-03-23,2020,2020-03-23,-1,15,SCORED
304671,304670,2020-03-23,2020,2020-03-23,1,15,SCORED
304726,304725,2020-03-24,2020,2020-03-24,-1,15,SCORED
304940,304939,2020-03-24,2020,2020-03-24,-1,15,SCORED
305058,305057,2020-03-25,2020,2020-03-25,1,15,SCORED
305206,305205,2020-03-26,2020,2020-03-26,1,15,SCORED
305285,305284,2020-03-26,2020,2020-03-26,-1,15,SCORED
305336,305335,2020-03-26,2020,2020-03-26,1,15,SCORED
305757,305756,2020-03-30,2020,2020-03-30,-1,15,SCORED
305922,305921,2020-03-31,2020,2020-03-31,1,15,SCORED
305979,305978,2020-03-31,2020,2020-03-31,1,15,SCORED
306069,306068,2020-03-31,2020,2020-03-31,1,15,SCORED
306212,306211,2020-04-01,2020,2020-04-01,-1,15,SCORED
306527,306526,2020-04-02,2020,2020-04-02,-1,15,SCORED
306803,306802,2020-04-03,2020,2020-04-03,1,15,SCORED
307018,307017,2020-04-07,2020,2020-04-07,1,15,SCORED
307127,307126,2020-04-08,2020,2020-04-08,1,15,SCORED
307242,307241,2020-04-08,2020,2020-04-08,1,15,SCORED
307285,307284,2020-04-08,2020,2020-04-08,1,15,SCORED
307357,307356,2020-04-08,2020,2020-04-08,1,15,SCORED
307406,307405,2020-04-09,2020,2020-04-09,1,15,SCORED
307642,307641,2020-04-10,2020,2020-04-10,1,15,SCORED
307705,307704,2020-04-10,2020,2020-04-10,1,15,SCORED
307945,307944,2020-04-13,2020,2020-04-13,-1,15,SCORED
309221,309220,2020-04-20,2020,2020-04-20,1,15,SCORED
310216,310215,2020-04-24,2020,2020-04-24,-1,15,SCORED
310425,310424,2020-04-27,2020,2020-04-27,-1,15,SCORED
310559,310558,2020-04-28,2020,2020-04-28,-1,15,SCORED
311204,311203,2020-05-06,2020,2020-05-06,1,15,SCORED
311509,311508,2020-05-07,2020,2020-05-07,1,15,SCORED
311619,311618,2020-05-07,2020,2020-05-07,1,15,SCORED
311772,311771,2020-05-08,2020,2020-05-08,1,15,SCORED
312140,312139,2020-05-11,2020,2020-05-11,1,15,SCORED
312402,312401,2020-05-13,2020,2020-05-13,-1,15,SCORED
312665,312664,2020-05-14,2020,2020-05-14,1,15,SCORED
313148,313147,2020-05-18,2020,2020-05-18,1,15,SCORED
313362,313361,2020-05-19,2020,2020-05-19,1,15,SCORED
313687,313686,2020-05-20,2020,2020-05-20,1,15,SCORED
313908,313907,2020-05-21,2020,2020-05-21,1,15,SCORED
314249,314248,2020-05-22,2020,2020-05-22,-1,15,SCORED
314482,314481,2020-05-25,2020,2020-05-25,-1,15,SCORED
314886,314885,2020-05-27,2020,2020-05-27,1,15,SCORED
316264,316263,2020-06-04,2020,2020-06-04,1,15,SCORED
316972,316971,2020-06-09,2020,2020-06-09,1,15,SCORED
317643,317642,2020-06-11,2020,2020-06-11,1,15,SCORED
317738,317737,2020-06-12,2020,2020-06-12,-1,15,SCORED
318499,318498,2020-06-17,2020,2020-06-17,1,15,SCORED
318746,318745,2020-06-18,2020,2020-06-18,1,15,SCORED
319414,319413,2020-06-23,2020,2020-06-23,1,15,SCORED
319797,319796,2020-06-24,2020,2020-06-24,1,15,SCORED
320304,320303,2020-06-30,2020,2020-06-30,1,15,SCORED
320498,320497,2020-07-01,2020,2020-07-01,1,15,SCORED
320564,320563,2020-07-02,2020,2020-07-02,-1,15,SCORED
321202,321201,2020-07-06,2020,2020-07-06,1,15,SCORED
321299,321298,2020-07-07,2020,2020-07-07,1,15,SCORED
321358,321357,2020-07-07,2020,2020-07-07,1,15,SCORED
321449,321448,2020-07-07,2020,2020-07-07,1,15,SCORED
321496,321495,2020-07-07,2020,2020-07-07,1,15,SCORED
321823,321822,2020-07-09,2020,2020-07-09,1,15,SCORED
321948,321947,2020-07-09,2020,2020-07-09,1,15,SCORED
322080,322079,2020-07-10,2020,2020-07-10,1,15,SCORED
322259,322258,2020-07-13,2020,2020-07-13,1,15,SCORED
322429,322428,2020-07-13,2020,2020-07-13,1,15,SCORED
322457,322456,2020-07-13,2020,2020-07-13,1,15,SCORED
322509,322508,2020-07-14,2020,2020-07-14,1,15,SCORED
322531,322530,2020-07-14,2020,2020-07-14,1,15,SCORED
322903,322902,2020-07-15,2020,2020-07-15,-1,15,SCORED
322985,322984,2020-07-16,2020,2020-07-16,-1,15,SCORED
323032,323031,2020-07-16,2020,2020-07-16,-1,15,SCORED
323135,323134,2020-07-16,2020,2020-07-16,-1,15,SCORED
323173,323172,2020-07-16,2020,2020-07-16,-1,15,SCORED
323192,323191,2020-07-16,2020,2020-07-16,-1,15,SCORED
323220,323219,2020-07-17,2020,2020-07-17,-1,15,SCORED
323308,323307,2020-07-17,2020,2020-07-17,1,15,SCORED
323334,323333,2020-07-17,2020,2020-07-17,-1,15,SCORED
323373,323372,2020-07-17,2020,2020-07-17,-1,15,SCORED
323419,323418,2020-07-17,2020,2020-07-17,-1,15,SCORED
323447,323446,2020-07-20,2020,2020-07-20,1,15,SCORED
323643,323642,2020-07-20,2020,2020-07-20,1,15,SCORED
323789,323788,2020-07-21,2020,2020-07-21,1,15,SCORED
324107,324106,2020-07-22,2020,2020-07-22,1,15,SCORED
324229,324228,2020-07-23,2020,2020-07-23,-1,15,SCORED
324315,324314,2020-07-23,2020,2020-07-23,-1,15,SCORED
324552,324551,2020-07-24,2020,2020-07-24,-1,15,SCORED
324606,324605,2020-07-24,2020,2020-07-24,-1,15,SCORED
324672,324671,2020-07-27,2020,2020-07-27,-1,15,SCORED
324826,324825,2020-07-27,2020,2020-07-27,-1,15,SCORED
324926,324925,2020-07-28,2020,2020-07-28,1,15,SCORED
325066,325065,2020-07-28,2020,2020-07-28,1,15,SCORED
325260,325259,2020-07-29,2020,2020-07-29,1,15,SCORED
325404,325403,2020-07-30,2020,2020-07-30,1,15,SCORED
325744,325743,2020-07-31,2020,2020-07-31,-1,15,SCORED
326142,326141,2020-08-04,2020,2020-08-04,1,15,SCORED
326194,326193,2020-08-04,2020,2020-08-04,1,15,SCORED
326280,326279,2020-08-04,2020,2020-08-04,-1,15,SCORED
326347,326346,2020-08-05,2020,2020-08-05,-1,15,SCORED
326654,326653,2020-08-06,2020,2020-08-06,1,15,SCORED
326746,326745,2020-08-06,2020,2020-08-06,1,15,SCORED
326804,326803,2020-08-07,2020,2020-08-07,1,15,SCORED
326868,326867,2020-08-07,2020,2020-08-07,1,15,SCORED
326905,326904,2020-08-07,2020,2020-08-07,-1,15,SCORED
326948,326947,2020-08-07,2020,2020-08-07,-1,15,SCORED
327027,327026,2020-08-07,2020,2020-08-07,-1,15,SCORED
327067,327066,2020-08-10,2020,2020-08-10,1,15,SCORED
327128,327127,2020-08-10,2020,2020-08-10,1,15,SCORED
327253,327252,2020-08-10,2020,2020-08-10,-1,15,SCORED
327604,327603,2020-08-12,2020,2020-08-12,-1,15,SCORED
327699,327698,2020-08-12,2020,2020-08-12,-1,15,SCORED
327799,327798,2020-08-13,2020,2020-08-13,1,15,SCORED
327886,327885,2020-08-13,2020,2020-08-13,1,15,SCORED
327972,327971,2020-08-13,2020,2020-08-13,1,15,SCORED
328008,328007,2020-08-14,2020,2020-08-14,1,15,SCORED
328032,328031,2020-08-14,2020,2020-08-14,-1,15,SCORED
328756,328755,2020-08-19,2020,2020-08-19,1,15,SCORED
329982,329981,2020-08-26,2020,2020-08-26,1,15,SCORED
330185,330184,2020-08-27,2020,2020-08-27,-1,15,SCORED
330916,330915,2020-09-01,2020,2020-09-01,1,15,SCORED
332111,332110,2020-09-08,2020,2020-09-08,-1,15,SCORED
332326,332325,2020-09-09,2020,2020-09-09,1,15,SCORED
332347,332346,2020-09-09,2020,2020-09-09,1,15,SCORED
332472,332471,2020-09-09,2020,2020-09-09,-1,15,SCORED
332567,332566,2020-09-10,2020,2020-09-10,-1,15,SCORED
332661,332660,2020-09-10,2020,2020-09-10,-1,15,SCORED
332720,332719,2020-09-10,2020,2020-09-10,-1,15,SCORED
332766,332765,2020-09-10,2020,2020-09-10,-1,15,SCORED
332798,332797,2020-09-10,2020,2020-09-10,-1,15,SCORED
332811,332810,2020-09-11,2020,2020-09-11,-1,15,SCORED
332873,332872,2020-09-11,2020,2020-09-11,-1,15,SCORED
333096,333095,2020-09-14,2020,2020-09-14,1,15,SCORED
333150,333149,2020-09-14,2020,2020-09-14,1,15,SCORED
333472,333471,2020-09-15,2020,2020-09-15,1,15,SCORED
333583,333582,2020-09-16,2020,2020-09-16,1,15,SCORED
333733,333732,2020-09-16,2020,2020-09-16,1,15,SCORED
333847,333846,2020-09-17,2020,2020-09-17,-1,15,SCORED
334009,334008,2020-09-18,2020,2020-09-18,1,15,SCORED
334369,334368,2020-09-21,2020,2020-09-21,1,15,SCORED
334735,334734,2020-09-23,2020,2020-09-23,-1,15,SCORED
335075,335074,2020-09-24,2020,2020-09-24,-1,15,SCORED
335118,335117,2020-09-24,2020,2020-09-24,-1,15,SCORED
335161,335160,2020-09-24,2020,2020-09-24,-1,15,SCORED
335208,335207,2020-09-25,2020,2020-09-25,-1,15,SCORED
335265,335264,2020-09-25,2020,2020-09-25,-1,15,SCORED
335345,335344,2020-09-25,2020,2020-09-25,-1,15,SCORED
335400,335399,2020-09-25,2020,2020-09-25,-1,15,SCORED
335446,335445,2020-09-28,2020,2020-09-28,-1,15,SCORED
335549,335548,2020-09-28,2020,2020-09-28,-1,15,SCORED
335607,335606,2020-09-28,2020,2020-09-28,-1,15,SCORED
336126,336125,2020-09-30,2020,2020-09-30,1,15,SCORED
336616,336615,2020-10-12,2020,2020-10-12,1,15,SCORED
336686,336685,2020-10-13,2020,2020-10-13,1,15,SCORED
337160,337159,2020-10-15,2020,2020-10-15,1,15,SCORED
338504,338503,2020-10-22,2020,2020-10-22,-1,15,SCORED
338783,338782,2020-10-23,2020,2020-10-23,-1,15,SCORED
338809,338808,2020-10-26,2020,2020-10-26,-1,15,SCORED
338919,338918,2020-10-26,2020,2020-10-26,-1,15,SCORED
340035,340034,2020-11-02,2020,2020-11-02,-1,15,SCORED
340084,340083,2020-11-02,2020,2020-11-02,-1,15,SCORED
340152,340151,2020-11-02,2020,2020-11-02,-1,15,SCORED
340567,340566,2020-11-04,2020,2020-11-04,1,15,SCORED
340829,340828,2020-11-05,2020,2020-11-05,1,15,SCORED
341048,341047,2020-11-06,2020,2020-11-06,1,15,SCORED
341441,341440,2020-11-09,2020,2020-11-10,1,15,SCORED
342286,342285,2020-11-13,2020,2020-11-13,-1,15,SCORED
342422,342421,2020-11-16,2020,2020-11-16,1,15,SCORED
342639,342638,2020-11-16,2020,2020-11-16,1,15,SCORED
342804,342803,2020-11-17,2020,2020-11-17,1,15,SCORED
342869,342868,2020-11-17,2020,2020-11-17,1,15,SCORED
342911,342910,2020-11-18,2020,2020-11-18,-1,15,SCORED
343169,343168,2020-11-19,2020,2020-11-19,-1,15,SCORED
343422,343421,2020-11-20,2020,2020-11-20,-1,15,SCORED
343912,343911,2020-11-24,2020,2020-11-24,1,15,SCORED
344089,344088,2020-11-25,2020,2020-11-25,1,15,SCORED
344522,344521,2020-11-26,2020,2020-11-26,-1,15,SCORED
344803,344802,2020-11-30,2020,2020-11-30,-1,15,SCORED
344897,344896,2020-11-30,2020,2020-11-30,1,15,SCORED
345049,345048,2020-12-01,2020,2020-12-01,1,15,SCORED
345356,345355,2020-12-02,2020,2020-12-02,1,15,SCORED
345574,345573,2020-12-03,2020,2020-12-03,1,15,SCORED
346142,346141,2020-12-07,2020,2020-12-07,1,15,SCORED
346894,346893,2020-12-10,2020,2020-12-10,-1,15,SCORED
347102,347101,2020-12-11,2020,2020-12-11,-1,15,SCORED
347204,347203,2020-12-14,2020,2020-12-14,-1,15,SCORED
348700,348699,2020-12-22,2020,2020-12-22,1,15,SCORED
348883,348882,2020-12-23,2020,2020-12-23,1,15,SCORED
348929,348928,2020-12-23,2020,2020-12-23,1,15,SCORED
349034,349033,2020-12-23,2020,2020-12-23,-1,15,SCORED
349197,349196,2020-12-24,2020,2020-12-24,-1,15,SCORED
349280,349279,2020-12-24,2020,2020-12-24,-1,15,SCORED
349385,349384,2020-12-25,2020,2020-12-25,-1,15,SCORED
246,245,2015-01-06,2015,2015-01-06,1,30,WARMUP_2015_NOT_SCORED
328,327,2015-01-06,2015,2015-01-06,1,30,WARMUP_2015_NOT_SCORED
450,449,2015-01-06,2015,2015-01-06,1,30,WARMUP_2015_NOT_SCORED
584,583,2015-01-07,2015,2015-01-07,1,30,WARMUP_2015_NOT_SCORED
775,774,2015-01-08,2015,2015-01-08,1,30,WARMUP_2015_NOT_SCORED
970,969,2015-01-09,2015,2015-01-09,1,30,WARMUP_2015_NOT_SCORED
1539,1538,2015-01-13,2015,2015-01-13,-1,30,WARMUP_2015_NOT_SCORED
2542,2541,2015-01-19,2015,2015-01-19,1,30,WARMUP_2015_NOT_SCORED
2647,2646,2015-01-20,2015,2015-01-20,-1,30,WARMUP_2015_NOT_SCORED
2956,2955,2015-01-21,2015,2015-01-21,1,30,WARMUP_2015_NOT_SCORED
3088,3087,2015-01-21,2015,2015-01-21,1,30,WARMUP_2015_NOT_SCORED
3190,3189,2015-01-22,2015,2015-01-22,1,30,WARMUP_2015_NOT_SCORED
3446,3445,2015-01-23,2015,2015-01-23,1,30,WARMUP_2015_NOT_SCORED
3716,3715,2015-01-26,2015,2015-01-26,1,30,WARMUP_2015_NOT_SCORED
3979,3978,2015-01-27,2015,2015-01-27,1,30,WARMUP_2015_NOT_SCORED
4093,4092,2015-01-28,2015,2015-01-28,1,30,WARMUP_2015_NOT_SCORED
4326,4325,2015-01-29,2015,2015-01-29,1,30,WARMUP_2015_NOT_SCORED
4749,4748,2015-01-30,2015,2015-01-30,-1,30,WARMUP_2015_NOT_SCORED
4821,4820,2015-02-02,2015,2015-02-02,-1,30,WARMUP_2015_NOT_SCORED
5363,5362,2015-02-04,2015,2015-02-04,1,30,WARMUP_2015_NOT_SCORED
7925,7924,2015-02-26,2015,2015-02-26,1,30,WARMUP_2015_NOT_SCORED
8886,8885,2015-03-04,2015,2015-03-04,1,30,WARMUP_2015_NOT_SCORED
9181,9180,2015-03-05,2015,2015-03-05,1,30,WARMUP_2015_NOT_SCORED
9554,9553,2015-03-06,2015,2015-03-06,-1,30,WARMUP_2015_NOT_SCORED
10505,10504,2015-03-12,2015,2015-03-12,1,30,WARMUP_2015_NOT_SCORED
11236,11235,2015-03-17,2015,2015-03-17,1,30,WARMUP_2015_NOT_SCORED
11530,11529,2015-03-19,2015,2015-03-19,1,30,WARMUP_2015_NOT_SCORED
11571,11570,2015-03-19,2015,2015-03-19,1,30,WARMUP_2015_NOT_SCORED
11686,11685,2015-03-19,2015,2015-03-19,1,30,WARMUP_2015_NOT_SCORED
11892,11891,2015-03-20,2015,2015-03-20,1,30,WARMUP_2015_NOT_SCORED
12195,12194,2015-03-23,2015,2015-03-23,1,30,WARMUP_2015_NOT_SCORED
12250,12249,2015-03-24,2015,2015-03-24,1,30,WARMUP_2015_NOT_SCORED
12337,12336,2015-03-24,2015,2015-03-24,-1,30,WARMUP_2015_NOT_SCORED
12382,12381,2015-03-24,2015,2015-03-24,-1,30,WARMUP_2015_NOT_SCORED
12487,12486,2015-03-25,2015,2015-03-25,1,30,WARMUP_2015_NOT_SCORED
12509,12508,2015-03-25,2015,2015-03-25,1,30,WARMUP_2015_NOT_SCORED
12595,12594,2015-03-25,2015,2015-03-25,1,30,WARMUP_2015_NOT_SCORED
12726,12725,2015-03-26,2015,2015-03-26,1,30,WARMUP_2015_NOT_SCORED
12829,12828,2015-03-26,2015,2015-03-26,-1,30,WARMUP_2015_NOT_SCORED
13560,13559,2015-03-31,2015,2015-03-31,1,30,WARMUP_2015_NOT_SCORED
13649,13648,2015-03-31,2015,2015-03-31,1,30,WARMUP_2015_NOT_SCORED
13864,13863,2015-04-01,2015,2015-04-01,1,30,WARMUP_2015_NOT_SCORED
13980,13979,2015-04-02,2015,2015-04-02,1,30,WARMUP_2015_NOT_SCORED
14103,14102,2015-04-02,2015,2015-04-02,1,30,WARMUP_2015_NOT_SCORED
14164,14163,2015-04-03,2015,2015-04-03,1,30,WARMUP_2015_NOT_SCORED
14281,14280,2015-04-03,2015,2015-04-03,1,30,WARMUP_2015_NOT_SCORED
14370,14369,2015-04-03,2015,2015-04-03,1,30,WARMUP_2015_NOT_SCORED
14460,14459,2015-04-07,2015,2015-04-07,1,30,WARMUP_2015_NOT_SCORED
14653,14652,2015-04-08,2015,2015-04-08,1,30,WARMUP_2015_NOT_SCORED
14948,14947,2015-04-09,2015,2015-04-09,-1,30,WARMUP_2015_NOT_SCORED
15295,15294,2015-04-10,2015,2015-04-10,1,30,WARMUP_2015_NOT_SCORED
15402,15401,2015-04-13,2015,2015-04-13,1,30,WARMUP_2015_NOT_SCORED
15532,15531,2015-04-13,2015,2015-04-13,1,30,WARMUP_2015_NOT_SCORED
15628,15627,2015-04-14,2015,2015-04-14,1,30,WARMUP_2015_NOT_SCORED
15656,15655,2015-04-14,2015,2015-04-14,1,30,WARMUP_2015_NOT_SCORED
15756,15755,2015-04-14,2015,2015-04-14,1,30,WARMUP_2015_NOT_SCORED
15779,15778,2015-04-14,2015,2015-04-14,1,30,WARMUP_2015_NOT_SCORED
15841,15840,2015-04-15,2015,2015-04-15,-1,30,WARMUP_2015_NOT_SCORED
15857,15856,2015-04-15,2015,2015-04-15,-1,30,WARMUP_2015_NOT_SCORED
15916,15915,2015-04-15,2015,2015-04-15,-1,30,WARMUP_2015_NOT_SCORED
16026,16025,2015-04-15,2015,2015-04-15,-1,30,WARMUP_2015_NOT_SCORED
16105,16104,2015-04-16,2015,2015-04-16,-1,30,WARMUP_2015_NOT_SCORED
16225,16224,2015-04-16,2015,2015-04-16,-1,30,WARMUP_2015_NOT_SCORED
16283,16282,2015-04-16,2015,2015-04-16,1,30,WARMUP_2015_NOT_SCORED
16405,16404,2015-04-17,2015,2015-04-17,1,30,WARMUP_2015_NOT_SCORED
16583,16582,2015-04-20,2015,2015-04-20,-1,30,WARMUP_2015_NOT_SCORED
16755,16754,2015-04-20,2015,2015-04-20,-1,30,WARMUP_2015_NOT_SCORED
16786,16785,2015-04-20,2015,2015-04-20,-1,30,WARMUP_2015_NOT_SCORED
16825,16824,2015-04-21,2015,2015-04-21,1,30,WARMUP_2015_NOT_SCORED
16984,16983,2015-04-21,2015,2015-04-21,1,30,WARMUP_2015_NOT_SCORED
17134,17133,2015-04-22,2015,2015-04-22,1,30,WARMUP_2015_NOT_SCORED
17227,17226,2015-04-22,2015,2015-04-22,1,30,WARMUP_2015_NOT_SCORED
17302,17301,2015-04-23,2015,2015-04-23,1,30,WARMUP_2015_NOT_SCORED
17365,17364,2015-04-23,2015,2015-04-23,1,30,WARMUP_2015_NOT_SCORED
17377,17376,2015-04-23,2015,2015-04-23,1,30,WARMUP_2015_NOT_SCORED
17479,17478,2015-04-23,2015,2015-04-23,1,30,WARMUP_2015_NOT_SCORED
17591,17590,2015-04-24,2015,2015-04-24,-1,30,WARMUP_2015_NOT_SCORED
17770,17769,2015-04-27,2015,2015-04-27,1,30,WARMUP_2015_NOT_SCORED
17869,17868,2015-04-27,2015,2015-04-27,1,30,WARMUP_2015_NOT_SCORED
18072,18071,2015-04-28,2015,2015-04-28,-1,30,WARMUP_2015_NOT_SCORED
18140,18139,2015-04-28,2015,2015-04-28,-1,30,WARMUP_2015_NOT_SCORED
18241,18240,2015-04-29,2015,2015-04-29,-1,30,WARMUP_2015_NOT_SCORED
18690,18689,2015-04-30,2015,2015-04-30,1,30,WARMUP_2015_NOT_SCORED
19939,19938,2015-05-11,2015,2015-05-11,1,30,WARMUP_2015_NOT_SCORED
20032,20031,2015-05-11,2015,2015-05-11,1,30,WARMUP_2015_NOT_SCORED
20199,20198,2015-05-12,2015,2015-05-12,1,30,WARMUP_2015_NOT_SCORED
20405,20404,2015-05-13,2015,2015-05-13,1,30,WARMUP_2015_NOT_SCORED
20469,20468,2015-05-13,2015,2015-05-13,1,30,WARMUP_2015_NOT_SCORED
20557,20556,2015-05-13,2015,2015-05-13,1,30,WARMUP_2015_NOT_SCORED
20608,20607,2015-05-13,2015,2015-05-13,1,30,WARMUP_2015_NOT_SCORED
20686,20685,2015-05-14,2015,2015-05-14,1,30,WARMUP_2015_NOT_SCORED
20848,20847,2015-05-14,2015,2015-05-14,1,30,WARMUP_2015_NOT_SCORED
21032,21031,2015-05-15,2015,2015-05-15,-1,30,WARMUP_2015_NOT_SCORED
21123,21122,2015-05-18,2015,2015-05-18,1,30,WARMUP_2015_NOT_SCORED
21200,21199,2015-05-18,2015,2015-05-18,1,30,WARMUP_2015_NOT_SCORED
21309,21308,2015-05-18,2015,2015-05-18,1,30,WARMUP_2015_NOT_SCORED
21399,21398,2015-05-19,2015,2015-05-19,1,30,WARMUP_2015_NOT_SCORED
21722,21721,2015-05-20,2015,2015-05-20,1,30,WARMUP_2015_NOT_SCORED
21825,21824,2015-05-20,2015,2015-05-20,1,30,WARMUP_2015_NOT_SCORED
21875,21874,2015-05-21,2015,2015-05-21,1,30,WARMUP_2015_NOT_SCORED
22010,22009,2015-05-21,2015,2015-05-21,1,30,WARMUP_2015_NOT_SCORED
22147,22146,2015-05-22,2015,2015-05-22,1,30,WARMUP_2015_NOT_SCORED
22520,22519,2015-05-25,2015,2015-05-25,1,30,WARMUP_2015_NOT_SCORED
22597,22596,2015-05-26,2015,2015-05-26,1,30,WARMUP_2015_NOT_SCORED
22719,22718,2015-05-26,2015,2015-05-26,1,30,WARMUP_2015_NOT_SCORED
22831,22830,2015-05-27,2015,2015-05-27,1,30,WARMUP_2015_NOT_SCORED
23046,23045,2015-05-28,2015,2015-05-28,1,30,WARMUP_2015_NOT_SCORED
23067,23066,2015-05-28,2015,2015-05-28,1,30,WARMUP_2015_NOT_SCORED
23119,23118,2015-05-28,2015,2015-05-28,1,30,WARMUP_2015_NOT_SCORED
23144,23143,2015-05-28,2015,2015-05-28,-1,30,WARMUP_2015_NOT_SCORED
23177,23176,2015-05-28,2015,2015-05-28,-1,30,WARMUP_2015_NOT_SCORED
23234,23233,2015-05-28,2015,2015-05-28,-1,30,WARMUP_2015_NOT_SCORED
23253,23252,2015-05-28,2015,2015-05-28,-1,30,WARMUP_2015_NOT_SCORED
23287,23286,2015-05-29,2015,2015-05-29,-1,30,WARMUP_2015_NOT_SCORED
23306,23305,2015-05-29,2015,2015-05-29,-1,30,WARMUP_2015_NOT_SCORED
23435,23434,2015-05-29,2015,2015-05-29,1,30,WARMUP_2015_NOT_SCORED
23469,23468,2015-05-29,2015,2015-05-29,1,30,WARMUP_2015_NOT_SCORED
23529,23528,2015-06-01,2015,2015-06-01,1,30,WARMUP_2015_NOT_SCORED
23578,23577,2015-06-01,2015,2015-06-01,1,30,WARMUP_2015_NOT_SCORED
23727,23726,2015-06-01,2015,2015-06-01,1,30,WARMUP_2015_NOT_SCORED
23778,23777,2015-06-02,2015,2015-06-02,1,30,WARMUP_2015_NOT_SCORED
23829,23828,2015-06-02,2015,2015-06-02,1,30,WARMUP_2015_NOT_SCORED
23880,23879,2015-06-02,2015,2015-06-02,1,30,WARMUP_2015_NOT_SCORED
24008,24007,2015-06-03,2015,2015-06-03,1,30,WARMUP_2015_NOT_SCORED
24033,24032,2015-06-03,2015,2015-06-03,1,30,WARMUP_2015_NOT_SCORED
24104,24103,2015-06-03,2015,2015-06-03,-1,30,WARMUP_2015_NOT_SCORED
24374,24373,2015-06-04,2015,2015-06-04,-1,30,WARMUP_2015_NOT_SCORED
24488,24487,2015-06-05,2015,2015-06-05,1,30,WARMUP_2015_NOT_SCORED
24569,24568,2015-06-05,2015,2015-06-05,1,30,WARMUP_2015_NOT_SCORED
24586,24585,2015-06-05,2015,2015-06-05,1,30,WARMUP_2015_NOT_SCORED
24611,24610,2015-06-05,2015,2015-06-05,-1,30,WARMUP_2015_NOT_SCORED
24784,24783,2015-06-08,2015,2015-06-08,-1,30,WARMUP_2015_NOT_SCORED
24861,24860,2015-06-08,2015,2015-06-08,-1,30,WARMUP_2015_NOT_SCORED
25037,25036,2015-06-09,2015,2015-06-09,1,30,WARMUP_2015_NOT_SCORED
25204,25203,2015-06-10,2015,2015-06-10,1,30,WARMUP_2015_NOT_SCORED
25234,25233,2015-06-10,2015,2015-06-10,1,30,WARMUP_2015_NOT_SCORED
25318,25317,2015-06-10,2015,2015-06-10,1,30,WARMUP_2015_NOT_SCORED
25422,25421,2015-06-10,2015,2015-06-10,1,30,WARMUP_2015_NOT_SCORED
25462,25461,2015-06-11,2015,2015-06-11,1,30,WARMUP_2015_NOT_SCORED
25559,25558,2015-06-11,2015,2015-06-11,1,30,WARMUP_2015_NOT_SCORED
25629,25628,2015-06-11,2015,2015-06-11,1,30,WARMUP_2015_NOT_SCORED
25714,25713,2015-06-12,2015,2015-06-12,1,30,WARMUP_2015_NOT_SCORED
25765,25764,2015-06-12,2015,2015-06-12,1,30,WARMUP_2015_NOT_SCORED
25879,25878,2015-06-12,2015,2015-06-12,1,30,WARMUP_2015_NOT_SCORED
26169,26168,2015-06-16,2015,2015-06-16,-1,30,WARMUP_2015_NOT_SCORED
26209,26208,2015-06-16,2015,2015-06-16,-1,30,WARMUP_2015_NOT_SCORED
26247,26246,2015-06-16,2015,2015-06-16,-1,30,WARMUP_2015_NOT_SCORED
26406,26405,2015-06-17,2015,2015-06-17,-1,30,WARMUP_2015_NOT_SCORED
26455,26454,2015-06-17,2015,2015-06-17,-1,30,WARMUP_2015_NOT_SCORED
26508,26507,2015-06-17,2015,2015-06-17,-1,30,WARMUP_2015_NOT_SCORED
26644,26643,2015-06-18,2015,2015-06-18,1,30,WARMUP_2015_NOT_SCORED
26668,26667,2015-06-18,2015,2015-06-18,1,30,WARMUP_2015_NOT_SCORED
26734,26733,2015-06-18,2015,2015-06-18,1,30,WARMUP_2015_NOT_SCORED
26768,26767,2015-06-18,2015,2015-06-18,-1,30,WARMUP_2015_NOT_SCORED
26823,26822,2015-06-18,2015,2015-06-18,-1,30,WARMUP_2015_NOT_SCORED
26845,26844,2015-06-18,2015,2015-06-18,-1,30,WARMUP_2015_NOT_SCORED
26865,26864,2015-06-18,2015,2015-06-18,-1,30,WARMUP_2015_NOT_SCORED
26887,26886,2015-06-19,2015,2015-06-19,-1,30,WARMUP_2015_NOT_SCORED
26922,26921,2015-06-19,2015,2015-06-19,-1,30,WARMUP_2015_NOT_SCORED
26986,26985,2015-06-19,2015,2015-06-19,-1,30,WARMUP_2015_NOT_SCORED
27052,27051,2015-06-19,2015,2015-06-19,-1,30,WARMUP_2015_NOT_SCORED
27127,27126,2015-06-23,2015,2015-06-23,-1,30,WARMUP_2015_NOT_SCORED
27138,27137,2015-06-23,2015,2015-06-23,-1,30,WARMUP_2015_NOT_SCORED
27247,27246,2015-06-23,2015,2015-06-23,-1,30,WARMUP_2015_NOT_SCORED
27398,27397,2015-06-24,2015,2015-06-24,1,30,WARMUP_2015_NOT_SCORED
27838,27837,2015-06-25,2015,2015-06-25,-1,30,WARMUP_2015_NOT_SCORED
27846,27845,2015-06-26,2015,2015-06-26,-1,30,WARMUP_2015_NOT_SCORED
27867,27866,2015-06-26,2015,2015-06-26,-1,30,WARMUP_2015_NOT_SCORED
27933,27932,2015-06-26,2015,2015-06-26,-1,30,WARMUP_2015_NOT_SCORED
27966,27965,2015-06-26,2015,2015-06-26,-1,30,WARMUP_2015_NOT_SCORED
28100,28099,2015-06-29,2015,2015-06-29,-1,30,WARMUP_2015_NOT_SCORED
28126,28125,2015-06-29,2015,2015-06-29,1,30,WARMUP_2015_NOT_SCORED
28148,28147,2015-06-29,2015,2015-06-29,1,30,WARMUP_2015_NOT_SCORED
28164,28163,2015-06-29,2015,2015-06-29,-1,30,WARMUP_2015_NOT_SCORED
28174,28173,2015-06-29,2015,2015-06-29,-1,30,WARMUP_2015_NOT_SCORED
28188,28187,2015-06-29,2015,2015-06-29,-1,30,WARMUP_2015_NOT_SCORED
28247,28246,2015-06-29,2015,2015-06-29,-1,30,WARMUP_2015_NOT_SCORED
28275,28274,2015-06-29,2015,2015-06-29,1,30,WARMUP_2015_NOT_SCORED
28328,28327,2015-06-30,2015,2015-06-30,-1,30,WARMUP_2015_NOT_SCORED
28347,28346,2015-06-30,2015,2015-06-30,-1,30,WARMUP_2015_NOT_SCORED
28363,28362,2015-06-30,2015,2015-06-30,-1,30,WARMUP_2015_NOT_SCORED
28389,28388,2015-06-30,2015,2015-06-30,-1,30,WARMUP_2015_NOT_SCORED
28434,28433,2015-06-30,2015,2015-06-30,-1,30,WARMUP_2015_NOT_SCORED
28452,28451,2015-06-30,2015,2015-06-30,1,30,WARMUP_2015_NOT_SCORED
28489,28488,2015-06-30,2015,2015-06-30,1,30,WARMUP_2015_NOT_SCORED
28505,28504,2015-06-30,2015,2015-06-30,1,30,WARMUP_2015_NOT_SCORED
28519,28518,2015-06-30,2015,2015-06-30,1,30,WARMUP_2015_NOT_SCORED
28567,28566,2015-07-01,2015,2015-07-01,-1,30,WARMUP_2015_NOT_SCORED
28591,28590,2015-07-01,2015,2015-07-01,1,30,WARMUP_2015_NOT_SCORED
28652,28651,2015-07-01,2015,2015-07-01,1,30,WARMUP_2015_NOT_SCORED
28699,28698,2015-07-01,2015,2015-07-01,-1,30,WARMUP_2015_NOT_SCORED
28746,28745,2015-07-01,2015,2015-07-01,-1,30,WARMUP_2015_NOT_SCORED
28764,28763,2015-07-01,2015,2015-07-01,-1,30,WARMUP_2015_NOT_SCORED
28783,28782,2015-07-01,2015,2015-07-01,-1,30,WARMUP_2015_NOT_SCORED
28801,28800,2015-07-02,2015,2015-07-02,-1,30,WARMUP_2015_NOT_SCORED
28812,28811,2015-07-02,2015,2015-07-02,-1,30,WARMUP_2015_NOT_SCORED
28825,28824,2015-07-02,2015,2015-07-02,1,30,WARMUP_2015_NOT_SCORED
28848,28847,2015-07-02,2015,2015-07-02,-1,30,WARMUP_2015_NOT_SCORED
28863,28862,2015-07-02,2015,2015-07-02,-1,30,WARMUP_2015_NOT_SCORED
28887,28886,2015-07-02,2015,2015-07-02,1,30,WARMUP_2015_NOT_SCORED
28914,28913,2015-07-02,2015,2015-07-02,1,30,WARMUP_2015_NOT_SCORED
28980,28979,2015-07-02,2015,2015-07-02,-1,30,WARMUP_2015_NOT_SCORED
29009,29008,2015-07-02,2015,2015-07-02,-1,30,WARMUP_2015_NOT_SCORED
29070,29069,2015-07-03,2015,2015-07-03,-1,30,WARMUP_2015_NOT_SCORED
29122,29121,2015-07-03,2015,2015-07-03,-1,30,WARMUP_2015_NOT_SCORED
29170,29169,2015-07-03,2015,2015-07-03,1,30,WARMUP_2015_NOT_SCORED
29188,29187,2015-07-03,2015,2015-07-03,1,30,WARMUP_2015_NOT_SCORED
29218,29217,2015-07-03,2015,2015-07-03,-1,30,WARMUP_2015_NOT_SCORED
29227,29226,2015-07-03,2015,2015-07-03,-1,30,WARMUP_2015_NOT_SCORED
29240,29239,2015-07-03,2015,2015-07-03,-1,30,WARMUP_2015_NOT_SCORED
29265,29264,2015-07-03,2015,2015-07-03,-1,30,WARMUP_2015_NOT_SCORED
29293,29292,2015-07-06,2015,2015-07-06,1,30,WARMUP_2015_NOT_SCORED
29321,29320,2015-07-06,2015,2015-07-06,-1,30,WARMUP_2015_NOT_SCORED
29364,29363,2015-07-06,2015,2015-07-06,-1,30,WARMUP_2015_NOT_SCORED
29398,29397,2015-07-06,2015,2015-07-06,-1,30,WARMUP_2015_NOT_SCORED
29421,29420,2015-07-06,2015,2015-07-06,-1,30,WARMUP_2015_NOT_SCORED
29452,29451,2015-07-06,2015,2015-07-06,-1,30,WARMUP_2015_NOT_SCORED
29496,29495,2015-07-06,2015,2015-07-06,1,30,WARMUP_2015_NOT_SCORED
29527,29526,2015-07-07,2015,2015-07-07,-1,30,WARMUP_2015_NOT_SCORED
29550,29549,2015-07-07,2015,2015-07-07,-1,30,WARMUP_2015_NOT_SCORED
30067,30066,2015-07-09,2015,2015-07-09,1,30,WARMUP_2015_NOT_SCORED
30503,30502,2015-07-13,2015,2015-07-13,1,30,WARMUP_2015_NOT_SCORED
30749,30748,2015-07-14,2015,2015-07-14,1,30,WARMUP_2015_NOT_SCORED
30848,30847,2015-07-14,2015,2015-07-14,1,30,WARMUP_2015_NOT_SCORED
30868,30867,2015-07-14,2015,2015-07-14,1,30,WARMUP_2015_NOT_SCORED
30877,30876,2015-07-14,2015,2015-07-14,1,30,WARMUP_2015_NOT_SCORED
30896,30895,2015-07-14,2015,2015-07-14,-1,30,WARMUP_2015_NOT_SCORED
30936,30935,2015-07-14,2015,2015-07-14,-1,30,WARMUP_2015_NOT_SCORED
30950,30949,2015-07-14,2015,2015-07-14,-1,30,WARMUP_2015_NOT_SCORED
30963,30962,2015-07-15,2015,2015-07-15,1,30,WARMUP_2015_NOT_SCORED
30970,30969,2015-07-15,2015,2015-07-15,1,30,WARMUP_2015_NOT_SCORED
31009,31008,2015-07-15,2015,2015-07-15,-1,30,WARMUP_2015_NOT_SCORED
31048,31047,2015-07-15,2015,2015-07-15,-1,30,WARMUP_2015_NOT_SCORED
31086,31085,2015-07-15,2015,2015-07-15,-1,30,WARMUP_2015_NOT_SCORED
31141,31140,2015-07-15,2015,2015-07-15,-1,30,WARMUP_2015_NOT_SCORED
31218,31217,2015-07-16,2015,2015-07-16,-1,30,WARMUP_2015_NOT_SCORED
31233,31232,2015-07-16,2015,2015-07-16,1,30,WARMUP_2015_NOT_SCORED
31269,31268,2015-07-16,2015,2015-07-16,1,30,WARMUP_2015_NOT_SCORED
31298,31297,2015-07-16,2015,2015-07-16,1,30,WARMUP_2015_NOT_SCORED
31357,31356,2015-07-16,2015,2015-07-16,-1,30,WARMUP_2015_NOT_SCORED
31379,31378,2015-07-16,2015,2015-07-16,-1,30,WARMUP_2015_NOT_SCORED
31423,31422,2015-07-16,2015,2015-07-16,-1,30,WARMUP_2015_NOT_SCORED
31429,31428,2015-07-16,2015,2015-07-16,1,30,WARMUP_2015_NOT_SCORED
31445,31444,2015-07-17,2015,2015-07-17,1,30,WARMUP_2015_NOT_SCORED
31457,31456,2015-07-17,2015,2015-07-17,1,30,WARMUP_2015_NOT_SCORED
31504,31503,2015-07-17,2015,2015-07-17,1,30,WARMUP_2015_NOT_SCORED
31574,31573,2015-07-17,2015,2015-07-17,1,30,WARMUP_2015_NOT_SCORED
31697,31696,2015-07-20,2015,2015-07-20,1,30,WARMUP_2015_NOT_SCORED
31759,31758,2015-07-20,2015,2015-07-20,1,30,WARMUP_2015_NOT_SCORED
31780,31779,2015-07-20,2015,2015-07-20,-1,30,WARMUP_2015_NOT_SCORED
31971,31970,2015-07-21,2015,2015-07-21,1,30,WARMUP_2015_NOT_SCORED
32015,32014,2015-07-21,2015,2015-07-21,1,30,WARMUP_2015_NOT_SCORED
32059,32058,2015-07-21,2015,2015-07-21,-1,30,WARMUP_2015_NOT_SCORED
32128,32127,2015-07-21,2015,2015-07-21,1,30,WARMUP_2015_NOT_SCORED
32169,32168,2015-07-22,2015,2015-07-22,1,30,WARMUP_2015_NOT_SCORED
32190,32189,2015-07-22,2015,2015-07-22,1,30,WARMUP_2015_NOT_SCORED
32262,32261,2015-07-22,2015,2015-07-22,1,30,WARMUP_2015_NOT_SCORED
32299,32298,2015-07-22,2015,2015-07-22,-1,30,WARMUP_2015_NOT_SCORED
32410,32409,2015-07-23,2015,2015-07-23,1,30,WARMUP_2015_NOT_SCORED
32492,32491,2015-07-23,2015,2015-07-23,1,30,WARMUP_2015_NOT_SCORED
32582,32581,2015-07-23,2015,2015-07-23,1,30,WARMUP_2015_NOT_SCORED
32649,32648,2015-07-24,2015,2015-07-24,1,30,WARMUP_2015_NOT_SCORED
32671,32670,2015-07-24,2015,2015-07-24,1,30,WARMUP_2015_NOT_SCORED
32715,32714,2015-07-24,2015,2015-07-24,-1,30,WARMUP_2015_NOT_SCORED
32793,32792,2015-07-24,2015,2015-07-24,-1,30,WARMUP_2015_NOT_SCORED
32838,32837,2015-07-24,2015,2015-07-24,1,30,WARMUP_2015_NOT_SCORED
32858,32857,2015-07-24,2015,2015-07-24,1,30,WARMUP_2015_NOT_SCORED
32893,32892,2015-07-27,2015,2015-07-27,-1,30,WARMUP_2015_NOT_SCORED
32964,32963,2015-07-27,2015,2015-07-27,1,30,WARMUP_2015_NOT_SCORED
33010,33009,2015-07-27,2015,2015-07-27,-1,30,WARMUP_2015_NOT_SCORED
33033,33032,2015-07-27,2015,2015-07-27,-1,30,WARMUP_2015_NOT_SCORED
33075,33074,2015-07-27,2015,2015-07-27,-1,30,WARMUP_2015_NOT_SCORED
33091,33090,2015-07-27,2015,2015-07-27,-1,30,WARMUP_2015_NOT_SCORED
33109,33108,2015-07-27,2015,2015-07-27,-1,30,WARMUP_2015_NOT_SCORED
33125,33124,2015-07-28,2015,2015-07-28,-1,30,WARMUP_2015_NOT_SCORED
33132,33131,2015-07-28,2015,2015-07-28,-1,30,WARMUP_2015_NOT_SCORED
33163,33162,2015-07-28,2015,2015-07-28,-1,30,WARMUP_2015_NOT_SCORED
33217,33216,2015-07-28,2015,2015-07-28,1,30,WARMUP_2015_NOT_SCORED
33292,33291,2015-07-28,2015,2015-07-28,-1,30,WARMUP_2015_NOT_SCORED
33311,33310,2015-07-28,2015,2015-07-28,1,30,WARMUP_2015_NOT_SCORED
33318,33317,2015-07-28,2015,2015-07-28,1,30,WARMUP_2015_NOT_SCORED
33329,33328,2015-07-28,2015,2015-07-28,1,30,WARMUP_2015_NOT_SCORED
33341,33340,2015-07-28,2015,2015-07-28,-1,30,WARMUP_2015_NOT_SCORED
33366,33365,2015-07-29,2015,2015-07-29,1,30,WARMUP_2015_NOT_SCORED
33401,33400,2015-07-29,2015,2015-07-29,-1,30,WARMUP_2015_NOT_SCORED
33425,33424,2015-07-29,2015,2015-07-29,-1,30,WARMUP_2015_NOT_SCORED
33507,33506,2015-07-29,2015,2015-07-29,-1,30,WARMUP_2015_NOT_SCORED
33529,33528,2015-07-29,2015,2015-07-29,-1,30,WARMUP_2015_NOT_SCORED
33552,33551,2015-07-29,2015,2015-07-29,1,30,WARMUP_2015_NOT_SCORED
33563,33562,2015-07-29,2015,2015-07-29,1,30,WARMUP_2015_NOT_SCORED
33574,33573,2015-07-29,2015,2015-07-29,1,30,WARMUP_2015_NOT_SCORED
33603,33602,2015-07-30,2015,2015-07-30,1,30,WARMUP_2015_NOT_SCORED
33621,33620,2015-07-30,2015,2015-07-30,1,30,WARMUP_2015_NOT_SCORED
33692,33691,2015-07-30,2015,2015-07-30,1,30,WARMUP_2015_NOT_SCORED
33708,33707,2015-07-30,2015,2015-07-30,1,30,WARMUP_2015_NOT_SCORED
33743,33742,2015-07-30,2015,2015-07-30,-1,30,WARMUP_2015_NOT_SCORED
33760,33759,2015-07-30,2015,2015-07-30,-1,30,WARMUP_2015_NOT_SCORED
33793,33792,2015-07-30,2015,2015-07-30,1,30,WARMUP_2015_NOT_SCORED
33808,33807,2015-07-30,2015,2015-07-30,1,30,WARMUP_2015_NOT_SCORED
33818,33817,2015-07-30,2015,2015-07-30,-1,30,WARMUP_2015_NOT_SCORED
33844,33843,2015-07-31,2015,2015-07-31,-1,30,WARMUP_2015_NOT_SCORED
33850,33849,2015-07-31,2015,2015-07-31,-1,30,WARMUP_2015_NOT_SCORED
33877,33876,2015-07-31,2015,2015-07-31,-1,30,WARMUP_2015_NOT_SCORED
33900,33899,2015-07-31,2015,2015-07-31,-1,30,WARMUP_2015_NOT_SCORED
33910,33909,2015-07-31,2015,2015-07-31,1,30,WARMUP_2015_NOT_SCORED
34041,34040,2015-07-31,2015,2015-07-31,1,30,WARMUP_2015_NOT_SCORED
34055,34054,2015-07-31,2015,2015-07-31,-1,30,WARMUP_2015_NOT_SCORED
34086,34085,2015-08-03,2015,2015-08-03,-1,30,WARMUP_2015_NOT_SCORED
34098,34097,2015-08-03,2015,2015-08-03,-1,30,WARMUP_2015_NOT_SCORED
34133,34132,2015-08-03,2015,2015-08-03,-1,30,WARMUP_2015_NOT_SCORED
34161,34160,2015-08-03,2015,2015-08-03,1,30,WARMUP_2015_NOT_SCORED
34219,34218,2015-08-03,2015,2015-08-03,-1,30,WARMUP_2015_NOT_SCORED
34249,34248,2015-08-03,2015,2015-08-03,-1,30,WARMUP_2015_NOT_SCORED
34297,34296,2015-08-03,2015,2015-08-03,-1,30,WARMUP_2015_NOT_SCORED
34327,34326,2015-08-04,2015,2015-08-04,1,30,WARMUP_2015_NOT_SCORED
34352,34351,2015-08-04,2015,2015-08-04,1,30,WARMUP_2015_NOT_SCORED
34479,34478,2015-08-04,2015,2015-08-04,1,30,WARMUP_2015_NOT_SCORED
34526,34525,2015-08-04,2015,2015-08-04,1,30,WARMUP_2015_NOT_SCORED
34583,34582,2015-08-05,2015,2015-08-05,1,30,WARMUP_2015_NOT_SCORED
34628,34627,2015-08-05,2015,2015-08-05,1,30,WARMUP_2015_NOT_SCORED
34678,34677,2015-08-05,2015,2015-08-05,-1,30,WARMUP_2015_NOT_SCORED
34688,34687,2015-08-05,2015,2015-08-05,-1,30,WARMUP_2015_NOT_SCORED
34724,34723,2015-08-05,2015,2015-08-05,-1,30,WARMUP_2015_NOT_SCORED
34783,34782,2015-08-05,2015,2015-08-05,1,30,WARMUP_2015_NOT_SCORED
34805,34804,2015-08-06,2015,2015-08-06,-1,30,WARMUP_2015_NOT_SCORED
35160,35159,2015-08-07,2015,2015-08-07,1,30,WARMUP_2015_NOT_SCORED
35216,35215,2015-08-07,2015,2015-08-07,1,30,WARMUP_2015_NOT_SCORED
35286,35285,2015-08-10,2015,2015-08-10,1,30,WARMUP_2015_NOT_SCORED
35312,35311,2015-08-10,2015,2015-08-10,1,30,WARMUP_2015_NOT_SCORED
35356,35355,2015-08-10,2015,2015-08-10,1,30,WARMUP_2015_NOT_SCORED
35450,35449,2015-08-10,2015,2015-08-10,1,30,WARMUP_2015_NOT_SCORED
35524,35523,2015-08-11,2015,2015-08-11,1,30,WARMUP_2015_NOT_SCORED
35539,35538,2015-08-11,2015,2015-08-11,1,30,WARMUP_2015_NOT_SCORED
35566,35565,2015-08-11,2015,2015-08-11,1,30,WARMUP_2015_NOT_SCORED
35645,35644,2015-08-11,2015,2015-08-11,-1,30,WARMUP_2015_NOT_SCORED
35666,35665,2015-08-11,2015,2015-08-11,-1,30,WARMUP_2015_NOT_SCORED
35735,35734,2015-08-11,2015,2015-08-11,1,30,WARMUP_2015_NOT_SCORED
35787,35786,2015-08-12,2015,2015-08-12,-1,30,WARMUP_2015_NOT_SCORED
35967,35966,2015-08-12,2015,2015-08-12,-1,30,WARMUP_2015_NOT_SCORED
36086,36085,2015-08-13,2015,2015-08-13,1,30,WARMUP_2015_NOT_SCORED
36149,36148,2015-08-13,2015,2015-08-13,-1,30,WARMUP_2015_NOT_SCORED
36246,36245,2015-08-14,2015,2015-08-14,1,30,WARMUP_2015_NOT_SCORED
36287,36286,2015-08-14,2015,2015-08-14,1,30,WARMUP_2015_NOT_SCORED
36304,36303,2015-08-14,2015,2015-08-14,1,30,WARMUP_2015_NOT_SCORED
36399,36398,2015-08-14,2015,2015-08-14,1,30,WARMUP_2015_NOT_SCORED
36464,36463,2015-08-14,2015,2015-08-14,-1,30,WARMUP_2015_NOT_SCORED
36533,36532,2015-08-17,2015,2015-08-17,-1,30,WARMUP_2015_NOT_SCORED
36581,36580,2015-08-17,2015,2015-08-17,-1,30,WARMUP_2015_NOT_SCORED
36633,36632,2015-08-17,2015,2015-08-17,1,30,WARMUP_2015_NOT_SCORED
36685,36684,2015-08-17,2015,2015-08-17,1,30,WARMUP_2015_NOT_SCORED
36728,36727,2015-08-18,2015,2015-08-18,1,30,WARMUP_2015_NOT_SCORED
36837,36836,2015-08-18,2015,2015-08-18,-1,30,WARMUP_2015_NOT_SCORED
36859,36858,2015-08-18,2015,2015-08-18,-1,30,WARMUP_2015_NOT_SCORED
36880,36879,2015-08-18,2015,2015-08-18,-1,30,WARMUP_2015_NOT_SCORED
36894,36893,2015-08-18,2015,2015-08-18,-1,30,WARMUP_2015_NOT_SCORED
36904,36903,2015-08-18,2015,2015-08-18,-1,30,WARMUP_2015_NOT_SCORED
36929,36928,2015-08-18,2015,2015-08-18,-1,30,WARMUP_2015_NOT_SCORED
36964,36963,2015-08-19,2015,2015-08-19,-1,30,WARMUP_2015_NOT_SCORED
36999,36998,2015-08-19,2015,2015-08-19,1,30,WARMUP_2015_NOT_SCORED
37065,37064,2015-08-19,2015,2015-08-19,-1,30,WARMUP_2015_NOT_SCORED
37160,37159,2015-08-19,2015,2015-08-19,1,30,WARMUP_2015_NOT_SCORED
37185,37184,2015-08-19,2015,2015-08-19,1,30,WARMUP_2015_NOT_SCORED
37349,37348,2015-08-20,2015,2015-08-20,1,30,WARMUP_2015_NOT_SCORED
37420,37419,2015-08-20,2015,2015-08-20,-1,30,WARMUP_2015_NOT_SCORED
37445,37444,2015-08-21,2015,2015-08-21,-1,30,WARMUP_2015_NOT_SCORED
37457,37456,2015-08-21,2015,2015-08-21,-1,30,WARMUP_2015_NOT_SCORED
37490,37489,2015-08-21,2015,2015-08-21,-1,30,WARMUP_2015_NOT_SCORED
37540,37539,2015-08-21,2015,2015-08-21,-1,30,WARMUP_2015_NOT_SCORED
37570,37569,2015-08-21,2015,2015-08-21,-1,30,WARMUP_2015_NOT_SCORED
37583,37582,2015-08-21,2015,2015-08-21,-1,30,WARMUP_2015_NOT_SCORED
37643,37642,2015-08-21,2015,2015-08-21,1,30,WARMUP_2015_NOT_SCORED
37693,37692,2015-08-24,2015,2015-08-24,-1,30,WARMUP_2015_NOT_SCORED
37715,37714,2015-08-24,2015,2015-08-24,-1,30,WARMUP_2015_NOT_SCORED
37744,37743,2015-08-24,2015,2015-08-24,-1,30,WARMUP_2015_NOT_SCORED
37898,37897,2015-08-24,2015,2015-08-24,-1,30,WARMUP_2015_NOT_SCORED
37948,37947,2015-08-25,2015,2015-08-25,-1,30,WARMUP_2015_NOT_SCORED
38174,38173,2015-08-26,2015,2015-08-26,-1,30,WARMUP_2015_NOT_SCORED
38185,38184,2015-08-26,2015,2015-08-26,1,30,WARMUP_2015_NOT_SCORED
38215,38214,2015-08-26,2015,2015-08-26,-1,30,WARMUP_2015_NOT_SCORED
38224,38223,2015-08-26,2015,2015-08-26,-1,30,WARMUP_2015_NOT_SCORED
38238,38237,2015-08-26,2015,2015-08-26,-1,30,WARMUP_2015_NOT_SCORED
38279,38278,2015-08-26,2015,2015-08-26,1,30,WARMUP_2015_NOT_SCORED
38290,38289,2015-08-26,2015,2015-08-26,1,30,WARMUP_2015_NOT_SCORED
38312,38311,2015-08-26,2015,2015-08-26,1,30,WARMUP_2015_NOT_SCORED
38327,38326,2015-08-26,2015,2015-08-26,1,30,WARMUP_2015_NOT_SCORED
38341,38340,2015-08-26,2015,2015-08-26,-1,30,WARMUP_2015_NOT_SCORED
38363,38362,2015-08-26,2015,2015-08-26,-1,30,WARMUP_2015_NOT_SCORED
38402,38401,2015-08-27,2015,2015-08-27,-1,30,WARMUP_2015_NOT_SCORED
38534,38533,2015-08-27,2015,2015-08-27,-1,30,WARMUP_2015_NOT_SCORED
38585,38584,2015-08-27,2015,2015-08-27,-1,30,WARMUP_2015_NOT_SCORED
38600,38599,2015-08-27,2015,2015-08-27,-1,30,WARMUP_2015_NOT_SCORED
38607,38606,2015-08-27,2015,2015-08-27,-1,30,WARMUP_2015_NOT_SCORED
38617,38616,2015-08-27,2015,2015-08-27,1,30,WARMUP_2015_NOT_SCORED
38632,38631,2015-08-27,2015,2015-08-27,1,30,WARMUP_2015_NOT_SCORED
38644,38643,2015-08-28,2015,2015-08-28,1,30,WARMUP_2015_NOT_SCORED
38651,38650,2015-08-28,2015,2015-08-28,1,30,WARMUP_2015_NOT_SCORED
38668,38667,2015-08-28,2015,2015-08-28,1,30,WARMUP_2015_NOT_SCORED
38703,38702,2015-08-28,2015,2015-08-28,1,30,WARMUP_2015_NOT_SCORED
38727,38726,2015-08-28,2015,2015-08-28,1,30,WARMUP_2015_NOT_SCORED
38780,38779,2015-08-28,2015,2015-08-28,1,30,WARMUP_2015_NOT_SCORED
38832,38831,2015-08-28,2015,2015-08-28,1,30,WARMUP_2015_NOT_SCORED
38868,38867,2015-08-28,2015,2015-08-28,1,30,WARMUP_2015_NOT_SCORED
38883,38882,2015-08-31,2015,2015-08-31,1,30,WARMUP_2015_NOT_SCORED
39125,39124,2015-09-01,2015,2015-09-01,-1,30,WARMUP_2015_NOT_SCORED
39133,39132,2015-09-01,2015,2015-09-01,-1,30,WARMUP_2015_NOT_SCORED
39166,39165,2015-09-01,2015,2015-09-01,-1,30,WARMUP_2015_NOT_SCORED
39186,39185,2015-09-01,2015,2015-09-01,-1,30,WARMUP_2015_NOT_SCORED
39327,39326,2015-09-01,2015,2015-09-01,-1,30,WARMUP_2015_NOT_SCORED
39356,39355,2015-09-01,2015,2015-09-01,-1,30,WARMUP_2015_NOT_SCORED
39377,39376,2015-09-02,2015,2015-09-02,-1,30,WARMUP_2015_NOT_SCORED
39494,39493,2015-09-02,2015,2015-09-02,1,30,WARMUP_2015_NOT_SCORED
39586,39585,2015-09-02,2015,2015-09-02,-1,30,WARMUP_2015_NOT_SCORED
39621,39620,2015-09-07,2015,2015-09-07,1,30,WARMUP_2015_NOT_SCORED
39745,39744,2015-09-07,2015,2015-09-07,1,30,WARMUP_2015_NOT_SCORED
39776,39775,2015-09-07,2015,2015-09-07,1,30,WARMUP_2015_NOT_SCORED
39781,39780,2015-09-07,2015,2015-09-07,-1,30,WARMUP_2015_NOT_SCORED
39873,39872,2015-09-08,2015,2015-09-08,1,30,WARMUP_2015_NOT_SCORED
39955,39954,2015-09-08,2015,2015-09-08,1,30,WARMUP_2015_NOT_SCORED
40007,40006,2015-09-08,2015,2015-09-08,-1,30,WARMUP_2015_NOT_SCORED
40160,40159,2015-09-09,2015,2015-09-09,1,30,WARMUP_2015_NOT_SCORED
40239,40238,2015-09-09,2015,2015-09-09,-1,30,WARMUP_2015_NOT_SCORED
40271,40270,2015-09-09,2015,2015-09-09,-1,30,WARMUP_2015_NOT_SCORED
40281,40280,2015-09-09,2015,2015-09-09,-1,30,WARMUP_2015_NOT_SCORED
40323,40322,2015-09-10,2015,2015-09-10,1,30,WARMUP_2015_NOT_SCORED
40370,40369,2015-09-10,2015,2015-09-10,1,30,WARMUP_2015_NOT_SCORED
40418,40417,2015-09-10,2015,2015-09-10,1,30,WARMUP_2015_NOT_SCORED
40490,40489,2015-09-10,2015,2015-09-10,1,30,WARMUP_2015_NOT_SCORED
40513,40512,2015-09-10,2015,2015-09-10,1,30,WARMUP_2015_NOT_SCORED
40576,40575,2015-09-11,2015,2015-09-11,-1,30,WARMUP_2015_NOT_SCORED
40683,40682,2015-09-11,2015,2015-09-11,1,30,WARMUP_2015_NOT_SCORED
40743,40742,2015-09-11,2015,2015-09-11,-1,30,WARMUP_2015_NOT_SCORED
40786,40785,2015-09-11,2015,2015-09-11,1,30,WARMUP_2015_NOT_SCORED
40819,40818,2015-09-14,2015,2015-09-14,1,30,WARMUP_2015_NOT_SCORED
40871,40870,2015-09-14,2015,2015-09-14,-1,30,WARMUP_2015_NOT_SCORED
40929,40928,2015-09-14,2015,2015-09-14,-1,30,WARMUP_2015_NOT_SCORED
40954,40953,2015-09-14,2015,2015-09-14,-1,30,WARMUP_2015_NOT_SCORED
41020,41019,2015-09-14,2015,2015-09-14,-1,30,WARMUP_2015_NOT_SCORED
41045,41044,2015-09-15,2015,2015-09-15,-1,30,WARMUP_2015_NOT_SCORED
41054,41053,2015-09-15,2015,2015-09-15,-1,30,WARMUP_2015_NOT_SCORED
41235,41234,2015-09-15,2015,2015-09-15,-1,30,WARMUP_2015_NOT_SCORED
41283,41282,2015-09-16,2015,2015-09-16,-1,30,WARMUP_2015_NOT_SCORED
41296,41295,2015-09-16,2015,2015-09-16,-1,30,WARMUP_2015_NOT_SCORED
41301,41300,2015-09-16,2015,2015-09-16,1,30,WARMUP_2015_NOT_SCORED
41344,41343,2015-09-16,2015,2015-09-16,1,30,WARMUP_2015_NOT_SCORED
41400,41399,2015-09-16,2015,2015-09-16,1,30,WARMUP_2015_NOT_SCORED
41523,41522,2015-09-17,2015,2015-09-17,1,30,WARMUP_2015_NOT_SCORED
41530,41529,2015-09-17,2015,2015-09-17,1,30,WARMUP_2015_NOT_SCORED
41546,41545,2015-09-17,2015,2015-09-17,1,30,WARMUP_2015_NOT_SCORED
41578,41577,2015-09-17,2015,2015-09-17,1,30,WARMUP_2015_NOT_SCORED
41606,41605,2015-09-17,2015,2015-09-17,1,30,WARMUP_2015_NOT_SCORED
41629,41628,2015-09-17,2015,2015-09-17,1,30,WARMUP_2015_NOT_SCORED
41676,41675,2015-09-17,2015,2015-09-17,1,30,WARMUP_2015_NOT_SCORED
41718,41717,2015-09-17,2015,2015-09-17,1,30,WARMUP_2015_NOT_SCORED
41753,41752,2015-09-17,2015,2015-09-17,-1,30,WARMUP_2015_NOT_SCORED
41763,41762,2015-09-18,2015,2015-09-18,-1,30,WARMUP_2015_NOT_SCORED
41796,41795,2015-09-18,2015,2015-09-18,-1,30,WARMUP_2015_NOT_SCORED
41848,41847,2015-09-18,2015,2015-09-18,-1,30,WARMUP_2015_NOT_SCORED
41947,41946,2015-09-18,2015,2015-09-18,1,30,WARMUP_2015_NOT_SCORED
41995,41994,2015-09-18,2015,2015-09-18,1,30,WARMUP_2015_NOT_SCORED
42053,42052,2015-09-21,2015,2015-09-21,1,30,WARMUP_2015_NOT_SCORED
42170,42169,2015-09-21,2015,2015-09-21,1,30,WARMUP_2015_NOT_SCORED
42266,42265,2015-09-22,2015,2015-09-22,1,30,WARMUP_2015_NOT_SCORED
42499,42498,2015-09-23,2015,2015-09-23,-1,30,WARMUP_2015_NOT_SCORED
43075,43074,2015-09-25,2015,2015-09-25,-1,30,WARMUP_2015_NOT_SCORED
43193,43192,2015-09-25,2015,2015-09-25,1,30,WARMUP_2015_NOT_SCORED
43221,43220,2015-09-28,2015,2015-09-28,-1,30,WARMUP_2015_NOT_SCORED
43262,43261,2015-09-28,2015,2015-09-28,-1,30,WARMUP_2015_NOT_SCORED
43353,43352,2015-09-28,2015,2015-09-28,1,30,WARMUP_2015_NOT_SCORED
43417,43416,2015-09-28,2015,2015-09-28,1,30,WARMUP_2015_NOT_SCORED
43443,43442,2015-09-29,2015,2015-09-29,1,30,WARMUP_2015_NOT_SCORED
43654,43653,2015-09-29,2015,2015-09-29,-1,30,WARMUP_2015_NOT_SCORED
43688,43687,2015-09-30,2015,2015-09-30,-1,30,WARMUP_2015_NOT_SCORED
43709,43708,2015-09-30,2015,2015-09-30,-1,30,WARMUP_2015_NOT_SCORED
43738,43737,2015-09-30,2015,2015-09-30,1,30,WARMUP_2015_NOT_SCORED
43768,43767,2015-09-30,2015,2015-09-30,1,30,WARMUP_2015_NOT_SCORED
43858,43857,2015-09-30,2015,2015-09-30,-1,30,WARMUP_2015_NOT_SCORED
43933,43932,2015-10-08,2015,2015-10-08,1,30,WARMUP_2015_NOT_SCORED
43959,43958,2015-10-08,2015,2015-10-08,1,30,WARMUP_2015_NOT_SCORED
44130,44129,2015-10-08,2015,2015-10-08,1,30,WARMUP_2015_NOT_SCORED
44223,44222,2015-10-09,2015,2015-10-09,1,30,WARMUP_2015_NOT_SCORED
44258,44257,2015-10-09,2015,2015-10-09,1,30,WARMUP_2015_NOT_SCORED
44360,44359,2015-10-09,2015,2015-10-09,1,30,WARMUP_2015_NOT_SCORED
44560,44559,2015-10-12,2015,2015-10-12,1,30,WARMUP_2015_NOT_SCORED
44732,44731,2015-10-13,2015,2015-10-13,1,30,WARMUP_2015_NOT_SCORED
44801,44800,2015-10-13,2015,2015-10-13,1,30,WARMUP_2015_NOT_SCORED
44841,44840,2015-10-13,2015,2015-10-13,1,30,WARMUP_2015_NOT_SCORED
44877,44876,2015-10-13,2015,2015-10-13,1,30,WARMUP_2015_NOT_SCORED
44961,44960,2015-10-14,2015,2015-10-14,-1,30,WARMUP_2015_NOT_SCORED
44982,44981,2015-10-14,2015,2015-10-14,-1,30,WARMUP_2015_NOT_SCORED
45027,45026,2015-10-14,2015,2015-10-14,1,30,WARMUP_2015_NOT_SCORED
45117,45116,2015-10-14,2015,2015-10-14,-1,30,WARMUP_2015_NOT_SCORED
45148,45147,2015-10-15,2015,2015-10-15,-1,30,WARMUP_2015_NOT_SCORED
45297,45296,2015-10-15,2015,2015-10-15,1,30,WARMUP_2015_NOT_SCORED
45401,45400,2015-10-16,2015,2015-10-16,1,30,WARMUP_2015_NOT_SCORED
45556,45555,2015-10-16,2015,2015-10-16,-1,30,WARMUP_2015_NOT_SCORED
45622,45621,2015-10-19,2015,2015-10-19,1,30,WARMUP_2015_NOT_SCORED
45662,45661,2015-10-19,2015,2015-10-19,1,30,WARMUP_2015_NOT_SCORED
45739,45738,2015-10-19,2015,2015-10-19,1,30,WARMUP_2015_NOT_SCORED
45780,45779,2015-10-19,2015,2015-10-19,-1,30,WARMUP_2015_NOT_SCORED
45879,45878,2015-10-20,2015,2015-10-20,1,30,WARMUP_2015_NOT_SCORED
45944,45943,2015-10-20,2015,2015-10-20,1,30,WARMUP_2015_NOT_SCORED
46030,46029,2015-10-20,2015,2015-10-20,1,30,WARMUP_2015_NOT_SCORED
46065,46064,2015-10-20,2015,2015-10-20,1,30,WARMUP_2015_NOT_SCORED
46107,46106,2015-10-21,2015,2015-10-21,1,30,WARMUP_2015_NOT_SCORED
46187,46186,2015-10-21,2015,2015-10-21,-1,30,WARMUP_2015_NOT_SCORED
46246,46245,2015-10-21,2015,2015-10-21,-1,30,WARMUP_2015_NOT_SCORED
46261,46260,2015-10-21,2015,2015-10-21,-1,30,WARMUP_2015_NOT_SCORED
46314,46313,2015-10-21,2015,2015-10-21,-1,30,WARMUP_2015_NOT_SCORED
46392,46391,2015-10-22,2015,2015-10-22,1,30,WARMUP_2015_NOT_SCORED
46477,46476,2015-10-22,2015,2015-10-22,-1,30,WARMUP_2015_NOT_SCORED
46579,46578,2015-10-23,2015,2015-10-23,1,30,WARMUP_2015_NOT_SCORED
46611,46610,2015-10-23,2015,2015-10-23,1,30,WARMUP_2015_NOT_SCORED
46658,46657,2015-10-23,2015,2015-10-23,1,30,WARMUP_2015_NOT_SCORED
46728,46727,2015-10-23,2015,2015-10-23,1,30,WARMUP_2015_NOT_SCORED
46758,46757,2015-10-23,2015,2015-10-23,1,30,WARMUP_2015_NOT_SCORED
46814,46813,2015-10-26,2015,2015-10-26,1,30,WARMUP_2015_NOT_SCORED
46972,46971,2015-10-26,2015,2015-10-26,1,30,WARMUP_2015_NOT_SCORED
47041,47040,2015-10-27,2015,2015-10-27,-1,30,WARMUP_2015_NOT_SCORED
47074,47073,2015-10-27,2015,2015-10-27,-1,30,WARMUP_2015_NOT_SCORED
47101,47100,2015-10-27,2015,2015-10-27,-1,30,WARMUP_2015_NOT_SCORED
47147,47146,2015-10-27,2015,2015-10-27,-1,30,WARMUP_2015_NOT_SCORED
47212,47211,2015-10-27,2015,2015-10-27,1,30,WARMUP_2015_NOT_SCORED
47253,47252,2015-10-27,2015,2015-10-27,1,30,WARMUP_2015_NOT_SCORED
47283,47282,2015-10-28,2015,2015-10-28,1,30,WARMUP_2015_NOT_SCORED
47322,47321,2015-10-28,2015,2015-10-28,-1,30,WARMUP_2015_NOT_SCORED
47349,47348,2015-10-28,2015,2015-10-28,1,30,WARMUP_2015_NOT_SCORED
47431,47430,2015-10-28,2015,2015-10-28,-1,30,WARMUP_2015_NOT_SCORED
47465,47464,2015-10-28,2015,2015-10-28,-1,30,WARMUP_2015_NOT_SCORED
47523,47522,2015-10-29,2015,2015-10-29,-1,30,WARMUP_2015_NOT_SCORED
47570,47569,2015-10-29,2015,2015-10-29,-1,30,WARMUP_2015_NOT_SCORED
47674,47673,2015-10-29,2015,2015-10-29,-1,30,WARMUP_2015_NOT_SCORED
47747,47746,2015-10-29,2015,2015-10-29,1,30,WARMUP_2015_NOT_SCORED
47786,47785,2015-10-30,2015,2015-10-30,1,30,WARMUP_2015_NOT_SCORED
47855,47854,2015-10-30,2015,2015-10-30,-1,30,WARMUP_2015_NOT_SCORED
47892,47891,2015-10-30,2015,2015-10-30,-1,30,WARMUP_2015_NOT_SCORED
47907,47906,2015-10-30,2015,2015-10-30,-1,30,WARMUP_2015_NOT_SCORED
47928,47927,2015-10-30,2015,2015-10-30,1,30,WARMUP_2015_NOT_SCORED
48043,48042,2015-11-02,2015,2015-11-02,-1,30,WARMUP_2015_NOT_SCORED
48244,48243,2015-11-03,2015,2015-11-03,-1,30,WARMUP_2015_NOT_SCORED
48332,48331,2015-11-03,2015,2015-11-03,-1,30,WARMUP_2015_NOT_SCORED
48598,48597,2015-11-04,2015,2015-11-04,1,30,WARMUP_2015_NOT_SCORED
48636,48635,2015-11-04,2015,2015-11-04,1,30,WARMUP_2015_NOT_SCORED
48745,48744,2015-11-05,2015,2015-11-05,1,30,WARMUP_2015_NOT_SCORED
48858,48857,2015-11-05,2015,2015-11-05,-1,30,WARMUP_2015_NOT_SCORED
49044,49043,2015-11-06,2015,2015-11-06,1,30,WARMUP_2015_NOT_SCORED
49132,49131,2015-11-06,2015,2015-11-06,1,30,WARMUP_2015_NOT_SCORED
49176,49175,2015-11-06,2015,2015-11-06,1,30,WARMUP_2015_NOT_SCORED
49202,49201,2015-11-09,2015,2015-11-09,1,30,WARMUP_2015_NOT_SCORED
49211,49210,2015-11-09,2015,2015-11-09,1,30,WARMUP_2015_NOT_SCORED
49270,49269,2015-11-09,2015,2015-11-09,-1,30,WARMUP_2015_NOT_SCORED
49359,49358,2015-11-09,2015,2015-11-09,1,30,WARMUP_2015_NOT_SCORED
49443,49442,2015-11-10,2015,2015-11-10,1,30,WARMUP_2015_NOT_SCORED
49468,49467,2015-11-10,2015,2015-11-10,1,30,WARMUP_2015_NOT_SCORED
49512,49511,2015-11-10,2015,2015-11-10,1,30,WARMUP_2015_NOT_SCORED
49588,49587,2015-11-10,2015,2015-11-10,1,30,WARMUP_2015_NOT_SCORED
49690,49689,2015-11-11,2015,2015-11-11,1,30,WARMUP_2015_NOT_SCORED
49715,49714,2015-11-11,2015,2015-11-11,1,30,WARMUP_2015_NOT_SCORED
49761,49760,2015-11-11,2015,2015-11-11,1,30,WARMUP_2015_NOT_SCORED
49857,49856,2015-11-11,2015,2015-11-11,1,30,WARMUP_2015_NOT_SCORED
49915,49914,2015-11-11,2015,2015-11-11,1,30,WARMUP_2015_NOT_SCORED
49944,49943,2015-11-12,2015,2015-11-12,1,30,WARMUP_2015_NOT_SCORED
50163,50162,2015-11-13,2015,2015-11-13,1,30,WARMUP_2015_NOT_SCORED
50248,50247,2015-11-13,2015,2015-11-13,-1,30,WARMUP_2015_NOT_SCORED
50449,50448,2015-11-16,2015,2015-11-16,-1,30,WARMUP_2015_NOT_SCORED
50646,50645,2015-11-17,2015,2015-11-17,1,30,WARMUP_2015_NOT_SCORED
50673,50672,2015-11-17,2015,2015-11-17,1,30,WARMUP_2015_NOT_SCORED
51112,51111,2015-11-18,2015,2015-11-18,-1,30,WARMUP_2015_NOT_SCORED
51134,51133,2015-11-19,2015,2015-11-19,-1,30,WARMUP_2015_NOT_SCORED
51321,51320,2015-11-19,2015,2015-11-19,1,30,WARMUP_2015_NOT_SCORED
51426,51425,2015-11-20,2015,2015-11-20,1,30,WARMUP_2015_NOT_SCORED
51531,51530,2015-11-20,2015,2015-11-20,1,30,WARMUP_2015_NOT_SCORED
51556,51555,2015-11-20,2015,2015-11-20,1,30,WARMUP_2015_NOT_SCORED
51650,51649,2015-11-23,2015,2015-11-23,1,30,WARMUP_2015_NOT_SCORED
51748,51747,2015-11-23,2015,2015-11-23,1,30,WARMUP_2015_NOT_SCORED
51793,51792,2015-11-23,2015,2015-11-23,1,30,WARMUP_2015_NOT_SCORED
51816,51815,2015-11-23,2015,2015-11-23,-1,30,WARMUP_2015_NOT_SCORED
51846,51845,2015-11-24,2015,2015-11-24,-1,30,WARMUP_2015_NOT_SCORED
51912,51911,2015-11-24,2015,2015-11-24,-1,30,WARMUP_2015_NOT_SCORED
51971,51970,2015-11-24,2015,2015-11-24,-1,30,WARMUP_2015_NOT_SCORED
52126,52125,2015-11-25,2015,2015-11-25,1,30,WARMUP_2015_NOT_SCORED
52192,52191,2015-11-25,2015,2015-11-25,1,30,WARMUP_2015_NOT_SCORED
52289,52288,2015-11-25,2015,2015-11-25,1,30,WARMUP_2015_NOT_SCORED
52349,52348,2015-11-26,2015,2015-11-26,1,30,WARMUP_2015_NOT_SCORED
52511,52510,2015-11-26,2015,2015-11-26,1,30,WARMUP_2015_NOT_SCORED
52534,52533,2015-11-26,2015,2015-11-26,1,30,WARMUP_2015_NOT_SCORED
52606,52605,2015-11-27,2015,2015-11-27,-1,30,WARMUP_2015_NOT_SCORED
52701,52700,2015-11-27,2015,2015-11-27,-1,30,WARMUP_2015_NOT_SCORED
52717,52716,2015-11-27,2015,2015-11-27,-1,30,WARMUP_2015_NOT_SCORED
52747,52746,2015-11-27,2015,2015-11-27,-1,30,WARMUP_2015_NOT_SCORED
52763,52762,2015-11-27,2015,2015-11-27,-1,30,WARMUP_2015_NOT_SCORED
52804,52803,2015-11-30,2015,2015-11-30,-1,30,WARMUP_2015_NOT_SCORED
52893,52892,2015-11-30,2015,2015-11-30,-1,30,WARMUP_2015_NOT_SCORED
52904,52903,2015-11-30,2015,2015-11-30,-1,30,WARMUP_2015_NOT_SCORED
52931,52930,2015-11-30,2015,2015-11-30,-1,30,WARMUP_2015_NOT_SCORED
52955,52954,2015-11-30,2015,2015-11-30,-1,30,WARMUP_2015_NOT_SCORED
53015,53014,2015-11-30,2015,2015-11-30,1,30,WARMUP_2015_NOT_SCORED
53045,53044,2015-12-01,2015,2015-12-01,1,30,WARMUP_2015_NOT_SCORED
53054,53053,2015-12-01,2015,2015-12-01,1,30,WARMUP_2015_NOT_SCORED
53071,53070,2015-12-01,2015,2015-12-01,-1,30,WARMUP_2015_NOT_SCORED
53094,53093,2015-12-01,2015,2015-12-01,-1,30,WARMUP_2015_NOT_SCORED
53128,53127,2015-12-01,2015,2015-12-01,1,30,WARMUP_2015_NOT_SCORED
53236,53235,2015-12-01,2015,2015-12-01,1,30,WARMUP_2015_NOT_SCORED
53281,53280,2015-12-02,2015,2015-12-02,-1,30,WARMUP_2015_NOT_SCORED
53326,53325,2015-12-02,2015,2015-12-02,-1,30,WARMUP_2015_NOT_SCORED
53370,53369,2015-12-02,2015,2015-12-02,-1,30,WARMUP_2015_NOT_SCORED
53606,53605,2015-12-03,2015,2015-12-03,1,30,WARMUP_2015_NOT_SCORED
53723,53722,2015-12-03,2015,2015-12-03,1,30,WARMUP_2015_NOT_SCORED
53763,53762,2015-12-04,2015,2015-12-04,1,30,WARMUP_2015_NOT_SCORED
53788,53787,2015-12-04,2015,2015-12-04,1,30,WARMUP_2015_NOT_SCORED
53816,53815,2015-12-04,2015,2015-12-04,1,30,WARMUP_2015_NOT_SCORED
53879,53878,2015-12-04,2015,2015-12-04,1,30,WARMUP_2015_NOT_SCORED
54155,54154,2015-12-07,2015,2015-12-07,1,30,WARMUP_2015_NOT_SCORED
54244,54243,2015-12-08,2015,2015-12-08,1,30,WARMUP_2015_NOT_SCORED
54327,54326,2015-12-08,2015,2015-12-08,-1,30,WARMUP_2015_NOT_SCORED
54494,54493,2015-12-09,2015,2015-12-09,-1,30,WARMUP_2015_NOT_SCORED
54530,54529,2015-12-09,2015,2015-12-09,-1,30,WARMUP_2015_NOT_SCORED
54675,54674,2015-12-09,2015,2015-12-09,-1,30,WARMUP_2015_NOT_SCORED
54919,54918,2015-12-10,2015,2015-12-10,1,30,WARMUP_2015_NOT_SCORED
54943,54942,2015-12-10,2015,2015-12-10,1,30,WARMUP_2015_NOT_SCORED
55041,55040,2015-12-11,2015,2015-12-11,-1,30,WARMUP_2015_NOT_SCORED
55093,55092,2015-12-11,2015,2015-12-11,-1,30,WARMUP_2015_NOT_SCORED
55154,55153,2015-12-11,2015,2015-12-11,-1,30,WARMUP_2015_NOT_SCORED
55220,55219,2015-12-14,2015,2015-12-14,-1,30,WARMUP_2015_NOT_SCORED
55497,55496,2015-12-15,2015,2015-12-15,1,30,WARMUP_2015_NOT_SCORED
55636,55635,2015-12-15,2015,2015-12-15,1,30,WARMUP_2015_NOT_SCORED
55882,55881,2015-12-16,2015,2015-12-16,1,30,WARMUP_2015_NOT_SCORED
55995,55994,2015-12-17,2015,2015-12-17,1,30,WARMUP_2015_NOT_SCORED
56100,56099,2015-12-17,2015,2015-12-17,1,30,WARMUP_2015_NOT_SCORED
56138,56137,2015-12-17,2015,2015-12-17,1,30,WARMUP_2015_NOT_SCORED
56233,56232,2015-12-18,2015,2015-12-18,1,30,WARMUP_2015_NOT_SCORED
56761,56760,2015-12-22,2015,2015-12-22,1,30,WARMUP_2015_NOT_SCORED
56857,56856,2015-12-22,2015,2015-12-22,1,30,WARMUP_2015_NOT_SCORED
56935,56934,2015-12-23,2015,2015-12-23,1,30,WARMUP_2015_NOT_SCORED
57157,57156,2015-12-24,2015,2015-12-24,-1,30,WARMUP_2015_NOT_SCORED
57230,57229,2015-12-24,2015,2015-12-24,-1,30,WARMUP_2015_NOT_SCORED
57744,57743,2015-12-28,2015,2015-12-28,1,30,WARMUP_2015_NOT_SCORED
57758,57757,2015-12-28,2015,2015-12-28,1,30,WARMUP_2015_NOT_SCORED
57807,57806,2015-12-28,2015,2015-12-28,-1,30,WARMUP_2015_NOT_SCORED
57833,57832,2015-12-28,2015,2015-12-28,-1,30,WARMUP_2015_NOT_SCORED
57867,57866,2015-12-29,2015,2015-12-29,-1,30,WARMUP_2015_NOT_SCORED
57912,57911,2015-12-29,2015,2015-12-29,-1,30,WARMUP_2015_NOT_SCORED
58240,58239,2015-12-30,2015,2015-12-30,1,30,WARMUP_2015_NOT_SCORED
58374,58373,2015-12-31,2015,2015-12-31,1,30,WARMUP_2015_NOT_SCORED
58453,58452,2015-12-31,2015,2015-12-31,1,30,WARMUP_2015_NOT_SCORED
58513,58512,2015-12-31,2015,2015-12-31,-1,30,WARMUP_2015_NOT_SCORED
58593,58592,2016-01-04,2016,2016-01-04,-1,30,SCORED
58614,58613,2016-01-04,2016,2016-01-04,-1,30,SCORED
58713,58712,2016-01-05,2016,2016-01-05,-1,30,SCORED
58905,58904,2016-01-05,2016,2016-01-05,-1,30,SCORED
58931,58930,2016-01-05,2016,2016-01-05,1,30,SCORED
58964,58963,2016-01-06,2016,2016-01-06,1,30,SCORED
59016,59015,2016-01-06,2016,2016-01-06,1,30,SCORED
59125,59124,2016-01-06,2016,2016-01-06,1,30,SCORED
59173,59172,2016-01-06,2016,2016-01-06,1,30,SCORED
59187,59186,2016-01-07,2016,2016-01-07,1,30,SCORED
59204,59203,2016-01-08,2016,2016-01-08,-1,30,SCORED
59226,59225,2016-01-08,2016,2016-01-08,-1,30,SCORED
59237,59236,2016-01-08,2016,2016-01-08,1,30,SCORED
59270,59269,2016-01-08,2016,2016-01-08,1,30,SCORED
59338,59337,2016-01-08,2016,2016-01-08,1,30,SCORED
59378,59377,2016-01-08,2016,2016-01-08,1,30,SCORED
59447,59446,2016-01-11,2016,2016-01-11,-1,30,SCORED
59564,59563,2016-01-11,2016,2016-01-11,-1,30,SCORED
59588,59587,2016-01-11,2016,2016-01-11,-1,30,SCORED
59609,59608,2016-01-11,2016,2016-01-11,-1,30,SCORED
59659,59658,2016-01-11,2016,2016-01-11,-1,30,SCORED
59674,59673,2016-01-11,2016,2016-01-11,-1,30,SCORED
59697,59696,2016-01-12,2016,2016-01-12,-1,30,SCORED
59760,59759,2016-01-12,2016,2016-01-12,-1,30,SCORED
59865,59864,2016-01-12,2016,2016-01-12,1,30,SCORED
59996,59995,2016-01-13,2016,2016-01-13,1,30,SCORED
60065,60064,2016-01-13,2016,2016-01-13,-1,30,SCORED
60137,60136,2016-01-13,2016,2016-01-13,-1,30,SCORED
60156,60155,2016-01-13,2016,2016-01-13,-1,30,SCORED
60165,60164,2016-01-14,2016,2016-01-14,-1,30,SCORED
60331,60330,2016-01-14,2016,2016-01-14,1,30,SCORED
60371,60370,2016-01-14,2016,2016-01-14,1,30,SCORED
60404,60403,2016-01-15,2016,2016-01-15,1,30,SCORED
60449,60448,2016-01-15,2016,2016-01-15,1,30,SCORED
60536,60535,2016-01-15,2016,2016-01-15,-1,30,SCORED
60567,60566,2016-01-15,2016,2016-01-15,-1,30,SCORED
60612,60611,2016-01-15,2016,2016-01-15,-1,30,SCORED
60646,60645,2016-01-18,2016,2016-01-18,-1,30,SCORED
60667,60666,2016-01-18,2016,2016-01-18,1,30,SCORED
60718,60717,2016-01-18,2016,2016-01-18,1,30,SCORED
60743,60742,2016-01-18,2016,2016-01-18,-1,30,SCORED
60814,60813,2016-01-18,2016,2016-01-18,1,30,SCORED
60924,60923,2016-01-19,2016,2016-01-19,-1,30,SCORED
61057,61056,2016-01-19,2016,2016-01-19,1,30,SCORED
61095,61094,2016-01-19,2016,2016-01-19,1,30,SCORED
61124,61123,2016-01-20,2016,2016-01-20,1,30,SCORED
61189,61188,2016-01-20,2016,2016-01-20,1,30,SCORED
61271,61270,2016-01-20,2016,2016-01-20,-1,30,SCORED
61329,61328,2016-01-20,2016,2016-01-20,1,30,SCORED
61382,61381,2016-01-21,2016,2016-01-21,-1,30,SCORED
61534,61533,2016-01-21,2016,2016-01-21,-1,30,SCORED
61557,61556,2016-01-21,2016,2016-01-21,-1,30,SCORED
61582,61581,2016-01-21,2016,2016-01-21,-1,30,SCORED
61594,61593,2016-01-21,2016,2016-01-21,-1,30,SCORED
61603,61602,2016-01-22,2016,2016-01-22,-1,30,SCORED
61633,61632,2016-01-22,2016,2016-01-22,-1,30,SCORED
61657,61656,2016-01-22,2016,2016-01-22,-1,30,SCORED
61755,61754,2016-01-22,2016,2016-01-22,-1,30,SCORED
61816,61815,2016-01-22,2016,2016-01-22,1,30,SCORED
61861,61860,2016-01-25,2016,2016-01-25,1,30,SCORED
61907,61906,2016-01-25,2016,2016-01-25,1,30,SCORED
62008,62007,2016-01-25,2016,2016-01-25,1,30,SCORED
62114,62113,2016-01-26,2016,2016-01-26,-1,30,SCORED
62222,62221,2016-01-26,2016,2016-01-26,-1,30,SCORED
62238,62237,2016-01-26,2016,2016-01-26,-1,30,SCORED
62270,62269,2016-01-26,2016,2016-01-26,-1,30,SCORED
62296,62295,2016-01-26,2016,2016-01-26,-1,30,SCORED
62314,62313,2016-01-26,2016,2016-01-26,-1,30,SCORED
62337,62336,2016-01-27,2016,2016-01-27,-1,30,SCORED
62356,62355,2016-01-27,2016,2016-01-27,-1,30,SCORED
62372,62371,2016-01-27,2016,2016-01-27,-1,30,SCORED
62390,62389,2016-01-27,2016,2016-01-27,-1,30,SCORED
62432,62431,2016-01-27,2016,2016-01-27,-1,30,SCORED
62463,62462,2016-01-27,2016,2016-01-27,-1,30,SCORED
62507,62506,2016-01-27,2016,2016-01-27,1,30,SCORED
62537,62536,2016-01-27,2016,2016-01-27,1,30,SCORED
62804,62803,2016-01-29,2016,2016-01-29,-1,30,SCORED
62922,62921,2016-01-29,2016,2016-01-29,1,30,SCORED
62967,62966,2016-01-29,2016,2016-01-29,1,30,SCORED
62996,62995,2016-01-29,2016,2016-01-29,1,30,SCORED
63017,63016,2016-01-29,2016,2016-01-29,1,30,SCORED
63044,63043,2016-02-01,2016,2016-02-01,1,30,SCORED
63241,63240,2016-02-01,2016,2016-02-01,-1,30,SCORED
63484,63483,2016-02-02,2016,2016-02-02,1,30,SCORED
63900,63899,2016-02-04,2016,2016-02-04,1,30,SCORED
63992,63991,2016-02-04,2016,2016-02-04,-1,30,SCORED
64033,64032,2016-02-05,2016,2016-02-05,1,30,SCORED
64088,64087,2016-02-05,2016,2016-02-05,1,30,SCORED
64225,64224,2016-02-05,2016,2016-02-05,-1,30,SCORED
64257,64256,2016-02-15,2016,2016-02-15,-1,30,SCORED
64654,64653,2016-02-16,2016,2016-02-16,1,30,SCORED
64693,64692,2016-02-16,2016,2016-02-16,1,30,SCORED
64763,64762,2016-02-17,2016,2016-02-17,1,30,SCORED
64935,64934,2016-02-17,2016,2016-02-17,1,30,SCORED
64978,64977,2016-02-18,2016,2016-02-18,1,30,SCORED
65025,65024,2016-02-18,2016,2016-02-18,1,30,SCORED
65410,65409,2016-02-19,2016,2016-02-19,1,30,SCORED
65471,65470,2016-02-22,2016,2016-02-22,1,30,SCORED
65647,65646,2016-02-22,2016,2016-02-22,1,30,SCORED
65718,65717,2016-02-23,2016,2016-02-23,1,30,SCORED
65820,65819,2016-02-23,2016,2016-02-23,1,30,SCORED
65889,65888,2016-02-23,2016,2016-02-23,-1,30,SCORED
66178,66177,2016-02-25,2016,2016-02-25,1,30,SCORED
66229,66228,2016-02-25,2016,2016-02-25,1,30,SCORED
66309,66308,2016-02-25,2016,2016-02-25,-1,30,SCORED
66404,66403,2016-02-26,2016,2016-02-26,-1,30,SCORED
66436,66435,2016-02-26,2016,2016-02-26,-1,30,SCORED
66554,66553,2016-02-26,2016,2016-02-26,-1,30,SCORED
66620,66619,2016-02-26,2016,2016-02-26,1,30,SCORED
66665,66664,2016-02-29,2016,2016-02-29,-1,30,SCORED
66686,66685,2016-02-29,2016,2016-02-29,-1,30,SCORED
66775,66774,2016-02-29,2016,2016-02-29,1,30,SCORED
66825,66824,2016-02-29,2016,2016-02-29,-1,30,SCORED
66867,66866,2016-02-29,2016,2016-02-29,-1,30,SCORED
66902,66901,2016-03-01,2016,2016-03-01,1,30,SCORED
66943,66942,2016-03-01,2016,2016-03-01,1,30,SCORED
66978,66977,2016-03-01,2016,2016-03-01,1,30,SCORED
67125,67124,2016-03-02,2016,2016-03-02,1,30,SCORED
67157,67156,2016-03-02,2016,2016-03-02,1,30,SCORED
67197,67196,2016-03-02,2016,2016-03-02,1,30,SCORED
67322,67321,2016-03-02,2016,2016-03-02,1,30,SCORED
67387,67386,2016-03-03,2016,2016-03-03,1,30,SCORED
67415,67414,2016-03-03,2016,2016-03-03,1,30,SCORED
67458,67457,2016-03-03,2016,2016-03-03,1,30,SCORED
67576,67575,2016-03-03,2016,2016-03-03,-1,30,SCORED
67615,67614,2016-03-04,2016,2016-03-04,-1,30,SCORED
67664,67663,2016-03-04,2016,2016-03-04,-1,30,SCORED
67752,67751,2016-03-04,2016,2016-03-04,-1,30,SCORED
68102,68101,2016-03-08,2016,2016-03-08,-1,30,SCORED
68269,68268,2016-03-08,2016,2016-03-08,1,30,SCORED
68303,68302,2016-03-08,2016,2016-03-08,1,30,SCORED
68354,68353,2016-03-09,2016,2016-03-09,-1,30,SCORED
68635,68634,2016-03-10,2016,2016-03-10,-1,30,SCORED
68819,68818,2016-03-11,2016,2016-03-11,-1,30,SCORED
68981,68980,2016-03-11,2016,2016-03-11,1,30,SCORED
69046,69045,2016-03-14,2016,2016-03-14,1,30,SCORED
69203,69202,2016-03-14,2016,2016-03-14,1,30,SCORED
69284,69283,2016-03-15,2016,2016-03-15,1,30,SCORED
69907,69906,2016-03-17,2016,2016-03-17,1,30,SCORED
69984,69983,2016-03-17,2016,2016-03-17,1,30,SCORED
70081,70080,2016-03-18,2016,2016-03-18,1,30,SCORED
70159,70158,2016-03-18,2016,2016-03-18,1,30,SCORED
70296,70295,2016-03-21,2016,2016-03-21,1,30,SCORED
70382,70381,2016-03-21,2016,2016-03-21,1,30,SCORED
70485,70484,2016-03-22,2016,2016-03-22,1,30,SCORED
70573,70572,2016-03-22,2016,2016-03-22,1,30,SCORED
70689,70688,2016-03-22,2016,2016-03-22,1,30,SCORED
70795,70794,2016-03-23,2016,2016-03-23,-1,30,SCORED
70833,70832,2016-03-23,2016,2016-03-23,-1,30,SCORED
70860,70859,2016-03-23,2016,2016-03-23,1,30,SCORED
70928,70927,2016-03-23,2016,2016-03-23,-1,30,SCORED
70972,70971,2016-03-24,2016,2016-03-24,1,30,SCORED
71031,71030,2016-03-24,2016,2016-03-24,-1,30,SCORED
71161,71160,2016-03-24,2016,2016-03-24,1,30,SCORED
71190,71189,2016-03-24,2016,2016-03-24,1,30,SCORED
71216,71215,2016-03-25,2016,2016-03-25,-1,30,SCORED
71242,71241,2016-03-25,2016,2016-03-25,-1,30,SCORED
71353,71352,2016-03-25,2016,2016-03-25,-1,30,SCORED
71413,71412,2016-03-25,2016,2016-03-25,-1,30,SCORED
71485,71484,2016-03-28,2016,2016-03-28,1,30,SCORED
71623,71622,2016-03-28,2016,2016-03-28,-1,30,SCORED
71649,71648,2016-03-28,2016,2016-03-28,-1,30,SCORED
71670,71669,2016-03-28,2016,2016-03-28,-1,30,SCORED
71734,71733,2016-03-29,2016,2016-03-29,-1,30,SCORED
71845,71844,2016-03-29,2016,2016-03-29,-1,30,SCORED
71987,71986,2016-03-30,2016,2016-03-30,1,30,SCORED
72186,72185,2016-03-31,2016,2016-03-31,1,30,SCORED
72257,72256,2016-03-31,2016,2016-03-31,1,30,SCORED
72343,72342,2016-03-31,2016,2016-03-31,1,30,SCORED
72361,72360,2016-03-31,2016,2016-03-31,1,30,SCORED
72385,72384,2016-03-31,2016,2016-03-31,-1,30,SCORED
72415,72414,2016-04-01,2016,2016-04-01,-1,30,SCORED
72439,72438,2016-04-01,2016,2016-04-01,-1,30,SCORED
72462,72461,2016-04-01,2016,2016-04-01,-1,30,SCORED
72494,72493,2016-04-01,2016,2016-04-01,-1,30,SCORED
72557,72556,2016-04-01,2016,2016-04-01,-1,30,SCORED
72727,72726,2016-04-05,2016,2016-04-05,1,30,SCORED
72841,72840,2016-04-05,2016,2016-04-05,1,30,SCORED
72875,72874,2016-04-05,2016,2016-04-05,1,30,SCORED
72903,72902,2016-04-06,2016,2016-04-06,1,30,SCORED
72945,72944,2016-04-06,2016,2016-04-06,1,30,SCORED
73129,73128,2016-04-07,2016,2016-04-07,-1,30,SCORED
73157,73156,2016-04-07,2016,2016-04-07,1,30,SCORED
73200,73199,2016-04-07,2016,2016-04-07,1,30,SCORED
73219,73218,2016-04-07,2016,2016-04-07,1,30,SCORED
73269,73268,2016-04-07,2016,2016-04-07,-1,30,SCORED
73390,73389,2016-04-08,2016,2016-04-08,-1,30,SCORED
73523,73522,2016-04-08,2016,2016-04-08,-1,30,SCORED
73566,73565,2016-04-08,2016,2016-04-08,1,30,SCORED
73824,73823,2016-04-11,2016,2016-04-11,1,30,SCORED
74322,74321,2016-04-14,2016,2016-04-14,1,30,SCORED
74613,74612,2016-04-15,2016,2016-04-15,1,30,SCORED
74782,74781,2016-04-15,2016,2016-04-15,1,30,SCORED
75036,75035,2016-04-18,2016,2016-04-18,-1,30,SCORED
75419,75418,2016-04-20,2016,2016-04-20,-1,30,SCORED
75787,75786,2016-04-22,2016,2016-04-22,-1,30,SCORED
76093,76092,2016-04-25,2016,2016-04-25,-1,30,SCORED
76167,76166,2016-04-25,2016,2016-04-25,-1,30,SCORED
76343,76342,2016-04-26,2016,2016-04-26,1,30,SCORED
76513,76512,2016-04-27,2016,2016-04-27,1,30,SCORED
76633,76632,2016-04-27,2016,2016-04-27,1,30,SCORED
76836,76835,2016-04-28,2016,2016-04-28,1,30,SCORED
76899,76898,2016-04-28,2016,2016-04-28,-1,30,SCORED
77561,77560,2016-05-04,2016,2016-05-04,1,30,SCORED
77697,77696,2016-05-05,2016,2016-05-05,1,30,SCORED
77802,77801,2016-05-05,2016,2016-05-05,1,30,SCORED
77869,77868,2016-05-05,2016,2016-05-05,-1,30,SCORED
77949,77948,2016-05-06,2016,2016-05-06,-1,30,SCORED
78067,78066,2016-05-06,2016,2016-05-06,-1,30,SCORED
78126,78125,2016-05-06,2016,2016-05-06,-1,30,SCORED
78187,78186,2016-05-09,2016,2016-05-09,-1,30,SCORED
78253,78252,2016-05-09,2016,2016-05-09,-1,30,SCORED
78342,78341,2016-05-09,2016,2016-05-09,-1,30,SCORED
78410,78409,2016-05-10,2016,2016-05-10,-1,30,SCORED
78502,78501,2016-05-10,2016,2016-05-10,-1,30,SCORED
78774,78773,2016-05-11,2016,2016-05-11,-1,30,SCORED
78909,78908,2016-05-12,2016,2016-05-12,-1,30,SCORED
79666,79665,2016-05-17,2016,2016-05-17,1,30,SCORED
80015,80014,2016-05-18,2016,2016-05-18,-1,30,SCORED
80106,80105,2016-05-19,2016,2016-05-19,-1,30,SCORED
80287,80286,2016-05-19,2016,2016-05-19,1,30,SCORED
80691,80690,2016-05-23,2016,2016-05-23,1,30,SCORED
80866,80865,2016-05-24,2016,2016-05-24,1,30,SCORED
81235,81234,2016-05-25,2016,2016-05-25,1,30,SCORED
81330,81329,2016-05-26,2016,2016-05-26,-1,30,SCORED
81505,81504,2016-05-26,2016,2016-05-26,-1,30,SCORED
81522,81521,2016-05-27,2016,2016-05-27,-1,30,SCORED
81561,81560,2016-05-27,2016,2016-05-27,-1,30,SCORED
81605,81604,2016-05-27,2016,2016-05-27,-1,30,SCORED
81667,81666,2016-05-27,2016,2016-05-27,1,30,SCORED
81869,81868,2016-05-30,2016,2016-05-30,-1,30,SCORED
82108,82107,2016-05-31,2016,2016-05-31,1,30,SCORED
82257,82256,2016-06-01,2016,2016-06-01,1,30,SCORED
82289,82288,2016-06-01,2016,2016-06-01,1,30,SCORED
82409,82408,2016-06-01,2016,2016-06-01,1,30,SCORED
82612,82611,2016-06-02,2016,2016-06-02,1,30,SCORED
82699,82698,2016-06-02,2016,2016-06-02,1,30,SCORED
82759,82758,2016-06-03,2016,2016-06-03,1,30,SCORED
82944,82943,2016-06-03,2016,2016-06-03,1,30,SCORED
83132,83131,2016-06-06,2016,2016-06-06,1,30,SCORED
83796,83795,2016-06-13,2016,2016-06-13,-1,30,SCORED
83889,83888,2016-06-13,2016,2016-06-13,-1,30,SCORED
83905,83904,2016-06-13,2016,2016-06-13,-1,30,SCORED
83930,83929,2016-06-14,2016,2016-06-14,-1,30,SCORED
83964,83963,2016-06-14,2016,2016-06-14,-1,30,SCORED
84085,84084,2016-06-14,2016,2016-06-14,-1,30,SCORED
84398,84397,2016-06-15,2016,2016-06-15,1,30,SCORED
84474,84473,2016-06-16,2016,2016-06-16,1,30,SCORED
84588,84587,2016-06-16,2016,2016-06-16,1,30,SCORED
84740,84739,2016-06-17,2016,2016-06-17,1,30,SCORED
85290,85289,2016-06-21,2016,2016-06-21,1,30,SCORED
85371,85370,2016-06-22,2016,2016-06-22,-1,30,SCORED
85641,85640,2016-06-23,2016,2016-06-23,1,30,SCORED
85728,85727,2016-06-23,2016,2016-06-23,1,30,SCORED
85996,85995,2016-06-24,2016,2016-06-24,-1,30,SCORED
86054,86053,2016-06-24,2016,2016-06-24,1,30,SCORED
86373,86372,2016-06-28,2016,2016-06-28,1,30,SCORED
86509,86508,2016-06-28,2016,2016-06-28,1,30,SCORED
86591,86590,2016-06-29,2016,2016-06-29,1,30,SCORED
87638,87637,2016-07-05,2016,2016-07-05,1,30,SCORED
87758,87757,2016-07-05,2016,2016-07-05,1,30,SCORED
87976,87975,2016-07-06,2016,2016-07-06,1,30,SCORED
88061,88060,2016-07-07,2016,2016-07-07,1,30,SCORED
88273,88272,2016-07-08,2016,2016-07-08,1,30,SCORED
88482,88481,2016-07-11,2016,2016-07-11,1,30,SCORED
88976,88975,2016-07-13,2016,2016-07-13,-1,30,SCORED
89190,89189,2016-07-13,2016,2016-07-13,1,30,SCORED
89413,89412,2016-07-14,2016,2016-07-14,1,30,SCORED
89560,89559,2016-07-15,2016,2016-07-15,1,30,SCORED
89617,89616,2016-07-15,2016,2016-07-15,1,30,SCORED
89887,89886,2016-07-18,2016,2016-07-18,-1,30,SCORED
90711,90710,2016-07-22,2016,2016-07-22,1,30,SCORED
90797,90796,2016-07-22,2016,2016-07-22,1,30,SCORED
91025,91024,2016-07-25,2016,2016-07-25,-1,30,SCORED
91514,91513,2016-07-27,2016,2016-07-27,-1,30,SCORED
91765,91764,2016-07-28,2016,2016-07-28,-1,30,SCORED
92122,92121,2016-08-01,2016,2016-08-01,-1,30,SCORED
92158,92157,2016-08-01,2016,2016-08-01,-1,30,SCORED
93256,93255,2016-08-05,2016,2016-08-05,1,30,SCORED
93745,93744,2016-08-09,2016,2016-08-09,1,30,SCORED
93818,93817,2016-08-10,2016,2016-08-10,1,30,SCORED
93976,93975,2016-08-10,2016,2016-08-10,1,30,SCORED
95449,95448,2016-08-19,2016,2016-08-19,1,30,SCORED
95826,95825,2016-08-22,2016,2016-08-22,1,30,SCORED
96091,96090,2016-08-23,2016,2016-08-23,-1,30,SCORED
96237,96236,2016-08-24,2016,2016-08-24,-1,30,SCORED
96470,96469,2016-08-25,2016,2016-08-25,-1,30,SCORED
96919,96918,2016-08-29,2016,2016-08-29,1,30,SCORED
97432,97431,2016-08-31,2016,2016-08-31,1,30,SCORED
97551,97550,2016-08-31,2016,2016-08-31,-1,30,SCORED
97866,97865,2016-09-02,2016,2016-09-02,-1,30,SCORED
98196,98195,2016-09-05,2016,2016-09-05,-1,30,SCORED
98820,98819,2016-09-08,2016,2016-09-08,1,30,SCORED
99343,99342,2016-09-12,2016,2016-09-12,-1,30,SCORED
99452,99451,2016-09-12,2016,2016-09-12,-1,30,SCORED
99497,99496,2016-09-12,2016,2016-09-12,-1,30,SCORED
99531,99530,2016-09-13,2016,2016-09-13,-1,30,SCORED
99877,99876,2016-09-14,2016,2016-09-14,-1,30,SCORED
100362,100361,2016-09-20,2016,2016-09-20,1,30,SCORED
101280,101279,2016-09-26,2016,2016-09-26,1,30,SCORED
101780,101779,2016-09-28,2016,2016-09-28,-1,30,SCORED
103518,103517,2016-10-14,2016,2016-10-14,1,30,SCORED
104322,104321,2016-10-20,2016,2016-10-20,1,30,SCORED
104821,104820,2016-10-24,2016,2016-10-24,-1,30,SCORED
105419,105418,2016-10-26,2016,2016-10-26,1,30,SCORED
106082,106081,2016-10-31,2016,2016-10-31,1,30,SCORED
106572,106571,2016-11-02,2016,2016-11-02,-1,30,SCORED
106968,106967,2016-11-04,2016,2016-11-04,1,30,SCORED
107902,107901,2016-11-09,2016,2016-11-09,-1,30,SCORED
108619,108618,2016-11-14,2016,2016-11-14,1,30,SCORED
108827,108826,2016-11-15,2016,2016-11-15,1,30,SCORED
109272,109271,2016-11-17,2016,2016-11-17,1,30,SCORED
110234,110233,2016-11-23,2016,2016-11-23,1,30,SCORED
110823,110822,2016-11-28,2016,2016-11-28,-1,30,SCORED
112103,112102,2016-12-05,2016,2016-12-05,-1,30,SCORED
113489,113488,2016-12-13,2016,2016-12-13,-1,30,SCORED
113768,113767,2016-12-14,2016,2016-12-14,1,30,SCORED
113924,113923,2016-12-15,2016,2016-12-15,1,30,SCORED
114134,114133,2016-12-15,2016,2016-12-15,1,30,SCORED
114340,114339,2016-12-16,2016,2016-12-16,1,30,SCORED
114424,114423,2016-12-19,2016,2016-12-19,1,30,SCORED
115117,115116,2016-12-21,2016,2016-12-21,1,30,SCORED
115281,115280,2016-12-22,2016,2016-12-22,1,30,SCORED
115579,115578,2016-12-23,2016,2016-12-23,1,30,SCORED
115696,115695,2016-12-26,2016,2016-12-26,1,30,SCORED
115890,115889,2016-12-27,2016,2016-12-27,-1,30,SCORED
117833,117832,2017-01-09,2017,2017-01-09,1,30,SCORED
118726,118725,2017-01-13,2017,2017-01-13,-1,30,SCORED
118859,118858,2017-01-13,2017,2017-01-13,-1,30,SCORED
119018,119017,2017-01-16,2017,2017-01-16,-1,30,SCORED
119144,119143,2017-01-16,2017,2017-01-16,-1,30,SCORED
119202,119201,2017-01-17,2017,2017-01-17,-1,30,SCORED
120559,120558,2017-01-24,2017,2017-01-24,1,30,SCORED
121268,121267,2017-02-03,2017,2017-02-03,1,30,SCORED
121785,121784,2017-02-07,2017,2017-02-07,1,30,SCORED
122467,122466,2017-02-10,2017,2017-02-10,1,30,SCORED
123013,123012,2017-02-14,2017,2017-02-14,1,30,SCORED
123157,123156,2017-02-15,2017,2017-02-15,1,30,SCORED
125219,125218,2017-02-28,2017,2017-02-28,1,30,SCORED
125800,125799,2017-03-02,2017,2017-03-02,1,30,SCORED
127022,127021,2017-03-09,2017,2017-03-09,1,30,SCORED
128613,128612,2017-03-20,2017,2017-03-20,1,30,SCORED
129551,129550,2017-03-24,2017,2017-03-24,-1,30,SCORED
130438,130437,2017-03-29,2017,2017-03-29,-1,30,SCORED
130670,130669,2017-03-30,2017,2017-03-30,-1,30,SCORED
131929,131928,2017-04-11,2017,2017-04-11,1,30,SCORED
132960,132959,2017-04-17,2017,2017-04-17,-1,30,SCORED
133096,133095,2017-04-17,2017,2017-04-17,-1,30,SCORED
133165,133164,2017-04-18,2017,2017-04-18,-1,30,SCORED
133459,133458,2017-04-19,2017,2017-04-19,-1,30,SCORED
133511,133510,2017-04-19,2017,2017-04-19,-1,30,SCORED
133646,133645,2017-04-20,2017,2017-04-20,-1,30,SCORED
133912,133911,2017-04-21,2017,2017-04-21,-1,30,SCORED
134167,134166,2017-04-24,2017,2017-04-24,-1,30,SCORED
134303,134302,2017-04-24,2017,2017-04-24,-1,30,SCORED
134335,134334,2017-04-25,2017,2017-04-25,-1,30,SCORED
134476,134475,2017-04-25,2017,2017-04-25,-1,30,SCORED
134862,134861,2017-04-27,2017,2017-04-27,-1,30,SCORED
135736,135735,2017-05-03,2017,2017-05-03,1,30,SCORED
136043,136042,2017-05-05,2017,2017-05-05,1,30,SCORED
136309,136308,2017-05-08,2017,2017-05-08,-1,30,SCORED
136445,136444,2017-05-08,2017,2017-05-08,-1,30,SCORED
136493,136492,2017-05-09,2017,2017-05-09,-1,30,SCORED
136544,136543,2017-05-09,2017,2017-05-09,-1,30,SCORED
136630,136629,2017-05-09,2017,2017-05-09,-1,30,SCORED
137003,137002,2017-05-11,2017,2017-05-11,-1,30,SCORED
137070,137069,2017-05-11,2017,2017-05-11,-1,30,SCORED
137202,137201,2017-05-12,2017,2017-05-12,-1,30,SCORED
137608,137607,2017-05-15,2017,2017-05-15,1,30,SCORED
137737,137736,2017-05-16,2017,2017-05-16,1,30,SCORED
138165,138164,2017-05-18,2017,2017-05-18,1,30,SCORED
138936,138935,2017-05-23,2017,2017-05-23,-1,30,SCORED
139047,139046,2017-05-23,2017,2017-05-23,-1,30,SCORED
139200,139199,2017-05-24,2017,2017-05-24,-1,30,SCORED
140366,140365,2017-06-02,2017,2017-06-02,-1,30,SCORED
141619,141618,2017-06-09,2017,2017-06-09,1,30,SCORED
143481,143480,2017-06-21,2017,2017-06-21,1,30,SCORED
144795,144794,2017-06-28,2017,2017-06-28,-1,30,SCORED
145850,145849,2017-07-05,2017,2017-07-05,1,30,SCORED
146229,146228,2017-07-06,2017,2017-07-06,1,30,SCORED
146701,146700,2017-07-10,2017,2017-07-10,1,30,SCORED
146975,146974,2017-07-11,2017,2017-07-11,1,30,SCORED
147225,147224,2017-07-12,2017,2017-07-12,-1,30,SCORED
147809,147808,2017-07-17,2017,2017-07-17,-1,30,SCORED
148027,148026,2017-07-18,2017,2017-07-18,-1,30,SCORED
148119,148118,2017-07-18,2017,2017-07-18,-1,30,SCORED
149322,149321,2017-07-25,2017,2017-07-25,1,30,SCORED
150061,150060,2017-07-28,2017,2017-07-28,1,30,SCORED
150223,150222,2017-07-31,2017,2017-07-31,1,30,SCORED
150485,150484,2017-08-01,2017,2017-08-01,1,30,SCORED
151841,151840,2017-08-08,2017,2017-08-09,1,30,SCORED
151992,151991,2017-08-09,2017,2017-08-09,1,30,SCORED
152216,152215,2017-08-10,2017,2017-08-10,1,30,SCORED
152398,152397,2017-08-11,2017,2017-08-11,-1,30,SCORED
152522,152521,2017-08-11,2017,2017-08-11,-1,30,SCORED
153538,153537,2017-08-18,2017,2017-08-18,1,30,SCORED
154112,154111,2017-08-22,2017,2017-08-22,1,30,SCORED
155168,155167,2017-08-28,2017,2017-08-28,-1,30,SCORED
157137,157136,2017-09-08,2017,2017-09-08,1,30,SCORED
157983,157982,2017-09-13,2017,2017-09-13,1,30,SCORED
159724,159723,2017-09-22,2017,2017-09-22,-1,30,SCORED
160168,160167,2017-09-26,2017,2017-09-26,-1,30,SCORED
160693,160692,2017-09-28,2017,2017-09-28,-1,30,SCORED
161895,161894,2017-10-12,2017,2017-10-12,1,30,SCORED
163077,163076,2017-10-19,2017,2017-10-19,-1,30,SCORED
164710,164709,2017-10-30,2017,2017-10-30,-1,30,SCORED
165787,165786,2017-11-06,2017,2017-11-06,-1,30,SCORED
166983,166982,2017-11-13,2017,2017-11-13,-1,30,SCORED
167229,167228,2017-11-14,2017,2017-11-14,-1,30,SCORED
167417,167416,2017-11-14,2017,2017-11-14,1,30,SCORED
168260,168259,2017-11-20,2017,2017-11-20,-1,30,SCORED
169526,169525,2017-11-27,2017,2017-11-27,-1,30,SCORED
169650,169649,2017-11-28,2017,2017-11-28,-1,30,SCORED
169958,169957,2017-11-29,2017,2017-11-29,1,30,SCORED
170110,170109,2017-11-30,2017,2017-11-30,1,30,SCORED
170337,170336,2017-12-01,2017,2017-12-01,1,30,SCORED
170606,170605,2017-12-04,2017,2017-12-04,1,30,SCORED
171083,171082,2017-12-06,2017,2017-12-06,-1,30,SCORED
172296,172295,2017-12-13,2017,2017-12-13,1,30,SCORED
173922,173921,2017-12-22,2017,2017-12-22,-1,30,SCORED
174448,174447,2017-12-26,2017,2017-12-26,-1,30,SCORED
174824,174823,2017-12-27,2017,2017-12-27,-1,30,SCORED
176400,176399,2018-01-08,2018,2018-01-08,1,30,SCORED
177932,177931,2018-01-16,2018,2018-01-16,-1,30,SCORED
178058,178057,2018-01-17,2018,2018-01-17,-1,30,SCORED
178357,178356,2018-01-18,2018,2018-01-18,-1,30,SCORED
179733,179732,2018-01-26,2018,2018-01-26,1,30,SCORED
180068,180067,2018-01-29,2018,2018-01-29,1,30,SCORED
180539,180538,2018-01-31,2018,2018-01-31,-1,30,SCORED
180660,180659,2018-02-01,2018,2018-02-01,-1,30,SCORED
180817,180816,2018-02-01,2018,2018-02-01,-1,30,SCORED
180985,180984,2018-02-02,2018,2018-02-02,-1,30,SCORED
181518,181517,2018-02-06,2018,2018-02-06,-1,30,SCORED
181604,181603,2018-02-07,2018,2018-02-07,-1,30,SCORED
181713,181712,2018-02-07,2018,2018-02-07,-1,30,SCORED
182221,182220,2018-02-09,2018,2018-02-09,-1,30,SCORED
182865,182864,2018-02-14,2018,2018-02-14,1,30,SCORED
183456,183455,2018-02-23,2018,2018-02-23,1,30,SCORED
183576,183575,2018-02-26,2018,2018-02-26,1,30,SCORED
183951,183950,2018-02-27,2018,2018-02-27,1,30,SCORED
184184,184183,2018-02-28,2018,2018-02-28,1,30,SCORED
184450,184449,2018-03-01,2018,2018-03-01,1,30,SCORED
184487,184486,2018-03-02,2018,2018-03-02,1,30,SCORED
184531,184530,2018-03-02,2018,2018-03-02,1,30,SCORED
184639,184638,2018-03-02,2018,2018-03-02,1,30,SCORED
185452,185451,2018-03-08,2018,2018-03-08,1,30,SCORED
186088,186087,2018-03-12,2018,2018-03-12,1,30,SCORED
186212,186211,2018-03-13,2018,2018-03-13,1,30,SCORED
186413,186412,2018-03-14,2018,2018-03-14,1,30,SCORED
187698,187697,2018-03-21,2018,2018-03-21,-1,30,SCORED
187788,187787,2018-03-21,2018,2018-03-21,-1,30,SCORED
187847,187846,2018-03-22,2018,2018-03-22,1,30,SCORED
187932,187931,2018-03-22,2018,2018-03-22,1,30,SCORED
188035,188034,2018-03-22,2018,2018-03-22,-1,30,SCORED
188147,188146,2018-03-23,2018,2018-03-23,-1,30,SCORED
188242,188241,2018-03-23,2018,2018-03-23,-1,30,SCORED
188461,188460,2018-03-26,2018,2018-03-26,1,30,SCORED
188778,188777,2018-03-27,2018,2018-03-27,1,30,SCORED
189572,189571,2018-04-02,2018,2018-04-02,1,30,SCORED
189766,189765,2018-04-03,2018,2018-04-03,1,30,SCORED
190412,190411,2018-04-09,2018,2018-04-09,-1,30,SCORED
191694,191693,2018-04-17,2018,2018-04-17,-1,30,SCORED
191858,191857,2018-04-17,2018,2018-04-17,-1,30,SCORED
191925,191924,2018-04-18,2018,2018-04-18,-1,30,SCORED
191976,191975,2018-04-18,2018,2018-04-18,-1,30,SCORED
192439,192438,2018-04-20,2018,2018-04-20,1,30,SCORED
192893,192892,2018-04-24,2018,2018-04-24,-1,30,SCORED
193472,193471,2018-04-26,2018,2018-04-26,1,30,SCORED
194322,194321,2018-05-04,2018,2018-05-04,-1,30,SCORED
194413,194412,2018-05-04,2018,2018-05-04,-1,30,SCORED
194518,194517,2018-05-04,2018,2018-05-04,-1,30,SCORED
195681,195680,2018-05-11,2018,2018-05-11,1,30,SCORED
197772,197771,2018-05-24,2018,2018-05-24,1,30,SCORED
198024,198023,2018-05-25,2018,2018-05-25,1,30,SCORED
198337,198336,2018-05-28,2018,2018-05-28,-1,30,SCORED
198617,198616,2018-05-29,2018,2018-05-29,-1,30,SCORED
198686,198685,2018-05-30,2018,2018-05-30,-1,30,SCORED
198839,198838,2018-05-30,2018,2018-05-30,-1,30,SCORED
198908,198907,2018-05-31,2018,2018-05-31,-1,30,SCORED
199323,199322,2018-06-01,2018,2018-06-01,1,30,SCORED
199351,199350,2018-06-01,2018,2018-06-01,1,30,SCORED
199368,199367,2018-06-04,2018,2018-06-04,-1,30,SCORED
199583,199582,2018-06-04,2018,2018-06-04,-1,30,SCORED
200258,200257,2018-06-07,2018,2018-06-07,1,30,SCORED
200562,200561,2018-06-11,2018,2018-06-11,-1,30,SCORED
200816,200815,2018-06-12,2018,2018-06-12,-1,30,SCORED
201042,201041,2018-06-13,2018,2018-06-13,-1,30,SCORED
201337,201336,2018-06-14,2018,2018-06-14,-1,30,SCORED
201534,201533,2018-06-15,2018,2018-06-15,-1,30,SCORED
201580,201579,2018-06-15,2018,2018-06-15,-1,30,SCORED
201621,201620,2018-06-15,2018,2018-06-15,-1,30,SCORED
201704,201703,2018-06-15,2018,2018-06-15,-1,30,SCORED
201784,201783,2018-06-19,2018,2018-06-19,-1,30,SCORED
201879,201878,2018-06-19,2018,2018-06-19,-1,30,SCORED
202002,202001,2018-06-20,2018,2018-06-20,-1,30,SCORED
202114,202113,2018-06-20,2018,2018-06-20,1,30,SCORED
202377,202376,2018-06-21,2018,2018-06-21,1,30,SCORED
202537,202536,2018-06-22,2018,2018-06-22,-1,30,SCORED
204151,204150,2018-07-02,2018,2018-07-02,1,30,SCORED
204696,204695,2018-07-05,2018,2018-07-05,1,30,SCORED
204724,204723,2018-07-05,2018,2018-07-05,-1,30,SCORED
204793,204792,2018-07-05,2018,2018-07-05,-1,30,SCORED
204824,204823,2018-07-05,2018,2018-07-05,-1,30,SCORED
204848,204847,2018-07-05,2018,2018-07-05,-1,30,SCORED
204903,204902,2018-07-06,2018,2018-07-06,-1,30,SCORED
204939,204938,2018-07-06,2018,2018-07-06,-1,30,SCORED
205021,205020,2018-07-06,2018,2018-07-06,-1,30,SCORED
205122,205121,2018-07-09,2018,2018-07-09,1,30,SCORED
205483,205482,2018-07-10,2018,2018-07-10,1,30,SCORED
205679,205678,2018-07-11,2018,2018-07-11,-1,30,SCORED
206641,206640,2018-07-17,2018,2018-07-17,1,30,SCORED
206854,206853,2018-07-18,2018,2018-07-18,1,30,SCORED
207052,207051,2018-07-19,2018,2018-07-19,1,30,SCORED
207111,207110,2018-07-19,2018,2018-07-19,1,30,SCORED
207375,207374,2018-07-20,2018,2018-07-20,-1,30,SCORED
208100,208099,2018-07-25,2018,2018-07-25,1,30,SCORED
209503,209502,2018-08-02,2018,2018-08-02,-1,30,SCORED
209547,209546,2018-08-02,2018,2018-08-02,-1,30,SCORED
209599,209598,2018-08-02,2018,2018-08-02,-1,30,SCORED
209970,209969,2018-08-06,2018,2018-08-06,-1,30,SCORED
210083,210082,2018-08-06,2018,2018-08-06,-1,30,SCORED
210178,210177,2018-08-07,2018,2018-08-07,-1,30,SCORED
210604,210603,2018-08-08,2018,2018-08-08,1,30,SCORED
210888,210887,2018-08-10,2018,2018-08-10,1,30,SCORED
211057,211056,2018-08-10,2018,2018-08-10,1,30,SCORED
211415,211414,2018-08-14,2018,2018-08-14,1,30,SCORED
211535,211534,2018-08-14,2018,2018-08-14,1,30,SCORED
211890,211889,2018-08-16,2018,2018-08-16,-1,30,SCORED
212277,212276,2018-08-17,2018,2018-08-17,-1,30,SCORED
212339,212338,2018-08-20,2018,2018-08-20,-1,30,SCORED
212465,212464,2018-08-20,2018,2018-08-20,-1,30,SCORED
212836,212835,2018-08-22,2018,2018-08-22,1,30,SCORED
213874,213873,2018-08-28,2018,2018-08-28,1,30,SCORED
214647,214646,2018-08-31,2018,2018-08-31,-1,30,SCORED
214831,214830,2018-09-03,2018,2018-09-03,-1,30,SCORED
214993,214992,2018-09-04,2018,2018-09-04,-1,30,SCORED
215216,215215,2018-09-05,2018,2018-09-05,1,30,SCORED
215460,215459,2018-09-06,2018,2018-09-06,-1,30,SCORED
215667,215666,2018-09-06,2018,2018-09-06,-1,30,SCORED
215748,215747,2018-09-07,2018,2018-09-07,-1,30,SCORED
215807,215806,2018-09-07,2018,2018-09-07,1,30,SCORED
215925,215924,2018-09-10,2018,2018-09-10,-1,30,SCORED
215962,215961,2018-09-10,2018,2018-09-10,-1,30,SCORED
216036,216035,2018-09-10,2018,2018-09-10,-1,30,SCORED
216187,216186,2018-09-11,2018,2018-09-11,-1,30,SCORED
216295,216294,2018-09-11,2018,2018-09-11,-1,30,SCORED
217151,217150,2018-09-17,2018,2018-09-17,-1,30,SCORED
217204,217203,2018-09-17,2018,2018-09-17,-1,30,SCORED
217353,217352,2018-09-17,2018,2018-09-17,-1,30,SCORED
217860,217859,2018-09-20,2018,2018-09-20,1,30,SCORED
218331,218330,2018-09-25,2018,2018-09-25,1,30,SCORED
218868,218867,2018-09-27,2018,2018-09-27,1,30,SCORED
219003,219002,2018-09-27,2018,2018-09-27,1,30,SCORED
219310,219309,2018-10-08,2018,2018-10-08,-1,30,SCORED
219536,219535,2018-10-09,2018,2018-10-09,-1,30,SCORED
219680,219679,2018-10-09,2018,2018-10-09,-1,30,SCORED
219771,219770,2018-10-10,2018,2018-10-10,-1,30,SCORED
219809,219808,2018-10-10,2018,2018-10-10,-1,30,SCORED
219858,219857,2018-10-10,2018,2018-10-10,1,30,SCORED
220030,220029,2018-10-11,2018,2018-10-11,-1,30,SCORED
220066,220065,2018-10-11,2018,2018-10-11,-1,30,SCORED
220177,220176,2018-10-11,2018,2018-10-11,-1,30,SCORED
220259,220258,2018-10-12,2018,2018-10-12,-1,30,SCORED
220300,220299,2018-10-12,2018,2018-10-12,-1,30,SCORED
220398,220397,2018-10-12,2018,2018-10-12,-1,30,SCORED
220482,220481,2018-10-15,2018,2018-10-15,1,30,SCORED
220509,220508,2018-10-15,2018,2018-10-15,1,30,SCORED
220633,220632,2018-10-15,2018,2018-10-15,1,30,SCORED
220768,220767,2018-10-16,2018,2018-10-16,-1,30,SCORED
220839,220838,2018-10-16,2018,2018-10-16,-1,30,SCORED
220878,220877,2018-10-16,2018,2018-10-16,-1,30,SCORED
220933,220932,2018-10-16,2018,2018-10-16,-1,30,SCORED
220964,220963,2018-10-17,2018,2018-10-17,-1,30,SCORED
221138,221137,2018-10-17,2018,2018-10-17,-1,30,SCORED
221243,221242,2018-10-18,2018,2018-10-18,-1,30,SCORED
221457,221456,2018-10-19,2018,2018-10-19,-1,30,SCORED
221660,221659,2018-10-19,2018,2018-10-19,1,30,SCORED
221749,221748,2018-10-22,2018,2018-10-22,1,30,SCORED
221918,221917,2018-10-22,2018,2018-10-22,1,30,SCORED
223123,223122,2018-10-30,2018,2018-10-30,-1,30,SCORED
223234,223233,2018-10-30,2018,2018-10-30,-1,30,SCORED
223292,223291,2018-10-30,2018,2018-10-30,-1,30,SCORED
223704,223703,2018-11-01,2018,2018-11-01,1,30,SCORED
223857,223856,2018-11-02,2018,2018-11-02,1,30,SCORED
223962,223961,2018-11-02,2018,2018-11-02,1,30,SCORED
224232,224231,2018-11-05,2018,2018-11-05,1,30,SCORED
224642,224641,2018-11-07,2018,2018-11-07,1,30,SCORED
224747,224746,2018-11-07,2018,2018-11-07,1,30,SCORED
224812,224811,2018-11-08,2018,2018-11-08,-1,30,SCORED
224876,224875,2018-11-08,2018,2018-11-08,-1,30,SCORED
224940,224939,2018-11-08,2018,2018-11-08,-1,30,SCORED
225137,225136,2018-11-09,2018,2018-11-09,-1,30,SCORED
225524,225523,2018-11-13,2018,2018-11-13,1,30,SCORED
225629,225628,2018-11-13,2018,2018-11-13,1,30,SCORED
225765,225764,2018-11-14,2018,2018-11-14,1,30,SCORED
225977,225976,2018-11-14,2018,2018-11-14,1,30,SCORED
226272,226271,2018-11-16,2018,2018-11-16,1,30,SCORED
226408,226407,2018-11-16,2018,2018-11-16,1,30,SCORED
226484,226483,2018-11-19,2018,2018-11-19,1,30,SCORED
226992,226991,2018-11-21,2018,2018-11-21,-1,30,SCORED
227515,227514,2018-11-23,2018,2018-11-23,-1,30,SCORED
227660,227659,2018-11-23,2018,2018-11-23,-1,30,SCORED
227721,227720,2018-11-26,2018,2018-11-26,-1,30,SCORED
227829,227828,2018-11-26,2018,2018-11-26,-1,30,SCORED
228041,228040,2018-11-27,2018,2018-11-27,1,30,SCORED
228219,228218,2018-11-28,2018,2018-11-28,-1,30,SCORED
228499,228498,2018-11-29,2018,2018-11-29,1,30,SCORED
228662,228661,2018-11-30,2018,2018-11-30,1,30,SCORED
228758,228757,2018-11-30,2018,2018-11-30,-1,30,SCORED
228905,228904,2018-12-03,2018,2018-12-03,1,30,SCORED
229128,229127,2018-12-04,2018,2018-12-04,1,30,SCORED
229186,229185,2018-12-04,2018,2018-12-04,1,30,SCORED
229310,229309,2018-12-04,2018,2018-12-04,1,30,SCORED
229490,229489,2018-12-05,2018,2018-12-05,-1,30,SCORED
229833,229832,2018-12-06,2018,2018-12-06,-1,30,SCORED
229903,229902,2018-12-07,2018,2018-12-07,-1,30,SCORED
230008,230007,2018-12-07,2018,2018-12-07,-1,30,SCORED
230091,230090,2018-12-10,2018,2018-12-10,-1,30,SCORED
230122,230121,2018-12-10,2018,2018-12-10,-1,30,SCORED
230186,230185,2018-12-10,2018,2018-12-10,-1,30,SCORED
230303,230302,2018-12-10,2018,2018-12-10,-1,30,SCORED
231392,231391,2018-12-17,2018,2018-12-17,-1,30,SCORED
231763,231762,2018-12-19,2018,2018-12-19,-1,30,SCORED
231907,231906,2018-12-19,2018,2018-12-19,-1,30,SCORED
232010,232009,2018-12-20,2018,2018-12-20,-1,30,SCORED
232069,232068,2018-12-20,2018,2018-12-20,-1,30,SCORED
232242,232241,2018-12-21,2018,2018-12-21,-1,30,SCORED
232548,232547,2018-12-24,2018,2018-12-24,-1,30,SCORED
232645,232644,2018-12-24,2018,2018-12-24,-1,30,SCORED
232966,232965,2018-12-26,2018,2018-12-26,-1,30,SCORED
233514,233513,2018-12-28,2018,2018-12-28,-1,30,SCORED
233961,233960,2019-01-03,2019,2019-01-03,-1,30,SCORED
234115,234114,2019-01-03,2019,2019-01-03,-1,30,SCORED
234193,234192,2019-01-04,2019,2019-01-04,-1,30,SCORED
235131,235130,2019-01-10,2019,2019-01-10,1,30,SCORED
236254,236253,2019-01-16,2019,2019-01-16,1,30,SCORED
237488,237487,2019-01-23,2019,2019-01-23,1,30,SCORED
237575,237574,2019-01-24,2019,2019-01-24,1,30,SCORED
237779,237778,2019-01-25,2019,2019-01-25,1,30,SCORED
238002,238001,2019-01-28,2019,2019-01-28,1,30,SCORED
238296,238295,2019-01-29,2019,2019-01-29,-1,30,SCORED
238421,238420,2019-01-29,2019,2019-01-29,-1,30,SCORED
238743,238742,2019-01-31,2019,2019-01-31,-1,30,SCORED
238825,238824,2019-01-31,2019,2019-01-31,-1,30,SCORED
239669,239668,2019-02-12,2019,2019-02-12,1,30,SCORED
239796,239795,2019-02-13,2019,2019-02-13,1,30,SCORED
239931,239930,2019-02-14,2019,2019-02-14,1,30,SCORED
239971,239970,2019-02-14,2019,2019-02-14,1,30,SCORED
240067,240066,2019-02-14,2019,2019-02-14,1,30,SCORED
240168,240167,2019-02-15,2019,2019-02-15,1,30,SCORED
240702,240701,2019-02-19,2019,2019-02-19,1,30,SCORED
241331,241330,2019-02-21,2019,2019-02-21,1,30,SCORED
241611,241610,2019-02-25,2019,2019-02-25,1,30,SCORED
241635,241634,2019-02-25,2019,2019-02-25,1,30,SCORED
241692,241691,2019-02-25,2019,2019-02-25,1,30,SCORED
241784,241783,2019-02-25,2019,2019-02-25,1,30,SCORED
241848,241847,2019-02-26,2019,2019-02-26,1,30,SCORED
241864,241863,2019-02-26,2019,2019-02-26,1,30,SCORED
241923,241922,2019-02-26,2019,2019-02-26,1,30,SCORED
242061,242060,2019-02-26,2019,2019-02-26,1,30,SCORED
242330,242329,2019-02-28,2019,2019-02-28,-1,30,SCORED
242822,242821,2019-03-04,2019,2019-03-04,1,30,SCORED
242876,242875,2019-03-04,2019,2019-03-04,1,30,SCORED
242969,242968,2019-03-04,2019,2019-03-04,1,30,SCORED
243162,243161,2019-03-05,2019,2019-03-05,1,30,SCORED
243223,243222,2019-03-05,2019,2019-03-05,1,30,SCORED
243318,243317,2019-03-06,2019,2019-03-06,1,30,SCORED
243423,243422,2019-03-06,2019,2019-03-06,1,30,SCORED
243477,243476,2019-03-06,2019,2019-03-06,1,30,SCORED
243526,243525,2019-03-07,2019,2019-03-07,1,30,SCORED
243599,243598,2019-03-07,2019,2019-03-07,1,30,SCORED
243815,243814,2019-03-08,2019,2019-03-08,-1,30,SCORED
243994,243993,2019-03-08,2019,2019-03-08,-1,30,SCORED
244015,244014,2019-03-11,2019,2019-03-11,1,30,SCORED
244201,244200,2019-03-11,2019,2019-03-11,1,30,SCORED
244276,244275,2019-03-12,2019,2019-03-12,1,30,SCORED
244305,244304,2019-03-12,2019,2019-03-12,1,30,SCORED
244430,244429,2019-03-12,2019,2019-03-12,1,30,SCORED
244777,244776,2019-03-14,2019,2019-03-14,-1,30,SCORED
244805,244804,2019-03-14,2019,2019-03-14,-1,30,SCORED
244989,244988,2019-03-15,2019,2019-03-15,1,30,SCORED
245030,245029,2019-03-15,2019,2019-03-15,1,30,SCORED
245156,245155,2019-03-15,2019,2019-03-15,-1,30,SCORED
245314,245313,2019-03-18,2019,2019-03-18,1,30,SCORED
245456,245455,2019-03-19,2019,2019-03-19,1,30,SCORED
245475,245474,2019-03-19,2019,2019-03-19,1,30,SCORED
245530,245529,2019-03-19,2019,2019-03-19,1,30,SCORED
245956,245955,2019-03-21,2019,2019-03-21,1,30,SCORED
246033,246032,2019-03-21,2019,2019-03-21,1,30,SCORED
246109,246108,2019-03-21,2019,2019-03-21,1,30,SCORED
246220,246219,2019-03-22,2019,2019-03-22,-1,30,SCORED
246338,246337,2019-03-22,2019,2019-03-22,-1,30,SCORED
246529,246528,2019-03-25,2019,2019-03-25,1,30,SCORED
246646,246645,2019-03-26,2019,2019-03-26,-1,30,SCORED
246698,246697,2019-03-26,2019,2019-03-26,-1,30,SCORED
246809,246808,2019-03-26,2019,2019-03-26,-1,30,SCORED
246839,246838,2019-03-26,2019,2019-03-26,-1,30,SCORED
246870,246869,2019-03-26,2019,2019-03-26,-1,30,SCORED
246884,246883,2019-03-27,2019,2019-03-27,-1,30,SCORED
246948,246947,2019-03-27,2019,2019-03-27,-1,30,SCORED
247199,247198,2019-03-28,2019,2019-03-28,1,30,SCORED
247277,247276,2019-03-28,2019,2019-03-28,1,30,SCORED
247315,247314,2019-03-28,2019,2019-03-28,1,30,SCORED
247857,247856,2019-04-02,2019,2019-04-02,1,30,SCORED
247899,247898,2019-04-02,2019,2019-04-02,1,30,SCORED
248035,248034,2019-04-02,2019,2019-04-02,1,30,SCORED
248076,248075,2019-04-02,2019,2019-04-02,1,30,SCORED
248116,248115,2019-04-03,2019,2019-04-03,-1,30,SCORED
248362,248361,2019-04-04,2019,2019-04-04,1,30,SCORED
248538,248537,2019-04-04,2019,2019-04-04,-1,30,SCORED
248582,248581,2019-04-08,2019,2019-04-08,1,30,SCORED
248732,248731,2019-04-08,2019,2019-04-08,-1,30,SCORED
249444,249443,2019-04-11,2019,2019-04-11,-1,30,SCORED
249534,249533,2019-04-12,2019,2019-04-12,-1,30,SCORED
249576,249575,2019-04-12,2019,2019-04-12,-1,30,SCORED
249628,249627,2019-04-12,2019,2019-04-12,-1,30,SCORED
249845,249844,2019-04-15,2019,2019-04-15,1,30,SCORED
250089,250088,2019-04-16,2019,2019-04-16,-1,30,SCORED
250285,250284,2019-04-17,2019,2019-04-17,-1,30,SCORED
250337,250336,2019-04-17,2019,2019-04-17,-1,30,SCORED
250458,250457,2019-04-17,2019,2019-04-17,1,30,SCORED
251097,251096,2019-04-22,2019,2019-04-22,1,30,SCORED
251238,251237,2019-04-23,2019,2019-04-23,-1,30,SCORED
251375,251374,2019-04-23,2019,2019-04-23,-1,30,SCORED
251455,251454,2019-04-24,2019,2019-04-24,-1,30,SCORED
251492,251491,2019-04-24,2019,2019-04-24,-1,30,SCORED
251693,251692,2019-04-25,2019,2019-04-25,1,30,SCORED
251956,251955,2019-04-26,2019,2019-04-26,-1,30,SCORED
252202,252201,2019-04-29,2019,2019-04-29,-1,30,SCORED
252272,252271,2019-04-29,2019,2019-04-29,-1,30,SCORED
252425,252424,2019-04-30,2019,2019-04-30,-1,30,SCORED
252649,252648,2019-05-06,2019,2019-05-06,-1,30,SCORED
252677,252676,2019-05-06,2019,2019-05-06,-1,30,SCORED
252757,252756,2019-05-06,2019,2019-05-06,-1,30,SCORED
252807,252806,2019-05-06,2019,2019-05-06,-1,30,SCORED
252851,252850,2019-05-06,2019,2019-05-06,-1,30,SCORED
253294,253293,2019-05-08,2019,2019-05-08,1,30,SCORED
253746,253745,2019-05-10,2019,2019-05-10,-1,30,SCORED
253848,253847,2019-05-13,2019,2019-05-13,1,30,SCORED
254874,254873,2019-05-17,2019,2019-05-17,1,30,SCORED
255090,255089,2019-05-20,2019,2019-05-20,-1,30,SCORED
256108,256107,2019-05-24,2019,2019-05-24,-1,30,SCORED
256189,256188,2019-05-24,2019,2019-05-24,-1,30,SCORED
256223,256222,2019-05-24,2019,2019-05-24,-1,30,SCORED
256263,256262,2019-05-27,2019,2019-05-27,-1,30,SCORED
256328,256327,2019-05-27,2019,2019-05-27,-1,30,SCORED
256342,256341,2019-05-27,2019,2019-05-27,1,30,SCORED
256561,256560,2019-05-28,2019,2019-05-28,1,30,SCORED
256719,256718,2019-05-28,2019,2019-05-28,1,30,SCORED
257832,257831,2019-06-04,2019,2019-06-04,-1,30,SCORED
257928,257927,2019-06-05,2019,2019-06-05,-1,30,SCORED
258210,258209,2019-06-06,2019,2019-06-06,-1,30,SCORED
258293,258292,2019-06-06,2019,2019-06-06,-1,30,SCORED
258404,258403,2019-06-10,2019,2019-06-10,-1,30,SCORED
258886,258885,2019-06-12,2019,2019-06-12,1,30,SCORED
259038,259037,2019-06-12,2019,2019-06-12,1,30,SCORED
260784,260783,2019-06-21,2019,2019-06-21,1,30,SCORED
260872,260871,2019-06-24,2019,2019-06-24,1,30,SCORED
261282,261281,2019-06-26,2019,2019-06-26,-1,30,SCORED
261415,261414,2019-06-26,2019,2019-06-26,1,30,SCORED
261640,261639,2019-06-27,2019,2019-06-27,1,30,SCORED
262004,262003,2019-07-01,2019,2019-07-01,-1,30,SCORED
262579,262578,2019-07-03,2019,2019-07-03,1,30,SCORED
263340,263339,2019-07-08,2019,2019-07-08,-1,30,SCORED
263694,263693,2019-07-10,2019,2019-07-10,-1,30,SCORED
263797,263796,2019-07-10,2019,2019-07-10,-1,30,SCORED
263976,263975,2019-07-11,2019,2019-07-11,-1,30,SCORED
264118,264117,2019-07-11,2019,2019-07-11,1,30,SCORED
264183,264182,2019-07-12,2019,2019-07-12,1,30,SCORED
264216,264215,2019-07-12,2019,2019-07-12,-1,30,SCORED
265176,265175,2019-07-18,2019,2019-07-18,1,30,SCORED
265661,265660,2019-07-22,2019,2019-07-22,-1,30,SCORED
267004,267003,2019-07-29,2019,2019-07-29,1,30,SCORED
267451,267450,2019-07-31,2019,2019-07-31,1,30,SCORED
267572,267571,2019-08-01,2019,2019-08-01,-1,30,SCORED
267855,267854,2019-08-02,2019,2019-08-02,-1,30,SCORED
268002,268001,2019-08-05,2019,2019-08-05,-1,30,SCORED
268450,268449,2019-08-06,2019,2019-08-06,-1,30,SCORED
270029,270028,2019-08-15,2019,2019-08-15,-1,30,SCORED
270890,270889,2019-08-21,2019,2019-08-21,1,30,SCORED
271379,271378,2019-08-23,2019,2019-08-23,-1,30,SCORED
271427,271426,2019-08-23,2019,2019-08-23,1,30,SCORED
271639,271638,2019-08-26,2019,2019-08-26,-1,30,SCORED
272069,272068,2019-08-27,2019,2019-08-27,1,30,SCORED
273420,273419,2019-09-04,2019,2019-09-04,1,30,SCORED
273762,273761,2019-09-06,2019,2019-09-06,1,30,SCORED
274029,274028,2019-09-09,2019,2019-09-09,1,30,SCORED
274286,274285,2019-09-10,2019,2019-09-10,1,30,SCORED
274362,274361,2019-09-10,2019,2019-09-10,1,30,SCORED
274520,274519,2019-09-11,2019,2019-09-11,1,30,SCORED
275081,275080,2019-09-16,2019,2019-09-16,1,30,SCORED
275198,275197,2019-09-16,2019,2019-09-16,1,30,SCORED
275299,275298,2019-09-17,2019,2019-09-17,1,30,SCORED
275460,275459,2019-09-18,2019,2019-09-18,-1,30,SCORED
275556,275555,2019-09-18,2019,2019-09-18,-1,30,SCORED
275831,275830,2019-09-19,2019,2019-09-19,-1,30,SCORED
276059,276058,2019-09-20,2019,2019-09-20,1,30,SCORED
276378,276377,2019-09-23,2019,2019-09-23,1,30,SCORED
276431,276430,2019-09-24,2019,2019-09-24,-1,30,SCORED
276773,276772,2019-09-25,2019,2019-09-25,-1,30,SCORED
276873,276872,2019-09-25,2019,2019-09-25,-1,30,SCORED
276920,276919,2019-09-26,2019,2019-09-26,-1,30,SCORED
276975,276974,2019-09-26,2019,2019-09-26,-1,30,SCORED
277068,277067,2019-09-26,2019,2019-09-26,-1,30,SCORED
277240,277239,2019-09-27,2019,2019-09-27,-1,30,SCORED
277618,277617,2019-10-08,2019,2019-10-08,-1,30,SCORED
277915,277914,2019-10-09,2019,2019-10-09,-1,30,SCORED
278416,278415,2019-10-11,2019,2019-10-11,1,30,SCORED
278763,278762,2019-10-14,2019,2019-10-14,1,30,SCORED
279908,279907,2019-10-21,2019,2019-10-21,-1,30,SCORED
281465,281464,2019-10-30,2019,2019-10-30,1,30,SCORED
282311,282310,2019-11-04,2019,2019-11-04,-1,30,SCORED
282993,282992,2019-11-07,2019,2019-11-07,-1,30,SCORED
283201,283200,2019-11-08,2019,2019-11-08,-1,30,SCORED
283271,283270,2019-11-08,2019,2019-11-08,-1,30,SCORED
283851,283850,2019-11-13,2019,2019-11-13,-1,30,SCORED
285303,285302,2019-11-21,2019,2019-11-21,1,30,SCORED
285847,285846,2019-11-25,2019,2019-11-25,-1,30,SCORED
287109,287108,2019-12-02,2019,2019-12-02,-1,30,SCORED
287453,287452,2019-12-04,2019,2019-12-04,1,30,SCORED
288034,288033,2019-12-06,2019,2019-12-06,1,30,SCORED
288521,288520,2019-12-10,2019,2019-12-10,1,30,SCORED
288762,288761,2019-12-11,2019,2019-12-11,1,30,SCORED
289717,289716,2019-12-17,2019,2019-12-17,1,30,SCORED
289977,289976,2019-12-18,2019,2019-12-18,1,30,SCORED
290392,290391,2019-12-20,2019,2019-12-20,1,30,SCORED
290617,290616,2019-12-23,2019,2019-12-23,-1,30,SCORED
290722,290721,2019-12-23,2019,2019-12-23,-1,30,SCORED
290819,290818,2019-12-24,2019,2019-12-24,-1,30,SCORED
291266,291265,2019-12-25,2019,2019-12-25,1,30,SCORED
291477,291476,2019-12-26,2019,2019-12-26,1,30,SCORED
292070,292069,2019-12-31,2019,2019-12-31,-1,30,SCORED
292637,292636,2020-01-03,2020,2020-01-03,1,30,SCORED
292727,292726,2020-01-06,2020,2020-01-06,1,30,SCORED
292935,292934,2020-01-06,2020,2020-01-06,1,30,SCORED
293054,293053,2020-01-07,2020,2020-01-07,1,30,SCORED
293214,293213,2020-01-08,2020,2020-01-08,1,30,SCORED
293412,293411,2020-01-08,2020,2020-01-08,1,30,SCORED
293862,293861,2020-01-10,2020,2020-01-10,1,30,SCORED
294410,294409,2020-01-15,2020,2020-01-15,1,30,SCORED
295457,295456,2020-01-21,2020,2020-01-21,1,30,SCORED
295831,295830,2020-01-22,2020,2020-01-22,-1,30,SCORED
296019,296018,2020-01-23,2020,2020-01-23,-1,30,SCORED
296158,296157,2020-02-03,2020,2020-02-03,-1,30,SCORED
296333,296332,2020-02-04,2020,2020-02-04,-1,30,SCORED
296677,296676,2020-02-05,2020,2020-02-05,1,30,SCORED
296957,296956,2020-02-06,2020,2020-02-06,1,30,SCORED
297022,297021,2020-02-06,2020,2020-02-06,1,30,SCORED
297076,297075,2020-02-07,2020,2020-02-07,1,30,SCORED
297166,297165,2020-02-07,2020,2020-02-07,-1,30,SCORED
297258,297257,2020-02-07,2020,2020-02-07,-1,30,SCORED
297290,297289,2020-02-10,2020,2020-02-10,-1,30,SCORED
297412,297411,2020-02-10,2020,2020-02-10,1,30,SCORED
297530,297529,2020-02-11,2020,2020-02-11,1,30,SCORED
297765,297764,2020-02-12,2020,2020-02-12,1,30,SCORED
297855,297854,2020-02-12,2020,2020-02-12,1,30,SCORED
298039,298038,2020-02-13,2020,2020-02-13,1,30,SCORED
298411,298410,2020-02-14,2020,2020-02-14,1,30,SCORED
298816,298815,2020-02-18,2020,2020-02-18,1,30,SCORED
298937,298936,2020-02-18,2020,2020-02-18,1,30,SCORED
298965,298964,2020-02-19,2020,2020-02-19,1,30,SCORED
299004,299003,2020-02-19,2020,2020-02-19,1,30,SCORED
299057,299056,2020-02-19,2020,2020-02-19,1,30,SCORED
299165,299164,2020-02-19,2020,2020-02-19,1,30,SCORED
299620,299619,2020-02-21,2020,2020-02-21,1,30,SCORED
299692,299691,2020-02-24,2020,2020-02-24,1,30,SCORED
299739,299738,2020-02-24,2020,2020-02-24,1,30,SCORED
299852,299851,2020-02-24,2020,2020-02-24,1,30,SCORED
299918,299917,2020-02-24,2020,2020-02-24,1,30,SCORED
299923,299922,2020-02-25,2020,2020-02-25,1,30,SCORED
300072,300071,2020-02-25,2020,2020-02-25,-1,30,SCORED
300114,300113,2020-02-25,2020,2020-02-25,-1,30,SCORED
300164,300163,2020-02-26,2020,2020-02-26,1,30,SCORED
300666,300665,2020-02-28,2020,2020-02-28,-1,30,SCORED
300718,300717,2020-02-28,2020,2020-02-28,-1,30,SCORED
300803,300802,2020-02-28,2020,2020-02-28,-1,30,SCORED
300888,300887,2020-03-02,2020,2020-03-02,-1,30,SCORED
301067,301066,2020-03-02,2020,2020-03-02,1,30,SCORED
301279,301278,2020-03-03,2020,2020-03-03,1,30,SCORED
301626,301625,2020-03-05,2020,2020-03-05,1,30,SCORED
301793,301792,2020-03-05,2020,2020-03-05,1,30,SCORED
301844,301843,2020-03-06,2020,2020-03-06,1,30,SCORED
301879,301878,2020-03-06,2020,2020-03-06,-1,30,SCORED
302091,302090,2020-03-09,2020,2020-03-09,-1,30,SCORED
302127,302126,2020-03-09,2020,2020-03-09,-1,30,SCORED
302204,302203,2020-03-09,2020,2020-03-09,-1,30,SCORED
302277,302276,2020-03-09,2020,2020-03-09,-1,30,SCORED
302326,302325,2020-03-10,2020,2020-03-10,-1,30,SCORED
302348,302347,2020-03-10,2020,2020-03-10,-1,30,SCORED
302508,302507,2020-03-10,2020,2020-03-10,1,30,SCORED
302579,302578,2020-03-11,2020,2020-03-11,1,30,SCORED
302612,302611,2020-03-11,2020,2020-03-11,1,30,SCORED
302662,302661,2020-03-11,2020,2020-03-11,1,30,SCORED
302820,302819,2020-03-12,2020,2020-03-12,-1,30,SCORED
302881,302880,2020-03-12,2020,2020-03-12,-1,30,SCORED
302983,302982,2020-03-12,2020,2020-03-12,-1,30,SCORED
303035,303034,2020-03-12,2020,2020-03-12,-1,30,SCORED
303074,303073,2020-03-13,2020,2020-03-13,-1,30,SCORED
303492,303491,2020-03-16,2020,2020-03-16,-1,30,SCORED
303521,303520,2020-03-16,2020,2020-03-17,-1,30,SCORED
303523,303522,2020-03-17,2020,2020-03-17,-1,30,SCORED
303538,303537,2020-03-17,2020,2020-03-17,-1,30,SCORED
303602,303601,2020-03-17,2020,2020-03-17,-1,30,SCORED
303625,303624,2020-03-17,2020,2020-03-17,-1,30,SCORED
303685,303684,2020-03-17,2020,2020-03-17,1,30,SCORED
303825,303824,2020-03-18,2020,2020-03-18,1,30,SCORED
303978,303977,2020-03-18,2020,2020-03-18,-1,30,SCORED
304011,304010,2020-03-19,2020,2020-03-19,-1,30,SCORED
304031,304030,2020-03-19,2020,2020-03-19,-1,30,SCORED
304077,304076,2020-03-19,2020,2020-03-19,1,30,SCORED
304119,304118,2020-03-19,2020,2020-03-19,-1,30,SCORED
304188,304187,2020-03-19,2020,2020-03-19,1,30,SCORED
304236,304235,2020-03-19,2020,2020-03-19,1,30,SCORED
304255,304254,2020-03-20,2020,2020-03-20,1,30,SCORED
304368,304367,2020-03-20,2020,2020-03-20,-1,30,SCORED
304407,304406,2020-03-20,2020,2020-03-20,-1,30,SCORED
304492,304491,2020-03-23,2020,2020-03-23,-1,30,SCORED
304589,304588,2020-03-23,2020,2020-03-23,-1,30,SCORED
304608,304607,2020-03-23,2020,2020-03-23,-1,30,SCORED
304671,304670,2020-03-23,2020,2020-03-23,1,30,SCORED
304726,304725,2020-03-24,2020,2020-03-24,-1,30,SCORED
304940,304939,2020-03-24,2020,2020-03-24,-1,30,SCORED
305058,305057,2020-03-25,2020,2020-03-25,1,30,SCORED
305206,305205,2020-03-26,2020,2020-03-26,1,30,SCORED
305285,305284,2020-03-26,2020,2020-03-26,-1,30,SCORED
305336,305335,2020-03-26,2020,2020-03-26,1,30,SCORED
305757,305756,2020-03-30,2020,2020-03-30,-1,30,SCORED
305922,305921,2020-03-31,2020,2020-03-31,1,30,SCORED
305979,305978,2020-03-31,2020,2020-03-31,1,30,SCORED
306069,306068,2020-03-31,2020,2020-03-31,1,30,SCORED
306212,306211,2020-04-01,2020,2020-04-01,-1,30,SCORED
306527,306526,2020-04-02,2020,2020-04-02,-1,30,SCORED
306803,306802,2020-04-03,2020,2020-04-03,1,30,SCORED
307018,307017,2020-04-07,2020,2020-04-07,1,30,SCORED
307127,307126,2020-04-08,2020,2020-04-08,1,30,SCORED
307242,307241,2020-04-08,2020,2020-04-08,1,30,SCORED
307285,307284,2020-04-08,2020,2020-04-08,1,30,SCORED
307357,307356,2020-04-08,2020,2020-04-08,1,30,SCORED
307406,307405,2020-04-09,2020,2020-04-09,1,30,SCORED
307642,307641,2020-04-10,2020,2020-04-10,1,30,SCORED
307705,307704,2020-04-10,2020,2020-04-10,1,30,SCORED
307945,307944,2020-04-13,2020,2020-04-13,-1,30,SCORED
309221,309220,2020-04-20,2020,2020-04-20,1,30,SCORED
310216,310215,2020-04-24,2020,2020-04-24,-1,30,SCORED
310425,310424,2020-04-27,2020,2020-04-27,-1,30,SCORED
310559,310558,2020-04-28,2020,2020-04-28,-1,30,SCORED
311204,311203,2020-05-06,2020,2020-05-06,1,30,SCORED
311509,311508,2020-05-07,2020,2020-05-07,1,30,SCORED
311619,311618,2020-05-07,2020,2020-05-07,1,30,SCORED
311772,311771,2020-05-08,2020,2020-05-08,1,30,SCORED
312140,312139,2020-05-11,2020,2020-05-11,1,30,SCORED
312402,312401,2020-05-13,2020,2020-05-13,-1,30,SCORED
312665,312664,2020-05-14,2020,2020-05-14,1,30,SCORED
313148,313147,2020-05-18,2020,2020-05-18,1,30,SCORED
313362,313361,2020-05-19,2020,2020-05-19,1,30,SCORED
313687,313686,2020-05-20,2020,2020-05-20,1,30,SCORED
313908,313907,2020-05-21,2020,2020-05-21,1,30,SCORED
314249,314248,2020-05-22,2020,2020-05-22,-1,30,SCORED
314482,314481,2020-05-25,2020,2020-05-25,-1,30,SCORED
314886,314885,2020-05-27,2020,2020-05-27,1,30,SCORED
316264,316263,2020-06-04,2020,2020-06-04,1,30,SCORED
316972,316971,2020-06-09,2020,2020-06-09,1,30,SCORED
317643,317642,2020-06-11,2020,2020-06-11,1,30,SCORED
317738,317737,2020-06-12,2020,2020-06-12,-1,30,SCORED
318499,318498,2020-06-17,2020,2020-06-17,1,30,SCORED
318746,318745,2020-06-18,2020,2020-06-18,1,30,SCORED
319414,319413,2020-06-23,2020,2020-06-23,1,30,SCORED
319797,319796,2020-06-24,2020,2020-06-24,1,30,SCORED
320304,320303,2020-06-30,2020,2020-06-30,1,30,SCORED
320498,320497,2020-07-01,2020,2020-07-01,1,30,SCORED
320564,320563,2020-07-02,2020,2020-07-02,-1,30,SCORED
321202,321201,2020-07-06,2020,2020-07-06,1,30,SCORED
321299,321298,2020-07-07,2020,2020-07-07,1,30,SCORED
321358,321357,2020-07-07,2020,2020-07-07,1,30,SCORED
321449,321448,2020-07-07,2020,2020-07-07,1,30,SCORED
321496,321495,2020-07-07,2020,2020-07-07,1,30,SCORED
321823,321822,2020-07-09,2020,2020-07-09,1,30,SCORED
321948,321947,2020-07-09,2020,2020-07-09,1,30,SCORED
322080,322079,2020-07-10,2020,2020-07-10,1,30,SCORED
322259,322258,2020-07-13,2020,2020-07-13,1,30,SCORED
322429,322428,2020-07-13,2020,2020-07-13,1,30,SCORED
322457,322456,2020-07-13,2020,2020-07-13,1,30,SCORED
322509,322508,2020-07-14,2020,2020-07-14,1,30,SCORED
322531,322530,2020-07-14,2020,2020-07-14,1,30,SCORED
322903,322902,2020-07-15,2020,2020-07-15,-1,30,SCORED
322985,322984,2020-07-16,2020,2020-07-16,-1,30,SCORED
323032,323031,2020-07-16,2020,2020-07-16,-1,30,SCORED
323135,323134,2020-07-16,2020,2020-07-16,-1,30,SCORED
323173,323172,2020-07-16,2020,2020-07-16,-1,30,SCORED
323192,323191,2020-07-16,2020,2020-07-16,-1,30,SCORED
323220,323219,2020-07-17,2020,2020-07-17,-1,30,SCORED
323308,323307,2020-07-17,2020,2020-07-17,1,30,SCORED
323334,323333,2020-07-17,2020,2020-07-17,-1,30,SCORED
323373,323372,2020-07-17,2020,2020-07-17,-1,30,SCORED
323419,323418,2020-07-17,2020,2020-07-17,-1,30,SCORED
323447,323446,2020-07-20,2020,2020-07-20,1,30,SCORED
323643,323642,2020-07-20,2020,2020-07-20,1,30,SCORED
323789,323788,2020-07-21,2020,2020-07-21,1,30,SCORED
324107,324106,2020-07-22,2020,2020-07-22,1,30,SCORED
324229,324228,2020-07-23,2020,2020-07-23,-1,30,SCORED
324315,324314,2020-07-23,2020,2020-07-23,-1,30,SCORED
324552,324551,2020-07-24,2020,2020-07-24,-1,30,SCORED
324606,324605,2020-07-24,2020,2020-07-24,-1,30,SCORED
324672,324671,2020-07-27,2020,2020-07-27,-1,30,SCORED
324826,324825,2020-07-27,2020,2020-07-27,-1,30,SCORED
324926,324925,2020-07-28,2020,2020-07-28,1,30,SCORED
325066,325065,2020-07-28,2020,2020-07-28,1,30,SCORED
325260,325259,2020-07-29,2020,2020-07-29,1,30,SCORED
325404,325403,2020-07-30,2020,2020-07-30,1,30,SCORED
325744,325743,2020-07-31,2020,2020-07-31,-1,30,SCORED
326142,326141,2020-08-04,2020,2020-08-04,1,30,SCORED
326194,326193,2020-08-04,2020,2020-08-04,1,30,SCORED
326280,326279,2020-08-04,2020,2020-08-04,-1,30,SCORED
326347,326346,2020-08-05,2020,2020-08-05,-1,30,SCORED
326654,326653,2020-08-06,2020,2020-08-06,1,30,SCORED
326746,326745,2020-08-06,2020,2020-08-06,1,30,SCORED
326804,326803,2020-08-07,2020,2020-08-07,1,30,SCORED
326868,326867,2020-08-07,2020,2020-08-07,1,30,SCORED
326905,326904,2020-08-07,2020,2020-08-07,-1,30,SCORED
326948,326947,2020-08-07,2020,2020-08-07,-1,30,SCORED
327027,327026,2020-08-07,2020,2020-08-07,-1,30,SCORED
327067,327066,2020-08-10,2020,2020-08-10,1,30,SCORED
327128,327127,2020-08-10,2020,2020-08-10,1,30,SCORED
327253,327252,2020-08-10,2020,2020-08-10,-1,30,SCORED
327604,327603,2020-08-12,2020,2020-08-12,-1,30,SCORED
327699,327698,2020-08-12,2020,2020-08-12,-1,30,SCORED
327799,327798,2020-08-13,2020,2020-08-13,1,30,SCORED
327886,327885,2020-08-13,2020,2020-08-13,1,30,SCORED
327972,327971,2020-08-13,2020,2020-08-13,1,30,SCORED
328008,328007,2020-08-14,2020,2020-08-14,1,30,SCORED
328032,328031,2020-08-14,2020,2020-08-14,-1,30,SCORED
328756,328755,2020-08-19,2020,2020-08-19,1,30,SCORED
329982,329981,2020-08-26,2020,2020-08-26,1,30,SCORED
330185,330184,2020-08-27,2020,2020-08-27,-1,30,SCORED
330916,330915,2020-09-01,2020,2020-09-01,1,30,SCORED
332111,332110,2020-09-08,2020,2020-09-08,-1,30,SCORED
332326,332325,2020-09-09,2020,2020-09-09,1,30,SCORED
332347,332346,2020-09-09,2020,2020-09-09,1,30,SCORED
332472,332471,2020-09-09,2020,2020-09-09,-1,30,SCORED
332567,332566,2020-09-10,2020,2020-09-10,-1,30,SCORED
332661,332660,2020-09-10,2020,2020-09-10,-1,30,SCORED
332720,332719,2020-09-10,2020,2020-09-10,-1,30,SCORED
332766,332765,2020-09-10,2020,2020-09-10,-1,30,SCORED
332798,332797,2020-09-10,2020,2020-09-10,-1,30,SCORED
332811,332810,2020-09-11,2020,2020-09-11,-1,30,SCORED
332873,332872,2020-09-11,2020,2020-09-11,-1,30,SCORED
333096,333095,2020-09-14,2020,2020-09-14,1,30,SCORED
333150,333149,2020-09-14,2020,2020-09-14,1,30,SCORED
333472,333471,2020-09-15,2020,2020-09-15,1,30,SCORED
333583,333582,2020-09-16,2020,2020-09-16,1,30,SCORED
333733,333732,2020-09-16,2020,2020-09-16,1,30,SCORED
333847,333846,2020-09-17,2020,2020-09-17,-1,30,SCORED
334009,334008,2020-09-18,2020,2020-09-18,1,30,SCORED
334369,334368,2020-09-21,2020,2020-09-21,1,30,SCORED
334735,334734,2020-09-23,2020,2020-09-23,-1,30,SCORED
335075,335074,2020-09-24,2020,2020-09-24,-1,30,SCORED
335118,335117,2020-09-24,2020,2020-09-24,-1,30,SCORED
335161,335160,2020-09-24,2020,2020-09-24,-1,30,SCORED
335208,335207,2020-09-25,2020,2020-09-25,-1,30,SCORED
335265,335264,2020-09-25,2020,2020-09-25,-1,30,SCORED
335345,335344,2020-09-25,2020,2020-09-25,-1,30,SCORED
335400,335399,2020-09-25,2020,2020-09-25,-1,30,SCORED
335446,335445,2020-09-28,2020,2020-09-28,-1,30,SCORED
335549,335548,2020-09-28,2020,2020-09-28,-1,30,SCORED
335607,335606,2020-09-28,2020,2020-09-28,-1,30,SCORED
336126,336125,2020-09-30,2020,2020-09-30,1,30,SCORED
336616,336615,2020-10-12,2020,2020-10-12,1,30,SCORED
336686,336685,2020-10-13,2020,2020-10-13,1,30,SCORED
337160,337159,2020-10-15,2020,2020-10-15,1,30,SCORED
338504,338503,2020-10-22,2020,2020-10-22,-1,30,SCORED
338783,338782,2020-10-23,2020,2020-10-23,-1,30,SCORED
338809,338808,2020-10-26,2020,2020-10-26,-1,30,SCORED
338919,338918,2020-10-26,2020,2020-10-26,-1,30,SCORED
340035,340034,2020-11-02,2020,2020-11-02,-1,30,SCORED
340084,340083,2020-11-02,2020,2020-11-02,-1,30,SCORED
340152,340151,2020-11-02,2020,2020-11-02,-1,30,SCORED
340567,340566,2020-11-04,2020,2020-11-04,1,30,SCORED
340829,340828,2020-11-05,2020,2020-11-05,1,30,SCORED
341048,341047,2020-11-06,2020,2020-11-06,1,30,SCORED
341441,341440,2020-11-09,2020,2020-11-10,1,30,SCORED
342286,342285,2020-11-13,2020,2020-11-13,-1,30,SCORED
342422,342421,2020-11-16,2020,2020-11-16,1,30,SCORED
342639,342638,2020-11-16,2020,2020-11-16,1,30,SCORED
342804,342803,2020-11-17,2020,2020-11-17,1,30,SCORED
342869,342868,2020-11-17,2020,2020-11-17,1,30,SCORED
342911,342910,2020-11-18,2020,2020-11-18,-1,30,SCORED
343169,343168,2020-11-19,2020,2020-11-19,-1,30,SCORED
343422,343421,2020-11-20,2020,2020-11-20,-1,30,SCORED
343912,343911,2020-11-24,2020,2020-11-24,1,30,SCORED
344089,344088,2020-11-25,2020,2020-11-25,1,30,SCORED
344522,344521,2020-11-26,2020,2020-11-26,-1,30,SCORED
344803,344802,2020-11-30,2020,2020-11-30,-1,30,SCORED
344897,344896,2020-11-30,2020,2020-11-30,1,30,SCORED
345049,345048,2020-12-01,2020,2020-12-01,1,30,SCORED
345356,345355,2020-12-02,2020,2020-12-02,1,30,SCORED
345574,345573,2020-12-03,2020,2020-12-03,1,30,SCORED
346142,346141,2020-12-07,2020,2020-12-07,1,30,SCORED
346894,346893,2020-12-10,2020,2020-12-10,-1,30,SCORED
347102,347101,2020-12-11,2020,2020-12-11,-1,30,SCORED
347204,347203,2020-12-14,2020,2020-12-14,-1,30,SCORED
348700,348699,2020-12-22,2020,2020-12-22,1,30,SCORED
348883,348882,2020-12-23,2020,2020-12-23,1,30,SCORED
348929,348928,2020-12-23,2020,2020-12-23,1,30,SCORED
349034,349033,2020-12-23,2020,2020-12-23,-1,30,SCORED
349197,349196,2020-12-24,2020,2020-12-24,-1,30,SCORED
349280,349279,2020-12-24,2020,2020-12-24,-1,30,SCORED
349385,349384,2020-12-25,2020,2020-12-25,-1,30,SCORED
246,245,2015-01-06,2015,2015-01-06,1,60,WARMUP_2015_NOT_SCORED
328,327,2015-01-06,2015,2015-01-06,1,60,WARMUP_2015_NOT_SCORED
450,449,2015-01-06,2015,2015-01-06,1,60,WARMUP_2015_NOT_SCORED
584,583,2015-01-07,2015,2015-01-07,1,60,WARMUP_2015_NOT_SCORED
775,774,2015-01-08,2015,2015-01-08,1,60,WARMUP_2015_NOT_SCORED
970,969,2015-01-09,2015,2015-01-09,1,60,WARMUP_2015_NOT_SCORED
1539,1538,2015-01-13,2015,2015-01-13,-1,60,WARMUP_2015_NOT_SCORED
2542,2541,2015-01-19,2015,2015-01-19,1,60,WARMUP_2015_NOT_SCORED
2647,2646,2015-01-20,2015,2015-01-20,-1,60,WARMUP_2015_NOT_SCORED
2956,2955,2015-01-21,2015,2015-01-21,1,60,WARMUP_2015_NOT_SCORED
3088,3087,2015-01-21,2015,2015-01-21,1,60,WARMUP_2015_NOT_SCORED
3190,3189,2015-01-22,2015,2015-01-22,1,60,WARMUP_2015_NOT_SCORED
3446,3445,2015-01-23,2015,2015-01-23,1,60,WARMUP_2015_NOT_SCORED
3716,3715,2015-01-26,2015,2015-01-26,1,60,WARMUP_2015_NOT_SCORED
3979,3978,2015-01-27,2015,2015-01-27,1,60,WARMUP_2015_NOT_SCORED
4093,4092,2015-01-28,2015,2015-01-28,1,60,WARMUP_2015_NOT_SCORED
4326,4325,2015-01-29,2015,2015-01-29,1,60,WARMUP_2015_NOT_SCORED
4749,4748,2015-01-30,2015,2015-01-30,-1,60,WARMUP_2015_NOT_SCORED
4821,4820,2015-02-02,2015,2015-02-02,-1,60,WARMUP_2015_NOT_SCORED
5363,5362,2015-02-04,2015,2015-02-04,1,60,WARMUP_2015_NOT_SCORED
7925,7924,2015-02-26,2015,2015-02-26,1,60,WARMUP_2015_NOT_SCORED
8886,8885,2015-03-04,2015,2015-03-04,1,60,WARMUP_2015_NOT_SCORED
9181,9180,2015-03-05,2015,2015-03-05,1,60,WARMUP_2015_NOT_SCORED
9554,9553,2015-03-06,2015,2015-03-06,-1,60,WARMUP_2015_NOT_SCORED
10505,10504,2015-03-12,2015,2015-03-12,1,60,WARMUP_2015_NOT_SCORED
11236,11235,2015-03-17,2015,2015-03-17,1,60,WARMUP_2015_NOT_SCORED
11530,11529,2015-03-19,2015,2015-03-19,1,60,WARMUP_2015_NOT_SCORED
11571,11570,2015-03-19,2015,2015-03-19,1,60,WARMUP_2015_NOT_SCORED
11686,11685,2015-03-19,2015,2015-03-19,1,60,WARMUP_2015_NOT_SCORED
11892,11891,2015-03-20,2015,2015-03-20,1,60,WARMUP_2015_NOT_SCORED
12195,12194,2015-03-23,2015,2015-03-23,1,60,WARMUP_2015_NOT_SCORED
12250,12249,2015-03-24,2015,2015-03-24,1,60,WARMUP_2015_NOT_SCORED
12337,12336,2015-03-24,2015,2015-03-24,-1,60,WARMUP_2015_NOT_SCORED
12382,12381,2015-03-24,2015,2015-03-24,-1,60,WARMUP_2015_NOT_SCORED
12487,12486,2015-03-25,2015,2015-03-25,1,60,WARMUP_2015_NOT_SCORED
12509,12508,2015-03-25,2015,2015-03-25,1,60,WARMUP_2015_NOT_SCORED
12595,12594,2015-03-25,2015,2015-03-25,1,60,WARMUP_2015_NOT_SCORED
12726,12725,2015-03-26,2015,2015-03-26,1,60,WARMUP_2015_NOT_SCORED
12829,12828,2015-03-26,2015,2015-03-26,-1,60,WARMUP_2015_NOT_SCORED
13560,13559,2015-03-31,2015,2015-03-31,1,60,WARMUP_2015_NOT_SCORED
13649,13648,2015-03-31,2015,2015-03-31,1,60,WARMUP_2015_NOT_SCORED
13864,13863,2015-04-01,2015,2015-04-01,1,60,WARMUP_2015_NOT_SCORED
13980,13979,2015-04-02,2015,2015-04-02,1,60,WARMUP_2015_NOT_SCORED
14103,14102,2015-04-02,2015,2015-04-02,1,60,WARMUP_2015_NOT_SCORED
14164,14163,2015-04-03,2015,2015-04-03,1,60,WARMUP_2015_NOT_SCORED
14281,14280,2015-04-03,2015,2015-04-03,1,60,WARMUP_2015_NOT_SCORED
14370,14369,2015-04-03,2015,2015-04-03,1,60,WARMUP_2015_NOT_SCORED
14460,14459,2015-04-07,2015,2015-04-07,1,60,WARMUP_2015_NOT_SCORED
14653,14652,2015-04-08,2015,2015-04-08,1,60,WARMUP_2015_NOT_SCORED
14948,14947,2015-04-09,2015,2015-04-09,-1,60,WARMUP_2015_NOT_SCORED
15295,15294,2015-04-10,2015,2015-04-10,1,60,WARMUP_2015_NOT_SCORED
15402,15401,2015-04-13,2015,2015-04-13,1,60,WARMUP_2015_NOT_SCORED
15532,15531,2015-04-13,2015,2015-04-13,1,60,WARMUP_2015_NOT_SCORED
15628,15627,2015-04-14,2015,2015-04-14,1,60,WARMUP_2015_NOT_SCORED
15656,15655,2015-04-14,2015,2015-04-14,1,60,WARMUP_2015_NOT_SCORED
15756,15755,2015-04-14,2015,2015-04-14,1,60,WARMUP_2015_NOT_SCORED
15779,15778,2015-04-14,2015,2015-04-14,1,60,WARMUP_2015_NOT_SCORED
15841,15840,2015-04-15,2015,2015-04-15,-1,60,WARMUP_2015_NOT_SCORED
15857,15856,2015-04-15,2015,2015-04-15,-1,60,WARMUP_2015_NOT_SCORED
15916,15915,2015-04-15,2015,2015-04-15,-1,60,WARMUP_2015_NOT_SCORED
16026,16025,2015-04-15,2015,2015-04-15,-1,60,WARMUP_2015_NOT_SCORED
16105,16104,2015-04-16,2015,2015-04-16,-1,60,WARMUP_2015_NOT_SCORED
16225,16224,2015-04-16,2015,2015-04-16,-1,60,WARMUP_2015_NOT_SCORED
16283,16282,2015-04-16,2015,2015-04-16,1,60,WARMUP_2015_NOT_SCORED
16405,16404,2015-04-17,2015,2015-04-17,1,60,WARMUP_2015_NOT_SCORED
16583,16582,2015-04-20,2015,2015-04-20,-1,60,WARMUP_2015_NOT_SCORED
16755,16754,2015-04-20,2015,2015-04-20,-1,60,WARMUP_2015_NOT_SCORED
16786,16785,2015-04-20,2015,2015-04-20,-1,60,WARMUP_2015_NOT_SCORED
16825,16824,2015-04-21,2015,2015-04-21,1,60,WARMUP_2015_NOT_SCORED
16984,16983,2015-04-21,2015,2015-04-21,1,60,WARMUP_2015_NOT_SCORED
17134,17133,2015-04-22,2015,2015-04-22,1,60,WARMUP_2015_NOT_SCORED
17227,17226,2015-04-22,2015,2015-04-22,1,60,WARMUP_2015_NOT_SCORED
17302,17301,2015-04-23,2015,2015-04-23,1,60,WARMUP_2015_NOT_SCORED
17365,17364,2015-04-23,2015,2015-04-23,1,60,WARMUP_2015_NOT_SCORED
17377,17376,2015-04-23,2015,2015-04-23,1,60,WARMUP_2015_NOT_SCORED
17479,17478,2015-04-23,2015,2015-04-23,1,60,WARMUP_2015_NOT_SCORED
17591,17590,2015-04-24,2015,2015-04-24,-1,60,WARMUP_2015_NOT_SCORED
17770,17769,2015-04-27,2015,2015-04-27,1,60,WARMUP_2015_NOT_SCORED
17869,17868,2015-04-27,2015,2015-04-27,1,60,WARMUP_2015_NOT_SCORED
18072,18071,2015-04-28,2015,2015-04-28,-1,60,WARMUP_2015_NOT_SCORED
18140,18139,2015-04-28,2015,2015-04-28,-1,60,WARMUP_2015_NOT_SCORED
18241,18240,2015-04-29,2015,2015-04-29,-1,60,WARMUP_2015_NOT_SCORED
18690,18689,2015-04-30,2015,2015-04-30,1,60,WARMUP_2015_NOT_SCORED
19939,19938,2015-05-11,2015,2015-05-11,1,60,WARMUP_2015_NOT_SCORED
20032,20031,2015-05-11,2015,2015-05-11,1,60,WARMUP_2015_NOT_SCORED
20199,20198,2015-05-12,2015,2015-05-12,1,60,WARMUP_2015_NOT_SCORED
20405,20404,2015-05-13,2015,2015-05-13,1,60,WARMUP_2015_NOT_SCORED
20469,20468,2015-05-13,2015,2015-05-13,1,60,WARMUP_2015_NOT_SCORED
20557,20556,2015-05-13,2015,2015-05-13,1,60,WARMUP_2015_NOT_SCORED
20608,20607,2015-05-13,2015,2015-05-13,1,60,WARMUP_2015_NOT_SCORED
20686,20685,2015-05-14,2015,2015-05-14,1,60,WARMUP_2015_NOT_SCORED
20848,20847,2015-05-14,2015,2015-05-14,1,60,WARMUP_2015_NOT_SCORED
21032,21031,2015-05-15,2015,2015-05-15,-1,60,WARMUP_2015_NOT_SCORED
21123,21122,2015-05-18,2015,2015-05-18,1,60,WARMUP_2015_NOT_SCORED
21200,21199,2015-05-18,2015,2015-05-18,1,60,WARMUP_2015_NOT_SCORED
21309,21308,2015-05-18,2015,2015-05-18,1,60,WARMUP_2015_NOT_SCORED
21399,21398,2015-05-19,2015,2015-05-19,1,60,WARMUP_2015_NOT_SCORED
21722,21721,2015-05-20,2015,2015-05-20,1,60,WARMUP_2015_NOT_SCORED
21825,21824,2015-05-20,2015,2015-05-20,1,60,WARMUP_2015_NOT_SCORED
21875,21874,2015-05-21,2015,2015-05-21,1,60,WARMUP_2015_NOT_SCORED
22010,22009,2015-05-21,2015,2015-05-21,1,60,WARMUP_2015_NOT_SCORED
22147,22146,2015-05-22,2015,2015-05-22,1,60,WARMUP_2015_NOT_SCORED
22520,22519,2015-05-25,2015,2015-05-25,1,60,WARMUP_2015_NOT_SCORED
22597,22596,2015-05-26,2015,2015-05-26,1,60,WARMUP_2015_NOT_SCORED
22719,22718,2015-05-26,2015,2015-05-26,1,60,WARMUP_2015_NOT_SCORED
22831,22830,2015-05-27,2015,2015-05-27,1,60,WARMUP_2015_NOT_SCORED
23046,23045,2015-05-28,2015,2015-05-28,1,60,WARMUP_2015_NOT_SCORED
23067,23066,2015-05-28,2015,2015-05-28,1,60,WARMUP_2015_NOT_SCORED
23119,23118,2015-05-28,2015,2015-05-28,1,60,WARMUP_2015_NOT_SCORED
23144,23143,2015-05-28,2015,2015-05-28,-1,60,WARMUP_2015_NOT_SCORED
23177,23176,2015-05-28,2015,2015-05-28,-1,60,WARMUP_2015_NOT_SCORED
23234,23233,2015-05-28,2015,2015-05-28,-1,60,WARMUP_2015_NOT_SCORED
23253,23252,2015-05-28,2015,2015-05-28,-1,60,WARMUP_2015_NOT_SCORED
23287,23286,2015-05-29,2015,2015-05-29,-1,60,WARMUP_2015_NOT_SCORED
23306,23305,2015-05-29,2015,2015-05-29,-1,60,WARMUP_2015_NOT_SCORED
23435,23434,2015-05-29,2015,2015-05-29,1,60,WARMUP_2015_NOT_SCORED
23469,23468,2015-05-29,2015,2015-05-29,1,60,WARMUP_2015_NOT_SCORED
23529,23528,2015-06-01,2015,2015-06-01,1,60,WARMUP_2015_NOT_SCORED
23578,23577,2015-06-01,2015,2015-06-01,1,60,WARMUP_2015_NOT_SCORED
23727,23726,2015-06-01,2015,2015-06-01,1,60,WARMUP_2015_NOT_SCORED
23778,23777,2015-06-02,2015,2015-06-02,1,60,WARMUP_2015_NOT_SCORED
23829,23828,2015-06-02,2015,2015-06-02,1,60,WARMUP_2015_NOT_SCORED
23880,23879,2015-06-02,2015,2015-06-02,1,60,WARMUP_2015_NOT_SCORED
24008,24007,2015-06-03,2015,2015-06-03,1,60,WARMUP_2015_NOT_SCORED
24033,24032,2015-06-03,2015,2015-06-03,1,60,WARMUP_2015_NOT_SCORED
24104,24103,2015-06-03,2015,2015-06-03,-1,60,WARMUP_2015_NOT_SCORED
24374,24373,2015-06-04,2015,2015-06-04,-1,60,WARMUP_2015_NOT_SCORED
24488,24487,2015-06-05,2015,2015-06-05,1,60,WARMUP_2015_NOT_SCORED
24569,24568,2015-06-05,2015,2015-06-05,1,60,WARMUP_2015_NOT_SCORED
24586,24585,2015-06-05,2015,2015-06-05,1,60,WARMUP_2015_NOT_SCORED
24611,24610,2015-06-05,2015,2015-06-05,-1,60,WARMUP_2015_NOT_SCORED
24784,24783,2015-06-08,2015,2015-06-08,-1,60,WARMUP_2015_NOT_SCORED
24861,24860,2015-06-08,2015,2015-06-08,-1,60,WARMUP_2015_NOT_SCORED
25037,25036,2015-06-09,2015,2015-06-09,1,60,WARMUP_2015_NOT_SCORED
25204,25203,2015-06-10,2015,2015-06-10,1,60,WARMUP_2015_NOT_SCORED
25234,25233,2015-06-10,2015,2015-06-10,1,60,WARMUP_2015_NOT_SCORED
25318,25317,2015-06-10,2015,2015-06-10,1,60,WARMUP_2015_NOT_SCORED
25422,25421,2015-06-10,2015,2015-06-10,1,60,WARMUP_2015_NOT_SCORED
25462,25461,2015-06-11,2015,2015-06-11,1,60,WARMUP_2015_NOT_SCORED
25559,25558,2015-06-11,2015,2015-06-11,1,60,WARMUP_2015_NOT_SCORED
25629,25628,2015-06-11,2015,2015-06-11,1,60,WARMUP_2015_NOT_SCORED
25714,25713,2015-06-12,2015,2015-06-12,1,60,WARMUP_2015_NOT_SCORED
25765,25764,2015-06-12,2015,2015-06-12,1,60,WARMUP_2015_NOT_SCORED
25879,25878,2015-06-12,2015,2015-06-12,1,60,WARMUP_2015_NOT_SCORED
26169,26168,2015-06-16,2015,2015-06-16,-1,60,WARMUP_2015_NOT_SCORED
26209,26208,2015-06-16,2015,2015-06-16,-1,60,WARMUP_2015_NOT_SCORED
26247,26246,2015-06-16,2015,2015-06-16,-1,60,WARMUP_2015_NOT_SCORED
26406,26405,2015-06-17,2015,2015-06-17,-1,60,WARMUP_2015_NOT_SCORED
26455,26454,2015-06-17,2015,2015-06-17,-1,60,WARMUP_2015_NOT_SCORED
26508,26507,2015-06-17,2015,2015-06-17,-1,60,WARMUP_2015_NOT_SCORED
26644,26643,2015-06-18,2015,2015-06-18,1,60,WARMUP_2015_NOT_SCORED
26668,26667,2015-06-18,2015,2015-06-18,1,60,WARMUP_2015_NOT_SCORED
26734,26733,2015-06-18,2015,2015-06-18,1,60,WARMUP_2015_NOT_SCORED
26768,26767,2015-06-18,2015,2015-06-18,-1,60,WARMUP_2015_NOT_SCORED
26823,26822,2015-06-18,2015,2015-06-18,-1,60,WARMUP_2015_NOT_SCORED
26845,26844,2015-06-18,2015,2015-06-18,-1,60,WARMUP_2015_NOT_SCORED
26865,26864,2015-06-18,2015,2015-06-18,-1,60,WARMUP_2015_NOT_SCORED
26887,26886,2015-06-19,2015,2015-06-19,-1,60,WARMUP_2015_NOT_SCORED
26922,26921,2015-06-19,2015,2015-06-19,-1,60,WARMUP_2015_NOT_SCORED
26986,26985,2015-06-19,2015,2015-06-19,-1,60,WARMUP_2015_NOT_SCORED
27052,27051,2015-06-19,2015,2015-06-19,-1,60,WARMUP_2015_NOT_SCORED
27127,27126,2015-06-23,2015,2015-06-23,-1,60,WARMUP_2015_NOT_SCORED
27138,27137,2015-06-23,2015,2015-06-23,-1,60,WARMUP_2015_NOT_SCORED
27247,27246,2015-06-23,2015,2015-06-23,-1,60,WARMUP_2015_NOT_SCORED
27398,27397,2015-06-24,2015,2015-06-24,1,60,WARMUP_2015_NOT_SCORED
27838,27837,2015-06-25,2015,2015-06-25,-1,60,WARMUP_2015_NOT_SCORED
27846,27845,2015-06-26,2015,2015-06-26,-1,60,WARMUP_2015_NOT_SCORED
27867,27866,2015-06-26,2015,2015-06-26,-1,60,WARMUP_2015_NOT_SCORED
27933,27932,2015-06-26,2015,2015-06-26,-1,60,WARMUP_2015_NOT_SCORED
27966,27965,2015-06-26,2015,2015-06-26,-1,60,WARMUP_2015_NOT_SCORED
28100,28099,2015-06-29,2015,2015-06-29,-1,60,WARMUP_2015_NOT_SCORED
28126,28125,2015-06-29,2015,2015-06-29,1,60,WARMUP_2015_NOT_SCORED
28148,28147,2015-06-29,2015,2015-06-29,1,60,WARMUP_2015_NOT_SCORED
28164,28163,2015-06-29,2015,2015-06-29,-1,60,WARMUP_2015_NOT_SCORED
28174,28173,2015-06-29,2015,2015-06-29,-1,60,WARMUP_2015_NOT_SCORED
28188,28187,2015-06-29,2015,2015-06-29,-1,60,WARMUP_2015_NOT_SCORED
28247,28246,2015-06-29,2015,2015-06-29,-1,60,WARMUP_2015_NOT_SCORED
28275,28274,2015-06-29,2015,2015-06-29,1,60,WARMUP_2015_NOT_SCORED
28328,28327,2015-06-30,2015,2015-06-30,-1,60,WARMUP_2015_NOT_SCORED
28347,28346,2015-06-30,2015,2015-06-30,-1,60,WARMUP_2015_NOT_SCORED
28363,28362,2015-06-30,2015,2015-06-30,-1,60,WARMUP_2015_NOT_SCORED
28389,28388,2015-06-30,2015,2015-06-30,-1,60,WARMUP_2015_NOT_SCORED
28434,28433,2015-06-30,2015,2015-06-30,-1,60,WARMUP_2015_NOT_SCORED
28452,28451,2015-06-30,2015,2015-06-30,1,60,WARMUP_2015_NOT_SCORED
28489,28488,2015-06-30,2015,2015-06-30,1,60,WARMUP_2015_NOT_SCORED
28505,28504,2015-06-30,2015,2015-06-30,1,60,WARMUP_2015_NOT_SCORED
28519,28518,2015-06-30,2015,2015-06-30,1,60,WARMUP_2015_NOT_SCORED
28567,28566,2015-07-01,2015,2015-07-01,-1,60,WARMUP_2015_NOT_SCORED
28591,28590,2015-07-01,2015,2015-07-01,1,60,WARMUP_2015_NOT_SCORED
28652,28651,2015-07-01,2015,2015-07-01,1,60,WARMUP_2015_NOT_SCORED
28699,28698,2015-07-01,2015,2015-07-01,-1,60,WARMUP_2015_NOT_SCORED
28746,28745,2015-07-01,2015,2015-07-01,-1,60,WARMUP_2015_NOT_SCORED
28764,28763,2015-07-01,2015,2015-07-01,-1,60,WARMUP_2015_NOT_SCORED
28783,28782,2015-07-01,2015,2015-07-01,-1,60,WARMUP_2015_NOT_SCORED
28801,28800,2015-07-02,2015,2015-07-02,-1,60,WARMUP_2015_NOT_SCORED
28812,28811,2015-07-02,2015,2015-07-02,-1,60,WARMUP_2015_NOT_SCORED
28825,28824,2015-07-02,2015,2015-07-02,1,60,WARMUP_2015_NOT_SCORED
28848,28847,2015-07-02,2015,2015-07-02,-1,60,WARMUP_2015_NOT_SCORED
28863,28862,2015-07-02,2015,2015-07-02,-1,60,WARMUP_2015_NOT_SCORED
28887,28886,2015-07-02,2015,2015-07-02,1,60,WARMUP_2015_NOT_SCORED
28914,28913,2015-07-02,2015,2015-07-02,1,60,WARMUP_2015_NOT_SCORED
28980,28979,2015-07-02,2015,2015-07-02,-1,60,WARMUP_2015_NOT_SCORED
29009,29008,2015-07-02,2015,2015-07-02,-1,60,WARMUP_2015_NOT_SCORED
29070,29069,2015-07-03,2015,2015-07-03,-1,60,WARMUP_2015_NOT_SCORED
29122,29121,2015-07-03,2015,2015-07-03,-1,60,WARMUP_2015_NOT_SCORED
29170,29169,2015-07-03,2015,2015-07-03,1,60,WARMUP_2015_NOT_SCORED
29188,29187,2015-07-03,2015,2015-07-03,1,60,WARMUP_2015_NOT_SCORED
29218,29217,2015-07-03,2015,2015-07-03,-1,60,WARMUP_2015_NOT_SCORED
29227,29226,2015-07-03,2015,2015-07-03,-1,60,WARMUP_2015_NOT_SCORED
29240,29239,2015-07-03,2015,2015-07-03,-1,60,WARMUP_2015_NOT_SCORED
29265,29264,2015-07-03,2015,2015-07-03,-1,60,WARMUP_2015_NOT_SCORED
29293,29292,2015-07-06,2015,2015-07-06,1,60,WARMUP_2015_NOT_SCORED
29321,29320,2015-07-06,2015,2015-07-06,-1,60,WARMUP_2015_NOT_SCORED
29364,29363,2015-07-06,2015,2015-07-06,-1,60,WARMUP_2015_NOT_SCORED
29398,29397,2015-07-06,2015,2015-07-06,-1,60,WARMUP_2015_NOT_SCORED
29421,29420,2015-07-06,2015,2015-07-06,-1,60,WARMUP_2015_NOT_SCORED
29452,29451,2015-07-06,2015,2015-07-06,-1,60,WARMUP_2015_NOT_SCORED
29496,29495,2015-07-06,2015,2015-07-06,1,60,WARMUP_2015_NOT_SCORED
29527,29526,2015-07-07,2015,2015-07-07,-1,60,WARMUP_2015_NOT_SCORED
29550,29549,2015-07-07,2015,2015-07-07,-1,60,WARMUP_2015_NOT_SCORED
30067,30066,2015-07-09,2015,2015-07-09,1,60,WARMUP_2015_NOT_SCORED
30503,30502,2015-07-13,2015,2015-07-13,1,60,WARMUP_2015_NOT_SCORED
30749,30748,2015-07-14,2015,2015-07-14,1,60,WARMUP_2015_NOT_SCORED
30848,30847,2015-07-14,2015,2015-07-14,1,60,WARMUP_2015_NOT_SCORED
30868,30867,2015-07-14,2015,2015-07-14,1,60,WARMUP_2015_NOT_SCORED
30877,30876,2015-07-14,2015,2015-07-14,1,60,WARMUP_2015_NOT_SCORED
30896,30895,2015-07-14,2015,2015-07-14,-1,60,WARMUP_2015_NOT_SCORED
30936,30935,2015-07-14,2015,2015-07-14,-1,60,WARMUP_2015_NOT_SCORED
30950,30949,2015-07-14,2015,2015-07-14,-1,60,WARMUP_2015_NOT_SCORED
30963,30962,2015-07-15,2015,2015-07-15,1,60,WARMUP_2015_NOT_SCORED
30970,30969,2015-07-15,2015,2015-07-15,1,60,WARMUP_2015_NOT_SCORED
31009,31008,2015-07-15,2015,2015-07-15,-1,60,WARMUP_2015_NOT_SCORED
31048,31047,2015-07-15,2015,2015-07-15,-1,60,WARMUP_2015_NOT_SCORED
31086,31085,2015-07-15,2015,2015-07-15,-1,60,WARMUP_2015_NOT_SCORED
31141,31140,2015-07-15,2015,2015-07-15,-1,60,WARMUP_2015_NOT_SCORED
31218,31217,2015-07-16,2015,2015-07-16,-1,60,WARMUP_2015_NOT_SCORED
31233,31232,2015-07-16,2015,2015-07-16,1,60,WARMUP_2015_NOT_SCORED
31269,31268,2015-07-16,2015,2015-07-16,1,60,WARMUP_2015_NOT_SCORED
31298,31297,2015-07-16,2015,2015-07-16,1,60,WARMUP_2015_NOT_SCORED
31357,31356,2015-07-16,2015,2015-07-16,-1,60,WARMUP_2015_NOT_SCORED
31379,31378,2015-07-16,2015,2015-07-16,-1,60,WARMUP_2015_NOT_SCORED
31423,31422,2015-07-16,2015,2015-07-16,-1,60,WARMUP_2015_NOT_SCORED
31429,31428,2015-07-16,2015,2015-07-16,1,60,WARMUP_2015_NOT_SCORED
31445,31444,2015-07-17,2015,2015-07-17,1,60,WARMUP_2015_NOT_SCORED
31457,31456,2015-07-17,2015,2015-07-17,1,60,WARMUP_2015_NOT_SCORED
31504,31503,2015-07-17,2015,2015-07-17,1,60,WARMUP_2015_NOT_SCORED
31574,31573,2015-07-17,2015,2015-07-17,1,60,WARMUP_2015_NOT_SCORED
31697,31696,2015-07-20,2015,2015-07-20,1,60,WARMUP_2015_NOT_SCORED
31759,31758,2015-07-20,2015,2015-07-20,1,60,WARMUP_2015_NOT_SCORED
31780,31779,2015-07-20,2015,2015-07-20,-1,60,WARMUP_2015_NOT_SCORED
31971,31970,2015-07-21,2015,2015-07-21,1,60,WARMUP_2015_NOT_SCORED
32015,32014,2015-07-21,2015,2015-07-21,1,60,WARMUP_2015_NOT_SCORED
32059,32058,2015-07-21,2015,2015-07-21,-1,60,WARMUP_2015_NOT_SCORED
32128,32127,2015-07-21,2015,2015-07-21,1,60,WARMUP_2015_NOT_SCORED
32169,32168,2015-07-22,2015,2015-07-22,1,60,WARMUP_2015_NOT_SCORED
32190,32189,2015-07-22,2015,2015-07-22,1,60,WARMUP_2015_NOT_SCORED
32262,32261,2015-07-22,2015,2015-07-22,1,60,WARMUP_2015_NOT_SCORED
32299,32298,2015-07-22,2015,2015-07-22,-1,60,WARMUP_2015_NOT_SCORED
32410,32409,2015-07-23,2015,2015-07-23,1,60,WARMUP_2015_NOT_SCORED
32492,32491,2015-07-23,2015,2015-07-23,1,60,WARMUP_2015_NOT_SCORED
32582,32581,2015-07-23,2015,2015-07-23,1,60,WARMUP_2015_NOT_SCORED
32649,32648,2015-07-24,2015,2015-07-24,1,60,WARMUP_2015_NOT_SCORED
32671,32670,2015-07-24,2015,2015-07-24,1,60,WARMUP_2015_NOT_SCORED
32715,32714,2015-07-24,2015,2015-07-24,-1,60,WARMUP_2015_NOT_SCORED
32793,32792,2015-07-24,2015,2015-07-24,-1,60,WARMUP_2015_NOT_SCORED
32838,32837,2015-07-24,2015,2015-07-24,1,60,WARMUP_2015_NOT_SCORED
32858,32857,2015-07-24,2015,2015-07-24,1,60,WARMUP_2015_NOT_SCORED
32893,32892,2015-07-27,2015,2015-07-27,-1,60,WARMUP_2015_NOT_SCORED
32964,32963,2015-07-27,2015,2015-07-27,1,60,WARMUP_2015_NOT_SCORED
33010,33009,2015-07-27,2015,2015-07-27,-1,60,WARMUP_2015_NOT_SCORED
33033,33032,2015-07-27,2015,2015-07-27,-1,60,WARMUP_2015_NOT_SCORED
33075,33074,2015-07-27,2015,2015-07-27,-1,60,WARMUP_2015_NOT_SCORED
33091,33090,2015-07-27,2015,2015-07-27,-1,60,WARMUP_2015_NOT_SCORED
33109,33108,2015-07-27,2015,2015-07-27,-1,60,WARMUP_2015_NOT_SCORED
33125,33124,2015-07-28,2015,2015-07-28,-1,60,WARMUP_2015_NOT_SCORED
33132,33131,2015-07-28,2015,2015-07-28,-1,60,WARMUP_2015_NOT_SCORED
33163,33162,2015-07-28,2015,2015-07-28,-1,60,WARMUP_2015_NOT_SCORED
33217,33216,2015-07-28,2015,2015-07-28,1,60,WARMUP_2015_NOT_SCORED
33292,33291,2015-07-28,2015,2015-07-28,-1,60,WARMUP_2015_NOT_SCORED
33311,33310,2015-07-28,2015,2015-07-28,1,60,WARMUP_2015_NOT_SCORED
33318,33317,2015-07-28,2015,2015-07-28,1,60,WARMUP_2015_NOT_SCORED
33329,33328,2015-07-28,2015,2015-07-28,1,60,WARMUP_2015_NOT_SCORED
33341,33340,2015-07-28,2015,2015-07-28,-1,60,WARMUP_2015_NOT_SCORED
33366,33365,2015-07-29,2015,2015-07-29,1,60,WARMUP_2015_NOT_SCORED
33401,33400,2015-07-29,2015,2015-07-29,-1,60,WARMUP_2015_NOT_SCORED
33425,33424,2015-07-29,2015,2015-07-29,-1,60,WARMUP_2015_NOT_SCORED
33507,33506,2015-07-29,2015,2015-07-29,-1,60,WARMUP_2015_NOT_SCORED
33529,33528,2015-07-29,2015,2015-07-29,-1,60,WARMUP_2015_NOT_SCORED
33552,33551,2015-07-29,2015,2015-07-29,1,60,WARMUP_2015_NOT_SCORED
33563,33562,2015-07-29,2015,2015-07-29,1,60,WARMUP_2015_NOT_SCORED
33574,33573,2015-07-29,2015,2015-07-29,1,60,WARMUP_2015_NOT_SCORED
33603,33602,2015-07-30,2015,2015-07-30,1,60,WARMUP_2015_NOT_SCORED
33621,33620,2015-07-30,2015,2015-07-30,1,60,WARMUP_2015_NOT_SCORED
33692,33691,2015-07-30,2015,2015-07-30,1,60,WARMUP_2015_NOT_SCORED
33708,33707,2015-07-30,2015,2015-07-30,1,60,WARMUP_2015_NOT_SCORED
33743,33742,2015-07-30,2015,2015-07-30,-1,60,WARMUP_2015_NOT_SCORED
33760,33759,2015-07-30,2015,2015-07-30,-1,60,WARMUP_2015_NOT_SCORED
33793,33792,2015-07-30,2015,2015-07-30,1,60,WARMUP_2015_NOT_SCORED
33808,33807,2015-07-30,2015,2015-07-30,1,60,WARMUP_2015_NOT_SCORED
33818,33817,2015-07-30,2015,2015-07-30,-1,60,WARMUP_2015_NOT_SCORED
33844,33843,2015-07-31,2015,2015-07-31,-1,60,WARMUP_2015_NOT_SCORED
33850,33849,2015-07-31,2015,2015-07-31,-1,60,WARMUP_2015_NOT_SCORED
33877,33876,2015-07-31,2015,2015-07-31,-1,60,WARMUP_2015_NOT_SCORED
33900,33899,2015-07-31,2015,2015-07-31,-1,60,WARMUP_2015_NOT_SCORED
33910,33909,2015-07-31,2015,2015-07-31,1,60,WARMUP_2015_NOT_SCORED
34041,34040,2015-07-31,2015,2015-07-31,1,60,WARMUP_2015_NOT_SCORED
34055,34054,2015-07-31,2015,2015-07-31,-1,60,WARMUP_2015_NOT_SCORED
34086,34085,2015-08-03,2015,2015-08-03,-1,60,WARMUP_2015_NOT_SCORED
34098,34097,2015-08-03,2015,2015-08-03,-1,60,WARMUP_2015_NOT_SCORED
34133,34132,2015-08-03,2015,2015-08-03,-1,60,WARMUP_2015_NOT_SCORED
34161,34160,2015-08-03,2015,2015-08-03,1,60,WARMUP_2015_NOT_SCORED
34219,34218,2015-08-03,2015,2015-08-03,-1,60,WARMUP_2015_NOT_SCORED
34249,34248,2015-08-03,2015,2015-08-03,-1,60,WARMUP_2015_NOT_SCORED
34297,34296,2015-08-03,2015,2015-08-03,-1,60,WARMUP_2015_NOT_SCORED
34327,34326,2015-08-04,2015,2015-08-04,1,60,WARMUP_2015_NOT_SCORED
34352,34351,2015-08-04,2015,2015-08-04,1,60,WARMUP_2015_NOT_SCORED
34479,34478,2015-08-04,2015,2015-08-04,1,60,WARMUP_2015_NOT_SCORED
34526,34525,2015-08-04,2015,2015-08-04,1,60,WARMUP_2015_NOT_SCORED
34583,34582,2015-08-05,2015,2015-08-05,1,60,WARMUP_2015_NOT_SCORED
34628,34627,2015-08-05,2015,2015-08-05,1,60,WARMUP_2015_NOT_SCORED
34678,34677,2015-08-05,2015,2015-08-05,-1,60,WARMUP_2015_NOT_SCORED
34688,34687,2015-08-05,2015,2015-08-05,-1,60,WARMUP_2015_NOT_SCORED
34724,34723,2015-08-05,2015,2015-08-05,-1,60,WARMUP_2015_NOT_SCORED
34783,34782,2015-08-05,2015,2015-08-05,1,60,WARMUP_2015_NOT_SCORED
34805,34804,2015-08-06,2015,2015-08-06,-1,60,WARMUP_2015_NOT_SCORED
35160,35159,2015-08-07,2015,2015-08-07,1,60,WARMUP_2015_NOT_SCORED
35216,35215,2015-08-07,2015,2015-08-07,1,60,WARMUP_2015_NOT_SCORED
35286,35285,2015-08-10,2015,2015-08-10,1,60,WARMUP_2015_NOT_SCORED
35312,35311,2015-08-10,2015,2015-08-10,1,60,WARMUP_2015_NOT_SCORED
35356,35355,2015-08-10,2015,2015-08-10,1,60,WARMUP_2015_NOT_SCORED
35450,35449,2015-08-10,2015,2015-08-10,1,60,WARMUP_2015_NOT_SCORED
35524,35523,2015-08-11,2015,2015-08-11,1,60,WARMUP_2015_NOT_SCORED
35539,35538,2015-08-11,2015,2015-08-11,1,60,WARMUP_2015_NOT_SCORED
35566,35565,2015-08-11,2015,2015-08-11,1,60,WARMUP_2015_NOT_SCORED
35645,35644,2015-08-11,2015,2015-08-11,-1,60,WARMUP_2015_NOT_SCORED
35666,35665,2015-08-11,2015,2015-08-11,-1,60,WARMUP_2015_NOT_SCORED
35735,35734,2015-08-11,2015,2015-08-11,1,60,WARMUP_2015_NOT_SCORED
35787,35786,2015-08-12,2015,2015-08-12,-1,60,WARMUP_2015_NOT_SCORED
35967,35966,2015-08-12,2015,2015-08-12,-1,60,WARMUP_2015_NOT_SCORED
36086,36085,2015-08-13,2015,2015-08-13,1,60,WARMUP_2015_NOT_SCORED
36149,36148,2015-08-13,2015,2015-08-13,-1,60,WARMUP_2015_NOT_SCORED
36246,36245,2015-08-14,2015,2015-08-14,1,60,WARMUP_2015_NOT_SCORED
36287,36286,2015-08-14,2015,2015-08-14,1,60,WARMUP_2015_NOT_SCORED
36304,36303,2015-08-14,2015,2015-08-14,1,60,WARMUP_2015_NOT_SCORED
36399,36398,2015-08-14,2015,2015-08-14,1,60,WARMUP_2015_NOT_SCORED
36464,36463,2015-08-14,2015,2015-08-14,-1,60,WARMUP_2015_NOT_SCORED
36533,36532,2015-08-17,2015,2015-08-17,-1,60,WARMUP_2015_NOT_SCORED
36581,36580,2015-08-17,2015,2015-08-17,-1,60,WARMUP_2015_NOT_SCORED
36633,36632,2015-08-17,2015,2015-08-17,1,60,WARMUP_2015_NOT_SCORED
36685,36684,2015-08-17,2015,2015-08-17,1,60,WARMUP_2015_NOT_SCORED
36728,36727,2015-08-18,2015,2015-08-18,1,60,WARMUP_2015_NOT_SCORED
36837,36836,2015-08-18,2015,2015-08-18,-1,60,WARMUP_2015_NOT_SCORED
36859,36858,2015-08-18,2015,2015-08-18,-1,60,WARMUP_2015_NOT_SCORED
36880,36879,2015-08-18,2015,2015-08-18,-1,60,WARMUP_2015_NOT_SCORED
36894,36893,2015-08-18,2015,2015-08-18,-1,60,WARMUP_2015_NOT_SCORED
36904,36903,2015-08-18,2015,2015-08-18,-1,60,WARMUP_2015_NOT_SCORED
36929,36928,2015-08-18,2015,2015-08-18,-1,60,WARMUP_2015_NOT_SCORED
36964,36963,2015-08-19,2015,2015-08-19,-1,60,WARMUP_2015_NOT_SCORED
36999,36998,2015-08-19,2015,2015-08-19,1,60,WARMUP_2015_NOT_SCORED
37065,37064,2015-08-19,2015,2015-08-19,-1,60,WARMUP_2015_NOT_SCORED
37160,37159,2015-08-19,2015,2015-08-19,1,60,WARMUP_2015_NOT_SCORED
37185,37184,2015-08-19,2015,2015-08-19,1,60,WARMUP_2015_NOT_SCORED
37349,37348,2015-08-20,2015,2015-08-20,1,60,WARMUP_2015_NOT_SCORED
37420,37419,2015-08-20,2015,2015-08-20,-1,60,WARMUP_2015_NOT_SCORED
37445,37444,2015-08-21,2015,2015-08-21,-1,60,WARMUP_2015_NOT_SCORED
37457,37456,2015-08-21,2015,2015-08-21,-1,60,WARMUP_2015_NOT_SCORED
37490,37489,2015-08-21,2015,2015-08-21,-1,60,WARMUP_2015_NOT_SCORED
37540,37539,2015-08-21,2015,2015-08-21,-1,60,WARMUP_2015_NOT_SCORED
37570,37569,2015-08-21,2015,2015-08-21,-1,60,WARMUP_2015_NOT_SCORED
37583,37582,2015-08-21,2015,2015-08-21,-1,60,WARMUP_2015_NOT_SCORED
37643,37642,2015-08-21,2015,2015-08-21,1,60,WARMUP_2015_NOT_SCORED
37693,37692,2015-08-24,2015,2015-08-24,-1,60,WARMUP_2015_NOT_SCORED
37715,37714,2015-08-24,2015,2015-08-24,-1,60,WARMUP_2015_NOT_SCORED
37744,37743,2015-08-24,2015,2015-08-24,-1,60,WARMUP_2015_NOT_SCORED
37898,37897,2015-08-24,2015,2015-08-24,-1,60,WARMUP_2015_NOT_SCORED
37948,37947,2015-08-25,2015,2015-08-25,-1,60,WARMUP_2015_NOT_SCORED
38174,38173,2015-08-26,2015,2015-08-26,-1,60,WARMUP_2015_NOT_SCORED
38185,38184,2015-08-26,2015,2015-08-26,1,60,WARMUP_2015_NOT_SCORED
38215,38214,2015-08-26,2015,2015-08-26,-1,60,WARMUP_2015_NOT_SCORED
38224,38223,2015-08-26,2015,2015-08-26,-1,60,WARMUP_2015_NOT_SCORED
38238,38237,2015-08-26,2015,2015-08-26,-1,60,WARMUP_2015_NOT_SCORED
38279,38278,2015-08-26,2015,2015-08-26,1,60,WARMUP_2015_NOT_SCORED
38290,38289,2015-08-26,2015,2015-08-26,1,60,WARMUP_2015_NOT_SCORED
38312,38311,2015-08-26,2015,2015-08-26,1,60,WARMUP_2015_NOT_SCORED
38327,38326,2015-08-26,2015,2015-08-26,1,60,WARMUP_2015_NOT_SCORED
38341,38340,2015-08-26,2015,2015-08-26,-1,60,WARMUP_2015_NOT_SCORED
38363,38362,2015-08-26,2015,2015-08-26,-1,60,WARMUP_2015_NOT_SCORED
38402,38401,2015-08-27,2015,2015-08-27,-1,60,WARMUP_2015_NOT_SCORED
38534,38533,2015-08-27,2015,2015-08-27,-1,60,WARMUP_2015_NOT_SCORED
38585,38584,2015-08-27,2015,2015-08-27,-1,60,WARMUP_2015_NOT_SCORED
38600,38599,2015-08-27,2015,2015-08-27,-1,60,WARMUP_2015_NOT_SCORED
38607,38606,2015-08-27,2015,2015-08-27,-1,60,WARMUP_2015_NOT_SCORED
38617,38616,2015-08-27,2015,2015-08-27,1,60,WARMUP_2015_NOT_SCORED
38632,38631,2015-08-27,2015,2015-08-27,1,60,WARMUP_2015_NOT_SCORED
38644,38643,2015-08-28,2015,2015-08-28,1,60,WARMUP_2015_NOT_SCORED
38651,38650,2015-08-28,2015,2015-08-28,1,60,WARMUP_2015_NOT_SCORED
38668,38667,2015-08-28,2015,2015-08-28,1,60,WARMUP_2015_NOT_SCORED
38703,38702,2015-08-28,2015,2015-08-28,1,60,WARMUP_2015_NOT_SCORED
38727,38726,2015-08-28,2015,2015-08-28,1,60,WARMUP_2015_NOT_SCORED
38780,38779,2015-08-28,2015,2015-08-28,1,60,WARMUP_2015_NOT_SCORED
38832,38831,2015-08-28,2015,2015-08-28,1,60,WARMUP_2015_NOT_SCORED
38868,38867,2015-08-28,2015,2015-08-28,1,60,WARMUP_2015_NOT_SCORED
38883,38882,2015-08-31,2015,2015-08-31,1,60,WARMUP_2015_NOT_SCORED
39125,39124,2015-09-01,2015,2015-09-01,-1,60,WARMUP_2015_NOT_SCORED
39133,39132,2015-09-01,2015,2015-09-01,-1,60,WARMUP_2015_NOT_SCORED
39166,39165,2015-09-01,2015,2015-09-01,-1,60,WARMUP_2015_NOT_SCORED
39186,39185,2015-09-01,2015,2015-09-01,-1,60,WARMUP_2015_NOT_SCORED
39327,39326,2015-09-01,2015,2015-09-01,-1,60,WARMUP_2015_NOT_SCORED
39356,39355,2015-09-01,2015,2015-09-01,-1,60,WARMUP_2015_NOT_SCORED
39377,39376,2015-09-02,2015,2015-09-02,-1,60,WARMUP_2015_NOT_SCORED
39494,39493,2015-09-02,2015,2015-09-02,1,60,WARMUP_2015_NOT_SCORED
39586,39585,2015-09-02,2015,2015-09-02,-1,60,WARMUP_2015_NOT_SCORED
39621,39620,2015-09-07,2015,2015-09-07,1,60,WARMUP_2015_NOT_SCORED
39745,39744,2015-09-07,2015,2015-09-07,1,60,WARMUP_2015_NOT_SCORED
39776,39775,2015-09-07,2015,2015-09-07,1,60,WARMUP_2015_NOT_SCORED
39781,39780,2015-09-07,2015,2015-09-07,-1,60,WARMUP_2015_NOT_SCORED
39873,39872,2015-09-08,2015,2015-09-08,1,60,WARMUP_2015_NOT_SCORED
39955,39954,2015-09-08,2015,2015-09-08,1,60,WARMUP_2015_NOT_SCORED
40007,40006,2015-09-08,2015,2015-09-08,-1,60,WARMUP_2015_NOT_SCORED
40160,40159,2015-09-09,2015,2015-09-09,1,60,WARMUP_2015_NOT_SCORED
40239,40238,2015-09-09,2015,2015-09-09,-1,60,WARMUP_2015_NOT_SCORED
40271,40270,2015-09-09,2015,2015-09-09,-1,60,WARMUP_2015_NOT_SCORED
40281,40280,2015-09-09,2015,2015-09-09,-1,60,WARMUP_2015_NOT_SCORED
40323,40322,2015-09-10,2015,2015-09-10,1,60,WARMUP_2015_NOT_SCORED
40370,40369,2015-09-10,2015,2015-09-10,1,60,WARMUP_2015_NOT_SCORED
40418,40417,2015-09-10,2015,2015-09-10,1,60,WARMUP_2015_NOT_SCORED
40490,40489,2015-09-10,2015,2015-09-10,1,60,WARMUP_2015_NOT_SCORED
40513,40512,2015-09-10,2015,2015-09-10,1,60,WARMUP_2015_NOT_SCORED
40576,40575,2015-09-11,2015,2015-09-11,-1,60,WARMUP_2015_NOT_SCORED
40683,40682,2015-09-11,2015,2015-09-11,1,60,WARMUP_2015_NOT_SCORED
40743,40742,2015-09-11,2015,2015-09-11,-1,60,WARMUP_2015_NOT_SCORED
40786,40785,2015-09-11,2015,2015-09-11,1,60,WARMUP_2015_NOT_SCORED
40819,40818,2015-09-14,2015,2015-09-14,1,60,WARMUP_2015_NOT_SCORED
40871,40870,2015-09-14,2015,2015-09-14,-1,60,WARMUP_2015_NOT_SCORED
40929,40928,2015-09-14,2015,2015-09-14,-1,60,WARMUP_2015_NOT_SCORED
40954,40953,2015-09-14,2015,2015-09-14,-1,60,WARMUP_2015_NOT_SCORED
41020,41019,2015-09-14,2015,2015-09-14,-1,60,WARMUP_2015_NOT_SCORED
41045,41044,2015-09-15,2015,2015-09-15,-1,60,WARMUP_2015_NOT_SCORED
41054,41053,2015-09-15,2015,2015-09-15,-1,60,WARMUP_2015_NOT_SCORED
41235,41234,2015-09-15,2015,2015-09-15,-1,60,WARMUP_2015_NOT_SCORED
41283,41282,2015-09-16,2015,2015-09-16,-1,60,WARMUP_2015_NOT_SCORED
41296,41295,2015-09-16,2015,2015-09-16,-1,60,WARMUP_2015_NOT_SCORED
41301,41300,2015-09-16,2015,2015-09-16,1,60,WARMUP_2015_NOT_SCORED
41344,41343,2015-09-16,2015,2015-09-16,1,60,WARMUP_2015_NOT_SCORED
41400,41399,2015-09-16,2015,2015-09-16,1,60,WARMUP_2015_NOT_SCORED
41523,41522,2015-09-17,2015,2015-09-17,1,60,WARMUP_2015_NOT_SCORED
41530,41529,2015-09-17,2015,2015-09-17,1,60,WARMUP_2015_NOT_SCORED
41546,41545,2015-09-17,2015,2015-09-17,1,60,WARMUP_2015_NOT_SCORED
41578,41577,2015-09-17,2015,2015-09-17,1,60,WARMUP_2015_NOT_SCORED
41606,41605,2015-09-17,2015,2015-09-17,1,60,WARMUP_2015_NOT_SCORED
41629,41628,2015-09-17,2015,2015-09-17,1,60,WARMUP_2015_NOT_SCORED
41676,41675,2015-09-17,2015,2015-09-17,1,60,WARMUP_2015_NOT_SCORED
41718,41717,2015-09-17,2015,2015-09-17,1,60,WARMUP_2015_NOT_SCORED
41753,41752,2015-09-17,2015,2015-09-17,-1,60,WARMUP_2015_NOT_SCORED
41763,41762,2015-09-18,2015,2015-09-18,-1,60,WARMUP_2015_NOT_SCORED
41796,41795,2015-09-18,2015,2015-09-18,-1,60,WARMUP_2015_NOT_SCORED
41848,41847,2015-09-18,2015,2015-09-18,-1,60,WARMUP_2015_NOT_SCORED
41947,41946,2015-09-18,2015,2015-09-18,1,60,WARMUP_2015_NOT_SCORED
41995,41994,2015-09-18,2015,2015-09-18,1,60,WARMUP_2015_NOT_SCORED
42053,42052,2015-09-21,2015,2015-09-21,1,60,WARMUP_2015_NOT_SCORED
42170,42169,2015-09-21,2015,2015-09-21,1,60,WARMUP_2015_NOT_SCORED
42266,42265,2015-09-22,2015,2015-09-22,1,60,WARMUP_2015_NOT_SCORED
42499,42498,2015-09-23,2015,2015-09-23,-1,60,WARMUP_2015_NOT_SCORED
43075,43074,2015-09-25,2015,2015-09-25,-1,60,WARMUP_2015_NOT_SCORED
43193,43192,2015-09-25,2015,2015-09-25,1,60,WARMUP_2015_NOT_SCORED
43221,43220,2015-09-28,2015,2015-09-28,-1,60,WARMUP_2015_NOT_SCORED
43262,43261,2015-09-28,2015,2015-09-28,-1,60,WARMUP_2015_NOT_SCORED
43353,43352,2015-09-28,2015,2015-09-28,1,60,WARMUP_2015_NOT_SCORED
43417,43416,2015-09-28,2015,2015-09-28,1,60,WARMUP_2015_NOT_SCORED
43443,43442,2015-09-29,2015,2015-09-29,1,60,WARMUP_2015_NOT_SCORED
43654,43653,2015-09-29,2015,2015-09-29,-1,60,WARMUP_2015_NOT_SCORED
43688,43687,2015-09-30,2015,2015-09-30,-1,60,WARMUP_2015_NOT_SCORED
43709,43708,2015-09-30,2015,2015-09-30,-1,60,WARMUP_2015_NOT_SCORED
43738,43737,2015-09-30,2015,2015-09-30,1,60,WARMUP_2015_NOT_SCORED
43768,43767,2015-09-30,2015,2015-09-30,1,60,WARMUP_2015_NOT_SCORED
43858,43857,2015-09-30,2015,2015-09-30,-1,60,WARMUP_2015_NOT_SCORED
43933,43932,2015-10-08,2015,2015-10-08,1,60,WARMUP_2015_NOT_SCORED
43959,43958,2015-10-08,2015,2015-10-08,1,60,WARMUP_2015_NOT_SCORED
44130,44129,2015-10-08,2015,2015-10-08,1,60,WARMUP_2015_NOT_SCORED
44223,44222,2015-10-09,2015,2015-10-09,1,60,WARMUP_2015_NOT_SCORED
44258,44257,2015-10-09,2015,2015-10-09,1,60,WARMUP_2015_NOT_SCORED
44360,44359,2015-10-09,2015,2015-10-09,1,60,WARMUP_2015_NOT_SCORED
44560,44559,2015-10-12,2015,2015-10-12,1,60,WARMUP_2015_NOT_SCORED
44732,44731,2015-10-13,2015,2015-10-13,1,60,WARMUP_2015_NOT_SCORED
44801,44800,2015-10-13,2015,2015-10-13,1,60,WARMUP_2015_NOT_SCORED
44841,44840,2015-10-13,2015,2015-10-13,1,60,WARMUP_2015_NOT_SCORED
44877,44876,2015-10-13,2015,2015-10-13,1,60,WARMUP_2015_NOT_SCORED
44961,44960,2015-10-14,2015,2015-10-14,-1,60,WARMUP_2015_NOT_SCORED
44982,44981,2015-10-14,2015,2015-10-14,-1,60,WARMUP_2015_NOT_SCORED
45027,45026,2015-10-14,2015,2015-10-14,1,60,WARMUP_2015_NOT_SCORED
45117,45116,2015-10-14,2015,2015-10-14,-1,60,WARMUP_2015_NOT_SCORED
45148,45147,2015-10-15,2015,2015-10-15,-1,60,WARMUP_2015_NOT_SCORED
45297,45296,2015-10-15,2015,2015-10-15,1,60,WARMUP_2015_NOT_SCORED
45401,45400,2015-10-16,2015,2015-10-16,1,60,WARMUP_2015_NOT_SCORED
45556,45555,2015-10-16,2015,2015-10-16,-1,60,WARMUP_2015_NOT_SCORED
45622,45621,2015-10-19,2015,2015-10-19,1,60,WARMUP_2015_NOT_SCORED
45662,45661,2015-10-19,2015,2015-10-19,1,60,WARMUP_2015_NOT_SCORED
45739,45738,2015-10-19,2015,2015-10-19,1,60,WARMUP_2015_NOT_SCORED
45780,45779,2015-10-19,2015,2015-10-19,-1,60,WARMUP_2015_NOT_SCORED
45879,45878,2015-10-20,2015,2015-10-20,1,60,WARMUP_2015_NOT_SCORED
45944,45943,2015-10-20,2015,2015-10-20,1,60,WARMUP_2015_NOT_SCORED
46030,46029,2015-10-20,2015,2015-10-20,1,60,WARMUP_2015_NOT_SCORED
46065,46064,2015-10-20,2015,2015-10-20,1,60,WARMUP_2015_NOT_SCORED
46107,46106,2015-10-21,2015,2015-10-21,1,60,WARMUP_2015_NOT_SCORED
46187,46186,2015-10-21,2015,2015-10-21,-1,60,WARMUP_2015_NOT_SCORED
46246,46245,2015-10-21,2015,2015-10-21,-1,60,WARMUP_2015_NOT_SCORED
46261,46260,2015-10-21,2015,2015-10-21,-1,60,WARMUP_2015_NOT_SCORED
46314,46313,2015-10-21,2015,2015-10-21,-1,60,WARMUP_2015_NOT_SCORED
46392,46391,2015-10-22,2015,2015-10-22,1,60,WARMUP_2015_NOT_SCORED
46477,46476,2015-10-22,2015,2015-10-22,-1,60,WARMUP_2015_NOT_SCORED
46579,46578,2015-10-23,2015,2015-10-23,1,60,WARMUP_2015_NOT_SCORED
46611,46610,2015-10-23,2015,2015-10-23,1,60,WARMUP_2015_NOT_SCORED
46658,46657,2015-10-23,2015,2015-10-23,1,60,WARMUP_2015_NOT_SCORED
46728,46727,2015-10-23,2015,2015-10-23,1,60,WARMUP_2015_NOT_SCORED
46758,46757,2015-10-23,2015,2015-10-23,1,60,WARMUP_2015_NOT_SCORED
46814,46813,2015-10-26,2015,2015-10-26,1,60,WARMUP_2015_NOT_SCORED
46972,46971,2015-10-26,2015,2015-10-26,1,60,WARMUP_2015_NOT_SCORED
47041,47040,2015-10-27,2015,2015-10-27,-1,60,WARMUP_2015_NOT_SCORED
47074,47073,2015-10-27,2015,2015-10-27,-1,60,WARMUP_2015_NOT_SCORED
47101,47100,2015-10-27,2015,2015-10-27,-1,60,WARMUP_2015_NOT_SCORED
47147,47146,2015-10-27,2015,2015-10-27,-1,60,WARMUP_2015_NOT_SCORED
47212,47211,2015-10-27,2015,2015-10-27,1,60,WARMUP_2015_NOT_SCORED
47253,47252,2015-10-27,2015,2015-10-27,1,60,WARMUP_2015_NOT_SCORED
47283,47282,2015-10-28,2015,2015-10-28,1,60,WARMUP_2015_NOT_SCORED
47322,47321,2015-10-28,2015,2015-10-28,-1,60,WARMUP_2015_NOT_SCORED
47349,47348,2015-10-28,2015,2015-10-28,1,60,WARMUP_2015_NOT_SCORED
47431,47430,2015-10-28,2015,2015-10-28,-1,60,WARMUP_2015_NOT_SCORED
47465,47464,2015-10-28,2015,2015-10-28,-1,60,WARMUP_2015_NOT_SCORED
47523,47522,2015-10-29,2015,2015-10-29,-1,60,WARMUP_2015_NOT_SCORED
47570,47569,2015-10-29,2015,2015-10-29,-1,60,WARMUP_2015_NOT_SCORED
47674,47673,2015-10-29,2015,2015-10-29,-1,60,WARMUP_2015_NOT_SCORED
47747,47746,2015-10-29,2015,2015-10-29,1,60,WARMUP_2015_NOT_SCORED
47786,47785,2015-10-30,2015,2015-10-30,1,60,WARMUP_2015_NOT_SCORED
47855,47854,2015-10-30,2015,2015-10-30,-1,60,WARMUP_2015_NOT_SCORED
47892,47891,2015-10-30,2015,2015-10-30,-1,60,WARMUP_2015_NOT_SCORED
47907,47906,2015-10-30,2015,2015-10-30,-1,60,WARMUP_2015_NOT_SCORED
47928,47927,2015-10-30,2015,2015-10-30,1,60,WARMUP_2015_NOT_SCORED
48043,48042,2015-11-02,2015,2015-11-02,-1,60,WARMUP_2015_NOT_SCORED
48244,48243,2015-11-03,2015,2015-11-03,-1,60,WARMUP_2015_NOT_SCORED
48332,48331,2015-11-03,2015,2015-11-03,-1,60,WARMUP_2015_NOT_SCORED
48598,48597,2015-11-04,2015,2015-11-04,1,60,WARMUP_2015_NOT_SCORED
48636,48635,2015-11-04,2015,2015-11-04,1,60,WARMUP_2015_NOT_SCORED
48745,48744,2015-11-05,2015,2015-11-05,1,60,WARMUP_2015_NOT_SCORED
48858,48857,2015-11-05,2015,2015-11-05,-1,60,WARMUP_2015_NOT_SCORED
49044,49043,2015-11-06,2015,2015-11-06,1,60,WARMUP_2015_NOT_SCORED
49132,49131,2015-11-06,2015,2015-11-06,1,60,WARMUP_2015_NOT_SCORED
49176,49175,2015-11-06,2015,2015-11-06,1,60,WARMUP_2015_NOT_SCORED
49202,49201,2015-11-09,2015,2015-11-09,1,60,WARMUP_2015_NOT_SCORED
49211,49210,2015-11-09,2015,2015-11-09,1,60,WARMUP_2015_NOT_SCORED
49270,49269,2015-11-09,2015,2015-11-09,-1,60,WARMUP_2015_NOT_SCORED
49359,49358,2015-11-09,2015,2015-11-09,1,60,WARMUP_2015_NOT_SCORED
49443,49442,2015-11-10,2015,2015-11-10,1,60,WARMUP_2015_NOT_SCORED
49468,49467,2015-11-10,2015,2015-11-10,1,60,WARMUP_2015_NOT_SCORED
49512,49511,2015-11-10,2015,2015-11-10,1,60,WARMUP_2015_NOT_SCORED
49588,49587,2015-11-10,2015,2015-11-10,1,60,WARMUP_2015_NOT_SCORED
49690,49689,2015-11-11,2015,2015-11-11,1,60,WARMUP_2015_NOT_SCORED
49715,49714,2015-11-11,2015,2015-11-11,1,60,WARMUP_2015_NOT_SCORED
49761,49760,2015-11-11,2015,2015-11-11,1,60,WARMUP_2015_NOT_SCORED
49857,49856,2015-11-11,2015,2015-11-11,1,60,WARMUP_2015_NOT_SCORED
49915,49914,2015-11-11,2015,2015-11-11,1,60,WARMUP_2015_NOT_SCORED
49944,49943,2015-11-12,2015,2015-11-12,1,60,WARMUP_2015_NOT_SCORED
50163,50162,2015-11-13,2015,2015-11-13,1,60,WARMUP_2015_NOT_SCORED
50248,50247,2015-11-13,2015,2015-11-13,-1,60,WARMUP_2015_NOT_SCORED
50449,50448,2015-11-16,2015,2015-11-16,-1,60,WARMUP_2015_NOT_SCORED
50646,50645,2015-11-17,2015,2015-11-17,1,60,WARMUP_2015_NOT_SCORED
50673,50672,2015-11-17,2015,2015-11-17,1,60,WARMUP_2015_NOT_SCORED
51112,51111,2015-11-18,2015,2015-11-18,-1,60,WARMUP_2015_NOT_SCORED
51134,51133,2015-11-19,2015,2015-11-19,-1,60,WARMUP_2015_NOT_SCORED
51321,51320,2015-11-19,2015,2015-11-19,1,60,WARMUP_2015_NOT_SCORED
51426,51425,2015-11-20,2015,2015-11-20,1,60,WARMUP_2015_NOT_SCORED
51531,51530,2015-11-20,2015,2015-11-20,1,60,WARMUP_2015_NOT_SCORED
51556,51555,2015-11-20,2015,2015-11-20,1,60,WARMUP_2015_NOT_SCORED
51650,51649,2015-11-23,2015,2015-11-23,1,60,WARMUP_2015_NOT_SCORED
51748,51747,2015-11-23,2015,2015-11-23,1,60,WARMUP_2015_NOT_SCORED
51793,51792,2015-11-23,2015,2015-11-23,1,60,WARMUP_2015_NOT_SCORED
51816,51815,2015-11-23,2015,2015-11-23,-1,60,WARMUP_2015_NOT_SCORED
51846,51845,2015-11-24,2015,2015-11-24,-1,60,WARMUP_2015_NOT_SCORED
51912,51911,2015-11-24,2015,2015-11-24,-1,60,WARMUP_2015_NOT_SCORED
51971,51970,2015-11-24,2015,2015-11-24,-1,60,WARMUP_2015_NOT_SCORED
52126,52125,2015-11-25,2015,2015-11-25,1,60,WARMUP_2015_NOT_SCORED
52192,52191,2015-11-25,2015,2015-11-25,1,60,WARMUP_2015_NOT_SCORED
52289,52288,2015-11-25,2015,2015-11-25,1,60,WARMUP_2015_NOT_SCORED
52349,52348,2015-11-26,2015,2015-11-26,1,60,WARMUP_2015_NOT_SCORED
52511,52510,2015-11-26,2015,2015-11-26,1,60,WARMUP_2015_NOT_SCORED
52534,52533,2015-11-26,2015,2015-11-26,1,60,WARMUP_2015_NOT_SCORED
52606,52605,2015-11-27,2015,2015-11-27,-1,60,WARMUP_2015_NOT_SCORED
52701,52700,2015-11-27,2015,2015-11-27,-1,60,WARMUP_2015_NOT_SCORED
52717,52716,2015-11-27,2015,2015-11-27,-1,60,WARMUP_2015_NOT_SCORED
52747,52746,2015-11-27,2015,2015-11-27,-1,60,WARMUP_2015_NOT_SCORED
52763,52762,2015-11-27,2015,2015-11-27,-1,60,WARMUP_2015_NOT_SCORED
52804,52803,2015-11-30,2015,2015-11-30,-1,60,WARMUP_2015_NOT_SCORED
52893,52892,2015-11-30,2015,2015-11-30,-1,60,WARMUP_2015_NOT_SCORED
52904,52903,2015-11-30,2015,2015-11-30,-1,60,WARMUP_2015_NOT_SCORED
52931,52930,2015-11-30,2015,2015-11-30,-1,60,WARMUP_2015_NOT_SCORED
52955,52954,2015-11-30,2015,2015-11-30,-1,60,WARMUP_2015_NOT_SCORED
53015,53014,2015-11-30,2015,2015-11-30,1,60,WARMUP_2015_NOT_SCORED
53045,53044,2015-12-01,2015,2015-12-01,1,60,WARMUP_2015_NOT_SCORED
53054,53053,2015-12-01,2015,2015-12-01,1,60,WARMUP_2015_NOT_SCORED
53071,53070,2015-12-01,2015,2015-12-01,-1,60,WARMUP_2015_NOT_SCORED
53094,53093,2015-12-01,2015,2015-12-01,-1,60,WARMUP_2015_NOT_SCORED
53128,53127,2015-12-01,2015,2015-12-01,1,60,WARMUP_2015_NOT_SCORED
53236,53235,2015-12-01,2015,2015-12-01,1,60,WARMUP_2015_NOT_SCORED
53281,53280,2015-12-02,2015,2015-12-02,-1,60,WARMUP_2015_NOT_SCORED
53326,53325,2015-12-02,2015,2015-12-02,-1,60,WARMUP_2015_NOT_SCORED
53370,53369,2015-12-02,2015,2015-12-02,-1,60,WARMUP_2015_NOT_SCORED
53606,53605,2015-12-03,2015,2015-12-03,1,60,WARMUP_2015_NOT_SCORED
53723,53722,2015-12-03,2015,2015-12-03,1,60,WARMUP_2015_NOT_SCORED
53763,53762,2015-12-04,2015,2015-12-04,1,60,WARMUP_2015_NOT_SCORED
53788,53787,2015-12-04,2015,2015-12-04,1,60,WARMUP_2015_NOT_SCORED
53816,53815,2015-12-04,2015,2015-12-04,1,60,WARMUP_2015_NOT_SCORED
53879,53878,2015-12-04,2015,2015-12-04,1,60,WARMUP_2015_NOT_SCORED
54155,54154,2015-12-07,2015,2015-12-07,1,60,WARMUP_2015_NOT_SCORED
54244,54243,2015-12-08,2015,2015-12-08,1,60,WARMUP_2015_NOT_SCORED
54327,54326,2015-12-08,2015,2015-12-08,-1,60,WARMUP_2015_NOT_SCORED
54494,54493,2015-12-09,2015,2015-12-09,-1,60,WARMUP_2015_NOT_SCORED
54530,54529,2015-12-09,2015,2015-12-09,-1,60,WARMUP_2015_NOT_SCORED
54675,54674,2015-12-09,2015,2015-12-09,-1,60,WARMUP_2015_NOT_SCORED
54919,54918,2015-12-10,2015,2015-12-10,1,60,WARMUP_2015_NOT_SCORED
54943,54942,2015-12-10,2015,2015-12-10,1,60,WARMUP_2015_NOT_SCORED
55041,55040,2015-12-11,2015,2015-12-11,-1,60,WARMUP_2015_NOT_SCORED
55093,55092,2015-12-11,2015,2015-12-11,-1,60,WARMUP_2015_NOT_SCORED
55154,55153,2015-12-11,2015,2015-12-11,-1,60,WARMUP_2015_NOT_SCORED
55220,55219,2015-12-14,2015,2015-12-14,-1,60,WARMUP_2015_NOT_SCORED
55497,55496,2015-12-15,2015,2015-12-15,1,60,WARMUP_2015_NOT_SCORED
55636,55635,2015-12-15,2015,2015-12-15,1,60,WARMUP_2015_NOT_SCORED
55882,55881,2015-12-16,2015,2015-12-16,1,60,WARMUP_2015_NOT_SCORED
55995,55994,2015-12-17,2015,2015-12-17,1,60,WARMUP_2015_NOT_SCORED
56100,56099,2015-12-17,2015,2015-12-17,1,60,WARMUP_2015_NOT_SCORED
56138,56137,2015-12-17,2015,2015-12-17,1,60,WARMUP_2015_NOT_SCORED
56233,56232,2015-12-18,2015,2015-12-18,1,60,WARMUP_2015_NOT_SCORED
56761,56760,2015-12-22,2015,2015-12-22,1,60,WARMUP_2015_NOT_SCORED
56857,56856,2015-12-22,2015,2015-12-22,1,60,WARMUP_2015_NOT_SCORED
56935,56934,2015-12-23,2015,2015-12-23,1,60,WARMUP_2015_NOT_SCORED
57157,57156,2015-12-24,2015,2015-12-24,-1,60,WARMUP_2015_NOT_SCORED
57230,57229,2015-12-24,2015,2015-12-24,-1,60,WARMUP_2015_NOT_SCORED
57744,57743,2015-12-28,2015,2015-12-28,1,60,WARMUP_2015_NOT_SCORED
57758,57757,2015-12-28,2015,2015-12-28,1,60,WARMUP_2015_NOT_SCORED
57807,57806,2015-12-28,2015,2015-12-28,-1,60,WARMUP_2015_NOT_SCORED
57833,57832,2015-12-28,2015,2015-12-28,-1,60,WARMUP_2015_NOT_SCORED
57867,57866,2015-12-29,2015,2015-12-29,-1,60,WARMUP_2015_NOT_SCORED
57912,57911,2015-12-29,2015,2015-12-29,-1,60,WARMUP_2015_NOT_SCORED
58240,58239,2015-12-30,2015,2015-12-30,1,60,WARMUP_2015_NOT_SCORED
58374,58373,2015-12-31,2015,2015-12-31,1,60,WARMUP_2015_NOT_SCORED
58453,58452,2015-12-31,2015,2015-12-31,1,60,WARMUP_2015_NOT_SCORED
58513,58512,2015-12-31,2015,2015-12-31,-1,60,WARMUP_2015_NOT_SCORED
58593,58592,2016-01-04,2016,2016-01-04,-1,60,SCORED
58614,58613,2016-01-04,2016,2016-01-04,-1,60,SCORED
58713,58712,2016-01-05,2016,2016-01-05,-1,60,SCORED
58905,58904,2016-01-05,2016,2016-01-05,-1,60,SCORED
58931,58930,2016-01-05,2016,2016-01-05,1,60,SCORED
58964,58963,2016-01-06,2016,2016-01-06,1,60,SCORED
59016,59015,2016-01-06,2016,2016-01-06,1,60,SCORED
59125,59124,2016-01-06,2016,2016-01-06,1,60,SCORED
59173,59172,2016-01-06,2016,2016-01-06,1,60,SCORED
59187,59186,2016-01-07,2016,2016-01-07,1,60,SCORED
59204,59203,2016-01-08,2016,2016-01-08,-1,60,SCORED
59226,59225,2016-01-08,2016,2016-01-08,-1,60,SCORED
59237,59236,2016-01-08,2016,2016-01-08,1,60,SCORED
59270,59269,2016-01-08,2016,2016-01-08,1,60,SCORED
59338,59337,2016-01-08,2016,2016-01-08,1,60,SCORED
59378,59377,2016-01-08,2016,2016-01-08,1,60,SCORED
59447,59446,2016-01-11,2016,2016-01-11,-1,60,SCORED
59564,59563,2016-01-11,2016,2016-01-11,-1,60,SCORED
59588,59587,2016-01-11,2016,2016-01-11,-1,60,SCORED
59609,59608,2016-01-11,2016,2016-01-11,-1,60,SCORED
59659,59658,2016-01-11,2016,2016-01-11,-1,60,SCORED
59674,59673,2016-01-11,2016,2016-01-11,-1,60,SCORED
59697,59696,2016-01-12,2016,2016-01-12,-1,60,SCORED
59760,59759,2016-01-12,2016,2016-01-12,-1,60,SCORED
59865,59864,2016-01-12,2016,2016-01-12,1,60,SCORED
59996,59995,2016-01-13,2016,2016-01-13,1,60,SCORED
60065,60064,2016-01-13,2016,2016-01-13,-1,60,SCORED
60137,60136,2016-01-13,2016,2016-01-13,-1,60,SCORED
60156,60155,2016-01-13,2016,2016-01-13,-1,60,SCORED
60165,60164,2016-01-14,2016,2016-01-14,-1,60,SCORED
60331,60330,2016-01-14,2016,2016-01-14,1,60,SCORED
60371,60370,2016-01-14,2016,2016-01-14,1,60,SCORED
60404,60403,2016-01-15,2016,2016-01-15,1,60,SCORED
60449,60448,2016-01-15,2016,2016-01-15,1,60,SCORED
60536,60535,2016-01-15,2016,2016-01-15,-1,60,SCORED
60567,60566,2016-01-15,2016,2016-01-15,-1,60,SCORED
60612,60611,2016-01-15,2016,2016-01-15,-1,60,SCORED
60646,60645,2016-01-18,2016,2016-01-18,-1,60,SCORED
60667,60666,2016-01-18,2016,2016-01-18,1,60,SCORED
60718,60717,2016-01-18,2016,2016-01-18,1,60,SCORED
60743,60742,2016-01-18,2016,2016-01-18,-1,60,SCORED
60814,60813,2016-01-18,2016,2016-01-18,1,60,SCORED
60924,60923,2016-01-19,2016,2016-01-19,-1,60,SCORED
61057,61056,2016-01-19,2016,2016-01-19,1,60,SCORED
61095,61094,2016-01-19,2016,2016-01-19,1,60,SCORED
61124,61123,2016-01-20,2016,2016-01-20,1,60,SCORED
61189,61188,2016-01-20,2016,2016-01-20,1,60,SCORED
61271,61270,2016-01-20,2016,2016-01-20,-1,60,SCORED
61329,61328,2016-01-20,2016,2016-01-20,1,60,SCORED
61382,61381,2016-01-21,2016,2016-01-21,-1,60,SCORED
61534,61533,2016-01-21,2016,2016-01-21,-1,60,SCORED
61557,61556,2016-01-21,2016,2016-01-21,-1,60,SCORED
61582,61581,2016-01-21,2016,2016-01-21,-1,60,SCORED
61594,61593,2016-01-21,2016,2016-01-21,-1,60,SCORED
61603,61602,2016-01-22,2016,2016-01-22,-1,60,SCORED
61633,61632,2016-01-22,2016,2016-01-22,-1,60,SCORED
61657,61656,2016-01-22,2016,2016-01-22,-1,60,SCORED
61755,61754,2016-01-22,2016,2016-01-22,-1,60,SCORED
61816,61815,2016-01-22,2016,2016-01-22,1,60,SCORED
61861,61860,2016-01-25,2016,2016-01-25,1,60,SCORED
61907,61906,2016-01-25,2016,2016-01-25,1,60,SCORED
62008,62007,2016-01-25,2016,2016-01-25,1,60,SCORED
62114,62113,2016-01-26,2016,2016-01-26,-1,60,SCORED
62222,62221,2016-01-26,2016,2016-01-26,-1,60,SCORED
62238,62237,2016-01-26,2016,2016-01-26,-1,60,SCORED
62270,62269,2016-01-26,2016,2016-01-26,-1,60,SCORED
62296,62295,2016-01-26,2016,2016-01-26,-1,60,SCORED
62314,62313,2016-01-26,2016,2016-01-26,-1,60,SCORED
62337,62336,2016-01-27,2016,2016-01-27,-1,60,SCORED
62356,62355,2016-01-27,2016,2016-01-27,-1,60,SCORED
62372,62371,2016-01-27,2016,2016-01-27,-1,60,SCORED
62390,62389,2016-01-27,2016,2016-01-27,-1,60,SCORED
62432,62431,2016-01-27,2016,2016-01-27,-1,60,SCORED
62463,62462,2016-01-27,2016,2016-01-27,-1,60,SCORED
62507,62506,2016-01-27,2016,2016-01-27,1,60,SCORED
62537,62536,2016-01-27,2016,2016-01-27,1,60,SCORED
62804,62803,2016-01-29,2016,2016-01-29,-1,60,SCORED
62922,62921,2016-01-29,2016,2016-01-29,1,60,SCORED
62967,62966,2016-01-29,2016,2016-01-29,1,60,SCORED
62996,62995,2016-01-29,2016,2016-01-29,1,60,SCORED
63017,63016,2016-01-29,2016,2016-01-29,1,60,SCORED
63044,63043,2016-02-01,2016,2016-02-01,1,60,SCORED
63241,63240,2016-02-01,2016,2016-02-01,-1,60,SCORED
63484,63483,2016-02-02,2016,2016-02-02,1,60,SCORED
63900,63899,2016-02-04,2016,2016-02-04,1,60,SCORED
63992,63991,2016-02-04,2016,2016-02-04,-1,60,SCORED
64033,64032,2016-02-05,2016,2016-02-05,1,60,SCORED
64088,64087,2016-02-05,2016,2016-02-05,1,60,SCORED
64225,64224,2016-02-05,2016,2016-02-05,-1,60,SCORED
64257,64256,2016-02-15,2016,2016-02-15,-1,60,SCORED
64654,64653,2016-02-16,2016,2016-02-16,1,60,SCORED
64693,64692,2016-02-16,2016,2016-02-16,1,60,SCORED
64763,64762,2016-02-17,2016,2016-02-17,1,60,SCORED
64935,64934,2016-02-17,2016,2016-02-17,1,60,SCORED
64978,64977,2016-02-18,2016,2016-02-18,1,60,SCORED
65025,65024,2016-02-18,2016,2016-02-18,1,60,SCORED
65410,65409,2016-02-19,2016,2016-02-19,1,60,SCORED
65471,65470,2016-02-22,2016,2016-02-22,1,60,SCORED
65647,65646,2016-02-22,2016,2016-02-22,1,60,SCORED
65718,65717,2016-02-23,2016,2016-02-23,1,60,SCORED
65820,65819,2016-02-23,2016,2016-02-23,1,60,SCORED
65889,65888,2016-02-23,2016,2016-02-23,-1,60,SCORED
66178,66177,2016-02-25,2016,2016-02-25,1,60,SCORED
66229,66228,2016-02-25,2016,2016-02-25,1,60,SCORED
66309,66308,2016-02-25,2016,2016-02-25,-1,60,SCORED
66404,66403,2016-02-26,2016,2016-02-26,-1,60,SCORED
66436,66435,2016-02-26,2016,2016-02-26,-1,60,SCORED
66554,66553,2016-02-26,2016,2016-02-26,-1,60,SCORED
66620,66619,2016-02-26,2016,2016-02-26,1,60,SCORED
66665,66664,2016-02-29,2016,2016-02-29,-1,60,SCORED
66686,66685,2016-02-29,2016,2016-02-29,-1,60,SCORED
66775,66774,2016-02-29,2016,2016-02-29,1,60,SCORED
66825,66824,2016-02-29,2016,2016-02-29,-1,60,SCORED
66867,66866,2016-02-29,2016,2016-02-29,-1,60,SCORED
66902,66901,2016-03-01,2016,2016-03-01,1,60,SCORED
66943,66942,2016-03-01,2016,2016-03-01,1,60,SCORED
66978,66977,2016-03-01,2016,2016-03-01,1,60,SCORED
67125,67124,2016-03-02,2016,2016-03-02,1,60,SCORED
67157,67156,2016-03-02,2016,2016-03-02,1,60,SCORED
67197,67196,2016-03-02,2016,2016-03-02,1,60,SCORED
67322,67321,2016-03-02,2016,2016-03-02,1,60,SCORED
67387,67386,2016-03-03,2016,2016-03-03,1,60,SCORED
67415,67414,2016-03-03,2016,2016-03-03,1,60,SCORED
67458,67457,2016-03-03,2016,2016-03-03,1,60,SCORED
67576,67575,2016-03-03,2016,2016-03-03,-1,60,SCORED
67615,67614,2016-03-04,2016,2016-03-04,-1,60,SCORED
67664,67663,2016-03-04,2016,2016-03-04,-1,60,SCORED
67752,67751,2016-03-04,2016,2016-03-04,-1,60,SCORED
68102,68101,2016-03-08,2016,2016-03-08,-1,60,SCORED
68269,68268,2016-03-08,2016,2016-03-08,1,60,SCORED
68303,68302,2016-03-08,2016,2016-03-08,1,60,SCORED
68354,68353,2016-03-09,2016,2016-03-09,-1,60,SCORED
68635,68634,2016-03-10,2016,2016-03-10,-1,60,SCORED
68819,68818,2016-03-11,2016,2016-03-11,-1,60,SCORED
68981,68980,2016-03-11,2016,2016-03-11,1,60,SCORED
69046,69045,2016-03-14,2016,2016-03-14,1,60,SCORED
69203,69202,2016-03-14,2016,2016-03-14,1,60,SCORED
69284,69283,2016-03-15,2016,2016-03-15,1,60,SCORED
69907,69906,2016-03-17,2016,2016-03-17,1,60,SCORED
69984,69983,2016-03-17,2016,2016-03-17,1,60,SCORED
70081,70080,2016-03-18,2016,2016-03-18,1,60,SCORED
70159,70158,2016-03-18,2016,2016-03-18,1,60,SCORED
70296,70295,2016-03-21,2016,2016-03-21,1,60,SCORED
70382,70381,2016-03-21,2016,2016-03-21,1,60,SCORED
70485,70484,2016-03-22,2016,2016-03-22,1,60,SCORED
70573,70572,2016-03-22,2016,2016-03-22,1,60,SCORED
70689,70688,2016-03-22,2016,2016-03-22,1,60,SCORED
70795,70794,2016-03-23,2016,2016-03-23,-1,60,SCORED
70833,70832,2016-03-23,2016,2016-03-23,-1,60,SCORED
70860,70859,2016-03-23,2016,2016-03-23,1,60,SCORED
70928,70927,2016-03-23,2016,2016-03-23,-1,60,SCORED
70972,70971,2016-03-24,2016,2016-03-24,1,60,SCORED
71031,71030,2016-03-24,2016,2016-03-24,-1,60,SCORED
71161,71160,2016-03-24,2016,2016-03-24,1,60,SCORED
71190,71189,2016-03-24,2016,2016-03-24,1,60,SCORED
71216,71215,2016-03-25,2016,2016-03-25,-1,60,SCORED
71242,71241,2016-03-25,2016,2016-03-25,-1,60,SCORED
71353,71352,2016-03-25,2016,2016-03-25,-1,60,SCORED
71413,71412,2016-03-25,2016,2016-03-25,-1,60,SCORED
71485,71484,2016-03-28,2016,2016-03-28,1,60,SCORED
71623,71622,2016-03-28,2016,2016-03-28,-1,60,SCORED
71649,71648,2016-03-28,2016,2016-03-28,-1,60,SCORED
71670,71669,2016-03-28,2016,2016-03-28,-1,60,SCORED
71734,71733,2016-03-29,2016,2016-03-29,-1,60,SCORED
71845,71844,2016-03-29,2016,2016-03-29,-1,60,SCORED
71987,71986,2016-03-30,2016,2016-03-30,1,60,SCORED
72186,72185,2016-03-31,2016,2016-03-31,1,60,SCORED
72257,72256,2016-03-31,2016,2016-03-31,1,60,SCORED
72343,72342,2016-03-31,2016,2016-03-31,1,60,SCORED
72361,72360,2016-03-31,2016,2016-03-31,1,60,SCORED
72385,72384,2016-03-31,2016,2016-03-31,-1,60,SCORED
72415,72414,2016-04-01,2016,2016-04-01,-1,60,SCORED
72439,72438,2016-04-01,2016,2016-04-01,-1,60,SCORED
72462,72461,2016-04-01,2016,2016-04-01,-1,60,SCORED
72494,72493,2016-04-01,2016,2016-04-01,-1,60,SCORED
72557,72556,2016-04-01,2016,2016-04-01,-1,60,SCORED
72727,72726,2016-04-05,2016,2016-04-05,1,60,SCORED
72841,72840,2016-04-05,2016,2016-04-05,1,60,SCORED
72875,72874,2016-04-05,2016,2016-04-05,1,60,SCORED
72903,72902,2016-04-06,2016,2016-04-06,1,60,SCORED
72945,72944,2016-04-06,2016,2016-04-06,1,60,SCORED
73129,73128,2016-04-07,2016,2016-04-07,-1,60,SCORED
73157,73156,2016-04-07,2016,2016-04-07,1,60,SCORED
73200,73199,2016-04-07,2016,2016-04-07,1,60,SCORED
73219,73218,2016-04-07,2016,2016-04-07,1,60,SCORED
73269,73268,2016-04-07,2016,2016-04-07,-1,60,SCORED
73390,73389,2016-04-08,2016,2016-04-08,-1,60,SCORED
73523,73522,2016-04-08,2016,2016-04-08,-1,60,SCORED
73566,73565,2016-04-08,2016,2016-04-08,1,60,SCORED
73824,73823,2016-04-11,2016,2016-04-11,1,60,SCORED
74322,74321,2016-04-14,2016,2016-04-14,1,60,SCORED
74613,74612,2016-04-15,2016,2016-04-15,1,60,SCORED
74782,74781,2016-04-15,2016,2016-04-15,1,60,SCORED
75036,75035,2016-04-18,2016,2016-04-18,-1,60,SCORED
75419,75418,2016-04-20,2016,2016-04-20,-1,60,SCORED
75787,75786,2016-04-22,2016,2016-04-22,-1,60,SCORED
76093,76092,2016-04-25,2016,2016-04-25,-1,60,SCORED
76167,76166,2016-04-25,2016,2016-04-25,-1,60,SCORED
76343,76342,2016-04-26,2016,2016-04-26,1,60,SCORED
76513,76512,2016-04-27,2016,2016-04-27,1,60,SCORED
76633,76632,2016-04-27,2016,2016-04-27,1,60,SCORED
76836,76835,2016-04-28,2016,2016-04-28,1,60,SCORED
76899,76898,2016-04-28,2016,2016-04-28,-1,60,SCORED
77561,77560,2016-05-04,2016,2016-05-04,1,60,SCORED
77697,77696,2016-05-05,2016,2016-05-05,1,60,SCORED
77802,77801,2016-05-05,2016,2016-05-05,1,60,SCORED
77869,77868,2016-05-05,2016,2016-05-05,-1,60,SCORED
77949,77948,2016-05-06,2016,2016-05-06,-1,60,SCORED
78067,78066,2016-05-06,2016,2016-05-06,-1,60,SCORED
78126,78125,2016-05-06,2016,2016-05-06,-1,60,SCORED
78187,78186,2016-05-09,2016,2016-05-09,-1,60,SCORED
78253,78252,2016-05-09,2016,2016-05-09,-1,60,SCORED
78342,78341,2016-05-09,2016,2016-05-09,-1,60,SCORED
78410,78409,2016-05-10,2016,2016-05-10,-1,60,SCORED
78502,78501,2016-05-10,2016,2016-05-10,-1,60,SCORED
78774,78773,2016-05-11,2016,2016-05-11,-1,60,SCORED
78909,78908,2016-05-12,2016,2016-05-12,-1,60,SCORED
79666,79665,2016-05-17,2016,2016-05-17,1,60,SCORED
80015,80014,2016-05-18,2016,2016-05-18,-1,60,SCORED
80106,80105,2016-05-19,2016,2016-05-19,-1,60,SCORED
80287,80286,2016-05-19,2016,2016-05-19,1,60,SCORED
80691,80690,2016-05-23,2016,2016-05-23,1,60,SCORED
80866,80865,2016-05-24,2016,2016-05-24,1,60,SCORED
81235,81234,2016-05-25,2016,2016-05-25,1,60,SCORED
81330,81329,2016-05-26,2016,2016-05-26,-1,60,SCORED
81505,81504,2016-05-26,2016,2016-05-26,-1,60,SCORED
81522,81521,2016-05-27,2016,2016-05-27,-1,60,SCORED
81561,81560,2016-05-27,2016,2016-05-27,-1,60,SCORED
81605,81604,2016-05-27,2016,2016-05-27,-1,60,SCORED
81667,81666,2016-05-27,2016,2016-05-27,1,60,SCORED
81869,81868,2016-05-30,2016,2016-05-30,-1,60,SCORED
82108,82107,2016-05-31,2016,2016-05-31,1,60,SCORED
82257,82256,2016-06-01,2016,2016-06-01,1,60,SCORED
82289,82288,2016-06-01,2016,2016-06-01,1,60,SCORED
82409,82408,2016-06-01,2016,2016-06-01,1,60,SCORED
82612,82611,2016-06-02,2016,2016-06-02,1,60,SCORED
82699,82698,2016-06-02,2016,2016-06-02,1,60,SCORED
82759,82758,2016-06-03,2016,2016-06-03,1,60,SCORED
82944,82943,2016-06-03,2016,2016-06-03,1,60,SCORED
83132,83131,2016-06-06,2016,2016-06-06,1,60,SCORED
83796,83795,2016-06-13,2016,2016-06-13,-1,60,SCORED
83889,83888,2016-06-13,2016,2016-06-13,-1,60,SCORED
83905,83904,2016-06-13,2016,2016-06-13,-1,60,SCORED
83930,83929,2016-06-14,2016,2016-06-14,-1,60,SCORED
83964,83963,2016-06-14,2016,2016-06-14,-1,60,SCORED
84085,84084,2016-06-14,2016,2016-06-14,-1,60,SCORED
84398,84397,2016-06-15,2016,2016-06-15,1,60,SCORED
84474,84473,2016-06-16,2016,2016-06-16,1,60,SCORED
84588,84587,2016-06-16,2016,2016-06-16,1,60,SCORED
84740,84739,2016-06-17,2016,2016-06-17,1,60,SCORED
85290,85289,2016-06-21,2016,2016-06-21,1,60,SCORED
85371,85370,2016-06-22,2016,2016-06-22,-1,60,SCORED
85641,85640,2016-06-23,2016,2016-06-23,1,60,SCORED
85728,85727,2016-06-23,2016,2016-06-23,1,60,SCORED
85996,85995,2016-06-24,2016,2016-06-24,-1,60,SCORED
86054,86053,2016-06-24,2016,2016-06-24,1,60,SCORED
86373,86372,2016-06-28,2016,2016-06-28,1,60,SCORED
86509,86508,2016-06-28,2016,2016-06-28,1,60,SCORED
86591,86590,2016-06-29,2016,2016-06-29,1,60,SCORED
87638,87637,2016-07-05,2016,2016-07-05,1,60,SCORED
87758,87757,2016-07-05,2016,2016-07-05,1,60,SCORED
87976,87975,2016-07-06,2016,2016-07-06,1,60,SCORED
88061,88060,2016-07-07,2016,2016-07-07,1,60,SCORED
88273,88272,2016-07-08,2016,2016-07-08,1,60,SCORED
88482,88481,2016-07-11,2016,2016-07-11,1,60,SCORED
88976,88975,2016-07-13,2016,2016-07-13,-1,60,SCORED
89190,89189,2016-07-13,2016,2016-07-13,1,60,SCORED
89413,89412,2016-07-14,2016,2016-07-14,1,60,SCORED
89560,89559,2016-07-15,2016,2016-07-15,1,60,SCORED
89617,89616,2016-07-15,2016,2016-07-15,1,60,SCORED
89887,89886,2016-07-18,2016,2016-07-18,-1,60,SCORED
90711,90710,2016-07-22,2016,2016-07-22,1,60,SCORED
90797,90796,2016-07-22,2016,2016-07-22,1,60,SCORED
91025,91024,2016-07-25,2016,2016-07-25,-1,60,SCORED
91514,91513,2016-07-27,2016,2016-07-27,-1,60,SCORED
91765,91764,2016-07-28,2016,2016-07-28,-1,60,SCORED
92122,92121,2016-08-01,2016,2016-08-01,-1,60,SCORED
92158,92157,2016-08-01,2016,2016-08-01,-1,60,SCORED
93256,93255,2016-08-05,2016,2016-08-05,1,60,SCORED
93745,93744,2016-08-09,2016,2016-08-09,1,60,SCORED
93818,93817,2016-08-10,2016,2016-08-10,1,60,SCORED
93976,93975,2016-08-10,2016,2016-08-10,1,60,SCORED
95449,95448,2016-08-19,2016,2016-08-19,1,60,SCORED
95826,95825,2016-08-22,2016,2016-08-22,1,60,SCORED
96091,96090,2016-08-23,2016,2016-08-23,-1,60,SCORED
96237,96236,2016-08-24,2016,2016-08-24,-1,60,SCORED
96470,96469,2016-08-25,2016,2016-08-25,-1,60,SCORED
96919,96918,2016-08-29,2016,2016-08-29,1,60,SCORED
97432,97431,2016-08-31,2016,2016-08-31,1,60,SCORED
97551,97550,2016-08-31,2016,2016-08-31,-1,60,SCORED
97866,97865,2016-09-02,2016,2016-09-02,-1,60,SCORED
98196,98195,2016-09-05,2016,2016-09-05,-1,60,SCORED
98820,98819,2016-09-08,2016,2016-09-08,1,60,SCORED
99343,99342,2016-09-12,2016,2016-09-12,-1,60,SCORED
99452,99451,2016-09-12,2016,2016-09-12,-1,60,SCORED
99497,99496,2016-09-12,2016,2016-09-12,-1,60,SCORED
99531,99530,2016-09-13,2016,2016-09-13,-1,60,SCORED
99877,99876,2016-09-14,2016,2016-09-14,-1,60,SCORED
100362,100361,2016-09-20,2016,2016-09-20,1,60,SCORED
101280,101279,2016-09-26,2016,2016-09-26,1,60,SCORED
101780,101779,2016-09-28,2016,2016-09-28,-1,60,SCORED
103518,103517,2016-10-14,2016,2016-10-14,1,60,SCORED
104322,104321,2016-10-20,2016,2016-10-20,1,60,SCORED
104821,104820,2016-10-24,2016,2016-10-24,-1,60,SCORED
105419,105418,2016-10-26,2016,2016-10-26,1,60,SCORED
106082,106081,2016-10-31,2016,2016-10-31,1,60,SCORED
106572,106571,2016-11-02,2016,2016-11-02,-1,60,SCORED
106968,106967,2016-11-04,2016,2016-11-04,1,60,SCORED
107902,107901,2016-11-09,2016,2016-11-09,-1,60,SCORED
108619,108618,2016-11-14,2016,2016-11-14,1,60,SCORED
108827,108826,2016-11-15,2016,2016-11-15,1,60,SCORED
109272,109271,2016-11-17,2016,2016-11-17,1,60,SCORED
110234,110233,2016-11-23,2016,2016-11-23,1,60,SCORED
110823,110822,2016-11-28,2016,2016-11-28,-1,60,SCORED
112103,112102,2016-12-05,2016,2016-12-05,-1,60,SCORED
113489,113488,2016-12-13,2016,2016-12-13,-1,60,SCORED
113768,113767,2016-12-14,2016,2016-12-14,1,60,SCORED
113924,113923,2016-12-15,2016,2016-12-15,1,60,SCORED
114134,114133,2016-12-15,2016,2016-12-15,1,60,SCORED
114340,114339,2016-12-16,2016,2016-12-16,1,60,SCORED
114424,114423,2016-12-19,2016,2016-12-19,1,60,SCORED
115117,115116,2016-12-21,2016,2016-12-21,1,60,SCORED
115281,115280,2016-12-22,2016,2016-12-22,1,60,SCORED
115579,115578,2016-12-23,2016,2016-12-23,1,60,SCORED
115696,115695,2016-12-26,2016,2016-12-26,1,60,SCORED
115890,115889,2016-12-27,2016,2016-12-27,-1,60,SCORED
117833,117832,2017-01-09,2017,2017-01-09,1,60,SCORED
118726,118725,2017-01-13,2017,2017-01-13,-1,60,SCORED
118859,118858,2017-01-13,2017,2017-01-13,-1,60,SCORED
119018,119017,2017-01-16,2017,2017-01-16,-1,60,SCORED
119144,119143,2017-01-16,2017,2017-01-16,-1,60,SCORED
119202,119201,2017-01-17,2017,2017-01-17,-1,60,SCORED
120559,120558,2017-01-24,2017,2017-01-24,1,60,SCORED
121268,121267,2017-02-03,2017,2017-02-03,1,60,SCORED
121785,121784,2017-02-07,2017,2017-02-07,1,60,SCORED
122467,122466,2017-02-10,2017,2017-02-10,1,60,SCORED
123013,123012,2017-02-14,2017,2017-02-14,1,60,SCORED
123157,123156,2017-02-15,2017,2017-02-15,1,60,SCORED
125219,125218,2017-02-28,2017,2017-02-28,1,60,SCORED
125800,125799,2017-03-02,2017,2017-03-02,1,60,SCORED
127022,127021,2017-03-09,2017,2017-03-09,1,60,SCORED
128613,128612,2017-03-20,2017,2017-03-20,1,60,SCORED
129551,129550,2017-03-24,2017,2017-03-24,-1,60,SCORED
130438,130437,2017-03-29,2017,2017-03-29,-1,60,SCORED
130670,130669,2017-03-30,2017,2017-03-30,-1,60,SCORED
131929,131928,2017-04-11,2017,2017-04-11,1,60,SCORED
132960,132959,2017-04-17,2017,2017-04-17,-1,60,SCORED
133096,133095,2017-04-17,2017,2017-04-17,-1,60,SCORED
133165,133164,2017-04-18,2017,2017-04-18,-1,60,SCORED
133459,133458,2017-04-19,2017,2017-04-19,-1,60,SCORED
133511,133510,2017-04-19,2017,2017-04-19,-1,60,SCORED
133646,133645,2017-04-20,2017,2017-04-20,-1,60,SCORED
133912,133911,2017-04-21,2017,2017-04-21,-1,60,SCORED
134167,134166,2017-04-24,2017,2017-04-24,-1,60,SCORED
134303,134302,2017-04-24,2017,2017-04-24,-1,60,SCORED
134335,134334,2017-04-25,2017,2017-04-25,-1,60,SCORED
134476,134475,2017-04-25,2017,2017-04-25,-1,60,SCORED
134862,134861,2017-04-27,2017,2017-04-27,-1,60,SCORED
135736,135735,2017-05-03,2017,2017-05-03,1,60,SCORED
136043,136042,2017-05-05,2017,2017-05-05,1,60,SCORED
136309,136308,2017-05-08,2017,2017-05-08,-1,60,SCORED
136445,136444,2017-05-08,2017,2017-05-08,-1,60,SCORED
136493,136492,2017-05-09,2017,2017-05-09,-1,60,SCORED
136544,136543,2017-05-09,2017,2017-05-09,-1,60,SCORED
136630,136629,2017-05-09,2017,2017-05-09,-1,60,SCORED
137003,137002,2017-05-11,2017,2017-05-11,-1,60,SCORED
137070,137069,2017-05-11,2017,2017-05-11,-1,60,SCORED
137202,137201,2017-05-12,2017,2017-05-12,-1,60,SCORED
137608,137607,2017-05-15,2017,2017-05-15,1,60,SCORED
137737,137736,2017-05-16,2017,2017-05-16,1,60,SCORED
138165,138164,2017-05-18,2017,2017-05-18,1,60,SCORED
138936,138935,2017-05-23,2017,2017-05-23,-1,60,SCORED
139047,139046,2017-05-23,2017,2017-05-23,-1,60,SCORED
139200,139199,2017-05-24,2017,2017-05-24,-1,60,SCORED
140366,140365,2017-06-02,2017,2017-06-02,-1,60,SCORED
141619,141618,2017-06-09,2017,2017-06-09,1,60,SCORED
143481,143480,2017-06-21,2017,2017-06-21,1,60,SCORED
144795,144794,2017-06-28,2017,2017-06-28,-1,60,SCORED
145850,145849,2017-07-05,2017,2017-07-05,1,60,SCORED
146229,146228,2017-07-06,2017,2017-07-06,1,60,SCORED
146701,146700,2017-07-10,2017,2017-07-10,1,60,SCORED
146975,146974,2017-07-11,2017,2017-07-11,1,60,SCORED
147225,147224,2017-07-12,2017,2017-07-12,-1,60,SCORED
147809,147808,2017-07-17,2017,2017-07-17,-1,60,SCORED
148027,148026,2017-07-18,2017,2017-07-18,-1,60,SCORED
148119,148118,2017-07-18,2017,2017-07-18,-1,60,SCORED
149322,149321,2017-07-25,2017,2017-07-25,1,60,SCORED
150061,150060,2017-07-28,2017,2017-07-28,1,60,SCORED
150223,150222,2017-07-31,2017,2017-07-31,1,60,SCORED
150485,150484,2017-08-01,2017,2017-08-01,1,60,SCORED
151841,151840,2017-08-08,2017,2017-08-09,1,60,SCORED
151992,151991,2017-08-09,2017,2017-08-09,1,60,SCORED
152216,152215,2017-08-10,2017,2017-08-10,1,60,SCORED
152398,152397,2017-08-11,2017,2017-08-11,-1,60,SCORED
152522,152521,2017-08-11,2017,2017-08-11,-1,60,SCORED
153538,153537,2017-08-18,2017,2017-08-18,1,60,SCORED
154112,154111,2017-08-22,2017,2017-08-22,1,60,SCORED
155168,155167,2017-08-28,2017,2017-08-28,-1,60,SCORED
157137,157136,2017-09-08,2017,2017-09-08,1,60,SCORED
157983,157982,2017-09-13,2017,2017-09-13,1,60,SCORED
159724,159723,2017-09-22,2017,2017-09-22,-1,60,SCORED
160168,160167,2017-09-26,2017,2017-09-26,-1,60,SCORED
160693,160692,2017-09-28,2017,2017-09-28,-1,60,SCORED
161895,161894,2017-10-12,2017,2017-10-12,1,60,SCORED
163077,163076,2017-10-19,2017,2017-10-19,-1,60,SCORED
164710,164709,2017-10-30,2017,2017-10-30,-1,60,SCORED
165787,165786,2017-11-06,2017,2017-11-06,-1,60,SCORED
166983,166982,2017-11-13,2017,2017-11-13,-1,60,SCORED
167229,167228,2017-11-14,2017,2017-11-14,-1,60,SCORED
167417,167416,2017-11-14,2017,2017-11-14,1,60,SCORED
168260,168259,2017-11-20,2017,2017-11-20,-1,60,SCORED
169526,169525,2017-11-27,2017,2017-11-27,-1,60,SCORED
169650,169649,2017-11-28,2017,2017-11-28,-1,60,SCORED
169958,169957,2017-11-29,2017,2017-11-29,1,60,SCORED
170110,170109,2017-11-30,2017,2017-11-30,1,60,SCORED
170337,170336,2017-12-01,2017,2017-12-01,1,60,SCORED
170606,170605,2017-12-04,2017,2017-12-04,1,60,SCORED
171083,171082,2017-12-06,2017,2017-12-06,-1,60,SCORED
172296,172295,2017-12-13,2017,2017-12-13,1,60,SCORED
173922,173921,2017-12-22,2017,2017-12-22,-1,60,SCORED
174448,174447,2017-12-26,2017,2017-12-26,-1,60,SCORED
174824,174823,2017-12-27,2017,2017-12-27,-1,60,SCORED
176400,176399,2018-01-08,2018,2018-01-08,1,60,SCORED
177932,177931,2018-01-16,2018,2018-01-16,-1,60,SCORED
178058,178057,2018-01-17,2018,2018-01-17,-1,60,SCORED
178357,178356,2018-01-18,2018,2018-01-18,-1,60,SCORED
179733,179732,2018-01-26,2018,2018-01-26,1,60,SCORED
180068,180067,2018-01-29,2018,2018-01-29,1,60,SCORED
180539,180538,2018-01-31,2018,2018-01-31,-1,60,SCORED
180660,180659,2018-02-01,2018,2018-02-01,-1,60,SCORED
180817,180816,2018-02-01,2018,2018-02-01,-1,60,SCORED
180985,180984,2018-02-02,2018,2018-02-02,-1,60,SCORED
181518,181517,2018-02-06,2018,2018-02-06,-1,60,SCORED
181604,181603,2018-02-07,2018,2018-02-07,-1,60,SCORED
181713,181712,2018-02-07,2018,2018-02-07,-1,60,SCORED
182221,182220,2018-02-09,2018,2018-02-09,-1,60,SCORED
182865,182864,2018-02-14,2018,2018-02-14,1,60,SCORED
183456,183455,2018-02-23,2018,2018-02-23,1,60,SCORED
183576,183575,2018-02-26,2018,2018-02-26,1,60,SCORED
183951,183950,2018-02-27,2018,2018-02-27,1,60,SCORED
184184,184183,2018-02-28,2018,2018-02-28,1,60,SCORED
184450,184449,2018-03-01,2018,2018-03-01,1,60,SCORED
184487,184486,2018-03-02,2018,2018-03-02,1,60,SCORED
184531,184530,2018-03-02,2018,2018-03-02,1,60,SCORED
184639,184638,2018-03-02,2018,2018-03-02,1,60,SCORED
185452,185451,2018-03-08,2018,2018-03-08,1,60,SCORED
186088,186087,2018-03-12,2018,2018-03-12,1,60,SCORED
186212,186211,2018-03-13,2018,2018-03-13,1,60,SCORED
186413,186412,2018-03-14,2018,2018-03-14,1,60,SCORED
187698,187697,2018-03-21,2018,2018-03-21,-1,60,SCORED
187788,187787,2018-03-21,2018,2018-03-21,-1,60,SCORED
187847,187846,2018-03-22,2018,2018-03-22,1,60,SCORED
187932,187931,2018-03-22,2018,2018-03-22,1,60,SCORED
188035,188034,2018-03-22,2018,2018-03-22,-1,60,SCORED
188147,188146,2018-03-23,2018,2018-03-23,-1,60,SCORED
188242,188241,2018-03-23,2018,2018-03-23,-1,60,SCORED
188461,188460,2018-03-26,2018,2018-03-26,1,60,SCORED
188778,188777,2018-03-27,2018,2018-03-27,1,60,SCORED
189572,189571,2018-04-02,2018,2018-04-02,1,60,SCORED
189766,189765,2018-04-03,2018,2018-04-03,1,60,SCORED
190412,190411,2018-04-09,2018,2018-04-09,-1,60,SCORED
191694,191693,2018-04-17,2018,2018-04-17,-1,60,SCORED
191858,191857,2018-04-17,2018,2018-04-17,-1,60,SCORED
191925,191924,2018-04-18,2018,2018-04-18,-1,60,SCORED
191976,191975,2018-04-18,2018,2018-04-18,-1,60,SCORED
192439,192438,2018-04-20,2018,2018-04-20,1,60,SCORED
192893,192892,2018-04-24,2018,2018-04-24,-1,60,SCORED
193472,193471,2018-04-26,2018,2018-04-26,1,60,SCORED
194322,194321,2018-05-04,2018,2018-05-04,-1,60,SCORED
194413,194412,2018-05-04,2018,2018-05-04,-1,60,SCORED
194518,194517,2018-05-04,2018,2018-05-04,-1,60,SCORED
195681,195680,2018-05-11,2018,2018-05-11,1,60,SCORED
197772,197771,2018-05-24,2018,2018-05-24,1,60,SCORED
198024,198023,2018-05-25,2018,2018-05-25,1,60,SCORED
198337,198336,2018-05-28,2018,2018-05-28,-1,60,SCORED
198617,198616,2018-05-29,2018,2018-05-29,-1,60,SCORED
198686,198685,2018-05-30,2018,2018-05-30,-1,60,SCORED
198839,198838,2018-05-30,2018,2018-05-30,-1,60,SCORED
198908,198907,2018-05-31,2018,2018-05-31,-1,60,SCORED
199323,199322,2018-06-01,2018,2018-06-01,1,60,SCORED
199351,199350,2018-06-01,2018,2018-06-01,1,60,SCORED
199368,199367,2018-06-04,2018,2018-06-04,-1,60,SCORED
199583,199582,2018-06-04,2018,2018-06-04,-1,60,SCORED
200258,200257,2018-06-07,2018,2018-06-07,1,60,SCORED
200562,200561,2018-06-11,2018,2018-06-11,-1,60,SCORED
200816,200815,2018-06-12,2018,2018-06-12,-1,60,SCORED
201042,201041,2018-06-13,2018,2018-06-13,-1,60,SCORED
201337,201336,2018-06-14,2018,2018-06-14,-1,60,SCORED
201534,201533,2018-06-15,2018,2018-06-15,-1,60,SCORED
201580,201579,2018-06-15,2018,2018-06-15,-1,60,SCORED
201621,201620,2018-06-15,2018,2018-06-15,-1,60,SCORED
201704,201703,2018-06-15,2018,2018-06-15,-1,60,SCORED
201784,201783,2018-06-19,2018,2018-06-19,-1,60,SCORED
201879,201878,2018-06-19,2018,2018-06-19,-1,60,SCORED
202002,202001,2018-06-20,2018,2018-06-20,-1,60,SCORED
202114,202113,2018-06-20,2018,2018-06-20,1,60,SCORED
202377,202376,2018-06-21,2018,2018-06-21,1,60,SCORED
202537,202536,2018-06-22,2018,2018-06-22,-1,60,SCORED
204151,204150,2018-07-02,2018,2018-07-02,1,60,SCORED
204696,204695,2018-07-05,2018,2018-07-05,1,60,SCORED
204724,204723,2018-07-05,2018,2018-07-05,-1,60,SCORED
204793,204792,2018-07-05,2018,2018-07-05,-1,60,SCORED
204824,204823,2018-07-05,2018,2018-07-05,-1,60,SCORED
204848,204847,2018-07-05,2018,2018-07-05,-1,60,SCORED
204903,204902,2018-07-06,2018,2018-07-06,-1,60,SCORED
204939,204938,2018-07-06,2018,2018-07-06,-1,60,SCORED
205021,205020,2018-07-06,2018,2018-07-06,-1,60,SCORED
205122,205121,2018-07-09,2018,2018-07-09,1,60,SCORED
205483,205482,2018-07-10,2018,2018-07-10,1,60,SCORED
205679,205678,2018-07-11,2018,2018-07-11,-1,60,SCORED
206641,206640,2018-07-17,2018,2018-07-17,1,60,SCORED
206854,206853,2018-07-18,2018,2018-07-18,1,60,SCORED
207052,207051,2018-07-19,2018,2018-07-19,1,60,SCORED
207111,207110,2018-07-19,2018,2018-07-19,1,60,SCORED
207375,207374,2018-07-20,2018,2018-07-20,-1,60,SCORED
208100,208099,2018-07-25,2018,2018-07-25,1,60,SCORED
209503,209502,2018-08-02,2018,2018-08-02,-1,60,SCORED
209547,209546,2018-08-02,2018,2018-08-02,-1,60,SCORED
209599,209598,2018-08-02,2018,2018-08-02,-1,60,SCORED
209970,209969,2018-08-06,2018,2018-08-06,-1,60,SCORED
210083,210082,2018-08-06,2018,2018-08-06,-1,60,SCORED
210178,210177,2018-08-07,2018,2018-08-07,-1,60,SCORED
210604,210603,2018-08-08,2018,2018-08-08,1,60,SCORED
210888,210887,2018-08-10,2018,2018-08-10,1,60,SCORED
211057,211056,2018-08-10,2018,2018-08-10,1,60,SCORED
211415,211414,2018-08-14,2018,2018-08-14,1,60,SCORED
211535,211534,2018-08-14,2018,2018-08-14,1,60,SCORED
211890,211889,2018-08-16,2018,2018-08-16,-1,60,SCORED
212277,212276,2018-08-17,2018,2018-08-17,-1,60,SCORED
212339,212338,2018-08-20,2018,2018-08-20,-1,60,SCORED
212465,212464,2018-08-20,2018,2018-08-20,-1,60,SCORED
212836,212835,2018-08-22,2018,2018-08-22,1,60,SCORED
213874,213873,2018-08-28,2018,2018-08-28,1,60,SCORED
214647,214646,2018-08-31,2018,2018-08-31,-1,60,SCORED
214831,214830,2018-09-03,2018,2018-09-03,-1,60,SCORED
214993,214992,2018-09-04,2018,2018-09-04,-1,60,SCORED
215216,215215,2018-09-05,2018,2018-09-05,1,60,SCORED
215460,215459,2018-09-06,2018,2018-09-06,-1,60,SCORED
215667,215666,2018-09-06,2018,2018-09-06,-1,60,SCORED
215748,215747,2018-09-07,2018,2018-09-07,-1,60,SCORED
215807,215806,2018-09-07,2018,2018-09-07,1,60,SCORED
215925,215924,2018-09-10,2018,2018-09-10,-1,60,SCORED
215962,215961,2018-09-10,2018,2018-09-10,-1,60,SCORED
216036,216035,2018-09-10,2018,2018-09-10,-1,60,SCORED
216187,216186,2018-09-11,2018,2018-09-11,-1,60,SCORED
216295,216294,2018-09-11,2018,2018-09-11,-1,60,SCORED
217151,217150,2018-09-17,2018,2018-09-17,-1,60,SCORED
217204,217203,2018-09-17,2018,2018-09-17,-1,60,SCORED
217353,217352,2018-09-17,2018,2018-09-17,-1,60,SCORED
217860,217859,2018-09-20,2018,2018-09-20,1,60,SCORED
218331,218330,2018-09-25,2018,2018-09-25,1,60,SCORED
218868,218867,2018-09-27,2018,2018-09-27,1,60,SCORED
219003,219002,2018-09-27,2018,2018-09-27,1,60,SCORED
219310,219309,2018-10-08,2018,2018-10-08,-1,60,SCORED
219536,219535,2018-10-09,2018,2018-10-09,-1,60,SCORED
219680,219679,2018-10-09,2018,2018-10-09,-1,60,SCORED
219771,219770,2018-10-10,2018,2018-10-10,-1,60,SCORED
219809,219808,2018-10-10,2018,2018-10-10,-1,60,SCORED
219858,219857,2018-10-10,2018,2018-10-10,1,60,SCORED
220030,220029,2018-10-11,2018,2018-10-11,-1,60,SCORED
220066,220065,2018-10-11,2018,2018-10-11,-1,60,SCORED
220177,220176,2018-10-11,2018,2018-10-11,-1,60,SCORED
220259,220258,2018-10-12,2018,2018-10-12,-1,60,SCORED
220300,220299,2018-10-12,2018,2018-10-12,-1,60,SCORED
220398,220397,2018-10-12,2018,2018-10-12,-1,60,SCORED
220482,220481,2018-10-15,2018,2018-10-15,1,60,SCORED
220509,220508,2018-10-15,2018,2018-10-15,1,60,SCORED
220633,220632,2018-10-15,2018,2018-10-15,1,60,SCORED
220768,220767,2018-10-16,2018,2018-10-16,-1,60,SCORED
220839,220838,2018-10-16,2018,2018-10-16,-1,60,SCORED
220878,220877,2018-10-16,2018,2018-10-16,-1,60,SCORED
220933,220932,2018-10-16,2018,2018-10-16,-1,60,SCORED
220964,220963,2018-10-17,2018,2018-10-17,-1,60,SCORED
221138,221137,2018-10-17,2018,2018-10-17,-1,60,SCORED
221243,221242,2018-10-18,2018,2018-10-18,-1,60,SCORED
221457,221456,2018-10-19,2018,2018-10-19,-1,60,SCORED
221660,221659,2018-10-19,2018,2018-10-19,1,60,SCORED
221749,221748,2018-10-22,2018,2018-10-22,1,60,SCORED
221918,221917,2018-10-22,2018,2018-10-22,1,60,SCORED
223123,223122,2018-10-30,2018,2018-10-30,-1,60,SCORED
223234,223233,2018-10-30,2018,2018-10-30,-1,60,SCORED
223292,223291,2018-10-30,2018,2018-10-30,-1,60,SCORED
223704,223703,2018-11-01,2018,2018-11-01,1,60,SCORED
223857,223856,2018-11-02,2018,2018-11-02,1,60,SCORED
223962,223961,2018-11-02,2018,2018-11-02,1,60,SCORED
224232,224231,2018-11-05,2018,2018-11-05,1,60,SCORED
224642,224641,2018-11-07,2018,2018-11-07,1,60,SCORED
224747,224746,2018-11-07,2018,2018-11-07,1,60,SCORED
224812,224811,2018-11-08,2018,2018-11-08,-1,60,SCORED
224876,224875,2018-11-08,2018,2018-11-08,-1,60,SCORED
224940,224939,2018-11-08,2018,2018-11-08,-1,60,SCORED
225137,225136,2018-11-09,2018,2018-11-09,-1,60,SCORED
225524,225523,2018-11-13,2018,2018-11-13,1,60,SCORED
225629,225628,2018-11-13,2018,2018-11-13,1,60,SCORED
225765,225764,2018-11-14,2018,2018-11-14,1,60,SCORED
225977,225976,2018-11-14,2018,2018-11-14,1,60,SCORED
226272,226271,2018-11-16,2018,2018-11-16,1,60,SCORED
226408,226407,2018-11-16,2018,2018-11-16,1,60,SCORED
226484,226483,2018-11-19,2018,2018-11-19,1,60,SCORED
226992,226991,2018-11-21,2018,2018-11-21,-1,60,SCORED
227515,227514,2018-11-23,2018,2018-11-23,-1,60,SCORED
227660,227659,2018-11-23,2018,2018-11-23,-1,60,SCORED
227721,227720,2018-11-26,2018,2018-11-26,-1,60,SCORED
227829,227828,2018-11-26,2018,2018-11-26,-1,60,SCORED
228041,228040,2018-11-27,2018,2018-11-27,1,60,SCORED
228219,228218,2018-11-28,2018,2018-11-28,-1,60,SCORED
228499,228498,2018-11-29,2018,2018-11-29,1,60,SCORED
228662,228661,2018-11-30,2018,2018-11-30,1,60,SCORED
228758,228757,2018-11-30,2018,2018-11-30,-1,60,SCORED
228905,228904,2018-12-03,2018,2018-12-03,1,60,SCORED
229128,229127,2018-12-04,2018,2018-12-04,1,60,SCORED
229186,229185,2018-12-04,2018,2018-12-04,1,60,SCORED
229310,229309,2018-12-04,2018,2018-12-04,1,60,SCORED
229490,229489,2018-12-05,2018,2018-12-05,-1,60,SCORED
229833,229832,2018-12-06,2018,2018-12-06,-1,60,SCORED
229903,229902,2018-12-07,2018,2018-12-07,-1,60,SCORED
230008,230007,2018-12-07,2018,2018-12-07,-1,60,SCORED
230091,230090,2018-12-10,2018,2018-12-10,-1,60,SCORED
230122,230121,2018-12-10,2018,2018-12-10,-1,60,SCORED
230186,230185,2018-12-10,2018,2018-12-10,-1,60,SCORED
230303,230302,2018-12-10,2018,2018-12-10,-1,60,SCORED
231392,231391,2018-12-17,2018,2018-12-17,-1,60,SCORED
231763,231762,2018-12-19,2018,2018-12-19,-1,60,SCORED
231907,231906,2018-12-19,2018,2018-12-19,-1,60,SCORED
232010,232009,2018-12-20,2018,2018-12-20,-1,60,SCORED
232069,232068,2018-12-20,2018,2018-12-20,-1,60,SCORED
232242,232241,2018-12-21,2018,2018-12-21,-1,60,SCORED
232548,232547,2018-12-24,2018,2018-12-24,-1,60,SCORED
232645,232644,2018-12-24,2018,2018-12-24,-1,60,SCORED
232966,232965,2018-12-26,2018,2018-12-26,-1,60,SCORED
233514,233513,2018-12-28,2018,2018-12-28,-1,60,SCORED
233961,233960,2019-01-03,2019,2019-01-03,-1,60,SCORED
234115,234114,2019-01-03,2019,2019-01-03,-1,60,SCORED
234193,234192,2019-01-04,2019,2019-01-04,-1,60,SCORED
235131,235130,2019-01-10,2019,2019-01-10,1,60,SCORED
236254,236253,2019-01-16,2019,2019-01-16,1,60,SCORED
237488,237487,2019-01-23,2019,2019-01-23,1,60,SCORED
237575,237574,2019-01-24,2019,2019-01-24,1,60,SCORED
237779,237778,2019-01-25,2019,2019-01-25,1,60,SCORED
238002,238001,2019-01-28,2019,2019-01-28,1,60,SCORED
238296,238295,2019-01-29,2019,2019-01-29,-1,60,SCORED
238421,238420,2019-01-29,2019,2019-01-29,-1,60,SCORED
238743,238742,2019-01-31,2019,2019-01-31,-1,60,SCORED
238825,238824,2019-01-31,2019,2019-01-31,-1,60,SCORED
239669,239668,2019-02-12,2019,2019-02-12,1,60,SCORED
239796,239795,2019-02-13,2019,2019-02-13,1,60,SCORED
239931,239930,2019-02-14,2019,2019-02-14,1,60,SCORED
239971,239970,2019-02-14,2019,2019-02-14,1,60,SCORED
240067,240066,2019-02-14,2019,2019-02-14,1,60,SCORED
240168,240167,2019-02-15,2019,2019-02-15,1,60,SCORED
240702,240701,2019-02-19,2019,2019-02-19,1,60,SCORED
241331,241330,2019-02-21,2019,2019-02-21,1,60,SCORED
241611,241610,2019-02-25,2019,2019-02-25,1,60,SCORED
241635,241634,2019-02-25,2019,2019-02-25,1,60,SCORED
241692,241691,2019-02-25,2019,2019-02-25,1,60,SCORED
241784,241783,2019-02-25,2019,2019-02-25,1,60,SCORED
241848,241847,2019-02-26,2019,2019-02-26,1,60,SCORED
241864,241863,2019-02-26,2019,2019-02-26,1,60,SCORED
241923,241922,2019-02-26,2019,2019-02-26,1,60,SCORED
242061,242060,2019-02-26,2019,2019-02-26,1,60,SCORED
242330,242329,2019-02-28,2019,2019-02-28,-1,60,SCORED
242822,242821,2019-03-04,2019,2019-03-04,1,60,SCORED
242876,242875,2019-03-04,2019,2019-03-04,1,60,SCORED
242969,242968,2019-03-04,2019,2019-03-04,1,60,SCORED
243162,243161,2019-03-05,2019,2019-03-05,1,60,SCORED
243223,243222,2019-03-05,2019,2019-03-05,1,60,SCORED
243318,243317,2019-03-06,2019,2019-03-06,1,60,SCORED
243423,243422,2019-03-06,2019,2019-03-06,1,60,SCORED
243477,243476,2019-03-06,2019,2019-03-06,1,60,SCORED
243526,243525,2019-03-07,2019,2019-03-07,1,60,SCORED
243599,243598,2019-03-07,2019,2019-03-07,1,60,SCORED
243815,243814,2019-03-08,2019,2019-03-08,-1,60,SCORED
243994,243993,2019-03-08,2019,2019-03-08,-1,60,SCORED
244015,244014,2019-03-11,2019,2019-03-11,1,60,SCORED
244201,244200,2019-03-11,2019,2019-03-11,1,60,SCORED
244276,244275,2019-03-12,2019,2019-03-12,1,60,SCORED
244305,244304,2019-03-12,2019,2019-03-12,1,60,SCORED
244430,244429,2019-03-12,2019,2019-03-12,1,60,SCORED
244777,244776,2019-03-14,2019,2019-03-14,-1,60,SCORED
244805,244804,2019-03-14,2019,2019-03-14,-1,60,SCORED
244989,244988,2019-03-15,2019,2019-03-15,1,60,SCORED
245030,245029,2019-03-15,2019,2019-03-15,1,60,SCORED
245156,245155,2019-03-15,2019,2019-03-15,-1,60,SCORED
245314,245313,2019-03-18,2019,2019-03-18,1,60,SCORED
245456,245455,2019-03-19,2019,2019-03-19,1,60,SCORED
245475,245474,2019-03-19,2019,2019-03-19,1,60,SCORED
245530,245529,2019-03-19,2019,2019-03-19,1,60,SCORED
245956,245955,2019-03-21,2019,2019-03-21,1,60,SCORED
246033,246032,2019-03-21,2019,2019-03-21,1,60,SCORED
246109,246108,2019-03-21,2019,2019-03-21,1,60,SCORED
246220,246219,2019-03-22,2019,2019-03-22,-1,60,SCORED
246338,246337,2019-03-22,2019,2019-03-22,-1,60,SCORED
246529,246528,2019-03-25,2019,2019-03-25,1,60,SCORED
246646,246645,2019-03-26,2019,2019-03-26,-1,60,SCORED
246698,246697,2019-03-26,2019,2019-03-26,-1,60,SCORED
246809,246808,2019-03-26,2019,2019-03-26,-1,60,SCORED
246839,246838,2019-03-26,2019,2019-03-26,-1,60,SCORED
246870,246869,2019-03-26,2019,2019-03-26,-1,60,SCORED
246884,246883,2019-03-27,2019,2019-03-27,-1,60,SCORED
246948,246947,2019-03-27,2019,2019-03-27,-1,60,SCORED
247199,247198,2019-03-28,2019,2019-03-28,1,60,SCORED
247277,247276,2019-03-28,2019,2019-03-28,1,60,SCORED
247315,247314,2019-03-28,2019,2019-03-28,1,60,SCORED
247857,247856,2019-04-02,2019,2019-04-02,1,60,SCORED
247899,247898,2019-04-02,2019,2019-04-02,1,60,SCORED
248035,248034,2019-04-02,2019,2019-04-02,1,60,SCORED
248076,248075,2019-04-02,2019,2019-04-02,1,60,SCORED
248116,248115,2019-04-03,2019,2019-04-03,-1,60,SCORED
248362,248361,2019-04-04,2019,2019-04-04,1,60,SCORED
248538,248537,2019-04-04,2019,2019-04-04,-1,60,SCORED
248582,248581,2019-04-08,2019,2019-04-08,1,60,SCORED
248732,248731,2019-04-08,2019,2019-04-08,-1,60,SCORED
249444,249443,2019-04-11,2019,2019-04-11,-1,60,SCORED
249534,249533,2019-04-12,2019,2019-04-12,-1,60,SCORED
249576,249575,2019-04-12,2019,2019-04-12,-1,60,SCORED
249628,249627,2019-04-12,2019,2019-04-12,-1,60,SCORED
249845,249844,2019-04-15,2019,2019-04-15,1,60,SCORED
250089,250088,2019-04-16,2019,2019-04-16,-1,60,SCORED
250285,250284,2019-04-17,2019,2019-04-17,-1,60,SCORED
250337,250336,2019-04-17,2019,2019-04-17,-1,60,SCORED
250458,250457,2019-04-17,2019,2019-04-17,1,60,SCORED
251097,251096,2019-04-22,2019,2019-04-22,1,60,SCORED
251238,251237,2019-04-23,2019,2019-04-23,-1,60,SCORED
251375,251374,2019-04-23,2019,2019-04-23,-1,60,SCORED
251455,251454,2019-04-24,2019,2019-04-24,-1,60,SCORED
251492,251491,2019-04-24,2019,2019-04-24,-1,60,SCORED
251693,251692,2019-04-25,2019,2019-04-25,1,60,SCORED
251956,251955,2019-04-26,2019,2019-04-26,-1,60,SCORED
252202,252201,2019-04-29,2019,2019-04-29,-1,60,SCORED
252272,252271,2019-04-29,2019,2019-04-29,-1,60,SCORED
252425,252424,2019-04-30,2019,2019-04-30,-1,60,SCORED
252649,252648,2019-05-06,2019,2019-05-06,-1,60,SCORED
252677,252676,2019-05-06,2019,2019-05-06,-1,60,SCORED
252757,252756,2019-05-06,2019,2019-05-06,-1,60,SCORED
252807,252806,2019-05-06,2019,2019-05-06,-1,60,SCORED
252851,252850,2019-05-06,2019,2019-05-06,-1,60,SCORED
253294,253293,2019-05-08,2019,2019-05-08,1,60,SCORED
253746,253745,2019-05-10,2019,2019-05-10,-1,60,SCORED
253848,253847,2019-05-13,2019,2019-05-13,1,60,SCORED
254874,254873,2019-05-17,2019,2019-05-17,1,60,SCORED
255090,255089,2019-05-20,2019,2019-05-20,-1,60,SCORED
256108,256107,2019-05-24,2019,2019-05-24,-1,60,SCORED
256189,256188,2019-05-24,2019,2019-05-24,-1,60,SCORED
256223,256222,2019-05-24,2019,2019-05-24,-1,60,SCORED
256263,256262,2019-05-27,2019,2019-05-27,-1,60,SCORED
256328,256327,2019-05-27,2019,2019-05-27,-1,60,SCORED
256342,256341,2019-05-27,2019,2019-05-27,1,60,SCORED
256561,256560,2019-05-28,2019,2019-05-28,1,60,SCORED
256719,256718,2019-05-28,2019,2019-05-28,1,60,SCORED
257832,257831,2019-06-04,2019,2019-06-04,-1,60,SCORED
257928,257927,2019-06-05,2019,2019-06-05,-1,60,SCORED
258210,258209,2019-06-06,2019,2019-06-06,-1,60,SCORED
258293,258292,2019-06-06,2019,2019-06-06,-1,60,SCORED
258404,258403,2019-06-10,2019,2019-06-10,-1,60,SCORED
258886,258885,2019-06-12,2019,2019-06-12,1,60,SCORED
259038,259037,2019-06-12,2019,2019-06-12,1,60,SCORED
260784,260783,2019-06-21,2019,2019-06-21,1,60,SCORED
260872,260871,2019-06-24,2019,2019-06-24,1,60,SCORED
261282,261281,2019-06-26,2019,2019-06-26,-1,60,SCORED
261415,261414,2019-06-26,2019,2019-06-26,1,60,SCORED
261640,261639,2019-06-27,2019,2019-06-27,1,60,SCORED
262004,262003,2019-07-01,2019,2019-07-01,-1,60,SCORED
262579,262578,2019-07-03,2019,2019-07-03,1,60,SCORED
263340,263339,2019-07-08,2019,2019-07-08,-1,60,SCORED
263694,263693,2019-07-10,2019,2019-07-10,-1,60,SCORED
263797,263796,2019-07-10,2019,2019-07-10,-1,60,SCORED
263976,263975,2019-07-11,2019,2019-07-11,-1,60,SCORED
264118,264117,2019-07-11,2019,2019-07-11,1,60,SCORED
264183,264182,2019-07-12,2019,2019-07-12,1,60,SCORED
264216,264215,2019-07-12,2019,2019-07-12,-1,60,SCORED
265176,265175,2019-07-18,2019,2019-07-18,1,60,SCORED
265661,265660,2019-07-22,2019,2019-07-22,-1,60,SCORED
267004,267003,2019-07-29,2019,2019-07-29,1,60,SCORED
267451,267450,2019-07-31,2019,2019-07-31,1,60,SCORED
267572,267571,2019-08-01,2019,2019-08-01,-1,60,SCORED
267855,267854,2019-08-02,2019,2019-08-02,-1,60,SCORED
268002,268001,2019-08-05,2019,2019-08-05,-1,60,SCORED
268450,268449,2019-08-06,2019,2019-08-06,-1,60,SCORED
270029,270028,2019-08-15,2019,2019-08-15,-1,60,SCORED
270890,270889,2019-08-21,2019,2019-08-21,1,60,SCORED
271379,271378,2019-08-23,2019,2019-08-23,-1,60,SCORED
271427,271426,2019-08-23,2019,2019-08-23,1,60,SCORED
271639,271638,2019-08-26,2019,2019-08-26,-1,60,SCORED
272069,272068,2019-08-27,2019,2019-08-27,1,60,SCORED
273420,273419,2019-09-04,2019,2019-09-04,1,60,SCORED
273762,273761,2019-09-06,2019,2019-09-06,1,60,SCORED
274029,274028,2019-09-09,2019,2019-09-09,1,60,SCORED
274286,274285,2019-09-10,2019,2019-09-10,1,60,SCORED
274362,274361,2019-09-10,2019,2019-09-10,1,60,SCORED
274520,274519,2019-09-11,2019,2019-09-11,1,60,SCORED
275081,275080,2019-09-16,2019,2019-09-16,1,60,SCORED
275198,275197,2019-09-16,2019,2019-09-16,1,60,SCORED
275299,275298,2019-09-17,2019,2019-09-17,1,60,SCORED
275460,275459,2019-09-18,2019,2019-09-18,-1,60,SCORED
275556,275555,2019-09-18,2019,2019-09-18,-1,60,SCORED
275831,275830,2019-09-19,2019,2019-09-19,-1,60,SCORED
276059,276058,2019-09-20,2019,2019-09-20,1,60,SCORED
276378,276377,2019-09-23,2019,2019-09-23,1,60,SCORED
276431,276430,2019-09-24,2019,2019-09-24,-1,60,SCORED
276773,276772,2019-09-25,2019,2019-09-25,-1,60,SCORED
276873,276872,2019-09-25,2019,2019-09-25,-1,60,SCORED
276920,276919,2019-09-26,2019,2019-09-26,-1,60,SCORED
276975,276974,2019-09-26,2019,2019-09-26,-1,60,SCORED
277068,277067,2019-09-26,2019,2019-09-26,-1,60,SCORED
277240,277239,2019-09-27,2019,2019-09-27,-1,60,SCORED
277618,277617,2019-10-08,2019,2019-10-08,-1,60,SCORED
277915,277914,2019-10-09,2019,2019-10-09,-1,60,SCORED
278416,278415,2019-10-11,2019,2019-10-11,1,60,SCORED
278763,278762,2019-10-14,2019,2019-10-14,1,60,SCORED
279908,279907,2019-10-21,2019,2019-10-21,-1,60,SCORED
281465,281464,2019-10-30,2019,2019-10-30,1,60,SCORED
282311,282310,2019-11-04,2019,2019-11-04,-1,60,SCORED
282993,282992,2019-11-07,2019,2019-11-07,-1,60,SCORED
283201,283200,2019-11-08,2019,2019-11-08,-1,60,SCORED
283271,283270,2019-11-08,2019,2019-11-08,-1,60,SCORED
283851,283850,2019-11-13,2019,2019-11-13,-1,60,SCORED
285303,285302,2019-11-21,2019,2019-11-21,1,60,SCORED
285847,285846,2019-11-25,2019,2019-11-25,-1,60,SCORED
287109,287108,2019-12-02,2019,2019-12-02,-1,60,SCORED
287453,287452,2019-12-04,2019,2019-12-04,1,60,SCORED
288034,288033,2019-12-06,2019,2019-12-06,1,60,SCORED
288521,288520,2019-12-10,2019,2019-12-10,1,60,SCORED
288762,288761,2019-12-11,2019,2019-12-11,1,60,SCORED
289717,289716,2019-12-17,2019,2019-12-17,1,60,SCORED
289977,289976,2019-12-18,2019,2019-12-18,1,60,SCORED
290392,290391,2019-12-20,2019,2019-12-20,1,60,SCORED
290617,290616,2019-12-23,2019,2019-12-23,-1,60,SCORED
290722,290721,2019-12-23,2019,2019-12-23,-1,60,SCORED
290819,290818,2019-12-24,2019,2019-12-24,-1,60,SCORED
291266,291265,2019-12-25,2019,2019-12-25,1,60,SCORED
291477,291476,2019-12-26,2019,2019-12-26,1,60,SCORED
292070,292069,2019-12-31,2019,2019-12-31,-1,60,SCORED
292637,292636,2020-01-03,2020,2020-01-03,1,60,SCORED
292727,292726,2020-01-06,2020,2020-01-06,1,60,SCORED
292935,292934,2020-01-06,2020,2020-01-06,1,60,SCORED
293054,293053,2020-01-07,2020,2020-01-07,1,60,SCORED
293214,293213,2020-01-08,2020,2020-01-08,1,60,SCORED
293412,293411,2020-01-08,2020,2020-01-08,1,60,SCORED
293862,293861,2020-01-10,2020,2020-01-10,1,60,SCORED
294410,294409,2020-01-15,2020,2020-01-15,1,60,SCORED
295457,295456,2020-01-21,2020,2020-01-21,1,60,SCORED
295831,295830,2020-01-22,2020,2020-01-22,-1,60,SCORED
296019,296018,2020-01-23,2020,2020-01-23,-1,60,SCORED
296158,296157,2020-02-03,2020,2020-02-03,-1,60,SCORED
296333,296332,2020-02-04,2020,2020-02-04,-1,60,SCORED
296677,296676,2020-02-05,2020,2020-02-05,1,60,SCORED
296957,296956,2020-02-06,2020,2020-02-06,1,60,SCORED
297022,297021,2020-02-06,2020,2020-02-06,1,60,SCORED
297076,297075,2020-02-07,2020,2020-02-07,1,60,SCORED
297166,297165,2020-02-07,2020,2020-02-07,-1,60,SCORED
297258,297257,2020-02-07,2020,2020-02-07,-1,60,SCORED
297290,297289,2020-02-10,2020,2020-02-10,-1,60,SCORED
297412,297411,2020-02-10,2020,2020-02-10,1,60,SCORED
297530,297529,2020-02-11,2020,2020-02-11,1,60,SCORED
297765,297764,2020-02-12,2020,2020-02-12,1,60,SCORED
297855,297854,2020-02-12,2020,2020-02-12,1,60,SCORED
298039,298038,2020-02-13,2020,2020-02-13,1,60,SCORED
298411,298410,2020-02-14,2020,2020-02-14,1,60,SCORED
298816,298815,2020-02-18,2020,2020-02-18,1,60,SCORED
298937,298936,2020-02-18,2020,2020-02-18,1,60,SCORED
298965,298964,2020-02-19,2020,2020-02-19,1,60,SCORED
299004,299003,2020-02-19,2020,2020-02-19,1,60,SCORED
299057,299056,2020-02-19,2020,2020-02-19,1,60,SCORED
299165,299164,2020-02-19,2020,2020-02-19,1,60,SCORED
299620,299619,2020-02-21,2020,2020-02-21,1,60,SCORED
299692,299691,2020-02-24,2020,2020-02-24,1,60,SCORED
299739,299738,2020-02-24,2020,2020-02-24,1,60,SCORED
299852,299851,2020-02-24,2020,2020-02-24,1,60,SCORED
299918,299917,2020-02-24,2020,2020-02-24,1,60,SCORED
299923,299922,2020-02-25,2020,2020-02-25,1,60,SCORED
300072,300071,2020-02-25,2020,2020-02-25,-1,60,SCORED
300114,300113,2020-02-25,2020,2020-02-25,-1,60,SCORED
300164,300163,2020-02-26,2020,2020-02-26,1,60,SCORED
300666,300665,2020-02-28,2020,2020-02-28,-1,60,SCORED
300718,300717,2020-02-28,2020,2020-02-28,-1,60,SCORED
300803,300802,2020-02-28,2020,2020-02-28,-1,60,SCORED
300888,300887,2020-03-02,2020,2020-03-02,-1,60,SCORED
301067,301066,2020-03-02,2020,2020-03-02,1,60,SCORED
301279,301278,2020-03-03,2020,2020-03-03,1,60,SCORED
301626,301625,2020-03-05,2020,2020-03-05,1,60,SCORED
301793,301792,2020-03-05,2020,2020-03-05,1,60,SCORED
301844,301843,2020-03-06,2020,2020-03-06,1,60,SCORED
301879,301878,2020-03-06,2020,2020-03-06,-1,60,SCORED
302091,302090,2020-03-09,2020,2020-03-09,-1,60,SCORED
302127,302126,2020-03-09,2020,2020-03-09,-1,60,SCORED
302204,302203,2020-03-09,2020,2020-03-09,-1,60,SCORED
302277,302276,2020-03-09,2020,2020-03-09,-1,60,SCORED
302326,302325,2020-03-10,2020,2020-03-10,-1,60,SCORED
302348,302347,2020-03-10,2020,2020-03-10,-1,60,SCORED
302508,302507,2020-03-10,2020,2020-03-10,1,60,SCORED
302579,302578,2020-03-11,2020,2020-03-11,1,60,SCORED
302612,302611,2020-03-11,2020,2020-03-11,1,60,SCORED
302662,302661,2020-03-11,2020,2020-03-11,1,60,SCORED
302820,302819,2020-03-12,2020,2020-03-12,-1,60,SCORED
302881,302880,2020-03-12,2020,2020-03-12,-1,60,SCORED
302983,302982,2020-03-12,2020,2020-03-12,-1,60,SCORED
303035,303034,2020-03-12,2020,2020-03-12,-1,60,SCORED
303074,303073,2020-03-13,2020,2020-03-13,-1,60,SCORED
303492,303491,2020-03-16,2020,2020-03-16,-1,60,SCORED
303521,303520,2020-03-16,2020,2020-03-17,-1,60,SCORED
303523,303522,2020-03-17,2020,2020-03-17,-1,60,SCORED
303538,303537,2020-03-17,2020,2020-03-17,-1,60,SCORED
303602,303601,2020-03-17,2020,2020-03-17,-1,60,SCORED
303625,303624,2020-03-17,2020,2020-03-17,-1,60,SCORED
303685,303684,2020-03-17,2020,2020-03-17,1,60,SCORED
303825,303824,2020-03-18,2020,2020-03-18,1,60,SCORED
303978,303977,2020-03-18,2020,2020-03-18,-1,60,SCORED
304011,304010,2020-03-19,2020,2020-03-19,-1,60,SCORED
304031,304030,2020-03-19,2020,2020-03-19,-1,60,SCORED
304077,304076,2020-03-19,2020,2020-03-19,1,60,SCORED
304119,304118,2020-03-19,2020,2020-03-19,-1,60,SCORED
304188,304187,2020-03-19,2020,2020-03-19,1,60,SCORED
304236,304235,2020-03-19,2020,2020-03-19,1,60,SCORED
304255,304254,2020-03-20,2020,2020-03-20,1,60,SCORED
304368,304367,2020-03-20,2020,2020-03-20,-1,60,SCORED
304407,304406,2020-03-20,2020,2020-03-20,-1,60,SCORED
304492,304491,2020-03-23,2020,2020-03-23,-1,60,SCORED
304589,304588,2020-03-23,2020,2020-03-23,-1,60,SCORED
304608,304607,2020-03-23,2020,2020-03-23,-1,60,SCORED
304671,304670,2020-03-23,2020,2020-03-23,1,60,SCORED
304726,304725,2020-03-24,2020,2020-03-24,-1,60,SCORED
304940,304939,2020-03-24,2020,2020-03-24,-1,60,SCORED
305058,305057,2020-03-25,2020,2020-03-25,1,60,SCORED
305206,305205,2020-03-26,2020,2020-03-26,1,60,SCORED
305285,305284,2020-03-26,2020,2020-03-26,-1,60,SCORED
305336,305335,2020-03-26,2020,2020-03-26,1,60,SCORED
305757,305756,2020-03-30,2020,2020-03-30,-1,60,SCORED
305922,305921,2020-03-31,2020,2020-03-31,1,60,SCORED
305979,305978,2020-03-31,2020,2020-03-31,1,60,SCORED
306069,306068,2020-03-31,2020,2020-03-31,1,60,SCORED
306212,306211,2020-04-01,2020,2020-04-01,-1,60,SCORED
306527,306526,2020-04-02,2020,2020-04-02,-1,60,SCORED
306803,306802,2020-04-03,2020,2020-04-03,1,60,SCORED
307018,307017,2020-04-07,2020,2020-04-07,1,60,SCORED
307127,307126,2020-04-08,2020,2020-04-08,1,60,SCORED
307242,307241,2020-04-08,2020,2020-04-08,1,60,SCORED
307285,307284,2020-04-08,2020,2020-04-08,1,60,SCORED
307357,307356,2020-04-08,2020,2020-04-08,1,60,SCORED
307406,307405,2020-04-09,2020,2020-04-09,1,60,SCORED
307642,307641,2020-04-10,2020,2020-04-10,1,60,SCORED
307705,307704,2020-04-10,2020,2020-04-10,1,60,SCORED
307945,307944,2020-04-13,2020,2020-04-13,-1,60,SCORED
309221,309220,2020-04-20,2020,2020-04-20,1,60,SCORED
310216,310215,2020-04-24,2020,2020-04-24,-1,60,SCORED
310425,310424,2020-04-27,2020,2020-04-27,-1,60,SCORED
310559,310558,2020-04-28,2020,2020-04-28,-1,60,SCORED
311204,311203,2020-05-06,2020,2020-05-06,1,60,SCORED
311509,311508,2020-05-07,2020,2020-05-07,1,60,SCORED
311619,311618,2020-05-07,2020,2020-05-07,1,60,SCORED
311772,311771,2020-05-08,2020,2020-05-08,1,60,SCORED
312140,312139,2020-05-11,2020,2020-05-11,1,60,SCORED
312402,312401,2020-05-13,2020,2020-05-13,-1,60,SCORED
312665,312664,2020-05-14,2020,2020-05-14,1,60,SCORED
313148,313147,2020-05-18,2020,2020-05-18,1,60,SCORED
313362,313361,2020-05-19,2020,2020-05-19,1,60,SCORED
313687,313686,2020-05-20,2020,2020-05-20,1,60,SCORED
313908,313907,2020-05-21,2020,2020-05-21,1,60,SCORED
314249,314248,2020-05-22,2020,2020-05-22,-1,60,SCORED
314482,314481,2020-05-25,2020,2020-05-25,-1,60,SCORED
314886,314885,2020-05-27,2020,2020-05-27,1,60,SCORED
316264,316263,2020-06-04,2020,2020-06-04,1,60,SCORED
316972,316971,2020-06-09,2020,2020-06-09,1,60,SCORED
317643,317642,2020-06-11,2020,2020-06-11,1,60,SCORED
317738,317737,2020-06-12,2020,2020-06-12,-1,60,SCORED
318499,318498,2020-06-17,2020,2020-06-17,1,60,SCORED
318746,318745,2020-06-18,2020,2020-06-18,1,60,SCORED
319414,319413,2020-06-23,2020,2020-06-23,1,60,SCORED
319797,319796,2020-06-24,2020,2020-06-24,1,60,SCORED
320304,320303,2020-06-30,2020,2020-06-30,1,60,SCORED
320498,320497,2020-07-01,2020,2020-07-01,1,60,SCORED
320564,320563,2020-07-02,2020,2020-07-02,-1,60,SCORED
321202,321201,2020-07-06,2020,2020-07-06,1,60,SCORED
321299,321298,2020-07-07,2020,2020-07-07,1,60,SCORED
321358,321357,2020-07-07,2020,2020-07-07,1,60,SCORED
321449,321448,2020-07-07,2020,2020-07-07,1,60,SCORED
321496,321495,2020-07-07,2020,2020-07-07,1,60,SCORED
321823,321822,2020-07-09,2020,2020-07-09,1,60,SCORED
321948,321947,2020-07-09,2020,2020-07-09,1,60,SCORED
322080,322079,2020-07-10,2020,2020-07-10,1,60,SCORED
322259,322258,2020-07-13,2020,2020-07-13,1,60,SCORED
322429,322428,2020-07-13,2020,2020-07-13,1,60,SCORED
322457,322456,2020-07-13,2020,2020-07-13,1,60,SCORED
322509,322508,2020-07-14,2020,2020-07-14,1,60,SCORED
322531,322530,2020-07-14,2020,2020-07-14,1,60,SCORED
322903,322902,2020-07-15,2020,2020-07-15,-1,60,SCORED
322985,322984,2020-07-16,2020,2020-07-16,-1,60,SCORED
323032,323031,2020-07-16,2020,2020-07-16,-1,60,SCORED
323135,323134,2020-07-16,2020,2020-07-16,-1,60,SCORED
323173,323172,2020-07-16,2020,2020-07-16,-1,60,SCORED
323192,323191,2020-07-16,2020,2020-07-16,-1,60,SCORED
323220,323219,2020-07-17,2020,2020-07-17,-1,60,SCORED
323308,323307,2020-07-17,2020,2020-07-17,1,60,SCORED
323334,323333,2020-07-17,2020,2020-07-17,-1,60,SCORED
323373,323372,2020-07-17,2020,2020-07-17,-1,60,SCORED
323419,323418,2020-07-17,2020,2020-07-17,-1,60,SCORED
323447,323446,2020-07-20,2020,2020-07-20,1,60,SCORED
323643,323642,2020-07-20,2020,2020-07-20,1,60,SCORED
323789,323788,2020-07-21,2020,2020-07-21,1,60,SCORED
324107,324106,2020-07-22,2020,2020-07-22,1,60,SCORED
324229,324228,2020-07-23,2020,2020-07-23,-1,60,SCORED
324315,324314,2020-07-23,2020,2020-07-23,-1,60,SCORED
324552,324551,2020-07-24,2020,2020-07-24,-1,60,SCORED
324606,324605,2020-07-24,2020,2020-07-24,-1,60,SCORED
324672,324671,2020-07-27,2020,2020-07-27,-1,60,SCORED
324826,324825,2020-07-27,2020,2020-07-27,-1,60,SCORED
324926,324925,2020-07-28,2020,2020-07-28,1,60,SCORED
325066,325065,2020-07-28,2020,2020-07-28,1,60,SCORED
325260,325259,2020-07-29,2020,2020-07-29,1,60,SCORED
325404,325403,2020-07-30,2020,2020-07-30,1,60,SCORED
325744,325743,2020-07-31,2020,2020-07-31,-1,60,SCORED
326142,326141,2020-08-04,2020,2020-08-04,1,60,SCORED
326194,326193,2020-08-04,2020,2020-08-04,1,60,SCORED
326280,326279,2020-08-04,2020,2020-08-04,-1,60,SCORED
326347,326346,2020-08-05,2020,2020-08-05,-1,60,SCORED
326654,326653,2020-08-06,2020,2020-08-06,1,60,SCORED
326746,326745,2020-08-06,2020,2020-08-06,1,60,SCORED
326804,326803,2020-08-07,2020,2020-08-07,1,60,SCORED
326868,326867,2020-08-07,2020,2020-08-07,1,60,SCORED
326905,326904,2020-08-07,2020,2020-08-07,-1,60,SCORED
326948,326947,2020-08-07,2020,2020-08-07,-1,60,SCORED
327027,327026,2020-08-07,2020,2020-08-07,-1,60,SCORED
327067,327066,2020-08-10,2020,2020-08-10,1,60,SCORED
327128,327127,2020-08-10,2020,2020-08-10,1,60,SCORED
327253,327252,2020-08-10,2020,2020-08-10,-1,60,SCORED
327604,327603,2020-08-12,2020,2020-08-12,-1,60,SCORED
327699,327698,2020-08-12,2020,2020-08-12,-1,60,SCORED
327799,327798,2020-08-13,2020,2020-08-13,1,60,SCORED
327886,327885,2020-08-13,2020,2020-08-13,1,60,SCORED
327972,327971,2020-08-13,2020,2020-08-13,1,60,SCORED
328008,328007,2020-08-14,2020,2020-08-14,1,60,SCORED
328032,328031,2020-08-14,2020,2020-08-14,-1,60,SCORED
328756,328755,2020-08-19,2020,2020-08-19,1,60,SCORED
329982,329981,2020-08-26,2020,2020-08-26,1,60,SCORED
330185,330184,2020-08-27,2020,2020-08-27,-1,60,SCORED
330916,330915,2020-09-01,2020,2020-09-01,1,60,SCORED
332111,332110,2020-09-08,2020,2020-09-08,-1,60,SCORED
332326,332325,2020-09-09,2020,2020-09-09,1,60,SCORED
332347,332346,2020-09-09,2020,2020-09-09,1,60,SCORED
332472,332471,2020-09-09,2020,2020-09-09,-1,60,SCORED
332567,332566,2020-09-10,2020,2020-09-10,-1,60,SCORED
332661,332660,2020-09-10,2020,2020-09-10,-1,60,SCORED
332720,332719,2020-09-10,2020,2020-09-10,-1,60,SCORED
332766,332765,2020-09-10,2020,2020-09-10,-1,60,SCORED
332798,332797,2020-09-10,2020,2020-09-10,-1,60,SCORED
332811,332810,2020-09-11,2020,2020-09-11,-1,60,SCORED
332873,332872,2020-09-11,2020,2020-09-11,-1,60,SCORED
333096,333095,2020-09-14,2020,2020-09-14,1,60,SCORED
333150,333149,2020-09-14,2020,2020-09-14,1,60,SCORED
333472,333471,2020-09-15,2020,2020-09-15,1,60,SCORED
333583,333582,2020-09-16,2020,2020-09-16,1,60,SCORED
333733,333732,2020-09-16,2020,2020-09-16,1,60,SCORED
333847,333846,2020-09-17,2020,2020-09-17,-1,60,SCORED
334009,334008,2020-09-18,2020,2020-09-18,1,60,SCORED
334369,334368,2020-09-21,2020,2020-09-21,1,60,SCORED
334735,334734,2020-09-23,2020,2020-09-23,-1,60,SCORED
335075,335074,2020-09-24,2020,2020-09-24,-1,60,SCORED
335118,335117,2020-09-24,2020,2020-09-24,-1,60,SCORED
335161,335160,2020-09-24,2020,2020-09-24,-1,60,SCORED
335208,335207,2020-09-25,2020,2020-09-25,-1,60,SCORED
335265,335264,2020-09-25,2020,2020-09-25,-1,60,SCORED
335345,335344,2020-09-25,2020,2020-09-25,-1,60,SCORED
335400,335399,2020-09-25,2020,2020-09-25,-1,60,SCORED
335446,335445,2020-09-28,2020,2020-09-28,-1,60,SCORED
335549,335548,2020-09-28,2020,2020-09-28,-1,60,SCORED
335607,335606,2020-09-28,2020,2020-09-28,-1,60,SCORED
336126,336125,2020-09-30,2020,2020-09-30,1,60,SCORED
336616,336615,2020-10-12,2020,2020-10-12,1,60,SCORED
336686,336685,2020-10-13,2020,2020-10-13,1,60,SCORED
337160,337159,2020-10-15,2020,2020-10-15,1,60,SCORED
338504,338503,2020-10-22,2020,2020-10-22,-1,60,SCORED
338783,338782,2020-10-23,2020,2020-10-23,-1,60,SCORED
338809,338808,2020-10-26,2020,2020-10-26,-1,60,SCORED
338919,338918,2020-10-26,2020,2020-10-26,-1,60,SCORED
340035,340034,2020-11-02,2020,2020-11-02,-1,60,SCORED
340084,340083,2020-11-02,2020,2020-11-02,-1,60,SCORED
340152,340151,2020-11-02,2020,2020-11-02,-1,60,SCORED
340567,340566,2020-11-04,2020,2020-11-04,1,60,SCORED
340829,340828,2020-11-05,2020,2020-11-05,1,60,SCORED
341048,341047,2020-11-06,2020,2020-11-06,1,60,SCORED
341441,341440,2020-11-09,2020,2020-11-10,1,60,SCORED
342286,342285,2020-11-13,2020,2020-11-13,-1,60,SCORED
342422,342421,2020-11-16,2020,2020-11-16,1,60,SCORED
342639,342638,2020-11-16,2020,2020-11-16,1,60,SCORED
342804,342803,2020-11-17,2020,2020-11-17,1,60,SCORED
342869,342868,2020-11-17,2020,2020-11-17,1,60,SCORED
342911,342910,2020-11-18,2020,2020-11-18,-1,60,SCORED
343169,343168,2020-11-19,2020,2020-11-19,-1,60,SCORED
343422,343421,2020-11-20,2020,2020-11-20,-1,60,SCORED
343912,343911,2020-11-24,2020,2020-11-24,1,60,SCORED
344089,344088,2020-11-25,2020,2020-11-25,1,60,SCORED
344522,344521,2020-11-26,2020,2020-11-26,-1,60,SCORED
344803,344802,2020-11-30,2020,2020-11-30,-1,60,SCORED
344897,344896,2020-11-30,2020,2020-11-30,1,60,SCORED
345049,345048,2020-12-01,2020,2020-12-01,1,60,SCORED
345356,345355,2020-12-02,2020,2020-12-02,1,60,SCORED
345574,345573,2020-12-03,2020,2020-12-03,1,60,SCORED
346142,346141,2020-12-07,2020,2020-12-07,1,60,SCORED
346894,346893,2020-12-10,2020,2020-12-10,-1,60,SCORED
347102,347101,2020-12-11,2020,2020-12-11,-1,60,SCORED
347204,347203,2020-12-14,2020,2020-12-14,-1,60,SCORED
348700,348699,2020-12-22,2020,2020-12-22,1,60,SCORED
348883,348882,2020-12-23,2020,2020-12-23,1,60,SCORED
348929,348928,2020-12-23,2020,2020-12-23,1,60,SCORED
349034,349033,2020-12-23,2020,2020-12-23,-1,60,SCORED
349197,349196,2020-12-24,2020,2020-12-24,-1,60,SCORED
349280,349279,2020-12-24,2020,2020-12-24,-1,60,SCORED
349385,349384,2020-12-25,2020,2020-12-25,-1,60,SCORED
246,245,2015-01-06,2015,2015-01-06,1,120,WARMUP_2015_NOT_SCORED
328,327,2015-01-06,2015,2015-01-06,1,120,WARMUP_2015_NOT_SCORED
450,449,2015-01-06,2015,2015-01-06,1,120,WARMUP_2015_NOT_SCORED
584,583,2015-01-07,2015,2015-01-07,1,120,WARMUP_2015_NOT_SCORED
775,774,2015-01-08,2015,2015-01-08,1,120,WARMUP_2015_NOT_SCORED
970,969,2015-01-09,2015,2015-01-09,1,120,WARMUP_2015_NOT_SCORED
1539,1538,2015-01-13,2015,2015-01-13,-1,120,WARMUP_2015_NOT_SCORED
2542,2541,2015-01-19,2015,2015-01-19,1,120,WARMUP_2015_NOT_SCORED
2647,2646,2015-01-20,2015,2015-01-20,-1,120,WARMUP_2015_NOT_SCORED
2956,2955,2015-01-21,2015,2015-01-21,1,120,WARMUP_2015_NOT_SCORED
3088,3087,2015-01-21,2015,2015-01-21,1,120,WARMUP_2015_NOT_SCORED
3190,3189,2015-01-22,2015,2015-01-22,1,120,WARMUP_2015_NOT_SCORED
3446,3445,2015-01-23,2015,2015-01-23,1,120,WARMUP_2015_NOT_SCORED
3716,3715,2015-01-26,2015,2015-01-26,1,120,WARMUP_2015_NOT_SCORED
3979,3978,2015-01-27,2015,2015-01-27,1,120,WARMUP_2015_NOT_SCORED
4093,4092,2015-01-28,2015,2015-01-28,1,120,WARMUP_2015_NOT_SCORED
4326,4325,2015-01-29,2015,2015-01-29,1,120,WARMUP_2015_NOT_SCORED
4749,4748,2015-01-30,2015,2015-01-30,-1,120,WARMUP_2015_NOT_SCORED
4821,4820,2015-02-02,2015,2015-02-02,-1,120,WARMUP_2015_NOT_SCORED
5363,5362,2015-02-04,2015,2015-02-04,1,120,WARMUP_2015_NOT_SCORED
7925,7924,2015-02-26,2015,2015-02-26,1,120,WARMUP_2015_NOT_SCORED
8886,8885,2015-03-04,2015,2015-03-04,1,120,WARMUP_2015_NOT_SCORED
9181,9180,2015-03-05,2015,2015-03-05,1,120,WARMUP_2015_NOT_SCORED
9554,9553,2015-03-06,2015,2015-03-06,-1,120,WARMUP_2015_NOT_SCORED
10505,10504,2015-03-12,2015,2015-03-12,1,120,WARMUP_2015_NOT_SCORED
11236,11235,2015-03-17,2015,2015-03-17,1,120,WARMUP_2015_NOT_SCORED
11530,11529,2015-03-19,2015,2015-03-19,1,120,WARMUP_2015_NOT_SCORED
11571,11570,2015-03-19,2015,2015-03-19,1,120,WARMUP_2015_NOT_SCORED
11686,11685,2015-03-19,2015,2015-03-19,1,120,WARMUP_2015_NOT_SCORED
11892,11891,2015-03-20,2015,2015-03-20,1,120,WARMUP_2015_NOT_SCORED
12195,12194,2015-03-23,2015,2015-03-23,1,120,WARMUP_2015_NOT_SCORED
12250,12249,2015-03-24,2015,2015-03-24,1,120,WARMUP_2015_NOT_SCORED
12337,12336,2015-03-24,2015,2015-03-24,-1,120,WARMUP_2015_NOT_SCORED
12382,12381,2015-03-24,2015,2015-03-24,-1,120,WARMUP_2015_NOT_SCORED
12487,12486,2015-03-25,2015,2015-03-25,1,120,WARMUP_2015_NOT_SCORED
12509,12508,2015-03-25,2015,2015-03-25,1,120,WARMUP_2015_NOT_SCORED
12595,12594,2015-03-25,2015,2015-03-25,1,120,WARMUP_2015_NOT_SCORED
12726,12725,2015-03-26,2015,2015-03-26,1,120,WARMUP_2015_NOT_SCORED
12829,12828,2015-03-26,2015,2015-03-26,-1,120,WARMUP_2015_NOT_SCORED
13560,13559,2015-03-31,2015,2015-03-31,1,120,WARMUP_2015_NOT_SCORED
13649,13648,2015-03-31,2015,2015-03-31,1,120,WARMUP_2015_NOT_SCORED
13864,13863,2015-04-01,2015,2015-04-01,1,120,WARMUP_2015_NOT_SCORED
13980,13979,2015-04-02,2015,2015-04-02,1,120,WARMUP_2015_NOT_SCORED
14103,14102,2015-04-02,2015,2015-04-02,1,120,WARMUP_2015_NOT_SCORED
14164,14163,2015-04-03,2015,2015-04-03,1,120,WARMUP_2015_NOT_SCORED
14281,14280,2015-04-03,2015,2015-04-03,1,120,WARMUP_2015_NOT_SCORED
14370,14369,2015-04-03,2015,2015-04-03,1,120,WARMUP_2015_NOT_SCORED
14460,14459,2015-04-07,2015,2015-04-07,1,120,WARMUP_2015_NOT_SCORED
14653,14652,2015-04-08,2015,2015-04-08,1,120,WARMUP_2015_NOT_SCORED
14948,14947,2015-04-09,2015,2015-04-09,-1,120,WARMUP_2015_NOT_SCORED
15295,15294,2015-04-10,2015,2015-04-10,1,120,WARMUP_2015_NOT_SCORED
15402,15401,2015-04-13,2015,2015-04-13,1,120,WARMUP_2015_NOT_SCORED
15532,15531,2015-04-13,2015,2015-04-13,1,120,WARMUP_2015_NOT_SCORED
15628,15627,2015-04-14,2015,2015-04-14,1,120,WARMUP_2015_NOT_SCORED
15656,15655,2015-04-14,2015,2015-04-14,1,120,WARMUP_2015_NOT_SCORED
15756,15755,2015-04-14,2015,2015-04-14,1,120,WARMUP_2015_NOT_SCORED
15779,15778,2015-04-14,2015,2015-04-14,1,120,WARMUP_2015_NOT_SCORED
15841,15840,2015-04-15,2015,2015-04-15,-1,120,WARMUP_2015_NOT_SCORED
15857,15856,2015-04-15,2015,2015-04-15,-1,120,WARMUP_2015_NOT_SCORED
15916,15915,2015-04-15,2015,2015-04-15,-1,120,WARMUP_2015_NOT_SCORED
16026,16025,2015-04-15,2015,2015-04-15,-1,120,WARMUP_2015_NOT_SCORED
16105,16104,2015-04-16,2015,2015-04-16,-1,120,WARMUP_2015_NOT_SCORED
16225,16224,2015-04-16,2015,2015-04-16,-1,120,WARMUP_2015_NOT_SCORED
16283,16282,2015-04-16,2015,2015-04-16,1,120,WARMUP_2015_NOT_SCORED
16405,16404,2015-04-17,2015,2015-04-17,1,120,WARMUP_2015_NOT_SCORED
16583,16582,2015-04-20,2015,2015-04-20,-1,120,WARMUP_2015_NOT_SCORED
16755,16754,2015-04-20,2015,2015-04-20,-1,120,WARMUP_2015_NOT_SCORED
16786,16785,2015-04-20,2015,2015-04-20,-1,120,WARMUP_2015_NOT_SCORED
16825,16824,2015-04-21,2015,2015-04-21,1,120,WARMUP_2015_NOT_SCORED
16984,16983,2015-04-21,2015,2015-04-21,1,120,WARMUP_2015_NOT_SCORED
17134,17133,2015-04-22,2015,2015-04-22,1,120,WARMUP_2015_NOT_SCORED
17227,17226,2015-04-22,2015,2015-04-22,1,120,WARMUP_2015_NOT_SCORED
17302,17301,2015-04-23,2015,2015-04-23,1,120,WARMUP_2015_NOT_SCORED
17365,17364,2015-04-23,2015,2015-04-23,1,120,WARMUP_2015_NOT_SCORED
17377,17376,2015-04-23,2015,2015-04-23,1,120,WARMUP_2015_NOT_SCORED
17479,17478,2015-04-23,2015,2015-04-23,1,120,WARMUP_2015_NOT_SCORED
17591,17590,2015-04-24,2015,2015-04-24,-1,120,WARMUP_2015_NOT_SCORED
17770,17769,2015-04-27,2015,2015-04-27,1,120,WARMUP_2015_NOT_SCORED
17869,17868,2015-04-27,2015,2015-04-27,1,120,WARMUP_2015_NOT_SCORED
18072,18071,2015-04-28,2015,2015-04-28,-1,120,WARMUP_2015_NOT_SCORED
18140,18139,2015-04-28,2015,2015-04-28,-1,120,WARMUP_2015_NOT_SCORED
18241,18240,2015-04-29,2015,2015-04-29,-1,120,WARMUP_2015_NOT_SCORED
18690,18689,2015-04-30,2015,2015-04-30,1,120,WARMUP_2015_NOT_SCORED
19939,19938,2015-05-11,2015,2015-05-11,1,120,WARMUP_2015_NOT_SCORED
20032,20031,2015-05-11,2015,2015-05-11,1,120,WARMUP_2015_NOT_SCORED
20199,20198,2015-05-12,2015,2015-05-12,1,120,WARMUP_2015_NOT_SCORED
20405,20404,2015-05-13,2015,2015-05-13,1,120,WARMUP_2015_NOT_SCORED
20469,20468,2015-05-13,2015,2015-05-13,1,120,WARMUP_2015_NOT_SCORED
20557,20556,2015-05-13,2015,2015-05-13,1,120,WARMUP_2015_NOT_SCORED
20608,20607,2015-05-13,2015,2015-05-13,1,120,WARMUP_2015_NOT_SCORED
20686,20685,2015-05-14,2015,2015-05-14,1,120,WARMUP_2015_NOT_SCORED
20848,20847,2015-05-14,2015,2015-05-14,1,120,WARMUP_2015_NOT_SCORED
21032,21031,2015-05-15,2015,2015-05-15,-1,120,WARMUP_2015_NOT_SCORED
21123,21122,2015-05-18,2015,2015-05-18,1,120,WARMUP_2015_NOT_SCORED
21200,21199,2015-05-18,2015,2015-05-18,1,120,WARMUP_2015_NOT_SCORED
21309,21308,2015-05-18,2015,2015-05-18,1,120,WARMUP_2015_NOT_SCORED
21399,21398,2015-05-19,2015,2015-05-19,1,120,WARMUP_2015_NOT_SCORED
21722,21721,2015-05-20,2015,2015-05-20,1,120,WARMUP_2015_NOT_SCORED
21825,21824,2015-05-20,2015,2015-05-20,1,120,WARMUP_2015_NOT_SCORED
21875,21874,2015-05-21,2015,2015-05-21,1,120,WARMUP_2015_NOT_SCORED
22010,22009,2015-05-21,2015,2015-05-21,1,120,WARMUP_2015_NOT_SCORED
22147,22146,2015-05-22,2015,2015-05-22,1,120,WARMUP_2015_NOT_SCORED
22520,22519,2015-05-25,2015,2015-05-25,1,120,WARMUP_2015_NOT_SCORED
22597,22596,2015-05-26,2015,2015-05-26,1,120,WARMUP_2015_NOT_SCORED
22719,22718,2015-05-26,2015,2015-05-26,1,120,WARMUP_2015_NOT_SCORED
22831,22830,2015-05-27,2015,2015-05-27,1,120,WARMUP_2015_NOT_SCORED
23046,23045,2015-05-28,2015,2015-05-28,1,120,WARMUP_2015_NOT_SCORED
23067,23066,2015-05-28,2015,2015-05-28,1,120,WARMUP_2015_NOT_SCORED
23119,23118,2015-05-28,2015,2015-05-28,1,120,WARMUP_2015_NOT_SCORED
23144,23143,2015-05-28,2015,2015-05-28,-1,120,WARMUP_2015_NOT_SCORED
23177,23176,2015-05-28,2015,2015-05-28,-1,120,WARMUP_2015_NOT_SCORED
23234,23233,2015-05-28,2015,2015-05-28,-1,120,WARMUP_2015_NOT_SCORED
23253,23252,2015-05-28,2015,2015-05-28,-1,120,WARMUP_2015_NOT_SCORED
23287,23286,2015-05-29,2015,2015-05-29,-1,120,WARMUP_2015_NOT_SCORED
23306,23305,2015-05-29,2015,2015-05-29,-1,120,WARMUP_2015_NOT_SCORED
23435,23434,2015-05-29,2015,2015-05-29,1,120,WARMUP_2015_NOT_SCORED
23469,23468,2015-05-29,2015,2015-05-29,1,120,WARMUP_2015_NOT_SCORED
23529,23528,2015-06-01,2015,2015-06-01,1,120,WARMUP_2015_NOT_SCORED
23578,23577,2015-06-01,2015,2015-06-01,1,120,WARMUP_2015_NOT_SCORED
23727,23726,2015-06-01,2015,2015-06-01,1,120,WARMUP_2015_NOT_SCORED
23778,23777,2015-06-02,2015,2015-06-02,1,120,WARMUP_2015_NOT_SCORED
23829,23828,2015-06-02,2015,2015-06-02,1,120,WARMUP_2015_NOT_SCORED
23880,23879,2015-06-02,2015,2015-06-02,1,120,WARMUP_2015_NOT_SCORED
24008,24007,2015-06-03,2015,2015-06-03,1,120,WARMUP_2015_NOT_SCORED
24033,24032,2015-06-03,2015,2015-06-03,1,120,WARMUP_2015_NOT_SCORED
24104,24103,2015-06-03,2015,2015-06-03,-1,120,WARMUP_2015_NOT_SCORED
24374,24373,2015-06-04,2015,2015-06-04,-1,120,WARMUP_2015_NOT_SCORED
24488,24487,2015-06-05,2015,2015-06-05,1,120,WARMUP_2015_NOT_SCORED
24569,24568,2015-06-05,2015,2015-06-05,1,120,WARMUP_2015_NOT_SCORED
24586,24585,2015-06-05,2015,2015-06-05,1,120,WARMUP_2015_NOT_SCORED
24611,24610,2015-06-05,2015,2015-06-05,-1,120,WARMUP_2015_NOT_SCORED
24784,24783,2015-06-08,2015,2015-06-08,-1,120,WARMUP_2015_NOT_SCORED
24861,24860,2015-06-08,2015,2015-06-08,-1,120,WARMUP_2015_NOT_SCORED
25037,25036,2015-06-09,2015,2015-06-09,1,120,WARMUP_2015_NOT_SCORED
25204,25203,2015-06-10,2015,2015-06-10,1,120,WARMUP_2015_NOT_SCORED
25234,25233,2015-06-10,2015,2015-06-10,1,120,WARMUP_2015_NOT_SCORED
25318,25317,2015-06-10,2015,2015-06-10,1,120,WARMUP_2015_NOT_SCORED
25422,25421,2015-06-10,2015,2015-06-10,1,120,WARMUP_2015_NOT_SCORED
25462,25461,2015-06-11,2015,2015-06-11,1,120,WARMUP_2015_NOT_SCORED
25559,25558,2015-06-11,2015,2015-06-11,1,120,WARMUP_2015_NOT_SCORED
25629,25628,2015-06-11,2015,2015-06-11,1,120,WARMUP_2015_NOT_SCORED
25714,25713,2015-06-12,2015,2015-06-12,1,120,WARMUP_2015_NOT_SCORED
25765,25764,2015-06-12,2015,2015-06-12,1,120,WARMUP_2015_NOT_SCORED
25879,25878,2015-06-12,2015,2015-06-12,1,120,WARMUP_2015_NOT_SCORED
26169,26168,2015-06-16,2015,2015-06-16,-1,120,WARMUP_2015_NOT_SCORED
26209,26208,2015-06-16,2015,2015-06-16,-1,120,WARMUP_2015_NOT_SCORED
26247,26246,2015-06-16,2015,2015-06-16,-1,120,WARMUP_2015_NOT_SCORED
26406,26405,2015-06-17,2015,2015-06-17,-1,120,WARMUP_2015_NOT_SCORED
26455,26454,2015-06-17,2015,2015-06-17,-1,120,WARMUP_2015_NOT_SCORED
26508,26507,2015-06-17,2015,2015-06-17,-1,120,WARMUP_2015_NOT_SCORED
26644,26643,2015-06-18,2015,2015-06-18,1,120,WARMUP_2015_NOT_SCORED
26668,26667,2015-06-18,2015,2015-06-18,1,120,WARMUP_2015_NOT_SCORED
26734,26733,2015-06-18,2015,2015-06-18,1,120,WARMUP_2015_NOT_SCORED
26768,26767,2015-06-18,2015,2015-06-18,-1,120,WARMUP_2015_NOT_SCORED
26823,26822,2015-06-18,2015,2015-06-18,-1,120,WARMUP_2015_NOT_SCORED
26845,26844,2015-06-18,2015,2015-06-18,-1,120,WARMUP_2015_NOT_SCORED
26865,26864,2015-06-18,2015,2015-06-18,-1,120,WARMUP_2015_NOT_SCORED
26887,26886,2015-06-19,2015,2015-06-19,-1,120,WARMUP_2015_NOT_SCORED
26922,26921,2015-06-19,2015,2015-06-19,-1,120,WARMUP_2015_NOT_SCORED
26986,26985,2015-06-19,2015,2015-06-19,-1,120,WARMUP_2015_NOT_SCORED
27052,27051,2015-06-19,2015,2015-06-19,-1,120,WARMUP_2015_NOT_SCORED
27127,27126,2015-06-23,2015,2015-06-23,-1,120,WARMUP_2015_NOT_SCORED
27138,27137,2015-06-23,2015,2015-06-23,-1,120,WARMUP_2015_NOT_SCORED
27247,27246,2015-06-23,2015,2015-06-23,-1,120,WARMUP_2015_NOT_SCORED
27398,27397,2015-06-24,2015,2015-06-24,1,120,WARMUP_2015_NOT_SCORED
27838,27837,2015-06-25,2015,2015-06-25,-1,120,WARMUP_2015_NOT_SCORED
27846,27845,2015-06-26,2015,2015-06-26,-1,120,WARMUP_2015_NOT_SCORED
27867,27866,2015-06-26,2015,2015-06-26,-1,120,WARMUP_2015_NOT_SCORED
27933,27932,2015-06-26,2015,2015-06-26,-1,120,WARMUP_2015_NOT_SCORED
27966,27965,2015-06-26,2015,2015-06-26,-1,120,WARMUP_2015_NOT_SCORED
28100,28099,2015-06-29,2015,2015-06-29,-1,120,WARMUP_2015_NOT_SCORED
28126,28125,2015-06-29,2015,2015-06-29,1,120,WARMUP_2015_NOT_SCORED
28148,28147,2015-06-29,2015,2015-06-29,1,120,WARMUP_2015_NOT_SCORED
28164,28163,2015-06-29,2015,2015-06-29,-1,120,WARMUP_2015_NOT_SCORED
28174,28173,2015-06-29,2015,2015-06-29,-1,120,WARMUP_2015_NOT_SCORED
28188,28187,2015-06-29,2015,2015-06-29,-1,120,WARMUP_2015_NOT_SCORED
28247,28246,2015-06-29,2015,2015-06-29,-1,120,WARMUP_2015_NOT_SCORED
28275,28274,2015-06-29,2015,2015-06-29,1,120,WARMUP_2015_NOT_SCORED
28328,28327,2015-06-30,2015,2015-06-30,-1,120,WARMUP_2015_NOT_SCORED
28347,28346,2015-06-30,2015,2015-06-30,-1,120,WARMUP_2015_NOT_SCORED
28363,28362,2015-06-30,2015,2015-06-30,-1,120,WARMUP_2015_NOT_SCORED
28389,28388,2015-06-30,2015,2015-06-30,-1,120,WARMUP_2015_NOT_SCORED
28434,28433,2015-06-30,2015,2015-06-30,-1,120,WARMUP_2015_NOT_SCORED
28452,28451,2015-06-30,2015,2015-06-30,1,120,WARMUP_2015_NOT_SCORED
28489,28488,2015-06-30,2015,2015-06-30,1,120,WARMUP_2015_NOT_SCORED
28505,28504,2015-06-30,2015,2015-06-30,1,120,WARMUP_2015_NOT_SCORED
28519,28518,2015-06-30,2015,2015-06-30,1,120,WARMUP_2015_NOT_SCORED
28567,28566,2015-07-01,2015,2015-07-01,-1,120,WARMUP_2015_NOT_SCORED
28591,28590,2015-07-01,2015,2015-07-01,1,120,WARMUP_2015_NOT_SCORED
28652,28651,2015-07-01,2015,2015-07-01,1,120,WARMUP_2015_NOT_SCORED
28699,28698,2015-07-01,2015,2015-07-01,-1,120,WARMUP_2015_NOT_SCORED
28746,28745,2015-07-01,2015,2015-07-01,-1,120,WARMUP_2015_NOT_SCORED
28764,28763,2015-07-01,2015,2015-07-01,-1,120,WARMUP_2015_NOT_SCORED
28783,28782,2015-07-01,2015,2015-07-01,-1,120,WARMUP_2015_NOT_SCORED
28801,28800,2015-07-02,2015,2015-07-02,-1,120,WARMUP_2015_NOT_SCORED
28812,28811,2015-07-02,2015,2015-07-02,-1,120,WARMUP_2015_NOT_SCORED
28825,28824,2015-07-02,2015,2015-07-02,1,120,WARMUP_2015_NOT_SCORED
28848,28847,2015-07-02,2015,2015-07-02,-1,120,WARMUP_2015_NOT_SCORED
28863,28862,2015-07-02,2015,2015-07-02,-1,120,WARMUP_2015_NOT_SCORED
28887,28886,2015-07-02,2015,2015-07-02,1,120,WARMUP_2015_NOT_SCORED
28914,28913,2015-07-02,2015,2015-07-02,1,120,WARMUP_2015_NOT_SCORED
28980,28979,2015-07-02,2015,2015-07-02,-1,120,WARMUP_2015_NOT_SCORED
29009,29008,2015-07-02,2015,2015-07-02,-1,120,WARMUP_2015_NOT_SCORED
29070,29069,2015-07-03,2015,2015-07-03,-1,120,WARMUP_2015_NOT_SCORED
29122,29121,2015-07-03,2015,2015-07-03,-1,120,WARMUP_2015_NOT_SCORED
29170,29169,2015-07-03,2015,2015-07-03,1,120,WARMUP_2015_NOT_SCORED
29188,29187,2015-07-03,2015,2015-07-03,1,120,WARMUP_2015_NOT_SCORED
29218,29217,2015-07-03,2015,2015-07-03,-1,120,WARMUP_2015_NOT_SCORED
29227,29226,2015-07-03,2015,2015-07-03,-1,120,WARMUP_2015_NOT_SCORED
29240,29239,2015-07-03,2015,2015-07-03,-1,120,WARMUP_2015_NOT_SCORED
29265,29264,2015-07-03,2015,2015-07-03,-1,120,WARMUP_2015_NOT_SCORED
29293,29292,2015-07-06,2015,2015-07-06,1,120,WARMUP_2015_NOT_SCORED
29321,29320,2015-07-06,2015,2015-07-06,-1,120,WARMUP_2015_NOT_SCORED
29364,29363,2015-07-06,2015,2015-07-06,-1,120,WARMUP_2015_NOT_SCORED
29398,29397,2015-07-06,2015,2015-07-06,-1,120,WARMUP_2015_NOT_SCORED
29421,29420,2015-07-06,2015,2015-07-06,-1,120,WARMUP_2015_NOT_SCORED
29452,29451,2015-07-06,2015,2015-07-06,-1,120,WARMUP_2015_NOT_SCORED
29496,29495,2015-07-06,2015,2015-07-06,1,120,WARMUP_2015_NOT_SCORED
29527,29526,2015-07-07,2015,2015-07-07,-1,120,WARMUP_2015_NOT_SCORED
29550,29549,2015-07-07,2015,2015-07-07,-1,120,WARMUP_2015_NOT_SCORED
30067,30066,2015-07-09,2015,2015-07-09,1,120,WARMUP_2015_NOT_SCORED
30503,30502,2015-07-13,2015,2015-07-13,1,120,WARMUP_2015_NOT_SCORED
30749,30748,2015-07-14,2015,2015-07-14,1,120,WARMUP_2015_NOT_SCORED
30848,30847,2015-07-14,2015,2015-07-14,1,120,WARMUP_2015_NOT_SCORED
30868,30867,2015-07-14,2015,2015-07-14,1,120,WARMUP_2015_NOT_SCORED
30877,30876,2015-07-14,2015,2015-07-14,1,120,WARMUP_2015_NOT_SCORED
30896,30895,2015-07-14,2015,2015-07-14,-1,120,WARMUP_2015_NOT_SCORED
30936,30935,2015-07-14,2015,2015-07-14,-1,120,WARMUP_2015_NOT_SCORED
30950,30949,2015-07-14,2015,2015-07-14,-1,120,WARMUP_2015_NOT_SCORED
30963,30962,2015-07-15,2015,2015-07-15,1,120,WARMUP_2015_NOT_SCORED
30970,30969,2015-07-15,2015,2015-07-15,1,120,WARMUP_2015_NOT_SCORED
31009,31008,2015-07-15,2015,2015-07-15,-1,120,WARMUP_2015_NOT_SCORED
31048,31047,2015-07-15,2015,2015-07-15,-1,120,WARMUP_2015_NOT_SCORED
31086,31085,2015-07-15,2015,2015-07-15,-1,120,WARMUP_2015_NOT_SCORED
31141,31140,2015-07-15,2015,2015-07-15,-1,120,WARMUP_2015_NOT_SCORED
31218,31217,2015-07-16,2015,2015-07-16,-1,120,WARMUP_2015_NOT_SCORED
31233,31232,2015-07-16,2015,2015-07-16,1,120,WARMUP_2015_NOT_SCORED
31269,31268,2015-07-16,2015,2015-07-16,1,120,WARMUP_2015_NOT_SCORED
31298,31297,2015-07-16,2015,2015-07-16,1,120,WARMUP_2015_NOT_SCORED
31357,31356,2015-07-16,2015,2015-07-16,-1,120,WARMUP_2015_NOT_SCORED
31379,31378,2015-07-16,2015,2015-07-16,-1,120,WARMUP_2015_NOT_SCORED
31423,31422,2015-07-16,2015,2015-07-16,-1,120,WARMUP_2015_NOT_SCORED
31429,31428,2015-07-16,2015,2015-07-16,1,120,WARMUP_2015_NOT_SCORED
31445,31444,2015-07-17,2015,2015-07-17,1,120,WARMUP_2015_NOT_SCORED
31457,31456,2015-07-17,2015,2015-07-17,1,120,WARMUP_2015_NOT_SCORED
31504,31503,2015-07-17,2015,2015-07-17,1,120,WARMUP_2015_NOT_SCORED
31574,31573,2015-07-17,2015,2015-07-17,1,120,WARMUP_2015_NOT_SCORED
31697,31696,2015-07-20,2015,2015-07-20,1,120,WARMUP_2015_NOT_SCORED
31759,31758,2015-07-20,2015,2015-07-20,1,120,WARMUP_2015_NOT_SCORED
31780,31779,2015-07-20,2015,2015-07-20,-1,120,WARMUP_2015_NOT_SCORED
31971,31970,2015-07-21,2015,2015-07-21,1,120,WARMUP_2015_NOT_SCORED
32015,32014,2015-07-21,2015,2015-07-21,1,120,WARMUP_2015_NOT_SCORED
32059,32058,2015-07-21,2015,2015-07-21,-1,120,WARMUP_2015_NOT_SCORED
32128,32127,2015-07-21,2015,2015-07-21,1,120,WARMUP_2015_NOT_SCORED
32169,32168,2015-07-22,2015,2015-07-22,1,120,WARMUP_2015_NOT_SCORED
32190,32189,2015-07-22,2015,2015-07-22,1,120,WARMUP_2015_NOT_SCORED
32262,32261,2015-07-22,2015,2015-07-22,1,120,WARMUP_2015_NOT_SCORED
32299,32298,2015-07-22,2015,2015-07-22,-1,120,WARMUP_2015_NOT_SCORED
32410,32409,2015-07-23,2015,2015-07-23,1,120,WARMUP_2015_NOT_SCORED
32492,32491,2015-07-23,2015,2015-07-23,1,120,WARMUP_2015_NOT_SCORED
32582,32581,2015-07-23,2015,2015-07-23,1,120,WARMUP_2015_NOT_SCORED
32649,32648,2015-07-24,2015,2015-07-24,1,120,WARMUP_2015_NOT_SCORED
32671,32670,2015-07-24,2015,2015-07-24,1,120,WARMUP_2015_NOT_SCORED
32715,32714,2015-07-24,2015,2015-07-24,-1,120,WARMUP_2015_NOT_SCORED
32793,32792,2015-07-24,2015,2015-07-24,-1,120,WARMUP_2015_NOT_SCORED
32838,32837,2015-07-24,2015,2015-07-24,1,120,WARMUP_2015_NOT_SCORED
32858,32857,2015-07-24,2015,2015-07-24,1,120,WARMUP_2015_NOT_SCORED
32893,32892,2015-07-27,2015,2015-07-27,-1,120,WARMUP_2015_NOT_SCORED
32964,32963,2015-07-27,2015,2015-07-27,1,120,WARMUP_2015_NOT_SCORED
33010,33009,2015-07-27,2015,2015-07-27,-1,120,WARMUP_2015_NOT_SCORED
33033,33032,2015-07-27,2015,2015-07-27,-1,120,WARMUP_2015_NOT_SCORED
33075,33074,2015-07-27,2015,2015-07-27,-1,120,WARMUP_2015_NOT_SCORED
33091,33090,2015-07-27,2015,2015-07-27,-1,120,WARMUP_2015_NOT_SCORED
33109,33108,2015-07-27,2015,2015-07-27,-1,120,WARMUP_2015_NOT_SCORED
33125,33124,2015-07-28,2015,2015-07-28,-1,120,WARMUP_2015_NOT_SCORED
33132,33131,2015-07-28,2015,2015-07-28,-1,120,WARMUP_2015_NOT_SCORED
33163,33162,2015-07-28,2015,2015-07-28,-1,120,WARMUP_2015_NOT_SCORED
33217,33216,2015-07-28,2015,2015-07-28,1,120,WARMUP_2015_NOT_SCORED
33292,33291,2015-07-28,2015,2015-07-28,-1,120,WARMUP_2015_NOT_SCORED
33311,33310,2015-07-28,2015,2015-07-28,1,120,WARMUP_2015_NOT_SCORED
33318,33317,2015-07-28,2015,2015-07-28,1,120,WARMUP_2015_NOT_SCORED
33329,33328,2015-07-28,2015,2015-07-28,1,120,WARMUP_2015_NOT_SCORED
33341,33340,2015-07-28,2015,2015-07-28,-1,120,WARMUP_2015_NOT_SCORED
33366,33365,2015-07-29,2015,2015-07-29,1,120,WARMUP_2015_NOT_SCORED
33401,33400,2015-07-29,2015,2015-07-29,-1,120,WARMUP_2015_NOT_SCORED
33425,33424,2015-07-29,2015,2015-07-29,-1,120,WARMUP_2015_NOT_SCORED
33507,33506,2015-07-29,2015,2015-07-29,-1,120,WARMUP_2015_NOT_SCORED
33529,33528,2015-07-29,2015,2015-07-29,-1,120,WARMUP_2015_NOT_SCORED
33552,33551,2015-07-29,2015,2015-07-29,1,120,WARMUP_2015_NOT_SCORED
33563,33562,2015-07-29,2015,2015-07-29,1,120,WARMUP_2015_NOT_SCORED
33574,33573,2015-07-29,2015,2015-07-29,1,120,WARMUP_2015_NOT_SCORED
33603,33602,2015-07-30,2015,2015-07-30,1,120,WARMUP_2015_NOT_SCORED
33621,33620,2015-07-30,2015,2015-07-30,1,120,WARMUP_2015_NOT_SCORED
33692,33691,2015-07-30,2015,2015-07-30,1,120,WARMUP_2015_NOT_SCORED
33708,33707,2015-07-30,2015,2015-07-30,1,120,WARMUP_2015_NOT_SCORED
33743,33742,2015-07-30,2015,2015-07-30,-1,120,WARMUP_2015_NOT_SCORED
33760,33759,2015-07-30,2015,2015-07-30,-1,120,WARMUP_2015_NOT_SCORED
33793,33792,2015-07-30,2015,2015-07-30,1,120,WARMUP_2015_NOT_SCORED
33808,33807,2015-07-30,2015,2015-07-30,1,120,WARMUP_2015_NOT_SCORED
33818,33817,2015-07-30,2015,2015-07-30,-1,120,WARMUP_2015_NOT_SCORED
33844,33843,2015-07-31,2015,2015-07-31,-1,120,WARMUP_2015_NOT_SCORED
33850,33849,2015-07-31,2015,2015-07-31,-1,120,WARMUP_2015_NOT_SCORED
33877,33876,2015-07-31,2015,2015-07-31,-1,120,WARMUP_2015_NOT_SCORED
33900,33899,2015-07-31,2015,2015-07-31,-1,120,WARMUP_2015_NOT_SCORED
33910,33909,2015-07-31,2015,2015-07-31,1,120,WARMUP_2015_NOT_SCORED
34041,34040,2015-07-31,2015,2015-07-31,1,120,WARMUP_2015_NOT_SCORED
34055,34054,2015-07-31,2015,2015-07-31,-1,120,WARMUP_2015_NOT_SCORED
34086,34085,2015-08-03,2015,2015-08-03,-1,120,WARMUP_2015_NOT_SCORED
34098,34097,2015-08-03,2015,2015-08-03,-1,120,WARMUP_2015_NOT_SCORED
34133,34132,2015-08-03,2015,2015-08-03,-1,120,WARMUP_2015_NOT_SCORED
34161,34160,2015-08-03,2015,2015-08-03,1,120,WARMUP_2015_NOT_SCORED
34219,34218,2015-08-03,2015,2015-08-03,-1,120,WARMUP_2015_NOT_SCORED
34249,34248,2015-08-03,2015,2015-08-03,-1,120,WARMUP_2015_NOT_SCORED
34297,34296,2015-08-03,2015,2015-08-03,-1,120,WARMUP_2015_NOT_SCORED
34327,34326,2015-08-04,2015,2015-08-04,1,120,WARMUP_2015_NOT_SCORED
34352,34351,2015-08-04,2015,2015-08-04,1,120,WARMUP_2015_NOT_SCORED
34479,34478,2015-08-04,2015,2015-08-04,1,120,WARMUP_2015_NOT_SCORED
34526,34525,2015-08-04,2015,2015-08-04,1,120,WARMUP_2015_NOT_SCORED
34583,34582,2015-08-05,2015,2015-08-05,1,120,WARMUP_2015_NOT_SCORED
34628,34627,2015-08-05,2015,2015-08-05,1,120,WARMUP_2015_NOT_SCORED
34678,34677,2015-08-05,2015,2015-08-05,-1,120,WARMUP_2015_NOT_SCORED
34688,34687,2015-08-05,2015,2015-08-05,-1,120,WARMUP_2015_NOT_SCORED
34724,34723,2015-08-05,2015,2015-08-05,-1,120,WARMUP_2015_NOT_SCORED
34783,34782,2015-08-05,2015,2015-08-05,1,120,WARMUP_2015_NOT_SCORED
34805,34804,2015-08-06,2015,2015-08-06,-1,120,WARMUP_2015_NOT_SCORED
35160,35159,2015-08-07,2015,2015-08-07,1,120,WARMUP_2015_NOT_SCORED
35216,35215,2015-08-07,2015,2015-08-07,1,120,WARMUP_2015_NOT_SCORED
35286,35285,2015-08-10,2015,2015-08-10,1,120,WARMUP_2015_NOT_SCORED
35312,35311,2015-08-10,2015,2015-08-10,1,120,WARMUP_2015_NOT_SCORED
35356,35355,2015-08-10,2015,2015-08-10,1,120,WARMUP_2015_NOT_SCORED
35450,35449,2015-08-10,2015,2015-08-10,1,120,WARMUP_2015_NOT_SCORED
35524,35523,2015-08-11,2015,2015-08-11,1,120,WARMUP_2015_NOT_SCORED
35539,35538,2015-08-11,2015,2015-08-11,1,120,WARMUP_2015_NOT_SCORED
35566,35565,2015-08-11,2015,2015-08-11,1,120,WARMUP_2015_NOT_SCORED
35645,35644,2015-08-11,2015,2015-08-11,-1,120,WARMUP_2015_NOT_SCORED
35666,35665,2015-08-11,2015,2015-08-11,-1,120,WARMUP_2015_NOT_SCORED
35735,35734,2015-08-11,2015,2015-08-11,1,120,WARMUP_2015_NOT_SCORED
35787,35786,2015-08-12,2015,2015-08-12,-1,120,WARMUP_2015_NOT_SCORED
35967,35966,2015-08-12,2015,2015-08-12,-1,120,WARMUP_2015_NOT_SCORED
36086,36085,2015-08-13,2015,2015-08-13,1,120,WARMUP_2015_NOT_SCORED
36149,36148,2015-08-13,2015,2015-08-13,-1,120,WARMUP_2015_NOT_SCORED
36246,36245,2015-08-14,2015,2015-08-14,1,120,WARMUP_2015_NOT_SCORED
36287,36286,2015-08-14,2015,2015-08-14,1,120,WARMUP_2015_NOT_SCORED
36304,36303,2015-08-14,2015,2015-08-14,1,120,WARMUP_2015_NOT_SCORED
36399,36398,2015-08-14,2015,2015-08-14,1,120,WARMUP_2015_NOT_SCORED
36464,36463,2015-08-14,2015,2015-08-14,-1,120,WARMUP_2015_NOT_SCORED
36533,36532,2015-08-17,2015,2015-08-17,-1,120,WARMUP_2015_NOT_SCORED
36581,36580,2015-08-17,2015,2015-08-17,-1,120,WARMUP_2015_NOT_SCORED
36633,36632,2015-08-17,2015,2015-08-17,1,120,WARMUP_2015_NOT_SCORED
36685,36684,2015-08-17,2015,2015-08-17,1,120,WARMUP_2015_NOT_SCORED
36728,36727,2015-08-18,2015,2015-08-18,1,120,WARMUP_2015_NOT_SCORED
36837,36836,2015-08-18,2015,2015-08-18,-1,120,WARMUP_2015_NOT_SCORED
36859,36858,2015-08-18,2015,2015-08-18,-1,120,WARMUP_2015_NOT_SCORED
36880,36879,2015-08-18,2015,2015-08-18,-1,120,WARMUP_2015_NOT_SCORED
36894,36893,2015-08-18,2015,2015-08-18,-1,120,WARMUP_2015_NOT_SCORED
36904,36903,2015-08-18,2015,2015-08-18,-1,120,WARMUP_2015_NOT_SCORED
36929,36928,2015-08-18,2015,2015-08-18,-1,120,WARMUP_2015_NOT_SCORED
36964,36963,2015-08-19,2015,2015-08-19,-1,120,WARMUP_2015_NOT_SCORED
36999,36998,2015-08-19,2015,2015-08-19,1,120,WARMUP_2015_NOT_SCORED
37065,37064,2015-08-19,2015,2015-08-19,-1,120,WARMUP_2015_NOT_SCORED
37160,37159,2015-08-19,2015,2015-08-19,1,120,WARMUP_2015_NOT_SCORED
37185,37184,2015-08-19,2015,2015-08-19,1,120,WARMUP_2015_NOT_SCORED
37349,37348,2015-08-20,2015,2015-08-20,1,120,WARMUP_2015_NOT_SCORED
37420,37419,2015-08-20,2015,2015-08-20,-1,120,WARMUP_2015_NOT_SCORED
37445,37444,2015-08-21,2015,2015-08-21,-1,120,WARMUP_2015_NOT_SCORED
37457,37456,2015-08-21,2015,2015-08-21,-1,120,WARMUP_2015_NOT_SCORED
37490,37489,2015-08-21,2015,2015-08-21,-1,120,WARMUP_2015_NOT_SCORED
37540,37539,2015-08-21,2015,2015-08-21,-1,120,WARMUP_2015_NOT_SCORED
37570,37569,2015-08-21,2015,2015-08-21,-1,120,WARMUP_2015_NOT_SCORED
37583,37582,2015-08-21,2015,2015-08-21,-1,120,WARMUP_2015_NOT_SCORED
37643,37642,2015-08-21,2015,2015-08-21,1,120,WARMUP_2015_NOT_SCORED
37693,37692,2015-08-24,2015,2015-08-24,-1,120,WARMUP_2015_NOT_SCORED
37715,37714,2015-08-24,2015,2015-08-24,-1,120,WARMUP_2015_NOT_SCORED
37744,37743,2015-08-24,2015,2015-08-24,-1,120,WARMUP_2015_NOT_SCORED
37898,37897,2015-08-24,2015,2015-08-24,-1,120,WARMUP_2015_NOT_SCORED
37948,37947,2015-08-25,2015,2015-08-25,-1,120,WARMUP_2015_NOT_SCORED
38174,38173,2015-08-26,2015,2015-08-26,-1,120,WARMUP_2015_NOT_SCORED
38185,38184,2015-08-26,2015,2015-08-26,1,120,WARMUP_2015_NOT_SCORED
38215,38214,2015-08-26,2015,2015-08-26,-1,120,WARMUP_2015_NOT_SCORED
38224,38223,2015-08-26,2015,2015-08-26,-1,120,WARMUP_2015_NOT_SCORED
38238,38237,2015-08-26,2015,2015-08-26,-1,120,WARMUP_2015_NOT_SCORED
38279,38278,2015-08-26,2015,2015-08-26,1,120,WARMUP_2015_NOT_SCORED
38290,38289,2015-08-26,2015,2015-08-26,1,120,WARMUP_2015_NOT_SCORED
38312,38311,2015-08-26,2015,2015-08-26,1,120,WARMUP_2015_NOT_SCORED
38327,38326,2015-08-26,2015,2015-08-26,1,120,WARMUP_2015_NOT_SCORED
38341,38340,2015-08-26,2015,2015-08-26,-1,120,WARMUP_2015_NOT_SCORED
38363,38362,2015-08-26,2015,2015-08-26,-1,120,WARMUP_2015_NOT_SCORED
38402,38401,2015-08-27,2015,2015-08-27,-1,120,WARMUP_2015_NOT_SCORED
38534,38533,2015-08-27,2015,2015-08-27,-1,120,WARMUP_2015_NOT_SCORED
38585,38584,2015-08-27,2015,2015-08-27,-1,120,WARMUP_2015_NOT_SCORED
38600,38599,2015-08-27,2015,2015-08-27,-1,120,WARMUP_2015_NOT_SCORED
38607,38606,2015-08-27,2015,2015-08-27,-1,120,WARMUP_2015_NOT_SCORED
38617,38616,2015-08-27,2015,2015-08-27,1,120,WARMUP_2015_NOT_SCORED
38632,38631,2015-08-27,2015,2015-08-27,1,120,WARMUP_2015_NOT_SCORED
38644,38643,2015-08-28,2015,2015-08-28,1,120,WARMUP_2015_NOT_SCORED
38651,38650,2015-08-28,2015,2015-08-28,1,120,WARMUP_2015_NOT_SCORED
38668,38667,2015-08-28,2015,2015-08-28,1,120,WARMUP_2015_NOT_SCORED
38703,38702,2015-08-28,2015,2015-08-28,1,120,WARMUP_2015_NOT_SCORED
38727,38726,2015-08-28,2015,2015-08-28,1,120,WARMUP_2015_NOT_SCORED
38780,38779,2015-08-28,2015,2015-08-28,1,120,WARMUP_2015_NOT_SCORED
38832,38831,2015-08-28,2015,2015-08-28,1,120,WARMUP_2015_NOT_SCORED
38868,38867,2015-08-28,2015,2015-08-28,1,120,WARMUP_2015_NOT_SCORED
38883,38882,2015-08-31,2015,2015-08-31,1,120,WARMUP_2015_NOT_SCORED
39125,39124,2015-09-01,2015,2015-09-01,-1,120,WARMUP_2015_NOT_SCORED
39133,39132,2015-09-01,2015,2015-09-01,-1,120,WARMUP_2015_NOT_SCORED
39166,39165,2015-09-01,2015,2015-09-01,-1,120,WARMUP_2015_NOT_SCORED
39186,39185,2015-09-01,2015,2015-09-01,-1,120,WARMUP_2015_NOT_SCORED
39327,39326,2015-09-01,2015,2015-09-01,-1,120,WARMUP_2015_NOT_SCORED
39356,39355,2015-09-01,2015,2015-09-01,-1,120,WARMUP_2015_NOT_SCORED
39377,39376,2015-09-02,2015,2015-09-02,-1,120,WARMUP_2015_NOT_SCORED
39494,39493,2015-09-02,2015,2015-09-02,1,120,WARMUP_2015_NOT_SCORED
39586,39585,2015-09-02,2015,2015-09-02,-1,120,WARMUP_2015_NOT_SCORED
39621,39620,2015-09-07,2015,2015-09-07,1,120,WARMUP_2015_NOT_SCORED
39745,39744,2015-09-07,2015,2015-09-07,1,120,WARMUP_2015_NOT_SCORED
39776,39775,2015-09-07,2015,2015-09-07,1,120,WARMUP_2015_NOT_SCORED
39781,39780,2015-09-07,2015,2015-09-07,-1,120,WARMUP_2015_NOT_SCORED
39873,39872,2015-09-08,2015,2015-09-08,1,120,WARMUP_2015_NOT_SCORED
39955,39954,2015-09-08,2015,2015-09-08,1,120,WARMUP_2015_NOT_SCORED
40007,40006,2015-09-08,2015,2015-09-08,-1,120,WARMUP_2015_NOT_SCORED
40160,40159,2015-09-09,2015,2015-09-09,1,120,WARMUP_2015_NOT_SCORED
40239,40238,2015-09-09,2015,2015-09-09,-1,120,WARMUP_2015_NOT_SCORED
40271,40270,2015-09-09,2015,2015-09-09,-1,120,WARMUP_2015_NOT_SCORED
40281,40280,2015-09-09,2015,2015-09-09,-1,120,WARMUP_2015_NOT_SCORED
40323,40322,2015-09-10,2015,2015-09-10,1,120,WARMUP_2015_NOT_SCORED
40370,40369,2015-09-10,2015,2015-09-10,1,120,WARMUP_2015_NOT_SCORED
40418,40417,2015-09-10,2015,2015-09-10,1,120,WARMUP_2015_NOT_SCORED
40490,40489,2015-09-10,2015,2015-09-10,1,120,WARMUP_2015_NOT_SCORED
40513,40512,2015-09-10,2015,2015-09-10,1,120,WARMUP_2015_NOT_SCORED
40576,40575,2015-09-11,2015,2015-09-11,-1,120,WARMUP_2015_NOT_SCORED
40683,40682,2015-09-11,2015,2015-09-11,1,120,WARMUP_2015_NOT_SCORED
40743,40742,2015-09-11,2015,2015-09-11,-1,120,WARMUP_2015_NOT_SCORED
40786,40785,2015-09-11,2015,2015-09-11,1,120,WARMUP_2015_NOT_SCORED
40819,40818,2015-09-14,2015,2015-09-14,1,120,WARMUP_2015_NOT_SCORED
40871,40870,2015-09-14,2015,2015-09-14,-1,120,WARMUP_2015_NOT_SCORED
40929,40928,2015-09-14,2015,2015-09-14,-1,120,WARMUP_2015_NOT_SCORED
40954,40953,2015-09-14,2015,2015-09-14,-1,120,WARMUP_2015_NOT_SCORED
41020,41019,2015-09-14,2015,2015-09-14,-1,120,WARMUP_2015_NOT_SCORED
41045,41044,2015-09-15,2015,2015-09-15,-1,120,WARMUP_2015_NOT_SCORED
41054,41053,2015-09-15,2015,2015-09-15,-1,120,WARMUP_2015_NOT_SCORED
41235,41234,2015-09-15,2015,2015-09-15,-1,120,WARMUP_2015_NOT_SCORED
41283,41282,2015-09-16,2015,2015-09-16,-1,120,WARMUP_2015_NOT_SCORED
41296,41295,2015-09-16,2015,2015-09-16,-1,120,WARMUP_2015_NOT_SCORED
41301,41300,2015-09-16,2015,2015-09-16,1,120,WARMUP_2015_NOT_SCORED
41344,41343,2015-09-16,2015,2015-09-16,1,120,WARMUP_2015_NOT_SCORED
41400,41399,2015-09-16,2015,2015-09-16,1,120,WARMUP_2015_NOT_SCORED
41523,41522,2015-09-17,2015,2015-09-17,1,120,WARMUP_2015_NOT_SCORED
41530,41529,2015-09-17,2015,2015-09-17,1,120,WARMUP_2015_NOT_SCORED
41546,41545,2015-09-17,2015,2015-09-17,1,120,WARMUP_2015_NOT_SCORED
41578,41577,2015-09-17,2015,2015-09-17,1,120,WARMUP_2015_NOT_SCORED
41606,41605,2015-09-17,2015,2015-09-17,1,120,WARMUP_2015_NOT_SCORED
41629,41628,2015-09-17,2015,2015-09-17,1,120,WARMUP_2015_NOT_SCORED
41676,41675,2015-09-17,2015,2015-09-17,1,120,WARMUP_2015_NOT_SCORED
41718,41717,2015-09-17,2015,2015-09-17,1,120,WARMUP_2015_NOT_SCORED
41753,41752,2015-09-17,2015,2015-09-17,-1,120,WARMUP_2015_NOT_SCORED
41763,41762,2015-09-18,2015,2015-09-18,-1,120,WARMUP_2015_NOT_SCORED
41796,41795,2015-09-18,2015,2015-09-18,-1,120,WARMUP_2015_NOT_SCORED
41848,41847,2015-09-18,2015,2015-09-18,-1,120,WARMUP_2015_NOT_SCORED
41947,41946,2015-09-18,2015,2015-09-18,1,120,WARMUP_2015_NOT_SCORED
41995,41994,2015-09-18,2015,2015-09-18,1,120,WARMUP_2015_NOT_SCORED
42053,42052,2015-09-21,2015,2015-09-21,1,120,WARMUP_2015_NOT_SCORED
42170,42169,2015-09-21,2015,2015-09-21,1,120,WARMUP_2015_NOT_SCORED
42266,42265,2015-09-22,2015,2015-09-22,1,120,WARMUP_2015_NOT_SCORED
42499,42498,2015-09-23,2015,2015-09-23,-1,120,WARMUP_2015_NOT_SCORED
43075,43074,2015-09-25,2015,2015-09-25,-1,120,WARMUP_2015_NOT_SCORED
43193,43192,2015-09-25,2015,2015-09-25,1,120,WARMUP_2015_NOT_SCORED
43221,43220,2015-09-28,2015,2015-09-28,-1,120,WARMUP_2015_NOT_SCORED
43262,43261,2015-09-28,2015,2015-09-28,-1,120,WARMUP_2015_NOT_SCORED
43353,43352,2015-09-28,2015,2015-09-28,1,120,WARMUP_2015_NOT_SCORED
43417,43416,2015-09-28,2015,2015-09-28,1,120,WARMUP_2015_NOT_SCORED
43443,43442,2015-09-29,2015,2015-09-29,1,120,WARMUP_2015_NOT_SCORED
43654,43653,2015-09-29,2015,2015-09-29,-1,120,WARMUP_2015_NOT_SCORED
43688,43687,2015-09-30,2015,2015-09-30,-1,120,WARMUP_2015_NOT_SCORED
43709,43708,2015-09-30,2015,2015-09-30,-1,120,WARMUP_2015_NOT_SCORED
43738,43737,2015-09-30,2015,2015-09-30,1,120,WARMUP_2015_NOT_SCORED
43768,43767,2015-09-30,2015,2015-09-30,1,120,WARMUP_2015_NOT_SCORED
43858,43857,2015-09-30,2015,2015-09-30,-1,120,WARMUP_2015_NOT_SCORED
43933,43932,2015-10-08,2015,2015-10-08,1,120,WARMUP_2015_NOT_SCORED
43959,43958,2015-10-08,2015,2015-10-08,1,120,WARMUP_2015_NOT_SCORED
44130,44129,2015-10-08,2015,2015-10-08,1,120,WARMUP_2015_NOT_SCORED
44223,44222,2015-10-09,2015,2015-10-09,1,120,WARMUP_2015_NOT_SCORED
44258,44257,2015-10-09,2015,2015-10-09,1,120,WARMUP_2015_NOT_SCORED
44360,44359,2015-10-09,2015,2015-10-09,1,120,WARMUP_2015_NOT_SCORED
44560,44559,2015-10-12,2015,2015-10-12,1,120,WARMUP_2015_NOT_SCORED
44732,44731,2015-10-13,2015,2015-10-13,1,120,WARMUP_2015_NOT_SCORED
44801,44800,2015-10-13,2015,2015-10-13,1,120,WARMUP_2015_NOT_SCORED
44841,44840,2015-10-13,2015,2015-10-13,1,120,WARMUP_2015_NOT_SCORED
44877,44876,2015-10-13,2015,2015-10-13,1,120,WARMUP_2015_NOT_SCORED
44961,44960,2015-10-14,2015,2015-10-14,-1,120,WARMUP_2015_NOT_SCORED
44982,44981,2015-10-14,2015,2015-10-14,-1,120,WARMUP_2015_NOT_SCORED
45027,45026,2015-10-14,2015,2015-10-14,1,120,WARMUP_2015_NOT_SCORED
45117,45116,2015-10-14,2015,2015-10-14,-1,120,WARMUP_2015_NOT_SCORED
45148,45147,2015-10-15,2015,2015-10-15,-1,120,WARMUP_2015_NOT_SCORED
45297,45296,2015-10-15,2015,2015-10-15,1,120,WARMUP_2015_NOT_SCORED
45401,45400,2015-10-16,2015,2015-10-16,1,120,WARMUP_2015_NOT_SCORED
45556,45555,2015-10-16,2015,2015-10-16,-1,120,WARMUP_2015_NOT_SCORED
45622,45621,2015-10-19,2015,2015-10-19,1,120,WARMUP_2015_NOT_SCORED
45662,45661,2015-10-19,2015,2015-10-19,1,120,WARMUP_2015_NOT_SCORED
45739,45738,2015-10-19,2015,2015-10-19,1,120,WARMUP_2015_NOT_SCORED
45780,45779,2015-10-19,2015,2015-10-19,-1,120,WARMUP_2015_NOT_SCORED
45879,45878,2015-10-20,2015,2015-10-20,1,120,WARMUP_2015_NOT_SCORED
45944,45943,2015-10-20,2015,2015-10-20,1,120,WARMUP_2015_NOT_SCORED
46030,46029,2015-10-20,2015,2015-10-20,1,120,WARMUP_2015_NOT_SCORED
46065,46064,2015-10-20,2015,2015-10-20,1,120,WARMUP_2015_NOT_SCORED
46107,46106,2015-10-21,2015,2015-10-21,1,120,WARMUP_2015_NOT_SCORED
46187,46186,2015-10-21,2015,2015-10-21,-1,120,WARMUP_2015_NOT_SCORED
46246,46245,2015-10-21,2015,2015-10-21,-1,120,WARMUP_2015_NOT_SCORED
46261,46260,2015-10-21,2015,2015-10-21,-1,120,WARMUP_2015_NOT_SCORED
46314,46313,2015-10-21,2015,2015-10-21,-1,120,WARMUP_2015_NOT_SCORED
46392,46391,2015-10-22,2015,2015-10-22,1,120,WARMUP_2015_NOT_SCORED
46477,46476,2015-10-22,2015,2015-10-22,-1,120,WARMUP_2015_NOT_SCORED
46579,46578,2015-10-23,2015,2015-10-23,1,120,WARMUP_2015_NOT_SCORED
46611,46610,2015-10-23,2015,2015-10-23,1,120,WARMUP_2015_NOT_SCORED
46658,46657,2015-10-23,2015,2015-10-23,1,120,WARMUP_2015_NOT_SCORED
46728,46727,2015-10-23,2015,2015-10-23,1,120,WARMUP_2015_NOT_SCORED
46758,46757,2015-10-23,2015,2015-10-23,1,120,WARMUP_2015_NOT_SCORED
46814,46813,2015-10-26,2015,2015-10-26,1,120,WARMUP_2015_NOT_SCORED
46972,46971,2015-10-26,2015,2015-10-26,1,120,WARMUP_2015_NOT_SCORED
47041,47040,2015-10-27,2015,2015-10-27,-1,120,WARMUP_2015_NOT_SCORED
47074,47073,2015-10-27,2015,2015-10-27,-1,120,WARMUP_2015_NOT_SCORED
47101,47100,2015-10-27,2015,2015-10-27,-1,120,WARMUP_2015_NOT_SCORED
47147,47146,2015-10-27,2015,2015-10-27,-1,120,WARMUP_2015_NOT_SCORED
47212,47211,2015-10-27,2015,2015-10-27,1,120,WARMUP_2015_NOT_SCORED
47253,47252,2015-10-27,2015,2015-10-27,1,120,WARMUP_2015_NOT_SCORED
47283,47282,2015-10-28,2015,2015-10-28,1,120,WARMUP_2015_NOT_SCORED
47322,47321,2015-10-28,2015,2015-10-28,-1,120,WARMUP_2015_NOT_SCORED
47349,47348,2015-10-28,2015,2015-10-28,1,120,WARMUP_2015_NOT_SCORED
47431,47430,2015-10-28,2015,2015-10-28,-1,120,WARMUP_2015_NOT_SCORED
47465,47464,2015-10-28,2015,2015-10-28,-1,120,WARMUP_2015_NOT_SCORED
47523,47522,2015-10-29,2015,2015-10-29,-1,120,WARMUP_2015_NOT_SCORED
47570,47569,2015-10-29,2015,2015-10-29,-1,120,WARMUP_2015_NOT_SCORED
47674,47673,2015-10-29,2015,2015-10-29,-1,120,WARMUP_2015_NOT_SCORED
47747,47746,2015-10-29,2015,2015-10-29,1,120,WARMUP_2015_NOT_SCORED
47786,47785,2015-10-30,2015,2015-10-30,1,120,WARMUP_2015_NOT_SCORED
47855,47854,2015-10-30,2015,2015-10-30,-1,120,WARMUP_2015_NOT_SCORED
47892,47891,2015-10-30,2015,2015-10-30,-1,120,WARMUP_2015_NOT_SCORED
47907,47906,2015-10-30,2015,2015-10-30,-1,120,WARMUP_2015_NOT_SCORED
47928,47927,2015-10-30,2015,2015-10-30,1,120,WARMUP_2015_NOT_SCORED
48043,48042,2015-11-02,2015,2015-11-02,-1,120,WARMUP_2015_NOT_SCORED
48244,48243,2015-11-03,2015,2015-11-03,-1,120,WARMUP_2015_NOT_SCORED
48332,48331,2015-11-03,2015,2015-11-03,-1,120,WARMUP_2015_NOT_SCORED
48598,48597,2015-11-04,2015,2015-11-04,1,120,WARMUP_2015_NOT_SCORED
48636,48635,2015-11-04,2015,2015-11-04,1,120,WARMUP_2015_NOT_SCORED
48745,48744,2015-11-05,2015,2015-11-05,1,120,WARMUP_2015_NOT_SCORED
48858,48857,2015-11-05,2015,2015-11-05,-1,120,WARMUP_2015_NOT_SCORED
49044,49043,2015-11-06,2015,2015-11-06,1,120,WARMUP_2015_NOT_SCORED
49132,49131,2015-11-06,2015,2015-11-06,1,120,WARMUP_2015_NOT_SCORED
49176,49175,2015-11-06,2015,2015-11-06,1,120,WARMUP_2015_NOT_SCORED
49202,49201,2015-11-09,2015,2015-11-09,1,120,WARMUP_2015_NOT_SCORED
49211,49210,2015-11-09,2015,2015-11-09,1,120,WARMUP_2015_NOT_SCORED
49270,49269,2015-11-09,2015,2015-11-09,-1,120,WARMUP_2015_NOT_SCORED
49359,49358,2015-11-09,2015,2015-11-09,1,120,WARMUP_2015_NOT_SCORED
49443,49442,2015-11-10,2015,2015-11-10,1,120,WARMUP_2015_NOT_SCORED
49468,49467,2015-11-10,2015,2015-11-10,1,120,WARMUP_2015_NOT_SCORED
49512,49511,2015-11-10,2015,2015-11-10,1,120,WARMUP_2015_NOT_SCORED
49588,49587,2015-11-10,2015,2015-11-10,1,120,WARMUP_2015_NOT_SCORED
49690,49689,2015-11-11,2015,2015-11-11,1,120,WARMUP_2015_NOT_SCORED
49715,49714,2015-11-11,2015,2015-11-11,1,120,WARMUP_2015_NOT_SCORED
49761,49760,2015-11-11,2015,2015-11-11,1,120,WARMUP_2015_NOT_SCORED
49857,49856,2015-11-11,2015,2015-11-11,1,120,WARMUP_2015_NOT_SCORED
49915,49914,2015-11-11,2015,2015-11-11,1,120,WARMUP_2015_NOT_SCORED
49944,49943,2015-11-12,2015,2015-11-12,1,120,WARMUP_2015_NOT_SCORED
50163,50162,2015-11-13,2015,2015-11-13,1,120,WARMUP_2015_NOT_SCORED
50248,50247,2015-11-13,2015,2015-11-13,-1,120,WARMUP_2015_NOT_SCORED
50449,50448,2015-11-16,2015,2015-11-16,-1,120,WARMUP_2015_NOT_SCORED
50646,50645,2015-11-17,2015,2015-11-17,1,120,WARMUP_2015_NOT_SCORED
50673,50672,2015-11-17,2015,2015-11-17,1,120,WARMUP_2015_NOT_SCORED
51112,51111,2015-11-18,2015,2015-11-18,-1,120,WARMUP_2015_NOT_SCORED
51134,51133,2015-11-19,2015,2015-11-19,-1,120,WARMUP_2015_NOT_SCORED
51321,51320,2015-11-19,2015,2015-11-19,1,120,WARMUP_2015_NOT_SCORED
51426,51425,2015-11-20,2015,2015-11-20,1,120,WARMUP_2015_NOT_SCORED
51531,51530,2015-11-20,2015,2015-11-20,1,120,WARMUP_2015_NOT_SCORED
51556,51555,2015-11-20,2015,2015-11-20,1,120,WARMUP_2015_NOT_SCORED
51650,51649,2015-11-23,2015,2015-11-23,1,120,WARMUP_2015_NOT_SCORED
51748,51747,2015-11-23,2015,2015-11-23,1,120,WARMUP_2015_NOT_SCORED
51793,51792,2015-11-23,2015,2015-11-23,1,120,WARMUP_2015_NOT_SCORED
51816,51815,2015-11-23,2015,2015-11-23,-1,120,WARMUP_2015_NOT_SCORED
51846,51845,2015-11-24,2015,2015-11-24,-1,120,WARMUP_2015_NOT_SCORED
51912,51911,2015-11-24,2015,2015-11-24,-1,120,WARMUP_2015_NOT_SCORED
51971,51970,2015-11-24,2015,2015-11-24,-1,120,WARMUP_2015_NOT_SCORED
52126,52125,2015-11-25,2015,2015-11-25,1,120,WARMUP_2015_NOT_SCORED
52192,52191,2015-11-25,2015,2015-11-25,1,120,WARMUP_2015_NOT_SCORED
52289,52288,2015-11-25,2015,2015-11-25,1,120,WARMUP_2015_NOT_SCORED
52349,52348,2015-11-26,2015,2015-11-26,1,120,WARMUP_2015_NOT_SCORED
52511,52510,2015-11-26,2015,2015-11-26,1,120,WARMUP_2015_NOT_SCORED
52534,52533,2015-11-26,2015,2015-11-26,1,120,WARMUP_2015_NOT_SCORED
52606,52605,2015-11-27,2015,2015-11-27,-1,120,WARMUP_2015_NOT_SCORED
52701,52700,2015-11-27,2015,2015-11-27,-1,120,WARMUP_2015_NOT_SCORED
52717,52716,2015-11-27,2015,2015-11-27,-1,120,WARMUP_2015_NOT_SCORED
52747,52746,2015-11-27,2015,2015-11-27,-1,120,WARMUP_2015_NOT_SCORED
52763,52762,2015-11-27,2015,2015-11-27,-1,120,WARMUP_2015_NOT_SCORED
52804,52803,2015-11-30,2015,2015-11-30,-1,120,WARMUP_2015_NOT_SCORED
52893,52892,2015-11-30,2015,2015-11-30,-1,120,WARMUP_2015_NOT_SCORED
52904,52903,2015-11-30,2015,2015-11-30,-1,120,WARMUP_2015_NOT_SCORED
52931,52930,2015-11-30,2015,2015-11-30,-1,120,WARMUP_2015_NOT_SCORED
52955,52954,2015-11-30,2015,2015-11-30,-1,120,WARMUP_2015_NOT_SCORED
53015,53014,2015-11-30,2015,2015-11-30,1,120,WARMUP_2015_NOT_SCORED
53045,53044,2015-12-01,2015,2015-12-01,1,120,WARMUP_2015_NOT_SCORED
53054,53053,2015-12-01,2015,2015-12-01,1,120,WARMUP_2015_NOT_SCORED
53071,53070,2015-12-01,2015,2015-12-01,-1,120,WARMUP_2015_NOT_SCORED
53094,53093,2015-12-01,2015,2015-12-01,-1,120,WARMUP_2015_NOT_SCORED
53128,53127,2015-12-01,2015,2015-12-01,1,120,WARMUP_2015_NOT_SCORED
53236,53235,2015-12-01,2015,2015-12-01,1,120,WARMUP_2015_NOT_SCORED
53281,53280,2015-12-02,2015,2015-12-02,-1,120,WARMUP_2015_NOT_SCORED
53326,53325,2015-12-02,2015,2015-12-02,-1,120,WARMUP_2015_NOT_SCORED
53370,53369,2015-12-02,2015,2015-12-02,-1,120,WARMUP_2015_NOT_SCORED
53606,53605,2015-12-03,2015,2015-12-03,1,120,WARMUP_2015_NOT_SCORED
53723,53722,2015-12-03,2015,2015-12-03,1,120,WARMUP_2015_NOT_SCORED
53763,53762,2015-12-04,2015,2015-12-04,1,120,WARMUP_2015_NOT_SCORED
53788,53787,2015-12-04,2015,2015-12-04,1,120,WARMUP_2015_NOT_SCORED
53816,53815,2015-12-04,2015,2015-12-04,1,120,WARMUP_2015_NOT_SCORED
53879,53878,2015-12-04,2015,2015-12-04,1,120,WARMUP_2015_NOT_SCORED
54155,54154,2015-12-07,2015,2015-12-07,1,120,WARMUP_2015_NOT_SCORED
54244,54243,2015-12-08,2015,2015-12-08,1,120,WARMUP_2015_NOT_SCORED
54327,54326,2015-12-08,2015,2015-12-08,-1,120,WARMUP_2015_NOT_SCORED
54494,54493,2015-12-09,2015,2015-12-09,-1,120,WARMUP_2015_NOT_SCORED
54530,54529,2015-12-09,2015,2015-12-09,-1,120,WARMUP_2015_NOT_SCORED
54675,54674,2015-12-09,2015,2015-12-09,-1,120,WARMUP_2015_NOT_SCORED
54919,54918,2015-12-10,2015,2015-12-10,1,120,WARMUP_2015_NOT_SCORED
54943,54942,2015-12-10,2015,2015-12-10,1,120,WARMUP_2015_NOT_SCORED
55041,55040,2015-12-11,2015,2015-12-11,-1,120,WARMUP_2015_NOT_SCORED
55093,55092,2015-12-11,2015,2015-12-11,-1,120,WARMUP_2015_NOT_SCORED
55154,55153,2015-12-11,2015,2015-12-11,-1,120,WARMUP_2015_NOT_SCORED
55220,55219,2015-12-14,2015,2015-12-14,-1,120,WARMUP_2015_NOT_SCORED
55497,55496,2015-12-15,2015,2015-12-15,1,120,WARMUP_2015_NOT_SCORED
55636,55635,2015-12-15,2015,2015-12-15,1,120,WARMUP_2015_NOT_SCORED
55882,55881,2015-12-16,2015,2015-12-16,1,120,WARMUP_2015_NOT_SCORED
55995,55994,2015-12-17,2015,2015-12-17,1,120,WARMUP_2015_NOT_SCORED
56100,56099,2015-12-17,2015,2015-12-17,1,120,WARMUP_2015_NOT_SCORED
56138,56137,2015-12-17,2015,2015-12-17,1,120,WARMUP_2015_NOT_SCORED
56233,56232,2015-12-18,2015,2015-12-18,1,120,WARMUP_2015_NOT_SCORED
56761,56760,2015-12-22,2015,2015-12-22,1,120,WARMUP_2015_NOT_SCORED
56857,56856,2015-12-22,2015,2015-12-22,1,120,WARMUP_2015_NOT_SCORED
56935,56934,2015-12-23,2015,2015-12-23,1,120,WARMUP_2015_NOT_SCORED
57157,57156,2015-12-24,2015,2015-12-24,-1,120,WARMUP_2015_NOT_SCORED
57230,57229,2015-12-24,2015,2015-12-24,-1,120,WARMUP_2015_NOT_SCORED
57744,57743,2015-12-28,2015,2015-12-28,1,120,WARMUP_2015_NOT_SCORED
57758,57757,2015-12-28,2015,2015-12-28,1,120,WARMUP_2015_NOT_SCORED
57807,57806,2015-12-28,2015,2015-12-28,-1,120,WARMUP_2015_NOT_SCORED
57833,57832,2015-12-28,2015,2015-12-28,-1,120,WARMUP_2015_NOT_SCORED
57867,57866,2015-12-29,2015,2015-12-29,-1,120,WARMUP_2015_NOT_SCORED
57912,57911,2015-12-29,2015,2015-12-29,-1,120,WARMUP_2015_NOT_SCORED
58240,58239,2015-12-30,2015,2015-12-30,1,120,WARMUP_2015_NOT_SCORED
58374,58373,2015-12-31,2015,2015-12-31,1,120,WARMUP_2015_NOT_SCORED
58453,58452,2015-12-31,2015,2015-12-31,1,120,WARMUP_2015_NOT_SCORED
58513,58512,2015-12-31,2015,2015-12-31,-1,120,WARMUP_2015_NOT_SCORED
58593,58592,2016-01-04,2016,2016-01-04,-1,120,SCORED
58614,58613,2016-01-04,2016,2016-01-04,-1,120,SCORED
58713,58712,2016-01-05,2016,2016-01-05,-1,120,SCORED
58905,58904,2016-01-05,2016,2016-01-05,-1,120,SCORED
58931,58930,2016-01-05,2016,2016-01-05,1,120,SCORED
58964,58963,2016-01-06,2016,2016-01-06,1,120,SCORED
59016,59015,2016-01-06,2016,2016-01-06,1,120,SCORED
59125,59124,2016-01-06,2016,2016-01-06,1,120,SCORED
59173,59172,2016-01-06,2016,2016-01-06,1,120,SCORED
59187,59186,2016-01-07,2016,2016-01-07,1,120,SCORED
59204,59203,2016-01-08,2016,2016-01-08,-1,120,SCORED
59226,59225,2016-01-08,2016,2016-01-08,-1,120,SCORED
59237,59236,2016-01-08,2016,2016-01-08,1,120,SCORED
59270,59269,2016-01-08,2016,2016-01-08,1,120,SCORED
59338,59337,2016-01-08,2016,2016-01-08,1,120,SCORED
59378,59377,2016-01-08,2016,2016-01-08,1,120,SCORED
59447,59446,2016-01-11,2016,2016-01-11,-1,120,SCORED
59564,59563,2016-01-11,2016,2016-01-11,-1,120,SCORED
59588,59587,2016-01-11,2016,2016-01-11,-1,120,SCORED
59609,59608,2016-01-11,2016,2016-01-11,-1,120,SCORED
59659,59658,2016-01-11,2016,2016-01-11,-1,120,SCORED
59674,59673,2016-01-11,2016,2016-01-11,-1,120,SCORED
59697,59696,2016-01-12,2016,2016-01-12,-1,120,SCORED
59760,59759,2016-01-12,2016,2016-01-12,-1,120,SCORED
59865,59864,2016-01-12,2016,2016-01-12,1,120,SCORED
59996,59995,2016-01-13,2016,2016-01-13,1,120,SCORED
60065,60064,2016-01-13,2016,2016-01-13,-1,120,SCORED
60137,60136,2016-01-13,2016,2016-01-13,-1,120,SCORED
60156,60155,2016-01-13,2016,2016-01-13,-1,120,SCORED
60165,60164,2016-01-14,2016,2016-01-14,-1,120,SCORED
60331,60330,2016-01-14,2016,2016-01-14,1,120,SCORED
60371,60370,2016-01-14,2016,2016-01-14,1,120,SCORED
60404,60403,2016-01-15,2016,2016-01-15,1,120,SCORED
60449,60448,2016-01-15,2016,2016-01-15,1,120,SCORED
60536,60535,2016-01-15,2016,2016-01-15,-1,120,SCORED
60567,60566,2016-01-15,2016,2016-01-15,-1,120,SCORED
60612,60611,2016-01-15,2016,2016-01-15,-1,120,SCORED
60646,60645,2016-01-18,2016,2016-01-18,-1,120,SCORED
60667,60666,2016-01-18,2016,2016-01-18,1,120,SCORED
60718,60717,2016-01-18,2016,2016-01-18,1,120,SCORED
60743,60742,2016-01-18,2016,2016-01-18,-1,120,SCORED
60814,60813,2016-01-18,2016,2016-01-18,1,120,SCORED
60924,60923,2016-01-19,2016,2016-01-19,-1,120,SCORED
61057,61056,2016-01-19,2016,2016-01-19,1,120,SCORED
61095,61094,2016-01-19,2016,2016-01-19,1,120,SCORED
61124,61123,2016-01-20,2016,2016-01-20,1,120,SCORED
61189,61188,2016-01-20,2016,2016-01-20,1,120,SCORED
61271,61270,2016-01-20,2016,2016-01-20,-1,120,SCORED
61329,61328,2016-01-20,2016,2016-01-20,1,120,SCORED
61382,61381,2016-01-21,2016,2016-01-21,-1,120,SCORED
61534,61533,2016-01-21,2016,2016-01-21,-1,120,SCORED
61557,61556,2016-01-21,2016,2016-01-21,-1,120,SCORED
61582,61581,2016-01-21,2016,2016-01-21,-1,120,SCORED
61594,61593,2016-01-21,2016,2016-01-21,-1,120,SCORED
61603,61602,2016-01-22,2016,2016-01-22,-1,120,SCORED
61633,61632,2016-01-22,2016,2016-01-22,-1,120,SCORED
61657,61656,2016-01-22,2016,2016-01-22,-1,120,SCORED
61755,61754,2016-01-22,2016,2016-01-22,-1,120,SCORED
61816,61815,2016-01-22,2016,2016-01-22,1,120,SCORED
61861,61860,2016-01-25,2016,2016-01-25,1,120,SCORED
61907,61906,2016-01-25,2016,2016-01-25,1,120,SCORED
62008,62007,2016-01-25,2016,2016-01-25,1,120,SCORED
62114,62113,2016-01-26,2016,2016-01-26,-1,120,SCORED
62222,62221,2016-01-26,2016,2016-01-26,-1,120,SCORED
62238,62237,2016-01-26,2016,2016-01-26,-1,120,SCORED
62270,62269,2016-01-26,2016,2016-01-26,-1,120,SCORED
62296,62295,2016-01-26,2016,2016-01-26,-1,120,SCORED
62314,62313,2016-01-26,2016,2016-01-26,-1,120,SCORED
62337,62336,2016-01-27,2016,2016-01-27,-1,120,SCORED
62356,62355,2016-01-27,2016,2016-01-27,-1,120,SCORED
62372,62371,2016-01-27,2016,2016-01-27,-1,120,SCORED
62390,62389,2016-01-27,2016,2016-01-27,-1,120,SCORED
62432,62431,2016-01-27,2016,2016-01-27,-1,120,SCORED
62463,62462,2016-01-27,2016,2016-01-27,-1,120,SCORED
62507,62506,2016-01-27,2016,2016-01-27,1,120,SCORED
62537,62536,2016-01-27,2016,2016-01-27,1,120,SCORED
62804,62803,2016-01-29,2016,2016-01-29,-1,120,SCORED
62922,62921,2016-01-29,2016,2016-01-29,1,120,SCORED
62967,62966,2016-01-29,2016,2016-01-29,1,120,SCORED
62996,62995,2016-01-29,2016,2016-01-29,1,120,SCORED
63017,63016,2016-01-29,2016,2016-01-29,1,120,SCORED
63044,63043,2016-02-01,2016,2016-02-01,1,120,SCORED
63241,63240,2016-02-01,2016,2016-02-01,-1,120,SCORED
63484,63483,2016-02-02,2016,2016-02-02,1,120,SCORED
63900,63899,2016-02-04,2016,2016-02-04,1,120,SCORED
63992,63991,2016-02-04,2016,2016-02-04,-1,120,SCORED
64033,64032,2016-02-05,2016,2016-02-05,1,120,SCORED
64088,64087,2016-02-05,2016,2016-02-05,1,120,SCORED
64225,64224,2016-02-05,2016,2016-02-05,-1,120,SCORED
64257,64256,2016-02-15,2016,2016-02-15,-1,120,SCORED
64654,64653,2016-02-16,2016,2016-02-16,1,120,SCORED
64693,64692,2016-02-16,2016,2016-02-16,1,120,SCORED
64763,64762,2016-02-17,2016,2016-02-17,1,120,SCORED
64935,64934,2016-02-17,2016,2016-02-17,1,120,SCORED
64978,64977,2016-02-18,2016,2016-02-18,1,120,SCORED
65025,65024,2016-02-18,2016,2016-02-18,1,120,SCORED
65410,65409,2016-02-19,2016,2016-02-19,1,120,SCORED
65471,65470,2016-02-22,2016,2016-02-22,1,120,SCORED
65647,65646,2016-02-22,2016,2016-02-22,1,120,SCORED
65718,65717,2016-02-23,2016,2016-02-23,1,120,SCORED
65820,65819,2016-02-23,2016,2016-02-23,1,120,SCORED
65889,65888,2016-02-23,2016,2016-02-23,-1,120,SCORED
66178,66177,2016-02-25,2016,2016-02-25,1,120,SCORED
66229,66228,2016-02-25,2016,2016-02-25,1,120,SCORED
66309,66308,2016-02-25,2016,2016-02-25,-1,120,SCORED
66404,66403,2016-02-26,2016,2016-02-26,-1,120,SCORED
66436,66435,2016-02-26,2016,2016-02-26,-1,120,SCORED
66554,66553,2016-02-26,2016,2016-02-26,-1,120,SCORED
66620,66619,2016-02-26,2016,2016-02-26,1,120,SCORED
66665,66664,2016-02-29,2016,2016-02-29,-1,120,SCORED
66686,66685,2016-02-29,2016,2016-02-29,-1,120,SCORED
66775,66774,2016-02-29,2016,2016-02-29,1,120,SCORED
66825,66824,2016-02-29,2016,2016-02-29,-1,120,SCORED
66867,66866,2016-02-29,2016,2016-02-29,-1,120,SCORED
66902,66901,2016-03-01,2016,2016-03-01,1,120,SCORED
66943,66942,2016-03-01,2016,2016-03-01,1,120,SCORED
66978,66977,2016-03-01,2016,2016-03-01,1,120,SCORED
67125,67124,2016-03-02,2016,2016-03-02,1,120,SCORED
67157,67156,2016-03-02,2016,2016-03-02,1,120,SCORED
67197,67196,2016-03-02,2016,2016-03-02,1,120,SCORED
67322,67321,2016-03-02,2016,2016-03-02,1,120,SCORED
67387,67386,2016-03-03,2016,2016-03-03,1,120,SCORED
67415,67414,2016-03-03,2016,2016-03-03,1,120,SCORED
67458,67457,2016-03-03,2016,2016-03-03,1,120,SCORED
67576,67575,2016-03-03,2016,2016-03-03,-1,120,SCORED
67615,67614,2016-03-04,2016,2016-03-04,-1,120,SCORED
67664,67663,2016-03-04,2016,2016-03-04,-1,120,SCORED
67752,67751,2016-03-04,2016,2016-03-04,-1,120,SCORED
68102,68101,2016-03-08,2016,2016-03-08,-1,120,SCORED
68269,68268,2016-03-08,2016,2016-03-08,1,120,SCORED
68303,68302,2016-03-08,2016,2016-03-08,1,120,SCORED
68354,68353,2016-03-09,2016,2016-03-09,-1,120,SCORED
68635,68634,2016-03-10,2016,2016-03-10,-1,120,SCORED
68819,68818,2016-03-11,2016,2016-03-11,-1,120,SCORED
68981,68980,2016-03-11,2016,2016-03-11,1,120,SCORED
69046,69045,2016-03-14,2016,2016-03-14,1,120,SCORED
69203,69202,2016-03-14,2016,2016-03-14,1,120,SCORED
69284,69283,2016-03-15,2016,2016-03-15,1,120,SCORED
69907,69906,2016-03-17,2016,2016-03-17,1,120,SCORED
69984,69983,2016-03-17,2016,2016-03-17,1,120,SCORED
70081,70080,2016-03-18,2016,2016-03-18,1,120,SCORED
70159,70158,2016-03-18,2016,2016-03-18,1,120,SCORED
70296,70295,2016-03-21,2016,2016-03-21,1,120,SCORED
70382,70381,2016-03-21,2016,2016-03-21,1,120,SCORED
70485,70484,2016-03-22,2016,2016-03-22,1,120,SCORED
70573,70572,2016-03-22,2016,2016-03-22,1,120,SCORED
70689,70688,2016-03-22,2016,2016-03-22,1,120,SCORED
70795,70794,2016-03-23,2016,2016-03-23,-1,120,SCORED
70833,70832,2016-03-23,2016,2016-03-23,-1,120,SCORED
70860,70859,2016-03-23,2016,2016-03-23,1,120,SCORED
70928,70927,2016-03-23,2016,2016-03-23,-1,120,SCORED
70972,70971,2016-03-24,2016,2016-03-24,1,120,SCORED
71031,71030,2016-03-24,2016,2016-03-24,-1,120,SCORED
71161,71160,2016-03-24,2016,2016-03-24,1,120,SCORED
71190,71189,2016-03-24,2016,2016-03-24,1,120,SCORED
71216,71215,2016-03-25,2016,2016-03-25,-1,120,SCORED
71242,71241,2016-03-25,2016,2016-03-25,-1,120,SCORED
71353,71352,2016-03-25,2016,2016-03-25,-1,120,SCORED
71413,71412,2016-03-25,2016,2016-03-25,-1,120,SCORED
71485,71484,2016-03-28,2016,2016-03-28,1,120,SCORED
71623,71622,2016-03-28,2016,2016-03-28,-1,120,SCORED
71649,71648,2016-03-28,2016,2016-03-28,-1,120,SCORED
71670,71669,2016-03-28,2016,2016-03-28,-1,120,SCORED
71734,71733,2016-03-29,2016,2016-03-29,-1,120,SCORED
71845,71844,2016-03-29,2016,2016-03-29,-1,120,SCORED
71987,71986,2016-03-30,2016,2016-03-30,1,120,SCORED
72186,72185,2016-03-31,2016,2016-03-31,1,120,SCORED
72257,72256,2016-03-31,2016,2016-03-31,1,120,SCORED
72343,72342,2016-03-31,2016,2016-03-31,1,120,SCORED
72361,72360,2016-03-31,2016,2016-03-31,1,120,SCORED
72385,72384,2016-03-31,2016,2016-03-31,-1,120,SCORED
72415,72414,2016-04-01,2016,2016-04-01,-1,120,SCORED
72439,72438,2016-04-01,2016,2016-04-01,-1,120,SCORED
72462,72461,2016-04-01,2016,2016-04-01,-1,120,SCORED
72494,72493,2016-04-01,2016,2016-04-01,-1,120,SCORED
72557,72556,2016-04-01,2016,2016-04-01,-1,120,SCORED
72727,72726,2016-04-05,2016,2016-04-05,1,120,SCORED
72841,72840,2016-04-05,2016,2016-04-05,1,120,SCORED
72875,72874,2016-04-05,2016,2016-04-05,1,120,SCORED
72903,72902,2016-04-06,2016,2016-04-06,1,120,SCORED
72945,72944,2016-04-06,2016,2016-04-06,1,120,SCORED
73129,73128,2016-04-07,2016,2016-04-07,-1,120,SCORED
73157,73156,2016-04-07,2016,2016-04-07,1,120,SCORED
73200,73199,2016-04-07,2016,2016-04-07,1,120,SCORED
73219,73218,2016-04-07,2016,2016-04-07,1,120,SCORED
73269,73268,2016-04-07,2016,2016-04-07,-1,120,SCORED
73390,73389,2016-04-08,2016,2016-04-08,-1,120,SCORED
73523,73522,2016-04-08,2016,2016-04-08,-1,120,SCORED
73566,73565,2016-04-08,2016,2016-04-08,1,120,SCORED
73824,73823,2016-04-11,2016,2016-04-11,1,120,SCORED
74322,74321,2016-04-14,2016,2016-04-14,1,120,SCORED
74613,74612,2016-04-15,2016,2016-04-15,1,120,SCORED
74782,74781,2016-04-15,2016,2016-04-15,1,120,SCORED
75036,75035,2016-04-18,2016,2016-04-18,-1,120,SCORED
75419,75418,2016-04-20,2016,2016-04-20,-1,120,SCORED
75787,75786,2016-04-22,2016,2016-04-22,-1,120,SCORED
76093,76092,2016-04-25,2016,2016-04-25,-1,120,SCORED
76167,76166,2016-04-25,2016,2016-04-25,-1,120,SCORED
76343,76342,2016-04-26,2016,2016-04-26,1,120,SCORED
76513,76512,2016-04-27,2016,2016-04-27,1,120,SCORED
76633,76632,2016-04-27,2016,2016-04-27,1,120,SCORED
76836,76835,2016-04-28,2016,2016-04-28,1,120,SCORED
76899,76898,2016-04-28,2016,2016-04-28,-1,120,SCORED
77561,77560,2016-05-04,2016,2016-05-04,1,120,SCORED
77697,77696,2016-05-05,2016,2016-05-05,1,120,SCORED
77802,77801,2016-05-05,2016,2016-05-05,1,120,SCORED
77869,77868,2016-05-05,2016,2016-05-05,-1,120,SCORED
77949,77948,2016-05-06,2016,2016-05-06,-1,120,SCORED
78067,78066,2016-05-06,2016,2016-05-06,-1,120,SCORED
78126,78125,2016-05-06,2016,2016-05-06,-1,120,SCORED
78187,78186,2016-05-09,2016,2016-05-09,-1,120,SCORED
78253,78252,2016-05-09,2016,2016-05-09,-1,120,SCORED
78342,78341,2016-05-09,2016,2016-05-09,-1,120,SCORED
78410,78409,2016-05-10,2016,2016-05-10,-1,120,SCORED
78502,78501,2016-05-10,2016,2016-05-10,-1,120,SCORED
78774,78773,2016-05-11,2016,2016-05-11,-1,120,SCORED
78909,78908,2016-05-12,2016,2016-05-12,-1,120,SCORED
79666,79665,2016-05-17,2016,2016-05-17,1,120,SCORED
80015,80014,2016-05-18,2016,2016-05-18,-1,120,SCORED
80106,80105,2016-05-19,2016,2016-05-19,-1,120,SCORED
80287,80286,2016-05-19,2016,2016-05-19,1,120,SCORED
80691,80690,2016-05-23,2016,2016-05-23,1,120,SCORED
80866,80865,2016-05-24,2016,2016-05-24,1,120,SCORED
81235,81234,2016-05-25,2016,2016-05-25,1,120,SCORED
81330,81329,2016-05-26,2016,2016-05-26,-1,120,SCORED
81505,81504,2016-05-26,2016,2016-05-26,-1,120,SCORED
81522,81521,2016-05-27,2016,2016-05-27,-1,120,SCORED
81561,81560,2016-05-27,2016,2016-05-27,-1,120,SCORED
81605,81604,2016-05-27,2016,2016-05-27,-1,120,SCORED
81667,81666,2016-05-27,2016,2016-05-27,1,120,SCORED
81869,81868,2016-05-30,2016,2016-05-30,-1,120,SCORED
82108,82107,2016-05-31,2016,2016-05-31,1,120,SCORED
82257,82256,2016-06-01,2016,2016-06-01,1,120,SCORED
82289,82288,2016-06-01,2016,2016-06-01,1,120,SCORED
82409,82408,2016-06-01,2016,2016-06-01,1,120,SCORED
82612,82611,2016-06-02,2016,2016-06-02,1,120,SCORED
82699,82698,2016-06-02,2016,2016-06-02,1,120,SCORED
82759,82758,2016-06-03,2016,2016-06-03,1,120,SCORED
82944,82943,2016-06-03,2016,2016-06-03,1,120,SCORED
83132,83131,2016-06-06,2016,2016-06-06,1,120,SCORED
83796,83795,2016-06-13,2016,2016-06-13,-1,120,SCORED
83889,83888,2016-06-13,2016,2016-06-13,-1,120,SCORED
83905,83904,2016-06-13,2016,2016-06-13,-1,120,SCORED
83930,83929,2016-06-14,2016,2016-06-14,-1,120,SCORED
83964,83963,2016-06-14,2016,2016-06-14,-1,120,SCORED
84085,84084,2016-06-14,2016,2016-06-14,-1,120,SCORED
84398,84397,2016-06-15,2016,2016-06-15,1,120,SCORED
84474,84473,2016-06-16,2016,2016-06-16,1,120,SCORED
84588,84587,2016-06-16,2016,2016-06-16,1,120,SCORED
84740,84739,2016-06-17,2016,2016-06-17,1,120,SCORED
85290,85289,2016-06-21,2016,2016-06-21,1,120,SCORED
85371,85370,2016-06-22,2016,2016-06-22,-1,120,SCORED
85641,85640,2016-06-23,2016,2016-06-23,1,120,SCORED
85728,85727,2016-06-23,2016,2016-06-23,1,120,SCORED
85996,85995,2016-06-24,2016,2016-06-24,-1,120,SCORED
86054,86053,2016-06-24,2016,2016-06-24,1,120,SCORED
86373,86372,2016-06-28,2016,2016-06-28,1,120,SCORED
86509,86508,2016-06-28,2016,2016-06-28,1,120,SCORED
86591,86590,2016-06-29,2016,2016-06-29,1,120,SCORED
87638,87637,2016-07-05,2016,2016-07-05,1,120,SCORED
87758,87757,2016-07-05,2016,2016-07-05,1,120,SCORED
87976,87975,2016-07-06,2016,2016-07-06,1,120,SCORED
88061,88060,2016-07-07,2016,2016-07-07,1,120,SCORED
88273,88272,2016-07-08,2016,2016-07-08,1,120,SCORED
88482,88481,2016-07-11,2016,2016-07-11,1,120,SCORED
88976,88975,2016-07-13,2016,2016-07-13,-1,120,SCORED
89190,89189,2016-07-13,2016,2016-07-13,1,120,SCORED
89413,89412,2016-07-14,2016,2016-07-14,1,120,SCORED
89560,89559,2016-07-15,2016,2016-07-15,1,120,SCORED
89617,89616,2016-07-15,2016,2016-07-15,1,120,SCORED
89887,89886,2016-07-18,2016,2016-07-18,-1,120,SCORED
90711,90710,2016-07-22,2016,2016-07-22,1,120,SCORED
90797,90796,2016-07-22,2016,2016-07-22,1,120,SCORED
91025,91024,2016-07-25,2016,2016-07-25,-1,120,SCORED
91514,91513,2016-07-27,2016,2016-07-27,-1,120,SCORED
91765,91764,2016-07-28,2016,2016-07-28,-1,120,SCORED
92122,92121,2016-08-01,2016,2016-08-01,-1,120,SCORED
92158,92157,2016-08-01,2016,2016-08-01,-1,120,SCORED
93256,93255,2016-08-05,2016,2016-08-05,1,120,SCORED
93745,93744,2016-08-09,2016,2016-08-09,1,120,SCORED
93818,93817,2016-08-10,2016,2016-08-10,1,120,SCORED
93976,93975,2016-08-10,2016,2016-08-10,1,120,SCORED
95449,95448,2016-08-19,2016,2016-08-19,1,120,SCORED
95826,95825,2016-08-22,2016,2016-08-22,1,120,SCORED
96091,96090,2016-08-23,2016,2016-08-23,-1,120,SCORED
96237,96236,2016-08-24,2016,2016-08-24,-1,120,SCORED
96470,96469,2016-08-25,2016,2016-08-25,-1,120,SCORED
96919,96918,2016-08-29,2016,2016-08-29,1,120,SCORED
97432,97431,2016-08-31,2016,2016-08-31,1,120,SCORED
97551,97550,2016-08-31,2016,2016-08-31,-1,120,SCORED
97866,97865,2016-09-02,2016,2016-09-02,-1,120,SCORED
98196,98195,2016-09-05,2016,2016-09-05,-1,120,SCORED
98820,98819,2016-09-08,2016,2016-09-08,1,120,SCORED
99343,99342,2016-09-12,2016,2016-09-12,-1,120,SCORED
99452,99451,2016-09-12,2016,2016-09-12,-1,120,SCORED
99497,99496,2016-09-12,2016,2016-09-12,-1,120,SCORED
99531,99530,2016-09-13,2016,2016-09-13,-1,120,SCORED
99877,99876,2016-09-14,2016,2016-09-14,-1,120,SCORED
100362,100361,2016-09-20,2016,2016-09-20,1,120,SCORED
101280,101279,2016-09-26,2016,2016-09-26,1,120,SCORED
101780,101779,2016-09-28,2016,2016-09-28,-1,120,SCORED
103518,103517,2016-10-14,2016,2016-10-14,1,120,SCORED
104322,104321,2016-10-20,2016,2016-10-20,1,120,SCORED
104821,104820,2016-10-24,2016,2016-10-24,-1,120,SCORED
105419,105418,2016-10-26,2016,2016-10-26,1,120,SCORED
106082,106081,2016-10-31,2016,2016-10-31,1,120,SCORED
106572,106571,2016-11-02,2016,2016-11-02,-1,120,SCORED
106968,106967,2016-11-04,2016,2016-11-04,1,120,SCORED
107902,107901,2016-11-09,2016,2016-11-09,-1,120,SCORED
108619,108618,2016-11-14,2016,2016-11-14,1,120,SCORED
108827,108826,2016-11-15,2016,2016-11-15,1,120,SCORED
109272,109271,2016-11-17,2016,2016-11-17,1,120,SCORED
110234,110233,2016-11-23,2016,2016-11-23,1,120,SCORED
110823,110822,2016-11-28,2016,2016-11-28,-1,120,SCORED
112103,112102,2016-12-05,2016,2016-12-05,-1,120,SCORED
113489,113488,2016-12-13,2016,2016-12-13,-1,120,SCORED
113768,113767,2016-12-14,2016,2016-12-14,1,120,SCORED
113924,113923,2016-12-15,2016,2016-12-15,1,120,SCORED
114134,114133,2016-12-15,2016,2016-12-15,1,120,SCORED
114340,114339,2016-12-16,2016,2016-12-16,1,120,SCORED
114424,114423,2016-12-19,2016,2016-12-19,1,120,SCORED
115117,115116,2016-12-21,2016,2016-12-21,1,120,SCORED
115281,115280,2016-12-22,2016,2016-12-22,1,120,SCORED
115579,115578,2016-12-23,2016,2016-12-23,1,120,SCORED
115696,115695,2016-12-26,2016,2016-12-26,1,120,SCORED
115890,115889,2016-12-27,2016,2016-12-27,-1,120,SCORED
117833,117832,2017-01-09,2017,2017-01-09,1,120,SCORED
118726,118725,2017-01-13,2017,2017-01-13,-1,120,SCORED
118859,118858,2017-01-13,2017,2017-01-13,-1,120,SCORED
119018,119017,2017-01-16,2017,2017-01-16,-1,120,SCORED
119144,119143,2017-01-16,2017,2017-01-16,-1,120,SCORED
119202,119201,2017-01-17,2017,2017-01-17,-1,120,SCORED
120559,120558,2017-01-24,2017,2017-01-24,1,120,SCORED
121268,121267,2017-02-03,2017,2017-02-03,1,120,SCORED
121785,121784,2017-02-07,2017,2017-02-07,1,120,SCORED
122467,122466,2017-02-10,2017,2017-02-10,1,120,SCORED
123013,123012,2017-02-14,2017,2017-02-14,1,120,SCORED
123157,123156,2017-02-15,2017,2017-02-15,1,120,SCORED
125219,125218,2017-02-28,2017,2017-02-28,1,120,SCORED
125800,125799,2017-03-02,2017,2017-03-02,1,120,SCORED
127022,127021,2017-03-09,2017,2017-03-09,1,120,SCORED
128613,128612,2017-03-20,2017,2017-03-20,1,120,SCORED
129551,129550,2017-03-24,2017,2017-03-24,-1,120,SCORED
130438,130437,2017-03-29,2017,2017-03-29,-1,120,SCORED
130670,130669,2017-03-30,2017,2017-03-30,-1,120,SCORED
131929,131928,2017-04-11,2017,2017-04-11,1,120,SCORED
132960,132959,2017-04-17,2017,2017-04-17,-1,120,SCORED
133096,133095,2017-04-17,2017,2017-04-17,-1,120,SCORED
133165,133164,2017-04-18,2017,2017-04-18,-1,120,SCORED
133459,133458,2017-04-19,2017,2017-04-19,-1,120,SCORED
133511,133510,2017-04-19,2017,2017-04-19,-1,120,SCORED
133646,133645,2017-04-20,2017,2017-04-20,-1,120,SCORED
133912,133911,2017-04-21,2017,2017-04-21,-1,120,SCORED
134167,134166,2017-04-24,2017,2017-04-24,-1,120,SCORED
134303,134302,2017-04-24,2017,2017-04-24,-1,120,SCORED
134335,134334,2017-04-25,2017,2017-04-25,-1,120,SCORED
134476,134475,2017-04-25,2017,2017-04-25,-1,120,SCORED
134862,134861,2017-04-27,2017,2017-04-27,-1,120,SCORED
135736,135735,2017-05-03,2017,2017-05-03,1,120,SCORED
136043,136042,2017-05-05,2017,2017-05-05,1,120,SCORED
136309,136308,2017-05-08,2017,2017-05-08,-1,120,SCORED
136445,136444,2017-05-08,2017,2017-05-08,-1,120,SCORED
136493,136492,2017-05-09,2017,2017-05-09,-1,120,SCORED
136544,136543,2017-05-09,2017,2017-05-09,-1,120,SCORED
136630,136629,2017-05-09,2017,2017-05-09,-1,120,SCORED
137003,137002,2017-05-11,2017,2017-05-11,-1,120,SCORED
137070,137069,2017-05-11,2017,2017-05-11,-1,120,SCORED
137202,137201,2017-05-12,2017,2017-05-12,-1,120,SCORED
137608,137607,2017-05-15,2017,2017-05-15,1,120,SCORED
137737,137736,2017-05-16,2017,2017-05-16,1,120,SCORED
138165,138164,2017-05-18,2017,2017-05-18,1,120,SCORED
138936,138935,2017-05-23,2017,2017-05-23,-1,120,SCORED
139047,139046,2017-05-23,2017,2017-05-23,-1,120,SCORED
139200,139199,2017-05-24,2017,2017-05-24,-1,120,SCORED
140366,140365,2017-06-02,2017,2017-06-02,-1,120,SCORED
141619,141618,2017-06-09,2017,2017-06-09,1,120,SCORED
143481,143480,2017-06-21,2017,2017-06-21,1,120,SCORED
144795,144794,2017-06-28,2017,2017-06-28,-1,120,SCORED
145850,145849,2017-07-05,2017,2017-07-05,1,120,SCORED
146229,146228,2017-07-06,2017,2017-07-06,1,120,SCORED
146701,146700,2017-07-10,2017,2017-07-10,1,120,SCORED
146975,146974,2017-07-11,2017,2017-07-11,1,120,SCORED
147225,147224,2017-07-12,2017,2017-07-12,-1,120,SCORED
147809,147808,2017-07-17,2017,2017-07-17,-1,120,SCORED
148027,148026,2017-07-18,2017,2017-07-18,-1,120,SCORED
148119,148118,2017-07-18,2017,2017-07-18,-1,120,SCORED
149322,149321,2017-07-25,2017,2017-07-25,1,120,SCORED
150061,150060,2017-07-28,2017,2017-07-28,1,120,SCORED
150223,150222,2017-07-31,2017,2017-07-31,1,120,SCORED
150485,150484,2017-08-01,2017,2017-08-01,1,120,SCORED
151841,151840,2017-08-08,2017,2017-08-09,1,120,SCORED
151992,151991,2017-08-09,2017,2017-08-09,1,120,SCORED
152216,152215,2017-08-10,2017,2017-08-10,1,120,SCORED
152398,152397,2017-08-11,2017,2017-08-11,-1,120,SCORED
152522,152521,2017-08-11,2017,2017-08-11,-1,120,SCORED
153538,153537,2017-08-18,2017,2017-08-18,1,120,SCORED
154112,154111,2017-08-22,2017,2017-08-22,1,120,SCORED
155168,155167,2017-08-28,2017,2017-08-28,-1,120,SCORED
157137,157136,2017-09-08,2017,2017-09-08,1,120,SCORED
157983,157982,2017-09-13,2017,2017-09-13,1,120,SCORED
159724,159723,2017-09-22,2017,2017-09-22,-1,120,SCORED
160168,160167,2017-09-26,2017,2017-09-26,-1,120,SCORED
160693,160692,2017-09-28,2017,2017-09-28,-1,120,SCORED
161895,161894,2017-10-12,2017,2017-10-12,1,120,SCORED
163077,163076,2017-10-19,2017,2017-10-19,-1,120,SCORED
164710,164709,2017-10-30,2017,2017-10-30,-1,120,SCORED
165787,165786,2017-11-06,2017,2017-11-06,-1,120,SCORED
166983,166982,2017-11-13,2017,2017-11-13,-1,120,SCORED
167229,167228,2017-11-14,2017,2017-11-14,-1,120,SCORED
167417,167416,2017-11-14,2017,2017-11-14,1,120,SCORED
168260,168259,2017-11-20,2017,2017-11-20,-1,120,SCORED
169526,169525,2017-11-27,2017,2017-11-27,-1,120,SCORED
169650,169649,2017-11-28,2017,2017-11-28,-1,120,SCORED
169958,169957,2017-11-29,2017,2017-11-29,1,120,SCORED
170110,170109,2017-11-30,2017,2017-11-30,1,120,SCORED
170337,170336,2017-12-01,2017,2017-12-01,1,120,SCORED
170606,170605,2017-12-04,2017,2017-12-04,1,120,SCORED
171083,171082,2017-12-06,2017,2017-12-06,-1,120,SCORED
172296,172295,2017-12-13,2017,2017-12-13,1,120,SCORED
173922,173921,2017-12-22,2017,2017-12-22,-1,120,SCORED
174448,174447,2017-12-26,2017,2017-12-26,-1,120,SCORED
174824,174823,2017-12-27,2017,2017-12-27,-1,120,SCORED
176400,176399,2018-01-08,2018,2018-01-08,1,120,SCORED
177932,177931,2018-01-16,2018,2018-01-16,-1,120,SCORED
178058,178057,2018-01-17,2018,2018-01-17,-1,120,SCORED
178357,178356,2018-01-18,2018,2018-01-18,-1,120,SCORED
179733,179732,2018-01-26,2018,2018-01-26,1,120,SCORED
180068,180067,2018-01-29,2018,2018-01-29,1,120,SCORED
180539,180538,2018-01-31,2018,2018-01-31,-1,120,SCORED
180660,180659,2018-02-01,2018,2018-02-01,-1,120,SCORED
180817,180816,2018-02-01,2018,2018-02-01,-1,120,SCORED
180985,180984,2018-02-02,2018,2018-02-02,-1,120,SCORED
181518,181517,2018-02-06,2018,2018-02-06,-1,120,SCORED
181604,181603,2018-02-07,2018,2018-02-07,-1,120,SCORED
181713,181712,2018-02-07,2018,2018-02-07,-1,120,SCORED
182221,182220,2018-02-09,2018,2018-02-09,-1,120,SCORED
182865,182864,2018-02-14,2018,2018-02-14,1,120,SCORED
183456,183455,2018-02-23,2018,2018-02-23,1,120,SCORED
183576,183575,2018-02-26,2018,2018-02-26,1,120,SCORED
183951,183950,2018-02-27,2018,2018-02-27,1,120,SCORED
184184,184183,2018-02-28,2018,2018-02-28,1,120,SCORED
184450,184449,2018-03-01,2018,2018-03-01,1,120,SCORED
184487,184486,2018-03-02,2018,2018-03-02,1,120,SCORED
184531,184530,2018-03-02,2018,2018-03-02,1,120,SCORED
184639,184638,2018-03-02,2018,2018-03-02,1,120,SCORED
185452,185451,2018-03-08,2018,2018-03-08,1,120,SCORED
186088,186087,2018-03-12,2018,2018-03-12,1,120,SCORED
186212,186211,2018-03-13,2018,2018-03-13,1,120,SCORED
186413,186412,2018-03-14,2018,2018-03-14,1,120,SCORED
187698,187697,2018-03-21,2018,2018-03-21,-1,120,SCORED
187788,187787,2018-03-21,2018,2018-03-21,-1,120,SCORED
187847,187846,2018-03-22,2018,2018-03-22,1,120,SCORED
187932,187931,2018-03-22,2018,2018-03-22,1,120,SCORED
188035,188034,2018-03-22,2018,2018-03-22,-1,120,SCORED
188147,188146,2018-03-23,2018,2018-03-23,-1,120,SCORED
188242,188241,2018-03-23,2018,2018-03-23,-1,120,SCORED
188461,188460,2018-03-26,2018,2018-03-26,1,120,SCORED
188778,188777,2018-03-27,2018,2018-03-27,1,120,SCORED
189572,189571,2018-04-02,2018,2018-04-02,1,120,SCORED
189766,189765,2018-04-03,2018,2018-04-03,1,120,SCORED
190412,190411,2018-04-09,2018,2018-04-09,-1,120,SCORED
191694,191693,2018-04-17,2018,2018-04-17,-1,120,SCORED
191858,191857,2018-04-17,2018,2018-04-17,-1,120,SCORED
191925,191924,2018-04-18,2018,2018-04-18,-1,120,SCORED
191976,191975,2018-04-18,2018,2018-04-18,-1,120,SCORED
192439,192438,2018-04-20,2018,2018-04-20,1,120,SCORED
192893,192892,2018-04-24,2018,2018-04-24,-1,120,SCORED
193472,193471,2018-04-26,2018,2018-04-26,1,120,SCORED
194322,194321,2018-05-04,2018,2018-05-04,-1,120,SCORED
194413,194412,2018-05-04,2018,2018-05-04,-1,120,SCORED
194518,194517,2018-05-04,2018,2018-05-04,-1,120,SCORED
195681,195680,2018-05-11,2018,2018-05-11,1,120,SCORED
197772,197771,2018-05-24,2018,2018-05-24,1,120,SCORED
198024,198023,2018-05-25,2018,2018-05-25,1,120,SCORED
198337,198336,2018-05-28,2018,2018-05-28,-1,120,SCORED
198617,198616,2018-05-29,2018,2018-05-29,-1,120,SCORED
198686,198685,2018-05-30,2018,2018-05-30,-1,120,SCORED
198839,198838,2018-05-30,2018,2018-05-30,-1,120,SCORED
198908,198907,2018-05-31,2018,2018-05-31,-1,120,SCORED
199323,199322,2018-06-01,2018,2018-06-01,1,120,SCORED
199351,199350,2018-06-01,2018,2018-06-01,1,120,SCORED
199368,199367,2018-06-04,2018,2018-06-04,-1,120,SCORED
199583,199582,2018-06-04,2018,2018-06-04,-1,120,SCORED
200258,200257,2018-06-07,2018,2018-06-07,1,120,SCORED
200562,200561,2018-06-11,2018,2018-06-11,-1,120,SCORED
200816,200815,2018-06-12,2018,2018-06-12,-1,120,SCORED
201042,201041,2018-06-13,2018,2018-06-13,-1,120,SCORED
201337,201336,2018-06-14,2018,2018-06-14,-1,120,SCORED
201534,201533,2018-06-15,2018,2018-06-15,-1,120,SCORED
201580,201579,2018-06-15,2018,2018-06-15,-1,120,SCORED
201621,201620,2018-06-15,2018,2018-06-15,-1,120,SCORED
201704,201703,2018-06-15,2018,2018-06-15,-1,120,SCORED
201784,201783,2018-06-19,2018,2018-06-19,-1,120,SCORED
201879,201878,2018-06-19,2018,2018-06-19,-1,120,SCORED
202002,202001,2018-06-20,2018,2018-06-20,-1,120,SCORED
202114,202113,2018-06-20,2018,2018-06-20,1,120,SCORED
202377,202376,2018-06-21,2018,2018-06-21,1,120,SCORED
202537,202536,2018-06-22,2018,2018-06-22,-1,120,SCORED
204151,204150,2018-07-02,2018,2018-07-02,1,120,SCORED
204696,204695,2018-07-05,2018,2018-07-05,1,120,SCORED
204724,204723,2018-07-05,2018,2018-07-05,-1,120,SCORED
204793,204792,2018-07-05,2018,2018-07-05,-1,120,SCORED
204824,204823,2018-07-05,2018,2018-07-05,-1,120,SCORED
204848,204847,2018-07-05,2018,2018-07-05,-1,120,SCORED
204903,204902,2018-07-06,2018,2018-07-06,-1,120,SCORED
204939,204938,2018-07-06,2018,2018-07-06,-1,120,SCORED
205021,205020,2018-07-06,2018,2018-07-06,-1,120,SCORED
205122,205121,2018-07-09,2018,2018-07-09,1,120,SCORED
205483,205482,2018-07-10,2018,2018-07-10,1,120,SCORED
205679,205678,2018-07-11,2018,2018-07-11,-1,120,SCORED
206641,206640,2018-07-17,2018,2018-07-17,1,120,SCORED
206854,206853,2018-07-18,2018,2018-07-18,1,120,SCORED
207052,207051,2018-07-19,2018,2018-07-19,1,120,SCORED
207111,207110,2018-07-19,2018,2018-07-19,1,120,SCORED
207375,207374,2018-07-20,2018,2018-07-20,-1,120,SCORED
208100,208099,2018-07-25,2018,2018-07-25,1,120,SCORED
209503,209502,2018-08-02,2018,2018-08-02,-1,120,SCORED
209547,209546,2018-08-02,2018,2018-08-02,-1,120,SCORED
209599,209598,2018-08-02,2018,2018-08-02,-1,120,SCORED
209970,209969,2018-08-06,2018,2018-08-06,-1,120,SCORED
210083,210082,2018-08-06,2018,2018-08-06,-1,120,SCORED
210178,210177,2018-08-07,2018,2018-08-07,-1,120,SCORED
210604,210603,2018-08-08,2018,2018-08-08,1,120,SCORED
210888,210887,2018-08-10,2018,2018-08-10,1,120,SCORED
211057,211056,2018-08-10,2018,2018-08-10,1,120,SCORED
211415,211414,2018-08-14,2018,2018-08-14,1,120,SCORED
211535,211534,2018-08-14,2018,2018-08-14,1,120,SCORED
211890,211889,2018-08-16,2018,2018-08-16,-1,120,SCORED
212277,212276,2018-08-17,2018,2018-08-17,-1,120,SCORED
212339,212338,2018-08-20,2018,2018-08-20,-1,120,SCORED
212465,212464,2018-08-20,2018,2018-08-20,-1,120,SCORED
212836,212835,2018-08-22,2018,2018-08-22,1,120,SCORED
213874,213873,2018-08-28,2018,2018-08-28,1,120,SCORED
214647,214646,2018-08-31,2018,2018-08-31,-1,120,SCORED
214831,214830,2018-09-03,2018,2018-09-03,-1,120,SCORED
214993,214992,2018-09-04,2018,2018-09-04,-1,120,SCORED
215216,215215,2018-09-05,2018,2018-09-05,1,120,SCORED
215460,215459,2018-09-06,2018,2018-09-06,-1,120,SCORED
215667,215666,2018-09-06,2018,2018-09-06,-1,120,SCORED
215748,215747,2018-09-07,2018,2018-09-07,-1,120,SCORED
215807,215806,2018-09-07,2018,2018-09-07,1,120,SCORED
215925,215924,2018-09-10,2018,2018-09-10,-1,120,SCORED
215962,215961,2018-09-10,2018,2018-09-10,-1,120,SCORED
216036,216035,2018-09-10,2018,2018-09-10,-1,120,SCORED
216187,216186,2018-09-11,2018,2018-09-11,-1,120,SCORED
216295,216294,2018-09-11,2018,2018-09-11,-1,120,SCORED
217151,217150,2018-09-17,2018,2018-09-17,-1,120,SCORED
217204,217203,2018-09-17,2018,2018-09-17,-1,120,SCORED
217353,217352,2018-09-17,2018,2018-09-17,-1,120,SCORED
217860,217859,2018-09-20,2018,2018-09-20,1,120,SCORED
218331,218330,2018-09-25,2018,2018-09-25,1,120,SCORED
218868,218867,2018-09-27,2018,2018-09-27,1,120,SCORED
219003,219002,2018-09-27,2018,2018-09-27,1,120,SCORED
219310,219309,2018-10-08,2018,2018-10-08,-1,120,SCORED
219536,219535,2018-10-09,2018,2018-10-09,-1,120,SCORED
219680,219679,2018-10-09,2018,2018-10-09,-1,120,SCORED
219771,219770,2018-10-10,2018,2018-10-10,-1,120,SCORED
219809,219808,2018-10-10,2018,2018-10-10,-1,120,SCORED
219858,219857,2018-10-10,2018,2018-10-10,1,120,SCORED
220030,220029,2018-10-11,2018,2018-10-11,-1,120,SCORED
220066,220065,2018-10-11,2018,2018-10-11,-1,120,SCORED
220177,220176,2018-10-11,2018,2018-10-11,-1,120,SCORED
220259,220258,2018-10-12,2018,2018-10-12,-1,120,SCORED
220300,220299,2018-10-12,2018,2018-10-12,-1,120,SCORED
220398,220397,2018-10-12,2018,2018-10-12,-1,120,SCORED
220482,220481,2018-10-15,2018,2018-10-15,1,120,SCORED
220509,220508,2018-10-15,2018,2018-10-15,1,120,SCORED
220633,220632,2018-10-15,2018,2018-10-15,1,120,SCORED
220768,220767,2018-10-16,2018,2018-10-16,-1,120,SCORED
220839,220838,2018-10-16,2018,2018-10-16,-1,120,SCORED
220878,220877,2018-10-16,2018,2018-10-16,-1,120,SCORED
220933,220932,2018-10-16,2018,2018-10-16,-1,120,SCORED
220964,220963,2018-10-17,2018,2018-10-17,-1,120,SCORED
221138,221137,2018-10-17,2018,2018-10-17,-1,120,SCORED
221243,221242,2018-10-18,2018,2018-10-18,-1,120,SCORED
221457,221456,2018-10-19,2018,2018-10-19,-1,120,SCORED
221660,221659,2018-10-19,2018,2018-10-19,1,120,SCORED
221749,221748,2018-10-22,2018,2018-10-22,1,120,SCORED
221918,221917,2018-10-22,2018,2018-10-22,1,120,SCORED
223123,223122,2018-10-30,2018,2018-10-30,-1,120,SCORED
223234,223233,2018-10-30,2018,2018-10-30,-1,120,SCORED
223292,223291,2018-10-30,2018,2018-10-30,-1,120,SCORED
223704,223703,2018-11-01,2018,2018-11-01,1,120,SCORED
223857,223856,2018-11-02,2018,2018-11-02,1,120,SCORED
223962,223961,2018-11-02,2018,2018-11-02,1,120,SCORED
224232,224231,2018-11-05,2018,2018-11-05,1,120,SCORED
224642,224641,2018-11-07,2018,2018-11-07,1,120,SCORED
224747,224746,2018-11-07,2018,2018-11-07,1,120,SCORED
224812,224811,2018-11-08,2018,2018-11-08,-1,120,SCORED
224876,224875,2018-11-08,2018,2018-11-08,-1,120,SCORED
224940,224939,2018-11-08,2018,2018-11-08,-1,120,SCORED
225137,225136,2018-11-09,2018,2018-11-09,-1,120,SCORED
225524,225523,2018-11-13,2018,2018-11-13,1,120,SCORED
225629,225628,2018-11-13,2018,2018-11-13,1,120,SCORED
225765,225764,2018-11-14,2018,2018-11-14,1,120,SCORED
225977,225976,2018-11-14,2018,2018-11-14,1,120,SCORED
226272,226271,2018-11-16,2018,2018-11-16,1,120,SCORED
226408,226407,2018-11-16,2018,2018-11-16,1,120,SCORED
226484,226483,2018-11-19,2018,2018-11-19,1,120,SCORED
226992,226991,2018-11-21,2018,2018-11-21,-1,120,SCORED
227515,227514,2018-11-23,2018,2018-11-23,-1,120,SCORED
227660,227659,2018-11-23,2018,2018-11-23,-1,120,SCORED
227721,227720,2018-11-26,2018,2018-11-26,-1,120,SCORED
227829,227828,2018-11-26,2018,2018-11-26,-1,120,SCORED
228041,228040,2018-11-27,2018,2018-11-27,1,120,SCORED
228219,228218,2018-11-28,2018,2018-11-28,-1,120,SCORED
228499,228498,2018-11-29,2018,2018-11-29,1,120,SCORED
228662,228661,2018-11-30,2018,2018-11-30,1,120,SCORED
228758,228757,2018-11-30,2018,2018-11-30,-1,120,SCORED
228905,228904,2018-12-03,2018,2018-12-03,1,120,SCORED
229128,229127,2018-12-04,2018,2018-12-04,1,120,SCORED
229186,229185,2018-12-04,2018,2018-12-04,1,120,SCORED
229310,229309,2018-12-04,2018,2018-12-04,1,120,SCORED
229490,229489,2018-12-05,2018,2018-12-05,-1,120,SCORED
229833,229832,2018-12-06,2018,2018-12-06,-1,120,SCORED
229903,229902,2018-12-07,2018,2018-12-07,-1,120,SCORED
230008,230007,2018-12-07,2018,2018-12-07,-1,120,SCORED
230091,230090,2018-12-10,2018,2018-12-10,-1,120,SCORED
230122,230121,2018-12-10,2018,2018-12-10,-1,120,SCORED
230186,230185,2018-12-10,2018,2018-12-10,-1,120,SCORED
230303,230302,2018-12-10,2018,2018-12-10,-1,120,SCORED
231392,231391,2018-12-17,2018,2018-12-17,-1,120,SCORED
231763,231762,2018-12-19,2018,2018-12-19,-1,120,SCORED
231907,231906,2018-12-19,2018,2018-12-19,-1,120,SCORED
232010,232009,2018-12-20,2018,2018-12-20,-1,120,SCORED
232069,232068,2018-12-20,2018,2018-12-20,-1,120,SCORED
232242,232241,2018-12-21,2018,2018-12-21,-1,120,SCORED
232548,232547,2018-12-24,2018,2018-12-24,-1,120,SCORED
232645,232644,2018-12-24,2018,2018-12-24,-1,120,SCORED
232966,232965,2018-12-26,2018,2018-12-26,-1,120,SCORED
233514,233513,2018-12-28,2018,2018-12-28,-1,120,SCORED
233961,233960,2019-01-03,2019,2019-01-03,-1,120,SCORED
234115,234114,2019-01-03,2019,2019-01-03,-1,120,SCORED
234193,234192,2019-01-04,2019,2019-01-04,-1,120,SCORED
235131,235130,2019-01-10,2019,2019-01-10,1,120,SCORED
236254,236253,2019-01-16,2019,2019-01-16,1,120,SCORED
237488,237487,2019-01-23,2019,2019-01-23,1,120,SCORED
237575,237574,2019-01-24,2019,2019-01-24,1,120,SCORED
237779,237778,2019-01-25,2019,2019-01-25,1,120,SCORED
238002,238001,2019-01-28,2019,2019-01-28,1,120,SCORED
238296,238295,2019-01-29,2019,2019-01-29,-1,120,SCORED
238421,238420,2019-01-29,2019,2019-01-29,-1,120,SCORED
238743,238742,2019-01-31,2019,2019-01-31,-1,120,SCORED
238825,238824,2019-01-31,2019,2019-01-31,-1,120,SCORED
239669,239668,2019-02-12,2019,2019-02-12,1,120,SCORED
239796,239795,2019-02-13,2019,2019-02-13,1,120,SCORED
239931,239930,2019-02-14,2019,2019-02-14,1,120,SCORED
239971,239970,2019-02-14,2019,2019-02-14,1,120,SCORED
240067,240066,2019-02-14,2019,2019-02-14,1,120,SCORED
240168,240167,2019-02-15,2019,2019-02-15,1,120,SCORED
240702,240701,2019-02-19,2019,2019-02-19,1,120,SCORED
241331,241330,2019-02-21,2019,2019-02-21,1,120,SCORED
241611,241610,2019-02-25,2019,2019-02-25,1,120,SCORED
241635,241634,2019-02-25,2019,2019-02-25,1,120,SCORED
241692,241691,2019-02-25,2019,2019-02-25,1,120,SCORED
241784,241783,2019-02-25,2019,2019-02-25,1,120,SCORED
241848,241847,2019-02-26,2019,2019-02-26,1,120,SCORED
241864,241863,2019-02-26,2019,2019-02-26,1,120,SCORED
241923,241922,2019-02-26,2019,2019-02-26,1,120,SCORED
242061,242060,2019-02-26,2019,2019-02-26,1,120,SCORED
242330,242329,2019-02-28,2019,2019-02-28,-1,120,SCORED
242822,242821,2019-03-04,2019,2019-03-04,1,120,SCORED
242876,242875,2019-03-04,2019,2019-03-04,1,120,SCORED
242969,242968,2019-03-04,2019,2019-03-04,1,120,SCORED
243162,243161,2019-03-05,2019,2019-03-05,1,120,SCORED
243223,243222,2019-03-05,2019,2019-03-05,1,120,SCORED
243318,243317,2019-03-06,2019,2019-03-06,1,120,SCORED
243423,243422,2019-03-06,2019,2019-03-06,1,120,SCORED
243477,243476,2019-03-06,2019,2019-03-06,1,120,SCORED
243526,243525,2019-03-07,2019,2019-03-07,1,120,SCORED
243599,243598,2019-03-07,2019,2019-03-07,1,120,SCORED
243815,243814,2019-03-08,2019,2019-03-08,-1,120,SCORED
243994,243993,2019-03-08,2019,2019-03-08,-1,120,SCORED
244015,244014,2019-03-11,2019,2019-03-11,1,120,SCORED
244201,244200,2019-03-11,2019,2019-03-11,1,120,SCORED
244276,244275,2019-03-12,2019,2019-03-12,1,120,SCORED
244305,244304,2019-03-12,2019,2019-03-12,1,120,SCORED
244430,244429,2019-03-12,2019,2019-03-12,1,120,SCORED
244777,244776,2019-03-14,2019,2019-03-14,-1,120,SCORED
244805,244804,2019-03-14,2019,2019-03-14,-1,120,SCORED
244989,244988,2019-03-15,2019,2019-03-15,1,120,SCORED
245030,245029,2019-03-15,2019,2019-03-15,1,120,SCORED
245156,245155,2019-03-15,2019,2019-03-15,-1,120,SCORED
245314,245313,2019-03-18,2019,2019-03-18,1,120,SCORED
245456,245455,2019-03-19,2019,2019-03-19,1,120,SCORED
245475,245474,2019-03-19,2019,2019-03-19,1,120,SCORED
245530,245529,2019-03-19,2019,2019-03-19,1,120,SCORED
245956,245955,2019-03-21,2019,2019-03-21,1,120,SCORED
246033,246032,2019-03-21,2019,2019-03-21,1,120,SCORED
246109,246108,2019-03-21,2019,2019-03-21,1,120,SCORED
246220,246219,2019-03-22,2019,2019-03-22,-1,120,SCORED
246338,246337,2019-03-22,2019,2019-03-22,-1,120,SCORED
246529,246528,2019-03-25,2019,2019-03-25,1,120,SCORED
246646,246645,2019-03-26,2019,2019-03-26,-1,120,SCORED
246698,246697,2019-03-26,2019,2019-03-26,-1,120,SCORED
246809,246808,2019-03-26,2019,2019-03-26,-1,120,SCORED
246839,246838,2019-03-26,2019,2019-03-26,-1,120,SCORED
246870,246869,2019-03-26,2019,2019-03-26,-1,120,SCORED
246884,246883,2019-03-27,2019,2019-03-27,-1,120,SCORED
246948,246947,2019-03-27,2019,2019-03-27,-1,120,SCORED
247199,247198,2019-03-28,2019,2019-03-28,1,120,SCORED
247277,247276,2019-03-28,2019,2019-03-28,1,120,SCORED
247315,247314,2019-03-28,2019,2019-03-28,1,120,SCORED
247857,247856,2019-04-02,2019,2019-04-02,1,120,SCORED
247899,247898,2019-04-02,2019,2019-04-02,1,120,SCORED
248035,248034,2019-04-02,2019,2019-04-02,1,120,SCORED
248076,248075,2019-04-02,2019,2019-04-02,1,120,SCORED
248116,248115,2019-04-03,2019,2019-04-03,-1,120,SCORED
248362,248361,2019-04-04,2019,2019-04-04,1,120,SCORED
248538,248537,2019-04-04,2019,2019-04-04,-1,120,SCORED
248582,248581,2019-04-08,2019,2019-04-08,1,120,SCORED
248732,248731,2019-04-08,2019,2019-04-08,-1,120,SCORED
249444,249443,2019-04-11,2019,2019-04-11,-1,120,SCORED
249534,249533,2019-04-12,2019,2019-04-12,-1,120,SCORED
249576,249575,2019-04-12,2019,2019-04-12,-1,120,SCORED
249628,249627,2019-04-12,2019,2019-04-12,-1,120,SCORED
249845,249844,2019-04-15,2019,2019-04-15,1,120,SCORED
250089,250088,2019-04-16,2019,2019-04-16,-1,120,SCORED
250285,250284,2019-04-17,2019,2019-04-17,-1,120,SCORED
250337,250336,2019-04-17,2019,2019-04-17,-1,120,SCORED
250458,250457,2019-04-17,2019,2019-04-17,1,120,SCORED
251097,251096,2019-04-22,2019,2019-04-22,1,120,SCORED
251238,251237,2019-04-23,2019,2019-04-23,-1,120,SCORED
251375,251374,2019-04-23,2019,2019-04-23,-1,120,SCORED
251455,251454,2019-04-24,2019,2019-04-24,-1,120,SCORED
251492,251491,2019-04-24,2019,2019-04-24,-1,120,SCORED
251693,251692,2019-04-25,2019,2019-04-25,1,120,SCORED
251956,251955,2019-04-26,2019,2019-04-26,-1,120,SCORED
252202,252201,2019-04-29,2019,2019-04-29,-1,120,SCORED
252272,252271,2019-04-29,2019,2019-04-29,-1,120,SCORED
252425,252424,2019-04-30,2019,2019-04-30,-1,120,SCORED
252649,252648,2019-05-06,2019,2019-05-06,-1,120,SCORED
252677,252676,2019-05-06,2019,2019-05-06,-1,120,SCORED
252757,252756,2019-05-06,2019,2019-05-06,-1,120,SCORED
252807,252806,2019-05-06,2019,2019-05-06,-1,120,SCORED
252851,252850,2019-05-06,2019,2019-05-06,-1,120,SCORED
253294,253293,2019-05-08,2019,2019-05-08,1,120,SCORED
253746,253745,2019-05-10,2019,2019-05-10,-1,120,SCORED
253848,253847,2019-05-13,2019,2019-05-13,1,120,SCORED
254874,254873,2019-05-17,2019,2019-05-17,1,120,SCORED
255090,255089,2019-05-20,2019,2019-05-20,-1,120,SCORED
256108,256107,2019-05-24,2019,2019-05-24,-1,120,SCORED
256189,256188,2019-05-24,2019,2019-05-24,-1,120,SCORED
256223,256222,2019-05-24,2019,2019-05-24,-1,120,SCORED
256263,256262,2019-05-27,2019,2019-05-27,-1,120,SCORED
256328,256327,2019-05-27,2019,2019-05-27,-1,120,SCORED
256342,256341,2019-05-27,2019,2019-05-27,1,120,SCORED
256561,256560,2019-05-28,2019,2019-05-28,1,120,SCORED
256719,256718,2019-05-28,2019,2019-05-28,1,120,SCORED
257832,257831,2019-06-04,2019,2019-06-04,-1,120,SCORED
257928,257927,2019-06-05,2019,2019-06-05,-1,120,SCORED
258210,258209,2019-06-06,2019,2019-06-06,-1,120,SCORED
258293,258292,2019-06-06,2019,2019-06-06,-1,120,SCORED
258404,258403,2019-06-10,2019,2019-06-10,-1,120,SCORED
258886,258885,2019-06-12,2019,2019-06-12,1,120,SCORED
259038,259037,2019-06-12,2019,2019-06-12,1,120,SCORED
260784,260783,2019-06-21,2019,2019-06-21,1,120,SCORED
260872,260871,2019-06-24,2019,2019-06-24,1,120,SCORED
261282,261281,2019-06-26,2019,2019-06-26,-1,120,SCORED
261415,261414,2019-06-26,2019,2019-06-26,1,120,SCORED
261640,261639,2019-06-27,2019,2019-06-27,1,120,SCORED
262004,262003,2019-07-01,2019,2019-07-01,-1,120,SCORED
262579,262578,2019-07-03,2019,2019-07-03,1,120,SCORED
263340,263339,2019-07-08,2019,2019-07-08,-1,120,SCORED
263694,263693,2019-07-10,2019,2019-07-10,-1,120,SCORED
263797,263796,2019-07-10,2019,2019-07-10,-1,120,SCORED
263976,263975,2019-07-11,2019,2019-07-11,-1,120,SCORED
264118,264117,2019-07-11,2019,2019-07-11,1,120,SCORED
264183,264182,2019-07-12,2019,2019-07-12,1,120,SCORED
264216,264215,2019-07-12,2019,2019-07-12,-1,120,SCORED
265176,265175,2019-07-18,2019,2019-07-18,1,120,SCORED
265661,265660,2019-07-22,2019,2019-07-22,-1,120,SCORED
267004,267003,2019-07-29,2019,2019-07-29,1,120,SCORED
267451,267450,2019-07-31,2019,2019-07-31,1,120,SCORED
267572,267571,2019-08-01,2019,2019-08-01,-1,120,SCORED
267855,267854,2019-08-02,2019,2019-08-02,-1,120,SCORED
268002,268001,2019-08-05,2019,2019-08-05,-1,120,SCORED
268450,268449,2019-08-06,2019,2019-08-06,-1,120,SCORED
270029,270028,2019-08-15,2019,2019-08-15,-1,120,SCORED
270890,270889,2019-08-21,2019,2019-08-21,1,120,SCORED
271379,271378,2019-08-23,2019,2019-08-23,-1,120,SCORED
271427,271426,2019-08-23,2019,2019-08-23,1,120,SCORED
271639,271638,2019-08-26,2019,2019-08-26,-1,120,SCORED
272069,272068,2019-08-27,2019,2019-08-27,1,120,SCORED
273420,273419,2019-09-04,2019,2019-09-04,1,120,SCORED
273762,273761,2019-09-06,2019,2019-09-06,1,120,SCORED
274029,274028,2019-09-09,2019,2019-09-09,1,120,SCORED
274286,274285,2019-09-10,2019,2019-09-10,1,120,SCORED
274362,274361,2019-09-10,2019,2019-09-10,1,120,SCORED
274520,274519,2019-09-11,2019,2019-09-11,1,120,SCORED
275081,275080,2019-09-16,2019,2019-09-16,1,120,SCORED
275198,275197,2019-09-16,2019,2019-09-16,1,120,SCORED
275299,275298,2019-09-17,2019,2019-09-17,1,120,SCORED
275460,275459,2019-09-18,2019,2019-09-18,-1,120,SCORED
275556,275555,2019-09-18,2019,2019-09-18,-1,120,SCORED
275831,275830,2019-09-19,2019,2019-09-19,-1,120,SCORED
276059,276058,2019-09-20,2019,2019-09-20,1,120,SCORED
276378,276377,2019-09-23,2019,2019-09-23,1,120,SCORED
276431,276430,2019-09-24,2019,2019-09-24,-1,120,SCORED
276773,276772,2019-09-25,2019,2019-09-25,-1,120,SCORED
276873,276872,2019-09-25,2019,2019-09-25,-1,120,SCORED
276920,276919,2019-09-26,2019,2019-09-26,-1,120,SCORED
276975,276974,2019-09-26,2019,2019-09-26,-1,120,SCORED
277068,277067,2019-09-26,2019,2019-09-26,-1,120,SCORED
277240,277239,2019-09-27,2019,2019-09-27,-1,120,SCORED
277618,277617,2019-10-08,2019,2019-10-08,-1,120,SCORED
277915,277914,2019-10-09,2019,2019-10-09,-1,120,SCORED
278416,278415,2019-10-11,2019,2019-10-11,1,120,SCORED
278763,278762,2019-10-14,2019,2019-10-14,1,120,SCORED
279908,279907,2019-10-21,2019,2019-10-21,-1,120,SCORED
281465,281464,2019-10-30,2019,2019-10-30,1,120,SCORED
282311,282310,2019-11-04,2019,2019-11-04,-1,120,SCORED
282993,282992,2019-11-07,2019,2019-11-07,-1,120,SCORED
283201,283200,2019-11-08,2019,2019-11-08,-1,120,SCORED
283271,283270,2019-11-08,2019,2019-11-08,-1,120,SCORED
283851,283850,2019-11-13,2019,2019-11-13,-1,120,SCORED
285303,285302,2019-11-21,2019,2019-11-21,1,120,SCORED
285847,285846,2019-11-25,2019,2019-11-25,-1,120,SCORED
287109,287108,2019-12-02,2019,2019-12-02,-1,120,SCORED
287453,287452,2019-12-04,2019,2019-12-04,1,120,SCORED
288034,288033,2019-12-06,2019,2019-12-06,1,120,SCORED
288521,288520,2019-12-10,2019,2019-12-10,1,120,SCORED
288762,288761,2019-12-11,2019,2019-12-11,1,120,SCORED
289717,289716,2019-12-17,2019,2019-12-17,1,120,SCORED
289977,289976,2019-12-18,2019,2019-12-18,1,120,SCORED
290392,290391,2019-12-20,2019,2019-12-20,1,120,SCORED
290617,290616,2019-12-23,2019,2019-12-23,-1,120,SCORED
290722,290721,2019-12-23,2019,2019-12-23,-1,120,SCORED
290819,290818,2019-12-24,2019,2019-12-24,-1,120,SCORED
291266,291265,2019-12-25,2019,2019-12-25,1,120,SCORED
291477,291476,2019-12-26,2019,2019-12-26,1,120,SCORED
292070,292069,2019-12-31,2019,2019-12-31,-1,120,SCORED
292637,292636,2020-01-03,2020,2020-01-03,1,120,SCORED
292727,292726,2020-01-06,2020,2020-01-06,1,120,SCORED
292935,292934,2020-01-06,2020,2020-01-06,1,120,SCORED
293054,293053,2020-01-07,2020,2020-01-07,1,120,SCORED
293214,293213,2020-01-08,2020,2020-01-08,1,120,SCORED
293412,293411,2020-01-08,2020,2020-01-08,1,120,SCORED
293862,293861,2020-01-10,2020,2020-01-10,1,120,SCORED
294410,294409,2020-01-15,2020,2020-01-15,1,120,SCORED
295457,295456,2020-01-21,2020,2020-01-21,1,120,SCORED
295831,295830,2020-01-22,2020,2020-01-22,-1,120,SCORED
296019,296018,2020-01-23,2020,2020-01-23,-1,120,SCORED
296158,296157,2020-02-03,2020,2020-02-03,-1,120,SCORED
296333,296332,2020-02-04,2020,2020-02-04,-1,120,SCORED
296677,296676,2020-02-05,2020,2020-02-05,1,120,SCORED
296957,296956,2020-02-06,2020,2020-02-06,1,120,SCORED
297022,297021,2020-02-06,2020,2020-02-06,1,120,SCORED
297076,297075,2020-02-07,2020,2020-02-07,1,120,SCORED
297166,297165,2020-02-07,2020,2020-02-07,-1,120,SCORED
297258,297257,2020-02-07,2020,2020-02-07,-1,120,SCORED
297290,297289,2020-02-10,2020,2020-02-10,-1,120,SCORED
297412,297411,2020-02-10,2020,2020-02-10,1,120,SCORED
297530,297529,2020-02-11,2020,2020-02-11,1,120,SCORED
297765,297764,2020-02-12,2020,2020-02-12,1,120,SCORED
297855,297854,2020-02-12,2020,2020-02-12,1,120,SCORED
298039,298038,2020-02-13,2020,2020-02-13,1,120,SCORED
298411,298410,2020-02-14,2020,2020-02-14,1,120,SCORED
298816,298815,2020-02-18,2020,2020-02-18,1,120,SCORED
298937,298936,2020-02-18,2020,2020-02-18,1,120,SCORED
298965,298964,2020-02-19,2020,2020-02-19,1,120,SCORED
299004,299003,2020-02-19,2020,2020-02-19,1,120,SCORED
299057,299056,2020-02-19,2020,2020-02-19,1,120,SCORED
299165,299164,2020-02-19,2020,2020-02-19,1,120,SCORED
299620,299619,2020-02-21,2020,2020-02-21,1,120,SCORED
299692,299691,2020-02-24,2020,2020-02-24,1,120,SCORED
299739,299738,2020-02-24,2020,2020-02-24,1,120,SCORED
299852,299851,2020-02-24,2020,2020-02-24,1,120,SCORED
299918,299917,2020-02-24,2020,2020-02-24,1,120,SCORED
299923,299922,2020-02-25,2020,2020-02-25,1,120,SCORED
300072,300071,2020-02-25,2020,2020-02-25,-1,120,SCORED
300114,300113,2020-02-25,2020,2020-02-25,-1,120,SCORED
300164,300163,2020-02-26,2020,2020-02-26,1,120,SCORED
300666,300665,2020-02-28,2020,2020-02-28,-1,120,SCORED
300718,300717,2020-02-28,2020,2020-02-28,-1,120,SCORED
300803,300802,2020-02-28,2020,2020-02-28,-1,120,SCORED
300888,300887,2020-03-02,2020,2020-03-02,-1,120,SCORED
301067,301066,2020-03-02,2020,2020-03-02,1,120,SCORED
301279,301278,2020-03-03,2020,2020-03-03,1,120,SCORED
301626,301625,2020-03-05,2020,2020-03-05,1,120,SCORED
301793,301792,2020-03-05,2020,2020-03-05,1,120,SCORED
301844,301843,2020-03-06,2020,2020-03-06,1,120,SCORED
301879,301878,2020-03-06,2020,2020-03-06,-1,120,SCORED
302091,302090,2020-03-09,2020,2020-03-09,-1,120,SCORED
302127,302126,2020-03-09,2020,2020-03-09,-1,120,SCORED
302204,302203,2020-03-09,2020,2020-03-09,-1,120,SCORED
302277,302276,2020-03-09,2020,2020-03-09,-1,120,SCORED
302326,302325,2020-03-10,2020,2020-03-10,-1,120,SCORED
302348,302347,2020-03-10,2020,2020-03-10,-1,120,SCORED
302508,302507,2020-03-10,2020,2020-03-10,1,120,SCORED
302579,302578,2020-03-11,2020,2020-03-11,1,120,SCORED
302612,302611,2020-03-11,2020,2020-03-11,1,120,SCORED
302662,302661,2020-03-11,2020,2020-03-11,1,120,SCORED
302820,302819,2020-03-12,2020,2020-03-12,-1,120,SCORED
302881,302880,2020-03-12,2020,2020-03-12,-1,120,SCORED
302983,302982,2020-03-12,2020,2020-03-12,-1,120,SCORED
303035,303034,2020-03-12,2020,2020-03-12,-1,120,SCORED
303074,303073,2020-03-13,2020,2020-03-13,-1,120,SCORED
303492,303491,2020-03-16,2020,2020-03-16,-1,120,SCORED
303521,303520,2020-03-16,2020,2020-03-17,-1,120,SCORED
303523,303522,2020-03-17,2020,2020-03-17,-1,120,SCORED
303538,303537,2020-03-17,2020,2020-03-17,-1,120,SCORED
303602,303601,2020-03-17,2020,2020-03-17,-1,120,SCORED
303625,303624,2020-03-17,2020,2020-03-17,-1,120,SCORED
303685,303684,2020-03-17,2020,2020-03-17,1,120,SCORED
303825,303824,2020-03-18,2020,2020-03-18,1,120,SCORED
303978,303977,2020-03-18,2020,2020-03-18,-1,120,SCORED
304011,304010,2020-03-19,2020,2020-03-19,-1,120,SCORED
304031,304030,2020-03-19,2020,2020-03-19,-1,120,SCORED
304077,304076,2020-03-19,2020,2020-03-19,1,120,SCORED
304119,304118,2020-03-19,2020,2020-03-19,-1,120,SCORED
304188,304187,2020-03-19,2020,2020-03-19,1,120,SCORED
304236,304235,2020-03-19,2020,2020-03-19,1,120,SCORED
304255,304254,2020-03-20,2020,2020-03-20,1,120,SCORED
304368,304367,2020-03-20,2020,2020-03-20,-1,120,SCORED
304407,304406,2020-03-20,2020,2020-03-20,-1,120,SCORED
304492,304491,2020-03-23,2020,2020-03-23,-1,120,SCORED
304589,304588,2020-03-23,2020,2020-03-23,-1,120,SCORED
304608,304607,2020-03-23,2020,2020-03-23,-1,120,SCORED
304671,304670,2020-03-23,2020,2020-03-23,1,120,SCORED
304726,304725,2020-03-24,2020,2020-03-24,-1,120,SCORED
304940,304939,2020-03-24,2020,2020-03-24,-1,120,SCORED
305058,305057,2020-03-25,2020,2020-03-25,1,120,SCORED
305206,305205,2020-03-26,2020,2020-03-26,1,120,SCORED
305285,305284,2020-03-26,2020,2020-03-26,-1,120,SCORED
305336,305335,2020-03-26,2020,2020-03-26,1,120,SCORED
305757,305756,2020-03-30,2020,2020-03-30,-1,120,SCORED
305922,305921,2020-03-31,2020,2020-03-31,1,120,SCORED
305979,305978,2020-03-31,2020,2020-03-31,1,120,SCORED
306069,306068,2020-03-31,2020,2020-03-31,1,120,SCORED
306212,306211,2020-04-01,2020,2020-04-01,-1,120,SCORED
306527,306526,2020-04-02,2020,2020-04-02,-1,120,SCORED
306803,306802,2020-04-03,2020,2020-04-03,1,120,SCORED
307018,307017,2020-04-07,2020,2020-04-07,1,120,SCORED
307127,307126,2020-04-08,2020,2020-04-08,1,120,SCORED
307242,307241,2020-04-08,2020,2020-04-08,1,120,SCORED
307285,307284,2020-04-08,2020,2020-04-08,1,120,SCORED
307357,307356,2020-04-08,2020,2020-04-08,1,120,SCORED
307406,307405,2020-04-09,2020,2020-04-09,1,120,SCORED
307642,307641,2020-04-10,2020,2020-04-10,1,120,SCORED
307705,307704,2020-04-10,2020,2020-04-10,1,120,SCORED
307945,307944,2020-04-13,2020,2020-04-13,-1,120,SCORED
309221,309220,2020-04-20,2020,2020-04-20,1,120,SCORED
310216,310215,2020-04-24,2020,2020-04-24,-1,120,SCORED
310425,310424,2020-04-27,2020,2020-04-27,-1,120,SCORED
310559,310558,2020-04-28,2020,2020-04-28,-1,120,SCORED
311204,311203,2020-05-06,2020,2020-05-06,1,120,SCORED
311509,311508,2020-05-07,2020,2020-05-07,1,120,SCORED
311619,311618,2020-05-07,2020,2020-05-07,1,120,SCORED
311772,311771,2020-05-08,2020,2020-05-08,1,120,SCORED
312140,312139,2020-05-11,2020,2020-05-11,1,120,SCORED
312402,312401,2020-05-13,2020,2020-05-13,-1,120,SCORED
312665,312664,2020-05-14,2020,2020-05-14,1,120,SCORED
313148,313147,2020-05-18,2020,2020-05-18,1,120,SCORED
313362,313361,2020-05-19,2020,2020-05-19,1,120,SCORED
313687,313686,2020-05-20,2020,2020-05-20,1,120,SCORED
313908,313907,2020-05-21,2020,2020-05-21,1,120,SCORED
314249,314248,2020-05-22,2020,2020-05-22,-1,120,SCORED
314482,314481,2020-05-25,2020,2020-05-25,-1,120,SCORED
314886,314885,2020-05-27,2020,2020-05-27,1,120,SCORED
316264,316263,2020-06-04,2020,2020-06-04,1,120,SCORED
316972,316971,2020-06-09,2020,2020-06-09,1,120,SCORED
317643,317642,2020-06-11,2020,2020-06-11,1,120,SCORED
317738,317737,2020-06-12,2020,2020-06-12,-1,120,SCORED
318499,318498,2020-06-17,2020,2020-06-17,1,120,SCORED
318746,318745,2020-06-18,2020,2020-06-18,1,120,SCORED
319414,319413,2020-06-23,2020,2020-06-23,1,120,SCORED
319797,319796,2020-06-24,2020,2020-06-24,1,120,SCORED
320304,320303,2020-06-30,2020,2020-06-30,1,120,SCORED
320498,320497,2020-07-01,2020,2020-07-01,1,120,SCORED
320564,320563,2020-07-02,2020,2020-07-02,-1,120,SCORED
321202,321201,2020-07-06,2020,2020-07-06,1,120,SCORED
321299,321298,2020-07-07,2020,2020-07-07,1,120,SCORED
321358,321357,2020-07-07,2020,2020-07-07,1,120,SCORED
321449,321448,2020-07-07,2020,2020-07-07,1,120,SCORED
321496,321495,2020-07-07,2020,2020-07-07,1,120,SCORED
321823,321822,2020-07-09,2020,2020-07-09,1,120,SCORED
321948,321947,2020-07-09,2020,2020-07-09,1,120,SCORED
322080,322079,2020-07-10,2020,2020-07-10,1,120,SCORED
322259,322258,2020-07-13,2020,2020-07-13,1,120,SCORED
322429,322428,2020-07-13,2020,2020-07-13,1,120,SCORED
322457,322456,2020-07-13,2020,2020-07-13,1,120,SCORED
322509,322508,2020-07-14,2020,2020-07-14,1,120,SCORED
322531,322530,2020-07-14,2020,2020-07-14,1,120,SCORED
322903,322902,2020-07-15,2020,2020-07-15,-1,120,SCORED
322985,322984,2020-07-16,2020,2020-07-16,-1,120,SCORED
323032,323031,2020-07-16,2020,2020-07-16,-1,120,SCORED
323135,323134,2020-07-16,2020,2020-07-16,-1,120,SCORED
323173,323172,2020-07-16,2020,2020-07-16,-1,120,SCORED
323192,323191,2020-07-16,2020,2020-07-16,-1,120,SCORED
323220,323219,2020-07-17,2020,2020-07-17,-1,120,SCORED
323308,323307,2020-07-17,2020,2020-07-17,1,120,SCORED
323334,323333,2020-07-17,2020,2020-07-17,-1,120,SCORED
323373,323372,2020-07-17,2020,2020-07-17,-1,120,SCORED
323419,323418,2020-07-17,2020,2020-07-17,-1,120,SCORED
323447,323446,2020-07-20,2020,2020-07-20,1,120,SCORED
323643,323642,2020-07-20,2020,2020-07-20,1,120,SCORED
323789,323788,2020-07-21,2020,2020-07-21,1,120,SCORED
324107,324106,2020-07-22,2020,2020-07-22,1,120,SCORED
324229,324228,2020-07-23,2020,2020-07-23,-1,120,SCORED
324315,324314,2020-07-23,2020,2020-07-23,-1,120,SCORED
324552,324551,2020-07-24,2020,2020-07-24,-1,120,SCORED
324606,324605,2020-07-24,2020,2020-07-24,-1,120,SCORED
324672,324671,2020-07-27,2020,2020-07-27,-1,120,SCORED
324826,324825,2020-07-27,2020,2020-07-27,-1,120,SCORED
324926,324925,2020-07-28,2020,2020-07-28,1,120,SCORED
325066,325065,2020-07-28,2020,2020-07-28,1,120,SCORED
325260,325259,2020-07-29,2020,2020-07-29,1,120,SCORED
325404,325403,2020-07-30,2020,2020-07-30,1,120,SCORED
325744,325743,2020-07-31,2020,2020-07-31,-1,120,SCORED
326142,326141,2020-08-04,2020,2020-08-04,1,120,SCORED
326194,326193,2020-08-04,2020,2020-08-04,1,120,SCORED
326280,326279,2020-08-04,2020,2020-08-04,-1,120,SCORED
326347,326346,2020-08-05,2020,2020-08-05,-1,120,SCORED
326654,326653,2020-08-06,2020,2020-08-06,1,120,SCORED
326746,326745,2020-08-06,2020,2020-08-06,1,120,SCORED
326804,326803,2020-08-07,2020,2020-08-07,1,120,SCORED
326868,326867,2020-08-07,2020,2020-08-07,1,120,SCORED
326905,326904,2020-08-07,2020,2020-08-07,-1,120,SCORED
326948,326947,2020-08-07,2020,2020-08-07,-1,120,SCORED
327027,327026,2020-08-07,2020,2020-08-07,-1,120,SCORED
327067,327066,2020-08-10,2020,2020-08-10,1,120,SCORED
327128,327127,2020-08-10,2020,2020-08-10,1,120,SCORED
327253,327252,2020-08-10,2020,2020-08-10,-1,120,SCORED
327604,327603,2020-08-12,2020,2020-08-12,-1,120,SCORED
327699,327698,2020-08-12,2020,2020-08-12,-1,120,SCORED
327799,327798,2020-08-13,2020,2020-08-13,1,120,SCORED
327886,327885,2020-08-13,2020,2020-08-13,1,120,SCORED
327972,327971,2020-08-13,2020,2020-08-13,1,120,SCORED
328008,328007,2020-08-14,2020,2020-08-14,1,120,SCORED
328032,328031,2020-08-14,2020,2020-08-14,-1,120,SCORED
328756,328755,2020-08-19,2020,2020-08-19,1,120,SCORED
329982,329981,2020-08-26,2020,2020-08-26,1,120,SCORED
330185,330184,2020-08-27,2020,2020-08-27,-1,120,SCORED
330916,330915,2020-09-01,2020,2020-09-01,1,120,SCORED
332111,332110,2020-09-08,2020,2020-09-08,-1,120,SCORED
332326,332325,2020-09-09,2020,2020-09-09,1,120,SCORED
332347,332346,2020-09-09,2020,2020-09-09,1,120,SCORED
332472,332471,2020-09-09,2020,2020-09-09,-1,120,SCORED
332567,332566,2020-09-10,2020,2020-09-10,-1,120,SCORED
332661,332660,2020-09-10,2020,2020-09-10,-1,120,SCORED
332720,332719,2020-09-10,2020,2020-09-10,-1,120,SCORED
332766,332765,2020-09-10,2020,2020-09-10,-1,120,SCORED
332798,332797,2020-09-10,2020,2020-09-10,-1,120,SCORED
332811,332810,2020-09-11,2020,2020-09-11,-1,120,SCORED
332873,332872,2020-09-11,2020,2020-09-11,-1,120,SCORED
333096,333095,2020-09-14,2020,2020-09-14,1,120,SCORED
333150,333149,2020-09-14,2020,2020-09-14,1,120,SCORED
333472,333471,2020-09-15,2020,2020-09-15,1,120,SCORED
333583,333582,2020-09-16,2020,2020-09-16,1,120,SCORED
333733,333732,2020-09-16,2020,2020-09-16,1,120,SCORED
333847,333846,2020-09-17,2020,2020-09-17,-1,120,SCORED
334009,334008,2020-09-18,2020,2020-09-18,1,120,SCORED
334369,334368,2020-09-21,2020,2020-09-21,1,120,SCORED
334735,334734,2020-09-23,2020,2020-09-23,-1,120,SCORED
335075,335074,2020-09-24,2020,2020-09-24,-1,120,SCORED
335118,335117,2020-09-24,2020,2020-09-24,-1,120,SCORED
335161,335160,2020-09-24,2020,2020-09-24,-1,120,SCORED
335208,335207,2020-09-25,2020,2020-09-25,-1,120,SCORED
335265,335264,2020-09-25,2020,2020-09-25,-1,120,SCORED
335345,335344,2020-09-25,2020,2020-09-25,-1,120,SCORED
335400,335399,2020-09-25,2020,2020-09-25,-1,120,SCORED
335446,335445,2020-09-28,2020,2020-09-28,-1,120,SCORED
335549,335548,2020-09-28,2020,2020-09-28,-1,120,SCORED
335607,335606,2020-09-28,2020,2020-09-28,-1,120,SCORED
336126,336125,2020-09-30,2020,2020-09-30,1,120,SCORED
336616,336615,2020-10-12,2020,2020-10-12,1,120,SCORED
336686,336685,2020-10-13,2020,2020-10-13,1,120,SCORED
337160,337159,2020-10-15,2020,2020-10-15,1,120,SCORED
338504,338503,2020-10-22,2020,2020-10-22,-1,120,SCORED
338783,338782,2020-10-23,2020,2020-10-23,-1,120,SCORED
338809,338808,2020-10-26,2020,2020-10-26,-1,120,SCORED
338919,338918,2020-10-26,2020,2020-10-26,-1,120,SCORED
340035,340034,2020-11-02,2020,2020-11-02,-1,120,SCORED
340084,340083,2020-11-02,2020,2020-11-02,-1,120,SCORED
340152,340151,2020-11-02,2020,2020-11-02,-1,120,SCORED
340567,340566,2020-11-04,2020,2020-11-04,1,120,SCORED
340829,340828,2020-11-05,2020,2020-11-05,1,120,SCORED
341048,341047,2020-11-06,2020,2020-11-06,1,120,SCORED
341441,341440,2020-11-09,2020,2020-11-10,1,120,SCORED
342286,342285,2020-11-13,2020,2020-11-13,-1,120,SCORED
342422,342421,2020-11-16,2020,2020-11-16,1,120,SCORED
342639,342638,2020-11-16,2020,2020-11-16,1,120,SCORED
342804,342803,2020-11-17,2020,2020-11-17,1,120,SCORED
342869,342868,2020-11-17,2020,2020-11-17,1,120,SCORED
342911,342910,2020-11-18,2020,2020-11-18,-1,120,SCORED
343169,343168,2020-11-19,2020,2020-11-19,-1,120,SCORED
343422,343421,2020-11-20,2020,2020-11-20,-1,120,SCORED
343912,343911,2020-11-24,2020,2020-11-24,1,120,SCORED
344089,344088,2020-11-25,2020,2020-11-25,1,120,SCORED
344522,344521,2020-11-26,2020,2020-11-26,-1,120,SCORED
344803,344802,2020-11-30,2020,2020-11-30,-1,120,SCORED
344897,344896,2020-11-30,2020,2020-11-30,1,120,SCORED
345049,345048,2020-12-01,2020,2020-12-01,1,120,SCORED
345356,345355,2020-12-02,2020,2020-12-02,1,120,SCORED
345574,345573,2020-12-03,2020,2020-12-03,1,120,SCORED
346142,346141,2020-12-07,2020,2020-12-07,1,120,SCORED
346894,346893,2020-12-10,2020,2020-12-10,-1,120,SCORED
347102,347101,2020-12-11,2020,2020-12-11,-1,120,SCORED
347204,347203,2020-12-14,2020,2020-12-14,-1,120,SCORED
348700,348699,2020-12-22,2020,2020-12-22,1,120,SCORED
348883,348882,2020-12-23,2020,2020-12-23,1,120,SCORED
348929,348928,2020-12-23,2020,2020-12-23,1,120,SCORED
349034,349033,2020-12-23,2020,2020-12-23,-1,120,SCORED
349197,349196,2020-12-24,2020,2020-12-24,-1,120,SCORED
349280,349279,2020-12-24,2020,2020-12-24,-1,120,SCORED
349385,349384,2020-12-25,2020,2020-12-25,-1,120,SCORED
246,245,2015-01-06,2015,2015-01-06,1,240,WARMUP_2015_NOT_SCORED
328,327,2015-01-06,2015,2015-01-06,1,240,WARMUP_2015_NOT_SCORED
450,449,2015-01-06,2015,2015-01-06,1,240,WARMUP_2015_NOT_SCORED
584,583,2015-01-07,2015,2015-01-07,1,240,WARMUP_2015_NOT_SCORED
775,774,2015-01-08,2015,2015-01-08,1,240,WARMUP_2015_NOT_SCORED
970,969,2015-01-09,2015,2015-01-09,1,240,WARMUP_2015_NOT_SCORED
1539,1538,2015-01-13,2015,2015-01-13,-1,240,WARMUP_2015_NOT_SCORED
2542,2541,2015-01-19,2015,2015-01-19,1,240,WARMUP_2015_NOT_SCORED
2647,2646,2015-01-20,2015,2015-01-20,-1,240,WARMUP_2015_NOT_SCORED
2956,2955,2015-01-21,2015,2015-01-21,1,240,WARMUP_2015_NOT_SCORED
3088,3087,2015-01-21,2015,2015-01-21,1,240,WARMUP_2015_NOT_SCORED
3190,3189,2015-01-22,2015,2015-01-22,1,240,WARMUP_2015_NOT_SCORED
3446,3445,2015-01-23,2015,2015-01-23,1,240,WARMUP_2015_NOT_SCORED
3716,3715,2015-01-26,2015,2015-01-26,1,240,WARMUP_2015_NOT_SCORED
3979,3978,2015-01-27,2015,2015-01-27,1,240,WARMUP_2015_NOT_SCORED
4093,4092,2015-01-28,2015,2015-01-28,1,240,WARMUP_2015_NOT_SCORED
4326,4325,2015-01-29,2015,2015-01-29,1,240,WARMUP_2015_NOT_SCORED
4749,4748,2015-01-30,2015,2015-01-30,-1,240,WARMUP_2015_NOT_SCORED
4821,4820,2015-02-02,2015,2015-02-02,-1,240,WARMUP_2015_NOT_SCORED
5363,5362,2015-02-04,2015,2015-02-04,1,240,WARMUP_2015_NOT_SCORED
7925,7924,2015-02-26,2015,2015-02-26,1,240,WARMUP_2015_NOT_SCORED
8886,8885,2015-03-04,2015,2015-03-04,1,240,WARMUP_2015_NOT_SCORED
9181,9180,2015-03-05,2015,2015-03-05,1,240,WARMUP_2015_NOT_SCORED
9554,9553,2015-03-06,2015,2015-03-06,-1,240,WARMUP_2015_NOT_SCORED
10505,10504,2015-03-12,2015,2015-03-12,1,240,WARMUP_2015_NOT_SCORED
11236,11235,2015-03-17,2015,2015-03-17,1,240,WARMUP_2015_NOT_SCORED
11530,11529,2015-03-19,2015,2015-03-19,1,240,WARMUP_2015_NOT_SCORED
11571,11570,2015-03-19,2015,2015-03-19,1,240,WARMUP_2015_NOT_SCORED
11686,11685,2015-03-19,2015,2015-03-19,1,240,WARMUP_2015_NOT_SCORED
11892,11891,2015-03-20,2015,2015-03-20,1,240,WARMUP_2015_NOT_SCORED
12195,12194,2015-03-23,2015,2015-03-23,1,240,WARMUP_2015_NOT_SCORED
12250,12249,2015-03-24,2015,2015-03-24,1,240,WARMUP_2015_NOT_SCORED
12337,12336,2015-03-24,2015,2015-03-24,-1,240,WARMUP_2015_NOT_SCORED
12382,12381,2015-03-24,2015,2015-03-24,-1,240,WARMUP_2015_NOT_SCORED
12487,12486,2015-03-25,2015,2015-03-25,1,240,WARMUP_2015_NOT_SCORED
12509,12508,2015-03-25,2015,2015-03-25,1,240,WARMUP_2015_NOT_SCORED
12595,12594,2015-03-25,2015,2015-03-25,1,240,WARMUP_2015_NOT_SCORED
12726,12725,2015-03-26,2015,2015-03-26,1,240,WARMUP_2015_NOT_SCORED
12829,12828,2015-03-26,2015,2015-03-26,-1,240,WARMUP_2015_NOT_SCORED
13560,13559,2015-03-31,2015,2015-03-31,1,240,WARMUP_2015_NOT_SCORED
13649,13648,2015-03-31,2015,2015-03-31,1,240,WARMUP_2015_NOT_SCORED
13864,13863,2015-04-01,2015,2015-04-01,1,240,WARMUP_2015_NOT_SCORED
13980,13979,2015-04-02,2015,2015-04-02,1,240,WARMUP_2015_NOT_SCORED
14103,14102,2015-04-02,2015,2015-04-02,1,240,WARMUP_2015_NOT_SCORED
14164,14163,2015-04-03,2015,2015-04-03,1,240,WARMUP_2015_NOT_SCORED
14281,14280,2015-04-03,2015,2015-04-03,1,240,WARMUP_2015_NOT_SCORED
14370,14369,2015-04-03,2015,2015-04-03,1,240,WARMUP_2015_NOT_SCORED
14460,14459,2015-04-07,2015,2015-04-07,1,240,WARMUP_2015_NOT_SCORED
14653,14652,2015-04-08,2015,2015-04-08,1,240,WARMUP_2015_NOT_SCORED
14948,14947,2015-04-09,2015,2015-04-09,-1,240,WARMUP_2015_NOT_SCORED
15295,15294,2015-04-10,2015,2015-04-10,1,240,WARMUP_2015_NOT_SCORED
15402,15401,2015-04-13,2015,2015-04-13,1,240,WARMUP_2015_NOT_SCORED
15532,15531,2015-04-13,2015,2015-04-13,1,240,WARMUP_2015_NOT_SCORED
15628,15627,2015-04-14,2015,2015-04-14,1,240,WARMUP_2015_NOT_SCORED
15656,15655,2015-04-14,2015,2015-04-14,1,240,WARMUP_2015_NOT_SCORED
15756,15755,2015-04-14,2015,2015-04-14,1,240,WARMUP_2015_NOT_SCORED
15779,15778,2015-04-14,2015,2015-04-14,1,240,WARMUP_2015_NOT_SCORED
15841,15840,2015-04-15,2015,2015-04-15,-1,240,WARMUP_2015_NOT_SCORED
15857,15856,2015-04-15,2015,2015-04-15,-1,240,WARMUP_2015_NOT_SCORED
15916,15915,2015-04-15,2015,2015-04-15,-1,240,WARMUP_2015_NOT_SCORED
16026,16025,2015-04-15,2015,2015-04-15,-1,240,WARMUP_2015_NOT_SCORED
16105,16104,2015-04-16,2015,2015-04-16,-1,240,WARMUP_2015_NOT_SCORED
16225,16224,2015-04-16,2015,2015-04-16,-1,240,WARMUP_2015_NOT_SCORED
16283,16282,2015-04-16,2015,2015-04-16,1,240,WARMUP_2015_NOT_SCORED
16405,16404,2015-04-17,2015,2015-04-17,1,240,WARMUP_2015_NOT_SCORED
16583,16582,2015-04-20,2015,2015-04-20,-1,240,WARMUP_2015_NOT_SCORED
16755,16754,2015-04-20,2015,2015-04-20,-1,240,WARMUP_2015_NOT_SCORED
16786,16785,2015-04-20,2015,2015-04-20,-1,240,WARMUP_2015_NOT_SCORED
16825,16824,2015-04-21,2015,2015-04-21,1,240,WARMUP_2015_NOT_SCORED
16984,16983,2015-04-21,2015,2015-04-21,1,240,WARMUP_2015_NOT_SCORED
17134,17133,2015-04-22,2015,2015-04-22,1,240,WARMUP_2015_NOT_SCORED
17227,17226,2015-04-22,2015,2015-04-22,1,240,WARMUP_2015_NOT_SCORED
17302,17301,2015-04-23,2015,2015-04-23,1,240,WARMUP_2015_NOT_SCORED
17365,17364,2015-04-23,2015,2015-04-23,1,240,WARMUP_2015_NOT_SCORED
17377,17376,2015-04-23,2015,2015-04-23,1,240,WARMUP_2015_NOT_SCORED
17479,17478,2015-04-23,2015,2015-04-23,1,240,WARMUP_2015_NOT_SCORED
17591,17590,2015-04-24,2015,2015-04-24,-1,240,WARMUP_2015_NOT_SCORED
17770,17769,2015-04-27,2015,2015-04-27,1,240,WARMUP_2015_NOT_SCORED
17869,17868,2015-04-27,2015,2015-04-27,1,240,WARMUP_2015_NOT_SCORED
18072,18071,2015-04-28,2015,2015-04-28,-1,240,WARMUP_2015_NOT_SCORED
18140,18139,2015-04-28,2015,2015-04-28,-1,240,WARMUP_2015_NOT_SCORED
18241,18240,2015-04-29,2015,2015-04-29,-1,240,WARMUP_2015_NOT_SCORED
18690,18689,2015-04-30,2015,2015-04-30,1,240,WARMUP_2015_NOT_SCORED
19939,19938,2015-05-11,2015,2015-05-11,1,240,WARMUP_2015_NOT_SCORED
20032,20031,2015-05-11,2015,2015-05-11,1,240,WARMUP_2015_NOT_SCORED
20199,20198,2015-05-12,2015,2015-05-12,1,240,WARMUP_2015_NOT_SCORED
20405,20404,2015-05-13,2015,2015-05-13,1,240,WARMUP_2015_NOT_SCORED
20469,20468,2015-05-13,2015,2015-05-13,1,240,WARMUP_2015_NOT_SCORED
20557,20556,2015-05-13,2015,2015-05-13,1,240,WARMUP_2015_NOT_SCORED
20608,20607,2015-05-13,2015,2015-05-13,1,240,WARMUP_2015_NOT_SCORED
20686,20685,2015-05-14,2015,2015-05-14,1,240,WARMUP_2015_NOT_SCORED
20848,20847,2015-05-14,2015,2015-05-14,1,240,WARMUP_2015_NOT_SCORED
21032,21031,2015-05-15,2015,2015-05-15,-1,240,WARMUP_2015_NOT_SCORED
21123,21122,2015-05-18,2015,2015-05-18,1,240,WARMUP_2015_NOT_SCORED
21200,21199,2015-05-18,2015,2015-05-18,1,240,WARMUP_2015_NOT_SCORED
21309,21308,2015-05-18,2015,2015-05-18,1,240,WARMUP_2015_NOT_SCORED
21399,21398,2015-05-19,2015,2015-05-19,1,240,WARMUP_2015_NOT_SCORED
21722,21721,2015-05-20,2015,2015-05-20,1,240,WARMUP_2015_NOT_SCORED
21825,21824,2015-05-20,2015,2015-05-20,1,240,WARMUP_2015_NOT_SCORED
21875,21874,2015-05-21,2015,2015-05-21,1,240,WARMUP_2015_NOT_SCORED
22010,22009,2015-05-21,2015,2015-05-21,1,240,WARMUP_2015_NOT_SCORED
22147,22146,2015-05-22,2015,2015-05-22,1,240,WARMUP_2015_NOT_SCORED
22520,22519,2015-05-25,2015,2015-05-25,1,240,WARMUP_2015_NOT_SCORED
22597,22596,2015-05-26,2015,2015-05-26,1,240,WARMUP_2015_NOT_SCORED
22719,22718,2015-05-26,2015,2015-05-26,1,240,WARMUP_2015_NOT_SCORED
22831,22830,2015-05-27,2015,2015-05-27,1,240,WARMUP_2015_NOT_SCORED
23046,23045,2015-05-28,2015,2015-05-28,1,240,WARMUP_2015_NOT_SCORED
23067,23066,2015-05-28,2015,2015-05-28,1,240,WARMUP_2015_NOT_SCORED
23119,23118,2015-05-28,2015,2015-05-28,1,240,WARMUP_2015_NOT_SCORED
23144,23143,2015-05-28,2015,2015-05-28,-1,240,WARMUP_2015_NOT_SCORED
23177,23176,2015-05-28,2015,2015-05-28,-1,240,WARMUP_2015_NOT_SCORED
23234,23233,2015-05-28,2015,2015-05-28,-1,240,WARMUP_2015_NOT_SCORED
23253,23252,2015-05-28,2015,2015-05-28,-1,240,WARMUP_2015_NOT_SCORED
23287,23286,2015-05-29,2015,2015-05-29,-1,240,WARMUP_2015_NOT_SCORED
23306,23305,2015-05-29,2015,2015-05-29,-1,240,WARMUP_2015_NOT_SCORED
23435,23434,2015-05-29,2015,2015-05-29,1,240,WARMUP_2015_NOT_SCORED
23469,23468,2015-05-29,2015,2015-05-29,1,240,WARMUP_2015_NOT_SCORED
23529,23528,2015-06-01,2015,2015-06-01,1,240,WARMUP_2015_NOT_SCORED
23578,23577,2015-06-01,2015,2015-06-01,1,240,WARMUP_2015_NOT_SCORED
23727,23726,2015-06-01,2015,2015-06-01,1,240,WARMUP_2015_NOT_SCORED
23778,23777,2015-06-02,2015,2015-06-02,1,240,WARMUP_2015_NOT_SCORED
23829,23828,2015-06-02,2015,2015-06-02,1,240,WARMUP_2015_NOT_SCORED
23880,23879,2015-06-02,2015,2015-06-02,1,240,WARMUP_2015_NOT_SCORED
24008,24007,2015-06-03,2015,2015-06-03,1,240,WARMUP_2015_NOT_SCORED
24033,24032,2015-06-03,2015,2015-06-03,1,240,WARMUP_2015_NOT_SCORED
24104,24103,2015-06-03,2015,2015-06-03,-1,240,WARMUP_2015_NOT_SCORED
24374,24373,2015-06-04,2015,2015-06-04,-1,240,WARMUP_2015_NOT_SCORED
24488,24487,2015-06-05,2015,2015-06-05,1,240,WARMUP_2015_NOT_SCORED
24569,24568,2015-06-05,2015,2015-06-05,1,240,WARMUP_2015_NOT_SCORED
24586,24585,2015-06-05,2015,2015-06-05,1,240,WARMUP_2015_NOT_SCORED
24611,24610,2015-06-05,2015,2015-06-05,-1,240,WARMUP_2015_NOT_SCORED
24784,24783,2015-06-08,2015,2015-06-08,-1,240,WARMUP_2015_NOT_SCORED
24861,24860,2015-06-08,2015,2015-06-08,-1,240,WARMUP_2015_NOT_SCORED
25037,25036,2015-06-09,2015,2015-06-09,1,240,WARMUP_2015_NOT_SCORED
25204,25203,2015-06-10,2015,2015-06-10,1,240,WARMUP_2015_NOT_SCORED
25234,25233,2015-06-10,2015,2015-06-10,1,240,WARMUP_2015_NOT_SCORED
25318,25317,2015-06-10,2015,2015-06-10,1,240,WARMUP_2015_NOT_SCORED
25422,25421,2015-06-10,2015,2015-06-10,1,240,WARMUP_2015_NOT_SCORED
25462,25461,2015-06-11,2015,2015-06-11,1,240,WARMUP_2015_NOT_SCORED
25559,25558,2015-06-11,2015,2015-06-11,1,240,WARMUP_2015_NOT_SCORED
25629,25628,2015-06-11,2015,2015-06-11,1,240,WARMUP_2015_NOT_SCORED
25714,25713,2015-06-12,2015,2015-06-12,1,240,WARMUP_2015_NOT_SCORED
25765,25764,2015-06-12,2015,2015-06-12,1,240,WARMUP_2015_NOT_SCORED
25879,25878,2015-06-12,2015,2015-06-12,1,240,WARMUP_2015_NOT_SCORED
26169,26168,2015-06-16,2015,2015-06-16,-1,240,WARMUP_2015_NOT_SCORED
26209,26208,2015-06-16,2015,2015-06-16,-1,240,WARMUP_2015_NOT_SCORED
26247,26246,2015-06-16,2015,2015-06-16,-1,240,WARMUP_2015_NOT_SCORED
26406,26405,2015-06-17,2015,2015-06-17,-1,240,WARMUP_2015_NOT_SCORED
26455,26454,2015-06-17,2015,2015-06-17,-1,240,WARMUP_2015_NOT_SCORED
26508,26507,2015-06-17,2015,2015-06-17,-1,240,WARMUP_2015_NOT_SCORED
26644,26643,2015-06-18,2015,2015-06-18,1,240,WARMUP_2015_NOT_SCORED
26668,26667,2015-06-18,2015,2015-06-18,1,240,WARMUP_2015_NOT_SCORED
26734,26733,2015-06-18,2015,2015-06-18,1,240,WARMUP_2015_NOT_SCORED
26768,26767,2015-06-18,2015,2015-06-18,-1,240,WARMUP_2015_NOT_SCORED
26823,26822,2015-06-18,2015,2015-06-18,-1,240,WARMUP_2015_NOT_SCORED
26845,26844,2015-06-18,2015,2015-06-18,-1,240,WARMUP_2015_NOT_SCORED
26865,26864,2015-06-18,2015,2015-06-18,-1,240,WARMUP_2015_NOT_SCORED
26887,26886,2015-06-19,2015,2015-06-19,-1,240,WARMUP_2015_NOT_SCORED
26922,26921,2015-06-19,2015,2015-06-19,-1,240,WARMUP_2015_NOT_SCORED
26986,26985,2015-06-19,2015,2015-06-19,-1,240,WARMUP_2015_NOT_SCORED
27052,27051,2015-06-19,2015,2015-06-19,-1,240,WARMUP_2015_NOT_SCORED
27127,27126,2015-06-23,2015,2015-06-23,-1,240,WARMUP_2015_NOT_SCORED
27138,27137,2015-06-23,2015,2015-06-23,-1,240,WARMUP_2015_NOT_SCORED
27247,27246,2015-06-23,2015,2015-06-23,-1,240,WARMUP_2015_NOT_SCORED
27398,27397,2015-06-24,2015,2015-06-24,1,240,WARMUP_2015_NOT_SCORED
27838,27837,2015-06-25,2015,2015-06-25,-1,240,WARMUP_2015_NOT_SCORED
27846,27845,2015-06-26,2015,2015-06-26,-1,240,WARMUP_2015_NOT_SCORED
27867,27866,2015-06-26,2015,2015-06-26,-1,240,WARMUP_2015_NOT_SCORED
27933,27932,2015-06-26,2015,2015-06-26,-1,240,WARMUP_2015_NOT_SCORED
27966,27965,2015-06-26,2015,2015-06-26,-1,240,WARMUP_2015_NOT_SCORED
28100,28099,2015-06-29,2015,2015-06-29,-1,240,WARMUP_2015_NOT_SCORED
28126,28125,2015-06-29,2015,2015-06-29,1,240,WARMUP_2015_NOT_SCORED
28148,28147,2015-06-29,2015,2015-06-29,1,240,WARMUP_2015_NOT_SCORED
28164,28163,2015-06-29,2015,2015-06-29,-1,240,WARMUP_2015_NOT_SCORED
28174,28173,2015-06-29,2015,2015-06-29,-1,240,WARMUP_2015_NOT_SCORED
28188,28187,2015-06-29,2015,2015-06-29,-1,240,WARMUP_2015_NOT_SCORED
28247,28246,2015-06-29,2015,2015-06-29,-1,240,WARMUP_2015_NOT_SCORED
28275,28274,2015-06-29,2015,2015-06-29,1,240,WARMUP_2015_NOT_SCORED
28328,28327,2015-06-30,2015,2015-06-30,-1,240,WARMUP_2015_NOT_SCORED
28347,28346,2015-06-30,2015,2015-06-30,-1,240,WARMUP_2015_NOT_SCORED
28363,28362,2015-06-30,2015,2015-06-30,-1,240,WARMUP_2015_NOT_SCORED
28389,28388,2015-06-30,2015,2015-06-30,-1,240,WARMUP_2015_NOT_SCORED
28434,28433,2015-06-30,2015,2015-06-30,-1,240,WARMUP_2015_NOT_SCORED
28452,28451,2015-06-30,2015,2015-06-30,1,240,WARMUP_2015_NOT_SCORED
28489,28488,2015-06-30,2015,2015-06-30,1,240,WARMUP_2015_NOT_SCORED
28505,28504,2015-06-30,2015,2015-06-30,1,240,WARMUP_2015_NOT_SCORED
28519,28518,2015-06-30,2015,2015-06-30,1,240,WARMUP_2015_NOT_SCORED
28567,28566,2015-07-01,2015,2015-07-01,-1,240,WARMUP_2015_NOT_SCORED
28591,28590,2015-07-01,2015,2015-07-01,1,240,WARMUP_2015_NOT_SCORED
28652,28651,2015-07-01,2015,2015-07-01,1,240,WARMUP_2015_NOT_SCORED
28699,28698,2015-07-01,2015,2015-07-01,-1,240,WARMUP_2015_NOT_SCORED
28746,28745,2015-07-01,2015,2015-07-01,-1,240,WARMUP_2015_NOT_SCORED
28764,28763,2015-07-01,2015,2015-07-01,-1,240,WARMUP_2015_NOT_SCORED
28783,28782,2015-07-01,2015,2015-07-01,-1,240,WARMUP_2015_NOT_SCORED
28801,28800,2015-07-02,2015,2015-07-02,-1,240,WARMUP_2015_NOT_SCORED
28812,28811,2015-07-02,2015,2015-07-02,-1,240,WARMUP_2015_NOT_SCORED
28825,28824,2015-07-02,2015,2015-07-02,1,240,WARMUP_2015_NOT_SCORED
28848,28847,2015-07-02,2015,2015-07-02,-1,240,WARMUP_2015_NOT_SCORED
28863,28862,2015-07-02,2015,2015-07-02,-1,240,WARMUP_2015_NOT_SCORED
28887,28886,2015-07-02,2015,2015-07-02,1,240,WARMUP_2015_NOT_SCORED
28914,28913,2015-07-02,2015,2015-07-02,1,240,WARMUP_2015_NOT_SCORED
28980,28979,2015-07-02,2015,2015-07-02,-1,240,WARMUP_2015_NOT_SCORED
29009,29008,2015-07-02,2015,2015-07-02,-1,240,WARMUP_2015_NOT_SCORED
29070,29069,2015-07-03,2015,2015-07-03,-1,240,WARMUP_2015_NOT_SCORED
29122,29121,2015-07-03,2015,2015-07-03,-1,240,WARMUP_2015_NOT_SCORED
29170,29169,2015-07-03,2015,2015-07-03,1,240,WARMUP_2015_NOT_SCORED
29188,29187,2015-07-03,2015,2015-07-03,1,240,WARMUP_2015_NOT_SCORED
29218,29217,2015-07-03,2015,2015-07-03,-1,240,WARMUP_2015_NOT_SCORED
29227,29226,2015-07-03,2015,2015-07-03,-1,240,WARMUP_2015_NOT_SCORED
29240,29239,2015-07-03,2015,2015-07-03,-1,240,WARMUP_2015_NOT_SCORED
29265,29264,2015-07-03,2015,2015-07-03,-1,240,WARMUP_2015_NOT_SCORED
29293,29292,2015-07-06,2015,2015-07-06,1,240,WARMUP_2015_NOT_SCORED
29321,29320,2015-07-06,2015,2015-07-06,-1,240,WARMUP_2015_NOT_SCORED
29364,29363,2015-07-06,2015,2015-07-06,-1,240,WARMUP_2015_NOT_SCORED
29398,29397,2015-07-06,2015,2015-07-06,-1,240,WARMUP_2015_NOT_SCORED
29421,29420,2015-07-06,2015,2015-07-06,-1,240,WARMUP_2015_NOT_SCORED
29452,29451,2015-07-06,2015,2015-07-06,-1,240,WARMUP_2015_NOT_SCORED
29496,29495,2015-07-06,2015,2015-07-06,1,240,WARMUP_2015_NOT_SCORED
29527,29526,2015-07-07,2015,2015-07-07,-1,240,WARMUP_2015_NOT_SCORED
29550,29549,2015-07-07,2015,2015-07-07,-1,240,WARMUP_2015_NOT_SCORED
30067,30066,2015-07-09,2015,2015-07-09,1,240,WARMUP_2015_NOT_SCORED
30503,30502,2015-07-13,2015,2015-07-13,1,240,WARMUP_2015_NOT_SCORED
30749,30748,2015-07-14,2015,2015-07-14,1,240,WARMUP_2015_NOT_SCORED
30848,30847,2015-07-14,2015,2015-07-14,1,240,WARMUP_2015_NOT_SCORED
30868,30867,2015-07-14,2015,2015-07-14,1,240,WARMUP_2015_NOT_SCORED
30877,30876,2015-07-14,2015,2015-07-14,1,240,WARMUP_2015_NOT_SCORED
30896,30895,2015-07-14,2015,2015-07-14,-1,240,WARMUP_2015_NOT_SCORED
30936,30935,2015-07-14,2015,2015-07-14,-1,240,WARMUP_2015_NOT_SCORED
30950,30949,2015-07-14,2015,2015-07-14,-1,240,WARMUP_2015_NOT_SCORED
30963,30962,2015-07-15,2015,2015-07-15,1,240,WARMUP_2015_NOT_SCORED
30970,30969,2015-07-15,2015,2015-07-15,1,240,WARMUP_2015_NOT_SCORED
31009,31008,2015-07-15,2015,2015-07-15,-1,240,WARMUP_2015_NOT_SCORED
31048,31047,2015-07-15,2015,2015-07-15,-1,240,WARMUP_2015_NOT_SCORED
31086,31085,2015-07-15,2015,2015-07-15,-1,240,WARMUP_2015_NOT_SCORED
31141,31140,2015-07-15,2015,2015-07-15,-1,240,WARMUP_2015_NOT_SCORED
31218,31217,2015-07-16,2015,2015-07-16,-1,240,WARMUP_2015_NOT_SCORED
31233,31232,2015-07-16,2015,2015-07-16,1,240,WARMUP_2015_NOT_SCORED
31269,31268,2015-07-16,2015,2015-07-16,1,240,WARMUP_2015_NOT_SCORED
31298,31297,2015-07-16,2015,2015-07-16,1,240,WARMUP_2015_NOT_SCORED
31357,31356,2015-07-16,2015,2015-07-16,-1,240,WARMUP_2015_NOT_SCORED
31379,31378,2015-07-16,2015,2015-07-16,-1,240,WARMUP_2015_NOT_SCORED
31423,31422,2015-07-16,2015,2015-07-16,-1,240,WARMUP_2015_NOT_SCORED
31429,31428,2015-07-16,2015,2015-07-16,1,240,WARMUP_2015_NOT_SCORED
31445,31444,2015-07-17,2015,2015-07-17,1,240,WARMUP_2015_NOT_SCORED
31457,31456,2015-07-17,2015,2015-07-17,1,240,WARMUP_2015_NOT_SCORED
31504,31503,2015-07-17,2015,2015-07-17,1,240,WARMUP_2015_NOT_SCORED
31574,31573,2015-07-17,2015,2015-07-17,1,240,WARMUP_2015_NOT_SCORED
31697,31696,2015-07-20,2015,2015-07-20,1,240,WARMUP_2015_NOT_SCORED
31759,31758,2015-07-20,2015,2015-07-20,1,240,WARMUP_2015_NOT_SCORED
31780,31779,2015-07-20,2015,2015-07-20,-1,240,WARMUP_2015_NOT_SCORED
31971,31970,2015-07-21,2015,2015-07-21,1,240,WARMUP_2015_NOT_SCORED
32015,32014,2015-07-21,2015,2015-07-21,1,240,WARMUP_2015_NOT_SCORED
32059,32058,2015-07-21,2015,2015-07-21,-1,240,WARMUP_2015_NOT_SCORED
32128,32127,2015-07-21,2015,2015-07-21,1,240,WARMUP_2015_NOT_SCORED
32169,32168,2015-07-22,2015,2015-07-22,1,240,WARMUP_2015_NOT_SCORED
32190,32189,2015-07-22,2015,2015-07-22,1,240,WARMUP_2015_NOT_SCORED
32262,32261,2015-07-22,2015,2015-07-22,1,240,WARMUP_2015_NOT_SCORED
32299,32298,2015-07-22,2015,2015-07-22,-1,240,WARMUP_2015_NOT_SCORED
32410,32409,2015-07-23,2015,2015-07-23,1,240,WARMUP_2015_NOT_SCORED
32492,32491,2015-07-23,2015,2015-07-23,1,240,WARMUP_2015_NOT_SCORED
32582,32581,2015-07-23,2015,2015-07-23,1,240,WARMUP_2015_NOT_SCORED
32649,32648,2015-07-24,2015,2015-07-24,1,240,WARMUP_2015_NOT_SCORED
32671,32670,2015-07-24,2015,2015-07-24,1,240,WARMUP_2015_NOT_SCORED
32715,32714,2015-07-24,2015,2015-07-24,-1,240,WARMUP_2015_NOT_SCORED
32793,32792,2015-07-24,2015,2015-07-24,-1,240,WARMUP_2015_NOT_SCORED
32838,32837,2015-07-24,2015,2015-07-24,1,240,WARMUP_2015_NOT_SCORED
32858,32857,2015-07-24,2015,2015-07-24,1,240,WARMUP_2015_NOT_SCORED
32893,32892,2015-07-27,2015,2015-07-27,-1,240,WARMUP_2015_NOT_SCORED
32964,32963,2015-07-27,2015,2015-07-27,1,240,WARMUP_2015_NOT_SCORED
33010,33009,2015-07-27,2015,2015-07-27,-1,240,WARMUP_2015_NOT_SCORED
33033,33032,2015-07-27,2015,2015-07-27,-1,240,WARMUP_2015_NOT_SCORED
33075,33074,2015-07-27,2015,2015-07-27,-1,240,WARMUP_2015_NOT_SCORED
33091,33090,2015-07-27,2015,2015-07-27,-1,240,WARMUP_2015_NOT_SCORED
33109,33108,2015-07-27,2015,2015-07-27,-1,240,WARMUP_2015_NOT_SCORED
33125,33124,2015-07-28,2015,2015-07-28,-1,240,WARMUP_2015_NOT_SCORED
33132,33131,2015-07-28,2015,2015-07-28,-1,240,WARMUP_2015_NOT_SCORED
33163,33162,2015-07-28,2015,2015-07-28,-1,240,WARMUP_2015_NOT_SCORED
33217,33216,2015-07-28,2015,2015-07-28,1,240,WARMUP_2015_NOT_SCORED
33292,33291,2015-07-28,2015,2015-07-28,-1,240,WARMUP_2015_NOT_SCORED
33311,33310,2015-07-28,2015,2015-07-28,1,240,WARMUP_2015_NOT_SCORED
33318,33317,2015-07-28,2015,2015-07-28,1,240,WARMUP_2015_NOT_SCORED
33329,33328,2015-07-28,2015,2015-07-28,1,240,WARMUP_2015_NOT_SCORED
33341,33340,2015-07-28,2015,2015-07-28,-1,240,WARMUP_2015_NOT_SCORED
33366,33365,2015-07-29,2015,2015-07-29,1,240,WARMUP_2015_NOT_SCORED
33401,33400,2015-07-29,2015,2015-07-29,-1,240,WARMUP_2015_NOT_SCORED
33425,33424,2015-07-29,2015,2015-07-29,-1,240,WARMUP_2015_NOT_SCORED
33507,33506,2015-07-29,2015,2015-07-29,-1,240,WARMUP_2015_NOT_SCORED
33529,33528,2015-07-29,2015,2015-07-29,-1,240,WARMUP_2015_NOT_SCORED
33552,33551,2015-07-29,2015,2015-07-29,1,240,WARMUP_2015_NOT_SCORED
33563,33562,2015-07-29,2015,2015-07-29,1,240,WARMUP_2015_NOT_SCORED
33574,33573,2015-07-29,2015,2015-07-29,1,240,WARMUP_2015_NOT_SCORED
33603,33602,2015-07-30,2015,2015-07-30,1,240,WARMUP_2015_NOT_SCORED
33621,33620,2015-07-30,2015,2015-07-30,1,240,WARMUP_2015_NOT_SCORED
33692,33691,2015-07-30,2015,2015-07-30,1,240,WARMUP_2015_NOT_SCORED
33708,33707,2015-07-30,2015,2015-07-30,1,240,WARMUP_2015_NOT_SCORED
33743,33742,2015-07-30,2015,2015-07-30,-1,240,WARMUP_2015_NOT_SCORED
33760,33759,2015-07-30,2015,2015-07-30,-1,240,WARMUP_2015_NOT_SCORED
33793,33792,2015-07-30,2015,2015-07-30,1,240,WARMUP_2015_NOT_SCORED
33808,33807,2015-07-30,2015,2015-07-30,1,240,WARMUP_2015_NOT_SCORED
33818,33817,2015-07-30,2015,2015-07-30,-1,240,WARMUP_2015_NOT_SCORED
33844,33843,2015-07-31,2015,2015-07-31,-1,240,WARMUP_2015_NOT_SCORED
33850,33849,2015-07-31,2015,2015-07-31,-1,240,WARMUP_2015_NOT_SCORED
33877,33876,2015-07-31,2015,2015-07-31,-1,240,WARMUP_2015_NOT_SCORED
33900,33899,2015-07-31,2015,2015-07-31,-1,240,WARMUP_2015_NOT_SCORED
33910,33909,2015-07-31,2015,2015-07-31,1,240,WARMUP_2015_NOT_SCORED
34041,34040,2015-07-31,2015,2015-07-31,1,240,WARMUP_2015_NOT_SCORED
34055,34054,2015-07-31,2015,2015-07-31,-1,240,WARMUP_2015_NOT_SCORED
34086,34085,2015-08-03,2015,2015-08-03,-1,240,WARMUP_2015_NOT_SCORED
34098,34097,2015-08-03,2015,2015-08-03,-1,240,WARMUP_2015_NOT_SCORED
34133,34132,2015-08-03,2015,2015-08-03,-1,240,WARMUP_2015_NOT_SCORED
34161,34160,2015-08-03,2015,2015-08-03,1,240,WARMUP_2015_NOT_SCORED
34219,34218,2015-08-03,2015,2015-08-03,-1,240,WARMUP_2015_NOT_SCORED
34249,34248,2015-08-03,2015,2015-08-03,-1,240,WARMUP_2015_NOT_SCORED
34297,34296,2015-08-03,2015,2015-08-03,-1,240,WARMUP_2015_NOT_SCORED
34327,34326,2015-08-04,2015,2015-08-04,1,240,WARMUP_2015_NOT_SCORED
34352,34351,2015-08-04,2015,2015-08-04,1,240,WARMUP_2015_NOT_SCORED
34479,34478,2015-08-04,2015,2015-08-04,1,240,WARMUP_2015_NOT_SCORED
34526,34525,2015-08-04,2015,2015-08-04,1,240,WARMUP_2015_NOT_SCORED
34583,34582,2015-08-05,2015,2015-08-05,1,240,WARMUP_2015_NOT_SCORED
34628,34627,2015-08-05,2015,2015-08-05,1,240,WARMUP_2015_NOT_SCORED
34678,34677,2015-08-05,2015,2015-08-05,-1,240,WARMUP_2015_NOT_SCORED
34688,34687,2015-08-05,2015,2015-08-05,-1,240,WARMUP_2015_NOT_SCORED
34724,34723,2015-08-05,2015,2015-08-05,-1,240,WARMUP_2015_NOT_SCORED
34783,34782,2015-08-05,2015,2015-08-05,1,240,WARMUP_2015_NOT_SCORED
34805,34804,2015-08-06,2015,2015-08-06,-1,240,WARMUP_2015_NOT_SCORED
35160,35159,2015-08-07,2015,2015-08-07,1,240,WARMUP_2015_NOT_SCORED
35216,35215,2015-08-07,2015,2015-08-07,1,240,WARMUP_2015_NOT_SCORED
35286,35285,2015-08-10,2015,2015-08-10,1,240,WARMUP_2015_NOT_SCORED
35312,35311,2015-08-10,2015,2015-08-10,1,240,WARMUP_2015_NOT_SCORED
35356,35355,2015-08-10,2015,2015-08-10,1,240,WARMUP_2015_NOT_SCORED
35450,35449,2015-08-10,2015,2015-08-10,1,240,WARMUP_2015_NOT_SCORED
35524,35523,2015-08-11,2015,2015-08-11,1,240,WARMUP_2015_NOT_SCORED
35539,35538,2015-08-11,2015,2015-08-11,1,240,WARMUP_2015_NOT_SCORED
35566,35565,2015-08-11,2015,2015-08-11,1,240,WARMUP_2015_NOT_SCORED
35645,35644,2015-08-11,2015,2015-08-11,-1,240,WARMUP_2015_NOT_SCORED
35666,35665,2015-08-11,2015,2015-08-11,-1,240,WARMUP_2015_NOT_SCORED
35735,35734,2015-08-11,2015,2015-08-11,1,240,WARMUP_2015_NOT_SCORED
35787,35786,2015-08-12,2015,2015-08-12,-1,240,WARMUP_2015_NOT_SCORED
35967,35966,2015-08-12,2015,2015-08-12,-1,240,WARMUP_2015_NOT_SCORED
36086,36085,2015-08-13,2015,2015-08-13,1,240,WARMUP_2015_NOT_SCORED
36149,36148,2015-08-13,2015,2015-08-13,-1,240,WARMUP_2015_NOT_SCORED
36246,36245,2015-08-14,2015,2015-08-14,1,240,WARMUP_2015_NOT_SCORED
36287,36286,2015-08-14,2015,2015-08-14,1,240,WARMUP_2015_NOT_SCORED
36304,36303,2015-08-14,2015,2015-08-14,1,240,WARMUP_2015_NOT_SCORED
36399,36398,2015-08-14,2015,2015-08-14,1,240,WARMUP_2015_NOT_SCORED
36464,36463,2015-08-14,2015,2015-08-14,-1,240,WARMUP_2015_NOT_SCORED
36533,36532,2015-08-17,2015,2015-08-17,-1,240,WARMUP_2015_NOT_SCORED
36581,36580,2015-08-17,2015,2015-08-17,-1,240,WARMUP_2015_NOT_SCORED
36633,36632,2015-08-17,2015,2015-08-17,1,240,WARMUP_2015_NOT_SCORED
36685,36684,2015-08-17,2015,2015-08-17,1,240,WARMUP_2015_NOT_SCORED
36728,36727,2015-08-18,2015,2015-08-18,1,240,WARMUP_2015_NOT_SCORED
36837,36836,2015-08-18,2015,2015-08-18,-1,240,WARMUP_2015_NOT_SCORED
36859,36858,2015-08-18,2015,2015-08-18,-1,240,WARMUP_2015_NOT_SCORED
36880,36879,2015-08-18,2015,2015-08-18,-1,240,WARMUP_2015_NOT_SCORED
36894,36893,2015-08-18,2015,2015-08-18,-1,240,WARMUP_2015_NOT_SCORED
36904,36903,2015-08-18,2015,2015-08-18,-1,240,WARMUP_2015_NOT_SCORED
36929,36928,2015-08-18,2015,2015-08-18,-1,240,WARMUP_2015_NOT_SCORED
36964,36963,2015-08-19,2015,2015-08-19,-1,240,WARMUP_2015_NOT_SCORED
36999,36998,2015-08-19,2015,2015-08-19,1,240,WARMUP_2015_NOT_SCORED
37065,37064,2015-08-19,2015,2015-08-19,-1,240,WARMUP_2015_NOT_SCORED
37160,37159,2015-08-19,2015,2015-08-19,1,240,WARMUP_2015_NOT_SCORED
37185,37184,2015-08-19,2015,2015-08-19,1,240,WARMUP_2015_NOT_SCORED
37349,37348,2015-08-20,2015,2015-08-20,1,240,WARMUP_2015_NOT_SCORED
37420,37419,2015-08-20,2015,2015-08-20,-1,240,WARMUP_2015_NOT_SCORED
37445,37444,2015-08-21,2015,2015-08-21,-1,240,WARMUP_2015_NOT_SCORED
37457,37456,2015-08-21,2015,2015-08-21,-1,240,WARMUP_2015_NOT_SCORED
37490,37489,2015-08-21,2015,2015-08-21,-1,240,WARMUP_2015_NOT_SCORED
37540,37539,2015-08-21,2015,2015-08-21,-1,240,WARMUP_2015_NOT_SCORED
37570,37569,2015-08-21,2015,2015-08-21,-1,240,WARMUP_2015_NOT_SCORED
37583,37582,2015-08-21,2015,2015-08-21,-1,240,WARMUP_2015_NOT_SCORED
37643,37642,2015-08-21,2015,2015-08-21,1,240,WARMUP_2015_NOT_SCORED
37693,37692,2015-08-24,2015,2015-08-24,-1,240,WARMUP_2015_NOT_SCORED
37715,37714,2015-08-24,2015,2015-08-24,-1,240,WARMUP_2015_NOT_SCORED
37744,37743,2015-08-24,2015,2015-08-24,-1,240,WARMUP_2015_NOT_SCORED
37898,37897,2015-08-24,2015,2015-08-24,-1,240,WARMUP_2015_NOT_SCORED
37948,37947,2015-08-25,2015,2015-08-25,-1,240,WARMUP_2015_NOT_SCORED
38174,38173,2015-08-26,2015,2015-08-26,-1,240,WARMUP_2015_NOT_SCORED
38185,38184,2015-08-26,2015,2015-08-26,1,240,WARMUP_2015_NOT_SCORED
38215,38214,2015-08-26,2015,2015-08-26,-1,240,WARMUP_2015_NOT_SCORED
38224,38223,2015-08-26,2015,2015-08-26,-1,240,WARMUP_2015_NOT_SCORED
38238,38237,2015-08-26,2015,2015-08-26,-1,240,WARMUP_2015_NOT_SCORED
38279,38278,2015-08-26,2015,2015-08-26,1,240,WARMUP_2015_NOT_SCORED
38290,38289,2015-08-26,2015,2015-08-26,1,240,WARMUP_2015_NOT_SCORED
38312,38311,2015-08-26,2015,2015-08-26,1,240,WARMUP_2015_NOT_SCORED
38327,38326,2015-08-26,2015,2015-08-26,1,240,WARMUP_2015_NOT_SCORED
38341,38340,2015-08-26,2015,2015-08-26,-1,240,WARMUP_2015_NOT_SCORED
38363,38362,2015-08-26,2015,2015-08-26,-1,240,WARMUP_2015_NOT_SCORED
38402,38401,2015-08-27,2015,2015-08-27,-1,240,WARMUP_2015_NOT_SCORED
38534,38533,2015-08-27,2015,2015-08-27,-1,240,WARMUP_2015_NOT_SCORED
38585,38584,2015-08-27,2015,2015-08-27,-1,240,WARMUP_2015_NOT_SCORED
38600,38599,2015-08-27,2015,2015-08-27,-1,240,WARMUP_2015_NOT_SCORED
38607,38606,2015-08-27,2015,2015-08-27,-1,240,WARMUP_2015_NOT_SCORED
38617,38616,2015-08-27,2015,2015-08-27,1,240,WARMUP_2015_NOT_SCORED
38632,38631,2015-08-27,2015,2015-08-27,1,240,WARMUP_2015_NOT_SCORED
38644,38643,2015-08-28,2015,2015-08-28,1,240,WARMUP_2015_NOT_SCORED
38651,38650,2015-08-28,2015,2015-08-28,1,240,WARMUP_2015_NOT_SCORED
38668,38667,2015-08-28,2015,2015-08-28,1,240,WARMUP_2015_NOT_SCORED
38703,38702,2015-08-28,2015,2015-08-28,1,240,WARMUP_2015_NOT_SCORED
38727,38726,2015-08-28,2015,2015-08-28,1,240,WARMUP_2015_NOT_SCORED
38780,38779,2015-08-28,2015,2015-08-28,1,240,WARMUP_2015_NOT_SCORED
38832,38831,2015-08-28,2015,2015-08-28,1,240,WARMUP_2015_NOT_SCORED
38868,38867,2015-08-28,2015,2015-08-28,1,240,WARMUP_2015_NOT_SCORED
38883,38882,2015-08-31,2015,2015-08-31,1,240,WARMUP_2015_NOT_SCORED
39125,39124,2015-09-01,2015,2015-09-01,-1,240,WARMUP_2015_NOT_SCORED
39133,39132,2015-09-01,2015,2015-09-01,-1,240,WARMUP_2015_NOT_SCORED
39166,39165,2015-09-01,2015,2015-09-01,-1,240,WARMUP_2015_NOT_SCORED
39186,39185,2015-09-01,2015,2015-09-01,-1,240,WARMUP_2015_NOT_SCORED
39327,39326,2015-09-01,2015,2015-09-01,-1,240,WARMUP_2015_NOT_SCORED
39356,39355,2015-09-01,2015,2015-09-01,-1,240,WARMUP_2015_NOT_SCORED
39377,39376,2015-09-02,2015,2015-09-02,-1,240,WARMUP_2015_NOT_SCORED
39494,39493,2015-09-02,2015,2015-09-02,1,240,WARMUP_2015_NOT_SCORED
39586,39585,2015-09-02,2015,2015-09-02,-1,240,WARMUP_2015_NOT_SCORED
39621,39620,2015-09-07,2015,2015-09-07,1,240,WARMUP_2015_NOT_SCORED
39745,39744,2015-09-07,2015,2015-09-07,1,240,WARMUP_2015_NOT_SCORED
39776,39775,2015-09-07,2015,2015-09-07,1,240,WARMUP_2015_NOT_SCORED
39781,39780,2015-09-07,2015,2015-09-07,-1,240,WARMUP_2015_NOT_SCORED
39873,39872,2015-09-08,2015,2015-09-08,1,240,WARMUP_2015_NOT_SCORED
39955,39954,2015-09-08,2015,2015-09-08,1,240,WARMUP_2015_NOT_SCORED
40007,40006,2015-09-08,2015,2015-09-08,-1,240,WARMUP_2015_NOT_SCORED
40160,40159,2015-09-09,2015,2015-09-09,1,240,WARMUP_2015_NOT_SCORED
40239,40238,2015-09-09,2015,2015-09-09,-1,240,WARMUP_2015_NOT_SCORED
40271,40270,2015-09-09,2015,2015-09-09,-1,240,WARMUP_2015_NOT_SCORED
40281,40280,2015-09-09,2015,2015-09-09,-1,240,WARMUP_2015_NOT_SCORED
40323,40322,2015-09-10,2015,2015-09-10,1,240,WARMUP_2015_NOT_SCORED
40370,40369,2015-09-10,2015,2015-09-10,1,240,WARMUP_2015_NOT_SCORED
40418,40417,2015-09-10,2015,2015-09-10,1,240,WARMUP_2015_NOT_SCORED
40490,40489,2015-09-10,2015,2015-09-10,1,240,WARMUP_2015_NOT_SCORED
40513,40512,2015-09-10,2015,2015-09-10,1,240,WARMUP_2015_NOT_SCORED
40576,40575,2015-09-11,2015,2015-09-11,-1,240,WARMUP_2015_NOT_SCORED
40683,40682,2015-09-11,2015,2015-09-11,1,240,WARMUP_2015_NOT_SCORED
40743,40742,2015-09-11,2015,2015-09-11,-1,240,WARMUP_2015_NOT_SCORED
40786,40785,2015-09-11,2015,2015-09-11,1,240,WARMUP_2015_NOT_SCORED
40819,40818,2015-09-14,2015,2015-09-14,1,240,WARMUP_2015_NOT_SCORED
40871,40870,2015-09-14,2015,2015-09-14,-1,240,WARMUP_2015_NOT_SCORED
40929,40928,2015-09-14,2015,2015-09-14,-1,240,WARMUP_2015_NOT_SCORED
40954,40953,2015-09-14,2015,2015-09-14,-1,240,WARMUP_2015_NOT_SCORED
41020,41019,2015-09-14,2015,2015-09-14,-1,240,WARMUP_2015_NOT_SCORED
41045,41044,2015-09-15,2015,2015-09-15,-1,240,WARMUP_2015_NOT_SCORED
41054,41053,2015-09-15,2015,2015-09-15,-1,240,WARMUP_2015_NOT_SCORED
41235,41234,2015-09-15,2015,2015-09-15,-1,240,WARMUP_2015_NOT_SCORED
41283,41282,2015-09-16,2015,2015-09-16,-1,240,WARMUP_2015_NOT_SCORED
41296,41295,2015-09-16,2015,2015-09-16,-1,240,WARMUP_2015_NOT_SCORED
41301,41300,2015-09-16,2015,2015-09-16,1,240,WARMUP_2015_NOT_SCORED
41344,41343,2015-09-16,2015,2015-09-16,1,240,WARMUP_2015_NOT_SCORED
41400,41399,2015-09-16,2015,2015-09-16,1,240,WARMUP_2015_NOT_SCORED
41523,41522,2015-09-17,2015,2015-09-17,1,240,WARMUP_2015_NOT_SCORED
41530,41529,2015-09-17,2015,2015-09-17,1,240,WARMUP_2015_NOT_SCORED
41546,41545,2015-09-17,2015,2015-09-17,1,240,WARMUP_2015_NOT_SCORED
41578,41577,2015-09-17,2015,2015-09-17,1,240,WARMUP_2015_NOT_SCORED
41606,41605,2015-09-17,2015,2015-09-17,1,240,WARMUP_2015_NOT_SCORED
41629,41628,2015-09-17,2015,2015-09-17,1,240,WARMUP_2015_NOT_SCORED
41676,41675,2015-09-17,2015,2015-09-17,1,240,WARMUP_2015_NOT_SCORED
41718,41717,2015-09-17,2015,2015-09-17,1,240,WARMUP_2015_NOT_SCORED
41753,41752,2015-09-17,2015,2015-09-17,-1,240,WARMUP_2015_NOT_SCORED
41763,41762,2015-09-18,2015,2015-09-18,-1,240,WARMUP_2015_NOT_SCORED
41796,41795,2015-09-18,2015,2015-09-18,-1,240,WARMUP_2015_NOT_SCORED
41848,41847,2015-09-18,2015,2015-09-18,-1,240,WARMUP_2015_NOT_SCORED
41947,41946,2015-09-18,2015,2015-09-18,1,240,WARMUP_2015_NOT_SCORED
41995,41994,2015-09-18,2015,2015-09-18,1,240,WARMUP_2015_NOT_SCORED
42053,42052,2015-09-21,2015,2015-09-21,1,240,WARMUP_2015_NOT_SCORED
42170,42169,2015-09-21,2015,2015-09-21,1,240,WARMUP_2015_NOT_SCORED
42266,42265,2015-09-22,2015,2015-09-22,1,240,WARMUP_2015_NOT_SCORED
42499,42498,2015-09-23,2015,2015-09-23,-1,240,WARMUP_2015_NOT_SCORED
43075,43074,2015-09-25,2015,2015-09-25,-1,240,WARMUP_2015_NOT_SCORED
43193,43192,2015-09-25,2015,2015-09-25,1,240,WARMUP_2015_NOT_SCORED
43221,43220,2015-09-28,2015,2015-09-28,-1,240,WARMUP_2015_NOT_SCORED
43262,43261,2015-09-28,2015,2015-09-28,-1,240,WARMUP_2015_NOT_SCORED
43353,43352,2015-09-28,2015,2015-09-28,1,240,WARMUP_2015_NOT_SCORED
43417,43416,2015-09-28,2015,2015-09-28,1,240,WARMUP_2015_NOT_SCORED
43443,43442,2015-09-29,2015,2015-09-29,1,240,WARMUP_2015_NOT_SCORED
43654,43653,2015-09-29,2015,2015-09-29,-1,240,WARMUP_2015_NOT_SCORED
43688,43687,2015-09-30,2015,2015-09-30,-1,240,WARMUP_2015_NOT_SCORED
43709,43708,2015-09-30,2015,2015-09-30,-1,240,WARMUP_2015_NOT_SCORED
43738,43737,2015-09-30,2015,2015-09-30,1,240,WARMUP_2015_NOT_SCORED
43768,43767,2015-09-30,2015,2015-09-30,1,240,WARMUP_2015_NOT_SCORED
43858,43857,2015-09-30,2015,2015-09-30,-1,240,WARMUP_2015_NOT_SCORED
43933,43932,2015-10-08,2015,2015-10-08,1,240,WARMUP_2015_NOT_SCORED
43959,43958,2015-10-08,2015,2015-10-08,1,240,WARMUP_2015_NOT_SCORED
44130,44129,2015-10-08,2015,2015-10-08,1,240,WARMUP_2015_NOT_SCORED
44223,44222,2015-10-09,2015,2015-10-09,1,240,WARMUP_2015_NOT_SCORED
44258,44257,2015-10-09,2015,2015-10-09,1,240,WARMUP_2015_NOT_SCORED
44360,44359,2015-10-09,2015,2015-10-09,1,240,WARMUP_2015_NOT_SCORED
44560,44559,2015-10-12,2015,2015-10-12,1,240,WARMUP_2015_NOT_SCORED
44732,44731,2015-10-13,2015,2015-10-13,1,240,WARMUP_2015_NOT_SCORED
44801,44800,2015-10-13,2015,2015-10-13,1,240,WARMUP_2015_NOT_SCORED
44841,44840,2015-10-13,2015,2015-10-13,1,240,WARMUP_2015_NOT_SCORED
44877,44876,2015-10-13,2015,2015-10-13,1,240,WARMUP_2015_NOT_SCORED
44961,44960,2015-10-14,2015,2015-10-14,-1,240,WARMUP_2015_NOT_SCORED
44982,44981,2015-10-14,2015,2015-10-14,-1,240,WARMUP_2015_NOT_SCORED
45027,45026,2015-10-14,2015,2015-10-14,1,240,WARMUP_2015_NOT_SCORED
45117,45116,2015-10-14,2015,2015-10-14,-1,240,WARMUP_2015_NOT_SCORED
45148,45147,2015-10-15,2015,2015-10-15,-1,240,WARMUP_2015_NOT_SCORED
45297,45296,2015-10-15,2015,2015-10-15,1,240,WARMUP_2015_NOT_SCORED
45401,45400,2015-10-16,2015,2015-10-16,1,240,WARMUP_2015_NOT_SCORED
45556,45555,2015-10-16,2015,2015-10-16,-1,240,WARMUP_2015_NOT_SCORED
45622,45621,2015-10-19,2015,2015-10-19,1,240,WARMUP_2015_NOT_SCORED
45662,45661,2015-10-19,2015,2015-10-19,1,240,WARMUP_2015_NOT_SCORED
45739,45738,2015-10-19,2015,2015-10-19,1,240,WARMUP_2015_NOT_SCORED
45780,45779,2015-10-19,2015,2015-10-19,-1,240,WARMUP_2015_NOT_SCORED
45879,45878,2015-10-20,2015,2015-10-20,1,240,WARMUP_2015_NOT_SCORED
45944,45943,2015-10-20,2015,2015-10-20,1,240,WARMUP_2015_NOT_SCORED
46030,46029,2015-10-20,2015,2015-10-20,1,240,WARMUP_2015_NOT_SCORED
46065,46064,2015-10-20,2015,2015-10-20,1,240,WARMUP_2015_NOT_SCORED
46107,46106,2015-10-21,2015,2015-10-21,1,240,WARMUP_2015_NOT_SCORED
46187,46186,2015-10-21,2015,2015-10-21,-1,240,WARMUP_2015_NOT_SCORED
46246,46245,2015-10-21,2015,2015-10-21,-1,240,WARMUP_2015_NOT_SCORED
46261,46260,2015-10-21,2015,2015-10-21,-1,240,WARMUP_2015_NOT_SCORED
46314,46313,2015-10-21,2015,2015-10-21,-1,240,WARMUP_2015_NOT_SCORED
46392,46391,2015-10-22,2015,2015-10-22,1,240,WARMUP_2015_NOT_SCORED
46477,46476,2015-10-22,2015,2015-10-22,-1,240,WARMUP_2015_NOT_SCORED
46579,46578,2015-10-23,2015,2015-10-23,1,240,WARMUP_2015_NOT_SCORED
46611,46610,2015-10-23,2015,2015-10-23,1,240,WARMUP_2015_NOT_SCORED
46658,46657,2015-10-23,2015,2015-10-23,1,240,WARMUP_2015_NOT_SCORED
46728,46727,2015-10-23,2015,2015-10-23,1,240,WARMUP_2015_NOT_SCORED
46758,46757,2015-10-23,2015,2015-10-23,1,240,WARMUP_2015_NOT_SCORED
46814,46813,2015-10-26,2015,2015-10-26,1,240,WARMUP_2015_NOT_SCORED
46972,46971,2015-10-26,2015,2015-10-26,1,240,WARMUP_2015_NOT_SCORED
47041,47040,2015-10-27,2015,2015-10-27,-1,240,WARMUP_2015_NOT_SCORED
47074,47073,2015-10-27,2015,2015-10-27,-1,240,WARMUP_2015_NOT_SCORED
47101,47100,2015-10-27,2015,2015-10-27,-1,240,WARMUP_2015_NOT_SCORED
47147,47146,2015-10-27,2015,2015-10-27,-1,240,WARMUP_2015_NOT_SCORED
47212,47211,2015-10-27,2015,2015-10-27,1,240,WARMUP_2015_NOT_SCORED
47253,47252,2015-10-27,2015,2015-10-27,1,240,WARMUP_2015_NOT_SCORED
47283,47282,2015-10-28,2015,2015-10-28,1,240,WARMUP_2015_NOT_SCORED
47322,47321,2015-10-28,2015,2015-10-28,-1,240,WARMUP_2015_NOT_SCORED
47349,47348,2015-10-28,2015,2015-10-28,1,240,WARMUP_2015_NOT_SCORED
47431,47430,2015-10-28,2015,2015-10-28,-1,240,WARMUP_2015_NOT_SCORED
47465,47464,2015-10-28,2015,2015-10-28,-1,240,WARMUP_2015_NOT_SCORED
47523,47522,2015-10-29,2015,2015-10-29,-1,240,WARMUP_2015_NOT_SCORED
47570,47569,2015-10-29,2015,2015-10-29,-1,240,WARMUP_2015_NOT_SCORED
47674,47673,2015-10-29,2015,2015-10-29,-1,240,WARMUP_2015_NOT_SCORED
47747,47746,2015-10-29,2015,2015-10-29,1,240,WARMUP_2015_NOT_SCORED
47786,47785,2015-10-30,2015,2015-10-30,1,240,WARMUP_2015_NOT_SCORED
47855,47854,2015-10-30,2015,2015-10-30,-1,240,WARMUP_2015_NOT_SCORED
47892,47891,2015-10-30,2015,2015-10-30,-1,240,WARMUP_2015_NOT_SCORED
47907,47906,2015-10-30,2015,2015-10-30,-1,240,WARMUP_2015_NOT_SCORED
47928,47927,2015-10-30,2015,2015-10-30,1,240,WARMUP_2015_NOT_SCORED
48043,48042,2015-11-02,2015,2015-11-02,-1,240,WARMUP_2015_NOT_SCORED
48244,48243,2015-11-03,2015,2015-11-03,-1,240,WARMUP_2015_NOT_SCORED
48332,48331,2015-11-03,2015,2015-11-03,-1,240,WARMUP_2015_NOT_SCORED
48598,48597,2015-11-04,2015,2015-11-04,1,240,WARMUP_2015_NOT_SCORED
48636,48635,2015-11-04,2015,2015-11-04,1,240,WARMUP_2015_NOT_SCORED
48745,48744,2015-11-05,2015,2015-11-05,1,240,WARMUP_2015_NOT_SCORED
48858,48857,2015-11-05,2015,2015-11-05,-1,240,WARMUP_2015_NOT_SCORED
49044,49043,2015-11-06,2015,2015-11-06,1,240,WARMUP_2015_NOT_SCORED
49132,49131,2015-11-06,2015,2015-11-06,1,240,WARMUP_2015_NOT_SCORED
49176,49175,2015-11-06,2015,2015-11-06,1,240,WARMUP_2015_NOT_SCORED
49202,49201,2015-11-09,2015,2015-11-09,1,240,WARMUP_2015_NOT_SCORED
49211,49210,2015-11-09,2015,2015-11-09,1,240,WARMUP_2015_NOT_SCORED
49270,49269,2015-11-09,2015,2015-11-09,-1,240,WARMUP_2015_NOT_SCORED
49359,49358,2015-11-09,2015,2015-11-09,1,240,WARMUP_2015_NOT_SCORED
49443,49442,2015-11-10,2015,2015-11-10,1,240,WARMUP_2015_NOT_SCORED
49468,49467,2015-11-10,2015,2015-11-10,1,240,WARMUP_2015_NOT_SCORED
49512,49511,2015-11-10,2015,2015-11-10,1,240,WARMUP_2015_NOT_SCORED
49588,49587,2015-11-10,2015,2015-11-10,1,240,WARMUP_2015_NOT_SCORED
49690,49689,2015-11-11,2015,2015-11-11,1,240,WARMUP_2015_NOT_SCORED
49715,49714,2015-11-11,2015,2015-11-11,1,240,WARMUP_2015_NOT_SCORED
49761,49760,2015-11-11,2015,2015-11-11,1,240,WARMUP_2015_NOT_SCORED
49857,49856,2015-11-11,2015,2015-11-11,1,240,WARMUP_2015_NOT_SCORED
49915,49914,2015-11-11,2015,2015-11-11,1,240,WARMUP_2015_NOT_SCORED
49944,49943,2015-11-12,2015,2015-11-12,1,240,WARMUP_2015_NOT_SCORED
50163,50162,2015-11-13,2015,2015-11-13,1,240,WARMUP_2015_NOT_SCORED
50248,50247,2015-11-13,2015,2015-11-13,-1,240,WARMUP_2015_NOT_SCORED
50449,50448,2015-11-16,2015,2015-11-16,-1,240,WARMUP_2015_NOT_SCORED
50646,50645,2015-11-17,2015,2015-11-17,1,240,WARMUP_2015_NOT_SCORED
50673,50672,2015-11-17,2015,2015-11-17,1,240,WARMUP_2015_NOT_SCORED
51112,51111,2015-11-18,2015,2015-11-18,-1,240,WARMUP_2015_NOT_SCORED
51134,51133,2015-11-19,2015,2015-11-19,-1,240,WARMUP_2015_NOT_SCORED
51321,51320,2015-11-19,2015,2015-11-19,1,240,WARMUP_2015_NOT_SCORED
51426,51425,2015-11-20,2015,2015-11-20,1,240,WARMUP_2015_NOT_SCORED
51531,51530,2015-11-20,2015,2015-11-20,1,240,WARMUP_2015_NOT_SCORED
51556,51555,2015-11-20,2015,2015-11-20,1,240,WARMUP_2015_NOT_SCORED
51650,51649,2015-11-23,2015,2015-11-23,1,240,WARMUP_2015_NOT_SCORED
51748,51747,2015-11-23,2015,2015-11-23,1,240,WARMUP_2015_NOT_SCORED
51793,51792,2015-11-23,2015,2015-11-23,1,240,WARMUP_2015_NOT_SCORED
51816,51815,2015-11-23,2015,2015-11-23,-1,240,WARMUP_2015_NOT_SCORED
51846,51845,2015-11-24,2015,2015-11-24,-1,240,WARMUP_2015_NOT_SCORED
51912,51911,2015-11-24,2015,2015-11-24,-1,240,WARMUP_2015_NOT_SCORED
51971,51970,2015-11-24,2015,2015-11-24,-1,240,WARMUP_2015_NOT_SCORED
52126,52125,2015-11-25,2015,2015-11-25,1,240,WARMUP_2015_NOT_SCORED
52192,52191,2015-11-25,2015,2015-11-25,1,240,WARMUP_2015_NOT_SCORED
52289,52288,2015-11-25,2015,2015-11-25,1,240,WARMUP_2015_NOT_SCORED
52349,52348,2015-11-26,2015,2015-11-26,1,240,WARMUP_2015_NOT_SCORED
52511,52510,2015-11-26,2015,2015-11-26,1,240,WARMUP_2015_NOT_SCORED
52534,52533,2015-11-26,2015,2015-11-26,1,240,WARMUP_2015_NOT_SCORED
52606,52605,2015-11-27,2015,2015-11-27,-1,240,WARMUP_2015_NOT_SCORED
52701,52700,2015-11-27,2015,2015-11-27,-1,240,WARMUP_2015_NOT_SCORED
52717,52716,2015-11-27,2015,2015-11-27,-1,240,WARMUP_2015_NOT_SCORED
52747,52746,2015-11-27,2015,2015-11-27,-1,240,WARMUP_2015_NOT_SCORED
52763,52762,2015-11-27,2015,2015-11-27,-1,240,WARMUP_2015_NOT_SCORED
52804,52803,2015-11-30,2015,2015-11-30,-1,240,WARMUP_2015_NOT_SCORED
52893,52892,2015-11-30,2015,2015-11-30,-1,240,WARMUP_2015_NOT_SCORED
52904,52903,2015-11-30,2015,2015-11-30,-1,240,WARMUP_2015_NOT_SCORED
52931,52930,2015-11-30,2015,2015-11-30,-1,240,WARMUP_2015_NOT_SCORED
52955,52954,2015-11-30,2015,2015-11-30,-1,240,WARMUP_2015_NOT_SCORED
53015,53014,2015-11-30,2015,2015-11-30,1,240,WARMUP_2015_NOT_SCORED
53045,53044,2015-12-01,2015,2015-12-01,1,240,WARMUP_2015_NOT_SCORED
53054,53053,2015-12-01,2015,2015-12-01,1,240,WARMUP_2015_NOT_SCORED
53071,53070,2015-12-01,2015,2015-12-01,-1,240,WARMUP_2015_NOT_SCORED
53094,53093,2015-12-01,2015,2015-12-01,-1,240,WARMUP_2015_NOT_SCORED
53128,53127,2015-12-01,2015,2015-12-01,1,240,WARMUP_2015_NOT_SCORED
53236,53235,2015-12-01,2015,2015-12-01,1,240,WARMUP_2015_NOT_SCORED
53281,53280,2015-12-02,2015,2015-12-02,-1,240,WARMUP_2015_NOT_SCORED
53326,53325,2015-12-02,2015,2015-12-02,-1,240,WARMUP_2015_NOT_SCORED
53370,53369,2015-12-02,2015,2015-12-02,-1,240,WARMUP_2015_NOT_SCORED
53606,53605,2015-12-03,2015,2015-12-03,1,240,WARMUP_2015_NOT_SCORED
53723,53722,2015-12-03,2015,2015-12-03,1,240,WARMUP_2015_NOT_SCORED
53763,53762,2015-12-04,2015,2015-12-04,1,240,WARMUP_2015_NOT_SCORED
53788,53787,2015-12-04,2015,2015-12-04,1,240,WARMUP_2015_NOT_SCORED
53816,53815,2015-12-04,2015,2015-12-04,1,240,WARMUP_2015_NOT_SCORED
53879,53878,2015-12-04,2015,2015-12-04,1,240,WARMUP_2015_NOT_SCORED
54155,54154,2015-12-07,2015,2015-12-07,1,240,WARMUP_2015_NOT_SCORED
54244,54243,2015-12-08,2015,2015-12-08,1,240,WARMUP_2015_NOT_SCORED
54327,54326,2015-12-08,2015,2015-12-08,-1,240,WARMUP_2015_NOT_SCORED
54494,54493,2015-12-09,2015,2015-12-09,-1,240,WARMUP_2015_NOT_SCORED
54530,54529,2015-12-09,2015,2015-12-09,-1,240,WARMUP_2015_NOT_SCORED
54675,54674,2015-12-09,2015,2015-12-09,-1,240,WARMUP_2015_NOT_SCORED
54919,54918,2015-12-10,2015,2015-12-10,1,240,WARMUP_2015_NOT_SCORED
54943,54942,2015-12-10,2015,2015-12-10,1,240,WARMUP_2015_NOT_SCORED
55041,55040,2015-12-11,2015,2015-12-11,-1,240,WARMUP_2015_NOT_SCORED
55093,55092,2015-12-11,2015,2015-12-11,-1,240,WARMUP_2015_NOT_SCORED
55154,55153,2015-12-11,2015,2015-12-11,-1,240,WARMUP_2015_NOT_SCORED
55220,55219,2015-12-14,2015,2015-12-14,-1,240,WARMUP_2015_NOT_SCORED
55497,55496,2015-12-15,2015,2015-12-15,1,240,WARMUP_2015_NOT_SCORED
55636,55635,2015-12-15,2015,2015-12-15,1,240,WARMUP_2015_NOT_SCORED
55882,55881,2015-12-16,2015,2015-12-16,1,240,WARMUP_2015_NOT_SCORED
55995,55994,2015-12-17,2015,2015-12-17,1,240,WARMUP_2015_NOT_SCORED
56100,56099,2015-12-17,2015,2015-12-17,1,240,WARMUP_2015_NOT_SCORED
56138,56137,2015-12-17,2015,2015-12-17,1,240,WARMUP_2015_NOT_SCORED
56233,56232,2015-12-18,2015,2015-12-18,1,240,WARMUP_2015_NOT_SCORED
56761,56760,2015-12-22,2015,2015-12-22,1,240,WARMUP_2015_NOT_SCORED
56857,56856,2015-12-22,2015,2015-12-22,1,240,WARMUP_2015_NOT_SCORED
56935,56934,2015-12-23,2015,2015-12-23,1,240,WARMUP_2015_NOT_SCORED
57157,57156,2015-12-24,2015,2015-12-24,-1,240,WARMUP_2015_NOT_SCORED
57230,57229,2015-12-24,2015,2015-12-24,-1,240,WARMUP_2015_NOT_SCORED
57744,57743,2015-12-28,2015,2015-12-28,1,240,WARMUP_2015_NOT_SCORED
57758,57757,2015-12-28,2015,2015-12-28,1,240,WARMUP_2015_NOT_SCORED
57807,57806,2015-12-28,2015,2015-12-28,-1,240,WARMUP_2015_NOT_SCORED
57833,57832,2015-12-28,2015,2015-12-28,-1,240,WARMUP_2015_NOT_SCORED
57867,57866,2015-12-29,2015,2015-12-29,-1,240,WARMUP_2015_NOT_SCORED
57912,57911,2015-12-29,2015,2015-12-29,-1,240,WARMUP_2015_NOT_SCORED
58240,58239,2015-12-30,2015,2015-12-30,1,240,WARMUP_2015_NOT_SCORED
58374,58373,2015-12-31,2015,2015-12-31,1,240,WARMUP_2015_NOT_SCORED
58453,58452,2015-12-31,2015,2015-12-31,1,240,WARMUP_2015_NOT_SCORED
58513,58512,2015-12-31,2015,2015-12-31,-1,240,WARMUP_2015_NOT_SCORED
58593,58592,2016-01-04,2016,2016-01-04,-1,240,SCORED
58614,58613,2016-01-04,2016,2016-01-04,-1,240,SCORED
58713,58712,2016-01-05,2016,2016-01-05,-1,240,SCORED
58905,58904,2016-01-05,2016,2016-01-05,-1,240,SCORED
58931,58930,2016-01-05,2016,2016-01-05,1,240,SCORED
58964,58963,2016-01-06,2016,2016-01-06,1,240,SCORED
59016,59015,2016-01-06,2016,2016-01-06,1,240,SCORED
59125,59124,2016-01-06,2016,2016-01-06,1,240,SCORED
59173,59172,2016-01-06,2016,2016-01-06,1,240,SCORED
59187,59186,2016-01-07,2016,2016-01-07,1,240,SCORED
59204,59203,2016-01-08,2016,2016-01-08,-1,240,SCORED
59226,59225,2016-01-08,2016,2016-01-08,-1,240,SCORED
59237,59236,2016-01-08,2016,2016-01-08,1,240,SCORED
59270,59269,2016-01-08,2016,2016-01-08,1,240,SCORED
59338,59337,2016-01-08,2016,2016-01-08,1,240,SCORED
59378,59377,2016-01-08,2016,2016-01-08,1,240,SCORED
59447,59446,2016-01-11,2016,2016-01-11,-1,240,SCORED
59564,59563,2016-01-11,2016,2016-01-11,-1,240,SCORED
59588,59587,2016-01-11,2016,2016-01-11,-1,240,SCORED
59609,59608,2016-01-11,2016,2016-01-11,-1,240,SCORED
59659,59658,2016-01-11,2016,2016-01-11,-1,240,SCORED
59674,59673,2016-01-11,2016,2016-01-11,-1,240,SCORED
59697,59696,2016-01-12,2016,2016-01-12,-1,240,SCORED
59760,59759,2016-01-12,2016,2016-01-12,-1,240,SCORED
59865,59864,2016-01-12,2016,2016-01-12,1,240,SCORED
59996,59995,2016-01-13,2016,2016-01-13,1,240,SCORED
60065,60064,2016-01-13,2016,2016-01-13,-1,240,SCORED
60137,60136,2016-01-13,2016,2016-01-13,-1,240,SCORED
60156,60155,2016-01-13,2016,2016-01-13,-1,240,SCORED
60165,60164,2016-01-14,2016,2016-01-14,-1,240,SCORED
60331,60330,2016-01-14,2016,2016-01-14,1,240,SCORED
60371,60370,2016-01-14,2016,2016-01-14,1,240,SCORED
60404,60403,2016-01-15,2016,2016-01-15,1,240,SCORED
60449,60448,2016-01-15,2016,2016-01-15,1,240,SCORED
60536,60535,2016-01-15,2016,2016-01-15,-1,240,SCORED
60567,60566,2016-01-15,2016,2016-01-15,-1,240,SCORED
60612,60611,2016-01-15,2016,2016-01-15,-1,240,SCORED
60646,60645,2016-01-18,2016,2016-01-18,-1,240,SCORED
60667,60666,2016-01-18,2016,2016-01-18,1,240,SCORED
60718,60717,2016-01-18,2016,2016-01-18,1,240,SCORED
60743,60742,2016-01-18,2016,2016-01-18,-1,240,SCORED
60814,60813,2016-01-18,2016,2016-01-18,1,240,SCORED
60924,60923,2016-01-19,2016,2016-01-19,-1,240,SCORED
61057,61056,2016-01-19,2016,2016-01-19,1,240,SCORED
61095,61094,2016-01-19,2016,2016-01-19,1,240,SCORED
61124,61123,2016-01-20,2016,2016-01-20,1,240,SCORED
61189,61188,2016-01-20,2016,2016-01-20,1,240,SCORED
61271,61270,2016-01-20,2016,2016-01-20,-1,240,SCORED
61329,61328,2016-01-20,2016,2016-01-20,1,240,SCORED
61382,61381,2016-01-21,2016,2016-01-21,-1,240,SCORED
61534,61533,2016-01-21,2016,2016-01-21,-1,240,SCORED
61557,61556,2016-01-21,2016,2016-01-21,-1,240,SCORED
61582,61581,2016-01-21,2016,2016-01-21,-1,240,SCORED
61594,61593,2016-01-21,2016,2016-01-21,-1,240,SCORED
61603,61602,2016-01-22,2016,2016-01-22,-1,240,SCORED
61633,61632,2016-01-22,2016,2016-01-22,-1,240,SCORED
61657,61656,2016-01-22,2016,2016-01-22,-1,240,SCORED
61755,61754,2016-01-22,2016,2016-01-22,-1,240,SCORED
61816,61815,2016-01-22,2016,2016-01-22,1,240,SCORED
61861,61860,2016-01-25,2016,2016-01-25,1,240,SCORED
61907,61906,2016-01-25,2016,2016-01-25,1,240,SCORED
62008,62007,2016-01-25,2016,2016-01-25,1,240,SCORED
62114,62113,2016-01-26,2016,2016-01-26,-1,240,SCORED
62222,62221,2016-01-26,2016,2016-01-26,-1,240,SCORED
62238,62237,2016-01-26,2016,2016-01-26,-1,240,SCORED
62270,62269,2016-01-26,2016,2016-01-26,-1,240,SCORED
62296,62295,2016-01-26,2016,2016-01-26,-1,240,SCORED
62314,62313,2016-01-26,2016,2016-01-26,-1,240,SCORED
62337,62336,2016-01-27,2016,2016-01-27,-1,240,SCORED
62356,62355,2016-01-27,2016,2016-01-27,-1,240,SCORED
62372,62371,2016-01-27,2016,2016-01-27,-1,240,SCORED
62390,62389,2016-01-27,2016,2016-01-27,-1,240,SCORED
62432,62431,2016-01-27,2016,2016-01-27,-1,240,SCORED
62463,62462,2016-01-27,2016,2016-01-27,-1,240,SCORED
62507,62506,2016-01-27,2016,2016-01-27,1,240,SCORED
62537,62536,2016-01-27,2016,2016-01-27,1,240,SCORED
62804,62803,2016-01-29,2016,2016-01-29,-1,240,SCORED
62922,62921,2016-01-29,2016,2016-01-29,1,240,SCORED
62967,62966,2016-01-29,2016,2016-01-29,1,240,SCORED
62996,62995,2016-01-29,2016,2016-01-29,1,240,SCORED
63017,63016,2016-01-29,2016,2016-01-29,1,240,SCORED
63044,63043,2016-02-01,2016,2016-02-01,1,240,SCORED
63241,63240,2016-02-01,2016,2016-02-01,-1,240,SCORED
63484,63483,2016-02-02,2016,2016-02-02,1,240,SCORED
63900,63899,2016-02-04,2016,2016-02-04,1,240,SCORED
63992,63991,2016-02-04,2016,2016-02-04,-1,240,SCORED
64033,64032,2016-02-05,2016,2016-02-05,1,240,SCORED
64088,64087,2016-02-05,2016,2016-02-05,1,240,SCORED
64225,64224,2016-02-05,2016,2016-02-05,-1,240,SCORED
64257,64256,2016-02-15,2016,2016-02-15,-1,240,SCORED
64654,64653,2016-02-16,2016,2016-02-16,1,240,SCORED
64693,64692,2016-02-16,2016,2016-02-16,1,240,SCORED
64763,64762,2016-02-17,2016,2016-02-17,1,240,SCORED
64935,64934,2016-02-17,2016,2016-02-17,1,240,SCORED
64978,64977,2016-02-18,2016,2016-02-18,1,240,SCORED
65025,65024,2016-02-18,2016,2016-02-18,1,240,SCORED
65410,65409,2016-02-19,2016,2016-02-19,1,240,SCORED
65471,65470,2016-02-22,2016,2016-02-22,1,240,SCORED
65647,65646,2016-02-22,2016,2016-02-22,1,240,SCORED
65718,65717,2016-02-23,2016,2016-02-23,1,240,SCORED
65820,65819,2016-02-23,2016,2016-02-23,1,240,SCORED
65889,65888,2016-02-23,2016,2016-02-23,-1,240,SCORED
66178,66177,2016-02-25,2016,2016-02-25,1,240,SCORED
66229,66228,2016-02-25,2016,2016-02-25,1,240,SCORED
66309,66308,2016-02-25,2016,2016-02-25,-1,240,SCORED
66404,66403,2016-02-26,2016,2016-02-26,-1,240,SCORED
66436,66435,2016-02-26,2016,2016-02-26,-1,240,SCORED
66554,66553,2016-02-26,2016,2016-02-26,-1,240,SCORED
66620,66619,2016-02-26,2016,2016-02-26,1,240,SCORED
66665,66664,2016-02-29,2016,2016-02-29,-1,240,SCORED
66686,66685,2016-02-29,2016,2016-02-29,-1,240,SCORED
66775,66774,2016-02-29,2016,2016-02-29,1,240,SCORED
66825,66824,2016-02-29,2016,2016-02-29,-1,240,SCORED
66867,66866,2016-02-29,2016,2016-02-29,-1,240,SCORED
66902,66901,2016-03-01,2016,2016-03-01,1,240,SCORED
66943,66942,2016-03-01,2016,2016-03-01,1,240,SCORED
66978,66977,2016-03-01,2016,2016-03-01,1,240,SCORED
67125,67124,2016-03-02,2016,2016-03-02,1,240,SCORED
67157,67156,2016-03-02,2016,2016-03-02,1,240,SCORED
67197,67196,2016-03-02,2016,2016-03-02,1,240,SCORED
67322,67321,2016-03-02,2016,2016-03-02,1,240,SCORED
67387,67386,2016-03-03,2016,2016-03-03,1,240,SCORED
67415,67414,2016-03-03,2016,2016-03-03,1,240,SCORED
67458,67457,2016-03-03,2016,2016-03-03,1,240,SCORED
67576,67575,2016-03-03,2016,2016-03-03,-1,240,SCORED
67615,67614,2016-03-04,2016,2016-03-04,-1,240,SCORED
67664,67663,2016-03-04,2016,2016-03-04,-1,240,SCORED
67752,67751,2016-03-04,2016,2016-03-04,-1,240,SCORED
68102,68101,2016-03-08,2016,2016-03-08,-1,240,SCORED
68269,68268,2016-03-08,2016,2016-03-08,1,240,SCORED
68303,68302,2016-03-08,2016,2016-03-08,1,240,SCORED
68354,68353,2016-03-09,2016,2016-03-09,-1,240,SCORED
68635,68634,2016-03-10,2016,2016-03-10,-1,240,SCORED
68819,68818,2016-03-11,2016,2016-03-11,-1,240,SCORED
68981,68980,2016-03-11,2016,2016-03-11,1,240,SCORED
69046,69045,2016-03-14,2016,2016-03-14,1,240,SCORED
69203,69202,2016-03-14,2016,2016-03-14,1,240,SCORED
69284,69283,2016-03-15,2016,2016-03-15,1,240,SCORED
69907,69906,2016-03-17,2016,2016-03-17,1,240,SCORED
69984,69983,2016-03-17,2016,2016-03-17,1,240,SCORED
70081,70080,2016-03-18,2016,2016-03-18,1,240,SCORED
70159,70158,2016-03-18,2016,2016-03-18,1,240,SCORED
70296,70295,2016-03-21,2016,2016-03-21,1,240,SCORED
70382,70381,2016-03-21,2016,2016-03-21,1,240,SCORED
70485,70484,2016-03-22,2016,2016-03-22,1,240,SCORED
70573,70572,2016-03-22,2016,2016-03-22,1,240,SCORED
70689,70688,2016-03-22,2016,2016-03-22,1,240,SCORED
70795,70794,2016-03-23,2016,2016-03-23,-1,240,SCORED
70833,70832,2016-03-23,2016,2016-03-23,-1,240,SCORED
70860,70859,2016-03-23,2016,2016-03-23,1,240,SCORED
70928,70927,2016-03-23,2016,2016-03-23,-1,240,SCORED
70972,70971,2016-03-24,2016,2016-03-24,1,240,SCORED
71031,71030,2016-03-24,2016,2016-03-24,-1,240,SCORED
71161,71160,2016-03-24,2016,2016-03-24,1,240,SCORED
71190,71189,2016-03-24,2016,2016-03-24,1,240,SCORED
71216,71215,2016-03-25,2016,2016-03-25,-1,240,SCORED
71242,71241,2016-03-25,2016,2016-03-25,-1,240,SCORED
71353,71352,2016-03-25,2016,2016-03-25,-1,240,SCORED
71413,71412,2016-03-25,2016,2016-03-25,-1,240,SCORED
71485,71484,2016-03-28,2016,2016-03-28,1,240,SCORED
71623,71622,2016-03-28,2016,2016-03-28,-1,240,SCORED
71649,71648,2016-03-28,2016,2016-03-28,-1,240,SCORED
71670,71669,2016-03-28,2016,2016-03-28,-1,240,SCORED
71734,71733,2016-03-29,2016,2016-03-29,-1,240,SCORED
71845,71844,2016-03-29,2016,2016-03-29,-1,240,SCORED
71987,71986,2016-03-30,2016,2016-03-30,1,240,SCORED
72186,72185,2016-03-31,2016,2016-03-31,1,240,SCORED
72257,72256,2016-03-31,2016,2016-03-31,1,240,SCORED
72343,72342,2016-03-31,2016,2016-03-31,1,240,SCORED
72361,72360,2016-03-31,2016,2016-03-31,1,240,SCORED
72385,72384,2016-03-31,2016,2016-03-31,-1,240,SCORED
72415,72414,2016-04-01,2016,2016-04-01,-1,240,SCORED
72439,72438,2016-04-01,2016,2016-04-01,-1,240,SCORED
72462,72461,2016-04-01,2016,2016-04-01,-1,240,SCORED
72494,72493,2016-04-01,2016,2016-04-01,-1,240,SCORED
72557,72556,2016-04-01,2016,2016-04-01,-1,240,SCORED
72727,72726,2016-04-05,2016,2016-04-05,1,240,SCORED
72841,72840,2016-04-05,2016,2016-04-05,1,240,SCORED
72875,72874,2016-04-05,2016,2016-04-05,1,240,SCORED
72903,72902,2016-04-06,2016,2016-04-06,1,240,SCORED
72945,72944,2016-04-06,2016,2016-04-06,1,240,SCORED
73129,73128,2016-04-07,2016,2016-04-07,-1,240,SCORED
73157,73156,2016-04-07,2016,2016-04-07,1,240,SCORED
73200,73199,2016-04-07,2016,2016-04-07,1,240,SCORED
73219,73218,2016-04-07,2016,2016-04-07,1,240,SCORED
73269,73268,2016-04-07,2016,2016-04-07,-1,240,SCORED
73390,73389,2016-04-08,2016,2016-04-08,-1,240,SCORED
73523,73522,2016-04-08,2016,2016-04-08,-1,240,SCORED
73566,73565,2016-04-08,2016,2016-04-08,1,240,SCORED
73824,73823,2016-04-11,2016,2016-04-11,1,240,SCORED
74322,74321,2016-04-14,2016,2016-04-14,1,240,SCORED
74613,74612,2016-04-15,2016,2016-04-15,1,240,SCORED
74782,74781,2016-04-15,2016,2016-04-15,1,240,SCORED
75036,75035,2016-04-18,2016,2016-04-18,-1,240,SCORED
75419,75418,2016-04-20,2016,2016-04-20,-1,240,SCORED
75787,75786,2016-04-22,2016,2016-04-22,-1,240,SCORED
76093,76092,2016-04-25,2016,2016-04-25,-1,240,SCORED
76167,76166,2016-04-25,2016,2016-04-25,-1,240,SCORED
76343,76342,2016-04-26,2016,2016-04-26,1,240,SCORED
76513,76512,2016-04-27,2016,2016-04-27,1,240,SCORED
76633,76632,2016-04-27,2016,2016-04-27,1,240,SCORED
76836,76835,2016-04-28,2016,2016-04-28,1,240,SCORED
76899,76898,2016-04-28,2016,2016-04-28,-1,240,SCORED
77561,77560,2016-05-04,2016,2016-05-04,1,240,SCORED
77697,77696,2016-05-05,2016,2016-05-05,1,240,SCORED
77802,77801,2016-05-05,2016,2016-05-05,1,240,SCORED
77869,77868,2016-05-05,2016,2016-05-05,-1,240,SCORED
77949,77948,2016-05-06,2016,2016-05-06,-1,240,SCORED
78067,78066,2016-05-06,2016,2016-05-06,-1,240,SCORED
78126,78125,2016-05-06,2016,2016-05-06,-1,240,SCORED
78187,78186,2016-05-09,2016,2016-05-09,-1,240,SCORED
78253,78252,2016-05-09,2016,2016-05-09,-1,240,SCORED
78342,78341,2016-05-09,2016,2016-05-09,-1,240,SCORED
78410,78409,2016-05-10,2016,2016-05-10,-1,240,SCORED
78502,78501,2016-05-10,2016,2016-05-10,-1,240,SCORED
78774,78773,2016-05-11,2016,2016-05-11,-1,240,SCORED
78909,78908,2016-05-12,2016,2016-05-12,-1,240,SCORED
79666,79665,2016-05-17,2016,2016-05-17,1,240,SCORED
80015,80014,2016-05-18,2016,2016-05-18,-1,240,SCORED
80106,80105,2016-05-19,2016,2016-05-19,-1,240,SCORED
80287,80286,2016-05-19,2016,2016-05-19,1,240,SCORED
80691,80690,2016-05-23,2016,2016-05-23,1,240,SCORED
80866,80865,2016-05-24,2016,2016-05-24,1,240,SCORED
81235,81234,2016-05-25,2016,2016-05-25,1,240,SCORED
81330,81329,2016-05-26,2016,2016-05-26,-1,240,SCORED
81505,81504,2016-05-26,2016,2016-05-26,-1,240,SCORED
81522,81521,2016-05-27,2016,2016-05-27,-1,240,SCORED
81561,81560,2016-05-27,2016,2016-05-27,-1,240,SCORED
81605,81604,2016-05-27,2016,2016-05-27,-1,240,SCORED
81667,81666,2016-05-27,2016,2016-05-27,1,240,SCORED
81869,81868,2016-05-30,2016,2016-05-30,-1,240,SCORED
82108,82107,2016-05-31,2016,2016-05-31,1,240,SCORED
82257,82256,2016-06-01,2016,2016-06-01,1,240,SCORED
82289,82288,2016-06-01,2016,2016-06-01,1,240,SCORED
82409,82408,2016-06-01,2016,2016-06-01,1,240,SCORED
82612,82611,2016-06-02,2016,2016-06-02,1,240,SCORED
82699,82698,2016-06-02,2016,2016-06-02,1,240,SCORED
82759,82758,2016-06-03,2016,2016-06-03,1,240,SCORED
82944,82943,2016-06-03,2016,2016-06-03,1,240,SCORED
83132,83131,2016-06-06,2016,2016-06-06,1,240,SCORED
83796,83795,2016-06-13,2016,2016-06-13,-1,240,SCORED
83889,83888,2016-06-13,2016,2016-06-13,-1,240,SCORED
83905,83904,2016-06-13,2016,2016-06-13,-1,240,SCORED
83930,83929,2016-06-14,2016,2016-06-14,-1,240,SCORED
83964,83963,2016-06-14,2016,2016-06-14,-1,240,SCORED
84085,84084,2016-06-14,2016,2016-06-14,-1,240,SCORED
84398,84397,2016-06-15,2016,2016-06-15,1,240,SCORED
84474,84473,2016-06-16,2016,2016-06-16,1,240,SCORED
84588,84587,2016-06-16,2016,2016-06-16,1,240,SCORED
84740,84739,2016-06-17,2016,2016-06-17,1,240,SCORED
85290,85289,2016-06-21,2016,2016-06-21,1,240,SCORED
85371,85370,2016-06-22,2016,2016-06-22,-1,240,SCORED
85641,85640,2016-06-23,2016,2016-06-23,1,240,SCORED
85728,85727,2016-06-23,2016,2016-06-23,1,240,SCORED
85996,85995,2016-06-24,2016,2016-06-24,-1,240,SCORED
86054,86053,2016-06-24,2016,2016-06-24,1,240,SCORED
86373,86372,2016-06-28,2016,2016-06-28,1,240,SCORED
86509,86508,2016-06-28,2016,2016-06-28,1,240,SCORED
86591,86590,2016-06-29,2016,2016-06-29,1,240,SCORED
87638,87637,2016-07-05,2016,2016-07-05,1,240,SCORED
87758,87757,2016-07-05,2016,2016-07-05,1,240,SCORED
87976,87975,2016-07-06,2016,2016-07-06,1,240,SCORED
88061,88060,2016-07-07,2016,2016-07-07,1,240,SCORED
88273,88272,2016-07-08,2016,2016-07-08,1,240,SCORED
88482,88481,2016-07-11,2016,2016-07-11,1,240,SCORED
88976,88975,2016-07-13,2016,2016-07-13,-1,240,SCORED
89190,89189,2016-07-13,2016,2016-07-13,1,240,SCORED
89413,89412,2016-07-14,2016,2016-07-14,1,240,SCORED
89560,89559,2016-07-15,2016,2016-07-15,1,240,SCORED
89617,89616,2016-07-15,2016,2016-07-15,1,240,SCORED
89887,89886,2016-07-18,2016,2016-07-18,-1,240,SCORED
90711,90710,2016-07-22,2016,2016-07-22,1,240,SCORED
90797,90796,2016-07-22,2016,2016-07-22,1,240,SCORED
91025,91024,2016-07-25,2016,2016-07-25,-1,240,SCORED
91514,91513,2016-07-27,2016,2016-07-27,-1,240,SCORED
91765,91764,2016-07-28,2016,2016-07-28,-1,240,SCORED
92122,92121,2016-08-01,2016,2016-08-01,-1,240,SCORED
92158,92157,2016-08-01,2016,2016-08-01,-1,240,SCORED
93256,93255,2016-08-05,2016,2016-08-05,1,240,SCORED
93745,93744,2016-08-09,2016,2016-08-09,1,240,SCORED
93818,93817,2016-08-10,2016,2016-08-10,1,240,SCORED
93976,93975,2016-08-10,2016,2016-08-10,1,240,SCORED
95449,95448,2016-08-19,2016,2016-08-19,1,240,SCORED
95826,95825,2016-08-22,2016,2016-08-22,1,240,SCORED
96091,96090,2016-08-23,2016,2016-08-23,-1,240,SCORED
96237,96236,2016-08-24,2016,2016-08-24,-1,240,SCORED
96470,96469,2016-08-25,2016,2016-08-25,-1,240,SCORED
96919,96918,2016-08-29,2016,2016-08-29,1,240,SCORED
97432,97431,2016-08-31,2016,2016-08-31,1,240,SCORED
97551,97550,2016-08-31,2016,2016-08-31,-1,240,SCORED
97866,97865,2016-09-02,2016,2016-09-02,-1,240,SCORED
98196,98195,2016-09-05,2016,2016-09-05,-1,240,SCORED
98820,98819,2016-09-08,2016,2016-09-08,1,240,SCORED
99343,99342,2016-09-12,2016,2016-09-12,-1,240,SCORED
99452,99451,2016-09-12,2016,2016-09-12,-1,240,SCORED
99497,99496,2016-09-12,2016,2016-09-12,-1,240,SCORED
99531,99530,2016-09-13,2016,2016-09-13,-1,240,SCORED
99877,99876,2016-09-14,2016,2016-09-14,-1,240,SCORED
100362,100361,2016-09-20,2016,2016-09-20,1,240,SCORED
101280,101279,2016-09-26,2016,2016-09-26,1,240,SCORED
101780,101779,2016-09-28,2016,2016-09-28,-1,240,SCORED
103518,103517,2016-10-14,2016,2016-10-14,1,240,SCORED
104322,104321,2016-10-20,2016,2016-10-20,1,240,SCORED
104821,104820,2016-10-24,2016,2016-10-24,-1,240,SCORED
105419,105418,2016-10-26,2016,2016-10-26,1,240,SCORED
106082,106081,2016-10-31,2016,2016-10-31,1,240,SCORED
106572,106571,2016-11-02,2016,2016-11-02,-1,240,SCORED
106968,106967,2016-11-04,2016,2016-11-04,1,240,SCORED
107902,107901,2016-11-09,2016,2016-11-09,-1,240,SCORED
108619,108618,2016-11-14,2016,2016-11-14,1,240,SCORED
108827,108826,2016-11-15,2016,2016-11-15,1,240,SCORED
109272,109271,2016-11-17,2016,2016-11-17,1,240,SCORED
110234,110233,2016-11-23,2016,2016-11-23,1,240,SCORED
110823,110822,2016-11-28,2016,2016-11-28,-1,240,SCORED
112103,112102,2016-12-05,2016,2016-12-05,-1,240,SCORED
113489,113488,2016-12-13,2016,2016-12-13,-1,240,SCORED
113768,113767,2016-12-14,2016,2016-12-14,1,240,SCORED
113924,113923,2016-12-15,2016,2016-12-15,1,240,SCORED
114134,114133,2016-12-15,2016,2016-12-15,1,240,SCORED
114340,114339,2016-12-16,2016,2016-12-16,1,240,SCORED
114424,114423,2016-12-19,2016,2016-12-19,1,240,SCORED
115117,115116,2016-12-21,2016,2016-12-21,1,240,SCORED
115281,115280,2016-12-22,2016,2016-12-22,1,240,SCORED
115579,115578,2016-12-23,2016,2016-12-23,1,240,SCORED
115696,115695,2016-12-26,2016,2016-12-26,1,240,SCORED
115890,115889,2016-12-27,2016,2016-12-27,-1,240,SCORED
117833,117832,2017-01-09,2017,2017-01-09,1,240,SCORED
118726,118725,2017-01-13,2017,2017-01-13,-1,240,SCORED
118859,118858,2017-01-13,2017,2017-01-13,-1,240,SCORED
119018,119017,2017-01-16,2017,2017-01-16,-1,240,SCORED
119144,119143,2017-01-16,2017,2017-01-16,-1,240,SCORED
119202,119201,2017-01-17,2017,2017-01-17,-1,240,SCORED
120559,120558,2017-01-24,2017,2017-01-24,1,240,SCORED
121268,121267,2017-02-03,2017,2017-02-03,1,240,SCORED
121785,121784,2017-02-07,2017,2017-02-07,1,240,SCORED
122467,122466,2017-02-10,2017,2017-02-10,1,240,SCORED
123013,123012,2017-02-14,2017,2017-02-14,1,240,SCORED
123157,123156,2017-02-15,2017,2017-02-15,1,240,SCORED
125219,125218,2017-02-28,2017,2017-02-28,1,240,SCORED
125800,125799,2017-03-02,2017,2017-03-02,1,240,SCORED
127022,127021,2017-03-09,2017,2017-03-09,1,240,SCORED
128613,128612,2017-03-20,2017,2017-03-20,1,240,SCORED
129551,129550,2017-03-24,2017,2017-03-24,-1,240,SCORED
130438,130437,2017-03-29,2017,2017-03-29,-1,240,SCORED
130670,130669,2017-03-30,2017,2017-03-30,-1,240,SCORED
131929,131928,2017-04-11,2017,2017-04-11,1,240,SCORED
132960,132959,2017-04-17,2017,2017-04-17,-1,240,SCORED
133096,133095,2017-04-17,2017,2017-04-17,-1,240,SCORED
133165,133164,2017-04-18,2017,2017-04-18,-1,240,SCORED
133459,133458,2017-04-19,2017,2017-04-19,-1,240,SCORED
133511,133510,2017-04-19,2017,2017-04-19,-1,240,SCORED
133646,133645,2017-04-20,2017,2017-04-20,-1,240,SCORED
133912,133911,2017-04-21,2017,2017-04-21,-1,240,SCORED
134167,134166,2017-04-24,2017,2017-04-24,-1,240,SCORED
134303,134302,2017-04-24,2017,2017-04-24,-1,240,SCORED
134335,134334,2017-04-25,2017,2017-04-25,-1,240,SCORED
134476,134475,2017-04-25,2017,2017-04-25,-1,240,SCORED
134862,134861,2017-04-27,2017,2017-04-27,-1,240,SCORED
135736,135735,2017-05-03,2017,2017-05-03,1,240,SCORED
136043,136042,2017-05-05,2017,2017-05-05,1,240,SCORED
136309,136308,2017-05-08,2017,2017-05-08,-1,240,SCORED
136445,136444,2017-05-08,2017,2017-05-08,-1,240,SCORED
136493,136492,2017-05-09,2017,2017-05-09,-1,240,SCORED
136544,136543,2017-05-09,2017,2017-05-09,-1,240,SCORED
136630,136629,2017-05-09,2017,2017-05-09,-1,240,SCORED
137003,137002,2017-05-11,2017,2017-05-11,-1,240,SCORED
137070,137069,2017-05-11,2017,2017-05-11,-1,240,SCORED
137202,137201,2017-05-12,2017,2017-05-12,-1,240,SCORED
137608,137607,2017-05-15,2017,2017-05-15,1,240,SCORED
137737,137736,2017-05-16,2017,2017-05-16,1,240,SCORED
138165,138164,2017-05-18,2017,2017-05-18,1,240,SCORED
138936,138935,2017-05-23,2017,2017-05-23,-1,240,SCORED
139047,139046,2017-05-23,2017,2017-05-23,-1,240,SCORED
139200,139199,2017-05-24,2017,2017-05-24,-1,240,SCORED
140366,140365,2017-06-02,2017,2017-06-02,-1,240,SCORED
141619,141618,2017-06-09,2017,2017-06-09,1,240,SCORED
143481,143480,2017-06-21,2017,2017-06-21,1,240,SCORED
144795,144794,2017-06-28,2017,2017-06-28,-1,240,SCORED
145850,145849,2017-07-05,2017,2017-07-05,1,240,SCORED
146229,146228,2017-07-06,2017,2017-07-06,1,240,SCORED
146701,146700,2017-07-10,2017,2017-07-10,1,240,SCORED
146975,146974,2017-07-11,2017,2017-07-11,1,240,SCORED
147225,147224,2017-07-12,2017,2017-07-12,-1,240,SCORED
147809,147808,2017-07-17,2017,2017-07-17,-1,240,SCORED
148027,148026,2017-07-18,2017,2017-07-18,-1,240,SCORED
148119,148118,2017-07-18,2017,2017-07-18,-1,240,SCORED
149322,149321,2017-07-25,2017,2017-07-25,1,240,SCORED
150061,150060,2017-07-28,2017,2017-07-28,1,240,SCORED
150223,150222,2017-07-31,2017,2017-07-31,1,240,SCORED
150485,150484,2017-08-01,2017,2017-08-01,1,240,SCORED
151841,151840,2017-08-08,2017,2017-08-09,1,240,SCORED
151992,151991,2017-08-09,2017,2017-08-09,1,240,SCORED
152216,152215,2017-08-10,2017,2017-08-10,1,240,SCORED
152398,152397,2017-08-11,2017,2017-08-11,-1,240,SCORED
152522,152521,2017-08-11,2017,2017-08-11,-1,240,SCORED
153538,153537,2017-08-18,2017,2017-08-18,1,240,SCORED
154112,154111,2017-08-22,2017,2017-08-22,1,240,SCORED
155168,155167,2017-08-28,2017,2017-08-28,-1,240,SCORED
157137,157136,2017-09-08,2017,2017-09-08,1,240,SCORED
157983,157982,2017-09-13,2017,2017-09-13,1,240,SCORED
159724,159723,2017-09-22,2017,2017-09-22,-1,240,SCORED
160168,160167,2017-09-26,2017,2017-09-26,-1,240,SCORED
160693,160692,2017-09-28,2017,2017-09-28,-1,240,SCORED
161895,161894,2017-10-12,2017,2017-10-12,1,240,SCORED
163077,163076,2017-10-19,2017,2017-10-19,-1,240,SCORED
164710,164709,2017-10-30,2017,2017-10-30,-1,240,SCORED
165787,165786,2017-11-06,2017,2017-11-06,-1,240,SCORED
166983,166982,2017-11-13,2017,2017-11-13,-1,240,SCORED
167229,167228,2017-11-14,2017,2017-11-14,-1,240,SCORED
167417,167416,2017-11-14,2017,2017-11-14,1,240,SCORED
168260,168259,2017-11-20,2017,2017-11-20,-1,240,SCORED
169526,169525,2017-11-27,2017,2017-11-27,-1,240,SCORED
169650,169649,2017-11-28,2017,2017-11-28,-1,240,SCORED
169958,169957,2017-11-29,2017,2017-11-29,1,240,SCORED
170110,170109,2017-11-30,2017,2017-11-30,1,240,SCORED
170337,170336,2017-12-01,2017,2017-12-01,1,240,SCORED
170606,170605,2017-12-04,2017,2017-12-04,1,240,SCORED
171083,171082,2017-12-06,2017,2017-12-06,-1,240,SCORED
172296,172295,2017-12-13,2017,2017-12-13,1,240,SCORED
173922,173921,2017-12-22,2017,2017-12-22,-1,240,SCORED
174448,174447,2017-12-26,2017,2017-12-26,-1,240,SCORED
174824,174823,2017-12-27,2017,2017-12-27,-1,240,SCORED
176400,176399,2018-01-08,2018,2018-01-08,1,240,SCORED
177932,177931,2018-01-16,2018,2018-01-16,-1,240,SCORED
178058,178057,2018-01-17,2018,2018-01-17,-1,240,SCORED
178357,178356,2018-01-18,2018,2018-01-18,-1,240,SCORED
179733,179732,2018-01-26,2018,2018-01-26,1,240,SCORED
180068,180067,2018-01-29,2018,2018-01-29,1,240,SCORED
180539,180538,2018-01-31,2018,2018-01-31,-1,240,SCORED
180660,180659,2018-02-01,2018,2018-02-01,-1,240,SCORED
180817,180816,2018-02-01,2018,2018-02-01,-1,240,SCORED
180985,180984,2018-02-02,2018,2018-02-02,-1,240,SCORED
181518,181517,2018-02-06,2018,2018-02-06,-1,240,SCORED
181604,181603,2018-02-07,2018,2018-02-07,-1,240,SCORED
181713,181712,2018-02-07,2018,2018-02-07,-1,240,SCORED
182221,182220,2018-02-09,2018,2018-02-09,-1,240,SCORED
182865,182864,2018-02-14,2018,2018-02-14,1,240,SCORED
183456,183455,2018-02-23,2018,2018-02-23,1,240,SCORED
183576,183575,2018-02-26,2018,2018-02-26,1,240,SCORED
183951,183950,2018-02-27,2018,2018-02-27,1,240,SCORED
184184,184183,2018-02-28,2018,2018-02-28,1,240,SCORED
184450,184449,2018-03-01,2018,2018-03-01,1,240,SCORED
184487,184486,2018-03-02,2018,2018-03-02,1,240,SCORED
184531,184530,2018-03-02,2018,2018-03-02,1,240,SCORED
184639,184638,2018-03-02,2018,2018-03-02,1,240,SCORED
185452,185451,2018-03-08,2018,2018-03-08,1,240,SCORED
186088,186087,2018-03-12,2018,2018-03-12,1,240,SCORED
186212,186211,2018-03-13,2018,2018-03-13,1,240,SCORED
186413,186412,2018-03-14,2018,2018-03-14,1,240,SCORED
187698,187697,2018-03-21,2018,2018-03-21,-1,240,SCORED
187788,187787,2018-03-21,2018,2018-03-21,-1,240,SCORED
187847,187846,2018-03-22,2018,2018-03-22,1,240,SCORED
187932,187931,2018-03-22,2018,2018-03-22,1,240,SCORED
188035,188034,2018-03-22,2018,2018-03-22,-1,240,SCORED
188147,188146,2018-03-23,2018,2018-03-23,-1,240,SCORED
188242,188241,2018-03-23,2018,2018-03-23,-1,240,SCORED
188461,188460,2018-03-26,2018,2018-03-26,1,240,SCORED
188778,188777,2018-03-27,2018,2018-03-27,1,240,SCORED
189572,189571,2018-04-02,2018,2018-04-02,1,240,SCORED
189766,189765,2018-04-03,2018,2018-04-03,1,240,SCORED
190412,190411,2018-04-09,2018,2018-04-09,-1,240,SCORED
191694,191693,2018-04-17,2018,2018-04-17,-1,240,SCORED
191858,191857,2018-04-17,2018,2018-04-17,-1,240,SCORED
191925,191924,2018-04-18,2018,2018-04-18,-1,240,SCORED
191976,191975,2018-04-18,2018,2018-04-18,-1,240,SCORED
192439,192438,2018-04-20,2018,2018-04-20,1,240,SCORED
192893,192892,2018-04-24,2018,2018-04-24,-1,240,SCORED
193472,193471,2018-04-26,2018,2018-04-26,1,240,SCORED
194322,194321,2018-05-04,2018,2018-05-04,-1,240,SCORED
194413,194412,2018-05-04,2018,2018-05-04,-1,240,SCORED
194518,194517,2018-05-04,2018,2018-05-04,-1,240,SCORED
195681,195680,2018-05-11,2018,2018-05-11,1,240,SCORED
197772,197771,2018-05-24,2018,2018-05-24,1,240,SCORED
198024,198023,2018-05-25,2018,2018-05-25,1,240,SCORED
198337,198336,2018-05-28,2018,2018-05-28,-1,240,SCORED
198617,198616,2018-05-29,2018,2018-05-29,-1,240,SCORED
198686,198685,2018-05-30,2018,2018-05-30,-1,240,SCORED
198839,198838,2018-05-30,2018,2018-05-30,-1,240,SCORED
198908,198907,2018-05-31,2018,2018-05-31,-1,240,SCORED
199323,199322,2018-06-01,2018,2018-06-01,1,240,SCORED
199351,199350,2018-06-01,2018,2018-06-01,1,240,SCORED
199368,199367,2018-06-04,2018,2018-06-04,-1,240,SCORED
199583,199582,2018-06-04,2018,2018-06-04,-1,240,SCORED
200258,200257,2018-06-07,2018,2018-06-07,1,240,SCORED
200562,200561,2018-06-11,2018,2018-06-11,-1,240,SCORED
200816,200815,2018-06-12,2018,2018-06-12,-1,240,SCORED
201042,201041,2018-06-13,2018,2018-06-13,-1,240,SCORED
201337,201336,2018-06-14,2018,2018-06-14,-1,240,SCORED
201534,201533,2018-06-15,2018,2018-06-15,-1,240,SCORED
201580,201579,2018-06-15,2018,2018-06-15,-1,240,SCORED
201621,201620,2018-06-15,2018,2018-06-15,-1,240,SCORED
201704,201703,2018-06-15,2018,2018-06-15,-1,240,SCORED
201784,201783,2018-06-19,2018,2018-06-19,-1,240,SCORED
201879,201878,2018-06-19,2018,2018-06-19,-1,240,SCORED
202002,202001,2018-06-20,2018,2018-06-20,-1,240,SCORED
202114,202113,2018-06-20,2018,2018-06-20,1,240,SCORED
202377,202376,2018-06-21,2018,2018-06-21,1,240,SCORED
202537,202536,2018-06-22,2018,2018-06-22,-1,240,SCORED
204151,204150,2018-07-02,2018,2018-07-02,1,240,SCORED
204696,204695,2018-07-05,2018,2018-07-05,1,240,SCORED
204724,204723,2018-07-05,2018,2018-07-05,-1,240,SCORED
204793,204792,2018-07-05,2018,2018-07-05,-1,240,SCORED
204824,204823,2018-07-05,2018,2018-07-05,-1,240,SCORED
204848,204847,2018-07-05,2018,2018-07-05,-1,240,SCORED
204903,204902,2018-07-06,2018,2018-07-06,-1,240,SCORED
204939,204938,2018-07-06,2018,2018-07-06,-1,240,SCORED
205021,205020,2018-07-06,2018,2018-07-06,-1,240,SCORED
205122,205121,2018-07-09,2018,2018-07-09,1,240,SCORED
205483,205482,2018-07-10,2018,2018-07-10,1,240,SCORED
205679,205678,2018-07-11,2018,2018-07-11,-1,240,SCORED
206641,206640,2018-07-17,2018,2018-07-17,1,240,SCORED
206854,206853,2018-07-18,2018,2018-07-18,1,240,SCORED
207052,207051,2018-07-19,2018,2018-07-19,1,240,SCORED
207111,207110,2018-07-19,2018,2018-07-19,1,240,SCORED
207375,207374,2018-07-20,2018,2018-07-20,-1,240,SCORED
208100,208099,2018-07-25,2018,2018-07-25,1,240,SCORED
209503,209502,2018-08-02,2018,2018-08-02,-1,240,SCORED
209547,209546,2018-08-02,2018,2018-08-02,-1,240,SCORED
209599,209598,2018-08-02,2018,2018-08-02,-1,240,SCORED
209970,209969,2018-08-06,2018,2018-08-06,-1,240,SCORED
210083,210082,2018-08-06,2018,2018-08-06,-1,240,SCORED
210178,210177,2018-08-07,2018,2018-08-07,-1,240,SCORED
210604,210603,2018-08-08,2018,2018-08-08,1,240,SCORED
210888,210887,2018-08-10,2018,2018-08-10,1,240,SCORED
211057,211056,2018-08-10,2018,2018-08-10,1,240,SCORED
211415,211414,2018-08-14,2018,2018-08-14,1,240,SCORED
211535,211534,2018-08-14,2018,2018-08-14,1,240,SCORED
211890,211889,2018-08-16,2018,2018-08-16,-1,240,SCORED
212277,212276,2018-08-17,2018,2018-08-17,-1,240,SCORED
212339,212338,2018-08-20,2018,2018-08-20,-1,240,SCORED
212465,212464,2018-08-20,2018,2018-08-20,-1,240,SCORED
212836,212835,2018-08-22,2018,2018-08-22,1,240,SCORED
213874,213873,2018-08-28,2018,2018-08-28,1,240,SCORED
214647,214646,2018-08-31,2018,2018-08-31,-1,240,SCORED
214831,214830,2018-09-03,2018,2018-09-03,-1,240,SCORED
214993,214992,2018-09-04,2018,2018-09-04,-1,240,SCORED
215216,215215,2018-09-05,2018,2018-09-05,1,240,SCORED
215460,215459,2018-09-06,2018,2018-09-06,-1,240,SCORED
215667,215666,2018-09-06,2018,2018-09-06,-1,240,SCORED
215748,215747,2018-09-07,2018,2018-09-07,-1,240,SCORED
215807,215806,2018-09-07,2018,2018-09-07,1,240,SCORED
215925,215924,2018-09-10,2018,2018-09-10,-1,240,SCORED
215962,215961,2018-09-10,2018,2018-09-10,-1,240,SCORED
216036,216035,2018-09-10,2018,2018-09-10,-1,240,SCORED
216187,216186,2018-09-11,2018,2018-09-11,-1,240,SCORED
216295,216294,2018-09-11,2018,2018-09-11,-1,240,SCORED
217151,217150,2018-09-17,2018,2018-09-17,-1,240,SCORED
217204,217203,2018-09-17,2018,2018-09-17,-1,240,SCORED
217353,217352,2018-09-17,2018,2018-09-17,-1,240,SCORED
217860,217859,2018-09-20,2018,2018-09-20,1,240,SCORED
218331,218330,2018-09-25,2018,2018-09-25,1,240,SCORED
218868,218867,2018-09-27,2018,2018-09-27,1,240,SCORED
219003,219002,2018-09-27,2018,2018-09-27,1,240,SCORED
219310,219309,2018-10-08,2018,2018-10-08,-1,240,SCORED
219536,219535,2018-10-09,2018,2018-10-09,-1,240,SCORED
219680,219679,2018-10-09,2018,2018-10-09,-1,240,SCORED
219771,219770,2018-10-10,2018,2018-10-10,-1,240,SCORED
219809,219808,2018-10-10,2018,2018-10-10,-1,240,SCORED
219858,219857,2018-10-10,2018,2018-10-10,1,240,SCORED
220030,220029,2018-10-11,2018,2018-10-11,-1,240,SCORED
220066,220065,2018-10-11,2018,2018-10-11,-1,240,SCORED
220177,220176,2018-10-11,2018,2018-10-11,-1,240,SCORED
220259,220258,2018-10-12,2018,2018-10-12,-1,240,SCORED
220300,220299,2018-10-12,2018,2018-10-12,-1,240,SCORED
220398,220397,2018-10-12,2018,2018-10-12,-1,240,SCORED
220482,220481,2018-10-15,2018,2018-10-15,1,240,SCORED
220509,220508,2018-10-15,2018,2018-10-15,1,240,SCORED
220633,220632,2018-10-15,2018,2018-10-15,1,240,SCORED
220768,220767,2018-10-16,2018,2018-10-16,-1,240,SCORED
220839,220838,2018-10-16,2018,2018-10-16,-1,240,SCORED
220878,220877,2018-10-16,2018,2018-10-16,-1,240,SCORED
220933,220932,2018-10-16,2018,2018-10-16,-1,240,SCORED
220964,220963,2018-10-17,2018,2018-10-17,-1,240,SCORED
221138,221137,2018-10-17,2018,2018-10-17,-1,240,SCORED
221243,221242,2018-10-18,2018,2018-10-18,-1,240,SCORED
221457,221456,2018-10-19,2018,2018-10-19,-1,240,SCORED
221660,221659,2018-10-19,2018,2018-10-19,1,240,SCORED
221749,221748,2018-10-22,2018,2018-10-22,1,240,SCORED
221918,221917,2018-10-22,2018,2018-10-22,1,240,SCORED
223123,223122,2018-10-30,2018,2018-10-30,-1,240,SCORED
223234,223233,2018-10-30,2018,2018-10-30,-1,240,SCORED
223292,223291,2018-10-30,2018,2018-10-30,-1,240,SCORED
223704,223703,2018-11-01,2018,2018-11-01,1,240,SCORED
223857,223856,2018-11-02,2018,2018-11-02,1,240,SCORED
223962,223961,2018-11-02,2018,2018-11-02,1,240,SCORED
224232,224231,2018-11-05,2018,2018-11-05,1,240,SCORED
224642,224641,2018-11-07,2018,2018-11-07,1,240,SCORED
224747,224746,2018-11-07,2018,2018-11-07,1,240,SCORED
224812,224811,2018-11-08,2018,2018-11-08,-1,240,SCORED
224876,224875,2018-11-08,2018,2018-11-08,-1,240,SCORED
224940,224939,2018-11-08,2018,2018-11-08,-1,240,SCORED
225137,225136,2018-11-09,2018,2018-11-09,-1,240,SCORED
225524,225523,2018-11-13,2018,2018-11-13,1,240,SCORED
225629,225628,2018-11-13,2018,2018-11-13,1,240,SCORED
225765,225764,2018-11-14,2018,2018-11-14,1,240,SCORED
225977,225976,2018-11-14,2018,2018-11-14,1,240,SCORED
226272,226271,2018-11-16,2018,2018-11-16,1,240,SCORED
226408,226407,2018-11-16,2018,2018-11-16,1,240,SCORED
226484,226483,2018-11-19,2018,2018-11-19,1,240,SCORED
226992,226991,2018-11-21,2018,2018-11-21,-1,240,SCORED
227515,227514,2018-11-23,2018,2018-11-23,-1,240,SCORED
227660,227659,2018-11-23,2018,2018-11-23,-1,240,SCORED
227721,227720,2018-11-26,2018,2018-11-26,-1,240,SCORED
227829,227828,2018-11-26,2018,2018-11-26,-1,240,SCORED
228041,228040,2018-11-27,2018,2018-11-27,1,240,SCORED
228219,228218,2018-11-28,2018,2018-11-28,-1,240,SCORED
228499,228498,2018-11-29,2018,2018-11-29,1,240,SCORED
228662,228661,2018-11-30,2018,2018-11-30,1,240,SCORED
228758,228757,2018-11-30,2018,2018-11-30,-1,240,SCORED
228905,228904,2018-12-03,2018,2018-12-03,1,240,SCORED
229128,229127,2018-12-04,2018,2018-12-04,1,240,SCORED
229186,229185,2018-12-04,2018,2018-12-04,1,240,SCORED
229310,229309,2018-12-04,2018,2018-12-04,1,240,SCORED
229490,229489,2018-12-05,2018,2018-12-05,-1,240,SCORED
229833,229832,2018-12-06,2018,2018-12-06,-1,240,SCORED
229903,229902,2018-12-07,2018,2018-12-07,-1,240,SCORED
230008,230007,2018-12-07,2018,2018-12-07,-1,240,SCORED
230091,230090,2018-12-10,2018,2018-12-10,-1,240,SCORED
230122,230121,2018-12-10,2018,2018-12-10,-1,240,SCORED
230186,230185,2018-12-10,2018,2018-12-10,-1,240,SCORED
230303,230302,2018-12-10,2018,2018-12-10,-1,240,SCORED
231392,231391,2018-12-17,2018,2018-12-17,-1,240,SCORED
231763,231762,2018-12-19,2018,2018-12-19,-1,240,SCORED
231907,231906,2018-12-19,2018,2018-12-19,-1,240,SCORED
232010,232009,2018-12-20,2018,2018-12-20,-1,240,SCORED
232069,232068,2018-12-20,2018,2018-12-20,-1,240,SCORED
232242,232241,2018-12-21,2018,2018-12-21,-1,240,SCORED
232548,232547,2018-12-24,2018,2018-12-24,-1,240,SCORED
232645,232644,2018-12-24,2018,2018-12-24,-1,240,SCORED
232966,232965,2018-12-26,2018,2018-12-26,-1,240,SCORED
233514,233513,2018-12-28,2018,2018-12-28,-1,240,SCORED
233961,233960,2019-01-03,2019,2019-01-03,-1,240,SCORED
234115,234114,2019-01-03,2019,2019-01-03,-1,240,SCORED
234193,234192,2019-01-04,2019,2019-01-04,-1,240,SCORED
235131,235130,2019-01-10,2019,2019-01-10,1,240,SCORED
236254,236253,2019-01-16,2019,2019-01-16,1,240,SCORED
237488,237487,2019-01-23,2019,2019-01-23,1,240,SCORED
237575,237574,2019-01-24,2019,2019-01-24,1,240,SCORED
237779,237778,2019-01-25,2019,2019-01-25,1,240,SCORED
238002,238001,2019-01-28,2019,2019-01-28,1,240,SCORED
238296,238295,2019-01-29,2019,2019-01-29,-1,240,SCORED
238421,238420,2019-01-29,2019,2019-01-29,-1,240,SCORED
238743,238742,2019-01-31,2019,2019-01-31,-1,240,SCORED
238825,238824,2019-01-31,2019,2019-01-31,-1,240,SCORED
239669,239668,2019-02-12,2019,2019-02-12,1,240,SCORED
239796,239795,2019-02-13,2019,2019-02-13,1,240,SCORED
239931,239930,2019-02-14,2019,2019-02-14,1,240,SCORED
239971,239970,2019-02-14,2019,2019-02-14,1,240,SCORED
240067,240066,2019-02-14,2019,2019-02-14,1,240,SCORED
240168,240167,2019-02-15,2019,2019-02-15,1,240,SCORED
240702,240701,2019-02-19,2019,2019-02-19,1,240,SCORED
241331,241330,2019-02-21,2019,2019-02-21,1,240,SCORED
241611,241610,2019-02-25,2019,2019-02-25,1,240,SCORED
241635,241634,2019-02-25,2019,2019-02-25,1,240,SCORED
241692,241691,2019-02-25,2019,2019-02-25,1,240,SCORED
241784,241783,2019-02-25,2019,2019-02-25,1,240,SCORED
241848,241847,2019-02-26,2019,2019-02-26,1,240,SCORED
241864,241863,2019-02-26,2019,2019-02-26,1,240,SCORED
241923,241922,2019-02-26,2019,2019-02-26,1,240,SCORED
242061,242060,2019-02-26,2019,2019-02-26,1,240,SCORED
242330,242329,2019-02-28,2019,2019-02-28,-1,240,SCORED
242822,242821,2019-03-04,2019,2019-03-04,1,240,SCORED
242876,242875,2019-03-04,2019,2019-03-04,1,240,SCORED
242969,242968,2019-03-04,2019,2019-03-04,1,240,SCORED
243162,243161,2019-03-05,2019,2019-03-05,1,240,SCORED
243223,243222,2019-03-05,2019,2019-03-05,1,240,SCORED
243318,243317,2019-03-06,2019,2019-03-06,1,240,SCORED
243423,243422,2019-03-06,2019,2019-03-06,1,240,SCORED
243477,243476,2019-03-06,2019,2019-03-06,1,240,SCORED
243526,243525,2019-03-07,2019,2019-03-07,1,240,SCORED
243599,243598,2019-03-07,2019,2019-03-07,1,240,SCORED
243815,243814,2019-03-08,2019,2019-03-08,-1,240,SCORED
243994,243993,2019-03-08,2019,2019-03-08,-1,240,SCORED
244015,244014,2019-03-11,2019,2019-03-11,1,240,SCORED
244201,244200,2019-03-11,2019,2019-03-11,1,240,SCORED
244276,244275,2019-03-12,2019,2019-03-12,1,240,SCORED
244305,244304,2019-03-12,2019,2019-03-12,1,240,SCORED
244430,244429,2019-03-12,2019,2019-03-12,1,240,SCORED
244777,244776,2019-03-14,2019,2019-03-14,-1,240,SCORED
244805,244804,2019-03-14,2019,2019-03-14,-1,240,SCORED
244989,244988,2019-03-15,2019,2019-03-15,1,240,SCORED
245030,245029,2019-03-15,2019,2019-03-15,1,240,SCORED
245156,245155,2019-03-15,2019,2019-03-15,-1,240,SCORED
245314,245313,2019-03-18,2019,2019-03-18,1,240,SCORED
245456,245455,2019-03-19,2019,2019-03-19,1,240,SCORED
245475,245474,2019-03-19,2019,2019-03-19,1,240,SCORED
245530,245529,2019-03-19,2019,2019-03-19,1,240,SCORED
245956,245955,2019-03-21,2019,2019-03-21,1,240,SCORED
246033,246032,2019-03-21,2019,2019-03-21,1,240,SCORED
246109,246108,2019-03-21,2019,2019-03-21,1,240,SCORED
246220,246219,2019-03-22,2019,2019-03-22,-1,240,SCORED
246338,246337,2019-03-22,2019,2019-03-22,-1,240,SCORED
246529,246528,2019-03-25,2019,2019-03-25,1,240,SCORED
246646,246645,2019-03-26,2019,2019-03-26,-1,240,SCORED
246698,246697,2019-03-26,2019,2019-03-26,-1,240,SCORED
246809,246808,2019-03-26,2019,2019-03-26,-1,240,SCORED
246839,246838,2019-03-26,2019,2019-03-26,-1,240,SCORED
246870,246869,2019-03-26,2019,2019-03-26,-1,240,SCORED
246884,246883,2019-03-27,2019,2019-03-27,-1,240,SCORED
246948,246947,2019-03-27,2019,2019-03-27,-1,240,SCORED
247199,247198,2019-03-28,2019,2019-03-28,1,240,SCORED
247277,247276,2019-03-28,2019,2019-03-28,1,240,SCORED
247315,247314,2019-03-28,2019,2019-03-28,1,240,SCORED
247857,247856,2019-04-02,2019,2019-04-02,1,240,SCORED
247899,247898,2019-04-02,2019,2019-04-02,1,240,SCORED
248035,248034,2019-04-02,2019,2019-04-02,1,240,SCORED
248076,248075,2019-04-02,2019,2019-04-02,1,240,SCORED
248116,248115,2019-04-03,2019,2019-04-03,-1,240,SCORED
248362,248361,2019-04-04,2019,2019-04-04,1,240,SCORED
248538,248537,2019-04-04,2019,2019-04-04,-1,240,SCORED
248582,248581,2019-04-08,2019,2019-04-08,1,240,SCORED
248732,248731,2019-04-08,2019,2019-04-08,-1,240,SCORED
249444,249443,2019-04-11,2019,2019-04-11,-1,240,SCORED
249534,249533,2019-04-12,2019,2019-04-12,-1,240,SCORED
249576,249575,2019-04-12,2019,2019-04-12,-1,240,SCORED
249628,249627,2019-04-12,2019,2019-04-12,-1,240,SCORED
249845,249844,2019-04-15,2019,2019-04-15,1,240,SCORED
250089,250088,2019-04-16,2019,2019-04-16,-1,240,SCORED
250285,250284,2019-04-17,2019,2019-04-17,-1,240,SCORED
250337,250336,2019-04-17,2019,2019-04-17,-1,240,SCORED
250458,250457,2019-04-17,2019,2019-04-17,1,240,SCORED
251097,251096,2019-04-22,2019,2019-04-22,1,240,SCORED
251238,251237,2019-04-23,2019,2019-04-23,-1,240,SCORED
251375,251374,2019-04-23,2019,2019-04-23,-1,240,SCORED
251455,251454,2019-04-24,2019,2019-04-24,-1,240,SCORED
251492,251491,2019-04-24,2019,2019-04-24,-1,240,SCORED
251693,251692,2019-04-25,2019,2019-04-25,1,240,SCORED
251956,251955,2019-04-26,2019,2019-04-26,-1,240,SCORED
252202,252201,2019-04-29,2019,2019-04-29,-1,240,SCORED
252272,252271,2019-04-29,2019,2019-04-29,-1,240,SCORED
252425,252424,2019-04-30,2019,2019-04-30,-1,240,SCORED
252649,252648,2019-05-06,2019,2019-05-06,-1,240,SCORED
252677,252676,2019-05-06,2019,2019-05-06,-1,240,SCORED
252757,252756,2019-05-06,2019,2019-05-06,-1,240,SCORED
252807,252806,2019-05-06,2019,2019-05-06,-1,240,SCORED
252851,252850,2019-05-06,2019,2019-05-06,-1,240,SCORED
253294,253293,2019-05-08,2019,2019-05-08,1,240,SCORED
253746,253745,2019-05-10,2019,2019-05-10,-1,240,SCORED
253848,253847,2019-05-13,2019,2019-05-13,1,240,SCORED
254874,254873,2019-05-17,2019,2019-05-17,1,240,SCORED
255090,255089,2019-05-20,2019,2019-05-20,-1,240,SCORED
256108,256107,2019-05-24,2019,2019-05-24,-1,240,SCORED
256189,256188,2019-05-24,2019,2019-05-24,-1,240,SCORED
256223,256222,2019-05-24,2019,2019-05-24,-1,240,SCORED
256263,256262,2019-05-27,2019,2019-05-27,-1,240,SCORED
256328,256327,2019-05-27,2019,2019-05-27,-1,240,SCORED
256342,256341,2019-05-27,2019,2019-05-27,1,240,SCORED
256561,256560,2019-05-28,2019,2019-05-28,1,240,SCORED
256719,256718,2019-05-28,2019,2019-05-28,1,240,SCORED
257832,257831,2019-06-04,2019,2019-06-04,-1,240,SCORED
257928,257927,2019-06-05,2019,2019-06-05,-1,240,SCORED
258210,258209,2019-06-06,2019,2019-06-06,-1,240,SCORED
258293,258292,2019-06-06,2019,2019-06-06,-1,240,SCORED
258404,258403,2019-06-10,2019,2019-06-10,-1,240,SCORED
258886,258885,2019-06-12,2019,2019-06-12,1,240,SCORED
259038,259037,2019-06-12,2019,2019-06-12,1,240,SCORED
260784,260783,2019-06-21,2019,2019-06-21,1,240,SCORED
260872,260871,2019-06-24,2019,2019-06-24,1,240,SCORED
261282,261281,2019-06-26,2019,2019-06-26,-1,240,SCORED
261415,261414,2019-06-26,2019,2019-06-26,1,240,SCORED
261640,261639,2019-06-27,2019,2019-06-27,1,240,SCORED
262004,262003,2019-07-01,2019,2019-07-01,-1,240,SCORED
262579,262578,2019-07-03,2019,2019-07-03,1,240,SCORED
263340,263339,2019-07-08,2019,2019-07-08,-1,240,SCORED
263694,263693,2019-07-10,2019,2019-07-10,-1,240,SCORED
263797,263796,2019-07-10,2019,2019-07-10,-1,240,SCORED
263976,263975,2019-07-11,2019,2019-07-11,-1,240,SCORED
264118,264117,2019-07-11,2019,2019-07-11,1,240,SCORED
264183,264182,2019-07-12,2019,2019-07-12,1,240,SCORED
264216,264215,2019-07-12,2019,2019-07-12,-1,240,SCORED
265176,265175,2019-07-18,2019,2019-07-18,1,240,SCORED
265661,265660,2019-07-22,2019,2019-07-22,-1,240,SCORED
267004,267003,2019-07-29,2019,2019-07-29,1,240,SCORED
267451,267450,2019-07-31,2019,2019-07-31,1,240,SCORED
267572,267571,2019-08-01,2019,2019-08-01,-1,240,SCORED
267855,267854,2019-08-02,2019,2019-08-02,-1,240,SCORED
268002,268001,2019-08-05,2019,2019-08-05,-1,240,SCORED
268450,268449,2019-08-06,2019,2019-08-06,-1,240,SCORED
270029,270028,2019-08-15,2019,2019-08-15,-1,240,SCORED
270890,270889,2019-08-21,2019,2019-08-21,1,240,SCORED
271379,271378,2019-08-23,2019,2019-08-23,-1,240,SCORED
271427,271426,2019-08-23,2019,2019-08-23,1,240,SCORED
271639,271638,2019-08-26,2019,2019-08-26,-1,240,SCORED
272069,272068,2019-08-27,2019,2019-08-27,1,240,SCORED
273420,273419,2019-09-04,2019,2019-09-04,1,240,SCORED
273762,273761,2019-09-06,2019,2019-09-06,1,240,SCORED
274029,274028,2019-09-09,2019,2019-09-09,1,240,SCORED
274286,274285,2019-09-10,2019,2019-09-10,1,240,SCORED
274362,274361,2019-09-10,2019,2019-09-10,1,240,SCORED
274520,274519,2019-09-11,2019,2019-09-11,1,240,SCORED
275081,275080,2019-09-16,2019,2019-09-16,1,240,SCORED
275198,275197,2019-09-16,2019,2019-09-16,1,240,SCORED
275299,275298,2019-09-17,2019,2019-09-17,1,240,SCORED
275460,275459,2019-09-18,2019,2019-09-18,-1,240,SCORED
275556,275555,2019-09-18,2019,2019-09-18,-1,240,SCORED
275831,275830,2019-09-19,2019,2019-09-19,-1,240,SCORED
276059,276058,2019-09-20,2019,2019-09-20,1,240,SCORED
276378,276377,2019-09-23,2019,2019-09-23,1,240,SCORED
276431,276430,2019-09-24,2019,2019-09-24,-1,240,SCORED
276773,276772,2019-09-25,2019,2019-09-25,-1,240,SCORED
276873,276872,2019-09-25,2019,2019-09-25,-1,240,SCORED
276920,276919,2019-09-26,2019,2019-09-26,-1,240,SCORED
276975,276974,2019-09-26,2019,2019-09-26,-1,240,SCORED
277068,277067,2019-09-26,2019,2019-09-26,-1,240,SCORED
277240,277239,2019-09-27,2019,2019-09-27,-1,240,SCORED
277618,277617,2019-10-08,2019,2019-10-08,-1,240,SCORED
277915,277914,2019-10-09,2019,2019-10-09,-1,240,SCORED
278416,278415,2019-10-11,2019,2019-10-11,1,240,SCORED
278763,278762,2019-10-14,2019,2019-10-14,1,240,SCORED
279908,279907,2019-10-21,2019,2019-10-21,-1,240,SCORED
281465,281464,2019-10-30,2019,2019-10-30,1,240,SCORED
282311,282310,2019-11-04,2019,2019-11-04,-1,240,SCORED
282993,282992,2019-11-07,2019,2019-11-07,-1,240,SCORED
283201,283200,2019-11-08,2019,2019-11-08,-1,240,SCORED
283271,283270,2019-11-08,2019,2019-11-08,-1,240,SCORED
283851,283850,2019-11-13,2019,2019-11-13,-1,240,SCORED
285303,285302,2019-11-21,2019,2019-11-21,1,240,SCORED
285847,285846,2019-11-25,2019,2019-11-25,-1,240,SCORED
287109,287108,2019-12-02,2019,2019-12-02,-1,240,SCORED
287453,287452,2019-12-04,2019,2019-12-04,1,240,SCORED
288034,288033,2019-12-06,2019,2019-12-06,1,240,SCORED
288521,288520,2019-12-10,2019,2019-12-10,1,240,SCORED
288762,288761,2019-12-11,2019,2019-12-11,1,240,SCORED
289717,289716,2019-12-17,2019,2019-12-17,1,240,SCORED
289977,289976,2019-12-18,2019,2019-12-18,1,240,SCORED
290392,290391,2019-12-20,2019,2019-12-20,1,240,SCORED
290617,290616,2019-12-23,2019,2019-12-23,-1,240,SCORED
290722,290721,2019-12-23,2019,2019-12-23,-1,240,SCORED
290819,290818,2019-12-24,2019,2019-12-24,-1,240,SCORED
291266,291265,2019-12-25,2019,2019-12-25,1,240,SCORED
291477,291476,2019-12-26,2019,2019-12-26,1,240,SCORED
292070,292069,2019-12-31,2019,2019-12-31,-1,240,SCORED
292637,292636,2020-01-03,2020,2020-01-03,1,240,SCORED
292727,292726,2020-01-06,2020,2020-01-06,1,240,SCORED
292935,292934,2020-01-06,2020,2020-01-06,1,240,SCORED
293054,293053,2020-01-07,2020,2020-01-07,1,240,SCORED
293214,293213,2020-01-08,2020,2020-01-08,1,240,SCORED
293412,293411,2020-01-08,2020,2020-01-08,1,240,SCORED
293862,293861,2020-01-10,2020,2020-01-10,1,240,SCORED
294410,294409,2020-01-15,2020,2020-01-15,1,240,SCORED
295457,295456,2020-01-21,2020,2020-01-21,1,240,SCORED
295831,295830,2020-01-22,2020,2020-01-22,-1,240,SCORED
296019,296018,2020-01-23,2020,2020-01-23,-1,240,SCORED
296158,296157,2020-02-03,2020,2020-02-03,-1,240,SCORED
296333,296332,2020-02-04,2020,2020-02-04,-1,240,SCORED
296677,296676,2020-02-05,2020,2020-02-05,1,240,SCORED
296957,296956,2020-02-06,2020,2020-02-06,1,240,SCORED
297022,297021,2020-02-06,2020,2020-02-06,1,240,SCORED
297076,297075,2020-02-07,2020,2020-02-07,1,240,SCORED
297166,297165,2020-02-07,2020,2020-02-07,-1,240,SCORED
297258,297257,2020-02-07,2020,2020-02-07,-1,240,SCORED
297290,297289,2020-02-10,2020,2020-02-10,-1,240,SCORED
297412,297411,2020-02-10,2020,2020-02-10,1,240,SCORED
297530,297529,2020-02-11,2020,2020-02-11,1,240,SCORED
297765,297764,2020-02-12,2020,2020-02-12,1,240,SCORED
297855,297854,2020-02-12,2020,2020-02-12,1,240,SCORED
298039,298038,2020-02-13,2020,2020-02-13,1,240,SCORED
298411,298410,2020-02-14,2020,2020-02-14,1,240,SCORED
298816,298815,2020-02-18,2020,2020-02-18,1,240,SCORED
298937,298936,2020-02-18,2020,2020-02-18,1,240,SCORED
298965,298964,2020-02-19,2020,2020-02-19,1,240,SCORED
299004,299003,2020-02-19,2020,2020-02-19,1,240,SCORED
299057,299056,2020-02-19,2020,2020-02-19,1,240,SCORED
299165,299164,2020-02-19,2020,2020-02-19,1,240,SCORED
299620,299619,2020-02-21,2020,2020-02-21,1,240,SCORED
299692,299691,2020-02-24,2020,2020-02-24,1,240,SCORED
299739,299738,2020-02-24,2020,2020-02-24,1,240,SCORED
299852,299851,2020-02-24,2020,2020-02-24,1,240,SCORED
299918,299917,2020-02-24,2020,2020-02-24,1,240,SCORED
299923,299922,2020-02-25,2020,2020-02-25,1,240,SCORED
300072,300071,2020-02-25,2020,2020-02-25,-1,240,SCORED
300114,300113,2020-02-25,2020,2020-02-25,-1,240,SCORED
300164,300163,2020-02-26,2020,2020-02-26,1,240,SCORED
300666,300665,2020-02-28,2020,2020-02-28,-1,240,SCORED
300718,300717,2020-02-28,2020,2020-02-28,-1,240,SCORED
300803,300802,2020-02-28,2020,2020-02-28,-1,240,SCORED
300888,300887,2020-03-02,2020,2020-03-02,-1,240,SCORED
301067,301066,2020-03-02,2020,2020-03-02,1,240,SCORED
301279,301278,2020-03-03,2020,2020-03-03,1,240,SCORED
301626,301625,2020-03-05,2020,2020-03-05,1,240,SCORED
301793,301792,2020-03-05,2020,2020-03-05,1,240,SCORED
301844,301843,2020-03-06,2020,2020-03-06,1,240,SCORED
301879,301878,2020-03-06,2020,2020-03-06,-1,240,SCORED
302091,302090,2020-03-09,2020,2020-03-09,-1,240,SCORED
302127,302126,2020-03-09,2020,2020-03-09,-1,240,SCORED
302204,302203,2020-03-09,2020,2020-03-09,-1,240,SCORED
302277,302276,2020-03-09,2020,2020-03-09,-1,240,SCORED
302326,302325,2020-03-10,2020,2020-03-10,-1,240,SCORED
302348,302347,2020-03-10,2020,2020-03-10,-1,240,SCORED
302508,302507,2020-03-10,2020,2020-03-10,1,240,SCORED
302579,302578,2020-03-11,2020,2020-03-11,1,240,SCORED
302612,302611,2020-03-11,2020,2020-03-11,1,240,SCORED
302662,302661,2020-03-11,2020,2020-03-11,1,240,SCORED
302820,302819,2020-03-12,2020,2020-03-12,-1,240,SCORED
302881,302880,2020-03-12,2020,2020-03-12,-1,240,SCORED
302983,302982,2020-03-12,2020,2020-03-12,-1,240,SCORED
303035,303034,2020-03-12,2020,2020-03-12,-1,240,SCORED
303074,303073,2020-03-13,2020,2020-03-13,-1,240,SCORED
303492,303491,2020-03-16,2020,2020-03-16,-1,240,SCORED
303521,303520,2020-03-16,2020,2020-03-17,-1,240,SCORED
303523,303522,2020-03-17,2020,2020-03-17,-1,240,SCORED
303538,303537,2020-03-17,2020,2020-03-17,-1,240,SCORED
303602,303601,2020-03-17,2020,2020-03-17,-1,240,SCORED
303625,303624,2020-03-17,2020,2020-03-17,-1,240,SCORED
303685,303684,2020-03-17,2020,2020-03-17,1,240,SCORED
303825,303824,2020-03-18,2020,2020-03-18,1,240,SCORED
303978,303977,2020-03-18,2020,2020-03-18,-1,240,SCORED
304011,304010,2020-03-19,2020,2020-03-19,-1,240,SCORED
304031,304030,2020-03-19,2020,2020-03-19,-1,240,SCORED
304077,304076,2020-03-19,2020,2020-03-19,1,240,SCORED
304119,304118,2020-03-19,2020,2020-03-19,-1,240,SCORED
304188,304187,2020-03-19,2020,2020-03-19,1,240,SCORED
304236,304235,2020-03-19,2020,2020-03-19,1,240,SCORED
304255,304254,2020-03-20,2020,2020-03-20,1,240,SCORED
304368,304367,2020-03-20,2020,2020-03-20,-1,240,SCORED
304407,304406,2020-03-20,2020,2020-03-20,-1,240,SCORED
304492,304491,2020-03-23,2020,2020-03-23,-1,240,SCORED
304589,304588,2020-03-23,2020,2020-03-23,-1,240,SCORED
304608,304607,2020-03-23,2020,2020-03-23,-1,240,SCORED
304671,304670,2020-03-23,2020,2020-03-23,1,240,SCORED
304726,304725,2020-03-24,2020,2020-03-24,-1,240,SCORED
304940,304939,2020-03-24,2020,2020-03-24,-1,240,SCORED
305058,305057,2020-03-25,2020,2020-03-25,1,240,SCORED
305206,305205,2020-03-26,2020,2020-03-26,1,240,SCORED
305285,305284,2020-03-26,2020,2020-03-26,-1,240,SCORED
305336,305335,2020-03-26,2020,2020-03-26,1,240,SCORED
305757,305756,2020-03-30,2020,2020-03-30,-1,240,SCORED
305922,305921,2020-03-31,2020,2020-03-31,1,240,SCORED
305979,305978,2020-03-31,2020,2020-03-31,1,240,SCORED
306069,306068,2020-03-31,2020,2020-03-31,1,240,SCORED
306212,306211,2020-04-01,2020,2020-04-01,-1,240,SCORED
306527,306526,2020-04-02,2020,2020-04-02,-1,240,SCORED
306803,306802,2020-04-03,2020,2020-04-03,1,240,SCORED
307018,307017,2020-04-07,2020,2020-04-07,1,240,SCORED
307127,307126,2020-04-08,2020,2020-04-08,1,240,SCORED
307242,307241,2020-04-08,2020,2020-04-08,1,240,SCORED
307285,307284,2020-04-08,2020,2020-04-08,1,240,SCORED
307357,307356,2020-04-08,2020,2020-04-08,1,240,SCORED
307406,307405,2020-04-09,2020,2020-04-09,1,240,SCORED
307642,307641,2020-04-10,2020,2020-04-10,1,240,SCORED
307705,307704,2020-04-10,2020,2020-04-10,1,240,SCORED
307945,307944,2020-04-13,2020,2020-04-13,-1,240,SCORED
309221,309220,2020-04-20,2020,2020-04-20,1,240,SCORED
310216,310215,2020-04-24,2020,2020-04-24,-1,240,SCORED
310425,310424,2020-04-27,2020,2020-04-27,-1,240,SCORED
310559,310558,2020-04-28,2020,2020-04-28,-1,240,SCORED
311204,311203,2020-05-06,2020,2020-05-06,1,240,SCORED
311509,311508,2020-05-07,2020,2020-05-07,1,240,SCORED
311619,311618,2020-05-07,2020,2020-05-07,1,240,SCORED
311772,311771,2020-05-08,2020,2020-05-08,1,240,SCORED
312140,312139,2020-05-11,2020,2020-05-11,1,240,SCORED
312402,312401,2020-05-13,2020,2020-05-13,-1,240,SCORED
312665,312664,2020-05-14,2020,2020-05-14,1,240,SCORED
313148,313147,2020-05-18,2020,2020-05-18,1,240,SCORED
313362,313361,2020-05-19,2020,2020-05-19,1,240,SCORED
313687,313686,2020-05-20,2020,2020-05-20,1,240,SCORED
313908,313907,2020-05-21,2020,2020-05-21,1,240,SCORED
314249,314248,2020-05-22,2020,2020-05-22,-1,240,SCORED
314482,314481,2020-05-25,2020,2020-05-25,-1,240,SCORED
314886,314885,2020-05-27,2020,2020-05-27,1,240,SCORED
316264,316263,2020-06-04,2020,2020-06-04,1,240,SCORED
316972,316971,2020-06-09,2020,2020-06-09,1,240,SCORED
317643,317642,2020-06-11,2020,2020-06-11,1,240,SCORED
317738,317737,2020-06-12,2020,2020-06-12,-1,240,SCORED
318499,318498,2020-06-17,2020,2020-06-17,1,240,SCORED
318746,318745,2020-06-18,2020,2020-06-18,1,240,SCORED
319414,319413,2020-06-23,2020,2020-06-23,1,240,SCORED
319797,319796,2020-06-24,2020,2020-06-24,1,240,SCORED
320304,320303,2020-06-30,2020,2020-06-30,1,240,SCORED
320498,320497,2020-07-01,2020,2020-07-01,1,240,SCORED
320564,320563,2020-07-02,2020,2020-07-02,-1,240,SCORED
321202,321201,2020-07-06,2020,2020-07-06,1,240,SCORED
321299,321298,2020-07-07,2020,2020-07-07,1,240,SCORED
321358,321357,2020-07-07,2020,2020-07-07,1,240,SCORED
321449,321448,2020-07-07,2020,2020-07-07,1,240,SCORED
321496,321495,2020-07-07,2020,2020-07-07,1,240,SCORED
321823,321822,2020-07-09,2020,2020-07-09,1,240,SCORED
321948,321947,2020-07-09,2020,2020-07-09,1,240,SCORED
322080,322079,2020-07-10,2020,2020-07-10,1,240,SCORED
322259,322258,2020-07-13,2020,2020-07-13,1,240,SCORED
322429,322428,2020-07-13,2020,2020-07-13,1,240,SCORED
322457,322456,2020-07-13,2020,2020-07-13,1,240,SCORED
322509,322508,2020-07-14,2020,2020-07-14,1,240,SCORED
322531,322530,2020-07-14,2020,2020-07-14,1,240,SCORED
322903,322902,2020-07-15,2020,2020-07-15,-1,240,SCORED
322985,322984,2020-07-16,2020,2020-07-16,-1,240,SCORED
323032,323031,2020-07-16,2020,2020-07-16,-1,240,SCORED
323135,323134,2020-07-16,2020,2020-07-16,-1,240,SCORED
323173,323172,2020-07-16,2020,2020-07-16,-1,240,SCORED
323192,323191,2020-07-16,2020,2020-07-16,-1,240,SCORED
323220,323219,2020-07-17,2020,2020-07-17,-1,240,SCORED
323308,323307,2020-07-17,2020,2020-07-17,1,240,SCORED
323334,323333,2020-07-17,2020,2020-07-17,-1,240,SCORED
323373,323372,2020-07-17,2020,2020-07-17,-1,240,SCORED
323419,323418,2020-07-17,2020,2020-07-17,-1,240,SCORED
323447,323446,2020-07-20,2020,2020-07-20,1,240,SCORED
323643,323642,2020-07-20,2020,2020-07-20,1,240,SCORED
323789,323788,2020-07-21,2020,2020-07-21,1,240,SCORED
324107,324106,2020-07-22,2020,2020-07-22,1,240,SCORED
324229,324228,2020-07-23,2020,2020-07-23,-1,240,SCORED
324315,324314,2020-07-23,2020,2020-07-23,-1,240,SCORED
324552,324551,2020-07-24,2020,2020-07-24,-1,240,SCORED
324606,324605,2020-07-24,2020,2020-07-24,-1,240,SCORED
324672,324671,2020-07-27,2020,2020-07-27,-1,240,SCORED
324826,324825,2020-07-27,2020,2020-07-27,-1,240,SCORED
324926,324925,2020-07-28,2020,2020-07-28,1,240,SCORED
325066,325065,2020-07-28,2020,2020-07-28,1,240,SCORED
325260,325259,2020-07-29,2020,2020-07-29,1,240,SCORED
325404,325403,2020-07-30,2020,2020-07-30,1,240,SCORED
325744,325743,2020-07-31,2020,2020-07-31,-1,240,SCORED
326142,326141,2020-08-04,2020,2020-08-04,1,240,SCORED
326194,326193,2020-08-04,2020,2020-08-04,1,240,SCORED
326280,326279,2020-08-04,2020,2020-08-04,-1,240,SCORED
326347,326346,2020-08-05,2020,2020-08-05,-1,240,SCORED
326654,326653,2020-08-06,2020,2020-08-06,1,240,SCORED
326746,326745,2020-08-06,2020,2020-08-06,1,240,SCORED
326804,326803,2020-08-07,2020,2020-08-07,1,240,SCORED
326868,326867,2020-08-07,2020,2020-08-07,1,240,SCORED
326905,326904,2020-08-07,2020,2020-08-07,-1,240,SCORED
326948,326947,2020-08-07,2020,2020-08-07,-1,240,SCORED
327027,327026,2020-08-07,2020,2020-08-07,-1,240,SCORED
327067,327066,2020-08-10,2020,2020-08-10,1,240,SCORED
327128,327127,2020-08-10,2020,2020-08-10,1,240,SCORED
327253,327252,2020-08-10,2020,2020-08-10,-1,240,SCORED
327604,327603,2020-08-12,2020,2020-08-12,-1,240,SCORED
327699,327698,2020-08-12,2020,2020-08-12,-1,240,SCORED
327799,327798,2020-08-13,2020,2020-08-13,1,240,SCORED
327886,327885,2020-08-13,2020,2020-08-13,1,240,SCORED
327972,327971,2020-08-13,2020,2020-08-13,1,240,SCORED
328008,328007,2020-08-14,2020,2020-08-14,1,240,SCORED
328032,328031,2020-08-14,2020,2020-08-14,-1,240,SCORED
328756,328755,2020-08-19,2020,2020-08-19,1,240,SCORED
329982,329981,2020-08-26,2020,2020-08-26,1,240,SCORED
330185,330184,2020-08-27,2020,2020-08-27,-1,240,SCORED
330916,330915,2020-09-01,2020,2020-09-01,1,240,SCORED
332111,332110,2020-09-08,2020,2020-09-08,-1,240,SCORED
332326,332325,2020-09-09,2020,2020-09-09,1,240,SCORED
332347,332346,2020-09-09,2020,2020-09-09,1,240,SCORED
332472,332471,2020-09-09,2020,2020-09-09,-1,240,SCORED
332567,332566,2020-09-10,2020,2020-09-10,-1,240,SCORED
332661,332660,2020-09-10,2020,2020-09-10,-1,240,SCORED
332720,332719,2020-09-10,2020,2020-09-10,-1,240,SCORED
332766,332765,2020-09-10,2020,2020-09-10,-1,240,SCORED
332798,332797,2020-09-10,2020,2020-09-10,-1,240,SCORED
332811,332810,2020-09-11,2020,2020-09-11,-1,240,SCORED
332873,332872,2020-09-11,2020,2020-09-11,-1,240,SCORED
333096,333095,2020-09-14,2020,2020-09-14,1,240,SCORED
333150,333149,2020-09-14,2020,2020-09-14,1,240,SCORED
333472,333471,2020-09-15,2020,2020-09-15,1,240,SCORED
333583,333582,2020-09-16,2020,2020-09-16,1,240,SCORED
333733,333732,2020-09-16,2020,2020-09-16,1,240,SCORED
333847,333846,2020-09-17,2020,2020-09-17,-1,240,SCORED
334009,334008,2020-09-18,2020,2020-09-18,1,240,SCORED
334369,334368,2020-09-21,2020,2020-09-21,1,240,SCORED
334735,334734,2020-09-23,2020,2020-09-23,-1,240,SCORED
335075,335074,2020-09-24,2020,2020-09-24,-1,240,SCORED
335118,335117,2020-09-24,2020,2020-09-24,-1,240,SCORED
335161,335160,2020-09-24,2020,2020-09-24,-1,240,SCORED
335208,335207,2020-09-25,2020,2020-09-25,-1,240,SCORED
335265,335264,2020-09-25,2020,2020-09-25,-1,240,SCORED
335345,335344,2020-09-25,2020,2020-09-25,-1,240,SCORED
335400,335399,2020-09-25,2020,2020-09-25,-1,240,SCORED
335446,335445,2020-09-28,2020,2020-09-28,-1,240,SCORED
335549,335548,2020-09-28,2020,2020-09-28,-1,240,SCORED
335607,335606,2020-09-28,2020,2020-09-28,-1,240,SCORED
336126,336125,2020-09-30,2020,2020-09-30,1,240,SCORED
336616,336615,2020-10-12,2020,2020-10-12,1,240,SCORED
336686,336685,2020-10-13,2020,2020-10-13,1,240,SCORED
337160,337159,2020-10-15,2020,2020-10-15,1,240,SCORED
338504,338503,2020-10-22,2020,2020-10-22,-1,240,SCORED
338783,338782,2020-10-23,2020,2020-10-23,-1,240,SCORED
338809,338808,2020-10-26,2020,2020-10-26,-1,240,SCORED
338919,338918,2020-10-26,2020,2020-10-26,-1,240,SCORED
340035,340034,2020-11-02,2020,2020-11-02,-1,240,SCORED
340084,340083,2020-11-02,2020,2020-11-02,-1,240,SCORED
340152,340151,2020-11-02,2020,2020-11-02,-1,240,SCORED
340567,340566,2020-11-04,2020,2020-11-04,1,240,SCORED
340829,340828,2020-11-05,2020,2020-11-05,1,240,SCORED
341048,341047,2020-11-06,2020,2020-11-06,1,240,SCORED
341441,341440,2020-11-09,2020,2020-11-10,1,240,SCORED
342286,342285,2020-11-13,2020,2020-11-13,-1,240,SCORED
342422,342421,2020-11-16,2020,2020-11-16,1,240,SCORED
342639,342638,2020-11-16,2020,2020-11-16,1,240,SCORED
342804,342803,2020-11-17,2020,2020-11-17,1,240,SCORED
342869,342868,2020-11-17,2020,2020-11-17,1,240,SCORED
342911,342910,2020-11-18,2020,2020-11-18,-1,240,SCORED
343169,343168,2020-11-19,2020,2020-11-19,-1,240,SCORED
343422,343421,2020-11-20,2020,2020-11-20,-1,240,SCORED
343912,343911,2020-11-24,2020,2020-11-24,1,240,SCORED
344089,344088,2020-11-25,2020,2020-11-25,1,240,SCORED
344522,344521,2020-11-26,2020,2020-11-26,-1,240,SCORED
344803,344802,2020-11-30,2020,2020-11-30,-1,240,SCORED
344897,344896,2020-11-30,2020,2020-11-30,1,240,SCORED
345049,345048,2020-12-01,2020,2020-12-01,1,240,SCORED
345356,345355,2020-12-02,2020,2020-12-02,1,240,SCORED
345574,345573,2020-12-03,2020,2020-12-03,1,240,SCORED
346142,346141,2020-12-07,2020,2020-12-07,1,240,SCORED
346894,346893,2020-12-10,2020,2020-12-10,-1,240,SCORED
347102,347101,2020-12-11,2020,2020-12-11,-1,240,SCORED
347204,347203,2020-12-14,2020,2020-12-14,-1,240,SCORED
348700,348699,2020-12-22,2020,2020-12-22,1,240,SCORED
348883,348882,2020-12-23,2020,2020-12-23,1,240,SCORED
348929,348928,2020-12-23,2020,2020-12-23,1,240,SCORED
349034,349033,2020-12-23,2020,2020-12-23,-1,240,SCORED
349197,349196,2020-12-24,2020,2020-12-24,-1,240,SCORED
349280,349279,2020-12-24,2020,2020-12-24,-1,240,SCORED
349385,349384,2020-12-25,2020,2020-12-25,-1,240,SCORED
